# DiskM2WF: 19 donation (DonationWF scale) + 19 donation (lam=1) + 16x8 disk grid + 17x17 square + 512-point sunflower (BinM2Ev ca6)
#   gid   ic                       cR                       cS                       cT                    u                    v tag
     1    1   9.4999999999999996e-01  -5.0000000000000003e-02   1.0000000000000000e+00  -5.263157894737e-02   5.263157894737e-02 DONwf3_c0.05
     2    2   9.0000000000000002e-01  -1.0000000000000001e-01   1.0000000000000000e+00  -1.111111111111e-01   1.111111111111e-01 DONwf3_c0.10
     3    3   8.4999999999999998e-01  -1.4999999999999999e-01   1.0000000000000000e+00  -1.764705882353e-01   1.764705882353e-01 DONwf3_c0.15
     4    4   8.0000000000000004e-01  -2.0000000000000001e-01   1.0000000000000000e+00  -2.500000000000e-01   2.500000000000e-01 DONwf3_c0.20
     5    5   7.5000000000000000e-01  -2.5000000000000000e-01   1.0000000000000000e+00  -3.333333333333e-01   3.333333333333e-01 DONwf3_c0.25
     6    6   6.9999999999999996e-01  -2.9999999999999999e-01   1.0000000000000000e+00  -4.285714285714e-01   4.285714285714e-01 DONwf3_c0.30
     7    7   6.5000000000000002e-01  -3.4999999999999998e-01   1.0000000000000000e+00  -5.384615384615e-01   5.384615384615e-01 DONwf3_c0.35
     8    8   5.9999999999999998e-01  -4.0000000000000002e-01   1.0000000000000000e+00  -6.666666666667e-01   6.666666666667e-01 DONwf3_c0.40
     9    9   5.5000000000000004e-01  -4.5000000000000001e-01   1.0000000000000000e+00  -8.181818181818e-01   8.181818181818e-01 DONwf3_c0.45
    10   10   5.0000000000000000e-01  -5.0000000000000000e-01   1.0000000000000000e+00  -1.000000000000e+00   1.000000000000e+00 DONwf3_c0.50
    11   11   4.4999999999999996e-01  -5.5000000000000004e-01   1.0000000000000000e+00  -1.222222222222e+00   1.222222222222e+00 DONwf3_c0.55
    12   12   4.0000000000000002e-01  -5.9999999999999998e-01   1.0000000000000000e+00  -1.500000000000e+00   1.500000000000e+00 DONwf3_c0.60
    13   13   3.4999999999999998e-01  -6.5000000000000002e-01   1.0000000000000000e+00  -1.857142857143e+00   1.857142857143e+00 DONwf3_c0.65
    14   14   3.0000000000000004e-01  -6.9999999999999996e-01   1.0000000000000000e+00  -2.333333333333e+00   2.333333333333e+00 DONwf3_c0.70
    15   15   2.5000000000000000e-01  -7.5000000000000000e-01   1.0000000000000000e+00  -3.000000000000e+00   3.000000000000e+00 DONwf3_c0.75
    16   16   1.9999999999999996e-01  -8.0000000000000004e-01   1.0000000000000000e+00  -4.000000000000e+00   4.000000000000e+00 DONwf3_c0.80
    17   17   1.5000000000000002e-01  -8.4999999999999998e-01   1.0000000000000000e+00  -5.666666666667e+00   5.666666666667e+00 DONwf3_c0.85
    18   18   9.9999999999999978e-02  -9.0000000000000002e-01   1.0000000000000000e+00  -9.000000000000e+00   9.000000000000e+00 DONwf3_c0.90
    19   19   5.0000000000000044e-02  -9.4999999999999996e-01   1.0000000000000000e+00  -1.900000000000e+01   1.900000000000e+01 DONwf3_c0.95
   101    0   1.0000000000000000e+00  -5.2631578947368425e-02   1.0526315789473684e+00  -5.263157894737e-02   5.263157894737e-02 DONlam1_c0.05
   102    0   1.0000000000000000e+00  -1.1111111111111112e-01   1.1111111111111112e+00  -1.111111111111e-01   1.111111111111e-01 DONlam1_c0.10
   103    0   1.0000000000000000e+00  -1.7647058823529413e-01   1.1764705882352942e+00  -1.764705882353e-01   1.764705882353e-01 DONlam1_c0.15
   104    0   1.0000000000000000e+00  -2.5000000000000000e-01   1.2500000000000000e+00  -2.500000000000e-01   2.500000000000e-01 DONlam1_c0.20
   105    0   1.0000000000000000e+00  -3.3333333333333331e-01   1.3333333333333333e+00  -3.333333333333e-01   3.333333333333e-01 DONlam1_c0.25
   106    0   1.0000000000000000e+00  -4.2857142857142860e-01   1.4285714285714286e+00  -4.285714285714e-01   4.285714285714e-01 DONlam1_c0.30
   107    0   1.0000000000000000e+00  -5.3846153846153844e-01   1.5384615384615383e+00  -5.384615384615e-01   5.384615384615e-01 DONlam1_c0.35
   108    0   1.0000000000000000e+00  -6.6666666666666674e-01   1.6666666666666667e+00  -6.666666666667e-01   6.666666666667e-01 DONlam1_c0.40
   109    0   1.0000000000000000e+00  -8.1818181818181812e-01   1.8181818181818181e+00  -8.181818181818e-01   8.181818181818e-01 DONlam1_c0.45
   110    0   1.0000000000000000e+00  -1.0000000000000000e+00   2.0000000000000000e+00  -1.000000000000e+00   1.000000000000e+00 DONlam1_c0.50
   111    0   1.0000000000000000e+00  -1.2222222222222225e+00   2.2222222222222223e+00  -1.222222222222e+00   1.222222222222e+00 DONlam1_c0.55
   112    0   1.0000000000000000e+00  -1.4999999999999998e+00   2.5000000000000000e+00  -1.500000000000e+00   1.500000000000e+00 DONlam1_c0.60
   113    0   1.0000000000000000e+00  -1.8571428571428574e+00   2.8571428571428577e+00  -1.857142857143e+00   1.857142857143e+00 DONlam1_c0.65
   114    0   1.0000000000000000e+00  -2.3333333333333330e+00   3.3333333333333330e+00  -2.333333333333e+00   2.333333333333e+00 DONlam1_c0.70
   115    0   1.0000000000000000e+00  -3.0000000000000000e+00   4.0000000000000000e+00  -3.000000000000e+00   3.000000000000e+00 DONlam1_c0.75
   116    0   1.0000000000000000e+00  -4.0000000000000009e+00   5.0000000000000009e+00  -4.000000000000e+00   4.000000000000e+00 DONlam1_c0.80
   117    0   1.0000000000000000e+00  -5.6666666666666661e+00   6.6666666666666661e+00  -5.666666666667e+00   5.666666666667e+00 DONlam1_c0.85
   118    0   1.0000000000000000e+00  -9.0000000000000018e+00   1.0000000000000002e+01  -9.000000000000e+00   9.000000000000e+00 DONlam1_c0.90
   119    0   1.0000000000000000e+00  -1.8999999999999982e+01   1.9999999999999982e+01  -1.900000000000e+01   1.900000000000e+01 DONlam1_c0.95
   201    0   1.0000000000000000e+00   1.0327955589886444e+00   1.0000000000000000e+00   1.032795558989e+00   0.000000000000e+00 D_a00_r1_BD
   202    0   1.0000000000000000e+00   1.9215378456610457e+00   1.0000000000000000e+00   1.921537845661e+00   0.000000000000e+00 D_a00_r2_BD
   203    0   1.0000000000000000e+00   2.6967994498529686e+00   1.0000000000000000e+00   2.696799449853e+00   0.000000000000e+00 D_a00_r3_BD
   204    0   1.0000000000000000e+00   3.5276684147527875e+00   1.0000000000000000e+00   3.527668414753e+00   0.000000000000e+00 D_a00_r4_BD
   205    0   1.0000000000000000e+00   4.5355736761107259e+00   1.0000000000000000e+00   4.535573676111e+00   0.000000000000e+00 D_a00_r5_BD
   206    0   1.0000000000000000e+00   5.9329587896765306e+00   1.0000000000000000e+00   5.932958789677e+00   0.000000000000e+00 D_a00_r6_BD
   207    0   1.0000000000000000e+00   8.3266639978645287e+00   1.0000000000000000e+00   8.326663997865e+00   0.000000000000e+00 D_a00_r7_BD
   208    0   1.0000000000000000e+00   1.5491933384829682e+01   1.0000000000000000e+00   1.549193338483e+01   0.000000000000e+00 D_a00_r8_BD
   209    0   1.0000000000000000e+00   9.5417867821816182e-01   1.3952337494451961e+00   9.541786782182e-01   3.952337494452e-01 D_a01_r1_SD
   210    0   1.0000000000000000e+00   1.7752694865520717e+00   1.7353406981969890e+00   1.775269486552e+00   7.353406981970e-01 D_a01_r2_SD
   211    0   1.0000000000000000e+00   2.4915178150068558e+00   2.0320204698700195e+00   2.491517815007e+00   1.032020469870e+00 D_a01_r3_SD
   212    0   1.0000000000000000e+00   3.2591406458766370e+00   2.3499802572035118e+00   3.259140645877e+00   1.349980257204e+00 D_a01_r4_SD
   213    0   1.0000000000000000e+00   4.1903236875556757e+00   2.7356889021188007e+00   4.190323687556e+00   1.735688902119e+00 D_a01_r5_SD
   214    0   1.0000000000000000e+00   5.4813391930150832e+00   3.2704450337140436e+00   5.481339193015e+00   2.270445033714e+00 D_a01_r6_SD
   215    0   1.0000000000000000e+00   7.6928344417256422e+00   4.1864763588536178e+00   7.692834441726e+00   3.186476358854e+00 D_a01_r7_SD
   216    0   1.0000000000000000e+00   1.4312680173272430e+01   6.9285062416779404e+00   1.431268017327e+01   5.928506241678e+00 D_a01_r8_SD
   217    0   1.0000000000000000e+00   7.3029674334022143e-01   1.7302967433402214e+00   7.302967433402e-01   7.302967433402e-01 D_a02_r1_SD
   218    0   1.0000000000000000e+00   1.3587324409735151e+00   2.3587324409735149e+00   1.358732440974e+00   1.358732440974e+00 D_a02_r2_SD
   219    0   1.0000000000000000e+00   1.9069251784911847e+00   2.9069251784911847e+00   1.906925178491e+00   1.906925178491e+00 D_a02_r3_SD
   220    0   1.0000000000000000e+00   2.4944382578492945e+00   3.4944382578492941e+00   2.494438257849e+00   2.494438257849e+00 D_a02_r4_SD
   221    0   1.0000000000000000e+00   3.2071349029490928e+00   4.2071349029490914e+00   3.207134902949e+00   3.207134902949e+00 D_a02_r5_SD
   222    0   1.0000000000000000e+00   4.1952353926806056e+00   5.1952353926806047e+00   4.195235392681e+00   4.195235392681e+00 D_a02_r6_SD
   223    0   1.0000000000000000e+00   5.8878405775518994e+00   6.8878405775518985e+00   5.887840577552e+00   5.887840577552e+00 D_a02_r7_SD
   224    0   1.0000000000000000e+00   1.0954451150103344e+01   1.1954451150103342e+01   1.095445115010e+01   1.095445115010e+01 D_a02_r8_SD
   225    0   1.0000000000000000e+00   3.9523374944519607e-01   1.9541786782181618e+00   3.952337494452e-01   9.541786782182e-01 D_a03_r1_SD
   226    0   1.0000000000000000e+00   7.3534069819698922e-01   2.7752694865520717e+00   7.353406981970e-01   1.775269486552e+00 D_a03_r2_SD
   227    0   1.0000000000000000e+00   1.0320204698700199e+00   3.4915178150068558e+00   1.032020469870e+00   2.491517815007e+00 D_a03_r3_SD
   228    0   1.0000000000000000e+00   1.3499802572035122e+00   4.2591406458766370e+00   1.349980257204e+00   3.259140645877e+00 D_a03_r4_SD
   229    0   1.0000000000000000e+00   1.7356889021188011e+00   5.1903236875556757e+00   1.735688902119e+00   4.190323687556e+00 D_a03_r5_SD
   230    0   1.0000000000000000e+00   2.2704450337140440e+00   6.4813391930150832e+00   2.270445033714e+00   5.481339193015e+00 D_a03_r6_SD
   231    0   1.0000000000000000e+00   3.1864763588536187e+00   8.6928344417256422e+00   3.186476358854e+00   7.692834441726e+00 D_a03_r7_SD
   232    0   1.0000000000000000e+00   5.9285062416779413e+00   1.5312680173272430e+01   5.928506241678e+00   1.431268017327e+01 D_a03_r8_SD
   233    0   1.0000000000000000e+00   6.3240488774452239e-17   2.0327955589886444e+00   6.324048877445e-17   1.032795558989e+00 D_a04_r1_SD
   234    0   1.0000000000000000e+00   1.1766025860646501e-16   2.9215378456610459e+00   1.176602586065e-16   1.921537845661e+00 D_a04_r2_SD
   235    0   1.0000000000000000e+00   1.6513134071023905e-16   3.6967994498529686e+00   1.651313407102e-16   2.696799449853e+00 D_a04_r3_SD
   236    0   1.0000000000000000e+00   2.1600739162901094e-16   4.5276684147527870e+00   2.160073916290e-16   3.527668414753e+00 D_a04_r4_SD
   237    0   1.0000000000000000e+00   2.7772378923729976e-16   5.5355736761107259e+00   2.777237892373e-16   4.535573676111e+00 D_a04_r5_SD
   238    0   1.0000000000000000e+00   3.6328894956252587e-16   6.9329587896765306e+00   3.632889495625e-16   5.932958789677e+00 D_a04_r6_SD
   239    0   1.0000000000000000e+00   5.0986112062801489e-16   9.3266639978645287e+00   5.098611206280e-16   8.326663997865e+00 D_a04_r7_SD
   240    0   1.0000000000000000e+00   9.4860733161678456e-16   1.6491933384829682e+01   9.486073316168e-16   1.549193338483e+01 D_a04_r8_SD
   241    0   1.0000000000000000e+00  -3.9523374944519596e-01   1.9541786782181618e+00  -3.952337494452e-01   9.541786782182e-01 D_a05_r1_PD
   242    0   1.0000000000000000e+00  -7.3534069819698900e-01   2.7752694865520717e+00  -7.353406981970e-01   1.775269486552e+00 D_a05_r2_PD
   243    0   1.0000000000000000e+00  -1.0320204698700197e+00   3.4915178150068558e+00  -1.032020469870e+00   2.491517815007e+00 D_a05_r3_PD
   244    0   1.0000000000000000e+00  -1.3499802572035116e+00   4.2591406458766370e+00  -1.349980257204e+00   3.259140645877e+00 D_a05_r4_PD
   245    0   1.0000000000000000e+00  -1.7356889021188007e+00   5.1903236875556757e+00  -1.735688902119e+00   4.190323687556e+00 D_a05_r5_PD
   246    0   1.0000000000000000e+00  -2.2704450337140432e+00   6.4813391930150823e+00  -2.270445033714e+00   5.481339193015e+00 D_a05_r6_PD
   247    0   1.0000000000000000e+00  -3.1864763588536165e+00   8.6928344417256405e+00  -3.186476358854e+00   7.692834441726e+00 D_a05_r7_PD
   248    0   1.0000000000000000e+00  -5.9285062416779395e+00   1.5312680173272430e+01  -5.928506241678e+00   1.431268017327e+01 D_a05_r8_PD
   249    0   1.0000000000000000e+00  -7.3029674334022132e-01   1.7302967433402214e+00  -7.302967433402e-01   7.302967433402e-01 D_a06_r1_PD
   250    0   1.0000000000000000e+00  -1.3587324409735149e+00   2.3587324409735153e+00  -1.358732440974e+00   1.358732440974e+00 D_a06_r2_PD
   251    0   1.0000000000000000e+00  -1.9069251784911845e+00   2.9069251784911847e+00  -1.906925178491e+00   1.906925178491e+00 D_a06_r3_PD
   252    0   1.0000000000000000e+00  -2.4944382578492941e+00   3.4944382578492945e+00  -2.494438257849e+00   2.494438257849e+00 D_a06_r4_PD
   253    0   1.0000000000000000e+00  -3.2071349029490919e+00   4.2071349029490932e+00  -3.207134902949e+00   3.207134902949e+00 D_a06_r5_PD
   254    0   1.0000000000000000e+00  -4.1952353926806047e+00   5.1952353926806056e+00  -4.195235392681e+00   4.195235392681e+00 D_a06_r6_PD
   255    0   1.0000000000000000e+00  -5.8878405775518985e+00   6.8878405775518994e+00  -5.887840577552e+00   5.887840577552e+00 D_a06_r7_PD
   256    0   1.0000000000000000e+00  -1.0954451150103342e+01   1.1954451150103344e+01  -1.095445115010e+01   1.095445115010e+01 D_a06_r8_PD
   257    0   1.0000000000000000e+00  -9.5417867821816182e-01   1.3952337494451961e+00  -9.541786782182e-01   3.952337494452e-01 D_a07_r1_PD
   258    0   1.0000000000000000e+00  -1.7752694865520717e+00   1.7353406981969892e+00  -1.775269486552e+00   7.353406981970e-01 D_a07_r2_PD
   259    0   1.0000000000000000e+00  -2.4915178150068558e+00   2.0320204698700199e+00  -2.491517815007e+00   1.032020469870e+00 D_a07_r3_PD
   260    0   1.0000000000000000e+00  -3.2591406458766370e+00   2.3499802572035122e+00  -3.259140645877e+00   1.349980257204e+00 D_a07_r4_PD
   261    0   1.0000000000000000e+00  -4.1903236875556757e+00   2.7356889021188011e+00  -4.190323687556e+00   1.735688902119e+00 D_a07_r5_PD
   262    0   1.0000000000000000e+00  -5.4813391930150832e+00   3.2704450337140440e+00  -5.481339193015e+00   2.270445033714e+00 D_a07_r6_PD
   263    0   1.0000000000000000e+00  -7.6928344417256422e+00   4.1864763588536187e+00  -7.692834441726e+00   3.186476358854e+00 D_a07_r7_PD
   264    0   1.0000000000000000e+00  -1.4312680173272430e+01   6.9285062416779413e+00  -1.431268017327e+01   5.928506241678e+00 D_a07_r8_PD
   265    0   1.0000000000000000e+00  -1.0327955589886444e+00   1.0000000000000002e+00  -1.032795558989e+00   1.264809775489e-16 D_a08_r1_PD
   266    0   1.0000000000000000e+00  -1.9215378456610457e+00   1.0000000000000002e+00  -1.921537845661e+00   2.353205172129e-16 D_a08_r2_PD
   267    0   1.0000000000000000e+00  -2.6967994498529686e+00   1.0000000000000002e+00  -2.696799449853e+00   3.302626814205e-16 D_a08_r3_PD
   268    0   1.0000000000000000e+00  -3.5276684147527875e+00   1.0000000000000004e+00  -3.527668414753e+00   4.320147832580e-16 D_a08_r4_PD
   269    0   1.0000000000000000e+00  -4.5355736761107259e+00   1.0000000000000007e+00  -4.535573676111e+00   5.554475784746e-16 D_a08_r5_PD
   270    0   1.0000000000000000e+00  -5.9329587896765306e+00   1.0000000000000007e+00  -5.932958789677e+00   7.265778991251e-16 D_a08_r6_PD
   271    0   1.0000000000000000e+00  -8.3266639978645287e+00   1.0000000000000011e+00  -8.326663997865e+00   1.019722241256e-15 D_a08_r7_PD
   272    0   1.0000000000000000e+00  -1.5491933384829682e+01   1.0000000000000020e+00  -1.549193338483e+01   1.897214663234e-15 D_a08_r8_PD
   273    0   1.0000000000000000e+00  -9.5417867821816182e-01   6.0476625055480415e-01  -9.541786782182e-01  -3.952337494452e-01 D_a09_r1_SH
   274    0   1.0000000000000000e+00  -1.7752694865520717e+00   2.6465930180301112e-01  -1.775269486552e+00  -7.353406981970e-01 D_a09_r2_SH
   275    0   1.0000000000000000e+00  -2.4915178150068558e+00  -3.2020469870019497e-02  -2.491517815007e+00  -1.032020469870e+00 D_a09_r3_SH
   276    0   1.0000000000000000e+00  -3.2591406458766370e+00  -3.4998025720351156e-01  -3.259140645877e+00  -1.349980257204e+00 D_a09_r4_SH
   277    0   1.0000000000000000e+00  -4.1903236875556757e+00  -7.3568890211880045e-01  -4.190323687556e+00  -1.735688902119e+00 D_a09_r5_SH
   278    0   1.0000000000000000e+00  -5.4813391930150823e+00  -1.2704450337140427e+00  -5.481339193015e+00  -2.270445033714e+00 D_a09_r6_SH
   279    0   1.0000000000000000e+00  -7.6928344417256396e+00  -2.1864763588536160e+00  -7.692834441726e+00  -3.186476358854e+00 D_a09_r7_SH
   280    0   1.0000000000000000e+00  -1.4312680173272430e+01  -4.9285062416779386e+00  -1.431268017327e+01  -5.928506241678e+00 D_a09_r8_SH
   281    0   1.0000000000000000e+00  -7.3029674334022154e-01   2.6970325665977868e-01  -7.302967433402e-01  -7.302967433402e-01 D_a10_r1_SH
   282    0   1.0000000000000000e+00  -1.3587324409735151e+00  -3.5873244097351487e-01  -1.358732440974e+00  -1.358732440974e+00 D_a10_r2_SH
   283    0   1.0000000000000000e+00  -1.9069251784911856e+00  -9.0692517849118492e-01  -1.906925178491e+00  -1.906925178491e+00 D_a10_r3_SH
   284    0   1.0000000000000000e+00  -2.4944382578492950e+00  -1.4944382578492945e+00  -2.494438257849e+00  -2.494438257849e+00 D_a10_r4_SH
   285    0   1.0000000000000000e+00  -3.2071349029490928e+00  -2.2071349029490919e+00  -3.207134902949e+00  -3.207134902949e+00 D_a10_r5_SH
   286    0   1.0000000000000000e+00  -4.1952353926806074e+00  -3.1952353926806056e+00  -4.195235392681e+00  -4.195235392681e+00 D_a10_r6_SH
   287    0   1.0000000000000000e+00  -5.8878405775518994e+00  -4.8878405775518985e+00  -5.887840577552e+00  -5.887840577552e+00 D_a10_r7_SH
   288    0   1.0000000000000000e+00  -1.0954451150103354e+01  -9.9544511501033508e+00  -1.095445115010e+01  -1.095445115010e+01 D_a10_r8_SH
   289    0   1.0000000000000000e+00  -3.9523374944519657e-01   4.5821321781838398e-02  -3.952337494452e-01  -9.541786782182e-01 D_a11_r1_SH
   290    0   1.0000000000000000e+00  -7.3534069819699011e-01  -7.7526948655207129e-01  -7.353406981970e-01  -1.775269486552e+00 D_a11_r2_SH
   291    0   1.0000000000000000e+00  -1.0320204698700213e+00  -1.4915178150068553e+00  -1.032020469870e+00  -2.491517815007e+00 D_a11_r3_SH
   292    0   1.0000000000000000e+00  -1.3499802572035136e+00  -2.2591406458766365e+00  -1.349980257204e+00  -3.259140645877e+00 D_a11_r4_SH
   293    0   1.0000000000000000e+00  -1.7356889021188033e+00  -3.1903236875556749e+00  -1.735688902119e+00  -4.190323687556e+00 D_a11_r5_SH
   294    0   1.0000000000000000e+00  -2.2704450337140467e+00  -4.4813391930150814e+00  -2.270445033714e+00  -5.481339193015e+00 D_a11_r6_SH
   295    0   1.0000000000000000e+00  -3.1864763588536231e+00  -6.6928344417256405e+00  -3.186476358854e+00  -7.692834441726e+00 D_a11_r7_SH
   296    0   1.0000000000000000e+00  -5.9285062416779493e+00  -1.3312680173272426e+01  -5.928506241678e+00  -1.431268017327e+01 D_a11_r8_SH
   297    0   1.0000000000000000e+00  -1.8972146632335670e-16  -3.2795558988644391e-02  -1.897214663234e-16  -1.032795558989e+00 D_a12_r1_SH
   298    0   1.0000000000000000e+00  -3.5298077581939503e-16  -9.2153784566104568e-01  -3.529807758194e-16  -1.921537845661e+00 D_a12_r2_SH
   299    0   1.0000000000000000e+00  -4.9539402213071717e-16  -1.6967994498529686e+00  -4.953940221307e-16  -2.696799449853e+00 D_a12_r3_SH
   300    0   1.0000000000000000e+00  -6.4802217488703278e-16  -2.5276684147527875e+00  -6.480221748870e-16  -3.527668414753e+00 D_a12_r4_SH
   301    0   1.0000000000000000e+00  -8.3317136771189932e-16  -3.5355736761107259e+00  -8.331713677119e-16  -4.535573676111e+00 D_a12_r5_SH
   302    0   1.0000000000000000e+00  -1.0898668486875775e-15  -4.9329587896765306e+00  -1.089866848688e-15  -5.932958789677e+00 D_a12_r6_SH
   303    0   1.0000000000000000e+00  -1.5295833618840447e-15  -7.3266639978645287e+00  -1.529583361884e-15  -8.326663997865e+00 D_a12_r7_SH
   304    0   1.0000000000000000e+00  -2.8458219948503533e-15  -1.4491933384829682e+01  -2.845821994850e-15  -1.549193338483e+01 D_a12_r8_SH
   305    0   1.0000000000000000e+00   3.9523374944519624e-01   4.5821321781838287e-02   3.952337494452e-01  -9.541786782182e-01 D_a13_r1_HA
   306    0   1.0000000000000000e+00   7.3534069819698944e-01  -7.7526948655207151e-01   7.353406981970e-01  -1.775269486552e+00 D_a13_r2_HA
   307    0   1.0000000000000000e+00   1.0320204698700204e+00  -1.4915178150068558e+00   1.032020469870e+00  -2.491517815007e+00 D_a13_r3_HA
   308    0   1.0000000000000000e+00   1.3499802572035127e+00  -2.2591406458766370e+00   1.349980257204e+00  -3.259140645877e+00 D_a13_r4_HA
   309    0   1.0000000000000000e+00   1.7356889021188018e+00  -3.1903236875556757e+00   1.735688902119e+00  -4.190323687556e+00 D_a13_r5_HA
   310    0   1.0000000000000000e+00   2.2704450337140445e+00  -4.4813391930150814e+00   2.270445033714e+00  -5.481339193015e+00 D_a13_r6_HA
   311    0   1.0000000000000000e+00   3.1864763588536205e+00  -6.6928344417256413e+00   3.186476358854e+00  -7.692834441726e+00 D_a13_r7_HA
   312    0   1.0000000000000000e+00   5.9285062416779439e+00  -1.3312680173272428e+01   5.928506241678e+00  -1.431268017327e+01 D_a13_r8_HA
   313    0   1.0000000000000000e+00   7.3029674334022132e-01   2.6970325665977846e-01   7.302967433402e-01  -7.302967433402e-01 D_a14_r1_HA
   314    0   1.0000000000000000e+00   1.3587324409735149e+00  -3.5873244097351509e-01   1.358732440974e+00  -1.358732440974e+00 D_a14_r2_HA
   315    0   1.0000000000000000e+00   1.9069251784911849e+00  -9.0692517849118559e-01   1.906925178491e+00  -1.906925178491e+00 D_a14_r3_HA
   316    0   1.0000000000000000e+00   2.4944382578492945e+00  -1.4944382578492950e+00   2.494438257849e+00  -2.494438257849e+00 D_a14_r4_HA
   317    0   1.0000000000000000e+00   3.2071349029490919e+00  -2.2071349029490928e+00   3.207134902949e+00  -3.207134902949e+00 D_a14_r5_HA
   318    0   1.0000000000000000e+00   4.1952353926806056e+00  -3.1952353926806074e+00   4.195235392681e+00  -4.195235392681e+00 D_a14_r6_HA
   319    0   1.0000000000000000e+00   5.8878405775518985e+00  -4.8878405775518994e+00   5.887840577552e+00  -5.887840577552e+00 D_a14_r7_HA
   320    0   1.0000000000000000e+00   1.0954451150103351e+01  -9.9544511501033544e+00   1.095445115010e+01  -1.095445115010e+01 D_a14_r8_HA
   321    0   1.0000000000000000e+00   9.5417867821816160e-01   6.0476625055480338e-01   9.541786782182e-01  -3.952337494452e-01 D_a15_r1_HA
   322    0   1.0000000000000000e+00   1.7752694865520713e+00   2.6465930180300978e-01   1.775269486552e+00  -7.353406981970e-01 D_a15_r2_HA
   323    0   1.0000000000000000e+00   2.4915178150068553e+00  -3.2020469870021495e-02   2.491517815007e+00  -1.032020469870e+00 D_a15_r3_HA
   324    0   1.0000000000000000e+00   3.2591406458766365e+00  -3.4998025720351400e-01   3.259140645877e+00  -1.349980257204e+00 D_a15_r4_HA
   325    0   1.0000000000000000e+00   4.1903236875556749e+00  -7.3568890211880333e-01   4.190323687556e+00  -1.735688902119e+00 D_a15_r5_HA
   326    0   1.0000000000000000e+00   5.4813391930150814e+00  -1.2704450337140472e+00   5.481339193015e+00  -2.270445033714e+00 D_a15_r6_HA
   327    0   1.0000000000000000e+00   7.6928344417256405e+00  -2.1864763588536236e+00   7.692834441726e+00  -3.186476358854e+00 D_a15_r7_HA
   328    0   1.0000000000000000e+00   1.4312680173272426e+01  -4.9285062416779502e+00   1.431268017327e+01  -5.928506241678e+00 D_a15_r8_HA
  1000    0   1.0000000000000000e+00  -8.0000000000000000e+00  -7.0000000000000000e+00  -8.000000000000e+00  -8.000000000000e+00 Q_i00_j00_SHW
  1001    0   1.0000000000000000e+00  -8.0000000000000000e+00  -6.0000000000000000e+00  -8.000000000000e+00  -7.000000000000e+00 Q_i00_j01_SHW
  1002    0   1.0000000000000000e+00  -8.0000000000000000e+00  -5.0000000000000000e+00  -8.000000000000e+00  -6.000000000000e+00 Q_i00_j02_SHW
  1003    0   1.0000000000000000e+00  -8.0000000000000000e+00  -4.0000000000000000e+00  -8.000000000000e+00  -5.000000000000e+00 Q_i00_j03_SHW
  1004    0   1.0000000000000000e+00  -8.0000000000000000e+00  -3.0000000000000000e+00  -8.000000000000e+00  -4.000000000000e+00 Q_i00_j04_SHW
  1005    0   1.0000000000000000e+00  -8.0000000000000000e+00  -2.0000000000000000e+00  -8.000000000000e+00  -3.000000000000e+00 Q_i00_j05_SHW
  1006    0   1.0000000000000000e+00  -8.0000000000000000e+00  -1.0000000000000000e+00  -8.000000000000e+00  -2.000000000000e+00 Q_i00_j06_SHW
  1007    0   1.0000000000000000e+00  -8.0000000000000000e+00   0.0000000000000000e+00  -8.000000000000e+00  -1.000000000000e+00 Q_i00_j07_SHW
  1008    0   1.0000000000000000e+00  -8.0000000000000000e+00   1.0000000000000000e+00  -8.000000000000e+00   0.000000000000e+00 Q_i00_j08_AXW
  1009    0   1.0000000000000000e+00  -8.0000000000000000e+00   2.0000000000000000e+00  -8.000000000000e+00   1.000000000000e+00 Q_i00_j09_PDW
  1010    0   1.0000000000000000e+00  -8.0000000000000000e+00   3.0000000000000000e+00  -8.000000000000e+00   2.000000000000e+00 Q_i00_j10_PDW
  1011    0   1.0000000000000000e+00  -8.0000000000000000e+00   4.0000000000000000e+00  -8.000000000000e+00   3.000000000000e+00 Q_i00_j11_PDW
  1012    0   1.0000000000000000e+00  -8.0000000000000000e+00   5.0000000000000000e+00  -8.000000000000e+00   4.000000000000e+00 Q_i00_j12_PDW
  1013    0   1.0000000000000000e+00  -8.0000000000000000e+00   6.0000000000000000e+00  -8.000000000000e+00   5.000000000000e+00 Q_i00_j13_PDW
  1014    0   1.0000000000000000e+00  -8.0000000000000000e+00   7.0000000000000000e+00  -8.000000000000e+00   6.000000000000e+00 Q_i00_j14_PDW
  1015    0   1.0000000000000000e+00  -8.0000000000000000e+00   8.0000000000000000e+00  -8.000000000000e+00   7.000000000000e+00 Q_i00_j15_PDW
  1016    0   1.0000000000000000e+00  -8.0000000000000000e+00   9.0000000000000000e+00  -8.000000000000e+00   8.000000000000e+00 Q_i00_j16_PDW
  1017    0   1.0000000000000000e+00  -7.0000000000000000e+00  -7.0000000000000000e+00  -7.000000000000e+00  -8.000000000000e+00 Q_i01_j00_SHt
  1018    0   1.0000000000000000e+00  -7.0000000000000000e+00  -6.0000000000000000e+00  -7.000000000000e+00  -7.000000000000e+00 Q_i01_j01_SHW
  1019    0   1.0000000000000000e+00  -7.0000000000000000e+00  -5.0000000000000000e+00  -7.000000000000e+00  -6.000000000000e+00 Q_i01_j02_SHW
  1020    0   1.0000000000000000e+00  -7.0000000000000000e+00  -4.0000000000000000e+00  -7.000000000000e+00  -5.000000000000e+00 Q_i01_j03_SHW
  1021    0   1.0000000000000000e+00  -7.0000000000000000e+00  -3.0000000000000000e+00  -7.000000000000e+00  -4.000000000000e+00 Q_i01_j04_SHW
  1022    0   1.0000000000000000e+00  -7.0000000000000000e+00  -2.0000000000000000e+00  -7.000000000000e+00  -3.000000000000e+00 Q_i01_j05_SHW
  1023    0   1.0000000000000000e+00  -7.0000000000000000e+00  -1.0000000000000000e+00  -7.000000000000e+00  -2.000000000000e+00 Q_i01_j06_SHW
  1024    0   1.0000000000000000e+00  -7.0000000000000000e+00   0.0000000000000000e+00  -7.000000000000e+00  -1.000000000000e+00 Q_i01_j07_SHW
  1025    0   1.0000000000000000e+00  -7.0000000000000000e+00   1.0000000000000000e+00  -7.000000000000e+00   0.000000000000e+00 Q_i01_j08_AXW
  1026    0   1.0000000000000000e+00  -7.0000000000000000e+00   2.0000000000000000e+00  -7.000000000000e+00   1.000000000000e+00 Q_i01_j09_PDW
  1027    0   1.0000000000000000e+00  -7.0000000000000000e+00   3.0000000000000000e+00  -7.000000000000e+00   2.000000000000e+00 Q_i01_j10_PDW
  1028    0   1.0000000000000000e+00  -7.0000000000000000e+00   4.0000000000000000e+00  -7.000000000000e+00   3.000000000000e+00 Q_i01_j11_PDW
  1029    0   1.0000000000000000e+00  -7.0000000000000000e+00   5.0000000000000000e+00  -7.000000000000e+00   4.000000000000e+00 Q_i01_j12_PDW
  1030    0   1.0000000000000000e+00  -7.0000000000000000e+00   6.0000000000000000e+00  -7.000000000000e+00   5.000000000000e+00 Q_i01_j13_PDW
  1031    0   1.0000000000000000e+00  -7.0000000000000000e+00   7.0000000000000000e+00  -7.000000000000e+00   6.000000000000e+00 Q_i01_j14_PDW
  1032    0   1.0000000000000000e+00  -7.0000000000000000e+00   8.0000000000000000e+00  -7.000000000000e+00   7.000000000000e+00 Q_i01_j15_PDW
  1033    0   1.0000000000000000e+00  -7.0000000000000000e+00   9.0000000000000000e+00  -7.000000000000e+00   8.000000000000e+00 Q_i01_j16_PDs
  1034    0   1.0000000000000000e+00  -6.0000000000000000e+00  -7.0000000000000000e+00  -6.000000000000e+00  -8.000000000000e+00 Q_i02_j00_SHS
  1035    0   1.0000000000000000e+00  -6.0000000000000000e+00  -6.0000000000000000e+00  -6.000000000000e+00  -7.000000000000e+00 Q_i02_j01_SHt
  1036    0   1.0000000000000000e+00  -6.0000000000000000e+00  -5.0000000000000000e+00  -6.000000000000e+00  -6.000000000000e+00 Q_i02_j02_SHW
  1037    0   1.0000000000000000e+00  -6.0000000000000000e+00  -4.0000000000000000e+00  -6.000000000000e+00  -5.000000000000e+00 Q_i02_j03_SHW
  1038    0   1.0000000000000000e+00  -6.0000000000000000e+00  -3.0000000000000000e+00  -6.000000000000e+00  -4.000000000000e+00 Q_i02_j04_SHW
  1039    0   1.0000000000000000e+00  -6.0000000000000000e+00  -2.0000000000000000e+00  -6.000000000000e+00  -3.000000000000e+00 Q_i02_j05_SHW
  1040    0   1.0000000000000000e+00  -6.0000000000000000e+00  -1.0000000000000000e+00  -6.000000000000e+00  -2.000000000000e+00 Q_i02_j06_SHW
  1041    0   1.0000000000000000e+00  -6.0000000000000000e+00   0.0000000000000000e+00  -6.000000000000e+00  -1.000000000000e+00 Q_i02_j07_SHW
  1042    0   1.0000000000000000e+00  -6.0000000000000000e+00   1.0000000000000000e+00  -6.000000000000e+00   0.000000000000e+00 Q_i02_j08_AXW
  1043    0   1.0000000000000000e+00  -6.0000000000000000e+00   2.0000000000000000e+00  -6.000000000000e+00   1.000000000000e+00 Q_i02_j09_PDW
  1044    0   1.0000000000000000e+00  -6.0000000000000000e+00   3.0000000000000000e+00  -6.000000000000e+00   2.000000000000e+00 Q_i02_j10_PDW
  1045    0   1.0000000000000000e+00  -6.0000000000000000e+00   4.0000000000000000e+00  -6.000000000000e+00   3.000000000000e+00 Q_i02_j11_PDW
  1046    0   1.0000000000000000e+00  -6.0000000000000000e+00   5.0000000000000000e+00  -6.000000000000e+00   4.000000000000e+00 Q_i02_j12_PDW
  1047    0   1.0000000000000000e+00  -6.0000000000000000e+00   6.0000000000000000e+00  -6.000000000000e+00   5.000000000000e+00 Q_i02_j13_PDW
  1048    0   1.0000000000000000e+00  -6.0000000000000000e+00   7.0000000000000000e+00  -6.000000000000e+00   6.000000000000e+00 Q_i02_j14_PDW
  1049    0   1.0000000000000000e+00  -6.0000000000000000e+00   8.0000000000000000e+00  -6.000000000000e+00   7.000000000000e+00 Q_i02_j15_PDs
  1050    0   1.0000000000000000e+00  -6.0000000000000000e+00   9.0000000000000000e+00  -6.000000000000e+00   8.000000000000e+00 Q_i02_j16_PDN
  1051    0   1.0000000000000000e+00  -5.0000000000000000e+00  -7.0000000000000000e+00  -5.000000000000e+00  -8.000000000000e+00 Q_i03_j00_SHS
  1052    0   1.0000000000000000e+00  -5.0000000000000000e+00  -6.0000000000000000e+00  -5.000000000000e+00  -7.000000000000e+00 Q_i03_j01_SHS
  1053    0   1.0000000000000000e+00  -5.0000000000000000e+00  -5.0000000000000000e+00  -5.000000000000e+00  -6.000000000000e+00 Q_i03_j02_SHt
  1054    0   1.0000000000000000e+00  -5.0000000000000000e+00  -4.0000000000000000e+00  -5.000000000000e+00  -5.000000000000e+00 Q_i03_j03_SHW
  1055    0   1.0000000000000000e+00  -5.0000000000000000e+00  -3.0000000000000000e+00  -5.000000000000e+00  -4.000000000000e+00 Q_i03_j04_SHW
  1056    0   1.0000000000000000e+00  -5.0000000000000000e+00  -2.0000000000000000e+00  -5.000000000000e+00  -3.000000000000e+00 Q_i03_j05_SHW
  1057    0   1.0000000000000000e+00  -5.0000000000000000e+00  -1.0000000000000000e+00  -5.000000000000e+00  -2.000000000000e+00 Q_i03_j06_SHW
  1058    0   1.0000000000000000e+00  -5.0000000000000000e+00   0.0000000000000000e+00  -5.000000000000e+00  -1.000000000000e+00 Q_i03_j07_SHW
  1059    0   1.0000000000000000e+00  -5.0000000000000000e+00   1.0000000000000000e+00  -5.000000000000e+00   0.000000000000e+00 Q_i03_j08_AXW
  1060    0   1.0000000000000000e+00  -5.0000000000000000e+00   2.0000000000000000e+00  -5.000000000000e+00   1.000000000000e+00 Q_i03_j09_PDW
  1061    0   1.0000000000000000e+00  -5.0000000000000000e+00   3.0000000000000000e+00  -5.000000000000e+00   2.000000000000e+00 Q_i03_j10_PDW
  1062    0   1.0000000000000000e+00  -5.0000000000000000e+00   4.0000000000000000e+00  -5.000000000000e+00   3.000000000000e+00 Q_i03_j11_PDW
  1063    0   1.0000000000000000e+00  -5.0000000000000000e+00   5.0000000000000000e+00  -5.000000000000e+00   4.000000000000e+00 Q_i03_j12_PDW
  1064    0   1.0000000000000000e+00  -5.0000000000000000e+00   6.0000000000000000e+00  -5.000000000000e+00   5.000000000000e+00 Q_i03_j13_PDW
  1065    0   1.0000000000000000e+00  -5.0000000000000000e+00   7.0000000000000000e+00  -5.000000000000e+00   6.000000000000e+00 Q_i03_j14_PDs
  1066    0   1.0000000000000000e+00  -5.0000000000000000e+00   8.0000000000000000e+00  -5.000000000000e+00   7.000000000000e+00 Q_i03_j15_PDN
  1067    0   1.0000000000000000e+00  -5.0000000000000000e+00   9.0000000000000000e+00  -5.000000000000e+00   8.000000000000e+00 Q_i03_j16_PDN
  1068    0   1.0000000000000000e+00  -4.0000000000000000e+00  -7.0000000000000000e+00  -4.000000000000e+00  -8.000000000000e+00 Q_i04_j00_SHS
  1069    0   1.0000000000000000e+00  -4.0000000000000000e+00  -6.0000000000000000e+00  -4.000000000000e+00  -7.000000000000e+00 Q_i04_j01_SHS
  1070    0   1.0000000000000000e+00  -4.0000000000000000e+00  -5.0000000000000000e+00  -4.000000000000e+00  -6.000000000000e+00 Q_i04_j02_SHS
  1071    0   1.0000000000000000e+00  -4.0000000000000000e+00  -4.0000000000000000e+00  -4.000000000000e+00  -5.000000000000e+00 Q_i04_j03_SHt
  1072    0   1.0000000000000000e+00  -4.0000000000000000e+00  -3.0000000000000000e+00  -4.000000000000e+00  -4.000000000000e+00 Q_i04_j04_SHW
  1073    0   1.0000000000000000e+00  -4.0000000000000000e+00  -2.0000000000000000e+00  -4.000000000000e+00  -3.000000000000e+00 Q_i04_j05_SHW
  1074    0   1.0000000000000000e+00  -4.0000000000000000e+00  -1.0000000000000000e+00  -4.000000000000e+00  -2.000000000000e+00 Q_i04_j06_SHW
  1075    0   1.0000000000000000e+00  -4.0000000000000000e+00   0.0000000000000000e+00  -4.000000000000e+00  -1.000000000000e+00 Q_i04_j07_SHW
  1076    0   1.0000000000000000e+00  -4.0000000000000000e+00   1.0000000000000000e+00  -4.000000000000e+00   0.000000000000e+00 Q_i04_j08_AXW
  1077    0   1.0000000000000000e+00  -4.0000000000000000e+00   2.0000000000000000e+00  -4.000000000000e+00   1.000000000000e+00 Q_i04_j09_PDW
  1078    0   1.0000000000000000e+00  -4.0000000000000000e+00   3.0000000000000000e+00  -4.000000000000e+00   2.000000000000e+00 Q_i04_j10_PDW
  1079    0   1.0000000000000000e+00  -4.0000000000000000e+00   4.0000000000000000e+00  -4.000000000000e+00   3.000000000000e+00 Q_i04_j11_PDW
  1080    0   1.0000000000000000e+00  -4.0000000000000000e+00   5.0000000000000000e+00  -4.000000000000e+00   4.000000000000e+00 Q_i04_j12_PDW
  1081    0   1.0000000000000000e+00  -4.0000000000000000e+00   6.0000000000000000e+00  -4.000000000000e+00   5.000000000000e+00 Q_i04_j13_PDs
  1082    0   1.0000000000000000e+00  -4.0000000000000000e+00   7.0000000000000000e+00  -4.000000000000e+00   6.000000000000e+00 Q_i04_j14_PDN
  1083    0   1.0000000000000000e+00  -4.0000000000000000e+00   8.0000000000000000e+00  -4.000000000000e+00   7.000000000000e+00 Q_i04_j15_PDN
  1084    0   1.0000000000000000e+00  -4.0000000000000000e+00   9.0000000000000000e+00  -4.000000000000e+00   8.000000000000e+00 Q_i04_j16_PDN
  1085    0   1.0000000000000000e+00  -3.0000000000000000e+00  -7.0000000000000000e+00  -3.000000000000e+00  -8.000000000000e+00 Q_i05_j00_SHS
  1086    0   1.0000000000000000e+00  -3.0000000000000000e+00  -6.0000000000000000e+00  -3.000000000000e+00  -7.000000000000e+00 Q_i05_j01_SHS
  1087    0   1.0000000000000000e+00  -3.0000000000000000e+00  -5.0000000000000000e+00  -3.000000000000e+00  -6.000000000000e+00 Q_i05_j02_SHS
  1088    0   1.0000000000000000e+00  -3.0000000000000000e+00  -4.0000000000000000e+00  -3.000000000000e+00  -5.000000000000e+00 Q_i05_j03_SHS
  1089    0   1.0000000000000000e+00  -3.0000000000000000e+00  -3.0000000000000000e+00  -3.000000000000e+00  -4.000000000000e+00 Q_i05_j04_SHt
  1090    0   1.0000000000000000e+00  -3.0000000000000000e+00  -2.0000000000000000e+00  -3.000000000000e+00  -3.000000000000e+00 Q_i05_j05_SHW
  1091    0   1.0000000000000000e+00  -3.0000000000000000e+00  -1.0000000000000000e+00  -3.000000000000e+00  -2.000000000000e+00 Q_i05_j06_SHW
  1092    0   1.0000000000000000e+00  -3.0000000000000000e+00   0.0000000000000000e+00  -3.000000000000e+00  -1.000000000000e+00 Q_i05_j07_SHW
  1093    0   1.0000000000000000e+00  -3.0000000000000000e+00   1.0000000000000000e+00  -3.000000000000e+00   0.000000000000e+00 Q_i05_j08_AXW
  1094    0   1.0000000000000000e+00  -3.0000000000000000e+00   2.0000000000000000e+00  -3.000000000000e+00   1.000000000000e+00 Q_i05_j09_PDW
  1095    0   1.0000000000000000e+00  -3.0000000000000000e+00   3.0000000000000000e+00  -3.000000000000e+00   2.000000000000e+00 Q_i05_j10_PDW
  1096    0   1.0000000000000000e+00  -3.0000000000000000e+00   4.0000000000000000e+00  -3.000000000000e+00   3.000000000000e+00 Q_i05_j11_PDW
  1097    0   1.0000000000000000e+00  -3.0000000000000000e+00   5.0000000000000000e+00  -3.000000000000e+00   4.000000000000e+00 Q_i05_j12_PDs
  1098    0   1.0000000000000000e+00  -3.0000000000000000e+00   6.0000000000000000e+00  -3.000000000000e+00   5.000000000000e+00 Q_i05_j13_PDN
  1099    0   1.0000000000000000e+00  -3.0000000000000000e+00   7.0000000000000000e+00  -3.000000000000e+00   6.000000000000e+00 Q_i05_j14_PDN
  1100    0   1.0000000000000000e+00  -3.0000000000000000e+00   8.0000000000000000e+00  -3.000000000000e+00   7.000000000000e+00 Q_i05_j15_PDN
  1101    0   1.0000000000000000e+00  -3.0000000000000000e+00   9.0000000000000000e+00  -3.000000000000e+00   8.000000000000e+00 Q_i05_j16_PDN
  1102    0   1.0000000000000000e+00  -2.0000000000000000e+00  -7.0000000000000000e+00  -2.000000000000e+00  -8.000000000000e+00 Q_i06_j00_SHS
  1103    0   1.0000000000000000e+00  -2.0000000000000000e+00  -6.0000000000000000e+00  -2.000000000000e+00  -7.000000000000e+00 Q_i06_j01_SHS
  1104    0   1.0000000000000000e+00  -2.0000000000000000e+00  -5.0000000000000000e+00  -2.000000000000e+00  -6.000000000000e+00 Q_i06_j02_SHS
  1105    0   1.0000000000000000e+00  -2.0000000000000000e+00  -4.0000000000000000e+00  -2.000000000000e+00  -5.000000000000e+00 Q_i06_j03_SHS
  1106    0   1.0000000000000000e+00  -2.0000000000000000e+00  -3.0000000000000000e+00  -2.000000000000e+00  -4.000000000000e+00 Q_i06_j04_SHS
  1107    0   1.0000000000000000e+00  -2.0000000000000000e+00  -2.0000000000000000e+00  -2.000000000000e+00  -3.000000000000e+00 Q_i06_j05_SHt
  1108    0   1.0000000000000000e+00  -2.0000000000000000e+00  -1.0000000000000000e+00  -2.000000000000e+00  -2.000000000000e+00 Q_i06_j06_SHW
  1109    0   1.0000000000000000e+00  -2.0000000000000000e+00   0.0000000000000000e+00  -2.000000000000e+00  -1.000000000000e+00 Q_i06_j07_SHW
  1110    0   1.0000000000000000e+00  -2.0000000000000000e+00   1.0000000000000000e+00  -2.000000000000e+00   0.000000000000e+00 Q_i06_j08_AXW
  1111    0   1.0000000000000000e+00  -2.0000000000000000e+00   2.0000000000000000e+00  -2.000000000000e+00   1.000000000000e+00 Q_i06_j09_PDW
  1112    0   1.0000000000000000e+00  -2.0000000000000000e+00   3.0000000000000000e+00  -2.000000000000e+00   2.000000000000e+00 Q_i06_j10_PDW
  1113    0   1.0000000000000000e+00  -2.0000000000000000e+00   4.0000000000000000e+00  -2.000000000000e+00   3.000000000000e+00 Q_i06_j11_PDs
  1114    0   1.0000000000000000e+00  -2.0000000000000000e+00   5.0000000000000000e+00  -2.000000000000e+00   4.000000000000e+00 Q_i06_j12_PDN
  1115    0   1.0000000000000000e+00  -2.0000000000000000e+00   6.0000000000000000e+00  -2.000000000000e+00   5.000000000000e+00 Q_i06_j13_PDN
  1116    0   1.0000000000000000e+00  -2.0000000000000000e+00   7.0000000000000000e+00  -2.000000000000e+00   6.000000000000e+00 Q_i06_j14_PDN
  1117    0   1.0000000000000000e+00  -2.0000000000000000e+00   8.0000000000000000e+00  -2.000000000000e+00   7.000000000000e+00 Q_i06_j15_PDN
  1118    0   1.0000000000000000e+00  -2.0000000000000000e+00   9.0000000000000000e+00  -2.000000000000e+00   8.000000000000e+00 Q_i06_j16_PDN
  1119    0   1.0000000000000000e+00  -1.0000000000000000e+00  -7.0000000000000000e+00  -1.000000000000e+00  -8.000000000000e+00 Q_i07_j00_SHS
  1120    0   1.0000000000000000e+00  -1.0000000000000000e+00  -6.0000000000000000e+00  -1.000000000000e+00  -7.000000000000e+00 Q_i07_j01_SHS
  1121    0   1.0000000000000000e+00  -1.0000000000000000e+00  -5.0000000000000000e+00  -1.000000000000e+00  -6.000000000000e+00 Q_i07_j02_SHS
  1122    0   1.0000000000000000e+00  -1.0000000000000000e+00  -4.0000000000000000e+00  -1.000000000000e+00  -5.000000000000e+00 Q_i07_j03_SHS
  1123    0   1.0000000000000000e+00  -1.0000000000000000e+00  -3.0000000000000000e+00  -1.000000000000e+00  -4.000000000000e+00 Q_i07_j04_SHS
  1124    0   1.0000000000000000e+00  -1.0000000000000000e+00  -2.0000000000000000e+00  -1.000000000000e+00  -3.000000000000e+00 Q_i07_j05_SHS
  1125    0   1.0000000000000000e+00  -1.0000000000000000e+00  -1.0000000000000000e+00  -1.000000000000e+00  -2.000000000000e+00 Q_i07_j06_SHt
  1126    0   1.0000000000000000e+00  -1.0000000000000000e+00   0.0000000000000000e+00  -1.000000000000e+00  -1.000000000000e+00 Q_i07_j07_SHW
  1127    0   1.0000000000000000e+00  -1.0000000000000000e+00   1.0000000000000000e+00  -1.000000000000e+00   0.000000000000e+00 Q_i07_j08_AXW
  1128    0   1.0000000000000000e+00  -1.0000000000000000e+00   2.0000000000000000e+00  -1.000000000000e+00   1.000000000000e+00 Q_i07_j09_PDW
  1129    0   1.0000000000000000e+00  -1.0000000000000000e+00   3.0000000000000000e+00  -1.000000000000e+00   2.000000000000e+00 Q_i07_j10_PDs
  1130    0   1.0000000000000000e+00  -1.0000000000000000e+00   4.0000000000000000e+00  -1.000000000000e+00   3.000000000000e+00 Q_i07_j11_PDN
  1131    0   1.0000000000000000e+00  -1.0000000000000000e+00   5.0000000000000000e+00  -1.000000000000e+00   4.000000000000e+00 Q_i07_j12_PDN
  1132    0   1.0000000000000000e+00  -1.0000000000000000e+00   6.0000000000000000e+00  -1.000000000000e+00   5.000000000000e+00 Q_i07_j13_PDN
  1133    0   1.0000000000000000e+00  -1.0000000000000000e+00   7.0000000000000000e+00  -1.000000000000e+00   6.000000000000e+00 Q_i07_j14_PDN
  1134    0   1.0000000000000000e+00  -1.0000000000000000e+00   8.0000000000000000e+00  -1.000000000000e+00   7.000000000000e+00 Q_i07_j15_PDN
  1135    0   1.0000000000000000e+00  -1.0000000000000000e+00   9.0000000000000000e+00  -1.000000000000e+00   8.000000000000e+00 Q_i07_j16_PDN
  1136    0   1.0000000000000000e+00   0.0000000000000000e+00  -7.0000000000000000e+00   0.000000000000e+00  -8.000000000000e+00 Q_i08_j00_AXS
  1137    0   1.0000000000000000e+00   0.0000000000000000e+00  -6.0000000000000000e+00   0.000000000000e+00  -7.000000000000e+00 Q_i08_j01_AXS
  1138    0   1.0000000000000000e+00   0.0000000000000000e+00  -5.0000000000000000e+00   0.000000000000e+00  -6.000000000000e+00 Q_i08_j02_AXS
  1139    0   1.0000000000000000e+00   0.0000000000000000e+00  -4.0000000000000000e+00   0.000000000000e+00  -5.000000000000e+00 Q_i08_j03_AXS
  1140    0   1.0000000000000000e+00   0.0000000000000000e+00  -3.0000000000000000e+00   0.000000000000e+00  -4.000000000000e+00 Q_i08_j04_AXS
  1141    0   1.0000000000000000e+00   0.0000000000000000e+00  -2.0000000000000000e+00   0.000000000000e+00  -3.000000000000e+00 Q_i08_j05_AXS
  1142    0   1.0000000000000000e+00   0.0000000000000000e+00  -1.0000000000000000e+00   0.000000000000e+00  -2.000000000000e+00 Q_i08_j06_AXS
  1143    0   1.0000000000000000e+00   0.0000000000000000e+00   0.0000000000000000e+00   0.000000000000e+00  -1.000000000000e+00 Q_i08_j07_AXt
  1144    0   1.0000000000000000e+00   0.0000000000000000e+00   1.0000000000000000e+00   0.000000000000e+00   0.000000000000e+00 Q_i08_j08_AXW
  1145    0   1.0000000000000000e+00   0.0000000000000000e+00   2.0000000000000000e+00   0.000000000000e+00   1.000000000000e+00 Q_i08_j09_AXs
  1146    0   1.0000000000000000e+00   0.0000000000000000e+00   3.0000000000000000e+00   0.000000000000e+00   2.000000000000e+00 Q_i08_j10_AXN
  1147    0   1.0000000000000000e+00   0.0000000000000000e+00   4.0000000000000000e+00   0.000000000000e+00   3.000000000000e+00 Q_i08_j11_AXN
  1148    0   1.0000000000000000e+00   0.0000000000000000e+00   5.0000000000000000e+00   0.000000000000e+00   4.000000000000e+00 Q_i08_j12_AXN
  1149    0   1.0000000000000000e+00   0.0000000000000000e+00   6.0000000000000000e+00   0.000000000000e+00   5.000000000000e+00 Q_i08_j13_AXN
  1150    0   1.0000000000000000e+00   0.0000000000000000e+00   7.0000000000000000e+00   0.000000000000e+00   6.000000000000e+00 Q_i08_j14_AXN
  1151    0   1.0000000000000000e+00   0.0000000000000000e+00   8.0000000000000000e+00   0.000000000000e+00   7.000000000000e+00 Q_i08_j15_AXN
  1152    0   1.0000000000000000e+00   0.0000000000000000e+00   9.0000000000000000e+00   0.000000000000e+00   8.000000000000e+00 Q_i08_j16_AXN
  1153    0   1.0000000000000000e+00   1.0000000000000000e+00  -7.0000000000000000e+00   1.000000000000e+00  -8.000000000000e+00 Q_i09_j00_HAS
  1154    0   1.0000000000000000e+00   1.0000000000000000e+00  -6.0000000000000000e+00   1.000000000000e+00  -7.000000000000e+00 Q_i09_j01_HAS
  1155    0   1.0000000000000000e+00   1.0000000000000000e+00  -5.0000000000000000e+00   1.000000000000e+00  -6.000000000000e+00 Q_i09_j02_HAS
  1156    0   1.0000000000000000e+00   1.0000000000000000e+00  -4.0000000000000000e+00   1.000000000000e+00  -5.000000000000e+00 Q_i09_j03_HAS
  1157    0   1.0000000000000000e+00   1.0000000000000000e+00  -3.0000000000000000e+00   1.000000000000e+00  -4.000000000000e+00 Q_i09_j04_HAS
  1158    0   1.0000000000000000e+00   1.0000000000000000e+00  -2.0000000000000000e+00   1.000000000000e+00  -3.000000000000e+00 Q_i09_j05_HAS
  1159    0   1.0000000000000000e+00   1.0000000000000000e+00  -1.0000000000000000e+00   1.000000000000e+00  -2.000000000000e+00 Q_i09_j06_HAS
  1160    0   1.0000000000000000e+00   1.0000000000000000e+00   0.0000000000000000e+00   1.000000000000e+00  -1.000000000000e+00 Q_i09_j07_HAS
  1161    0   1.0000000000000000e+00   1.0000000000000000e+00   1.0000000000000000e+00   1.000000000000e+00   0.000000000000e+00 Q_i09_j08_AXX
  1162    0   1.0000000000000000e+00   1.0000000000000000e+00   2.0000000000000000e+00   1.000000000000e+00   1.000000000000e+00 Q_i09_j09_SDN
  1163    0   1.0000000000000000e+00   1.0000000000000000e+00   3.0000000000000000e+00   1.000000000000e+00   2.000000000000e+00 Q_i09_j10_SDN
  1164    0   1.0000000000000000e+00   1.0000000000000000e+00   4.0000000000000000e+00   1.000000000000e+00   3.000000000000e+00 Q_i09_j11_SDN
  1165    0   1.0000000000000000e+00   1.0000000000000000e+00   5.0000000000000000e+00   1.000000000000e+00   4.000000000000e+00 Q_i09_j12_SDN
  1166    0   1.0000000000000000e+00   1.0000000000000000e+00   6.0000000000000000e+00   1.000000000000e+00   5.000000000000e+00 Q_i09_j13_SDN
  1167    0   1.0000000000000000e+00   1.0000000000000000e+00   7.0000000000000000e+00   1.000000000000e+00   6.000000000000e+00 Q_i09_j14_SDN
  1168    0   1.0000000000000000e+00   1.0000000000000000e+00   8.0000000000000000e+00   1.000000000000e+00   7.000000000000e+00 Q_i09_j15_SDN
  1169    0   1.0000000000000000e+00   1.0000000000000000e+00   9.0000000000000000e+00   1.000000000000e+00   8.000000000000e+00 Q_i09_j16_SDN
  1170    0   1.0000000000000000e+00   2.0000000000000000e+00  -7.0000000000000000e+00   2.000000000000e+00  -8.000000000000e+00 Q_i10_j00_HAS
  1171    0   1.0000000000000000e+00   2.0000000000000000e+00  -6.0000000000000000e+00   2.000000000000e+00  -7.000000000000e+00 Q_i10_j01_HAS
  1172    0   1.0000000000000000e+00   2.0000000000000000e+00  -5.0000000000000000e+00   2.000000000000e+00  -6.000000000000e+00 Q_i10_j02_HAS
  1173    0   1.0000000000000000e+00   2.0000000000000000e+00  -4.0000000000000000e+00   2.000000000000e+00  -5.000000000000e+00 Q_i10_j03_HAS
  1174    0   1.0000000000000000e+00   2.0000000000000000e+00  -3.0000000000000000e+00   2.000000000000e+00  -4.000000000000e+00 Q_i10_j04_HAS
  1175    0   1.0000000000000000e+00   2.0000000000000000e+00  -2.0000000000000000e+00   2.000000000000e+00  -3.000000000000e+00 Q_i10_j05_HAS
  1176    0   1.0000000000000000e+00   2.0000000000000000e+00  -1.0000000000000000e+00   2.000000000000e+00  -2.000000000000e+00 Q_i10_j06_HAS
  1177    0   1.0000000000000000e+00   2.0000000000000000e+00   0.0000000000000000e+00   2.000000000000e+00  -1.000000000000e+00 Q_i10_j07_HAs
  1178    0   1.0000000000000000e+00   2.0000000000000000e+00   1.0000000000000000e+00   2.000000000000e+00   0.000000000000e+00 Q_i10_j08_AXE
  1179    0   1.0000000000000000e+00   2.0000000000000000e+00   2.0000000000000000e+00   2.000000000000e+00   1.000000000000e+00 Q_i10_j09_SDt
  1180    0   1.0000000000000000e+00   2.0000000000000000e+00   3.0000000000000000e+00   2.000000000000e+00   2.000000000000e+00 Q_i10_j10_SDN
  1181    0   1.0000000000000000e+00   2.0000000000000000e+00   4.0000000000000000e+00   2.000000000000e+00   3.000000000000e+00 Q_i10_j11_SDN
  1182    0   1.0000000000000000e+00   2.0000000000000000e+00   5.0000000000000000e+00   2.000000000000e+00   4.000000000000e+00 Q_i10_j12_SDN
  1183    0   1.0000000000000000e+00   2.0000000000000000e+00   6.0000000000000000e+00   2.000000000000e+00   5.000000000000e+00 Q_i10_j13_SDN
  1184    0   1.0000000000000000e+00   2.0000000000000000e+00   7.0000000000000000e+00   2.000000000000e+00   6.000000000000e+00 Q_i10_j14_SDN
  1185    0   1.0000000000000000e+00   2.0000000000000000e+00   8.0000000000000000e+00   2.000000000000e+00   7.000000000000e+00 Q_i10_j15_SDN
  1186    0   1.0000000000000000e+00   2.0000000000000000e+00   9.0000000000000000e+00   2.000000000000e+00   8.000000000000e+00 Q_i10_j16_SDN
  1187    0   1.0000000000000000e+00   3.0000000000000000e+00  -7.0000000000000000e+00   3.000000000000e+00  -8.000000000000e+00 Q_i11_j00_HAS
  1188    0   1.0000000000000000e+00   3.0000000000000000e+00  -6.0000000000000000e+00   3.000000000000e+00  -7.000000000000e+00 Q_i11_j01_HAS
  1189    0   1.0000000000000000e+00   3.0000000000000000e+00  -5.0000000000000000e+00   3.000000000000e+00  -6.000000000000e+00 Q_i11_j02_HAS
  1190    0   1.0000000000000000e+00   3.0000000000000000e+00  -4.0000000000000000e+00   3.000000000000e+00  -5.000000000000e+00 Q_i11_j03_HAS
  1191    0   1.0000000000000000e+00   3.0000000000000000e+00  -3.0000000000000000e+00   3.000000000000e+00  -4.000000000000e+00 Q_i11_j04_HAS
  1192    0   1.0000000000000000e+00   3.0000000000000000e+00  -2.0000000000000000e+00   3.000000000000e+00  -3.000000000000e+00 Q_i11_j05_HAS
  1193    0   1.0000000000000000e+00   3.0000000000000000e+00  -1.0000000000000000e+00   3.000000000000e+00  -2.000000000000e+00 Q_i11_j06_HAs
  1194    0   1.0000000000000000e+00   3.0000000000000000e+00   0.0000000000000000e+00   3.000000000000e+00  -1.000000000000e+00 Q_i11_j07_HAE
  1195    0   1.0000000000000000e+00   3.0000000000000000e+00   1.0000000000000000e+00   3.000000000000e+00   0.000000000000e+00 Q_i11_j08_AXE
  1196    0   1.0000000000000000e+00   3.0000000000000000e+00   2.0000000000000000e+00   3.000000000000e+00   1.000000000000e+00 Q_i11_j09_SDE
  1197    0   1.0000000000000000e+00   3.0000000000000000e+00   3.0000000000000000e+00   3.000000000000e+00   2.000000000000e+00 Q_i11_j10_SDt
  1198    0   1.0000000000000000e+00   3.0000000000000000e+00   4.0000000000000000e+00   3.000000000000e+00   3.000000000000e+00 Q_i11_j11_SDN
  1199    0   1.0000000000000000e+00   3.0000000000000000e+00   5.0000000000000000e+00   3.000000000000e+00   4.000000000000e+00 Q_i11_j12_SDN
  1200    0   1.0000000000000000e+00   3.0000000000000000e+00   6.0000000000000000e+00   3.000000000000e+00   5.000000000000e+00 Q_i11_j13_SDN
  1201    0   1.0000000000000000e+00   3.0000000000000000e+00   7.0000000000000000e+00   3.000000000000e+00   6.000000000000e+00 Q_i11_j14_SDN
  1202    0   1.0000000000000000e+00   3.0000000000000000e+00   8.0000000000000000e+00   3.000000000000e+00   7.000000000000e+00 Q_i11_j15_SDN
  1203    0   1.0000000000000000e+00   3.0000000000000000e+00   9.0000000000000000e+00   3.000000000000e+00   8.000000000000e+00 Q_i11_j16_SDN
  1204    0   1.0000000000000000e+00   4.0000000000000000e+00  -7.0000000000000000e+00   4.000000000000e+00  -8.000000000000e+00 Q_i12_j00_HAS
  1205    0   1.0000000000000000e+00   4.0000000000000000e+00  -6.0000000000000000e+00   4.000000000000e+00  -7.000000000000e+00 Q_i12_j01_HAS
  1206    0   1.0000000000000000e+00   4.0000000000000000e+00  -5.0000000000000000e+00   4.000000000000e+00  -6.000000000000e+00 Q_i12_j02_HAS
  1207    0   1.0000000000000000e+00   4.0000000000000000e+00  -4.0000000000000000e+00   4.000000000000e+00  -5.000000000000e+00 Q_i12_j03_HAS
  1208    0   1.0000000000000000e+00   4.0000000000000000e+00  -3.0000000000000000e+00   4.000000000000e+00  -4.000000000000e+00 Q_i12_j04_HAS
  1209    0   1.0000000000000000e+00   4.0000000000000000e+00  -2.0000000000000000e+00   4.000000000000e+00  -3.000000000000e+00 Q_i12_j05_HAs
  1210    0   1.0000000000000000e+00   4.0000000000000000e+00  -1.0000000000000000e+00   4.000000000000e+00  -2.000000000000e+00 Q_i12_j06_HAE
  1211    0   1.0000000000000000e+00   4.0000000000000000e+00   0.0000000000000000e+00   4.000000000000e+00  -1.000000000000e+00 Q_i12_j07_HAE
  1212    0   1.0000000000000000e+00   4.0000000000000000e+00   1.0000000000000000e+00   4.000000000000e+00   0.000000000000e+00 Q_i12_j08_AXE
  1213    0   1.0000000000000000e+00   4.0000000000000000e+00   2.0000000000000000e+00   4.000000000000e+00   1.000000000000e+00 Q_i12_j09_SDE
  1214    0   1.0000000000000000e+00   4.0000000000000000e+00   3.0000000000000000e+00   4.000000000000e+00   2.000000000000e+00 Q_i12_j10_SDE
  1215    0   1.0000000000000000e+00   4.0000000000000000e+00   4.0000000000000000e+00   4.000000000000e+00   3.000000000000e+00 Q_i12_j11_SDt
  1216    0   1.0000000000000000e+00   4.0000000000000000e+00   5.0000000000000000e+00   4.000000000000e+00   4.000000000000e+00 Q_i12_j12_SDN
  1217    0   1.0000000000000000e+00   4.0000000000000000e+00   6.0000000000000000e+00   4.000000000000e+00   5.000000000000e+00 Q_i12_j13_SDN
  1218    0   1.0000000000000000e+00   4.0000000000000000e+00   7.0000000000000000e+00   4.000000000000e+00   6.000000000000e+00 Q_i12_j14_SDN
  1219    0   1.0000000000000000e+00   4.0000000000000000e+00   8.0000000000000000e+00   4.000000000000e+00   7.000000000000e+00 Q_i12_j15_SDN
  1220    0   1.0000000000000000e+00   4.0000000000000000e+00   9.0000000000000000e+00   4.000000000000e+00   8.000000000000e+00 Q_i12_j16_SDN
  1221    0   1.0000000000000000e+00   5.0000000000000000e+00  -7.0000000000000000e+00   5.000000000000e+00  -8.000000000000e+00 Q_i13_j00_HAS
  1222    0   1.0000000000000000e+00   5.0000000000000000e+00  -6.0000000000000000e+00   5.000000000000e+00  -7.000000000000e+00 Q_i13_j01_HAS
  1223    0   1.0000000000000000e+00   5.0000000000000000e+00  -5.0000000000000000e+00   5.000000000000e+00  -6.000000000000e+00 Q_i13_j02_HAS
  1224    0   1.0000000000000000e+00   5.0000000000000000e+00  -4.0000000000000000e+00   5.000000000000e+00  -5.000000000000e+00 Q_i13_j03_HAS
  1225    0   1.0000000000000000e+00   5.0000000000000000e+00  -3.0000000000000000e+00   5.000000000000e+00  -4.000000000000e+00 Q_i13_j04_HAs
  1226    0   1.0000000000000000e+00   5.0000000000000000e+00  -2.0000000000000000e+00   5.000000000000e+00  -3.000000000000e+00 Q_i13_j05_HAE
  1227    0   1.0000000000000000e+00   5.0000000000000000e+00  -1.0000000000000000e+00   5.000000000000e+00  -2.000000000000e+00 Q_i13_j06_HAE
  1228    0   1.0000000000000000e+00   5.0000000000000000e+00   0.0000000000000000e+00   5.000000000000e+00  -1.000000000000e+00 Q_i13_j07_HAE
  1229    0   1.0000000000000000e+00   5.0000000000000000e+00   1.0000000000000000e+00   5.000000000000e+00   0.000000000000e+00 Q_i13_j08_AXE
  1230    0   1.0000000000000000e+00   5.0000000000000000e+00   2.0000000000000000e+00   5.000000000000e+00   1.000000000000e+00 Q_i13_j09_SDE
  1231    0   1.0000000000000000e+00   5.0000000000000000e+00   3.0000000000000000e+00   5.000000000000e+00   2.000000000000e+00 Q_i13_j10_SDE
  1232    0   1.0000000000000000e+00   5.0000000000000000e+00   4.0000000000000000e+00   5.000000000000e+00   3.000000000000e+00 Q_i13_j11_SDE
  1233    0   1.0000000000000000e+00   5.0000000000000000e+00   5.0000000000000000e+00   5.000000000000e+00   4.000000000000e+00 Q_i13_j12_SDt
  1234    0   1.0000000000000000e+00   5.0000000000000000e+00   6.0000000000000000e+00   5.000000000000e+00   5.000000000000e+00 Q_i13_j13_SDN
  1235    0   1.0000000000000000e+00   5.0000000000000000e+00   7.0000000000000000e+00   5.000000000000e+00   6.000000000000e+00 Q_i13_j14_SDN
  1236    0   1.0000000000000000e+00   5.0000000000000000e+00   8.0000000000000000e+00   5.000000000000e+00   7.000000000000e+00 Q_i13_j15_SDN
  1237    0   1.0000000000000000e+00   5.0000000000000000e+00   9.0000000000000000e+00   5.000000000000e+00   8.000000000000e+00 Q_i13_j16_SDN
  1238    0   1.0000000000000000e+00   6.0000000000000000e+00  -7.0000000000000000e+00   6.000000000000e+00  -8.000000000000e+00 Q_i14_j00_HAS
  1239    0   1.0000000000000000e+00   6.0000000000000000e+00  -6.0000000000000000e+00   6.000000000000e+00  -7.000000000000e+00 Q_i14_j01_HAS
  1240    0   1.0000000000000000e+00   6.0000000000000000e+00  -5.0000000000000000e+00   6.000000000000e+00  -6.000000000000e+00 Q_i14_j02_HAS
  1241    0   1.0000000000000000e+00   6.0000000000000000e+00  -4.0000000000000000e+00   6.000000000000e+00  -5.000000000000e+00 Q_i14_j03_HAs
  1242    0   1.0000000000000000e+00   6.0000000000000000e+00  -3.0000000000000000e+00   6.000000000000e+00  -4.000000000000e+00 Q_i14_j04_HAE
  1243    0   1.0000000000000000e+00   6.0000000000000000e+00  -2.0000000000000000e+00   6.000000000000e+00  -3.000000000000e+00 Q_i14_j05_HAE
  1244    0   1.0000000000000000e+00   6.0000000000000000e+00  -1.0000000000000000e+00   6.000000000000e+00  -2.000000000000e+00 Q_i14_j06_HAE
  1245    0   1.0000000000000000e+00   6.0000000000000000e+00   0.0000000000000000e+00   6.000000000000e+00  -1.000000000000e+00 Q_i14_j07_HAE
  1246    0   1.0000000000000000e+00   6.0000000000000000e+00   1.0000000000000000e+00   6.000000000000e+00   0.000000000000e+00 Q_i14_j08_AXE
  1247    0   1.0000000000000000e+00   6.0000000000000000e+00   2.0000000000000000e+00   6.000000000000e+00   1.000000000000e+00 Q_i14_j09_SDE
  1248    0   1.0000000000000000e+00   6.0000000000000000e+00   3.0000000000000000e+00   6.000000000000e+00   2.000000000000e+00 Q_i14_j10_SDE
  1249    0   1.0000000000000000e+00   6.0000000000000000e+00   4.0000000000000000e+00   6.000000000000e+00   3.000000000000e+00 Q_i14_j11_SDE
  1250    0   1.0000000000000000e+00   6.0000000000000000e+00   5.0000000000000000e+00   6.000000000000e+00   4.000000000000e+00 Q_i14_j12_SDE
  1251    0   1.0000000000000000e+00   6.0000000000000000e+00   6.0000000000000000e+00   6.000000000000e+00   5.000000000000e+00 Q_i14_j13_SDt
  1252    0   1.0000000000000000e+00   6.0000000000000000e+00   7.0000000000000000e+00   6.000000000000e+00   6.000000000000e+00 Q_i14_j14_SDN
  1253    0   1.0000000000000000e+00   6.0000000000000000e+00   8.0000000000000000e+00   6.000000000000e+00   7.000000000000e+00 Q_i14_j15_SDN
  1254    0   1.0000000000000000e+00   6.0000000000000000e+00   9.0000000000000000e+00   6.000000000000e+00   8.000000000000e+00 Q_i14_j16_SDN
  1255    0   1.0000000000000000e+00   7.0000000000000000e+00  -7.0000000000000000e+00   7.000000000000e+00  -8.000000000000e+00 Q_i15_j00_HAS
  1256    0   1.0000000000000000e+00   7.0000000000000000e+00  -6.0000000000000000e+00   7.000000000000e+00  -7.000000000000e+00 Q_i15_j01_HAS
  1257    0   1.0000000000000000e+00   7.0000000000000000e+00  -5.0000000000000000e+00   7.000000000000e+00  -6.000000000000e+00 Q_i15_j02_HAs
  1258    0   1.0000000000000000e+00   7.0000000000000000e+00  -4.0000000000000000e+00   7.000000000000e+00  -5.000000000000e+00 Q_i15_j03_HAE
  1259    0   1.0000000000000000e+00   7.0000000000000000e+00  -3.0000000000000000e+00   7.000000000000e+00  -4.000000000000e+00 Q_i15_j04_HAE
  1260    0   1.0000000000000000e+00   7.0000000000000000e+00  -2.0000000000000000e+00   7.000000000000e+00  -3.000000000000e+00 Q_i15_j05_HAE
  1261    0   1.0000000000000000e+00   7.0000000000000000e+00  -1.0000000000000000e+00   7.000000000000e+00  -2.000000000000e+00 Q_i15_j06_HAE
  1262    0   1.0000000000000000e+00   7.0000000000000000e+00   0.0000000000000000e+00   7.000000000000e+00  -1.000000000000e+00 Q_i15_j07_HAE
  1263    0   1.0000000000000000e+00   7.0000000000000000e+00   1.0000000000000000e+00   7.000000000000e+00   0.000000000000e+00 Q_i15_j08_AXE
  1264    0   1.0000000000000000e+00   7.0000000000000000e+00   2.0000000000000000e+00   7.000000000000e+00   1.000000000000e+00 Q_i15_j09_SDE
  1265    0   1.0000000000000000e+00   7.0000000000000000e+00   3.0000000000000000e+00   7.000000000000e+00   2.000000000000e+00 Q_i15_j10_SDE
  1266    0   1.0000000000000000e+00   7.0000000000000000e+00   4.0000000000000000e+00   7.000000000000e+00   3.000000000000e+00 Q_i15_j11_SDE
  1267    0   1.0000000000000000e+00   7.0000000000000000e+00   5.0000000000000000e+00   7.000000000000e+00   4.000000000000e+00 Q_i15_j12_SDE
  1268    0   1.0000000000000000e+00   7.0000000000000000e+00   6.0000000000000000e+00   7.000000000000e+00   5.000000000000e+00 Q_i15_j13_SDE
  1269    0   1.0000000000000000e+00   7.0000000000000000e+00   7.0000000000000000e+00   7.000000000000e+00   6.000000000000e+00 Q_i15_j14_SDt
  1270    0   1.0000000000000000e+00   7.0000000000000000e+00   8.0000000000000000e+00   7.000000000000e+00   7.000000000000e+00 Q_i15_j15_SDN
  1271    0   1.0000000000000000e+00   7.0000000000000000e+00   9.0000000000000000e+00   7.000000000000e+00   8.000000000000e+00 Q_i15_j16_SDN
  1272    0   1.0000000000000000e+00   8.0000000000000000e+00  -7.0000000000000000e+00   8.000000000000e+00  -8.000000000000e+00 Q_i16_j00_HAS
  1273    0   1.0000000000000000e+00   8.0000000000000000e+00  -6.0000000000000000e+00   8.000000000000e+00  -7.000000000000e+00 Q_i16_j01_HAs
  1274    0   1.0000000000000000e+00   8.0000000000000000e+00  -5.0000000000000000e+00   8.000000000000e+00  -6.000000000000e+00 Q_i16_j02_HAE
  1275    0   1.0000000000000000e+00   8.0000000000000000e+00  -4.0000000000000000e+00   8.000000000000e+00  -5.000000000000e+00 Q_i16_j03_HAE
  1276    0   1.0000000000000000e+00   8.0000000000000000e+00  -3.0000000000000000e+00   8.000000000000e+00  -4.000000000000e+00 Q_i16_j04_HAE
  1277    0   1.0000000000000000e+00   8.0000000000000000e+00  -2.0000000000000000e+00   8.000000000000e+00  -3.000000000000e+00 Q_i16_j05_HAE
  1278    0   1.0000000000000000e+00   8.0000000000000000e+00  -1.0000000000000000e+00   8.000000000000e+00  -2.000000000000e+00 Q_i16_j06_HAE
  1279    0   1.0000000000000000e+00   8.0000000000000000e+00   0.0000000000000000e+00   8.000000000000e+00  -1.000000000000e+00 Q_i16_j07_HAE
  1280    0   1.0000000000000000e+00   8.0000000000000000e+00   1.0000000000000000e+00   8.000000000000e+00   0.000000000000e+00 Q_i16_j08_AXE
  1281    0   1.0000000000000000e+00   8.0000000000000000e+00   2.0000000000000000e+00   8.000000000000e+00   1.000000000000e+00 Q_i16_j09_SDE
  1282    0   1.0000000000000000e+00   8.0000000000000000e+00   3.0000000000000000e+00   8.000000000000e+00   2.000000000000e+00 Q_i16_j10_SDE
  1283    0   1.0000000000000000e+00   8.0000000000000000e+00   4.0000000000000000e+00   8.000000000000e+00   3.000000000000e+00 Q_i16_j11_SDE
  1284    0   1.0000000000000000e+00   8.0000000000000000e+00   5.0000000000000000e+00   8.000000000000e+00   4.000000000000e+00 Q_i16_j12_SDE
  1285    0   1.0000000000000000e+00   8.0000000000000000e+00   6.0000000000000000e+00   8.000000000000e+00   5.000000000000e+00 Q_i16_j13_SDE
  1286    0   1.0000000000000000e+00   8.0000000000000000e+00   7.0000000000000000e+00   8.000000000000e+00   6.000000000000e+00 Q_i16_j14_SDE
  1287    0   1.0000000000000000e+00   8.0000000000000000e+00   8.0000000000000000e+00   8.000000000000e+00   7.000000000000e+00 Q_i16_j15_SDt
  1288    0   1.0000000000000000e+00   8.0000000000000000e+00   9.0000000000000000e+00   8.000000000000e+00   8.000000000000e+00 Q_i16_j16_SDN
  2000    0   1.0000000000000000e+00  -9.1796875000000000e-02   1.0839843750000000e+00  -9.179687500000e-02   8.398437500000e-02 V_p000_PDW
  2001    0   1.0000000000000000e+00   1.8554687500000000e-02   7.8515625000000000e-01   1.855468750000e-02  -2.148437500000e-01 V_p001_HAW
  2002    0   1.0000000000000000e+00   1.6992187500000000e-01   1.2216796875000000e+00   1.699218750000e-01   2.216796875000e-01 V_p002_SDW
  2003    0   1.0000000000000000e+00  -3.2519531250000000e-01   9.4238281250000000e-01  -3.251953125000e-01  -5.761718750000e-02 V_p003_SHW
  2004    0   1.0000000000000000e+00   3.1640625000000000e-01   7.9882812500000000e-01   3.164062500000e-01  -2.011718750000e-01 V_p004_HAW
  2005    0   1.0000000000000000e+00  -1.0742187500000000e-01   1.4003906250000000e+00  -1.074218750000e-01   4.003906250000e-01 V_p005_PDW
  2006    0   1.0000000000000000e+00  -2.0800781250000000e-01   5.9960937500000000e-01  -2.080078125000e-01  -4.003906250000e-01 V_p006_SHW
  2007    0   1.0000000000000000e+00   4.5605468750000000e-01   1.1660156250000000e+00   4.560546875000e-01   1.660156250000e-01 V_p007_SDW
  2008    0   1.0000000000000000e+00  -4.7753906250000000e-01   1.1972656250000000e+00  -4.775390625000e-01   1.972656250000e-01 V_p008_PDW
  2009    0   1.0000000000000000e+00   2.3144531250000000e-01   5.0390625000000000e-01   2.314453125000e-01  -4.960937500000e-01 V_p009_HAW
  2010    0   1.0000000000000000e+00   1.7187500000000000e-01   1.5498046875000000e+00   1.718750000000e-01   5.498046875000e-01 V_p010_SDW
  2011    0   1.0000000000000000e+00  -5.2148437500000000e-01   6.9726562500000000e-01  -5.214843750000e-01  -3.027343750000e-01 V_p011_SHW
  2012    0   1.0000000000000000e+00   6.1523437500000000e-01   8.6523437500000000e-01   6.152343750000e-01  -1.347656250000e-01 V_p012_HAW
  2013    0   1.0000000000000000e+00  -3.7695312500000000e-01   1.5361328125000000e+00  -3.769531250000e-01   5.361328125000e-01 V_p013_PDW
  2014    0   1.0000000000000000e+00  -8.6914062500000000e-02   3.2617187500000000e-01  -8.691406250000e-02  -6.738281250000e-01 V_p014_SHW
  2015    0   1.0000000000000000e+00   5.3808593750000000e-01   1.4531250000000000e+00   5.380859375000e-01   4.531250000000e-01 V_p015_SDW
  2016    0   1.0000000000000000e+00  -7.2558593750000000e-01   1.0302734375000000e+00  -7.255859375000e-01   3.027343750000e-02 V_p016_PDW
  2017    0   1.0000000000000000e+00   5.3027343750000000e-01   4.7167968750000000e-01   5.302734375000e-01  -5.283203125000e-01 V_p017_HAS
  2018    0   1.0000000000000000e+00  -3.5156250000000000e-02   1.7695312500000000e+00  -3.515625000000e-02   7.695312500000e-01 V_p018_PDW
  2019    0   1.0000000000000000e+00  -5.0781250000000000e-01   3.9160156250000000e-01  -5.078125000000e-01  -6.083984375000e-01 V_p019_SHW
  2020    0   1.0000000000000000e+00   8.0566406250000000e-01   1.1083984375000000e+00   8.056640625000e-01   1.083984375000e-01 V_p020_SDW
  2021    0   1.0000000000000000e+00  -6.8359375000000000e-01   1.4755859375000000e+00  -6.835937500000e-01   4.755859375000e-01 V_p021_PDW
  2022    0   1.0000000000000000e+00   1.8750000000000000e-01   1.6796875000000000e-01   1.875000000000e-01  -8.320312500000e-01 V_p022_HAS
  2023    0   1.0000000000000000e+00   4.3359375000000000e-01   1.7568359375000000e+00   4.335937500000e-01   7.568359375000e-01 V_p023_SDN
  2024    0   1.0000000000000000e+00  -8.4960937500000000e-01   7.2851562500000000e-01  -8.496093750000e-01  -2.714843750000e-01 V_p024_SHW
  2025    0   1.0000000000000000e+00   8.2714843750000000e-01   6.1816406250000000e-01   8.271484375000e-01  -3.818359375000e-01 V_p025_HAS
  2026    0   1.0000000000000000e+00  -3.5937500000000000e-01   1.8574218750000000e+00  -3.593750000000e-01   8.574218750000e-01 V_p026_PDW
  2027    0   1.0000000000000000e+00  -3.2128906250000000e-01   1.0839843750000000e-01  -3.212890625000e-01  -8.916015625000e-01 V_p027_SHW
  2028    0   1.0000000000000000e+00   8.5546875000000000e-01   1.4492187500000000e+00   8.554687500000e-01   4.492187500000e-01 V_p028_SDN
  2029    0   1.0000000000000000e+00  -9.5117187500000000e-01   1.2509765625000000e+00  -9.511718750000e-01   2.509765625000e-01 V_p029_PDW
  2030    0   1.0000000000000000e+00   5.4199218750000000e-01   1.5722656250000000e-01   5.419921875000e-01  -8.427734375000e-01 V_p030_HAS
  2031    0   1.0000000000000000e+00   1.7285156250000000e-01   2.0039062500000000e+00   1.728515625000e-01   1.003906250000e+00 V_p031_SDN
  2032    0   1.0000000000000000e+00  -8.1933593750000000e-01   3.6621093750000000e-01  -8.193359375000e-01  -6.337890625000e-01 V_p032_SHW
  2033    0   1.0000000000000000e+00   1.0488281250000000e+00   9.1308593750000000e-01   1.048828125000e+00  -8.691406250000e-02 V_p033_HAS
  2034    0   1.0000000000000000e+00  -7.2656250000000000e-01   1.7851562500000000e+00  -7.265625000000e-01   7.851562500000e-01 V_p034_PDW
  2035    0   1.0000000000000000e+00   4.8828125000000000e-03  -8.5937500000000000e-02   4.882812500000e-03  -1.085937500000e+00 V_p035_HAS
  2036    0   1.0000000000000000e+00   7.4023437500000000e-01   1.8164062500000000e+00   7.402343750000e-01   8.164062500000e-01 V_p036_SDN
  2037    0   1.0000000000000000e+00  -1.1132812500000000e+00   8.9648437500000000e-01  -1.113281250000e+00  -1.035156250000e-01 V_p037_SHW
  2038    0   1.0000000000000000e+00   9.0332031250000000e-01   3.1445312500000000e-01   9.033203125000e-01  -6.855468750000e-01 V_p038_HAS
  2039    0   1.0000000000000000e+00  -2.0605468750000000e-01   2.1318359375000000e+00  -2.060546875000e-01   1.131835937500e+00 V_p039_PDW
  2040    0   1.0000000000000000e+00  -6.2109375000000000e-01   1.2695312500000000e-02  -6.210937500000e-01  -9.873046875000e-01 V_p040_SHW
  2041    0   1.0000000000000000e+00   1.1396484375000000e+00   1.3125000000000000e+00   1.139648437500e+00   3.125000000000e-01 V_p041_SDN
  2042    0   1.0000000000000000e+00  -1.0644531250000000e+00   1.5468750000000000e+00  -1.064453125000e+00   5.468750000000e-01 V_p042_PDW
  2043    0   1.0000000000000000e+00   4.2187500000000000e-01  -1.3671875000000000e-01   4.218750000000e-01  -1.136718750000e+00 V_p043_HAS
  2044    0   1.0000000000000000e+00   4.6289062500000000e-01   2.1367187500000000e+00   4.628906250000e-01   1.136718750000e+00 V_p044_SDN
  2045    0   1.0000000000000000e+00  -1.1230468750000000e+00   4.6777343750000000e-01  -1.123046875000e+00  -5.322265625000e-01 V_p045_SHW
  2046    0   1.0000000000000000e+00   1.2011718750000000e+00   6.2988281250000000e-01   1.201171875000e+00  -3.701171875000e-01 V_p046_HAS
  2047    0   1.0000000000000000e+00  -6.4355468750000000e-01   2.0976562500000000e+00  -6.435546875000e-01   1.097656250000e+00 V_p047_PDW
  2048    0   1.0000000000000000e+00  -2.7050781250000000e-01  -2.5781250000000000e-01  -2.705078125000e-01  -1.257812500000e+00 V_p048_SHW
  2049    0   1.0000000000000000e+00   1.0605468750000000e+00   1.7539062500000000e+00   1.060546875000e+00   7.539062500000e-01 V_p049_SDN
  2050    0   1.0000000000000000e+00  -1.3056640625000000e+00   1.1630859375000000e+00  -1.305664062500e+00   1.630859375000e-01 V_p050_PDW
  2051    0   1.0000000000000000e+00   8.6230468750000000e-01  -1.2695312500000000e-02   8.623046875000e-01  -1.012695312500e+00 V_p051_HAS
  2052    0   1.0000000000000000e+00   4.8828125000000000e-02   2.3437500000000000e+00   4.882812500000e-02   1.343750000000e+00 V_p052_SDN
  2053    0   1.0000000000000000e+00  -9.5410156250000000e-01   3.2226562500000000e-02  -9.541015625000e-01  -9.677734375000e-01 V_p053_SHW
  2054    0   1.0000000000000000e+00   1.3710937500000000e+00   1.0703125000000000e+00   1.371093750000e+00   7.031250000000e-02 V_p054_SDE
  2055    0   1.0000000000000000e+00  -1.0693359375000000e+00   1.8837890625000000e+00  -1.069335937500e+00   8.837890625000e-01 V_p055_PDW
  2056    0   1.0000000000000000e+00   1.9335937500000000e-01  -3.8769531250000000e-01   1.933593750000e-01  -1.387695312500e+00 V_p056_HAS
  2057    0   1.0000000000000000e+00   8.0273437500000000e-01   2.1650390625000000e+00   8.027343750000e-01   1.165039062500e+00 V_p057_SDN
  2058    0   1.0000000000000000e+00  -1.3925781250000000e+00   6.7968750000000000e-01  -1.392578125000e+00  -3.203125000000e-01 V_p058_SHW
  2059    0   1.0000000000000000e+00   1.2548828125000000e+00   2.8906250000000000e-01   1.254882812500e+00  -7.109375000000e-01 V_p059_HAS
  2060    0   1.0000000000000000e+00  -4.4921875000000000e-01   2.3847656250000000e+00  -4.492187500000e-01   1.384765625000e+00 V_p060_PDW
  2061    0   1.0000000000000000e+00  -6.1035156250000000e-01  -3.3691406250000000e-01  -6.103515625000e-01  -1.336914062500e+00 V_p061_SHW
  2062    0   1.0000000000000000e+00   1.3652343750000000e+00   1.5791015625000000e+00   1.365234375000e+00   5.791015625000e-01 V_p062_SDN
  2063    0   1.0000000000000000e+00  -1.4111328125000000e+00   1.4990234375000000e+00  -1.411132812500e+00   4.990234375000e-01 V_p063_PDW
  2064    0   1.0000000000000000e+00   7.0898437500000000e-01  -3.3300781250000000e-01   7.089843750000e-01  -1.333007812500e+00 V_p064_HAS
  2065    0   1.0000000000000000e+00   3.8085937500000000e-01   2.4746093750000000e+00   3.808593750000e-01   1.474609375000e+00 V_p065_SDN
  2066    0   1.0000000000000000e+00  -1.2880859375000000e+00   1.6308593750000000e-01  -1.288085937500e+00  -8.369140625000e-01 V_p066_SHW
  2067    0   1.0000000000000000e+00   1.5283203125000000e+00   7.4511718750000000e-01   1.528320312500e+00  -2.548828125000e-01 V_p067_HAE
  2068    0   1.0000000000000000e+00  -9.6289062500000000e-01   2.2314453125000000e+00  -9.628906250000e-01   1.231445312500e+00 V_p068_PDW
  2069    0   1.0000000000000000e+00  -1.2207031250000000e-01  -5.7128906250000000e-01  -1.220703125000e-01  -1.571289062500e+00 V_p069_SHS
  2070    0   1.0000000000000000e+00   1.1611328125000000e+00   2.0849609375000000e+00   1.161132812500e+00   1.084960937500e+00 V_p070_SDN
  2071    0   1.0000000000000000e+00  -1.6025390625000000e+00   9.8437500000000000e-01  -1.602539062500e+00  -1.562500000000e-02 V_p071_SHW
  2072    0   1.0000000000000000e+00   1.2011718750000000e+00  -7.9101562500000000e-02   1.201171875000e+00  -1.079101562500e+00 V_p072_HAS
  2073    0   1.0000000000000000e+00  -1.5820312500000000e-01   2.6201171875000000e+00  -1.582031250000e-01   1.620117187500e+00 V_p073_PDN
  2074    0   1.0000000000000000e+00  -9.8535156250000000e-01  -3.1250000000000000e-01  -9.853515625000e-01  -1.312500000000e+00 V_p074_SHW
  2075    0   1.0000000000000000e+00   1.6259765625000000e+00   1.3037109375000000e+00   1.625976562500e+00   3.037109375000e-01 V_p075_SDE
  2076    0   1.0000000000000000e+00  -1.4150390625000000e+00   1.8808593750000000e+00  -1.415039062500e+00   8.808593750000e-01 V_p076_PDW
  2077    0   1.0000000000000000e+00   4.5214843750000000e-01  -6.1718750000000000e-01   4.521484375000e-01  -1.617187500000e+00 V_p077_HAS
  2078    0   1.0000000000000000e+00   7.6562500000000000e-01   2.5087890625000000e+00   7.656250000000e-01   1.508789062500e+00 V_p078_SDN
  2079    0   1.0000000000000000e+00  -1.5957031250000000e+00   3.9941406250000000e-01  -1.595703125000e+00  -6.005859375000e-01 V_p079_SHW
  2080    0   1.0000000000000000e+00   1.5937500000000000e+00   3.6035156250000000e-01   1.593750000000e+00  -6.396484375000e-01 V_p080_HAS
  2081    0   1.0000000000000000e+00  -7.4902343750000000e-01   2.5595703125000000e+00  -7.490234375000e-01   1.559570312500e+00 V_p081_PDW
  2082    0   1.0000000000000000e+00  -5.0488281250000000e-01  -6.6796875000000000e-01  -5.048828125000e-01  -1.667968750000e+00 V_p082_SHS
  2083    0   1.0000000000000000e+00   1.5097656250000000e+00   1.8945312500000000e+00   1.509765625000e+00   8.945312500000e-01 V_p083_SDN
  2084    0   1.0000000000000000e+00  -1.7304687500000000e+00   1.3623046875000000e+00  -1.730468750000e+00   3.623046875000e-01 V_p084_PDW
  2085    0   1.0000000000000000e+00   1.0380859375000000e+00  -4.4628906250000000e-01   1.038085937500e+00  -1.446289062500e+00 V_p085_HAS
  2086    0   1.0000000000000000e+00   2.1289062500000000e-01   2.7802734375000000e+00   2.128906250000e-01   1.780273437500e+00 V_p086_SDN
  2087    0   1.0000000000000000e+00  -1.3691406250000000e+00  -1.7675781250000000e-01  -1.369140625000e+00  -1.176757812500e+00 V_p087_SHW
  2088    0   1.0000000000000000e+00   1.8164062500000000e+00   9.4238281250000000e-01   1.816406250000e+00  -5.761718750000e-02 V_p088_HAE
  2089    0   1.0000000000000000e+00  -1.3095703125000000e+00   2.2783203125000000e+00  -1.309570312500e+00   1.278320312500e+00 V_p089_PDW
  2090    0   1.0000000000000000e+00   1.0351562500000000e-01  -8.3984375000000000e-01   1.035156250000e-01  -1.839843750000e+00 V_p090_HAS
  2091    0   1.0000000000000000e+00   1.1748046875000000e+00   2.4355468750000000e+00   1.174804687500e+00   1.435546875000e+00 V_p091_SDN
  2092    0   1.0000000000000000e+00  -1.8476562500000000e+00   7.3339843750000000e-01  -1.847656250000e+00  -2.666015625000e-01 V_p092_SHW
  2093    0   1.0000000000000000e+00   1.5527343750000000e+00  -5.8593750000000000e-02   1.552734375000e+00  -1.058593750000e+00 V_p093_HAS
  2094    0   1.0000000000000000e+00  -4.3359375000000000e-01   2.8408203125000000e+00  -4.335937500000e-01   1.840820312500e+00 V_p094_PDN
  2095    0   1.0000000000000000e+00  -9.3066406250000000e-01  -6.6113281250000000e-01  -9.306640625000e-01  -1.661132812500e+00 V_p095_SHW
  2096    0   1.0000000000000000e+00   1.8193359375000000e+00   1.5996093750000000e+00   1.819335937500e+00   5.996093750000e-01 V_p096_SDE
  2097    0   1.0000000000000000e+00  -1.7578125000000000e+00   1.7919921875000000e+00  -1.757812500000e+00   7.919921875000e-01 V_p097_PDW
  2098    0   1.0000000000000000e+00   7.6660156250000000e-01  -7.8222656250000000e-01   7.666015625000e-01  -1.782226562500e+00 V_p098_HAS
  2099    0   1.0000000000000000e+00   6.4257812500000000e-01   2.8437500000000000e+00   6.425781250000e-01   1.843750000000e+00 V_p099_SDN
  2100    0   1.0000000000000000e+00  -1.7304687500000000e+00   6.9335937500000000e-02  -1.730468750000e+00  -9.306640625000e-01 V_p100_SHW
  2101    0   1.0000000000000000e+00   1.9160156250000000e+00   5.1464843750000000e-01   1.916015625000e+00  -4.853515625000e-01 V_p101_HAE
  2102    0   1.0000000000000000e+00  -1.0917968750000000e+00   2.6621093750000000e+00  -1.091796875000e+00   1.662109375000e+00 V_p102_PDW
  2103    0   1.0000000000000000e+00  -3.1933593750000000e-01  -9.7558593750000000e-01  -3.193359375000e-01  -1.975585937500e+00 V_p103_SHS
  2104    0   1.0000000000000000e+00   1.5791015625000000e+00   2.2480468750000000e+00   1.579101562500e+00   1.248046875000e+00 V_p104_SDN
  2105    0   1.0000000000000000e+00  -2.0195312500000000e+00   1.1474609375000000e+00  -2.019531250000e+00   1.474609375000e-01 V_p105_PDW
  2106    0   1.0000000000000000e+00   1.3974609375000000e+00  -4.8144531250000000e-01   1.397460937500e+00  -1.481445312500e+00 V_p106_HAS
  2107    0   1.0000000000000000e+00  -3.0273437500000000e-02   3.0488281250000000e+00  -3.027343750000e-02   2.048828125000e+00 V_p107_PDN
  2108    0   1.0000000000000000e+00  -1.3701171875000000e+00  -5.4003906250000000e-01  -1.370117187500e+00  -1.540039062500e+00 V_p108_SHW
  2109    0   1.0000000000000000e+00   2.0625000000000000e+00   1.2119140625000000e+00   2.062500000000e+00   2.119140625000e-01 V_p109_SDE
  2110    0   1.0000000000000000e+00  -1.6728515625000000e+00   2.2441406250000000e+00  -1.672851562500e+00   1.244140625000e+00 V_p110_PDW
  2111    0   1.0000000000000000e+00   3.9550781250000000e-01  -1.0595703125000000e+00   3.955078125000e-01  -2.059570312500e+00 V_p111_HAS
  2112    0   1.0000000000000000e+00   1.1054687500000000e+00   2.7958984375000000e+00   1.105468750000e+00   1.795898437500e+00 V_p112_SDN
  2113    0   1.0000000000000000e+00  -2.0400390625000000e+00   4.1894531250000000e-01  -2.040039062500e+00  -5.810546875000e-01 V_p113_SHW
  2114    0   1.0000000000000000e+00   1.9072265625000000e+00   4.4921875000000000e-02   1.907226562500e+00  -9.550781250000e-01 V_p114_HAS
  2115    0   1.0000000000000000e+00  -7.6562500000000000e-01   3.0039062500000000e+00  -7.656250000000e-01   2.003906250000e+00 V_p115_PDN
  2116    0   1.0000000000000000e+00  -7.9394531250000000e-01  -1.0058593750000000e+00  -7.939453125000e-01  -2.005859375000e+00 V_p116_SHS
  2117    0   1.0000000000000000e+00   1.9511718750000000e+00   1.9482421875000000e+00   1.951171875000e+00   9.482421875000e-01 V_p117_SDE
  2118    0   1.0000000000000000e+00  -2.0898437500000000e+00   1.6220703125000000e+00  -2.089843750000e+00   6.220703125000e-01 V_p118_PDW
  2119    0   1.0000000000000000e+00   1.1269531250000000e+00  -8.8085937500000000e-01   1.126953125000e+00  -1.880859375000e+00 V_p119_HAS
  2120    0   1.0000000000000000e+00   4.4140625000000000e-01   3.1601562500000000e+00   4.414062500000e-01   2.160156250000e+00 V_p120_SDN
  2121    0   1.0000000000000000e+00  -1.7949218750000000e+00  -3.0175781250000000e-01  -1.794921875000e+00  -1.301757812500e+00 V_p121_SHW
  2122    0   1.0000000000000000e+00   2.2138671875000000e+00   7.4609375000000000e-01   2.213867187500e+00  -2.539062500000e-01 V_p122_HAE
  2123    0   1.0000000000000000e+00  -1.4687500000000000e+00   2.6923828125000000e+00  -1.468750000000e+00   1.692382812500e+00 V_p123_PDW
  2124    0   1.0000000000000000e+00  -6.0546875000000000e-02  -1.2519531250000000e+00  -6.054687500000e-02  -2.251953125000e+00 V_p124_SHS
  2125    0   1.0000000000000000e+00   1.5732421875000000e+00   2.6279296875000000e+00   1.573242187500e+00   1.627929687500e+00 V_p125_SDN
  2126    0   1.0000000000000000e+00  -2.2724609375000000e+00   8.6132812500000000e-01  -2.272460937500e+00  -1.386718750000e-01 V_p126_SHW
  2127    0   1.0000000000000000e+00   1.7783203125000000e+00  -4.4042968750000000e-01   1.778320312500e+00  -1.440429687500e+00 V_p127_HAS
  2128    0   1.0000000000000000e+00  -3.3984375000000000e-01   3.2744140625000000e+00  -3.398437500000e-01   2.274414062500e+00 V_p128_PDN
  2129    0   1.0000000000000000e+00  -1.2929687500000000e+00  -9.1699218750000000e-01  -1.292968750000e+00  -1.916992187500e+00 V_p129_SHW
  2130    0   1.0000000000000000e+00   2.2597656250000000e+00   1.5429687500000000e+00   2.259765625000e+00   5.429687500000e-01 V_p130_SDE
  2131    0   1.0000000000000000e+00  -2.0439453125000000e+00   2.1308593750000000e+00  -2.043945312500e+00   1.130859375000e+00 V_p131_PDW
  2132    0   1.0000000000000000e+00   7.4609375000000000e-01  -1.2255859375000000e+00   7.460937500000e-01  -2.225585937500e+00 V_p132_HAS
  2133    0   1.0000000000000000e+00   9.5800781250000000e-01   3.1562500000000000e+00   9.580078125000e-01   2.156250000000e+00 V_p133_SDN
  2134    0   1.0000000000000000e+00  -2.1738281250000000e+00   5.2734375000000000e-02  -2.173828125000e+00  -9.472656250000e-01 V_p134_SHW
  2135    0   1.0000000000000000e+00   2.2539062500000000e+00   2.2656250000000000e-01   2.253906250000e+00  -7.734375000000e-01 V_p135_HAE
  2136    0   1.0000000000000000e+00  -1.1455078125000000e+00   3.1035156250000000e+00  -1.145507812500e+00   2.103515625000e+00 V_p136_PDW
  2137    0   1.0000000000000000e+00  -5.7910156250000000e-01  -1.3369140625000000e+00  -5.791015625000e-01  -2.336914062500e+00 V_p137_SHS
  2138    0   1.0000000000000000e+00   2.0156250000000000e+00   2.3378906250000000e+00   2.015625000000e+00   1.337890625000e+00 V_p138_SDN
  2139    0   1.0000000000000000e+00  -2.4013671875000000e+00   1.3769531250000000e+00  -2.401367187500e+00   3.769531250000e-01 V_p139_PDW
  2140    0   1.0000000000000000e+00   1.5244140625000000e+00  -9.0917968750000000e-01   1.524414062500e+00  -1.909179687500e+00 V_p140_HAS
  2141    0   1.0000000000000000e+00   1.6699218750000000e-01   3.4492187500000000e+00   1.669921875000e-01   2.449218750000e+00 V_p141_SDN
  2142    0   1.0000000000000000e+00  -1.7861328125000000e+00  -7.0117187500000000e-01  -1.786132812500e+00  -1.701171875000e+00 V_p142_SHW
  2143    0   1.0000000000000000e+00   2.4785156250000000e+00   1.0488281250000000e+00   2.478515625000e+00   4.882812500000e-02 V_p143_SDE
  2144    0   1.0000000000000000e+00  -1.8691406250000000e+00   2.6464843750000000e+00  -1.869140625000e+00   1.646484375000e+00 V_p144_PDW
  2145    0   1.0000000000000000e+00   2.6757812500000000e-01  -1.4882812500000000e+00   2.675781250000e-01  -2.488281250000e+00 V_p145_HAS
  2146    0   1.0000000000000000e+00   1.4912109375000000e+00   3.0253906250000000e+00   1.491210937500e+00   2.025390625000e+00 V_p146_SDN
  2147    0   1.0000000000000000e+00  -2.4794921875000000e+00   5.1171875000000000e-01  -2.479492187500e+00  -4.882812500000e-01 V_p147_SHW
  2148    0   1.0000000000000000e+00   2.1679687500000000e+00  -3.2031250000000000e-01   2.167968750000e+00  -1.320312500000e+00 V_p148_HAS
  2149    0   1.0000000000000000e+00  -7.0996093750000000e-01   3.4501953125000000e+00  -7.099609375000e-01   2.450195312500e+00 V_p149_PDN
  2150    0   1.0000000000000000e+00  -1.1367187500000000e+00  -1.2968750000000000e+00  -1.136718750000e+00  -2.296875000000e+00 V_p150_SHS
  2151    0   1.0000000000000000e+00   2.4013671875000000e+00   1.9306640625000000e+00   2.401367187500e+00   9.306640625000e-01 V_p151_SDE
  2152    0   1.0000000000000000e+00  -2.4101562500000000e+00   1.9404296875000000e+00  -2.410156250000e+00   9.404296875000e-01 V_p152_PDW
  2153    0   1.0000000000000000e+00   1.1474609375000000e+00  -1.3320312500000000e+00   1.147460937500e+00  -2.332031250000e+00 V_p153_HAS
  2154    0   1.0000000000000000e+00   7.3242187500000000e-01   3.5058593750000000e+00   7.324218750000e-01   2.505859375000e+00 V_p154_SDN
  2155    0   1.0000000000000000e+00  -2.2431640625000000e+00  -3.5937500000000000e-01  -2.243164062500e+00  -1.359375000000e+00 V_p155_SHW
  2156    0   1.0000000000000000e+00   2.5839843750000000e+00   4.8437500000000000e-01   2.583984375000e+00  -5.156250000000e-01 V_p156_HAE
  2157    0   1.0000000000000000e+00  -1.5644531250000000e+00   3.1357421875000000e+00  -1.564453125000e+00   2.135742187500e+00 V_p157_PDW
  2158    0   1.0000000000000000e+00  -2.9003906250000000e-01  -1.6435546875000000e+00  -2.900390625000e-01  -2.643554687500e+00 V_p158_SHS
  2159    0   1.0000000000000000e+00   2.0087890625000000e+00   2.7607421875000000e+00   2.008789062500e+00   1.760742187500e+00 V_p159_SDN
  2160    0   1.0000000000000000e+00  -2.6826171875000000e+00   1.0585937500000000e+00  -2.682617187500e+00   5.859375000000e-02 V_p160_PDW
  2161    0   1.0000000000000000e+00   1.9472656250000000e+00  -8.6328125000000000e-01   1.947265625000e+00  -1.863281250000e+00 V_p161_HAS
  2162    0   1.0000000000000000e+00  -1.7773437500000000e-01   3.7021484375000000e+00  -1.777343750000e-01   2.702148437500e+00 V_p162_PDN
  2163    0   1.0000000000000000e+00  -1.7011718750000000e+00  -1.1220703125000000e+00  -1.701171875000e+00  -2.122070312500e+00 V_p163_SHW
  2164    0   1.0000000000000000e+00   2.7001953125000000e+00   1.4169921875000000e+00   2.700195312500e+00   4.169921875000e-01 V_p164_SDE
  2165    0   1.0000000000000000e+00  -2.2832031250000000e+00   2.5234375000000000e+00  -2.283203125000e+00   1.523437500000e+00 V_p165_PDW
  2166    0   1.0000000000000000e+00   6.5722656250000000e-01  -1.6767578125000000e+00   6.572265625000e-01  -2.676757812500e+00 V_p166_HAS
  2167    0   1.0000000000000000e+00   1.3291015625000000e+00   3.4287109375000000e+00   1.329101562500e+00   2.428710937500e+00 V_p167_SDN
  2168    0   1.0000000000000000e+00  -2.6328125000000000e+00   1.0351562500000000e-01  -2.632812500000e+00  -8.964843750000e-01 V_p168_SHW
  2169    0   1.0000000000000000e+00   2.5576171875000000e+00  -1.2207031250000000e-01   2.557617187500e+00  -1.122070312500e+00 V_p169_HAE
  2170    0   1.0000000000000000e+00  -1.1337890625000000e+00   3.5664062500000000e+00  -1.133789062500e+00   2.566406250000e+00 V_p170_PDN
  2171    0   1.0000000000000000e+00  -9.0136718750000000e-01  -1.6699218750000000e+00  -9.013671875000e-01  -2.669921875000e+00 V_p171_SHS
  2172    0   1.0000000000000000e+00   2.4785156250000000e+00   2.3652343750000000e+00   2.478515625000e+00   1.365234375000e+00 V_p172_SDE
  2173    0   1.0000000000000000e+00  -2.7617187500000000e+00   1.6708984375000000e+00  -2.761718750000e+00   6.708984375000e-01 V_p173_PDW
  2174    0   1.0000000000000000e+00   1.5908203125000000e+00  -1.3701171875000000e+00   1.590820312500e+00  -2.370117187500e+00 V_p174_HAS
  2175    0   1.0000000000000000e+00   4.3066406250000000e-01   3.8349609375000000e+00   4.306640625000e-01   2.834960937500e+00 V_p175_SDN
  2176    0   1.0000000000000000e+00  -2.2412109375000000e+00  -8.0761718750000000e-01  -2.241210937500e+00  -1.807617187500e+00 V_p176_SHW
  2177    0   1.0000000000000000e+00   2.8857421875000000e+00   8.1738281250000000e-01   2.885742187500e+00  -1.826171875000e-01 V_p177_HAE
  2178    0   1.0000000000000000e+00  -2.0136718750000000e+00   3.0927734375000000e+00  -2.013671875000e+00   2.092773437500e+00 V_p178_PDW
  2179    0   1.0000000000000000e+00   7.1289062500000000e-02  -1.9160156250000000e+00   7.128906250000e-02  -2.916015625000e+00 V_p179_HAS
  2180    0   1.0000000000000000e+00   1.9248046875000000e+00   3.2070312500000000e+00   1.924804687500e+00   2.207031250000e+00 V_p180_SDN
  2181    0   1.0000000000000000e+00  -2.9228515625000000e+00   6.7187500000000000e-01  -2.922851562500e+00  -3.281250000000e-01 V_p181_SHW
  2182    0   1.0000000000000000e+00   2.3876953125000000e+00  -7.3925781250000000e-01   2.387695312500e+00  -1.739257812500e+00 V_p182_HAS
  2183    0   1.0000000000000000e+00  -5.8789062500000000e-01   3.9082031250000000e+00  -5.878906250000e-01   2.908203125000e+00 V_p183_PDN
  2184    0   1.0000000000000000e+00  -1.5371093750000000e+00  -1.5517578125000000e+00  -1.537109375000e+00  -2.551757812500e+00 V_p184_SHS
  2185    0   1.0000000000000000e+00   2.8691406250000000e+00   1.8466796875000000e+00   2.869140625000e+00   8.466796875000e-01 V_p185_SDE
  2186    0   1.0000000000000000e+00  -2.6992187500000000e+00   2.3193359375000000e+00  -2.699218750000e+00   1.319335937500e+00 V_p186_PDW
  2187    0   1.0000000000000000e+00   1.1035156250000000e+00  -1.8076171875000000e+00   1.103515625000e+00  -2.807617187500e+00 V_p187_HAS
  2188    0   1.0000000000000000e+00   1.0869140625000000e+00   3.8281250000000000e+00   1.086914062500e+00   2.828125000000e+00 V_p188_SDN
  2189    0   1.0000000000000000e+00  -2.7226562500000000e+00  -3.5644531250000000e-01  -2.722656250000e+00  -1.356445312500e+00 V_p189_SHW
  2190    0   1.0000000000000000e+00   2.9365234375000000e+00   1.5722656250000000e-01   2.936523437500e+00  -8.427734375000e-01 V_p190_HAE
  2191    0   1.0000000000000000e+00  -1.6025390625000000e+00   3.6162109375000000e+00  -1.602539062500e+00   2.616210937500e+00 V_p191_PDN
  2192    0   1.0000000000000000e+00  -5.8789062500000000e-01  -2.0234375000000000e+00  -5.878906250000e-01  -3.023437500000e+00 V_p192_SHS
  2193    0   1.0000000000000000e+00   2.4863281250000000e+00   2.8398437500000000e+00   2.486328125000e+00   1.839843750000e+00 V_p193_SDN
  2194    0   1.0000000000000000e+00  -3.0888671875000000e+00   1.3242187500000000e+00  -3.088867187500e+00   3.242187500000e-01 V_p194_PDW
  2195    0   1.0000000000000000e+00   2.0673828125000000e+00  -1.3349609375000000e+00   2.067382812500e+00  -2.334960937500e+00 V_p195_HAS
  2196    0   1.0000000000000000e+00   5.2734375000000000e-02   4.1308593750000000e+00   5.273437500000e-02   3.130859375000e+00 V_p196_SDN
  2197    0   1.0000000000000000e+00  -2.1630859375000000e+00  -1.2822265625000000e+00  -2.163085937500e+00  -2.282226562500e+00 V_p197_SHW
  2198    0   1.0000000000000000e+00   3.1494140625000000e+00   1.2226562500000000e+00   3.149414062500e+00   2.226562500000e-01 V_p198_SDE
  2199    0   1.0000000000000000e+00  -2.4824218750000000e+00   2.9707031250000000e+00  -2.482421875000e+00   1.970703125000e+00 V_p199_PDW
  2200    0   1.0000000000000000e+00   5.0097656250000000e-01  -2.1435546875000000e+00   5.009765625000e-01  -3.143554687500e+00 V_p200_HAS
  2201    0   1.0000000000000000e+00   1.7607421875000000e+00   3.6669921875000000e+00   1.760742187500e+00   2.666992187500e+00 V_p201_SDN
  2202    0   1.0000000000000000e+00  -3.1123046875000000e+00   2.1972656250000000e-01  -3.112304687500e+00  -7.802734375000e-01 V_p202_SHW
  2203    0   1.0000000000000000e+00   2.8339843750000000e+00  -5.3320312500000000e-01   2.833984375000e+00  -1.533203125000e+00 V_p203_HAE
  2204    0   1.0000000000000000e+00  -1.0585937500000000e+00   4.0576171875000000e+00  -1.058593750000e+00   3.057617187500e+00 V_p204_PDN
  2205    0   1.0000000000000000e+00  -1.2900390625000000e+00  -1.9814453125000000e+00  -1.290039062500e+00  -2.981445312500e+00 V_p205_SHS
  2206    0   1.0000000000000000e+00   2.9765625000000000e+00   2.3320312500000000e+00   2.976562500000e+00   1.332031250000e+00 V_p206_SDE
  2207    0   1.0000000000000000e+00  -3.1074218750000000e+00   2.0332031250000000e+00  -3.107421875000e+00   1.033203125000e+00 V_p207_PDW
  2208    0   1.0000000000000000e+00   1.5996093750000000e+00  -1.8720703125000000e+00   1.599609375000e+00  -2.872070312500e+00 V_p208_HAS
  2209    0   1.0000000000000000e+00   7.6367187500000000e-01   4.2119140625000000e+00   7.636718750000e-01   3.211914062500e+00 V_p209_SDN
  2210    0   1.0000000000000000e+00  -2.7431640625000000e+00  -8.6035156250000000e-01  -2.743164062500e+00  -1.860351562500e+00 V_p210_SHW
  2211    0   1.0000000000000000e+00   3.2919921875000000e+00   5.1660156250000000e-01   3.291992187500e+00  -4.833984375000e-01 V_p211_HAE
  2212    0   1.0000000000000000e+00  -2.1093750000000000e+00   3.5908203125000000e+00  -2.109375000000e+00   2.590820312500e+00 V_p212_PDW
  2213    0   1.0000000000000000e+00  -1.9531250000000000e-01  -2.3486328125000000e+00  -1.953125000000e-01  -3.348632812500e+00 V_p213_SHS
  2214    0   1.0000000000000000e+00   2.4160156250000000e+00   3.3466796875000000e+00   2.416015625000e+00   2.346679687500e+00 V_p214_SDN
  2215    0   1.0000000000000000e+00  -3.3798828125000000e+00   9.0136718750000000e-01  -3.379882812500e+00  -9.863281250000e-02 V_p215_SHW
  2216    0   1.0000000000000000e+00   2.5693359375000000e+00  -1.2187500000000000e+00   2.569335937500e+00  -2.218750000000e+00 V_p216_HAS
  2217    0   1.0000000000000000e+00  -3.9746093750000000e-01   4.3847656250000000e+00  -3.974609375000e-01   3.384765625000e+00 V_p217_PDN
  2218    0   1.0000000000000000e+00  -2.0009765625000000e+00  -1.7753906250000000e+00  -2.000976562500e+00  -2.775390625000e+00 V_p218_SHW
  2219    0   1.0000000000000000e+00   3.3632812500000000e+00   1.6972656250000000e+00   3.363281250000e+00   6.972656250000e-01 V_p219_SDE
  2220    0   1.0000000000000000e+00  -2.9628906250000000e+00   2.7646484375000000e+00  -2.962890625000e+00   1.764648437500e+00 V_p220_PDW
  2221    0   1.0000000000000000e+00   9.9609375000000000e-01  -2.3164062500000000e+00   9.960937500000e-01  -3.316406250000e+00 V_p221_HAS
  2222    0   1.0000000000000000e+00   1.5107421875000000e+00   4.1308593750000000e+00   1.510742187500e+00   3.130859375000e+00 V_p222_SDN
  2223    0   1.0000000000000000e+00  -3.2412109375000000e+00  -2.9296875000000000e-01  -3.241210937500e+00  -1.292968750000e+00 V_p223_SHW
  2224    0   1.0000000000000000e+00   3.2763671875000000e+00  -2.4121093750000000e-01   3.276367187500e+00  -1.241210937500e+00 V_p224_HAE
  2225    0   1.0000000000000000e+00  -1.5830078125000000e+00   4.1406250000000000e+00  -1.583007812500e+00   3.140625000000e+00 V_p225_PDN
  2226    0   1.0000000000000000e+00  -9.5800781250000000e-01  -2.3984375000000000e+00  -9.580078125000e-01  -3.398437500000e+00 V_p226_SHS
  2227    0   1.0000000000000000e+00   3.0136718750000000e+00   2.8662109375000000e+00   3.013671875000e+00   1.866210937500e+00 V_p227_SDE
  2228    0   1.0000000000000000e+00  -3.4970703125000000e+00   1.6621093750000000e+00  -3.497070312500e+00   6.621093750000e-01 V_p228_PDW
  2229    0   1.0000000000000000e+00   2.1396484375000000e+00  -1.8613281250000000e+00   2.139648437500e+00  -2.861328125000e+00 V_p229_HAS
  2230    0   1.0000000000000000e+00   3.5644531250000000e-01   4.5693359375000000e+00   3.564453125000e-01   3.569335937500e+00 V_p230_SDN
  2231    0   1.0000000000000000e+00  -2.6845703125000000e+00  -1.4003906250000000e+00  -2.684570312500e+00  -2.400390625000e+00 V_p231_SHW
  2232    0   1.0000000000000000e+00   3.6152343750000000e+00   9.5605468750000000e-01   3.615234375000e+00  -4.394531250000e-02 V_p232_HAE
  2233    0   1.0000000000000000e+00  -2.6464843750000000e+00   3.4833984375000000e+00  -2.646484375000e+00   2.483398437500e+00 V_p233_PDW
  2234    0   1.0000000000000000e+00   2.7441406250000000e-01  -2.6328125000000000e+00   2.744140625000e-01  -3.632812500000e+00 V_p234_HAS
  2235    0   1.0000000000000000e+00   2.2607421875000000e+00   3.8759765625000000e+00   2.260742187500e+00   2.875976562500e+00 V_p235_SDN
  2236    0   1.0000000000000000e+00  -3.6230468750000000e+00   4.0429687500000000e-01  -3.623046875000e+00  -5.957031250000e-01 V_p236_SHW
  2237    0   1.0000000000000000e+00   3.0859375000000000e+00  -1.0156250000000000e+00   3.085937500000e+00  -2.015625000000e+00 V_p237_HAE
  2238    0   1.0000000000000000e+00  -9.1796875000000000e-01   4.5849609375000000e+00  -9.179687500000e-01   3.584960937500e+00 V_p238_PDN
  2239    0   1.0000000000000000e+00  -1.7519531250000000e+00  -2.2763671875000000e+00  -1.751953125000e+00  -3.276367187500e+00 V_p239_SHS
  2240    0   1.0000000000000000e+00   3.5185546875000000e+00   2.2373046875000000e+00   3.518554687500e+00   1.237304687500e+00 V_p240_SDE
  2241    0   1.0000000000000000e+00  -3.4433593750000000e+00   2.4707031250000000e+00  -3.443359375000e+00   1.470703125000e+00 V_p241_PDW
  2242    0   1.0000000000000000e+00   1.5517578125000000e+00  -2.4238281250000000e+00   1.551757812500e+00  -3.423828125000e+00 V_p242_HAS
  2243    0   1.0000000000000000e+00   1.1728515625000000e+00   4.5869140625000000e+00   1.172851562500e+00   3.586914062500e+00 V_p243_SDN
  2244    0   1.0000000000000000e+00  -3.2998046875000000e+00  -8.5937500000000000e-01  -3.299804687500e+00  -1.859375000000e+00 V_p244_SHW
  2245    0   1.0000000000000000e+00   3.7041015625000000e+00   1.3867187500000000e-01   3.704101562500e+00  -8.613281250000e-01 V_p245_HAE
  2246    0   1.0000000000000000e+00  -2.1582031250000000e+00   4.1494140625000000e+00  -2.158203125000e+00   3.149414062500e+00 V_p246_PDW
  2247    0   1.0000000000000000e+00  -5.3808593750000000e-01  -2.7939453125000000e+00  -5.380859375000e-01  -3.793945312500e+00 V_p247_SHS
  2248    0   1.0000000000000000e+00   2.9716796875000000e+00   3.4433593750000000e+00   2.971679687500e+00   2.443359375000e+00 V_p248_SDN
  2249    0   1.0000000000000000e+00  -3.8564453125000000e+00   1.2060546875000000e+00  -3.856445312500e+00   2.060546875000e-01 V_p249_PDW
  2250    0   1.0000000000000000e+00   2.7148437500000000e+00  -1.7675781250000000e+00   2.714843750000e+00  -2.767578125000e+00 V_p250_HAS
  2251    0   1.0000000000000000e+00  -1.3281250000000000e-01   4.8896484375000000e+00  -1.328125000000e-01   3.889648437500e+00 V_p251_PDN
  2252    0   1.0000000000000000e+00  -2.5390625000000000e+00  -1.9697265625000000e+00  -2.539062500000e+00  -2.969726562500e+00 V_p252_SHW
  2253    0   1.0000000000000000e+00   3.8935546875000000e+00   1.4765625000000000e+00   3.893554687500e+00   4.765625000000e-01 V_p253_SDE
  2254    0   1.0000000000000000e+00  -3.2050781250000000e+00   3.2880859375000000e+00  -3.205078125000e+00   2.288085937500e+00 V_p254_PDW
  2255    0   1.0000000000000000e+00   8.2128906250000000e-01  -2.8671875000000000e+00   8.212890625000e-01  -3.867187500000e+00 V_p255_HAS
  2256    0   1.0000000000000000e+00   2.0146484375000000e+00   4.4189453125000000e+00   2.014648437500e+00   3.418945312500e+00 V_p256_SDN
  2257    0   1.0000000000000000e+00  -3.8095703125000000e+00  -1.6503906250000000e-01  -3.809570312500e+00  -1.165039062500e+00 V_p257_SHW
  2258    0   1.0000000000000000e+00   3.6093750000000000e+00  -7.2070312500000000e-01   3.609375000000e+00  -1.720703125000e+00 V_p258_HAE
  2259    0   1.0000000000000000e+00  -1.5048828125000000e+00   4.7216796875000000e+00  -1.504882812500e+00   3.721679687500e+00 V_p259_PDN
  2260    0   1.0000000000000000e+00  -1.4091796875000000e+00  -2.7753906250000000e+00  -1.409179687500e+00  -3.775390625000e+00 V_p260_SHS
  2261    0   1.0000000000000000e+00   3.6035156250000000e+00   2.8388671875000000e+00   3.603515625000e+00   1.838867187500e+00 V_p261_SDE
  2262    0   1.0000000000000000e+00  -3.9140625000000000e+00   2.0820312500000000e+00  -3.914062500000e+00   1.082031250000e+00 V_p262_PDW
  2263    0   1.0000000000000000e+00   2.1630859375000000e+00  -2.4560546875000000e+00   2.163085937500e+00  -3.456054687500e+00 V_p263_HAS
  2264    0   1.0000000000000000e+00   7.4218750000000000e-01   5.0253906250000000e+00   7.421875000000e-01   4.025390625000e+00 V_p264_SDN
  2265    0   1.0000000000000000e+00  -3.2783203125000000e+00  -1.4765625000000000e+00  -3.278320312500e+00  -2.476562500000e+00 V_p265_SHW
  2266    0   1.0000000000000000e+00   4.1064453125000000e+00   6.1035156250000000e-01   4.106445312500e+00  -3.896484375000e-01 V_p266_HAE
  2267    0   1.0000000000000000e+00  -2.7753906250000000e+00   4.0732421875000000e+00  -2.775390625000e+00   3.073242187500e+00 V_p267_PDW
  2268    0   1.0000000000000000e+00  -3.0273437500000000e-02  -3.1572265625000000e+00  -3.027343750000e-02  -4.157226562500e+00 V_p268_SHS
  2269    0   1.0000000000000000e+00   2.8408203125000000e+00   4.0566406250000000e+00   2.840820312500e+00   3.056640625000e+00 V_p269_SDN
  2270    0   1.0000000000000000e+00  -4.1757812500000000e+00   6.6406250000000000e-01  -4.175781250000e+00  -3.359375000000e-01 V_p270_SHW
  2271    0   1.0000000000000000e+00   3.3193359375000000e+00  -1.5830078125000000e+00   3.319335937500e+00  -2.583007812500e+00 V_p271_HAS
  2272    0   1.0000000000000000e+00  -7.0507812500000000e-01   5.1621093750000000e+00  -7.050781250000e-01   4.162109375000e+00 V_p272_PDN
  2273    0   1.0000000000000000e+00  -2.3007812500000000e+00  -2.5595703125000000e+00  -2.300781250000e+00  -3.559570312500e+00 V_p273_SHS
  2274    0   1.0000000000000000e+00   4.1162109375000000e+00   2.0751953125000000e+00   4.116210937500e+00   1.075195312500e+00 V_p274_SDE
  2275    0   1.0000000000000000e+00  -3.7763671875000000e+00   2.9960937500000000e+00  -3.776367187500e+00   1.996093750000e+00 V_p275_PDW
  2276    0   1.0000000000000000e+00   1.4423828125000000e+00  -3.0380859375000000e+00   1.442382812500e+00  -4.038085937500e+00 V_p276_HAS
  2277    0   1.0000000000000000e+00   1.6708984375000000e+00   4.9667968750000000e+00   1.670898437500e+00   3.966796875000e+00 V_p277_SDN
  2278    0   1.0000000000000000e+00  -3.9267578125000000e+00  -8.0371093750000000e-01  -3.926757812500e+00  -1.803710937500e+00 V_p278_SHW
  2279    0   1.0000000000000000e+00   4.1298828125000000e+00  -3.2812500000000000e-01   4.129882812500e+00  -1.328125000000e+00 V_p279_HAE
  2280    0   1.0000000000000000e+00  -2.1562500000000000e+00   4.7832031250000000e+00  -2.156250000000e+00   3.783203125000e+00 V_p280_PDN
  2281    0   1.0000000000000000e+00  -9.6972656250000000e-01  -3.2636718750000000e+00  -9.697265625000e-01  -4.263671875000e+00 V_p281_SHS
  2282    0   1.0000000000000000e+00   3.6083984375000000e+00   3.4980468750000000e+00   3.608398437500e+00   2.498046875000e+00 V_p282_SDE
  2283    0   1.0000000000000000e+00  -4.3652343750000000e+00   1.5976562500000000e+00  -4.365234375000e+00   5.976562500000e-01 V_p283_PDW
  2284    0   1.0000000000000000e+00   2.8261718750000000e+00  -2.4033203125000000e+00   2.826171875000e+00  -3.403320312500e+00 V_p284_HAS
  2285    0   1.0000000000000000e+00   2.1582031250000000e-01   5.4355468750000000e+00   2.158203125000e-01   4.435546875000e+00 V_p285_SDN
  2286    0   1.0000000000000000e+00  -3.1669921875000000e+00  -2.1376953125000000e+00  -3.166992187500e+00  -3.137695312500e+00 V_p286_SHW
  2287    0   1.0000000000000000e+00   4.4726562500000000e+00   1.1748046875000000e+00   4.472656250000e+00   1.748046875000e-01 V_p287_SDE
  2288    0   1.0000000000000000e+00  -3.4296875000000000e+00   3.9033203125000000e+00  -3.429687500000e+00   2.903320312500e+00 V_p288_PDW
  2289    0   1.0000000000000000e+00   5.6933593750000000e-01  -3.4746093750000000e+00   5.693359375000e-01  -4.474609375000e+00 V_p289_HAS
  2290    0   1.0000000000000000e+00   2.6132812500000000e+00   4.6992187500000000e+00   2.613281250000e+00   3.699218750000e+00 V_p290_SDN
  2291    0   1.0000000000000000e+00  -4.4423828125000000e+00   3.4179687500000000e-02  -4.442382812500e+00  -9.658203125000e-01 V_p291_SHW
  2292    0   1.0000000000000000e+00   3.9443359375000000e+00  -1.2978515625000000e+00   3.944335937500e+00  -2.297851562500e+00 V_p292_HAE
  2293    0   1.0000000000000000e+00  -1.3613281250000000e+00   5.3759765625000000e+00  -1.361328125000e+00   4.375976562500e+00 V_p293_PDN
  2294    0   1.0000000000000000e+00  -1.9599609375000000e+00  -3.1621093750000000e+00  -1.959960937500e+00  -4.162109375000e+00 V_p294_SHS
  2295    0   1.0000000000000000e+00   4.2734375000000000e+00   2.7529296875000000e+00   4.273437500000e+00   1.752929687500e+00 V_p295_SDE
  2296    0   1.0000000000000000e+00  -4.3525390625000000e+00   2.6005859375000000e+00  -4.352539062500e+00   1.600585937500e+00 V_p296_PDW
  2297    0   1.0000000000000000e+00   2.1367187500000000e+00  -3.1376953125000000e+00   2.136718750000e+00  -4.137695312500e+00 V_p297_HAS
  2298    0   1.0000000000000000e+00   1.2236328125000000e+00   5.5107421875000000e+00   1.223632812500e+00   4.510742187500e+00 V_p298_SDN
  2299    0   1.0000000000000000e+00  -3.9648437500000000e+00  -1.5097656250000000e+00  -3.964843750000e+00  -2.509765625000e+00 V_p299_SHW
  2300    0   1.0000000000000000e+00   4.6376953125000000e+00   1.6894531250000000e-01   4.637695312500e+00  -8.310546875000e-01 V_p300_HAE
  2301    0   1.0000000000000000e+00  -2.8691406250000000e+00   4.7607421875000000e+00  -2.869140625000e+00   3.760742187500e+00 V_p301_PDW
  2302    0   1.0000000000000000e+00  -4.2578125000000000e-01  -3.7294921875000000e+00  -4.257812500000e-01  -4.729492187500e+00 V_p302_SHS
  2303    0   1.0000000000000000e+00   3.5234375000000000e+00   4.2128906250000000e+00   3.523437500000e+00   3.212890625000e+00 V_p303_SDN
  2304    0   1.0000000000000000e+00  -4.7871093750000000e+00   1.0107421875000000e+00  -4.787109375000e+00   1.074218750000e-02 V_p304_PDW
  2305    0   1.0000000000000000e+00   3.5361328125000000e+00  -2.2548828125000000e+00   3.536132812500e+00  -3.254882812500e+00 V_p305_HAS
  2306    0   1.0000000000000000e+00  -4.1113281250000000e-01   5.8076171875000000e+00  -4.111328125000e-01   4.807617187500e+00 V_p306_PDN
  2307    0   1.0000000000000000e+00  -2.9570312500000000e+00  -2.8378906250000000e+00  -2.957031250000e+00  -3.837890625000e+00 V_p307_SHW
  2308    0   1.0000000000000000e+00   4.7919921875000000e+00   1.8359375000000000e+00   4.791992187500e+00   8.359375000000e-01 V_p308_SDE
  2309    0   1.0000000000000000e+00  -4.1142578125000000e+00   3.6308593750000000e+00  -4.114257812500e+00   2.630859375000e+00 V_p309_PDW
  2310    0   1.0000000000000000e+00   1.2617187500000000e+00  -3.7382812500000000e+00   1.261718750000e+00  -4.738281250000e+00 V_p310_HAS
  2311    0   1.0000000000000000e+00   2.2792968750000000e+00   5.3642578125000000e+00   2.279296875000e+00   4.364257812500e+00 V_p311_SDN
  2312    0   1.0000000000000000e+00  -4.6474609375000000e+00  -6.8457031250000000e-01  -4.647460937500e+00  -1.684570312500e+00 V_p312_SHW
  2313    0   1.0000000000000000e+00   4.5830078125000000e+00  -9.0429687500000000e-01   4.583007812500e+00  -1.904296875000e+00 V_p313_HAE
  2314    0   1.0000000000000000e+00  -2.1015625000000000e+00   5.5185546875000000e+00  -2.101562500000e+00   4.518554687500e+00 V_p314_PDN
  2315    0   1.0000000000000000e+00  -1.5087890625000000e+00  -3.7705078125000000e+00  -1.508789062500e+00  -4.770507812500e+00 V_p315_SHS
  2316    0   1.0000000000000000e+00   4.3525390625000000e+00   3.5087890625000000e+00   4.352539062500e+00   2.508789062500e+00 V_p316_SDE
  2317    0   1.0000000000000000e+00  -4.9248046875000000e+00   2.0947265625000000e+00  -4.924804687500e+00   1.094726562500e+00 V_p317_PDW
  2318    0   1.0000000000000000e+00   2.9033203125000000e+00  -3.1503906250000000e+00   2.903320312500e+00  -4.150390625000e+00 V_p318_HAS
  2319    0   1.0000000000000000e+00   6.6503906250000000e-01   6.0419921875000000e+00   6.650390625000e-01   5.041992187500e+00 V_p319_SDN
  2320    0   1.0000000000000000e+00  -3.9121093750000000e+00  -2.2822265625000000e+00  -3.912109375000e+00  -3.282226562500e+00 V_p320_SHW
  2321    0   1.0000000000000000e+00   5.1230468750000000e+00   7.7636718750000000e-01   5.123046875000e+00  -2.236328125000e-01 V_p321_HAE
  2322    0   1.0000000000000000e+00  -3.6416015625000000e+00   4.6406250000000000e+00  -3.641601562500e+00   3.640625000000e+00 V_p322_PDW
  2323    0   1.0000000000000000e+00   2.2656250000000000e-01  -4.1650390625000000e+00   2.265625000000e-01  -5.165039062500e+00 V_p323_HAS
  2324    0   1.0000000000000000e+00   3.3359375000000000e+00   4.9785156250000000e+00   3.335937500000e+00   3.978515625000e+00 V_p324_SDN
  2325    0   1.0000000000000000e+00  -5.1679687500000000e+00   3.1640625000000000e-01  -5.167968750000e+00  -6.835937500000e-01 V_p325_SHW
  2326    0   1.0000000000000000e+00   4.2900390625000000e+00  -2.0000000000000000e+00   4.290039062500e+00  -3.000000000000e+00 V_p326_HAE
  2327    0   1.0000000000000000e+00  -1.1416015625000000e+00   6.1308593750000000e+00  -1.141601562500e+00   5.130859375000e+00 V_p327_PDN
  2328    0   1.0000000000000000e+00  -2.6347656250000000e+00  -3.5742187500000000e+00  -2.634765625000e+00  -4.574218750000e+00 V_p328_SHS
  2329    0   1.0000000000000000e+00   5.0537109375000000e+00   2.5996093750000000e+00   5.053710937500e+00   1.599609375000e+00 V_p329_SDE
  2330    0   1.0000000000000000e+00  -4.8271484375000000e+00   3.2441406250000000e+00  -4.827148437500e+00   2.244140625000e+00 V_p330_PDW
  2331    0   1.0000000000000000e+00   2.0527343750000000e+00  -3.9355468750000000e+00   2.052734375000e+00  -4.935546875000e+00 V_p331_HAS
  2332    0   1.0000000000000000e+00   1.8281250000000000e+00   6.0468750000000000e+00   1.828125000000e+00   5.046875000000e+00 V_p332_SDN
  2333    0   1.0000000000000000e+00  -4.7773437500000000e+00  -1.4970703125000000e+00  -4.777343750000e+00  -2.497070312500e+00 V_p333_SHW
  2334    0   1.0000000000000000e+00   5.2314453125000000e+00  -3.9160156250000000e-01   5.231445312500e+00  -1.391601562500e+00 V_p334_HAE
  2335    0   1.0000000000000000e+00  -2.9296875000000000e+00   5.5800781250000000e+00  -2.929687500000e+00   4.580078125000e+00 V_p335_PDN
  2336    0   1.0000000000000000e+00  -9.3750000000000000e-01  -4.3789062500000000e+00  -9.375000000000e-01  -5.378906250000e+00 V_p336_SHS
  2337    0   1.0000000000000000e+00   4.3427734375000000e+00   4.3476562500000000e+00   4.342773437500e+00   3.347656250000e+00 V_p337_SDN
  2338    0   1.0000000000000000e+00  -5.4863281250000000e+00   1.4667968750000000e+00  -5.486328125000e+00   4.667968750000e-01 V_p338_PDW
  2339    0   1.0000000000000000e+00   3.7460937500000000e+00  -3.0683593750000000e+00   3.746093750000e+00  -4.068359375000e+00 V_p339_HAS
  2340    0   1.0000000000000000e+00  -1.4648437500000000e-02   6.5537109375000000e+00  -1.464843750000e-02   5.553710937500e+00 V_p340_PDN
  2341    0   1.0000000000000000e+00  -3.7568359375000000e+00  -3.1230468750000000e+00  -3.756835937500e+00  -4.123046875000e+00 V_p341_SHW
  2342    0   1.0000000000000000e+00   5.5791015625000000e+00   1.5039062500000000e+00   5.579101562500e+00   5.039062500000e-01 V_p342_SDE
  2343    0   1.0000000000000000e+00  -4.4736328125000000e+00   4.4121093750000000e+00  -4.473632812500e+00   3.412109375000e+00 V_p343_PDW
  2344    0   1.0000000000000000e+00   9.9902343750000000e-01  -4.5615234375000000e+00   9.990234375000e-01  -5.561523437500e+00 V_p344_HAS
  2345    0   1.0000000000000000e+00   3.0341796875000000e+00   5.7968750000000000e+00   3.034179687500e+00   4.796875000000e+00 V_p345_SDN
  2346    0   1.0000000000000000e+00  -5.5009765625000000e+00  -4.9414062500000000e-01  -5.500976562500e+00  -1.494140625000e+00 V_p346_SHW
  2347    0   1.0000000000000000e+00   5.0878906250000000e+00  -1.6259765625000000e+00   5.087890625000e+00  -2.625976562500e+00 V_p347_HAE
  2348    0   1.0000000000000000e+00  -1.9863281250000000e+00   6.3964843750000000e+00  -1.986328125000e+00   5.396484375000e+00 V_p348_PDN
  2349    0   1.0000000000000000e+00  -2.1904296875000000e+00  -4.3447265625000000e+00  -2.190429687500e+00  -5.344726562500e+00 V_p349_SHS
  2350    0   1.0000000000000000e+00   5.2480468750000000e+00   3.4726562500000000e+00   5.248046875000e+00   2.472656250000e+00 V_p350_SDE
  2351    0   1.0000000000000000e+00  -5.5644531250000000e+00   2.7294921875000000e+00  -5.564453125000e+00   1.729492187500e+00 V_p351_PDW
  2352    0   1.0000000000000000e+00   2.9482421875000000e+00  -4.0566406250000000e+00   2.948242187500e+00  -5.056640625000e+00 V_p352_HAS
  2353    0   1.0000000000000000e+00   1.2480468750000000e+00   6.7451171875000000e+00   1.248046875000e+00   5.745117187500e+00 V_p353_SDN
  2354    0   1.0000000000000000e+00  -4.8222656250000000e+00  -2.4091796875000000e+00  -4.822265625000e+00  -3.409179687500e+00 V_p354_SHW
  2355    0   1.0000000000000000e+00   5.8847656250000000e+00   2.5292968750000000e-01   5.884765625000e+00  -7.470703125000e-01 V_p355_HAE
  2356    0   1.0000000000000000e+00  -3.8525390625000000e+00   5.5468750000000000e+00  -3.852539062500e+00   4.546875000000e+00 V_p356_PDW
  2357    0   1.0000000000000000e+00  -2.3242187500000000e-01  -4.9814453125000000e+00  -2.324218750000e-01  -5.981445312500e+00 V_p357_SHS
  2358    0   1.0000000000000000e+00   4.2304687500000000e+00   5.2734375000000000e+00   4.230468750000e+00   4.273437500000e+00 V_p358_SDN
  2359    0   1.0000000000000000e+00  -6.0341796875000000e+00   7.0507812500000000e-01  -6.034179687500e+00  -2.949218750000e-01 V_p359_SHW
  2360    0   1.0000000000000000e+00   4.6689453125000000e+00  -2.8759765625000000e+00   4.668945312500e+00  -3.875976562500e+00 V_p360_HAS
  2361    0   1.0000000000000000e+00  -8.2812500000000000e-01   7.0400390625000000e+00  -8.281250000000e-01   6.040039062500e+00 V_p361_PDN
  2362    0   1.0000000000000000e+00  -3.4853515625000000e+00  -4.0361328125000000e+00  -3.485351562500e+00  -5.036132812500e+00 V_p362_SHS
  2363    0   1.0000000000000000e+00   5.9990234375000000e+00   2.3662109375000000e+00   5.999023437500e+00   1.366210937500e+00 V_p363_SDE
  2364    0   1.0000000000000000e+00  -5.3710937500000000e+00   4.0595703125000000e+00  -5.371093750000e+00   3.059570312500e+00 V_p364_PDW
  2365    0   1.0000000000000000e+00   1.9023437500000000e+00  -4.9121093750000000e+00   1.902343750000e+00  -5.912109375000e+00 V_p365_HAS
  2366    0   1.0000000000000000e+00   2.6025390625000000e+00   6.6708984375000000e+00   2.602539062500e+00   5.670898437500e+00 V_p366_SDN
  2367    0   1.0000000000000000e+00  -5.7763671875000000e+00  -1.4355468750000000e+00  -5.776367187500e+00  -2.435546875000e+00 V_p367_SHW
  2368    0   1.0000000000000000e+00   5.9326171875000000e+00  -1.1162109375000000e+00   5.932617187500e+00  -2.116210937500e+00 V_p368_HAE
  2369    0   1.0000000000000000e+00  -2.9589843750000000e+00   6.5947265625000000e+00  -2.958984375000e+00   5.594726562500e+00 V_p369_PDN
  2370    0   1.0000000000000000e+00  -1.6044921875000000e+00  -5.1523437500000000e+00  -1.604492187500e+00  -6.152343750000e+00 V_p370_SHS
  2371    0   1.0000000000000000e+00   5.3652343750000000e+00   4.4687500000000000e+00   5.365234375000e+00   3.468750000000e+00 V_p371_SDE
  2372    0   1.0000000000000000e+00  -6.3300781250000000e+00   2.0712890625000000e+00  -6.330078125000e+00   1.071289062500e+00 V_p372_PDW
  2373    0   1.0000000000000000e+00   3.9628906250000000e+00  -4.0898437500000000e+00   3.962890625000e+00  -5.089843750000e+00 V_p373_HAS
  2374    0   1.0000000000000000e+00   5.1855468750000000e-01   7.4609375000000000e+00   5.185546875000e-01   6.460937500000e+00 V_p374_SDN
  2375    0   1.0000000000000000e+00  -4.7695312500000000e+00  -3.4355468750000000e+00  -4.769531250000e+00  -4.435546875000e+00 V_p375_SHW
  2376    0   1.0000000000000000e+00   6.5449218750000000e+00   1.0488281250000000e+00   6.544921875000e+00   4.882812500000e-02 V_p376_SDE
  2377    0   1.0000000000000000e+00  -4.8828125000000000e+00   5.4062500000000000e+00  -4.882812500000e+00   4.406250000000e+00 V_p377_PDW
  2378    0   1.0000000000000000e+00   6.2695312500000000e-01  -5.5800781250000000e+00   6.269531250000e-01  -6.580078125000e+00 V_p378_HAS
  2379    0   1.0000000000000000e+00   4.0019531250000000e+00   6.3017578125000000e+00   4.001953125000e+00   5.301757812500e+00 V_p379_SDN
  2380    0   1.0000000000000000e+00  -6.5644531250000000e+00  -2.1191406250000000e-01  -6.564453125000e+00  -1.211914062500e+00 V_p380_SHW
  2381    0   1.0000000000000000e+00   5.6875000000000000e+00  -2.5585937500000000e+00   5.687500000000e+00  -3.558593750000e+00 V_p381_HAE
  2382    0   1.0000000000000000e+00  -1.7988281250000000e+00   7.4980468750000000e+00  -1.798828125000e+00   6.498046875000e+00 V_p382_PDN
  2383    0   1.0000000000000000e+00  -3.0781250000000000e+00  -5.0371093750000000e+00  -3.078125000000e+00  -6.037109375000e+00 V_p383_SHS
  2384    0   1.0000000000000000e+00   6.3798828125000000e+00   3.3837890625000000e+00   6.379882812500e+00   2.383789062500e+00 V_p384_SDE
  2385    0   1.0000000000000000e+00  -6.3466796875000000e+00   3.5634765625000000e+00  -6.346679687500e+00   2.563476562500e+00 V_p385_PDW
  2386    0   1.0000000000000000e+00   2.9628906250000000e+00  -5.2099609375000000e+00   2.962890625000e+00  -6.209960937500e+00 V_p386_HAS
  2387    0   1.0000000000000000e+00   2.0205078125000000e+00   7.6142578125000000e+00   2.020507812500e+00   6.614257812500e+00 V_p387_SDN
  2388    0   1.0000000000000000e+00  -5.9882812500000000e+00  -2.5302734375000000e+00  -5.988281250000e+00  -3.530273437500e+00 V_p388_SHW
  2389    0   1.0000000000000000e+00   6.8359375000000000e+00  -4.4921875000000000e-01   6.835937500000e+00  -1.449218750000e+00 V_p389_HAE
  2390    0   1.0000000000000000e+00  -4.0830078125000000e+00   6.7158203125000000e+00  -4.083007812500e+00   5.715820312500e+00 V_p390_PDN
  2391    0   1.0000000000000000e+00  -8.5546875000000000e-01  -6.0097656250000000e+00  -8.554687500000e-01  -7.009765625000e+00 V_p391_SHS
  2392    0   1.0000000000000000e+00   5.3935546875000000e+00   5.6152343750000000e+00   5.393554687500e+00   4.615234375000e+00 V_p392_SDN
  2393    0   1.0000000000000000e+00  -7.1328125000000000e+00   1.2421875000000000e+00  -7.132812500000e+00   2.421875000000e-01 V_p393_PDW
  2394    0   1.0000000000000000e+00   5.1230468750000000e+00  -4.0224609375000000e+00   5.123046875000e+00  -5.022460937500e+00 V_p394_HAS
  2395    0   1.0000000000000000e+00  -3.8671875000000000e-01   8.2031250000000000e+00  -3.867187500000e-01   7.203125000000e+00 V_p395_PDN
  2396    0   1.0000000000000000e+00  -4.6044921875000000e+00  -4.6025390625000000e+00  -4.604492187500e+00  -5.602539062500e+00 V_p396_SHW
  2397    0   1.0000000000000000e+00   7.2187500000000000e+00   2.0263671875000000e+00   7.218750000000e+00   1.026367187500e+00 V_p397_SDE
  2398    0   1.0000000000000000e+00  -6.0488281250000000e+00   5.1425781250000000e+00  -6.048828125000e+00   4.142578125000e+00 V_p398_PDW
  2399    0   1.0000000000000000e+00   1.6718750000000000e+00  -6.1806640625000000e+00   1.671875000000e+00  -7.180664062500e+00 V_p399_HAS
  2400    0   1.0000000000000000e+00   3.6376953125000000e+00   7.4589843750000000e+00   3.637695312500e+00   6.458984375000e+00 V_p400_SDN
  2401    0   1.0000000000000000e+00  -7.0839843750000000e+00  -1.3183593750000000e+00  -7.083984375000e+00  -2.318359375000e+00 V_p401_SHW
  2402    0   1.0000000000000000e+00   6.8281250000000000e+00  -2.0927734375000000e+00   6.828125000000e+00  -3.092773437500e+00 V_p402_HAE
  2403    0   1.0000000000000000e+00  -2.9619140625000000e+00   7.9316406250000000e+00  -2.961914062500e+00   6.931640625000e+00 V_p403_PDN
  2404    0   1.0000000000000000e+00  -2.5126953125000000e+00  -6.1523437500000000e+00  -2.512695312500e+00  -7.152343750000e+00 V_p404_SHS
  2405    0   1.0000000000000000e+00   6.7216796875000000e+00   4.5966796875000000e+00   6.721679687500e+00   3.596679687500e+00 V_p405_SDE
  2406    0   1.0000000000000000e+00  -7.4287109375000000e+00   2.8994140625000000e+00  -7.428710937500e+00   1.899414062500e+00 V_p406_PDW
  2407    0   1.0000000000000000e+00   4.2197265625000000e+00  -5.4560546875000000e+00   4.219726562500e+00  -6.456054687500e+00 V_p407_HAS
  2408    0   1.0000000000000000e+00   1.2568359375000000e+00   8.6542968750000000e+00   1.256835937500e+00   7.654296875000e+00 V_p408_SDN
  2409    0   1.0000000000000000e+00  -6.1328125000000000e+00  -3.8232421875000000e+00  -6.132812500000e+00  -4.823242187500e+00 V_p409_SHW
  2410    0   1.0000000000000000e+00   7.8261718750000000e+00   4.1015625000000000e-01   7.826171875000e+00  -5.898437500000e-01 V_p410_HAE
  2411    0   1.0000000000000000e+00  -5.4042968750000000e+00   6.7558593750000000e+00  -5.404296875000e+00   5.755859375000e+00 V_p411_PDW
  2412    0   1.0000000000000000e+00   9.7656250000000000e-02  -6.9423828125000000e+00   9.765625000000e-02  -7.942382812500e+00 V_p412_HAS
  2413    0   1.0000000000000000e+00   5.3242187500000000e+00   6.9580078125000000e+00   5.324218750000e+00   5.958007812500e+00 V_p413_SDN
  2414    0   1.0000000000000000e+00  -7.9990234375000000e+00   1.9824218750000000e-01  -7.999023437500e+00  -8.017578125000e-01 V_p414_SHW
  2415    0   1.0000000000000000e+00   6.4794921875000000e+00  -3.8417968750000000e+00   6.479492187500e+00  -4.841796875000e+00 V_p415_HAE
  2416    0   1.0000000000000000e+00  -1.5166015625000000e+00   8.9960937500000000e+00  -1.516601562500e+00   7.996093750000e+00 V_p416_PDN
  2417    0   1.0000000000000000e+00  -4.3095703125000000e+00  -5.9628906250000000e+00  -4.309570312500e+00  -6.962890625000e+00 V_p417_SHS
  2418    0   1.0000000000000000e+00   7.9306640625000000e+00   3.2373046875000000e+00   7.930664062500e+00   2.237304687500e+00 V_p418_SDE
  2419    0   1.0000000000000000e+00  -7.4052734375000000e+00   4.7304687500000000e+00  -7.405273437500e+00   3.730468750000e+00 V_p419_PDW
  2420    0   1.0000000000000000e+00   2.9589843750000000e+00  -6.8027343750000000e+00   2.958984375000e+00  -7.802734375000e+00 V_p420_HAS
  2421    0   1.0000000000000000e+00   3.1083984375000000e+00   8.8017578125000000e+00   3.108398437500e+00   7.801757812500e+00 V_p421_SDN
  2422    0   1.0000000000000000e+00  -7.6113281250000000e+00  -2.6767578125000000e+00  -7.611328125000e+00  -3.676757812500e+00 V_p422_SHW
  2423    0   1.0000000000000000e+00   8.1484375000000000e+00  -1.4462890625000000e+00   8.148437500000e+00  -2.446289062500e+00 V_p423_HAE
  2424    0   1.0000000000000000e+00  -4.3847656250000000e+00   8.3554687500000000e+00  -4.384765625000e+00   7.355468750000e+00 V_p424_PDN
  2425    0   1.0000000000000000e+00  -1.7470703125000000e+00  -7.4414062500000000e+00  -1.747070312500e+00  -8.441406250000e+00 V_p425_SHS
  2426    0   1.0000000000000000e+00   7.0371093750000000e+00   6.0781250000000000e+00   7.037109375000e+00   5.078125000000e+00 V_p426_SDE
  2427    0   1.0000000000000000e+00  -8.6767578125000000e+00   2.0156250000000000e+00  -8.676757812500e+00   1.015625000000e+00 V_p427_PDW
  2428    0   1.0000000000000000e+00   5.7509765625000000e+00  -5.6552734375000000e+00   5.750976562500e+00  -6.655273437500e+00 V_p428_HAS
  2429    0   1.0000000000000000e+00   2.5683593750000000e-01   9.8525390625000000e+00   2.568359375000e-01   8.852539062500e+00 V_p429_SDN
  2430    0   1.0000000000000000e+00  -6.2119140625000000e+00  -5.3984375000000000e+00  -6.211914062500e+00  -6.398437500000e+00 V_p430_SHW
  2431    0   1.0000000000000000e+00   8.9638671875000000e+00   1.5253906250000000e+00   8.963867187500e+00   5.253906250000e-01 V_p431_SDE
  2432    0   1.0000000000000000e+00  -7.0136718750000000e+00   6.7080078125000000e+00  -7.013671875000e+00   5.708007812500e+00 V_p432_PDW
  2433    0   1.0000000000000000e+00   1.3251953125000000e+00  -8.0107421875000000e+00   1.325195312500e+00  -9.010742187500e+00 V_p433_HAS
  2434    0   1.0000000000000000e+00   5.1455078125000000e+00   8.5937500000000000e+00   5.145507812500e+00   7.593750000000e+00 V_p434_SDN
  2435    0   1.0000000000000000e+00  -8.9882812500000000e+00  -1.1386718750000000e+00  -8.988281250000e+00  -2.138671875000e+00 V_p435_SHW
  2436    0   1.0000000000000000e+00   8.1318359375000000e+00  -3.5273437500000000e+00   8.131835937500e+00  -4.527343750000e+00 V_p436_HAE
  2437    0   1.0000000000000000e+00  -2.9599609375000000e+00   9.8974609375000000e+00  -2.959960937500e+00   8.897460937500e+00 V_p437_PDN
  2438    0   1.0000000000000000e+00  -3.8564453125000000e+00  -7.6240234375000000e+00  -3.856445312500e+00  -8.624023437500e+00 V_p438_SHS
  2439    0   1.0000000000000000e+00   8.7343750000000000e+00   4.7822265625000000e+00   8.734375000000e+00   3.782226562500e+00 V_p439_SDE
  2440    0   1.0000000000000000e+00  -9.0644531250000000e+00   4.1347656250000000e+00  -9.064453125000e+00   3.134765625000e+00 V_p440_PDW
  2441    0   1.0000000000000000e+00   4.6015625000000000e+00  -7.4990234375000000e+00   4.601562500000e+00  -8.499023437500e+00 V_p441_HAS
  2442    0   1.0000000000000000e+00   2.3662109375000000e+00   1.0449218750000000e+01   2.366210937500e+00   9.449218750000e+00 V_p442_SDN
  2443    0   1.0000000000000000e+00  -8.1914062500000000e+00  -4.4111328125000000e+00  -8.191406250000e+00  -5.411132812500e+00 V_p443_SHW
  2444    0   1.0000000000000000e+00   9.7734375000000000e+00  -5.5566406250000000e-01   9.773437500000e+00  -1.555664062500e+00 V_p444_HAE
  2445    0   1.0000000000000000e+00  -6.2050781250000000e+00   8.8115234375000000e+00  -6.205078125000e+00   7.811523437500e+00 V_p445_PDN
  2446    0   1.0000000000000000e+00  -7.0703125000000000e-01  -9.0332031250000000e+00  -7.070312500000e-01  -1.003320312500e+01 V_p446_SHS
  2447    0   1.0000000000000000e+00   7.3583984375000000e+00   7.9775390625000000e+00   7.358398437500e+00   6.977539062500e+00 V_p447_SDN
  2448    0   1.0000000000000000e+00  -1.0224609375000000e+01   8.2421875000000000e-01  -1.022460937500e+01  -1.757812500000e-01 V_p448_SHW
  2449    0   1.0000000000000000e+00   7.7236328125000000e+00  -5.8339843750000000e+00   7.723632812500e+00  -6.833984375000e+00 V_p449_HAS
  2450    0   1.0000000000000000e+00  -1.0878906250000000e+00   1.1344726562500000e+01  -1.087890625000e+00   1.034472656250e+01 V_p450_PDN
  2451    0   1.0000000000000000e+00  -6.2392578125000000e+00  -7.4355468750000000e+00  -6.239257812500e+00  -8.435546875000e+00 V_p451_SHS
  2452    0   1.0000000000000000e+00   1.0389648437500000e+01   3.0224609375000000e+00   1.038964843750e+01   2.022460937500e+00 V_p452_SDE
  2453    0   1.0000000000000000e+00  -9.1083984375000000e+00   6.5761718750000000e+00  -9.108398437500e+00   5.576171875000e+00 V_p453_PDW
  2454    0   1.0000000000000000e+00   2.9765625000000000e+00  -9.3574218750000000e+00   2.976562500000e+00  -1.035742187500e+01 V_p454_HAS
  2455    0   1.0000000000000000e+00   4.8457031250000000e+00   1.0736328125000000e+01   4.845703125000e+00   9.736328125000e+00 V_p455_SDN
  2456    0   1.0000000000000000e+00  -1.0244140625000000e+01  -2.9423828125000000e+00  -1.024414062500e+01  -3.942382812500e+00 V_p456_SHW
  2457    0   1.0000000000000000e+00   1.0313476562500000e+01  -3.0507812500000000e+00   1.031347656250e+01  -4.050781250000e+00 V_p457_HAE
  2458    0   1.0000000000000000e+00  -4.9150390625000000e+00   1.1048828125000000e+01  -4.915039062500e+00   1.004882812500e+01 V_p458_PDN
  2459    0   1.0000000000000000e+00  -3.1943359375000000e+00  -9.8349609375000000e+00  -3.194335937500e+00  -1.083496093750e+01 V_p459_SHS
  2460    0   1.0000000000000000e+00   9.7695312500000000e+00   6.8886718750000000e+00   9.769531250000e+00   5.888671875000e+00 V_p460_SDE
  2461    0   1.0000000000000000e+00  -1.1293945312500000e+01   3.2802734375000000e+00  -1.129394531250e+01   2.280273437500e+00 V_p461_PDW
  2462    0   1.0000000000000000e+00   6.8574218750000000e+00  -8.4052734375000000e+00   6.857421875000e+00  -9.405273437500e+00 V_p462_HAS
  2463    0   1.0000000000000000e+00   1.3105468750000000e+00   1.2687500000000000e+01   1.310546875000e+00   1.168750000000e+01 V_p463_SDN
  2464    0   1.0000000000000000e+00  -8.9541015625000000e+00  -6.8144531250000000e+00  -8.954101562500e+00  -7.814453125000e+00 V_p464_SHW
  2465    0   1.0000000000000000e+00   1.2008789062500000e+01   7.0996093750000000e-01   1.200878906250e+01  -2.900390625000e-01 V_p465_HAE
  2466    0   1.0000000000000000e+00  -8.7539062500000000e+00   9.4160156250000000e+00  -8.753906250000e+00   8.416015625000e+00 V_p466_PDW
  2467    0   1.0000000000000000e+00   7.7832031250000000e-01  -1.1252929687500000e+01   7.783203125000e-01  -1.225292968750e+01 V_p467_HAS
  2468    0   1.0000000000000000e+00   7.7900390625000000e+00   1.0668945312500000e+01   7.790039062500e+00   9.668945312500e+00 V_p468_SDN
  2469    0   1.0000000000000000e+00  -1.2416992187500000e+01  -8.8867187500000000e-01  -1.241699218750e+01  -1.888671875000e+00 V_p469_SHW
  2470    0   1.0000000000000000e+00   1.0554687500000000e+01  -6.0771484375000000e+00   1.055468750000e+01  -7.077148437500e+00 V_p470_HAE
  2471    0   1.0000000000000000e+00  -3.0380859375000000e+00   1.3495117187500000e+01  -3.038085937500e+00   1.249511718750e+01 V_p471_PDN
  2472    0   1.0000000000000000e+00  -6.2763671875000000e+00  -1.0403320312500000e+01  -6.276367187500e+00  -1.140332031250e+01 V_p472_SHS
  2473    0   1.0000000000000000e+00   1.2484375000000000e+01   5.2207031250000000e+00   1.248437500000e+01   4.220703125000e+00 V_p473_SDE
  2474    0   1.0000000000000000e+00  -1.2210937500000000e+01   6.3886718750000000e+00  -1.221093750000e+01   5.388671875000e+00 V_p474_PDW
  2475    0   1.0000000000000000e+00   5.4335937500000000e+00  -1.1380859375000000e+01   5.433593750000e+00  -1.238085937500e+01 V_p475_HAS
  2476    0   1.0000000000000000e+00   4.4140625000000000e+00   1.3969726562500000e+01   4.414062500000e+00   1.296972656250e+01 V_p476_SDN
  2477    0   1.0000000000000000e+00  -1.2178710937500000e+01  -5.6708984375000000e+00  -1.217871093750e+01  -6.670898437500e+00 V_p477_SHW
  2478    0   1.0000000000000000e+00   1.3674804687500000e+01  -2.3535156250000000e+00   1.367480468750e+01  -3.353515625000e+00 V_p478_HAE
  2479    0   1.0000000000000000e+00  -7.9287109375000000e+00   1.2876953125000000e+01  -7.928710937500e+00   1.187695312500e+01 V_p479_PDN
  2480    0   1.0000000000000000e+00  -2.2080078125000000e+00  -1.3320312500000000e+01  -2.208007812500e+00  -1.432031250000e+01 V_p480_SHS
  2481    0   1.0000000000000000e+00   1.1470703125000000e+01   1.0204101562500000e+01   1.147070312500e+01   9.204101562500e+00 V_p481_SDE
  2482    0   1.0000000000000000e+00  -1.4901367187500000e+01   1.9765625000000000e+00  -1.490136718750e+01   9.765625000000e-01 V_p482_PDW
  2483    0   1.0000000000000000e+00   1.0491210937500000e+01  -9.9560546875000000e+00   1.049121093750e+01  -1.095605468750e+01 V_p483_HAS
  2484    0   1.0000000000000000e+00  -3.4082031250000000e-01   1.6412109375000000e+01  -3.408203125000e-01   1.541210937500e+01 V_p484_PDN
  2485    0   1.0000000000000000e+00  -1.0330078125000000e+01  -1.0788085937500000e+01  -1.033007812500e+01  -1.178808593750e+01 V_p485_SHS
  2486    0   1.0000000000000000e+00   1.5848632812500000e+01   2.7441406250000000e+00   1.584863281250e+01   1.744140625000e+00 V_p486_SDE
  2487    0   1.0000000000000000e+00  -1.3092773437500000e+01   1.0586914062500000e+01  -1.309277343750e+01   9.586914062500e+00 V_p487_PDW
  2488    0   1.0000000000000000e+00   3.2373046875000000e+00  -1.5205078125000000e+01   3.237304687500e+00  -1.620507812500e+01 V_p488_HAS
  2489    0   1.0000000000000000e+00   8.7216796875000000e+00   1.5404296875000000e+01   8.721679687500e+00   1.440429687500e+01 V_p489_SDN
  2490    0   1.0000000000000000e+00  -1.6479492187500000e+01  -3.8222656250000000e+00  -1.647949218750e+01  -4.822265625000e+00 V_p490_SHW
  2491    0   1.0000000000000000e+00   1.5722656250000000e+01  -6.7294921875000000e+00   1.572265625000e+01  -7.729492187500e+00 V_p491_HAE
  2492    0   1.0000000000000000e+00  -6.5068359375000000e+00   1.7665039062500000e+01  -6.506835937500e+00   1.666503906250e+01 V_p492_PDN
  2493    0   1.0000000000000000e+00  -6.6015625000000000e+00  -1.6050781250000000e+01  -6.601562500000e+00  -1.705078125000e+01 V_p493_SHS
  2494    0   1.0000000000000000e+00   1.6759765625000000e+01   9.2988281250000000e+00   1.675976562500e+01   8.298828125000e+00 V_p494_SDE
  2495    0   1.0000000000000000e+00  -1.8393554687500000e+01   6.3261718750000000e+00  -1.839355468750e+01   5.326171875000e+00 V_p495_PDW
  2496    0   1.0000000000000000e+00   1.0213867187500000e+01  -1.5760742187500000e+01   1.021386718750e+01  -1.676074218750e+01 V_p496_HAS
  2497    0   1.0000000000000000e+00   3.8896484375000000e+00   2.0762695312500000e+01   3.889648437500e+00   1.976269531250e+01 V_p497_SDN
  2498    0   1.0000000000000000e+00  -1.6664062500000000e+01  -1.1274414062500000e+01  -1.666406250000e+01  -1.227441406250e+01 V_p498_SHW
  2499    0   1.0000000000000000e+00   2.1175781250000000e+01  -1.2695312500000000e+00   2.117578125000e+01  -2.269531250000e+00 V_p499_HAE
  2500    0   1.0000000000000000e+00  -1.4513671875000000e+01   1.7467773437500000e+01  -1.451367187500e+01   1.646777343750e+01 V_p500_PDN
  2501    0   1.0000000000000000e+00  -4.3652343750000000e-01  -2.1661132812500000e+01  -4.365234375000e-01  -2.266113281250e+01 V_p501_SHS
  2502    0   1.0000000000000000e+00   1.6170898437500000e+01   1.7983398437500000e+01   1.617089843750e+01   1.698339843750e+01 V_p502_SDN
  2503    0   1.0000000000000000e+00  -2.4263671875000000e+01  -6.6015625000000000e-01  -2.426367187500e+01  -1.660156250000e+00 V_p503_SHW
  2504    0   1.0000000000000000e+00   1.9770507812500000e+01  -1.4771484375000000e+01   1.977050781250e+01  -1.577148437500e+01 V_p504_HAE
  2505    0   1.0000000000000000e+00  -4.0947265625000000e+00   2.7062500000000000e+01  -4.094726562500e+00   2.606250000000e+01 V_p505_PDN
  2506    0   1.0000000000000000e+00  -1.5272460937500000e+01  -2.2018554687500000e+01  -1.527246093750e+01  -2.301855468750e+01 V_p506_SHS
  2507    0   1.0000000000000000e+00   2.8197265625000000e+01   8.0009765625000000e+00   2.819726562500e+01   7.000976562500e+00 V_p507_SDE
  2508    0   1.0000000000000000e+00  -2.6987304687500000e+01   1.5681640625000000e+01  -2.698730468750e+01   1.468164062500e+01 V_p508_PDW
  2509    0   1.0000000000000000e+00   1.0626953125000000e+01  -2.9933593750000000e+01   1.062695312500e+01  -3.093359375000e+01 V_p509_HAS
  2510    0   1.0000000000000000e+00   1.4024414062500000e+01   3.3205078125000000e+01   1.402441406250e+01   3.220507812500e+01 V_p510_SDN
  2511    0   1.0000000000000000e+00  -3.4868164062500000e+01  -1.4505859375000000e+01  -3.486816406250e+01  -1.550585937500e+01 V_p511_SHW
