# The random seed of replicate 1 of every game in every run; replicate r used that seed + (r - 1).  Written by
# mkseeds.py from the kit files (see SEEDS.csv for the parameters of each run).  Rows: the 512 games in ipt order.
# Columns:
#   ipt              game index 0..511 (data/games/games.csv)
#   gid              the game id in games.dat and in every packed run: 2000 + ipt
#   isl_m2_e4        task index of the game in the memory-two kits at eps = 1e-4 (ie = 3): 1368 + 3*ipt
#   isl_m2_e3        ... at ie = 2 (eps = 1e-3 in eh/el): 1367 + 3*ipt
#   isl_m2_e5        ... at ie = 1 (eps = 1e-5 in eh/el): 1366 + 3*ipt
#   isl_m1           task index of the game in the memory-one kit mw (ie = 3): 3 + 3*ipt
#   <run>            first seed of the game in that run (one column per row of SEEDS.csv)
ipt,gid,isl_m2_e4,isl_m2_e3,isl_m2_e5,isl_m1,m1_N1000,m1_N100,m2_N1000,m2_N100,f1,f2,dw3,dw4,c1,c2,c3,c4,eh_e3,eh_e5,el_e3,el_e5,lm_g0,lm_g01,lm_g05,m1_N1000_ctrl,m1_N100_ctrl
0,2000,1368,1367,1366,3,10000021,11000021,8013671,9013671,8013671,9013671,10013671,11013671,22013671,23013671,24013671,25013671,20013661,20013651,21013661,21013651,30013671,31013671,32013671,12000021,13000021
1,2001,1371,1370,1369,6,10000051,11000051,8013701,9013701,8013701,9013701,10013701,11013701,22013701,23013701,24013701,25013701,20013691,20013681,21013691,21013681,30013701,31013701,32013701,12000051,13000051
2,2002,1374,1373,1372,9,10000081,11000081,8013731,9013731,8013731,9013731,10013731,11013731,22013731,23013731,24013731,25013731,20013721,20013711,21013721,21013711,30013731,31013731,32013731,12000081,13000081
3,2003,1377,1376,1375,12,10000111,11000111,8013761,9013761,8013761,9013761,10013761,11013761,22013761,23013761,24013761,25013761,20013751,20013741,21013751,21013741,30013761,31013761,32013761,12000111,13000111
4,2004,1380,1379,1378,15,10000141,11000141,8013791,9013791,8013791,9013791,10013791,11013791,22013791,23013791,24013791,25013791,20013781,20013771,21013781,21013771,30013791,31013791,32013791,12000141,13000141
5,2005,1383,1382,1381,18,10000171,11000171,8013821,9013821,8013821,9013821,10013821,11013821,22013821,23013821,24013821,25013821,20013811,20013801,21013811,21013801,30013821,31013821,32013821,12000171,13000171
6,2006,1386,1385,1384,21,10000201,11000201,8013851,9013851,8013851,9013851,10013851,11013851,22013851,23013851,24013851,25013851,20013841,20013831,21013841,21013831,30013851,31013851,32013851,12000201,13000201
7,2007,1389,1388,1387,24,10000231,11000231,8013881,9013881,8013881,9013881,10013881,11013881,22013881,23013881,24013881,25013881,20013871,20013861,21013871,21013861,30013881,31013881,32013881,12000231,13000231
8,2008,1392,1391,1390,27,10000261,11000261,8013911,9013911,8013911,9013911,10013911,11013911,22013911,23013911,24013911,25013911,20013901,20013891,21013901,21013891,30013911,31013911,32013911,12000261,13000261
9,2009,1395,1394,1393,30,10000291,11000291,8013941,9013941,8013941,9013941,10013941,11013941,22013941,23013941,24013941,25013941,20013931,20013921,21013931,21013921,30013941,31013941,32013941,12000291,13000291
10,2010,1398,1397,1396,33,10000321,11000321,8013971,9013971,8013971,9013971,10013971,11013971,22013971,23013971,24013971,25013971,20013961,20013951,21013961,21013951,30013971,31013971,32013971,12000321,13000321
11,2011,1401,1400,1399,36,10000351,11000351,8014001,9014001,8014001,9014001,10014001,11014001,22014001,23014001,24014001,25014001,20013991,20013981,21013991,21013981,30014001,31014001,32014001,12000351,13000351
12,2012,1404,1403,1402,39,10000381,11000381,8014031,9014031,8014031,9014031,10014031,11014031,22014031,23014031,24014031,25014031,20014021,20014011,21014021,21014011,30014031,31014031,32014031,12000381,13000381
13,2013,1407,1406,1405,42,10000411,11000411,8014061,9014061,8014061,9014061,10014061,11014061,22014061,23014061,24014061,25014061,20014051,20014041,21014051,21014041,30014061,31014061,32014061,12000411,13000411
14,2014,1410,1409,1408,45,10000441,11000441,8014091,9014091,8014091,9014091,10014091,11014091,22014091,23014091,24014091,25014091,20014081,20014071,21014081,21014071,30014091,31014091,32014091,12000441,13000441
15,2015,1413,1412,1411,48,10000471,11000471,8014121,9014121,8014121,9014121,10014121,11014121,22014121,23014121,24014121,25014121,20014111,20014101,21014111,21014101,30014121,31014121,32014121,12000471,13000471
16,2016,1416,1415,1414,51,10000501,11000501,8014151,9014151,8014151,9014151,10014151,11014151,22014151,23014151,24014151,25014151,20014141,20014131,21014141,21014131,30014151,31014151,32014151,12000501,13000501
17,2017,1419,1418,1417,54,10000531,11000531,8014181,9014181,8014181,9014181,10014181,11014181,22014181,23014181,24014181,25014181,20014171,20014161,21014171,21014161,30014181,31014181,32014181,12000531,13000531
18,2018,1422,1421,1420,57,10000561,11000561,8014211,9014211,8014211,9014211,10014211,11014211,22014211,23014211,24014211,25014211,20014201,20014191,21014201,21014191,30014211,31014211,32014211,12000561,13000561
19,2019,1425,1424,1423,60,10000591,11000591,8014241,9014241,8014241,9014241,10014241,11014241,22014241,23014241,24014241,25014241,20014231,20014221,21014231,21014221,30014241,31014241,32014241,12000591,13000591
20,2020,1428,1427,1426,63,10000621,11000621,8014271,9014271,8014271,9014271,10014271,11014271,22014271,23014271,24014271,25014271,20014261,20014251,21014261,21014251,30014271,31014271,32014271,12000621,13000621
21,2021,1431,1430,1429,66,10000651,11000651,8014301,9014301,8014301,9014301,10014301,11014301,22014301,23014301,24014301,25014301,20014291,20014281,21014291,21014281,30014301,31014301,32014301,12000651,13000651
22,2022,1434,1433,1432,69,10000681,11000681,8014331,9014331,8014331,9014331,10014331,11014331,22014331,23014331,24014331,25014331,20014321,20014311,21014321,21014311,30014331,31014331,32014331,12000681,13000681
23,2023,1437,1436,1435,72,10000711,11000711,8014361,9014361,8014361,9014361,10014361,11014361,22014361,23014361,24014361,25014361,20014351,20014341,21014351,21014341,30014361,31014361,32014361,12000711,13000711
24,2024,1440,1439,1438,75,10000741,11000741,8014391,9014391,8014391,9014391,10014391,11014391,22014391,23014391,24014391,25014391,20014381,20014371,21014381,21014371,30014391,31014391,32014391,12000741,13000741
25,2025,1443,1442,1441,78,10000771,11000771,8014421,9014421,8014421,9014421,10014421,11014421,22014421,23014421,24014421,25014421,20014411,20014401,21014411,21014401,30014421,31014421,32014421,12000771,13000771
26,2026,1446,1445,1444,81,10000801,11000801,8014451,9014451,8014451,9014451,10014451,11014451,22014451,23014451,24014451,25014451,20014441,20014431,21014441,21014431,30014451,31014451,32014451,12000801,13000801
27,2027,1449,1448,1447,84,10000831,11000831,8014481,9014481,8014481,9014481,10014481,11014481,22014481,23014481,24014481,25014481,20014471,20014461,21014471,21014461,30014481,31014481,32014481,12000831,13000831
28,2028,1452,1451,1450,87,10000861,11000861,8014511,9014511,8014511,9014511,10014511,11014511,22014511,23014511,24014511,25014511,20014501,20014491,21014501,21014491,30014511,31014511,32014511,12000861,13000861
29,2029,1455,1454,1453,90,10000891,11000891,8014541,9014541,8014541,9014541,10014541,11014541,22014541,23014541,24014541,25014541,20014531,20014521,21014531,21014521,30014541,31014541,32014541,12000891,13000891
30,2030,1458,1457,1456,93,10000921,11000921,8014571,9014571,8014571,9014571,10014571,11014571,22014571,23014571,24014571,25014571,20014561,20014551,21014561,21014551,30014571,31014571,32014571,12000921,13000921
31,2031,1461,1460,1459,96,10000951,11000951,8014601,9014601,8014601,9014601,10014601,11014601,22014601,23014601,24014601,25014601,20014591,20014581,21014591,21014581,30014601,31014601,32014601,12000951,13000951
32,2032,1464,1463,1462,99,10000981,11000981,8014631,9014631,8014631,9014631,10014631,11014631,22014631,23014631,24014631,25014631,20014621,20014611,21014621,21014611,30014631,31014631,32014631,12000981,13000981
33,2033,1467,1466,1465,102,10001011,11001011,8014661,9014661,8014661,9014661,10014661,11014661,22014661,23014661,24014661,25014661,20014651,20014641,21014651,21014641,30014661,31014661,32014661,12001011,13001011
34,2034,1470,1469,1468,105,10001041,11001041,8014691,9014691,8014691,9014691,10014691,11014691,22014691,23014691,24014691,25014691,20014681,20014671,21014681,21014671,30014691,31014691,32014691,12001041,13001041
35,2035,1473,1472,1471,108,10001071,11001071,8014721,9014721,8014721,9014721,10014721,11014721,22014721,23014721,24014721,25014721,20014711,20014701,21014711,21014701,30014721,31014721,32014721,12001071,13001071
36,2036,1476,1475,1474,111,10001101,11001101,8014751,9014751,8014751,9014751,10014751,11014751,22014751,23014751,24014751,25014751,20014741,20014731,21014741,21014731,30014751,31014751,32014751,12001101,13001101
37,2037,1479,1478,1477,114,10001131,11001131,8014781,9014781,8014781,9014781,10014781,11014781,22014781,23014781,24014781,25014781,20014771,20014761,21014771,21014761,30014781,31014781,32014781,12001131,13001131
38,2038,1482,1481,1480,117,10001161,11001161,8014811,9014811,8014811,9014811,10014811,11014811,22014811,23014811,24014811,25014811,20014801,20014791,21014801,21014791,30014811,31014811,32014811,12001161,13001161
39,2039,1485,1484,1483,120,10001191,11001191,8014841,9014841,8014841,9014841,10014841,11014841,22014841,23014841,24014841,25014841,20014831,20014821,21014831,21014821,30014841,31014841,32014841,12001191,13001191
40,2040,1488,1487,1486,123,10001221,11001221,8014871,9014871,8014871,9014871,10014871,11014871,22014871,23014871,24014871,25014871,20014861,20014851,21014861,21014851,30014871,31014871,32014871,12001221,13001221
41,2041,1491,1490,1489,126,10001251,11001251,8014901,9014901,8014901,9014901,10014901,11014901,22014901,23014901,24014901,25014901,20014891,20014881,21014891,21014881,30014901,31014901,32014901,12001251,13001251
42,2042,1494,1493,1492,129,10001281,11001281,8014931,9014931,8014931,9014931,10014931,11014931,22014931,23014931,24014931,25014931,20014921,20014911,21014921,21014911,30014931,31014931,32014931,12001281,13001281
43,2043,1497,1496,1495,132,10001311,11001311,8014961,9014961,8014961,9014961,10014961,11014961,22014961,23014961,24014961,25014961,20014951,20014941,21014951,21014941,30014961,31014961,32014961,12001311,13001311
44,2044,1500,1499,1498,135,10001341,11001341,8014991,9014991,8014991,9014991,10014991,11014991,22014991,23014991,24014991,25014991,20014981,20014971,21014981,21014971,30014991,31014991,32014991,12001341,13001341
45,2045,1503,1502,1501,138,10001371,11001371,8015021,9015021,8015021,9015021,10015021,11015021,22015021,23015021,24015021,25015021,20015011,20015001,21015011,21015001,30015021,31015021,32015021,12001371,13001371
46,2046,1506,1505,1504,141,10001401,11001401,8015051,9015051,8015051,9015051,10015051,11015051,22015051,23015051,24015051,25015051,20015041,20015031,21015041,21015031,30015051,31015051,32015051,12001401,13001401
47,2047,1509,1508,1507,144,10001431,11001431,8015081,9015081,8015081,9015081,10015081,11015081,22015081,23015081,24015081,25015081,20015071,20015061,21015071,21015061,30015081,31015081,32015081,12001431,13001431
48,2048,1512,1511,1510,147,10001461,11001461,8015111,9015111,8015111,9015111,10015111,11015111,22015111,23015111,24015111,25015111,20015101,20015091,21015101,21015091,30015111,31015111,32015111,12001461,13001461
49,2049,1515,1514,1513,150,10001491,11001491,8015141,9015141,8015141,9015141,10015141,11015141,22015141,23015141,24015141,25015141,20015131,20015121,21015131,21015121,30015141,31015141,32015141,12001491,13001491
50,2050,1518,1517,1516,153,10001521,11001521,8015171,9015171,8015171,9015171,10015171,11015171,22015171,23015171,24015171,25015171,20015161,20015151,21015161,21015151,30015171,31015171,32015171,12001521,13001521
51,2051,1521,1520,1519,156,10001551,11001551,8015201,9015201,8015201,9015201,10015201,11015201,22015201,23015201,24015201,25015201,20015191,20015181,21015191,21015181,30015201,31015201,32015201,12001551,13001551
52,2052,1524,1523,1522,159,10001581,11001581,8015231,9015231,8015231,9015231,10015231,11015231,22015231,23015231,24015231,25015231,20015221,20015211,21015221,21015211,30015231,31015231,32015231,12001581,13001581
53,2053,1527,1526,1525,162,10001611,11001611,8015261,9015261,8015261,9015261,10015261,11015261,22015261,23015261,24015261,25015261,20015251,20015241,21015251,21015241,30015261,31015261,32015261,12001611,13001611
54,2054,1530,1529,1528,165,10001641,11001641,8015291,9015291,8015291,9015291,10015291,11015291,22015291,23015291,24015291,25015291,20015281,20015271,21015281,21015271,30015291,31015291,32015291,12001641,13001641
55,2055,1533,1532,1531,168,10001671,11001671,8015321,9015321,8015321,9015321,10015321,11015321,22015321,23015321,24015321,25015321,20015311,20015301,21015311,21015301,30015321,31015321,32015321,12001671,13001671
56,2056,1536,1535,1534,171,10001701,11001701,8015351,9015351,8015351,9015351,10015351,11015351,22015351,23015351,24015351,25015351,20015341,20015331,21015341,21015331,30015351,31015351,32015351,12001701,13001701
57,2057,1539,1538,1537,174,10001731,11001731,8015381,9015381,8015381,9015381,10015381,11015381,22015381,23015381,24015381,25015381,20015371,20015361,21015371,21015361,30015381,31015381,32015381,12001731,13001731
58,2058,1542,1541,1540,177,10001761,11001761,8015411,9015411,8015411,9015411,10015411,11015411,22015411,23015411,24015411,25015411,20015401,20015391,21015401,21015391,30015411,31015411,32015411,12001761,13001761
59,2059,1545,1544,1543,180,10001791,11001791,8015441,9015441,8015441,9015441,10015441,11015441,22015441,23015441,24015441,25015441,20015431,20015421,21015431,21015421,30015441,31015441,32015441,12001791,13001791
60,2060,1548,1547,1546,183,10001821,11001821,8015471,9015471,8015471,9015471,10015471,11015471,22015471,23015471,24015471,25015471,20015461,20015451,21015461,21015451,30015471,31015471,32015471,12001821,13001821
61,2061,1551,1550,1549,186,10001851,11001851,8015501,9015501,8015501,9015501,10015501,11015501,22015501,23015501,24015501,25015501,20015491,20015481,21015491,21015481,30015501,31015501,32015501,12001851,13001851
62,2062,1554,1553,1552,189,10001881,11001881,8015531,9015531,8015531,9015531,10015531,11015531,22015531,23015531,24015531,25015531,20015521,20015511,21015521,21015511,30015531,31015531,32015531,12001881,13001881
63,2063,1557,1556,1555,192,10001911,11001911,8015561,9015561,8015561,9015561,10015561,11015561,22015561,23015561,24015561,25015561,20015551,20015541,21015551,21015541,30015561,31015561,32015561,12001911,13001911
64,2064,1560,1559,1558,195,10001941,11001941,8015591,9015591,8015591,9015591,10015591,11015591,22015591,23015591,24015591,25015591,20015581,20015571,21015581,21015571,30015591,31015591,32015591,12001941,13001941
65,2065,1563,1562,1561,198,10001971,11001971,8015621,9015621,8015621,9015621,10015621,11015621,22015621,23015621,24015621,25015621,20015611,20015601,21015611,21015601,30015621,31015621,32015621,12001971,13001971
66,2066,1566,1565,1564,201,10002001,11002001,8015651,9015651,8015651,9015651,10015651,11015651,22015651,23015651,24015651,25015651,20015641,20015631,21015641,21015631,30015651,31015651,32015651,12002001,13002001
67,2067,1569,1568,1567,204,10002031,11002031,8015681,9015681,8015681,9015681,10015681,11015681,22015681,23015681,24015681,25015681,20015671,20015661,21015671,21015661,30015681,31015681,32015681,12002031,13002031
68,2068,1572,1571,1570,207,10002061,11002061,8015711,9015711,8015711,9015711,10015711,11015711,22015711,23015711,24015711,25015711,20015701,20015691,21015701,21015691,30015711,31015711,32015711,12002061,13002061
69,2069,1575,1574,1573,210,10002091,11002091,8015741,9015741,8015741,9015741,10015741,11015741,22015741,23015741,24015741,25015741,20015731,20015721,21015731,21015721,30015741,31015741,32015741,12002091,13002091
70,2070,1578,1577,1576,213,10002121,11002121,8015771,9015771,8015771,9015771,10015771,11015771,22015771,23015771,24015771,25015771,20015761,20015751,21015761,21015751,30015771,31015771,32015771,12002121,13002121
71,2071,1581,1580,1579,216,10002151,11002151,8015801,9015801,8015801,9015801,10015801,11015801,22015801,23015801,24015801,25015801,20015791,20015781,21015791,21015781,30015801,31015801,32015801,12002151,13002151
72,2072,1584,1583,1582,219,10002181,11002181,8015831,9015831,8015831,9015831,10015831,11015831,22015831,23015831,24015831,25015831,20015821,20015811,21015821,21015811,30015831,31015831,32015831,12002181,13002181
73,2073,1587,1586,1585,222,10002211,11002211,8015861,9015861,8015861,9015861,10015861,11015861,22015861,23015861,24015861,25015861,20015851,20015841,21015851,21015841,30015861,31015861,32015861,12002211,13002211
74,2074,1590,1589,1588,225,10002241,11002241,8015891,9015891,8015891,9015891,10015891,11015891,22015891,23015891,24015891,25015891,20015881,20015871,21015881,21015871,30015891,31015891,32015891,12002241,13002241
75,2075,1593,1592,1591,228,10002271,11002271,8015921,9015921,8015921,9015921,10015921,11015921,22015921,23015921,24015921,25015921,20015911,20015901,21015911,21015901,30015921,31015921,32015921,12002271,13002271
76,2076,1596,1595,1594,231,10002301,11002301,8015951,9015951,8015951,9015951,10015951,11015951,22015951,23015951,24015951,25015951,20015941,20015931,21015941,21015931,30015951,31015951,32015951,12002301,13002301
77,2077,1599,1598,1597,234,10002331,11002331,8015981,9015981,8015981,9015981,10015981,11015981,22015981,23015981,24015981,25015981,20015971,20015961,21015971,21015961,30015981,31015981,32015981,12002331,13002331
78,2078,1602,1601,1600,237,10002361,11002361,8016011,9016011,8016011,9016011,10016011,11016011,22016011,23016011,24016011,25016011,20016001,20015991,21016001,21015991,30016011,31016011,32016011,12002361,13002361
79,2079,1605,1604,1603,240,10002391,11002391,8016041,9016041,8016041,9016041,10016041,11016041,22016041,23016041,24016041,25016041,20016031,20016021,21016031,21016021,30016041,31016041,32016041,12002391,13002391
80,2080,1608,1607,1606,243,10002421,11002421,8016071,9016071,8016071,9016071,10016071,11016071,22016071,23016071,24016071,25016071,20016061,20016051,21016061,21016051,30016071,31016071,32016071,12002421,13002421
81,2081,1611,1610,1609,246,10002451,11002451,8016101,9016101,8016101,9016101,10016101,11016101,22016101,23016101,24016101,25016101,20016091,20016081,21016091,21016081,30016101,31016101,32016101,12002451,13002451
82,2082,1614,1613,1612,249,10002481,11002481,8016131,9016131,8016131,9016131,10016131,11016131,22016131,23016131,24016131,25016131,20016121,20016111,21016121,21016111,30016131,31016131,32016131,12002481,13002481
83,2083,1617,1616,1615,252,10002511,11002511,8016161,9016161,8016161,9016161,10016161,11016161,22016161,23016161,24016161,25016161,20016151,20016141,21016151,21016141,30016161,31016161,32016161,12002511,13002511
84,2084,1620,1619,1618,255,10002541,11002541,8016191,9016191,8016191,9016191,10016191,11016191,22016191,23016191,24016191,25016191,20016181,20016171,21016181,21016171,30016191,31016191,32016191,12002541,13002541
85,2085,1623,1622,1621,258,10002571,11002571,8016221,9016221,8016221,9016221,10016221,11016221,22016221,23016221,24016221,25016221,20016211,20016201,21016211,21016201,30016221,31016221,32016221,12002571,13002571
86,2086,1626,1625,1624,261,10002601,11002601,8016251,9016251,8016251,9016251,10016251,11016251,22016251,23016251,24016251,25016251,20016241,20016231,21016241,21016231,30016251,31016251,32016251,12002601,13002601
87,2087,1629,1628,1627,264,10002631,11002631,8016281,9016281,8016281,9016281,10016281,11016281,22016281,23016281,24016281,25016281,20016271,20016261,21016271,21016261,30016281,31016281,32016281,12002631,13002631
88,2088,1632,1631,1630,267,10002661,11002661,8016311,9016311,8016311,9016311,10016311,11016311,22016311,23016311,24016311,25016311,20016301,20016291,21016301,21016291,30016311,31016311,32016311,12002661,13002661
89,2089,1635,1634,1633,270,10002691,11002691,8016341,9016341,8016341,9016341,10016341,11016341,22016341,23016341,24016341,25016341,20016331,20016321,21016331,21016321,30016341,31016341,32016341,12002691,13002691
90,2090,1638,1637,1636,273,10002721,11002721,8016371,9016371,8016371,9016371,10016371,11016371,22016371,23016371,24016371,25016371,20016361,20016351,21016361,21016351,30016371,31016371,32016371,12002721,13002721
91,2091,1641,1640,1639,276,10002751,11002751,8016401,9016401,8016401,9016401,10016401,11016401,22016401,23016401,24016401,25016401,20016391,20016381,21016391,21016381,30016401,31016401,32016401,12002751,13002751
92,2092,1644,1643,1642,279,10002781,11002781,8016431,9016431,8016431,9016431,10016431,11016431,22016431,23016431,24016431,25016431,20016421,20016411,21016421,21016411,30016431,31016431,32016431,12002781,13002781
93,2093,1647,1646,1645,282,10002811,11002811,8016461,9016461,8016461,9016461,10016461,11016461,22016461,23016461,24016461,25016461,20016451,20016441,21016451,21016441,30016461,31016461,32016461,12002811,13002811
94,2094,1650,1649,1648,285,10002841,11002841,8016491,9016491,8016491,9016491,10016491,11016491,22016491,23016491,24016491,25016491,20016481,20016471,21016481,21016471,30016491,31016491,32016491,12002841,13002841
95,2095,1653,1652,1651,288,10002871,11002871,8016521,9016521,8016521,9016521,10016521,11016521,22016521,23016521,24016521,25016521,20016511,20016501,21016511,21016501,30016521,31016521,32016521,12002871,13002871
96,2096,1656,1655,1654,291,10002901,11002901,8016551,9016551,8016551,9016551,10016551,11016551,22016551,23016551,24016551,25016551,20016541,20016531,21016541,21016531,30016551,31016551,32016551,12002901,13002901
97,2097,1659,1658,1657,294,10002931,11002931,8016581,9016581,8016581,9016581,10016581,11016581,22016581,23016581,24016581,25016581,20016571,20016561,21016571,21016561,30016581,31016581,32016581,12002931,13002931
98,2098,1662,1661,1660,297,10002961,11002961,8016611,9016611,8016611,9016611,10016611,11016611,22016611,23016611,24016611,25016611,20016601,20016591,21016601,21016591,30016611,31016611,32016611,12002961,13002961
99,2099,1665,1664,1663,300,10002991,11002991,8016641,9016641,8016641,9016641,10016641,11016641,22016641,23016641,24016641,25016641,20016631,20016621,21016631,21016621,30016641,31016641,32016641,12002991,13002991
100,2100,1668,1667,1666,303,10003021,11003021,8016671,9016671,8016671,9016671,10016671,11016671,22016671,23016671,24016671,25016671,20016661,20016651,21016661,21016651,30016671,31016671,32016671,12003021,13003021
101,2101,1671,1670,1669,306,10003051,11003051,8016701,9016701,8016701,9016701,10016701,11016701,22016701,23016701,24016701,25016701,20016691,20016681,21016691,21016681,30016701,31016701,32016701,12003051,13003051
102,2102,1674,1673,1672,309,10003081,11003081,8016731,9016731,8016731,9016731,10016731,11016731,22016731,23016731,24016731,25016731,20016721,20016711,21016721,21016711,30016731,31016731,32016731,12003081,13003081
103,2103,1677,1676,1675,312,10003111,11003111,8016761,9016761,8016761,9016761,10016761,11016761,22016761,23016761,24016761,25016761,20016751,20016741,21016751,21016741,30016761,31016761,32016761,12003111,13003111
104,2104,1680,1679,1678,315,10003141,11003141,8016791,9016791,8016791,9016791,10016791,11016791,22016791,23016791,24016791,25016791,20016781,20016771,21016781,21016771,30016791,31016791,32016791,12003141,13003141
105,2105,1683,1682,1681,318,10003171,11003171,8016821,9016821,8016821,9016821,10016821,11016821,22016821,23016821,24016821,25016821,20016811,20016801,21016811,21016801,30016821,31016821,32016821,12003171,13003171
106,2106,1686,1685,1684,321,10003201,11003201,8016851,9016851,8016851,9016851,10016851,11016851,22016851,23016851,24016851,25016851,20016841,20016831,21016841,21016831,30016851,31016851,32016851,12003201,13003201
107,2107,1689,1688,1687,324,10003231,11003231,8016881,9016881,8016881,9016881,10016881,11016881,22016881,23016881,24016881,25016881,20016871,20016861,21016871,21016861,30016881,31016881,32016881,12003231,13003231
108,2108,1692,1691,1690,327,10003261,11003261,8016911,9016911,8016911,9016911,10016911,11016911,22016911,23016911,24016911,25016911,20016901,20016891,21016901,21016891,30016911,31016911,32016911,12003261,13003261
109,2109,1695,1694,1693,330,10003291,11003291,8016941,9016941,8016941,9016941,10016941,11016941,22016941,23016941,24016941,25016941,20016931,20016921,21016931,21016921,30016941,31016941,32016941,12003291,13003291
110,2110,1698,1697,1696,333,10003321,11003321,8016971,9016971,8016971,9016971,10016971,11016971,22016971,23016971,24016971,25016971,20016961,20016951,21016961,21016951,30016971,31016971,32016971,12003321,13003321
111,2111,1701,1700,1699,336,10003351,11003351,8017001,9017001,8017001,9017001,10017001,11017001,22017001,23017001,24017001,25017001,20016991,20016981,21016991,21016981,30017001,31017001,32017001,12003351,13003351
112,2112,1704,1703,1702,339,10003381,11003381,8017031,9017031,8017031,9017031,10017031,11017031,22017031,23017031,24017031,25017031,20017021,20017011,21017021,21017011,30017031,31017031,32017031,12003381,13003381
113,2113,1707,1706,1705,342,10003411,11003411,8017061,9017061,8017061,9017061,10017061,11017061,22017061,23017061,24017061,25017061,20017051,20017041,21017051,21017041,30017061,31017061,32017061,12003411,13003411
114,2114,1710,1709,1708,345,10003441,11003441,8017091,9017091,8017091,9017091,10017091,11017091,22017091,23017091,24017091,25017091,20017081,20017071,21017081,21017071,30017091,31017091,32017091,12003441,13003441
115,2115,1713,1712,1711,348,10003471,11003471,8017121,9017121,8017121,9017121,10017121,11017121,22017121,23017121,24017121,25017121,20017111,20017101,21017111,21017101,30017121,31017121,32017121,12003471,13003471
116,2116,1716,1715,1714,351,10003501,11003501,8017151,9017151,8017151,9017151,10017151,11017151,22017151,23017151,24017151,25017151,20017141,20017131,21017141,21017131,30017151,31017151,32017151,12003501,13003501
117,2117,1719,1718,1717,354,10003531,11003531,8017181,9017181,8017181,9017181,10017181,11017181,22017181,23017181,24017181,25017181,20017171,20017161,21017171,21017161,30017181,31017181,32017181,12003531,13003531
118,2118,1722,1721,1720,357,10003561,11003561,8017211,9017211,8017211,9017211,10017211,11017211,22017211,23017211,24017211,25017211,20017201,20017191,21017201,21017191,30017211,31017211,32017211,12003561,13003561
119,2119,1725,1724,1723,360,10003591,11003591,8017241,9017241,8017241,9017241,10017241,11017241,22017241,23017241,24017241,25017241,20017231,20017221,21017231,21017221,30017241,31017241,32017241,12003591,13003591
120,2120,1728,1727,1726,363,10003621,11003621,8017271,9017271,8017271,9017271,10017271,11017271,22017271,23017271,24017271,25017271,20017261,20017251,21017261,21017251,30017271,31017271,32017271,12003621,13003621
121,2121,1731,1730,1729,366,10003651,11003651,8017301,9017301,8017301,9017301,10017301,11017301,22017301,23017301,24017301,25017301,20017291,20017281,21017291,21017281,30017301,31017301,32017301,12003651,13003651
122,2122,1734,1733,1732,369,10003681,11003681,8017331,9017331,8017331,9017331,10017331,11017331,22017331,23017331,24017331,25017331,20017321,20017311,21017321,21017311,30017331,31017331,32017331,12003681,13003681
123,2123,1737,1736,1735,372,10003711,11003711,8017361,9017361,8017361,9017361,10017361,11017361,22017361,23017361,24017361,25017361,20017351,20017341,21017351,21017341,30017361,31017361,32017361,12003711,13003711
124,2124,1740,1739,1738,375,10003741,11003741,8017391,9017391,8017391,9017391,10017391,11017391,22017391,23017391,24017391,25017391,20017381,20017371,21017381,21017371,30017391,31017391,32017391,12003741,13003741
125,2125,1743,1742,1741,378,10003771,11003771,8017421,9017421,8017421,9017421,10017421,11017421,22017421,23017421,24017421,25017421,20017411,20017401,21017411,21017401,30017421,31017421,32017421,12003771,13003771
126,2126,1746,1745,1744,381,10003801,11003801,8017451,9017451,8017451,9017451,10017451,11017451,22017451,23017451,24017451,25017451,20017441,20017431,21017441,21017431,30017451,31017451,32017451,12003801,13003801
127,2127,1749,1748,1747,384,10003831,11003831,8017481,9017481,8017481,9017481,10017481,11017481,22017481,23017481,24017481,25017481,20017471,20017461,21017471,21017461,30017481,31017481,32017481,12003831,13003831
128,2128,1752,1751,1750,387,10003861,11003861,8017511,9017511,8017511,9017511,10017511,11017511,22017511,23017511,24017511,25017511,20017501,20017491,21017501,21017491,30017511,31017511,32017511,12003861,13003861
129,2129,1755,1754,1753,390,10003891,11003891,8017541,9017541,8017541,9017541,10017541,11017541,22017541,23017541,24017541,25017541,20017531,20017521,21017531,21017521,30017541,31017541,32017541,12003891,13003891
130,2130,1758,1757,1756,393,10003921,11003921,8017571,9017571,8017571,9017571,10017571,11017571,22017571,23017571,24017571,25017571,20017561,20017551,21017561,21017551,30017571,31017571,32017571,12003921,13003921
131,2131,1761,1760,1759,396,10003951,11003951,8017601,9017601,8017601,9017601,10017601,11017601,22017601,23017601,24017601,25017601,20017591,20017581,21017591,21017581,30017601,31017601,32017601,12003951,13003951
132,2132,1764,1763,1762,399,10003981,11003981,8017631,9017631,8017631,9017631,10017631,11017631,22017631,23017631,24017631,25017631,20017621,20017611,21017621,21017611,30017631,31017631,32017631,12003981,13003981
133,2133,1767,1766,1765,402,10004011,11004011,8017661,9017661,8017661,9017661,10017661,11017661,22017661,23017661,24017661,25017661,20017651,20017641,21017651,21017641,30017661,31017661,32017661,12004011,13004011
134,2134,1770,1769,1768,405,10004041,11004041,8017691,9017691,8017691,9017691,10017691,11017691,22017691,23017691,24017691,25017691,20017681,20017671,21017681,21017671,30017691,31017691,32017691,12004041,13004041
135,2135,1773,1772,1771,408,10004071,11004071,8017721,9017721,8017721,9017721,10017721,11017721,22017721,23017721,24017721,25017721,20017711,20017701,21017711,21017701,30017721,31017721,32017721,12004071,13004071
136,2136,1776,1775,1774,411,10004101,11004101,8017751,9017751,8017751,9017751,10017751,11017751,22017751,23017751,24017751,25017751,20017741,20017731,21017741,21017731,30017751,31017751,32017751,12004101,13004101
137,2137,1779,1778,1777,414,10004131,11004131,8017781,9017781,8017781,9017781,10017781,11017781,22017781,23017781,24017781,25017781,20017771,20017761,21017771,21017761,30017781,31017781,32017781,12004131,13004131
138,2138,1782,1781,1780,417,10004161,11004161,8017811,9017811,8017811,9017811,10017811,11017811,22017811,23017811,24017811,25017811,20017801,20017791,21017801,21017791,30017811,31017811,32017811,12004161,13004161
139,2139,1785,1784,1783,420,10004191,11004191,8017841,9017841,8017841,9017841,10017841,11017841,22017841,23017841,24017841,25017841,20017831,20017821,21017831,21017821,30017841,31017841,32017841,12004191,13004191
140,2140,1788,1787,1786,423,10004221,11004221,8017871,9017871,8017871,9017871,10017871,11017871,22017871,23017871,24017871,25017871,20017861,20017851,21017861,21017851,30017871,31017871,32017871,12004221,13004221
141,2141,1791,1790,1789,426,10004251,11004251,8017901,9017901,8017901,9017901,10017901,11017901,22017901,23017901,24017901,25017901,20017891,20017881,21017891,21017881,30017901,31017901,32017901,12004251,13004251
142,2142,1794,1793,1792,429,10004281,11004281,8017931,9017931,8017931,9017931,10017931,11017931,22017931,23017931,24017931,25017931,20017921,20017911,21017921,21017911,30017931,31017931,32017931,12004281,13004281
143,2143,1797,1796,1795,432,10004311,11004311,8017961,9017961,8017961,9017961,10017961,11017961,22017961,23017961,24017961,25017961,20017951,20017941,21017951,21017941,30017961,31017961,32017961,12004311,13004311
144,2144,1800,1799,1798,435,10004341,11004341,8017991,9017991,8017991,9017991,10017991,11017991,22017991,23017991,24017991,25017991,20017981,20017971,21017981,21017971,30017991,31017991,32017991,12004341,13004341
145,2145,1803,1802,1801,438,10004371,11004371,8018021,9018021,8018021,9018021,10018021,11018021,22018021,23018021,24018021,25018021,20018011,20018001,21018011,21018001,30018021,31018021,32018021,12004371,13004371
146,2146,1806,1805,1804,441,10004401,11004401,8018051,9018051,8018051,9018051,10018051,11018051,22018051,23018051,24018051,25018051,20018041,20018031,21018041,21018031,30018051,31018051,32018051,12004401,13004401
147,2147,1809,1808,1807,444,10004431,11004431,8018081,9018081,8018081,9018081,10018081,11018081,22018081,23018081,24018081,25018081,20018071,20018061,21018071,21018061,30018081,31018081,32018081,12004431,13004431
148,2148,1812,1811,1810,447,10004461,11004461,8018111,9018111,8018111,9018111,10018111,11018111,22018111,23018111,24018111,25018111,20018101,20018091,21018101,21018091,30018111,31018111,32018111,12004461,13004461
149,2149,1815,1814,1813,450,10004491,11004491,8018141,9018141,8018141,9018141,10018141,11018141,22018141,23018141,24018141,25018141,20018131,20018121,21018131,21018121,30018141,31018141,32018141,12004491,13004491
150,2150,1818,1817,1816,453,10004521,11004521,8018171,9018171,8018171,9018171,10018171,11018171,22018171,23018171,24018171,25018171,20018161,20018151,21018161,21018151,30018171,31018171,32018171,12004521,13004521
151,2151,1821,1820,1819,456,10004551,11004551,8018201,9018201,8018201,9018201,10018201,11018201,22018201,23018201,24018201,25018201,20018191,20018181,21018191,21018181,30018201,31018201,32018201,12004551,13004551
152,2152,1824,1823,1822,459,10004581,11004581,8018231,9018231,8018231,9018231,10018231,11018231,22018231,23018231,24018231,25018231,20018221,20018211,21018221,21018211,30018231,31018231,32018231,12004581,13004581
153,2153,1827,1826,1825,462,10004611,11004611,8018261,9018261,8018261,9018261,10018261,11018261,22018261,23018261,24018261,25018261,20018251,20018241,21018251,21018241,30018261,31018261,32018261,12004611,13004611
154,2154,1830,1829,1828,465,10004641,11004641,8018291,9018291,8018291,9018291,10018291,11018291,22018291,23018291,24018291,25018291,20018281,20018271,21018281,21018271,30018291,31018291,32018291,12004641,13004641
155,2155,1833,1832,1831,468,10004671,11004671,8018321,9018321,8018321,9018321,10018321,11018321,22018321,23018321,24018321,25018321,20018311,20018301,21018311,21018301,30018321,31018321,32018321,12004671,13004671
156,2156,1836,1835,1834,471,10004701,11004701,8018351,9018351,8018351,9018351,10018351,11018351,22018351,23018351,24018351,25018351,20018341,20018331,21018341,21018331,30018351,31018351,32018351,12004701,13004701
157,2157,1839,1838,1837,474,10004731,11004731,8018381,9018381,8018381,9018381,10018381,11018381,22018381,23018381,24018381,25018381,20018371,20018361,21018371,21018361,30018381,31018381,32018381,12004731,13004731
158,2158,1842,1841,1840,477,10004761,11004761,8018411,9018411,8018411,9018411,10018411,11018411,22018411,23018411,24018411,25018411,20018401,20018391,21018401,21018391,30018411,31018411,32018411,12004761,13004761
159,2159,1845,1844,1843,480,10004791,11004791,8018441,9018441,8018441,9018441,10018441,11018441,22018441,23018441,24018441,25018441,20018431,20018421,21018431,21018421,30018441,31018441,32018441,12004791,13004791
160,2160,1848,1847,1846,483,10004821,11004821,8018471,9018471,8018471,9018471,10018471,11018471,22018471,23018471,24018471,25018471,20018461,20018451,21018461,21018451,30018471,31018471,32018471,12004821,13004821
161,2161,1851,1850,1849,486,10004851,11004851,8018501,9018501,8018501,9018501,10018501,11018501,22018501,23018501,24018501,25018501,20018491,20018481,21018491,21018481,30018501,31018501,32018501,12004851,13004851
162,2162,1854,1853,1852,489,10004881,11004881,8018531,9018531,8018531,9018531,10018531,11018531,22018531,23018531,24018531,25018531,20018521,20018511,21018521,21018511,30018531,31018531,32018531,12004881,13004881
163,2163,1857,1856,1855,492,10004911,11004911,8018561,9018561,8018561,9018561,10018561,11018561,22018561,23018561,24018561,25018561,20018551,20018541,21018551,21018541,30018561,31018561,32018561,12004911,13004911
164,2164,1860,1859,1858,495,10004941,11004941,8018591,9018591,8018591,9018591,10018591,11018591,22018591,23018591,24018591,25018591,20018581,20018571,21018581,21018571,30018591,31018591,32018591,12004941,13004941
165,2165,1863,1862,1861,498,10004971,11004971,8018621,9018621,8018621,9018621,10018621,11018621,22018621,23018621,24018621,25018621,20018611,20018601,21018611,21018601,30018621,31018621,32018621,12004971,13004971
166,2166,1866,1865,1864,501,10005001,11005001,8018651,9018651,8018651,9018651,10018651,11018651,22018651,23018651,24018651,25018651,20018641,20018631,21018641,21018631,30018651,31018651,32018651,12005001,13005001
167,2167,1869,1868,1867,504,10005031,11005031,8018681,9018681,8018681,9018681,10018681,11018681,22018681,23018681,24018681,25018681,20018671,20018661,21018671,21018661,30018681,31018681,32018681,12005031,13005031
168,2168,1872,1871,1870,507,10005061,11005061,8018711,9018711,8018711,9018711,10018711,11018711,22018711,23018711,24018711,25018711,20018701,20018691,21018701,21018691,30018711,31018711,32018711,12005061,13005061
169,2169,1875,1874,1873,510,10005091,11005091,8018741,9018741,8018741,9018741,10018741,11018741,22018741,23018741,24018741,25018741,20018731,20018721,21018731,21018721,30018741,31018741,32018741,12005091,13005091
170,2170,1878,1877,1876,513,10005121,11005121,8018771,9018771,8018771,9018771,10018771,11018771,22018771,23018771,24018771,25018771,20018761,20018751,21018761,21018751,30018771,31018771,32018771,12005121,13005121
171,2171,1881,1880,1879,516,10005151,11005151,8018801,9018801,8018801,9018801,10018801,11018801,22018801,23018801,24018801,25018801,20018791,20018781,21018791,21018781,30018801,31018801,32018801,12005151,13005151
172,2172,1884,1883,1882,519,10005181,11005181,8018831,9018831,8018831,9018831,10018831,11018831,22018831,23018831,24018831,25018831,20018821,20018811,21018821,21018811,30018831,31018831,32018831,12005181,13005181
173,2173,1887,1886,1885,522,10005211,11005211,8018861,9018861,8018861,9018861,10018861,11018861,22018861,23018861,24018861,25018861,20018851,20018841,21018851,21018841,30018861,31018861,32018861,12005211,13005211
174,2174,1890,1889,1888,525,10005241,11005241,8018891,9018891,8018891,9018891,10018891,11018891,22018891,23018891,24018891,25018891,20018881,20018871,21018881,21018871,30018891,31018891,32018891,12005241,13005241
175,2175,1893,1892,1891,528,10005271,11005271,8018921,9018921,8018921,9018921,10018921,11018921,22018921,23018921,24018921,25018921,20018911,20018901,21018911,21018901,30018921,31018921,32018921,12005271,13005271
176,2176,1896,1895,1894,531,10005301,11005301,8018951,9018951,8018951,9018951,10018951,11018951,22018951,23018951,24018951,25018951,20018941,20018931,21018941,21018931,30018951,31018951,32018951,12005301,13005301
177,2177,1899,1898,1897,534,10005331,11005331,8018981,9018981,8018981,9018981,10018981,11018981,22018981,23018981,24018981,25018981,20018971,20018961,21018971,21018961,30018981,31018981,32018981,12005331,13005331
178,2178,1902,1901,1900,537,10005361,11005361,8019011,9019011,8019011,9019011,10019011,11019011,22019011,23019011,24019011,25019011,20019001,20018991,21019001,21018991,30019011,31019011,32019011,12005361,13005361
179,2179,1905,1904,1903,540,10005391,11005391,8019041,9019041,8019041,9019041,10019041,11019041,22019041,23019041,24019041,25019041,20019031,20019021,21019031,21019021,30019041,31019041,32019041,12005391,13005391
180,2180,1908,1907,1906,543,10005421,11005421,8019071,9019071,8019071,9019071,10019071,11019071,22019071,23019071,24019071,25019071,20019061,20019051,21019061,21019051,30019071,31019071,32019071,12005421,13005421
181,2181,1911,1910,1909,546,10005451,11005451,8019101,9019101,8019101,9019101,10019101,11019101,22019101,23019101,24019101,25019101,20019091,20019081,21019091,21019081,30019101,31019101,32019101,12005451,13005451
182,2182,1914,1913,1912,549,10005481,11005481,8019131,9019131,8019131,9019131,10019131,11019131,22019131,23019131,24019131,25019131,20019121,20019111,21019121,21019111,30019131,31019131,32019131,12005481,13005481
183,2183,1917,1916,1915,552,10005511,11005511,8019161,9019161,8019161,9019161,10019161,11019161,22019161,23019161,24019161,25019161,20019151,20019141,21019151,21019141,30019161,31019161,32019161,12005511,13005511
184,2184,1920,1919,1918,555,10005541,11005541,8019191,9019191,8019191,9019191,10019191,11019191,22019191,23019191,24019191,25019191,20019181,20019171,21019181,21019171,30019191,31019191,32019191,12005541,13005541
185,2185,1923,1922,1921,558,10005571,11005571,8019221,9019221,8019221,9019221,10019221,11019221,22019221,23019221,24019221,25019221,20019211,20019201,21019211,21019201,30019221,31019221,32019221,12005571,13005571
186,2186,1926,1925,1924,561,10005601,11005601,8019251,9019251,8019251,9019251,10019251,11019251,22019251,23019251,24019251,25019251,20019241,20019231,21019241,21019231,30019251,31019251,32019251,12005601,13005601
187,2187,1929,1928,1927,564,10005631,11005631,8019281,9019281,8019281,9019281,10019281,11019281,22019281,23019281,24019281,25019281,20019271,20019261,21019271,21019261,30019281,31019281,32019281,12005631,13005631
188,2188,1932,1931,1930,567,10005661,11005661,8019311,9019311,8019311,9019311,10019311,11019311,22019311,23019311,24019311,25019311,20019301,20019291,21019301,21019291,30019311,31019311,32019311,12005661,13005661
189,2189,1935,1934,1933,570,10005691,11005691,8019341,9019341,8019341,9019341,10019341,11019341,22019341,23019341,24019341,25019341,20019331,20019321,21019331,21019321,30019341,31019341,32019341,12005691,13005691
190,2190,1938,1937,1936,573,10005721,11005721,8019371,9019371,8019371,9019371,10019371,11019371,22019371,23019371,24019371,25019371,20019361,20019351,21019361,21019351,30019371,31019371,32019371,12005721,13005721
191,2191,1941,1940,1939,576,10005751,11005751,8019401,9019401,8019401,9019401,10019401,11019401,22019401,23019401,24019401,25019401,20019391,20019381,21019391,21019381,30019401,31019401,32019401,12005751,13005751
192,2192,1944,1943,1942,579,10005781,11005781,8019431,9019431,8019431,9019431,10019431,11019431,22019431,23019431,24019431,25019431,20019421,20019411,21019421,21019411,30019431,31019431,32019431,12005781,13005781
193,2193,1947,1946,1945,582,10005811,11005811,8019461,9019461,8019461,9019461,10019461,11019461,22019461,23019461,24019461,25019461,20019451,20019441,21019451,21019441,30019461,31019461,32019461,12005811,13005811
194,2194,1950,1949,1948,585,10005841,11005841,8019491,9019491,8019491,9019491,10019491,11019491,22019491,23019491,24019491,25019491,20019481,20019471,21019481,21019471,30019491,31019491,32019491,12005841,13005841
195,2195,1953,1952,1951,588,10005871,11005871,8019521,9019521,8019521,9019521,10019521,11019521,22019521,23019521,24019521,25019521,20019511,20019501,21019511,21019501,30019521,31019521,32019521,12005871,13005871
196,2196,1956,1955,1954,591,10005901,11005901,8019551,9019551,8019551,9019551,10019551,11019551,22019551,23019551,24019551,25019551,20019541,20019531,21019541,21019531,30019551,31019551,32019551,12005901,13005901
197,2197,1959,1958,1957,594,10005931,11005931,8019581,9019581,8019581,9019581,10019581,11019581,22019581,23019581,24019581,25019581,20019571,20019561,21019571,21019561,30019581,31019581,32019581,12005931,13005931
198,2198,1962,1961,1960,597,10005961,11005961,8019611,9019611,8019611,9019611,10019611,11019611,22019611,23019611,24019611,25019611,20019601,20019591,21019601,21019591,30019611,31019611,32019611,12005961,13005961
199,2199,1965,1964,1963,600,10005991,11005991,8019641,9019641,8019641,9019641,10019641,11019641,22019641,23019641,24019641,25019641,20019631,20019621,21019631,21019621,30019641,31019641,32019641,12005991,13005991
200,2200,1968,1967,1966,603,10006021,11006021,8019671,9019671,8019671,9019671,10019671,11019671,22019671,23019671,24019671,25019671,20019661,20019651,21019661,21019651,30019671,31019671,32019671,12006021,13006021
201,2201,1971,1970,1969,606,10006051,11006051,8019701,9019701,8019701,9019701,10019701,11019701,22019701,23019701,24019701,25019701,20019691,20019681,21019691,21019681,30019701,31019701,32019701,12006051,13006051
202,2202,1974,1973,1972,609,10006081,11006081,8019731,9019731,8019731,9019731,10019731,11019731,22019731,23019731,24019731,25019731,20019721,20019711,21019721,21019711,30019731,31019731,32019731,12006081,13006081
203,2203,1977,1976,1975,612,10006111,11006111,8019761,9019761,8019761,9019761,10019761,11019761,22019761,23019761,24019761,25019761,20019751,20019741,21019751,21019741,30019761,31019761,32019761,12006111,13006111
204,2204,1980,1979,1978,615,10006141,11006141,8019791,9019791,8019791,9019791,10019791,11019791,22019791,23019791,24019791,25019791,20019781,20019771,21019781,21019771,30019791,31019791,32019791,12006141,13006141
205,2205,1983,1982,1981,618,10006171,11006171,8019821,9019821,8019821,9019821,10019821,11019821,22019821,23019821,24019821,25019821,20019811,20019801,21019811,21019801,30019821,31019821,32019821,12006171,13006171
206,2206,1986,1985,1984,621,10006201,11006201,8019851,9019851,8019851,9019851,10019851,11019851,22019851,23019851,24019851,25019851,20019841,20019831,21019841,21019831,30019851,31019851,32019851,12006201,13006201
207,2207,1989,1988,1987,624,10006231,11006231,8019881,9019881,8019881,9019881,10019881,11019881,22019881,23019881,24019881,25019881,20019871,20019861,21019871,21019861,30019881,31019881,32019881,12006231,13006231
208,2208,1992,1991,1990,627,10006261,11006261,8019911,9019911,8019911,9019911,10019911,11019911,22019911,23019911,24019911,25019911,20019901,20019891,21019901,21019891,30019911,31019911,32019911,12006261,13006261
209,2209,1995,1994,1993,630,10006291,11006291,8019941,9019941,8019941,9019941,10019941,11019941,22019941,23019941,24019941,25019941,20019931,20019921,21019931,21019921,30019941,31019941,32019941,12006291,13006291
210,2210,1998,1997,1996,633,10006321,11006321,8019971,9019971,8019971,9019971,10019971,11019971,22019971,23019971,24019971,25019971,20019961,20019951,21019961,21019951,30019971,31019971,32019971,12006321,13006321
211,2211,2001,2000,1999,636,10006351,11006351,8020001,9020001,8020001,9020001,10020001,11020001,22020001,23020001,24020001,25020001,20019991,20019981,21019991,21019981,30020001,31020001,32020001,12006351,13006351
212,2212,2004,2003,2002,639,10006381,11006381,8020031,9020031,8020031,9020031,10020031,11020031,22020031,23020031,24020031,25020031,20020021,20020011,21020021,21020011,30020031,31020031,32020031,12006381,13006381
213,2213,2007,2006,2005,642,10006411,11006411,8020061,9020061,8020061,9020061,10020061,11020061,22020061,23020061,24020061,25020061,20020051,20020041,21020051,21020041,30020061,31020061,32020061,12006411,13006411
214,2214,2010,2009,2008,645,10006441,11006441,8020091,9020091,8020091,9020091,10020091,11020091,22020091,23020091,24020091,25020091,20020081,20020071,21020081,21020071,30020091,31020091,32020091,12006441,13006441
215,2215,2013,2012,2011,648,10006471,11006471,8020121,9020121,8020121,9020121,10020121,11020121,22020121,23020121,24020121,25020121,20020111,20020101,21020111,21020101,30020121,31020121,32020121,12006471,13006471
216,2216,2016,2015,2014,651,10006501,11006501,8020151,9020151,8020151,9020151,10020151,11020151,22020151,23020151,24020151,25020151,20020141,20020131,21020141,21020131,30020151,31020151,32020151,12006501,13006501
217,2217,2019,2018,2017,654,10006531,11006531,8020181,9020181,8020181,9020181,10020181,11020181,22020181,23020181,24020181,25020181,20020171,20020161,21020171,21020161,30020181,31020181,32020181,12006531,13006531
218,2218,2022,2021,2020,657,10006561,11006561,8020211,9020211,8020211,9020211,10020211,11020211,22020211,23020211,24020211,25020211,20020201,20020191,21020201,21020191,30020211,31020211,32020211,12006561,13006561
219,2219,2025,2024,2023,660,10006591,11006591,8020241,9020241,8020241,9020241,10020241,11020241,22020241,23020241,24020241,25020241,20020231,20020221,21020231,21020221,30020241,31020241,32020241,12006591,13006591
220,2220,2028,2027,2026,663,10006621,11006621,8020271,9020271,8020271,9020271,10020271,11020271,22020271,23020271,24020271,25020271,20020261,20020251,21020261,21020251,30020271,31020271,32020271,12006621,13006621
221,2221,2031,2030,2029,666,10006651,11006651,8020301,9020301,8020301,9020301,10020301,11020301,22020301,23020301,24020301,25020301,20020291,20020281,21020291,21020281,30020301,31020301,32020301,12006651,13006651
222,2222,2034,2033,2032,669,10006681,11006681,8020331,9020331,8020331,9020331,10020331,11020331,22020331,23020331,24020331,25020331,20020321,20020311,21020321,21020311,30020331,31020331,32020331,12006681,13006681
223,2223,2037,2036,2035,672,10006711,11006711,8020361,9020361,8020361,9020361,10020361,11020361,22020361,23020361,24020361,25020361,20020351,20020341,21020351,21020341,30020361,31020361,32020361,12006711,13006711
224,2224,2040,2039,2038,675,10006741,11006741,8020391,9020391,8020391,9020391,10020391,11020391,22020391,23020391,24020391,25020391,20020381,20020371,21020381,21020371,30020391,31020391,32020391,12006741,13006741
225,2225,2043,2042,2041,678,10006771,11006771,8020421,9020421,8020421,9020421,10020421,11020421,22020421,23020421,24020421,25020421,20020411,20020401,21020411,21020401,30020421,31020421,32020421,12006771,13006771
226,2226,2046,2045,2044,681,10006801,11006801,8020451,9020451,8020451,9020451,10020451,11020451,22020451,23020451,24020451,25020451,20020441,20020431,21020441,21020431,30020451,31020451,32020451,12006801,13006801
227,2227,2049,2048,2047,684,10006831,11006831,8020481,9020481,8020481,9020481,10020481,11020481,22020481,23020481,24020481,25020481,20020471,20020461,21020471,21020461,30020481,31020481,32020481,12006831,13006831
228,2228,2052,2051,2050,687,10006861,11006861,8020511,9020511,8020511,9020511,10020511,11020511,22020511,23020511,24020511,25020511,20020501,20020491,21020501,21020491,30020511,31020511,32020511,12006861,13006861
229,2229,2055,2054,2053,690,10006891,11006891,8020541,9020541,8020541,9020541,10020541,11020541,22020541,23020541,24020541,25020541,20020531,20020521,21020531,21020521,30020541,31020541,32020541,12006891,13006891
230,2230,2058,2057,2056,693,10006921,11006921,8020571,9020571,8020571,9020571,10020571,11020571,22020571,23020571,24020571,25020571,20020561,20020551,21020561,21020551,30020571,31020571,32020571,12006921,13006921
231,2231,2061,2060,2059,696,10006951,11006951,8020601,9020601,8020601,9020601,10020601,11020601,22020601,23020601,24020601,25020601,20020591,20020581,21020591,21020581,30020601,31020601,32020601,12006951,13006951
232,2232,2064,2063,2062,699,10006981,11006981,8020631,9020631,8020631,9020631,10020631,11020631,22020631,23020631,24020631,25020631,20020621,20020611,21020621,21020611,30020631,31020631,32020631,12006981,13006981
233,2233,2067,2066,2065,702,10007011,11007011,8020661,9020661,8020661,9020661,10020661,11020661,22020661,23020661,24020661,25020661,20020651,20020641,21020651,21020641,30020661,31020661,32020661,12007011,13007011
234,2234,2070,2069,2068,705,10007041,11007041,8020691,9020691,8020691,9020691,10020691,11020691,22020691,23020691,24020691,25020691,20020681,20020671,21020681,21020671,30020691,31020691,32020691,12007041,13007041
235,2235,2073,2072,2071,708,10007071,11007071,8020721,9020721,8020721,9020721,10020721,11020721,22020721,23020721,24020721,25020721,20020711,20020701,21020711,21020701,30020721,31020721,32020721,12007071,13007071
236,2236,2076,2075,2074,711,10007101,11007101,8020751,9020751,8020751,9020751,10020751,11020751,22020751,23020751,24020751,25020751,20020741,20020731,21020741,21020731,30020751,31020751,32020751,12007101,13007101
237,2237,2079,2078,2077,714,10007131,11007131,8020781,9020781,8020781,9020781,10020781,11020781,22020781,23020781,24020781,25020781,20020771,20020761,21020771,21020761,30020781,31020781,32020781,12007131,13007131
238,2238,2082,2081,2080,717,10007161,11007161,8020811,9020811,8020811,9020811,10020811,11020811,22020811,23020811,24020811,25020811,20020801,20020791,21020801,21020791,30020811,31020811,32020811,12007161,13007161
239,2239,2085,2084,2083,720,10007191,11007191,8020841,9020841,8020841,9020841,10020841,11020841,22020841,23020841,24020841,25020841,20020831,20020821,21020831,21020821,30020841,31020841,32020841,12007191,13007191
240,2240,2088,2087,2086,723,10007221,11007221,8020871,9020871,8020871,9020871,10020871,11020871,22020871,23020871,24020871,25020871,20020861,20020851,21020861,21020851,30020871,31020871,32020871,12007221,13007221
241,2241,2091,2090,2089,726,10007251,11007251,8020901,9020901,8020901,9020901,10020901,11020901,22020901,23020901,24020901,25020901,20020891,20020881,21020891,21020881,30020901,31020901,32020901,12007251,13007251
242,2242,2094,2093,2092,729,10007281,11007281,8020931,9020931,8020931,9020931,10020931,11020931,22020931,23020931,24020931,25020931,20020921,20020911,21020921,21020911,30020931,31020931,32020931,12007281,13007281
243,2243,2097,2096,2095,732,10007311,11007311,8020961,9020961,8020961,9020961,10020961,11020961,22020961,23020961,24020961,25020961,20020951,20020941,21020951,21020941,30020961,31020961,32020961,12007311,13007311
244,2244,2100,2099,2098,735,10007341,11007341,8020991,9020991,8020991,9020991,10020991,11020991,22020991,23020991,24020991,25020991,20020981,20020971,21020981,21020971,30020991,31020991,32020991,12007341,13007341
245,2245,2103,2102,2101,738,10007371,11007371,8021021,9021021,8021021,9021021,10021021,11021021,22021021,23021021,24021021,25021021,20021011,20021001,21021011,21021001,30021021,31021021,32021021,12007371,13007371
246,2246,2106,2105,2104,741,10007401,11007401,8021051,9021051,8021051,9021051,10021051,11021051,22021051,23021051,24021051,25021051,20021041,20021031,21021041,21021031,30021051,31021051,32021051,12007401,13007401
247,2247,2109,2108,2107,744,10007431,11007431,8021081,9021081,8021081,9021081,10021081,11021081,22021081,23021081,24021081,25021081,20021071,20021061,21021071,21021061,30021081,31021081,32021081,12007431,13007431
248,2248,2112,2111,2110,747,10007461,11007461,8021111,9021111,8021111,9021111,10021111,11021111,22021111,23021111,24021111,25021111,20021101,20021091,21021101,21021091,30021111,31021111,32021111,12007461,13007461
249,2249,2115,2114,2113,750,10007491,11007491,8021141,9021141,8021141,9021141,10021141,11021141,22021141,23021141,24021141,25021141,20021131,20021121,21021131,21021121,30021141,31021141,32021141,12007491,13007491
250,2250,2118,2117,2116,753,10007521,11007521,8021171,9021171,8021171,9021171,10021171,11021171,22021171,23021171,24021171,25021171,20021161,20021151,21021161,21021151,30021171,31021171,32021171,12007521,13007521
251,2251,2121,2120,2119,756,10007551,11007551,8021201,9021201,8021201,9021201,10021201,11021201,22021201,23021201,24021201,25021201,20021191,20021181,21021191,21021181,30021201,31021201,32021201,12007551,13007551
252,2252,2124,2123,2122,759,10007581,11007581,8021231,9021231,8021231,9021231,10021231,11021231,22021231,23021231,24021231,25021231,20021221,20021211,21021221,21021211,30021231,31021231,32021231,12007581,13007581
253,2253,2127,2126,2125,762,10007611,11007611,8021261,9021261,8021261,9021261,10021261,11021261,22021261,23021261,24021261,25021261,20021251,20021241,21021251,21021241,30021261,31021261,32021261,12007611,13007611
254,2254,2130,2129,2128,765,10007641,11007641,8021291,9021291,8021291,9021291,10021291,11021291,22021291,23021291,24021291,25021291,20021281,20021271,21021281,21021271,30021291,31021291,32021291,12007641,13007641
255,2255,2133,2132,2131,768,10007671,11007671,8021321,9021321,8021321,9021321,10021321,11021321,22021321,23021321,24021321,25021321,20021311,20021301,21021311,21021301,30021321,31021321,32021321,12007671,13007671
256,2256,2136,2135,2134,771,10007701,11007701,8021351,9021351,8021351,9021351,10021351,11021351,22021351,23021351,24021351,25021351,20021341,20021331,21021341,21021331,30021351,31021351,32021351,12007701,13007701
257,2257,2139,2138,2137,774,10007731,11007731,8021381,9021381,8021381,9021381,10021381,11021381,22021381,23021381,24021381,25021381,20021371,20021361,21021371,21021361,30021381,31021381,32021381,12007731,13007731
258,2258,2142,2141,2140,777,10007761,11007761,8021411,9021411,8021411,9021411,10021411,11021411,22021411,23021411,24021411,25021411,20021401,20021391,21021401,21021391,30021411,31021411,32021411,12007761,13007761
259,2259,2145,2144,2143,780,10007791,11007791,8021441,9021441,8021441,9021441,10021441,11021441,22021441,23021441,24021441,25021441,20021431,20021421,21021431,21021421,30021441,31021441,32021441,12007791,13007791
260,2260,2148,2147,2146,783,10007821,11007821,8021471,9021471,8021471,9021471,10021471,11021471,22021471,23021471,24021471,25021471,20021461,20021451,21021461,21021451,30021471,31021471,32021471,12007821,13007821
261,2261,2151,2150,2149,786,10007851,11007851,8021501,9021501,8021501,9021501,10021501,11021501,22021501,23021501,24021501,25021501,20021491,20021481,21021491,21021481,30021501,31021501,32021501,12007851,13007851
262,2262,2154,2153,2152,789,10007881,11007881,8021531,9021531,8021531,9021531,10021531,11021531,22021531,23021531,24021531,25021531,20021521,20021511,21021521,21021511,30021531,31021531,32021531,12007881,13007881
263,2263,2157,2156,2155,792,10007911,11007911,8021561,9021561,8021561,9021561,10021561,11021561,22021561,23021561,24021561,25021561,20021551,20021541,21021551,21021541,30021561,31021561,32021561,12007911,13007911
264,2264,2160,2159,2158,795,10007941,11007941,8021591,9021591,8021591,9021591,10021591,11021591,22021591,23021591,24021591,25021591,20021581,20021571,21021581,21021571,30021591,31021591,32021591,12007941,13007941
265,2265,2163,2162,2161,798,10007971,11007971,8021621,9021621,8021621,9021621,10021621,11021621,22021621,23021621,24021621,25021621,20021611,20021601,21021611,21021601,30021621,31021621,32021621,12007971,13007971
266,2266,2166,2165,2164,801,10008001,11008001,8021651,9021651,8021651,9021651,10021651,11021651,22021651,23021651,24021651,25021651,20021641,20021631,21021641,21021631,30021651,31021651,32021651,12008001,13008001
267,2267,2169,2168,2167,804,10008031,11008031,8021681,9021681,8021681,9021681,10021681,11021681,22021681,23021681,24021681,25021681,20021671,20021661,21021671,21021661,30021681,31021681,32021681,12008031,13008031
268,2268,2172,2171,2170,807,10008061,11008061,8021711,9021711,8021711,9021711,10021711,11021711,22021711,23021711,24021711,25021711,20021701,20021691,21021701,21021691,30021711,31021711,32021711,12008061,13008061
269,2269,2175,2174,2173,810,10008091,11008091,8021741,9021741,8021741,9021741,10021741,11021741,22021741,23021741,24021741,25021741,20021731,20021721,21021731,21021721,30021741,31021741,32021741,12008091,13008091
270,2270,2178,2177,2176,813,10008121,11008121,8021771,9021771,8021771,9021771,10021771,11021771,22021771,23021771,24021771,25021771,20021761,20021751,21021761,21021751,30021771,31021771,32021771,12008121,13008121
271,2271,2181,2180,2179,816,10008151,11008151,8021801,9021801,8021801,9021801,10021801,11021801,22021801,23021801,24021801,25021801,20021791,20021781,21021791,21021781,30021801,31021801,32021801,12008151,13008151
272,2272,2184,2183,2182,819,10008181,11008181,8021831,9021831,8021831,9021831,10021831,11021831,22021831,23021831,24021831,25021831,20021821,20021811,21021821,21021811,30021831,31021831,32021831,12008181,13008181
273,2273,2187,2186,2185,822,10008211,11008211,8021861,9021861,8021861,9021861,10021861,11021861,22021861,23021861,24021861,25021861,20021851,20021841,21021851,21021841,30021861,31021861,32021861,12008211,13008211
274,2274,2190,2189,2188,825,10008241,11008241,8021891,9021891,8021891,9021891,10021891,11021891,22021891,23021891,24021891,25021891,20021881,20021871,21021881,21021871,30021891,31021891,32021891,12008241,13008241
275,2275,2193,2192,2191,828,10008271,11008271,8021921,9021921,8021921,9021921,10021921,11021921,22021921,23021921,24021921,25021921,20021911,20021901,21021911,21021901,30021921,31021921,32021921,12008271,13008271
276,2276,2196,2195,2194,831,10008301,11008301,8021951,9021951,8021951,9021951,10021951,11021951,22021951,23021951,24021951,25021951,20021941,20021931,21021941,21021931,30021951,31021951,32021951,12008301,13008301
277,2277,2199,2198,2197,834,10008331,11008331,8021981,9021981,8021981,9021981,10021981,11021981,22021981,23021981,24021981,25021981,20021971,20021961,21021971,21021961,30021981,31021981,32021981,12008331,13008331
278,2278,2202,2201,2200,837,10008361,11008361,8022011,9022011,8022011,9022011,10022011,11022011,22022011,23022011,24022011,25022011,20022001,20021991,21022001,21021991,30022011,31022011,32022011,12008361,13008361
279,2279,2205,2204,2203,840,10008391,11008391,8022041,9022041,8022041,9022041,10022041,11022041,22022041,23022041,24022041,25022041,20022031,20022021,21022031,21022021,30022041,31022041,32022041,12008391,13008391
280,2280,2208,2207,2206,843,10008421,11008421,8022071,9022071,8022071,9022071,10022071,11022071,22022071,23022071,24022071,25022071,20022061,20022051,21022061,21022051,30022071,31022071,32022071,12008421,13008421
281,2281,2211,2210,2209,846,10008451,11008451,8022101,9022101,8022101,9022101,10022101,11022101,22022101,23022101,24022101,25022101,20022091,20022081,21022091,21022081,30022101,31022101,32022101,12008451,13008451
282,2282,2214,2213,2212,849,10008481,11008481,8022131,9022131,8022131,9022131,10022131,11022131,22022131,23022131,24022131,25022131,20022121,20022111,21022121,21022111,30022131,31022131,32022131,12008481,13008481
283,2283,2217,2216,2215,852,10008511,11008511,8022161,9022161,8022161,9022161,10022161,11022161,22022161,23022161,24022161,25022161,20022151,20022141,21022151,21022141,30022161,31022161,32022161,12008511,13008511
284,2284,2220,2219,2218,855,10008541,11008541,8022191,9022191,8022191,9022191,10022191,11022191,22022191,23022191,24022191,25022191,20022181,20022171,21022181,21022171,30022191,31022191,32022191,12008541,13008541
285,2285,2223,2222,2221,858,10008571,11008571,8022221,9022221,8022221,9022221,10022221,11022221,22022221,23022221,24022221,25022221,20022211,20022201,21022211,21022201,30022221,31022221,32022221,12008571,13008571
286,2286,2226,2225,2224,861,10008601,11008601,8022251,9022251,8022251,9022251,10022251,11022251,22022251,23022251,24022251,25022251,20022241,20022231,21022241,21022231,30022251,31022251,32022251,12008601,13008601
287,2287,2229,2228,2227,864,10008631,11008631,8022281,9022281,8022281,9022281,10022281,11022281,22022281,23022281,24022281,25022281,20022271,20022261,21022271,21022261,30022281,31022281,32022281,12008631,13008631
288,2288,2232,2231,2230,867,10008661,11008661,8022311,9022311,8022311,9022311,10022311,11022311,22022311,23022311,24022311,25022311,20022301,20022291,21022301,21022291,30022311,31022311,32022311,12008661,13008661
289,2289,2235,2234,2233,870,10008691,11008691,8022341,9022341,8022341,9022341,10022341,11022341,22022341,23022341,24022341,25022341,20022331,20022321,21022331,21022321,30022341,31022341,32022341,12008691,13008691
290,2290,2238,2237,2236,873,10008721,11008721,8022371,9022371,8022371,9022371,10022371,11022371,22022371,23022371,24022371,25022371,20022361,20022351,21022361,21022351,30022371,31022371,32022371,12008721,13008721
291,2291,2241,2240,2239,876,10008751,11008751,8022401,9022401,8022401,9022401,10022401,11022401,22022401,23022401,24022401,25022401,20022391,20022381,21022391,21022381,30022401,31022401,32022401,12008751,13008751
292,2292,2244,2243,2242,879,10008781,11008781,8022431,9022431,8022431,9022431,10022431,11022431,22022431,23022431,24022431,25022431,20022421,20022411,21022421,21022411,30022431,31022431,32022431,12008781,13008781
293,2293,2247,2246,2245,882,10008811,11008811,8022461,9022461,8022461,9022461,10022461,11022461,22022461,23022461,24022461,25022461,20022451,20022441,21022451,21022441,30022461,31022461,32022461,12008811,13008811
294,2294,2250,2249,2248,885,10008841,11008841,8022491,9022491,8022491,9022491,10022491,11022491,22022491,23022491,24022491,25022491,20022481,20022471,21022481,21022471,30022491,31022491,32022491,12008841,13008841
295,2295,2253,2252,2251,888,10008871,11008871,8022521,9022521,8022521,9022521,10022521,11022521,22022521,23022521,24022521,25022521,20022511,20022501,21022511,21022501,30022521,31022521,32022521,12008871,13008871
296,2296,2256,2255,2254,891,10008901,11008901,8022551,9022551,8022551,9022551,10022551,11022551,22022551,23022551,24022551,25022551,20022541,20022531,21022541,21022531,30022551,31022551,32022551,12008901,13008901
297,2297,2259,2258,2257,894,10008931,11008931,8022581,9022581,8022581,9022581,10022581,11022581,22022581,23022581,24022581,25022581,20022571,20022561,21022571,21022561,30022581,31022581,32022581,12008931,13008931
298,2298,2262,2261,2260,897,10008961,11008961,8022611,9022611,8022611,9022611,10022611,11022611,22022611,23022611,24022611,25022611,20022601,20022591,21022601,21022591,30022611,31022611,32022611,12008961,13008961
299,2299,2265,2264,2263,900,10008991,11008991,8022641,9022641,8022641,9022641,10022641,11022641,22022641,23022641,24022641,25022641,20022631,20022621,21022631,21022621,30022641,31022641,32022641,12008991,13008991
300,2300,2268,2267,2266,903,10009021,11009021,8022671,9022671,8022671,9022671,10022671,11022671,22022671,23022671,24022671,25022671,20022661,20022651,21022661,21022651,30022671,31022671,32022671,12009021,13009021
301,2301,2271,2270,2269,906,10009051,11009051,8022701,9022701,8022701,9022701,10022701,11022701,22022701,23022701,24022701,25022701,20022691,20022681,21022691,21022681,30022701,31022701,32022701,12009051,13009051
302,2302,2274,2273,2272,909,10009081,11009081,8022731,9022731,8022731,9022731,10022731,11022731,22022731,23022731,24022731,25022731,20022721,20022711,21022721,21022711,30022731,31022731,32022731,12009081,13009081
303,2303,2277,2276,2275,912,10009111,11009111,8022761,9022761,8022761,9022761,10022761,11022761,22022761,23022761,24022761,25022761,20022751,20022741,21022751,21022741,30022761,31022761,32022761,12009111,13009111
304,2304,2280,2279,2278,915,10009141,11009141,8022791,9022791,8022791,9022791,10022791,11022791,22022791,23022791,24022791,25022791,20022781,20022771,21022781,21022771,30022791,31022791,32022791,12009141,13009141
305,2305,2283,2282,2281,918,10009171,11009171,8022821,9022821,8022821,9022821,10022821,11022821,22022821,23022821,24022821,25022821,20022811,20022801,21022811,21022801,30022821,31022821,32022821,12009171,13009171
306,2306,2286,2285,2284,921,10009201,11009201,8022851,9022851,8022851,9022851,10022851,11022851,22022851,23022851,24022851,25022851,20022841,20022831,21022841,21022831,30022851,31022851,32022851,12009201,13009201
307,2307,2289,2288,2287,924,10009231,11009231,8022881,9022881,8022881,9022881,10022881,11022881,22022881,23022881,24022881,25022881,20022871,20022861,21022871,21022861,30022881,31022881,32022881,12009231,13009231
308,2308,2292,2291,2290,927,10009261,11009261,8022911,9022911,8022911,9022911,10022911,11022911,22022911,23022911,24022911,25022911,20022901,20022891,21022901,21022891,30022911,31022911,32022911,12009261,13009261
309,2309,2295,2294,2293,930,10009291,11009291,8022941,9022941,8022941,9022941,10022941,11022941,22022941,23022941,24022941,25022941,20022931,20022921,21022931,21022921,30022941,31022941,32022941,12009291,13009291
310,2310,2298,2297,2296,933,10009321,11009321,8022971,9022971,8022971,9022971,10022971,11022971,22022971,23022971,24022971,25022971,20022961,20022951,21022961,21022951,30022971,31022971,32022971,12009321,13009321
311,2311,2301,2300,2299,936,10009351,11009351,8023001,9023001,8023001,9023001,10023001,11023001,22023001,23023001,24023001,25023001,20022991,20022981,21022991,21022981,30023001,31023001,32023001,12009351,13009351
312,2312,2304,2303,2302,939,10009381,11009381,8023031,9023031,8023031,9023031,10023031,11023031,22023031,23023031,24023031,25023031,20023021,20023011,21023021,21023011,30023031,31023031,32023031,12009381,13009381
313,2313,2307,2306,2305,942,10009411,11009411,8023061,9023061,8023061,9023061,10023061,11023061,22023061,23023061,24023061,25023061,20023051,20023041,21023051,21023041,30023061,31023061,32023061,12009411,13009411
314,2314,2310,2309,2308,945,10009441,11009441,8023091,9023091,8023091,9023091,10023091,11023091,22023091,23023091,24023091,25023091,20023081,20023071,21023081,21023071,30023091,31023091,32023091,12009441,13009441
315,2315,2313,2312,2311,948,10009471,11009471,8023121,9023121,8023121,9023121,10023121,11023121,22023121,23023121,24023121,25023121,20023111,20023101,21023111,21023101,30023121,31023121,32023121,12009471,13009471
316,2316,2316,2315,2314,951,10009501,11009501,8023151,9023151,8023151,9023151,10023151,11023151,22023151,23023151,24023151,25023151,20023141,20023131,21023141,21023131,30023151,31023151,32023151,12009501,13009501
317,2317,2319,2318,2317,954,10009531,11009531,8023181,9023181,8023181,9023181,10023181,11023181,22023181,23023181,24023181,25023181,20023171,20023161,21023171,21023161,30023181,31023181,32023181,12009531,13009531
318,2318,2322,2321,2320,957,10009561,11009561,8023211,9023211,8023211,9023211,10023211,11023211,22023211,23023211,24023211,25023211,20023201,20023191,21023201,21023191,30023211,31023211,32023211,12009561,13009561
319,2319,2325,2324,2323,960,10009591,11009591,8023241,9023241,8023241,9023241,10023241,11023241,22023241,23023241,24023241,25023241,20023231,20023221,21023231,21023221,30023241,31023241,32023241,12009591,13009591
320,2320,2328,2327,2326,963,10009621,11009621,8023271,9023271,8023271,9023271,10023271,11023271,22023271,23023271,24023271,25023271,20023261,20023251,21023261,21023251,30023271,31023271,32023271,12009621,13009621
321,2321,2331,2330,2329,966,10009651,11009651,8023301,9023301,8023301,9023301,10023301,11023301,22023301,23023301,24023301,25023301,20023291,20023281,21023291,21023281,30023301,31023301,32023301,12009651,13009651
322,2322,2334,2333,2332,969,10009681,11009681,8023331,9023331,8023331,9023331,10023331,11023331,22023331,23023331,24023331,25023331,20023321,20023311,21023321,21023311,30023331,31023331,32023331,12009681,13009681
323,2323,2337,2336,2335,972,10009711,11009711,8023361,9023361,8023361,9023361,10023361,11023361,22023361,23023361,24023361,25023361,20023351,20023341,21023351,21023341,30023361,31023361,32023361,12009711,13009711
324,2324,2340,2339,2338,975,10009741,11009741,8023391,9023391,8023391,9023391,10023391,11023391,22023391,23023391,24023391,25023391,20023381,20023371,21023381,21023371,30023391,31023391,32023391,12009741,13009741
325,2325,2343,2342,2341,978,10009771,11009771,8023421,9023421,8023421,9023421,10023421,11023421,22023421,23023421,24023421,25023421,20023411,20023401,21023411,21023401,30023421,31023421,32023421,12009771,13009771
326,2326,2346,2345,2344,981,10009801,11009801,8023451,9023451,8023451,9023451,10023451,11023451,22023451,23023451,24023451,25023451,20023441,20023431,21023441,21023431,30023451,31023451,32023451,12009801,13009801
327,2327,2349,2348,2347,984,10009831,11009831,8023481,9023481,8023481,9023481,10023481,11023481,22023481,23023481,24023481,25023481,20023471,20023461,21023471,21023461,30023481,31023481,32023481,12009831,13009831
328,2328,2352,2351,2350,987,10009861,11009861,8023511,9023511,8023511,9023511,10023511,11023511,22023511,23023511,24023511,25023511,20023501,20023491,21023501,21023491,30023511,31023511,32023511,12009861,13009861
329,2329,2355,2354,2353,990,10009891,11009891,8023541,9023541,8023541,9023541,10023541,11023541,22023541,23023541,24023541,25023541,20023531,20023521,21023531,21023521,30023541,31023541,32023541,12009891,13009891
330,2330,2358,2357,2356,993,10009921,11009921,8023571,9023571,8023571,9023571,10023571,11023571,22023571,23023571,24023571,25023571,20023561,20023551,21023561,21023551,30023571,31023571,32023571,12009921,13009921
331,2331,2361,2360,2359,996,10009951,11009951,8023601,9023601,8023601,9023601,10023601,11023601,22023601,23023601,24023601,25023601,20023591,20023581,21023591,21023581,30023601,31023601,32023601,12009951,13009951
332,2332,2364,2363,2362,999,10009981,11009981,8023631,9023631,8023631,9023631,10023631,11023631,22023631,23023631,24023631,25023631,20023621,20023611,21023621,21023611,30023631,31023631,32023631,12009981,13009981
333,2333,2367,2366,2365,1002,10010011,11010011,8023661,9023661,8023661,9023661,10023661,11023661,22023661,23023661,24023661,25023661,20023651,20023641,21023651,21023641,30023661,31023661,32023661,12010011,13010011
334,2334,2370,2369,2368,1005,10010041,11010041,8023691,9023691,8023691,9023691,10023691,11023691,22023691,23023691,24023691,25023691,20023681,20023671,21023681,21023671,30023691,31023691,32023691,12010041,13010041
335,2335,2373,2372,2371,1008,10010071,11010071,8023721,9023721,8023721,9023721,10023721,11023721,22023721,23023721,24023721,25023721,20023711,20023701,21023711,21023701,30023721,31023721,32023721,12010071,13010071
336,2336,2376,2375,2374,1011,10010101,11010101,8023751,9023751,8023751,9023751,10023751,11023751,22023751,23023751,24023751,25023751,20023741,20023731,21023741,21023731,30023751,31023751,32023751,12010101,13010101
337,2337,2379,2378,2377,1014,10010131,11010131,8023781,9023781,8023781,9023781,10023781,11023781,22023781,23023781,24023781,25023781,20023771,20023761,21023771,21023761,30023781,31023781,32023781,12010131,13010131
338,2338,2382,2381,2380,1017,10010161,11010161,8023811,9023811,8023811,9023811,10023811,11023811,22023811,23023811,24023811,25023811,20023801,20023791,21023801,21023791,30023811,31023811,32023811,12010161,13010161
339,2339,2385,2384,2383,1020,10010191,11010191,8023841,9023841,8023841,9023841,10023841,11023841,22023841,23023841,24023841,25023841,20023831,20023821,21023831,21023821,30023841,31023841,32023841,12010191,13010191
340,2340,2388,2387,2386,1023,10010221,11010221,8023871,9023871,8023871,9023871,10023871,11023871,22023871,23023871,24023871,25023871,20023861,20023851,21023861,21023851,30023871,31023871,32023871,12010221,13010221
341,2341,2391,2390,2389,1026,10010251,11010251,8023901,9023901,8023901,9023901,10023901,11023901,22023901,23023901,24023901,25023901,20023891,20023881,21023891,21023881,30023901,31023901,32023901,12010251,13010251
342,2342,2394,2393,2392,1029,10010281,11010281,8023931,9023931,8023931,9023931,10023931,11023931,22023931,23023931,24023931,25023931,20023921,20023911,21023921,21023911,30023931,31023931,32023931,12010281,13010281
343,2343,2397,2396,2395,1032,10010311,11010311,8023961,9023961,8023961,9023961,10023961,11023961,22023961,23023961,24023961,25023961,20023951,20023941,21023951,21023941,30023961,31023961,32023961,12010311,13010311
344,2344,2400,2399,2398,1035,10010341,11010341,8023991,9023991,8023991,9023991,10023991,11023991,22023991,23023991,24023991,25023991,20023981,20023971,21023981,21023971,30023991,31023991,32023991,12010341,13010341
345,2345,2403,2402,2401,1038,10010371,11010371,8024021,9024021,8024021,9024021,10024021,11024021,22024021,23024021,24024021,25024021,20024011,20024001,21024011,21024001,30024021,31024021,32024021,12010371,13010371
346,2346,2406,2405,2404,1041,10010401,11010401,8024051,9024051,8024051,9024051,10024051,11024051,22024051,23024051,24024051,25024051,20024041,20024031,21024041,21024031,30024051,31024051,32024051,12010401,13010401
347,2347,2409,2408,2407,1044,10010431,11010431,8024081,9024081,8024081,9024081,10024081,11024081,22024081,23024081,24024081,25024081,20024071,20024061,21024071,21024061,30024081,31024081,32024081,12010431,13010431
348,2348,2412,2411,2410,1047,10010461,11010461,8024111,9024111,8024111,9024111,10024111,11024111,22024111,23024111,24024111,25024111,20024101,20024091,21024101,21024091,30024111,31024111,32024111,12010461,13010461
349,2349,2415,2414,2413,1050,10010491,11010491,8024141,9024141,8024141,9024141,10024141,11024141,22024141,23024141,24024141,25024141,20024131,20024121,21024131,21024121,30024141,31024141,32024141,12010491,13010491
350,2350,2418,2417,2416,1053,10010521,11010521,8024171,9024171,8024171,9024171,10024171,11024171,22024171,23024171,24024171,25024171,20024161,20024151,21024161,21024151,30024171,31024171,32024171,12010521,13010521
351,2351,2421,2420,2419,1056,10010551,11010551,8024201,9024201,8024201,9024201,10024201,11024201,22024201,23024201,24024201,25024201,20024191,20024181,21024191,21024181,30024201,31024201,32024201,12010551,13010551
352,2352,2424,2423,2422,1059,10010581,11010581,8024231,9024231,8024231,9024231,10024231,11024231,22024231,23024231,24024231,25024231,20024221,20024211,21024221,21024211,30024231,31024231,32024231,12010581,13010581
353,2353,2427,2426,2425,1062,10010611,11010611,8024261,9024261,8024261,9024261,10024261,11024261,22024261,23024261,24024261,25024261,20024251,20024241,21024251,21024241,30024261,31024261,32024261,12010611,13010611
354,2354,2430,2429,2428,1065,10010641,11010641,8024291,9024291,8024291,9024291,10024291,11024291,22024291,23024291,24024291,25024291,20024281,20024271,21024281,21024271,30024291,31024291,32024291,12010641,13010641
355,2355,2433,2432,2431,1068,10010671,11010671,8024321,9024321,8024321,9024321,10024321,11024321,22024321,23024321,24024321,25024321,20024311,20024301,21024311,21024301,30024321,31024321,32024321,12010671,13010671
356,2356,2436,2435,2434,1071,10010701,11010701,8024351,9024351,8024351,9024351,10024351,11024351,22024351,23024351,24024351,25024351,20024341,20024331,21024341,21024331,30024351,31024351,32024351,12010701,13010701
357,2357,2439,2438,2437,1074,10010731,11010731,8024381,9024381,8024381,9024381,10024381,11024381,22024381,23024381,24024381,25024381,20024371,20024361,21024371,21024361,30024381,31024381,32024381,12010731,13010731
358,2358,2442,2441,2440,1077,10010761,11010761,8024411,9024411,8024411,9024411,10024411,11024411,22024411,23024411,24024411,25024411,20024401,20024391,21024401,21024391,30024411,31024411,32024411,12010761,13010761
359,2359,2445,2444,2443,1080,10010791,11010791,8024441,9024441,8024441,9024441,10024441,11024441,22024441,23024441,24024441,25024441,20024431,20024421,21024431,21024421,30024441,31024441,32024441,12010791,13010791
360,2360,2448,2447,2446,1083,10010821,11010821,8024471,9024471,8024471,9024471,10024471,11024471,22024471,23024471,24024471,25024471,20024461,20024451,21024461,21024451,30024471,31024471,32024471,12010821,13010821
361,2361,2451,2450,2449,1086,10010851,11010851,8024501,9024501,8024501,9024501,10024501,11024501,22024501,23024501,24024501,25024501,20024491,20024481,21024491,21024481,30024501,31024501,32024501,12010851,13010851
362,2362,2454,2453,2452,1089,10010881,11010881,8024531,9024531,8024531,9024531,10024531,11024531,22024531,23024531,24024531,25024531,20024521,20024511,21024521,21024511,30024531,31024531,32024531,12010881,13010881
363,2363,2457,2456,2455,1092,10010911,11010911,8024561,9024561,8024561,9024561,10024561,11024561,22024561,23024561,24024561,25024561,20024551,20024541,21024551,21024541,30024561,31024561,32024561,12010911,13010911
364,2364,2460,2459,2458,1095,10010941,11010941,8024591,9024591,8024591,9024591,10024591,11024591,22024591,23024591,24024591,25024591,20024581,20024571,21024581,21024571,30024591,31024591,32024591,12010941,13010941
365,2365,2463,2462,2461,1098,10010971,11010971,8024621,9024621,8024621,9024621,10024621,11024621,22024621,23024621,24024621,25024621,20024611,20024601,21024611,21024601,30024621,31024621,32024621,12010971,13010971
366,2366,2466,2465,2464,1101,10011001,11011001,8024651,9024651,8024651,9024651,10024651,11024651,22024651,23024651,24024651,25024651,20024641,20024631,21024641,21024631,30024651,31024651,32024651,12011001,13011001
367,2367,2469,2468,2467,1104,10011031,11011031,8024681,9024681,8024681,9024681,10024681,11024681,22024681,23024681,24024681,25024681,20024671,20024661,21024671,21024661,30024681,31024681,32024681,12011031,13011031
368,2368,2472,2471,2470,1107,10011061,11011061,8024711,9024711,8024711,9024711,10024711,11024711,22024711,23024711,24024711,25024711,20024701,20024691,21024701,21024691,30024711,31024711,32024711,12011061,13011061
369,2369,2475,2474,2473,1110,10011091,11011091,8024741,9024741,8024741,9024741,10024741,11024741,22024741,23024741,24024741,25024741,20024731,20024721,21024731,21024721,30024741,31024741,32024741,12011091,13011091
370,2370,2478,2477,2476,1113,10011121,11011121,8024771,9024771,8024771,9024771,10024771,11024771,22024771,23024771,24024771,25024771,20024761,20024751,21024761,21024751,30024771,31024771,32024771,12011121,13011121
371,2371,2481,2480,2479,1116,10011151,11011151,8024801,9024801,8024801,9024801,10024801,11024801,22024801,23024801,24024801,25024801,20024791,20024781,21024791,21024781,30024801,31024801,32024801,12011151,13011151
372,2372,2484,2483,2482,1119,10011181,11011181,8024831,9024831,8024831,9024831,10024831,11024831,22024831,23024831,24024831,25024831,20024821,20024811,21024821,21024811,30024831,31024831,32024831,12011181,13011181
373,2373,2487,2486,2485,1122,10011211,11011211,8024861,9024861,8024861,9024861,10024861,11024861,22024861,23024861,24024861,25024861,20024851,20024841,21024851,21024841,30024861,31024861,32024861,12011211,13011211
374,2374,2490,2489,2488,1125,10011241,11011241,8024891,9024891,8024891,9024891,10024891,11024891,22024891,23024891,24024891,25024891,20024881,20024871,21024881,21024871,30024891,31024891,32024891,12011241,13011241
375,2375,2493,2492,2491,1128,10011271,11011271,8024921,9024921,8024921,9024921,10024921,11024921,22024921,23024921,24024921,25024921,20024911,20024901,21024911,21024901,30024921,31024921,32024921,12011271,13011271
376,2376,2496,2495,2494,1131,10011301,11011301,8024951,9024951,8024951,9024951,10024951,11024951,22024951,23024951,24024951,25024951,20024941,20024931,21024941,21024931,30024951,31024951,32024951,12011301,13011301
377,2377,2499,2498,2497,1134,10011331,11011331,8024981,9024981,8024981,9024981,10024981,11024981,22024981,23024981,24024981,25024981,20024971,20024961,21024971,21024961,30024981,31024981,32024981,12011331,13011331
378,2378,2502,2501,2500,1137,10011361,11011361,8025011,9025011,8025011,9025011,10025011,11025011,22025011,23025011,24025011,25025011,20025001,20024991,21025001,21024991,30025011,31025011,32025011,12011361,13011361
379,2379,2505,2504,2503,1140,10011391,11011391,8025041,9025041,8025041,9025041,10025041,11025041,22025041,23025041,24025041,25025041,20025031,20025021,21025031,21025021,30025041,31025041,32025041,12011391,13011391
380,2380,2508,2507,2506,1143,10011421,11011421,8025071,9025071,8025071,9025071,10025071,11025071,22025071,23025071,24025071,25025071,20025061,20025051,21025061,21025051,30025071,31025071,32025071,12011421,13011421
381,2381,2511,2510,2509,1146,10011451,11011451,8025101,9025101,8025101,9025101,10025101,11025101,22025101,23025101,24025101,25025101,20025091,20025081,21025091,21025081,30025101,31025101,32025101,12011451,13011451
382,2382,2514,2513,2512,1149,10011481,11011481,8025131,9025131,8025131,9025131,10025131,11025131,22025131,23025131,24025131,25025131,20025121,20025111,21025121,21025111,30025131,31025131,32025131,12011481,13011481
383,2383,2517,2516,2515,1152,10011511,11011511,8025161,9025161,8025161,9025161,10025161,11025161,22025161,23025161,24025161,25025161,20025151,20025141,21025151,21025141,30025161,31025161,32025161,12011511,13011511
384,2384,2520,2519,2518,1155,10011541,11011541,8025191,9025191,8025191,9025191,10025191,11025191,22025191,23025191,24025191,25025191,20025181,20025171,21025181,21025171,30025191,31025191,32025191,12011541,13011541
385,2385,2523,2522,2521,1158,10011571,11011571,8025221,9025221,8025221,9025221,10025221,11025221,22025221,23025221,24025221,25025221,20025211,20025201,21025211,21025201,30025221,31025221,32025221,12011571,13011571
386,2386,2526,2525,2524,1161,10011601,11011601,8025251,9025251,8025251,9025251,10025251,11025251,22025251,23025251,24025251,25025251,20025241,20025231,21025241,21025231,30025251,31025251,32025251,12011601,13011601
387,2387,2529,2528,2527,1164,10011631,11011631,8025281,9025281,8025281,9025281,10025281,11025281,22025281,23025281,24025281,25025281,20025271,20025261,21025271,21025261,30025281,31025281,32025281,12011631,13011631
388,2388,2532,2531,2530,1167,10011661,11011661,8025311,9025311,8025311,9025311,10025311,11025311,22025311,23025311,24025311,25025311,20025301,20025291,21025301,21025291,30025311,31025311,32025311,12011661,13011661
389,2389,2535,2534,2533,1170,10011691,11011691,8025341,9025341,8025341,9025341,10025341,11025341,22025341,23025341,24025341,25025341,20025331,20025321,21025331,21025321,30025341,31025341,32025341,12011691,13011691
390,2390,2538,2537,2536,1173,10011721,11011721,8025371,9025371,8025371,9025371,10025371,11025371,22025371,23025371,24025371,25025371,20025361,20025351,21025361,21025351,30025371,31025371,32025371,12011721,13011721
391,2391,2541,2540,2539,1176,10011751,11011751,8025401,9025401,8025401,9025401,10025401,11025401,22025401,23025401,24025401,25025401,20025391,20025381,21025391,21025381,30025401,31025401,32025401,12011751,13011751
392,2392,2544,2543,2542,1179,10011781,11011781,8025431,9025431,8025431,9025431,10025431,11025431,22025431,23025431,24025431,25025431,20025421,20025411,21025421,21025411,30025431,31025431,32025431,12011781,13011781
393,2393,2547,2546,2545,1182,10011811,11011811,8025461,9025461,8025461,9025461,10025461,11025461,22025461,23025461,24025461,25025461,20025451,20025441,21025451,21025441,30025461,31025461,32025461,12011811,13011811
394,2394,2550,2549,2548,1185,10011841,11011841,8025491,9025491,8025491,9025491,10025491,11025491,22025491,23025491,24025491,25025491,20025481,20025471,21025481,21025471,30025491,31025491,32025491,12011841,13011841
395,2395,2553,2552,2551,1188,10011871,11011871,8025521,9025521,8025521,9025521,10025521,11025521,22025521,23025521,24025521,25025521,20025511,20025501,21025511,21025501,30025521,31025521,32025521,12011871,13011871
396,2396,2556,2555,2554,1191,10011901,11011901,8025551,9025551,8025551,9025551,10025551,11025551,22025551,23025551,24025551,25025551,20025541,20025531,21025541,21025531,30025551,31025551,32025551,12011901,13011901
397,2397,2559,2558,2557,1194,10011931,11011931,8025581,9025581,8025581,9025581,10025581,11025581,22025581,23025581,24025581,25025581,20025571,20025561,21025571,21025561,30025581,31025581,32025581,12011931,13011931
398,2398,2562,2561,2560,1197,10011961,11011961,8025611,9025611,8025611,9025611,10025611,11025611,22025611,23025611,24025611,25025611,20025601,20025591,21025601,21025591,30025611,31025611,32025611,12011961,13011961
399,2399,2565,2564,2563,1200,10011991,11011991,8025641,9025641,8025641,9025641,10025641,11025641,22025641,23025641,24025641,25025641,20025631,20025621,21025631,21025621,30025641,31025641,32025641,12011991,13011991
400,2400,2568,2567,2566,1203,10012021,11012021,8025671,9025671,8025671,9025671,10025671,11025671,22025671,23025671,24025671,25025671,20025661,20025651,21025661,21025651,30025671,31025671,32025671,12012021,13012021
401,2401,2571,2570,2569,1206,10012051,11012051,8025701,9025701,8025701,9025701,10025701,11025701,22025701,23025701,24025701,25025701,20025691,20025681,21025691,21025681,30025701,31025701,32025701,12012051,13012051
402,2402,2574,2573,2572,1209,10012081,11012081,8025731,9025731,8025731,9025731,10025731,11025731,22025731,23025731,24025731,25025731,20025721,20025711,21025721,21025711,30025731,31025731,32025731,12012081,13012081
403,2403,2577,2576,2575,1212,10012111,11012111,8025761,9025761,8025761,9025761,10025761,11025761,22025761,23025761,24025761,25025761,20025751,20025741,21025751,21025741,30025761,31025761,32025761,12012111,13012111
404,2404,2580,2579,2578,1215,10012141,11012141,8025791,9025791,8025791,9025791,10025791,11025791,22025791,23025791,24025791,25025791,20025781,20025771,21025781,21025771,30025791,31025791,32025791,12012141,13012141
405,2405,2583,2582,2581,1218,10012171,11012171,8025821,9025821,8025821,9025821,10025821,11025821,22025821,23025821,24025821,25025821,20025811,20025801,21025811,21025801,30025821,31025821,32025821,12012171,13012171
406,2406,2586,2585,2584,1221,10012201,11012201,8025851,9025851,8025851,9025851,10025851,11025851,22025851,23025851,24025851,25025851,20025841,20025831,21025841,21025831,30025851,31025851,32025851,12012201,13012201
407,2407,2589,2588,2587,1224,10012231,11012231,8025881,9025881,8025881,9025881,10025881,11025881,22025881,23025881,24025881,25025881,20025871,20025861,21025871,21025861,30025881,31025881,32025881,12012231,13012231
408,2408,2592,2591,2590,1227,10012261,11012261,8025911,9025911,8025911,9025911,10025911,11025911,22025911,23025911,24025911,25025911,20025901,20025891,21025901,21025891,30025911,31025911,32025911,12012261,13012261
409,2409,2595,2594,2593,1230,10012291,11012291,8025941,9025941,8025941,9025941,10025941,11025941,22025941,23025941,24025941,25025941,20025931,20025921,21025931,21025921,30025941,31025941,32025941,12012291,13012291
410,2410,2598,2597,2596,1233,10012321,11012321,8025971,9025971,8025971,9025971,10025971,11025971,22025971,23025971,24025971,25025971,20025961,20025951,21025961,21025951,30025971,31025971,32025971,12012321,13012321
411,2411,2601,2600,2599,1236,10012351,11012351,8026001,9026001,8026001,9026001,10026001,11026001,22026001,23026001,24026001,25026001,20025991,20025981,21025991,21025981,30026001,31026001,32026001,12012351,13012351
412,2412,2604,2603,2602,1239,10012381,11012381,8026031,9026031,8026031,9026031,10026031,11026031,22026031,23026031,24026031,25026031,20026021,20026011,21026021,21026011,30026031,31026031,32026031,12012381,13012381
413,2413,2607,2606,2605,1242,10012411,11012411,8026061,9026061,8026061,9026061,10026061,11026061,22026061,23026061,24026061,25026061,20026051,20026041,21026051,21026041,30026061,31026061,32026061,12012411,13012411
414,2414,2610,2609,2608,1245,10012441,11012441,8026091,9026091,8026091,9026091,10026091,11026091,22026091,23026091,24026091,25026091,20026081,20026071,21026081,21026071,30026091,31026091,32026091,12012441,13012441
415,2415,2613,2612,2611,1248,10012471,11012471,8026121,9026121,8026121,9026121,10026121,11026121,22026121,23026121,24026121,25026121,20026111,20026101,21026111,21026101,30026121,31026121,32026121,12012471,13012471
416,2416,2616,2615,2614,1251,10012501,11012501,8026151,9026151,8026151,9026151,10026151,11026151,22026151,23026151,24026151,25026151,20026141,20026131,21026141,21026131,30026151,31026151,32026151,12012501,13012501
417,2417,2619,2618,2617,1254,10012531,11012531,8026181,9026181,8026181,9026181,10026181,11026181,22026181,23026181,24026181,25026181,20026171,20026161,21026171,21026161,30026181,31026181,32026181,12012531,13012531
418,2418,2622,2621,2620,1257,10012561,11012561,8026211,9026211,8026211,9026211,10026211,11026211,22026211,23026211,24026211,25026211,20026201,20026191,21026201,21026191,30026211,31026211,32026211,12012561,13012561
419,2419,2625,2624,2623,1260,10012591,11012591,8026241,9026241,8026241,9026241,10026241,11026241,22026241,23026241,24026241,25026241,20026231,20026221,21026231,21026221,30026241,31026241,32026241,12012591,13012591
420,2420,2628,2627,2626,1263,10012621,11012621,8026271,9026271,8026271,9026271,10026271,11026271,22026271,23026271,24026271,25026271,20026261,20026251,21026261,21026251,30026271,31026271,32026271,12012621,13012621
421,2421,2631,2630,2629,1266,10012651,11012651,8026301,9026301,8026301,9026301,10026301,11026301,22026301,23026301,24026301,25026301,20026291,20026281,21026291,21026281,30026301,31026301,32026301,12012651,13012651
422,2422,2634,2633,2632,1269,10012681,11012681,8026331,9026331,8026331,9026331,10026331,11026331,22026331,23026331,24026331,25026331,20026321,20026311,21026321,21026311,30026331,31026331,32026331,12012681,13012681
423,2423,2637,2636,2635,1272,10012711,11012711,8026361,9026361,8026361,9026361,10026361,11026361,22026361,23026361,24026361,25026361,20026351,20026341,21026351,21026341,30026361,31026361,32026361,12012711,13012711
424,2424,2640,2639,2638,1275,10012741,11012741,8026391,9026391,8026391,9026391,10026391,11026391,22026391,23026391,24026391,25026391,20026381,20026371,21026381,21026371,30026391,31026391,32026391,12012741,13012741
425,2425,2643,2642,2641,1278,10012771,11012771,8026421,9026421,8026421,9026421,10026421,11026421,22026421,23026421,24026421,25026421,20026411,20026401,21026411,21026401,30026421,31026421,32026421,12012771,13012771
426,2426,2646,2645,2644,1281,10012801,11012801,8026451,9026451,8026451,9026451,10026451,11026451,22026451,23026451,24026451,25026451,20026441,20026431,21026441,21026431,30026451,31026451,32026451,12012801,13012801
427,2427,2649,2648,2647,1284,10012831,11012831,8026481,9026481,8026481,9026481,10026481,11026481,22026481,23026481,24026481,25026481,20026471,20026461,21026471,21026461,30026481,31026481,32026481,12012831,13012831
428,2428,2652,2651,2650,1287,10012861,11012861,8026511,9026511,8026511,9026511,10026511,11026511,22026511,23026511,24026511,25026511,20026501,20026491,21026501,21026491,30026511,31026511,32026511,12012861,13012861
429,2429,2655,2654,2653,1290,10012891,11012891,8026541,9026541,8026541,9026541,10026541,11026541,22026541,23026541,24026541,25026541,20026531,20026521,21026531,21026521,30026541,31026541,32026541,12012891,13012891
430,2430,2658,2657,2656,1293,10012921,11012921,8026571,9026571,8026571,9026571,10026571,11026571,22026571,23026571,24026571,25026571,20026561,20026551,21026561,21026551,30026571,31026571,32026571,12012921,13012921
431,2431,2661,2660,2659,1296,10012951,11012951,8026601,9026601,8026601,9026601,10026601,11026601,22026601,23026601,24026601,25026601,20026591,20026581,21026591,21026581,30026601,31026601,32026601,12012951,13012951
432,2432,2664,2663,2662,1299,10012981,11012981,8026631,9026631,8026631,9026631,10026631,11026631,22026631,23026631,24026631,25026631,20026621,20026611,21026621,21026611,30026631,31026631,32026631,12012981,13012981
433,2433,2667,2666,2665,1302,10013011,11013011,8026661,9026661,8026661,9026661,10026661,11026661,22026661,23026661,24026661,25026661,20026651,20026641,21026651,21026641,30026661,31026661,32026661,12013011,13013011
434,2434,2670,2669,2668,1305,10013041,11013041,8026691,9026691,8026691,9026691,10026691,11026691,22026691,23026691,24026691,25026691,20026681,20026671,21026681,21026671,30026691,31026691,32026691,12013041,13013041
435,2435,2673,2672,2671,1308,10013071,11013071,8026721,9026721,8026721,9026721,10026721,11026721,22026721,23026721,24026721,25026721,20026711,20026701,21026711,21026701,30026721,31026721,32026721,12013071,13013071
436,2436,2676,2675,2674,1311,10013101,11013101,8026751,9026751,8026751,9026751,10026751,11026751,22026751,23026751,24026751,25026751,20026741,20026731,21026741,21026731,30026751,31026751,32026751,12013101,13013101
437,2437,2679,2678,2677,1314,10013131,11013131,8026781,9026781,8026781,9026781,10026781,11026781,22026781,23026781,24026781,25026781,20026771,20026761,21026771,21026761,30026781,31026781,32026781,12013131,13013131
438,2438,2682,2681,2680,1317,10013161,11013161,8026811,9026811,8026811,9026811,10026811,11026811,22026811,23026811,24026811,25026811,20026801,20026791,21026801,21026791,30026811,31026811,32026811,12013161,13013161
439,2439,2685,2684,2683,1320,10013191,11013191,8026841,9026841,8026841,9026841,10026841,11026841,22026841,23026841,24026841,25026841,20026831,20026821,21026831,21026821,30026841,31026841,32026841,12013191,13013191
440,2440,2688,2687,2686,1323,10013221,11013221,8026871,9026871,8026871,9026871,10026871,11026871,22026871,23026871,24026871,25026871,20026861,20026851,21026861,21026851,30026871,31026871,32026871,12013221,13013221
441,2441,2691,2690,2689,1326,10013251,11013251,8026901,9026901,8026901,9026901,10026901,11026901,22026901,23026901,24026901,25026901,20026891,20026881,21026891,21026881,30026901,31026901,32026901,12013251,13013251
442,2442,2694,2693,2692,1329,10013281,11013281,8026931,9026931,8026931,9026931,10026931,11026931,22026931,23026931,24026931,25026931,20026921,20026911,21026921,21026911,30026931,31026931,32026931,12013281,13013281
443,2443,2697,2696,2695,1332,10013311,11013311,8026961,9026961,8026961,9026961,10026961,11026961,22026961,23026961,24026961,25026961,20026951,20026941,21026951,21026941,30026961,31026961,32026961,12013311,13013311
444,2444,2700,2699,2698,1335,10013341,11013341,8026991,9026991,8026991,9026991,10026991,11026991,22026991,23026991,24026991,25026991,20026981,20026971,21026981,21026971,30026991,31026991,32026991,12013341,13013341
445,2445,2703,2702,2701,1338,10013371,11013371,8027021,9027021,8027021,9027021,10027021,11027021,22027021,23027021,24027021,25027021,20027011,20027001,21027011,21027001,30027021,31027021,32027021,12013371,13013371
446,2446,2706,2705,2704,1341,10013401,11013401,8027051,9027051,8027051,9027051,10027051,11027051,22027051,23027051,24027051,25027051,20027041,20027031,21027041,21027031,30027051,31027051,32027051,12013401,13013401
447,2447,2709,2708,2707,1344,10013431,11013431,8027081,9027081,8027081,9027081,10027081,11027081,22027081,23027081,24027081,25027081,20027071,20027061,21027071,21027061,30027081,31027081,32027081,12013431,13013431
448,2448,2712,2711,2710,1347,10013461,11013461,8027111,9027111,8027111,9027111,10027111,11027111,22027111,23027111,24027111,25027111,20027101,20027091,21027101,21027091,30027111,31027111,32027111,12013461,13013461
449,2449,2715,2714,2713,1350,10013491,11013491,8027141,9027141,8027141,9027141,10027141,11027141,22027141,23027141,24027141,25027141,20027131,20027121,21027131,21027121,30027141,31027141,32027141,12013491,13013491
450,2450,2718,2717,2716,1353,10013521,11013521,8027171,9027171,8027171,9027171,10027171,11027171,22027171,23027171,24027171,25027171,20027161,20027151,21027161,21027151,30027171,31027171,32027171,12013521,13013521
451,2451,2721,2720,2719,1356,10013551,11013551,8027201,9027201,8027201,9027201,10027201,11027201,22027201,23027201,24027201,25027201,20027191,20027181,21027191,21027181,30027201,31027201,32027201,12013551,13013551
452,2452,2724,2723,2722,1359,10013581,11013581,8027231,9027231,8027231,9027231,10027231,11027231,22027231,23027231,24027231,25027231,20027221,20027211,21027221,21027211,30027231,31027231,32027231,12013581,13013581
453,2453,2727,2726,2725,1362,10013611,11013611,8027261,9027261,8027261,9027261,10027261,11027261,22027261,23027261,24027261,25027261,20027251,20027241,21027251,21027241,30027261,31027261,32027261,12013611,13013611
454,2454,2730,2729,2728,1365,10013641,11013641,8027291,9027291,8027291,9027291,10027291,11027291,22027291,23027291,24027291,25027291,20027281,20027271,21027281,21027271,30027291,31027291,32027291,12013641,13013641
455,2455,2733,2732,2731,1368,10013671,11013671,8027321,9027321,8027321,9027321,10027321,11027321,22027321,23027321,24027321,25027321,20027311,20027301,21027311,21027301,30027321,31027321,32027321,12013671,13013671
456,2456,2736,2735,2734,1371,10013701,11013701,8027351,9027351,8027351,9027351,10027351,11027351,22027351,23027351,24027351,25027351,20027341,20027331,21027341,21027331,30027351,31027351,32027351,12013701,13013701
457,2457,2739,2738,2737,1374,10013731,11013731,8027381,9027381,8027381,9027381,10027381,11027381,22027381,23027381,24027381,25027381,20027371,20027361,21027371,21027361,30027381,31027381,32027381,12013731,13013731
458,2458,2742,2741,2740,1377,10013761,11013761,8027411,9027411,8027411,9027411,10027411,11027411,22027411,23027411,24027411,25027411,20027401,20027391,21027401,21027391,30027411,31027411,32027411,12013761,13013761
459,2459,2745,2744,2743,1380,10013791,11013791,8027441,9027441,8027441,9027441,10027441,11027441,22027441,23027441,24027441,25027441,20027431,20027421,21027431,21027421,30027441,31027441,32027441,12013791,13013791
460,2460,2748,2747,2746,1383,10013821,11013821,8027471,9027471,8027471,9027471,10027471,11027471,22027471,23027471,24027471,25027471,20027461,20027451,21027461,21027451,30027471,31027471,32027471,12013821,13013821
461,2461,2751,2750,2749,1386,10013851,11013851,8027501,9027501,8027501,9027501,10027501,11027501,22027501,23027501,24027501,25027501,20027491,20027481,21027491,21027481,30027501,31027501,32027501,12013851,13013851
462,2462,2754,2753,2752,1389,10013881,11013881,8027531,9027531,8027531,9027531,10027531,11027531,22027531,23027531,24027531,25027531,20027521,20027511,21027521,21027511,30027531,31027531,32027531,12013881,13013881
463,2463,2757,2756,2755,1392,10013911,11013911,8027561,9027561,8027561,9027561,10027561,11027561,22027561,23027561,24027561,25027561,20027551,20027541,21027551,21027541,30027561,31027561,32027561,12013911,13013911
464,2464,2760,2759,2758,1395,10013941,11013941,8027591,9027591,8027591,9027591,10027591,11027591,22027591,23027591,24027591,25027591,20027581,20027571,21027581,21027571,30027591,31027591,32027591,12013941,13013941
465,2465,2763,2762,2761,1398,10013971,11013971,8027621,9027621,8027621,9027621,10027621,11027621,22027621,23027621,24027621,25027621,20027611,20027601,21027611,21027601,30027621,31027621,32027621,12013971,13013971
466,2466,2766,2765,2764,1401,10014001,11014001,8027651,9027651,8027651,9027651,10027651,11027651,22027651,23027651,24027651,25027651,20027641,20027631,21027641,21027631,30027651,31027651,32027651,12014001,13014001
467,2467,2769,2768,2767,1404,10014031,11014031,8027681,9027681,8027681,9027681,10027681,11027681,22027681,23027681,24027681,25027681,20027671,20027661,21027671,21027661,30027681,31027681,32027681,12014031,13014031
468,2468,2772,2771,2770,1407,10014061,11014061,8027711,9027711,8027711,9027711,10027711,11027711,22027711,23027711,24027711,25027711,20027701,20027691,21027701,21027691,30027711,31027711,32027711,12014061,13014061
469,2469,2775,2774,2773,1410,10014091,11014091,8027741,9027741,8027741,9027741,10027741,11027741,22027741,23027741,24027741,25027741,20027731,20027721,21027731,21027721,30027741,31027741,32027741,12014091,13014091
470,2470,2778,2777,2776,1413,10014121,11014121,8027771,9027771,8027771,9027771,10027771,11027771,22027771,23027771,24027771,25027771,20027761,20027751,21027761,21027751,30027771,31027771,32027771,12014121,13014121
471,2471,2781,2780,2779,1416,10014151,11014151,8027801,9027801,8027801,9027801,10027801,11027801,22027801,23027801,24027801,25027801,20027791,20027781,21027791,21027781,30027801,31027801,32027801,12014151,13014151
472,2472,2784,2783,2782,1419,10014181,11014181,8027831,9027831,8027831,9027831,10027831,11027831,22027831,23027831,24027831,25027831,20027821,20027811,21027821,21027811,30027831,31027831,32027831,12014181,13014181
473,2473,2787,2786,2785,1422,10014211,11014211,8027861,9027861,8027861,9027861,10027861,11027861,22027861,23027861,24027861,25027861,20027851,20027841,21027851,21027841,30027861,31027861,32027861,12014211,13014211
474,2474,2790,2789,2788,1425,10014241,11014241,8027891,9027891,8027891,9027891,10027891,11027891,22027891,23027891,24027891,25027891,20027881,20027871,21027881,21027871,30027891,31027891,32027891,12014241,13014241
475,2475,2793,2792,2791,1428,10014271,11014271,8027921,9027921,8027921,9027921,10027921,11027921,22027921,23027921,24027921,25027921,20027911,20027901,21027911,21027901,30027921,31027921,32027921,12014271,13014271
476,2476,2796,2795,2794,1431,10014301,11014301,8027951,9027951,8027951,9027951,10027951,11027951,22027951,23027951,24027951,25027951,20027941,20027931,21027941,21027931,30027951,31027951,32027951,12014301,13014301
477,2477,2799,2798,2797,1434,10014331,11014331,8027981,9027981,8027981,9027981,10027981,11027981,22027981,23027981,24027981,25027981,20027971,20027961,21027971,21027961,30027981,31027981,32027981,12014331,13014331
478,2478,2802,2801,2800,1437,10014361,11014361,8028011,9028011,8028011,9028011,10028011,11028011,22028011,23028011,24028011,25028011,20028001,20027991,21028001,21027991,30028011,31028011,32028011,12014361,13014361
479,2479,2805,2804,2803,1440,10014391,11014391,8028041,9028041,8028041,9028041,10028041,11028041,22028041,23028041,24028041,25028041,20028031,20028021,21028031,21028021,30028041,31028041,32028041,12014391,13014391
480,2480,2808,2807,2806,1443,10014421,11014421,8028071,9028071,8028071,9028071,10028071,11028071,22028071,23028071,24028071,25028071,20028061,20028051,21028061,21028051,30028071,31028071,32028071,12014421,13014421
481,2481,2811,2810,2809,1446,10014451,11014451,8028101,9028101,8028101,9028101,10028101,11028101,22028101,23028101,24028101,25028101,20028091,20028081,21028091,21028081,30028101,31028101,32028101,12014451,13014451
482,2482,2814,2813,2812,1449,10014481,11014481,8028131,9028131,8028131,9028131,10028131,11028131,22028131,23028131,24028131,25028131,20028121,20028111,21028121,21028111,30028131,31028131,32028131,12014481,13014481
483,2483,2817,2816,2815,1452,10014511,11014511,8028161,9028161,8028161,9028161,10028161,11028161,22028161,23028161,24028161,25028161,20028151,20028141,21028151,21028141,30028161,31028161,32028161,12014511,13014511
484,2484,2820,2819,2818,1455,10014541,11014541,8028191,9028191,8028191,9028191,10028191,11028191,22028191,23028191,24028191,25028191,20028181,20028171,21028181,21028171,30028191,31028191,32028191,12014541,13014541
485,2485,2823,2822,2821,1458,10014571,11014571,8028221,9028221,8028221,9028221,10028221,11028221,22028221,23028221,24028221,25028221,20028211,20028201,21028211,21028201,30028221,31028221,32028221,12014571,13014571
486,2486,2826,2825,2824,1461,10014601,11014601,8028251,9028251,8028251,9028251,10028251,11028251,22028251,23028251,24028251,25028251,20028241,20028231,21028241,21028231,30028251,31028251,32028251,12014601,13014601
487,2487,2829,2828,2827,1464,10014631,11014631,8028281,9028281,8028281,9028281,10028281,11028281,22028281,23028281,24028281,25028281,20028271,20028261,21028271,21028261,30028281,31028281,32028281,12014631,13014631
488,2488,2832,2831,2830,1467,10014661,11014661,8028311,9028311,8028311,9028311,10028311,11028311,22028311,23028311,24028311,25028311,20028301,20028291,21028301,21028291,30028311,31028311,32028311,12014661,13014661
489,2489,2835,2834,2833,1470,10014691,11014691,8028341,9028341,8028341,9028341,10028341,11028341,22028341,23028341,24028341,25028341,20028331,20028321,21028331,21028321,30028341,31028341,32028341,12014691,13014691
490,2490,2838,2837,2836,1473,10014721,11014721,8028371,9028371,8028371,9028371,10028371,11028371,22028371,23028371,24028371,25028371,20028361,20028351,21028361,21028351,30028371,31028371,32028371,12014721,13014721
491,2491,2841,2840,2839,1476,10014751,11014751,8028401,9028401,8028401,9028401,10028401,11028401,22028401,23028401,24028401,25028401,20028391,20028381,21028391,21028381,30028401,31028401,32028401,12014751,13014751
492,2492,2844,2843,2842,1479,10014781,11014781,8028431,9028431,8028431,9028431,10028431,11028431,22028431,23028431,24028431,25028431,20028421,20028411,21028421,21028411,30028431,31028431,32028431,12014781,13014781
493,2493,2847,2846,2845,1482,10014811,11014811,8028461,9028461,8028461,9028461,10028461,11028461,22028461,23028461,24028461,25028461,20028451,20028441,21028451,21028441,30028461,31028461,32028461,12014811,13014811
494,2494,2850,2849,2848,1485,10014841,11014841,8028491,9028491,8028491,9028491,10028491,11028491,22028491,23028491,24028491,25028491,20028481,20028471,21028481,21028471,30028491,31028491,32028491,12014841,13014841
495,2495,2853,2852,2851,1488,10014871,11014871,8028521,9028521,8028521,9028521,10028521,11028521,22028521,23028521,24028521,25028521,20028511,20028501,21028511,21028501,30028521,31028521,32028521,12014871,13014871
496,2496,2856,2855,2854,1491,10014901,11014901,8028551,9028551,8028551,9028551,10028551,11028551,22028551,23028551,24028551,25028551,20028541,20028531,21028541,21028531,30028551,31028551,32028551,12014901,13014901
497,2497,2859,2858,2857,1494,10014931,11014931,8028581,9028581,8028581,9028581,10028581,11028581,22028581,23028581,24028581,25028581,20028571,20028561,21028571,21028561,30028581,31028581,32028581,12014931,13014931
498,2498,2862,2861,2860,1497,10014961,11014961,8028611,9028611,8028611,9028611,10028611,11028611,22028611,23028611,24028611,25028611,20028601,20028591,21028601,21028591,30028611,31028611,32028611,12014961,13014961
499,2499,2865,2864,2863,1500,10014991,11014991,8028641,9028641,8028641,9028641,10028641,11028641,22028641,23028641,24028641,25028641,20028631,20028621,21028631,21028621,30028641,31028641,32028641,12014991,13014991
500,2500,2868,2867,2866,1503,10015021,11015021,8028671,9028671,8028671,9028671,10028671,11028671,22028671,23028671,24028671,25028671,20028661,20028651,21028661,21028651,30028671,31028671,32028671,12015021,13015021
501,2501,2871,2870,2869,1506,10015051,11015051,8028701,9028701,8028701,9028701,10028701,11028701,22028701,23028701,24028701,25028701,20028691,20028681,21028691,21028681,30028701,31028701,32028701,12015051,13015051
502,2502,2874,2873,2872,1509,10015081,11015081,8028731,9028731,8028731,9028731,10028731,11028731,22028731,23028731,24028731,25028731,20028721,20028711,21028721,21028711,30028731,31028731,32028731,12015081,13015081
503,2503,2877,2876,2875,1512,10015111,11015111,8028761,9028761,8028761,9028761,10028761,11028761,22028761,23028761,24028761,25028761,20028751,20028741,21028751,21028741,30028761,31028761,32028761,12015111,13015111
504,2504,2880,2879,2878,1515,10015141,11015141,8028791,9028791,8028791,9028791,10028791,11028791,22028791,23028791,24028791,25028791,20028781,20028771,21028781,21028771,30028791,31028791,32028791,12015141,13015141
505,2505,2883,2882,2881,1518,10015171,11015171,8028821,9028821,8028821,9028821,10028821,11028821,22028821,23028821,24028821,25028821,20028811,20028801,21028811,21028801,30028821,31028821,32028821,12015171,13015171
506,2506,2886,2885,2884,1521,10015201,11015201,8028851,9028851,8028851,9028851,10028851,11028851,22028851,23028851,24028851,25028851,20028841,20028831,21028841,21028831,30028851,31028851,32028851,12015201,13015201
507,2507,2889,2888,2887,1524,10015231,11015231,8028881,9028881,8028881,9028881,10028881,11028881,22028881,23028881,24028881,25028881,20028871,20028861,21028871,21028861,30028881,31028881,32028881,12015231,13015231
508,2508,2892,2891,2890,1527,10015261,11015261,8028911,9028911,8028911,9028911,10028911,11028911,22028911,23028911,24028911,25028911,20028901,20028891,21028901,21028891,30028911,31028911,32028911,12015261,13015261
509,2509,2895,2894,2893,1530,10015291,11015291,8028941,9028941,8028941,9028941,10028941,11028941,22028941,23028941,24028941,25028941,20028931,20028921,21028931,21028921,30028941,31028941,32028941,12015291,13015291
510,2510,2898,2897,2896,1533,10015321,11015321,8028971,9028971,8028971,9028971,10028971,11028971,22028971,23028971,24028971,25028971,20028961,20028951,21028961,21028951,30028971,31028971,32028971,12015321,13015321
511,2511,2901,2900,2899,1536,10015351,11015351,8029001,9029001,8029001,9029001,10029001,11029001,22029001,23029001,24029001,25029001,20028991,20028981,21028991,21028981,30029001,31029001,32029001,12015351,13015351
