# The Voronoi cells of the 512 games (games.csv) on the unit disk, as every sunflower map draws them: the Voronoi
# diagram of the 512 disk points, their 512 inversions in the unit circle and 32 far points on the circle of radius 3,
# each cell of a real point clipped to the unit circle by Sutherland-Hodgman against a circumscribed 64-gon, the cut
# vertices pushed back onto the circle (DiskM2WF/Opt/vor.py, cells(); common.games.compute_cells).  The cells tile
# the disk up to the 64-gon (total area 99.94% of pi).
# Columns:
#   ipt   the cell (games.csv); rows of one cell are consecutive, cells in ipt order
#   k     the vertex, 0..n-1, in the polygon's cyclic order (as scipy's Voronoi gave it; the orientation varies)
#   x, y  the vertex on the unit disk, float64 written round-trip exact
ipt,k,x,y
0,0,-0.0024705132141492545,0.06134890586331788
0,1,0.03060405735725232,-0.0016341683672230246
0,2,-0.03436398073857911,-0.0256384223167629
0,3,-0.07085069183560735,0.03432895830645026
0,4,-0.06380881611604061,0.05840271119102926
1,0,0.003209561219690911,-0.10938826578617872
1,1,0.04300285305680601,-0.07910581163164351
1,2,0.03942939212467217,-0.004692561993025611
1,3,0.03060405735725232,-0.0016341683672230246
1,4,-0.03436398073857911,-0.0256384223167629
1,5,-0.04539024763031772,-0.04968407684345359
2,0,0.0195511316578239,0.09570978567666598
2,1,0.07983217962868927,0.09559579841756596
2,2,0.08541963121964398,0.08665022021159352
2,3,0.06930298013225059,0.0056224089800496965
2,4,0.03942939212467217,-0.004692561993025611
2,5,0.03060405735725232,-0.0016341683672230246
2,6,-0.0024705132141492545,0.06134890586331788
3,0,-0.12898163934446608,-1.5451819665440215e-05
3,1,-0.07085069183560735,0.03432895830645026
3,2,-0.03436398073857911,-0.0256384223167629
3,3,-0.04539024763031772,-0.04968407684345359
3,4,-0.08241858895924503,-0.0624525228992755
3,5,-0.13384066871310263,-0.021735405551714042
4,0,0.09680716836590865,-0.09494262441554384
4,1,0.04300285305680601,-0.07910581163164351
4,2,0.03942939212467217,-0.004692561993025611
4,3,0.06930298013225059,0.0056224089800496965
4,4,0.10782723447385292,-0.00890820441163841
4,5,0.12359563875898424,-0.07762731914606116
5,0,-0.04332072666727549,0.14942880163960665
5,1,-0.07671036395479112,0.08175562975302672
5,2,-0.06380881611604061,0.05840271119102926
5,3,-0.0024705132141492545,0.06134890586331788
5,4,0.0195511316578239,0.09570978567666598
5,5,-0.004627024015865698,0.14159803325310674
6,0,0.001941545021893032,-0.11529208221389348
6,1,-0.07150555042219263,-0.14864908892942974
6,2,-0.09767752806666014,-0.11030722978200957
6,3,-0.08241858895924503,-0.0624525228992755
6,4,-0.04539024763031772,-0.04968407684345359
6,5,0.003209561219690911,-0.10938826578617872
7,0,0.16086120799068004,0.06595348577629412
7,1,0.15182142110719127,0.01398170682200369
7,2,0.10782723447385292,-0.00890820441163841
7,3,0.06930298013225059,0.0056224089800496965
7,4,0.08541963121964398,0.08665022021159352
8,0,-0.17164103296131503,0.061795130493842367
8,1,-0.12898163934446608,-1.5451819665440215e-05
8,2,-0.07085069183560735,0.03432895830645026
8,3,-0.06380881611604061,0.05840271119102926
8,4,-0.07671036395479112,0.08175562975302672
8,5,-0.12414922392700409,0.09621208805809718
9,0,0.026215341422266267,-0.15954007732480568
9,1,0.001941545021893032,-0.11529208221389348
9,2,0.003209561219690911,-0.10938826578617872
9,3,0.04300285305680601,-0.07910581163164351
9,4,0.09680716836590865,-0.09494262441554384
9,5,0.08987764746981619,-0.16772403822746962
9,6,0.08903110148198376,-0.16849381935874339
10,0,-0.004627024015865698,0.14159803325310674
10,1,0.045022496766710836,0.18964775691356295
10,2,0.05170413753432177,0.18968851720547875
10,3,0.09140882412800048,0.13813966443318929
10,4,0.07983217962868927,0.09559579841756596
10,5,0.0195511316578239,0.09570978567666598
11,0,-0.13384066871310263,-0.021735405551714042
11,1,-0.08241858895924503,-0.0624525228992755
11,2,-0.09767752806666014,-0.11030722978200957
11,3,-0.16351948514506245,-0.1141871326177463
11,4,-0.17206943796517035,-0.10663543658513844
11,5,-0.16480740423457674,-0.040388257950213294
12,0,0.2043414608698011,-0.04027585761668827
12,1,0.1517904214438916,-0.08394419302160314
12,2,0.12359563875898424,-0.07762731914606116
12,3,0.10782723447385292,-0.00890820441163841
12,4,0.15182142110719127,0.01398170682200369
12,5,0.20243183590112107,-0.02445464040219219
13,0,-0.13709495604995306,0.15683615448715124
13,1,-0.12414922392700409,0.09621208805809718
13,2,-0.07671036395479112,0.08175562975302672
13,3,-0.04332072666727549,0.14942880163960665
13,4,-0.05583006565856243,0.16806136404663066
13,5,-0.12579952810860984,0.17307868498686116
14,0,-0.003137031030960011,-0.21239384775849113
14,1,-0.0261980863376909,-0.21782715066905708
14,2,-0.07407882114898333,-0.16436899242782277
14,3,-0.07150555042219263,-0.14864908892942974
14,4,0.001941545021893032,-0.11529208221389348
14,5,0.026215341422266267,-0.15954007732480568
15,0,0.09140882412800048,0.13813966443318929
15,1,0.07983217962868927,0.09559579841756596
15,2,0.08541963121964398,0.08665022021159352
15,3,0.16086120799068004,0.06595348577629412
15,4,0.16896925542985883,0.07214263626841637
15,5,0.17131213377180848,0.14561994057423938
15,6,0.14747236608297648,0.15846947152300503
16,0,-0.1760727727233517,0.06224938342033967
16,1,-0.2298598526122964,0.009516700015771774
16,2,-0.2195670380214055,-0.018963089130037778
16,3,-0.16480740423457674,-0.040388257950213294
16,4,-0.13384066871310263,-0.021735405551714042
16,5,-0.12898163934446608,-1.5451819665440215e-05
16,6,-0.17164103296131503,0.061795130493842367
17,0,0.08987764746981619,-0.16772403822746962
17,1,0.09680716836590865,-0.09494262441554384
17,2,0.12359563875898424,-0.07762731914606116
17,3,0.1517904214438916,-0.08394419302160314
17,4,0.17847568607448283,-0.13572851314329773
17,5,0.16604100465526273,-0.16656909880669937
18,0,-0.04332072666727549,0.14942880163960665
18,1,-0.05583006565856243,0.16806136404663066
18,2,-0.04167884932441962,0.22421479895381569
18,3,-0.00928788783970999,0.24016230916063808
18,4,0.045022496766710836,0.18964775691356295
18,5,-0.004627024015865698,0.14159803325310674
19,0,-0.07407882114898333,-0.16436899242782277
19,1,-0.07150555042219263,-0.14864908892942974
19,2,-0.09767752806666014,-0.11030722978200957
19,3,-0.16351948514506245,-0.1141871326177463
19,4,-0.15939906857266173,-0.186760524399665
19,5,-0.12201934342433611,-0.19720993973309103
20,0,0.20243183590112107,-0.02445464040219219
20,1,0.15182142110719127,0.01398170682200369
20,2,0.16086120799068004,0.06595348577629412
20,3,0.16896925542985883,0.07214263626841637
20,4,0.22631337426540524,0.06484910969761887
20,5,0.24853114460809697,0.030003817170840007
21,0,-0.13709495604995306,0.15683615448715124
21,1,-0.12414922392700409,0.09621208805809718
21,2,-0.17164103296131503,0.061795130493842367
21,3,-0.1760727727233517,0.06224938342033967
21,4,-0.21409842890305958,0.10584762981184465
21,5,-0.20690950691477192,0.1490534917915906
22,0,0.08840114595187532,-0.22562882072474433
22,1,0.08903110148198376,-0.16849381935874339
22,2,0.026215341422266267,-0.15954007732480568
22,3,-0.003137031030960011,-0.21239384775849113
22,4,0.05228561775903286,-0.2546629464351499
23,0,0.0878727795397457,0.22938100214897653
23,1,0.05170413753432177,0.18968851720547875
23,2,0.09140882412800048,0.13813966443318929
23,3,0.14747236608297648,0.15846947152300503
23,4,0.13626022569794558,0.22674900399625283
24,0,-0.16480740423457674,-0.040388257950213294
24,1,-0.17206943796517035,-0.10663543658513844
24,2,-0.22251088441381295,-0.11185542806808833
24,3,-0.25837269851056166,-0.07600124361505958
24,4,-0.2195670380214055,-0.018963089130037778
25,0,0.2043414608698011,-0.04027585761668827
25,1,0.1517904214438916,-0.08394419302160314
25,2,0.17847568607448283,-0.13572851314329773
25,3,0.24577292713897625,-0.12106840494969226
25,4,0.24276905330166948,-0.06798026655984736
26,0,-0.12579952810860984,0.17307868498686116
26,1,-0.05583006565856243,0.16806136404663066
26,2,-0.04167884932441962,0.22421479895381569
26,3,-0.10071172091963712,0.2597442340819985
26,4,-0.13527950038976633,0.2165888008376138
27,0,-0.10327220879014928,-0.26347108770690414
27,1,-0.12201934342433611,-0.19720993973309103
27,2,-0.07407882114898333,-0.16436899242782277
27,3,-0.0261980863376909,-0.21782715066905708
27,4,-0.04678050372170245,-0.25403021120659663
28,0,0.258472551456721,0.1262254728521393
28,1,0.22631337426540524,0.06484910969761887
28,2,0.16896925542985883,0.07214263626841637
28,3,0.17131213377180848,0.14561994057423938
28,4,0.2081365297004666,0.1580102224360529
29,0,-0.1760727727233517,0.06224938342033967
29,1,-0.2298598526122964,0.009516700015771774
29,2,-0.26323459950581723,0.023952162327590842
29,3,-0.27987245245279097,0.08328060514684724
29,4,-0.21409842890305958,0.10584762981184465
30,0,0.08840114595187532,-0.22562882072474433
30,1,0.1522413230729678,-0.2544432751510007
30,2,0.18022109431325628,-0.19738932762254957
30,3,0.16604100465526273,-0.16656909880669937
30,4,0.08987764746981619,-0.16772403822746962
30,5,0.08903110148198376,-0.16849381935874339
31,0,0.0878727795397457,0.22938100214897653
31,1,0.060879448961302235,0.2945826465895648
31,2,0.00012222254646177162,0.27010208591161794
31,3,-0.00928788783970999,0.24016230916063808
31,4,0.045022496766710836,0.18964775691356295
31,5,0.05170413753432177,0.18968851720547875
32,0,-0.24756418806197572,-0.17831484686878302
32,1,-0.22251088441381295,-0.11185542806808833
32,2,-0.17206943796517035,-0.10663543658513844
32,3,-0.16351948514506245,-0.1141871326177463
32,4,-0.15939906857266173,-0.186760524399665
32,5,-0.18421046762336357,-0.2013760215728662
33,0,0.30667254658853765,-0.03555787271049124
33,1,0.2745795702546258,0.024665646630120053
33,2,0.24853114460809697,0.030003817170840007
33,3,0.20243183590112107,-0.02445464040219219
33,4,0.2043414608698011,-0.04027585761668827
33,5,0.24276905330166948,-0.06798026655984736
33,6,0.3061420479369012,-0.03697658677939029
34,0,-0.13709495604995306,0.15683615448715124
34,1,-0.20690950691477192,0.1490534917915906
34,2,-0.221540967329305,0.1688824465582523
34,3,-0.20499269364128953,0.23559880771538022
34,4,-0.20193345250021746,0.23713399911500307
34,5,-0.13527950038976633,0.2165888008376138
34,6,-0.12579952810860984,0.17307868498686116
35,0,-0.04678050372170245,-0.25403021120659663
35,1,-0.0261980863376909,-0.21782715066905708
35,2,-0.003137031030960011,-0.21239384775849113
35,3,0.05228561775903286,-0.2546629464351499
35,4,0.05009829627270998,-0.2765713996465502
35,5,-0.007273571639150385,-0.3155488377150481
35,6,-0.012599182306069504,-0.3140268955645924
36,0,0.13626022569794558,0.22674900399625283
36,1,0.15113467143388937,0.24020799035307477
36,2,0.22034360166624162,0.23061535809696676
36,3,0.22398043746132607,0.2246074749640419
36,4,0.2081365297004666,0.1580102224360529
36,5,0.17131213377180848,0.14561994057423938
36,6,0.14747236608297648,0.15846947152300503
37,0,-0.2298598526122964,0.009516700015771774
37,1,-0.26323459950581723,0.023952162327590842
37,2,-0.3197885707521544,-0.013385474958339843
37,3,-0.3215888116007752,-0.022163763276215137
37,4,-0.2761516094794038,-0.07598851771595666
37,5,-0.25837269851056166,-0.07600124361505958
37,6,-0.2195670380214055,-0.018963089130037778
38,0,0.16604100465526273,-0.16656909880669937
38,1,0.17847568607448283,-0.13572851314329773
38,2,0.24577292713897625,-0.12106840494969226
38,3,0.25722211675469125,-0.13141179728200747
38,4,0.2551190025653219,-0.2023189538317386
38,5,0.24643241586260187,-0.2085525403623851
38,6,0.18022109431325628,-0.19738932762254957
39,0,-0.10203350850515099,0.272896559432757
39,1,-0.10071172091963712,0.2597442340819985
39,2,-0.04167884932441962,0.22421479895381569
39,3,-0.00928788783970999,0.24016230916063808
39,4,0.00012222254646177162,0.27010208591161794
39,5,-0.04029449146463954,0.3231983122732436
39,6,-0.05264001089232131,0.3247380339356633
40,0,-0.10327220879014928,-0.26347108770690414
40,1,-0.12201934342433611,-0.19720993973309103
40,2,-0.15939906857266173,-0.186760524399665
40,3,-0.18421046762336357,-0.2013760215728662
40,4,-0.1909728140246852,-0.26731435466477366
40,5,-0.18189440678528135,-0.2780591582978438
40,6,-0.1099910221330031,-0.2725906216699778
41,0,0.2745795702546258,0.024665646630120053
41,1,0.24853114460809697,0.030003817170840007
41,2,0.22631337426540524,0.06484910969761887
41,3,0.258472551456721,0.1262254728521393
41,4,0.2671809701577119,0.12798755468848777
41,5,0.3249517604293868,0.08354997657019736
41,6,0.32423283262415026,0.06807863720133558
42,0,-0.20690950691477192,0.1490534917915906
42,1,-0.21409842890305958,0.10584762981184465
42,2,-0.27987245245279097,0.08328060514684724
42,3,-0.28571985756554075,0.08677454548940035
42,4,-0.29920541070740453,0.15874901223434237
42,5,-0.28695803745618526,0.17087868019177677
42,6,-0.221540967329305,0.1688824465582523
43,0,0.05009829627270998,-0.2765713996465502
43,1,0.05228561775903286,-0.2546629464351499
43,2,0.08840114595187532,-0.22562882072474433
43,3,0.1522413230729678,-0.2544432751510007
43,4,0.15360770498780157,-0.2589072855475994
43,5,0.11491106935796477,-0.3219678688400032
43,6,0.09622716615611006,-0.32257792105055405
44,0,0.06194970023623142,0.29685049669261193
44,1,0.060879448961302235,0.2945826465895648
44,2,0.0878727795397457,0.22938100214897653
44,3,0.13626022569794558,0.22674900399625283
44,4,0.15113467143388937,0.24020799035307477
44,5,0.14873515051863673,0.3049628400032219
44,6,0.13355016402541825,0.3181289884171808
45,0,-0.3160365445300368,-0.14611508774989748
45,1,-0.24801469055389944,-0.1785015187238354
45,2,-0.24756418806197572,-0.17831484686878302
45,3,-0.22251088441381295,-0.11185542806808833
45,4,-0.25837269851056166,-0.07600124361505958
45,5,-0.2761516094794038,-0.07598851771595666
45,6,-0.31841377825835493,-0.12486110835062601
46,0,0.3061420479369012,-0.03697658677939029
46,1,0.24276905330166948,-0.06798026655984736
46,2,0.24577292713897625,-0.12106840494969226
46,3,0.25722211675469125,-0.13141179728200747
46,4,0.32130038960840174,-0.12439719822212134
46,5,0.3347393412604586,-0.10615458731367486
47,0,-0.13527950038976633,0.2165888008376138
47,1,-0.10071172091963712,0.2597442340819985
47,2,-0.10203350850515099,0.272896559432757
47,3,-0.15349094325754034,0.311430122407975
47,4,-0.17709911210721133,0.30688505475151834
47,5,-0.20193345250021746,0.23713399911500307
48,0,-0.10327220879014928,-0.26347108770690414
48,1,-0.04678050372170245,-0.25403021120659663
48,2,-0.012599182306069504,-0.3140268955645924
48,3,-0.07684590592267349,-0.34898917377694477
48,4,-0.09850798961393469,-0.33558059962296205
48,5,-0.1099910221330031,-0.2725906216699778
49,0,0.29465506058912355,0.20749152776065233
49,1,0.22398043746132607,0.2246074749640419
49,2,0.2081365297004666,0.1580102224360529
49,3,0.258472551456721,0.1262254728521393
49,4,0.2671809701577119,0.12798755468848777
49,5,0.30166888413473986,0.18183138725182724
50,0,-0.36048766962275414,0.046021801492580776
50,1,-0.3197885707521544,-0.013385474958339843
50,2,-0.26323459950581723,0.023952162327590842
50,3,-0.27987245245279097,0.08328060514684724
50,4,-0.28571985756554075,0.08677454548940035
50,5,-0.34782103568124645,0.07060537909808955
51,0,0.1522413230729678,-0.2544432751510007
51,1,0.18022109431325628,-0.19738932762254957
51,2,0.24643241586260187,-0.2085525403623851
51,3,0.23690968772142634,-0.2794797573613942
51,4,0.20972966377588537,-0.28929543316943185
51,5,0.15360770498780157,-0.2589072855475994
52,0,0.04152043176649458,0.35745049022645975
52,1,0.013782157448078973,0.3691508593007678
52,2,-0.04029449146463954,0.3231983122732436
52,3,0.00012222254646177162,0.27010208591161794
52,4,0.060879448961302235,0.2945826465895648
52,5,0.06194970023623142,0.29685049669261193
53,0,-0.274304637264927,-0.2367248733936836
53,1,-0.2613124178427535,-0.26537469512072925
53,2,-0.1909728140246852,-0.26731435466477366
53,3,-0.18421046762336357,-0.2013760215728662
53,4,-0.24756418806197572,-0.17831484686878302
53,5,-0.24801469055389944,-0.1785015187238354
54,0,0.30667254658853765,-0.03555787271049124
54,1,0.2745795702546258,0.024665646630120053
54,2,0.32423283262415026,0.06807863720133558
54,3,0.3747506173746028,0.019546743646578716
54,4,0.36451547224339675,-0.011159631623207017
55,0,-0.20499269364128953,0.23559880771538022
55,1,-0.26265061451009897,0.25656826281682765
55,2,-0.29209984243587844,0.24032956770280972
55,3,-0.28695803745618526,0.17087868019177677
55,4,-0.221540967329305,0.1688824465582523
56,0,0.02025529953373373,-0.3690869717537425
56,1,-0.007273571639150385,-0.3155488377150481
56,2,0.05009829627270998,-0.2765713996465502
56,3,0.09622716615611006,-0.32257792105055405
56,4,0.053858880659527826,-0.377313768434297
57,0,0.2362053323248454,0.28738340517862027
57,1,0.22034360166624162,0.23061535809696676
57,2,0.15113467143388937,0.24020799035307477
57,3,0.14873515051863673,0.3049628400032219
57,4,0.21665033076555448,0.31700749288213204
58,0,-0.37662852600496965,-0.08854056269545482
58,1,-0.370622287162884,-0.052248228772732164
58,2,-0.3215888116007752,-0.022163763276215137
58,3,-0.2761516094794038,-0.07598851771595666
58,4,-0.31841377825835493,-0.12486110835062601
59,0,0.3400908660109082,-0.1902604645462531
59,1,0.31031383493119946,-0.21340372462657403
59,2,0.2551190025653219,-0.2023189538317386
59,3,0.25722211675469125,-0.13141179728200747
59,4,0.32130038960840174,-0.12439719822212134
60,0,-0.15349094325754034,0.311430122407975
60,1,-0.10203350850515099,0.272896559432757
60,2,-0.05264001089232131,0.3247380339356633
60,3,-0.08485744438398246,0.3692771242175856
60,4,-0.123541122977733,0.37248978123459103
61,0,-0.1099910221330031,-0.2725906216699778
61,1,-0.18189440678528135,-0.2780591582978438
61,2,-0.18831862169402674,-0.33161164281151884
61,3,-0.16151966112946226,-0.3608645689444554
61,4,-0.09850798961393469,-0.33558059962296205
62,0,0.30166888413473986,0.18183138725182724
62,1,0.2671809701577119,0.12798755468848777
62,2,0.3249517604293868,0.08354997657019736
62,3,0.3650119594368631,0.11752559432553811
62,4,0.36525929833083487,0.1582369302077602
63,0,-0.34782103568124645,0.07060537909808955
63,1,-0.28571985756554075,0.08677454548940035
63,2,-0.29920541070740453,0.15874901223434237
63,3,-0.3505065419811566,0.161043406757501
63,4,-0.37908473865021924,0.13063384035595135
64,0,0.15360770498780157,-0.2589072855475994
64,1,0.20972966377588537,-0.28929543316943185
64,2,0.19273576673261114,-0.35458437099654544
64,3,0.1503252213183639,-0.35773093771376363
64,4,0.11491106935796477,-0.3219678688400032
65,0,0.04152043176649458,0.35745049022645975
65,1,0.09780013033554771,0.39436991380809383
65,2,0.1319332387366385,0.3672487293982565
65,3,0.13355016402541825,0.3181289884171808
65,4,0.06194970023623142,0.29685049669261193
66,0,-0.3160365445300368,-0.14611508774989748
66,1,-0.24801469055389944,-0.1785015187238354
66,2,-0.274304637264927,-0.2367248733936836
66,3,-0.3407163490408534,-0.2263613470951434
66,4,-0.34746290534744656,-0.18257596388414216
67,0,0.30667254658853765,-0.03555787271049124
67,1,0.36451547224339675,-0.011159631623207017
67,2,0.40683579101914846,-0.06339045948351812
67,3,0.3815270378208854,-0.10089612019253776
67,4,0.3347393412604586,-0.10615458731367486
67,5,0.3061420479369012,-0.03697658677939029
68,0,-0.20499269364128953,0.23559880771538022
68,1,-0.26265061451009897,0.25656826281682765
68,2,-0.25912759783613826,0.32353713741668344
68,3,-0.21417829794812795,0.3341774074072331
68,4,-0.17709911210721133,0.30688505475151834
68,5,-0.20193345250021746,0.23713399911500307
69,0,-0.07684590592267349,-0.34898917377694477
69,1,-0.0683388206633167,-0.3931828784662209
69,2,-0.027329072201990053,-0.4163197953603342
69,3,0.02025529953373373,-0.3690869717537425
69,4,-0.007273571639150385,-0.3155488377150481
69,5,-0.012599182306069504,-0.3140268955645924
70,0,0.29465506058912355,0.20749152776065233
70,1,0.22398043746132607,0.2246074749640419
70,2,0.22034360166624162,0.23061535809696676
70,3,0.2362053323248454,0.28738340517862027
70,4,0.3031672102439922,0.2904155713556752
70,5,0.31785657387559935,0.24471841819897205
71,0,-0.36048766962275414,0.046021801492580776
71,1,-0.3197885707521544,-0.013385474958339843
71,2,-0.3215888116007752,-0.022163763276215137
71,3,-0.370622287162884,-0.052248228772732164
71,4,-0.4224538208915564,-0.009631673699957342
71,5,-0.4018775336177805,0.03463310432306247
72,0,0.3199959344541932,-0.27977521923166315
72,1,0.2740953165040658,-0.2986646647531714
72,2,0.23690968772142634,-0.2794797573613942
72,3,0.24643241586260187,-0.2085525403623851
72,4,0.2551190025653219,-0.2023189538317386
72,5,0.31031383493119946,-0.21340372462657403
73,0,0.013782157448078973,0.3691508593007678
73,1,-0.04029449146463954,0.3231983122732436
73,2,-0.05264001089232131,0.3247380339356633
73,3,-0.08485744438398246,0.3692771242175856
73,4,-0.04763875424684843,0.4251267763758464
73,5,-0.00018029370003095485,0.4075489237566013
74,0,-0.2613124178427535,-0.26537469512072925
74,1,-0.2767440817890827,-0.302003622214844
74,2,-0.2535667237789218,-0.34789710996154777
74,3,-0.18831862169402674,-0.33161164281151884
74,4,-0.18189440678528135,-0.2780591582978438
74,5,-0.1909728140246852,-0.26731435466477366
75,0,0.32423283262415026,0.06807863720133558
75,1,0.3249517604293868,0.08354997657019736
75,2,0.3650119594368631,0.11752559432553811
75,3,0.42441237297386847,0.08594418334672041
75,4,0.4102514686683935,0.035655806650143895
75,5,0.3747506173746028,0.019546743646578716
76,0,-0.29209984243587844,0.24032956770280972
76,1,-0.32801544461402266,0.25218528415807867
76,2,-0.37331418397364335,0.2245116618605971
76,3,-0.3505065419811566,0.161043406757501
76,4,-0.29920541070740453,0.15874901223434237
76,5,-0.28695803745618526,0.17087868019177677
77,0,0.053858880659527826,-0.377313768434297
77,1,0.09622716615611006,-0.32257792105055405
77,2,0.11491106935796477,-0.3219678688400032
77,3,0.1503252213183639,-0.35773093771376363
77,4,0.12460616373137677,-0.42014279212417666
77,5,0.07184119176192588,-0.40958478711606505
78,0,0.13355016402541825,0.3181289884171808
78,1,0.14873515051863673,0.3049628400032219
78,2,0.21665033076555448,0.31700749288213204
78,3,0.22513263417366416,0.35206014407367237
78,4,0.19282277619202232,0.39633453255136686
78,5,0.1319332387366385,0.3672487293982565
79,0,-0.37662852600496965,-0.08854056269545482
79,1,-0.31841377825835493,-0.12486110835062601
79,2,-0.3160365445300368,-0.14611508774989748
79,3,-0.34746290534744656,-0.18257596388414216
79,4,-0.4122670491176707,-0.16303578394621393
79,5,-0.405813758830177,-0.10791391552495175
80,0,0.3815270378208854,-0.10089612019253776
80,1,0.4165486584466237,-0.1590047311358437
80,2,0.3737829319857927,-0.19563904035862317
80,3,0.3400908660109082,-0.1902604645462531
80,4,0.32130038960840174,-0.12439719822212134
80,5,0.3347393412604586,-0.10615458731367486
81,0,-0.15349094325754034,0.311430122407975
81,1,-0.123541122977733,0.37248978123459103
81,2,-0.14417209393405994,0.39867849434575003
81,3,-0.20110174591946323,0.40084853112666813
81,4,-0.21417829794812795,0.3341774074072331
81,5,-0.17709911210721133,0.30688505475151834
82,0,-0.07684590592267349,-0.34898917377694477
82,1,-0.0683388206633167,-0.3931828784662209
82,2,-0.12302359757380596,-0.43397353695321694
82,3,-0.1640156694685916,-0.39304934912790357
82,4,-0.16151966112946226,-0.3608645689444554
82,5,-0.09850798961393469,-0.33558059962296205
83,0,0.29465506058912355,0.20749152776065233
83,1,0.31785657387559935,0.24471841819897205
83,2,0.3858456555574744,0.23827492586755242
83,3,0.3883785524630275,0.17969038103772228
83,4,0.36525929833083487,0.1582369302077602
83,5,0.30166888413473986,0.18183138725182724
84,0,-0.36048766962275414,0.046021801492580776
84,1,-0.4018775336177805,0.03463310432306247
84,2,-0.44804129827388794,0.08524246491830051
84,3,-0.4094227744505566,0.13057702003119154
84,4,-0.37908473865021924,0.13063384035595135
84,5,-0.34782103568124645,0.07060537909808955
85,0,0.2743606933129501,-0.3674110490954743
85,1,0.2740953165040658,-0.2986646647531714
85,2,0.23690968772142634,-0.2794797573613942
85,3,0.20972966377588537,-0.28929543316943185
85,4,0.19273576673261114,-0.35458437099654544
85,5,0.21464446730659975,-0.37466211220864615
86,0,0.04152043176649458,0.35745049022645975
86,1,0.013782157448078973,0.3691508593007678
86,2,-0.00018029370003095485,0.4075489237566013
86,3,0.045885919560749305,0.45876774485186816
86,4,0.09536894021046867,0.4231636855618504
86,5,0.09780013033554771,0.39436991380809383
87,0,-0.3407163490408534,-0.2263613470951434
87,1,-0.3579346374876472,-0.24851687406866382
87,2,-0.34554799675944675,-0.30897000592860624
87,3,-0.2767440817890827,-0.302003622214844
87,4,-0.2613124178427535,-0.26537469512072925
87,5,-0.274304637264927,-0.2367248733936836
88,0,0.40683579101914846,-0.06339045948351812
88,1,0.433582589238765,-0.05891584945673822
88,2,0.4659235489237284,-0.00539233519015106
88,3,0.4102514686683935,0.035655806650143895
88,4,0.3747506173746028,0.019546743646578716
88,5,0.36451547224339675,-0.011159631623207017
89,0,-0.29209984243587844,0.24032956770280972
89,1,-0.32801544461402266,0.25218528415807867
89,2,-0.34180964700800964,0.3204157837269006
89,3,-0.2811029635929023,0.33791452558615864
89,4,-0.25912759783613826,0.32353713741668344
89,5,-0.26265061451009897,0.25656826281682765
90,0,-0.027329072201990053,-0.4163197953603342
90,1,0.02025529953373373,-0.3690869717537425
90,2,0.053858880659527826,-0.377313768434297
90,3,0.07184119176192588,-0.40958478711606505
90,4,0.03595748458914931,-0.46967937278414723
90,5,-0.021129008945544286,-0.44089842966766957
91,0,0.2920291117459678,0.3725960583537571
91,1,0.22513263417366416,0.35206014407367237
91,2,0.21665033076555448,0.31700749288213204
91,3,0.2362053323248454,0.28738340517862027
91,4,0.3031672102439922,0.2904155713556752
91,5,0.3148920582957502,0.31198186807046613
92,0,-0.37662852600496965,-0.08854056269545482
92,1,-0.370622287162884,-0.052248228772732164
92,2,-0.4224538208915564,-0.009631673699957342
92,3,-0.4448985717892977,-0.017301822467652696
92,4,-0.4693362394100884,-0.07799187153740703
92,5,-0.405813758830177,-0.10791391552495175
93,0,0.3400908660109082,-0.1902604645462531
93,1,0.31031383493119946,-0.21340372462657403
93,2,0.3199959344541932,-0.27977521923166315
93,3,0.3410566263455046,-0.28908343795855085
93,4,0.4008673991770368,-0.26079232372791367
93,5,0.3737829319857927,-0.19563904035862317
94,0,-0.14417209393405994,0.39867849434575003
94,1,-0.12016408980516735,0.46536493811504365
94,2,-0.05638877207728094,0.44517704158242977
94,3,-0.04763875424684843,0.4251267763758464
94,4,-0.08485744438398246,0.3692771242175856
94,5,-0.123541122977733,0.37248978123459103
95,0,-0.1640156694685916,-0.39304934912790357
95,1,-0.22687173155725882,-0.4265412300235984
95,2,-0.260480069681889,-0.3678377232703346
95,3,-0.2535667237789218,-0.34789710996154777
95,4,-0.18831862169402674,-0.33161164281151884
95,5,-0.16151966112946226,-0.3608645689444554
96,0,0.42441237297386847,0.08594418334672041
96,1,0.3650119594368631,0.11752559432553811
96,2,0.36525929833083487,0.1582369302077602
96,3,0.3883785524630275,0.17969038103772228
96,4,0.4575180320491097,0.1621465707001968
96,5,0.44236309971948207,0.09562832638576044
97,0,-0.37908473865021924,0.13063384035595135
97,1,-0.3505065419811566,0.161043406757501
97,2,-0.37331418397364335,0.2245116618605971
97,3,-0.3922853710594777,0.22937887824947797
97,4,-0.44907481466960897,0.1901917514153575
97,5,-0.4094227744505566,0.13057702003119154
98,0,0.21464446730659975,-0.37466211220864615
98,1,0.19273576673261114,-0.35458437099654544
98,2,0.1503252213183639,-0.35773093771376363
98,3,0.12460616373137677,-0.42014279212417666
98,4,0.1347133213244944,-0.4357029001840815
98,5,0.20373639523902454,-0.4458122760068462
99,0,0.09780013033554771,0.39436991380809383
99,1,0.09536894021046867,0.4231636855618504
99,2,0.15147498270263307,0.4687539702608555
99,3,0.19582076068169407,0.4139216743055046
99,4,0.19282277619202232,0.39633453255136686
99,5,0.1319332387366385,0.3672487293982565
100,0,-0.4122670491176707,-0.16303578394621393
100,1,-0.4257729604057214,-0.1734847325058796
100,2,-0.43036699652009636,-0.2445349665145715
100,3,-0.3579346374876472,-0.24851687406866382
100,4,-0.3407163490408534,-0.2263613470951434
100,5,-0.34746290534744656,-0.18257596388414216
101,0,0.3815270378208854,-0.10089612019253776
101,1,0.4165486584466237,-0.1590047311358437
101,2,0.4326991235782392,-0.16038528071507396
101,3,0.4844818743808879,-0.11102735360220739
101,4,0.484476548658912,-0.11051010148266699
101,5,0.433582589238765,-0.05891584945673822
101,6,0.40683579101914846,-0.06339045948351812
102,0,-0.21148276124102244,0.4121744644302523
102,1,-0.20110174591946323,0.40084853112666813
102,2,-0.21417829794812795,0.3341774074072331
102,3,-0.25912759783613826,0.32353713741668344
102,4,-0.2811029635929023,0.33791452558615864
102,5,-0.283920922676734,0.41018147361759766
102,6,-0.28318015752585746,0.4110090230794579
103,0,-0.027329072201990053,-0.4163197953603342
103,1,-0.0683388206633167,-0.3931828784662209
103,2,-0.12302359757380596,-0.43397353695321694
103,3,-0.12307022366568701,-0.44844877254599
103,4,-0.06947493092029747,-0.4963897975699417
103,5,-0.06752523697619714,-0.496192146305313
103,6,-0.021129008945544286,-0.44089842966766957
104,0,0.31785657387559935,0.24471841819897205
104,1,0.3031672102439922,0.2904155713556752
104,2,0.3148920582957502,0.31198186807046613
104,3,0.38601200655163925,0.32174100038826375
104,4,0.3883338489223025,0.32001356568766115
104,5,0.39516190582425637,0.24836135199668713
104,6,0.3858456555574744,0.23827492586755242
105,0,-0.4018775336177805,0.03463310432306247
105,1,-0.4224538208915564,-0.009631673699957342
105,2,-0.4448985717892977,-0.017301822467652696
105,3,-0.5038276188386909,0.02317588691425978
105,4,-0.5045296916939187,0.026783337644559625
105,5,-0.46080402806106674,0.084223223532984
105,6,-0.44804129827388794,0.08524246491830051
106,0,0.2839092836157823,-0.3748703594258975
106,1,0.3551722692629764,-0.36205138792731495
106,2,0.3573325506103861,-0.3585042280145431
106,3,0.3410566263455046,-0.28908343795855085
106,4,0.3199959344541932,-0.27977521923166315
106,5,0.2740953165040658,-0.2986646647531714
106,6,0.2743606933129501,-0.3674110490954743
107,0,0.045885919560749305,0.45876774485186816
107,1,-0.00018029370003095485,0.4075489237566013
107,2,-0.04763875424684843,0.4251267763758464
107,3,-0.05638877207728094,0.44517704158242977
107,4,-0.021794155502351815,0.5076283451177781
107,5,-0.017001820337794557,0.5090197986971488
107,6,0.044052700224847946,0.4698652463706532
108,0,-0.260480069681889,-0.3678377232703346
108,1,-0.2535667237789218,-0.34789710996154777
108,2,-0.2767440817890827,-0.302003622214844
108,3,-0.34554799675944675,-0.30897000592860624
108,4,-0.35127091310613134,-0.31771138614378225
108,5,-0.3328644468025877,-0.38813687131257274
108,6,-0.3277542279124281,-0.39063802737099884
109,0,0.4659235489237284,-0.00539233519015106
109,1,0.4102514686683935,0.035655806650143895
109,2,0.42441237297386847,0.08594418334672041
109,3,0.44236309971948207,0.09562832638576044
109,4,0.5073198769058255,0.06728131806471019
109,5,0.5096260172302487,0.0613965291128029
109,6,0.47534914367491465,-0.003027023400834092
110,0,-0.42123268514226786,0.2936849949687307
110,1,-0.3922853710594777,0.22937887824947797
110,2,-0.37331418397364335,0.2245116618605971
110,3,-0.32801544461402266,0.25218528415807867
110,4,-0.34180964700800964,0.3204157837269006
110,5,-0.34955272263266896,0.32460845595099375
110,6,-0.4186692554731824,0.3003786563099079
111,0,0.03595748458914931,-0.46967937278414723
111,1,0.038514564240336516,-0.4771419274148202
111,2,0.10591597366611818,-0.5062979162107419
111,3,0.11287513532401156,-0.5028025598555651
111,4,0.1347133213244944,-0.4357029001840815
111,5,0.12460616373137677,-0.42014279212417666
111,6,0.07184119176192588,-0.40958478711606505
112,0,0.29494420712744024,0.3792321775019156
112,1,0.2920291117459678,0.3725960583537571
112,2,0.22513263417366416,0.35206014407367237
112,3,0.19282277619202232,0.39633453255136686
112,4,0.19582076068169407,0.4139216743055046
112,5,0.25701374066114807,0.44872094669716833
112,6,0.2651963980044573,0.44641728908219064
113,0,-0.405813758830177,-0.10791391552495175
113,1,-0.4693362394100884,-0.07799187153740703
113,2,-0.47528313724063953,-0.08060576540983654
113,3,-0.4991283129454631,-0.1503062990275938
113,4,-0.4942896630553006,-0.1581133681391252
113,5,-0.4257729604057214,-0.1734847325058796
113,6,-0.4122670491176707,-0.16303578394621393
114,0,0.3737829319857927,-0.19563904035862317
114,1,0.4008673991770368,-0.26079232372791367
114,2,0.40616208715492086,-0.2626028817976539
114,3,0.4711886389255766,-0.22732375750735498
114,4,0.4729907188550202,-0.21766380318539125
114,5,0.4326991235782392,-0.16038528071507396
114,6,0.4165486584466237,-0.1590047311358437
115,0,-0.20275802312894195,0.481572483039245
115,1,-0.1943728499782788,0.4879156605064104
115,2,-0.12249372469113344,0.4696675787261992
115,3,-0.12016408980516735,0.46536493811504365
115,4,-0.14417209393405994,0.39867849434575003
115,5,-0.20110174591946323,0.40084853112666813
115,6,-0.21148276124102244,0.4121744644302523
116,0,-0.17608311881610147,-0.49382537160805545
116,1,-0.12307022366568701,-0.44844877254599
116,2,-0.12302359757380596,-0.43397353695321694
116,3,-0.1640156694685916,-0.39304934912790357
116,4,-0.22687173155725882,-0.4265412300235984
116,5,-0.2278545057324846,-0.4304473255045685
116,6,-0.18717139102697244,-0.4928134346933732
117,0,0.3883785524630275,0.17969038103772228
117,1,0.4575180320491097,0.1621465707001968
117,2,0.4604011683086963,0.16403721416830822
117,3,0.4727495274886371,0.23755707690960964
117,4,0.4648500381028021,0.24622240236579496
117,5,0.39516190582425637,0.24836135199668713
117,6,0.3858456555574744,0.23827492586755242
118,0,-0.4094227744505566,0.13057702003119154
118,1,-0.44907481466960897,0.1901917514153575
118,2,-0.4518296629437619,0.19063926135406226
118,3,-0.5107659794489219,0.14493023057039728
118,4,-0.5107870628997814,0.13268418701957707
118,5,-0.46080402806106674,0.084223223532984
118,6,-0.44804129827388794,0.08524246491830051
119,0,0.2839092836157823,-0.3748703594258975
119,1,0.2883384387767048,-0.4440917950759474
119,2,0.2796171569733469,-0.45364678885412174
119,3,0.20489676491497408,-0.4472929420030765
119,4,0.20373639523902454,-0.4458122760068462
119,5,0.21464446730659975,-0.37466211220864615
119,6,0.2743606933129501,-0.3674110490954743
120,0,0.15147498270263307,0.4687539702608555
120,1,0.09536894021046867,0.4231636855618504
120,2,0.045885919560749305,0.45876774485186816
120,3,0.044052700224847946,0.4698652463706532
120,4,0.0874761702353522,0.5240781891442109
120,5,0.10085711129297083,0.5252646019261472
120,6,0.15154489703394602,0.4696404436999744
121,0,-0.43036699652009636,-0.2445349665145715
121,1,-0.3579346374876472,-0.24851687406866382
121,2,-0.34554799675944675,-0.30897000592860624
121,3,-0.35127091310613134,-0.31771138614378225
121,4,-0.4196895785935242,-0.32866800530217616
121,5,-0.43091953791288196,-0.3201530358735394
121,6,-0.4304842610918434,-0.24464367616342
122,0,0.5357776731602891,-0.05550257191338179
122,1,0.484476548658912,-0.11051010148266699
122,2,0.433582589238765,-0.05891584945673822
122,3,0.4659235489237284,-0.00539233519015106
122,4,0.47534914367491465,-0.003027023400834092
122,5,0.5331184883320913,-0.04092321749560915
123,0,-0.34180964700800964,0.3204157837269006
123,1,-0.2811029635929023,0.33791452558615864
123,2,-0.283920922676734,0.41018147361759766
123,3,-0.3587229309713753,0.40447902446814343
123,4,-0.36682390404213355,0.39148403676634164
123,5,-0.34955272263266896,0.32460845595099375
124,0,-0.021129008945544286,-0.44089842966766957
124,1,-0.06752523697619714,-0.496192146305313
124,2,-0.008903455737612191,-0.5424473430811511
124,3,0.0063705500257175834,-0.5381685006834411
124,4,0.038514564240336516,-0.4771419274148202
124,5,0.03595748458914931,-0.46967937278414723
125,0,0.29494420712744024,0.3792321775019156
125,1,0.2920291117459678,0.3725960583537571
125,2,0.3148920582957502,0.31198186807046613
125,3,0.38601200655163925,0.32174100038826375
125,4,0.37445630962305543,0.3950577304981201
125,5,0.35977840135991834,0.40247299356975663
126,0,-0.4448985717892977,-0.017301822467652696
126,1,-0.4693362394100884,-0.07799187153740703
126,2,-0.47528313724063953,-0.08060576540983654
126,3,-0.5389061623334501,-0.054216970003466265
126,4,-0.5449442584293137,-0.03827229076547989
126,5,-0.5038276188386909,0.02317588691425978
127,0,0.3410566263455046,-0.28908343795855085
127,1,0.3573325506103861,-0.3585042280145431
127,2,0.42909553303288356,-0.34114598744959507
127,3,0.435537165385696,-0.3248213435704395
127,4,0.40616208715492086,-0.2626028817976539
127,5,0.4008673991770368,-0.26079232372791367
128,0,-0.12016408980516735,0.46536493811504365
128,1,-0.05638877207728094,0.44517704158242977
128,2,-0.021794155502351815,0.5076283451177781
128,3,-0.08600594398867417,0.5432449660494842
128,4,-0.10216338308563994,0.5353636564177222
128,5,-0.12249372469113344,0.4696675787261992
129,0,-0.2278545057324846,-0.4304473255045685
129,1,-0.28689043954743376,-0.4653668515275599
129,2,-0.3047327938256471,-0.46013755184976085
129,3,-0.3277542279124281,-0.39063802737099884
129,4,-0.260480069681889,-0.3678377232703346
129,5,-0.22687173155725882,-0.4265412300235984
130,0,0.5374138526909625,0.13360252369311618
130,1,0.5073198769058255,0.06728131806471019
130,2,0.44236309971948207,0.09562832638576044
130,3,0.4575180320491097,0.1621465707001968
130,4,0.4604011683086963,0.16403721416830822
130,5,0.5274126252371863,0.1500871543438701
131,0,-0.4919504727561178,0.24618530275987244
131,1,-0.4880865421910897,0.26557118223731324
131,2,-0.42123268514226786,0.2936849949687307
131,3,-0.3922853710594777,0.22937887824947797
131,4,-0.44907481466960897,0.1901917514153575
131,5,-0.4518296629437619,0.19063926135406226
132,0,0.20373639523902454,-0.4458122760068462
132,1,0.1347133213244944,-0.4357029001840815
132,2,0.11287513532401156,-0.5028025598555651
132,3,0.1809151396671139,-0.5272526168497161
132,4,0.19722286695502908,-0.5152250966376561
132,5,0.20489676491497408,-0.4472929420030765
133,0,0.15147498270263307,0.4687539702608555
133,1,0.19582076068169407,0.4139216743055046
133,2,0.25701374066114807,0.44872094669716833
133,3,0.2236088818705934,0.512689754233278
133,4,0.20301366795592166,0.5148298968822018
133,5,0.15154489703394602,0.4696404436999744
134,0,-0.5130142563232976,-0.22742423074245713
134,1,-0.4942896630553006,-0.1581133681391252
134,2,-0.4257729604057214,-0.1734847325058796
134,3,-0.43036699652009636,-0.2445349665145715
134,4,-0.4304842610918434,-0.24464367616342
134,5,-0.4987854697084697,-0.24339276891474276
135,0,0.4844818743808879,-0.11102735360220739
135,1,0.4326991235782392,-0.16038528071507396
135,2,0.4729907188550202,-0.21766380318539125
135,3,0.5335862850038875,-0.17956244692579817
135,4,0.5338764193915636,-0.15781522742789172
136,0,-0.20275802312894195,0.481572483039245
136,1,-0.27294904174537127,0.49449661186970556
136,2,-0.28814107315835114,0.47831899321855265
136,3,-0.28318015752585746,0.4110090230794579
136,4,-0.21148276124102244,0.4121744644302523
137,0,-0.1334177226880961,-0.5507352020199527
137,1,-0.11061340565315947,-0.5489750248520868
137,2,-0.06947493092029747,-0.4963897975699417
137,3,-0.12307022366568701,-0.44844877254599
137,4,-0.17608311881610147,-0.49382537160805545
138,0,0.39516190582425637,0.24836135199668713
138,1,0.3883338489223025,0.32001356568766115
138,2,0.4536734398360578,0.3310951541979004
138,3,0.4719981244116578,0.3168106881268472
138,4,0.4648500381028021,0.24622240236579496
139,0,-0.5045296916939187,0.026783337644559625
139,1,-0.5597848080298353,0.062271118236356705
139,2,-0.5637819754486834,0.08572801019344246
139,3,-0.5107870628997814,0.13268418701957707
139,4,-0.46080402806106674,0.084223223532984
140,0,0.2839092836157823,-0.3748703594258975
140,1,0.3551722692629764,-0.36205138792731495
140,2,0.37205071231446885,-0.425092558510959
140,3,0.35890379929589994,-0.44551255533948636
140,4,0.2883384387767048,-0.4440917950759474
141,0,0.0874761702353522,0.5240781891442109
141,1,0.03670303718854214,0.5727540801891117
141,2,0.012739567930894934,0.5663614782578517
141,3,-0.017001820337794557,0.5090197986971488
141,4,0.044052700224847946,0.4698652463706532
142,0,-0.3928775699194193,-0.41034088686580233
142,1,-0.3328644468025877,-0.38813687131257274
142,2,-0.35127091310613134,-0.31771138614378225
142,3,-0.4196895785935242,-0.32866800530217616
142,4,-0.4152178686353101,-0.3987108047071443
143,0,0.5331184883320913,-0.04092321749560915
143,1,0.5773813986766839,0.013254252479766245
143,2,0.5685482124165723,0.03747162739600335
143,3,0.5096260172302487,0.0613965291128029
143,4,0.47534914367491465,-0.003027023400834092
144,0,-0.4186692554731824,0.3003786563099079
144,1,-0.34955272263266896,0.32460845595099375
144,2,-0.36682390404213355,0.39148403676634164
144,3,-0.4359282207333521,0.3814812565140166
144,4,-0.44585291323942006,0.3572327542401402
145,0,0.10591597366611818,-0.5062979162107419
145,1,0.08787138802287503,-0.5661868743787
145,2,0.06376989386838754,-0.5775504448494745
145,3,0.0063705500257175834,-0.5381685006834411
145,4,0.038514564240336516,-0.4771419274148202
146,0,0.29494420712744024,0.3792321775019156
146,1,0.2651963980044573,0.44641728908219064
146,2,0.31829747655040563,0.47829475200836225
146,3,0.34433202161090837,0.47030719153681483
146,4,0.35977840135991834,0.40247299356975663
147,0,-0.5389061623334501,-0.054216970003466265
147,1,-0.47528313724063953,-0.08060576540983654
147,2,-0.4991283129454631,-0.1503062990275938
147,3,-0.5593263767280695,-0.1381198712139546
147,4,-0.5733969639245752,-0.11430012416189464
148,0,0.4711886389255766,-0.22732375750735498
148,1,0.5072096213548605,-0.27660944075029825
148,2,0.5014677270181541,-0.30390185271071435
148,3,0.435537165385696,-0.3248213435704395
148,4,0.40616208715492086,-0.2626028817976539
149,0,-0.1943728499782788,0.4879156605064104
149,1,-0.12249372469113344,0.4696675787261992
149,2,-0.10216338308563994,0.5353636564177222
149,3,-0.1647865165850847,0.5646923252888184
149,4,-0.18795076588322954,0.5479957410964593
150,0,-0.18717139102697244,-0.4928134346933732
150,1,-0.2278545057324846,-0.4304473255045685
150,2,-0.28689043954743376,-0.4653668515275599
150,3,-0.2608314068246746,-0.5291772940975242
150,4,-0.2320154372289201,-0.5325309553940639
151,0,0.551543153161531,0.21444265332267992
151,1,0.5321579351577521,0.23678002668819326
151,2,0.4727495274886371,0.23755707690960964
151,3,0.4604011683086963,0.16403721416830822
151,4,0.5274126252371863,0.1500871543438701
152,0,-0.5538657225321522,0.18533448522717297
152,1,-0.5107659794489219,0.14493023057039728
152,2,-0.4518296629437619,0.19063926135406226
152,3,-0.4919504727561178,0.24618530275987244
152,4,-0.5530967416531887,0.2151840089191665
153,0,0.20489676491497408,-0.4472929420030765
153,1,0.19722286695502908,-0.5152250966376561
153,2,0.26308780179427504,-0.5339050685787183
153,3,0.28421613152020053,-0.5119541693981357
153,4,0.2796171569733469,-0.45364678885412174
154,0,0.15154489703394602,0.4696404436999744
154,1,0.20301366795592166,0.5148298968822018
154,2,0.16714510109382605,0.5730342542294482
154,3,0.13662619898519046,0.571070076506406
154,4,0.10085711129297083,0.5252646019261472
155,0,-0.5119167000137126,-0.3104382462671457
155,1,-0.48756406541732517,-0.32990724792592563
155,2,-0.43091953791288196,-0.3201530358735394
155,3,-0.4304842610918434,-0.24464367616342
155,4,-0.4987854697084697,-0.24339276891474276
156,0,0.5357776731602891,-0.05550257191338179
156,1,0.5838780100336093,-0.08627734203742597
156,2,0.5888034955169812,-0.11743415008547338
156,3,0.5338764193915636,-0.15781522742789172
156,4,0.4844818743808879,-0.11102735360220739
156,5,0.484476548658912,-0.11051010148266699
157,0,-0.28318015752585746,0.4110090230794579
157,1,-0.283920922676734,0.41018147361759766
157,2,-0.3587229309713753,0.40447902446814343
157,3,-0.3734300888506892,0.4590799841481933
157,4,-0.35573840985039606,0.4858857473441877
157,5,-0.28814107315835114,0.47831899321855265
158,0,-0.03469905262383167,-0.5923289152024478
158,1,-0.008903455737612191,-0.5424473430811511
158,2,-0.06752523697619714,-0.496192146305313
158,3,-0.06947493092029747,-0.4963897975699417
158,4,-0.11061340565315947,-0.5489750248520868
158,5,-0.06621002465642878,-0.6002724512111809
159,0,0.37445630962305543,0.3950577304981201
159,1,0.4267227851220993,0.41445242822676126
159,2,0.4556844171593357,0.39890630180915304
159,3,0.4536734398360578,0.3310951541979004
159,4,0.3883338489223025,0.32001356568766115
159,5,0.38601200655163925,0.32174100038826375
160,0,-0.5045296916939187,0.026783337644559625
160,1,-0.5597848080298353,0.062271118236356705
160,2,-0.6071578713239139,0.013861843518655978
160,3,-0.5961568652478725,-0.017495259289195132
160,4,-0.5449442584293137,-0.03827229076547989
160,5,-0.5038276188386909,0.02317588691425978
161,0,0.3551722692629764,-0.36205138792731495
161,1,0.3573325506103861,-0.3585042280145431
161,2,0.42909553303288356,-0.34114598744959507
161,3,0.45271177810425034,-0.3905570143416088
161,4,0.4395185738725969,-0.4215623626385668
161,5,0.37205071231446885,-0.425092558510959
162,0,0.012739567930894934,0.5663614782578517
162,1,-0.03931809419677638,0.6095016305917826
162,2,-0.07027984270621128,0.5953050729564584
162,3,-0.08600594398867417,0.5432449660494842
162,4,-0.021794155502351815,0.5076283451177781
162,5,-0.017001820337794557,0.5090197986971488
163,0,-0.3047327938256471,-0.46013755184976085
163,1,-0.35105516081740995,-0.48776503332338905
163,2,-0.38391628803271466,-0.47720809638953915
163,3,-0.3928775699194193,-0.41034088686580233
163,4,-0.3328644468025877,-0.38813687131257274
163,5,-0.3277542279124281,-0.39063802737099884
164,0,0.5374138526909625,0.13360252369311618
164,1,0.5073198769058255,0.06728131806471019
164,2,0.5096260172302487,0.0613965291128029
164,3,0.5685482124165723,0.03747162739600335
164,4,0.6071414189302514,0.09264640189093594
164,5,0.5897651074271828,0.1229394985906899
165,0,-0.42123268514226786,0.2936849949687307
165,1,-0.4880865421910897,0.26557118223731324
165,2,-0.519325367047434,0.3083610693736729
165,3,-0.511656391039957,0.34284888075128017
165,4,-0.44585291323942006,0.3572327542401402
165,5,-0.4186692554731824,0.3003786563099079
166,0,0.17514703488286004,-0.579603822056927
166,1,0.14588699024166407,-0.6000521734704795
166,2,0.08787138802287503,-0.5661868743787
166,3,0.10591597366611818,-0.5062979162107419
166,4,0.11287513532401156,-0.5028025598555651
166,5,0.1809151396671139,-0.5272526168497161
167,0,0.31829747655040563,0.47829475200836225
167,1,0.2986289877266926,0.542494696440359
167,2,0.2627706686612834,0.5471404334956077
167,3,0.2236088818705934,0.512689754233278
167,4,0.25701374066114807,0.44872094669716833
167,5,0.2651963980044573,0.44641728908219064
168,0,-0.5130142563232976,-0.22742423074245713
168,1,-0.4942896630553006,-0.1581133681391252
168,2,-0.4991283129454631,-0.1503062990275938
168,3,-0.5593263767280695,-0.1381198712139546
168,4,-0.5883228353316774,-0.19869041082112562
168,5,-0.5646483902669248,-0.22658839886531743
169,0,0.4729907188550202,-0.21766380318539125
169,1,0.5335862850038875,-0.17956244692579817
169,2,0.570835179040758,-0.21479480342322135
169,3,0.5694635563930431,-0.2516222954481235
169,4,0.5072096213548605,-0.27660944075029825
169,5,0.4711886389255766,-0.22732375750735498
170,0,-0.20275802312894195,0.481572483039245
170,1,-0.1943728499782788,0.4879156605064104
170,2,-0.18795076588322954,0.5479957410964593
170,3,-0.2504539572764865,0.5718039156157415
170,4,-0.2766711547794447,0.5452706247257854
170,5,-0.27294904174537127,0.49449661186970556
171,0,-0.20223822557395407,-0.5923495948074615
171,1,-0.2320154372289201,-0.5325309553940639
171,2,-0.18717139102697244,-0.4928134346933732
171,3,-0.17608311881610147,-0.49382537160805545
171,4,-0.1334177226880961,-0.5507352020199527
171,5,-0.1645870594925237,-0.5904264021675847
172,0,0.4727495274886371,0.23755707690960964
172,1,0.5321579351577521,0.23678002668819326
172,2,0.55071593591417,0.3008658128521214
172,3,0.521377132457756,0.32499708152409273
172,4,0.4719981244116578,0.3168106881268472
172,5,0.4648500381028021,0.24622240236579496
173,0,-0.5538657225321522,0.18533448522717297
173,1,-0.6109547999964567,0.15072283537615377
173,2,-0.6054585761036749,0.11273363137191811
173,3,-0.5637819754486834,0.08572801019344246
173,4,-0.5107870628997814,0.13268418701957707
173,5,-0.5107659794489219,0.14493023057039728
174,0,0.2883384387767048,-0.4440917950759474
174,1,0.35890379929589994,-0.44551255533948636
174,2,0.3713749900432154,-0.4931506572069426
174,3,0.3495075825400945,-0.5252823020214028
174,4,0.28421613152020053,-0.5119541693981357
174,5,0.2796171569733469,-0.45364678885412174
175,0,0.0874761702353522,0.5240781891442109
175,1,0.03670303718854214,0.5727540801891117
175,2,0.05927698595216373,0.6159474669463765
175,3,0.09749166541248412,0.6251048253696042
175,4,0.13662619898519046,0.571070076506406
175,5,0.10085711129297083,0.5252646019261472
176,0,-0.4152178686353101,-0.3987108047071443
176,1,-0.4608398340396234,-0.4152244944281496
176,2,-0.4953622573288729,-0.3960321557724207
176,3,-0.48756406541732517,-0.32990724792592563
176,4,-0.43091953791288196,-0.3201530358735394
176,5,-0.4196895785935242,-0.32866800530217616
177,0,0.5357776731602891,-0.05550257191338179
177,1,0.5838780100336093,-0.08627734203742597
177,2,0.6344041345768762,-0.042859157666667695
177,3,0.6217015285595142,-0.005066539019289301
177,4,0.5773813986766839,0.013254252479766245
177,5,0.5331184883320913,-0.04092321749560915
178,0,-0.43992317125750025,0.46145043221842474
178,1,-0.3734300888506892,0.4590799841481933
178,2,-0.3587229309713753,0.40447902446814343
178,3,-0.36682390404213355,0.39148403676634164
178,4,-0.4359282207333521,0.3814812565140166
178,5,-0.45620146579588766,0.4245298482025837
179,0,0.012577084700353493,-0.6390417996807009
179,1,0.04979665803080368,-0.6226409969860297
179,2,0.06376989386838754,-0.5775504448494745
179,3,0.0063705500257175834,-0.5381685006834411
179,4,-0.008903455737612191,-0.5424473430811511
179,5,-0.03469905262383167,-0.5923289152024478
180,0,0.35977840135991834,0.40247299356975663
180,1,0.37445630962305543,0.3950577304981201
180,2,0.4267227851220993,0.41445242822676126
180,3,0.4235091769360597,0.48085416596489905
180,4,0.3846839498257558,0.4939523949613242
180,5,0.34433202161090837,0.47030719153681483
181,0,-0.6186490327761598,-0.1047110370972765
181,1,-0.5733969639245752,-0.11430012416189464
181,2,-0.5389061623334501,-0.054216970003466265
181,3,-0.5449442584293137,-0.03827229076547989
181,4,-0.5961568652478725,-0.017495259289195132
181,5,-0.6387481760647354,-0.0685107487652201
182,0,0.42909553303288356,-0.34114598744959507
182,1,0.45271177810425034,-0.3905570143416088
182,2,0.518564007107229,-0.3819496409081106
182,3,0.5282611026282361,-0.3413034164248124
182,4,0.5014677270181541,-0.30390185271071435
182,5,0.435537165385696,-0.3248213435704395
183,0,-0.12462489827970369,0.6336104521313155
183,1,-0.07027984270621128,0.5953050729564584
183,2,-0.08600594398867417,0.5432449660494842
183,3,-0.10216338308563994,0.5353636564177222
183,4,-0.1647865165850847,0.5646923252888184
183,5,-0.15945028689892585,0.6098644983653031
184,0,-0.28689043954743376,-0.4653668515275599
184,1,-0.2608314068246746,-0.5291772940975242
184,2,-0.29499804777426086,-0.5587019911973169
184,3,-0.3369560741766318,-0.5526747919969145
184,4,-0.35105516081740995,-0.48776503332338905
184,5,-0.3047327938256471,-0.46013755184976085
185,0,0.6233926523136656,0.18024038175795076
185,1,0.5897651074271828,0.1229394985906899
185,2,0.5374138526909625,0.13360252369311618
185,3,0.5274126252371863,0.1500871543438701
185,4,0.551543153161531,0.21444265332267992
185,5,0.5962203252043627,0.21326085837396466
186,0,-0.5530967416531887,0.2151840089191665
186,1,-0.5850709959238831,0.2460006295445043
186,2,-0.5827983654487356,0.28902079839750905
186,3,-0.519325367047434,0.3083610693736729
186,4,-0.4880865421910897,0.26557118223731324
186,5,-0.4919504727561178,0.24618530275987244
187,0,0.2659063484947441,-0.5778530650705935
187,1,0.26308780179427504,-0.5339050685787183
187,2,0.19722286695502908,-0.5152250966376561
187,3,0.1809151396671139,-0.5272526168497161
187,4,0.17514703488286004,-0.579603822056927
187,5,0.23493076485876746,-0.608382287377252
188,0,0.2627706686612834,0.5471404334956077
188,1,0.2236088818705934,0.512689754233278
188,2,0.20301366795592166,0.5148298968822018
188,3,0.16714510109382605,0.5730342542294482
188,4,0.19454352784574408,0.6071641978152422
188,5,0.2382889047338731,0.6088074732234002
189,0,-0.5119167000137126,-0.3104382462671457
189,1,-0.4987854697084697,-0.24339276891474276
189,2,-0.5130142563232976,-0.22742423074245713
189,3,-0.5646483902669248,-0.22658839886531743
189,4,-0.5883692269704469,-0.28852839883163567
189,5,-0.5546206683448524,-0.3170906349640757
190,0,0.5888034955169812,-0.11743415008547338
190,1,0.6245945171948555,-0.1411019171016299
190,2,0.6303295348457312,-0.18528429333589702
190,3,0.570835179040758,-0.21479480342322135
190,4,0.5335862850038875,-0.17956244692579817
190,5,0.5338764193915636,-0.15781522742789172
191,0,-0.27294904174537127,0.49449661186970556
191,1,-0.2766711547794447,0.5452706247257854
191,2,-0.3403681779537675,0.563918197917801
191,3,-0.36610600388295983,0.5270733496972486
191,4,-0.35573840985039606,0.4858857473441877
191,5,-0.28814107315835114,0.47831899321855265
192,0,-0.1645870594925237,-0.5904264021675847
192,1,-0.13034632236543964,-0.6471872215486327
192,2,-0.08613917016433986,-0.6372650668084512
192,3,-0.06621002465642878,-0.6002724512111809
192,4,-0.11061340565315947,-0.5489750248520868
192,5,-0.1334177226880961,-0.5507352020199527
193,0,0.5346178581719563,0.3900223906679083
193,1,0.521377132457756,0.32499708152409273
193,2,0.4719981244116578,0.3168106881268472
193,3,0.4536734398360578,0.3310951541979004
193,4,0.4556844171593357,0.39890630180915304
193,5,0.4950488442035852,0.4126738269118753
194,0,-0.6592533352344034,0.073767333049434
194,1,-0.6054585761036749,0.11273363137191811
194,2,-0.5637819754486834,0.08572801019344246
194,3,-0.5597848080298353,0.062271118236356705
194,4,-0.6071578713239139,0.013861843518655978
194,5,-0.6451747996192595,0.030086873958819507
195,0,0.35890379929589994,-0.44551255533948636
195,1,0.3713749900432154,-0.4931506572069426
195,2,0.4372586180575234,-0.5009503935179366
195,3,0.4565140046749396,-0.45884465893365484
195,4,0.4395185738725969,-0.4215623626385668
195,5,0.37205071231446885,-0.425092558510959
196,0,0.05927698595216373,0.6159474669463765
196,1,0.03670303718854214,0.5727540801891117
196,2,0.012739567930894934,0.5663614782578517
196,3,-0.03931809419677638,0.6095016305917826
196,4,-0.026851646962841536,0.6480996150858872
196,5,0.01608288276302665,0.6663006196644745
197,0,-0.3928775699194193,-0.41034088686580233
197,1,-0.38391628803271466,-0.47720809638953915
197,2,-0.41877746733595334,-0.49713377977514256
197,3,-0.4631566122376677,-0.48157173871822817
197,4,-0.4608398340396234,-0.4152244944281496
197,5,-0.4152178686353101,-0.3987108047071443
198,0,0.6459955614843497,0.08392372715970989
198,1,0.6684169509358673,0.04221825911118796
198,2,0.6217015285595142,-0.005066539019289301
198,3,0.5773813986766839,0.013254252479766245
198,4,0.5685482124165723,0.03747162739600335
198,5,0.6071414189302514,0.09264640189093594
199,0,-0.44585291323942006,0.3572327542401402
199,1,-0.4359282207333521,0.3814812565140166
199,2,-0.45620146579588766,0.4245298482025837
199,3,-0.5224994365778994,0.4213038890705378
199,4,-0.5342108555083002,0.3751944947214177
199,5,-0.511656391039957,0.34284888075128017
200,0,0.04979665803080368,-0.6226409969860297
200,1,0.10079061374162436,-0.6653015769557918
200,2,0.14076197836303836,-0.6388878697946431
200,3,0.14588699024166407,-0.6000521734704795
200,4,0.08787138802287503,-0.5661868743787
200,5,0.06376989386838754,-0.5775504448494745
201,0,0.31829747655040563,0.47829475200836225
201,1,0.2986289877266926,0.542494696440359
201,2,0.328236006698932,0.5674222891078075
201,3,0.37598556093677865,0.5598323791728266
201,4,0.3846839498257558,0.4939523949613242
201,5,0.34433202161090837,0.47030719153681483
202,0,-0.6186490327761598,-0.1047110370972765
202,1,-0.656947332237081,-0.1591419666886752
202,2,-0.6265884217876688,-0.19715609350133736
202,3,-0.5883228353316774,-0.19869041082112562
202,4,-0.5593263767280695,-0.1381198712139546
202,5,-0.5733969639245752,-0.11430012416189464
203,0,0.5694635563930431,-0.2516222954481235
203,1,0.5964859196257255,-0.2783654676438263
203,2,0.5932420766147981,-0.32724350518578954
203,3,0.5282611026282361,-0.3413034164248124
203,4,0.5014677270181541,-0.30390185271071435
203,5,0.5072096213548605,-0.27660944075029825
204,0,-0.2504539572764865,0.5718039156157415
204,1,-0.25237437305356014,0.609495046813473
204,2,-0.21683904224155093,0.6435358884230021
204,3,-0.15945028689892585,0.6098644983653031
204,4,-0.1647865165850847,0.5646923252888184
204,5,-0.18795076588322954,0.5479957410964593
205,0,-0.20223822557395407,-0.5923495948074615
205,1,-0.2259989972318625,-0.6211693581955711
205,2,-0.2755341107685101,-0.622411258693337
205,3,-0.29499804777426086,-0.5587019911973169
205,4,-0.2608314068246746,-0.5291772940975242
205,5,-0.2320154372289201,-0.5325309553940639
206,0,0.5962203252043627,0.21326085837396466
206,1,0.6249792311688764,0.2733539534776236
206,2,0.5873820738771952,0.3060552180547164
206,3,0.55071593591417,0.3008658128521214
206,4,0.5321579351577521,0.23678002668819326
206,5,0.551543153161531,0.21444265332267992
207,0,-0.5538657225321522,0.18533448522717297
207,1,-0.6109547999964567,0.15072283537615377
207,2,-0.6411301819829052,0.1713261912898042
207,3,-0.6469922748872524,0.22129504425877414
207,4,-0.5850709959238831,0.2460006295445043
207,5,-0.5530967416531887,0.2151840089191665
208,0,0.2659063484947441,-0.5778530650705935
208,1,0.32820246867318115,-0.601541694496327
208,2,0.3578158311093081,-0.5605298594725848
208,3,0.3495075825400945,-0.5252823020214028
208,4,0.28421613152020053,-0.5119541693981357
208,5,0.26308780179427504,-0.5339050685787183
209,0,0.1647600634968108,0.6668119073152983
209,1,0.19454352784574408,0.6071641978152422
209,2,0.16714510109382605,0.5730342542294482
209,3,0.13662619898519046,0.571070076506406
209,4,0.09749166541248412,0.6251048253696042
209,5,0.11491671953168708,0.6563994306211334
210,0,-0.5119167000137126,-0.3104382462671457
210,1,-0.48756406541732517,-0.32990724792592563
210,2,-0.4953622573288729,-0.3960321557724207
210,3,-0.5291356139150042,-0.4072869718546297
210,4,-0.5732205001352096,-0.3812006677970271
210,5,-0.5546206683448524,-0.3170906349640757
211,0,0.5838780100336093,-0.08627734203742597
211,1,0.6344041345768762,-0.042859157666667695
211,2,0.6666125394684955,-0.05721874863502968
211,3,0.6816664866310166,-0.10639040075805828
211,4,0.6245945171948555,-0.1411019171016299
211,5,0.5888034955169812,-0.11743415008547338
212,0,-0.35573840985039606,0.4858857473441877
212,1,-0.3734300888506892,0.4590799841481933
212,2,-0.43992317125750025,0.46145043221842474
212,3,-0.45388336435750143,0.49334639407716274
212,4,-0.43168520096173496,0.5401456753323279
212,5,-0.36610600388295983,0.5270733496972486
213,0,0.012577084700353493,-0.6390417996807009
213,1,-0.03469905262383167,-0.5923289152024478
213,2,-0.06621002465642878,-0.6002724512111809
213,3,-0.08613917016433986,-0.6372650668084512
213,4,-0.04677452795421724,-0.6913714196047173
213,5,0.0014426714252683825,-0.6717704544913121
214,0,0.5027626841927931,0.4792113799743363
214,1,0.4950488442035852,0.4126738269118753
214,2,0.4556844171593357,0.39890630180915304
214,3,0.4267227851220993,0.41445242822676126
214,4,0.4235091769360597,0.48085416596489905
214,5,0.4534889504793991,0.4973309738578096
215,0,-0.6451747996192595,0.030086873958819507
215,1,-0.6071578713239139,0.013861843518655978
215,2,-0.5961568652478725,-0.017495259289195132
215,3,-0.6387481760647354,-0.0685107487652201
215,4,-0.6716456718482372,-0.06055898778502042
215,5,-0.6958943214599803,-0.013737474585493709
216,0,0.5235317817296009,-0.4609941107115048
216,1,0.4565140046749396,-0.45884465893365484
216,2,0.4395185738725969,-0.4215623626385668
216,3,0.45271177810425034,-0.3905570143416088
216,4,0.518564007107229,-0.3819496409081106
216,5,0.5373198711481451,-0.4097578745943108
217,0,-0.11977473958995949,0.6663053160387696
217,1,-0.07469047064220236,0.6950291338960637
217,2,-0.026851646962841536,0.6480996150858872
217,3,-0.03931809419677638,0.6095016305917826
217,4,-0.07027984270621128,0.5953050729564584
217,5,-0.12462489827970369,0.6336104521313155
218,0,-0.3369560741766318,-0.5526747919969145
218,1,-0.35105516081740995,-0.48776503332338905
218,2,-0.38391628803271466,-0.47720809638953915
218,3,-0.41877746733595334,-0.49713377977514256
218,4,-0.4153012602201069,-0.5641454346012699
218,5,-0.36246655505282727,-0.5734095888812005
219,0,0.6233926523136656,0.18024038175795076
219,1,0.6557763997648938,0.17836486747981922
219,2,0.6888094841323622,0.13570900706921968
219,3,0.6459955614843497,0.08392372715970989
219,4,0.6071414189302514,0.09264640189093594
219,5,0.5897651074271828,0.1229394985906899
220,0,-0.519325367047434,0.3083610693736729
220,1,-0.5827983654487356,0.28902079839750905
220,2,-0.6052735690368731,0.3120942943111586
220,3,-0.6008040150130093,0.3661510712595219
220,4,-0.5342108555083002,0.3751944947214177
220,5,-0.511656391039957,0.34284888075128017
221,0,0.23493076485876746,-0.608382287377252
221,1,0.23597255837373846,-0.6401295076241973
221,2,0.1961101676502112,-0.6773594543141137
221,3,0.14076197836303836,-0.6388878697946431
221,4,0.14588699024166407,-0.6000521734704795
221,5,0.17514703488286004,-0.579603822056927
222,0,0.2986289877266926,0.542494696440359
222,1,0.2627706686612834,0.5471404334956077
222,2,0.2382889047338731,0.6088074732234002
222,3,0.2587584979582341,0.6327150367534693
222,4,0.3137208936196104,0.6331800041694242
222,5,0.328236006698932,0.5674222891078075
223,0,-0.5883692269704469,-0.28852839883163567
223,1,-0.6193340000777283,-0.2923472016358186
223,2,-0.6604043803008024,-0.25551470937398096
223,3,-0.6265884217876688,-0.19715609350133736
223,4,-0.5883228353316774,-0.19869041082112562
223,5,-0.5646483902669248,-0.22658839886531743
224,0,0.6554111781666249,-0.20310502236183864
224,1,0.6609182216618603,-0.25833481301052386
224,2,0.5964859196257255,-0.2783654676438263
224,3,0.5694635563930431,-0.2516222954481235
224,4,0.570835179040758,-0.21479480342322135
224,5,0.6303295348457312,-0.18528429333589702
225,0,-0.2766711547794447,0.5452706247257854
225,1,-0.3403681779537675,0.563918197917801
225,2,-0.34674811038600195,0.5934796447266831
225,3,-0.3134099897395589,0.6383010968499725
225,4,-0.25237437305356014,0.609495046813473
225,5,-0.2504539572764865,0.5718039156157415
226,0,-0.20223822557395407,-0.5923495948074615
226,1,-0.2259989972318625,-0.6211693581955711
226,2,-0.20048382475518314,-0.6837836113174682
226,3,-0.14546764462440584,-0.6731692496563888
226,4,-0.13034632236543964,-0.6471872215486327
226,5,-0.1645870594925237,-0.5904264021675847
227,0,0.5629989841582062,0.3988776625678058
227,1,0.6110453927445398,0.36944738042615943
227,2,0.5873820738771952,0.3060552180547164
227,3,0.55071593591417,0.3008658128521214
227,4,0.521377132457756,0.32499708152409273
227,5,0.5346178581719563,0.3900223906679083
228,0,-0.6592533352344034,0.073767333049434
228,1,-0.6054585761036749,0.11273363137191811
228,2,-0.6109547999964567,0.15072283537615377
228,3,-0.6411301819829052,0.1713261912898042
228,4,-0.7016152511258613,0.14067551146815727
228,5,-0.6858800074091805,0.08620526335930839
229,0,0.3495075825400945,-0.5252823020214028
229,1,0.3713749900432154,-0.4931506572069426
229,2,0.4372586180575234,-0.5009503935179366
229,3,0.4484112506293643,-0.5278464492186652
229,4,0.4230707567494988,-0.5789680873912568
229,5,0.3578158311093081,-0.5605298594725848
230,0,0.11491671953168708,0.6563994306211334
230,1,0.09749166541248412,0.6251048253696042
230,2,0.05927698595216373,0.6159474669463765
230,3,0.01608288276302665,0.6663006196644745
230,4,0.025886538588332515,0.6933919996757043
230,5,0.07933540812270731,0.7141584493099435
231,0,-0.5291356139150042,-0.4072869718546297
231,1,-0.5420284397846469,-0.4740440656375041
231,2,-0.4882413128664362,-0.49474328419993463
231,3,-0.4631566122376677,-0.48157173871822817
231,4,-0.4608398340396234,-0.4152244944281496
231,5,-0.4953622573288729,-0.3960321557724207
232,0,0.6217015285595142,-0.005066539019289301
232,1,0.6344041345768762,-0.042859157666667695
232,2,0.6666125394684955,-0.05721874863502968
232,3,0.7213644615631738,-0.016676750301058946
232,4,0.6954831764448168,0.035110758343404685
232,5,0.6684169509358673,0.04221825911118796
233,0,-0.5224994365778994,0.4213038890705378
233,1,-0.45620146579588766,0.4245298482025837
233,2,-0.43992317125750025,0.46145043221842474
233,3,-0.45388336435750143,0.49334639407716274
233,4,-0.5216718152680299,0.5006204640674329
233,5,-0.537583731054006,0.44472080192173724
234,0,0.012577084700353493,-0.6390417996807009
234,1,0.04979665803080368,-0.6226409969860297
234,2,0.10079061374162436,-0.6653015769557918
234,3,0.09622361735542119,-0.6922186356881631
234,4,0.046418043714184704,-0.7229894704780182
234,5,0.0014426714252683825,-0.6717704544913121
235,0,0.45512282934778825,0.5656501183015405
235,1,0.3973887537611972,0.57654655628552
235,2,0.37598556093677865,0.5598323791728266
235,3,0.3846839498257558,0.4939523949613242
235,4,0.4235091769360597,0.48085416596489905
235,5,0.4534889504793991,0.4973309738578096
236,0,-0.6186490327761598,-0.1047110370972765
236,1,-0.656947332237081,-0.1591419666886752
236,2,-0.6835994796789052,-0.15706135209754848
236,3,-0.7190771254775528,-0.10977383424355858
236,4,-0.6716456718482372,-0.06055898778502042
236,5,-0.6387481760647354,-0.0685107487652201
237,0,0.6055895854602881,-0.4056019538414102
237,1,0.6113319212323484,-0.3465585801140372
237,2,0.5932420766147981,-0.32724350518578954
237,3,0.5282611026282361,-0.3413034164248124
237,4,0.518564007107229,-0.3819496409081106
237,5,0.5373198711481451,-0.4097578745943108
238,0,-0.2171509817973506,0.6697135377666446
238,1,-0.1728025228186019,0.7096146328427181
238,2,-0.11977473958995949,0.6663053160387696
238,3,-0.12462489827970369,0.6336104521313155
238,4,-0.15945028689892585,0.6098644983653031
238,5,-0.21683904224155093,0.6435358884230021
239,0,-0.2755341107685101,-0.622411258693337
239,1,-0.292660637456242,-0.6416408110357822
239,2,-0.3527023684146447,-0.6412123057467208
239,3,-0.36246655505282727,-0.5734095888812005
239,4,-0.3369560741766318,-0.5526747919969145
239,5,-0.29499804777426086,-0.5587019911973169
240,0,0.6233926523136656,0.18024038175795076
240,1,0.6557763997648938,0.17836486747981922
240,2,0.6945945055136438,0.23510042392066993
240,3,0.6503738204994983,0.2759598671151342
240,4,0.6249792311688764,0.2733539534776236
240,5,0.5962203252043627,0.21326085837396466
241,0,-0.6671167731775914,0.23619918672921192
241,1,-0.67230629608789,0.2965475296590632
241,2,-0.6052735690368731,0.3120942943111586
241,3,-0.5827983654487356,0.28902079839750905
241,4,-0.5850709959238831,0.2460006295445043
241,5,-0.6469922748872524,0.22129504425877414
242,0,0.2659063484947441,-0.5778530650705935
242,1,0.32820246867318115,-0.601541694496327
242,2,0.3329595734335861,-0.6260182677667985
242,3,0.29598445732130485,-0.6741009254882766
242,4,0.23597255837373846,-0.6401295076241973
242,5,0.23493076485876746,-0.608382287377252
243,0,0.1647600634968108,0.6668119073152983
243,1,0.19454352784574408,0.6071641978152422
243,2,0.2382889047338731,0.6088074732234002
243,3,0.2587584979582341,0.6327150367534693
243,4,0.23767972448306993,0.6983550840631443
243,5,0.1775157049632381,0.6876816571791987
244,0,-0.5546206683448524,-0.3170906349640757
244,1,-0.5732205001352096,-0.3812006677970271
244,2,-0.5963635069942163,-0.3878958459538982
244,3,-0.64819310520811,-0.35507868925677977
244,4,-0.6193340000777283,-0.2923472016358186
244,5,-0.5883692269704469,-0.28852839883163567
245,0,0.6554111781666249,-0.20310502236183864
245,1,0.7192598626196823,-0.1764994886767176
245,2,0.7030289795494733,-0.11693513824733037
245,3,0.6816664866310166,-0.10639040075805828
245,4,0.6245945171948555,-0.1411019171016299
245,5,0.6303295348457312,-0.18528429333589702
246,0,-0.3403681779537675,0.563918197917801
246,1,-0.34674811038600195,0.5934796447266831
246,2,-0.41184009737794147,0.6172190983916048
246,3,-0.44023819475983866,0.5620898515688689
246,4,-0.43168520096173496,0.5401456753323279
246,5,-0.36610600388295983,0.5270733496972486
247,0,-0.04677452795421724,-0.6913714196047173
247,1,-0.055186296088254115,-0.7130388580048436
247,2,-0.11348850960891055,-0.7347165817645076
247,3,-0.14546764462440584,-0.6731692496563888
247,4,-0.13034632236543964,-0.6471872215486327
247,5,-0.08613917016433986,-0.6372650668084512
248,0,0.5232017874094761,0.489368353776772
248,1,0.5811820229244629,0.4659656149488151
248,2,0.5629989841582062,0.3988776625678058
248,3,0.5346178581719563,0.3900223906679083
248,4,0.4950488442035852,0.4126738269118753
248,5,0.5027626841927931,0.4792113799743363
249,0,-0.7447171925182922,0.04910898770001651
249,1,-0.6858800074091805,0.08620526335930839
249,2,-0.6592533352344034,0.073767333049434
249,3,-0.6451747996192595,0.030086873958819507
249,4,-0.6958943214599803,-0.013737474585493709
249,5,-0.7176061120270408,-0.007494301083363452
250,0,0.5351586788204927,-0.47995692199692574
250,1,0.5168350925505509,-0.5403593375301251
250,2,0.4484112506293643,-0.5278464492186652
250,3,0.4372586180575234,-0.5009503935179366
250,4,0.4565140046749396,-0.45884465893365484
250,5,0.5235317817296009,-0.4609941107115048
251,0,0.025886538588332515,0.6933919996757043
251,1,-0.01610296704405926,0.7490547667065746
251,2,-0.07054233671602625,0.7165996980342292
251,3,-0.07469047064220236,0.6950291338960637
251,4,-0.026851646962841536,0.6480996150858872
251,5,0.01608288276302665,0.6663006196644745
252,0,-0.4882413128664362,-0.49474328419993463
252,1,-0.4631566122376677,-0.48157173871822817
252,2,-0.41877746733595334,-0.49713377977514256
252,3,-0.4153012602201069,-0.5641454346012699
252,4,-0.43275539985341294,-0.5771343016636293
252,5,-0.49498053221869015,-0.5642049164661505
253,0,0.6459955614843497,0.08392372715970989
253,1,0.6684169509358673,0.04221825911118796
253,2,0.6954831764448168,0.035110758343404685
253,3,0.7475702921222228,0.08175535492705834
253,4,0.71009495423614,0.13357823430448149
253,5,0.6888094841323622,0.13570900706921968
254,0,-0.607599054707964,0.4455563194717922
254,1,-0.537583731054006,0.44472080192173724
254,2,-0.5224994365778994,0.4213038890705378
254,3,-0.5342108555083002,0.3751944947214177
254,4,-0.6008040150130093,0.3661510712595219
254,5,-0.6148126017793907,0.38180177950407146
255,0,0.14722933881941735,-0.7404287017085366
255,1,0.19590337149382006,-0.6979689794981514
255,2,0.1961101676502112,-0.6773594543141137
255,3,0.14076197836303836,-0.6388878697946431
255,4,0.10079061374162436,-0.6653015769557918
255,5,0.09622361735542119,-0.6922186356881631
256,0,0.328236006698932,0.5674222891078075
256,1,0.3137208936196104,0.6331800041694242
256,2,0.3275900516913733,0.6480427441102037
256,3,0.39233391103100335,0.6466472652150111
256,4,0.3973887537611972,0.57654655628552
256,5,0.37598556093677865,0.5598323791728266
257,0,-0.7274477993298017,-0.21207877057716115
257,1,-0.6804084814672653,-0.257105116729575
257,2,-0.6604043803008024,-0.25551470937398096
257,3,-0.6265884217876688,-0.19715609350133736
257,4,-0.656947332237081,-0.1591419666886752
257,5,-0.6835994796789052,-0.15706135209754848
258,0,0.6609182216618603,-0.25833481301052386
258,1,0.6764762987748059,-0.2704635080956227
258,2,0.6808967585660444,-0.3356121229097107
258,3,0.6113319212323484,-0.3465585801140372
258,4,0.5932420766147981,-0.32724350518578954
258,5,0.5964859196257255,-0.2783654676438263
259,0,-0.2171509817973506,0.6697135377666446
259,1,-0.27581606122446994,0.7088058017677593
259,2,-0.3166755707739365,0.6574585168153483
259,3,-0.3134099897395589,0.6383010968499725
259,4,-0.25237437305356014,0.609495046813473
259,5,-0.21683904224155093,0.6435358884230021
260,0,-0.2755341107685101,-0.622411258693337
260,1,-0.292660637456242,-0.6416408110357822
260,2,-0.27599866515497623,-0.7102295769387724
260,3,-0.2108875474428452,-0.6999090961872447
260,4,-0.20048382475518314,-0.6837836113174682
260,5,-0.2259989972318625,-0.6211693581955711
261,0,0.629279351049786,0.3742606750626969
261,1,0.6110453927445398,0.36944738042615943
261,2,0.5873820738771952,0.3060552180547164
261,3,0.6249792311688764,0.2733539534776236
261,4,0.6503738204994983,0.2759598671151342
261,5,0.684495468547519,0.3379262742002767
262,0,-0.7343170223252792,0.21361727580492917
262,1,-0.6671167731775914,0.23619918672921192
262,2,-0.6469922748872524,0.22129504425877414
262,3,-0.6411301819829052,0.1713261912898042
262,4,-0.7016152511258613,0.14067551146815727
262,5,-0.7180435842897434,0.1492905280488414
263,0,0.3578158311093081,-0.5605298594725848
263,1,0.4230707567494988,-0.5789680873912568
263,2,0.42924956324180646,-0.5960366204963717
263,3,0.39783661542966586,-0.6548681862554183
263,4,0.3329595734335861,-0.6260182677667985
263,5,0.32820246867318115,-0.601541694496327
264,0,0.1647600634968108,0.6668119073152983
264,1,0.11491671953168708,0.6563994306211334
264,2,0.07933540812270731,0.7141584493099435
264,3,0.08617412896383798,0.7306541318251147
264,4,0.1492996934193319,0.7530215753163612
264,5,0.1775157049632381,0.6876816571791987
265,0,-0.619831100817854,-0.45521157988234057
265,1,-0.5963635069942163,-0.3878958459538982
265,2,-0.5732205001352096,-0.3812006677970271
265,3,-0.5291356139150042,-0.4072869718546297
265,4,-0.5420284397846469,-0.4740440656375041
265,5,-0.5578765794688001,-0.4814482285148251
266,0,0.7030289795494733,-0.11693513824733037
266,1,0.7659215927499817,-0.08325542769966082
266,2,0.737818342310807,-0.021836511931821852
266,3,0.7213644615631738,-0.016676750301058946
266,4,0.6666125394684955,-0.05721874863502968
266,5,0.6816664866310166,-0.10639040075805828
267,0,-0.5093994083086966,0.5799253481867074
267,1,-0.5301763803037848,0.515247411999167
267,2,-0.5216718152680299,0.5006204640674329
267,3,-0.45388336435750143,0.49334639407716274
267,4,-0.43168520096173496,0.5401456753323279
267,5,-0.44023819475983866,0.5620898515688689
268,0,0.0014426714252683825,-0.6717704544913121
268,1,0.046418043714184704,-0.7229894704780182
268,2,0.042903584751963965,-0.7391973239177994
268,3,-0.01617155463734092,-0.7730878268401867
268,4,-0.055186296088254115,-0.7130388580048436
268,5,-0.04677452795421724,-0.6913714196047173
269,0,0.4683929902356161,0.5750355740012124
269,1,0.5351145872646429,0.5600889068448907
269,2,0.5232017874094761,0.489368353776772
269,3,0.5027626841927931,0.4792113799743363
269,4,0.4534889504793991,0.4973309738578096
269,5,0.45512282934778825,0.5656501183015405
270,0,-0.7743501296491234,-0.0516252488114987
270,1,-0.7176061120270408,-0.007494301083363452
270,2,-0.6958943214599803,-0.013737474585493709
270,3,-0.6716456718482372,-0.06055898778502042
270,4,-0.7190771254775528,-0.10977383424355858
270,5,-0.7349210855775565,-0.1077915427089887
271,0,0.6055895854602881,-0.4056019538414102
271,1,0.5373198711481451,-0.4097578745943108
271,2,0.5235317817296009,-0.4609941107115048
271,3,0.5351586788204927,-0.47995692199692574
271,4,0.6068525084151241,-0.48598895290969313
271,5,0.615777696888153,-0.4175652493928895
272,0,-0.11977473958995949,0.6663053160387696
272,1,-0.07469047064220236,0.6950291338960637
272,2,-0.07054233671602625,0.7165996980342292
272,3,-0.11943054682734394,0.7695502655802713
272,4,-0.17225032302205645,0.7249484466048706
272,5,-0.1728025228186019,0.7096146328427181
273,0,-0.4326846990457943,-0.6493364660843621
273,1,-0.43275539985341294,-0.5771343016636293
273,2,-0.4153012602201069,-0.5641454346012699
273,3,-0.36246655505282727,-0.5734095888812005
273,4,-0.3527023684146447,-0.6412123057467208
273,5,-0.3632597388850697,-0.6519665453335526
274,0,0.6888094841323622,0.13570900706921968
274,1,0.71009495423614,0.13357823430448149
274,2,0.7589399698384767,0.18680994095073153
274,3,0.7093113354688771,0.2358891138238339
274,4,0.6945945055136438,0.23510042392066993
274,5,0.6557763997648938,0.17836486747981922
275,0,-0.6870026516709334,0.37565875194522763
275,1,-0.6834230892637643,0.3056626628036997
275,2,-0.67230629608789,0.2965475296590632
275,3,-0.6052735690368731,0.3120942943111586
275,4,-0.6008040150130093,0.3661510712595219
275,5,-0.6148126017793907,0.38180177950407146
276,0,0.25328311428996303,-0.742399683966457
276,1,0.2979893895357066,-0.6881112546212806
276,2,0.29598445732130485,-0.6741009254882766
276,3,0.23597255837373846,-0.6401295076241973
276,4,0.1961101676502112,-0.6773594543141137
276,5,0.19590337149382006,-0.6979689794981514
277,0,0.31526354442720544,0.719722712602623
277,1,0.3275900516913733,0.6480427441102037
277,2,0.3137208936196104,0.6331800041694242
277,3,0.2587584979582341,0.6327150367534693
277,4,0.23767972448306993,0.6983550840631443
277,5,0.24542663996993497,0.7097371973644372
278,0,-0.6804084814672653,-0.257105116729575
278,1,-0.7199594482420173,-0.31822053401955885
278,2,-0.6613873534487291,-0.3582024193926152
278,3,-0.64819310520811,-0.35507868925677977
278,4,-0.6193340000777283,-0.2923472016358186
278,5,-0.6604043803008024,-0.25551470937398096
279,0,0.6554111781666249,-0.20310502236183864
279,1,0.6609182216618603,-0.25833481301052386
279,2,0.6764762987748059,-0.2704635080956227
279,3,0.7471375103015327,-0.2521325636928853
279,4,0.7307343549970015,-0.18289348140804934
279,5,0.7192598626196823,-0.1764994886767176
280,0,-0.3811681860184622,0.6917661068368361
280,1,-0.3166755707739365,0.6574585168153483
280,2,-0.3134099897395589,0.6383010968499725
280,3,-0.34674811038600195,0.5934796447266831
280,4,-0.41184009737794147,0.6172190983916048
280,5,-0.41592403132587424,0.629503386582806
281,0,-0.11861663689732516,-0.7462486217060916
281,1,-0.11348850960891055,-0.7347165817645076
281,2,-0.14546764462440584,-0.6731692496563888
281,3,-0.20048382475518314,-0.6837836113174682
281,4,-0.2108875474428452,-0.6999090961872447
281,5,-0.1866368235627317,-0.7689624070693208
282,0,0.5629989841582062,0.3988776625678058
282,1,0.6110453927445398,0.36944738042615943
282,2,0.629279351049786,0.3742606750626969
282,3,0.6581479234433465,0.44170391031244705
282,4,0.5924193732733452,0.47085416041678996
282,5,0.5811820229244629,0.4659656149488151
283,0,-0.7447171925182922,0.04910898770001651
283,1,-0.6858800074091805,0.08620526335930839
283,2,-0.7016152511258613,0.14067551146815727
283,3,-0.7180435842897434,0.1492905280488414
283,4,-0.7850187632131245,0.11910405840637213
283,5,-0.756009733746626,0.05297836450360978
284,0,0.5168350925505509,-0.5403593375301251
284,1,0.4484112506293643,-0.5278464492186652
284,2,0.4230707567494988,-0.5789680873912568
284,3,0.42924956324180646,-0.5960366204963717
284,4,0.4991917984943375,-0.6192375808294405
284,5,0.5224554213081484,-0.5506414986665192
285,0,0.07933540812270731,0.7141584493099435
285,1,0.025886538588332515,0.6933919996757043
285,2,-0.01610296704405926,0.7490547667065746
285,3,-0.013418700921541328,0.7600094487836838
285,4,0.050264063534097556,0.79516082900321
285,5,0.08617412896383798,0.7306541318251147
286,0,-0.5751456690930519,-0.5532982002913609
286,1,-0.5043046753215742,-0.570431350099951
286,2,-0.49498053221869015,-0.5642049164661505
286,3,-0.4882413128664362,-0.49474328419993463
286,4,-0.5420284397846469,-0.4740440656375041
286,5,-0.5578765794688001,-0.4814482285148251
287,0,0.7475702921222228,0.08175535492705834
287,1,0.7582958103002189,0.08011738204233285
287,2,0.7992015910557588,0.019394835670552647
287,3,0.737818342310807,-0.021836511931821852
287,4,0.7213644615631738,-0.016676750301058946
287,5,0.6954831764448168,0.035110758343404685
288,0,-0.6142523664695079,0.45380879499418164
288,1,-0.603375781966444,0.5264589249712505
288,2,-0.5301763803037848,0.515247411999167
288,3,-0.5216718152680299,0.5006204640674329
288,4,-0.537583731054006,0.44472080192173724
288,5,-0.607599054707964,0.4455563194717922
289,0,0.08948523996265417,-0.7971510266993038
289,1,0.0893793175890556,-0.7971381707254241
289,2,0.042903584751963965,-0.7391973239177994
289,3,0.046418043714184704,-0.7229894704780182
289,4,0.09622361735542119,-0.6922186356881631
289,5,0.14722933881941735,-0.7404287017085366
289,6,0.14659444221353363,-0.7505612379577519
290,0,0.4683929902356161,0.5750355740012124
290,1,0.4733882512160908,0.6490257487678857
290,2,0.4731481370360747,0.6493064029856002
290,3,0.39944647428611324,0.6535143235889054
290,4,0.39233391103100335,0.6466472652150111
290,5,0.3973887537611972,0.57654655628552
290,6,0.45512282934778825,0.5656501183015405
291,0,-0.7349210855775565,-0.1077915427089887
291,1,-0.7190771254775528,-0.10977383424355858
291,2,-0.6835994796789052,-0.15706135209754848
291,3,-0.7274477993298017,-0.21207877057716115
291,4,-0.7370518668389467,-0.21233174436703703
291,5,-0.788646898673389,-0.1595559280816119
291,6,-0.7886277850293396,-0.15899820359292294
292,0,0.6055895854602881,-0.4056019538414102
292,1,0.6113319212323484,-0.3465585801140372
292,2,0.6808967585660444,-0.3356121229097107
292,3,0.6879809063566914,-0.3417452284107225
292,4,0.690443432358057,-0.41563093342231033
292,5,0.6897731728306823,-0.4163123197339428
292,6,0.615777696888153,-0.4175652493928895
293,0,-0.2171509817973506,0.6697135377666446
293,1,-0.1728025228186019,0.7096146328427181
293,2,-0.17225032302205645,0.7249484466048706
293,3,-0.22758993945551503,0.7740752870362666
293,4,-0.2288253439231678,0.7740114395625804
293,5,-0.27685816056571444,0.7177308750470678
293,6,-0.27581606122446994,0.7088058017677593
294,0,-0.3556265479470728,-0.7255491984151528
294,1,-0.3632597388850697,-0.6519665453335526
294,2,-0.3527023684146447,-0.6412123057467208
294,3,-0.292660637456242,-0.6416408110357822
294,4,-0.27599866515497623,-0.7102295769387724
294,5,-0.2810832871392356,-0.7172810211136248
294,6,-0.35453013149237234,-0.7264534974851563
295,0,0.7534678365090951,0.29504675134304065
295,1,0.7532247316396726,0.29681206577629843
295,2,0.6927756995538258,0.3396500531583024
295,3,0.684495468547519,0.3379262742002767
295,4,0.6503738204994983,0.2759598671151342
295,5,0.6945945055136438,0.23510042392066993
295,6,0.7093113354688771,0.2358891138238339
296,0,-0.7343170223252792,0.21361727580492917
296,1,-0.6671167731775914,0.23619918672921192
296,2,-0.67230629608789,0.2965475296590632
296,3,-0.6834230892637643,0.3056626628036997
296,4,-0.7558443272974344,0.29203542752490547
296,5,-0.7570889834677536,0.2902317011581618
296,6,-0.7413361324947251,0.2177843367361274
297,0,0.2979893895357066,-0.6881112546212806
297,1,0.3605682368496725,-0.7270478714939224
297,2,0.3629305144805119,-0.7265094628278935
297,3,0.40009586193471036,-0.6622986348470413
297,4,0.39783661542966586,-0.6548681862554183
297,5,0.3329595734335861,-0.6260182677667985
297,6,0.29598445732130485,-0.6741009254882766
298,0,0.2234706984294227,0.7819485771208863
298,1,0.15250730707864146,0.7597222510610765
298,2,0.1492996934193319,0.7530215753163612
298,3,0.1775157049632381,0.6876816571791987
298,4,0.23767972448306993,0.6983550840631443
298,5,0.24542663996993497,0.7097371973644372
298,6,0.22565568757995563,0.7807019861892943
299,0,-0.619831100817854,-0.45521157988234057
299,1,-0.5963635069942163,-0.3878958459538982
299,2,-0.64819310520811,-0.35507868925677977
299,3,-0.6613873534487291,-0.3582024193926152
299,4,-0.6948062696088227,-0.42371198602134463
299,5,-0.6939210905120734,-0.4264800471710402
299,6,-0.6264923029692764,-0.4578993580360506
300,0,0.7030289795494733,-0.11693513824733037
300,1,0.7659215927499817,-0.08325542769966082
300,2,0.7723754228357503,-0.08566493633896002
300,3,0.8009977583863994,-0.1543878287276551
300,4,0.7996619383227198,-0.15728188539604035
300,5,0.7307343549970015,-0.18289348140804934
300,6,0.7192598626196823,-0.1764994886767176
301,0,-0.41592403132587424,0.629503386582806
301,1,-0.41184009737794147,0.6172190983916048
301,2,-0.44023819475983866,0.5620898515688689
301,3,-0.5093994083086966,0.5799253481867074
301,4,-0.5123598458383921,0.5857163890724144
301,5,-0.4872113735401189,0.655802798507146
301,6,-0.4838912079354088,0.6571954437103933
302,0,-0.08734040781372614,-0.8125942917269973
302,1,-0.11861663689732516,-0.7462486217060916
302,2,-0.11348850960891055,-0.7347165817645076
302,3,-0.055186296088254115,-0.7130388580048436
302,4,-0.01617155463734092,-0.7730878268401867
302,5,-0.017843261532380923,-0.7791610050561276
302,6,-0.08386961982339733,-0.8138479241096349
303,0,0.540177327227383,0.563274220726125
303,1,0.5351145872646429,0.5600889068448907
303,2,0.5232017874094761,0.489368353776772
303,3,0.5811820229244629,0.4659656149488151
303,4,0.5924193732733452,0.47085416041678996
303,5,0.6142532793027883,0.540888019705831
303,6,0.6123708020030987,0.5444812817099717
304,0,-0.7799088432291189,-0.050619515296619295
304,1,-0.8205582289226341,0.012077478392844853
304,2,-0.8194588866874319,0.016196352770627122
304,3,-0.756009733746626,0.05297836450360978
304,4,-0.7447171925182922,0.04910898770001651
304,5,-0.7176061120270408,-0.007494301083363452
304,6,-0.7743501296491234,-0.0516252488114987
305,0,0.6068525084151241,-0.48598895290969313
305,1,0.6100580044692848,-0.4902009553731495
305,2,0.5978208131509223,-0.5639375195634339
305,3,0.5939456846494815,-0.5664172750937313
305,4,0.5224554213081484,-0.5506414986665192
305,5,0.5168350925505509,-0.5403593375301251
305,6,0.5351586788204927,-0.47995692199692574
306,0,-0.013418700921541328,0.7600094487836838
306,1,-0.05538791067513612,0.8200246723035524
306,2,-0.06003077095719215,0.8208425827037064
306,3,-0.1189625096198293,0.7747119502210984
306,4,-0.11943054682734394,0.7695502655802713
306,5,-0.07054233671602625,0.7165996980342292
306,6,-0.01610296704405926,0.7490547667065746
307,0,-0.43610680822390424,-0.6524606206841
307,1,-0.5108522992389406,-0.6468685834516267
307,2,-0.5139176675100625,-0.642883336618872
307,3,-0.5043046753215742,-0.570431350099951
307,4,-0.49498053221869015,-0.5642049164661505
307,5,-0.43275539985341294,-0.5771343016636293
307,6,-0.4326846990457943,-0.6493364660843621
308,0,0.7633423589399402,0.18680506329739058
308,1,0.8148227617960625,0.13231076638790915
308,2,0.8143465400199272,0.12683909096309548
308,3,0.7582958103002189,0.08011738204233285
308,4,0.7475702921222228,0.08175535492705834
308,5,0.71009495423614,0.13357823430448149
308,6,0.7589399698384767,0.18680994095073153
309,0,-0.6912112581811141,0.45346820358387274
309,1,-0.6900376175052748,0.37844441024376463
309,2,-0.6870026516709334,0.37565875194522763
309,3,-0.6148126017793907,0.38180177950407146
309,4,-0.607599054707964,0.4455563194717922
309,5,-0.6142523664695079,0.45380879499418164
309,6,-0.6870255134313398,0.4572979065758049
310,0,0.14659444221353363,-0.7505612379577519
310,1,0.14722933881941735,-0.7404287017085366
310,2,0.19590337149382006,-0.6979689794981514
310,3,0.25328311428996303,-0.742399683966457
310,4,0.2536143549590836,-0.7461591150573353
310,5,0.203734615230504,-0.8024308189335235
310,6,0.19795908702752113,-0.8024271593064544
311,0,0.31743093576282566,0.7225565313283927
311,1,0.31526354442720544,0.719722712602623
311,2,0.3275900516913733,0.6480427441102037
311,3,0.39233391103100335,0.6466472652150111
311,4,0.39944647428611324,0.6535143235889054
311,5,0.3967829047755909,0.7262836845871599
311,6,0.3922366330991203,0.7304682726499758
312,0,-0.7274477993298017,-0.21207877057716115
312,1,-0.6804084814672653,-0.257105116729575
312,2,-0.7199594482420173,-0.31822053401955885
312,3,-0.7230653468368959,-0.31877585132004627
312,4,-0.7837301862057844,-0.2742711526205585
312,5,-0.7842879663059544,-0.26777578968675886
312,6,-0.7370518668389467,-0.21233174436703703
313,0,0.7471375103015327,-0.2521325636928853
313,1,0.7495865970560937,-0.25368284321656526
313,2,0.7642767740093215,-0.3275486132228296
313,3,0.7601530088199538,-0.3328980731329219
313,4,0.6879809063566914,-0.3417452284107225
313,5,0.6808967585660444,-0.3356121229097107
313,6,0.6764762987748059,-0.2704635080956227
314,0,-0.3818818671246334,0.6943934450616264
314,1,-0.34288184034957,0.7588514261567717
314,2,-0.3359628836770805,0.7600498539090301
314,3,-0.27685816056571444,0.7177308750470678
314,4,-0.27581606122446994,0.7088058017677593
314,5,-0.3166755707739365,0.6574585168153483
314,6,-0.3811681860184622,0.6917661068368361
315,0,-0.187680454872459,-0.7709880285193381
315,1,-0.1866368235627317,-0.7689624070693208
315,2,-0.2108875474428452,-0.6999090961872447
315,3,-0.27599866515497623,-0.7102295769387724
315,4,-0.2810832871392356,-0.7172810211136248
315,5,-0.26615911197063935,-0.7884107843583673
315,6,-0.2600330043388471,-0.7923445223681151
316,0,0.7298425495588088,0.4020573918262878
316,1,0.6927756995538258,0.3396500531583024
316,2,0.684495468547519,0.3379262742002767
316,3,0.629279351049786,0.3742606750626969
316,4,0.6581479234433465,0.44170391031244705
316,5,0.6600576820563224,0.4424103736644059
316,6,0.7279631107791952,0.4091983175304064
317,0,-0.7866364290992522,0.11976131882719372
317,1,-0.8144278247280727,0.19012744490187047
317,2,-0.8108235679811805,0.19696291883253622
317,3,-0.7413361324947251,0.2177843367361274
317,4,-0.7343170223252792,0.21361727580492917
317,5,-0.7180435842897434,0.1492905280488414
317,6,-0.7850187632131245,0.11910405840637213
318,0,0.4991917984943375,-0.6192375808294405
318,1,0.499799430582814,-0.6205177418798128
318,2,0.4728707325457587,-0.6912387523962463
318,3,0.4653944472869706,-0.693917684338616
318,4,0.40009586193471036,-0.6622986348470413
318,5,0.39783661542966586,-0.6548681862554183
318,6,0.42924956324180646,-0.5960366204963717
319,0,0.12594878663782236,0.8270737778549864
319,1,0.11830727219971843,0.8302955474222389
319,2,0.05059741412741538,0.7962476978161568
319,3,0.050264063534097556,0.79516082900321
319,4,0.08617412896383798,0.7306541318251147
319,5,0.1492996934193319,0.7530215753163612
319,6,0.15250730707864146,0.7597222510610765
320,0,-0.5751456690930519,-0.5532982002913609
320,1,-0.5578765794688001,-0.4814482285148251
320,2,-0.619831100817854,-0.45521157988234057
320,3,-0.6264923029692764,-0.4578993580360506
320,4,-0.6524544611136607,-0.5254842182763143
320,5,-0.648924206971387,-0.5331963311223062
320,6,-0.575897357085051,-0.5537408572413787
321,0,0.737818342310807,-0.021836511931821852
321,1,0.7992015910557588,0.019394835670552647
321,2,0.7997873024980382,0.01927078766167081
321,3,0.8398696233158508,-0.04516232382585128
321,4,0.8371775930978923,-0.05348487078606045
321,5,0.7723754228357503,-0.08566493633896002
321,6,0.7659215927499817,-0.08325542769966082
322,0,-0.5123598458383921,0.5857163890724144
322,1,-0.581898609559927,0.6058345486425297
322,2,-0.5897222905172796,0.6014023328507817
322,3,-0.6035664725641176,0.5267254185321293
322,4,-0.603375781966444,0.5264589249712505
322,5,-0.5301763803037848,0.515247411999167
322,6,-0.5093994083086966,0.5799253481867074
323,0,-0.017843261532380923,-0.7791610050561276
323,1,0.019654177457521557,-0.84088606901767
323,2,0.02871843940522785,-0.8429715319116208
323,3,0.0893793175890556,-0.7971381707254241
323,4,0.042903584751963965,-0.7391973239177994
323,5,-0.01617155463734092,-0.7730878268401867
324,0,0.540177327227383,0.563274220726125
324,1,0.5351145872646429,0.5600889068448907
324,2,0.4683929902356161,0.5750355740012124
324,3,0.4733882512160908,0.6490257487678857
324,4,0.5488984647593489,0.6420028728752754
324,5,0.5543046856279684,0.6341434721062608
325,0,-0.7799088432291189,-0.050619515296619295
325,1,-0.8381841178201169,-0.09322499134625038
325,2,-0.8395421477230068,-0.10283321585506436
325,3,-0.7886277850293396,-0.15899820359292294
325,4,-0.7349210855775565,-0.1077915427089887
325,5,-0.7743501296491234,-0.0516252488114987
326,0,0.615777696888153,-0.4175652493928895
326,1,0.6897731728306823,-0.4163123197339428
326,2,0.6895473604799535,-0.491897484073287
326,3,0.6818128313600479,-0.4982679265497841
326,4,0.6100580044692848,-0.4902009553731495
326,5,0.6068525084151241,-0.48598895290969313
327,0,-0.22758993945551503,0.7740752870362666
327,1,-0.17650672246149354,0.8296111943588766
327,2,-0.16625590351062366,0.8290647785252843
327,3,-0.1189625096198293,0.7747119502210984
327,4,-0.11943054682734394,0.7695502655802713
327,5,-0.17225032302205645,0.7249484466048706
328,0,-0.43072373922860774,-0.7320674809331268
328,1,-0.3556265479470728,-0.7255491984151528
328,2,-0.3632597388850697,-0.6519665453335526
328,3,-0.4326846990457943,-0.6493364660843621
328,4,-0.43610680822390424,-0.6524606206841
328,5,-0.43810992890829314,-0.7245114896911782
329,0,0.8135473505953306,0.23859696946481504
329,1,0.7633423589399402,0.18680506329739058
329,2,0.7589399698384767,0.18680994095073153
329,3,0.7093113354688771,0.2358891138238339
329,4,0.7534678365090951,0.29504675134304065
329,5,0.8132046798678916,0.24924035933755487
330,0,-0.6900376175052748,0.37844441024376463
330,1,-0.7619533504034586,0.374273560749152
330,2,-0.7691963481058174,0.3658358002649551
330,3,-0.7558443272974344,0.29203542752490547
330,4,-0.6834230892637643,0.3056626628036997
330,5,-0.6870026516709334,0.37565875194522763
331,0,0.2536143549590836,-0.7461591150573353
331,1,0.25328311428996303,-0.742399683966457
331,2,0.2979893895357066,-0.6881112546212806
331,3,0.3605682368496725,-0.7270478714939224
331,4,0.3204899981651563,-0.7903994734485633
331,5,0.30930241854428825,-0.7917221152230614
332,0,0.2979090660084518,0.8004256876962034
332,1,0.22565568757995563,0.7807019861892943
332,2,0.24542663996993497,0.7097371973644372
332,3,0.31526354442720544,0.719722712602623
332,4,0.31743093576282566,0.7225565313283927
332,5,0.3071962645101022,0.7937368507334417
333,0,-0.7230653468368959,-0.31877585132004627
333,1,-0.7199594482420173,-0.31822053401955885
333,2,-0.6613873534487291,-0.3582024193926152
333,3,-0.6948062696088227,-0.42371198602134463
333,4,-0.7613572692048547,-0.3895913325228695
333,5,-0.7637080429896238,-0.3782427897215833
334,0,0.7307343549970015,-0.18289348140804934
334,1,0.7996619383227198,-0.15728188539604035
334,2,0.8257357174092357,-0.2272106893530592
334,3,0.8196496905696846,-0.2374011460027326
334,4,0.7495865970560937,-0.25368284321656526
334,5,0.7471375103015327,-0.2521325636928853
335,0,-0.3818818671246334,0.6943934450616264
335,1,-0.44444870612794163,0.7297533990431152
335,2,-0.45614504886608814,0.7262467834821703
335,3,-0.4838912079354088,0.6571954437103933
335,4,-0.41592403132587424,0.629503386582806
335,5,-0.3811681860184622,0.6917661068368361
336,0,-0.16551970995127652,-0.8393866991476968
336,1,-0.187680454872459,-0.7709880285193381
336,2,-0.1866368235627317,-0.7689624070693208
336,3,-0.11861663689732516,-0.7462486217060916
336,4,-0.08734040781372614,-0.8125942917269973
336,5,-0.15440385595406567,-0.844771859039217
337,0,0.6142532793027883,0.540888019705831
337,1,0.6853380363108038,0.5194255779841235
337,2,0.690010328052216,0.5076117702885056
337,3,0.6600576820563224,0.4424103736644059
337,4,0.6581479234433465,0.44170391031244705
337,5,0.5924193732733452,0.47085416041678996
338,0,-0.756009733746626,0.05297836450360978
338,1,-0.7850187632131245,0.11910405840637213
338,2,-0.7866364290992522,0.11976131882719372
338,3,-0.8527518993903637,0.09196341331621044
338,4,-0.8573294418740861,0.08000972413911007
338,5,-0.8194588866874319,0.016196352770627122
339,0,0.5939456846494815,-0.5664172750937313
339,1,0.5224554213081484,-0.5506414986665192
339,2,0.4991917984943375,-0.6192375808294405
339,3,0.499799430582814,-0.6205177418798128
339,4,0.5673299112625808,-0.6447587942996893
339,5,0.5790527416875884,-0.6389003715817151
340,0,-0.013418700921541328,0.7600094487836838
340,1,0.050264063534097556,0.79516082900321
340,2,0.05059741412741538,0.7962476978161568
340,3,0.017305115883767028,0.8597249521934762
340,4,0.004546893235070709,0.8633871329125389
340,5,-0.05538791067513612,0.8200246723035524
341,0,-0.5751456690930519,-0.5532982002913609
341,1,-0.5043046753215742,-0.570431350099951
341,2,-0.5139176675100625,-0.642883336618872
341,3,-0.5872545334744429,-0.6345241507504414
341,4,-0.5943050070848597,-0.6229964615100209
341,5,-0.575897357085051,-0.5537408572413787
342,0,0.7582958103002189,0.08011738204233285
342,1,0.8143465400199272,0.12683909096309548
342,2,0.8627811267537012,0.07138560952123758
342,3,0.860142545238361,0.05784783229457765
342,4,0.7997873024980382,0.01927078766167081
342,5,0.7992015910557588,0.019394835670552647
343,0,-0.6870255134313398,0.4572979065758049
343,1,-0.6853356409557654,0.5308507603438628
343,2,-0.6741253359391345,0.5391266253187982
343,3,-0.6035664725641176,0.5267254185321293
343,4,-0.603375781966444,0.5264589249712505
343,5,-0.6142523664695079,0.45380879499418164
344,0,0.1329793748572913,-0.8539641166153733
344,1,0.08948523996265417,-0.7971510266993038
344,2,0.14659444221353363,-0.7505612379577519
344,3,0.19795908702752113,-0.8024271593064544
344,4,0.14709279982750564,-0.855490005831966
345,0,0.3967829047755909,0.7262836845871599
345,1,0.4699657968663562,0.7311951534420245
345,2,0.47949491938995387,0.7203771858050793
345,3,0.4731481370360747,0.6493064029856002
345,4,0.39944647428611324,0.6535143235889054
346,0,-0.7370518668389467,-0.21233174436703703
346,1,-0.7842879663059544,-0.26777578968675886
346,2,-0.8415355481321896,-0.2220932947251021
346,3,-0.8412312546871344,-0.20745217582403108
346,4,-0.788646898673389,-0.1595559280816119
347,0,0.6879809063566914,-0.3417452284107225
347,1,0.690443432358057,-0.41563093342231033
347,2,0.7613198614935021,-0.41591428186175233
347,3,0.7716433764142203,-0.4051066702331091
347,4,0.7601530088199538,-0.3328980731329219
348,0,-0.3359628836770805,0.7600498539090301
348,1,-0.2957697904311876,0.8210026265430503
348,2,-0.2806817051777695,0.8220025823428532
348,3,-0.2288253439231678,0.7740114395625804
348,4,-0.27685816056571444,0.7177308750470678
349,0,-0.35453013149237234,-0.7264534974851563
349,1,-0.2810832871392356,-0.7172810211136248
349,2,-0.26615911197063935,-0.7884107843583673
349,3,-0.33687003460705117,-0.8062644135601693
349,4,-0.3487911172821583,-0.7966962820077292
350,0,0.7940143109139103,0.3675055205057987
350,1,0.7298425495588088,0.4020573918262878
350,2,0.6927756995538258,0.3396500531583024
350,3,0.7532247316396726,0.29681206577629843
350,4,0.796355888551627,0.352153286298135
351,0,-0.8108235679811805,0.19696291883253622
351,1,-0.8348385284868604,0.2656276466797669
351,2,-0.8261487057768309,0.27859164086243954
351,3,-0.7570889834677536,0.2902317011581618
351,4,-0.7413361324947251,0.2177843367361274
352,0,0.3629305144805119,-0.7265094628278935
352,1,0.4213303870657882,-0.7644872617718942
352,2,0.4368618400387028,-0.7607219824486547
352,3,0.4653944472869706,-0.693917684338616
352,4,0.40009586193471036,-0.6622986348470413
353,0,0.20610741689181122,0.8493379352287984
353,1,0.2234706984294227,0.7819485771208863
353,2,0.15250730707864146,0.7597222510610765
353,3,0.12594878663782236,0.8270737778549864
353,4,0.19191450064977628,0.8571475599207656
354,0,-0.6524544611136607,-0.5254842182763143
354,1,-0.7213866270749762,-0.5031299822528121
354,2,-0.72661752517,-0.48756721796133545
354,3,-0.6939210905120734,-0.4264800471710402
354,4,-0.6264923029692764,-0.4578993580360506
355,0,0.8009977583863994,-0.1543878287276551
355,1,0.8661942407383775,-0.13153423147790627
355,2,0.872917688264131,-0.11638692327447928
355,3,0.8371775930978923,-0.05348487078606045
355,4,0.7723754228357503,-0.08566493633896002
356,0,-0.5123598458383921,0.5857163890724144
356,1,-0.581898609559927,0.6058345486425297
356,2,-0.5658377784442226,0.676307555319719
356,3,-0.5504619005342621,0.6829931169210013
356,4,-0.4872113735401189,0.655802798507146
357,0,-0.05569873647530456,-0.8764982790389807
357,1,-0.08386961982339733,-0.8138479241096349
357,2,-0.017843261532380923,-0.7791610050561276
357,3,0.019654177457521557,-0.84088606901767
357,4,-0.039566557590748896,-0.88204429039738
358,0,0.540177327227383,0.563274220726125
358,1,0.6123708020030987,0.5444812817099717
358,2,0.6339207474543459,0.6093868020430449
358,3,0.6256998444000859,0.6245572957256161
358,4,0.5543046856279684,0.6341434721062608
359,0,-0.7799088432291189,-0.050619515296619295
359,1,-0.8205582289226341,0.012077478392844853
359,2,-0.8801301089099203,-0.020985982464610083
359,3,-0.8844082189565045,-0.03802243539337626
359,4,-0.8381841178201169,-0.09322499134625038
360,0,0.6818128313600479,-0.4982679265497841
360,1,0.6100580044692848,-0.4902009553731495
360,2,0.5978208131509223,-0.5639375195634339
360,3,0.663944408628961,-0.5797729075209621
360,4,0.6787169688270733,-0.5700132623431574
361,0,-0.11567166797827917,0.8799091722809584
361,1,-0.16625590351062366,0.8290647785252843
361,2,-0.1189625096198293,0.7747119502210984
361,3,-0.06003077095719215,0.8208425827037064
361,4,-0.09791850357330838,0.8770738502313719
362,0,-0.43810992890829314,-0.7245114896911782
362,1,-0.43610680822390424,-0.6524606206841
362,2,-0.5108522992389406,-0.6468685834516267
362,3,-0.5209227238840413,-0.7137083223713045
362,4,-0.5096703405561184,-0.7279009504141409
363,0,0.8135473505953306,0.23859696946481504
363,1,0.868592006696093,0.19277497849069747
363,2,0.8672463541623106,0.1745327306226081
363,3,0.8148227617960625,0.13231076638790915
363,4,0.7633423589399402,0.18680506329739058
364,0,-0.6912112581811141,0.45346820358387274
364,1,-0.7581864868664435,0.45781869952910426
364,2,-0.77172538728102,0.4450581937148399
364,3,-0.7619533504034586,0.374273560749152
364,4,-0.6900376175052748,0.37844441024376463
365,0,0.26881022558690554,-0.8505213370721109
365,1,0.30930241854428825,-0.7917221152230614
365,2,0.2536143549590836,-0.7461591150573353
365,3,0.203734615230504,-0.8024308189335235
365,4,0.2500691457359903,-0.8507868515179164
366,0,0.37670219230366536,0.8097807916583952
366,1,0.39085839925706223,0.7971436316292038
366,2,0.3922366330991203,0.7304682726499758
366,3,0.31743093576282566,0.7225565313283927
366,4,0.3071962645101022,0.7937368507334417
367,0,-0.8257665686916766,-0.34314205145191373
367,1,-0.7637080429896238,-0.3782427897215833
367,2,-0.7230653468368959,-0.31877585132004627
367,3,-0.7837301862057844,-0.2742711526205585
367,4,-0.8276557937153343,-0.3241072593286259
368,0,0.8417617582170817,-0.30509961192234253
368,1,0.8196496905696846,-0.2374011460027326
368,2,0.7495865970560937,-0.25368284321656526
368,3,0.7642767740093215,-0.3275486132228296
368,4,0.8301955771325731,-0.3205332851999648
369,0,-0.3818818671246334,0.6943934450616264
369,1,-0.34288184034957,0.7588514261567717
369,2,-0.3959881813612806,0.7981434160826089
369,3,-0.41523391956712846,0.7945307740880381
369,4,-0.44444870612794163,0.7297533990431152
370,0,-0.2307380540099455,-0.8674150602110708
370,1,-0.2475171888552392,-0.8569761014260977
370,2,-0.2600330043388471,-0.7923445223681151
370,3,-0.187680454872459,-0.7709880285193381
370,4,-0.16551970995127652,-0.8393866991476968
371,0,0.7279631107791952,0.4091983175304064
371,1,0.6600576820563224,0.4424103736644059
371,2,0.690010328052216,0.5076117702885056
371,3,0.7569791344806033,0.4844306851708371
371,4,0.7623680087507337,0.4651629135884341
372,0,-0.8527518993903637,0.09196341331621044
372,1,-0.7866364290992522,0.11976131882719372
372,2,-0.8144278247280727,0.19012744490187047
372,3,-0.8773695737918668,0.17226784464302133
372,4,-0.8865372110615262,0.15423850367445893
373,0,0.5311807708781823,-0.7205403009462865
373,1,0.4728707325457587,-0.6912387523962463
373,2,0.499799430582814,-0.6205177418798128
373,3,0.5673299112625808,-0.6447587942996893
373,4,0.5502499334290566,-0.7133982725574437
374,0,0.07618951807067331,0.8988416677308174
374,1,0.017305115883767028,0.8597249521934762
374,2,0.05059741412741538,0.7962476978161568
374,3,0.11830727219971843,0.8302955474222389
374,4,0.09525462313118586,0.8911357866641733
375,0,-0.575897357085051,-0.5537408572413787
375,1,-0.5943050070848597,-0.6229964615100209
375,2,-0.6640833899245369,-0.6121424517985977
375,3,-0.673011852629076,-0.5933874671796837
375,4,-0.648924206971387,-0.5331963311223062
376,0,0.8981308806528205,-0.017199829962493134
376,1,0.8398696233158508,-0.04516232382585128
376,2,0.7997873024980382,0.01927078766167081
376,3,0.860142545238361,0.05784783229457765
376,4,0.9042922000668133,0.0028491425827677
377,0,-0.6741253359391345,0.5391266253187982
377,1,-0.6035664725641176,0.5267254185321293
377,2,-0.5897222905172796,0.6014023328507817
377,3,-0.6513082442893904,0.6201396596045564
377,4,-0.6695653936570443,0.6094265607492616
378,0,0.1329793748572913,-0.8539641166153733
378,1,0.08222351261786648,-0.9027631349031637
378,2,0.0613429651701621,-0.898279727678226
378,3,0.02871843940522785,-0.8429715319116208
378,4,0.0893793175890556,-0.7971381707254241
378,5,0.08948523996265417,-0.7971510266993038
379,0,0.4733882512160908,0.6490257487678857
379,1,0.4731481370360747,0.6493064029856002
379,2,0.47949491938995387,0.7203771858050793
379,3,0.5497575486799716,0.7221812491958313
379,4,0.5622249200540611,0.7045927694476359
379,5,0.5488984647593489,0.6420028728752754
380,0,-0.7886277850293396,-0.15899820359292294
380,1,-0.788646898673389,-0.1595559280816119
380,2,-0.8412312546871344,-0.20745217582403108
380,3,-0.8942745236168159,-0.16139180389981783
380,4,-0.89155254136452,-0.13985839832278196
380,5,-0.8395421477230068,-0.10283321585506436
381,0,0.6895473604799535,-0.491897484073287
381,1,0.6897731728306823,-0.4163123197339428
381,2,0.690443432358057,-0.41563093342231033
381,3,0.7613198614935021,-0.41591428186175233
381,4,0.7694274785019868,-0.4855796106785933
381,5,0.7526925928707418,-0.49976440900526253
382,0,-0.2288253439231678,0.7740114395625804
382,1,-0.2806817051777695,0.8220025823428532
382,2,-0.23970927675337458,0.8788274414306717
382,3,-0.21760479158767101,0.8779662527243695
382,4,-0.17650672246149354,0.8296111943588766
382,5,-0.22758993945551503,0.7740752870362666
383,0,-0.43072373922860774,-0.7320674809331268
383,1,-0.3556265479470728,-0.7255491984151528
383,2,-0.35453013149237234,-0.7264534974851563
383,3,-0.3487911172821583,-0.7966962820077292
383,4,-0.4173501459228444,-0.8109423506442823
383,5,-0.4331756560441276,-0.7952240989768699
384,0,0.796355888551627,0.352153286298135
384,1,0.7532247316396726,0.29681206577629843
384,2,0.7534678365090951,0.29504675134304065
384,3,0.8132046798678916,0.24924035933755487
384,4,0.8575914501492058,0.2940330204156314
384,5,0.8565318947285249,0.316486079163841
385,0,-0.7558443272974344,0.29203542752490547
385,1,-0.7691963481058174,0.3658358002649551
385,2,-0.8318863602207045,0.36290409888237385
385,3,-0.8464010908033274,0.34554398609947556
385,4,-0.8261487057768309,0.27859164086243954
385,5,-0.7570889834677536,0.2902317011581618
386,0,0.36855861987953176,-0.8305427569416238
386,1,0.39126351166880796,-0.8275059078349519
386,2,0.4213303870657882,-0.7644872617718942
386,3,0.3629305144805119,-0.7265094628278935
386,4,0.3605682368496725,-0.7270478714939224
386,5,0.3204899981651563,-0.7903994734485633
387,0,0.27069467218882387,0.8755520364016728
387,1,0.2896590327669138,0.8623294731386104
387,2,0.2979090660084518,0.8004256876962034
387,3,0.22565568757995563,0.7807019861892943
387,4,0.2234706984294227,0.7819485771208863
387,5,0.20610741689181122,0.8493379352287984
388,0,-0.7970151316592647,-0.44061227394174546
388,1,-0.7613572692048547,-0.3895913325228695
388,2,-0.6948062696088227,-0.42371198602134463
388,3,-0.6939210905120734,-0.4264800471710402
388,4,-0.72661752517,-0.48756721796133545
388,5,-0.791940039399815,-0.4633489192249921
389,0,0.8009977583863994,-0.1543878287276551
389,1,0.8661942407383775,-0.13153423147790627
389,2,0.8980281970941493,-0.1934413319708409
389,3,0.8862889725437822,-0.213814798657519
389,4,0.8257357174092357,-0.2272106893530592
389,5,0.7996619383227198,-0.15728188539604035
390,0,-0.45614504886608814,0.7262467834821703
390,1,-0.509638850668303,0.7572155863199788
390,2,-0.5321731580355289,0.7501184782929637
390,3,-0.5504619005342621,0.6829931169210013
390,4,-0.4872113735401189,0.655802798507146
390,5,-0.4838912079354088,0.6571954437103933
391,0,-0.1359683678598022,-0.903615869568184
391,1,-0.11435282086898807,-0.9136935411802704
391,2,-0.05569873647530456,-0.8764982790389807
391,3,-0.08386961982339733,-0.8138479241096349
391,4,-0.08734040781372614,-0.8125942917269973
391,5,-0.15440385595406567,-0.844771859039217
392,0,0.6339207474543459,0.6093868020430449
392,1,0.7022811158920789,0.597251633148443
392,2,0.7114597469993192,0.5750450409808816
392,3,0.6853380363108038,0.5194255779841235
392,4,0.6142532793027883,0.540888019705831
392,5,0.6123708020030987,0.5444812817099717
393,0,-0.8205582289226341,0.012077478392844853
393,1,-0.8801301089099203,-0.020985982464610083
393,2,-0.9223829273066929,0.03396890086634634
393,3,-0.9140865050549477,0.056720758111034164
393,4,-0.8573294418740861,0.08000972413911007
393,5,-0.8194588866874319,0.016196352770627122
394,0,0.5978208131509223,-0.5639375195634339
394,1,0.663944408628961,-0.5797729075209621
394,2,0.6580495630779117,-0.6487895408728513
394,3,0.6363556429264117,-0.6600343398743733
394,4,0.5790527416875884,-0.6389003715817151
394,5,0.5939456846494815,-0.5664172750937313
395,0,-0.09791850357330838,0.8770738502313719
395,1,-0.06003077095719215,0.8208425827037064
395,2,-0.05538791067513612,0.8200246723035524
395,3,0.004546893235070709,0.8633871329125389
395,4,-0.023307085885204887,0.9175733535041721
395,5,-0.0470895924961797,0.923992158433919
396,0,-0.6033126239662344,-0.6930718226089678
396,1,-0.5872545334744429,-0.6345241507504414
396,2,-0.5139176675100625,-0.642883336618872
396,3,-0.5108522992389406,-0.6468685834516267
396,4,-0.5209227238840413,-0.7137083223713045
396,5,-0.5900728426319419,-0.7140088326266502
397,0,0.8148227617960625,0.13231076638790915
397,1,0.8143465400199272,0.12683909096309548
397,2,0.8627811267537012,0.07138560952123758
397,3,0.9140444917680713,0.1035452091066501
397,4,0.9184614886137709,0.12806822937728235
397,5,0.8672463541623106,0.1745327306226081
398,0,-0.7446868944300461,0.5417807105047433
398,1,-0.6853356409557654,0.5308507603438628
398,2,-0.6870255134313398,0.4572979065758049
398,3,-0.6912112581811141,0.45346820358387274
398,4,-0.7581864868664435,0.45781869952910426
398,5,-0.7647104516618859,0.5265269046334998
399,0,0.14709279982750564,-0.855490005831966
399,1,0.1832590431352218,-0.9035201613178946
399,2,0.20855123045430374,-0.9058447475049687
399,3,0.2500691457359903,-0.8507868515179164
399,4,0.203734615230504,-0.8024308189335235
399,5,0.19795908702752113,-0.8024271593064544
400,0,0.3922366330991203,0.7304682726499758
400,1,0.3967829047755909,0.7262836845871599
400,2,0.4699657968663562,0.7311951534420245
400,3,0.4757407623040632,0.7908891913276869
400,4,0.45858892951549235,0.8097728599749633
400,5,0.39085839925706223,0.7971436316292038
401,0,-0.8415355481321896,-0.2220932947251021
401,1,-0.7842879663059544,-0.26777578968675886
401,2,-0.7837301862057844,-0.2742711526205585
401,3,-0.8276557937153343,-0.3241072593286259
401,4,-0.8861562769974867,-0.2877154429113764
401,5,-0.8860128011841241,-0.26201866661652057
402,0,0.8301955771325731,-0.3205332851999648
402,1,0.8487890346486793,-0.38681067281749304
402,2,0.8311957094936673,-0.405774066710169
402,3,0.7716433764142203,-0.4051066702331091
402,4,0.7601530088199538,-0.3328980731329219
402,5,0.7642767740093215,-0.3275486132228296
403,0,-0.3359628836770805,0.7600498539090301
403,1,-0.2957697904311876,0.8210026265430503
403,2,-0.33909726685423114,0.8616440789220984
403,3,-0.36505634318891655,0.8595381606575511
403,4,-0.3959881813612806,0.7981434160826089
403,5,-0.34288184034957,0.7588514261567717
404,0,-0.2475171888552392,-0.8569761014260977
404,1,-0.3117108675843479,-0.8814474560722554
404,2,-0.3324494565056477,-0.8653126653099013
404,3,-0.33687003460705117,-0.8062644135601693
404,4,-0.26615911197063935,-0.7884107843583673
404,5,-0.2600330043388471,-0.7923445223681151
405,0,0.7940143109139103,0.3675055205057987
405,1,0.7298425495588088,0.4020573918262878
405,2,0.7279631107791952,0.4091983175304064
405,3,0.7623680087507337,0.4651629135884341
405,4,0.826168549143839,0.43992977549097256
405,5,0.8305740905608594,0.4138647013345256
406,0,-0.8144278247280727,0.19012744490187047
406,1,-0.8773695737918668,0.17226784464302133
406,2,-0.9074091412807489,0.2339069550162441
406,3,-0.89296197349565,0.2562129516310138
406,4,-0.8348385284868604,0.2656276466797669
406,5,-0.8108235679811805,0.19696291883253622
407,0,0.5311807708781823,-0.7205403009462865
407,1,0.4728707325457587,-0.6912387523962463
407,2,0.4653944472869706,-0.693917684338616
407,3,0.4368618400387028,-0.7607219824486547
407,4,0.48585691080693805,-0.7929903255194273
407,5,0.5117781518197504,-0.7862869402272219
408,0,0.17763940061174482,0.9138975677564938
408,1,0.15389465328033491,0.9265302267790838
408,2,0.09525462313118586,0.8911357866641733
408,3,0.11830727219971843,0.8302955474222389
408,4,0.12594878663782236,0.8270737778549864
408,5,0.19191450064977628,0.8571475599207656
409,0,-0.6524544611136607,-0.5254842182763143
409,1,-0.7213866270749762,-0.5031299822528121
409,2,-0.7491612201309693,-0.5544138571845495
409,3,-0.7401264537352722,-0.5799791578346155
409,4,-0.673011852629076,-0.5933874671796837
409,5,-0.648924206971387,-0.5331963311223062
410,0,0.8981308806528205,-0.017199829962493134
410,1,0.9385735330032641,-0.07234463769399825
410,2,0.9279025383573121,-0.09742457391237545
410,3,0.872917688264131,-0.11638692327447928
410,4,0.8371775930978923,-0.05348487078606045
410,5,0.8398696233158508,-0.04516232382585128
411,0,-0.5658377784442226,0.676307555319719
411,1,-0.581898609559927,0.6058345486425297
411,2,-0.5897222905172796,0.6014023328507817
411,3,-0.6513082442893904,0.6201396596045564
411,4,-0.6440270962292668,0.6880620172926692
411,5,-0.6189837724912964,0.6994450324198548
412,0,-0.039566557590748896,-0.88204429039738
412,1,0.019654177457521557,-0.84088606901767
412,2,0.02871843940522785,-0.8429715319116208
412,3,0.0613429651701621,-0.898279727678226
412,4,0.010166308348282055,-0.9434693425199349
412,5,-0.016139378798518456,-0.934862069754249
413,0,0.5543046856279684,0.6341434721062608
413,1,0.5488984647593489,0.6420028728752754
413,2,0.5622249200540611,0.7045927694476359
413,3,0.6304720780567404,0.7033805838585018
413,4,0.6440951580734429,0.6791290952537888
413,5,0.6256998444000859,0.6245572957256161
414,0,-0.8381841178201169,-0.09322499134625038
414,1,-0.8844082189565045,-0.03802243539337626
414,2,-0.9346744037982938,-0.06567887988285079
414,3,-0.9410601814259626,-0.09293296177168843
414,4,-0.89155254136452,-0.13985839832278196
414,5,-0.8395421477230068,-0.10283321585506436
415,0,0.6818128313600479,-0.4982679265497841
415,1,0.6787169688270733,-0.5700132623431574
415,2,0.7343509652183972,-0.5835796934203673
415,3,0.7575906706614594,-0.5677480958321859
415,4,0.7526925928707418,-0.49976440900526253
415,5,0.6895473604799535,-0.491897484073287
416,0,-0.11567166797827917,0.8799091722809584
416,1,-0.16625590351062366,0.8290647785252843
416,2,-0.17650672246149354,0.8296111943588766
416,3,-0.21760479158767101,0.8779662527243695
416,4,-0.17538860395285666,0.9314150002700055
416,5,-0.14735747903076124,0.9273466480649526
417,0,-0.5003599890187923,-0.8061798088995638
417,1,-0.4331756560441276,-0.7952240989768699
417,2,-0.43072373922860774,-0.7320674809331268
417,3,-0.43810992890829314,-0.7245114896911782
417,4,-0.5096703405561184,-0.7279009504141409
417,5,-0.5183588539116196,-0.7841356016054601
418,0,0.8135473505953306,0.23859696946481504
418,1,0.868592006696093,0.19277497849069747
418,2,0.912869577737272,0.22817517464322357
418,3,0.9145270497388073,0.25680912945961964
418,4,0.8575914501492058,0.2940330204156314
418,5,0.8132046798678916,0.24924035933755487
419,0,-0.8487936427099562,0.4287960097246373
419,1,-0.8318863602207045,0.36290409888237385
419,2,-0.7691963481058174,0.3658358002649551
419,3,-0.7619533504034586,0.374273560749152
419,4,-0.77172538728102,0.4450581937148399
419,5,-0.8281048504390849,0.44889008291873167
420,0,0.26881022558690554,-0.8505213370721109
420,1,0.30766342654302914,-0.8913470904284553
420,2,0.3366507759066323,-0.8905126883756093
420,3,0.36855861987953176,-0.8305427569416238
420,4,0.3204899981651563,-0.7903994734485633
420,5,0.30930241854428825,-0.7917221152230614
421,0,0.3536128712112299,0.8850552477683334
421,1,0.2896590327669138,0.8623294731386104
421,2,0.2979090660084518,0.8004256876962034
421,3,0.3071962645101022,0.7937368507334417
421,4,0.37670219230366536,0.8097807916583952
421,5,0.3756886782082855,0.8659466941995345
422,0,-0.8257665686916766,-0.34314205145191373
422,1,-0.7637080429896238,-0.3782427897215833
422,2,-0.7613572692048547,-0.3895913325228695
422,3,-0.7970151316592647,-0.44061227394174546
422,4,-0.8595281764396756,-0.4142552164826736
422,5,-0.8628945877479941,-0.3850918033658195
423,0,0.8417617582170817,-0.30509961192234253
423,1,0.9243758710312524,-0.2964763197159995
423,2,0.8862889725437822,-0.213814798657519
423,3,0.8257357174092357,-0.2272106893530592
423,4,0.8196496905696846,-0.2374011460027326
424,0,-0.44444870612794163,0.7297533990431152
424,1,-0.41523391956712846,0.7945307740880381
424,2,-0.48185715732059486,0.8440018165749101
424,3,-0.509638850668303,0.7572155863199788
424,4,-0.45614504886608814,0.7262467834821703
425,0,-0.2307380540099455,-0.8674150602110708
425,1,-0.16551970995127652,-0.8393866991476968
425,2,-0.15440385595406567,-0.844771859039217
425,3,-0.1359683678598022,-0.903615869568184
425,4,-0.21506485647406642,-0.9489908443497089
426,0,0.6853380363108038,0.5194255779841235
426,1,0.7114597469993192,0.5750450409808816
426,2,0.8006213640747969,0.5551481901422636
426,3,0.7569791344806033,0.4844306851708371
426,4,0.690010328052216,0.5076117702885056
427,0,-0.8527518993903637,0.09196341331621044
427,1,-0.8865372110615262,0.15423850367445893
427,2,-0.9664933958713501,0.13165892714894778
427,3,-0.9140865050549477,0.056720758111034164
427,4,-0.8573294418740861,0.08000972413911007
428,0,0.5502499334290566,-0.7133982725574437
428,1,0.5673299112625808,-0.6447587942996893
428,2,0.5790527416875884,-0.6389003715817151
428,3,0.6363556429264117,-0.6600343398743733
428,4,0.6244789580589906,-0.7508251835581242
429,0,0.04678936443198829,0.9766637294022521
429,1,0.07618951807067331,0.8988416677308174
429,2,0.017305115883767028,0.8597249521934762
429,3,0.004546893235070709,0.8633871329125389
429,4,-0.023307085885204887,0.9175733535041721
430,0,-0.6950202737750271,-0.6893187491963326
430,1,-0.6640833899245369,-0.6121424517985977
430,2,-0.5943050070848597,-0.6229964615100209
430,3,-0.5872545334744429,-0.6345241507504414
430,4,-0.6033126239662344,-0.6930718226089678
431,0,0.9140444917680713,0.1035452091066501
431,1,0.8627811267537012,0.07138560952123758
431,2,0.860142545238361,0.05784783229457765
431,3,0.9042922000668133,0.0028491425827677
431,4,0.9793090893747028,0.03881253421902345
432,0,-0.7492133349047385,0.6336327688978021
432,1,-0.6695653936570443,0.6094265607492616
432,2,-0.6741253359391345,0.5391266253187982
432,3,-0.6853356409557654,0.5308507603438628
432,4,-0.7446868944300461,0.5417807105047433
433,0,0.1329793748572913,-0.8539641166153733
433,1,0.08222351261786648,-0.9027631349031637
433,2,0.12457894970372804,-0.9745242335783008
433,3,0.1832590431352218,-0.9035201613178946
433,4,0.14709279982750564,-0.855490005831966
434,0,0.4699657968663562,0.7311951534420245
434,1,0.4757407623040632,0.7908891913276869
434,2,0.5670813062084255,0.8036596890868286
434,3,0.5497575486799716,0.7221812491958313
434,4,0.47949491938995387,0.7203771858050793
435,0,-0.8412312546871344,-0.20745217582403108
435,1,-0.8942745236168159,-0.16139180389981783
435,2,-0.9621441319376612,-0.20973229552758035
435,3,-0.8860128011841241,-0.26201866661652057
435,4,-0.8415355481321896,-0.2220932947251021
436,0,0.7613198614935021,-0.41591428186175233
436,1,0.7694274785019868,-0.4855796106785933
436,2,0.8521542893778048,-0.4958558731616395
436,3,0.8311957094936673,-0.405774066710169
436,4,0.7716433764142203,-0.4051066702331091
437,0,-0.23970927675337458,0.8788274414306717
437,1,-0.29374120717184504,0.9423730441551655
437,2,-0.33909726685423114,0.8616440789220984
437,3,-0.2957697904311876,0.8210026265430503
437,4,-0.2806817051777695,0.8220025823428532
438,0,-0.3487911172821583,-0.7966962820077292
438,1,-0.33687003460705117,-0.8062644135601693
438,2,-0.3324494565056477,-0.8653126653099013
438,3,-0.4205045321106305,-0.8943430097754264
438,4,-0.4173501459228444,-0.8109423506442823
439,0,0.7940143109139103,0.3675055205057987
439,1,0.8305740905608594,0.4138647013345256
439,2,0.9152685088952889,0.3758410143795647
439,3,0.8565318947285249,0.316486079163841
439,4,0.796355888551627,0.352153286298135
440,0,-0.9298424778025276,0.34151944612809615
440,1,-0.8464010908033274,0.34554398609947556
440,2,-0.8261487057768309,0.27859164086243954
440,3,-0.8348385284868604,0.2656276466797669
440,4,-0.89296197349565,0.2562129516310138
441,0,0.4554443872343641,-0.8809439063403691
441,1,0.39126351166880796,-0.8275059078349519
441,2,0.4213303870657882,-0.7644872617718942
441,3,0.4368618400387028,-0.7607219824486547
441,4,0.48585691080693805,-0.7929903255194273
442,0,0.27069467218882387,0.8755520364016728
442,1,0.20610741689181122,0.8493379352287984
442,2,0.19191450064977628,0.8571475599207656
442,3,0.17763940061174482,0.9138975677564938
442,4,0.25953798582706944,0.9583339713847266
443,0,-0.791940039399815,-0.4633489192249921
443,1,-0.8397241978039051,-0.531950835638885
443,2,-0.7491612201309693,-0.5544138571845495
443,3,-0.7213866270749762,-0.5031299822528121
443,4,-0.72661752517,-0.48756721796133545
444,0,0.872917688264131,-0.11638692327447928
444,1,0.9279025383573121,-0.09742457391237545
444,2,0.9796551155224207,-0.1751850007341822
444,3,0.8980281970941493,-0.1934413319708409
444,4,0.8661942407383775,-0.13153423147790627
445,0,-0.5658377784442226,0.676307555319719
445,1,-0.6189837724912964,0.6994450324198548
445,2,-0.6047255563144276,0.7918998479324004
445,3,-0.5321731580355289,0.7501184782929637
445,4,-0.5504619005342621,0.6829931169210013
446,0,-0.11435282086898807,-0.9136935411802704
446,1,-0.05569873647530456,-0.8764982790389807
446,2,-0.039566557590748896,-0.88204429039738
446,3,-0.016139378798518456,-0.934862069754249
446,4,-0.08913539113524813,-0.993520007443847
447,0,0.6339207474543459,0.6093868020430449
447,1,0.7022811158920789,0.597251633148443
447,2,0.7376640787826271,0.6731295495610802
447,3,0.6440951580734429,0.6791290952537888
447,4,0.6256998444000859,0.6245572957256161
448,0,-0.8844082189565045,-0.03802243539337626
448,1,-0.9346744037982938,-0.06567887988285079
448,2,-0.9998414766440733,0.0019508704364534224
448,3,-0.9223829273066929,0.03396890086634634
448,4,-0.8801301089099203,-0.020985982464610083
449,0,0.6787169688270733,-0.5700132623431574
449,1,0.663944408628961,-0.5797729075209621
449,2,0.6580495630779117,-0.6487895408728513
449,3,0.7360172877928656,-0.6769627405330624
449,4,0.736069510828137,-0.6769059574484679
449,5,0.7343509652183972,-0.5835796934203673
450,0,-0.11567166797827917,0.8799091722809584
450,1,-0.14735747903076124,0.9273466480649526
450,2,-0.08756866760771137,0.9961584856103021
450,3,-0.08462518670298189,0.9964128550834163
450,4,-0.0470895924961797,0.923992158433919
450,5,-0.09791850357330838,0.8770738502313719
451,0,-0.5183588539116196,-0.7841356016054601
451,1,-0.6078348208852755,-0.794063492750652
451,2,-0.6109655587496526,-0.7916571770796529
451,3,-0.5900728426319419,-0.7140088326266502
451,4,-0.5209227238840413,-0.7137083223713045
451,5,-0.5096703405561184,-0.7279009504141409
452,0,0.868592006696093,0.19277497849069747
452,1,0.912869577737272,0.22817517464322357
452,2,0.9843024910475484,0.17648967708506616
452,3,0.9853568600082643,0.1705047167519242
452,4,0.9184614886137709,0.12806822937728235
452,5,0.8672463541623106,0.1745327306226081
453,0,-0.7647104516618859,0.5265269046334998
453,1,-0.7581864868664435,0.45781869952910426
453,2,-0.77172538728102,0.4450581937148399
453,3,-0.8281048504390849,0.44889008291873167
453,4,-0.8455590970103023,0.5338818347379148
453,5,-0.8414498643671489,0.5403351975917419
454,0,0.26881022558690554,-0.8505213370721109
454,1,0.30766342654302914,-0.8913470904284553
454,2,0.2639039843222023,-0.9645489552422246
454,3,0.25523393011287643,-0.96687933110556
454,4,0.20855123045430374,-0.9058447475049687
454,5,0.2500691457359903,-0.8507868515179164
455,0,0.3756886782082855,0.8659466941995345
455,1,0.45570777951327407,0.8901294398519135
455,2,0.4655717573884297,0.8850101348132964
455,3,0.45858892951549235,0.8097728599749633
455,4,0.39085839925706223,0.7971436316292038
455,5,0.37670219230366536,0.8097807916583952
456,0,-0.9411276178910181,-0.3380514854911569
456,1,-0.8861562769974867,-0.2877154429113764
456,2,-0.8276557937153343,-0.3241072593286259
456,3,-0.8257665686916766,-0.34314205145191373
456,4,-0.8628945877479941,-0.3850918033658195
456,5,-0.9370889323540432,-0.34909072296404486
457,0,0.8417617582170817,-0.30509961192234253
457,1,0.9243758710312524,-0.2964763197159995
457,2,0.950732261988658,-0.31001317071042245
457,3,0.9415440651830213,-0.336889853392219
457,4,0.9219554951616504,-0.38729583646256277
457,5,0.8487890346486793,-0.38681067281749304
457,6,0.8301955771325731,-0.3205332851999648
458,0,-0.41523391956712846,0.7945307740880381
458,1,-0.48185715732059486,0.8440018165749101
458,2,-0.49175471055308484,0.8707337736925401
458,3,-0.42755509343028153,0.9039892931234437
458,4,-0.4180493426693122,0.9084243210602388
458,5,-0.36505634318891655,0.8595381606575511
458,6,-0.3959881813612806,0.7981434160826089
459,0,-0.2307380540099455,-0.8674150602110708
459,1,-0.2475171888552392,-0.8569761014260977
459,2,-0.3117108675843479,-0.8814474560722554
459,3,-0.3060642838186433,-0.9520108477168634
459,4,-0.24298017990326418,-0.970031253194544
459,5,-0.22539370678851428,-0.9742677644981041
459,6,-0.21506485647406642,-0.9489908443497089
460,0,0.7623680087507337,0.4651629135884341
460,1,0.7569791344806033,0.4844306851708371
460,2,0.8006213640747969,0.5551481901422636
460,3,0.8241685932801255,0.5663445328160757
460,4,0.857728610000272,0.5141027441932218
460,5,0.8689425371247093,0.4949129894994406
460,6,0.826168549143839,0.43992977549097256
461,0,-0.8865372110615262,0.15423850367445893
461,1,-0.8773695737918668,0.17226784464302133
461,2,-0.9074091412807489,0.2339069550162441
461,3,-0.9749368995235496,0.22248155417339213
461,4,-0.9891765099647812,0.1467304744553606
461,5,-0.990281516574506,0.1390773810901551
461,6,-0.9664933958713501,0.13165892714894778
462,0,0.5311807708781823,-0.7205403009462865
462,1,0.5117781518197504,-0.7862869402272219
462,2,0.56813462400916,-0.8229356287110011
462,3,0.5956993044924338,-0.8032075314806444
462,4,0.6365219280261263,-0.7712586045820836
462,5,0.6244789580589906,-0.7508251835581242
462,6,0.5502499334290566,-0.7133982725574437
463,0,0.04678936443198829,0.9766637294022521
463,1,0.07618951807067331,0.8988416677308174
463,2,0.09525462313118586,0.8911357866641733
463,3,0.15389465328033491,0.9265302267790838
463,4,0.1371580399289096,0.9905491770138722
463,5,0.051620978176998684,0.9986667485262788
464,0,-0.6950202737750271,-0.6893187491963326
464,1,-0.7124194177231359,-0.7017539264236633
464,2,-0.7409511253549593,-0.6715589548470182
464,3,-0.7707161776078606,-0.6371786041397883
464,4,-0.7401264537352722,-0.5799791578346155
464,5,-0.673011852629076,-0.5933874671796837
464,6,-0.6640833899245369,-0.6121424517985977
465,0,0.9793090893747028,0.03881253421902345
465,1,0.9993415299410364,0.036283695168889504
465,2,0.9987954562051724,-0.04906767432741799
465,3,0.9987093186204853,-0.0507907166774212
465,4,0.9385735330032641,-0.07234463769399825
465,5,0.8981308806528205,-0.017199829962493134
465,6,0.9042922000668133,0.0028491425827677
466,0,-0.7492133349047385,0.6336327688978021
466,1,-0.6695653936570443,0.6094265607492616
466,2,-0.6513082442893904,0.6201396596045564
466,3,-0.6440270962292668,0.6880620172926692
466,4,-0.701485704162697,0.7126835250343346
466,5,-0.7409511253549597,0.6715589548470176
466,6,-0.7615724981623798,0.6480797250668409
467,0,0.12457894970372804,-0.9745242335783008
467,1,0.08222351261786648,-0.9027631349031637
467,2,0.0613429651701621,-0.898279727678226
467,3,0.010166308348282055,-0.9434693425199349
467,4,0.03561212061829164,-0.9993656872562057
467,5,0.04906767432741767,-0.9987954562051724
467,6,0.12395228270658962,-0.9922881797198966
468,0,0.6304720780567404,0.7033805838585018
468,1,0.6492855496188343,0.7605447225878095
468,2,0.5956993044924325,0.8032075314806455
468,3,0.5787414188836331,0.8155111097149808
468,4,0.5670813062084255,0.8036596890868286
468,5,0.5497575486799716,0.7221812491958313
468,6,0.5622249200540611,0.7045927694476359
469,0,-0.8942745236168159,-0.16139180389981783
469,1,-0.89155254136452,-0.13985839832278196
469,2,-0.9410601814259626,-0.09293296177168843
469,3,-0.9925506603725708,-0.12183261711862539
469,4,-0.9892661454160705,-0.14612492440932207
469,5,-0.9890718720624357,-0.14743416122089398
469,6,-0.9775774696458381,-0.21057609275708428
469,7,-0.9621441319376612,-0.20973229552758035
470,0,0.7526925928707418,-0.49976440900526253
470,1,0.7694274785019868,-0.4855796106785933
470,2,0.8521542893778048,-0.4958558731616395
470,3,0.8631317184030697,-0.5049788477615315
470,4,0.8577286100002715,-0.5141027441932224
470,5,0.8139464312892889,-0.5809399340649867
470,6,0.7575906706614594,-0.5677480958321859
471,0,-0.21760479158767101,0.8779662527243695
471,1,-0.17538860395285666,0.9314150002700055
471,2,-0.20719161466622776,0.9783003806663889
471,3,-0.24032707693373498,0.9706919676666159
471,4,-0.24497658805609382,0.9695289945661217
471,5,-0.2956156290590311,0.9553069662972385
471,6,-0.29374120717184504,0.9423730441551655
471,7,-0.23970927675337458,0.8788274414306717
472,0,-0.5003599890187923,-0.8061798088995638
472,1,-0.5081629399336299,-0.8612609514415536
472,2,-0.42755509343028264,-0.9039892931234431
472,3,-0.42735317686723806,-0.904084764953751
472,4,-0.4205045321106305,-0.8943430097754264
472,5,-0.4173501459228444,-0.8109423506442823
472,6,-0.4331756560441276,-0.7952240989768699
473,0,0.8565318947285249,0.316486079163841
473,1,0.8575914501492058,0.2940330204156314
473,2,0.9145270497388073,0.25680912945961964
473,3,0.9567111085243138,0.29103926681150555
473,4,0.9423955830627041,0.33450047088742046
473,5,0.9411396254106641,0.3380180549643386
473,6,0.9256818805440754,0.37830286283926556
473,7,0.9152685088952889,0.3758410143795647
474,0,-0.8487936427099562,0.4287960097246373
474,1,-0.8318863602207045,0.36290409888237385
474,2,-0.8464010908033274,0.34554398609947556
474,3,-0.9298424778025276,0.34151944612809615
474,4,-0.9381311463322537,0.34628016443529036
474,5,-0.9039892931234434,0.4275550934302819
474,6,-0.9020378882488558,0.43165686391339236
475,0,0.3366507759066323,-0.8905126883756093
475,1,0.3727858802507816,-0.927917392597881
475,2,0.4275550934302831,-0.9039892931234428
475,3,0.4580719730969881,-0.8889151070057434
475,4,0.4554443872343641,-0.8809439063403691
475,5,0.39126351166880796,-0.8275059078349519
475,6,0.36855861987953176,-0.8305427569416238
476,0,0.27069467218882387,0.8755520364016728
476,1,0.2896590327669138,0.8623294731386104
476,2,0.3536128712112299,0.8850552477683334
476,3,0.3521198722216471,0.9359549110863252
476,4,0.34049305957052967,0.9402470294472086
476,5,0.3299268380219328,0.944006505037359
476,6,0.26255490009790355,0.9649170557278899
476,7,0.25953798582706944,0.9583339713847266
477,0,-0.8595281764396756,-0.4142552164826736
477,1,-0.8921266138724385,-0.4517854632682388
477,2,-0.8577286100002728,-0.5141027441932206
477,3,-0.8452903795517218,-0.534307190890508
477,4,-0.8397241978039051,-0.531950835638885
477,5,-0.791940039399815,-0.4633489192249921
477,6,-0.7970151316592647,-0.44061227394174546
478,0,0.8980281970941493,-0.1934413319708409
478,1,0.8862889725437822,-0.213814798657519
478,2,0.9243758710312524,-0.2964763197159995
478,3,0.950732261988658,-0.31001317071042245
478,4,0.9680209870137362,-0.2508692262932069
478,5,0.9724046457055455,-0.23330067511748068
478,6,0.9842468830667798,-0.17679952820448502
478,7,0.9796551155224207,-0.1751850007341822
479,0,-0.5321731580355289,0.7501184782929637
479,1,-0.509638850668303,0.7572155863199788
479,2,-0.48185715732059486,0.8440018165749101
479,3,-0.49175471055308484,0.8707337736925401
479,4,-0.5141027441932223,0.8577286100002718
479,5,-0.5956993044924331,0.8032075314806452
479,6,-0.6063869410227442,0.7951697163229238
479,7,-0.6047255563144276,0.7918998479324004
480,0,-0.21506485647406642,-0.9489908443497089
480,1,-0.22539370678851428,-0.9742677644981041
480,2,-0.15845430946275102,-0.9873663108556434
480,3,-0.13743837203207582,-0.9905103199326964
480,4,-0.0897506345919416,-0.9959642682297112
480,5,-0.08913539113524813,-0.993520007443847
480,6,-0.11435282086898807,-0.9136935411802704
480,7,-0.1359683678598022,-0.903615869568184
481,0,0.8006213640747969,0.5551481901422636
481,1,0.8241685932801255,0.5663445328160757
481,2,0.8032075314806447,0.5956993044924337
481,3,0.7409511253549598,0.6715589548470177
481,4,0.7389358085923377,0.6737758312524933
481,5,0.7376640787826271,0.6731295495610802
481,6,0.7022811158920789,0.597251633148443
481,7,0.7114597469993192,0.5750450409808816
482,0,-0.9140865050549477,0.056720758111034164
482,1,-0.9223829273066929,0.03396890086634634
482,2,-0.9998414766440733,0.0019508704364534224
482,3,-0.9999980480301892,0.0019758380023437334
482,4,-0.9991229049399102,0.04187386803765832
482,5,-0.9979857540862274,0.06343843189222388
482,6,-0.990281516574506,0.1390773810901551
482,7,-0.9664933958713501,0.13165892714894778
483,0,0.6244789580589906,-0.7508251835581242
483,1,0.6365219280261263,-0.7712586045820836
483,2,0.668993699659259,-0.7432680739922961
483,3,0.6805462638134083,-0.7327051131318867
483,4,0.7360172877928656,-0.6769627405330624
483,5,0.6580495630779117,-0.6487895408728513
483,6,0.6363556429264117,-0.6600343398743733
484,0,0.04678936443198829,0.9766637294022521
484,1,-0.023307085885204887,0.9175733535041721
484,2,-0.0470895924961797,0.923992158433919
484,3,-0.08462518670298189,0.9964128550834163
484,4,-0.05314554493603477,0.9985867769269988
484,5,-0.0350393341889153,0.9993859339912672
484,6,0.04906767432741877,0.9987954562051722
484,7,0.051620978176998684,0.9986667485262788
485,0,-0.6950202737750271,-0.6893187491963326
485,1,-0.6033126239662344,-0.6930718226089678
485,2,-0.5900728426319419,-0.7140088326266502
485,3,-0.6109655587496526,-0.7916571770796529
485,4,-0.6584638376273916,-0.7526123667180921
485,5,-0.677920681526478,-0.7351350553188682
485,6,-0.7124194177231359,-0.7017539264236633
486,0,0.9184614886137709,0.12806822937728235
486,1,0.9853568600082643,0.1705047167519242
486,2,0.9891246987770159,0.1470793332500436
486,3,0.9895651184853078,0.14408635007230464
486,4,0.9987954562051724,0.04906767432741755
486,5,0.9993415299410364,0.036283695168889504
486,6,0.9793090893747028,0.03881253421902345
486,7,0.9140444917680713,0.1035452091066501
487,0,-0.7950233061245698,0.6065788841682167
487,1,-0.8134977891332956,0.5815680072659087
487,2,-0.8414498643671489,0.5403351975917419
487,3,-0.7647104516618859,0.5265269046334998
487,4,-0.7446868944300461,0.5417807105047433
487,5,-0.7492133349047385,0.6336327688978021
487,6,-0.7615724981623798,0.6480797250668409
488,0,0.12457894970372804,-0.9745242335783008
488,1,0.1832590431352218,-0.9035201613178946
488,2,0.20855123045430374,-0.9058447475049687
488,3,0.25523393011287643,-0.96687933110556
488,4,0.2429801799032623,-0.9700312531945445
488,5,0.14673047445536158,-0.9891765099647809
488,6,0.12395228270658962,-0.9922881797198966
489,0,0.45858892951549235,0.8097728599749633
489,1,0.4655717573884297,0.8850101348132964
489,2,0.5009434647266394,0.8654800085199369
489,3,0.5297501077527556,0.8481537734019368
489,4,0.5787414188836331,0.8155111097149808
489,5,0.5670813062084255,0.8036596890868286
489,6,0.4757407623040632,0.7908891913276869
490,0,-0.8860128011841241,-0.26201866661652057
490,1,-0.8861562769974867,-0.2877154429113764
490,2,-0.9411276178910181,-0.3380514854911569
490,3,-0.941544065183021,-0.3368898533922192
490,4,-0.967870964848067,-0.2514474008695895
490,5,-0.9702677945687704,-0.24203389602007036
490,6,-0.9775774696458381,-0.21057609275708428
490,7,-0.9621441319376612,-0.20973229552758035
491,0,0.8311957094936673,-0.405774066710169
491,1,0.8487890346486793,-0.38681067281749304
491,2,0.9219554951616504,-0.38729583646256277
491,3,0.9090359532405231,-0.4167176930682134
491,4,0.8940935730708715,-0.44788021009346046
491,5,0.8631317184030697,-0.5049788477615315
491,6,0.8521542893778048,-0.4958558731616395
492,0,-0.36505634318891655,0.8595381606575511
492,1,-0.33909726685423114,0.8616440789220984
492,2,-0.29374120717184504,0.9423730441551655
492,3,-0.2956156290590311,0.9553069662972385
492,4,-0.33085504807300625,0.9436815867466148
492,5,-0.35968737254473987,0.9330728771279667
492,6,-0.4180493426693122,0.9084243210602388
493,0,-0.3117108675843479,-0.8814474560722554
493,1,-0.3060642838186433,-0.9520108477168634
493,2,-0.3293431104303414,-0.9442103132311508
493,3,-0.3609871467529454,-0.9325707908138487
493,4,-0.42735317686723806,-0.904084764953751
493,5,-0.4205045321106305,-0.8943430097754264
493,6,-0.3324494565056477,-0.8653126653099013
494,0,0.8305740905608594,0.4138647013345256
494,1,0.826168549143839,0.43992977549097256
494,2,0.8689425371247093,0.4949129894994406
494,3,0.8927955142324749,0.45046217351334916
494,4,0.9089815181883407,0.41683641826503004
494,5,0.9256818805440754,0.37830286283926556
494,6,0.9152685088952889,0.3758410143795647
495,0,-0.9298424778025276,0.34151944612809615
495,1,-0.89296197349565,0.2562129516310138
495,2,-0.9074091412807489,0.2339069550162441
495,3,-0.9749368995235496,0.22248155417339213
495,4,-0.9709160896236606,0.23942002194866596
495,5,-0.9637191446836811,0.26691835862329505
495,6,-0.9415440651830213,0.33688985339221855
495,7,-0.9381311463322537,0.34628016443529036
496,0,0.5117781518197504,-0.7862869402272219
496,1,0.48585691080693805,-0.7929903255194273
496,2,0.4554443872343641,-0.8809439063403691
496,3,0.4580719730969881,-0.8889151070057434
496,4,0.4992670547284825,-0.8664481565926184
496,5,0.5339085082748048,-0.8455422548824941
496,6,0.56813462400916,-0.8229356287110011
497,0,0.25953798582706944,0.9583339713847266
497,1,0.26255490009790355,0.9649170557278899
497,2,0.24298017990326315,0.9700312531945442
497,3,0.1467304744553614,0.989176509964781
497,4,0.1371580399289096,0.9905491770138722
497,5,0.15389465328033491,0.9265302267790838
497,6,0.17763940061174482,0.9138975677564938
498,0,-0.8452903795517218,-0.534307190890508
498,1,-0.8397241978039051,-0.531950835638885
498,2,-0.7491612201309693,-0.5544138571845495
498,3,-0.7401264537352722,-0.5799791578346155
498,4,-0.7707161776078606,-0.6371786041397883
498,5,-0.7913202719349673,-0.611401854122777
498,6,-0.8164146858255943,-0.5774660689324492
499,0,0.9928144709437159,-0.11966380524097256
499,1,0.9887885534575859,-0.14932245829497565
499,2,0.9842468830667798,-0.17679952820448502
499,3,0.9796551155224207,-0.1751850007341822
499,4,0.9279025383573121,-0.09742457391237545
499,5,0.9385735330032641,-0.07234463769399825
499,6,0.9987093186204853,-0.0507907166774212
500,0,-0.6047255563144276,0.7918998479324004
500,1,-0.6063869410227442,0.7951697163229238
500,2,-0.6507763153769814,0.7592695090311209
500,3,-0.6829447372127386,0.7304700445010893
500,4,-0.701485704162697,0.7126835250343346
500,5,-0.6440270962292668,0.6880620172926692
500,6,-0.6189837724912964,0.6994450324198548
501,0,-0.08913539113524813,-0.993520007443847
501,1,-0.0897506345919416,-0.9959642682297112
501,2,-0.05719731611087388,-0.9983628934559382
501,3,-0.015734051164682118,-0.9998762121552583
501,4,0.03561212061829164,-0.9993656872562057
501,5,0.010166308348282055,-0.9434693425199349
501,6,-0.016139378798518456,-0.934862069754249
502,0,0.6440951580734429,0.6791290952537888
502,1,0.7376640787826271,0.6731295495610802
502,2,0.7389358085923377,0.6737758312524933
502,3,0.6953821723019086,0.7186401286072736
502,4,0.6634757579659654,0.7481977803973275
502,5,0.6492855496188343,0.7605447225878095
502,6,0.6304720780567404,0.7033805838585018
503,0,-0.9993713415625427,-0.035453091028622444
503,1,-0.9967806682282442,-0.08017667644929592
503,2,-0.9925506603725708,-0.12183261711862539
503,3,-0.9410601814259626,-0.09293296177168843
503,4,-0.9346744037982938,-0.06567887988285079
503,5,-0.9998414766440733,0.0019508704364534224
503,6,-0.9999980480301892,0.0019758380023437334
504,0,0.7343509652183972,-0.5835796934203673
504,1,0.736069510828137,-0.6769059574484679
504,2,0.7409511253549594,-0.6715589548470181
504,3,0.7808399374618308,-0.6247311358213262
504,4,0.8067850694111255,-0.5908450319460133
504,5,0.8139464312892889,-0.5809399340649867
504,6,0.7575906706614594,-0.5677480958321859
505,0,-0.12777547579915852,0.9918031194669125
505,1,-0.17361591494207176,0.9848134412561738
505,2,-0.20719161466622776,0.9783003806663889
505,3,-0.17538860395285666,0.9314150002700055
505,4,-0.14735747903076124,0.9273466480649526
505,5,-0.08756866760771137,0.9961584856103021
506,0,-0.5003599890187923,-0.8061798088995638
506,1,-0.5081629399336299,-0.8612609514415536
506,2,-0.513193712664972,-0.8582728081916275
506,3,-0.5403681053341404,-0.8414287318231956
506,4,-0.5956993044924332,-0.803207531480645
506,5,-0.6078348208852755,-0.794063492750652
506,6,-0.5183588539116196,-0.7841356016054601
507,0,0.9145270497388073,0.25680912945961964
507,1,0.9567111085243138,0.29103926681150555
507,2,0.9642804252203011,0.2648834867200202
507,3,0.9757237989214247,0.21900472190878276
507,4,0.9843024910475484,0.17648967708506616
507,5,0.912869577737272,0.22817517464322357
508,0,-0.8778932332338822,0.4788564200699001
508,1,-0.8560301325125566,0.5169259252838212
508,2,-0.8455590970103023,0.5338818347379148
508,3,-0.8281048504390849,0.44889008291873167
508,4,-0.8487936427099562,0.4287960097246373
508,5,-0.9020378882488558,0.43165686391339236
509,0,0.30766342654302914,-0.8913470904284553
509,1,0.3366507759066323,-0.8905126883756093
509,2,0.3727858802507816,-0.927917392597881
509,3,0.3535452115443768,-0.9354174380425253
509,4,0.3083648887482948,-0.951268151147326
509,5,0.2639039843222023,-0.9645489552422246
510,0,0.3536128712112299,0.8850552477683334
510,1,0.3521198722216471,0.9359549110863252
510,2,0.39204668129804077,0.9199453242900866
510,3,0.43544430903792863,0.9002156706736898
510,4,0.45570777951327407,0.8901294398519135
510,5,0.3756886782082855,0.8659466941995345
511,0,-0.8628945877479941,-0.3850918033658195
511,1,-0.8595281764396756,-0.4142552164826736
511,2,-0.8921266138724385,-0.4517854632682388
511,3,-0.8985027468988309,-0.4389678961100179
511,4,-0.9186494105396139,-0.395073740604485
511,5,-0.9370889323540431,-0.34909072296404486
