# replicates_el_e3.csv -- memory-two Wright-Fisher run el_e3 (parameters: runs.csv), one row per (game, replicate),
# 5120 rows, ipt order 0..511, replicates 1..10 within a game.
# Reduced by provenance/robustness/reduce.py from the packed files el_e3.{idx,win,rep} and atoms512.bin.
# Columns:
#   ipt      the game (data/games/games.csv)
#   rep      the replicate, 1..10
#   seed     the replicate's seed: seed_base + (isl - 1)*10 + rep, seed_base = 21000000 (runs.csv), isl from games_el_e3.csv
#   E        the replicate's realised efficiency over its sampled second half (the .rep, 8 decimals)
#   R_abc    the share of the replicate's sampled population in the atom abc (the .rep, 8 decimals); the ten
#            replicates of a game average to the pooled S_abc of games_el_e3.csv within 4.6e-09
#   top          the replicate's most abundant strategy over its sampled half (the .win 'rank1'): its integer code
#                0..65535 of the Methods (the genome read as a binary number; ALLD = 0, ALLC = 65535)
#   top_atom     its atom at this game as the integer code 4*efficient + 2*stable + competitive (0..7; 101 = 5 never
#                occurs); e.g. 7 = 111 (a friendly rival), 6 = 110, 4 = 100
#   top_share    its share of the replicate's sampled population (the .win 'abund')
#   top_selfpay  its per-round payoff against itself at this game (the .win 'selfpay')
ipt,rep,seed,E,R_000,R_100,R_010,R_001,R_110,R_011,R_111,top,top_atom,top_share,top_selfpay
0,1,21013661,0.97012774,0.04038527,0.0330924,0.01171022,0.00202283,0.9105338,0.00106862,0.00118686,14473,6,0.05503372,0.9930415
0,2,21013662,0.91472078,0.05692859,0.03731888,0.14804268,0.00201756,0.75494773,0.00074451,6e-08,23497,6,0.04264012,0.9960004
0,3,21013663,0.95519058,0.06876097,0.04833922,0.01839929,0.00407535,0.86033196,9.269e-05,5.2e-07,61337,6,0.03616197,0.9940262
0,4,21013664,0.97277662,0.03064912,0.02367848,0.02671326,0.00116989,0.91778867,3.7e-07,2.1e-07,37003,6,0.04366291,0.9950042
0,5,21013665,0.94811794,0.04465937,0.02877652,0.07819072,0.00137111,0.84284926,0.00024402,0.00390901,33241,6,0.03499604,0.9950101
0,6,21013666,0.94828271,0.03964092,0.02649554,0.07917874,0.00110126,0.85259927,0.00098424,3e-08,37423,6,0.05411107,0.9940213
0,7,21013667,0.94827412,0.02809424,0.02011198,0.09499561,0.00118178,0.85507404,0.0005423,5e-08,36908,2,0.05908386,0.6641648
0,8,21013668,0.9592851,0.0521917,0.0334148,0.02033643,0.00414772,0.88944105,0.00046813,1.7e-07,37515,6,0.03375853,0.9945073
0,9,21013669,0.9569964,0.03048378,0.0268145,0.06416053,0.00378413,0.87464977,0.00010723,6e-08,40137,6,0.04144465,0.9940272
0,10,21013670,0.94407019,0.0302159,0.02137806,0.10280951,0.00150636,0.8438643,0.0002258,6e-08,33097,6,0.03865737,0.9930382
1,1,21013691,0.99453871,0.00075216,0.0,3.72e-06,1.591e-05,0.99922807,0.0,1.5e-07,36879,6,0.05890065,0.9948199
1,2,21013692,0.99372704,0.00155135,0.0,3.79e-06,2.264e-05,0.9966591,0.0,0.00176312,36281,6,0.05186268,0.9948268
1,3,21013693,0.99433406,0.00142486,0.0,4.37e-06,1.539e-05,0.99855523,1e-08,1.3e-07,35225,6,0.04057775,0.9948268
1,4,21013694,0.99442336,0.00072773,0.0,4.91e-06,1.599e-05,0.99925126,1e-08,1.1e-07,6553,6,0.03782864,0.9948229
1,5,21013695,0.99446227,0.00047641,0.0,4.41e-06,1.677e-05,0.9995012,1e-08,1.2e-06,39785,6,0.0241482,0.9950405
1,6,21013696,0.99439502,0.0006351,0.0,0.00031266,1.636e-05,0.9990358,1e-08,7e-08,44889,6,0.05316535,0.9948209
1,7,21013697,0.99349735,0.00209421,0.0,0.00215635,1.417e-05,0.99516504,0.0,0.00057023,33323,6,0.0299898,0.9936389
1,8,21013698,0.99005617,0.00470224,0.0,0.00807212,0.00011941,0.98710586,1e-08,3.6e-07,27945,6,0.03130529,0.9931512
1,9,21013699,0.9930004,0.00418137,0.0,4.06e-06,1.884e-05,0.99579569,1e-08,3e-08,38729,6,0.0374812,0.9956275
1,10,21013700,0.99429034,0.00060764,0.0,4.05e-06,1.589e-05,0.99937084,1e-08,1.57e-06,33689,6,0.0392059,0.9942324
2,1,21013721,0.97659496,0.04068002,0.01842241,1.58e-06,0.00330867,0.92990135,0.00768593,4e-08,37419,6,0.06534755,0.994811
2,2,21013722,0.9627346,0.05256598,0.0208665,0.03516883,0.00308757,0.88831099,1.1e-07,2e-08,32841,6,0.03019606,0.9954056
2,3,21013723,0.96291665,0.04907554,0.01707387,0.0404302,0.00178009,0.87863025,1.4e-07,0.01300992,33305,6,0.08258806,0.9945171
2,4,21013724,0.96098581,0.04555974,0.01622204,0.05373151,0.00160528,0.88061174,0.00226957,1.2e-07,8428,2,0.03440143,0.6926616
2,5,21013725,0.94876925,0.06278768,0.01891051,0.067135,0.00316217,0.84743463,4.67e-05,0.0005233,8933,2,0.04452351,0.6931506
2,6,21013726,0.95454732,0.05659376,0.01859923,0.05757507,0.00257485,0.85363793,0.00200184,0.00901731,33421,6,0.03636485,0.9951054
2,7,21013727,0.9333027,0.05768004,0.01370391,0.1262292,0.00308359,0.79930308,1.1e-07,7e-08,8948,2,0.11038192,0.6940281
2,8,21013728,0.9618387,0.03883975,0.01326296,0.04343426,0.00299571,0.89169103,0.00977598,3.2e-07,33321,6,0.06193345,0.9948112
2,9,21013729,0.97405371,0.05381357,0.01452626,0.00415608,0.00208148,0.89406144,1.2e-07,0.03136105,37597,6,0.02942902,0.9948098
2,10,21013730,0.96894592,0.05410974,0.02266697,0.01169829,0.00361628,0.9070791,0.0008296,3e-08,32861,6,0.03869163,0.9948118
3,1,21013751,0.95815492,0.02819723,0.0,0.06359809,0.00078109,0.9067149,0.00070838,3e-07,35113,6,0.03907596,0.9925912
3,2,21013752,0.95358125,0.03379367,0.0,0.05929964,0.00152482,0.8929438,0.00049078,0.0119473,34955,6,0.03880438,0.9946272
3,3,21013753,0.96508933,0.02909715,0.0,0.03128636,0.0013747,0.91215816,0.00120691,0.02487672,39769,6,0.03655362,0.9966228
3,4,21013754,0.95445786,0.03016569,0.0,0.06326217,0.00313712,0.90329794,0.000137,8e-08,37705,6,0.04040089,0.9952559
3,5,21013755,0.94720279,0.03288398,0.0,0.07840568,0.00214041,0.88530095,0.00126894,4e-08,38444,2,0.03994338,0.6636035
3,6,21013756,0.96501281,0.02344952,0.0,0.04705046,0.00108884,0.92786489,0.00054626,3e-08,8153,6,0.07017069,0.9966232
3,7,21013757,0.97401104,0.02019218,0.0,0.02136794,0.00148955,0.95516317,0.00028675,0.0015004,34585,6,0.06108479,0.9932779
3,8,21013758,0.95784631,0.0331601,0.0,0.05122149,0.00089289,0.91433691,0.00038859,3e-08,32813,6,0.05318481,0.9939493
3,9,21013759,0.95444451,0.04127079,0.0,0.05292581,0.0019411,0.89667196,0.00014775,0.0070426,37273,6,0.02913742,0.9966168
3,10,21013760,0.94511599,0.0407941,0.0,0.07763005,0.00133456,0.87930762,0.00093365,3e-08,38986,2,0.04345915,0.6634835
4,1,21013781,0.99550699,0.00054878,0.0,2.58e-06,1.742e-05,0.99943103,1e-08,1.7e-07,36975,6,0.03266156,0.9942661
4,2,21013782,0.99546597,0.00057579,0.0,2.71e-06,1.791e-05,0.99856434,2e-08,0.00083924,34089,6,0.02946933,0.9942647
4,3,21013783,0.99553319,0.00058079,0.0,2.72e-06,1.738e-05,0.9993988,2e-08,2.9e-07,35499,6,0.03246639,0.9942526
4,4,21013784,0.99528112,0.00053334,0.0,2.8e-06,1.864e-05,0.99944515,2e-08,6e-08,23497,6,0.06887731,0.9962453
4,5,21013785,0.99535608,0.00144999,0.0,2.88e-06,1.71e-05,0.99852995,3e-08,6e-08,57289,6,0.04216476,0.9962502
4,6,21013786,0.99518722,0.0008603,0.0,3.15e-06,1.729e-05,0.99911914,2e-08,1e-07,48121,6,0.04273382,0.9966864
4,7,21013787,0.9957837,0.00061527,0.0,2.71e-06,2.001e-05,0.99936188,2e-08,1e-07,34473,6,0.04494592,0.9946916
4,8,21013788,0.99520178,0.00054651,0.0,2.68e-06,1.652e-05,0.99943346,2e-08,8.1e-07,29209,6,0.02713843,0.9958141
4,9,21013789,0.99528072,0.00160933,0.0,2.95e-06,1.822e-05,0.99836936,1e-08,1.3e-07,23001,6,0.03791879,0.9971155
4,10,21013790,0.99492865,0.00123109,0.0,2.77e-06,1.97e-05,0.9987463,3e-08,1.1e-07,26953,6,0.07340272,0.9929075
5,1,21013811,0.96459213,0.05493,0.01058304,0.00212592,0.0094462,0.92124681,0.001668,4e-08,32793,6,0.07905037,0.9946176
5,2,21013812,0.95604249,0.08096769,0.01880608,0.00603698,0.00388943,0.88849557,0.00180412,1.3e-07,37323,6,0.03338599,0.9939252
5,3,21013813,0.95788512,0.07120659,0.01213061,0.00745285,0.00492622,0.90243307,0.00185058,8e-08,35083,6,0.0714688,0.9946135
5,4,21013814,0.95734822,0.059698,0.00790675,0.02309652,0.00477301,0.90302926,0.00149641,4e-08,33099,6,0.04040192,0.9939269
5,5,21013815,0.96522398,0.06046564,0.01359565,0.00202386,0.00558238,0.9175434,0.00078892,1.5e-07,33353,6,0.03779147,0.9953077
5,6,21013816,0.95579801,0.06619011,0.01261459,0.01696072,0.00798445,0.89562697,0.00062312,3e-08,24651,6,0.04397474,0.9968
5,7,21013817,0.96323451,0.06093425,0.00967961,0.00786143,0.0051002,0.91405511,0.00236934,6e-08,34345,6,0.04013242,0.9949608
5,8,21013818,0.95135672,0.07673742,0.01253366,0.02160526,0.00494342,0.87644095,0.00773921,9e-08,34265,6,0.05960099,0.9932516
5,9,21013819,0.95710513,0.04009171,0.01164911,0.04286631,0.0028055,0.89446986,0.0081174,1e-07,32969,6,0.05031812,0.9953042
5,10,21013820,0.95402281,0.07815759,0.01474355,0.00583577,0.00614159,0.88201264,0.00111367,0.01199519,59721,6,0.03660832,0.9959037
6,1,21013841,0.99429239,0.00039262,0.0,1.061e-05,1.474e-05,0.99958175,2.1e-07,5e-08,33867,6,0.03494611,0.992818
6,2,21013842,0.99462936,0.00041689,0.0,0.00066708,1.441e-05,0.99890119,2e-07,2.2e-07,61769,6,0.03802019,0.9932323
6,3,21013843,0.9941666,0.00042224,0.0,1.133e-05,1.325e-05,0.99955272,2.4e-07,2.3e-07,14553,6,0.05861327,0.9902795
6,4,21013844,0.94544585,0.0036242,0.0,0.1453442,1.621e-05,0.85101511,2e-07,8e-08,37208,2,0.14532427,0.6650565
6,5,21013845,0.99443705,0.00040969,0.0,1.087e-05,1.421e-05,0.99956325,2.8e-07,1.7e-06,35689,6,0.04656144,0.9920388
6,6,21013846,0.99405173,0.00039587,0.0,1.088e-05,1.529e-05,0.99957657,2e-07,1.19e-06,37209,6,0.04858735,0.9963926
6,7,21013847,0.99451294,0.00045781,0.0,1.155e-05,1.631e-05,0.99951408,1.9e-07,5e-08,20143,6,0.02244155,0.9917636
6,8,21013848,0.99422955,0.00046781,0.0,1.137e-05,1.638e-05,0.99950414,2.1e-07,1e-07,23191,6,0.03083244,0.9899454
6,9,21013849,0.99445802,0.00043665,0.0,1.166e-05,1.383e-05,0.99953692,1.9e-07,7.5e-07,61583,6,0.03843177,0.996395
6,10,21013850,0.99460767,0.00043061,0.0,0.00022169,1.487e-05,0.99489436,1.9e-07,0.00443829,58077,6,0.02609044,0.9948008
7,1,21013871,0.98354107,0.03078514,0.02197119,0.01759401,0.00308324,0.92656612,1.7e-07,1.4e-07,6553,6,0.06792756,0.9956404
7,2,21013872,0.98357375,0.04107998,0.03099127,0.00554742,0.00100864,0.92137249,9e-08,1e-07,32537,6,0.03443654,0.9968918
7,3,21013873,0.97309432,0.05541089,0.03158554,0.03816655,0.00190985,0.87292696,1.1e-07,9e-08,33069,6,0.04178211,0.9950872
7,4,21013874,0.96465308,0.03621929,0.02702474,0.11300756,0.00170223,0.82204598,1.5e-07,5e-08,8948,2,0.07243585,0.8088036
7,5,21013875,0.94741138,0.04595131,0.02242019,0.1810188,0.00267129,0.74793827,9e-08,5e-08,8428,2,0.16503468,0.807211
7,6,21013876,0.9770905,0.05763748,0.03697044,0.00264574,0.00290569,0.89135635,0.00845766,2.665e-05,21977,6,0.02808873,0.9961469
7,7,21013877,0.95388852,0.08551452,0.03221434,0.09501722,0.0011576,0.78609611,1.2e-07,1e-07,8380,2,0.0669187,0.8088036
7,8,21013878,0.97121439,0.06901708,0.04095037,0.03218781,0.00107678,0.85676726,1.2e-07,5.8e-07,7961,6,0.02554119,0.99224
7,9,21013879,0.9739368,0.06651231,0.03397454,0.01674907,0.00136123,0.88140261,1.5e-07,1e-07,33373,6,0.02792131,0.9952698
7,10,21013880,0.96378374,0.05933312,0.02508562,0.07140706,0.00076475,0.84340919,2.3e-07,3e-08,33835,6,0.03363531,0.9956361
8,1,21013901,0.96316458,0.02313008,0.01124856,0.04116568,0.00274821,0.91619801,0.00211358,0.00339588,52185,6,0.04458714,0.9947397
8,2,21013902,0.95982262,0.04148444,0.0190398,0.01717364,0.00466115,0.91277947,0.0021367,0.0027248,26953,6,0.07940151,0.9917304
8,3,21013903,0.96080056,0.04234273,0.01581387,0.01556954,0.00408144,0.90876323,0.00360359,0.0098256,33481,6,0.03718382,0.99473
8,4,21013904,0.96793962,0.02948546,0.01006366,0.02220877,0.00244715,0.93441238,0.00138255,2e-08,38025,6,0.05251734,0.9947247
8,5,21013905,0.92316815,0.04496533,0.01384072,0.10632825,0.00578004,0.82807957,0.0010056,4.9e-07,39946,2,0.04669568,0.6638564
8,6,21013906,0.9625624,0.04704516,0.02500432,0.00417553,0.00605407,0.9135162,0.00129584,0.00290887,36953,6,0.08363072,0.9934808
8,7,21013907,0.94772724,0.03890916,0.01155126,0.06644466,0.00328733,0.86623157,0.00166235,0.01191368,33803,6,0.0593046,0.9947337
8,8,21013908,0.96014631,0.04492512,0.01515014,0.01424802,0.00461802,0.91952737,0.00153128,5e-08,32779,6,0.04010743,0.994735
8,9,21013909,0.95783426,0.05548575,0.02052574,0.01449317,0.00565401,0.90308764,0.00075362,6e-08,38681,6,0.03566707,0.9954592
8,10,21013910,0.94777206,0.04932873,0.01136702,0.04468379,0.00599704,0.88503244,0.00114501,0.00244597,53209,6,0.04227132,0.9947417
9,1,21013931,0.99516226,0.00044855,0.0,7.57e-06,1.409e-05,0.99952959,0.0,2e-07,29801,6,0.03392989,0.9967394
9,2,21013932,0.99555579,0.00050894,0.0,8.17e-06,1.67e-05,0.99946608,0.0,1.1e-07,47263,6,0.0272452,0.9942516
9,3,21013933,0.99567328,0.00048244,0.0,7.78e-06,1.721e-05,0.99949221,0.0,3.6e-07,36217,6,0.03930186,0.9947474
9,4,21013934,0.99522772,0.00050759,0.0,7.83e-06,1.708e-05,0.99946655,0.0,9.5e-07,54649,6,0.0305727,0.9951302
9,5,21013935,0.99506967,0.0004793,0.0,7.51e-06,1.524e-05,0.99949775,0.0,2e-07,36911,6,0.02654016,0.9941299
9,6,21013936,0.99508775,0.00047797,0.0,7.7e-06,1.41e-05,0.99949744,0.0,2.79e-06,57947,6,0.02977212,0.9954888
9,7,21013937,0.9950326,0.00047921,0.0,7.62e-06,1.586e-05,0.999497,0.0,3e-07,29257,6,0.03097511,0.9967406
9,8,21013938,0.9953786,0.00046361,0.0,7.86e-06,1.46e-05,0.99951384,0.0,1e-07,23417,6,0.02653231,0.9961134
9,9,21013939,0.99520341,0.00045304,0.0,7.57e-06,1.434e-05,0.99952484,0.0,2.1e-07,33485,6,0.04036313,0.9947444
9,10,21013940,0.99512097,0.00047026,0.0,7.53e-06,1.453e-05,0.99950761,0.0,7e-08,32911,6,0.03016985,0.9947456
10,1,21013961,0.93612424,0.15752407,0.06190609,0.0573168,0.00712405,0.71389726,0.00223138,3.4e-07,37193,6,0.06403714,0.9952085
10,2,21013962,0.95374881,0.10608526,0.05042419,0.0577803,0.00779146,0.77386542,0.00405313,2.4e-07,5097,6,0.06486185,0.9915042
10,3,21013963,0.91785617,0.1499903,0.0485759,0.1689247,0.00853703,0.62099813,0.00297387,7e-08,37199,6,0.03407385,0.9952124
10,4,21013964,0.95423781,0.10571912,0.05793983,0.01579465,0.01519093,0.79895157,0.00640386,5e-08,33113,6,0.04584695,0.9957436
10,5,21013965,0.95373466,0.11853698,0.07006295,0.01818515,0.02342912,0.7664508,0.00333488,1.2e-07,37193,6,0.05670911,0.9952085
10,6,21013966,0.94087439,0.13840845,0.06825633,0.0374849,0.007601,0.73234894,0.00090917,0.01499121,4537,6,0.06218664,0.9917525
10,7,21013967,0.94602901,0.13353682,0.05994534,0.0363111,0.01551845,0.74281593,0.00738395,0.00448841,55431,6,0.02963625,0.996217
10,8,21013968,0.94879871,0.11995756,0.06218407,0.05569094,0.00921051,0.74563581,9e-08,0.00732102,32925,6,0.02839647,0.9954675
10,9,21013969,0.94686666,0.12613094,0.06710377,0.04276403,0.00715097,0.75622929,0.00062095,5e-08,34137,6,0.05551696,0.9954759
10,10,21013970,0.91744094,0.1574079,0.05810584,0.1844339,0.0135638,0.58648839,1.1e-07,6e-08,8884,2,0.1497634,0.8584106
11,1,21013991,0.98829403,0.00292827,0.0,0.01328909,1.511e-05,0.98376662,8.7e-07,4e-08,6121,6,0.03493102,0.9933881
11,2,21013992,0.99317801,0.00032224,0.0,6.32e-06,1e-05,0.99966064,7.4e-07,8e-08,33241,6,0.04604209,0.9941905
11,3,21013993,0.99323713,0.00063609,0.0,7.77e-06,2.581e-05,0.99667555,8.4e-07,0.00265395,18599,6,0.02741708,0.9901293
11,4,21013994,0.98699178,0.00160375,0.0,0.01891836,1.196e-05,0.97946504,8e-07,8e-08,7577,6,0.06008431,0.9941948
11,5,21013995,0.98949488,0.00058921,0.0,0.01016226,1.129e-05,0.98923635,8.1e-07,9e-08,51335,6,0.04844551,0.9927312
11,6,21013996,0.99338973,0.00113126,0.0,7.602e-05,1.437e-05,0.99877749,7.1e-07,1.6e-07,63497,6,0.02560204,0.996179
11,7,21013997,0.98068646,0.00121334,0.0,0.0272686,1.275e-05,0.97150436,8.7e-07,8e-08,39353,6,0.04735485,0.9952803
11,8,21013998,0.99209111,0.00249571,0.0,6.7e-06,1.251e-05,0.99748247,8e-07,1.81e-06,37833,6,0.04333813,0.9943747
11,9,21013999,0.92499141,0.00435148,0.0,0.20229602,0.00012991,0.79322174,8.2e-07,3e-08,36970,2,0.13500518,0.6623716
11,10,21014000,0.98788684,0.00737161,0.0,0.00870358,2.246e-05,0.98389929,8.2e-07,2.23e-06,53209,6,0.04318144,0.9941977
12,1,21014021,0.99599514,0.00299782,0.0,9e-07,2.024e-05,0.99698091,3e-08,1e-07,62329,6,0.04434701,0.9972341
12,2,21014022,0.99614242,0.00070231,0.0,1e-06,2.016e-05,0.99927646,1e-08,6e-08,28777,6,0.03314156,0.9969741
12,3,21014023,0.99592829,0.00081908,0.0,8.4e-07,2.071e-05,0.99915919,1e-08,1.7e-07,40425,6,0.04373901,0.9964687
12,4,21014024,0.9960338,0.00074156,0.0,1.01e-06,1.976e-05,0.99923722,2e-08,4.2e-07,42905,6,0.04136645,0.9924907
12,5,21014025,0.9960497,0.00163153,0.0,9.6e-07,2.281e-05,0.99084679,4e-08,0.00749787,36697,6,0.04453295,0.9955004
12,6,21014026,0.9959991,0.00072924,0.0,1.07e-06,2.172e-05,0.99924785,2e-08,1e-07,26953,6,0.04227704,0.9939945
12,7,21014027,0.99607086,0.00071746,0.0,8.9e-07,2.156e-05,0.99926003,1e-08,5e-08,24797,6,0.03803729,0.9964755
12,8,21014028,0.99596013,0.00145979,0.0,8.6e-07,2.032e-05,0.99851896,2e-08,5e-08,37193,6,0.03527864,0.9944925
12,9,21014029,0.99614957,0.00106848,0.0,1.03e-06,2.277e-05,0.99890766,2e-08,4e-08,43241,6,0.03894636,0.9920393
12,10,21014030,0.99615394,0.00141792,0.0,1.08e-06,2.091e-05,0.99855997,2e-08,9e-08,65369,6,0.03965833,0.9974884
13,1,21014051,0.95509256,0.05622036,0.02923413,0.00625627,0.00907472,0.875241,0.00513835,0.01883517,33835,6,0.05134603,0.9951732
13,2,21014052,0.94960582,0.06762061,0.03758572,0.00887743,0.01271767,0.87038941,0.00195471,0.00085445,35609,6,0.06526567,0.9931309
13,3,21014053,0.96045673,0.05830424,0.01905233,0.00208103,0.00586203,0.8933062,0.00388413,0.01751004,33929,6,0.05216153,0.9951666
13,4,21014054,0.95152249,0.07065753,0.02998351,0.00579243,0.01000458,0.87121869,0.00244187,0.00990138,32809,6,0.05463486,0.9947607
13,5,21014055,0.94621979,0.07202691,0.02845079,0.00699652,0.01113238,0.87692501,0.00446832,6e-08,4537,6,0.05765864,0.988989
13,6,21014056,0.96150338,0.05304585,0.0238879,0.0058838,0.00529782,0.90620131,0.00242276,0.00326056,37387,6,0.04089711,0.9947611
13,7,21014057,0.93651426,0.08924617,0.02744448,0.01378748,0.01370653,0.85267721,0.00313783,3.1e-07,37135,6,0.03568163,0.9943569
13,8,21014058,0.9550628,0.06324906,0.02648089,0.00119615,0.01162368,0.86271933,0.00694733,0.02778356,36937,6,0.08319489,0.9951742
13,9,21014059,0.95530054,0.06334008,0.02507016,0.00070737,0.01152561,0.89664504,0.00153735,0.0011744,34089,6,0.04426467,0.9943519
13,10,21014060,0.94015412,0.078646,0.0264992,0.00883672,0.01339064,0.86366259,0.00466911,0.00429575,32841,6,0.03786198,0.9951732
14,1,21014081,0.99420082,0.0004021,0.0,1.778e-05,1.367e-05,0.99956612,1.6e-07,1.8e-07,53623,6,0.01822592,0.992225
14,2,21014082,0.9940784,0.00035333,0.0,1.695e-05,1.31e-05,0.99961617,1.6e-07,2.9e-07,15961,6,0.04919191,0.9927662
14,3,21014083,0.99410142,0.00038717,0.0,1.818e-05,1.388e-05,0.99958045,1.6e-07,1.5e-07,56169,6,0.02128851,0.993632
14,4,21014084,0.99437577,0.00038835,0.0,1.79e-05,1.301e-05,0.99958032,1.6e-07,2.6e-07,33273,6,0.03156332,0.9890878
14,5,21014085,0.9943113,0.00037746,0.0,1.724e-05,1.362e-05,0.99959091,1.5e-07,6.1e-07,33501,6,0.0357661,0.992511
14,6,21014086,0.99438084,0.00038548,0.0,1.752e-05,1.423e-05,0.99958135,1.6e-07,1.26e-06,25993,6,0.03326358,0.9930047
14,7,21014087,0.99418936,0.00038314,0.0,1.766e-05,1.317e-05,0.99958584,1.6e-07,3e-08,14073,6,0.03087466,0.9945015
14,8,21014088,0.99480991,0.00039831,0.0,1.796e-05,1.321e-05,0.99956905,1.7e-07,1.3e-06,32799,6,0.05307851,0.9925288
14,9,21014089,0.99361896,0.00037397,0.0,1.755e-05,1.2e-05,0.99959499,1.7e-07,1.32e-06,54711,6,0.03304024,0.9979843
14,10,21014090,0.99442015,0.00039341,0.0,1.764e-05,1.281e-05,0.98649211,1.7e-07,0.01308386,32859,6,0.02546699,0.9925197
15,1,21014111,0.97422683,0.4007132,0.03699428,0.17665733,0.03413876,0.35149534,4.1e-07,6.7e-07,8429,2,0.0703292,0.9921609
15,2,21014112,0.97093078,0.39157337,0.02386162,0.12601333,0.01754402,0.38430983,0.0566976,2.2e-07,52002,2,0.02338715,0.9933016
15,3,21014113,0.96463059,0.38131204,0.03704626,0.19580337,0.05132052,0.33451662,3.9e-07,8e-07,8380,2,0.12215275,0.9926389
15,4,21014114,0.97176257,0.29839246,0.03367643,0.41205864,0.00644881,0.248927,4.1e-07,0.00049625,8933,2,0.117382,0.9911701
15,5,21014115,0.96832477,0.45247114,0.05142847,0.13800521,0.00613773,0.34311789,0.00883944,1.1e-07,8868,2,0.06015304,0.9906821
15,6,21014116,0.96357008,0.34734355,0.03984609,0.31627354,0.04364249,0.24228989,0.01060438,6e-08,8444,2,0.18934787,0.9926409
15,7,21014117,0.96976237,0.25130004,0.02056348,0.48219561,0.02710727,0.21883325,2.2e-07,1.2e-07,8420,2,0.1385931,0.9906821
15,8,21014118,0.97252772,0.37580502,0.02389782,0.30290219,0.02233474,0.2626651,0.01239503,1e-07,8884,2,0.06357015,0.9926399
15,9,21014119,0.96795079,0.32307914,0.03578926,0.18349285,0.03027301,0.41195802,0.01456396,0.00084377,8420,2,0.05160543,0.9906821
15,10,21014120,0.96767429,0.31852245,0.04836266,0.31262292,0.05688286,0.26360849,1.9e-07,4.3e-07,8357,2,0.11828054,0.991171
16,1,21014141,0.83338157,0.0370281,0.0271508,0.40032773,0.00383726,0.52867807,0.00297801,3e-08,36872,2,0.21540452,0.6636453
16,2,21014142,0.96118578,0.03461149,0.03095383,0.01543049,0.00366832,0.91194504,0.00339078,6e-08,33241,6,0.0455275,0.9943199
16,3,21014143,0.94692615,0.03940984,0.02652267,0.06162437,0.00319719,0.86733937,0.00190652,4e-08,32815,6,0.04968947,0.993485
16,4,21014144,0.88507757,0.04563727,0.02889197,0.2099097,0.00488976,0.70505131,0.00478984,0.00083015,36872,2,0.13976103,0.6636453
16,5,21014145,0.95792472,0.03606851,0.02198544,0.02981644,0.00401838,0.90604521,0.00182251,0.00024352,24843,6,0.04471616,0.9941381
16,6,21014146,0.93859996,0.0454259,0.0276197,0.08874863,0.00249704,0.8352878,0.00042087,5e-08,36313,6,0.04651949,0.9926561
16,7,21014147,0.93128111,0.06606672,0.0267874,0.06429717,0.00371929,0.83630081,0.00282829,3.2e-07,33931,6,0.0436689,0.9943053
16,8,21014148,0.92583696,0.047902,0.03754906,0.08187423,0.00314113,0.82338385,0.00614961,1.2e-07,37007,6,0.02822326,0.9943147
16,9,21014149,0.92250898,0.0513666,0.02711097,0.10888895,0.00221096,0.80753313,0.00288935,5e-08,35209,6,0.0607404,0.9926549
16,10,21014150,0.95857115,0.0385691,0.03109041,0.02908231,0.00338801,0.89681309,0.00105706,2e-08,37163,6,0.08391471,0.9918164
17,1,21014171,0.99539228,0.00048677,0.0,1.37e-06,3.974e-05,0.79479784,0.0,0.20467428,27341,6,0.02590926,0.996503
17,2,21014172,0.99561402,0.00047374,0.0,1.31e-06,3.803e-05,0.80592318,0.0,0.19356374,34857,6,0.04746131,0.9945217
17,3,21014173,0.9957648,0.00050682,0.0,1.33e-06,4.323e-05,0.79573223,0.0,0.20371639,29421,6,0.03099403,0.9955273
17,4,21014174,0.99580767,0.00049554,0.0,1.37e-06,3.662e-05,0.72713138,0.0,0.2723351,16361,6,0.02822076,0.9960238
17,5,21014175,0.99622467,0.00053441,0.0,1.46e-06,4.223e-05,0.77758102,0.0,0.22184088,38839,6,0.03264605,0.9980072
17,6,21014176,0.99573325,0.00050143,0.0,1.31e-06,4.393e-05,0.71090397,0.0,0.28854935,47305,6,0.02772771,0.9940466
17,7,21014177,0.99594826,0.0005172,0.0,1.39e-06,4.132e-05,0.7359615,0.0,0.2634786,29421,6,0.02402394,0.9955273
17,8,21014178,0.9959752,0.00050608,0.0,1.29e-06,4.474e-05,0.68653856,0.0,0.31290933,60537,6,0.01946218,0.9940408
17,9,21014179,0.9958877,0.00049253,0.0,1.37e-06,3.964e-05,0.78089032,0.0,0.21857614,24057,6,0.05557713,0.9970099
17,10,21014180,0.99566306,0.00047772,0.0,1.31e-06,3.943e-05,0.80551753,0.0,0.193964,34857,6,0.03909044,0.9945217
18,1,21014201,0.93199264,0.15128763,0.02685731,0.01642074,0.02043488,0.77447346,0.00597344,0.00455253,32973,6,0.03847543,0.9957473
18,2,21014202,0.92109912,0.18315735,0.03690728,0.0252284,0.01894161,0.71739504,0.01698461,0.00138571,33035,6,0.0384132,0.9954938
18,3,21014203,0.92952007,0.16116119,0.03530857,0.01412895,0.022639,0.74862794,0.00693991,0.01119444,33323,6,0.0441314,0.9954928
18,4,21014204,0.92293606,0.18497841,0.02843302,0.03294788,0.02315797,0.71357336,0.01690934,2e-08,32843,6,0.05703888,0.9957484
18,5,21014205,0.91994005,0.19084263,0.03201405,0.04734335,0.02583783,0.6980592,0.0044577,0.00144523,37163,6,0.06152415,0.9953671
18,6,21014206,0.92991713,0.16535019,0.02585538,0.02342122,0.03103686,0.74731526,0.00701956,1.53e-06,32905,6,0.03631987,0.9957476
18,7,21014207,0.92412268,0.17956301,0.03516646,0.00878938,0.02994099,0.74282531,0.00371412,7.3e-07,37131,6,0.05141095,0.9954948
18,8,21014208,0.92402346,0.18502378,0.0356101,0.00665735,0.02892712,0.73788818,0.00589342,6e-08,36879,6,0.0367753,0.9957496
18,9,21014209,0.92588494,0.1791206,0.03560076,0.01961311,0.01725313,0.72800891,0.02040343,6e-08,32841,6,0.04495199,0.9957484
18,10,21014210,0.92502004,0.17404243,0.03750588,0.03381814,0.02226199,0.72634744,0.00192171,0.00410241,32875,6,0.03300669,0.9954928
19,1,21014231,0.99384256,0.00040289,0.0,1.933e-05,1.391e-05,0.99956111,7.4e-07,2.02e-06,34191,6,0.02655937,0.9918041
19,2,21014232,0.99361718,0.00034663,0.0,1.821e-05,1.124e-05,0.99962289,7.2e-07,3.1e-07,36875,6,0.04401455,0.9939009
19,3,21014233,0.99334494,0.00037068,0.0,1.85e-05,1.272e-05,0.99959664,7.3e-07,7.3e-07,37579,6,0.02744344,0.9938904
19,4,21014234,0.99340515,0.00033506,0.0,1.718e-05,1.165e-05,0.99963537,7e-07,4e-08,32925,6,0.05584866,0.9918064
19,5,21014235,0.99401246,0.00034088,0.0,1.806e-05,1.288e-05,0.99962737,7.2e-07,8e-08,37849,6,0.06280046,0.9958847
19,6,21014236,0.99266981,0.0003248,0.0,1.714e-05,1.105e-05,0.99964619,7.6e-07,6e-08,33593,6,0.03708313,0.9918185
19,7,21014237,0.99374958,0.00036741,0.0,1.906e-05,1.324e-05,0.99745927,7.6e-07,0.00214026,62969,6,0.03290245,0.9958886
19,8,21014238,0.99344513,0.00035392,0.0,1.814e-05,1.312e-05,0.99961245,7.7e-07,1.6e-06,57321,6,0.04346776,0.9938017
19,9,21014239,0.99366554,0.0003648,0.0,1.857e-05,1.331e-05,0.99960247,7.9e-07,6e-08,31673,6,0.02263241,0.9938006
19,10,21014240,0.99338388,0.00034076,0.0,1.808e-05,1.139e-05,0.99962894,7.2e-07,1.1e-07,57993,6,0.02930005,0.9948365
20,1,21014261,0.98359593,0.19807892,0.17776155,0.07824696,0.00209978,0.54381212,5.5e-07,1.2e-07,8420,2,0.04891264,0.9523372
20,2,21014262,0.97775173,0.1645285,0.16806362,0.2266714,0.000545,0.43081868,1.4e-07,0.00937265,8868,2,0.0932932,0.9523372
20,3,21014263,0.98411788,0.16226826,0.18228624,0.09090986,0.00971481,0.55481987,1.4e-07,8.1e-07,8869,2,0.05079242,0.9528301
20,4,21014264,0.9826289,0.16958624,0.20248642,0.12318537,0.00174564,0.50299592,3.3e-07,8e-08,8428,2,0.05232286,0.9523392
20,5,21014265,0.9766662,0.0918568,0.16785804,0.33757136,0.00015241,0.39603691,0.00652441,8e-08,8364,2,0.17157959,0.9523354
20,6,21014266,0.98170731,0.17110317,0.17665182,0.08596658,0.01648426,0.54922485,4.6e-07,0.00056887,8932,2,0.05584943,0.9523317
20,7,21014267,0.97859756,0.08992714,0.17920434,0.27380427,0.00043191,0.45663212,1.6e-07,5e-08,8356,2,0.15825086,0.9523334
20,8,21014268,0.98274516,0.13777693,0.24030833,0.12992154,0.00155663,0.48787156,0.00256464,3.7e-07,8365,2,0.05369652,0.9538134
20,9,21014269,0.98299261,0.16732,0.16308122,0.13004413,0.01805398,0.52150047,1.4e-07,6e-08,8884,2,0.11734927,0.9542192
20,10,21014270,0.97962616,0.15130644,0.17440416,0.18900804,0.00205245,0.47518054,0.00804833,4e-08,8356,2,0.14289065,0.9523334
21,1,21014291,0.93323942,0.07242889,0.01135663,0.01260607,0.01122117,0.88405016,0.00833666,4.2e-07,6105,6,0.0429369,0.9967892
21,2,21014292,0.94777341,0.05651948,0.00935218,0.01775264,0.01023303,0.90273416,0.00340783,6.7e-07,35211,6,0.03555089,0.9936109
21,3,21014293,0.9541459,0.05406973,0.00832333,0.00734445,0.00626219,0.91603434,0.00457117,0.00339479,33293,6,0.0509175,0.9942108
21,4,21014294,0.94461701,0.05858033,0.00794124,0.00790241,0.01104437,0.90951372,0.00501789,3e-08,37081,6,0.03681863,0.9936197
21,5,21014295,0.96029773,0.0432181,0.00735637,0.00723213,0.00823685,0.92468789,0.00251873,0.00674992,33353,6,0.05017008,0.9948072
21,6,21014296,0.9498705,0.05815324,0.00968223,0.00375832,0.00885709,0.90340677,0.0056686,0.01047374,33113,6,0.07191547,0.9948139
21,7,21014297,0.94116382,0.06629829,0.0121316,0.02019411,0.0098328,0.88114585,0.00531765,0.0050797,33067,6,0.08725861,0.9930257
21,8,21014298,0.94025873,0.06000815,0.00790296,0.02099911,0.00884883,0.8927792,0.00946166,9e-08,34313,6,0.03418067,0.9936179
21,9,21014299,0.95104478,0.04656856,0.0076837,0.01973398,0.00872351,0.91264633,0.00464383,9e-08,39113,6,0.04938177,0.9948149
21,10,21014300,0.94395994,0.05411687,0.00934888,0.01677353,0.00896054,0.89974435,0.00988286,0.00117297,34377,6,0.04089567,0.994806
22,1,21014321,0.99436893,0.00035942,0.0,8.38e-06,3.019e-05,0.79106758,0.0,0.20853443,47081,6,0.03873206,0.994735
22,2,21014322,0.99400782,0.00036712,0.0,8.41e-06,2.873e-05,0.77703225,0.0,0.22256349,46073,6,0.03735401,0.9915164
22,3,21014323,0.99473602,0.00037399,0.0,8.46e-06,3.206e-05,0.7403486,0.0,0.25923689,6073,6,0.05861039,0.9950464
22,4,21014324,0.99434164,0.00034886,0.0,8.34e-06,2.996e-05,0.83185638,0.0,0.16775647,35817,6,0.05646191,0.9919554
22,5,21014325,0.99492426,0.0003906,0.0,8.29e-06,3.527e-05,0.74829098,0.0,0.25127486,38031,6,0.03080697,0.9943575
22,6,21014326,0.99434567,0.00036495,0.0,8.25e-06,3.012e-05,0.78170321,0.0,0.21789347,35867,6,0.04649944,0.9911322
22,7,21014327,0.99440711,0.00037992,0.0,8.33e-06,3.685e-05,0.73568458,0.0,0.26389031,57241,6,0.02740419,0.994735
22,8,21014328,0.99426061,0.00036072,0.0,8.4e-06,3.135e-05,0.80416737,0.0,0.19543215,37961,6,0.02631593,0.9927522
22,9,21014329,0.9945767,0.00036647,0.0,8.25e-06,3.491e-05,0.70982771,0.0,0.28976266,37145,6,0.04839796,0.9963581
22,10,21014330,0.99468286,0.00036861,0.0,8.45e-06,2.793e-05,0.79952413,0.0,0.20007087,35127,6,0.02559797,0.9935668
23,1,21014351,0.98320174,0.07075729,0.00331601,0.01850443,0.00217236,0.81798855,0.0,0.08726135,8356,6,0.2342951,1.0896951
23,2,21014352,0.97630544,0.1443623,0.00700774,0.02608191,0.00508536,0.70763895,0.0,0.10982374,8357,6,0.09535733,1.0901877
23,3,21014353,0.98199981,0.10345268,0.00897117,0.02462509,0.00229334,0.74044147,0.0,0.12021625,8869,6,0.13244023,1.090192
23,4,21014354,0.97540611,0.14616331,0.01135836,0.03400599,0.00468077,0.60505589,0.0,0.19873568,8949,6,0.11091148,1.0923484
23,5,21014355,0.98080046,0.08148822,0.00921425,0.0079875,0.00799449,0.75340543,0.0,0.13991011,8868,6,0.2464358,1.0896994
23,6,21014356,0.95470735,0.20325646,0.01724265,0.05493722,0.00449163,0.63043882,0.0,0.08963321,15444,6,0.08940506,1.0925973
23,7,21014357,0.97526068,0.09801703,0.00855642,0.0505197,0.01437733,0.58756777,0.0,0.24096175,23341,6,0.09003967,1.0933426
23,8,21014358,0.97897091,0.13747108,0.01236798,0.01098419,0.00522419,0.45466055,0.0,0.37929201,19979,7,0.13056695,1.0911775
23,9,21014359,0.97091284,0.17923233,0.02089604,0.02047247,0.00360741,0.67696156,0.0,0.09883019,18308,6,0.08604414,1.0918528
23,10,21014360,0.98171988,0.0949382,0.00531544,0.02116848,0.00236504,0.67896993,0.0,0.19724291,18946,7,0.09381014,1.0896951
24,1,21014381,0.98525253,0.00638275,0.0,0.00801709,9.279e-05,0.98494331,0.00056404,3e-08,39065,6,0.0353337,0.99182
24,2,21014382,0.98213167,0.00790807,0.0,0.01415254,5.696e-05,0.97788119,1.19e-06,6e-08,28715,6,0.04215041,0.9948328
24,3,21014383,0.98659255,0.00509467,0.0,0.00690471,0.00028602,0.98771297,1.28e-06,3.4e-07,63693,6,0.03049184,0.9958797
24,4,21014384,0.99112803,0.00142667,0.0,0.00156983,3.702e-05,0.99656344,8.458e-05,0.00031846,36907,6,0.03027463,0.9928458
24,5,21014385,0.96495444,0.00845596,0.0,0.06132797,6.255e-05,0.92726918,1.31e-06,0.00288303,23001,6,0.06933109,0.9958767
24,6,21014386,0.98873684,0.00621752,0.0,0.00290488,0.00021036,0.99066594,1.26e-06,4e-08,37899,6,0.03637772,0.9938939
24,7,21014387,0.97700728,0.00692873,0.0,0.03147863,0.00023305,0.96135799,1.53e-06,6e-08,33753,6,0.05196598,0.9938946
24,8,21014388,0.96904616,0.00810972,0.0,0.03739923,4.809e-05,0.94842653,0.001046,0.00497043,7001,6,0.03459099,0.9948842
24,9,21014389,0.98129753,0.00950604,0.0,0.01347949,4.181e-05,0.97627407,0.00069845,1.3e-07,33113,6,0.09260678,0.9939008
24,10,21014390,0.98175111,0.012028,0.0,0.00776243,0.00034633,0.97945284,0.0004093,1.1e-06,34169,6,0.05500884,0.9939008
25,1,21014411,0.99707576,0.00071324,0.0,0.0,6.573e-05,0.66454067,0.0,0.33468035,1215,6,0.03210631,0.9964101
25,2,21014412,0.9968845,0.0007059,0.0,0.0,6.285e-05,0.70453984,0.0,0.29469142,62585,6,0.01709629,0.9969096
25,3,21014413,0.99667183,0.00097523,0.0,0.0,5.783e-05,0.65974014,0.0,0.33922679,19591,6,0.02166761,0.9944319
25,4,21014414,0.99689881,0.00100088,0.0,0.0,5.949e-05,0.74243352,0.0,0.2565061,54591,6,0.02337165,0.9985945
25,5,21014415,0.99704176,0.00072862,0.0,0.0,6.145e-05,0.74862343,0.0,0.2505865,32183,6,0.02951902,0.9986967
25,6,21014416,0.99700027,0.00091642,0.0,0.0,6.634e-05,0.65162652,0.0,0.34739072,19639,6,0.0214705,0.9983891
25,7,21014417,0.99693144,0.00092732,0.0,0.0,5.57e-05,0.7427698,0.0,0.25624717,63629,6,0.02550053,0.9974498
25,8,21014418,0.99692923,0.00098015,0.0,0.0,5.44e-05,0.70613786,0.0,0.29282759,23481,6,0.04631968,0.996904
25,9,21014419,0.99709188,0.00074967,0.0,0.0,6.286e-05,0.72507697,0.0,0.2741105,58761,6,0.02122135,0.9969005
25,10,21014420,0.99696979,0.00072535,0.0,0.0,0.0004953,0.65216395,0.0,0.3466154,21567,6,0.02238759,0.9953802
26,1,21014441,0.90605254,0.14824625,0.03101858,0.00630287,0.0301928,0.76315497,0.01497484,0.00610968,37193,6,0.04643457,0.9945447
26,2,21014442,0.87821467,0.18279428,0.03746397,0.00784849,0.03999363,0.68000273,0.02703879,0.02485812,33065,6,0.0783686,0.994781
26,3,21014443,0.91365052,0.13157337,0.03182562,0.0038185,0.02317998,0.76327396,0.02245149,0.02387709,37163,6,0.05024689,0.9947802
26,4,21014444,0.89592732,0.16306195,0.03592453,0.00950809,0.03962839,0.71378794,0.01320412,0.02488498,39177,6,0.03278492,0.995026
26,5,21014445,0.9055579,0.1382408,0.04096483,0.0108479,0.02629624,0.754581,0.02356275,0.00550648,36905,6,0.04106828,0.9952694
26,6,21014446,0.89959374,0.15420537,0.03551858,0.01202345,0.02637039,0.72667884,0.01984751,0.02535585,34825,6,0.0495473,0.9955106
26,7,21014447,0.88007826,0.18929391,0.03175466,0.01393239,0.03275057,0.7095488,0.02271962,6e-08,33097,6,0.06962411,0.9945398
26,8,21014448,0.90723521,0.1375949,0.02628714,0.00964033,0.02857796,0.77218649,0.01031183,0.01540135,33325,6,0.04080936,0.995022
26,9,21014449,0.91069278,0.13490984,0.02832741,0.00940071,0.02940875,0.76025906,0.01061339,0.02708084,36943,6,0.05219434,0.995513
26,10,21014450,0.90842211,0.14238386,0.03037631,0.01525794,0.02295318,0.77174685,0.01613722,0.00114463,36943,6,0.04807288,0.995513
27,1,21014471,0.99310645,0.00032321,0.0,1.634e-05,1.058e-05,0.99964954,2.8e-07,6e-08,32937,6,0.03269325,0.9883648
27,2,21014472,0.99344403,0.00030934,0.0,1.643e-05,1.014e-05,0.99966262,2.8e-07,1.18e-06,58777,6,0.05578932,0.9938035
27,3,21014473,0.99267941,0.00031854,0.0,1.638e-05,1.111e-05,0.99965364,3e-07,3e-08,15209,6,0.02765347,0.9925048
27,4,21014474,0.99291896,0.00032,0.0,1.596e-05,1.264e-05,0.99964268,3e-07,8.4e-06,37085,6,0.03911277,0.9916126
27,5,21014475,0.99317575,0.00033545,0.0,1.656e-05,1.14e-05,0.99963625,2.8e-07,6e-08,26953,6,0.04081323,0.9889547
27,6,21014476,0.99347645,0.00036106,0.0,1.655e-05,1.283e-05,0.99960904,2.9e-07,2.3e-07,22671,6,0.03039189,0.9926158
27,7,21014477,0.99410197,0.00036745,0.0,1.688e-05,1.209e-05,0.99960304,2.7e-07,2.7e-07,30265,6,0.02763176,0.9925218
27,8,21014478,0.99307037,0.00033158,0.0,1.609e-05,1.176e-05,0.99963844,3e-07,1.82e-06,22695,6,0.02742644,0.9897107
27,9,21014479,0.99361561,0.00037295,0.0,1.687e-05,1.247e-05,0.99959727,2.9e-07,1.5e-07,19023,6,0.02894339,0.989957
27,10,21014480,0.99367459,0.00035434,0.0,1.719e-05,1.182e-05,0.99961628,2.9e-07,8e-08,28043,6,0.03657079,0.9930928
28,1,21014501,0.98990771,0.02741492,0.02351831,0.00942271,0.00035943,0.87830101,0.0,0.06098362,15435,6,0.17366948,1.1484603
28,2,21014502,0.99118453,0.04442865,0.01486488,0.00513906,0.00011804,0.90629441,0.0,0.02915495,13772,6,0.29538115,1.1497474
28,3,21014503,0.99234531,0.03407767,0.02571751,0.00148746,0.00066936,0.83455449,0.0,0.10349351,11586,6,0.27514809,1.1487543
28,4,21014504,0.99176068,0.02626878,0.01786003,0.01752376,7.014e-05,0.9382761,0.0,1.18e-06,9667,6,0.28358712,1.1492506
28,5,21014505,0.99255136,0.03290569,0.01830561,0.00265764,0.00079123,0.88957824,0.0,0.05576159,52546,6,0.24798624,1.149416
28,6,21014506,0.99329653,0.02153486,0.01418744,0.00275837,0.00433673,0.95180078,0.0,0.00538182,11339,6,0.13951347,1.1479665
28,7,21014507,0.99246216,0.03151391,0.04842432,0.01047866,6.143e-05,0.90476702,0.0,0.00475466,21954,6,0.21659974,1.1494988
28,8,21014508,0.99359901,0.01823554,0.03224437,0.00348743,0.00180907,0.88411643,0.0,0.06010716,8868,6,0.17447477,1.1464887
28,9,21014509,0.98825915,0.0756672,0.0186964,0.00994283,0.00113439,0.82306432,0.0,0.07149486,8956,6,0.08306884,1.148754
28,10,21014510,0.99620983,0.00368228,0.02795489,0.00097982,0.00014955,0.88079529,0.0,0.08643816,11356,6,0.1368781,1.1487553
29,1,21014531,0.95852848,0.03428585,0.01090852,0.01945108,0.00719084,0.92598379,0.00217985,6e-08,38411,6,0.04832509,0.9926361
29,2,21014532,0.94036495,0.04841907,0.01165517,0.03103901,0.0075672,0.89608422,0.0052353,3e-08,35115,6,0.05527085,0.9917966
29,3,21014533,0.93269744,0.04941972,0.01216026,0.06442408,0.00745466,0.86254137,0.00399988,3e-08,33305,6,0.04131894,0.9918095
29,4,21014534,0.95679918,0.03492009,0.00867408,0.02068897,0.0056216,0.92692124,0.00317392,9e-08,5849,6,0.05849413,0.9909746
29,5,21014535,0.9309035,0.04269019,0.01311312,0.0754226,0.00632089,0.81011365,0.00658537,0.04575419,36697,6,0.06282885,0.9943151
29,6,21014536,0.93977541,0.03665179,0.01087163,0.06034188,0.00814263,0.87899325,0.00499812,6.9e-07,24521,6,0.0530776,0.9946255
29,7,21014537,0.94170994,0.03761555,0.01030009,0.05073301,0.00640047,0.88811294,0.00683787,7e-08,55495,6,0.03778704,0.9933859
29,8,21014538,0.92539689,0.0436084,0.00944596,0.08527224,0.00808058,0.84995843,0.00363436,4e-08,36939,6,0.04260991,0.9943148
29,9,21014539,0.94509083,0.04879783,0.01128473,0.02186367,0.00801309,0.90290684,0.00713346,3.7e-07,33353,6,0.04209676,0.9943155
29,10,21014540,0.92424126,0.06968752,0.01352442,0.06275015,0.00723903,0.83589419,0.00539365,0.00551104,58383,6,0.0410054,0.9963038
30,1,21014561,0.99552405,0.00046151,0.0,1.61e-06,4.144e-05,0.6977564,0.0,0.30173905,34071,6,0.02464416,0.9937272
30,2,21014562,0.99553369,0.00041468,0.0,1.61e-06,3.548e-05,0.77008943,0.0,0.2294588,37423,6,0.02998137,0.9934382
30,3,21014563,0.99525834,0.00039413,0.0,1.64e-06,3.053e-05,0.81736084,0.0,0.18221287,33049,6,0.05170003,0.9947224
30,4,21014564,0.99541794,0.00041276,0.0,1.64e-06,4.408e-05,0.71527496,0.0,0.28426656,23529,6,0.02695307,0.9947782
30,5,21014565,0.99480065,0.00040267,0.0,1.67e-06,3.426e-05,0.8234814,0.0,0.17607998,46681,6,0.02600276,0.9909168
30,6,21014566,0.99532378,0.0003997,0.0,1.57e-06,3.029e-05,0.80098965,0.0,0.1985788,14009,6,0.03345874,0.9947737
30,7,21014567,0.99523941,0.00041899,0.0,1.58e-06,3.473e-05,0.78728694,0.0,0.21225775,36107,6,0.02013851,0.9934295
30,8,21014568,0.99513278,0.00039338,0.0,1.6e-06,3.119e-05,0.81312823,0.0,0.18644561,62841,6,0.03043006,0.9967082
30,9,21014569,0.99539727,0.00041106,0.0,1.65e-06,3.995e-05,0.83164029,0.0,0.16790704,37743,6,0.02268572,0.9967621
30,10,21014570,0.99518376,0.00041446,0.0,1.57e-06,3.434e-05,0.79763738,0.0,0.20191225,60109,6,0.02788804,0.9967007
31,1,21014591,0.95884091,0.16011147,0.01815556,0.04693854,0.02242757,0.62122069,0.0,0.13114618,8868,6,0.11071652,1.0829041
31,2,21014592,0.95603156,0.19520741,0.01142733,0.04450341,0.01589993,0.44314151,0.0,0.28982041,55810,6,0.10105587,1.084379
31,3,21014593,0.96055851,0.18286879,0.01176847,0.02338873,0.00699277,0.53196862,0.0,0.24301262,18987,6,0.10198851,1.0843823
31,4,21014594,0.96346819,0.20432723,0.01399757,0.0166222,0.00731799,0.50361724,0.0,0.25411778,8365,6,0.06323584,1.084379
31,5,21014595,0.95204444,0.20345483,0.01310572,0.05071171,0.00832598,0.5326806,0.0,0.19172115,18316,6,0.05328604,1.0850451
31,6,21014596,0.95822453,0.21129962,0.02236171,0.03608792,0.01355583,0.58542557,0.0,0.13126935,19242,6,0.04850035,1.0850451
31,7,21014597,0.95631673,0.19944061,0.01163189,0.04191276,0.01044707,0.55790251,0.0,0.17866515,8948,6,0.1357208,1.0850429
31,8,21014598,0.9530521,0.23140701,0.02946125,0.06169829,0.01937699,0.54631072,0.0,0.11174573,8868,6,0.03878383,1.0829041
31,9,21014599,0.96981842,0.14400335,0.01466092,0.03237554,0.00588841,0.67004873,0.0,0.13302305,8357,6,0.0794816,1.0833924
31,10,21014600,0.97040464,0.15573777,0.01321016,0.0517335,0.01382832,0.58895856,0.0,0.1765317,18058,6,0.08529785,1.082906
32,1,21014621,0.99291688,0.00033693,0.0,1.811e-05,1.124e-05,0.99963268,9.8e-07,7e-08,51399,6,0.05875749,0.9914759
32,2,21014622,0.99302974,0.0003458,0.0,1.843e-05,1.226e-05,0.99962249,9.5e-07,7e-08,29391,6,0.02757935,0.9955505
32,3,21014623,0.99251178,0.00031989,0.0,1.824e-05,1.057e-05,0.99215299,1.01e-06,0.0074973,43513,6,0.0387684,0.9911412
32,4,21014624,0.99329762,0.00033642,0.0,1.74e-05,1.119e-05,0.99963393,9.7e-07,8e-08,26155,6,0.02713149,0.9938345
32,5,21014625,0.99313124,0.00032554,0.0,1.805e-05,1.093e-05,0.99964425,9.8e-07,2.5e-07,36089,6,0.05476936,0.9911552
32,6,21014626,0.99291919,0.00034985,0.0,1.888e-05,1.233e-05,0.99961783,1e-06,1.3e-07,26731,6,0.02285564,0.9896006
32,7,21014627,0.99229381,0.00030627,0.0,1.736e-05,1.001e-05,0.99966529,1.01e-06,7e-08,32815,6,0.0305969,0.9923519
32,8,21014628,0.99237862,0.0003365,0.0,1.799e-05,1.242e-05,0.99963166,9.7e-07,4.5e-07,13161,6,0.02899771,0.9828029
32,9,21014629,0.99237165,0.00032756,0.0,1.769e-05,1.2e-05,0.99964173,9.6e-07,4e-08,61257,6,0.04182545,0.9911476
32,10,21014630,0.99278149,0.00034454,0.0,1.834e-05,1.137e-05,0.99493647,9.4e-07,0.00468834,34953,6,0.06966113,0.9935633
33,1,21014651,0.99698767,0.13663006,0.2581325,0.0,0.03596239,0.12778335,0.0,0.4414917,47999,7,0.01437954,0.999941
33,2,21014652,0.99619363,0.18449852,0.24664302,0.0,0.04187309,0.16407008,0.0,0.36291528,40311,7,0.0142822,0.9997108
33,3,21014653,0.99713585,0.12334604,0.29422722,0.0,0.02529303,0.2287685,0.0,0.32836521,40831,7,0.01777777,0.999961
33,4,21014654,0.99641547,0.15785099,0.26279159,0.0,0.05241685,0.15818138,0.0,0.3687592,13303,7,0.01237753,0.9996611
33,5,21014655,0.99653719,0.16516897,0.30347302,0.0,0.0463241,0.12548578,0.0,0.35954813,37951,4,0.01703541,0.9999152
33,6,21014656,0.9965291,0.17334394,0.25986994,0.0,0.03080649,0.18293265,0.0,0.35304698,31991,6,0.01653951,0.9991764
33,7,21014657,0.99684263,0.13942248,0.25387674,0.0,0.03087174,0.180103,0.0,0.39572605,62839,7,0.0121699,0.9994612
33,8,21014658,0.99662682,0.1413433,0.2731898,0.0,0.03737975,0.16123379,0.0,0.38685337,1943,6,0.0159151,0.9968968
33,9,21014659,0.99650291,0.14523562,0.27231494,0.0,0.03279027,0.18634938,0.0,0.3633098,11575,4,0.01646368,0.99644
33,10,21014660,0.99656338,0.17009396,0.25169924,0.0,0.03745896,0.18793698,0.0,0.35281087,42493,0,0.01228412,0.9929736
34,1,21014681,0.90358045,0.11142502,0.02298202,0.0,0.02401384,0.80738599,0.01440646,0.01978667,32841,6,0.05225609,0.9950726
34,2,21014682,0.89760068,0.12005784,0.02174689,0.0,0.02391591,0.81706357,0.0172157,1.1e-07,40459,6,0.03227324,0.9923099
34,3,21014683,0.91065002,0.10653107,0.0170743,0.0,0.02328026,0.82750235,0.01229667,0.01331535,34091,6,0.02709847,0.9941485
34,4,21014684,0.89237881,0.12458643,0.02394101,0.0,0.02882456,0.80548163,0.01716628,8e-08,36943,6,0.07681543,0.9950736
34,5,21014685,0.89627043,0.12105905,0.02534791,0.0,0.02297951,0.80005904,0.01797678,0.01257771,32809,6,0.03695048,0.9946103
34,6,21014686,0.90109711,0.11994124,0.02392501,0.0,0.02696952,0.81110762,0.01521483,0.00284179,35883,6,0.03420232,0.9950689
34,7,21014687,0.9065982,0.10730493,0.01743451,0.0,0.02302176,0.81704348,0.01405924,0.02113608,38155,6,0.06300717,0.9941504
34,8,21014688,0.90553941,0.11205645,0.01975546,0.0,0.02254657,0.82758546,0.01805602,4e-08,40489,6,0.050815,0.9927827
34,9,21014689,0.88925212,0.13196011,0.0233332,0.0,0.02971233,0.79518049,0.01473498,0.0050789,36879,6,0.03453141,0.9950745
34,10,21014690,0.90285662,0.11876204,0.02540695,0.0,0.0272561,0.80100385,0.01248589,0.01508517,37385,6,0.04125933,0.9946123
35,1,21014711,0.99395149,0.00032561,0.0,8.72e-06,2.501e-05,0.75335923,0.0,0.24628143,52841,6,0.02187519,0.9879078
35,2,21014712,0.99350101,0.00033529,0.0,8.45e-06,3.129e-05,0.76854638,0.0,0.23107859,34859,6,0.0363882,0.9928965
35,3,21014713,0.99403275,0.00033501,0.0,8.6e-06,2.764e-05,0.73111361,0.0,0.26851514,64505,6,0.03315259,0.9948992
35,4,21014714,0.99405567,0.00032133,0.0,8.53e-06,2.77e-05,0.70546372,0.0,0.29417872,57161,6,0.04160921,0.9938634
35,5,21014715,0.99375784,0.00032781,0.0,8.72e-06,2.941e-05,0.78872073,0.0,0.21091333,52633,6,0.05052016,0.9939328
35,6,21014716,0.99390428,0.00031314,0.0,8.63e-06,2.887e-05,0.81746186,0.0,0.18218749,30201,6,0.05751156,0.9959228
35,7,21014717,0.99367407,0.00032975,0.0,8.62e-06,3.081e-05,0.77222481,0.0,0.22740601,37513,6,0.0521119,0.9929
35,8,21014718,0.99417261,0.00033874,0.0,8.47e-06,3.338e-05,0.70459389,0.0,0.29502552,52601,6,0.04389985,0.9939244
35,9,21014719,0.99411669,0.00032827,0.0,8.64e-06,3.096e-05,0.68985967,0.0,0.30977247,30665,6,0.04382425,0.9938644
35,10,21014720,0.99319772,0.0002684,0.0,8.55e-06,2.143e-05,0.88746771,0.0,0.11223391,61433,6,0.11182359,0.993943
36,1,21014741,0.98829056,0.03513284,0.02034486,0.00456559,0.00125962,0.93869588,0.0,1.2e-06,52436,6,0.1580374,1.2736878
36,2,21014742,0.98384518,0.06478662,0.03141396,0.00487321,0.00422234,0.80600882,0.0,0.08869505,50626,6,0.05929734,1.2748912
36,3,21014743,0.9839765,0.07874222,0.03915151,0.0014327,0.00191485,0.76333483,0.0,0.11542389,23645,6,0.17175346,1.2757193
36,4,21014744,0.97989731,0.05409913,0.08086496,0.01005143,0.00133819,0.75587755,0.0,0.09776874,8956,6,0.14361399,1.2742289
36,5,21014745,0.98438626,0.04671016,0.04692392,0.00810972,0.00289773,0.75908305,0.0,0.13627542,10757,6,0.11686835,1.2722036
36,6,21014746,0.99610997,0.00213889,0.09181797,1.41e-06,0.00025033,0.89253681,0.0,0.01325459,17868,6,0.33049993,1.2742305
36,7,21014747,0.99429396,0.01717304,0.00135949,0.0005473,0.00149527,0.97847368,0.0,0.00095122,21956,6,0.19531145,1.274974
36,8,21014748,0.98693476,0.0293117,0.04841593,0.01074464,0.00134887,0.69838434,0.0,0.21179452,52293,6,0.07661078,1.2730295
36,9,21014749,0.98927694,0.02187877,0.03072382,0.01025075,0.00208552,0.88596512,0.0,0.04909603,8885,6,0.32089319,1.2747258
36,10,21014750,0.98728479,0.03215633,0.02755022,0.01180948,0.00093189,0.8715941,0.0,0.05595797,19915,6,0.23215708,1.2741845
37,1,21014771,0.89646746,0.02725153,0.0,0.20430848,0.00250295,0.75510661,0.00446491,0.00636551,37130,2,0.07986283,0.6621036
37,2,21014772,0.90136178,0.04254822,0.0,0.14474171,0.00466484,0.80496014,0.00308452,5.7e-07,33419,6,0.04270136,0.9926929
37,3,21014773,0.95799437,0.02658413,0.0,0.03454933,0.00218369,0.92984448,0.00683828,1e-07,37337,6,0.06258359,0.9957798
37,4,21014774,0.86798738,0.02937368,0.0,0.25724295,0.00372864,0.70377921,0.00587548,3e-08,37386,2,0.0686665,0.6623562
37,5,21014775,0.95234949,0.02818393,0.0,0.04807253,0.00290402,0.91808912,0.00275035,5e-08,38297,6,0.04393609,0.9957754
37,6,21014776,0.92235267,0.0397411,0.0,0.09668012,0.00289447,0.85728861,0.00339561,8e-08,33801,6,0.04088429,0.9937972
37,7,21014777,0.92659737,0.03313383,0.0,0.09400228,0.00397826,0.86240464,0.00647959,1.4e-06,57177,6,0.05400983,0.9957878
37,8,21014778,0.91734395,0.02826567,0.0,0.13053952,0.00472854,0.82952792,0.00303308,0.00390528,33309,6,0.04207369,0.9905202
37,9,21014779,0.89781243,0.0435676,0.0,0.14629798,0.00278126,0.7995835,0.00776941,2.5e-07,37900,2,0.05406488,0.6631228
37,10,21014780,0.93633935,0.03495424,0.0,0.05301231,0.00332624,0.89979487,0.00891222,1.2e-07,30409,6,0.04280118,0.9957785
38,1,21014801,0.9968227,0.00127316,0.0,0.0,0.00014363,0.61094494,0.0,0.38763828,40375,6,0.02295758,0.9984686
38,2,21014802,0.99675632,0.00175523,0.0,0.0,9.113e-05,0.57068746,0.0,0.42746617,52359,6,0.02048648,0.9948016
38,3,21014803,0.99674453,0.00138399,0.0,0.0,0.00030274,0.56713242,0.0,0.43118084,48359,6,0.0164624,0.9952282
38,4,21014804,0.99687312,0.00167248,0.0,0.0,0.00043639,0.50576851,0.0,0.49212262,59103,7,0.02380835,0.997666
38,5,21014805,0.99686478,0.00109184,0.0,0.0,0.00052378,0.57822977,0.0,0.4201546,65143,6,0.02068738,0.9976959
38,6,21014806,0.99671345,0.00320357,0.0,0.0,0.00055309,0.62843912,0.0,0.36780422,52855,6,0.03143853,0.998106
38,7,21014807,0.99658894,0.00094975,0.0,0.0,7.643e-05,0.59566374,0.0,0.40331008,25023,6,0.01452427,0.9981337
38,8,21014808,0.99634508,0.00343994,0.0,0.0,0.00032761,0.59111488,0.0,0.40511756,52791,6,0.03032291,0.9963049
38,9,21014809,0.99656896,0.00198787,0.0,0.0,0.00044489,0.66433984,0.0,0.3332274,27823,6,0.02052028,0.9967325
38,10,21014810,0.99673246,0.00138216,0.0,0.0,0.00041184,0.58526857,0.0,0.41293743,46263,6,0.02054957,0.998185
39,1,21014831,0.88150711,0.3389243,0.08468792,0.07527279,0.09868436,0.32352502,0.04747181,0.03143379,36879,6,0.04720807,0.9959408
39,2,21014832,0.89287658,0.30599968,0.0652884,0.02420772,0.10136181,0.45730209,0.03759868,0.00824161,33097,6,0.04414807,0.9958094
39,3,21014833,0.88369725,0.33313164,0.08336917,0.05909551,0.11133938,0.33934969,0.04971297,0.02400164,38155,6,0.05050909,0.9958753
39,4,21014834,0.87007043,0.37325217,0.08676511,0.06221911,0.12661603,0.31507658,0.03399699,0.002074,33099,6,0.05301726,0.995809
39,5,21014835,0.88560522,0.33803071,0.07298613,0.09798742,0.08763484,0.34166064,0.0546754,0.00702488,35083,6,0.05045478,0.9958741
39,6,21014836,0.87214342,0.37110375,0.09063703,0.03237911,0.08611396,0.37188261,0.04788332,2.1e-07,36939,6,0.02105443,0.9959408
39,7,21014837,0.87835962,0.32738709,0.07305429,0.03987713,0.07738014,0.4227181,0.05958321,4e-08,34059,6,0.03201155,0.9958743
39,8,21014838,0.89417385,0.32517039,0.07288234,0.02493156,0.08508607,0.45838369,0.02823425,0.00531171,33033,6,0.05246683,0.9958745
39,9,21014839,0.87675797,0.31364087,0.07376231,0.12651645,0.08689013,0.36764249,0.03154761,1.3e-07,33865,6,0.03810804,0.9958742
39,10,21014840,0.87133872,0.36559428,0.07538224,0.06271611,0.08447335,0.358956,0.04010581,0.01277221,32783,6,0.03073684,0.9959398
40,1,21014861,0.99321435,0.00033073,0.0,1.736e-05,1.301e-05,0.99963803,6.8e-07,1.9e-07,38123,6,0.03342482,0.9933809
40,2,21014862,0.99260867,0.00030941,0.0,1.713e-05,1.09e-05,0.99966181,7.1e-07,4e-08,29291,6,0.0407891,0.9940999
40,3,21014863,0.99232027,0.0002882,0.0,1.693e-05,1.128e-05,0.99968251,7e-07,3.8e-07,63225,6,0.03404721,0.9928221
40,4,21014864,0.99248604,0.00030555,0.0,1.726e-05,1.074e-05,0.9996654,6.8e-07,3.7e-07,31673,6,0.03820527,0.9928211
40,5,21014865,0.99245948,0.00029762,0.0,1.727e-05,1.155e-05,0.99727849,7e-07,0.00239438,63353,6,0.04194091,0.9954032
40,6,21014866,0.99262464,0.00028673,0.0,1.715e-05,1.119e-05,0.9956885,7e-07,0.00399572,38681,6,0.02612557,0.9928161
40,7,21014867,0.99284241,0.00033879,0.0,1.798e-05,1.201e-05,0.99962898,6.7e-07,1.57e-06,22695,6,0.04320909,0.9885354
40,8,21014868,0.99297912,0.00033164,0.0,1.775e-05,1.11e-05,0.99963874,6.9e-07,8e-08,15063,6,0.02147933,0.9885496
40,9,21014869,0.99250655,0.00027924,0.0,1.702e-05,1.093e-05,0.99969207,7e-07,4e-08,13801,6,0.03639378,0.9902418
40,10,21014870,0.99213143,0.00030479,0.0,1.715e-05,1.151e-05,0.99966523,6.9e-07,6.2e-07,36267,6,0.06221178,0.9908106
41,1,21014891,0.99577835,0.0087469,0.05961227,0.0,3.533e-05,0.8540295,0.0,0.07757599,43555,6,0.11876951,1.2210942
41,2,21014892,0.99529896,0.01667311,0.29431133,0.0,3.614e-05,0.59632379,0.0,0.09265563,48676,6,0.07082686,1.2212526
41,3,21014893,0.9974683,0.00057083,1.034e-05,0.0,1.86e-05,0.99939969,0.0,5.4e-07,50635,6,0.24091465,1.2241764
41,4,21014894,0.99591628,0.00860458,0.13700038,0.0,2.308e-05,0.82172246,0.0,0.0326495,8933,6,0.18308856,1.2202666
41,5,21014895,0.98929166,0.11660456,0.27864206,0.0,3.914e-05,0.58467906,0.0,0.02003517,55813,6,0.07199042,1.2215014
41,6,21014896,0.99677539,0.00426406,0.03528893,0.0,1.639e-05,0.93600782,0.0,0.0244228,15692,6,0.2328352,1.2231844
41,7,21014897,0.99643183,0.00083487,0.00871589,0.0,3.219e-05,0.91277555,0.0,0.07764151,11140,6,0.09005751,1.2207527
41,8,21014898,0.99583713,0.00878835,0.13750612,0.0,2.308e-05,0.82748038,0.0,0.02620208,48221,6,0.12547212,1.2241774
41,9,21014899,0.99624408,0.00213269,0.11724397,0.0,2.658e-05,0.75304156,0.0,0.1275552,18962,6,0.08281751,1.2197808
41,10,21014900,0.99300326,0.04025696,0.36914499,0.0,3.393e-05,0.59056056,0.0,3.56e-06,8354,4,0.1991043,1.219776
42,1,21014921,0.94666736,0.04692541,0.01908694,0.00620231,0.00940859,0.9055102,0.00858396,0.0042826,33097,6,0.04485253,0.9915251
42,2,21014922,0.93323334,0.06614613,0.02468979,0.00523021,0.01175266,0.87881337,0.0133678,4e-08,32845,6,0.0490389,0.9944964
42,3,21014923,0.93519835,0.05983549,0.02335042,0.00077254,0.0131179,0.89233591,0.01058768,6e-08,33163,6,0.05715847,0.9929989
42,4,21014924,0.93871293,0.05780984,0.01898787,0.01011514,0.01243612,0.89038826,0.00742899,0.00283379,33323,6,0.06533483,0.9929989
42,5,21014925,0.93470051,0.05915115,0.02675928,0.00973954,0.01056251,0.86171403,0.01254315,0.01953035,32779,6,0.068259,0.9944979
42,6,21014926,0.95288271,0.04492739,0.01819286,0.0005374,0.00825631,0.92139994,0.00668606,4e-08,37385,6,0.04668951,0.9937508
42,7,21014927,0.94877239,0.04362803,0.01717973,0.0008066,0.0095444,0.91737719,0.01146384,2e-07,34345,6,0.06839718,0.9937488
42,8,21014928,0.93378073,0.06131011,0.01957568,0.00313778,0.01252155,0.88756132,0.0113203,0.00457326,35115,6,0.07298258,0.9922508
42,9,21014929,0.93922201,0.05472431,0.01959785,0.0040228,0.01192499,0.89713655,0.01050313,0.00209037,32861,6,0.05584593,0.9930034
42,10,21014930,0.94181008,0.05348154,0.02922589,0.00348636,0.0130945,0.88301186,0.0075123,0.01018755,33227,6,0.03860421,0.9915103
43,1,21014951,0.99448532,0.00036236,0.0,3.81e-06,2.839e-05,0.75614439,0.0,0.24346105,23353,6,0.02606467,0.9895495
43,2,21014952,0.99469927,0.00038396,0.0,3.74e-06,3.761e-05,0.70787124,0.0,0.29170345,18167,6,0.01934716,0.9960818
43,3,21014953,0.99418588,0.00034293,0.0,3.87e-06,3.005e-05,0.81036848,0.0,0.18925467,33753,6,0.03974633,0.994302
43,4,21014954,0.99497421,0.00036976,0.0,3.9e-06,3.553e-05,0.66408284,0.0,0.33550797,59799,6,0.02516654,0.9966246
43,5,21014955,0.99466632,0.00037018,0.0,3.76e-06,3.152e-05,0.7584826,0.0,0.24111193,24057,6,0.01834737,0.9962931
43,6,21014956,0.99429781,0.00033701,0.0,3.86e-06,2.771e-05,0.77793154,0.0,0.22169989,58169,6,0.03645935,0.9926271
43,7,21014957,0.99426108,0.00036348,0.0,3.85e-06,3.119e-05,0.74672682,0.0,0.25287465,61113,6,0.03858107,0.991784
43,8,21014958,0.99460612,0.00036549,0.0,3.79e-06,3.75e-05,0.7466483,0.0,0.25294493,36907,6,0.02465062,0.9934535
43,9,21014959,0.99442905,0.0003611,0.0,3.83e-06,3.154e-05,0.70059367,0.0,0.29900986,53145,6,0.03745116,0.9926119
43,10,21014960,0.99444086,0.00035213,0.0,3.82e-06,2.869e-05,0.74170268,0.0,0.25791268,10391,6,0.0298508,0.9904563
44,1,21014981,0.96575439,0.09883823,0.01823134,0.00610886,0.00671457,0.86070547,0.0,0.00940155,8869,6,0.16335237,1.2935653
44,2,21014982,0.98246953,0.05427288,0.0191212,4.7e-07,0.0061111,0.9032726,0.0,0.01722175,8372,6,0.29111985,1.2956258
44,3,21014983,0.97418515,0.0619149,0.03210814,3.8e-07,0.0039231,0.84850359,0.0,0.05354988,8364,6,0.20502836,1.2930699
44,4,21014984,0.98481541,0.04619831,0.00961718,0.00517335,0.00625423,0.91074489,0.0,0.02201205,17867,6,0.12365791,1.2966214
44,5,21014985,0.96989026,0.08716003,0.02262157,0.00383288,0.00365808,0.83313098,0.0,0.04959646,52292,6,0.13114899,1.294057
44,6,21014986,0.97052408,0.08096247,0.01405686,0.00981571,0.00639676,0.79712301,0.0,0.09164518,23772,6,0.14059762,1.2957061
44,7,21014987,0.97629283,0.06038109,0.00650002,0.00264896,0.00543062,0.89829891,0.0,0.0267404,19909,6,0.13920926,1.2950445
44,8,21014988,0.98808031,0.02897504,0.00839102,0.00208796,0.00211764,0.78608006,0.0,0.17234828,8948,6,0.25655129,1.2956268
44,9,21014989,0.97699569,0.06259775,0.03825772,5e-07,0.00473605,0.82877125,0.0,0.06563672,23075,6,0.11218601,1.2943038
44,10,21014990,0.950431,0.15381026,0.03277276,0.01402828,0.00914219,0.68461536,0.0,0.10563114,54725,6,0.07095851,1.29687
45,1,21015011,0.99226174,0.00029116,0.0,1.822e-05,1.035e-05,0.99967849,1.72e-06,6e-08,52601,6,0.0514312,0.9933457
45,2,21015012,0.99229914,0.00034062,0.0,2.001e-05,1.192e-05,0.99962562,1.77e-06,6e-08,24249,6,0.05521588,0.9914135
45,3,21015013,0.98609216,0.0005637,0.0,0.01275681,1.161e-05,0.98666481,1.87e-06,1.19e-06,37257,6,0.01987577,0.9907408
45,4,21015014,0.99211613,0.00030438,0.0,1.925e-05,9.63e-06,0.99966428,1.81e-06,6.5e-07,38777,6,0.05450673,0.9953524
45,5,21015015,0.98204222,0.00075461,0.0,0.02430336,1.167e-05,0.97287957,0.00151403,0.00053676,2463,6,0.0271201,0.9948554
45,6,21015016,0.99153209,0.00030409,0.0,1.871e-05,9.48e-06,0.9996659,1.79e-06,3e-08,63385,6,0.03738396,0.9901208
45,7,21015017,0.99298143,0.00034936,0.0,1.914e-05,1.042e-05,0.99961919,1.76e-06,1.2e-07,32921,6,0.05678578,0.9907378
45,8,21015018,0.98762666,0.00043919,0.0,0.00885167,1.15e-05,0.99069579,1.82e-06,3e-08,36857,6,0.04902144,0.9933693
45,9,21015019,0.99274526,0.00034773,0.0,1.944e-05,1.165e-05,0.99961931,1.79e-06,9e-08,56023,6,0.02299554,0.9889001
45,10,21015020,0.99212071,0.00031442,0.0,1.88e-05,9.55e-06,0.99965531,1.83e-06,9e-08,59369,6,0.05552603,0.9907477
46,1,21015041,0.99726984,0.01635685,0.17303706,0.0,0.00564786,0.30677995,0.0,0.49817827,13303,7,0.02783899,0.9993681
46,2,21015042,0.9968457,0.01869502,0.20080076,0.0,0.00648491,0.23861138,0.0,0.53540793,26495,7,0.02267371,0.9993312
46,3,21015043,0.99645453,0.03090011,0.2298211,0.0,0.00610036,0.24372771,0.0,0.48945072,47487,4,0.02679582,0.9994921
46,4,21015044,0.99692562,0.01721195,0.19840601,0.0,0.01074666,0.33471197,0.0,0.43892341,16223,7,0.02197071,0.9998301
46,5,21015045,0.99659305,0.02911589,0.21807741,0.0,0.00604085,0.23063204,0.0,0.51613381,23487,7,0.01635599,0.9996595
46,6,21015046,0.99734044,0.01532949,0.20980259,0.0,0.00607244,0.20588831,0.0,0.56290717,3583,7,0.01940943,0.9993301
46,7,21015047,0.99676163,0.02426969,0.20138302,0.0,0.0065695,0.31684582,0.0,0.45093197,29591,6,0.02215394,0.9977573
46,8,21015048,0.99650873,0.03042833,0.20379744,0.0,0.00780039,0.22805491,0.0,0.52991893,19383,7,0.0246761,0.9991612
46,9,21015049,0.99672725,0.03089174,0.20440063,0.0,0.00797704,0.19953398,0.0,0.55719661,48703,7,0.01879967,0.9993245
46,10,21015050,0.99619706,0.03219994,0.23961662,0.0,0.01383791,0.2600416,0.0,0.45430393,54751,7,0.0156889,0.9994921
47,1,21015071,0.81612634,0.21926031,0.10599807,0.0087022,0.06182648,0.5108103,0.05486672,0.03853591,36879,6,0.04403202,0.9954696
47,2,21015072,0.80470078,0.24935884,0.12133206,0.00271193,0.06836331,0.49489627,0.03704507,0.02629251,33037,6,0.03842899,0.9949366
47,3,21015073,0.81949089,0.23307748,0.1093186,0.00943681,0.05477915,0.5570258,0.03574495,0.00061721,36941,6,0.05363316,0.9954691
47,4,21015074,0.86497688,0.17109595,0.0707025,0.00587778,0.03755125,0.632018,0.0390659,0.04368863,37389,6,0.04436813,0.9952023
47,5,21015075,0.81835232,0.23573306,0.09960562,0.00507404,0.05801887,0.49364495,0.03924397,0.0686795,23175,7,0.04225372,0.9946644
47,6,21015076,0.82809188,0.20610778,0.10566886,0.0089656,0.05439247,0.55460119,0.06434856,0.00591553,33801,6,0.03255319,0.9954681
47,7,21015077,0.80333885,0.25402793,0.12087473,0.00723649,0.06725719,0.4884549,0.04574027,0.01640849,37387,6,0.03078284,0.9952023
47,8,21015078,0.80056308,0.25378337,0.13285165,0.01105381,0.06603478,0.50052278,0.03274779,0.00300583,37903,6,0.04171743,0.9954691
47,9,21015079,0.84198682,0.21196932,0.07196106,0.00733872,0.04732037,0.61443793,0.02512312,0.02184949,36875,6,0.0692574,0.9954696
47,10,21015080,0.85200354,0.19632266,0.10534447,0.00209843,0.04251288,0.61818502,0.03553645,9e-08,37131,6,0.06591065,0.9949376
48,1,21015101,0.99288538,0.00029668,0.0,1.536e-05,9.81e-06,0.99967728,2.7e-07,5.9e-07,22969,6,0.0274791,0.9942194
48,2,21015102,0.99259034,0.00029707,0.0,1.55e-05,1.183e-05,0.99967485,2.6e-07,4.9e-07,25133,6,0.0297626,0.9924745
48,3,21015103,0.99250418,0.00030184,0.0,1.556e-05,1.128e-05,0.99967091,2.8e-07,1.3e-07,39223,6,0.03074147,0.9942188
48,4,21015104,0.99302712,0.00031046,0.0,1.547e-05,1.171e-05,0.99966183,2.6e-07,2.6e-07,37387,6,0.04375505,0.9922366
48,5,21015105,0.99255801,0.00027211,0.0,1.55e-05,9.6e-06,0.99970195,2.7e-07,5.6e-07,22457,6,0.05273147,0.9942198
48,6,21015106,0.99326107,0.0003029,0.0,1.569e-05,1.16e-05,0.9996695,2.7e-07,4e-08,6105,6,0.0240121,0.9954637
48,7,21015107,0.99291523,0.00031562,0.0,1.58e-05,1.18e-05,0.99965429,2.8e-07,2.21e-06,36791,6,0.02851691,0.9955538
48,8,21015108,0.99342638,0.00030404,0.0,1.542e-05,1.13e-05,0.99966825,2.8e-07,7.1e-07,33081,6,0.05243365,0.9922454
48,9,21015109,0.99314148,0.00031323,0.0,1.56e-05,1.199e-05,0.9996588,2.7e-07,1.1e-07,65143,6,0.03216555,0.9942211
48,10,21015110,0.9933009,0.00029675,0.0,1.556e-05,1.014e-05,0.99967641,2.6e-07,8.7e-07,14809,6,0.03353805,0.9954687
49,1,21015131,0.99714224,0.0003923,7.07e-06,0.0,1.324e-05,0.99958692,0.0,4.6e-07,11595,6,0.39089842,1.4036157
49,2,21015132,0.99473402,0.01021794,0.00176569,0.0,0.00058693,0.95230213,0.0,0.0351273,11349,6,0.19233187,1.4031189
49,3,21015133,0.99230969,0.01684043,0.00485519,0.0,3.296e-05,0.97301109,0.0,0.00526033,21725,6,0.42091431,1.4041125
49,4,21015134,0.99276422,0.01348218,0.0032593,0.0,0.00230509,0.88293815,0.0,0.09801528,42188,6,0.17566515,1.4013332
49,5,21015135,0.99279907,0.01372853,0.00189652,0.0,0.00032304,0.89385052,0.0,0.09020139,11348,6,0.14298875,1.4026227
49,6,21015136,0.99388166,0.01231019,0.00567744,0.0,0.00021511,0.98179687,0.0,3.8e-07,8893,6,0.21728031,1.4036157
49,7,21015137,0.99554998,0.00596427,0.00137543,0.0,2.21e-05,0.99263764,0.0,5.5e-07,48341,6,0.15326084,1.4028201
49,8,21015138,0.9930121,0.02166346,0.01454422,0.0,3.722e-05,0.86168252,0.0,0.10207258,14221,6,0.24556028,1.4041125
49,9,21015139,0.99364033,0.01607453,0.0151605,0.0,0.00025314,0.95522303,0.0,0.01328881,44125,6,0.17687652,1.4046078
49,10,21015140,0.99676006,0.00042539,7.5e-06,0.0,1.733e-05,0.99954944,0.0,3.4e-07,15691,6,0.21172301,1.4041125
50,1,21015161,0.90046148,0.03867014,0.01175092,0.10790315,0.0095834,0.81708831,0.01500323,8.5e-07,35801,6,0.06151335,0.9938815
50,2,21015162,0.9207555,0.04169038,0.00931619,0.09075596,0.00659054,0.84127559,0.01037119,1.4e-07,33103,6,0.05185752,0.9896777
50,3,21015163,0.91634984,0.04307046,0.01428684,0.09589053,0.00556024,0.83121453,0.00997736,4e-08,36889,6,0.05160205,0.9917695
50,4,21015164,0.90512324,0.05274254,0.01397126,0.09754001,0.00773816,0.81755639,0.01045145,1.9e-07,36427,6,0.02799216,0.9938503
50,5,21015165,0.91976821,0.03899091,0.01115609,0.09779379,0.00641625,0.8412669,0.00437559,4.7e-07,35465,6,0.04644993,0.9928143
50,6,21015166,0.94247878,0.03348253,0.01056942,0.0437833,0.00320619,0.89841393,0.0105446,3e-08,33241,6,0.06708739,0.9938709
50,7,21015167,0.89863684,0.03855817,0.01399733,0.14064327,0.00410396,0.79129524,0.01140198,3e-08,33625,6,0.06529901,0.9938815
50,8,21015168,0.93182423,0.04551149,0.01634902,0.04315121,0.00567849,0.87544626,0.01386349,3e-08,37931,6,0.03883427,0.9938724
50,9,21015169,0.92839245,0.04757527,0.01562082,0.04677312,0.00672498,0.86531175,0.01200655,0.00598751,37161,6,0.03272806,0.9907164
50,10,21015170,0.92127009,0.04201878,0.01009247,0.08554433,0.00515194,0.84040781,0.01453702,0.00224765,33161,6,0.08493139,0.9917581
51,1,21015191,0.99620193,0.00148418,0.0,0.0,0.00031558,0.62097426,0.0,0.37722599,65143,6,0.03554401,0.9969632
51,2,21015192,0.99579291,0.00153044,0.0,0.0,0.00018123,0.5809381,0.0,0.41735024,5311,6,0.02133987,0.9957206
51,3,21015193,0.99577833,0.00232717,0.0,0.0,0.00036048,0.64097541,0.0,0.35633694,62573,6,0.03542543,0.9968523
51,4,21015194,0.99635031,0.00133123,0.0,0.0,7.111e-05,0.54528925,0.0,0.45330841,2999,7,0.02187675,0.9962169
51,5,21015195,0.99546595,0.00271489,0.0,0.0,8.852e-05,0.60892048,0.0,0.38827611,3767,7,0.02516383,0.995158
51,6,21015196,0.99611551,0.00228195,0.0,0.0,6.225e-05,0.54593661,0.0,0.45171918,49015,7,0.01854457,0.9986007
51,7,21015197,0.99604352,0.00144562,0.0,0.0,0.0001043,0.57759848,0.0,0.42085161,32471,6,0.01738945,0.9953379
51,8,21015198,0.99588225,0.00143136,0.0,0.0,7.721e-05,0.64384889,0.0,0.35464254,44439,6,0.02851019,0.9985076
51,9,21015199,0.99581831,0.00217173,0.0,0.0,0.00058729,0.51635283,0.0,0.48088814,26175,7,0.03267122,0.9966417
51,10,21015200,0.99595945,0.00215414,0.0,0.0,0.0008861,0.62840511,0.0,0.36855465,55167,7,0.02217935,0.9988482
52,1,21015221,0.95210176,0.15807761,0.01517314,0.01324359,0.01599534,0.64053276,0.0,0.15697757,19203,7,0.08978791,1.1930186
52,2,21015222,0.96457858,0.1031424,0.01232312,0.00864406,0.01498324,0.51648384,0.0,0.34442334,24363,6,0.08349815,1.1940141
52,3,21015223,0.95466558,0.11683979,0.01540861,0.01647756,0.01579916,0.57343709,0.0,0.26203779,19340,7,0.10371174,1.1911462
52,4,21015224,0.96292364,0.1064905,0.01325715,0.0174,0.00996859,0.62469117,0.0,0.2281926,24076,7,0.07961049,1.1914863
52,5,21015225,0.97145387,0.06865089,0.00624461,0.00712278,0.00846527,0.62284566,0.0,0.28667078,23075,6,0.10616884,1.191404
52,6,21015226,0.95461617,0.12607071,0.01106201,0.02492555,0.01447187,0.61778495,0.0,0.20568491,18947,7,0.15346646,1.1906605
52,7,21015227,0.95335561,0.1130147,0.01231644,0.02244703,0.02034684,0.61167641,0.0,0.22019858,19980,7,0.06538111,1.1901747
52,8,21015228,0.9616799,0.11026394,0.01594574,0.03133287,0.01469728,0.55490789,0.0,0.27285228,56075,6,0.09037456,1.1945094
52,9,21015229,0.96352644,0.10197153,0.00691493,0.00852726,0.01339884,0.61838844,0.0,0.250799,18061,6,0.07474036,1.1916503
52,10,21015230,0.951521,0.12908115,0.01079897,0.02608449,0.01727495,0.66060141,0.0,0.15615904,23076,6,0.14522335,1.1911571
53,1,21015251,0.99224066,0.00032144,0.0,1.836e-05,1.07e-05,0.99964857,8.7e-07,6e-08,28763,6,0.03146033,0.9921904
53,2,21015252,0.99142491,0.00029193,0.0,1.756e-05,1.028e-05,0.99967927,8.2e-07,1.3e-07,39179,6,0.05163665,0.9902025
53,3,21015253,0.99174316,0.00030625,0.0,1.84e-05,1.099e-05,0.99966344,8.6e-07,7e-08,33387,6,0.05583691,0.9916425
53,4,21015254,0.99206235,0.00030465,0.0,1.789e-05,1.055e-05,0.98757992,8.4e-07,0.01208614,36267,6,0.06021406,0.9901843
53,5,21015255,0.9920764,0.00030021,0.0,1.845e-05,1.018e-05,0.99967022,8.4e-07,9e-08,45497,6,0.03724784,0.9836131
53,6,21015256,0.99227615,0.00031082,0.0,1.773e-05,1.156e-05,0.99965891,8.7e-07,1.1e-07,10455,6,0.02896843,0.9868665
53,7,21015257,0.99167528,0.00028711,0.0,1.792e-05,9.45e-06,0.99968455,8.5e-07,1.1e-07,44281,6,0.0464419,0.9902189
53,8,21015258,0.9919594,0.00028384,0.0,1.756e-05,1.056e-05,0.99968698,8.8e-07,1.7e-07,32781,6,0.02767555,0.993095
53,9,21015259,0.99265099,0.00031421,0.0,1.832e-05,1.098e-05,0.99965555,8.7e-07,5e-08,39113,6,0.03772082,0.9931011
53,10,21015260,0.99247716,0.00029696,0.0,1.801e-05,1.036e-05,0.99967378,8.4e-07,5e-08,38953,6,0.04279006,0.9916394
54,1,21015281,0.98548365,0.11018143,0.06939946,0.0,0.01671508,0.59328022,0.0,0.21042381,9421,6,0.10688237,1.2159191
54,2,21015282,0.98068502,0.16159,0.09344493,0.0,0.01851502,0.66821254,0.0,0.05823751,42925,6,0.07116932,1.2183941
54,3,21015283,0.99132844,0.05303572,0.12702886,0.0,0.00523146,0.68505537,0.0,0.12964859,42653,6,0.15807181,1.2188267
54,4,21015284,0.98625896,0.10558482,0.04196236,0.0,0.01467362,0.77008168,0.0,0.06769751,48461,6,0.09919706,1.2188277
54,5,21015285,0.98461205,0.10624349,0.12413686,0.0,0.03126135,0.6786721,0.0,0.05968619,22444,6,0.13272805,1.2170752
54,6,21015286,0.98464108,0.09982208,0.15879878,0.0,0.02727641,0.71130404,0.0,0.00279869,15141,6,0.07836021,1.2178347
54,7,21015287,0.98960372,0.08834856,0.07717865,0.0,0.00321369,0.78761475,0.0,0.04364436,21725,6,0.13367968,1.2183314
54,8,21015288,0.98059554,0.15999888,0.19234507,0.0,0.02400624,0.51163063,0.0,0.11201917,48341,6,0.07907863,1.2174062
54,9,21015289,0.97928039,0.13932611,0.07129198,0.0,0.03784095,0.61479922,0.0,0.13674174,22779,6,0.07677874,1.2179009
54,10,21015290,0.9839662,0.12333134,0.16422173,0.0,0.01451107,0.69793187,0.0,4e-06,18348,6,0.10913367,1.2154223
55,1,21015311,0.84034473,0.15280753,0.02349183,0.0,0.03627245,0.73997345,0.03748688,0.00996787,40459,6,0.03689611,0.9913429
55,2,21015312,0.85575912,0.14068426,0.0224522,0.0,0.03197059,0.76141954,0.03049981,0.0129736,33067,6,0.02917617,0.9930814
55,3,21015313,0.85973112,0.12680712,0.02075975,0.0,0.03758646,0.78361911,0.02967064,0.00155692,32841,6,0.03939046,0.9948285
55,4,21015314,0.84463962,0.15119186,0.02186706,0.0,0.03664718,0.75240324,0.03425143,0.00363922,18631,6,0.08155008,0.9931768
55,5,21015315,0.83871815,0.14910324,0.02194699,0.0,0.03565631,0.73622482,0.04068531,0.01638333,36873,6,0.04182859,0.9948306
55,6,21015316,0.85744667,0.14490238,0.02454465,0.0,0.03431379,0.7614693,0.02346081,0.01130907,36937,6,0.03545079,0.9948294
55,7,21015317,0.87440799,0.1119514,0.01710653,0.0,0.03152337,0.81089305,0.02852561,4e-08,32783,6,0.04931681,0.9948296
55,8,21015318,0.86936245,0.12542968,0.01709372,0.0,0.0284413,0.77671397,0.02897462,0.02334672,36939,6,0.02844005,0.9948294
55,9,21015319,0.83815729,0.15437964,0.02485076,0.0,0.03448769,0.71528278,0.03829023,0.0327089,36971,6,0.0426679,0.9936613
55,10,21015320,0.84172744,0.15182466,0.02199619,0.0,0.04047618,0.74944674,0.03034305,0.00591319,35337,6,0.03916706,0.9919251
56,1,21015341,0.99310215,0.00030535,0.0,7.32e-06,2.958e-05,0.75172753,0.0,0.24793022,29529,6,0.02698321,0.9958158
56,2,21015342,0.99321886,0.00031337,0.0,7.33e-06,2.752e-05,0.76774387,0.0,0.23190791,39897,6,0.04281684,0.9958148
56,3,21015343,0.99424332,0.00033147,0.0,7.24e-06,2.953e-05,0.68587186,0.0,0.3137599,33055,6,0.04578094,0.9977979
56,4,21015344,0.9940296,0.00031727,0.0,7.18e-06,3.197e-05,0.75111793,0.0,0.24852566,33371,6,0.0299716,0.9916551
56,5,21015345,0.9933683,0.00030223,0.0,7.27e-06,2.406e-05,0.81615238,0.0,0.18351405,26027,6,0.03164972,0.9931212
56,6,21015346,0.99354491,0.00032046,0.0,7.32e-06,2.639e-05,0.78669272,0.0,0.21295311,18431,7,0.02342079,0.9973078
56,7,21015347,0.9937906,0.0003079,0.0,7.5e-06,2.745e-05,0.74037773,0.0,0.25927942,33101,6,0.03133538,0.9895034
56,8,21015348,0.99376752,0.00032479,0.0,7.24e-06,3.239e-05,0.64997073,0.0,0.34966486,38809,6,0.0282144,0.9914832
56,9,21015349,0.99355167,0.00030326,0.0,7.33e-06,2.256e-05,0.81080684,0.0,0.18886,33293,6,0.06983895,0.9927352
56,10,21015350,0.99355381,0.00030396,0.0,7.35e-06,2.667e-05,0.77022009,0.0,0.22944193,58233,6,0.04471515,0.9927536
57,1,21015371,0.98424972,0.0427069,0.10786417,0.00180549,0.00479587,0.74284905,0.0,0.09997852,11819,6,0.14104964,1.4775289
57,2,21015372,0.98369815,0.03339303,0.0237902,0.00830775,0.00063925,0.91948972,0.0,0.01438005,56395,6,0.16199687,1.4790155
57,3,21015373,0.98414526,0.03087487,0.00128526,2.8e-07,0.00017753,0.93755347,0.0,0.03010858,24012,6,0.26054289,1.4786929
57,4,21015374,0.98422337,0.04174508,0.01840782,0.00119788,0.00282688,0.8544326,0.0,0.08138974,44357,6,0.0701332,1.4799708
57,5,21015375,0.99086266,0.01949245,0.00153691,3.8e-07,0.00129916,0.97767078,0.0,3.3e-07,23883,6,0.35555506,1.4804675
57,6,21015376,0.97830142,0.05754634,0.01321478,3.4e-07,0.00172091,0.90689297,0.0,0.02062465,15434,6,0.13607613,1.4773728
57,7,21015377,0.99199832,0.01886943,0.04568681,3e-07,0.00030018,0.73889491,0.0,0.19624837,23637,6,0.11534968,1.4799708
57,8,21015378,0.97693868,0.05009308,0.01090323,0.00564425,0.00159797,0.83421293,0.0,0.09754853,52555,6,0.08301612,1.4809628
57,9,21015379,0.9787586,0.06008876,0.00288683,2.809e-05,0.00038269,0.93661162,0.0,2.01e-06,19914,6,0.18755372,1.4770383
57,10,21015380,0.97871518,0.05247583,0.02447702,4e-07,0.00205013,0.88442574,0.0,0.03657088,50626,6,0.1366517,1.4796394
58,1,21015401,0.97459281,0.00577275,0.0,0.02061027,0.00024197,0.97100194,0.00237301,5e-08,60185,6,0.02160776,0.9866666
58,2,21015402,0.97754951,0.00794632,0.0,0.02202235,0.0006368,0.96933794,5.511e-05,1.47e-06,32843,6,0.03530925,0.9933011
58,3,21015403,0.96342385,0.00260377,0.0,0.07850128,0.00014317,0.91874954,2.03e-06,2e-07,33293,6,0.04137949,0.9919595
58,4,21015404,0.96394267,0.00519556,0.0,0.04907019,0.00036064,0.94463259,0.00074078,2.4e-07,33049,6,0.03512238,0.9933117
58,5,21015405,0.97422179,0.00825006,0.0,0.01960555,0.00059085,0.96702117,0.00453219,1.8e-07,32989,6,0.03805413,0.9906151
58,6,21015406,0.96251936,0.01033421,0.0,0.04516775,0.00034205,0.93228825,0.00277777,0.00908997,33355,6,0.04063723,0.9933011
58,7,21015407,0.9698126,0.00844569,0.0,0.04404187,0.00083207,0.93154931,2.2e-06,0.01512886,37007,6,0.05127106,0.9932941
58,8,21015408,0.97746219,0.00845228,0.0,0.02735903,0.00037444,0.96372788,8.634e-05,3e-08,37209,6,0.04826947,0.9952881
58,9,21015409,0.93409546,0.00899721,0.0,0.10347796,0.00085211,0.88643176,0.00024094,1e-08,35081,6,0.05171858,0.9906231
58,10,21015410,0.98229487,0.00781713,0.0,0.0127878,0.0001293,0.97829955,4.979e-05,0.00091642,23449,6,0.05790158,0.993943
59,1,21015431,0.99649832,0.00756491,0.02570557,0.0,0.00218947,0.4858769,0.0,0.47866315,65079,6,0.02288084,0.9972448
59,2,21015432,0.99695322,0.00614348,0.02300245,0.0,0.00117466,0.51920329,0.0,0.45047612,62367,7,0.01568147,0.9993141
59,3,21015433,0.99661614,0.00808909,0.0181532,0.0,0.00089026,0.50562083,0.0,0.46724662,60543,7,0.01810896,0.999088
59,4,21015434,0.99664467,0.0061111,0.01902824,0.0,0.0033578,0.44377062,0.0,0.52773224,17535,7,0.0251477,0.9968803
59,5,21015435,0.99652671,0.0069553,0.02365907,0.0,0.00163079,0.5077032,0.0,0.46005164,57047,6,0.02186341,0.9983873
59,6,21015436,0.99664859,0.00756837,0.02641439,0.0,0.00101453,0.45635684,0.0,0.50864587,55095,6,0.02106521,0.9979695
59,7,21015437,0.99708518,0.00640102,0.02049342,0.0,0.00137697,0.4256132,0.0,0.54611539,53063,7,0.02268588,0.9987553
59,8,21015438,0.99656366,0.00716201,0.01760033,0.0,0.00240608,0.49758904,0.0,0.47524254,36631,7,0.0289481,0.9972635
59,9,21015439,0.99651856,0.00941581,0.02772911,0.0,0.00131311,0.41944046,0.0,0.5421015,19583,7,0.02337931,0.9985894
59,10,21015440,0.99642721,0.00928103,0.02266405,0.0,0.00230138,0.45358577,0.0,0.51216777,19575,6,0.02348992,0.9985882
60,1,21015461,0.82202841,0.40326243,0.07430556,0.03096668,0.17449772,0.26240116,0.05157836,0.0029881,36873,6,0.02622779,0.9959506
60,2,21015462,0.84628304,0.38687691,0.0782322,0.0817922,0.12887575,0.25186132,0.05452031,0.0178413,36873,6,0.0399066,0.9959506
60,3,21015463,0.83868957,0.39147463,0.07271244,0.11954125,0.14987844,0.20966542,0.05048682,0.00624099,23082,2,0.03123615,0.9643303
60,4,21015464,0.84412485,0.40397299,0.06807032,0.10279809,0.12782329,0.25771082,0.03462149,0.00500301,57090,2,0.02463316,0.9659117
60,5,21015465,0.84996749,0.38182137,0.05776866,0.07553882,0.13836521,0.26612929,0.07594701,0.00442965,32779,6,0.037609,0.9959496
60,6,21015466,0.84249033,0.38190099,0.06287732,0.06194634,0.13263535,0.27567802,0.08283835,0.00212362,32841,6,0.03781728,0.9959495
60,7,21015467,0.83089755,0.3829425,0.07388229,0.05823254,0.11817032,0.2879871,0.06322374,0.01556151,37193,6,0.03483398,0.9958433
60,8,21015468,0.84788274,0.39204311,0.06309086,0.06335661,0.20410286,0.17243889,0.08151689,0.02345079,20227,1,0.04287894,0.9654149
60,9,21015469,0.84851036,0.35355205,0.07095412,0.04802353,0.19890126,0.26349364,0.02767399,0.03740142,32841,6,0.02807065,0.9959495
60,10,21015470,0.83427813,0.37073282,0.07665951,0.0458758,0.15112366,0.26378819,0.06178423,0.03003579,37131,6,0.02904543,0.9958947
61,1,21015491,0.99257088,0.00029766,0.0,1.817e-05,9.97e-06,0.99967331,6.3e-07,2.6e-07,33385,6,0.05123975,0.991611
61,2,21015492,0.99160355,0.00024522,0.0,1.809e-05,9.41e-06,0.99972662,6.1e-07,4e-08,57657,6,0.03685459,0.9916298
61,3,21015493,0.99215179,0.00030181,0.0,1.837e-05,1.14e-05,0.99966762,6e-07,2e-07,18087,6,0.02857375,0.9839253
61,4,21015494,0.99252857,0.00029854,0.0,1.85e-05,1.073e-05,0.99967155,6.4e-07,4e-08,19831,6,0.03097913,0.9965505
61,5,21015495,0.9921574,0.00027477,0.0,1.819e-05,9.25e-06,0.99969712,6.3e-07,4e-08,35255,6,0.03010134,0.9942634
61,6,21015496,0.99159954,0.00028002,0.0,1.782e-05,9.4e-06,0.99969168,6.4e-07,4.4e-07,42969,6,0.03736415,0.9930514
61,7,21015497,0.99207351,0.00028579,0.0,1.837e-05,9.97e-06,0.99968514,6.2e-07,1.1e-07,51647,6,0.02520275,0.9955815
61,8,21015498,0.99202482,0.00027207,0.0,1.83e-05,9.69e-06,0.99969922,6.3e-07,8e-08,34281,6,0.06464136,0.9872776
61,9,21015499,0.99228512,0.00029496,0.0,1.84e-05,1.061e-05,0.99967495,6.2e-07,4.5e-07,27675,6,0.02848489,0.9887332
61,10,21015500,0.99207165,0.00026028,0.0,1.825e-05,9.62e-06,0.99971115,6.3e-07,7e-08,48105,6,0.09801599,0.9906907
62,1,21015521,0.9948442,0.0121605,0.2629594,0.0,0.00103294,0.62662826,0.0,0.0972189,55394,4,0.15214642,1.4658877
62,2,21015522,0.99639913,0.00040056,6.92e-06,0.0,1.379e-05,0.99957841,0.0,3.3e-07,48586,6,0.24520408,1.4673752
62,3,21015523,0.99282797,0.03071728,0.40250344,0.0,5.134e-05,0.43827179,0.0,0.12845615,55826,6,0.14992374,1.4658877
62,4,21015524,0.99631672,0.00038201,6.86e-06,0.0,9.4e-06,0.99960147,0.0,2.6e-07,17602,6,0.14843746,1.4644117
62,5,21015525,0.99581593,0.0061482,0.22313649,0.0,2.996e-05,0.69641475,0.0,0.07427059,17323,4,0.10448537,1.4682986
62,6,21015526,0.99552912,0.00092036,0.99903485,0.0,3.873e-05,5.74e-06,0.0,3.2e-07,55394,4,0.99901489,1.4658877
62,7,21015527,0.99672001,0.00040125,6.78e-06,0.0,1.245e-05,0.99957919,0.0,3.3e-07,23765,6,0.20427461,1.4671267
62,8,21015528,0.99506438,0.0166427,0.71761856,0.0,2.337e-05,0.25775875,0.0,0.00795662,47469,4,0.54977588,1.4692917
62,9,21015529,0.99257804,0.02835678,0.37930336,0.0,6.542e-05,0.59227073,0.0,3.72e-06,22628,4,0.15135606,1.465395
62,10,21015530,0.99556392,0.00528351,0.1999254,0.0,2.111e-05,0.79473581,0.0,3.418e-05,56773,6,0.1180453,1.4673752
63,1,21015551,0.93457381,0.04222589,0.00515478,0.01396476,0.01265234,0.91120675,0.01479544,4e-08,36905,6,0.04524115,0.9931608
63,2,21015552,0.90757027,0.07135089,0.00926562,0.0076117,0.02098752,0.8660964,0.01990022,0.00478764,33065,6,0.04471239,0.991284
63,3,21015553,0.90476123,0.07987856,0.00802281,0.01839292,0.01733291,0.85672325,0.0196494,1.5e-07,32971,6,0.05378486,0.9940943
63,4,21015554,0.92571188,0.05166642,0.00861132,0.01504768,0.0139817,0.89501797,0.01567486,5e-08,33225,6,0.10656815,0.9903465
63,5,21015555,0.91489985,0.05998716,0.00811259,0.00973129,0.01493073,0.88411118,0.02312702,4e-08,33801,6,0.04129648,0.9941019
63,6,21015556,0.91540629,0.06578513,0.00989109,0.00708364,0.01988081,0.87046457,0.01506501,0.01182975,33737,6,0.06978869,0.9922246
63,7,21015557,0.90684891,0.06953751,0.00962065,0.02514761,0.01512791,0.86047214,0.02009386,3.2e-07,37451,6,0.04283675,0.9941029
63,8,21015558,0.92722337,0.05726754,0.0080034,0.00952372,0.01308159,0.8916367,0.01450067,0.00598639,33039,6,0.04720442,0.9922282
63,9,21015559,0.9326803,0.05006231,0.00802313,0.00835068,0.0095756,0.90701684,0.01697135,1e-07,34073,6,0.07205753,0.9941098
63,10,21015560,0.90613388,0.07150384,0.00971797,0.02330143,0.02035986,0.85410368,0.01637207,0.00464115,32905,6,0.03898461,0.9940962
64,1,21015581,0.99486021,0.00038013,0.0,0.0,3.526e-05,0.63516166,0.0,0.36442295,52191,7,0.01979058,0.998372
64,2,21015582,0.99512969,0.00042711,0.0,0.0,4.09e-05,0.661022,0.0,0.33851,43959,7,0.02842989,0.9964291
64,3,21015583,0.99500931,0.00070024,0.0,0.0,0.00012826,0.7226766,0.0,0.2764949,26567,6,0.0191329,0.9952698
64,4,21015584,0.99503824,0.00041263,0.0,0.0,3.805e-05,0.65284467,0.0,0.34670465,36457,6,0.04343928,0.9943852
64,5,21015585,0.99476081,0.00061057,0.0,0.0,0.00022085,0.65582477,0.0,0.34334381,46329,6,0.04397713,0.9947743
64,6,21015586,0.99525436,0.00038378,0.0,0.0,3.952e-05,0.66949074,0.0,0.33008596,61161,6,0.0260596,0.9963737
64,7,21015587,0.99493089,0.00045169,0.0,0.0,3.769e-05,0.67227032,0.0,0.3272403,26239,7,0.01969795,0.9962679
64,8,21015588,0.99493301,0.00056339,0.0,0.0,3.91e-05,0.63099719,0.0,0.36840032,48319,6,0.0197297,0.9967599
64,9,21015589,0.99526534,0.00050015,0.0,0.0,4.413e-05,0.68826258,0.0,0.31119314,19599,6,0.02718482,0.9932907
64,10,21015590,0.99496388,0.00051177,0.0,0.0,4.258e-05,0.64185744,0.0,0.35758821,60009,6,0.02146285,0.9955675
65,1,21015611,0.96517907,0.07455595,0.02591995,0.00557239,0.00942517,0.71402959,0.0,0.17049697,19540,6,0.09809944,1.4230489
65,2,21015612,0.97151999,0.06115538,0.0128105,0.00935752,0.0060044,0.75523807,0.0,0.15543414,8892,6,0.16808846,1.4230499
65,3,21015613,0.9679699,0.07311265,0.02002194,1.7e-07,0.00593715,0.78162878,0.0,0.11929932,18317,6,0.09542545,1.4240419
65,4,21015614,0.95642975,0.09231711,0.0282664,0.00102155,0.01086016,0.72332318,0.0,0.14421159,19973,7,0.08132779,1.4207342
65,5,21015615,0.98154943,0.03944672,0.01527085,0.0006143,0.0035442,0.73701709,0.0,0.20410683,20003,6,0.09478906,1.420726
65,6,21015616,0.95877621,0.08928741,0.02835824,0.016802,0.00980511,0.78189198,0.0,0.07385526,22405,6,0.07078136,1.4240419
65,7,21015617,0.97627438,0.0545352,0.02741235,0.00058968,0.00598157,0.79366012,0.0,0.11782107,17868,6,0.12498729,1.4230499
65,8,21015618,0.96777224,0.06749137,0.01759093,4.271e-05,0.00749494,0.81498977,0.0,0.09239028,21954,6,0.08713243,1.4237933
65,9,21015619,0.9685885,0.07817137,0.01875793,0.0032221,0.00494657,0.77423155,0.0,0.12067048,23637,6,0.16652238,1.4240419
65,10,21015620,0.94875321,0.11792404,0.0400697,0.00070962,0.01286107,0.70924843,0.0,0.11918714,18306,6,0.09029354,1.4230489
66,1,21015641,0.99198489,0.0002984,0.0,2.008e-05,9.71e-06,0.99967025,1.53e-06,3e-08,32841,6,0.05334374,0.992889
66,2,21015642,0.99203883,0.00031447,0.0,2.022e-05,1.104e-05,0.99965158,1.59e-06,1.1e-06,62297,6,0.02064996,0.9948871
66,3,21015643,0.99151899,0.00029416,0.0,1.952e-05,9.18e-06,0.99962634,1.57e-06,4.922e-05,32777,6,0.03051656,0.9928921
66,4,21015644,0.99193988,0.00028328,0.0,1.949e-05,1.006e-05,0.99503355,1.53e-06,0.00465208,52057,6,0.03580148,0.9928795
66,5,21015645,0.99156787,0.00027994,0.0,1.917e-05,9.56e-06,0.99968964,1.55e-06,1.5e-07,52217,6,0.03567351,0.9913499
66,6,21015646,0.99092169,0.00025719,0.0,1.852e-05,8.43e-06,0.99971369,1.54e-06,6.2e-07,52073,6,0.05977194,0.9882573
66,7,21015647,0.99213496,0.00031768,0.0,2.024e-05,1.144e-05,0.9996484,1.63e-06,5.9e-07,63767,6,0.03177286,0.9943821
66,8,21015648,0.99211684,0.00029955,0.0,2.004e-05,1.021e-05,0.99966851,1.6e-06,9e-08,14329,6,0.03832059,0.9948799
66,9,21015649,0.9911152,0.00026574,0.0,1.898e-05,8.79e-06,0.99970448,1.52e-06,4.8e-07,52169,6,0.06506712,0.9898132
66,10,21015650,0.99226892,0.00031269,0.0,2.056e-05,9.97e-06,0.99965502,1.58e-06,1.7e-07,61305,6,0.0463584,0.9928877
67,1,21015671,0.97584553,0.15168509,0.10350824,0.00698201,0.09500743,0.2535668,0.03034905,0.35890139,18341,6,0.06875506,1.1329293
67,2,21015672,0.95903003,0.24752295,0.15148283,0.01593476,0.16966355,0.1873452,0.06627425,0.16177644,11781,6,0.06663221,1.1314491
67,3,21015673,0.9594719,0.19292395,0.30014425,0.02141547,0.19984382,0.11310611,0.0520394,0.120527,20117,4,0.06391873,1.1329293
67,4,21015674,0.95929798,0.22723021,0.17788965,0.00930709,0.18044351,0.1204457,0.05444339,0.23024045,12173,7,0.0710332,1.1334256
67,5,21015675,0.95478751,0.26164391,0.18407778,0.00373179,0.22278085,0.19932535,0.06218486,0.06625547,21727,1,0.03570409,1.0900268
67,6,21015676,0.96407844,0.24196951,0.19917762,0.00767183,0.12598966,0.22925358,0.04162984,0.15430795,14221,6,0.07784963,1.1346813
67,7,21015677,0.96711723,0.15338329,0.17889794,0.0099385,0.15912713,0.11356241,0.04634276,0.33874798,12205,7,0.08967417,1.133424
67,8,21015678,0.96493377,0.27146976,0.2499819,0.00884195,0.12591565,0.15229505,0.0439739,0.14752179,15269,4,0.06618696,1.1336732
67,9,21015679,0.96369536,0.18888389,0.23464957,0.0074511,0.1794339,0.09041908,0.04313316,0.2560293,12077,7,0.06586353,1.1341838
67,10,21015680,0.96242749,0.22726965,0.1155233,0.00413108,0.17611582,0.17053316,0.03566816,0.27075883,18349,6,0.05308884,1.1334256
68,1,21015701,0.80253601,0.21191676,0.06385813,0.0,0.0589827,0.5828026,0.04363513,0.03880467,36877,6,0.04737013,0.9952843
68,2,21015702,0.79241699,0.21860392,0.06899314,0.0,0.07294796,0.549536,0.04701154,0.04290744,36361,6,0.04544386,0.9931444
68,3,21015703,0.77183355,0.25585929,0.08248172,0.0,0.08325803,0.53333505,0.0419238,0.0031421,38155,6,0.0454921,0.994568
68,4,21015704,0.79516548,0.21977436,0.08621321,0.0,0.07018593,0.57207406,0.0352395,0.01651293,33289,6,0.05478351,0.9949242
68,5,21015705,0.8371933,0.17527928,0.06002299,0.0,0.05154378,0.65935135,0.0339915,0.0198111,32847,6,0.08960423,0.9952826
68,6,21015706,0.79561187,0.21987527,0.08173492,0.0,0.07653386,0.5790649,0.04207794,0.0007131,33033,6,0.11144959,0.9945692
68,7,21015707,0.78916561,0.22718452,0.0748198,0.0,0.07071999,0.57338672,0.04887821,0.00501075,36879,6,0.04494133,0.9952843
68,8,21015708,0.78115506,0.23781522,0.0826346,0.0,0.07391253,0.52758908,0.042856,0.03519257,38159,6,0.03675863,0.9945734
68,9,21015709,0.77069855,0.25147198,0.09065183,0.0,0.07589569,0.5089928,0.05158505,0.02140266,32783,6,0.05188002,0.9952833
68,10,21015710,0.76895286,0.24370286,0.07213141,0.0,0.07439533,0.52810482,0.05810258,0.02356299,34825,6,0.03806953,0.9952804
69,1,21015731,0.9928347,0.00027359,0.0,1.351e-05,2.097e-05,0.87310914,0.0,0.12658278,24409,6,0.04367037,0.9953093
69,2,21015732,0.99224836,0.00026706,0.0,1.348e-05,2.259e-05,0.74463394,0.0,0.25506293,22265,6,0.03952721,0.9926437
69,3,21015733,0.99170914,0.00023302,0.0,1.364e-05,1.849e-05,0.89617505,0.0,0.1035598,5817,6,0.06370012,0.9898359
69,4,21015734,0.99273434,0.0002861,0.0,1.37e-05,2.586e-05,0.76153497,0.0,0.23813937,26665,6,0.04021268,0.9929745
69,5,21015735,0.99272892,0.0002763,0.0,1.354e-05,2.232e-05,0.76914031,0.0,0.23054754,64523,6,0.03856349,0.9953063
69,6,21015736,0.99297455,0.00027398,0.0,1.348e-05,2.29e-05,0.7776608,0.0,0.22202885,38761,6,0.07746483,0.9926524
69,7,21015737,0.9937226,0.00030293,0.0,1.337e-05,3.24e-05,0.60050659,0.0,0.39914471,40889,6,0.02504734,0.9939827
69,8,21015738,0.99246431,0.00027783,0.0,1.349e-05,2.578e-05,0.76653142,0.0,0.23315149,46809,6,0.04029131,0.9899811
69,9,21015739,0.99278725,0.00028468,0.0,1.354e-05,2.673e-05,0.72939473,0.0,0.27028032,31593,6,0.02821121,0.991324
69,10,21015740,0.99263466,0.00027027,0.0,1.352e-05,2.324e-05,0.79225982,0.0,0.20743315,42169,6,0.03076426,0.9906554
70,1,21015761,0.99666151,0.00036402,6.53e-06,0.0,1.455e-05,0.9996145,0.0,4.1e-07,23884,6,0.32639351,1.618577
70,2,21015762,0.98608717,0.03614029,0.00856946,0.0,0.00376357,0.86294718,0.0,0.0885795,8436,6,0.1379436,1.617584
70,3,21015763,0.99495464,0.0045031,3.672e-05,0.0,0.00022663,0.99523318,0.0,3.7e-07,15811,6,0.3721787,1.617108
70,4,21015764,0.9947016,0.00869969,0.01157458,0.0,0.0002597,0.97946248,0.0,3.55e-06,15581,6,0.33075933,1.6178521
70,5,21015765,0.99550734,0.00571339,0.00053223,0.0,3.38e-05,0.93939597,0.0,0.05432461,50397,6,0.26307403,1.6195691
70,6,21015766,0.98152908,0.05014465,0.01764682,0.0,0.00130256,0.92896034,0.0,0.00194564,21955,6,0.24577035,1.618577
70,7,21015767,0.99290146,0.01368457,0.00253414,0.0,0.00025416,0.98352427,0.0,2.87e-06,11586,6,0.21000102,1.617584
70,8,21015768,0.99010331,0.02050138,0.02435139,0.0,0.00060462,0.91233742,0.0,0.04220519,8940,6,0.33792583,1.6143849
70,9,21015769,0.99072414,0.02747555,0.00341336,0.0,0.00076945,0.82731401,0.0,0.14102763,56853,6,0.066355,1.6188256
70,10,21015770,0.99594933,0.00270617,0.00177634,0.0,0.00010945,0.97033547,0.0,0.02507257,46539,6,0.14580636,1.6195701
71,1,21015791,0.8819678,0.02319958,0.0,0.25587797,0.00300375,0.71242891,0.00548976,2e-08,37194,2,0.09983055,0.6601532
71,2,21015792,0.8889925,0.04413148,0.0,0.1262741,0.00439398,0.80912108,0.01607934,2e-08,37166,2,0.04276299,0.6604794
71,3,21015793,0.89885445,0.04670281,0.0,0.09274257,0.00667065,0.83643551,0.01651725,0.00093122,36973,6,0.0419157,0.9908075
71,4,21015794,0.91740932,0.03721292,0.0,0.08421666,0.00615719,0.85829175,0.0141214,7e-08,23449,6,0.0606643,0.9940848
71,5,21015795,0.82291262,0.03235842,0.0,0.36604056,0.00307225,0.58484546,0.01234461,0.0013387,36936,2,0.07860709,0.6627214
71,6,21015796,0.90120489,0.03208958,0.0,0.14827399,0.00364093,0.78941785,0.01385216,0.01272548,24392,2,0.03896264,0.6626649
71,7,21015797,0.88507984,0.05608765,0.0,0.14315159,0.00547882,0.78241174,0.01287014,6e-08,33163,6,0.08670504,0.9908065
71,8,21015798,0.92279856,0.03011102,0.0,0.09335229,0.00270631,0.86801772,0.00371055,0.00210211,59081,6,0.07113387,0.9953675
71,9,21015799,0.92469543,0.03381465,0.0,0.08736113,0.00432367,0.86294619,0.0115543,5e-08,37005,6,0.04146653,0.9933891
71,10,21015800,0.88171243,0.04024193,0.0,0.14654722,0.0028208,0.79015509,0.02023478,1.8e-07,4537,6,0.08031809,0.9802568
72,1,21015821,0.99602415,0.00572018,0.01180732,0.0,0.0005726,0.44406831,0.0,0.53783159,32639,7,0.02096688,0.9991219
72,2,21015822,0.99581102,0.00555694,0.03122371,0.0,0.00049169,0.4825907,0.0,0.48013696,58231,7,0.02678385,0.9967017
72,3,21015823,0.99563202,0.00546926,0.01804055,0.0,0.00029828,0.46073838,0.0,0.51545354,24063,7,0.02468468,0.9991211
72,4,21015824,0.99576584,0.00551653,0.02225821,0.0,0.00194591,0.41298753,0.0,0.55729182,56799,7,0.02550647,0.9982482
72,5,21015825,0.99553455,0.00524316,0.02540676,0.0,0.0004748,0.51472595,0.0,0.45414932,30495,7,0.02061273,0.9982499
72,6,21015826,0.99609432,0.00441863,0.02384619,0.0,0.00063131,0.44699952,0.0,0.52410435,42967,6,0.02125907,0.9987884
72,7,21015827,0.99495358,0.00790054,0.03068666,0.0,0.00199228,0.49734497,0.0,0.46207555,48255,7,0.03548355,0.9982464
72,8,21015828,0.99613929,0.00335836,0.02343951,0.0,0.00081219,0.50292766,0.0,0.46946228,58175,7,0.02224279,0.9982489
72,9,21015829,0.99567027,0.00603068,0.02295356,0.0,0.00115528,0.47412394,0.0,0.49573653,41823,6,0.0266284,0.9981625
72,10,21015830,0.99567677,0.0054369,0.02596245,0.0,0.00135101,0.54772051,0.0,0.41952913,29815,6,0.01755708,0.9967608
73,1,21015851,0.95313468,0.09033348,0.01980947,0.02303659,0.01875012,0.6074913,0.0022004,0.23837865,19212,7,0.08114962,1.2270533
73,2,21015852,0.94961017,0.11702654,0.02063715,0.00969904,0.01581791,0.45313061,0.00159406,0.38209469,18955,7,0.08019682,1.2261081
73,3,21015853,0.94531823,0.11494753,0.03140302,0.02303808,0.0197608,0.59719465,0.00196334,0.21169258,51981,6,0.08991355,1.2290383
73,4,21015854,0.94713316,0.12029459,0.02184549,0.02440584,0.02624071,0.54690817,0.00117816,0.25912705,23051,7,0.09269645,1.2266018
73,5,21015855,0.9522094,0.10029086,0.02561283,0.00768616,0.02589611,0.44231993,0.00122064,0.39697346,23051,7,0.11273262,1.2266018
73,6,21015856,0.95636208,0.09759962,0.03392487,0.01529979,0.01546929,0.4857876,0.00052652,0.35139231,18947,7,0.08176643,1.2251222
73,7,21015857,0.9400155,0.12991312,0.04625262,0.01409092,0.02325438,0.49178816,0.00096994,0.29373086,56075,6,0.09981833,1.2290393
73,8,21015858,0.93439942,0.15421572,0.04579348,0.00858238,0.02825716,0.6036227,0.00298802,0.15654054,20363,7,0.06660376,1.2271031
73,9,21015859,0.96072659,0.08642314,0.025251,0.00836761,0.01310608,0.60280939,0.00199092,0.26205185,18981,6,0.11273238,1.225127
73,10,21015860,0.95600769,0.09406072,0.02343495,0.02297015,0.01139866,0.28954414,0.00095739,0.557634,23045,7,0.13063531,1.2258613
74,1,21015881,0.99173691,0.00024809,0.0,1.847e-05,8.38e-06,0.99898866,8.2e-07,0.00073557,13561,6,0.04259412,0.9914363
74,2,21015882,0.9917303,0.00028537,0.0,1.859e-05,1.028e-05,0.99968488,8.2e-07,8e-08,28681,6,0.03628739,0.9947094
74,3,21015883,0.99040046,0.00025988,0.0,1.86e-05,9.2e-06,0.99971145,8.4e-07,4e-08,6089,6,0.05662594,0.9904386
74,4,21015884,0.99172918,0.00027686,0.0,1.85e-05,1.009e-05,0.99969308,7.7e-07,6.9e-07,40091,6,0.02748701,0.9861837
74,5,21015885,0.99096177,0.0002595,0.0,1.849e-05,9.07e-06,0.99971156,7.9e-07,5.8e-07,44727,6,0.04999583,0.9914653
74,6,21015886,0.99102681,0.00026776,0.0,1.86e-05,8.95e-06,0.99970371,8e-07,1.7e-07,63321,6,0.03629079,0.9947111
74,7,21015887,0.99166802,0.00025989,0.0,1.845e-05,8.8e-06,0.99971143,8e-07,6.3e-07,51193,6,0.08615417,0.9927143
74,8,21015888,0.9914949,0.00027049,0.0,1.866e-05,9.98e-06,0.99970001,8.4e-07,3e-08,37593,6,0.03346442,0.989464
74,9,21015889,0.99160921,0.00027304,0.0,1.882e-05,9.5e-06,0.99969757,8.2e-07,2.5e-07,5631,6,0.03934665,0.9966992
74,10,21015890,0.99141558,0.0002653,0.0,1.859e-05,9.25e-06,0.98856119,8.1e-07,0.01114485,46265,6,0.02868899,0.9914331
75,1,21015911,0.98674118,0.0731802,0.01219001,0.0,0.00310418,0.83546072,0.0,0.07606488,9885,6,0.1894287,1.4610036
75,2,21015912,0.99561474,0.00888353,0.00924636,0.0,0.00071864,0.88736906,0.0,0.0937824,51899,6,0.13543527,1.4610834
75,3,21015913,0.99221688,0.0308375,0.01555522,0.0,0.0002492,0.95335754,0.0,5.4e-07,49915,6,0.18962669,1.4619947
75,4,21015914,0.9797146,0.14446837,0.02613044,0.0,0.00116683,0.79361359,0.0,0.03462077,51387,6,0.11019388,1.4610778
75,5,21015915,0.99224192,0.03151648,0.02594319,0.0,0.00301221,0.90351563,0.0,0.03601249,55995,6,0.19541415,1.4610854
75,6,21015916,0.99031881,0.05348404,0.01831888,0.0,0.00017307,0.91126305,0.0,0.01676096,15580,6,0.13406833,1.4597632
75,7,21015917,0.99321417,0.02313515,0.05699674,0.0,0.00131876,0.76268018,0.0,0.15586917,44837,7,0.10496517,1.4610023
75,8,21015918,0.99293963,0.0250577,0.00932587,0.0,0.00121165,0.94734565,0.0,0.01705914,42653,6,0.18043765,1.4619956
75,9,21015919,0.99101349,0.04321438,0.01872938,0.0,0.00016495,0.93019316,0.0,0.00769813,23291,6,0.14563912,1.4605879
75,10,21015920,0.99042599,0.04739743,0.08996076,0.0,0.00191818,0.70093267,0.0,0.15979096,17147,6,0.1085492,1.4610022
76,1,21015941,0.84328957,0.13397666,0.01884419,0.0,0.03911942,0.76903881,0.03766621,0.0013547,37451,6,0.04509261,0.9944808
76,2,21015942,0.8362095,0.13770987,0.02094893,0.0,0.04133604,0.73460157,0.03423137,0.03117222,33321,6,0.05211907,0.9929688
76,3,21015943,0.8105532,0.15930634,0.02192473,0.0,0.04544411,0.69235386,0.04393004,0.03704092,38925,6,0.03715909,0.9944763
76,4,21015944,0.85482277,0.11936088,0.01780719,0.0,0.03699618,0.78353381,0.03246061,0.00984134,34889,6,0.03649155,0.9944677
76,5,21015945,0.84846318,0.12815436,0.01834212,0.0,0.03807372,0.78209112,0.03331176,2.693e-05,22727,6,0.03684401,0.9932224
76,6,21015946,0.8561377,0.11071039,0.01716844,0.0,0.03397001,0.79662396,0.03734035,0.00418685,36905,6,0.06166336,0.9937259
76,7,21015947,0.85927427,0.12564377,0.01729632,0.0,0.03422367,0.7576029,0.02629457,0.03893878,35081,6,0.0454383,0.9929688
76,8,21015948,0.82946584,0.13419853,0.02243965,0.0,0.04132107,0.75503793,0.0446398,0.00236303,34313,6,0.04702507,0.9929688
76,9,21015949,0.85551445,0.11844564,0.01936122,0.0,0.03728763,0.77542401,0.03478924,0.01469225,32779,6,0.04113653,0.9944813
76,10,21015950,0.84215752,0.13185154,0.02228787,0.0,0.03632886,0.76787458,0.03930888,0.00234828,35081,6,0.059856,0.9929688
77,1,21015971,0.99434561,0.00034123,0.0,3.21e-06,3.777e-05,0.66865584,0.0,0.33096195,60537,6,0.03239676,0.9917127
77,2,21015972,0.9931756,0.00031102,0.0,3.34e-06,2.701e-05,0.75381015,0.0,0.24584847,29177,6,0.04010193,0.9915766
77,3,21015973,0.99427048,0.0003225,0.0,3.32e-06,2.615e-05,0.71354542,0.0,0.28610261,35945,6,0.0386941,0.9938319
77,4,21015974,0.99286094,0.00030757,0.0,3.43e-06,2.419e-05,0.79419371,0.0,0.20547109,14041,6,0.04001241,0.9915536
77,5,21015975,0.99409443,0.00031936,0.0,3.21e-06,3.079e-05,0.66709597,0.0,0.33255067,13753,6,0.02756977,0.9958335
77,6,21015976,0.99353565,0.00031901,0.0,3.33e-06,2.94e-05,0.72747915,0.0,0.27216911,33785,6,0.04587241,0.9885469
77,7,21015977,0.99393482,0.00033845,0.0,3.37e-06,3.519e-05,0.62781339,0.0,0.37180961,32863,6,0.03015487,0.9917237
77,8,21015978,0.99381965,0.00033049,0.0,3.23e-06,3.231e-05,0.71633793,0.0,0.28329603,37727,6,0.02062781,0.9978321
77,9,21015979,0.99344323,0.00031854,0.0,3.31e-06,3.04e-05,0.76959237,0.0,0.23005538,37289,6,0.04337318,0.9864397
77,10,21015980,0.9932692,0.00031495,0.0,3.36e-06,2.938e-05,0.78352649,0.0,0.21612582,32617,6,0.03052022,0.9937034
78,1,21016001,0.97451976,0.06568566,0.05783247,1.5e-07,0.00583111,0.8035141,0.0,0.06713652,24098,6,0.10136414,1.6294429
78,2,21016002,0.98873711,0.02224079,0.04108965,1.4e-07,0.00188002,0.85982261,0.0,0.07496678,52298,6,0.09644079,1.6299452
78,3,21016003,0.98978605,0.02054314,0.00367548,1.4e-07,0.00115422,0.93147067,0.0,0.04315635,15428,6,0.23144015,1.6294523
78,4,21016004,0.98493534,0.03349339,0.02354511,1.9e-07,0.00286678,0.84362748,0.0,0.09646705,21955,6,0.26745672,1.6326808
78,5,21016005,0.98293324,0.03173317,0.02465851,1.6e-07,0.00128224,0.80760625,0.0,0.13471968,56781,6,0.14865659,1.6324241
78,6,21016006,0.99121515,0.01604592,0.04462954,1.3e-07,0.00081788,0.93544425,0.0,0.00306227,23765,6,0.18801441,1.6311839
78,7,21016007,0.98163795,0.0424655,0.05958453,2.4e-07,0.00445045,0.79197279,0.0,0.10152651,56396,6,0.3217659,1.6304376
78,8,21016008,0.97630116,0.0540308,0.0876179,0.00085232,0.00444924,0.69656928,0.0,0.15648046,52298,6,0.16147152,1.6299452
78,9,21016009,0.99198972,0.01348198,0.00971611,1.2e-07,0.0001624,0.9766385,0.0,8.9e-07,8372,6,0.50466925,1.6316846
78,10,21016010,0.97506113,0.06727239,0.05788156,0.00570002,0.00262628,0.80995865,0.0,0.05656111,8940,6,0.12615902,1.6284608
79,1,21016031,0.99067636,0.0008161,0.0,0.0018434,9.14e-06,0.99443734,2.05e-06,0.00289196,43001,6,0.05086445,0.9928162
79,2,21016032,0.99120611,0.00030929,0.0,1.924e-05,8.86e-06,0.99965792,2.01e-06,2.68e-06,31225,6,0.05056514,0.9916512
79,3,21016033,0.99187738,0.00028888,0.0,1.734e-05,8.96e-06,0.99968279,1.99e-06,3e-08,63767,6,0.0331466,0.9943107
79,4,21016034,0.99091606,0.00030726,0.0,1.838e-05,9.6e-06,0.99966231,2.16e-06,2.9e-07,52169,6,0.04115564,0.9896714
79,5,21016035,0.99123541,0.00030397,0.0,1.846e-05,1.02e-05,0.99966505,2.08e-06,2.4e-07,39049,6,0.02733175,0.9928298
79,6,21016036,0.99152681,0.00030529,0.0,1.809e-05,9.96e-06,0.99966435,2.17e-06,1.4e-07,59353,6,0.05136598,0.9928005
79,7,21016037,0.97895301,0.00118229,0.0,0.03302499,1.002e-05,0.96578038,2.06e-06,2.6e-07,37721,6,0.06249996,0.9948099
79,8,21016038,0.99125248,0.00033291,0.0,1.838e-05,1.004e-05,0.99963644,2.18e-06,4e-08,60345,6,0.05630236,0.9896711
79,9,21016039,0.99091904,0.00028823,0.0,1.831e-05,1.025e-05,0.99968109,2.08e-06,4e-08,27689,6,0.03766221,0.9933063
79,10,21016040,0.99119055,0.00031837,0.0,1.886e-05,1.038e-05,0.99964856,2.01e-06,1.82e-06,52935,6,0.02906717,0.9900224
80,1,21016061,0.9956237,0.08911097,0.09630091,0.0,0.05198481,0.17973133,0.0,0.58287198,18303,7,0.01492975,0.9989494
80,2,21016062,0.99589305,0.07329278,0.09717489,0.0,0.05379904,0.2021438,0.0,0.57358948,43831,7,0.01651433,0.9995089
80,3,21016063,0.99544682,0.07447013,0.07789295,0.0,0.05965154,0.18364808,0.0,0.6043373,15359,7,0.02231708,0.9999288
80,4,21016064,0.99618139,0.05468673,0.07330416,0.0,0.0617268,0.18474254,0.0,0.62553978,30327,6,0.01573448,0.9984172
80,5,21016065,0.99574093,0.07337921,0.09294473,0.0,0.06760021,0.19988737,0.0,0.56618848,30381,7,0.0145404,0.9979371
80,6,21016066,0.99628599,0.06884913,0.11214553,0.0,0.04241563,0.18867493,0.0,0.58791478,19455,7,0.01661767,0.9994313
80,7,21016067,0.99612948,0.07449892,0.10629033,0.0,0.04121211,0.26101581,0.0,0.51698282,11263,7,0.01512373,0.9994313
80,8,21016068,0.99558736,0.087848,0.11260856,0.0,0.04687643,0.23991742,0.0,0.5127496,11159,7,0.01747721,0.9994265
80,9,21016069,0.99626327,0.06844959,0.07782186,0.0,0.04444489,0.19583638,0.0,0.61344729,24575,7,0.03372372,0.9999531
80,10,21016070,0.99528809,0.08508181,0.10264644,0.0,0.07413487,0.17118446,0.0,0.56695243,20063,7,0.01584157,0.9993603
81,1,21016091,0.7524695,0.37805581,0.09320885,0.02211057,0.13645248,0.20199975,0.15718402,0.01098851,24330,3,0.03213488,0.9036604
81,2,21016092,0.74294051,0.37247242,0.07668035,0.03747854,0.19364643,0.1986775,0.08265556,0.03838921,32847,6,0.02640799,0.9958245
81,3,21016093,0.741938,0.39255533,0.09275843,0.02973819,0.14428568,0.15320264,0.10574374,0.08171599,23175,7,0.03636395,0.9957237
81,4,21016094,0.75668034,0.36390392,0.08368321,0.0169013,0.13237276,0.27717565,0.11504718,0.01091597,23042,3,0.03513902,0.9018695
81,5,21016095,0.73429272,0.40431945,0.07418188,0.02841741,0.14065038,0.24164417,0.09169886,0.01908786,18979,0,0.02032918,0.9013801
81,6,21016096,0.7399366,0.39743888,0.07513222,0.03505403,0.18726783,0.19627169,0.09750872,0.01132662,36939,6,0.02329033,0.9958255
81,7,21016097,0.73726085,0.39169572,0.06813857,0.02058018,0.18872555,0.17508462,0.13900553,0.01676983,19330,3,0.0306532,0.9018653
81,8,21016098,0.75513825,0.38358549,0.0950862,0.01747003,0.17032236,0.18625701,0.10441665,0.04286226,23052,1,0.02241972,0.9021992
81,9,21016099,0.71640339,0.42586282,0.09050604,0.03031109,0.14882153,0.13261494,0.11201787,0.05986569,20103,7,0.03270986,0.994813
81,10,21016100,0.73014856,0.37684933,0.07123718,0.02433832,0.14349951,0.18706893,0.17444957,0.02255716,24322,3,0.02547874,0.9034118
82,1,21016121,0.99205731,0.00027077,0.0,1.769e-05,2.558e-05,0.67662472,0.0,0.32306123,24569,6,0.03252868,0.9948383
82,2,21016122,0.99174111,0.00025457,0.0,1.752e-05,2.549e-05,0.75339269,0.0,0.24630973,58681,6,0.03602934,0.9928621
82,3,21016123,0.99126333,0.00023232,0.0,1.744e-05,1.832e-05,0.84694148,0.0,0.15279044,54105,6,0.03683666,0.9897368
82,4,21016124,0.99131639,0.00026047,0.0,1.77e-05,2.401e-05,0.76572514,0.0,0.23397268,19623,6,0.03152994,0.9892433
82,5,21016125,0.9914144,0.00025278,0.0,1.784e-05,2.344e-05,0.7241255,0.0,0.27558044,32985,6,0.03757354,0.9897046
82,6,21016126,0.99230409,0.00026696,0.0,1.765e-05,2.517e-05,0.75935326,0.0,0.24033696,6585,6,0.07867459,0.9917747
82,7,21016127,0.99102119,0.00023314,0.0,1.748e-05,1.848e-05,0.76958383,0.0,0.23014706,36713,6,0.05439271,0.9897157
82,8,21016128,0.99246777,0.00026312,0.0,1.759e-05,2.59e-05,0.68863372,0.0,0.31105966,36345,6,0.09089412,0.9928491
82,9,21016129,0.9917152,0.00024267,0.0,1.734e-05,2.103e-05,0.77313627,0.0,0.22658268,37583,6,0.03725136,0.9928368
82,10,21016130,0.99177275,0.00028342,0.0,1.758e-05,2.896e-05,0.62697729,0.0,0.37269276,40759,7,0.02120766,0.9935399
83,1,21016151,0.99275166,0.02190505,0.08210179,0.0,5.384e-05,0.89593686,0.0,2.47e-06,24082,6,0.11036756,1.6971152
83,2,21016152,0.99369375,0.01829522,0.08438816,0.0,0.00010126,0.85620756,0.0,0.0410078,8948,6,0.23849117,1.6963684
83,3,21016153,0.99353052,0.01424659,0.1559887,0.0,0.00052826,0.77295956,0.0,0.05627689,8436,6,0.16459176,1.6963707
83,4,21016154,0.9964517,0.00033693,6.06e-06,0.0,9.91e-06,0.99964688,0.0,2.2e-07,44365,6,0.2322359,1.6983558
83,5,21016155,0.99463734,0.01226749,0.04549816,0.0,0.00028733,0.94194634,0.0,6.7e-07,21724,6,0.17136216,1.6973638
83,6,21016156,0.9960965,0.00034841,5.93e-06,0.0,1.264e-05,0.99963272,0.0,2.9e-07,15813,6,0.30324609,1.6957389
83,7,21016157,0.99657748,0.00034039,6.06e-06,0.0,1.015e-05,0.99964305,0.0,3.5e-07,15452,6,0.18836122,1.6973638
83,8,21016158,0.99653131,0.00033622,5.83e-06,0.0,1.183e-05,0.99964587,0.0,2.5e-07,11587,6,0.17610114,1.696867
83,9,21016159,0.99676002,0.00033883,6.02e-06,0.0,1.039e-05,0.99964448,0.0,2.8e-07,13530,6,0.43016384,1.6973638
83,10,21016160,0.99320192,0.02279454,0.12787538,0.0,0.00010396,0.7781964,0.0,0.07102972,15898,6,0.07175808,1.6973638
84,1,21016181,0.90144095,0.06350546,0.01038427,0.02493176,0.01457643,0.85065047,0.02756058,0.00839103,32777,6,0.04789375,0.9936482
84,2,21016182,0.8837013,0.06787755,0.01004658,0.06084657,0.00973287,0.81651162,0.03131446,0.00367035,33327,6,0.03667415,0.9913131
84,3,21016183,0.90813006,0.05348672,0.00969894,0.02052066,0.01084857,0.87372486,0.03172019,7e-08,33497,6,0.05553842,0.9913092
84,4,21016184,0.91257258,0.05505416,0.00981313,0.00524961,0.01150438,0.88290522,0.03547348,2e-08,36313,6,0.05362532,0.9913171
84,5,21016185,0.90306829,0.06608025,0.01082677,0.02405252,0.0148979,0.85563947,0.02380914,0.00469394,32813,6,0.04572848,0.9924752
84,6,21016186,0.88922665,0.06117387,0.00945763,0.06939912,0.01250304,0.82064356,0.02682273,4e-08,33097,6,0.061953,0.9890003
84,7,21016187,0.93021872,0.03953996,0.00697474,0.03484953,0.00905392,0.88578497,0.01651097,0.0072859,36937,6,0.07033184,0.9936468
84,8,21016188,0.91066684,0.04685235,0.01196079,0.03950283,0.01339078,0.86338002,0.02249184,0.00242138,34443,6,0.04970922,0.9866566
84,9,21016189,0.90228544,0.05096389,0.01101269,0.05576092,0.00824318,0.83975547,0.02833114,0.00593272,7113,6,0.05498773,0.9913274
84,10,21016190,0.87001708,0.06968855,0.01125045,0.09321242,0.01291969,0.77370429,0.03234709,0.00687751,36939,6,0.04665476,0.9936468
85,1,21016211,0.99533051,0.00230737,0.02570738,0.0,0.00040503,0.50283569,0.0,0.46874452,52343,6,0.0302956,0.9968558
85,2,21016212,0.99487974,0.00415233,0.0277278,0.0,0.00024893,0.46477378,0.0,0.50309716,30207,7,0.02495781,0.9985908
85,3,21016213,0.99477049,0.0045619,0.03993137,0.0,0.00094049,0.47333877,0.0,0.48122747,14079,6,0.01681173,0.9971908
85,4,21016214,0.99451912,0.00435646,0.02991129,0.0,0.00059024,0.47374148,0.0,0.49140053,59327,7,0.02058577,0.9978914
85,5,21016215,0.9953997,0.0028741,0.04490505,0.0,0.00015503,0.40689229,0.0,0.54517353,57319,7,0.02423122,0.9969443
85,6,21016216,0.99507692,0.00257486,0.03928464,0.0,0.00061365,0.45662795,0.0,0.50089891,48439,6,0.03035733,0.9959372
85,7,21016217,0.99522283,0.00381444,0.03856623,0.0,0.00046594,0.4730088,0.0,0.48414458,21943,6,0.02214682,0.9983367
85,8,21016218,0.99486697,0.00301769,0.05537545,0.0,0.00044129,0.49853742,0.0,0.44262815,34775,6,0.02404574,0.998256
85,9,21016219,0.99464301,0.00426962,0.04759519,0.0,0.00038442,0.47073136,0.0,0.4770194,62967,7,0.02845297,0.9983405
85,10,21016220,0.99464772,0.00391658,0.02544406,0.0,0.00073401,0.4681753,0.0,0.50173005,3071,7,0.02388756,0.9968971
86,1,21016241,0.96108933,0.08522814,0.01456044,0.0089006,0.0101382,0.74726851,0.0,0.13390412,8428,6,0.12055067,1.4886826
86,2,21016242,0.96599351,0.07462486,0.02693879,0.00147064,0.01064631,0.63744322,0.0,0.24887618,55843,6,0.05191753,1.4904032
86,3,21016243,0.97334141,0.06076228,0.00874794,0.00241023,0.00644111,0.80467343,0.0,0.11696501,18314,6,0.08809587,1.4916235
86,4,21016244,0.97224992,0.05999588,0.00979376,0.00060586,0.01248205,0.79057992,0.0,0.12654254,18979,6,0.15001317,1.4891725
86,5,21016245,0.97294889,0.05695583,0.01803295,0.00085861,0.00632625,0.76824902,0.0,0.14957734,51979,6,0.07861944,1.4936056
86,6,21016246,0.97556414,0.05621163,0.02030315,0.00145184,0.00624689,0.66111032,0.0,0.25467618,23043,7,0.16083792,1.489905
86,7,21016247,0.97356398,0.06052212,0.02042668,0.00314903,0.00711949,0.68404127,0.0,0.22474142,8428,6,0.12435978,1.4886826
86,8,21016248,0.96147245,0.09296688,0.02432229,0.00062588,0.00974853,0.66186767,0.0,0.21046875,19242,6,0.07015185,1.4916235
86,9,21016249,0.9747963,0.05708205,0.01572095,5.227e-05,0.00578115,0.82698096,0.0,0.09438261,8948,6,0.20745769,1.4916205
86,10,21016250,0.97569501,0.06322678,0.00721027,9.659e-05,0.0077438,0.86647868,0.0,0.05524387,24099,6,0.11341482,1.4899026
87,1,21016271,0.99143538,0.00027533,0.0,2.15e-05,9.08e-06,0.99969262,1.39e-06,9e-08,62507,6,0.03671618,0.9944591
87,2,21016272,0.99097454,0.00028998,0.0,2.222e-05,1.073e-05,0.99929539,1.38e-06,0.00038031,10967,6,0.03134498,0.9850341
87,3,21016273,0.99123726,0.00024784,0.0,2.088e-05,8.69e-06,0.9997209,1.39e-06,3e-07,62905,6,0.03777448,0.9944596
87,4,21016274,0.99099373,0.00026025,0.0,2.147e-05,8.19e-06,0.99655557,1.4e-06,0.00315311,43753,6,0.03725874,0.9835639
87,5,21016275,0.98962786,0.00022926,0.0,2.03e-05,7.5e-06,0.99974134,1.34e-06,2.6e-07,13561,6,0.06680145,0.9909419
87,6,21016276,0.99091931,0.00027448,0.0,2.126e-05,9.07e-06,0.99969375,1.38e-06,6e-08,58793,6,0.04442793,0.9909435
87,7,21016277,0.99130623,0.00026225,0.0,2.091e-05,9.95e-06,0.99970539,1.33e-06,1.6e-07,33163,6,0.04160747,0.9889584
87,8,21016278,0.99096139,0.00027099,0.0,2.116e-05,8.71e-06,0.99969763,1.4e-06,1.1e-07,38649,6,0.03555166,0.9909544
87,9,21016279,0.99069573,0.00024559,0.0,2.059e-05,8.77e-06,0.99972344,1.38e-06,2.3e-07,51911,6,0.04193601,0.9893214
87,10,21016280,0.99013221,0.00022336,0.0,2e-05,8.31e-06,0.99555967,1.33e-06,0.00418734,37737,6,0.08200617,0.9892075
88,1,21016301,0.97869117,0.05788081,0.09591235,0.003779,0.0267784,0.540415,0.01337679,0.26185765,18077,6,0.21806148,1.3758945
88,2,21016302,0.97890193,0.05372102,0.12154081,0.00344157,0.03723261,0.56275562,0.01284339,0.20846497,19789,4,0.06368663,1.3758945
88,3,21016303,0.97153045,0.09791002,0.27417256,0.00660533,0.03697461,0.45792587,0.00931204,0.11709958,54493,4,0.08264419,1.3768875
88,4,21016304,0.96917146,0.11190698,0.13999807,0.00660197,0.03659429,0.54824551,0.01568692,0.14096626,54941,6,0.065995,1.3768875
88,5,21016305,0.98006887,0.05560717,0.13682992,0.00288668,0.03039686,0.75151766,0.01449648,0.00826522,22173,6,0.28705538,1.3763912
88,6,21016306,0.97545449,0.08744148,0.12148972,0.00070841,0.02739468,0.57777905,0.01498129,0.17020537,51981,6,0.09215056,1.3768848
88,7,21016307,0.98404605,0.05011794,0.18224167,0.00214162,0.01743548,0.61225488,0.01119291,0.1246155,14213,6,0.16594281,1.3758945
88,8,21016308,0.98317601,0.04661805,0.3105402,0.00162514,0.02708574,0.54433002,0.00720727,0.06259356,9677,4,0.12726145,1.3758945
88,9,21016309,0.96575032,0.12529478,0.21341967,0.00544105,0.04946733,0.5030662,0.01486893,0.08844204,15277,6,0.08862309,1.3756486
88,10,21016310,0.97542912,0.05741,0.26057494,0.00210287,0.06403108,0.42097739,0.00855912,0.1863446,13981,6,0.19621719,1.3763912
89,1,21016331,0.78914988,0.18696758,0.06328382,0.0,0.06009243,0.61028823,0.04871923,0.03064871,37135,6,0.05333522,0.9939786
89,2,21016332,0.74755898,0.2246932,0.07604108,0.0,0.07598315,0.54304744,0.06144718,0.01878795,33039,6,0.05053556,0.9939777
89,3,21016333,0.80025257,0.18399533,0.07024706,0.0,0.05453758,0.64029019,0.04521466,0.00571517,36943,6,0.04796671,0.9949837
89,4,21016334,0.76491398,0.21858647,0.08451837,0.0,0.0665216,0.51274509,0.05495157,0.0626769,33097,6,0.07305237,0.9929686
89,5,21016335,0.74782126,0.22528598,0.06979439,0.0,0.06350517,0.57352085,0.06255723,0.00533637,37391,6,0.06789893,0.9944789
89,6,21016336,0.71325569,0.24304589,0.08800054,0.0,0.08306851,0.46751931,0.07534495,0.0430208,33099,6,0.0560501,0.9929626
89,7,21016337,0.78591144,0.19648695,0.06931113,0.0,0.06423327,0.62401456,0.04312365,0.00283043,36877,6,0.10085288,0.9949848
89,8,21016338,0.70282956,0.25790815,0.11390807,0.0,0.08226272,0.44866467,0.07510308,0.02215331,37197,6,0.02578374,0.9929636
89,9,21016339,0.76144767,0.21802763,0.07538657,0.0,0.06440486,0.55952764,0.05733803,0.02531527,33033,6,0.10114576,0.9939737
89,10,21016340,0.75576274,0.21705498,0.07821202,0.0,0.07551989,0.53926513,0.05812342,0.03182455,37131,6,0.0556833,0.9939727
90,1,21016361,0.99265458,0.00028641,0.0,7.09e-06,2.657e-05,0.75140966,0.0,0.24827028,60525,6,0.03275055,0.995246
90,2,21016362,0.99320176,0.00030679,0.0,7.01e-06,3.008e-05,0.59523562,0.0,0.4044205,40807,7,0.02830212,0.9938061
90,3,21016363,0.99285504,0.00029807,0.0,7.02e-06,2.998e-05,0.67157584,0.0,0.32808909,44665,6,0.03037653,0.9905771
90,4,21016364,0.99297751,0.00030119,0.0,7e-06,3.075e-05,0.68012067,0.0,0.31954039,51161,6,0.03680696,0.993264
90,5,21016365,0.99267824,0.00028107,0.0,7.14e-06,2.586e-05,0.73512196,0.0,0.26456397,22521,6,0.05931737,0.995269
90,6,21016366,0.99287565,0.00029489,0.0,7.04e-06,2.79e-05,0.72623757,0.0,0.27343261,12231,7,0.02242435,0.9940483
90,7,21016367,0.99272017,0.00029824,0.0,7.05e-06,2.883e-05,0.68975455,0.0,0.30991132,33961,6,0.02257988,0.9932696
90,8,21016368,0.99296904,0.0002914,0.0,7.03e-06,3.006e-05,0.59796625,0.0,0.40170527,42617,6,0.03009692,0.9848158
90,9,21016369,0.99255457,0.00028016,0.0,7.17e-06,2.534e-05,0.78480964,0.0,0.21487769,62431,7,0.03841628,0.9972634
90,10,21016370,0.99280965,0.00027516,0.0,7.02e-06,2.4e-05,0.76721448,0.0,0.23247934,7033,6,0.03880034,0.9934112
91,1,21016391,0.99246134,0.01021889,0.00240737,0.0,0.00035433,0.92103924,0.0,0.06598016,18965,6,0.19962235,1.7959312
91,2,21016392,0.98665258,0.02896632,0.0051107,0.0,0.00100545,0.95066909,0.0,0.01424844,8892,6,0.16080486,1.798989
91,3,21016393,0.99083837,0.01948393,0.00555929,0.0,0.00199727,0.85959294,0.0,0.11336656,54932,6,0.09230139,1.7999811
91,4,21016394,0.99015364,0.02056321,0.02168414,0.0,0.00246031,0.80861201,0.0,0.14668033,8948,6,0.26073799,1.7989854
91,5,21016395,0.98708616,0.02753349,0.01975484,0.0,0.00137153,0.76125206,0.0,0.19008808,44116,6,0.08764599,1.7996497
91,6,21016396,0.98420973,0.03619396,0.00454338,0.0,0.00108985,0.85412251,0.0,0.1040503,23082,6,0.09258734,1.7967503
91,7,21016397,0.99579378,0.00433242,0.01809788,0.0,0.00110142,0.97646762,0.0,6.6e-07,23885,6,0.38361765,1.8004778
91,8,21016398,0.99277101,0.01137701,0.01342504,0.0,0.00176952,0.89462199,0.0,0.07880643,12037,6,0.09131324,1.7994843
91,9,21016399,0.98456656,0.03572797,0.0091509,0.0,0.00148724,0.80765356,0.0,0.14598033,20227,7,0.11652121,1.7994843
91,10,21016400,0.99308043,0.00974576,0.00063874,0.0,0.00075286,0.91320579,0.0,0.07565685,52557,6,0.13772544,1.8009731
92,1,21016421,0.92819859,0.02126155,0.0,0.10251628,0.00053496,0.86826062,0.00742654,4e-08,36937,6,0.06344586,0.9929007
92,2,21016422,0.91831412,0.03480053,0.0,0.11378855,0.0012089,0.84667419,0.00352762,2.1e-07,34955,6,0.04120276,0.9928906
92,3,21016423,0.97338487,0.0087963,0.0,0.02379829,0.00032446,0.96421379,0.00286707,1e-07,32971,6,0.03984778,0.9928874
92,4,21016424,0.9543929,0.01713178,0.0,0.03507723,0.00078048,0.94103048,0.00597902,1.02e-06,37721,6,0.04471254,0.9948919
92,5,21016425,0.93656594,0.01881506,0.0,0.07155438,0.00143869,0.90149447,0.00669734,6e-08,32843,6,0.03359059,0.9928997
92,6,21016426,0.95786422,0.01583803,0.0,0.02986032,0.00125505,0.94379251,0.00925406,4e-08,35673,6,0.05517027,0.9928985
92,7,21016427,0.96423717,0.02220366,0.0,0.02742195,0.00159035,0.94595784,0.00282613,6e-08,35023,6,0.02508858,0.9929156
92,8,21016428,0.93945084,0.01335161,0.0,0.08402585,0.0011935,0.89774561,0.0036834,3e-08,38925,6,0.04870442,0.9928915
92,9,21016429,0.9361873,0.0193583,0.0,0.08433788,0.00225962,0.88616766,0.00748533,0.00039121,53065,6,0.06151979,0.9898211
92,10,21016430,0.88644378,0.03846256,0.0,0.15406731,0.0016172,0.79408262,0.01177029,2e-08,37417,6,0.04974816,0.9898274
93,1,21016451,0.99584538,0.01150693,0.11842503,0.0,0.00280515,0.22677233,0.0,0.64049056,4063,7,0.01536902,0.9989931
93,2,21016452,0.99572335,0.01122283,0.14425922,0.0,0.00159238,0.24897094,0.0,0.59395464,36567,6,0.02642833,0.996842
93,3,21016453,0.99588709,0.01196738,0.08428,0.0,0.00265405,0.31660903,0.0,0.58448952,59071,7,0.01964417,0.9987386
93,4,21016454,0.9960235,0.01062682,0.18067815,0.0,0.00211214,0.16640907,0.0,0.64017383,44863,7,0.02641312,0.9989883
93,5,21016455,0.99547984,0.01129578,0.12831147,0.0,0.00497584,0.31716863,0.0,0.53824828,11903,7,0.02496868,0.9984913
93,6,21016456,0.9963134,0.00903311,0.12845571,0.0,0.00157887,0.2431295,0.0,0.61780281,47895,7,0.02699426,0.9981106
93,7,21016457,0.99559096,0.01342261,0.12592036,0.0,0.00280787,0.25732217,0.0,0.60052699,20479,7,0.02152566,0.9989956
93,8,21016458,0.99637927,0.0083132,0.12208137,0.0,0.00150387,0.23977488,0.0,0.62832668,64415,7,0.02066579,0.9992396
93,9,21016459,0.9961491,0.00898818,0.13304237,0.0,0.00180057,0.32622664,0.0,0.52994224,19423,7,0.01874676,0.9989922
93,10,21016460,0.99582501,0.01012617,0.12612663,0.0,0.00375579,0.19564122,0.0,0.6643502,10039,6,0.02289825,0.9956089
94,1,21016481,0.92593033,0.13000282,0.03876829,0.00591433,0.03918754,0.42982881,0.0053917,0.35090651,20226,7,0.06164909,1.1998198
94,2,21016482,0.94871088,0.10874591,0.02527076,0.00361859,0.02724149,0.38078936,0.00381862,0.45051526,20237,7,0.0820286,1.2008128
94,3,21016483,0.92995176,0.12648297,0.02711446,0.00358955,0.0291543,0.53448382,0.00695724,0.27221766,19330,7,0.07269692,1.1984258
94,4,21016484,0.93765974,0.11734764,0.02343204,0.00564244,0.0331029,0.51525626,0.00417233,0.30104639,23298,7,0.06016132,1.2005621
94,5,21016485,0.95641637,0.08025618,0.01779035,0.00176366,0.02173018,0.45348764,0.00174604,0.42322595,20226,7,0.10920699,1.1998198
94,6,21016486,0.92702333,0.13615384,0.03212478,0.00845313,0.02956985,0.57335142,0.00762083,0.21272615,23075,6,0.05728573,1.1986846
94,7,21016487,0.91270495,0.16884437,0.03876115,0.01926516,0.03948189,0.4968912,0.00789566,0.22886058,19979,7,0.05664396,1.198931
94,8,21016488,0.92113509,0.15940335,0.03654416,0.00325632,0.03931412,0.4804447,0.00605147,0.27498588,23043,7,0.09529685,1.1986804
94,9,21016489,0.92845987,0.12397849,0.04057433,0.01244084,0.03755291,0.38912816,0.00519986,0.39112542,19213,7,0.11501166,1.2008109
94,10,21016490,0.95524875,0.08475786,0.02732556,0.0011095,0.02215389,0.39801873,0.00303454,0.46359993,20363,7,0.13999741,1.199922
95,1,21016511,0.99075614,0.00026458,0.0,1.765e-05,9.66e-06,0.99777814,7.6e-07,0.0019292,24057,6,0.02953745,0.9944162
95,2,21016512,0.9901984,0.00026261,0.0,1.767e-05,9.37e-06,0.99970941,7.8e-07,1.7e-07,38601,6,0.02356136,0.9924068
95,3,21016513,0.99179378,0.00026861,0.0,1.764e-05,1.01e-05,0.99970262,7.7e-07,2.6e-07,64887,6,0.03598755,0.9961554
95,4,21016514,0.99126285,0.00025649,0.0,1.778e-05,8.73e-06,0.99971623,7.4e-07,3e-08,60009,6,0.04471074,0.9926212
95,5,21016515,0.98987101,0.00024555,0.0,1.756e-05,9.03e-06,0.99972706,7.7e-07,4e-08,43737,6,0.03448899,0.9834313
95,6,21016516,0.99170213,0.00025661,0.0,1.764e-05,9e-06,0.99971592,7.7e-07,6e-08,63417,6,0.05864,0.9926332
95,7,21016517,0.99006047,0.00024544,0.0,1.767e-05,8.56e-06,0.99972749,7.7e-07,8e-08,31673,6,0.04082281,0.9908641
95,8,21016518,0.99100594,0.00025639,0.0,1.757e-05,9.41e-06,0.99971544,7.6e-07,4.4e-07,39225,6,0.048443,0.9926262
95,9,21016519,0.99097515,0.00024718,0.0,1.745e-05,7.89e-06,0.9997254,7.6e-07,1.33e-06,39353,6,0.04507136,0.9926373
95,10,21016520,0.991234,0.00026584,0.0,1.772e-05,9.2e-06,0.99970636,7.6e-07,1.2e-07,34201,6,0.02573294,0.9924018
96,1,21016541,0.99464208,0.01206647,0.29449215,0.0,6.994e-05,0.68312074,0.0,0.0102507,11924,6,0.09333301,1.7012796
96,2,21016542,0.99600035,0.00353271,0.39787241,0.0,0.00117171,0.58691936,0.0,0.01050382,56059,6,0.2136399,1.7042574
96,3,21016543,0.99540833,0.00943344,0.69002623,0.0,9.183e-05,0.30044664,0.0,1.86e-06,43259,4,0.18139873,1.7042581
96,4,21016544,0.99501797,0.01215699,0.3670209,0.0,5.206e-05,0.59073955,0.0,0.0300305,14251,6,0.15509093,1.7037639
96,5,21016545,0.9945349,0.01090403,0.66724755,0.0,0.00010719,0.28773746,0.0,0.03400378,10732,4,0.29545206,1.7012806
96,6,21016546,0.99517658,0.00609627,0.21635128,0.0,3.676e-05,0.77751536,0.0,3.3e-07,11723,6,0.25313799,1.7027714
96,7,21016547,0.99470653,0.01161307,0.31914364,0.0,8.076e-05,0.59956607,0.0,0.06959646,48788,6,0.08775084,1.7027714
96,8,21016548,0.99589881,0.00175247,0.65749937,0.0,6.99e-05,0.34067709,0.0,1.17e-06,14820,4,0.17204337,1.7025225
96,9,21016549,0.9958252,0.00580584,0.41549002,0.0,6.479e-05,0.52077119,0.0,0.05786816,19005,4,0.12982572,1.7046588
96,10,21016550,0.99466099,0.01117349,0.42837576,0.0,0.00057899,0.54694477,0.0,0.01292699,23010,4,0.20889392,1.7025225
97,1,21016571,0.83886025,0.10996479,0.02096613,0.00078796,0.03692069,0.78312955,0.04823081,7e-08,32783,6,0.08430138,0.9940501
97,2,21016572,0.87115812,0.09619436,0.01255311,1e-08,0.03156644,0.81666353,0.03072453,0.01229802,35883,6,0.05466236,0.9940404
97,3,21016573,0.86905849,0.08970413,0.01590199,1e-08,0.03582404,0.79408742,0.0343233,0.03015911,33035,6,0.06855592,0.9921137
97,4,21016574,0.84847546,0.10829662,0.01528512,0.00039848,0.0359981,0.76790772,0.038609,0.03350496,36105,6,0.04932981,0.9921079
97,5,21016575,0.83460214,0.12227259,0.02046033,0.00065968,0.04195825,0.76374752,0.04116384,0.00973779,36943,6,0.06218992,0.9940492
97,6,21016576,0.85242715,0.10357221,0.01681038,8.211e-05,0.03082612,0.77123333,0.04682353,0.03065232,33071,6,0.07727239,0.9911567
97,7,21016577,0.84000369,0.10793614,0.01802007,0.00056326,0.03992302,0.78995745,0.04238905,0.00121101,33325,6,0.03106943,0.992106
97,8,21016578,0.84515943,0.11659973,0.01798045,0.00015525,0.04034038,0.78373709,0.03741462,0.00377248,37455,6,0.05121879,0.9940551
97,9,21016579,0.81927052,0.11832703,0.0211261,8e-08,0.04605187,0.75984341,0.05465148,3e-08,36939,6,0.04024798,0.9940492
97,10,21016580,0.83419612,0.12035749,0.02025989,0.00033907,0.04065976,0.77772131,0.04066242,5e-08,32781,6,0.04738726,0.9940501
98,1,21016601,0.99382921,0.0018646,0.0,0.0,0.00044978,0.57383359,0.0,0.42385203,8031,7,0.02157998,0.9979814
98,2,21016602,0.99446556,0.00070838,0.0,0.0,3.93e-05,0.57508768,0.0,0.42416464,59085,6,0.02207817,0.9959724
98,3,21016603,0.99452774,0.00122244,0.0,0.0,3.573e-05,0.52127562,0.0,0.47746621,61271,7,0.02268191,0.9976491
98,4,21016604,0.99429863,0.00095309,0.0,0.0,6.918e-05,0.57796634,0.0,0.42101139,47031,6,0.02474748,0.996732
98,5,21016605,0.99449485,0.00077848,0.0,0.0,6.517e-05,0.59820079,0.0,0.40095555,44351,6,0.02319504,0.9964811
98,6,21016606,0.99424537,0.0014854,0.0,0.0,3.922e-05,0.59366819,0.0,0.40480718,18367,6,0.02061271,0.9964826
98,7,21016607,0.99459602,0.00062183,0.0,0.0,4.407e-05,0.62045394,0.0,0.37888015,29975,6,0.02987798,0.9954934
98,8,21016608,0.99468564,0.0010425,0.0,0.0,3.971e-05,0.5984846,0.0,0.40043319,38573,6,0.02899563,0.9929808
98,9,21016609,0.99441897,0.00137318,0.0,0.0,0.00023492,0.58943115,0.0,0.40896076,60653,6,0.01862209,0.9959804
98,10,21016610,0.99414881,0.00217411,0.0,0.0,0.00040509,0.59487167,0.0,0.40254913,42751,6,0.02459988,0.9959808
99,1,21016631,0.97099997,0.06821252,0.01470771,0.00053298,0.00284639,0.90626825,0.0,0.00743214,21717,6,0.11180073,1.7382162
99,2,21016632,0.97409216,0.06046766,0.01996995,2.2e-07,0.00388299,0.66423082,0.0,0.25144836,23765,6,0.15163363,1.7365105
99,3,21016633,0.98825794,0.0235446,0.02238288,1.3e-07,0.00117763,0.8898717,0.0,0.06302306,23874,6,0.11412506,1.7379676
99,4,21016634,0.96717894,0.07965024,0.02230625,1.4e-07,0.00256966,0.8491596,0.0,0.04631411,17602,6,0.15138345,1.7337968
99,5,21016635,0.97031079,0.0641687,0.02590641,0.00230096,0.00595709,0.77389939,0.0,0.12776746,52107,6,0.16521673,1.7377415
99,6,21016636,0.98717045,0.02485397,0.00348712,0.00035202,0.0020035,0.9008957,0.0,0.0684077,17610,6,0.09832268,1.7337988
99,7,21016637,0.97238123,0.06490899,0.02963828,2.8e-07,0.00485885,0.75438656,0.0,0.14620704,56394,6,0.08898324,1.735764
99,8,21016638,0.98777972,0.0208651,0.02865813,1.1e-07,0.00364191,0.91127505,0.0,0.0355597,17620,6,0.2229033,1.7372231
99,9,21016639,0.98169141,0.03944906,0.03983586,1.4e-07,0.00274178,0.79502819,0.0,0.12294497,52557,6,0.09718306,1.7392082
99,10,21016640,0.9675944,0.072369,0.03109149,2.1e-07,0.0032469,0.79731924,0.0,0.09597315,8892,6,0.12679482,1.7372241
100,1,21016661,0.99075147,0.00027876,0.0,1.866e-05,9.09e-06,0.99895011,1.72e-06,0.00074167,34681,6,0.02565677,0.9923644
100,2,21016662,0.99028358,0.00027034,0.0,1.894e-05,8.23e-06,0.9997007,1.77e-06,2e-08,36023,6,0.02871822,0.9910617
100,3,21016663,0.99009223,0.00023322,0.0,1.768e-05,7.73e-06,0.9997396,1.71e-06,5e-08,32841,6,0.06961786,0.9923529
100,4,21016664,0.99105797,0.00023767,0.0,1.769e-05,8.44e-06,0.99973401,1.68e-06,5.1e-07,35529,6,0.04037784,0.9923566
100,5,21016665,0.99179135,0.00029594,0.0,1.897e-05,9.32e-06,0.99967395,1.78e-06,4e-08,36247,6,0.03213214,0.994676
100,6,21016666,0.99064669,0.00028444,0.0,1.911e-05,8.71e-06,0.99968578,1.77e-06,2e-07,7927,6,0.0230708,0.991475
100,7,21016667,0.99047354,0.00028399,0.0,1.896e-05,9.59e-06,0.99968553,1.78e-06,1.5e-07,30009,6,0.02630578,0.9943505
100,8,21016668,0.9901132,0.00024145,0.0,1.815e-05,7.87e-06,0.99973074,1.73e-06,5e-08,34025,6,0.04484105,0.9923384
100,9,21016669,0.99043239,0.00027575,0.0,1.852e-05,9.28e-06,0.99969308,1.71e-06,1.66e-06,24505,6,0.05860792,0.9925314
100,10,21016670,0.99002834,0.00025441,0.0,1.778e-05,8.41e-06,0.99971737,1.71e-06,3.1e-07,33753,6,0.05307664,0.99235
101,1,21016691,0.95908469,0.12880507,0.06246892,0.01704175,0.12638805,0.24549234,0.04192932,0.37787456,10157,6,0.16953499,1.2115711
101,2,21016692,0.94568185,0.18405057,0.09330558,0.02317712,0.13606092,0.21014054,0.07088491,0.28238035,14245,6,0.10101295,1.2118188
101,3,21016693,0.95448059,0.12275451,0.10843251,0.02325251,0.13054893,0.2413881,0.05574808,0.31787536,53157,7,0.06282715,1.2117345
101,4,21016694,0.95402755,0.14296654,0.07894877,0.02266277,0.16711613,0.17360399,0.04787532,0.36682648,24365,7,0.054474,1.2129813
101,5,21016695,0.95909182,0.11903625,0.17650271,0.01051623,0.11927774,0.07963916,0.0590462,0.4359817,53029,7,0.10354326,1.2124842
101,6,21016696,0.96389844,0.11855392,0.09190317,0.01424586,0.10839496,0.16307071,0.05068556,0.45314583,44941,7,0.09113275,1.213055
101,7,21016697,0.95629553,0.12402463,0.13375564,0.02084453,0.1285139,0.2010564,0.05141499,0.34038991,16261,7,0.10022435,1.2118188
101,8,21016698,0.94282159,0.19204412,0.11577965,0.03067785,0.13668539,0.12135387,0.0862043,0.31725481,44813,7,0.04784878,1.213477
101,9,21016699,0.96241321,0.11849299,0.12425611,0.0055069,0.09829203,0.30352848,0.05371422,0.29620925,57133,7,0.06851821,1.2134776
101,10,21016700,0.95808476,0.15916673,0.07899111,0.00692325,0.12598169,0.24966877,0.04395326,0.33531519,11789,7,0.09693451,1.21058
102,1,21016721,0.61725327,0.43378691,0.11291234,0.0,0.16355587,0.13324037,0.11354885,0.04295565,37391,6,0.0145662,0.9953784
102,2,21016722,0.60882474,0.44327142,0.09796253,0.0,0.17311339,0.11365253,0.13127179,0.04072834,23042,3,0.02483955,0.7824673
102,3,21016723,0.61703325,0.41947354,0.08379568,0.0,0.16369608,0.14620587,0.1574928,0.02933602,18946,3,0.03201,0.7814808
102,4,21016724,0.60329681,0.45592071,0.09668769,0.0,0.16845926,0.15371111,0.10001422,0.02520701,24207,7,0.01782402,0.9953375
102,5,21016725,0.61728242,0.4291167,0.09722861,0.0,0.17529385,0.12041786,0.11427035,0.06367264,19079,7,0.02617136,0.9942718
102,6,21016726,0.63275526,0.41628338,0.08656584,0.0,0.13798539,0.13161531,0.13074594,0.09680414,23175,7,0.02608554,0.9950098
102,7,21016727,0.61680525,0.42258387,0.09941002,0.0,0.17684494,0.13879689,0.1170753,0.04528898,24199,7,0.02960898,0.9946005
102,8,21016728,0.62484392,0.42518768,0.08442389,0.0,0.17083113,0.13300391,0.10483674,0.08171666,19079,7,0.03498244,0.9942718
102,9,21016729,0.59496845,0.45244111,0.1051672,0.0,0.19649331,0.12205555,0.08895013,0.03489269,20355,1,0.01385898,0.7834594
102,10,21016730,0.59568923,0.45724393,0.09955001,0.0,0.17113765,0.13931315,0.10367448,0.02908077,23183,7,0.02383998,0.9957489
103,1,21016751,0.99201906,0.00024342,0.0,1.36e-05,2.167e-05,0.78179705,0.0,0.21792428,63801,6,0.04451985,0.9930777
103,2,21016752,0.99196381,0.00024597,0.0,1.364e-05,2.323e-05,0.75234466,0.0,0.24737251,58233,6,0.0582596,0.991108
103,3,21016753,0.99116554,0.00023687,0.0,1.358e-05,2.052e-05,0.73657976,0.0,0.26314926,43143,6,0.03306453,0.9898069
103,4,21016754,0.99148645,0.00023589,0.0,1.365e-05,1.941e-05,0.81364435,0.0,0.1860867,63465,6,0.06793381,0.9914559
103,5,21016755,0.99208206,0.00025031,0.0,1.372e-05,2.181e-05,0.73818606,0.0,0.26152811,61289,6,0.05519451,0.9894748
103,6,21016756,0.99186942,0.00025418,0.0,1.368e-05,2.37e-05,0.7322926,0.0,0.26741584,24393,6,0.03721265,0.9914421
103,7,21016757,0.99139788,0.00024326,0.0,1.367e-05,2.257e-05,0.76558373,0.0,0.23413677,38603,6,0.0294028,0.9926746
103,8,21016758,0.99201702,0.00026093,0.0,1.357e-05,2.6e-05,0.72317291,0.0,0.27652659,64889,6,0.04186751,0.9947011
103,9,21016759,0.99208096,0.00025361,0.0,1.361e-05,2.698e-05,0.69574893,0.0,0.30395687,40249,6,0.03294119,0.9947048
103,10,21016760,0.9910712,0.00024875,0.0,1.363e-05,2.554e-05,0.75415822,0.0,0.24555386,29673,6,0.03156252,0.9866022
104,1,21016781,0.99620605,0.00030267,5.55e-06,0.0,1.238e-05,0.99967915,0.0,2.5e-07,23876,6,0.19510241,1.9076995
104,2,21016782,0.99586007,0.00130182,0.00066583,0.0,8.92e-06,0.99802308,0.0,3.5e-07,15427,6,0.25889072,1.9044217
104,3,21016783,0.99698999,0.00033711,6.06e-06,0.0,1.427e-05,0.99964222,0.0,3.4e-07,54493,6,0.30342275,1.9089411
104,4,21016784,0.99613122,0.0003103,5.73e-06,0.0,1.35e-05,0.99967021,0.0,2.7e-07,56770,6,0.25761179,1.9056584
104,5,21016785,0.9964522,0.0003265,5.57e-06,0.0,1.096e-05,0.99965664,0.0,3.3e-07,24010,6,0.19327173,1.9058239
104,6,21016786,0.99179831,0.02080226,0.04186382,0.0,2.549e-05,0.93730662,0.0,1.82e-06,11586,6,0.20797204,1.906955
104,7,21016787,0.99404921,0.01221765,0.01621436,0.0,8.446e-05,0.97147803,0.0,5.5e-06,9676,6,0.13898863,1.906956
104,8,21016788,0.99265517,0.0179023,0.03074133,0.0,0.00012201,0.88735009,0.0,0.06388427,14875,6,0.20590715,1.9051596
104,9,21016789,0.99051704,0.03365252,0.05476668,0.0,4.463e-05,0.80918586,0.0,0.10235031,17859,6,0.22270733,1.9074513
104,10,21016790,0.99241442,0.01887581,0.01514593,0.0,2.071e-05,0.9659563,0.0,1.24e-06,50380,6,0.18601663,1.9046679
105,1,21016811,0.88595396,0.04270622,0.0149423,0.0793158,0.00823816,0.82340378,0.03072891,0.00066483,6089,6,0.05483333,0.9912876
105,2,21016812,0.87160625,0.04825004,0.01452883,0.11870918,0.00606593,0.77999134,0.03245466,3e-08,34827,6,0.03055421,0.9931334
105,3,21016813,0.85597278,0.0560762,0.01216068,0.14383589,0.008417,0.74401986,0.03549033,3e-08,37577,6,0.04291608,0.9931364
105,4,21016814,0.89639284,0.05861261,0.01386188,0.06334856,0.00744423,0.82234304,0.02627785,0.00811182,32781,6,0.06409923,0.9931448
105,5,21016815,0.8794397,0.06986854,0.01629067,0.05245636,0.00808168,0.80354711,0.03506124,0.0146944,32783,6,0.05460889,0.9931448
105,6,21016816,0.90312356,0.04259608,0.01265311,0.05739023,0.00648991,0.85337397,0.02613309,0.00136362,5849,6,0.06897563,0.9874869
105,7,21016817,0.86167674,0.05519863,0.01151142,0.11966085,0.01021379,0.76674888,0.0366664,4e-08,37195,6,0.04591821,0.9874887
105,8,21016818,0.88694464,0.06518417,0.0116527,0.06906722,0.01202362,0.8166976,0.02361647,0.00175822,37065,6,0.03211107,0.9931316
105,9,21016819,0.91201091,0.04190747,0.01303161,0.04902825,0.00705714,0.86535931,0.023616,2.3e-07,33835,6,0.0899791,0.9931419
105,10,21016820,0.90374467,0.03200722,0.01187536,0.11242951,0.00343106,0.81906326,0.02119342,1.6e-07,33177,6,0.07307001,0.9931414
106,1,21016841,0.9953127,0.00463083,0.01438406,0.0,0.00210543,0.52352283,0.0,0.45535686,56159,7,0.01997835,0.9989119
106,2,21016842,0.99543445,0.00510739,0.01632569,0.0,0.00095546,0.38598315,0.0,0.59162831,52151,7,0.02327446,0.9975049
106,3,21016843,0.99566266,0.00389955,0.01808012,0.0,0.0003767,0.47047261,0.0,0.50717101,42743,6,0.01853263,0.9975049
106,4,21016844,0.99504927,0.00516234,0.01678079,0.0,0.00151002,0.50516252,0.0,0.47138433,38455,6,0.03107715,0.9953179
106,5,21016845,0.99551473,0.00444525,0.01149309,0.0,0.00072225,0.43677252,0.0,0.54656689,58871,7,0.02420142,0.998581
106,6,21016846,0.99522588,0.00656472,0.01349346,0.0,0.00096114,0.4337254,0.0,0.54525528,32463,7,0.02234367,0.996928
106,7,21016847,0.9954785,0.00431866,0.00827121,0.0,0.00076792,0.50235842,0.0,0.48428379,48759,6,0.0277195,0.9975884
106,8,21016848,0.99557501,0.00438436,0.01078979,0.0,0.00117136,0.42133784,0.0,0.56231665,31871,7,0.02257677,0.9978388
106,9,21016849,0.99554472,0.0031441,0.03028719,0.0,0.00056245,0.49599838,0.0,0.47000789,38247,6,0.01836305,0.9942953
106,10,21016850,0.9951229,0.00483883,0.01508084,0.0,0.00062947,0.54546865,0.0,0.43398221,42167,6,0.02037942,0.9974995
107,1,21016871,0.97081347,0.05498997,0.03642187,0.0,0.01114787,0.59361588,0.00113999,0.30268442,19235,6,0.11392886,1.5047636
107,2,21016872,0.96757771,0.06613985,0.03709074,0.0,0.0103872,0.55846694,0.00154257,0.32637269,23043,7,0.17968009,1.5025247
107,3,21016873,0.96346012,0.07307368,0.06226571,0.0,0.01713472,0.63956742,0.00012624,0.20783223,56077,6,0.06234804,1.5062514
107,4,21016874,0.9381969,0.12978068,0.07085101,0.0,0.02559968,0.61756845,0.00239126,0.15380892,24106,6,0.06530706,1.5026044
107,5,21016875,0.96455545,0.08313912,0.07166045,0.0,0.00874036,0.58190047,0.00138996,0.25316965,19981,7,0.0658607,1.5027762
107,6,21016876,0.96045661,0.08237716,0.04760634,0.0,0.01536601,0.5649527,0.00095401,0.28874378,20354,7,0.07084963,1.5022767
107,7,21016877,0.96820153,0.0677444,0.02598758,0.0,0.01157563,0.57735964,0.00042692,0.31690582,23045,7,0.16402518,1.5025247
107,8,21016878,0.96967605,0.06199757,0.01827166,0.0,0.01065479,0.54741488,0.00068519,0.36097591,24101,6,0.08375104,1.5025223
107,9,21016879,0.96943445,0.06727166,0.04136138,0.0,0.00889545,0.59397612,0.00029235,0.28820304,19242,6,0.07158327,1.5042683
107,10,21016880,0.96467495,0.06456783,0.05073028,0.0,0.01871834,0.52971094,0.00065661,0.335616,18051,6,0.08338762,1.5017923
108,1,21016901,0.99138082,0.0002659,0.0,2.083e-05,8.22e-06,0.99970332,1.28e-06,4.4e-07,39351,6,0.02013461,0.9931547
108,2,21016902,0.99064941,0.00023967,0.0,1.998e-05,8.3e-06,0.9997306,1.28e-06,1.7e-07,32811,6,0.04939231,0.9901683
108,3,21016903,0.99080199,0.00024937,0.0,2.032e-05,8.31e-06,0.99487949,1.29e-06,0.00484122,23545,6,0.04542143,0.9921589
108,4,21016904,0.99177204,0.00026846,0.0,2.074e-05,8.93e-06,0.99969484,1.26e-06,5.77e-06,61129,6,0.02863569,0.9940859
108,5,21016905,0.99003741,0.00025251,0.0,2.033e-05,9.44e-06,0.99934057,1.28e-06,0.00037586,33517,6,0.05424886,0.9824628
108,6,21016906,0.99050212,0.00024976,0.0,2.049e-05,8.43e-06,0.99971999,1.27e-06,6e-08,38943,6,0.03588507,0.9882455
108,7,21016907,0.98975578,0.00022198,0.0,1.996e-05,7.59e-06,0.9997482,1.27e-06,9.9e-07,58329,6,0.03342818,0.9921101
108,8,21016908,0.99063776,0.00025478,0.0,2.065e-05,9.13e-06,0.99971382,1.3e-06,3.2e-07,46839,6,0.02644533,0.9919586
108,9,21016909,0.99022327,0.00023435,0.0,2.01e-05,8.17e-06,0.99973595,1.27e-06,1.7e-07,24569,6,0.04654012,0.9941017
108,10,21016910,0.99044766,0.00026841,0.0,2.03e-05,9.06e-06,0.99970066,1.28e-06,2.9e-07,34313,6,0.02876777,0.9882405
109,1,21016931,0.97160983,0.11223008,0.08595861,0.0,0.0116144,0.790194,0.0,2.92e-06,16164,6,0.06913678,1.6324305
109,2,21016932,0.97916744,0.07982536,0.01107978,0.0,0.01344478,0.81718351,0.0,0.07846657,18683,6,0.12940009,1.6309357
109,3,21016933,0.98890042,0.03771549,0.02483242,0.0,0.00107803,0.81700395,0.0,0.11937011,14213,6,0.16484031,1.6326808
109,4,21016934,0.98800355,0.03549884,0.02513028,0.0,0.00821185,0.83037545,0.0,0.10078358,56069,6,0.10320419,1.6329267
109,5,21016935,0.97497943,0.12350879,0.02648397,0.0,0.00594947,0.68150864,0.0,0.16254914,48933,7,0.11174687,1.6329279
109,6,21016936,0.99161156,0.02261599,0.00260072,0.0,0.0038849,0.95464592,0.0,0.01625248,56780,6,0.20160262,1.6314325
109,7,21016937,0.9893292,0.03014556,0.04055889,0.0,0.00847102,0.85414672,0.0,0.06667781,49851,6,0.33973097,1.6336729
109,8,21016938,0.98236671,0.06965766,0.06869171,0.0,0.00638625,0.83948656,0.0,0.01577782,51451,6,0.13147099,1.6324221
109,9,21016939,0.97787329,0.07513921,0.01139384,0.0,0.01346114,0.87664436,0.0,0.02336145,22405,6,0.138513,1.6326808
109,10,21016940,0.96153216,0.1607069,0.04767573,0.0,0.00608178,0.72274078,0.0,0.06279481,54485,6,0.09932872,1.6329294
110,1,21016961,0.72972706,0.21426373,0.06210321,0.0,0.06961378,0.57803447,0.06926568,0.00671913,36361,6,0.05142409,0.9903864
110,2,21016962,0.7680369,0.17483074,0.06411223,0.0,0.05036221,0.63034012,0.0683054,0.0120493,36941,6,0.05921911,0.9945863
110,3,21016963,0.73273829,0.21204034,0.07101477,0.0,0.07248129,0.55741047,0.0615254,0.02552773,33039,6,0.03817227,0.9931883
110,4,21016964,0.72775463,0.21871463,0.07875056,0.0,0.06208625,0.55721795,0.06835671,0.0148739,34313,6,0.04376837,0.9931787
110,5,21016965,0.71981182,0.21728682,0.08317634,0.0,0.07287427,0.53330751,0.07718701,0.01616806,22663,6,0.03998336,0.9934351
110,6,21016966,0.76345258,0.18851682,0.06270317,0.0,0.05444819,0.63223936,0.06209165,8.1e-07,36939,6,0.05813407,0.9945863
110,7,21016967,0.74280068,0.20769618,0.07887221,0.0,0.0618731,0.55828084,0.06720804,0.02606963,36941,6,0.03686437,0.9945863
110,8,21016968,0.71350544,0.21256231,0.07721422,0.0,0.08074917,0.54855102,0.07554126,0.00538202,40203,6,0.03183495,0.9931755
110,9,21016969,0.76231372,0.18441995,0.0570385,0.0,0.0565012,0.57934578,0.06450466,0.05818991,33035,6,0.12857926,0.9931815
110,10,21016970,0.73581349,0.21158634,0.07510271,0.0,0.06262171,0.57745782,0.06782623,0.00540518,33039,6,0.05102044,0.9931883
111,1,21016991,0.9929787,0.00029828,0.0,3.06e-06,2.825e-05,0.74746337,0.0,0.25220705,32105,6,0.02438493,0.9900871
111,2,21016992,0.99287354,0.00029767,0.0,3.12e-06,2.76e-05,0.68972555,0.0,0.30994607,55241,6,0.04305422,0.9926935
111,3,21016993,0.99253184,0.00029535,0.0,3.12e-06,3.239e-05,0.70499677,0.0,0.29467237,37321,6,0.03482148,0.9881164
111,4,21016994,0.9926994,0.00029684,0.0,3.03e-06,2.467e-05,0.66705171,0.0,0.33262375,61997,6,0.02762874,0.9927021
111,5,21016995,0.992561,0.00029206,0.0,3.08e-06,2.548e-05,0.73360854,0.0,0.26607086,23321,6,0.03741487,0.9848624
111,6,21016996,0.99231278,0.00024553,0.0,3.14e-06,1.765e-05,0.85190486,0.0,0.14782882,35833,6,0.14566218,0.9920424
111,7,21016997,0.99270208,0.00027606,0.0,3.16e-06,2.408e-05,0.74436544,0.0,0.25533126,7673,6,0.0429315,0.995342
111,8,21016998,0.99269368,0.00028051,0.0,3.09e-06,2.578e-05,0.72222126,0.0,0.27746935,56953,6,0.0322402,0.9927041
111,9,21016999,0.99303061,0.00029029,0.0,3.08e-06,2.657e-05,0.76024306,0.0,0.239437,24425,6,0.03051311,0.9927021
111,10,21017000,0.99267868,0.00029424,0.0,3.05e-06,2.411e-05,0.72267617,0.0,0.27700243,31737,6,0.07216628,0.9940265
112,1,21017021,0.98965979,0.02063683,0.00109618,0.0,0.00033522,0.87598201,0.0,0.10194975,19915,6,0.34101789,1.942547
112,2,21017022,0.98482138,0.03265526,0.01354833,0.0,0.00255682,0.89903573,0.0,0.05220387,8437,6,0.19442395,1.944413
112,3,21017023,0.94012448,0.13771459,0.03586507,0.0,0.0029601,0.7601073,0.0,0.06335294,23772,6,0.06222744,1.9427125
112,4,21017024,0.98990527,0.01617876,0.0013758,0.0,0.00143907,0.87928533,0.0,0.10172103,19532,6,0.11531781,1.9400847
112,5,21017025,0.9867324,0.02236516,0.02488307,0.0,0.00122517,0.89631939,0.0,0.05520721,56394,6,0.19445858,1.9420483
112,6,21017026,0.99625365,0.00278479,6.4e-06,0.0,1.46e-05,0.99608645,0.0,0.00110776,21717,6,0.20074532,1.9449097
112,7,21017027,0.99385991,0.00781818,0.00154773,0.0,9.432e-05,0.98125462,0.0,0.00928514,8956,6,0.18861586,1.9439148
112,8,21017028,0.98949443,0.0272085,0.006977,0.0,0.00104747,0.92819043,0.0,0.03657659,8380,6,0.09248519,1.9439138
112,9,21017029,0.98976487,0.02431676,0.00131087,0.0,0.00195433,0.9666868,0.0,0.00573125,8428,6,0.14859775,1.9400847
112,10,21017030,0.98718859,0.02735317,0.00410775,0.0,0.00071608,0.96781565,0.0,7.34e-06,18989,6,0.10522447,1.9415559
113,1,21017051,0.97945269,0.00371535,0.0,0.01896744,7.88e-06,0.97730664,2.5e-06,1.8e-07,44009,6,0.03457092,0.9870428
113,2,21017052,0.99050981,0.00025718,0.0,1.716e-05,8.17e-06,0.99971507,2.4e-06,2e-08,42425,6,0.06037834,0.992381
113,3,21017053,0.96645737,0.00062265,0.0,0.05345002,7.84e-06,0.94591624,2.53e-06,7.2e-07,35241,6,0.03505913,0.9870459
113,4,21017054,0.99057692,0.00034556,0.0,1.724e-05,7.45e-06,0.99962734,2.36e-06,4e-08,36235,6,0.05015736,0.9887909
113,5,21017055,0.95895104,0.00281784,0.0,0.06146086,1.006e-05,0.93570852,2.67e-06,5e-08,33228,2,0.05548372,0.4924864
113,6,21017056,0.98953555,0.00044837,0.0,1.774e-05,8.37e-06,0.99952312,2.32e-06,8e-08,30219,6,0.02081929,0.9907947
113,7,21017057,0.99032501,0.00025854,0.0,1.838e-05,8.09e-06,0.99528867,2.44e-06,0.00442388,47239,6,0.10759619,0.9895689
113,8,21017058,0.99050241,0.00027856,0.0,1.802e-05,9.4e-06,0.99903215,2.4e-06,0.00065946,34889,6,0.03528998,0.9923643
113,9,21017059,0.97517957,0.00025777,0.0,0.03499294,8.57e-06,0.96473814,2.5e-06,8e-08,34377,6,0.04218644,0.9923929
113,10,21017060,0.99008345,0.00028095,0.0,1.842e-05,9.6e-06,0.99968797,2.51e-06,5.4e-07,23385,6,0.04703238,0.9943731
114,1,21017081,0.99555141,0.06139519,0.0751369,0.0,0.06204971,0.18891915,0.0,0.61249906,58879,7,0.02283664,0.9999502
114,2,21017082,0.99522481,0.05938355,0.07991373,0.0,0.06805941,0.12926521,0.0,0.6633781,13303,7,0.02345881,0.9996393
114,3,21017083,0.99538906,0.05243901,0.06005316,0.0,0.05830985,0.18754661,0.0,0.64165136,3959,7,0.01597057,0.9994514
114,4,21017084,0.99514322,0.05369518,0.07134383,0.0,0.05179882,0.14870663,0.0,0.67445555,15935,7,0.0182204,0.9998006
114,5,21017085,0.99516823,0.07015746,0.06193865,0.0,0.07612731,0.1615244,0.0,0.63025217,60343,7,0.01655394,0.9989088
114,6,21017086,0.99518977,0.06226091,0.09005023,0.0,0.07044834,0.17853269,0.0,0.59870783,24375,7,0.01574852,0.9996393
114,7,21017087,0.99505046,0.06374623,0.07481304,0.0,0.05631312,0.15495238,0.0,0.65017523,24567,7,0.01540345,0.9997023
114,8,21017088,0.994799,0.06193934,0.08564704,0.0,0.08632999,0.20957149,0.0,0.55651214,40951,7,0.02442823,0.9997019
114,9,21017089,0.99537596,0.06291455,0.0645632,0.0,0.07222955,0.15467846,0.0,0.64561423,50167,7,0.01704899,0.9995523
114,10,21017090,0.99543401,0.05785772,0.06660161,0.0,0.06198635,0.17643763,0.0,0.63711669,57239,7,0.01664259,0.9996524
115,1,21017111,0.87822106,0.19623711,0.02467796,0.0,0.06898939,0.19312789,0.02268876,0.49427889,18947,7,0.0914686,1.1139711
115,2,21017112,0.91179007,0.16318016,0.03040882,0.0,0.060633,0.21247658,0.01264251,0.52065893,20354,7,0.09098449,1.1144638
115,3,21017113,0.90298472,0.17139982,0.02396015,0.0,0.06321215,0.17138854,0.01425466,0.55578467,18946,7,0.08155621,1.1134785
115,4,21017114,0.88973779,0.18334898,0.029756,0.0,0.05834181,0.12164823,0.02026717,0.5866378,19210,7,0.13008295,1.1156821
115,5,21017115,0.92076737,0.13189899,0.01898433,0.0,0.0548635,0.11428262,0.01166578,0.66830477,20355,7,0.12362445,1.1154558
115,6,21017116,0.87587184,0.21489624,0.03500147,0.0,0.07487109,0.17043508,0.01551666,0.48927946,18955,7,0.05331138,1.1149575
115,7,21017117,0.89665971,0.1741319,0.02290716,0.0,0.04261702,0.12026281,0.01776557,0.62231555,23298,7,0.12093943,1.1164258
115,8,21017118,0.91529599,0.14237957,0.0213994,0.0,0.06109229,0.16564819,0.01098215,0.5984984,19339,7,0.14587926,1.1159472
115,9,21017119,0.87707892,0.22676897,0.03215924,0.0,0.07313063,0.13082984,0.01514517,0.52196615,19978,7,0.10068568,1.1134849
115,10,21017120,0.9224739,0.13233783,0.01571062,0.0,0.05421559,0.15080159,0.00931105,0.63762332,23306,7,0.08917983,1.1166745
116,1,21017141,0.99063015,0.0002147,0.0,1.747e-05,1.825e-05,0.75310013,0.0,0.24664945,43001,6,0.08360894,0.9922109
116,2,21017142,0.99028506,0.00022606,0.0,1.759e-05,2.242e-05,0.78223565,0.0,0.21749827,32745,6,0.05334361,0.9904576
116,3,21017143,0.99041751,0.00022815,0.0,1.761e-05,2.155e-05,0.79779731,0.0,0.20193537,1527,7,0.02661314,0.9956966
116,4,21017144,0.99124773,0.0002527,0.0,1.76e-05,2.585e-05,0.74055212,0.0,0.25915173,22505,6,0.02180725,0.9904397
116,5,21017145,0.99041596,0.00023681,0.0,1.768e-05,2.171e-05,0.75444453,0.0,0.24527928,35225,6,0.03105316,0.9922259
116,6,21017146,0.99041477,0.00025067,0.0,1.763e-05,2.521e-05,0.61962907,0.0,0.38007742,33309,6,0.04455808,0.9865887
116,7,21017147,0.99093846,0.0002089,0.0,1.759e-05,1.72e-05,0.77894565,0.0,0.22081066,16249,6,0.08071264,0.9942044
116,8,21017148,0.99032154,0.00022376,0.0,1.762e-05,2.12e-05,0.78204319,0.0,0.21769423,8025,6,0.0462828,0.9941967
116,9,21017149,0.99036461,0.00023498,0.0,1.757e-05,2.2e-05,0.73560704,0.0,0.26411841,58185,6,0.03238938,0.9884948
116,10,21017150,0.99058907,0.00025059,0.0,1.763e-05,2.407e-05,0.72630044,0.0,0.27340727,33369,6,0.05800664,0.9884751
117,1,21017171,0.99601252,0.00064839,0.69824762,0.0,3.029e-05,0.30106872,0.0,4.98e-06,43117,4,0.08988647,1.9420603
117,2,21017172,0.99634753,0.00067712,0.63561022,0.0,3.28e-05,0.33346459,0.0,0.03021528,45237,4,0.11302376,1.9441823
117,3,21017173,0.99587993,0.00067703,0.65432661,0.0,2.831e-05,0.34496533,0.0,2.72e-06,21170,4,0.05717065,1.9436885
117,4,21017174,0.99617559,0.00057254,0.43503103,0.0,3.012e-05,0.56436478,0.0,1.53e-06,15907,6,0.09627013,1.9403282
117,5,21017175,0.99598303,0.00057738,0.37877561,0.0,2.703e-05,0.58258494,0.0,0.03803505,51306,4,0.0694221,1.9405857
117,6,21017176,0.99609032,0.00069998,0.75435476,0.0,3.044e-05,0.24491376,0.0,1.06e-06,21157,4,0.07829883,1.9403396
117,7,21017177,0.99586206,0.00029808,5.17e-06,0.0,1.543e-05,0.99968105,0.0,2.7e-07,19677,6,0.11586379,1.9415762
117,8,21017178,0.99606711,0.00054322,0.38850178,0.0,2.846e-05,0.59810024,0.0,0.01282631,44570,6,0.13951042,1.9439371
117,9,21017179,0.99599177,0.00070588,0.63196751,0.0,2.979e-05,0.36547117,0.0,0.00182564,49851,6,0.06136654,1.9449291
117,10,21017180,0.99631572,0.00051124,0.28335441,0.0,3.213e-05,0.70381078,0.0,0.01229144,12075,6,0.15096414,1.9439347
118,1,21017201,0.81129338,0.09901665,0.02460967,0.00939908,0.03171462,0.73767264,0.07743129,0.02015605,32845,6,0.03820718,0.9935462
118,2,21017202,0.82381142,0.09717475,0.02055709,0.04575196,0.02566833,0.74520933,0.06115412,0.00448442,33065,6,0.0406981,0.989906
118,3,21017203,0.80199619,0.12398682,0.0222229,0.0116537,0.02823031,0.73317312,0.07487572,0.00585744,35851,6,0.03091259,0.9935365
118,4,21017204,0.84015936,0.08998355,0.01642095,0.0570943,0.02166066,0.76374048,0.05110004,3e-08,32781,6,0.04948453,0.9935487
118,5,21017205,0.86049476,0.08427648,0.0193837,0.02007727,0.01701347,0.80161265,0.05686909,0.00076734,32969,6,0.04014917,0.9935365
118,6,21017206,0.82334336,0.11375378,0.02227644,0.01107698,0.03009469,0.75913453,0.06125013,0.00241345,32777,6,0.03417998,0.9935487
118,7,21017207,0.87694954,0.0611643,0.01907734,0.01974648,0.01707847,0.83187156,0.05106183,3e-08,37193,6,0.03871413,0.9887095
118,8,21017208,0.85846311,0.08769924,0.01642743,0.00944193,0.01997542,0.80437359,0.05278401,0.00929838,33501,6,0.04199017,0.9911012
118,9,21017209,0.85690496,0.08737333,0.01815656,0.00341464,0.01938607,0.80798523,0.05650024,0.00718393,36877,6,0.06564032,0.9935497
118,10,21017210,0.85813251,0.08123484,0.01368736,0.02059281,0.01487008,0.80272504,0.05974464,0.00714524,22727,6,0.04924041,0.9913643
119,1,21017231,0.99449085,0.00389151,0.02394557,0.0,0.00013486,0.4557442,0.0,0.51628386,40183,6,0.01959979,0.9957606
119,2,21017232,0.99428136,0.0026703,0.02919073,0.0,0.00070787,0.47010584,0.0,0.49732526,22471,6,0.01899208,0.9962494
119,3,21017233,0.99421217,0.00380049,0.028656,0.0,0.00024196,0.40755052,0.0,0.55975103,1519,6,0.03337924,0.9923057
119,4,21017234,0.99443414,0.00298277,0.02202312,0.0,0.00028575,0.4811429,0.0,0.49356546,59351,6,0.03823876,0.9979101
119,5,21017235,0.99451462,0.00252841,0.03033038,0.0,0.00015339,0.44052873,0.0,0.52645909,36151,6,0.0202095,0.9952626
119,6,21017236,0.99394554,0.00402114,0.02116068,0.0,0.00056166,0.46265414,0.0,0.51160237,62839,7,0.02760549,0.9977454
119,7,21017237,0.99424782,0.00326376,0.01946541,0.0,0.00096531,0.4472876,0.0,0.52901792,51047,6,0.01797229,0.9936623
119,8,21017238,0.99372627,0.00481441,0.03040487,0.0,0.00040739,0.4655173,0.0,0.49885604,56263,6,0.02161236,0.9962513
119,9,21017239,0.99420961,0.00373377,0.02140313,0.0,0.00018326,0.50298748,0.0,0.47169236,26591,7,0.02599937,0.9977454
119,10,21017240,0.99396006,0.00382016,0.03335379,0.0,0.00059505,0.54717921,0.0,0.4150518,65535,7,0.02157037,0.9982468
120,1,21017261,0.97667315,0.05109377,0.02692648,0.0,0.00505412,0.81691122,0.0,0.10001441,23428,6,0.08257257,1.7932769
120,2,21017262,0.97567949,0.05068051,0.0530172,0.0,0.01014459,0.66671676,0.0,0.21944094,20013,6,0.060317,1.7925353
120,3,21017263,0.97354806,0.06102869,0.04361979,0.0,0.01030722,0.65423039,0.0,0.23081391,20259,6,0.12144098,1.7951052
120,4,21017264,0.97694937,0.03628786,0.00881078,0.0,0.00636349,0.84300153,0.0,0.10553633,8876,6,0.38992071,1.7910735
120,5,21017265,0.9763421,0.04880806,0.05061688,0.0,0.00803767,0.57833037,0.0,0.31420702,19205,7,0.07692497,1.7951037
120,6,21017266,0.97286903,0.05693886,0.0355739,0.0,0.00896039,0.8339071,0.0,0.06461976,20259,6,0.10692481,1.7951052
120,7,21017267,0.96363676,0.09685425,0.04985678,0.0,0.01132149,0.75950018,0.0,0.08246731,8877,6,0.08795882,1.7925456
120,8,21017268,0.97455859,0.04521597,0.03774492,0.0,0.00952556,0.6501691,0.0,0.25734446,24075,7,0.12211543,1.793038
120,9,21017269,0.95867214,0.09446287,0.0825444,0.0,0.01172876,0.73510348,0.0,0.07616049,24461,6,0.0793033,1.7945296
120,10,21017270,0.96823766,0.06569372,0.01365883,0.0,0.00886408,0.727308,0.0,0.18447538,55813,6,0.09889831,1.7927859
121,1,21017291,0.99038223,0.00025621,0.0,2.168e-05,9.76e-06,0.99971062,1.55e-06,1.8e-07,23513,6,0.04709041,0.9939084
121,2,21017292,0.98983158,0.00024383,0.0,2.08e-05,7.68e-06,0.99972598,1.59e-06,1.2e-07,37999,6,0.03948666,0.9919263
121,3,21017293,0.99000614,0.00024205,0.0,2.125e-05,8.52e-06,0.99972649,1.56e-06,1.2e-07,36825,6,0.07544202,0.9919253
121,4,21017294,0.99025452,0.00026931,0.0,2.198e-05,8.86e-06,0.99969811,1.54e-06,2e-07,40559,6,0.03861551,0.99193
121,5,21017295,0.99025855,0.00022983,0.0,2.143e-05,8.58e-06,0.99973856,1.57e-06,3e-08,35161,6,0.04583185,0.9918929
121,6,21017296,0.99055288,0.00027174,0.0,2.213e-05,9.28e-06,0.99969524,1.6e-06,2e-08,24249,6,0.03718935,0.9878329
121,7,21017297,0.98996469,0.00025652,0.0,2.158e-05,8.77e-06,0.99971123,1.54e-06,3.7e-07,37195,6,0.03385372,0.9838464
121,8,21017298,0.98987,0.00024545,0.0,2.16e-05,8.79e-06,0.99899226,1.57e-06,0.00073032,64777,6,0.04208238,0.9898523
121,9,21017299,0.98999242,0.00023402,0.0,2.114e-05,7.78e-06,0.99973438,1.52e-06,1.15e-06,5561,6,0.04735768,0.9929047
121,10,21017300,0.98979035,0.00025452,0.0,2.175e-05,8.59e-06,0.99971359,1.52e-06,2e-08,48505,6,0.05082802,0.993896
122,1,21017321,0.94659383,0.12820008,0.06508641,0.00047649,0.07595685,0.4989431,0.03694189,0.19439518,13957,6,0.16317957,1.4734076
122,2,21017322,0.95002274,0.14155184,0.05870403,0.00288978,0.05763983,0.52610839,0.03263588,0.18047025,50845,6,0.23347012,1.4770721
122,3,21017323,0.96672247,0.07135921,0.03454271,0.00185057,0.05074119,0.55941167,0.01945754,0.26263711,11805,6,0.09298065,1.4760801
122,4,21017324,0.96065567,0.1127013,0.0323007,0.00235257,0.04712664,0.59013713,0.01991679,0.19546487,14213,6,0.31932307,1.4760801
122,5,21017325,0.95073495,0.11989876,0.10966633,1e-07,0.0922475,0.35457936,0.02777429,0.29583367,53005,7,0.06773172,1.4770721
122,6,21017326,0.95941538,0.08943191,0.03821163,1.7e-07,0.08157291,0.40238952,0.01686642,0.37152744,49037,7,0.0934208,1.4761322
122,7,21017327,0.97632615,0.06379388,0.0369716,9e-08,0.03219284,0.8321261,0.00545653,0.02945895,22149,6,0.51349439,1.4734076
122,8,21017328,0.96974935,0.07374994,0.05710029,1.2e-07,0.04726812,0.68390952,0.01587686,0.12209515,22165,6,0.26235215,1.4760801
122,9,21017329,0.96716575,0.07973736,0.07628823,0.00062993,0.04993429,0.6104081,0.01578146,0.16722064,24213,6,0.17485782,1.4748927
122,10,21017330,0.96622835,0.08136323,0.05301105,0.00047493,0.05877,0.62405353,0.01576001,0.16656725,52885,6,0.08928259,1.4748099
123,1,21017351,0.53528588,0.41364502,0.08631509,0.0,0.14257375,0.16603715,0.13683064,0.05459836,24207,7,0.02259881,0.993968
123,2,21017352,0.53218948,0.40872584,0.11078144,0.0,0.15203738,0.1463119,0.14866901,0.03347442,23183,7,0.01300146,0.9947183
123,3,21017353,0.55070914,0.40538202,0.09596545,0.0,0.14518876,0.1407205,0.12376961,0.08897365,23175,7,0.0579604,0.9939796
123,4,21017354,0.54446066,0.4019095,0.07971845,0.0,0.14939832,0.13856644,0.13252221,0.09788507,23175,7,0.08374047,0.9939796
123,5,21017355,0.54631749,0.4168103,0.09785936,0.0,0.13981055,0.13391925,0.12106084,0.0905397,20103,7,0.03474682,0.9924961
123,6,21017356,0.56418194,0.37683624,0.09539734,0.0,0.13588318,0.11686058,0.14015062,0.13487205,19079,7,0.06982483,0.993242
123,7,21017357,0.49578193,0.46140816,0.10258607,0.0,0.15759445,0.12072655,0.14587784,0.01180692,18575,6,0.01046687,0.9949795
123,8,21017358,0.60000024,0.36074519,0.09275401,0.0,0.1279663,0.13005856,0.12132645,0.16714949,19079,7,0.06983312,0.993242
123,9,21017359,0.5270144,0.43134556,0.09779858,0.0,0.14820663,0.12652924,0.12852368,0.06759631,20103,7,0.02950399,0.9924961
123,10,21017360,0.54795361,0.4112772,0.08993587,0.0,0.16468175,0.14054536,0.11410371,0.07945611,20111,7,0.03372268,0.9934766
124,1,21017381,0.99163229,0.00027727,0.0,1.211e-05,2.976e-05,0.62667779,0.0,0.37300308,29497,6,0.02661034,0.9914199
124,2,21017382,0.99146565,0.00025464,0.0,1.227e-05,2.428e-05,0.73320955,0.0,0.26649926,52185,6,0.03966727,0.9927075
124,3,21017383,0.99178518,0.00025984,0.0,1.218e-05,2.504e-05,0.68232969,0.0,0.31737325,34505,6,0.02661307,0.9926754
124,4,21017384,0.99169186,0.00026583,0.0,1.207e-05,2.798e-05,0.68160451,0.0,0.31808961,64825,6,0.02642047,0.9946932
124,5,21017385,0.99160511,0.00024154,0.0,1.241e-05,2.058e-05,0.80314136,0.0,0.1965841,56729,6,0.05503799,0.9946859
124,6,21017386,0.9924208,0.00027213,0.0,1.212e-05,2.936e-05,0.68434376,0.0,0.31534264,32137,6,0.02978961,0.9914192
124,7,21017387,0.99187742,0.00025354,0.0,1.226e-05,2.108e-05,0.75362437,0.0,0.24608874,64505,6,0.04431659,0.9930579
124,8,21017388,0.99197476,0.00026558,0.0,1.23e-05,2.314e-05,0.73270857,0.0,0.26699042,26921,6,0.02846555,0.9878023
124,9,21017389,0.99152437,0.00025546,0.0,1.241e-05,2.222e-05,0.73703732,0.0,0.26267258,32185,6,0.04839191,0.9946988
124,10,21017390,0.99175371,0.0002636,0.0,1.223e-05,2.479e-05,0.71440018,0.0,0.2852992,63465,6,0.03892465,0.9914209
125,1,21017411,0.9964112,0.00029584,4.96e-06,0.0,1.24e-05,0.99968652,0.0,2.8e-07,52683,6,0.14587231,2.0930464
125,2,21017412,0.99620718,0.00030483,5.27e-06,0.0,1.271e-05,0.99967693,0.0,2.6e-07,21717,6,0.24894281,2.0942155
125,3,21017413,0.9961873,0.00030478,5.41e-06,0.0,1.196e-05,0.99967756,0.0,2.9e-07,15685,6,0.19911365,2.0942155
125,4,21017414,0.99181939,0.02045467,0.02668397,0.0,0.00021423,0.84738713,0.0,0.10526,9874,6,0.24690115,2.0932224
125,5,21017415,0.99619565,0.00032961,7.26e-06,0.0,1.317e-05,0.99964927,0.0,6.9e-07,52298,6,0.25194119,2.0905668
125,6,21017416,0.99592401,0.00026212,4.87e-06,0.0,7.96e-06,0.99972482,0.0,2.3e-07,56643,6,0.40737716,2.094464
125,7,21017417,0.9961368,0.00027957,5.04e-06,0.0,9.78e-06,0.99970537,0.0,2.3e-07,23875,6,0.24240455,2.0942155
125,8,21017418,0.99265043,0.01571444,0.00681571,0.0,0.00010627,0.96879794,0.0,0.00856564,23874,6,0.18024922,2.0939669
125,9,21017419,0.99601805,0.00033028,5.8e-06,0.0,1.516e-05,0.99964841,0.0,3.5e-07,56780,6,0.18209983,2.092055
125,10,21017420,0.99536275,0.00247102,0.00022482,0.0,1.1e-05,0.99729293,0.0,2.3e-07,11597,6,0.32820721,2.0942155
126,1,21017441,0.84181785,0.03005834,0.0,0.28659575,0.0031464,0.66071106,0.01948822,2.4e-07,36878,2,0.2023117,0.6619312
126,2,21017442,0.88239071,0.03315296,0.0,0.17107266,0.00322516,0.77700256,0.01554621,4.5e-07,36938,2,0.07278345,0.6619284
126,3,21017443,0.85393246,0.04305359,0.0,0.16682225,0.00624612,0.75600373,0.027874,3e-07,37123,2,0.04683499,0.4950276
126,4,21017444,0.8601339,0.02649246,0.0,0.17019833,0.00341444,0.76992721,0.02996749,7e-08,38478,2,0.03451229,0.6619337
126,5,21017445,0.87135464,0.04354247,0.0,0.11765872,0.00624022,0.80355121,0.02900692,4.6e-07,6985,6,0.04478534,0.9892385
126,6,21017446,0.92483853,0.0463158,0.0,0.03842154,0.00328329,0.89524668,0.01489071,0.00184197,33165,6,0.03650541,0.9892269
126,7,21017447,0.86673561,0.02727797,0.0,0.18524395,0.00323871,0.76463795,0.01960139,3e-08,35097,6,0.06671686,0.9926007
126,8,21017448,0.86249136,0.03576797,0.0,0.18473475,0.0035154,0.75185899,0.02412284,5e-08,37579,6,0.05694188,0.9925904
126,9,21017449,0.92413354,0.03907198,0.0,0.05325086,0.00321044,0.89217026,0.01229631,1.5e-07,33353,6,0.09472365,0.9926063
126,10,21017450,0.8556574,0.03778158,0.0,0.18302467,0.00471052,0.74730564,0.02717757,2e-08,36876,2,0.0817112,0.6619312
127,1,21017471,0.99456073,0.01360025,0.10270831,0.0,0.0022751,0.17862658,0.0,0.70278976,62455,7,0.04536161,0.9981263
127,2,21017472,0.99553069,0.00913948,0.1001232,0.0,0.00236054,0.25589244,0.0,0.63248435,12143,7,0.03291649,0.9981801
127,3,21017473,0.99579816,0.00788541,0.09273119,0.0,0.00185925,0.22786573,0.0,0.66965842,39799,7,0.03357061,0.9985096
127,4,21017474,0.99510024,0.01205663,0.11051011,0.0,0.00213019,0.21162305,0.0,0.66368003,3767,7,0.02253288,0.9963699
127,5,21017475,0.99488955,0.01178602,0.12943229,0.0,0.00277231,0.20644196,0.0,0.64956742,15479,7,0.01611907,0.9984267
127,6,21017476,0.99499432,0.0115143,0.07344922,0.0,0.00233761,0.2670132,0.0,0.64568567,19223,7,0.02700502,0.9971896
127,7,21017477,0.99542881,0.00966413,0.12976937,0.0,0.0025137,0.15294973,0.0,0.70510306,28487,7,0.02182707,0.9971889
127,8,21017478,0.99538568,0.01015161,0.12042438,0.0,0.00139465,0.17768968,0.0,0.69033968,12247,7,0.02084043,0.9988386
127,9,21017479,0.99523292,0.00955235,0.08224861,0.0,0.00342481,0.2615905,0.0,0.64318373,48759,6,0.02169577,0.9984288
127,10,21017480,0.99484404,0.01188377,0.10373141,0.0,0.0031303,0.22102208,0.0,0.66023244,34295,7,0.01931681,0.999003
128,1,21017501,0.94944613,0.09908749,0.03626146,0.0,0.01920297,0.38146508,0.00375565,0.46022736,24331,7,0.08726482,1.463932
128,2,21017502,0.95589652,0.077152,0.02138742,0.0,0.01954792,0.5782218,0.00243452,0.30125633,18954,7,0.09103438,1.4595541
128,3,21017503,0.95329131,0.07942524,0.02429063,0.0,0.02118127,0.58512458,0.00248018,0.28749811,19235,6,0.06158187,1.4629385
128,4,21017504,0.95503129,0.07929873,0.0182711,0.0,0.02420712,0.35675919,0.00359698,0.51786688,20235,7,0.18681689,1.4634353
128,5,21017505,0.95306105,0.08315489,0.01704399,0.0,0.02158299,0.71525216,0.00349341,0.15947256,19235,6,0.11648493,1.4629385
128,6,21017506,0.95434952,0.07596303,0.01665924,0.0,0.0229908,0.61324866,0.00350657,0.26763169,24098,6,0.0707059,1.4605332
128,7,21017507,0.95751064,0.08402343,0.01980833,0.0,0.01778813,0.55125553,0.00220493,0.32491965,18053,6,0.14490674,1.4600498
128,8,21017508,0.93299444,0.13088024,0.02740228,0.0,0.03325272,0.54245445,0.00426767,0.26174265,18059,6,0.09178641,1.4610339
128,9,21017509,0.96792763,0.04988545,0.01049058,0.0,0.01672398,0.64529665,0.00161366,0.27598968,20235,7,0.10155299,1.4634353
128,10,21017510,0.96010512,0.07039286,0.01387998,0.0,0.01699293,0.66736943,0.00244339,0.2289214,55811,6,0.07192721,1.4612759
129,1,21017531,0.99076648,0.00024206,0.0,1.938e-05,9.22e-06,0.99972807,1.22e-06,5e-08,35097,6,0.02668655,0.9917995
129,2,21017532,0.99073078,0.00024401,0.0,1.937e-05,8.17e-06,0.99972584,1.21e-06,1.4e-06,36223,6,0.03283333,0.995788
129,3,21017533,0.99090536,0.0002599,0.0,1.945e-05,9.33e-06,0.99970915,1.23e-06,9.5e-07,43895,6,0.02462571,0.9933639
129,4,21017534,0.99008605,0.00021576,0.0,1.921e-05,7.35e-06,0.99975642,1.23e-06,2e-08,62093,6,0.05085727,0.9917005
129,5,21017535,0.99020609,0.00023548,0.0,1.932e-05,8.77e-06,0.99973501,1.21e-06,2.2e-07,35849,6,0.03477361,0.9917874
129,6,21017536,0.99010304,0.00022204,0.0,1.926e-05,8.01e-06,0.99974921,1.22e-06,2.8e-07,15209,6,0.04756822,0.987537
129,7,21017537,0.99036292,0.00025253,0.0,1.947e-05,8.18e-06,0.99971842,1.25e-06,1.6e-07,33977,6,0.03793605,0.9876518
129,8,21017538,0.99030563,0.00024685,0.0,1.934e-05,9.49e-06,0.9997229,1.23e-06,2e-07,6073,6,0.06740208,0.9912041
129,9,21017539,0.98957258,0.00022531,0.0,1.926e-05,8.31e-06,0.99974537,1.2e-06,5.6e-07,8057,6,0.03825447,0.9937909
129,10,21017540,0.98978571,0.00025653,0.0,1.942e-05,9.32e-06,0.99971314,1.22e-06,3.6e-07,21687,6,0.0361503,0.991349
130,1,21017561,0.98848278,0.03997789,0.02520116,0.0,0.00094239,0.92606218,0.0,0.00781639,11483,6,0.20750467,1.893524
130,2,21017562,0.98242788,0.08741721,0.0021562,0.0,0.00160097,0.90882441,0.0,1.21e-06,49915,6,0.3162452,1.8967799
130,3,21017563,0.98904764,0.03335999,0.00426901,0.0,0.00213523,0.8169762,0.0,0.14325957,13773,6,0.20696288,1.8962864
130,4,21017564,0.99417305,0.01132344,0.00362329,0.0,3.653e-05,0.98501464,0.0,2.08e-06,42189,6,0.16359103,1.8940084
130,5,21017565,0.99640445,0.00032825,5.5e-06,0.0,1.833e-05,0.99964742,0.0,4.9e-07,13764,6,0.19170362,1.895541
130,6,21017566,0.99586402,0.00211953,0.00158245,0.0,0.00034824,0.99594949,0.0,2.8e-07,21725,6,0.35356594,1.8962864
130,7,21017567,0.9913467,0.01653869,0.00895744,0.0,0.00339035,0.97111198,0.0,1.54e-06,11717,6,0.26211312,1.8930262
130,8,21017568,0.98491325,0.06120677,0.01320558,0.0,0.00222796,0.90938106,0.0,0.01397863,19781,6,0.24623315,1.8952928
130,9,21017569,0.98632932,0.04934906,0.01961323,0.0,0.00999998,0.90481423,0.0,0.01622349,56059,6,0.42823002,1.8950104
130,10,21017570,0.98777336,0.04306856,0.00939282,0.0,0.00056052,0.90368405,0.0,0.04329406,48220,6,0.10859834,1.896121
131,1,21017591,0.75979299,0.15430814,0.07213083,0.0,0.05781622,0.61229023,0.07187589,0.0315787,32845,6,0.03786574,0.9941009
131,2,21017592,0.75332515,0.16117628,0.07526043,0.0,0.05920232,0.60046622,0.07175328,0.03214147,32841,6,0.04375241,0.9941009
131,3,21017593,0.73194591,0.16593034,0.06424206,0.0,0.05927176,0.61897896,0.090218,0.00135888,22727,6,0.05965229,0.9924683
131,4,21017594,0.76117514,0.15869845,0.07680805,0.0,0.05721319,0.58598197,0.07011028,0.05118806,32841,6,0.07527889,0.9941009
131,5,21017595,0.79875436,0.13795736,0.06718981,0.0,0.04550948,0.683188,0.0551699,0.01098545,33035,6,0.07564039,0.9922186
131,6,21017596,0.80026627,0.13961712,0.05171433,0.0,0.04931239,0.68980732,0.05202532,0.01752352,19591,6,0.05350434,0.9917293
131,7,21017597,0.77945078,0.13952585,0.06421452,0.0,0.05602719,0.66929666,0.06446776,0.00646803,37135,6,0.06913659,0.9922272
131,8,21017598,0.82389214,0.12056088,0.05449845,0.0,0.04199839,0.72162991,0.04867735,0.01263502,36939,6,0.04458611,0.9941019
131,9,21017599,0.803997,0.11688123,0.05760283,0.0,0.0555423,0.70697313,0.05591594,0.00708457,32845,6,0.07593092,0.9941009
131,10,21017600,0.707903,0.18690095,0.09808032,0.0,0.07058884,0.54620877,0.09095287,0.00726825,33035,6,0.04650817,0.9922186
132,1,21017621,0.99309658,0.00144829,0.0,0.0,0.00016211,0.58293734,0.0,0.41545225,12015,7,0.01764976,0.9916143
132,2,21017622,0.993739,0.00056921,0.0,0.0,4.476e-05,0.55619919,0.0,0.44318684,20351,7,0.02674566,0.9970227
132,3,21017623,0.99337237,0.00139961,0.0,0.0,6.119e-05,0.56004296,0.0,0.43849624,42359,7,0.02072841,0.9964601
132,4,21017624,0.99341596,0.00111189,0.0,0.0,5.823e-05,0.63548156,0.0,0.36334832,40557,6,0.02509823,0.9935135
132,5,21017625,0.99360379,0.00147803,0.0,0.0,4.313e-05,0.66401373,0.0,0.33446511,32183,6,0.02389163,0.9967739
132,6,21017626,0.99388527,0.00041638,0.0,0.0,3.525e-05,0.59806475,0.0,0.40148363,21687,6,0.02953856,0.9947995
132,7,21017627,0.99339867,0.00209742,0.0,0.0,6.492e-05,0.47332419,0.0,0.52451347,50559,7,0.0271314,0.9975141
132,8,21017628,0.99370083,0.00054021,0.0,0.0,5.349e-05,0.57083025,0.0,0.42857606,19959,7,0.0380683,0.9970213
132,9,21017629,0.99376442,0.00133377,0.0,0.0,3.772e-05,0.53363334,0.0,0.46499517,61239,7,0.02232951,0.9940697
132,10,21017630,0.99373238,0.00087861,0.0,0.0,3.594e-05,0.55356249,0.0,0.44552296,7615,6,0.01959775,0.9965245
133,1,21017651,0.96914436,0.06642083,0.095175,0.0,0.00372859,0.83139361,0.0,0.00328197,8885,6,0.21715167,2.0504346
133,2,21017652,0.97133063,0.06099835,0.06166479,0.0,0.00199893,0.82116067,0.0,0.05417726,52546,6,0.17893722,2.0506
133,3,21017653,0.98260079,0.03682679,0.00499275,0.0,0.00209991,0.92991807,0.0,0.02616247,8372,6,0.42372983,2.0499343
133,4,21017654,0.97621777,0.04798259,0.02515167,0.0,0.004064,0.89742518,0.0,0.02537656,8893,6,0.18693365,2.0509314
133,5,21017655,0.99169167,0.0123239,0.03727749,0.0,0.00332286,0.81782046,0.0,0.1292553,56396,6,0.1581562,2.04786
133,6,21017656,0.98263878,0.03305312,0.0577126,0.0,0.00171616,0.74094252,0.0,0.16657559,23874,6,0.12997845,2.0506828
133,7,21017657,0.98048644,0.04035302,0.10757101,0.0,0.00333511,0.80724828,0.0,0.04149258,23645,6,0.3748771,2.0514281
133,8,21017658,0.9653214,0.08837157,0.18816973,0.0,0.0036711,0.57799159,0.0,0.14179601,23434,6,0.11586312,2.0485122
133,9,21017659,0.98824882,0.0276461,0.05909192,0.0,0.001486,0.89251267,0.0,0.01926331,50396,6,0.19081895,2.0509314
133,10,21017660,0.98058179,0.04114106,0.06712089,0.0,0.00295667,0.8887768,0.0,4.58e-06,56389,6,0.14930816,2.047614
134,1,21017681,0.98945272,0.00027135,0.0,1.878e-05,8.04e-06,0.99969955,2.12e-06,1.6e-07,63499,6,0.02286141,0.9938798
134,2,21017682,0.98975036,0.00027509,0.0,1.889e-05,9.41e-06,0.99969441,2.11e-06,9e-08,39055,6,0.02499986,0.9919138
134,3,21017683,0.99062688,0.00027067,0.0,1.948e-05,8.48e-06,0.99969921,2.12e-06,4e-08,29353,6,0.0295924,0.9857468
134,4,21017684,0.99018558,0.00024589,0.0,1.848e-05,8.39e-06,0.99972505,2.04e-06,1.6e-07,33113,6,0.06392982,0.9919008
134,5,21017685,0.99027481,0.00026853,0.0,1.9e-05,9.53e-06,0.99970071,2.07e-06,1.6e-07,57357,6,0.02857671,0.993887
134,6,21017686,0.98933461,0.00024641,0.0,1.84e-05,8.19e-06,0.9997249,1.98e-06,1.2e-07,33657,6,0.04510907,0.9898637
134,7,21017687,0.98917338,0.00023291,0.0,1.75e-05,6.77e-06,0.99973851,2.01e-06,2.31e-06,33423,6,0.04423503,0.9898416
134,8,21017688,0.98994304,0.00022947,0.0,1.827e-05,7.23e-06,0.99974268,2.04e-06,3.2e-07,36793,6,0.04874775,0.9898638
134,9,21017689,0.99019766,0.00028185,0.0,1.93e-05,9.64e-06,0.99016247,2.14e-06,0.0095246,28487,6,0.02744715,0.990302
134,10,21017690,0.99030197,0.0002558,0.0,1.84e-05,8.36e-06,0.99971528,2.05e-06,1.1e-07,40553,6,0.04668515,0.9918936
135,1,21017711,0.95102115,0.08765906,0.03831513,0.00427046,0.1617866,0.08812119,0.06888937,0.55095818,24493,7,0.12682886,1.237315
135,2,21017712,0.94932775,0.0969807,0.03651882,0.00344626,0.15327617,0.15882649,0.07492905,0.47602251,11781,6,0.07236316,1.2343492
135,3,21017713,0.92866029,0.15822573,0.0548083,0.00323699,0.23146235,0.05490362,0.09533159,0.40203142,44973,7,0.07229908,1.2378083
135,4,21017714,0.93248075,0.16488875,0.07570174,0.00319327,0.19070466,0.08920393,0.09064388,0.38566377,48909,7,0.06576554,1.2382812
135,5,21017715,0.94595963,0.13877281,0.02602877,0.00226245,0.15803172,0.22058529,0.06304168,0.39127728,24493,7,0.10327971,1.237315
135,6,21017716,0.93645331,0.16569135,0.0280797,0.00302576,0.17933566,0.1276093,0.08289867,0.41335955,24493,7,0.05909308,1.237315
135,7,21017717,0.93742558,0.16014015,0.042987,0.00138129,0.19873909,0.16528546,0.07556922,0.35589779,49029,7,0.10265176,1.2368212
135,8,21017718,0.92506018,0.19546371,0.0486537,0.00213056,0.19971995,0.07460052,0.10337683,0.37605473,16133,7,0.11239702,1.2372882
135,9,21017719,0.94955663,0.14488143,0.03076621,0.00052772,0.17405831,0.06080918,0.05511626,0.53384089,57229,7,0.11928081,1.2378112
135,10,21017720,0.95716714,0.11351558,0.02947979,0.00167057,0.12798072,0.0808872,0.05642417,0.59004196,53165,7,0.14714586,1.2378083
136,1,21017741,0.74572189,0.37840172,0.04962161,0.0,0.32415303,0.0,0.20178856,0.04603508,23044,1,0.0417417,0.9751611
136,2,21017742,0.74613041,0.40787764,0.04948125,0.0,0.27977272,0.0,0.23266232,0.03020607,20226,3,0.02774299,0.9761044
136,3,21017743,0.70749024,0.43755662,0.05330514,0.0,0.32145066,0.0,0.17395114,0.01373644,18954,3,0.02393865,0.9741774
136,4,21017744,0.75479272,0.38110529,0.04789094,0.0,0.33927726,0.0,0.19699335,0.03473316,23050,3,0.0586523,0.9754907
136,5,21017745,0.71765116,0.42780229,0.05354228,0.0,0.34280755,0.0,0.16561737,0.0102305,23044,1,0.02282057,0.9751611
136,6,21017746,0.72620336,0.42187339,0.05600791,0.0,0.30441399,0.0,0.16263336,0.05507135,19203,1,0.04312449,0.9765987
136,7,21017747,0.71899595,0.43771851,0.05171491,0.0,0.27430069,0.0,0.20447123,0.03179465,18954,3,0.04485997,0.9741774
136,8,21017748,0.72631014,0.40544177,0.06095208,0.0,0.2623952,0.0,0.22768494,0.04352601,23042,3,0.0426412,0.9751611
136,9,21017749,0.75918218,0.39159596,0.0515815,0.0,0.25418907,0.0,0.27339245,0.02924103,23042,3,0.04264445,0.9751611
136,10,21017750,0.72095015,0.42694349,0.05545161,0.0,0.4213733,0.0,0.09317056,0.00306104,20235,1,0.0435177,0.9770974
137,1,21017771,0.98969813,0.00022774,0.0,1.598e-05,2.052e-05,0.78245628,0.0,0.21727948,50617,6,0.03801308,0.9920846
137,2,21017772,0.99101033,0.00025332,0.0,1.595e-05,2.335e-05,0.657361,0.0,0.34234638,61433,6,0.0250253,0.9921099
137,3,21017773,0.99041361,0.00022759,0.0,1.603e-05,1.944e-05,0.79182949,0.0,0.20790746,22663,6,0.06449523,0.9884895
137,4,21017774,0.99080522,0.00022588,0.0,1.584e-05,2.135e-05,0.72068766,0.0,0.27904928,42167,6,0.05287721,0.9918524
137,5,21017775,0.99103363,0.00023845,0.0,1.593e-05,2.226e-05,0.69562352,0.0,0.30409984,64953,6,0.06711355,0.9940969
137,6,21017776,0.99094481,0.0002335,0.0,1.612e-05,2.297e-05,0.75566151,0.0,0.24406589,52055,7,0.03058831,0.9957424
137,7,21017777,0.98955948,0.00021486,0.0,1.603e-05,1.88e-05,0.80472326,0.0,0.19502705,31225,6,0.08811771,0.9902189
137,8,21017778,0.99023846,0.00023034,0.0,1.599e-05,2.038e-05,0.74064839,0.0,0.2590849,24473,6,0.03142716,0.9902082
137,9,21017779,0.99103567,0.00023298,0.0,1.604e-05,2.01e-05,0.76077397,0.0,0.2389569,53209,6,0.05389752,0.992106
137,10,21017780,0.99054299,0.00023128,0.0,1.591e-05,2.14e-05,0.72324747,0.0,0.27648394,40697,6,0.04636444,0.9902256
138,1,21017801,0.99484317,0.00361619,0.38436567,0.0,2.802e-05,0.49068159,0.0,0.12130853,55395,4,0.17576827,2.166531
138,2,21017802,0.99615023,0.00028144,5.2e-06,0.0,1.207e-05,0.99970092,0.0,3.8e-07,50387,6,0.23723495,2.1700842
138,3,21017803,0.99438471,0.00111785,0.91745143,0.0,3.103e-05,0.04413904,0.0,0.03726065,8866,4,0.90245689,2.1648131
138,4,21017804,0.9946178,0.0044943,0.56485376,0.0,3.261e-05,0.41653472,0.0,0.01408461,8866,4,0.34372194,2.1648131
138,5,21017805,0.99433932,0.00060137,0.99937159,0.0,2.329e-05,3.63e-06,0.0,1.3e-07,8354,4,0.99935021,2.1648045
138,6,21017806,0.99527608,0.00256198,0.55130374,0.0,3.408e-05,0.36798717,0.0,0.07811303,21157,4,0.11938553,2.1660395
138,7,21017807,0.99472268,0.00067445,0.69775347,0.0,2.529e-05,0.30154664,0.0,1.5e-07,8362,4,0.42380823,2.1648065
138,8,21017808,0.99571045,0.00029581,5.12e-06,0.0,1.231e-05,0.99968632,0.0,4.4e-07,24005,6,0.31652806,2.1675246
138,9,21017809,0.99596129,0.00088478,0.64826909,0.0,2.216e-05,0.24191366,0.0,0.10891031,47469,4,0.31695742,2.1710772
138,10,21017810,0.99604366,0.00041308,0.09502074,0.0,1.417e-05,0.90454947,0.0,2.54e-06,9874,6,0.34797378,2.1690911
139,1,21017831,0.89046742,0.04776472,0.0090178,0.04016246,0.00890037,0.85001204,0.04414258,3e-08,35273,6,0.04199412,0.9870523
139,2,21017832,0.83912756,0.08359058,0.010569,0.04695339,0.01020035,0.77619474,0.06260352,0.00988842,39117,6,0.0287111,0.9929787
139,3,21017833,0.86547414,0.05999592,0.00839475,0.04052147,0.01374532,0.82435042,0.05299212,1e-08,37145,6,0.10343855,0.9949796
139,4,21017834,0.87737382,0.04972911,0.00703279,0.04426681,0.00961958,0.83679693,0.05223395,0.00032084,34347,6,0.05405941,0.9914889
139,5,21017835,0.88349553,0.04802412,0.00802991,0.02764772,0.00688837,0.85340891,0.0559964,4.57e-06,34377,6,0.04447344,0.9929896
139,6,21017836,0.8381543,0.07271864,0.00895923,0.05208387,0.01101512,0.78582625,0.06783084,0.00156605,32811,6,0.06575968,0.9914934
139,7,21017837,0.8836792,0.04822061,0.01039795,0.04954633,0.01102483,0.83309938,0.04479159,0.00291931,36553,6,0.03906528,0.9929896
139,8,21017838,0.85875567,0.07563584,0.01211703,0.02035626,0.01233795,0.81591373,0.06363831,8.9e-07,24521,6,0.03998902,0.9919902
139,9,21017839,0.8389608,0.05578868,0.01123861,0.0962201,0.0106315,0.76044604,0.06567503,3e-08,37451,6,0.04203492,0.9929906
139,10,21017840,0.85087928,0.06660869,0.01006377,0.07847391,0.00843413,0.77023595,0.05842258,0.00776097,38921,6,0.03262789,0.9929816
140,1,21017861,0.99530981,0.00286344,0.00371853,0.0,0.00040085,0.46652813,0.0,0.52648905,52279,6,0.01687781,0.991655
140,2,21017862,0.99469475,0.00549425,0.01146451,0.0,0.00071146,0.42691909,0.0,0.55541069,56695,7,0.01687747,0.9983647
140,3,21017863,0.99516665,0.00337332,0.01123568,0.0,0.00021798,0.50501585,0.0,0.48015718,28087,6,0.01961698,0.9971219
140,4,21017864,0.99412229,0.00568136,0.01137706,0.0,0.00069559,0.4897677,0.0,0.49247828,15263,7,0.01906733,0.9979208
140,5,21017865,0.99486696,0.0036376,0.01131525,0.0,0.00089849,0.47639464,0.0,0.50775402,27575,7,0.02151387,0.9957525
140,6,21017866,0.99504332,0.00428203,0.0114322,0.0,0.00090664,0.41721279,0.0,0.56616635,40951,7,0.03290793,0.9983663
140,7,21017867,0.99436566,0.00531646,0.01370479,0.0,0.00133054,0.48582459,0.0,0.49382362,22271,7,0.02724096,0.9972375
140,8,21017868,0.9954147,0.00243012,0.00836884,0.0,0.00018778,0.45026319,0.0,0.53875007,61007,7,0.02359815,0.9966245
140,9,21017869,0.9952034,0.00311499,0.01033141,0.0,0.00069649,0.48434746,0.0,0.50150965,16063,7,0.02676529,0.9965519
140,10,21017870,0.99496543,0.00438914,0.01158231,0.0,0.00053484,0.37503828,0.0,0.60845543,32127,7,0.01910772,0.9986142
141,1,21017891,0.97414156,0.0532812,0.0126635,0.0,0.00901691,0.77494983,0.0,0.15008856,18317,6,0.12173851,1.8028991
141,2,21017892,0.95802648,0.09580604,0.03056038,0.0,0.01667045,0.65205062,0.0,0.20491251,23331,6,0.07172536,1.8028991
141,3,21017893,0.97948294,0.03774013,0.00804665,0.0,0.00852749,0.55404676,0.0,0.39163897,18955,7,0.16123176,1.7998201
141,4,21017894,0.97603503,0.04738055,0.01378343,0.0,0.01063738,0.69952881,0.0,0.22866984,23435,6,0.08037329,1.8018009
141,5,21017895,0.9698726,0.06508299,0.01649231,0.0,0.01110843,0.70993899,0.0,0.19737727,18314,6,0.08785881,1.801907
141,6,21017896,0.95893601,0.09415725,0.01404344,0.0,0.0140996,0.55554926,0.0,0.32215046,19970,7,0.08041053,1.7983522
141,7,21017897,0.95952503,0.08389487,0.0234882,0.0,0.01637873,0.72025915,0.0,0.15597905,23077,6,0.07625896,1.7995804
141,8,21017898,0.96749822,0.06850195,0.01488877,0.0,0.01105413,0.62204807,0.0,0.28350707,20357,7,0.0841086,1.8003197
141,9,21017899,0.9699059,0.05997781,0.00857012,0.0,0.00849562,0.67301527,0.0,0.24994118,19244,6,0.0962716,1.801907
141,10,21017900,0.96817205,0.06324652,0.01857358,0.0,0.0144466,0.66200155,0.0,0.24173174,22411,6,0.08076148,1.8033958
142,1,21017921,0.98950242,0.00024442,0.0,2.108e-05,9.47e-06,0.99972345,1.47e-06,1e-07,8153,6,0.05101891,0.9935187
142,2,21017922,0.98946606,0.00021758,0.0,2.067e-05,8.14e-06,0.99975211,1.48e-06,2e-08,38393,6,0.05208548,0.9935128
142,3,21017923,0.98989537,0.00024962,0.0,2.105e-05,8.63e-06,0.99966939,1.46e-06,4.986e-05,61033,6,0.04927332,0.9935043
142,4,21017924,0.98860233,0.00023906,0.0,2.08e-05,7.86e-06,0.99973068,1.46e-06,1.5e-07,38127,6,0.02277335,0.9915338
142,5,21017925,0.98998277,0.00023259,0.0,2.085e-05,8.02e-06,0.999737,1.48e-06,6e-08,60857,6,0.04443213,0.9915411
142,6,21017926,0.98939851,0.0002259,0.0,2.102e-05,7.92e-06,0.99974358,1.45e-06,1.3e-07,46441,6,0.03530847,0.978335
142,7,21017927,0.98993076,0.00024794,0.0,2.093e-05,8.86e-06,0.9997205,1.48e-06,2.9e-07,32797,6,0.04019416,0.9871008
142,8,21017928,0.98933315,0.00022662,0.0,2.087e-05,8.42e-06,0.99974223,1.5e-06,3.5e-07,36955,6,0.0290856,0.9870974
142,9,21017929,0.99029617,0.00024971,0.0,2.105e-05,1.032e-05,0.9997173,1.47e-06,1.5e-07,32191,6,0.0312174,0.9955142
142,10,21017930,0.98972576,0.00025063,0.0,2.102e-05,9.49e-06,0.99971662,1.43e-06,8.1e-07,31753,6,0.02340665,0.9935078
143,1,21017951,0.97553086,0.07928625,0.00503863,0.0,0.01994567,0.7902468,0.0,0.10548264,17621,6,0.15558615,1.7581456
143,2,21017952,0.98025246,0.05275178,0.00983402,0.0,0.01575913,0.82682701,0.0,0.09482807,18077,6,0.16254191,1.7586423
143,3,21017953,0.97967178,0.05287876,0.01753371,0.0,0.0147489,0.73985156,0.0,0.17498706,54917,6,0.20567847,1.7559035
143,4,21017954,0.98709056,0.02867746,0.00639961,0.0,0.01159452,0.92421776,0.0,0.02911065,42916,6,0.12346678,1.7561504
143,5,21017955,0.97039375,0.07193404,0.00254716,0.0,0.03519076,0.79138031,0.0,0.09894774,15109,6,0.10094769,1.7586391
143,6,21017956,0.98502084,0.0348833,0.00328765,0.0,0.01513396,0.72511156,0.0,0.22158353,22404,6,0.09020302,1.7583938
143,7,21017957,0.98175355,0.04551191,0.00317151,0.0,0.01536525,0.8531776,0.0,0.08277373,42653,6,0.17049056,1.7596344
143,8,21017958,0.98613008,0.03320567,0.02630205,0.0,0.01278949,0.80071492,0.0,0.12698787,14212,6,0.13828671,1.7583938
143,9,21017959,0.97066129,0.07593505,0.01344778,0.0,0.02691518,0.64874643,0.0,0.23495556,15821,6,0.05661307,1.7576409
143,10,21017960,0.98305674,0.04834646,0.03206498,0.0,0.01053819,0.7859043,0.0,0.12314607,47021,6,0.07555914,1.7581372
144,1,21017981,0.52207075,0.35782176,0.08741928,0.0,0.12023155,0.26459996,0.14521519,0.02471226,22919,6,0.02116801,0.9926544
144,2,21017982,0.51681253,0.41021625,0.08591474,0.0,0.11161106,0.19692216,0.14139248,0.05394333,33287,0,0.03290245,0.333278
144,3,21017983,0.49207926,0.37522267,0.10811091,0.0,0.12771474,0.19401095,0.16050322,0.03443751,23183,7,0.02123611,0.9933916
144,4,21017984,0.50718114,0.38385758,0.09889157,0.0,0.13107519,0.18907345,0.13601287,0.06108934,19087,7,0.01957827,0.9928994
144,5,21017985,0.51457334,0.37724912,0.10596538,0.0,0.12390489,0.2219662,0.13739748,0.03351694,20111,7,0.01462834,0.9917139
144,6,21017986,0.48291235,0.40287031,0.11117661,0.0,0.13848743,0.15501208,0.14499613,0.04745744,23175,7,0.02653696,0.9926533
144,7,21017987,0.54628872,0.34592804,0.1027603,0.0,0.11215565,0.15020036,0.1309597,0.15799595,19079,7,0.03864588,0.9919163
144,8,21017988,0.54313383,0.3433128,0.0877058,0.0,0.11781354,0.17410064,0.14444248,0.13262474,19079,7,0.06035661,0.9919163
144,9,21017989,0.53293509,0.35784098,0.09313061,0.0,0.12033711,0.20400179,0.13359595,0.09109355,19079,7,0.0467688,0.9919163
144,10,21017990,0.49275076,0.38069065,0.11000794,0.0,0.13190302,0.1700113,0.1539284,0.05345869,20103,7,0.01861208,0.9907343
145,1,21018011,0.99170273,0.00027203,0.0,4.85e-06,2.363e-05,0.6938033,0.0,0.30589619,58233,6,0.03883035,0.991219
145,2,21018012,0.99199925,0.00028864,0.0,4.82e-06,3.068e-05,0.63696508,0.0,0.36271077,32151,6,0.01865665,0.9955319
145,3,21018013,0.99240364,0.00028268,0.0,4.8e-06,2.66e-05,0.59956364,0.0,0.40012228,60735,6,0.02924196,0.9967785
145,4,21018014,0.99213779,0.00027505,0.0,4.83e-06,2.614e-05,0.6929596,0.0,0.30673438,34793,6,0.04635508,0.9896205
145,5,21018015,0.99179566,0.00028222,0.0,4.8e-06,2.613e-05,0.67583908,0.0,0.32384777,63225,6,0.02898051,0.9916036
145,6,21018016,0.99216685,0.00028065,0.0,4.85e-06,2.525e-05,0.67612238,0.0,0.32356688,42489,6,0.09210075,0.9927885
145,7,21018017,0.99184266,0.00027741,0.0,4.81e-06,2.586e-05,0.67498336,0.0,0.32470857,40809,6,0.03616299,0.9916016
145,8,21018018,0.99238819,0.00028747,0.0,4.67e-06,3.065e-05,0.63321145,0.0,0.36646576,63085,6,0.03194291,0.9947811
145,9,21018019,0.9925151,0.00028584,0.0,4.8e-06,2.633e-05,0.62374198,0.0,0.37594105,28681,6,0.02339395,0.9947865
145,10,21018020,0.99197232,0.00027827,0.0,4.75e-06,2.856e-05,0.64105223,0.0,0.35863619,52345,6,0.03531579,0.9895931
146,1,21018041,0.99279338,0.00895314,0.00225657,0.0,0.00034031,0.92761744,0.0,0.06083254,56533,6,0.3211964,2.2488317
146,2,21018042,0.99208285,0.01182436,0.01111078,0.0,0.00026148,0.91525802,0.0,0.06154535,8892,6,0.16910784,2.2503105
146,3,21018043,0.99301431,0.00841012,0.00160903,0.0,0.00182427,0.90220106,0.0,0.08595552,50373,6,0.19317379,2.2471793
146,4,21018044,0.99268251,0.01375015,0.00153642,0.0,0.00242437,0.95163228,0.0,0.03065678,54474,6,0.12719607,2.2478344
146,5,21018045,0.97118524,0.07908777,0.00116715,0.0,0.00038885,0.91455332,0.0,0.0048029,44811,6,0.09687929,2.2522946
146,6,21018046,0.98414775,0.03853784,0.0031874,0.0,0.00189817,0.9310732,0.0,0.0253034,50844,6,0.14964143,2.2513026
146,7,21018047,0.98992771,0.02165661,0.01432267,0.0,0.00211235,0.96190704,0.0,1.32e-06,44362,6,0.26490984,2.2513026
146,8,21018048,0.99446112,0.00629334,0.00589245,0.0,0.00148593,0.98632782,0.0,4.7e-07,56541,6,0.1514513,2.2498257
146,9,21018049,0.99617983,0.00035691,0.00047866,0.0,0.00026672,0.98964676,0.0,0.00925094,13763,6,0.17294218,2.2513026
146,10,21018050,0.9921333,0.01444653,0.00613766,0.0,0.00176789,0.91750327,0.0,0.06014465,44845,6,0.11478931,2.2522921
147,1,21018071,0.96671869,0.0053879,0.0,0.04016834,8.404e-05,0.95186785,0.00207415,0.00041772,43721,6,0.03053739,0.9861927
147,2,21018072,0.91009072,0.00230163,0.0,0.17028829,5.44e-05,0.82705122,0.00030439,7e-08,35208,2,0.06527397,0.4950666
147,3,21018073,0.97439181,0.00807499,0.0,0.01558659,0.00088069,0.9728768,0.00257957,1.37e-06,39385,6,0.024534,0.9940373
147,4,21018074,0.95892839,0.00412726,0.0,0.05514047,0.00141848,0.93834974,0.00096403,2e-08,25305,6,0.03434018,0.9876358
147,5,21018075,0.95854269,0.00169928,0.0,0.05896628,0.00028862,0.93904317,2.54e-06,1.2e-07,59113,6,0.05030985,0.9940244
147,6,21018076,0.9833676,0.00044463,0.0,0.01135062,7.839e-05,0.98812293,2.49e-06,9.4e-07,42489,6,0.04791688,0.9920385
147,7,21018077,0.9761964,0.00093527,0.0,0.02778343,7.06e-06,0.97123713,3.705e-05,7e-08,33929,6,0.09856823,0.9920149
147,8,21018078,0.97483309,0.0016813,0.0,0.03145269,0.00036527,0.96649526,5.41e-06,8e-08,40107,6,0.04406988,0.9920316
147,9,21018079,0.98578,0.00113882,0.0,0.00547441,0.00016013,0.99322405,2.57e-06,3e-08,5625,6,0.0516088,0.9940284
147,10,21018080,0.98454468,0.004125,0.0,0.00335964,8.649e-05,0.99134041,0.00108837,1e-07,38473,6,0.03269224,0.9920512
148,1,21018101,0.99502708,0.03281479,0.12073254,0.0,0.02486027,0.03987849,0.0,0.78171391,51071,7,0.02405929,0.9998442
148,2,21018102,0.99487817,0.02731559,0.15258177,0.0,0.02508653,0.03680294,0.0,0.75821317,51007,4,0.01641238,0.9994508
148,3,21018103,0.99552082,0.02320165,0.14182233,0.0,0.02472235,0.03803688,0.0,0.7722168,52479,7,0.01750073,0.9996925
148,4,21018104,0.99565935,0.02174151,0.14498765,0.0,0.02404526,0.08258819,0.0,0.72663739,17271,7,0.03624189,0.9964855
148,5,21018105,0.99537418,0.02379091,0.13610126,0.0,0.02233383,0.07831208,0.0,0.73946191,30079,7,0.01762519,0.9998467
148,6,21018106,0.99523445,0.03151486,0.14305372,0.0,0.01667066,0.064105,0.0,0.74465575,44151,6,0.01612943,0.9993604
148,7,21018107,0.99541009,0.02890946,0.1082727,0.0,0.01881145,0.07544817,0.0,0.76855822,20335,7,0.024265,0.9991955
148,8,21018108,0.99516017,0.02681307,0.12060814,0.0,0.02197006,0.02819158,0.0,0.80241714,28647,7,0.02881902,0.9982067
148,9,21018109,0.99512594,0.0253737,0.08836798,0.0,0.01933591,0.08379872,0.0,0.78312369,47103,7,0.02118489,0.9998468
148,10,21018110,0.99545415,0.02582349,0.13822679,0.0,0.01869581,0.04358154,0.0,0.77367237,32607,7,0.02646387,0.9998467
149,1,21018131,0.94383189,0.09103521,0.015495,0.0,0.02761058,0.49354265,0.00569723,0.36661933,19211,7,0.1522659,1.3666518
149,2,21018132,0.94408196,0.08718645,0.02489148,0.0,0.02319674,0.16469234,0.00566009,0.69437289,23042,7,0.1531039,1.3639464
149,3,21018133,0.89341303,0.16294823,0.05239376,0.0,0.05485966,0.41086782,0.01603943,0.3028911,18309,6,0.09213057,1.3661573
149,4,21018134,0.92339957,0.11067878,0.03405736,0.0,0.03994672,0.36445904,0.01090524,0.43995285,20228,7,0.08482367,1.365661
149,5,21018135,0.95145558,0.0763899,0.02042689,0.0,0.02870846,0.43247599,0.00749098,0.43450778,23050,7,0.11465663,1.3642754
149,6,21018136,0.93849754,0.09517619,0.02116872,0.0,0.02404878,0.45174505,0.0102873,0.39757396,19971,7,0.10247731,1.3634596
149,7,21018137,0.93237558,0.10928853,0.02475798,0.0,0.03714352,0.20447955,0.00814876,0.61618166,19202,7,0.0871173,1.3656583
149,8,21018138,0.93899706,0.08962382,0.04015285,0.0,0.0357444,0.3292352,0.00803193,0.49721181,19202,7,0.09300404,1.3656583
149,9,21018139,0.9032034,0.1465175,0.05308528,0.0,0.05150924,0.42029764,0.01386969,0.31472065,24067,7,0.06029223,1.3641979
149,10,21018140,0.92651471,0.10825799,0.0494984,0.0,0.03428767,0.44740554,0.0114854,0.349065,23083,6,0.07343312,1.3649374
150,1,21018161,0.99013937,0.00022917,0.0,2.02e-05,2.055e-05,0.73151117,0.0,0.26821891,43993,6,0.0413663,0.9915864
150,2,21018162,0.99016816,0.00023457,0.0,2.028e-05,2.273e-05,0.64831494,0.0,0.35140747,40959,7,0.02796826,0.9955698
150,3,21018163,0.99016014,0.00024167,0.0,2.019e-05,2.347e-05,0.66200392,0.0,0.33771075,40653,6,0.03296784,0.9915551
150,4,21018164,0.98939072,0.00023138,0.0,2.024e-05,2.237e-05,0.76087158,0.0,0.23885443,57015,6,0.02679869,0.9887254
150,5,21018165,0.98989165,0.00022895,0.0,2.041e-05,2.263e-05,0.71049485,0.0,0.28923316,29259,6,0.02081112,0.9935704
150,6,21018166,0.98974343,0.00019424,0.0,2.013e-05,1.55e-05,0.82754655,0.0,0.17222359,51193,6,0.06454765,0.9915752
150,7,21018167,0.98980312,0.00021611,0.0,2.02e-05,1.976e-05,0.7438973,0.0,0.25584664,35257,6,0.03929736,0.9893965
150,8,21018168,0.98999253,0.00023517,0.0,2.031e-05,2.254e-05,0.67955526,0.0,0.32016672,55113,6,0.02702546,0.9844464
150,9,21018169,0.99007003,0.00024365,0.0,2.013e-05,2.199e-05,0.70860144,0.0,0.29111279,52391,6,0.02881393,0.987558
150,10,21018170,0.98951329,0.00022608,0.0,2.015e-05,2.029e-05,0.73462339,0.0,0.26511009,26223,7,0.02077855,0.9930818
151,1,21018191,0.99328806,0.01395253,0.1057255,0.0,0.00123941,0.86350098,0.0,0.01558159,56237,6,0.11579456,2.1580892
151,2,21018192,0.98351008,0.07412218,0.12003205,0.0,0.00068132,0.77292732,0.0,0.03223713,48661,6,0.09704776,2.1596333
151,3,21018193,0.98511879,0.0650836,0.04945834,0.0,0.0001155,0.88534235,0.0,2.1e-07,23291,6,0.46049493,2.1575875
151,4,21018194,0.9948622,0.00586028,0.04651511,0.0,3.959e-05,0.8287927,0.0,0.11879233,18315,6,0.1695315,2.1593847
151,5,21018195,0.98799162,0.04794449,0.18317287,0.0,0.00030687,0.75485051,0.0,0.01372526,9877,6,0.08033477,2.158888
151,6,21018196,0.99670126,0.00028952,5.99e-06,0.0,1.435e-05,0.99968979,0.0,3.5e-07,56403,6,0.27173995,2.1596333
151,7,21018197,0.98454656,0.0690432,0.09944009,0.0,0.00040436,0.78365706,0.0,0.0474553,54011,6,0.1245318,2.1603755
151,8,21018198,0.99207762,0.02123499,0.04997367,0.0,4.283e-05,0.88702946,0.0,0.04171906,23628,6,0.12452494,2.1554432
151,9,21018199,0.98803566,0.04872589,0.08538228,0.0,0.00050036,0.81060365,0.0,0.05478781,47916,6,0.09170749,2.1597161
151,10,21018200,0.99045196,0.03193664,0.16848592,0.0,0.00045332,0.77712775,0.0,0.02199638,12067,6,0.06371407,2.1588852
152,1,21018221,0.75994434,0.11903499,0.01721354,0.00515501,0.03728856,0.70895072,0.10937653,0.00298065,53065,6,0.04689044,0.9911057
152,2,21018222,0.78230685,0.10233985,0.01643911,0.01206416,0.02853212,0.70660959,0.10671506,0.02730011,37451,6,0.06228224,0.9935453
152,3,21018223,0.79357706,0.11103211,0.01331226,0.00392054,0.03606887,0.74303455,0.086145,0.00648667,6985,6,0.06746106,0.991112
152,4,21018224,0.76366705,0.11878935,0.01327264,0.00769833,0.03804609,0.69471794,0.10672873,0.02074691,32781,6,0.04712672,0.9935467
152,5,21018225,0.77328325,0.10557994,0.01284199,0.02629422,0.03566639,0.69682494,0.10557561,0.01721691,34059,6,0.05659732,0.9911095
152,6,21018226,0.7663211,0.11340405,0.01566601,0.00060573,0.04194461,0.71477917,0.109223,0.00437742,33803,6,0.05396739,0.9935443
152,7,21018227,0.74063143,0.14015036,0.01858832,0.00586208,0.04342095,0.68444046,0.10753763,2.1e-07,22663,6,0.05381736,0.9913652
152,8,21018228,0.769326,0.11429137,0.01286311,0.00446262,0.03130175,0.72365302,0.10979793,0.00363021,37131,6,0.06500802,0.9911129
152,9,21018229,0.74734138,0.12700784,0.01618231,0.00460912,0.0377972,0.68519229,0.11979228,0.00941896,32845,6,0.06080293,0.9935443
152,10,21018230,0.73815625,0.13954031,0.0172981,0.00078551,0.04899556,0.66580436,0.10781326,0.01976288,19015,6,0.03017336,0.9882112
153,1,21018251,0.99413231,0.0026929,0.01535835,0.0,0.00011035,0.50295824,0.0,0.47888016,32375,6,0.02311621,0.994905
153,2,21018252,0.99341633,0.00372932,0.02461974,0.0,0.00016488,0.36759022,0.0,0.60389585,65119,7,0.02949396,0.9934934
153,3,21018253,0.99315614,0.00365178,0.0248242,0.0,0.00028422,0.46657366,0.0,0.50466614,39783,6,0.02695173,0.9935772
153,4,21018254,0.9930019,0.00335014,0.02361684,0.0,0.00061828,0.49572666,0.0,0.47668808,56735,6,0.01706708,0.9978061
153,5,21018255,0.99288389,0.00319495,0.02317224,0.0,0.00049375,0.45035048,0.0,0.52278858,23911,6,0.02262587,0.9932296
153,6,21018256,0.99323353,0.00311622,0.02455986,0.0,0.00045431,0.40845044,0.0,0.56341917,27519,7,0.02360916,0.9962329
153,7,21018257,0.99290272,0.0042269,0.01922989,0.0,0.00084551,0.45882629,0.0,0.5168714,23799,6,0.02647945,0.995396
153,8,21018258,0.99355918,0.00301538,0.02691808,0.0,0.00042687,0.41747762,0.0,0.55216205,38327,6,0.01698856,0.9970657
153,9,21018259,0.99350894,0.00276085,0.01902627,0.0,0.00020668,0.45713634,0.0,0.52086986,63063,6,0.02013772,0.991034
153,10,21018260,0.9930816,0.00314653,0.02916074,0.0,0.00065487,0.52904813,0.0,0.43798973,22231,6,0.0279223,0.9932296
154,1,21018281,0.95213866,0.11537467,0.03973343,0.0,0.00467271,0.69671457,0.0,0.14350462,56412,6,0.07795044,2.1130276
154,2,21018282,0.96906527,0.0772248,0.00269267,0.0,0.00284089,0.9121193,0.0,0.00512233,15445,6,0.16615188,2.1126963
154,3,21018283,0.97087981,0.05970335,0.05593617,0.0,0.00593647,0.66166997,0.0,0.21675404,21717,6,0.0882363,2.1126963
154,4,21018284,0.97793012,0.0443451,0.04896077,0.0,0.00183107,0.87163113,0.0,0.03323192,19530,6,0.09368184,2.1075403
154,5,21018285,0.96256094,0.07777227,0.06983374,0.0,0.00550996,0.67748676,0.0,0.16939728,24005,6,0.0661886,2.1102502
154,6,21018286,0.98411601,0.03164581,0.01871233,0.0,0.00310002,0.89173335,0.0,0.05480849,52299,6,0.13016788,2.1104847
154,7,21018287,0.96863517,0.06630482,0.02266404,0.0,0.00602485,0.80029987,0.0,0.10470643,8940,6,0.39249034,2.1075257
154,8,21018288,0.99077625,0.02174897,0.03413861,0.0,0.00171573,0.93114877,0.0,0.01124793,21957,6,0.56024909,2.1126963
154,9,21018289,0.98125846,0.0363977,0.039134,0.0,0.00532692,0.89972602,0.0,0.01941535,23437,6,0.11508091,2.1109841
154,10,21018290,0.93865789,0.1124153,0.02561261,0.0,0.00123606,0.85827618,0.0,0.00245985,19533,6,0.11480539,2.1090106
155,1,21018311,0.98935835,0.00025153,0.0,2.366e-05,8.83e-06,0.99971402,1.88e-06,7e-08,37023,6,0.04438797,0.9868676
155,2,21018312,0.98957553,0.00020983,0.0,2.256e-05,6.93e-06,0.99975881,1.84e-06,4e-08,35897,6,0.03674768,0.9868705
155,3,21018313,0.9894497,0.00023261,0.0,2.363e-05,6.92e-06,0.99928974,1.84e-06,0.00044527,38073,6,0.02675041,0.9888497
155,4,21018314,0.98898198,0.00022538,0.0,2.289e-05,7.22e-06,0.99644421,1.84e-06,0.00329845,25993,6,0.03070238,0.9873368
155,5,21018315,0.98965029,0.00022843,0.0,2.305e-05,7.75e-06,0.99973892,1.81e-06,5e-08,24505,6,0.08237665,0.991123
155,6,21018316,0.98966361,0.00023512,0.0,2.343e-05,8.52e-06,0.99973087,1.86e-06,2e-07,40137,6,0.0336715,0.9868735
155,7,21018317,0.98934474,0.00025306,0.0,2.408e-05,8.24e-06,0.99971246,1.82e-06,3.4e-07,27019,6,0.0357172,0.9883289
155,8,21018318,0.98915802,0.00025692,0.0,2.393e-05,8.7e-06,0.99970841,1.86e-06,1.9e-07,33901,6,0.02252264,0.9914024
155,9,21018319,0.98930606,0.00022318,0.0,2.324e-05,6.95e-06,0.99974341,1.81e-06,1.41e-06,22505,6,0.02466434,0.9888406
155,10,21018320,0.98957066,0.00024809,0.0,2.389e-05,9.18e-06,0.99971695,1.83e-06,7e-08,57791,6,0.03391566,0.9931016
156,1,21018341,0.93737631,0.1346502,0.0261261,0.00050761,0.09415846,0.32402648,0.03469498,0.38583617,44589,7,0.17027227,1.5290017
156,2,21018342,0.95411897,0.10543715,0.0174577,0.00046392,0.05956253,0.56180264,0.01900678,0.23626928,16269,7,0.10634982,1.5295134
156,3,21018343,0.95275834,0.08988711,0.02373958,1.1e-07,0.08027215,0.42242232,0.02938708,0.35429165,16133,7,0.06837186,1.5300636
156,4,21018344,0.96357091,0.06545496,0.01452541,0.00268372,0.05402284,0.32523761,0.02314583,0.51492963,47877,6,0.1080383,1.5303096
156,5,21018345,0.96371143,0.06417704,0.0146072,0.00641138,0.06364871,0.5400811,0.01389302,0.29718155,22157,6,0.13526568,1.5280234
156,6,21018346,0.95581622,0.0737371,0.03606938,0.00061913,0.07310805,0.49380252,0.03087527,0.29178854,15893,6,0.10405006,1.5300636
156,7,21018347,0.95126847,0.09585064,0.0264108,0.00085712,0.06671059,0.57864093,0.02819425,0.20333567,44549,6,0.08211414,1.5273665
156,8,21018348,0.95844187,0.08635205,0.01486974,8e-08,0.06142525,0.50552039,0.02365723,0.30817527,49029,7,0.10246931,1.529018
156,9,21018349,0.96050121,0.08556092,0.02083157,7e-08,0.05676219,0.42574357,0.0220187,0.38908297,57253,7,0.08494391,1.5290154
156,10,21018350,0.95147144,0.10605774,0.03943727,3.43e-06,0.08011849,0.29836692,0.02583129,0.45018485,44965,7,0.08212851,1.5286839
157,1,21018371,0.51236624,0.48895964,0.07907234,0.0,0.1948304,0.0,0.17727199,0.05986562,19079,7,0.02605548,0.9942747
157,2,21018372,0.5197331,0.48333528,0.08519314,0.0,0.22501904,0.0,0.13004625,0.07640628,23183,7,0.04383582,0.9957518
157,3,21018373,0.53726729,0.42920082,0.08246488,0.0,0.21483989,0.0,0.18580862,0.08768579,24207,7,0.04679225,0.9953414
157,4,21018374,0.50665769,0.47815617,0.08656478,0.0,0.21866656,0.0,0.20454936,0.01206313,19210,3,0.01920451,0.783514
157,5,21018375,0.51560221,0.4723457,0.07415166,0.0,0.20892606,0.0,0.18272295,0.06185363,23175,7,0.04467008,0.9950127
157,6,21018376,0.53072763,0.45650673,0.08061777,0.0,0.23408606,0.0,0.16176386,0.06702558,24207,7,0.02353749,0.9953414
157,7,21018377,0.52077806,0.46118258,0.08533881,0.0,0.22732382,0.0,0.19144498,0.03470981,24074,3,0.0214789,0.783285
157,8,21018378,0.52990151,0.48496024,0.09010497,0.0,0.19968988,0.0,0.12966751,0.0955774,23175,7,0.04867695,0.9950127
157,9,21018379,0.52492594,0.46217416,0.08647363,0.0,0.23847135,0.0,0.15669187,0.05618898,19079,7,0.02448888,0.9942747
157,10,21018380,0.54841134,0.4540445,0.0826509,0.0,0.19887193,0.0,0.16352917,0.10090349,23175,7,0.05838399,0.9950127
158,1,21018401,0.99074935,0.00024096,0.0,1.271e-05,1.962e-05,0.8004868,0.0,0.19923992,34347,6,0.03115359,0.9901275
158,2,21018402,0.9908663,0.00022998,0.0,1.272e-05,1.99e-05,0.74701432,0.0,0.25272308,39497,6,0.03848361,0.9920797
158,3,21018403,0.99061308,0.00023824,0.0,1.273e-05,2.184e-05,0.68061136,0.0,0.31911583,56729,6,0.03676263,0.9940636
158,4,21018404,0.99128329,0.00025156,0.0,1.281e-05,2.476e-05,0.62451139,0.0,0.37519948,39193,6,0.03116655,0.9940635
158,5,21018405,0.99114932,0.00023979,0.0,1.277e-05,2.235e-05,0.7330427,0.0,0.26668239,31577,6,0.03969904,0.9940705
158,6,21018406,0.99060902,0.00025302,0.0,1.266e-05,2.578e-05,0.67347885,0.0,0.32622969,51607,6,0.02402759,0.9957228
158,7,21018407,0.99103406,0.00023354,0.0,1.276e-05,2.204e-05,0.68123701,0.0,0.31849465,7577,6,0.08740212,0.9920854
158,8,21018408,0.99026595,0.00020783,0.0,1.294e-05,1.958e-05,0.79977087,0.0,0.19998878,40905,6,0.03356268,0.9901868
158,9,21018409,0.99105655,0.00023213,0.0,1.276e-05,2.04e-05,0.75665237,0.0,0.24308234,31705,6,0.04770298,0.9940783
158,10,21018410,0.990709,0.00025866,0.0,1.269e-05,2.612e-05,0.74204307,0.0,0.25765947,31369,6,0.02458982,0.9921242
159,1,21018431,0.99648985,0.00027169,5.15e-06,0.0,1.183e-05,0.99971102,0.0,3.1e-07,46532,6,0.32838069,2.3772641
159,2,21018432,0.99104097,0.02566392,0.10660766,0.0,0.00027563,0.83866328,0.0,0.02878952,8372,6,0.3050546,2.3762663
159,3,21018433,0.99373083,0.01132313,0.03408109,0.0,0.00028876,0.87230868,0.0,0.08199833,56386,6,0.22302139,2.373055
159,4,21018434,0.99073317,0.02349445,0.04173438,0.0,7.976e-05,0.81094433,0.0,0.12374708,19972,7,0.07936243,2.3715844
159,5,21018435,0.99626688,0.00027254,5e-06,0.0,1.201e-05,0.99971017,0.0,2.7e-07,13524,6,0.14659482,2.3770155
159,6,21018436,0.98957417,0.03024167,0.06761757,0.0,0.00132135,0.76404947,0.0,0.13676994,16171,6,0.12992014,2.3777581
159,7,21018437,0.98684393,0.04820653,0.02782837,0.0,0.00017886,0.78210728,0.0,0.14167896,50837,6,0.16218907,2.3772641
159,8,21018438,0.99561205,0.00338672,0.0002054,0.0,1.675e-05,0.99639095,0.0,1.8e-07,13525,6,0.18842291,2.3772641
159,9,21018439,0.99596394,0.00028451,5.06e-06,0.0,1.183e-05,0.99969831,0.0,2.9e-07,24011,6,0.22855501,2.3750413
159,10,21018440,0.99211502,0.01969742,0.08936015,0.0,8.992e-05,0.81315403,0.0,0.07769848,10122,6,0.21208456,2.376272
160,1,21018461,0.91776245,0.02610686,0.01338368,0.06671524,0.00604251,0.86741713,0.0203345,8e-08,37337,6,0.04915168,0.9943698
160,2,21018462,0.84517284,0.05948325,0.01694264,0.09157569,0.01054704,0.77315479,0.04829648,1.2e-07,36893,6,0.04742471,0.9888181
160,3,21018463,0.87769444,0.03874552,0.01423296,0.08804483,0.00499857,0.81506199,0.03891609,4e-08,32841,6,0.06656204,0.99239
160,4,21018464,0.87776025,0.03927662,0.01498186,0.10306357,0.00323694,0.80142093,0.03278393,0.00523615,37017,6,0.0465471,0.9888129
160,5,21018465,0.86240217,0.04491784,0.01473903,0.06825146,0.01056426,0.79612627,0.05067194,0.0147292,35481,6,0.04156035,0.9870386
160,6,21018466,0.87486216,0.0521621,0.01024844,0.0746152,0.00475522,0.82275347,0.03546553,4e-08,33625,6,0.04668359,0.9924015
160,7,21018467,0.86493721,0.03947699,0.01927921,0.09961732,0.00493021,0.79351833,0.04317788,6e-08,36879,6,0.06045125,0.9923946
160,8,21018468,0.85305801,0.05336316,0.01373302,0.12861304,0.00425005,0.76071495,0.0393256,1.9e-07,37021,6,0.07329597,0.9888038
160,9,21018469,0.87190648,0.03062311,0.01219759,0.10339478,0.0039483,0.80120066,0.04863546,1e-07,23449,6,0.06586767,0.9925786
160,10,21018470,0.86830728,0.05559517,0.01873584,0.10576992,0.00804088,0.77080659,0.03044811,0.0106035,35405,6,0.09936151,0.9923614
161,1,21018491,0.99482468,0.00860484,0.07897322,0.0,0.00297101,0.2342212,0.0,0.67522974,58847,7,0.01872147,0.9981713
161,2,21018492,0.99485602,0.00794875,0.09375623,0.0,0.00202721,0.24085461,0.0,0.6554132,14719,6,0.01968127,0.9972641
161,3,21018493,0.99455591,0.00989649,0.07971509,0.0,0.00217836,0.19891781,0.0,0.70929225,59135,7,0.02226167,0.9981731
161,4,21018494,0.99497973,0.00824072,0.0809381,0.0,0.00226336,0.25029911,0.0,0.65825871,7991,7,0.03129006,0.9964593
161,5,21018495,0.99505671,0.00887033,0.11180299,0.0,0.00136042,0.14288341,0.0,0.73508285,53119,7,0.04453131,0.9990829
161,6,21018496,0.99439124,0.0094628,0.05688891,0.0,0.00153153,0.20042734,0.0,0.73168942,8167,7,0.01884044,0.9969346
161,7,21018497,0.99446066,0.01067564,0.11358045,0.0,0.00163224,0.16931823,0.0,0.70479344,44615,6,0.0209762,0.9936553
161,8,21018498,0.99477129,0.00951378,0.11828911,0.0,0.00193105,0.12540816,0.0,0.7448579,46975,7,0.02870699,0.9990824
161,9,21018499,0.99496505,0.00793879,0.09724525,0.0,0.0020853,0.22714575,0.0,0.66558491,53055,7,0.01650949,0.9981713
161,10,21018500,0.99468893,0.00872874,0.0862999,0.0,0.00243062,0.15342174,0.0,0.749119,13823,7,0.02657706,0.999083
162,1,21018521,0.93248237,0.14189779,0.06996132,0.0,0.02806493,0.57584556,0.00266804,0.18156236,20010,6,0.05670975,1.7527167
162,2,21018522,0.95966497,0.0717496,0.03032144,0.0,0.01938499,0.53863158,0.00071158,0.33920081,18949,7,0.16402829,1.753211
162,3,21018523,0.97033711,0.0565109,0.04331664,0.0,0.01153419,0.56809129,0.00115802,0.31938897,55813,6,0.11667104,1.7544414
162,4,21018524,0.96638009,0.06337287,0.02681438,0.0,0.01086064,0.64930073,0.000666,0.24898538,23077,6,0.12499279,1.7539551
162,5,21018525,0.96027216,0.08225688,0.04027522,0.0,0.01888213,0.55280978,0.0011556,0.3046204,20002,6,0.06632932,1.7527147
162,6,21018526,0.96840041,0.05650025,0.02522923,0.0,0.01473564,0.62361908,0.00062265,0.27929315,18052,6,0.10353999,1.7527266
162,7,21018527,0.97018602,0.05288063,0.02990955,0.0,0.01288625,0.43799172,0.00071648,0.46561538,20229,7,0.14068815,1.7566866
162,8,21018528,0.96252773,0.06580898,0.03196547,0.0,0.01653378,0.49152077,0.00060103,0.39356997,18307,6,0.07290094,1.7566866
162,9,21018529,0.96544858,0.06537802,0.03177075,0.0,0.02088062,0.64943394,0.00089058,0.23164609,20259,6,0.08420943,1.7566846
162,10,21018530,0.96252136,0.07110552,0.03344944,0.0,0.01668075,0.61121069,0.00145455,0.26609905,18957,7,0.09186563,1.7541949
163,1,21018551,0.98863318,0.0002246,0.0,2.02e-05,7.6e-06,0.99974383,1.4e-06,2.37e-06,63465,6,0.06573495,0.9884144
163,2,21018552,0.98898783,0.00021663,0.0,2.002e-05,7.37e-06,0.99975454,1.37e-06,8e-08,36793,6,0.04311821,0.9888139
163,3,21018553,0.98900311,0.0002102,0.0,2.015e-05,7.3e-06,0.99976091,1.41e-06,3e-08,60459,6,0.0457722,0.9931712
163,4,21018554,0.98846743,0.00024427,0.0,2.025e-05,8.7e-06,0.99972485,1.39e-06,5.3e-07,47687,6,0.03066985,0.9824452
163,5,21018555,0.98901311,0.00023725,0.0,2.017e-05,7.98e-06,0.99973186,1.37e-06,1.36e-06,33241,6,0.04707752,0.9911796
163,6,21018556,0.98908425,0.00021705,0.0,2.013e-05,7.72e-06,0.99975361,1.38e-06,1.2e-07,44793,6,0.05884211,0.9864436
163,7,21018557,0.98948392,0.00023183,0.0,2.034e-05,8.84e-06,0.99973725,1.41e-06,3.3e-07,35833,6,0.0570521,0.9888139
163,8,21018558,0.98965033,0.00023522,0.0,2.014e-05,9.01e-06,0.99973397,1.4e-06,2.6e-07,34377,6,0.02870052,0.9911908
163,9,21018559,0.98845725,0.0002132,0.0,2.009e-05,7.25e-06,0.99975802,1.4e-06,4e-08,27947,6,0.036694,0.9878924
163,10,21018560,0.98904255,0.00023083,0.0,2.024e-05,7.98e-06,0.99973943,1.41e-06,1.2e-07,22663,6,0.03018186,0.9866857
164,1,21018581,0.9866839,0.03692217,0.04254237,0.0,0.00348786,0.89241075,0.0,0.02463684,47876,6,0.07081231,2.0523868
164,2,21018582,0.98620525,0.04022012,0.02142105,0.0,0.00273436,0.82334158,0.0,0.11228289,15818,6,0.12738126,2.0499806
164,3,21018583,0.98215109,0.05586564,0.03886631,0.0,0.00361673,0.8982852,0.0,0.00336612,16298,6,0.07409192,2.0499758
164,4,21018584,0.95867202,0.13968996,0.01621445,0.0,0.00496066,0.75163337,0.0,0.08750155,23227,6,0.16427673,2.050809
164,5,21018585,0.97324714,0.10668292,0.0325371,0.0,0.00960396,0.83775658,0.0,0.01341943,48581,6,0.08949623,2.0503126
164,6,21018586,0.96008596,0.12986819,0.01980194,0.0,0.00748301,0.7702954,0.0,0.07255147,48004,6,0.12970945,2.0498028
164,7,21018587,0.98168306,0.0547845,0.01507332,0.0,0.00519309,0.83425387,0.0,0.09069522,19533,6,0.16946136,2.048824
164,8,21018588,0.96778502,0.11270353,0.01941431,0.0,0.00695887,0.79199831,0.0,0.06892498,24484,6,0.10494862,2.0495607
164,9,21018589,0.97313221,0.09947984,0.01223069,0.0,0.00499153,0.86670766,0.0,0.01659028,21179,6,0.2353855,2.0528872
164,10,21018590,0.9884396,0.02952748,0.00733852,0.0,0.00318392,0.87062265,0.0,0.08932743,46732,6,0.13156918,2.0493161
165,1,21018611,0.53761248,0.29673441,0.0784014,0.0,0.11607241,0.33711298,0.14586162,0.02581718,18631,6,0.04579056,0.9920344
165,2,21018612,0.53616221,0.29183025,0.07947549,0.0,0.11788571,0.34808233,0.14431847,0.01840774,22727,6,0.02512047,0.9927734
165,3,21018613,0.58830461,0.26098429,0.07933505,0.0,0.09378532,0.33814947,0.13377834,0.09396753,23175,7,0.06031871,0.9910573
165,4,21018614,0.56155698,0.28188334,0.08308848,0.0,0.11997027,0.31703068,0.13359214,0.06443509,18631,6,0.02471569,0.9920344
165,5,21018615,0.53027317,0.29835725,0.08653276,0.0,0.11973716,0.31255555,0.14440549,0.03841179,18823,6,0.02534195,0.9903229
165,6,21018616,0.5561847,0.27478227,0.0872845,0.0,0.111802,0.33069723,0.14337704,0.05205695,22663,6,0.05718876,0.9927769
165,7,21018617,0.51876881,0.33195523,0.09710506,0.0,0.11109795,0.28346317,0.14531485,0.03106373,33293,6,0.0237517,0.9933853
165,8,21018618,0.53768406,0.29416196,0.08525652,0.0,0.11199917,0.33401775,0.14743954,0.02712505,22663,6,0.05081007,0.9927769
165,9,21018619,0.54535598,0.29247908,0.08605372,0.0,0.10630039,0.34284245,0.14671554,0.02560882,23687,6,0.02101644,0.9927734
165,10,21018620,0.51033245,0.31069553,0.08620071,0.0,0.12233648,0.27683376,0.15749992,0.0464336,22663,6,0.03892824,0.9927769
166,1,21018641,0.99290374,0.00069122,0.0,1.01e-06,4.315e-05,0.47400565,0.0,0.52525898,2031,6,0.02417132,0.992498
166,2,21018642,0.99281332,0.0004765,0.0,1.01e-06,3.421e-05,0.60396601,0.0,0.39552228,54711,6,0.01849053,0.9967239
166,3,21018643,0.99297674,0.00044452,0.0,1e-06,3.655e-05,0.49028977,0.0,0.50922816,30591,7,0.01842127,0.9969825
166,4,21018644,0.99288439,0.00031813,0.0,1.03e-06,2.992e-05,0.57943623,0.0,0.42021469,47095,7,0.02016173,0.9967329
166,5,21018645,0.99297002,0.00038617,0.0,1.02e-06,7.411e-05,0.51374867,0.0,0.48579004,5881,6,0.03056754,0.9910094
166,6,21018646,0.99290639,0.00029486,0.0,9.7e-07,3.355e-05,0.58407085,0.0,0.41559977,19903,6,0.03586406,0.9964785
166,7,21018647,0.99221833,0.00083109,0.0,1.04e-06,0.00021797,0.60940521,0.0,0.38954469,30825,6,0.01909239,0.9890253
166,8,21018648,0.99252641,0.00139693,0.0,1.03e-06,3.087e-05,0.52835198,0.0,0.47021919,36287,6,0.02162696,0.9969775
166,9,21018649,0.99280183,0.00066854,0.0,1.02e-06,3.219e-05,0.55806855,0.0,0.44122971,32639,7,0.03348879,0.9969825
166,10,21018650,0.99251137,0.00062553,0.0,1.01e-06,3.057e-05,0.58813999,0.0,0.41120291,60831,6,0.01654525,0.9969745
167,1,21018671,0.99212006,0.01085562,0.00201655,0.0,0.00177223,0.92899575,0.0,0.05635984,56405,6,0.1575832,2.3716766
167,2,21018672,0.99050162,0.01526901,0.00113122,0.0,0.00149681,0.86888595,0.0,0.11321701,8941,6,0.17115773,2.3672157
167,3,21018673,0.99162618,0.01125911,0.00353481,0.0,0.0019909,0.94696793,0.0,0.03624726,17859,6,0.17152227,2.3709313
167,4,21018674,0.99400982,0.00592929,0.01713742,0.0,1.195e-05,0.93632271,0.0,0.04059863,23883,6,0.34382381,2.3719248
167,5,21018675,0.98533675,0.03224732,0.00409173,0.0,0.0023961,0.92886128,0.0,0.03240358,11595,6,0.21827433,2.371428
167,6,21018676,0.98109275,0.03640397,0.03501937,0.0,0.00141208,0.81899935,0.0,0.10816522,57131,6,0.14958606,2.3724183
167,7,21018677,0.98997708,0.02148108,0.00214921,0.0,0.00064933,0.95674577,0.0,0.0189746,11589,6,0.1656717,2.3709313
167,8,21018678,0.99053248,0.01883406,0.0022477,0.0,0.00094611,0.88756723,0.0,0.09040489,18979,6,0.1350296,2.36625
167,9,21018679,0.99321457,0.01248889,0.00079747,0.0,0.00055742,0.93665121,0.0,0.04950501,15682,6,0.12499573,2.3711795
167,10,21018680,0.99239908,0.00901106,0.00110115,0.0,0.0011334,0.85845769,0.0,0.1302967,48461,6,0.11566907,2.3724211
168,1,21018701,0.98912536,0.00026437,0.0,1.887e-05,7.78e-06,0.99970667,2.12e-06,1.8e-07,10375,6,0.0403049,0.9865331
168,2,21018702,0.98928936,0.00026535,0.0,1.97e-05,8.44e-06,0.99970414,2.19e-06,1.9e-07,34553,6,0.02974264,0.9870163
168,3,21018703,0.99038098,0.00026527,0.0,1.934e-05,9.03e-06,0.99970374,2.13e-06,4.9e-07,61641,6,0.04634569,0.9934667
168,4,21018704,0.98881665,0.00025671,0.0,1.907e-05,8.12e-06,0.99971326,2.08e-06,7.5e-07,39119,6,0.02962303,0.9915015
168,5,21018705,0.9395133,0.000716,0.0,0.12679111,7.87e-06,0.87248268,2.24e-06,1e-07,61644,2,0.04651886,0.6608574
168,6,21018706,0.9879447,0.00024571,0.0,1.805e-05,7.81e-06,0.99972626,2.04e-06,1.3e-07,24185,6,0.03090816,0.9889865
168,7,21018707,0.98913892,0.00026244,0.0,1.895e-05,8.59e-06,0.99970689,2.13e-06,9.9e-07,34059,6,0.033753,0.9870129
168,8,21018708,0.98826635,0.00025019,0.0,1.871e-05,7.89e-06,0.99972108,2.09e-06,4e-08,60463,6,0.03444169,0.9934723
168,9,21018709,0.98960594,0.00024338,0.0,1.887e-05,8.02e-06,0.99972752,2.09e-06,1.1e-07,31129,6,0.04617505,0.9934832
168,10,21018710,0.98898246,0.00024498,0.0,1.876e-05,7.91e-06,0.99972608,2.03e-06,2.5e-07,6121,6,0.03663068,0.9880049
169,1,21018731,0.93350393,0.1444864,0.03798122,0.00150103,0.24393848,0.00294191,0.10159747,0.46755349,57261,7,0.08489994,1.215483
169,2,21018732,0.93746363,0.10805462,0.03737416,0.00227779,0.2662261,0.02338785,0.09009079,0.47258869,24453,7,0.12134043,1.2142457
169,3,21018733,0.93149947,0.14520037,0.0461288,0.00087112,0.26481206,0.01246638,0.10470381,0.42581747,11789,7,0.10725098,1.2130069
169,4,21018734,0.95394269,0.07776861,0.01648118,0.00678295,0.20297033,0.00447991,0.06491729,0.62659974,16293,7,0.17602008,1.2142443
169,5,21018735,0.92779825,0.13901628,0.04777593,0.00236146,0.26921182,0.01600759,0.11595089,0.40967602,24357,7,0.07295956,1.214916
169,6,21018736,0.95143214,0.09946375,0.03307556,0.00130064,0.20090335,0.02258509,0.05182545,0.59084617,53133,7,0.12531288,1.2154819
169,7,21018737,0.93307478,0.13369331,0.04619137,0.0041571,0.24614185,0.02238533,0.10611793,0.44131312,20261,7,0.11926509,1.2144189
169,8,21018738,0.93861525,0.1133921,0.03901111,0.00144955,0.1986864,0.00910425,0.11321509,0.52514149,44965,7,0.06365769,1.2141614
169,9,21018739,0.92914025,0.16102743,0.0594771,0.00644354,0.2469251,0.0294135,0.09264925,0.40406408,16173,7,0.0562148,1.215413
169,10,21018740,0.92352499,0.13560158,0.02103517,0.00365649,0.35159201,0.01801645,0.10887077,0.36122753,16301,7,0.07001772,1.2149878
170,1,21018761,0.89351358,0.14436679,0.01517951,0.0,0.0604863,0.09946078,0.01563727,0.66486935,19213,7,0.09685055,1.2134557
170,2,21018762,0.92403801,0.09731323,0.01330452,0.0,0.03836671,0.04567726,0.01542266,0.78991562,24323,7,0.13964494,1.2134576
170,3,21018763,0.92419426,0.10272537,0.01199253,0.0,0.03580831,0.06971074,0.0131797,0.76658335,23052,7,0.16998727,1.2113826
170,4,21018764,0.91458884,0.11142258,0.01455836,0.0,0.04252695,0.06357042,0.013978,0.75394368,20227,7,0.167526,1.2129609
170,5,21018765,0.88191284,0.15602703,0.02495429,0.0,0.09762456,0.07425857,0.02155972,0.62557583,19971,7,0.12708482,1.2105657
170,6,21018766,0.90396593,0.13534117,0.01779299,0.0,0.04566691,0.07231931,0.01567731,0.7132023,24331,7,0.11605792,1.2139544
170,7,21018767,0.91313917,0.1080313,0.01371631,0.0,0.04776877,0.07811767,0.0174797,0.73488624,20227,7,0.11603069,1.2129609
170,8,21018768,0.89949009,0.13683162,0.01924055,0.0,0.05509646,0.09478635,0.01525664,0.67878838,18955,7,0.05908132,1.2115469
170,9,21018769,0.87150173,0.17081351,0.01672479,0.0,0.08029409,0.089678,0.01867628,0.62381334,18955,7,0.12370762,1.2115469
170,10,21018770,0.905572,0.13340616,0.01646824,0.0,0.04711634,0.05304698,0.01343611,0.73652617,23042,7,0.13841113,1.2110533
171,1,21018791,0.98998961,0.00022969,0.0,1.649e-05,2.113e-05,0.69738796,0.0,0.30234473,33295,6,0.0573884,0.9891847
171,2,21018792,0.98959119,0.00021156,0.0,1.645e-05,1.913e-05,0.75336885,0.0,0.246384,49097,6,0.05170554,0.9889139
171,3,21018793,0.98956865,0.00019092,0.0,1.649e-05,1.496e-05,0.88301738,0.0,0.11676025,49145,6,0.08001135,0.9934423
171,4,21018794,0.98964529,0.00023206,0.0,1.646e-05,2.033e-05,0.66804954,0.0,0.33168161,35799,7,0.02134764,0.9944346
171,5,21018795,0.99040811,0.00021931,0.0,1.652e-05,1.993e-05,0.74837925,0.0,0.25136499,29325,6,0.03859667,0.9911582
171,6,21018796,0.98967131,0.00022672,0.0,1.651e-05,2.129e-05,0.68497836,0.0,0.31475712,3831,7,0.02400718,0.9894174
171,7,21018797,0.99029607,0.00023571,0.0,1.651e-05,2.269e-05,0.69476414,0.0,0.30496095,6119,6,0.03767396,0.989658
171,8,21018798,0.99009225,0.00022021,0.0,1.637e-05,2.254e-05,0.72722743,0.0,0.27251345,6137,6,0.07991625,0.9934292
171,9,21018799,0.98947541,0.00021286,0.0,1.654e-05,1.906e-05,0.77540302,0.0,0.22434852,24441,6,0.06067467,0.9934322
171,10,21018800,0.98948091,0.00021398,0.0,1.658e-05,2.105e-05,0.75536914,0.0,0.24437925,37421,6,0.03630635,0.9869168
172,1,21018821,0.9953995,0.00060177,0.91574542,0.0,2.779e-05,0.08362335,0.0,1.67e-06,47588,4,0.89465396,2.4109346
172,2,21018822,0.99585135,0.00070218,0.92028252,0.0,3.543e-05,0.07897916,0.0,7.1e-07,47867,4,0.19193328,2.412422
172,3,21018823,0.99603271,0.00054102,0.32820433,0.0,2.348e-05,0.62253739,0.0,0.04869378,14251,6,0.08428148,2.41193
172,4,21018824,0.99589792,0.00066965,0.8162766,0.0,3.251e-05,0.18302096,0.0,2.8e-07,47803,4,0.22903891,2.4124276
172,5,21018825,0.99590998,0.00059,0.75859031,0.0,1.727e-05,0.24080208,0.0,3.3e-07,55781,4,0.23469857,2.4114329
172,6,21018826,0.9959121,0.00053847,0.54433872,0.0,2.643e-05,0.34486738,0.0,0.110229,13226,4,0.1426988,2.4142258
172,7,21018827,0.99594063,0.0006229,0.99935109,0.0,1.92e-05,6.62e-06,0.0,1.8e-07,47867,4,0.99927377,2.412422
172,8,21018828,0.99615158,0.00058233,0.38478675,0.0,2.998e-05,0.59215185,0.0,0.02244909,24093,6,0.09018004,2.4147225
172,9,21018829,0.99597027,0.00055744,0.26558774,0.0,2.694e-05,0.7100259,0.0,0.02380198,55995,6,0.24948118,2.4124276
172,10,21018830,0.99592273,0.00056859,0.42567354,0.0,2.677e-05,0.53365239,0.0,0.0400787,51837,4,0.30709795,2.4124256
173,1,21018851,0.78755075,0.09294086,0.01153741,0.03122756,0.01735255,0.71189535,0.11064242,0.02440385,36973,6,0.03510112,0.9898659
173,2,21018852,0.6951127,0.10621151,0.02064081,0.11723092,0.01947671,0.58911394,0.14653278,0.00079334,32781,6,0.03758632,0.9929262
173,3,21018853,0.7024947,0.11558471,0.01911358,0.11257211,0.0248117,0.58649485,0.1363117,0.00511135,23112,2,0.0460556,0.6588155
173,4,21018854,0.69598314,0.10114722,0.02006273,0.1413835,0.02593143,0.56638909,0.14177117,0.00331485,6984,2,0.0430713,0.6604063
173,5,21018855,0.67963876,0.13632832,0.01935861,0.06127863,0.0285547,0.58661856,0.16104551,0.00681567,34315,6,0.04055969,0.9898649
173,6,21018856,0.75493189,0.10487217,0.01758002,0.05864355,0.02094825,0.68020118,0.11062867,0.00712617,33295,6,0.0595074,0.9913983
173,7,21018857,0.78276616,0.07982911,0.01723978,0.06912392,0.01702363,0.71010991,0.10525346,0.00142019,36875,6,0.08627185,0.9929272
173,8,21018858,0.78698523,0.09270488,0.01222822,0.04781355,0.02471261,0.72009698,0.09441919,0.00802456,36937,6,0.04115924,0.9929242
173,9,21018859,0.77358483,0.10062336,0.0212051,0.02019503,0.01834894,0.72054379,0.11749311,0.00159068,37455,6,0.06620257,0.9929312
173,10,21018860,0.73632346,0.09965437,0.01766588,0.03906693,0.02140794,0.67320351,0.14485631,0.00414506,35081,6,0.07698052,0.989871
174,1,21018881,0.99415796,0.00332134,0.01069779,0.0,0.0001473,0.43714038,0.0,0.5486932,24439,7,0.02500959,0.9979722
174,2,21018882,0.99407135,0.00448092,0.0107554,0.0,0.00063892,0.39112256,0.0,0.59300219,55223,6,0.02316779,0.9970858
174,3,21018883,0.99434371,0.00334534,0.00965688,0.0,0.00053545,0.43444588,0.0,0.55201645,13815,7,0.03121944,0.9979704
174,4,21018884,0.99458958,0.00311808,0.00587415,0.0,0.0002385,0.45219052,0.0,0.53857876,29527,6,0.02346576,0.9967265
174,5,21018885,0.99437536,0.00256696,0.0069611,0.0,0.00042263,0.4811771,0.0,0.50887221,34039,6,0.02335723,0.99546
174,6,21018886,0.99423313,0.00394545,0.01062722,0.0,0.00031358,0.43087431,0.0,0.55423944,13783,6,0.01960533,0.9940043
174,7,21018887,0.99443502,0.00310324,0.01199056,0.0,0.00024288,0.4215742,0.0,0.56308911,15615,7,0.02550576,0.9964516
174,8,21018888,0.9943904,0.00254989,0.00869878,0.0,0.00022874,0.44543,0.0,0.54309259,63471,7,0.02668992,0.9964561
174,9,21018889,0.99433794,0.00318981,0.00977801,0.0,0.00057283,0.42658855,0.0,0.55987081,60279,7,0.02473194,0.9966725
174,10,21018890,0.99407767,0.00451771,0.01436571,0.0,0.00041223,0.43065324,0.0,0.55005111,20351,7,0.02245018,0.9977226
175,1,21018911,0.97252317,0.05591809,0.04580196,0.0,0.00868019,0.73409056,0.0,0.15550919,18053,6,0.17437402,2.1216196
175,2,21018912,0.97345107,0.05709972,0.02769925,0.0,0.009047,0.71643217,0.0,0.18972186,18050,6,0.09863995,2.121129
175,3,21018913,0.96225038,0.08430433,0.02378795,0.0,0.03305717,0.71815214,0.0,0.1406984,51747,6,0.08429799,2.1224376
175,4,21018914,0.96937832,0.06005686,0.0338917,0.0,0.01086726,0.7370306,0.0,0.15815358,8884,6,0.33784912,2.1253207
175,5,21018915,0.97771213,0.04508583,0.01670352,0.0,0.00608329,0.71047392,0.0,0.22165344,17621,6,0.10395072,2.125817
175,6,21018916,0.97648841,0.04349891,0.03721556,0.0,0.00593008,0.6653537,0.0,0.24800175,19973,7,0.13594495,2.1216196
175,7,21018917,0.96767708,0.06067802,0.03004483,0.0,0.01168997,0.82630234,0.0,0.07128484,20002,6,0.12952436,2.1211142
175,8,21018918,0.95624964,0.09397415,0.03175757,0.0,0.01371913,0.68147701,0.0,0.17907213,8868,6,0.06584244,2.121129
175,9,21018919,0.96575737,0.06658236,0.0511506,0.0,0.01119673,0.68255553,0.0,0.18851478,18989,6,0.1003596,2.1226011
175,10,21018920,0.98043894,0.03350642,0.03409782,0.0,0.00700208,0.5303663,0.0,0.39502737,19211,7,0.12423276,2.12631
176,1,21018941,0.98870088,0.00023615,0.0,2.196e-05,8.91e-06,0.99973123,1.69e-06,6e-08,34863,6,0.03985783,0.9884507
176,2,21018942,0.98864461,0.00021795,0.0,2.161e-05,7.85e-06,0.99974591,1.69e-06,4.98e-06,33593,6,0.05003644,0.9859824
176,3,21018943,0.98806171,0.00021537,0.0,2.152e-05,7.88e-06,0.9997509,1.69e-06,2.65e-06,32905,6,0.05357142,0.9909502
176,4,21018944,0.98804447,0.00019848,0.0,2.153e-05,6.65e-06,0.99977161,1.68e-06,4e-08,49113,6,0.03875426,0.9929602
176,5,21018945,0.98867333,0.0002066,0.0,2.165e-05,6.85e-06,0.9997631,1.68e-06,1.2e-07,35945,6,0.03655134,0.9909253
176,6,21018946,0.9884486,0.0002125,0.0,2.164e-05,6.84e-06,0.99975725,1.72e-06,4e-08,35897,6,0.03533179,0.9859824
176,7,21018947,0.98850949,0.00022566,0.0,2.169e-05,7.62e-06,0.99974317,1.73e-06,1.3e-07,33965,6,0.02802063,0.9909253
176,8,21018948,0.98872049,0.00022205,0.0,2.166e-05,7.16e-06,0.99974711,1.73e-06,2.9e-07,26765,6,0.03779362,0.9924482
176,9,21018949,0.98843774,0.00023022,0.0,2.156e-05,7.76e-06,0.99648196,1.69e-06,0.00325681,63561,6,0.03459704,0.9929362
176,10,21018950,0.98803631,0.00019973,0.0,2.136e-05,6.64e-06,0.99977049,1.65e-06,1.3e-07,44729,6,0.03522553,0.983499
177,1,21018971,0.97018477,0.06867555,0.14850092,0.00030799,0.03508281,0.588732,0.00766498,0.15103574,56205,6,0.08937385,1.8454967
177,2,21018972,0.97529819,0.05456843,0.0600753,0.00054058,0.01907125,0.70339468,0.0065395,0.15581027,9885,6,0.14838711,1.8461832
177,3,21018973,0.96809313,0.07479715,0.07647505,9e-08,0.02558465,0.62764452,0.00858739,0.18691116,14245,6,0.10589447,1.8442641
177,4,21018974,0.97589243,0.04846459,0.01686335,6e-08,0.0256169,0.57199568,0.00510613,0.33195328,12077,7,0.11933055,1.846181
177,5,21018975,0.97103639,0.05836182,0.08750541,7e-08,0.02847046,0.6150021,0.00739308,0.20326706,22173,6,0.1071678,1.8466799
177,6,21018976,0.96411761,0.08231028,0.10091819,0.0013471,0.03305896,0.62113208,0.00942028,0.15181311,15901,6,0.14125383,1.8466799
177,7,21018977,0.96513782,0.07707983,0.0904617,0.00053681,0.02966435,0.70616064,0.01195912,0.08413756,15893,6,0.16088369,1.8461832
177,8,21018978,0.97833172,0.05081051,0.07275182,5e-08,0.01534851,0.68466824,0.00755121,0.16886966,56981,6,0.20374119,1.8445129
177,9,21018979,0.95555657,0.09795846,0.06143878,3.33e-06,0.04152111,0.60832311,0.01538468,0.17537053,9885,6,0.10154549,1.8461832
177,10,21018980,0.98338165,0.03618232,0.04961238,2.015e-05,0.01409185,0.775015,0.00139719,0.1236811,14245,6,0.31917475,1.8442641
178,1,21019001,0.40230824,0.47412229,0.11829792,0.0,0.17378496,0.0,0.18763129,0.04616353,24199,7,0.0155416,0.9926606
178,2,21019002,0.40596203,0.45597351,0.10836363,0.0,0.17657916,0.0,0.19957804,0.05950566,19087,7,0.02430391,0.9937963
178,3,21019003,0.37388947,0.49113884,0.11049889,0.0,0.18831383,0.0,0.18937439,0.02067405,23183,7,0.01512211,0.9942887
178,4,21019004,0.45340147,0.42109725,0.10104735,0.0,0.16186761,0.0,0.1732661,0.14272169,19079,7,0.08149451,0.9928127
178,5,21019005,0.43255707,0.45425443,0.10848128,0.0,0.16934826,0.0,0.17328775,0.09462828,19079,7,0.04062695,0.9928127
178,6,21019006,0.39663878,0.47575154,0.11932253,0.0,0.18000683,0.0,0.17976547,0.04515362,19079,7,0.0145886,0.9928127
178,7,21019007,0.39357037,0.47299908,0.11033367,0.0,0.18183853,0.0,0.1855008,0.04932792,19087,7,0.02964358,0.9937963
178,8,21019008,0.39999421,0.46885855,0.11431523,0.0,0.18160239,0.0,0.18246642,0.05275741,24207,7,0.02766698,0.993397
178,9,21019009,0.46290855,0.42099197,0.09717993,0.0,0.16413799,0.0,0.16007414,0.15761596,23175,7,0.05942768,0.9935501
178,10,21019010,0.42210803,0.44508218,0.09809367,0.0,0.17291652,0.0,0.18688904,0.09701858,23175,7,0.04629487,0.9935501
179,1,21019031,0.99133657,0.00024433,0.0,6.42e-06,2.157e-05,0.70673548,0.0,0.2929922,61097,6,0.04696952,0.9922502
179,2,21019032,0.99142206,0.0002619,0.0,6.31e-06,2.562e-05,0.62811955,0.0,0.37158663,57625,6,0.04223341,0.9921929
179,3,21019033,0.99097148,0.00024987,0.0,6.41e-06,2.155e-05,0.68459584,0.0,0.31512633,24409,6,0.04255091,0.9941556
179,4,21019034,0.99152027,0.00027336,0.0,6.31e-06,3.086e-05,0.59407121,0.0,0.40561825,25663,6,0.02298429,0.9918477
179,5,21019035,0.99149877,0.00025359,0.0,6.3e-06,2.498e-05,0.68237226,0.0,0.31734288,15737,6,0.04579742,0.994148
179,6,21019036,0.99116775,0.00025495,0.0,6.3e-06,2.55e-05,0.63746802,0.0,0.36224523,36941,6,0.02846044,0.9921703
179,7,21019037,0.99113288,0.00024214,0.0,6.45e-06,2.294e-05,0.72403025,0.0,0.27569821,34105,6,0.04658164,0.992181
179,8,21019038,0.99145913,0.00025826,0.0,6.3e-06,2.486e-05,0.64827829,0.0,0.35143229,30585,6,0.0423384,0.9941671
179,9,21019039,0.99072785,0.00024934,0.0,6.36e-06,2.501e-05,0.66548878,0.0,0.33423051,22329,6,0.02648811,0.9836525
179,10,21019040,0.99104531,0.00025176,0.0,6.4e-06,2.073e-05,0.70542766,0.0,0.29429345,32633,6,0.03171423,0.9941595
180,1,21019061,0.99470246,0.01209544,0.00062016,0.0,2.508e-05,0.98725904,0.0,2.7e-07,44123,6,0.28579965,2.5586875
180,2,21019062,0.98650524,0.02860153,0.00461688,0.0,0.00152204,0.93315403,0.0,0.03210553,8940,6,0.1573334,2.5516437
180,3,21019063,0.98620407,0.03271199,0.00907693,0.0,0.00130848,0.9341777,0.0,0.0227249,13524,6,0.27372768,2.5574468
180,4,21019064,0.99573963,0.00027017,4.63e-06,0.0,1.096e-05,0.99971397,0.0,2.8e-07,19524,6,0.17041134,2.5516598
180,5,21019065,0.99236177,0.01394384,0.00491019,0.0,0.00153848,0.97960597,0.0,1.52e-06,13533,6,0.13447923,2.5581922
180,6,21019066,0.99562671,0.00026333,4.54e-06,0.0,1.316e-05,0.99971876,0.0,2.2e-07,19917,6,0.26157004,2.5541205
180,7,21019067,0.99580955,0.0002418,4.71e-06,0.0,7.58e-06,0.99974573,0.0,1.7e-07,9677,6,0.31390864,2.5576954
180,8,21019068,0.99552219,0.00026157,4.68e-06,0.0,9.92e-06,0.99972354,0.0,2.8e-07,19522,6,0.27634221,2.5516598
180,9,21019069,0.99642213,0.00027401,4.65e-06,0.0,1.101e-05,0.99971007,0.0,2.5e-07,44114,6,0.18480601,2.5573641
180,10,21019070,0.99366584,0.00793428,0.00217813,0.0,0.00026018,0.95469436,0.0,0.03493306,43555,6,0.18664338,2.5529662
181,1,21019091,0.94237656,0.01701369,0.0,0.05266015,0.00077096,0.92087622,0.00867894,5e-08,34505,6,0.0429612,0.9917295
181,2,21019092,0.96692897,0.00730175,0.0,0.02732886,0.00065141,0.9601952,0.00452241,3.8e-07,35465,6,0.06498697,0.9896616
181,3,21019093,0.89685577,0.0174886,0.0,0.1807355,0.00145726,0.79413839,0.00617932,9.2e-07,56136,2,0.09613717,0.6595171
181,4,21019094,0.94673963,0.01773606,0.0,0.03461151,0.00053913,0.92924725,0.01600311,0.00186293,24781,6,0.04009501,0.9932455
181,5,21019095,0.95134289,0.01589914,0.0,0.04922174,0.00059158,0.93187018,0.00241733,4e-08,36489,6,0.04544305,0.9875623
181,6,21019096,0.92324231,0.02104747,0.0,0.10748474,0.00126874,0.8652564,0.00494256,9e-08,37454,2,0.05831363,0.6610948
181,7,21019097,0.91648118,0.0142021,0.0,0.11970642,0.00050987,0.86278038,0.00280119,5e-08,33161,6,0.04926102,0.9875623
181,8,21019098,0.9701127,0.00963424,0.0,0.00383159,0.00152543,0.97540987,0.0095988,6e-08,6089,6,0.04593209,0.988538
181,9,21019099,0.94968914,0.01132405,0.0,0.04745725,0.00092416,0.93447137,0.00581989,3.27e-06,37145,6,0.04505327,0.9937543
181,10,21019100,0.94689164,0.01778744,0.0,0.04121461,0.00279193,0.93086338,0.0073426,4e-08,57481,6,0.04517156,0.9937488
182,1,21019121,0.99543191,0.01506999,0.0895859,0.0,0.00623152,0.05934189,0.0,0.8297707,7543,7,0.02259905,0.9993959
182,2,21019122,0.99495988,0.01840345,0.12035662,0.0,0.00720401,0.04124171,0.0,0.81279421,19327,7,0.02811095,0.9989737
182,3,21019123,0.99530517,0.01422135,0.08968614,0.0,0.00599891,0.05103684,0.0,0.83905677,21367,7,0.02293759,0.9977242
182,4,21019124,0.99530956,0.01604339,0.08681709,0.0,0.00623211,0.01956487,0.0,0.87134253,54647,7,0.02467972,0.9991181
182,5,21019125,0.99514599,0.01822471,0.07849101,0.0,0.00454393,0.06078856,0.0,0.83795179,63487,7,0.03143474,0.9996478
182,6,21019126,0.99591505,0.01355607,0.09410942,0.0,0.00377129,0.0680803,0.0,0.82048292,35967,7,0.01880076,0.9992941
182,7,21019127,0.99520518,0.01587142,0.11245194,0.0,0.00623985,0.02952218,0.0,0.83591461,57855,7,0.02589852,0.9992957
182,8,21019128,0.99546742,0.01351546,0.11434081,0.0,0.00935774,0.04702127,0.0,0.81576471,11391,7,0.03397445,0.9987978
182,9,21019129,0.99475073,0.01762971,0.12239637,0.0,0.00616131,0.08419208,0.0,0.76962053,18231,4,0.02071177,0.9959915
182,10,21019130,0.99504771,0.01690568,0.09306824,0.0,0.00707424,0.07633665,0.0,0.80661518,48255,7,0.03034426,0.999296
183,1,21019151,0.94941245,0.09359168,0.03815233,0.0,0.01983994,0.55231361,0.00444646,0.29165599,19204,7,0.06737254,1.6545424
183,2,21019152,0.96622059,0.05003448,0.010114,0.0,0.02097416,0.50174065,0.00357808,0.41355864,18946,7,0.13042418,1.6512759
183,3,21019153,0.95462633,0.06706512,0.01900311,0.0,0.02609878,0.52186479,0.00424371,0.36172449,18053,6,0.11999693,1.651774
183,4,21019154,0.9631739,0.0593944,0.01430669,0.0,0.01799604,0.43959554,0.00401774,0.46468959,57090,6,0.10512502,1.6555387
183,5,21019155,0.95653085,0.0605461,0.01892268,0.0,0.01884174,0.39241052,0.00461862,0.50466033,23298,7,0.09704984,1.6552871
183,6,21019156,0.95060233,0.07993601,0.02658966,0.0,0.02691701,0.53480391,0.00511106,0.32664236,18317,6,0.08098761,1.6555387
183,7,21019157,0.9613647,0.06412038,0.0175817,0.0,0.01936268,0.44988262,0.00168719,0.44736543,19234,6,0.08059855,1.6545457
183,8,21019158,0.94630353,0.09129727,0.02995104,0.0,0.02563527,0.35283843,0.00629463,0.49398335,19243,6,0.11526164,1.6555387
183,9,21019159,0.94282063,0.09481028,0.03776196,0.0,0.02578168,0.48167653,0.00628787,0.35368169,55812,6,0.16463554,1.6527518
183,10,21019160,0.93460476,0.10961499,0.03253778,0.0,0.03117417,0.40066132,0.00692571,0.41908603,24333,7,0.09814426,1.6560355
184,1,21019181,0.98896883,0.00020785,0.0,2.078e-05,1.927e-05,0.739564,0.0,0.2601881,36875,6,0.04295586,0.9909312
184,2,21019182,0.98860885,0.00020271,0.0,2.078e-05,1.867e-05,0.77659996,0.0,0.22315789,57753,6,0.03734623,0.9909299
184,3,21019183,0.98874514,0.00021939,0.0,2.083e-05,2.01e-05,0.75131251,0.0,0.24842716,37931,6,0.02646746,0.9909262
184,4,21019184,0.98832078,0.00021183,0.0,2.085e-05,1.824e-05,0.79828847,0.0,0.20146061,62329,6,0.02984376,0.9904018
184,5,21019185,0.98891896,0.00019913,0.0,2.088e-05,1.765e-05,0.72313113,0.0,0.27663121,22009,6,0.05430503,0.992909
184,6,21019186,0.98781548,0.00020998,0.0,2.086e-05,1.79e-05,0.79080958,0.0,0.20894168,6983,6,0.02625774,0.9876345
184,7,21019187,0.98855527,0.00020773,0.0,2.082e-05,1.963e-05,0.75398904,0.0,0.24576278,35865,6,0.02447689,0.9809044
184,8,21019188,0.9882973,0.0002085,0.0,2.086e-05,1.681e-05,0.78378074,0.0,0.21597309,43975,6,0.0362614,0.9895255
184,9,21019189,0.98879933,0.00022442,0.0,2.095e-05,2.179e-05,0.7215557,0.0,0.27817713,36681,6,0.02888303,0.9858977
184,10,21019190,0.98871516,0.00021588,0.0,2.089e-05,1.804e-05,0.73004863,0.0,0.26969655,61785,6,0.0309349,0.9929201
185,1,21019211,0.98785714,0.03582544,0.00764603,0.0,0.00536027,0.94360406,0.0,0.0075642,16019,6,0.08937963,2.3475992
185,2,21019212,0.99270147,0.01094532,0.00077082,0.0,4.954e-05,0.98823296,0.0,1.36e-06,11724,6,0.17919705,2.3458559
185,3,21019213,0.99320155,0.01039649,0.00609453,0.0,0.0012289,0.84105526,0.0,0.14122482,16291,6,0.12558923,2.3475934
185,4,21019214,0.97631956,0.08897379,0.03526135,0.0,0.00036437,0.83380681,0.0,0.04159369,19131,6,0.18056893,2.3473504
185,5,21019215,0.99035976,0.02336856,0.00713207,0.0,0.00208737,0.85920311,0.0,0.10820888,42893,6,0.16880508,2.3515075
185,6,21019216,0.96751895,0.10581213,0.00801051,0.0,0.00184478,0.87681251,0.0,0.00752007,15236,6,0.10432659,2.3470857
185,7,21019217,0.98272378,0.06725801,0.00127331,0.0,0.00138802,0.93007835,0.0,2.31e-06,46298,6,0.22101952,2.3508468
185,8,21019218,0.99490218,0.00617245,0.00227407,0.0,0.00021378,0.99133812,0.0,1.58e-06,48461,6,0.29113559,2.3515085
185,9,21019219,0.96187074,0.16655208,0.00499085,0.0,0.0031561,0.74116108,0.0,0.08413989,22779,6,0.25421019,2.3483455
185,10,21019220,0.9848462,0.0497889,0.03451362,0.0,0.00221585,0.82480087,0.0,0.08868074,19524,6,0.10825318,2.3448885
186,1,21019241,0.63418282,0.18973048,0.06731527,0.00136984,0.06076619,0.48883002,0.15753036,0.03445785,19591,6,0.02644803,0.9908006
186,2,21019242,0.66264305,0.15679113,0.03864995,0.00019628,0.05125226,0.54247613,0.16271635,0.04791791,22727,6,0.07479433,0.9915392
186,3,21019243,0.67404728,0.16419002,0.04362036,0.00019435,0.05159343,0.55926947,0.14856143,0.03257094,18567,6,0.04995231,0.9908053
186,4,21019244,0.66221394,0.16831002,0.05080015,0.0004878,0.05396553,0.53630875,0.15846588,0.03166187,24393,6,0.04852023,0.9932658
186,5,21019245,0.58939866,0.19471499,0.06172907,0.00097944,0.06699789,0.44946712,0.1978543,0.02825719,37129,6,0.02634041,0.9912982
186,6,21019246,0.70392141,0.14039308,0.03920642,2e-08,0.05517281,0.63522645,0.12926964,0.00073158,19599,6,0.03733818,0.9917861
186,7,21019247,0.63806063,0.17105854,0.05349202,0.00019569,0.05103544,0.53800614,0.17850101,0.00771116,34893,6,0.02534864,0.9936153
186,8,21019248,0.61422016,0.173413,0.05245912,0.0012172,0.05864251,0.52013835,0.19412958,2.4e-07,23111,6,0.04091376,0.9892148
186,9,21019249,0.64260292,0.17443152,0.0567748,5e-08,0.06347459,0.52124203,0.16753943,0.01653759,33103,6,0.03559304,0.9889733
186,10,21019250,0.59345646,0.19431864,0.05034984,0.00035835,0.06948969,0.48226146,0.19154002,0.01168202,36873,6,0.03060087,0.9936375
187,1,21019271,0.99152891,0.00423544,0.02755321,0.0,0.00020008,0.45178988,0.0,0.51622138,15319,7,0.02316423,0.9970425
187,2,21019272,0.99248469,0.0041577,0.01850428,0.0,0.00044155,0.36329116,0.0,0.61360531,51039,7,0.02726861,0.9972892
187,3,21019273,0.99275378,0.00285161,0.01979749,0.0,0.0002509,0.49011441,0.0,0.48698558,9655,6,0.03232363,0.9967886
187,4,21019274,0.99252091,0.00256138,0.02862615,0.0,0.00011084,0.42546056,0.0,0.54324108,18423,7,0.02064834,0.996798
187,5,21019275,0.99222926,0.00340296,0.03196915,0.0,0.0007505,0.43673314,0.0,0.52714424,52599,7,0.02410216,0.996961
187,6,21019276,0.99223548,0.00294233,0.01882279,0.0,0.00014228,0.46201438,0.0,0.51607822,57279,7,0.01845442,0.9959526
187,7,21019277,0.99260813,0.00314502,0.00835215,0.0,0.00022056,0.45391116,0.0,0.5343711,59255,7,0.02432605,0.9963026
187,8,21019278,0.99161182,0.00483518,0.02367035,0.0,0.00046902,0.50762818,0.0,0.46339726,40351,6,0.02979095,0.997287
187,9,21019279,0.99231093,0.0037665,0.01672938,0.0,0.00057176,0.42052921,0.0,0.55840316,56247,7,0.02614107,0.9943611
187,10,21019280,0.99303541,0.00220075,0.02459283,0.0,9.509e-05,0.48527034,0.0,0.48784099,27479,7,0.02028205,0.9957983
188,1,21019301,0.98559347,0.02853171,0.02215659,0.0,0.00236748,0.91119759,0.0,0.03574663,8884,6,0.16080728,2.4487354
188,2,21019302,0.94225558,0.14674995,0.01155295,0.0,0.00150125,0.80403455,0.0,0.03616131,19909,6,0.15327957,2.4458682
188,3,21019303,0.98731645,0.0256661,0.00419524,0.0,0.00131705,0.92525849,0.0,0.04356313,19780,6,0.13678038,2.4487354
188,4,21019304,0.97754289,0.05152115,0.00660716,0.0,0.00258908,0.9017858,0.0,0.03749682,8884,6,0.24063488,2.4487354
188,5,21019305,0.97840562,0.04002114,0.00170152,0.0,0.0032886,0.84323963,0.0,0.11174911,15427,6,0.18049321,2.4451309
188,6,21019306,0.99117628,0.01141743,0.02790804,0.0,0.00197649,0.92750385,0.0,0.03119418,17612,6,0.22138998,2.4439077
188,7,21019307,0.95871196,0.11182376,0.0436951,0.0,0.00293177,0.84154737,0.0,2e-06,15107,6,0.14091008,2.4497238
188,8,21019308,0.9838937,0.02998175,0.00821397,0.0,0.00245422,0.82320691,0.0,0.13614315,10756,6,0.06574863,2.4438961
188,9,21019309,0.99104838,0.01660951,0.00156867,0.0,0.00107119,0.90979806,0.0,0.07095257,48197,6,0.14451384,2.4456218
188,10,21019310,0.9871042,0.02645264,0.01991511,0.0,0.00189433,0.89266506,0.0,0.05907285,56389,6,0.25299367,2.4456218
189,1,21019331,0.98808316,0.00022134,0.0,2.292e-05,7.77e-06,0.99974523,1.8e-06,9.5e-07,31161,6,0.05145444,0.9904154
189,2,21019332,0.98859613,0.00023547,0.0,2.305e-05,8.51e-06,0.99973067,1.77e-06,5.4e-07,60855,6,0.03487949,0.993928
189,3,21019333,0.65855125,0.00014171,0.0,0.99983811,4.82e-06,1.334e-05,2e-06,1e-08,30728,2,0.08160414,0.6600196
189,4,21019334,0.98827058,0.00023732,0.0,2.346e-05,8.14e-06,0.99972917,1.83e-06,7e-08,57177,6,0.03535359,0.9929198
189,5,21019335,0.98922434,0.00023767,0.0,2.335e-05,8.37e-06,0.99972867,1.86e-06,7e-08,36235,6,0.04680957,0.9858794
189,6,21019336,0.9881497,0.00021282,0.0,2.267e-05,7.34e-06,0.99975513,1.76e-06,2.8e-07,44985,6,0.03067533,0.9884265
189,7,21019337,0.98870722,0.00022328,0.0,2.269e-05,7.35e-06,0.9997448,1.81e-06,7e-08,2015,6,0.02245117,0.9944139
189,8,21019338,0.98871532,0.00022697,0.0,2.298e-05,8.37e-06,0.99973946,1.85e-06,3.8e-07,35421,6,0.03244775,0.9858544
189,9,21019339,0.9884032,0.00022307,0.0,2.282e-05,8.33e-06,0.99974376,1.78e-06,2.4e-07,44473,6,0.06174678,0.9909409
189,10,21019340,0.98776335,0.00024252,0.0,2.304e-05,8.99e-06,0.99972251,1.79e-06,1.15e-06,33487,6,0.02471908,0.9909239
190,1,21019361,0.94809326,0.08697695,0.09432466,9e-08,0.09273532,0.17818953,0.02765714,0.52011631,24101,6,0.11278956,1.5398959
190,2,21019362,0.92232593,0.13653596,0.0973768,0.00086284,0.15573038,0.08645535,0.03463586,0.48840281,24485,7,0.09879668,1.5413866
190,3,21019363,0.93685207,0.11647764,0.1315808,2.17e-05,0.10217674,0.14261965,0.03328032,0.47384313,24325,7,0.12306885,1.5427083
190,4,21019364,0.90896414,0.1824102,0.19616617,0.0012513,0.16928947,0.04638356,0.04733956,0.35715975,11789,7,0.0534495,1.5401501
190,5,21019365,0.91639811,0.13078702,0.2174901,0.00159431,0.1666724,0.07559217,0.05045984,0.35740415,16301,7,0.06913357,1.542131
190,6,21019366,0.92119504,0.13693957,0.17874598,1.1e-07,0.14714222,0.08527513,0.04140042,0.41049658,52749,7,0.05262936,1.5416276
190,7,21019367,0.9210339,0.13033637,0.0964263,0.00309877,0.13356267,0.20706156,0.05287323,0.37664111,24485,7,0.08404331,1.5413866
190,8,21019368,0.94723496,0.08484572,0.13130663,0.0011783,0.09663622,0.07161265,0.03072277,0.5836977,20269,7,0.1559142,1.5427068
190,9,21019369,0.93735453,0.12498706,0.11494871,0.00275529,0.09462839,0.12797898,0.03397306,0.5007285,16301,7,0.14386773,1.542131
190,10,21019370,0.92244991,0.1408119,0.10460656,0.00014398,0.12963376,0.08690961,0.04479554,0.49309864,16269,7,0.0700483,1.5421332
191,1,21019391,0.73811336,0.31642022,0.05726677,0.0,0.16429202,0.0,0.06570384,0.39631715,23052,7,0.0552726,1.003157
191,2,21019392,0.79651989,0.26665648,0.04410425,0.0,0.14010292,0.0,0.04346558,0.50567077,19980,7,0.04254906,1.0018478
191,3,21019393,0.74341032,0.31625921,0.0512349,0.0,0.1824373,0.0,0.06266137,0.38740723,19972,7,0.03423362,1.0018458
191,4,21019394,0.78790135,0.26089462,0.04447898,0.0,0.21279472,0.0,0.04491789,0.4369138,18954,7,0.0420199,1.0018438
191,5,21019395,0.79036626,0.26245578,0.0396365,0.0,0.17373262,0.0,0.04897486,0.47520023,19210,7,0.05638469,1.0038246
191,6,21019396,0.80376726,0.2520012,0.04105878,0.0,0.14296116,0.0,0.04444141,0.51953745,18946,7,0.05807235,1.0018419
191,7,21019397,0.78746479,0.25838398,0.04221573,0.0,0.18226636,0.0,0.04855394,0.46857999,19340,7,0.04423089,1.002823
191,8,21019398,0.78524424,0.2652027,0.03650699,0.0,0.20881893,0.0,0.05063665,0.43883473,18947,7,0.05314418,1.0023347
191,9,21019399,0.7672052,0.29294196,0.04907566,0.0,0.17983782,0.0,0.05437995,0.42376462,23042,7,0.04306226,1.0028275
191,10,21019400,0.78497907,0.27914837,0.04657877,0.0,0.2186899,0.0,0.04647708,0.40910588,19210,7,0.0444157,1.0038246
192,1,21019421,0.98919182,0.00022156,0.0,1.53e-05,2.079e-05,0.71592945,0.0,0.2838129,46841,6,0.04404113,0.9888251
192,2,21019422,0.98933204,0.00020716,0.0,1.537e-05,1.835e-05,0.79286057,0.0,0.20689855,50681,6,0.03578635,0.9913924
192,3,21019423,0.99054342,0.00023152,0.0,1.512e-05,2.33e-05,0.6667767,0.0,0.33295337,8025,6,0.03677789,0.9933836
192,4,21019424,0.98894075,0.00022234,0.0,1.528e-05,2.144e-05,0.6765547,0.0,0.32318625,51673,6,0.04219202,0.9913975
192,5,21019425,0.98964091,0.00019964,0.0,1.536e-05,1.724e-05,0.87244777,0.0,0.12731999,33913,6,0.05582095,0.9868666
192,6,21019426,0.98995843,0.00022711,0.0,1.525e-05,2.028e-05,0.67713228,0.0,0.32260508,61305,6,0.05330794,0.991397
192,7,21019427,0.98938938,0.00022639,0.0,1.539e-05,2.238e-05,0.74106946,0.0,0.25866638,55769,6,0.03114608,0.9933845
192,8,21019428,0.99056709,0.00021368,0.0,1.537e-05,1.949e-05,0.73945874,0.0,0.26029272,60825,6,0.06860368,0.9914146
192,9,21019429,0.99044735,0.00022313,0.0,1.534e-05,2.028e-05,0.77524735,0.0,0.2244939,40921,6,0.05808704,0.9933977
192,10,21019430,0.98993952,0.00022276,0.0,1.54e-05,2.054e-05,0.72678434,0.0,0.27295697,31371,6,0.02465514,0.9910938
193,1,21019451,0.99554525,0.00060593,0.38804157,0.0,1.876e-05,0.59775272,0.0,0.01358102,47212,4,0.19873228,2.6502102
193,2,21019452,0.99539007,0.00061785,0.25747849,0.0,2.605e-05,0.70203308,0.0,0.03984452,8356,6,0.10155762,2.6482397
193,3,21019453,0.99425763,0.00068087,0.99928579,0.0,2.903e-05,4.17e-06,0.0,1.3e-07,8866,4,0.99926283,2.6482502
193,4,21019454,0.99577099,0.00050409,0.13555097,0.0,2.065e-05,0.80705155,0.0,0.05687274,8444,6,0.37179043,2.6534846
193,5,21019455,0.99503421,0.00089876,0.82822201,0.0,3.965e-05,0.17083931,0.0,2.6e-07,55402,4,0.2070943,2.6502102
193,6,21019456,0.99456527,0.00059507,0.7656494,0.0,2.119e-05,0.13850563,0.0,0.09522872,8418,4,0.74197427,2.6482502
193,7,21019457,0.99576249,0.00042705,0.25701824,0.0,1.667e-05,0.72125319,0.0,0.02128484,42643,6,0.2289858,2.6544766
193,8,21019458,0.99549789,0.00066912,0.43373073,0.0,2.65e-05,0.43345209,0.0,0.13212156,17325,4,0.15429525,2.6544766
193,9,21019459,0.99492568,0.00081485,0.99802913,0.0,2.155e-05,0.00113427,0.0,2e-07,47211,4,0.32190533,2.6511911
193,10,21019460,0.99522893,0.00061599,0.34369887,0.0,2.763e-05,0.61308486,0.0,0.04257264,8874,4,0.17943367,2.6482522
194,1,21019481,0.79814836,0.04753694,0.00720239,0.14303288,0.01066764,0.72170421,0.06985591,2e-08,22921,6,0.06303543,0.9838821
194,2,21019482,0.83241266,0.05217099,0.00874622,0.06935047,0.00570821,0.79407239,0.06995164,7e-08,32841,6,0.05512245,0.9922494
194,3,21019483,0.80715341,0.07448433,0.00962407,0.0811665,0.01117279,0.74136461,0.0766811,0.00550661,36975,6,0.03165679,0.988535
194,4,21019484,0.82626854,0.05241931,0.01101154,0.10011896,0.0132238,0.73918877,0.06859423,0.01544339,39193,6,0.04488847,0.9942327
194,5,21019485,0.85393639,0.04778745,0.00801485,0.07331322,0.00832742,0.80623227,0.05632475,4e-08,37131,6,0.04452979,0.9885385
194,6,21019486,0.84296426,0.04974485,0.00730947,0.0806241,0.01197436,0.78294808,0.06132986,0.00606928,32843,6,0.07028033,0.9922494
194,7,21019487,0.83347579,0.05416941,0.01264278,0.06170989,0.01312222,0.77856796,0.07221854,0.00756919,36943,6,0.09542134,0.9922504
194,8,21019488,0.83743537,0.05032351,0.00745015,0.11662199,0.0124058,0.75869184,0.04165714,0.01284956,4537,6,0.08584556,0.9746241
194,9,21019489,0.80350461,0.05498069,0.00831984,0.11741946,0.00872657,0.72094796,0.07594614,0.01365934,33485,6,0.04686996,0.9922345
194,10,21019490,0.84187512,0.0606701,0.01169492,0.0504038,0.0124954,0.80340936,0.06132045,5.96e-06,37449,6,0.0865851,0.9922561
195,1,21019511,0.99338035,0.00986397,0.06094199,0.0,0.0016212,0.24309617,0.0,0.68447667,49111,7,0.0210478,0.9984826
195,2,21019512,0.99305544,0.01017024,0.06493122,0.0,0.00171221,0.24374365,0.0,0.67944268,43887,6,0.02020259,0.9968419
195,3,21019513,0.99409601,0.00801696,0.03803054,0.0,0.00268893,0.1818131,0.0,0.76945046,64511,7,0.02992211,0.9981026
195,4,21019514,0.99347563,0.00964876,0.07283935,0.0,0.00193566,0.2053517,0.0,0.71022452,38911,7,0.0180253,0.9987327
195,5,21019515,0.99507627,0.00502132,0.04469093,0.0,0.0011304,0.24522573,0.0,0.70393162,18303,7,0.02911388,0.9975267
195,6,21019516,0.99381935,0.00811598,0.07469504,0.0,0.00178024,0.22187939,0.0,0.69352935,15351,7,0.01796566,0.9978523
195,7,21019517,0.99480514,0.00668515,0.05035664,0.0,0.0006383,0.25661634,0.0,0.68570356,24055,7,0.02286887,0.9984825
195,8,21019518,0.99437099,0.00685145,0.04819461,0.0,0.00082868,0.23993154,0.0,0.70419372,59327,7,0.01967731,0.9981016
195,9,21019519,0.99490371,0.00520584,0.04802966,0.0,0.00128532,0.2593333,0.0,0.68614588,17783,7,0.02148603,0.9969211
195,10,21019520,0.99444763,0.00651796,0.09125761,0.0,0.00153582,0.20222604,0.0,0.69846257,30575,7,0.02424825,0.9974745
196,1,21019541,0.97151661,0.04713397,0.03238451,0.0,0.01183115,0.73975599,0.0,0.16889438,22149,6,0.1696706,2.0815841
196,2,21019542,0.97648039,0.05158475,0.00818397,0.0,0.0077327,0.7929224,0.0,0.13957618,23074,6,0.09535257,2.0813381
196,3,21019543,0.96002148,0.07400613,0.03435866,0.0,0.01586966,0.66872401,0.0,0.20704154,20003,6,0.09648035,2.0808344
196,4,21019544,0.97138979,0.05911185,0.01859486,0.0,0.01628702,0.58959274,0.0,0.31641353,55810,6,0.13210103,2.0818223
196,5,21019545,0.94104807,0.11852085,0.0213055,0.0,0.02468945,0.55576315,0.0,0.27972104,20003,6,0.06773811,2.0808344
196,6,21019546,0.97208994,0.0575373,0.052928,0.0,0.01138355,0.65149488,0.0,0.22665627,24099,6,0.0850803,2.0815716
196,7,21019547,0.96139519,0.0746719,0.02493221,0.0,0.0184474,0.68307317,0.0,0.19887533,20355,7,0.06869875,2.0823224
196,8,21019548,0.96909038,0.06329732,0.01336295,0.0,0.01088931,0.69387071,0.0,0.21857971,55844,6,0.08209834,2.0818295
196,9,21019549,0.96831054,0.0588863,0.00777416,0.0,0.0119426,0.64721292,0.0,0.27418401,20267,6,0.10680096,2.0854587
196,10,21019550,0.95138509,0.09579565,0.0052648,0.0,0.01149612,0.73796603,0.0,0.14947739,22149,6,0.08177429,2.0815841
197,1,21019571,0.98763753,0.00021046,0.0,2.273e-05,7.18e-06,0.99975311,1.63e-06,4.89e-06,37487,6,0.02282272,0.9878827
197,2,21019572,0.98774866,0.00020081,0.0,2.282e-05,7.1e-06,0.99976757,1.65e-06,4e-08,62297,6,0.04050546,0.9925691
197,3,21019573,0.98822148,0.00021416,0.0,2.275e-05,7.78e-06,0.99975357,1.61e-06,1.3e-07,33487,6,0.03438596,0.9905566
197,4,21019574,0.98833791,0.00021615,0.0,2.274e-05,7.26e-06,0.99975216,1.64e-06,5e-08,13561,6,0.03504245,0.9871564
197,5,21019575,0.98905685,0.00023423,0.0,2.296e-05,8.64e-06,0.99973228,1.64e-06,2.5e-07,37519,6,0.02966103,0.9878573
197,6,21019576,0.98803797,0.00021002,0.0,2.258e-05,6.87e-06,0.99975862,1.66e-06,2.4e-07,34957,6,0.04227656,0.9905526
197,7,21019577,0.98906915,0.00023166,0.0,2.295e-05,7.9e-06,0.99973529,1.64e-06,5.6e-07,40441,6,0.02942221,0.9925637
197,8,21019578,0.98801695,0.00021631,0.0,2.287e-05,7.32e-06,0.99942717,1.65e-06,0.00032467,59053,6,0.03217161,0.9898248
197,9,21019579,0.98850667,0.00022602,0.0,2.275e-05,7.47e-06,0.99974208,1.66e-06,4e-08,61401,6,0.04571196,0.9905767
197,10,21019580,0.98827223,0.00022762,0.0,2.282e-05,8.89e-06,0.99973873,1.63e-06,3.1e-07,36073,6,0.02833974,0.9905688
198,1,21019601,0.97677285,0.07853163,0.01092536,0.0,0.00875609,0.65825935,0.0,0.24352757,15693,6,0.08263284,2.1798213
198,2,21019602,0.98596821,0.03358188,0.02604448,0.0,0.0085682,0.83160664,0.0,0.10019881,21179,6,0.13366896,2.1798213
198,3,21019603,0.97647111,0.06389452,0.08367534,0.0,0.01039026,0.79942403,0.0,0.04261586,42645,6,0.13490159,2.1793246
198,4,21019604,0.9825695,0.04817053,0.00710231,0.0,0.00639376,0.88606745,0.0,0.05226594,44125,6,0.18461636,2.1803166
198,5,21019605,0.96236935,0.11608054,0.00809325,0.0,0.00972986,0.7830064,0.0,0.08308996,52757,6,0.14456922,2.1793246
198,6,21019606,0.97655507,0.06602948,0.01064796,0.0,0.01062636,0.74771677,0.0,0.16497943,52773,6,0.05850663,2.1753304
198,7,21019607,0.9770182,0.06342512,0.05230496,0.0,0.01954333,0.74703462,0.0,0.11769196,48013,6,0.07773982,2.1779784
198,8,21019608,0.98005045,0.05533482,0.02707194,0.0,0.00811243,0.82587622,0.0,0.08360459,21965,6,0.12657705,2.1798213
198,9,21019609,0.97506515,0.074094,0.00979094,0.0,0.01406999,0.78814905,0.0,0.11389602,52437,6,0.07148056,2.1766637
198,10,21019610,0.98317129,0.04407209,0.0103735,0.0,0.01144832,0.82193678,0.0,0.11216931,14252,6,0.13509919,2.1766637
199,1,21019631,0.42082719,0.39599451,0.07313619,0.0,0.1389747,0.12723722,0.17861494,0.08604245,23175,7,0.03734798,0.9917944
199,2,21019632,0.39774773,0.40375921,0.07898422,0.0,0.14529688,0.10547487,0.18804294,0.07844187,20103,7,0.04792012,0.9895931
199,3,21019633,0.37521984,0.39752079,0.07796759,0.0,0.15709322,0.0838572,0.20956821,0.073993,20111,7,0.02636951,0.9905722
199,4,21019634,0.35031453,0.42917644,0.07803587,0.0,0.15876241,0.05870997,0.20782038,0.06749494,23175,7,0.0357988,0.9917944
199,5,21019635,0.36246804,0.42079621,0.07746494,0.0,0.14924106,0.11589725,0.21206962,0.02453093,22927,6,0.01780639,0.9925331
199,6,21019636,0.37534501,0.42703751,0.08024818,0.0,0.14415652,0.11443704,0.20289736,0.0312234,22919,6,0.01789876,0.9917956
199,7,21019637,0.39825291,0.38809401,0.07694059,0.0,0.14420307,0.08318911,0.20010756,0.10746566,23175,7,0.04344577,0.9917944
199,8,21019638,0.40419316,0.41186981,0.08351055,0.0,0.14449072,0.11666477,0.18131489,0.06214926,19079,7,0.02929096,0.9910576
199,9,21019639,0.40738028,0.38536349,0.07512676,0.0,0.14066414,0.13627316,0.19655404,0.06601842,23183,7,0.03480565,0.9925323
199,10,21019640,0.37133283,0.40315842,0.0731154,0.0,0.15378027,0.12307653,0.20838141,0.03848797,18567,6,0.02384006,0.9925308
200,1,21019661,0.99239804,0.00029361,0.0,9.8e-07,2.949e-05,0.62132167,0.0,0.37835426,11239,6,0.02034099,0.9904424
200,2,21019662,0.99139555,0.00027318,0.0,9.9e-07,2.707e-05,0.63781027,0.0,0.36188848,48265,6,0.02490572,0.9887839
200,3,21019663,0.99159141,0.00028958,0.0,9.7e-07,2.936e-05,0.52851336,0.0,0.47116673,29929,6,0.01875798,0.9943542
200,4,21019664,0.99204005,0.00026874,0.0,1.04e-06,2.787e-05,0.58837962,0.0,0.41132274,46519,6,0.02744113,0.9961001
200,5,21019665,0.9909307,0.00027915,0.0,1.01e-06,2.735e-05,0.68559253,0.0,0.31409996,24681,6,0.01922968,0.989272
200,6,21019666,0.99130545,0.00043102,0.0,1.01e-06,2.653e-05,0.70857032,0.0,0.29097112,13503,6,0.03405905,0.9927297
200,7,21019667,0.99169038,0.00028107,0.0,9.8e-07,3.046e-05,0.55156537,0.0,0.44812212,45047,7,0.02615191,0.9960279
200,8,21019668,0.99171253,0.00027081,0.0,1.02e-06,2.693e-05,0.62295583,0.0,0.37674541,18879,6,0.0318971,0.9940423
200,9,21019669,0.9923684,0.00027633,0.0,9.9e-07,2.754e-05,0.5254111,0.0,0.47428404,35881,6,0.03624197,0.9923606
200,10,21019670,0.99190075,0.00028051,0.0,1.01e-06,2.762e-05,0.56213709,0.0,0.43755377,33933,6,0.02245515,0.9923426
201,1,21019691,0.99431062,0.00489008,0.00063823,0.0,1.544e-05,0.95950111,0.0,0.03495513,24004,6,0.13622305,2.7009395
201,2,21019692,0.98982544,0.01988273,0.00275325,0.0,0.00167081,0.97568745,0.0,5.76e-06,19789,6,0.15051155,2.7050558
201,3,21019693,0.99030944,0.01891738,0.09031842,0.0,0.0006409,0.88557874,0.0,0.00454456,9435,6,0.18275978,2.7050558
201,4,21019694,0.98935663,0.02115132,0.01196348,0.0,0.00024934,0.96663257,0.0,3.3e-06,20116,6,0.12741825,2.6996917
201,5,21019695,0.99441565,0.006826,0.00097264,0.0,0.00024678,0.99195375,0.0,8.2e-07,52557,6,0.1515007,2.7060478
201,6,21019696,0.99297694,0.00783112,0.00284703,0.0,7.626e-05,0.98923989,0.0,5.7e-06,8876,6,0.267206,2.6987315
201,7,21019697,0.99257103,0.00883348,0.00279686,0.0,0.00024524,0.86415653,0.0,0.12396789,10795,6,0.13225528,2.7001983
201,8,21019698,0.9889759,0.02092259,0.01685789,0.0,0.00084724,0.88833663,0.0,0.07303565,15691,6,0.15087528,2.7055525
201,9,21019699,0.99420552,0.00686817,0.00100381,0.0,0.00050345,0.94839268,0.0,0.04323189,8948,6,0.22247471,2.7040584
201,10,21019700,0.98352106,0.03894982,0.00240733,0.0,1.222e-05,0.95863042,0.0,2.2e-07,15436,6,0.21364233,2.7000352
202,1,21019721,0.98820976,0.00024657,0.0,1.987e-05,8.29e-06,0.99972309,2.16e-06,2e-08,35401,6,0.03553381,0.991107
202,2,21019722,0.98828332,0.00022048,0.0,1.856e-05,7.33e-06,0.99975117,2.08e-06,3.8e-07,57935,6,0.03527686,0.9931183
202,3,21019723,0.98924139,0.00023977,0.0,1.986e-05,7.85e-06,0.9997302,2.21e-06,1.1e-07,28875,6,0.04213827,0.9931017
202,4,21019724,0.98815824,0.00021222,0.0,1.889e-05,6.8e-06,0.99975995,2.12e-06,2e-08,31577,6,0.05079115,0.9931106
202,5,21019725,0.98858768,0.00026174,0.0,1.977e-05,8.7e-06,0.99970743,2.22e-06,1.3e-07,23695,6,0.02689886,0.9872762
202,6,21019726,0.98240026,0.00025002,0.0,0.00782828,8.72e-06,0.9919107,2.22e-06,7e-08,63497,6,0.02731617,0.9931076
202,7,21019727,0.98364502,0.0002469,0.0,0.01171857,7.32e-06,0.98802462,2.25e-06,3.4e-07,33081,6,0.10029434,0.9887102
202,8,21019728,0.98761405,0.00021138,0.0,1.811e-05,6.34e-06,0.99976205,2.1e-06,2e-08,36909,6,0.06357289,0.9886996
202,9,21019729,0.96886678,0.00104321,0.0,0.04994877,6.414e-05,0.94875883,0.00018481,2.4e-07,57945,6,0.03730205,0.9882772
202,10,21019730,0.98658285,0.00237729,0.0,1.931e-05,7.31e-06,0.9973785,0.0002174,2e-07,8089,6,0.05587916,0.9872819
203,1,21019751,0.94320394,0.0951318,0.01823141,0.00446872,0.29400873,0.0,0.14585494,0.44230439,53157,7,0.05311694,1.1471798
203,2,21019752,0.93206383,0.12089992,0.0202106,0.00498898,0.42163303,0.0,0.14116078,0.29110669,20389,7,0.05401223,1.1465182
203,3,21019753,0.94767739,0.09789731,0.01886462,0.00509409,0.26599229,0.0,0.13327113,0.47888056,53125,7,0.14163912,1.147181
203,4,21019754,0.96771775,0.06823829,0.00928991,0.00141406,0.17089446,0.0,0.06990486,0.68025842,53029,7,0.08596159,1.1478014
203,5,21019755,0.94152658,0.08862303,0.0226616,0.00646585,0.35567013,0.0,0.142367,0.38421239,49069,7,0.10042271,1.148501
203,6,21019756,0.95328013,0.08627463,0.01390902,0.00394224,0.240102,0.0,0.12070718,0.53506494,44813,7,0.12460452,1.148794
203,7,21019757,0.94248091,0.10176729,0.01682944,0.00512941,0.37080079,0.0,0.12337619,0.38209688,44973,7,0.06013307,1.148499
203,8,21019758,0.94198042,0.12759419,0.02024981,0.00077176,0.34799534,0.0,0.12276381,0.3806251,15917,7,0.09769933,1.1465146
203,9,21019759,0.94140547,0.09961409,0.01986111,0.00466629,0.36601125,0.0,0.13265361,0.37719365,16293,7,0.05503941,1.1472627
203,10,21019760,0.94997142,0.07588218,0.03098807,0.00192898,0.29251373,0.0,0.11871494,0.4799721,56877,7,0.09161001,1.1475026
204,1,21019781,0.91223338,0.11518198,0.03182774,0.0,0.03680338,0.20189997,0.01714691,0.59714002,19970,7,0.08128057,1.4915929
204,2,21019782,0.92631506,0.10901341,0.03199919,0.0,0.03697059,0.19231408,0.00969475,0.62000799,18946,7,0.07155241,1.491587
204,3,21019783,0.93730164,0.09262178,0.0308802,0.0,0.04090756,0.1781335,0.00776569,0.64969127,20227,7,0.07872433,1.4950368
204,4,21019784,0.91067043,0.12313274,0.02308473,0.0,0.04630308,0.13391206,0.01268075,0.66088664,18946,7,0.14039012,1.491587
204,5,21019785,0.91181636,0.12446142,0.02727517,0.0,0.04750345,0.28603707,0.0134354,0.50128748,19332,7,0.06977599,1.4925594
204,6,21019786,0.90431187,0.12771171,0.02709679,0.0,0.04874995,0.30548172,0.01874057,0.47221925,24330,7,0.08105644,1.4955336
204,7,21019787,0.9040958,0.14017744,0.0261933,0.0,0.05138087,0.3183707,0.0135039,0.45037378,18981,6,0.07724759,1.4920847
204,8,21019788,0.900281,0.14210762,0.02806077,0.0,0.04579512,0.08875785,0.01235403,0.68292461,18956,7,0.15506798,1.491589
204,9,21019789,0.93747767,0.09126385,0.02643892,0.0,0.03261965,0.20329987,0.00859876,0.63777895,23044,7,0.20093065,1.4925707
204,10,21019790,0.91483361,0.11191532,0.01908069,0.0,0.04388689,0.18790608,0.01636862,0.62084241,23051,7,0.08753246,1.4935568
205,1,21019811,0.98894686,0.00021882,0.0,1.925e-05,2.11e-05,0.75238584,0.0,0.24735499,59351,6,0.03841534,0.9943902
205,2,21019812,0.98951203,0.00022269,0.0,1.939e-05,2.079e-05,0.69542363,0.0,0.3043135,40523,6,0.04228596,0.9906914
205,3,21019813,0.98844336,0.00021903,0.0,1.936e-05,2.287e-05,0.64887559,0.0,0.35086315,40793,6,0.02785598,0.9927271
205,4,21019814,0.98856627,0.00019726,0.0,1.946e-05,1.619e-05,0.82289588,0.0,0.1768712,52185,6,0.06100713,0.9907485
205,5,21019815,0.98866681,0.0002206,0.0,1.934e-05,2.22e-05,0.64953724,0.0,0.35020062,29751,6,0.02161361,0.9870389
205,6,21019816,0.98919881,0.00021886,0.0,1.923e-05,2.18e-05,0.68265696,0.0,0.31708315,32973,6,0.03304238,0.9907216
205,7,21019817,0.98892781,0.00022017,0.0,1.93e-05,2.195e-05,0.67204977,0.0,0.3276888,18567,6,0.02772787,0.985058
205,8,21019818,0.98845554,0.0002075,0.0,1.931e-05,1.87e-05,0.70734948,0.0,0.29240502,60361,6,0.05475836,0.985564
205,9,21019819,0.98846279,0.00020849,0.0,1.948e-05,1.844e-05,0.74329978,0.0,0.25645381,34633,6,0.03352637,0.9855549
205,10,21019820,0.98852861,0.0002062,0.0,1.922e-05,1.99e-05,0.71855293,0.0,0.28120175,40297,6,0.05051919,0.982324
206,1,21019841,0.98267298,0.06631446,0.0491248,0.0,3.087e-05,0.84837612,0.0,0.03615375,51387,6,0.37360185,2.6434509
206,2,21019842,0.99591884,0.00026513,4.5e-06,0.0,1.192e-05,0.99971816,0.0,2.9e-07,11485,6,0.15241255,2.6419735
206,3,21019843,0.99077448,0.02811998,0.11845572,0.0,7.827e-05,0.85334463,0.0,1.39e-06,19987,6,0.15889845,2.6452258
206,4,21019844,0.9821039,0.0688538,0.04067166,0.0,0.00032553,0.66330152,0.0,0.22684749,20261,7,0.07538532,2.645222
206,5,21019845,0.99608073,0.00025563,4.83e-06,0.0,1.461e-05,0.99972467,0.0,2.6e-07,19533,6,0.16669283,2.6409824
206,6,21019846,0.98700094,0.04795283,0.09465369,0.0,0.0005955,0.81336759,0.0,0.04343038,48931,6,0.1673049,2.6459676
206,7,21019847,0.98899763,0.03413239,0.06621759,0.0,0.00108027,0.79424852,0.0,0.10432122,51387,6,0.12855339,2.6434509
206,8,21019848,0.98161399,0.07270218,0.13630565,0.0,0.00081876,0.78138392,0.0,0.00878949,42650,6,0.12027947,2.6457226
206,9,21019849,0.99545699,0.00113088,0.06635776,0.0,3.653e-05,0.92008721,0.0,0.01238761,56979,6,0.22537081,2.6424723
206,10,21019850,0.99562601,0.00025904,4.64e-06,0.0,1.347e-05,0.99972256,0.0,2.8e-07,19549,6,0.17954738,2.6457226
207,1,21019871,0.59766692,0.13224773,0.07981711,0.06335647,0.03882179,0.45114749,0.2297635,0.00484591,18567,6,0.05461231,0.9894252
207,2,21019872,0.6307048,0.12457995,0.0592424,0.09681905,0.03188748,0.47201604,0.18934408,0.026111,23687,6,0.03056292,0.9901573
207,3,21019873,0.64092099,0.11566354,0.06646984,0.06790205,0.0302577,0.50434318,0.20618526,0.00917844,6985,6,0.03704058,0.989909
207,4,21019874,0.56061741,0.14298148,0.05618231,0.11184435,0.03895222,0.39923849,0.24315789,0.00764326,23112,2,0.07367819,0.6588595
207,5,21019875,0.65376112,0.13328242,0.06419712,0.03523219,0.0340695,0.53260707,0.18715152,0.01346019,22727,6,0.06752728,0.9901573
207,6,21019876,0.71427145,0.10289719,0.0493947,0.0484517,0.02502352,0.58504356,0.15288926,0.03630007,12569,6,0.05025153,0.9713929
207,7,21019877,0.65016148,0.1127075,0.04866733,0.079267,0.03124135,0.52949315,0.19769224,0.00093143,23112,2,0.05050736,0.6588595
207,8,21019878,0.68599613,0.11484342,0.05903146,0.10384741,0.03181284,0.52871316,0.1498345,0.01191722,37389,6,0.0479982,0.9914199
207,9,21019879,0.63467648,0.14079905,0.0607236,0.02832704,0.02945565,0.51084099,0.21100171,0.01885197,32847,6,0.02938937,0.9929398
207,10,21019880,0.69526374,0.11350808,0.05589584,0.036197,0.03032208,0.57773945,0.16370495,0.02263259,34377,6,0.05093372,0.9929398
208,1,21019901,0.99336903,0.00239802,0.00813966,0.0,0.00028001,0.4652681,0.0,0.52391421,24519,7,0.01704298,0.9952209
208,2,21019902,0.99340204,0.0030205,0.0108492,0.0,0.00036766,0.45314091,0.0,0.53262173,30143,6,0.02436235,0.9977268
208,3,21019903,0.99243353,0.00464978,0.00959307,0.0,0.00032706,0.50298664,0.0,0.48244345,13431,6,0.01892986,0.9923688
208,4,21019904,0.99291522,0.00444838,0.0066187,0.0,0.00029818,0.40236398,0.0,0.58627076,20471,7,0.02747695,0.9972306
208,5,21019905,0.99329715,0.00316103,0.01162514,0.0,0.00060595,0.45827506,0.0,0.52633282,28031,7,0.02760353,0.9972263
208,6,21019906,0.99361553,0.00194939,0.00356875,0.0,0.00040649,0.40856479,0.0,0.58551058,27967,6,0.03130966,0.9972267
208,7,21019907,0.99332597,0.00317557,0.00824996,0.0,0.00060054,0.37528588,0.0,0.61268805,63391,7,0.02270704,0.9954713
208,8,21019908,0.99304253,0.00396819,0.00942479,0.0,0.00035946,0.41493469,0.0,0.57131286,60855,6,0.02494589,0.9967318
208,9,21019909,0.99394641,0.00213762,0.00529838,0.0,0.00030848,0.40753419,0.0,0.58472134,59231,7,0.02094067,0.9977256
208,10,21019910,0.99310489,0.00326032,0.00594564,0.0,0.00052396,0.43615023,0.0,0.55411986,16311,7,0.01562538,0.996349
209,1,21019931,0.98475112,0.02345065,0.01765691,0.0,0.00733769,0.8664358,0.0,0.08511896,18307,6,0.17152007,2.4793846
209,2,21019932,0.97308168,0.04621539,0.00680201,0.0,0.0052196,0.87248268,0.0,0.06928032,8364,6,0.39226094,2.4739915
209,3,21019933,0.94371449,0.11513675,0.02580357,0.0,0.01056836,0.74923182,0.0,0.09925949,8932,6,0.2287784,2.4739817
209,4,21019934,0.97301732,0.04956395,0.02872766,0.0,0.00908518,0.86450571,0.0,0.04811751,22402,6,0.16974881,2.4796328
209,5,21019935,0.97994522,0.02922902,0.08154741,0.0,0.00680472,0.74978638,0.0,0.13263248,17610,6,0.10918961,2.4740012
209,6,21019936,0.95430454,0.07914711,0.01700305,0.0,0.00334678,0.86343375,0.0,0.03706931,8436,6,0.23234641,2.4788883
209,7,21019937,0.98907609,0.01379985,0.07520374,0.0,0.00288153,0.8572321,0.0,0.05088278,18061,6,0.14805613,2.4754693
209,8,21019938,0.9650214,0.06960571,0.05273384,0.0,0.00353986,0.86223918,0.0,0.01188141,11339,6,0.23475935,2.4754693
209,9,21019939,0.93954089,0.10868681,0.03249192,0.0,0.00674208,0.70535317,0.0,0.14672602,23885,6,0.22431353,2.4803781
209,10,21019940,0.96612879,0.06162243,0.03235446,0.0,0.00696601,0.7268519,0.0,0.1722052,8372,6,0.43955519,2.4788834
210,1,21019961,0.98686479,0.00020751,0.0,2.13e-05,7.24e-06,0.9997622,1.69e-06,6e-08,65209,6,0.03677413,0.9841076
210,2,21019962,0.9884615,0.00021069,0.0,2.156e-05,7.49e-06,0.99975819,1.69e-06,3.9e-07,34893,6,0.05312716,0.9903661
210,3,21019963,0.98823951,0.00023319,0.0,2.184e-05,8.47e-06,0.99973458,1.75e-06,1.6e-07,14473,6,0.03675749,0.9839094
210,4,21019964,0.98755839,0.00021273,0.0,2.157e-05,7.85e-06,0.99975605,1.65e-06,1.5e-07,48489,6,0.03917648,0.9813028
210,5,21019965,0.98762642,0.00022584,0.0,2.17e-05,7.97e-06,0.9977561,1.69e-06,0.0019867,35225,6,0.02669691,0.990424
210,6,21019966,0.98809449,0.00020446,0.0,2.133e-05,6.95e-06,0.99976552,1.67e-06,8e-08,37451,6,0.04873844,0.9904115
210,7,21019967,0.98766427,0.00021541,0.0,2.156e-05,7.86e-06,0.99975337,1.66e-06,1.5e-07,39563,6,0.04624443,0.987603
210,8,21019968,0.98814547,0.00022085,0.0,2.17e-05,7.71e-06,0.999748,1.68e-06,7e-08,62509,6,0.02936939,0.9924015
210,9,21019969,0.98811225,0.00022146,0.0,2.148e-05,8.71e-06,0.99974661,1.69e-06,6e-08,37067,6,0.05598644,0.9903893
210,10,21019970,0.98786399,0.00020568,0.0,2.16e-05,6.36e-06,0.99976461,1.71e-06,4e-08,6553,6,0.10268152,0.9904201
211,1,21019991,0.95833527,0.08481427,0.04684201,0.0,0.04575212,0.60407456,0.01168785,0.20682918,44589,7,0.09489829,1.8969115
211,2,21019992,0.95634337,0.07966969,0.02778027,0.0,0.05093879,0.56967604,0.01948445,0.25245077,24085,6,0.10389396,1.8987076
211,3,21019993,0.93454438,0.13706008,0.03753186,0.0,0.06830716,0.52180231,0.02477059,0.210528,20389,7,0.07087284,1.895934
211,4,21019994,0.97946219,0.04602381,0.00738664,0.0,0.02036958,0.72829441,0.00272311,0.19520245,16021,6,0.26240517,1.8966847
211,5,21019995,0.95478003,0.09080453,0.03974978,0.0,0.06266374,0.62765221,0.01557984,0.1635499,55173,6,0.07118442,1.8989562
211,6,21019996,0.95860904,0.08024595,0.03214076,0.0,0.05909995,0.64461579,0.01104789,0.17284967,43949,6,0.10258617,1.8979242
211,7,21019997,0.95566505,0.08351625,0.04241743,0.0,0.04403919,0.44227058,0.01888819,0.36886836,57221,7,0.11149401,1.8969336
211,8,21019998,0.9561885,0.0958687,0.03275507,0.0,0.04444865,0.62811755,0.01215122,0.1866588,52893,6,0.12998541,1.8979242
211,9,21019999,0.94980392,0.09057203,0.05226012,0.0,0.04366942,0.4057671,0.02417864,0.38355269,24485,7,0.09291529,1.8966806
211,10,21020000,0.94552749,0.11434506,0.03905835,0.0,0.06174018,0.4614751,0.01374946,0.30963185,44589,7,0.07230559,1.8969115
212,1,21020021,0.48778224,0.450027,0.06147443,0.0,0.19652029,0.0,0.1864316,0.10554668,20111,7,0.03657296,0.9944949
212,2,21020022,0.48995886,0.45056977,0.05881199,0.0,0.18631857,0.0,0.18680974,0.11748993,23175,7,0.05196832,0.9947457
212,3,21020023,0.45467701,0.47136513,0.05751054,0.0,0.21105109,0.0,0.19037535,0.06969789,24199,7,0.03203634,0.9942495
212,4,21020024,0.45379126,0.46229169,0.05774919,0.0,0.21032572,0.0,0.21403571,0.0555977,23183,7,0.01877118,0.9954847
212,5,21020025,0.4585361,0.46983406,0.05933538,0.0,0.21012566,0.0,0.20755217,0.05315273,23175,7,0.03284792,0.9947457
212,6,21020026,0.46958734,0.44347244,0.05630691,0.0,0.21463949,0.0,0.20102078,0.08456038,19079,7,0.03654631,0.9940079
212,7,21020027,0.44809557,0.45906777,0.05891263,0.0,0.21833061,0.0,0.24164827,0.02204073,18946,3,0.01422125,0.7373115
212,8,21020028,0.4436159,0.46382227,0.06100728,0.0,0.20934719,0.0,0.22759031,0.03823295,24199,7,0.01907701,0.9942495
212,9,21020029,0.49764745,0.41846574,0.06111282,0.0,0.17900056,0.0,0.23765408,0.10376679,18946,3,0.04029728,0.7373115
212,10,21020030,0.44268723,0.49055728,0.07031585,0.0,0.22452835,0.0,0.17635571,0.03824281,19087,7,0.01346764,0.994992
213,1,21020051,0.99006713,0.00024224,0.0,1.131e-05,2.507e-05,0.64347947,0.0,0.3562419,33309,6,0.02966334,0.9847405
213,2,21020052,0.98916305,0.00023383,0.0,1.139e-05,2.165e-05,0.69198928,0.0,0.30774384,65305,6,0.02828443,0.9845044
213,3,21020053,0.9899465,0.00022845,0.0,1.141e-05,2.094e-05,0.67816352,0.0,0.32157569,37579,6,0.03524146,0.9914531
213,4,21020054,0.98967017,0.00020894,0.0,1.16e-05,1.666e-05,0.82143617,0.0,0.17832663,30553,6,0.0416077,0.9934641
213,5,21020055,0.98989046,0.00023986,0.0,1.132e-05,2.505e-05,0.64441812,0.0,0.35530565,34671,6,0.04406363,0.9909514
213,6,21020056,0.98973639,0.00023605,0.0,1.133e-05,2.122e-05,0.69486139,0.0,0.30487001,31225,6,0.02333149,0.9889693
213,7,21020057,0.98986563,0.0002281,0.0,1.147e-05,2.13e-05,0.72039043,0.0,0.2793487,26027,6,0.04356098,0.9884245
213,8,21020058,0.98943659,0.0002131,0.0,1.159e-05,1.805e-05,0.79945558,0.0,0.20030168,7609,6,0.05581186,0.9924731
213,9,21020059,0.9904598,0.00023403,0.0,1.152e-05,2.157e-05,0.72166869,0.0,0.27806419,59535,6,0.02682039,0.9934686
213,10,21020060,0.99010951,0.0002217,0.0,1.139e-05,2.033e-05,0.72764707,0.0,0.2720995,36955,6,0.03915784,0.9869847
214,1,21020081,0.98970422,0.03023987,0.07032518,0.0,0.00063811,0.76848476,0.0,0.13031208,8381,6,0.09329638,2.8718645
214,2,21020082,0.99512273,0.0012851,0.0010852,0.0,1.662e-05,0.9878056,0.0,0.00980748,11474,6,0.12545645,2.8661746
214,3,21020083,0.9870444,0.04309289,0.05005015,0.0,0.00039952,0.8772942,0.0,0.02916324,24363,6,0.11031103,2.8723627
214,4,21020084,0.99113486,0.02058828,0.03497747,0.0,4.215e-05,0.80430533,0.0,0.14008677,11779,6,0.13757071,2.8657036
214,5,21020085,0.99232822,0.01793676,0.0585855,0.0,7.618e-05,0.89351049,0.0,0.02989108,47885,6,0.10551434,2.872858
214,6,21020086,0.99405184,0.0087542,0.0260058,0.0,0.00050737,0.88541661,0.0,0.07931603,8436,6,0.21894397,2.8708766
214,7,21020087,0.99574253,0.00026246,4.43e-06,0.0,1.197e-05,0.99972088,0.0,2.5e-07,9668,6,0.1951206,2.8708766
214,8,21020088,0.99546536,0.00025838,4.45e-06,0.0,8.55e-06,0.99972844,0.0,1.8e-07,48197,6,0.20026244,2.8669275
214,9,21020089,0.98922175,0.03379118,0.07293317,0.0,0.00056958,0.80892761,0.0,0.08377846,18970,6,0.12891516,2.8652164
214,10,21020090,0.99557654,0.0002641,4.51e-06,0.0,1.043e-05,0.99972069,0.0,2.6e-07,24010,6,0.34592574,2.8678393
215,1,21020111,0.86425145,0.02497818,0.0,0.1494934,0.00206566,0.79610505,0.0273577,1e-08,37721,6,0.03578434,0.993529
215,2,21020112,0.83297128,0.03053354,0.0,0.18889697,0.00305428,0.73949426,0.03802089,7e-08,32969,6,0.07074596,0.9915178
215,3,21020113,0.87119315,0.04089979,0.0,0.08230183,0.00500167,0.83744237,0.03435431,4e-08,53081,6,0.07326829,0.9915257
215,4,21020114,0.88966787,0.02448485,0.0,0.09977241,0.00485009,0.84405647,0.02683608,1.1e-07,32921,6,0.05121931,0.9871094
215,5,21020115,0.8238039,0.06959498,0.0,0.10472997,0.00812265,0.76313082,0.05442143,1.5e-07,52121,6,0.0451939,0.9893164
215,6,21020116,0.89720039,0.03252935,0.0,0.07119033,0.00229905,0.86330263,0.0306786,4e-08,6553,6,0.1058544,0.9915439
215,7,21020117,0.87388543,0.02817029,0.0,0.17638282,0.00633626,0.77053169,0.01857857,3.6e-07,34089,6,0.06283156,0.9871271
215,8,21020118,0.82776419,0.03869523,0.0,0.13248729,0.00872523,0.77134891,0.04874323,1e-07,33803,6,0.04741249,0.9915355
215,9,21020119,0.85793926,0.03621762,0.0,0.17257376,0.00888682,0.76412351,0.01819826,3e-08,37145,6,0.08887826,0.993527
215,10,21020120,0.89013627,0.04444456,0.0,0.04239329,0.0052253,0.8595815,0.0435661,0.00478927,39049,6,0.04574924,0.9915489
216,1,21020141,0.99456385,0.01261129,0.07793239,0.0,0.00448961,0.10479127,0.0,0.80017544,19327,7,0.02597867,0.9985278
216,2,21020142,0.99444423,0.01306947,0.06984272,0.0,0.00315087,0.06910091,0.0,0.84483603,30711,7,0.02283954,0.9991006
216,3,21020143,0.99455672,0.01369278,0.09266142,0.0,0.00214864,0.10311768,0.0,0.78837948,15999,7,0.02503495,0.9987024
216,4,21020144,0.9937963,0.01625998,0.08245997,0.0,0.00396157,0.09216906,0.0,0.80514942,26615,7,0.02827632,0.9988502
216,5,21020145,0.99392109,0.01603522,0.07542274,0.0,0.00424264,0.05828804,0.0,0.84601136,59895,7,0.02462967,0.9977116
216,6,21020146,0.9935484,0.01505138,0.08815229,0.0,0.00517188,0.0707986,0.0,0.82082585,30253,7,0.02300897,0.9970335
216,7,21020147,0.99534803,0.00958694,0.07076552,0.0,0.00266339,0.0550799,0.0,0.86190425,26479,7,0.02192833,0.998207
216,8,21020148,0.9942515,0.01321911,0.09176271,0.0,0.00451152,0.06790863,0.0,0.82259803,30071,7,0.0297779,0.9988496
216,9,21020149,0.99442547,0.01296727,0.07576698,0.0,0.00402536,0.08030911,0.0,0.82693127,61303,7,0.02356494,0.999017
216,10,21020150,0.99413748,0.0141795,0.06945113,0.0,0.00458602,0.12986976,0.0,0.78191359,36863,7,0.02658973,0.9993492
217,1,21020171,0.96322653,0.06379399,0.01488751,0.0,0.02027897,0.67524317,0.00135485,0.22444151,19235,6,0.18212896,1.9872107
217,2,21020172,0.96171807,0.06124055,0.02004414,0.0,0.01665932,0.54236785,0.00162014,0.35806799,23043,7,0.09541678,1.9840161
217,3,21020173,0.96552008,0.05800244,0.01747964,0.0,0.01658183,0.76737749,0.00191927,0.13863932,20003,6,0.12440679,1.9832743
217,4,21020174,0.96404244,0.05731556,0.01502128,0.0,0.01442167,0.65910246,0.00130243,0.25283661,20003,6,0.12875113,1.9832743
217,5,21020175,0.95612179,0.07541934,0.03267817,0.0,0.02167739,0.64819,0.00294595,0.21908916,55818,6,0.11960481,1.9847547
217,6,21020176,0.97730349,0.03396628,0.02078842,0.0,0.00991522,0.50798806,0.00196128,0.42538074,18989,6,0.08533716,1.984269
217,7,21020177,0.95212335,0.08326368,0.02055649,0.0,0.02206983,0.57253975,0.00378306,0.29778719,18986,6,0.09548071,1.982798
217,8,21020178,0.96672666,0.05862239,0.01572918,0.0,0.01781735,0.42468798,0.0016154,0.4815277,19210,7,0.08725448,1.9867115
217,9,21020179,0.94683962,0.10171195,0.01892289,0.0,0.02462558,0.62390708,0.00228608,0.22854642,24363,6,0.06078422,1.9882023
217,10,21020180,0.96117417,0.06370777,0.01668832,0.0,0.02027851,0.55311575,0.00116242,0.34504723,20237,7,0.0926572,1.9877075
218,1,21020201,0.98656238,0.00019464,0.0,2.21e-05,6.75e-06,0.99977459,1.62e-06,3e-07,33371,6,0.05852281,0.9845267
218,2,21020202,0.9877375,0.00020828,0.0,2.217e-05,7.13e-06,0.99976036,1.57e-06,5e-07,28269,6,0.04487235,0.9916918
218,3,21020203,0.98816726,0.00021306,0.0,2.208e-05,7.53e-06,0.99626736,1.59e-06,0.00348838,33033,6,0.03407784,0.9845494
218,4,21020204,0.98670398,0.00020343,0.0,2.207e-05,6.52e-06,0.9997186,1.62e-06,4.776e-05,39181,6,0.03131756,0.9845163
218,5,21020205,0.98889672,0.00019954,0.0,2.21e-05,7.71e-06,0.99924539,1.6e-06,0.00052366,38123,6,0.05781044,0.9901815
218,6,21020206,0.9875271,0.00021413,0.0,2.213e-05,7.63e-06,0.99975431,1.62e-06,1.9e-07,56729,6,0.03398259,0.9922172
218,7,21020207,0.98728833,0.00020506,0.0,2.213e-05,7.06e-06,0.99976406,1.58e-06,1e-07,64889,6,0.03529174,0.9922098
218,8,21020208,0.98794514,0.00021542,0.0,2.222e-05,7.28e-06,0.99911522,1.6e-06,0.00063826,64791,6,0.03546414,0.9917221
218,9,21020209,0.98813471,0.00022352,0.0,2.221e-05,9.22e-06,0.99536466,1.59e-06,0.00437881,18631,6,0.02938229,0.9840431
218,10,21020210,0.98745165,0.00019227,0.0,2.202e-05,6.31e-06,0.99977751,1.61e-06,3e-07,33033,6,0.05642553,0.9845494
219,1,21020231,0.99123609,0.02094722,0.00310525,0.0,0.00519147,0.95258116,0.0,0.01817489,53947,6,0.31390645,2.5231858
219,2,21020232,0.99229087,0.0113573,0.07407015,0.0,0.0030815,0.79382436,0.0,0.11766669,23291,6,0.13043934,2.5196779
219,3,21020233,0.97400475,0.07448385,0.01365559,0.0,0.00290314,0.84472201,0.0,0.06423541,42445,6,0.28064718,2.5231848
219,4,21020234,0.99465634,0.0080547,0.00776749,0.0,0.00014222,0.98403525,0.0,3.4e-07,50628,6,0.13419112,2.5218614
219,5,21020235,0.98560731,0.03017908,0.01795487,0.0,0.00670614,0.84263132,0.0,0.10252858,49403,6,0.22703399,2.5231848
219,6,21020236,0.9814118,0.05655932,0.01678937,0.0,0.00591354,0.89341657,0.0,0.0273212,55547,6,0.18781919,2.5201816
219,7,21020237,0.97283772,0.08604272,0.00192723,0.0,0.00108326,0.8800227,0.0,0.03092409,18619,6,0.31368607,2.5186721
219,8,21020238,0.9872367,0.02862783,0.00773034,0.0,0.00482447,0.84611348,0.0,0.11270387,11589,6,0.15083743,2.521696
219,9,21020239,0.98091904,0.05081795,0.01480434,0.0,0.00955062,0.87155245,0.0,0.05327464,19548,6,0.14391428,2.5212007
219,10,21020240,0.9857634,0.03169544,0.0699613,0.0,0.00509828,0.83181532,0.0,0.06142965,13525,6,0.12594798,2.5221928
220,1,21020261,0.39160381,0.29904177,0.06340344,0.0,0.11620315,0.19716032,0.2760941,0.04809722,18887,6,0.02267836,0.986884
220,2,21020262,0.43386787,0.2644043,0.06247544,0.0,0.09880984,0.28046148,0.26676333,0.02708562,23175,7,0.02322906,0.9897543
220,3,21020263,0.40276346,0.27232431,0.06326565,0.0,0.10900336,0.22627867,0.28641189,0.04271611,22735,6,0.02866776,0.9926407
220,4,21020264,0.42485142,0.2765948,0.06536421,0.0,0.09355231,0.26820132,0.27192481,0.02436255,18567,6,0.02637125,0.9911663
220,5,21020265,0.43012871,0.29150105,0.05896171,0.0,0.10780157,0.2742111,0.24153286,0.02599171,18631,6,0.03391298,0.991162
220,6,21020266,0.3770665,0.28189969,0.05251952,0.0,0.10491475,0.23701566,0.30494155,0.01870882,22727,6,0.02498869,0.9919007
220,7,21020267,0.39846684,0.29406416,0.06529071,0.0,0.10707676,0.2057725,0.27810144,0.04969443,18575,6,0.03770179,0.992152
220,8,21020268,0.48577177,0.24116149,0.0480655,0.0,0.08847756,0.29685881,0.24539733,0.08003931,18567,6,0.05783555,0.9911663
220,9,21020269,0.4403188,0.27410406,0.05654107,0.0,0.09760325,0.28350076,0.25487792,0.03337293,18631,6,0.0876579,0.991162
220,10,21020270,0.36278757,0.30683176,0.06116815,0.0,0.11038922,0.19000017,0.29420565,0.03740506,23183,7,0.01980548,0.9904915
221,1,21020291,0.99139791,0.00268523,0.0,0.0,0.00013801,0.4863662,0.0,0.51081056,30207,7,0.02215255,0.9966787
221,2,21020292,0.99165316,0.00213487,0.0,0.0,0.00022475,0.44389835,0.0,0.55374203,59231,7,0.01834018,0.9966777
221,3,21020293,0.99158914,0.00352983,0.0,0.0,0.0001669,0.44290927,0.0,0.553394,11711,6,0.0369593,0.9961777
221,4,21020294,0.99166487,0.00270986,0.0,0.0,0.00020788,0.43002095,0.0,0.56706131,64887,7,0.02443379,0.996427
221,5,21020295,0.99149186,0.00271469,0.0,0.0,0.00014125,0.48180817,0.0,0.51533588,22519,7,0.0232081,0.9964323
221,6,21020296,0.99202999,0.00245495,0.0,0.0,0.00015482,0.45023742,0.0,0.54715281,62911,6,0.02193742,0.99668
221,7,21020297,0.99211303,0.00210981,0.0,0.0,9.354e-05,0.44354641,0.0,0.55425025,17655,6,0.03732457,0.9928803
221,8,21020298,0.9912455,0.00355455,0.0,0.0,0.00013325,0.43789335,0.0,0.55841885,36855,7,0.02603115,0.9963492
221,9,21020299,0.99116022,0.00266994,0.0,0.0,0.00044126,0.53887449,0.0,0.4580143,9727,7,0.02071923,0.996179
221,10,21020300,0.99120791,0.00342046,0.0,0.0,0.00014841,0.51348473,0.0,0.4829464,16367,7,0.02975279,0.9933852
222,1,21020321,0.98494699,0.03084282,0.00178491,0.0,0.00884918,0.90857617,0.0,0.04994692,17621,6,0.42414627,2.811067
222,2,21020322,0.98737546,0.02043697,0.01871503,0.0,0.00050405,0.87747323,0.0,0.08287072,8884,6,0.31611211,2.8105707
222,3,21020323,0.99231057,0.01000054,0.0006503,0.0,0.00125755,0.95306425,0.0,0.03502737,52309,6,0.30146224,2.8115638
222,4,21020324,0.98299857,0.03623617,0.00207954,0.0,0.00220397,0.92423617,0.0,0.03524414,19523,6,0.13610091,2.8055168
222,5,21020325,0.98896258,0.02016616,0.00107524,0.0,0.00047765,0.87908018,0.0,0.09920077,20010,6,0.09439073,2.8050093
222,6,21020326,0.97138445,0.05184063,0.00363527,0.0,0.00173195,0.87645162,0.0,0.06634053,8357,6,0.17921439,2.8055057
222,7,21020327,0.98308047,0.03278267,0.00720024,0.0,0.00169081,0.95346891,0.0,0.00485737,50380,6,0.16777619,2.8064961
222,8,21020328,0.98681922,0.02985432,0.00161024,0.0,0.0022893,0.91213949,0.0,0.05410665,22156,6,0.09802261,2.8063326
222,9,21020329,0.9861257,0.03434527,0.00187822,0.0,0.00164945,0.79797227,0.0,0.16415478,23874,6,0.1476447,2.8113152
222,10,21020330,0.98624401,0.02541287,0.00555656,0.0,0.00155966,0.94257927,0.0,0.02489165,24221,6,0.12056591,2.8084836
223,1,21020351,0.98833113,0.00023318,0.0,2.261e-05,8.45e-06,0.99973369,1.83e-06,2.2e-07,37391,6,0.04171353,0.9877459
223,2,21020352,0.98794227,0.00023052,0.0,2.233e-05,7.44e-06,0.99973755,1.85e-06,3.1e-07,37579,6,0.04117052,0.9904589
223,3,21020353,0.9875387,0.00024312,0.0,2.274e-05,8.34e-06,0.99972333,1.83e-06,6.4e-07,34831,6,0.03227378,0.9904634
223,4,21020354,0.98786633,0.00022258,0.0,2.226e-05,6.98e-06,0.99974623,1.9e-06,5e-08,32843,6,0.04783582,0.9904798
223,5,21020355,0.9875454,0.00023252,0.0,2.245e-05,7.57e-06,0.99973553,1.86e-06,7e-08,46969,6,0.04156006,0.9887582
223,6,21020356,0.98782075,0.00021995,0.0,2.17e-05,7.44e-06,0.99974877,1.86e-06,2.7e-07,33423,6,0.0421413,0.987723
223,7,21020357,0.98797657,0.00022786,0.0,2.216e-05,7.17e-06,0.99974051,1.85e-06,4.3e-07,37471,6,0.03600345,0.9850393
223,8,21020358,0.98862648,0.00020365,0.0,2.123e-05,7.06e-06,0.99976611,1.84e-06,1.1e-07,32907,6,0.04230205,0.9904634
223,9,21020359,0.9865838,0.00021473,0.0,2.164e-05,6.95e-06,0.99975477,1.84e-06,6e-08,10951,6,0.02986036,0.9845546
223,10,21020360,0.98802719,0.00021572,0.0,2.151e-05,7e-06,0.99277971,1.79e-06,0.00697428,33419,6,0.0317162,0.9877169
224,1,21020381,0.90500309,0.16622368,0.09452599,0.0,0.14159088,0.01341271,0.07516689,0.50907986,16165,7,0.06237455,1.5135268
224,2,21020382,0.9576278,0.07217211,0.06827873,0.0,0.05685584,0.01118953,0.03331792,0.75818587,57261,7,0.20258077,1.5135043
224,3,21020383,0.91710663,0.10361712,0.08635943,0.0,0.16332925,0.05743984,0.06289476,0.5263596,11821,7,0.08049604,1.5110196
224,4,21020384,0.91429786,0.11850742,0.09527709,0.0,0.15131129,0.01019049,0.07209551,0.55261821,12165,7,0.08425735,1.5115216
224,5,21020385,0.90582464,0.13576707,0.12936879,0.0,0.18425513,0.03016846,0.07043906,0.45000151,57261,7,0.08228904,1.5135043
224,6,21020386,0.93711728,0.09021059,0.03288971,0.0,0.10631276,0.00769433,0.0576767,0.70521591,24333,7,0.12896857,1.5140248
224,7,21020387,0.93314059,0.08676628,0.06397739,0.0,0.14084663,0.03656504,0.05618815,0.61565651,12069,7,0.14547734,1.5130298
224,8,21020388,0.92720729,0.09140497,0.0301106,0.0,0.14987363,0.02708345,0.05556959,0.64595775,16173,7,0.11542409,1.5140238
224,9,21020389,0.91415483,0.12899139,0.06799474,0.0,0.13273854,0.0984687,0.08189398,0.48991265,11813,6,0.08108186,1.5100348
224,10,21020390,0.93723545,0.07834974,0.05507449,0.0,0.13986431,0.03092387,0.04559486,0.65019273,52749,7,0.1549007,1.5125052
225,1,21020411,0.86095091,0.1633411,0.06423295,0.0,0.08070372,0.0,0.0255902,0.66613203,24067,7,0.0864336,1.2734326
225,2,21020412,0.87174581,0.15308694,0.05335955,0.0,0.07004609,0.0,0.02284294,0.70066447,19339,7,0.10655222,1.2746638
225,3,21020413,0.91681651,0.09848961,0.04105631,0.0,0.04768438,0.0,0.01627395,0.79649574,18947,7,0.10813634,1.272689
225,4,21020414,0.91333549,0.10745693,0.04143353,0.0,0.04908046,0.0,0.01405952,0.78796956,23044,7,0.14072274,1.2731813
225,5,21020415,0.87283227,0.14586673,0.0496821,0.0,0.07698759,0.0,0.02568252,0.70178106,18957,7,0.12640834,1.2736748
225,6,21020416,0.87910144,0.14862387,0.05609939,0.0,0.07500392,0.0,0.02000861,0.70026421,18949,7,0.08286639,1.272689
225,7,21020417,0.89598012,0.12559509,0.0359196,0.0,0.05276022,0.0,0.01753054,0.76819455,20355,7,0.12227816,1.2741733
225,8,21020418,0.86665111,0.17075911,0.04793677,0.0,0.07097332,0.0,0.02356902,0.68676178,18954,7,0.08508691,1.2721987
225,9,21020419,0.8689089,0.16609086,0.06278996,0.0,0.08306258,0.0,0.02030606,0.66775053,20357,7,0.09464091,1.2741733
225,10,21020420,0.87293141,0.14710117,0.04439596,0.0,0.071932,0.0,0.02512517,0.7114457,18946,7,0.06930569,1.2721967
226,1,21020441,0.98795329,0.00020484,0.0,1.595e-05,1.799e-05,0.75253221,0.0,0.247229,53225,6,0.05871303,0.9853841
226,2,21020442,0.98870269,0.00022863,0.0,1.589e-05,2.249e-05,0.6312538,0.0,0.36847919,42103,6,0.02849827,0.98471
226,3,21020443,0.9881852,0.00022132,0.0,1.607e-05,2.322e-05,0.61471074,0.0,0.38502864,48639,7,0.03647688,0.9946426
226,4,21020444,0.9879801,0.00019543,0.0,1.594e-05,1.785e-05,0.7851501,0.0,0.21462067,5625,6,0.06370343,0.992637
226,5,21020445,0.98877157,0.00022595,0.0,1.592e-05,1.94e-05,0.66346633,0.0,0.33627239,65097,6,0.02352231,0.992638
226,6,21020446,0.65824703,0.00013488,0.0,0.99984684,2.22e-06,1.264e-05,0.0,3.44e-06,63516,2,0.08359097,0.6566607
226,7,21020447,0.98823475,0.00022366,0.0,1.606e-05,2.26e-05,0.73059672,0.0,0.26914096,40217,6,0.03257605,0.992634
226,8,21020448,0.98806055,0.00020283,0.0,1.596e-05,1.837e-05,0.72585162,0.0,0.27391122,40761,6,0.02690274,0.9847126
226,9,21020449,0.98797332,0.00021492,0.0,1.61e-05,1.938e-05,0.72270051,0.0,0.27704909,49151,7,0.02529473,0.9946479
226,10,21020450,0.98940982,0.00022655,0.0,1.593e-05,2.281e-05,0.65104938,0.0,0.34868532,62475,6,0.03546495,0.9926486
227,1,21020471,0.99591477,0.00051424,0.48730609,0.0,2.671e-05,0.51209148,0.0,6.148e-05,14210,6,0.17794767,2.9299816
227,2,21020472,0.99609021,0.0004849,0.25562391,0.0,2.067e-05,0.73627963,0.0,0.00759088,54932,6,0.17287524,2.9302302
227,3,21020473,0.99571099,0.00049222,0.32867389,0.0,2.457e-05,0.63272956,0.0,0.03807977,13980,6,0.17651075,2.9302302
227,4,21020474,0.99578586,0.00048738,0.32604624,0.0,1.992e-05,0.53661442,0.0,0.13683204,18619,6,0.15427878,2.9258991
227,5,21020475,0.9957123,0.00056044,0.42290909,0.0,2.749e-05,0.40279209,0.0,0.17371089,16301,7,0.11066798,2.9269081
227,6,21020476,0.99584863,0.00056955,0.90945217,0.0,2.257e-05,0.07138868,0.0,0.01856702,18794,4,0.42977589,2.9292382
227,7,21020477,0.99510538,0.00053626,0.93509285,0.0,1.575e-05,0.06435478,0.0,3.6e-07,10722,4,0.43317037,2.9244194
227,8,21020478,0.99549767,0.00056613,0.66751541,0.0,2.2e-05,0.22468076,0.0,0.1072157,43707,4,0.22593008,2.9274123
227,9,21020479,0.99593044,0.00043526,0.23806925,0.0,2.212e-05,0.74596047,0.0,0.0155129,13972,6,0.15112512,2.9299816
227,10,21020480,0.99566777,0.00057567,0.55865798,0.0,3.063e-05,0.42083776,0.0,0.01989796,12036,6,0.147676,2.9292372
228,1,21020501,0.6909344,0.10072689,0.01444801,0.10582492,0.02447131,0.6105237,0.14389711,0.00010806,6984,2,0.04212745,0.6589254
228,2,21020502,0.71515558,0.09608718,0.01470934,0.05388658,0.01995042,0.64856666,0.14673761,0.0200622,34345,6,0.04160541,0.9902837
228,3,21020503,0.68938044,0.08922749,0.01429398,0.09086027,0.01919913,0.61685572,0.16956336,5e-08,35083,6,0.03990639,0.9883826
228,4,21020504,0.68798232,0.08046861,0.01633424,0.15129219,0.02073854,0.57872468,0.14296963,0.00947211,22663,6,0.07129066,0.9886507
228,5,21020505,0.71428402,0.08769415,0.01628039,0.08185088,0.02734671,0.64566533,0.13522214,0.0059404,23111,6,0.03940119,0.984891
228,6,21020506,0.66766874,0.10202691,0.01785846,0.07935557,0.01787453,0.59209005,0.17641975,0.01437472,36909,6,0.04073167,0.9902818
228,7,21020507,0.67382967,0.09617071,0.01676288,0.10085159,0.02599534,0.59449864,0.15272316,0.01299768,32843,6,0.03208541,0.992179
228,8,21020508,0.68588565,0.09751309,0.01547221,0.13804127,0.01830513,0.59759891,0.12950305,0.00356634,6977,2,0.03128626,0.493861
228,9,21020509,0.65000827,0.09604035,0.01600976,0.22052076,0.02874589,0.50466666,0.12862652,0.00539006,24401,2,0.04684599,0.4962555
228,10,21020510,0.6690283,0.10220186,0.01411777,0.12335873,0.02659219,0.57648328,0.15689149,0.00035469,38987,6,0.04527673,0.9921497
229,1,21020531,0.99329867,0.00650962,0.04690482,0.0,0.00097328,0.32483948,0.0,0.62077279,49079,7,0.02117011,0.9971733
229,2,21020532,0.99335883,0.00601688,0.05960746,0.0,0.00123218,0.28811729,0.0,0.64502619,11039,7,0.02134554,0.9935193
229,3,21020533,0.99326215,0.00649175,0.05110764,0.0,0.00101608,0.28306304,0.0,0.6583215,39807,7,0.03217894,0.9974226
229,4,21020534,0.99393117,0.00536539,0.0672275,0.0,0.0009622,0.28000794,0.0,0.64643697,25535,7,0.02563131,0.9956463
229,5,21020535,0.99351457,0.0049515,0.05776391,0.0,0.00083408,0.23452507,0.0,0.70192545,62719,7,0.02215683,0.9965691
229,6,21020536,0.9940096,0.00437754,0.05606959,0.0,0.00082041,0.27944585,0.0,0.65928662,15615,7,0.03240772,0.9965664
229,7,21020537,0.99249941,0.00849783,0.06650146,0.0,0.00154639,0.32430529,0.0,0.59914903,61943,7,0.02196014,0.994729
229,8,21020538,0.99457729,0.00399009,0.04202474,0.0,0.0006948,0.23968683,0.0,0.71360354,20447,7,0.0295627,0.9977793
229,9,21020539,0.99400441,0.00501559,0.04746033,0.0,0.0009794,0.28322141,0.0,0.66332326,16383,7,0.02349962,0.998279
229,10,21020540,0.99340511,0.00700423,0.05362134,0.0,0.00098176,0.30184697,0.0,0.6365457,48575,6,0.02005053,0.9982753
230,1,21020561,0.96438529,0.06044914,0.04543483,0.0,0.015676,0.76571077,0.0,0.11272926,56066,6,0.08927294,2.4550738
230,2,21020562,0.94789109,0.09837271,0.05041099,0.0,0.02304804,0.73092689,0.0,0.09724137,56106,6,0.07848902,2.4554095
230,3,21020563,0.9837032,0.02605854,0.00243421,0.0,0.00477066,0.82024436,0.0,0.14649224,8437,6,0.16882823,2.4545814
230,4,21020564,0.96934514,0.05978975,0.02026901,0.0,0.01408256,0.86923393,0.0,0.03662475,23627,6,0.15035048,2.4512063
230,5,21020565,0.98066396,0.0268444,0.00920997,0.0,0.00996536,0.75128858,0.0,0.20269169,51981,6,0.07417827,2.4560663
230,6,21020566,0.96036106,0.08206837,0.04101921,0.0,0.01222434,0.65368737,0.0,0.21100071,18987,6,0.0843397,2.4507151
230,7,21020567,0.97024661,0.04882175,0.03568821,0.0,0.01149239,0.6385786,0.0,0.26541905,55811,6,0.1046901,2.4509522
230,8,21020568,0.96998287,0.06038688,0.01908048,0.0,0.01552171,0.79440594,0.0,0.110605,8948,6,0.10339434,2.4540812
230,9,21020569,0.98198917,0.0317086,0.0298282,0.0,0.00942926,0.8766059,0.0,0.05242805,18308,6,0.15662155,2.4540851
230,10,21020570,0.97645846,0.03945876,0.04084743,0.0,0.01095595,0.63363945,0.0,0.27509841,24099,6,0.0918726,2.4504546
231,1,21020591,0.98687484,0.00022188,0.0,2.258e-05,7.79e-06,0.99974563,1.64e-06,4.8e-07,38071,6,0.0298032,0.9866441
231,2,21020592,0.98718987,0.00020447,0.0,2.239e-05,7.69e-06,0.99976366,1.66e-06,1.3e-07,8153,6,0.03721942,0.9919211
231,3,21020593,0.98680794,0.0002178,0.0,2.256e-05,8.03e-06,0.99974993,1.64e-06,3e-08,36553,6,0.05841423,0.9899291
231,4,21020594,0.98762393,0.00021421,0.0,2.269e-05,8.18e-06,0.99975322,1.65e-06,5e-08,38921,6,0.04378302,0.989912
231,5,21020595,0.98732994,0.00021875,0.0,2.238e-05,8.26e-06,0.99974869,1.64e-06,2.8e-07,63561,6,0.03001266,0.991896
231,6,21020596,0.98574784,0.00019992,0.0,2.253e-05,7.53e-06,0.99976819,1.61e-06,2.1e-07,16105,6,0.04076318,0.9829884
231,7,21020597,0.9869799,0.00020023,0.0,2.252e-05,7.44e-06,0.99976817,1.59e-06,4e-08,16105,6,0.03369789,0.9829884
231,8,21020598,0.98633537,0.0001839,0.0,2.24e-05,6.19e-06,0.99978567,1.61e-06,2.3e-07,59257,6,0.07561303,0.9899509
231,9,21020599,0.98742911,0.00018529,0.0,2.23e-05,7.64e-06,0.9997831,1.6e-06,9e-08,52169,6,0.06287939,0.9839285
231,10,21020600,0.98714369,0.00019046,0.0,2.219e-05,6.72e-06,0.99977785,1.63e-06,1.15e-06,32809,6,0.03946479,0.9869193
232,1,21020621,0.9806069,0.03759793,0.02149153,0.0,0.01027809,0.62836871,0.00525855,0.29700518,54941,6,0.09497613,2.2795305
232,2,21020622,0.96903861,0.06767467,0.12307066,0.0,0.02735642,0.60617167,0.00713321,0.16859336,24085,6,0.07133156,2.2785375
232,3,21020623,0.98211754,0.03657161,0.12709833,0.0,0.01323435,0.66563366,0.0017538,0.15570825,44573,6,0.15461191,2.2795295
232,4,21020624,0.98345307,0.02791056,0.08760395,0.0,0.00573159,0.72494529,0.00379716,0.15001145,15245,6,0.19429803,2.2764966
232,5,21020625,0.96541846,0.08065566,0.10162219,0.0,0.02316329,0.63721263,0.00822085,0.14912537,20125,6,0.10512428,2.2755148
232,6,21020626,0.97858211,0.03411888,0.1543435,0.0,0.02166973,0.62096723,0.00622244,0.16267821,46749,6,0.10567867,2.2795305
232,7,21020627,0.96617608,0.07672192,0.12153056,0.0,0.02510239,0.53894839,0.00705448,0.23064226,24493,7,0.13790259,2.2765046
232,8,21020628,0.97185035,0.06007085,0.07192395,0.0,0.0149338,0.79917042,0.00859295,0.04530802,43789,6,0.07101555,2.279526
232,9,21020629,0.98377883,0.03257233,0.17910536,0.0,0.0081916,0.60315558,0.00336963,0.1736055,14213,6,0.1746852,2.2785375
232,10,21020630,0.9662271,0.06901609,0.15151632,0.0,0.02080119,0.60700839,0.00870751,0.14295049,9885,6,0.1123798,2.2785375
233,1,21020651,0.39363475,0.42832917,0.06526217,0.0,0.14984806,0.0,0.20184609,0.1547145,19079,7,0.03959881,0.9920933
233,2,21020652,0.36193069,0.46337873,0.07493324,0.0,0.1614188,0.0,0.19948346,0.10078576,23175,7,0.05597718,0.9928304
233,3,21020653,0.36789649,0.43306686,0.07106527,0.0,0.15361974,0.0,0.21745544,0.12479269,20111,7,0.05473604,0.9919492
233,4,21020654,0.39379505,0.42138687,0.06530854,0.0,0.15788682,0.0,0.1961298,0.15928796,23175,7,0.04564537,0.9928304
233,5,21020655,0.31349433,0.46494406,0.08141037,0.0,0.18221879,0.0,0.23393928,0.0374875,19079,7,0.01247714,0.9920933
233,6,21020656,0.34263255,0.46269947,0.07928774,0.0,0.16148171,0.0,0.22130048,0.0752306,20111,7,0.02737148,0.9919492
233,7,21020657,0.31983744,0.46821676,0.0827733,0.0,0.17503038,0.0,0.22575091,0.04822865,24199,7,0.0235522,0.9917042
233,8,21020658,0.35595667,0.44854777,0.0830661,0.0,0.16757217,0.0,0.21366071,0.08715324,19079,7,0.02628474,0.9920933
233,9,21020659,0.36898966,0.43647101,0.07516063,0.0,0.1638682,0.0,0.2066274,0.11787275,19079,7,0.04557459,0.9920933
233,10,21020660,0.32755159,0.45722857,0.08342431,0.0,0.17179636,0.0,0.23225971,0.05529105,20103,7,0.01854611,0.9909694
234,1,21020681,0.99030025,0.0002554,0.0,4.45e-06,2.285e-05,0.63547974,0.0,0.36423756,40319,7,0.03123936,0.9956406
234,2,21020682,0.99070496,0.00025069,0.0,4.6e-06,2.441e-05,0.58329726,0.0,0.41642304,36895,6,0.03662646,0.9873706
234,3,21020683,0.99066986,0.00026588,0.0,4.41e-06,2.571e-05,0.677714,0.0,0.32199,50623,6,0.02469424,0.9956333
234,4,21020684,0.9902939,0.00025229,0.0,4.53e-06,2.351e-05,0.61293926,0.0,0.38678042,1527,7,0.02213541,0.9951377
234,5,21020685,0.99002815,0.00024699,0.0,4.58e-06,2.579e-05,0.62543084,0.0,0.37429181,64937,6,0.02766737,0.9893442
234,6,21020686,0.99070812,0.00025121,0.0,4.57e-06,2.627e-05,0.66691731,0.0,0.33280064,58873,6,0.03469121,0.9916464
234,7,21020687,0.98981686,0.00025142,0.0,4.47e-06,2.344e-05,0.66110594,0.0,0.33861472,14953,6,0.0289158,0.977866
234,8,21020688,0.99133546,0.0002549,0.0,4.46e-06,2.482e-05,0.59773719,0.0,0.40197863,60109,6,0.02775654,0.993637
234,9,21020689,0.98994739,0.00024923,0.0,4.58e-06,2.261e-05,0.6547673,0.0,0.34495627,58809,6,0.04373039,0.9916527
234,10,21020690,0.99104343,0.00025681,0.0,4.54e-06,2.555e-05,0.59621056,0.0,0.40350253,39415,7,0.02237058,0.9905781
235,1,21020711,0.99592366,0.00025319,4.62e-06,0.0,9.4e-06,0.99973259,0.0,1.9e-07,48458,6,0.17656166,3.0584684
235,2,21020712,0.98975575,0.01949847,0.00964301,0.0,0.0017602,0.96909624,0.0,2.09e-06,9667,6,0.20165667,3.0576403
235,3,21020713,0.99175263,0.01535702,0.00419562,0.0,0.00058201,0.82593335,0.0,0.15393199,19978,7,0.10385951,3.0511164
235,4,21020714,0.99510779,0.00024785,4.32e-06,0.0,1.123e-05,0.99973638,0.0,2.2e-07,19677,6,0.19949881,3.0535722
235,5,21020715,0.99639233,0.00025499,4.27e-06,0.0,1.003e-05,0.99973053,0.0,1.9e-07,48210,6,0.35302625,3.0581371
235,6,21020716,0.99603853,0.00025879,4.32e-06,0.0,9e-06,0.99972766,0.0,2.3e-07,9434,6,0.19810758,3.057145
235,7,21020717,0.99286048,0.01049157,0.00755452,0.0,0.00199938,0.97995344,0.0,1.09e-06,17859,6,0.18524224,3.0576403
235,8,21020718,0.99357989,0.00855145,0.00212273,0.0,1.226e-05,0.9893133,0.0,2.6e-07,9668,6,0.17451745,3.057144
235,9,21020719,0.98995316,0.02181089,0.00941814,0.0,0.00046307,0.9333486,0.0,0.0349593,21708,6,0.16752755,3.0524182
235,10,21020720,0.99098664,0.01478503,0.00395179,0.0,0.00079586,0.98046581,0.0,1.51e-06,44101,6,0.34233294,3.0524182
236,1,21020741,0.96899988,0.00116583,0.0,0.03187615,2.431e-05,0.96693017,2.4e-06,1.15e-06,22009,6,0.05286109,0.9927789
236,2,21020742,0.96196677,0.00065914,0.0,0.04868614,7e-06,0.94973046,0.0009172,7e-08,33065,6,0.09554163,0.9830838
236,3,21020743,0.97762272,0.00262296,0.0,0.01046184,0.00025665,0.98665476,3.76e-06,4e-08,33227,6,0.0411144,0.9804876
236,4,21020744,0.91993712,0.00723057,0.0,0.1089078,0.00013355,0.88171539,0.00201034,2.35e-06,28953,6,0.02814211,0.9927944
236,5,21020745,0.96653207,0.00319943,0.0,0.0312313,0.00057694,0.96181537,0.00317605,9.2e-07,33801,6,0.0443129,0.9907953
236,6,21020746,0.96810919,0.00275816,0.0,0.04548394,0.00035229,0.95082048,0.00058456,5.7e-07,36889,6,0.04774487,0.9856599
236,7,21020747,0.97997104,0.00181321,0.0,0.01296759,0.00038005,0.96936565,0.00097044,0.01450306,34345,6,0.05490412,0.9882145
236,8,21020748,0.97269624,0.00111703,0.0,0.02581755,0.00086517,0.97043675,0.00176348,2e-08,37321,6,0.06013142,0.9805232
236,9,21020749,0.97177574,0.00299301,0.0,0.0192739,7.04e-06,0.9758271,0.00121757,0.00068138,33641,6,0.03420533,0.9830916
236,10,21020750,0.98734316,0.00021833,0.0,1.584e-05,7.17e-06,0.98193008,2.27e-06,0.01782631,35801,6,0.05435817,0.9908084
237,1,21020771,0.97019014,0.13807948,0.00362832,5e-08,0.47112836,0.0,0.31483453,0.07232926,61293,1,0.02433244,1.014964
237,2,21020772,0.97027525,0.13174515,0.00828289,0.00455621,0.42637809,0.0,0.31148956,0.11754809,24485,7,0.03133884,1.0327143
237,3,21020773,0.96801633,0.15040858,0.00692969,0.00328897,0.4506912,0.0,0.33177768,0.05690388,16141,7,0.02404069,1.033523
237,4,21020774,0.96994065,0.14223417,0.00626661,4e-08,0.5675827,0.0,0.2448199,0.03909658,19551,1,0.02307914,1.0222422
237,5,21020775,0.97111491,0.13275817,0.0049289,4.8e-07,0.45781628,0.0,0.25888101,0.14561517,57101,7,0.03841406,1.0340193
237,6,21020776,0.96973169,0.1161899,0.00336622,1.1e-07,0.42566181,0.0,0.37255218,0.08222978,49037,7,0.03145379,1.0339522
237,7,21020777,0.97157532,0.1326746,0.00712068,0.00158919,0.39096215,0.0,0.3173015,0.15035189,49061,7,0.04072502,1.0329624
237,8,21020778,0.97054354,0.12789888,0.00553442,0.00197875,0.4789288,0.0,0.26360594,0.12205321,12173,7,0.03655035,1.0324674
237,9,21020779,0.97056199,0.12916237,0.00701777,0.00219064,0.4571623,0.0,0.26725992,0.13720701,16133,7,0.02545835,1.0330263
237,10,21020780,0.9709237,0.11087008,0.0056027,0.00516257,0.44055928,0.0,0.30937086,0.12843451,32685,1,0.02656558,1.0227398
238,1,21020801,0.93230521,0.10692993,0.05570535,0.0,0.03723284,0.35457825,0.00556807,0.43998557,18980,6,0.07563975,1.8235919
238,2,21020802,0.9330653,0.10561311,0.04738596,0.0,0.04019207,0.25815662,0.0077518,0.54090044,24331,7,0.09368554,1.8286854
238,3,21020803,0.92748879,0.10900588,0.0421592,0.0,0.03776739,0.38941474,0.00803389,0.41361889,24074,7,0.08573903,1.8249021
238,4,21020804,0.93033782,0.09939558,0.02791891,0.0,0.03703262,0.48482009,0.00635668,0.34447612,23339,6,0.09101475,1.8286854
238,5,21020805,0.95501699,0.06282149,0.03194201,0.0,0.02389873,0.58234991,0.00447541,0.29451245,24363,6,0.16045736,1.8286838
238,6,21020806,0.94528951,0.07526705,0.02822769,0.0,0.02996559,0.3643309,0.00734889,0.49485988,19338,7,0.13073754,1.8245529
238,7,21020807,0.94601103,0.08199068,0.04166864,0.0,0.02918263,0.36833859,0.00673857,0.4720809,23043,7,0.14457993,1.8248133
238,8,21020808,0.93187107,0.10243437,0.03434511,0.0,0.03333377,0.41952174,0.00799456,0.40237044,24067,7,0.09033186,1.82482
238,9,21020809,0.9458459,0.07958611,0.05051378,0.0,0.02153536,0.55600278,0.00660835,0.28575362,18306,6,0.11985489,1.8271956
238,10,21020810,0.94659703,0.07991294,0.03090207,0.0,0.02714601,0.33209506,0.00621966,0.52372426,23075,6,0.19305348,1.82482
239,1,21020831,0.9880561,0.00019717,0.0,2.032e-05,1.812e-05,0.74360654,0.0,0.25615785,47513,6,0.06128893,0.9919707
239,2,21020832,0.9861694,0.00019873,0.0,2.019e-05,1.531e-05,0.81133508,0.0,0.18843069,32795,6,0.03251892,0.9840372
239,3,21020833,0.9865916,0.00018622,0.0,2.018e-05,1.649e-05,0.81029118,0.0,0.18948593,61433,6,0.03178696,0.9899997
239,4,21020834,0.98716968,0.00019034,0.0,2.03e-05,1.689e-05,0.77547271,0.0,0.22429977,33641,6,0.08131418,0.981084
239,5,21020835,0.98666814,0.00020887,0.0,2.024e-05,1.924e-05,0.68749127,0.0,0.31226038,34219,6,0.02943652,0.9839542
239,6,21020836,0.98836692,0.00021884,0.0,2.017e-05,2.212e-05,0.57920768,0.0,0.42053119,61887,6,0.03037026,0.9909701
239,7,21020837,0.98734561,0.00017762,0.0,2.023e-05,1.351e-05,0.8306646,0.0,0.16912404,30665,6,0.03815266,0.9859975
239,8,21020838,0.98805112,0.00019941,0.0,2.013e-05,1.973e-05,0.7205131,0.0,0.27924764,14009,6,0.04143868,0.9830137
239,9,21020839,0.98722065,0.00020026,0.0,2.021e-05,1.846e-05,0.69443892,0.0,0.30532215,32811,6,0.09246376,0.9869995
239,10,21020840,0.98745939,0.00021452,0.0,2.012e-05,2.051e-05,0.67567309,0.0,0.32407175,64619,6,0.02585021,0.9919289
240,1,21020861,0.99268118,0.01170506,0.05581196,0.0,0.00146368,0.83601208,0.0,0.09500722,23469,6,0.12884074,2.8652728
240,2,21020862,0.98357905,0.04954086,0.01917058,0.0,0.00256442,0.84428204,0.0,0.08444211,19668,6,0.10367183,2.862777
240,3,21020863,0.9819248,0.06749656,0.00659895,0.0,0.00108178,0.92482048,0.0,2.24e-06,55547,6,0.11473127,2.8657712
240,4,21020864,0.99227798,0.01363557,0.00401484,0.0,0.00079076,0.95613441,0.0,0.02542442,13770,6,0.20952422,2.8684653
240,5,21020865,0.98874142,0.02873763,0.00750164,0.0,0.00132443,0.87747265,0.0,0.08496366,49851,6,0.18708135,2.8694573
240,6,21020866,0.97730569,0.08499948,0.00324165,0.0,0.00175723,0.90999874,0.0,2.9e-06,18619,6,0.23489822,2.8642569
240,7,21020867,0.98165252,0.06635624,0.00781549,0.0,0.00078938,0.88602996,0.0,0.03900892,56404,6,0.10031904,2.8684653
240,8,21020868,0.98940229,0.02908793,0.00354561,0.0,0.00010968,0.87424792,0.0,0.09300885,10155,6,0.15820109,2.8642756
240,9,21020869,0.98538041,0.04220168,0.00630292,0.0,0.00113473,0.94933159,0.0,0.00102908,53947,6,0.44674725,2.8694583
240,10,21020870,0.97224983,0.09098653,0.00469299,0.0,0.00173517,0.73963141,0.0,0.16295391,49339,6,0.12562226,2.8694526
241,1,21020891,0.56571125,0.14059485,0.0297428,0.01918328,0.06365077,0.45568224,0.2453348,0.04581127,22927,6,0.05160491,0.9881908
241,2,21020892,0.48502242,0.16993555,0.04776157,0.01400412,0.09134299,0.36830079,0.28154703,0.02710795,18567,6,0.06452749,0.9896271
241,3,21020893,0.56975031,0.15816846,0.05105973,0.00714297,0.06382007,0.45146168,0.2322193,0.03612778,1999,6,0.05350443,0.9925814
241,4,21020894,0.51368279,0.16598341,0.04609592,0.00496297,0.06786236,0.4232666,0.27904121,0.01278753,22663,6,0.08637945,0.9903652
241,5,21020895,0.54898338,0.16131143,0.03400062,0.00638469,0.06385784,0.43842398,0.25002488,0.04599656,19591,6,0.04350858,0.9896213
241,6,21020896,0.53115038,0.1651475,0.04548837,0.01214023,0.05843666,0.44881339,0.2678062,0.00216765,6985,6,0.03560142,0.9901111
241,7,21020897,0.5411359,0.16173591,0.04606393,0.01737872,0.05919984,0.45122433,0.25639178,0.00800549,6985,6,0.03085718,0.9901111
241,8,21020898,0.52172048,0.14425713,0.04476896,0.01190955,0.07164698,0.43774532,0.28281854,0.00685352,22663,6,0.09497396,0.9903652
241,9,21020899,0.53488531,0.15713347,0.04469192,0.00717135,0.08038709,0.44832915,0.25424055,0.00804646,24393,6,0.05333676,0.9920844
241,10,21020900,0.49965057,0.17843077,0.04879605,0.00938548,0.08881769,0.39986775,0.26097387,0.01372839,18631,6,0.03901414,0.9896213
242,1,21020921,0.99255639,0.00234685,0.00686629,0.0,0.00034265,0.38841285,0.0,0.60203137,54527,7,0.02310927,0.9942729
242,2,21020922,0.99174483,0.00361825,0.00726355,0.0,0.00030111,0.5144447,0.0,0.4743724,25983,7,0.02606068,0.9966279
242,3,21020923,0.99174336,0.00444366,0.0088497,0.0,0.00086989,0.44124907,0.0,0.54458768,32247,7,0.03656985,0.9968771
242,4,21020924,0.99253114,0.00307028,0.01133836,0.0,0.00025857,0.35389008,0.0,0.63144271,36351,7,0.03154055,0.9971259
242,5,21020925,0.99214127,0.00342191,0.010697,0.0,0.00029844,0.43353905,0.0,0.55204359,24247,6,0.02206792,0.9926062
242,6,21020926,0.99200167,0.00366059,0.01262329,0.0,0.00015275,0.42242889,0.0,0.56113448,63487,7,0.02527888,0.9971298
242,7,21020927,0.99327029,0.00185611,0.00609812,0.0,4.892e-05,0.42287222,0.0,0.56912463,32663,7,0.03307498,0.9935368
242,8,21020928,0.99137928,0.00435275,0.01057523,0.0,0.00055504,0.37661709,0.0,0.60789988,52119,7,0.03241853,0.9953613
242,9,21020929,0.99190238,0.00363382,0.0141536,0.0,0.0005399,0.39884208,0.0,0.58283059,1719,6,0.01819328,0.9908774
242,10,21020930,0.99211675,0.00300061,0.00960325,0.0,0.00040231,0.39077323,0.0,0.5962206,49143,7,0.0274683,0.996881
243,1,21020951,0.97113799,0.07595947,0.00250947,0.0,0.00250163,0.90318419,0.0,0.01584525,8373,6,0.2718926,2.8699082
243,2,21020952,0.95513571,0.1180356,0.01059366,0.0,0.00313058,0.70281282,0.0,0.16542735,52011,6,0.1647769,2.8714027
243,3,21020953,0.93286884,0.12973512,0.00792355,0.0,0.00522998,0.77388358,0.0,0.08322777,19917,6,0.22822042,2.8662171
243,4,21020954,0.98672915,0.02311629,0.0009963,0.0,0.00098948,0.94827489,0.0,0.02662304,8932,6,0.18065873,2.8637377
243,5,21020955,0.95553971,0.12340413,0.0043597,0.0,0.0027074,0.82333763,0.0,0.04619113,50389,6,0.14812997,2.8704107
243,6,21020956,0.98722091,0.03409705,0.00764654,0.0,0.00194176,0.89893602,0.0,0.05737863,11587,6,0.30401947,2.8699139
243,7,21020957,0.98106939,0.03571473,0.00235742,0.0,0.00162632,0.91948523,0.0,0.0408163,19669,6,0.21972237,2.8657174
243,8,21020958,0.98842778,0.01751009,0.00227172,0.0,0.00292983,0.96166527,0.0,0.01562308,8948,6,0.24042843,2.8694129
243,9,21020959,0.97621391,0.0457018,0.05890919,0.0,0.00691247,0.86402516,0.0,0.02445138,17866,6,0.13311828,2.8694186
243,10,21020960,0.98648673,0.0258743,0.00771883,0.0,0.00085364,0.83907366,0.0,0.12647957,17612,6,0.18343422,2.8637603
244,1,21020981,0.98714364,0.00020156,0.0,2.122e-05,7.34e-06,0.99521557,1.7e-06,0.00455261,6089,6,0.06283941,0.9847331
244,2,21020982,0.98726051,0.00019569,0.0,2.118e-05,7.68e-06,0.99977365,1.68e-06,1.2e-07,22521,6,0.03619617,0.9918427
244,3,21020983,0.98662975,0.000199,0.0,2.154e-05,7.52e-06,0.99977012,1.72e-06,1e-07,38297,6,0.04814467,0.9918174
244,4,21020984,0.98724799,0.00019698,0.0,2.115e-05,8.31e-06,0.99977165,1.73e-06,1.9e-07,37007,6,0.11561524,0.9898376
244,5,21020985,0.98663335,0.00019976,0.0,2.144e-05,6.83e-06,0.99519018,1.68e-06,0.00458011,36491,6,0.03750514,0.9837043
244,6,21020986,0.98731666,0.00021303,0.0,2.143e-05,8e-06,0.99798232,1.73e-06,0.00177349,30859,6,0.03572912,0.9918388
244,7,21020987,0.98727683,0.0001726,0.0,2.105e-05,5.7e-06,0.99979849,1.66e-06,4.9e-07,23961,6,0.04987305,0.9918306
244,8,21020988,0.98651489,0.00020645,0.0,2.119e-05,7.29e-06,0.99976237,1.71e-06,1e-06,32975,6,0.07070611,0.9898305
244,9,21020989,0.98723308,0.00021582,0.0,2.153e-05,8.04e-06,0.99975278,1.67e-06,1.5e-07,15481,6,0.02553465,0.9857154
244,10,21020990,0.98646522,0.00018894,0.0,2.096e-05,6.45e-06,0.99978192,1.71e-06,3e-08,36809,6,0.04856593,0.9837909
245,1,21021011,0.95293244,0.07595409,0.01161992,0.0,0.05937311,0.3643283,0.01469638,0.4740282,48933,7,0.09451213,1.915976
245,2,21021012,0.94809189,0.08548408,0.01585185,0.0,0.07166395,0.30987435,0.01881059,0.49831517,16301,7,0.11596977,1.9144143
245,3,21021013,0.96192491,0.06813281,0.01388447,0.0,0.04502746,0.26324515,0.01284902,0.59686109,44973,7,0.11783744,1.9149089
245,4,21021014,0.93920166,0.11122739,0.02286709,0.0,0.063221,0.2899987,0.02593001,0.48675582,57253,7,0.12281784,1.9139177
245,5,21021015,0.95235534,0.08794509,0.01618894,0.0,0.05180162,0.41891589,0.0168155,0.40833297,44837,7,0.08428897,1.9157273
245,6,21021016,0.94638387,0.09566177,0.02016898,0.0,0.04718933,0.43525955,0.02485152,0.37686886,16269,7,0.079979,1.9144179
245,7,21021017,0.92309257,0.11955628,0.01761865,0.0,0.10544514,0.38695861,0.03383245,0.33658887,56877,7,0.06356268,1.9139004
245,8,21021018,0.94574699,0.0856799,0.01013503,0.0,0.06133929,0.24202336,0.02193871,0.57888372,44933,7,0.08393139,1.9135899
245,9,21021019,0.9406561,0.11021792,0.01208133,0.0,0.05479983,0.41997084,0.02707839,0.37585169,23461,6,0.10428691,1.9136729
245,10,21021020,0.95540438,0.07278386,0.01268776,0.0,0.0472833,0.32798846,0.01511687,0.52413975,16133,7,0.13235672,1.9157295
246,1,21021041,0.69769862,0.32388883,0.02656262,0.0,0.43309516,0.0,0.20918827,0.00726512,20227,1,0.04589591,0.9931361
246,2,21021042,0.7535503,0.26850993,0.02125183,0.0,0.36163935,0.0,0.34191896,0.00667993,23050,3,0.06172031,0.9919934
246,3,21021043,0.7628815,0.26649538,0.02113267,0.0,0.52359692,0.0,0.17464909,0.01412594,23047,1,0.0489962,0.9946703
246,4,21021044,0.77429032,0.26077466,0.01920799,0.0,0.48275323,0.0,0.21964943,0.01761469,24067,1,0.06831731,0.9919143
246,5,21021045,0.78970353,0.23540346,0.01976052,0.0,0.49036412,0.0,0.24798516,0.00648673,23298,3,0.04826683,0.9933826
246,6,21021046,0.7483586,0.28411079,0.02610567,0.0,0.42212704,0.0,0.24511667,0.02253983,18954,3,0.05851043,0.9906802
246,7,21021047,0.72302272,0.31396735,0.02412898,0.0,0.47364138,0.0,0.17060525,0.01765703,20227,1,0.03202291,0.9931361
246,8,21021048,0.75997848,0.26664518,0.02107739,0.0,0.41476026,0.0,0.27270883,0.02480834,23306,3,0.07343967,0.9936313
246,9,21021049,0.75356552,0.27601795,0.02262882,0.0,0.43167068,0.0,0.26968222,3.3e-07,24074,3,0.04758518,0.9919967
246,10,21021050,0.77471965,0.25961831,0.02045713,0.0,0.379669,0.0,0.32098953,0.01926602,18954,3,0.10170798,0.9906802
247,1,21021071,0.98851808,0.00020106,0.0,1.501e-05,1.907e-05,0.70595999,0.0,0.29380487,33835,6,0.05654161,0.990682
247,2,21021072,0.98869583,0.00022521,0.0,1.484e-05,2.264e-05,0.67252073,0.0,0.32721658,65369,6,0.02041865,0.9926664
247,3,21021073,0.98904698,0.00023631,0.0,1.481e-05,2.636e-05,0.58259661,0.0,0.41712591,37703,6,0.02882431,0.9869109
247,4,21021074,0.98893844,0.000218,0.0,1.497e-05,2.297e-05,0.6420539,0.0,0.35769016,53081,6,0.0575526,0.9906688
247,5,21021075,0.98998785,0.00022632,0.0,1.481e-05,2.255e-05,0.56599374,0.0,0.43374258,40621,7,0.02922062,0.9880028
247,6,21021076,0.98950113,0.00021943,0.0,1.48e-05,2.27e-05,0.65597529,0.0,0.34376778,19903,6,0.03036906,0.994166
247,7,21021077,0.98878753,0.00021821,0.0,1.5e-05,2.218e-05,0.61437497,0.0,0.38536963,22679,6,0.04396981,0.9804463
247,8,21021078,0.98920854,0.00021185,0.0,1.487e-05,2.055e-05,0.68420811,0.0,0.31554461,35257,6,0.04297198,0.9880531
247,9,21021079,0.98817113,0.00022211,0.0,1.482e-05,2.403e-05,0.61990144,0.0,0.3798376,35775,7,0.02338746,0.989383
247,10,21021080,0.98872902,0.00020684,0.0,1.491e-05,1.914e-05,0.77162395,0.0,0.22813516,62265,6,0.05354166,0.9874019
248,1,21021101,0.99534876,0.0009795,0.52553544,0.0,4.017e-05,0.45259445,0.0,0.02085044,16811,4,0.32939241,3.1909132
248,2,21021102,0.99418232,0.00076726,0.99919704,0.0,3.193e-05,3.65e-06,0.0,1.3e-07,8418,4,0.62977358,3.1894474
248,3,21021103,0.99521184,0.0009194,0.96759947,0.0,2.209e-05,0.03145762,0.0,1.42e-06,47212,4,0.31009036,3.1914031
248,4,21021104,0.99418725,0.00067303,0.99929581,0.0,2.767e-05,3.37e-06,0.0,1.2e-07,8354,4,0.99927488,3.1894348
248,5,21021105,0.99521603,0.00115724,0.46307383,0.0,6.258e-05,0.44884666,0.0,0.08685969,17061,4,0.18676398,3.1899359
248,6,21021106,0.99417776,0.0007924,0.9991642,0.0,3.941e-05,3.85e-06,0.0,1.4e-07,8866,4,0.63018115,3.1894474
248,7,21021107,0.99417616,0.00083699,0.99911938,0.0,3.948e-05,4.01e-06,0.0,1.4e-07,8866,4,0.99909888,3.1894474
248,8,21021108,0.99480305,0.0010112,0.70049796,0.0,4.117e-05,0.29844761,0.0,2.07e-06,8418,4,0.23198995,3.1894474
248,9,21021109,0.99551502,0.00048831,0.06205597,0.0,2.019e-05,0.92950106,0.0,0.00793447,16140,6,0.11109381,3.1967433
248,10,21021110,0.99455788,0.00073497,0.6859543,0.0,2.632e-05,0.31328426,0.0,1.4e-07,8418,4,0.44988913,3.1894474
249,1,21021131,0.80309633,0.0559282,0.00768858,0.17587297,0.00916567,0.68899959,0.05556467,0.00678032,23368,2,0.09616611,0.6586088
249,2,21021132,0.8255685,0.03661956,0.00826415,0.09954985,0.009038,0.78222852,0.06177142,0.00252849,33481,6,0.05008506,0.9913498
249,3,21021133,0.81566129,0.05023236,0.00977636,0.09743957,0.0157913,0.75905861,0.06770178,3e-08,39897,6,0.04950836,0.9933612
249,4,21021134,0.78004687,0.03873016,0.00709538,0.23912796,0.00935536,0.65907347,0.04564428,0.00097339,23366,2,0.07753195,0.4940861
249,5,21021135,0.82382077,0.0411215,0.01058648,0.12014918,0.00945221,0.73305366,0.0556859,0.02995108,36879,6,0.04678749,0.9913692
249,6,21021136,0.80438771,0.03912122,0.01111825,0.15486743,0.00742421,0.71717071,0.062984,0.00731418,32781,6,0.06867467,0.9913682
249,7,21021137,0.75291842,0.06190353,0.00958547,0.13880981,0.01019595,0.6976185,0.08188655,1.9e-07,23361,2,0.06561471,0.4932164
249,8,21021138,0.80933512,0.04914865,0.01078537,0.08415124,0.01005219,0.76211699,0.08031907,0.00342649,37515,6,0.04714232,0.9890435
249,9,21021139,0.74296787,0.07236335,0.01282901,0.11324719,0.02517653,0.66573957,0.09891744,0.01172691,7065,6,0.03924813,0.9895654
249,10,21021140,0.80447098,0.06051812,0.01033273,0.03576366,0.01136176,0.77725166,0.104772,8e-08,52121,6,0.05432448,0.989059
250,1,21021161,0.9934809,0.00962529,0.07691358,0.0,0.00381477,0.08208203,0.0,0.82756433,41975,7,0.03313229,0.9972199
250,2,21021162,0.99370095,0.01085032,0.06985533,0.0,0.00205096,0.12699224,0.0,0.79025115,38783,7,0.02772987,0.9989473
250,3,21021163,0.99292192,0.01279377,0.08201455,0.0,0.00308668,0.12418036,0.0,0.77792464,40703,7,0.02270548,0.9979
250,4,21021164,0.99393504,0.01017844,0.05483624,0.0,0.00254092,0.07830698,0.0,0.85413743,17791,7,0.03028227,0.9977741
250,5,21021165,0.99422625,0.00862033,0.06847703,0.0,0.0021007,0.06913611,0.0,0.85166582,52023,7,0.02818226,0.9961791
250,6,21021166,0.99428223,0.00967611,0.05998707,0.0,0.00155641,0.07745583,0.0,0.85132458,15863,7,0.04169882,0.9986974
250,7,21021167,0.99382758,0.01079163,0.07444523,0.0,0.00288164,0.06412548,0.0,0.84775603,30271,7,0.01925168,0.9973812
250,8,21021168,0.99343501,0.011955,0.06914733,0.0,0.00212976,0.0903278,0.0,0.82644011,55167,7,0.02370691,0.9989458
250,9,21021169,0.99293031,0.01303849,0.08956298,0.0,0.00298561,0.13006407,0.0,0.76434885,52831,7,0.02549023,0.9968568
250,10,21021170,0.99409522,0.00943844,0.05658933,0.0,0.00215229,0.11923989,0.0,0.81258004,56159,7,0.02511251,0.9989432
251,1,21021191,0.95955127,0.07452677,0.06650837,0.0,0.01684471,0.44857748,0.00166826,0.39187442,55813,6,0.0817393,2.3669826
251,2,21021192,0.97279393,0.05172088,0.05797124,0.0,0.01068698,0.76606991,0.00071917,0.11283181,18978,6,0.19828786,2.3652744
251,3,21021193,0.95706481,0.07576492,0.02293581,0.0,0.01689848,0.74984893,0.00098925,0.13356261,51716,6,0.13719519,2.3662455
251,4,21021194,0.96500579,0.06666313,0.03623948,0.0,0.01753964,0.60930917,0.00150994,0.26873864,55821,6,0.05612053,2.3682113
251,5,21021195,0.96423274,0.0615715,0.06920812,0.0,0.01784163,0.5182451,0.00190987,0.33122379,52997,6,0.08613861,2.3709417
251,6,21021196,0.96950865,0.05091252,0.0630403,0.0,0.01108287,0.73479678,0.00147038,0.13869715,51714,6,0.07955038,2.3662455
251,7,21021197,0.96659023,0.05933764,0.0446935,0.0,0.01635367,0.40753414,0.00069642,0.47138464,20364,7,0.12211522,2.3662415
251,8,21021198,0.95851935,0.07706662,0.03818964,0.0,0.01880892,0.59510437,0.00106467,0.26976579,24098,6,0.07969889,2.366239
251,9,21021199,0.96234005,0.07461546,0.0533455,0.0,0.01699765,0.65077024,0.00179896,0.20247219,18317,6,0.06100716,2.3709417
251,10,21021200,0.95125839,0.08265799,0.07281442,0.0,0.02826237,0.43777327,0.00148201,0.37700994,23052,7,0.0618928,2.3665731
252,1,21021221,0.98671096,0.00020048,0.0,2.191e-05,7.27e-06,0.99976872,1.59e-06,3e-08,16217,6,0.03477973,0.9914863
252,2,21021222,0.98657786,0.00021164,0.0,2.19e-05,7.07e-06,0.99975773,1.58e-06,8e-08,19895,6,0.03041851,0.992988
252,3,21021223,0.9865686,0.00021094,0.0,2.172e-05,8e-06,0.99517126,1.6e-06,0.00458649,33561,6,0.02335745,0.9862935
252,4,21021224,0.98667287,0.00019409,0.0,2.185e-05,7.35e-06,0.99795575,1.6e-06,0.00181936,37389,6,0.03632055,0.9862817
252,5,21021225,0.98700563,0.00019532,0.0,2.182e-05,6.74e-06,0.99977356,1.62e-06,9.4e-07,63449,6,0.03369306,0.9914745
252,6,21021226,0.98555544,0.00018054,0.0,2.17e-05,6.15e-06,0.99978922,1.56e-06,8.2e-07,39353,6,0.05807044,0.9882756
252,7,21021227,0.98565239,0.00021695,0.0,2.178e-05,8.46e-06,0.99975114,1.56e-06,1.1e-07,57369,6,0.03690735,0.9850661
252,8,21021228,0.98695659,0.00020406,0.0,2.194e-05,7.93e-06,0.99976406,1.61e-06,4.1e-07,24473,6,0.02443544,0.9850433
252,9,21021229,0.98662069,0.00020872,0.0,2.196e-05,7.63e-06,0.99975998,1.6e-06,1.2e-07,39257,6,0.03512019,0.9914664
252,10,21021230,0.98696485,0.00018916,0.0,2.174e-05,6.55e-06,0.99978092,1.6e-06,4e-08,37849,6,0.03328396,0.9914878
253,1,21021251,0.97688844,0.05406861,0.01360335,0.0,0.00921941,0.85963472,0.0,0.06347391,55213,6,0.17129936,2.6740467
253,2,21021252,0.97943065,0.04622077,0.01369133,0.0,0.00755261,0.87021533,0.0,0.06231996,52005,6,0.06326912,2.6763619
253,3,21021253,0.97900584,0.06073682,0.01824105,0.0,0.00770201,0.8042651,0.0,0.10905502,52557,6,0.22265124,2.6773539
253,4,21021254,0.97543195,0.06612841,0.00953361,0.0,0.00361745,0.82603993,0.0,0.0946806,48045,6,0.08509246,2.6740467
253,5,21021255,0.97491907,0.05947018,0.01118321,0.0,0.00640258,0.86776247,0.0,0.05518157,18619,6,0.12382396,2.672535
253,6,21021256,0.96853714,0.0824423,0.01438196,0.0,0.00692124,0.86677749,0.0,0.02947701,56059,6,0.189475,2.6740401
253,7,21021257,0.96706257,0.08745919,0.03351777,0.0,0.01148464,0.77893186,0.0,0.08860654,13956,6,0.06660001,2.6710708
253,8,21021258,0.98374731,0.03938792,0.00588948,0.0,0.00734368,0.9139447,0.0,0.03343421,56541,6,0.16436497,2.6740467
253,9,21021259,0.98050381,0.04516064,0.01726559,0.0,0.00698455,0.81608805,0.0,0.11450117,52741,6,0.09592582,2.671398
253,10,21021260,0.97114986,0.07594893,0.00836105,0.0,0.00580984,0.86815204,0.0,0.04172813,53499,6,0.21441673,2.6773549
254,1,21021281,0.33604568,0.34411694,0.07604157,0.0,0.17944264,0.07165242,0.23211974,0.09662669,23175,7,0.03208249,0.99059
254,2,21021282,0.30087828,0.3717047,0.06898358,0.0,0.17906314,0.06258339,0.24920157,0.06846362,23183,7,0.02210526,0.9913275
254,3,21021283,0.27738992,0.36642302,0.07618473,0.0,0.18176131,0.08110708,0.27500174,0.01952212,22919,6,0.01915661,0.9905917
254,4,21021284,0.27215647,0.38000448,0.07760674,0.0,0.2005953,0.06561123,0.25039728,0.02578498,24199,7,0.02107741,0.9887269
254,5,21021285,0.30884947,0.37497205,0.07330925,0.0,0.19371335,0.05670838,0.22233269,0.07896429,19079,7,0.03825357,0.9898537
254,6,21021286,0.34233399,0.34986808,0.07085095,0.0,0.16812999,0.09094675,0.23150525,0.08869898,23183,7,0.03123501,0.9913275
254,7,21021287,0.348853,0.34742597,0.06430828,0.0,0.169815,0.09610448,0.22527264,0.09707363,23175,7,0.07490106,0.99059
254,8,21021288,0.27918946,0.39039253,0.07145565,0.0,0.19326791,0.07065227,0.2369902,0.03724144,22919,6,0.02753947,0.9905917
254,9,21021289,0.31384782,0.35352507,0.064106,0.0,0.18519578,0.07708896,0.2451237,0.07496049,19079,7,0.0458026,0.9898537
254,10,21021290,0.2999723,0.36876228,0.07226482,0.0,0.1950077,0.10476674,0.23500983,0.02418863,22919,6,0.03528364,0.9905917
255,1,21021311,0.99046655,0.00191523,0.0,0.0,0.00016499,0.52415596,0.0,0.47376381,38759,6,0.03113271,0.9904587
255,2,21021312,0.99085807,0.00118397,0.0,0.0,8.869e-05,0.47661013,0.0,0.52211721,59383,7,0.02987819,0.9956228
255,3,21021313,0.99116438,0.00138043,0.0,0.0,6.038e-05,0.49458928,0.0,0.50396991,59359,7,0.03333467,0.9959521
255,4,21021314,0.99100423,0.00162729,0.0,0.0,7.517e-05,0.47172243,0.0,0.52657511,46455,7,0.02394533,0.9951152
255,5,21021315,0.99112004,0.00178859,0.0,0.0,5.304e-05,0.45354445,0.0,0.54461391,16119,7,0.02404462,0.9916926
255,6,21021316,0.99091598,0.0008222,0.0,0.0,6.674e-05,0.51915702,0.0,0.47995404,42423,6,0.02665605,0.9956123
255,7,21021317,0.99016752,0.00212911,0.0,0.0,0.0001703,0.38431538,0.0,0.61338521,50431,7,0.01849353,0.9919325
255,8,21021318,0.99097198,0.00120704,0.0,0.0,0.00041995,0.43677699,0.0,0.56159602,5559,6,0.02429193,0.9947045
255,9,21021319,0.99091092,0.00151713,0.0,0.0,7.477e-05,0.5481899,0.0,0.4502182,62573,6,0.0270901,0.9939511
255,10,21021320,0.99015801,0.00291495,0.0,0.0,0.00029554,0.48302445,0.0,0.51376507,42495,7,0.04033099,0.9959521
256,1,21021341,0.99503837,0.0026076,0.00029623,0.0,4.025e-05,0.99705552,0.0,3.9e-07,56773,6,0.302991,3.2016263
256,2,21021342,0.98563241,0.03200633,0.0003321,0.0,0.0003071,0.95869029,0.0,0.00866419,54492,6,0.17087763,3.2063151
256,3,21021343,0.99522753,0.0002508,3.99e-06,0.0,7.73e-06,0.99973728,0.0,1.9e-07,15571,6,0.18222604,3.2013761
256,4,21021344,0.992901,0.01206473,0.02148783,0.0,2.202e-05,0.93172333,0.0,0.03470209,48205,6,0.18964095,3.201604
256,5,21021345,0.98825003,0.02452638,0.03294694,0.0,0.00071476,0.92248642,0.0,0.0193255,14219,6,0.13338015,3.2064805
256,6,21021346,0.99516436,0.00296625,0.00137333,0.0,0.00032483,0.99533538,0.0,2.1e-07,15444,6,0.33561704,3.2057352
256,7,21021347,0.99229724,0.00868366,0.01163161,0.0,0.00020226,0.93749792,0.0,0.04198456,54931,6,0.22479708,3.2062323
256,8,21021348,0.99154763,0.013841,0.00314414,0.0,0.0007336,0.94939101,0.0,0.03289025,19779,6,0.09990257,3.205487
256,9,21021349,0.98525674,0.03567361,0.02018658,0.0,0.00375835,0.92339652,0.0,0.01698494,15434,6,0.24080656,3.1999726
256,10,21021350,0.98588764,0.03441721,0.00330126,0.0,0.00110584,0.96117459,0.0,1.1e-06,54930,6,0.14929229,3.2059838
257,1,21021371,0.98641124,0.00021963,0.0,2.212e-05,8.35e-06,0.99974707,1.89e-06,9.4e-07,33835,6,0.04955871,0.9900394
257,2,21021372,0.98735344,0.00020912,0.0,2.236e-05,8.27e-06,0.99975831,1.87e-06,6e-08,29931,6,0.03296407,0.9919939
257,3,21021373,0.98728034,0.00023205,0.0,2.379e-05,8.89e-06,0.99973317,1.98e-06,1.2e-07,39833,6,0.02977889,0.9890744
257,4,21021374,0.98631643,0.000218,0.0,2.309e-05,7.73e-06,0.99974866,1.9e-06,6.2e-07,36971,6,0.03893853,0.9841214
257,5,21021375,0.98675616,0.00021303,0.0,2.292e-05,7.87e-06,0.99975418,1.88e-06,1.2e-07,35401,6,0.04634169,0.9900217
257,6,21021376,0.9875766,0.00020494,0.0,2.217e-05,7.17e-06,0.99976375,1.9e-06,7e-08,5311,6,0.04762905,0.9861202
257,7,21021377,0.9867706,0.00022121,0.0,2.251e-05,8.32e-06,0.99974595,1.91e-06,1.1e-07,33931,6,0.05083709,0.9899921
257,8,21021378,0.98587436,0.00019593,0.0,2.206e-05,7.75e-06,0.99977219,1.82e-06,2.5e-07,26155,6,0.04702636,0.9885611
257,9,21021379,0.98686993,0.00020374,0.0,2.251e-05,7.1e-06,0.99976444,1.88e-06,3.2e-07,39113,6,0.03119739,0.9900483
257,10,21021380,0.98661592,0.00018683,0.0,2.146e-05,5.9e-06,0.99978367,1.81e-06,3.4e-07,36877,6,0.05797772,0.9900463
258,1,21021401,0.93135409,0.08072117,0.03692745,2e-08,0.14061872,0.0,0.07179144,0.66994121,16293,7,0.12493301,1.439458
258,2,21021402,0.94596695,0.07224956,0.02946497,0.00021924,0.0974816,0.0,0.05181353,0.74877109,49069,7,0.09710722,1.4406978
258,3,21021403,0.9089816,0.12710175,0.03991907,1e-07,0.18314747,0.0,0.08380792,0.5660237,16165,7,0.10773598,1.4405763
258,4,21021404,0.89721739,0.115688,0.03561844,2e-08,0.28615239,0.0,0.09219695,0.47034421,24333,7,0.0644713,1.4410742
258,5,21021405,0.89111461,0.12389928,0.05017513,1.9e-07,0.25686828,0.0,0.11216483,0.45689229,49037,7,0.07195919,1.4406995
258,6,21021406,0.91649312,0.11508344,0.04008704,2e-08,0.17568583,0.0,0.07840187,0.5907418,16141,7,0.08485323,1.4410742
258,7,21021407,0.90686221,0.10753491,0.03986878,0.00079577,0.22272118,0.0,0.0980211,0.53105826,16173,7,0.08938819,1.4410733
258,8,21021408,0.92534701,0.10212817,0.02399181,0.00043966,0.16333122,0.0,0.06965665,0.64045248,20357,7,0.08473149,1.4387154
258,9,21021409,0.9134994,0.10653434,0.03601638,0.00020873,0.19117133,0.0,0.0771138,0.58895542,12045,7,0.09885391,1.4405774
258,10,21021410,0.93170753,0.08283219,0.0312346,1.5e-07,0.15439768,0.0,0.06665839,0.66487701,12069,7,0.16605968,1.4400793
259,1,21021431,0.88043289,0.15049062,0.01932228,0.0,0.06120374,0.10039253,0.01983946,0.64875137,20363,7,0.12902579,1.6022986
259,2,21021432,0.8561356,0.18638839,0.0221266,0.0,0.07258137,0.10467639,0.02203675,0.5921905,23301,7,0.07886322,1.603984
259,3,21021433,0.91873428,0.09904762,0.03333568,0.0,0.04582384,0.07066498,0.01497329,0.7361546,19970,7,0.06949668,1.5998323
259,4,21021434,0.88820031,0.13988759,0.0214591,0.0,0.0609653,0.10874646,0.02004848,0.64889307,23298,7,0.09000571,1.6037354
259,5,21021435,0.92417658,0.10187302,0.01734455,0.0,0.04296945,0.1021858,0.00963803,0.72598915,19979,7,0.0893553,1.6013075
259,6,21021436,0.908583,0.11513127,0.0213064,0.0,0.04815048,0.07115706,0.01580859,0.7284462,24076,7,0.18239832,1.6011437
259,7,21021437,0.9245925,0.09572397,0.01339144,0.0,0.04066861,0.0586746,0.01368773,0.77785365,23043,7,0.13453839,1.6010557
259,8,21021438,0.88888874,0.1396821,0.02295723,0.0,0.06048309,0.06936201,0.01930302,0.68821255,19331,7,0.10138002,1.6017916
259,9,21021439,0.90565571,0.11887209,0.02122429,0.0,0.05626427,0.11453291,0.01329557,0.67581088,24322,7,0.10666504,1.6037383
259,10,21021440,0.88987317,0.15014241,0.02720429,0.0,0.05372617,0.11088643,0.01469206,0.64334863,19212,7,0.10354545,1.6029917
260,1,21021461,0.65685205,0.00012461,0.0,0.9998595,2.02e-06,1.114e-05,0.0,2.74e-06,65144,2,0.08612175,0.6556853
260,2,21021462,0.98715977,0.00020417,0.0,1.881e-05,1.864e-05,0.71525701,0.0,0.28450137,7577,6,0.03980325,0.9898344
260,3,21021463,0.98766451,0.00020724,0.0,1.9e-05,1.916e-05,0.65686605,0.0,0.34288855,28747,6,0.03094513,0.9918195
260,4,21021464,0.98723899,0.00019778,0.0,1.891e-05,1.691e-05,0.67228925,0.0,0.32747715,48377,6,0.02447341,0.9857033
260,5,21021465,0.9874025,0.0001914,0.0,1.87e-05,1.785e-05,0.70905768,0.0,0.29071437,9719,7,0.02856452,0.9933131
260,6,21021466,0.98680564,0.00020025,0.0,1.88e-05,1.839e-05,0.7321956,0.0,0.26756696,32973,6,0.04597627,0.9898049
260,7,21021467,0.98808346,0.00020629,0.0,1.89e-05,2.135e-05,0.69277961,0.0,0.30697385,38507,6,0.05398538,0.9898243
260,8,21021468,0.98733649,0.0002155,0.0,1.887e-05,2.111e-05,0.59388215,0.0,0.40586238,34379,6,0.03859342,0.9898172
260,9,21021469,0.98757465,0.00019153,0.0,1.894e-05,1.708e-05,0.71450842,0.0,0.28526402,24553,6,0.04835271,0.9857075
260,10,21021470,0.98753823,0.00020406,0.0,1.883e-05,1.807e-05,0.72526558,0.0,0.27449346,22007,7,0.02539916,0.993564
261,1,21021491,0.99097745,0.02671899,0.1267541,0.0,0.00018656,0.84633587,0.0,4.48e-06,42925,6,0.14320617,3.2069904
261,2,21021492,0.99594843,0.0002439,4.38e-06,0.0,1.191e-05,0.99973956,0.0,2.4e-07,56642,6,0.24413886,3.2103608
261,3,21021493,0.99103503,0.02302564,0.05983751,0.0,0.00025107,0.82054486,0.0,0.09634092,10123,6,0.11769335,3.2103608
261,4,21021494,0.99433904,0.00985038,0.06402081,0.0,0.00156111,0.91660585,0.0,0.00796185,22405,6,0.20257218,3.2103608
261,5,21021495,0.99087047,0.02875631,0.22691422,0.0,0.00205875,0.73551047,0.0,0.00676025,53499,6,0.06712572,3.2113538
261,6,21021496,0.99369868,0.01064255,0.14320633,0.0,0.00261534,0.79033026,0.0,0.05320552,49403,6,0.17347797,3.2113528
261,7,21021497,0.99355084,0.01226761,0.08939345,0.0,0.00057245,0.81760282,0.0,0.08016367,18619,6,0.08690231,3.2054734
261,8,21021498,0.99601302,0.00023705,4.47e-06,0.0,1.207e-05,0.99974622,0.0,1.9e-07,15451,6,0.31677959,3.2108576
261,9,21021499,0.99317963,0.01603126,0.17586146,0.0,0.0004979,0.76304905,0.0,0.04456033,50845,6,0.19699463,3.2113528
261,10,21021500,0.98979572,0.03165831,0.13691006,0.0,0.0008835,0.76103467,0.0,0.06951347,23291,6,0.16450334,3.2064846
262,1,21021521,0.5374291,0.1472377,0.04424547,0.11306808,0.02719393,0.41420616,0.24924524,0.00480341,32847,6,0.04824002,0.992182
262,2,21021522,0.58705873,0.13084832,0.04268433,0.06767135,0.03429232,0.4910907,0.22531137,0.00810161,33353,6,0.05985534,0.9921858
262,3,21021523,0.57266695,0.11528654,0.04976882,0.15974369,0.03389651,0.42713867,0.21416568,9e-08,23368,2,0.03748574,0.6602406
262,4,21021524,0.6022442,0.11333497,0.03910062,0.1272997,0.03153697,0.47351383,0.20787244,0.00734147,18567,6,0.04647964,0.987919
262,5,21021525,0.60188791,0.10942288,0.04449289,0.09602967,0.03697417,0.48318607,0.21514242,0.01475192,23111,6,0.0492894,0.9848997
262,6,21021526,0.5833893,0.12393009,0.05721031,0.02207828,0.03543876,0.48374906,0.25928289,0.01831061,12569,6,0.04011063,0.9676983
262,7,21021527,0.56503664,0.12927981,0.04765827,0.10282315,0.02610603,0.44086432,0.23932659,0.01394182,37451,6,0.04182669,0.992183
262,8,21021528,0.6038361,0.10581648,0.03445615,0.1548712,0.03502808,0.45473106,0.21104917,0.00404785,18567,6,0.054076,0.987919
262,9,21021529,0.56041356,0.10203699,0.04889783,0.13933288,0.03119188,0.39609907,0.25315295,0.0292884,23239,6,0.03823502,0.988671
262,10,21021530,0.54611868,0.11990864,0.04278046,0.14648593,0.03947572,0.34990467,0.25016645,0.05127813,23369,6,0.10646914,0.9903649
263,1,21021551,0.99294163,0.00386299,0.02947509,0.0,0.00063855,0.34243245,0.0,0.62359091,56599,6,0.02448499,0.9890442
263,2,21021552,0.99319323,0.00353989,0.03566506,0.0,0.00057805,0.25465623,0.0,0.70556077,3703,7,0.04334451,0.9939431
263,3,21021553,0.9926266,0.00534188,0.06277699,0.0,0.00089708,0.29998411,0.0,0.63099994,30463,7,0.02724903,0.9954339
263,4,21021554,0.99231319,0.00480112,0.03387921,0.0,0.00101502,0.35685279,0.0,0.60345187,47615,7,0.02367715,0.9954294
263,5,21021555,0.99258626,0.00504472,0.04648757,0.0,0.00028001,0.27113254,0.0,0.67705516,59117,6,0.02651292,0.9956997
263,6,21021556,0.99331675,0.00338624,0.03865576,0.0,0.0004161,0.2924765,0.0,0.66506541,48959,7,0.04138938,0.9954316
263,7,21021557,0.9928216,0.00451502,0.04430268,0.0,0.00024474,0.38775319,0.0,0.56318438,8031,7,0.03524393,0.997704
263,8,21021558,0.99243432,0.00480845,0.05773708,0.0,0.0008518,0.32522764,0.0,0.61137503,3799,7,0.02358173,0.9907095
263,9,21021559,0.99313289,0.00403652,0.04670192,0.0,0.00053114,0.34861419,0.0,0.60011622,22423,6,0.02632803,0.9923474
263,10,21021560,0.99256666,0.00532689,0.03540331,0.0,0.00047377,0.2380672,0.0,0.72072882,58743,7,0.03221183,0.996709
264,1,21021581,0.96688834,0.05681893,0.01473976,0.0,0.00623616,0.90856466,0.0,0.0136405,57131,6,0.09268428,2.8752907
264,2,21021582,0.96669332,0.06665191,0.05954187,0.0,0.00552481,0.78251312,0.0,0.08576829,19533,6,0.32701262,2.869109
264,3,21021583,0.96609008,0.0632654,0.01215154,0.0,0.00899281,0.89369153,0.0,0.02189872,54724,6,0.10025053,2.8743014
264,4,21021584,0.9674939,0.06428353,0.0284708,0.0,0.00957083,0.79282715,0.0,0.10484769,8356,6,0.10636692,2.86763
264,5,21021585,0.97389185,0.04993805,0.02330171,0.0,0.00779864,0.74003699,0.0,0.17892461,8364,6,0.11244305,2.867632
264,6,21021586,0.95095068,0.08795927,0.02856425,0.0,0.01170157,0.72355949,0.0,0.14821543,8372,6,0.06130267,2.8733026
264,7,21021587,0.97884734,0.03311099,0.10650847,0.0,0.00731096,0.75988398,0.0,0.09318559,52308,6,0.14840593,2.87397
264,8,21021588,0.9230957,0.14256229,0.02149362,0.0,0.01406221,0.68016087,0.0,0.14172101,24004,6,0.13260917,2.8698501
264,9,21021589,0.95012487,0.1064017,0.11613364,0.0,0.01040669,0.71816639,0.0,0.04889159,51715,6,0.10674734,2.8689354
264,10,21021590,0.94636671,0.10937875,0.07517072,0.0,0.00926626,0.64037423,0.0,0.16581005,23875,6,0.11104512,2.8743014
265,1,21021611,0.98708064,0.00021656,0.0,2.231e-05,8.18e-06,0.99931742,1.64e-06,0.00043389,46519,6,0.04196502,0.9929839
265,2,21021612,0.98668026,0.00018912,0.0,2.216e-05,7.35e-06,0.99977963,1.64e-06,1e-07,32971,6,0.05762397,0.9892323
265,3,21021613,0.98694583,0.00019872,0.0,2.244e-05,8.01e-06,0.9997692,1.59e-06,4e-08,57305,6,0.04550978,0.9912541
265,4,21021614,0.984879,0.00019754,0.0,2.243e-05,6.76e-06,0.99977123,1.64e-06,3.9e-07,23689,6,0.03542977,0.9816083
265,5,21021615,0.98686118,0.00020071,0.0,2.223e-05,8.03e-06,0.9997671,1.59e-06,3.3e-07,29081,6,0.04056934,0.9912465
265,6,21021616,0.98503824,0.00019613,0.0,2.233e-05,7.05e-06,0.99977287,1.58e-06,4e-08,64201,6,0.03620006,0.9912569
265,7,21021617,0.98637381,0.00017598,0.0,2.215e-05,5.96e-06,0.99979387,1.62e-06,4.2e-07,38777,6,0.05698189,0.9912569
265,8,21021618,0.98635937,0.00018599,0.0,2.22e-05,6.72e-06,0.99978343,1.61e-06,4e-08,23455,6,0.02458439,0.9898791
265,9,21021619,0.98556984,0.00019366,0.0,2.201e-05,6.59e-06,0.99977593,1.58e-06,2.1e-07,37995,6,0.05550609,0.9892467
265,10,21021620,0.9863353,0.00019937,0.0,2.235e-05,6.9e-06,0.99976951,1.62e-06,2.4e-07,5881,6,0.07459517,0.9835759
266,1,21021641,0.96441062,0.07904191,0.01627188,0.0,0.03788641,0.56409762,0.00824905,0.29445314,12077,7,0.08734801,2.3509987
266,2,21021642,0.97322906,0.05018845,0.04025107,0.0,0.01919456,0.56250746,0.00765757,0.32020089,22445,6,0.09294384,2.3488309
266,3,21021643,0.96162803,0.07419487,0.0290142,0.0,0.04052233,0.53584677,0.00906916,0.31135267,20365,7,0.08741595,2.3478358
266,4,21021644,0.96714364,0.06260417,0.02168411,0.0,0.03700192,0.72521954,0.00367216,0.14981809,10125,6,0.09253482,2.3510018
266,5,21021645,0.96967339,0.07254402,0.05761462,0.0,0.01890144,0.59117142,0.00445691,0.25531159,55205,6,0.07420547,2.348334
266,6,21021646,0.977143,0.04061282,0.01196222,0.0,0.02098852,0.75565337,0.00506274,0.16572032,23469,6,0.10457348,2.3488309
266,7,21021647,0.97080675,0.05381655,0.01596851,0.0,0.02499629,0.71627135,0.0043438,0.18460351,19989,6,0.13194323,2.3505051
266,8,21021648,0.96650582,0.07520272,0.04431872,0.0,0.02514447,0.5889213,0.00838547,0.25802733,12165,7,0.12765382,2.3473371
266,9,21021649,0.97178137,0.05765757,0.06128113,0.0,0.02774195,0.6896041,0.0032284,0.16048684,48789,6,0.10884167,2.348334
266,10,21021650,0.97575091,0.04483557,0.04056345,0.0,0.02306798,0.59235259,0.00428661,0.2948938,49069,7,0.14090476,2.349323
267,1,21021671,0.37789546,0.45218614,0.04956277,0.0,0.21126626,0.0,0.23829508,0.04868975,19087,7,0.04047293,0.9944464
267,2,21021672,0.42696886,0.43363278,0.04715891,0.0,0.18058217,0.0,0.22270059,0.11592554,19079,7,0.07198034,0.9934625
267,3,21021673,0.41572801,0.44120959,0.05144518,0.0,0.19274093,0.0,0.22445654,0.09014776,23183,7,0.06330682,0.994939
267,4,21021674,0.38708171,0.4483878,0.05317652,0.0,0.18852285,0.0,0.24981665,0.06009618,20103,7,0.02620366,0.9927891
267,5,21021675,0.40094343,0.45168419,0.05121894,0.0,0.21459209,0.0,0.19722838,0.0852764,24199,7,0.01839584,0.9935245
267,6,21021676,0.41417068,0.44774871,0.04929941,0.0,0.19161498,0.0,0.22269538,0.08864152,24199,7,0.03360172,0.9935245
267,7,21021677,0.46484153,0.39439401,0.0454933,0.0,0.18065594,0.0,0.22168701,0.15776975,23175,7,0.10262426,0.9942001
267,8,21021678,0.39730709,0.44151942,0.05199016,0.0,0.21175703,0.0,0.21898273,0.07575066,20103,7,0.02584045,0.9927891
267,9,21021679,0.40223566,0.47207352,0.05333578,0.0,0.18773105,0.0,0.20585722,0.08100243,19079,7,0.02891883,0.9934625
267,10,21021680,0.40621993,0.45977172,0.05330217,0.0,0.19932886,0.0,0.21964495,0.0679523,19087,7,0.02347654,0.9944464
268,1,21021701,0.98941178,0.00022034,0.0,1.119e-05,2.22e-05,0.68430395,0.0,0.31544232,40377,6,0.06128621,0.9928247
268,2,21021702,0.98863613,0.00022986,0.0,1.118e-05,2.152e-05,0.6384138,0.0,0.36132364,44473,6,0.05805906,0.9908325
268,3,21021703,0.98923977,0.00022666,0.0,1.119e-05,2.153e-05,0.71739701,0.0,0.28234361,62297,6,0.04436115,0.9928267
268,4,21021704,0.98931011,0.0002158,0.0,1.13e-05,2.176e-05,0.64918436,0.0,0.35056679,22969,6,0.06519352,0.9902373
268,5,21021705,0.98920708,0.00021934,0.0,1.121e-05,2.146e-05,0.6385594,0.0,0.36118859,36121,6,0.03839964,0.9908139
268,6,21021706,0.98924235,0.00023655,0.0,1.094e-05,2.308e-05,0.56052142,0.0,0.43920801,50679,7,0.02437667,0.9944777
268,7,21021707,0.99002102,0.00020042,0.0,1.132e-05,1.841e-05,0.74425797,0.0,0.25551188,7609,6,0.07450598,0.9918302
268,8,21021708,0.98799187,0.00022393,0.0,1.116e-05,2.067e-05,0.73252723,0.0,0.26721701,24057,6,0.02789343,0.9928205
268,9,21021709,0.98904012,0.00020319,0.0,1.124e-05,2.014e-05,0.78016912,0.0,0.21959632,35433,6,0.07320559,0.9882408
268,10,21021710,0.98856696,0.00021232,0.0,1.12e-05,1.94e-05,0.70405666,0.0,0.29570042,8041,6,0.05713458,0.986695
269,1,21021731,0.99276528,0.01542913,0.01148676,0.0,3.327e-05,0.92620956,0.0,0.04684128,48220,6,0.14447413,3.4373256
269,2,21021732,0.9955217,0.00023664,4.24e-06,0.0,9.27e-06,0.99974965,0.0,2e-07,11482,6,0.16672788,3.4301789
269,3,21021733,0.9932192,0.01096714,0.05591985,0.0,0.00041078,0.79592371,0.0,0.13677852,13970,6,0.15334713,3.4367457
269,4,21021734,0.98836955,0.03471023,0.02915648,0.0,0.00020057,0.86080877,0.0,0.07512395,52891,6,0.1827296,3.4331769
269,5,21021735,0.98944186,0.02761003,0.0417055,0.0,0.00316236,0.85505145,0.0,0.07247066,50842,6,0.08116659,3.4369942
269,6,21021736,0.99155671,0.02182009,0.04047631,0.0,0.00070012,0.93554574,0.0,0.00145773,8884,6,0.09989379,3.4360012
269,7,21021737,0.98675895,0.04475028,0.08237619,0.0,0.00051348,0.74994248,0.0,0.12241759,8436,6,0.16387352,3.4360012
269,8,21021738,0.99589038,0.00023591,4.34e-06,0.0,1.085e-05,0.9997487,0.0,2e-07,42203,6,0.2611364,3.4379863
269,9,21021739,0.98599045,0.04577499,0.07572144,0.0,0.00045348,0.82093888,0.0,0.05711121,17603,6,0.1044733,3.4297125
269,10,21021740,0.99102507,0.02402184,0.04262922,0.0,0.00053339,0.91582063,0.0,0.01699492,22172,6,0.13509906,3.4369942
270,1,21021761,0.90824312,0.01782542,0.0,0.09688074,0.00741062,0.85790551,0.01997768,2e-08,36876,2,0.04728247,0.6598327
270,2,21021762,0.95766932,0.01508507,0.0,0.01957011,0.00101928,0.95347538,0.01033156,0.00051861,36937,6,0.06993906,0.9905033
270,3,21021763,0.92607616,0.01697781,0.0,0.08137201,0.00155885,0.89299708,0.00709423,2e-08,39897,6,0.0428369,0.9925008
270,4,21021764,0.8794476,0.01989524,0.0,0.20877224,0.00078484,0.7565187,0.01402897,2e-08,36878,2,0.14618498,0.6598327
270,5,21021765,0.92181472,0.00975751,0.0,0.09454996,0.00294234,0.8799761,0.0127698,4.29e-06,32777,6,0.06681966,0.9905078
270,6,21021766,0.94314669,0.0140999,0.0,0.03308679,0.00290695,0.93474552,0.01356308,0.00159776,23945,6,0.0620146,0.9786854
270,7,21021767,0.90508551,0.01641169,0.0,0.11274311,0.00203599,0.85390759,0.01490124,3.8e-07,37192,2,0.05773682,0.6534632
270,8,21021768,0.94100055,0.01348465,0.0,0.06866185,0.00071265,0.9140829,0.00305793,3e-08,61273,6,0.03014993,0.9904885
270,9,21021769,0.90410452,0.02117231,0.0,0.08730274,0.00119925,0.87240271,0.01792293,7e-08,34827,6,0.08866332,0.9904859
270,10,21021770,0.93904562,0.01179868,0.0,0.0682878,0.00163296,0.91009847,0.00818205,4e-08,61897,6,0.03796754,0.9816199
271,1,21021791,0.99574603,0.01542105,0.05158028,0.0,0.0086004,5.5e-06,0.0,0.92439277,58943,7,0.02350047,0.9993401
271,2,21021792,0.99480183,0.01720225,0.06150207,0.0,0.01211019,2.02e-06,0.0,0.90918348,56823,7,0.02122441,0.9994865
271,3,21021793,0.99498585,0.01582142,0.08889346,0.0,0.01209033,2.79e-06,0.0,0.88319199,47031,4,0.01787212,0.9993543
271,4,21021794,0.99439618,0.02025505,0.07522637,0.0,0.01639894,0.00735579,0.0,0.88076385,42999,7,0.02420439,0.9994034
271,5,21021795,0.99491305,0.02008633,0.07632518,0.0,0.00837347,0.00480796,0.0,0.89040705,16279,7,0.01937058,0.9992219
271,6,21021796,0.99572394,0.01549147,0.05973332,0.0,0.00826332,0.01474988,0.0,0.90176201,8031,7,0.0170608,0.9997333
271,7,21021797,0.99479758,0.02115616,0.07631896,0.0,0.00774255,0.018732,0.0,0.87605034,32383,7,0.02327814,0.9994723
271,8,21021798,0.99530372,0.01449428,0.06001288,0.0,0.01552027,0.0091957,0.0,0.90077688,24559,7,0.0289133,0.999471
271,9,21021799,0.99516706,0.01808129,0.07864633,0.0,0.0124106,0.00685374,0.0,0.88400803,52735,7,0.01922632,0.9997343
271,10,21021800,0.99545775,0.01474008,0.05140607,0.0,0.0138988,0.02225578,0.0,0.89769927,44927,7,0.02609389,0.9997346
272,1,21021821,0.93492414,0.10190386,0.02199409,0.0,0.03089081,0.51106396,0.00533161,0.32881567,23299,7,0.10018337,2.2216318
272,2,21021822,0.95577071,0.0764001,0.0401364,0.0,0.01910692,0.66281032,0.00321317,0.19833308,18052,6,0.07242248,2.2162632
272,3,21021823,0.947764,0.08454278,0.02312487,0.0,0.02131148,0.4873007,0.00476177,0.3789584,18956,7,0.07807355,2.2162564
272,4,21021824,0.95109779,0.07421446,0.02476514,0.0,0.02395837,0.75957338,0.00594718,0.11154147,19237,6,0.13857823,2.2211392
272,5,21021825,0.95357843,0.06992423,0.02079611,0.0,0.02131592,0.51100163,0.00407679,0.37288532,18946,7,0.07887861,2.2162544
272,6,21021826,0.9702747,0.04501855,0.01419874,0.0,0.01650339,0.67360511,0.00273981,0.2479344,20363,7,0.10840265,2.2187258
272,7,21021827,0.96345036,0.05211506,0.0139916,0.0,0.01770324,0.58193211,0.00264713,0.33161086,51715,6,0.10111004,2.2175632
272,8,21021828,0.96465788,0.0462628,0.01210098,0.0,0.02108401,0.76384952,0.00418275,0.15251993,18060,6,0.17200487,2.2162652
272,9,21021829,0.94963984,0.08298366,0.02621557,0.0,0.026805,0.62333123,0.0037442,0.23692035,53003,6,0.07454914,2.222628
272,10,21021830,0.93897389,0.09786972,0.0221446,0.0,0.02849934,0.59922408,0.006543,0.24571926,19243,6,0.05732821,2.221636
273,1,21021851,0.98677562,0.00020186,0.0,2.328e-05,1.912e-05,0.60275058,0.0,0.39700517,26217,6,0.03540831,0.9886685
273,2,21021852,0.98697649,0.00020887,0.0,2.293e-05,1.932e-05,0.62933695,0.0,0.37041194,64219,6,0.04876741,0.984316
273,3,21021853,0.98771297,0.00018985,0.0,2.307e-05,1.668e-05,0.7119249,0.0,0.28784551,37003,6,0.03564469,0.9891343
273,4,21021854,0.9863815,0.0002026,0.0,2.313e-05,1.815e-05,0.65731854,0.0,0.34243758,21945,6,0.04311286,0.9911242
273,5,21021855,0.98700643,0.00018715,0.0,2.316e-05,1.666e-05,0.74127744,0.0,0.25849558,61273,6,0.06420998,0.9891345
273,6,21021856,0.98568757,0.00019094,0.0,2.307e-05,1.65e-05,0.77183054,0.0,0.22793895,38265,6,0.04145358,0.9911447
273,7,21021857,0.65590166,0.00011718,0.0,0.99986815,1.87e-06,1.023e-05,0.0,2.58e-06,31006,2,0.11816976,0.6585404
273,8,21021858,0.98523185,0.00020039,0.0,2.303e-05,1.986e-05,0.63655834,0.0,0.36319838,34633,6,0.03633727,0.9823976
273,9,21021859,0.98620081,0.00019982,0.0,2.307e-05,1.821e-05,0.66551177,0.0,0.33424713,38281,6,0.05459137,0.9823387
273,10,21021860,0.98562355,0.00018576,0.0,2.299e-05,1.63e-05,0.76315486,0.0,0.23662009,54649,6,0.02832328,0.9867645
274,1,21021881,0.9940652,0.00481038,4.21e-06,0.0,0.00676351,0.9884216,0.0,3e-07,52437,6,0.2540084,3.0809194
274,2,21021882,0.98449051,0.03440935,0.00368293,0.0,0.00198175,0.89225041,0.0,0.06767556,46533,6,0.13354512,3.0856205
274,3,21021883,0.96084052,0.10466455,0.00563996,0.0,0.01203366,0.85790758,0.0,0.01975425,16029,6,0.0625331,3.0817512
274,4,21021884,0.98928631,0.02237366,0.00260638,0.0,0.00019253,0.76397246,0.0,0.21085497,9869,6,0.12749061,3.0797621
274,5,21021885,0.99151897,0.01435401,0.00797948,0.0,0.00043219,0.93129406,0.0,0.04594025,15820,6,0.07993195,3.0809194
274,6,21021886,0.95017265,0.18000287,0.00767439,0.0,0.00255505,0.76275534,0.0,0.04701234,12074,6,0.16493402,3.0843748
274,7,21021887,0.97611592,0.0690281,0.0198366,0.0,0.00377094,0.8079018,0.0,0.09946257,24093,6,0.12330109,3.0858687
274,8,21021888,0.99282497,0.01094686,0.01938349,0.0,0.00139456,0.88451366,0.0,0.08376143,56780,6,0.19136217,3.0812528
274,9,21021889,0.9888602,0.02525796,0.00332648,0.0,0.00066596,0.96176886,0.0,0.00898074,19781,6,0.09154379,3.0848752
274,10,21021890,0.98411224,0.03926043,0.00227791,0.0,0.00154611,0.91876534,0.0,0.03815021,20667,6,0.11849815,3.0858631
275,1,21021911,0.38937643,0.20529613,0.03847977,0.0,0.08149646,0.27768406,0.36207686,0.03496672,18631,6,0.03327797,0.990004
275,2,21021912,0.35498295,0.2239827,0.03454469,0.0,0.08955964,0.22665882,0.37564003,0.04961413,22663,6,0.03764695,0.9907478
275,3,21021913,0.38212386,0.22293441,0.03103693,0.0,0.08463152,0.27336399,0.35188786,0.03614529,18567,6,0.05477455,0.9900095
275,4,21021914,0.33702445,0.22619774,0.04364468,0.0,0.09563407,0.22498971,0.38438156,0.02515224,19591,6,0.03961756,0.990004
275,5,21021915,0.38330602,0.20529664,0.03503061,0.0,0.09276629,0.29876002,0.3540374,0.01410905,19591,6,0.0460061,0.990004
275,6,21021916,0.43601359,0.20167968,0.0387792,0.0,0.07180905,0.33101186,0.32383912,0.03288108,18567,6,0.06398946,0.9900095
275,7,21021917,0.35903348,0.23250636,0.04049737,0.0,0.0958858,0.24401435,0.36157534,0.02552079,22727,6,0.05020974,0.9907423
275,8,21021918,0.374464,0.20557798,0.03781815,0.0,0.09036942,0.27215153,0.36188417,0.03219874,19079,7,0.02186849,0.9872893
275,9,21021919,0.42178903,0.21299429,0.03590144,0.0,0.08580429,0.27023841,0.3213639,0.07369766,23687,6,0.07636754,0.9907423
275,10,21021920,0.36317342,0.21345436,0.04107344,0.0,0.09218763,0.26825987,0.36984728,0.01517742,22727,6,0.0360185,0.9907423
276,1,21021941,0.99094639,0.00354148,0.01389885,0.0,0.00013634,0.42593711,0.0,0.55648621,48567,6,0.02288125,0.9961515
276,2,21021942,0.9906973,0.00364048,0.00899548,0.0,0.00051019,0.42272798,0.0,0.56412587,15735,7,0.03138756,0.9961526
276,3,21021943,0.99127968,0.00251423,0.00822197,0.0,0.00022922,0.37911989,0.0,0.60991469,42943,6,0.02456548,0.994616
276,4,21021944,0.99084703,0.00342253,0.0078838,0.0,0.00029705,0.36840365,0.0,0.61999297,25407,7,0.03387738,0.9923434
276,5,21021945,0.99147148,0.00248088,0.0101029,0.0,0.00028949,0.40850321,0.0,0.57862352,33655,7,0.02559128,0.9926329
276,6,21021946,0.99089972,0.00241644,0.00639795,0.0,0.00043654,0.36349266,0.0,0.62725642,40439,7,0.02496108,0.9961535
276,7,21021947,0.99143675,0.00204648,0.00882204,0.0,0.00050549,0.37912878,0.0,0.6094972,56735,6,0.03333891,0.9963922
276,8,21021948,0.99094206,0.00246499,0.00398559,0.0,0.00064232,0.44144126,0.0,0.55146583,62823,6,0.02146162,0.9868412
276,9,21021949,0.99134739,0.00258694,0.00526882,0.0,0.00025524,0.38643314,0.0,0.60545585,43895,7,0.03444778,0.9942834
276,10,21021950,0.99086882,0.00295709,0.00642915,0.0,0.00084446,0.35638399,0.0,0.63338532,4031,7,0.02433025,0.9936262
277,1,21021971,0.98315848,0.04165139,0.0042326,0.0,0.00364989,0.91016413,0.0,0.040302,22164,6,0.14131287,3.3073798
277,2,21021972,0.9878898,0.02295604,0.00166833,0.0,0.00165349,0.94438898,0.0,0.02933316,14851,6,0.11932114,3.301322
277,3,21021973,0.99423911,0.00425742,0.01011735,0.0,0.00017084,0.89971778,0.0,0.08573662,19547,6,0.20929246,3.3076284
277,4,21021974,0.9620928,0.07211503,0.00419209,0.0,0.00081275,0.89166194,0.0,0.03121819,8885,6,0.13847768,3.3071316
277,5,21021975,0.99500859,0.00142318,0.00516643,0.0,3.749e-05,0.93940944,0.0,0.05396347,23061,6,0.13278232,3.3013346
277,6,21021976,0.95822544,0.09880641,0.00425751,0.0,0.0020099,0.8843512,0.0,0.01057498,15683,6,0.13520725,3.3076284
277,7,21021977,0.98096485,0.04726002,0.00125278,0.0,0.00183845,0.80344485,0.0,0.1462039,54916,6,0.09658104,3.3015789
277,8,21021978,0.98887897,0.01914568,0.00314467,0.0,0.00298304,0.85510584,0.0,0.11962078,15443,6,0.12218279,3.3076284
277,9,21021979,0.96565294,0.06894574,0.00133115,0.0,0.00110887,0.90347282,0.0,0.02514141,10762,6,0.16955751,3.3001026
277,10,21021980,0.98291851,0.03021028,0.0021626,0.0,0.00111166,0.96597886,0.0,0.00053661,54476,6,0.33652295,3.3020685
278,1,21022001,0.98550287,0.00020646,0.0,2.153e-05,7.96e-06,0.99742524,1.73e-06,0.00233709,34153,6,0.03383229,0.9760593
278,2,21022002,0.98595956,0.00017471,0.0,2.107e-05,6.06e-06,0.99979637,1.71e-06,8e-08,28701,6,0.05597707,0.9846141
278,3,21022003,0.98622379,0.00018414,0.0,2.134e-05,7.24e-06,0.99978506,1.66e-06,5.6e-07,33373,6,0.0418743,0.982628
278,4,21022004,0.65538448,0.00012502,0.0,0.99985656,3.82e-06,1.274e-05,1.84e-06,1e-08,24510,2,0.05173962,0.6581479
278,5,21022005,0.98539576,0.00019062,0.0,2.138e-05,6.87e-06,0.99977929,1.72e-06,1.1e-07,38633,6,0.05023837,0.9892766
278,6,21022006,0.98591939,0.00019706,0.0,2.132e-05,6.66e-06,0.99734927,1.73e-06,0.00242396,39627,6,0.03781574,0.989258
278,7,21022007,0.98608152,0.00020103,0.0,2.13e-05,6.85e-06,0.99976862,1.68e-06,5.2e-07,26633,6,0.0367855,0.9907631
278,8,21022008,0.98764881,0.00022335,0.0,2.195e-05,8.46e-06,0.99974171,1.71e-06,2.82e-06,47545,6,0.04124836,0.9879292
278,9,21022009,0.98700121,0.00021257,0.0,2.172e-05,7.7e-06,0.999756,1.78e-06,2.3e-07,32985,6,0.03599521,0.9826213
278,10,21022010,0.98568716,0.00019373,0.0,2.159e-05,6.77e-06,0.99977607,1.71e-06,1.3e-07,32843,6,0.03667553,0.9892835
279,1,21022031,0.92102598,0.11882579,0.11481308,0.0,0.09972829,0.0337615,0.03331977,0.59955158,16133,7,0.0713071,1.8953033
279,2,21022032,0.90591111,0.1364866,0.15677273,0.0,0.10989804,0.03010645,0.0478024,0.51893377,44845,7,0.05937054,1.8962935
279,3,21022033,0.91482916,0.12506915,0.18331889,0.0,0.11466383,0.05525937,0.03708471,0.48460405,44933,7,0.05379679,1.8932041
279,4,21022034,0.91616983,0.12704374,0.19350915,0.0,0.10761027,0.00869215,0.03792965,0.52521504,12205,7,0.10775635,1.8930341
279,5,21022035,0.93648926,0.0862681,0.16959863,0.0,0.08444616,0.02906904,0.02803087,0.60258719,48653,7,0.09387131,1.893524
279,6,21022036,0.93273102,0.10115906,0.15846315,0.0,0.10730364,0.1279372,0.01624576,0.4888912,16173,7,0.09527746,1.8957983
279,7,21022037,0.9409785,0.09351183,0.08356004,0.0,0.07118035,0.11889058,0.01934052,0.61351667,52997,7,0.07868584,1.8953033
279,8,21022038,0.91988301,0.12703887,0.17406409,0.0,0.09188811,1.41e-06,0.03855762,0.5684499,53165,7,0.08222487,1.894523
279,9,21022039,0.92934438,0.09773769,0.18813411,0.0,0.10448893,0.04487394,0.03298453,0.53178081,15885,7,0.12252895,1.8925399
279,10,21022040,0.92022171,0.12665435,0.09094942,0.0,0.09240805,0.01076411,0.03395771,0.64526637,12165,7,0.09040668,1.8925409
280,1,21022061,0.87341924,0.14162573,0.03368337,0.0,0.06451647,0.0,0.0265278,0.73364663,19210,7,0.1341191,1.3092442
280,2,21022062,0.90601271,0.10451344,0.02248934,0.0,0.04717069,0.0,0.01706283,0.8087637,20226,7,0.12024691,1.3092458
280,3,21022063,0.89672109,0.10736309,0.02130972,0.0,0.04837561,0.0,0.02542704,0.79752454,18955,7,0.09223858,1.3081363
280,4,21022064,0.89994671,0.1082198,0.02645727,0.0,0.0552157,0.0,0.02255647,0.78755076,20234,7,0.16922568,1.3092468
280,5,21022065,0.83974162,0.16619071,0.03528149,0.0,0.09120726,0.0,0.03771062,0.66960992,24066,7,0.0829819,1.3076476
280,6,21022066,0.90524867,0.10104749,0.02814012,0.0,0.05125292,0.0,0.02065062,0.79890885,18947,7,0.15687131,1.3071507
280,7,21022067,0.86305112,0.15966319,0.03723138,0.0,0.06721774,0.0,0.02952948,0.7063582,19203,7,0.12356868,1.3097395
280,8,21022068,0.87788806,0.13892318,0.02558908,0.0,0.06877131,0.0,0.02375811,0.74295832,18955,7,0.12831745,1.3081363
280,9,21022069,0.88172854,0.12630932,0.03052928,0.0,0.0593235,0.0,0.03133058,0.75250733,20234,7,0.20523386,1.3092468
280,10,21022070,0.9012235,0.11323432,0.02145818,0.0,0.05034785,0.0,0.0225334,0.79242626,24076,7,0.1488941,1.3079765
281,1,21022091,0.98691449,0.00018744,0.0,1.58e-05,1.66e-05,0.73902348,0.0,0.26075668,6985,6,0.05336913,0.9836221
281,2,21022092,0.98790492,0.00020191,0.0,1.562e-05,2.176e-05,0.68457087,0.0,0.31518985,15737,6,0.05734768,0.9917498
281,3,21022093,0.9866185,0.0001911,0.0,1.568e-05,1.734e-05,0.69755111,0.0,0.30222477,38233,6,0.03345909,0.9856022
281,4,21022094,0.98722726,0.00021409,0.0,1.577e-05,2.061e-05,0.68905707,0.0,0.31069246,47065,6,0.03645997,0.9917508
281,5,21022095,0.98863152,0.00021488,0.0,1.571e-05,2.098e-05,0.58759623,0.0,0.41215219,63423,7,0.03092204,0.9906774
281,6,21022096,0.98650013,0.00021007,0.0,1.575e-05,1.91e-05,0.76970909,0.0,0.23004598,38649,6,0.03448651,0.9856062
281,7,21022097,0.98733906,0.00018656,0.0,1.58e-05,1.469e-05,0.76449046,0.0,0.2352925,61401,6,0.07934559,0.9897886
281,8,21022098,0.98691564,0.0002044,0.0,1.568e-05,1.851e-05,0.712761,0.0,0.2870004,58377,6,0.03014725,0.9917706
281,9,21022099,0.98837211,0.00020262,0.0,1.563e-05,2.011e-05,0.61672287,0.0,0.38303878,8057,6,0.05274612,0.9917655
281,10,21022100,0.98740191,0.00020074,0.0,1.575e-05,2.154e-05,0.70971444,0.0,0.29004753,43993,6,0.05662576,0.9897866
282,1,21022121,0.99534583,0.00051431,0.71791968,0.0,2.057e-05,0.2562961,0.0,0.02524934,18914,4,0.19490164,3.5340477
282,2,21022122,0.99536215,0.00046269,0.76946113,0.0,1.088e-05,0.23006336,0.0,1.94e-06,55779,4,0.40493777,3.5360508
282,3,21022123,0.99519457,0.00061426,0.77415117,0.0,2.436e-05,0.20691079,0.0,0.01829943,47741,4,0.16283387,3.5370499
282,4,21022124,0.99531645,0.00046913,0.43900087,0.0,2.396e-05,0.55314956,0.0,0.00735647,14965,4,0.09903781,3.5358003
282,5,21022125,0.99544506,0.00052949,0.64301459,0.0,2.339e-05,0.35642924,0.0,3.28e-06,14818,4,0.33254147,3.5352996
282,6,21022126,0.99565339,0.00052936,0.37623085,0.0,2.338e-05,0.52876167,0.0,0.09445474,47869,4,0.14695409,3.5370399
282,7,21022127,0.99542066,0.0004538,0.33100474,0.0,2.087e-05,0.62081883,0.0,0.04770177,9859,6,0.08165181,3.5335833
282,8,21022128,0.99572423,0.00049312,0.54474262,0.0,1.978e-05,0.45474006,0.0,4.43e-06,10730,4,0.12384227,3.5340488
282,9,21022129,0.99575694,0.00043645,0.20296732,0.0,1.703e-05,0.79657609,0.0,3.11e-06,51979,6,0.11574437,3.5420565
282,10,21022130,0.99513931,0.00052319,0.65008533,0.0,1.643e-05,0.29981816,0.0,0.04955689,23010,4,0.28558046,3.5352996
283,1,21022151,0.66411934,0.08524795,0.01576856,0.10978938,0.02122804,0.60033134,0.15145649,0.01617823,36105,6,0.10630345,0.9865295
283,2,21022152,0.5893295,0.09761223,0.01701904,0.21630514,0.02353338,0.44591844,0.17938902,0.02022274,23112,2,0.05536234,0.6543769
283,3,21022153,0.64576917,0.08317935,0.01573455,0.11094092,0.02846699,0.5357004,0.17213135,0.05384644,6095,6,0.03393054,0.9895044
283,4,21022154,0.66728282,0.05844981,0.01362678,0.23573737,0.00856978,0.53423751,0.14937868,6e-08,18567,6,0.07806122,0.9860595
283,5,21022155,0.61695751,0.07830904,0.01502863,0.23156203,0.0213228,0.50347503,0.14756633,0.00273613,23118,2,0.05513175,0.6550339
283,6,21022156,0.62127261,0.07770511,0.01399112,0.2016793,0.01936726,0.5259207,0.16004669,0.00128982,37387,6,0.10485337,0.9888866
283,7,21022157,0.59656055,0.08144991,0.01430174,0.20121858,0.02221136,0.50009694,0.17013841,0.01058306,33353,6,0.03823454,0.9912512
283,8,21022158,0.71074418,0.06218714,0.0151521,0.20679768,0.0148412,0.56184734,0.0988071,0.04036745,23374,2,0.0539488,0.6590387
283,9,21022159,0.68558228,0.06148532,0.01365136,0.14828403,0.01820662,0.59430138,0.1477311,0.01634019,23118,2,0.04436859,0.6550339
283,10,21022160,0.64531226,0.09333709,0.01515704,0.16406117,0.02179362,0.56758353,0.13806745,9e-08,1991,6,0.05700044,0.9890042
284,1,21022181,0.99341907,0.0068702,0.0754695,0.0,0.00186428,0.12669727,0.0,0.78909874,47999,7,0.02795689,0.9976378
284,2,21022182,0.99331644,0.00684797,0.08603139,0.0,0.00123817,0.14954523,0.0,0.75633724,6655,7,0.02829083,0.9958649
284,3,21022183,0.99211726,0.01040248,0.07024479,0.0,0.00340451,0.17383926,0.0,0.74210895,60919,7,0.02282192,0.9980884
284,4,21022184,0.99333427,0.00732989,0.05996119,0.0,0.00182073,0.11615116,0.0,0.81473702,28503,7,0.02662714,0.9979203
284,5,21022185,0.9932737,0.0068254,0.06022898,0.0,0.00113785,0.15371794,0.0,0.77808982,8007,7,0.02198664,0.9956139
284,6,21022186,0.99309282,0.00863131,0.07157811,0.0,0.00151734,0.14143036,0.0,0.77684287,12111,7,0.02411649,0.9963557
284,7,21022187,0.99343224,0.0068624,0.08111408,0.0,0.00170758,0.10669331,0.0,0.80362263,28159,7,0.0338964,0.9979239
284,8,21022188,0.99348663,0.00667446,0.0787659,0.0,0.0021272,0.12158079,0.0,0.79085165,46455,7,0.02248528,0.9977901
284,9,21022189,0.99227929,0.00904537,0.05764844,0.0,0.00286736,0.11861331,0.0,0.81182552,40575,7,0.02870263,0.9968564
284,10,21022190,0.99318965,0.00759885,0.07510333,0.0,0.00178365,0.13394909,0.0,0.78156508,11991,7,0.02091196,0.9947994
285,1,21022211,0.9634567,0.08626588,0.01549522,0.0,0.02096851,0.62410464,0.0,0.25316575,24067,7,0.07220703,2.8111046
285,2,21022212,0.97320211,0.04853703,0.01584589,0.0,0.01349904,0.73006553,0.0,0.19205251,19244,6,0.08759478,2.8154351
285,3,21022213,0.96658673,0.06141939,0.01207556,0.0,0.01824402,0.69686563,0.0,0.2113954,18947,7,0.06925127,2.8103595
285,4,21022214,0.9708511,0.05139824,0.01851038,0.0,0.01238759,0.58172773,0.0,0.33597605,24107,6,0.10123837,2.8118225
285,5,21022215,0.97294883,0.04731793,0.04490017,0.0,0.01377976,0.87076289,0.0,0.02323924,24098,6,0.10204222,2.8108406
285,6,21022216,0.97698851,0.04478497,0.04021641,0.0,0.01006039,0.85673498,0.0,0.04820324,52003,6,0.10818828,2.8164272
285,7,21022217,0.96797865,0.06037,0.03706896,0.0,0.01483996,0.51582066,0.0,0.37190042,19203,7,0.17224791,2.8159248
285,8,21022218,0.97777662,0.04167444,0.0060507,0.0,0.00952342,0.55743062,0.0,0.38532082,52002,6,0.07976841,2.8160958
285,9,21022219,0.97226747,0.05353234,0.03578637,0.0,0.01310248,0.60185378,0.0,0.29572503,20267,6,0.11994987,2.816423
285,10,21022220,0.96722683,0.07297034,0.01710995,0.0,0.01325493,0.7366834,0.0,0.15998138,18307,6,0.27060404,2.8159304
286,1,21022241,0.98608407,0.00019287,0.0,2.161e-05,6.98e-06,0.99977693,1.56e-06,5e-08,37071,6,0.03761669,0.9886814
286,2,21022242,0.98583737,0.00019934,0.0,2.178e-05,8.48e-06,0.99976838,1.6e-06,4.1e-07,38441,6,0.04960315,0.9850995
286,3,21022243,0.98467045,0.00017737,0.0,2.162e-05,7.08e-06,0.99979234,1.57e-06,2e-08,37385,6,0.0602063,0.9850975
286,4,21022244,0.98574651,0.00018323,0.0,2.159e-05,7.54e-06,0.99978569,1.59e-06,3.5e-07,26153,6,0.03733604,0.9850997
286,5,21022245,0.98537645,0.00018966,0.0,2.176e-05,6.77e-06,0.99977987,1.58e-06,3.6e-07,33481,6,0.03641893,0.9886877
286,6,21022246,0.98630143,0.00023166,0.0,2.184e-05,1.005e-05,0.99973316,1.61e-06,1.68e-06,58511,6,0.02995519,0.9906704
286,7,21022247,0.98542735,0.00018626,0.0,2.161e-05,7.49e-06,0.99978296,1.56e-06,1.2e-07,58987,6,0.03751178,0.9906921
286,8,21022248,0.98693207,0.00019656,0.0,2.165e-05,6.65e-06,0.99977357,1.55e-06,2e-08,32845,6,0.05050075,0.9887093
286,9,21022249,0.98538129,0.00018989,0.0,2.164e-05,6.97e-06,0.99977928,1.61e-06,6.1e-07,36957,6,0.05577706,0.9814934
286,10,21022250,0.98619531,0.00018697,0.0,2.169e-05,7.02e-06,0.99978217,1.56e-06,5.9e-07,61433,6,0.066137,0.9887246
287,1,21022271,0.97737369,0.0484077,0.01786722,0.0,0.01441883,0.79916655,0.0,0.1201397,48045,6,0.12586507,2.8118942
287,2,21022272,0.97424586,0.05468509,0.00551727,0.0,0.01852579,0.75632466,0.0,0.16494719,54011,6,0.1068381,2.8154712
287,3,21022273,0.97119614,0.06706597,0.0088959,0.0,0.01922935,0.85095483,0.0,0.05385395,22413,6,0.0706107,2.8149786
287,4,21022274,0.98297752,0.0311241,0.01010022,0.0,0.00911337,0.79760829,0.0,0.15205402,24484,6,0.1320494,2.8101407
287,5,21022275,0.98125392,0.04227634,0.01556932,0.0,0.01275545,0.83384772,0.0,0.09555117,9677,6,0.21152528,2.8144818
287,6,21022276,0.98089035,0.04408627,0.00776186,0.0,0.01037968,0.74312124,0.0,0.19465095,55547,6,0.08157242,2.8118942
287,7,21022277,0.97242859,0.06969407,0.01295721,0.0,0.01726027,0.79470831,0.0,0.10538014,20269,7,0.06148361,2.8144777
287,8,21022278,0.97123744,0.07342662,0.00517301,0.0,0.01566903,0.81495607,0.0,0.09077527,22149,6,0.08489577,2.8091631
287,9,21022279,0.96966491,0.07260966,0.00954112,0.0,0.01542057,0.75169128,0.0,0.15073738,43789,6,0.13050896,2.8154692
287,10,21022280,0.97432264,0.05480681,0.00724851,0.0,0.01769937,0.67182532,0.0,0.24841999,20117,6,0.08321277,2.8098993
288,1,21022301,0.25076537,0.44315755,0.06471567,0.0,0.18076337,0.0,0.26836076,0.04300265,19087,7,0.02597492,0.9919968
288,2,21022302,0.26641206,0.43902772,0.06195136,0.0,0.18289887,0.0,0.24998729,0.06613476,23175,7,0.0292646,0.9917508
288,3,21022303,0.28777195,0.43011402,0.06303974,0.0,0.18383825,0.0,0.23731551,0.08569248,23183,7,0.03007769,0.9924888
288,4,21022304,0.2859321,0.42119726,0.0580925,0.0,0.18936219,0.0,0.24148948,0.08985857,24199,7,0.02681401,0.9902695
288,5,21022305,0.28686543,0.42655134,0.06025054,0.0,0.17672566,0.0,0.24623244,0.09024002,20103,7,0.02705157,0.9895353
288,6,21022306,0.31954326,0.40658893,0.06255406,0.0,0.16205299,0.0,0.2413831,0.12742093,19079,7,0.06779205,0.9910141
288,7,21022307,0.30331186,0.41037702,0.06386855,0.0,0.17059504,0.0,0.25047682,0.10468257,23183,7,0.03360162,0.9924888
288,8,21022308,0.30999657,0.40563327,0.05746835,0.0,0.16799839,0.0,0.24461839,0.1242816,23175,7,0.04340213,0.9917508
288,9,21022309,0.27490148,0.44895771,0.06981253,0.0,0.18706584,0.0,0.23538734,0.05877658,19079,7,0.01792008,0.9910141
288,10,21022310,0.26882451,0.43082806,0.06649337,0.0,0.17883143,0.0,0.25811557,0.06573157,20111,7,0.0274436,0.9905144
289,1,21022331,0.98943999,0.00068706,0.0,9.4e-07,2.678e-05,0.58330518,0.0,0.41598004,19895,6,0.02384643,0.9945915
289,2,21022332,0.98997433,0.00051886,0.0,9.6e-07,2.853e-05,0.46498088,0.0,0.53447077,29527,6,0.01607581,0.9936036
289,3,21022333,0.98986716,0.00052694,0.0,9.2e-07,2.507e-05,0.50167046,0.0,0.49777661,38649,6,0.0196748,0.9882492
289,4,21022334,0.99007606,0.0005744,0.0,9.3e-07,2.577e-05,0.56347792,0.0,0.43592097,36591,7,0.03080272,0.9911374
289,5,21022335,0.99046075,0.00043403,0.0,9.6e-07,3.241e-05,0.52707381,0.0,0.4724588,10199,6,0.02585129,0.9945906
289,6,21022336,0.99045425,0.00040969,0.0,9.6e-07,2.587e-05,0.49210596,0.0,0.50745751,57207,7,0.02246668,0.9948486
289,7,21022337,0.99034495,0.00057494,0.0,9.4e-07,0.00011874,0.49827868,0.0,0.5010267,34647,6,0.02450751,0.9940948
289,8,21022338,0.99038031,0.00030616,0.0,9.2e-07,2.799e-05,0.46022538,0.0,0.53943954,13951,6,0.02087706,0.9876287
289,9,21022339,0.99027807,0.00068711,0.0,9.9e-07,4.499e-05,0.46897707,0.0,0.53028983,15735,7,0.03035626,0.9948424
289,10,21022340,0.99004398,0.00077837,0.0,9.5e-07,2.872e-05,0.6006333,0.0,0.39855867,62751,6,0.0217867,0.9950898
290,1,21022361,0.99621649,0.00023428,4.09e-06,0.0,9.56e-06,0.99975187,0.0,2.1e-07,56402,6,0.2445,3.6436878
290,2,21022362,0.99026875,0.02058148,0.04130484,0.0,0.00112436,0.86768839,0.0,0.06930093,8957,6,0.11708483,3.6436821
290,3,21022363,0.99625769,0.00022705,4.99e-06,0.0,1.124e-05,0.99975652,0.0,2e-07,46299,6,0.20603928,3.6446809
290,4,21022364,0.98410898,0.04142647,0.09508462,0.0,0.0007738,0.82099093,0.0,0.04172418,24218,6,0.09546503,3.6381312
290,5,21022365,0.99598282,0.00023183,4.44e-06,0.0,1.099e-05,0.99975253,0.0,2.1e-07,13763,6,0.31847471,3.6436878
290,6,21022366,0.99551113,0.00023752,3.89e-06,0.0,8.59e-06,0.99974978,0.0,2.1e-07,15685,6,0.17970651,3.6436878
290,7,21022367,0.99209124,0.01207146,0.01351166,0.0,0.00132037,0.9253931,0.0,0.04770341,10773,6,0.11060926,3.635998
290,8,21022368,0.99377734,0.00752662,0.01581109,0.0,0.00037275,0.97628765,0.0,1.88e-06,15692,6,0.19163372,3.6436878
290,9,21022369,0.99617629,0.0002436,4.28e-06,0.0,1.175e-05,0.99974017,0.0,2.1e-07,21954,6,0.22912195,3.6434393
290,10,21022370,0.98468317,0.03439269,0.02014849,0.0,0.00239128,0.8407216,0.0,0.10234595,23082,6,0.11265588,3.6368111
291,1,21022391,0.98176141,0.00375301,0.0,0.00338458,7.36e-06,0.98568782,0.00019367,0.00697356,59469,6,0.05127222,0.9915704
291,2,21022392,0.9846485,0.00022574,0.0,1.789e-05,7.7e-06,0.99974637,2e-06,3.1e-07,10839,6,0.02753868,0.9702633
291,3,21022393,0.98704782,0.00021338,0.0,1.772e-05,7.75e-06,0.99975907,2.02e-06,5e-08,58233,6,0.04157955,0.9864528
291,4,21022394,0.97668383,0.00025074,0.0,0.02052234,8.46e-06,0.97921629,2.14e-06,3e-08,58633,6,0.03502858,0.9852597
291,5,21022395,0.98573705,0.00033454,0.0,1.808e-05,8.39e-06,0.97187737,2.03e-06,0.02775959,33963,6,0.02909373,0.9895552
291,6,21022396,0.98602625,0.00020221,0.0,1.793e-05,6.61e-06,0.99977117,2.03e-06,4e-08,7353,6,0.16381635,0.9833034
291,7,21022397,0.97287851,0.00024021,0.0,0.02817419,7.68e-06,0.97157017,2.1e-06,5.66e-06,32843,6,0.03376604,0.9896058
291,8,21022398,0.98595025,0.00021481,0.0,1.726e-05,7.88e-06,0.99975782,2.01e-06,2.3e-07,39049,6,0.04109558,0.9896211
291,9,21022399,0.89394753,0.00037832,0.0,0.14169822,5.99e-06,0.85791529,2.16e-06,3e-08,33616,2,0.09975436,0.3280424
291,10,21022400,0.98533813,0.00022337,0.0,1.76e-05,7.37e-06,0.9990526,2.04e-06,0.00069701,35801,6,0.07319054,0.9896201
292,1,21022421,0.91336179,0.09863016,0.01133535,4e-08,0.25971728,0.0,0.1156811,0.51463607,12069,7,0.08311171,1.3194677
292,2,21022422,0.92915818,0.07998723,0.00994143,2.18e-06,0.21324494,0.0,0.08751697,0.60930726,16261,7,0.08586168,1.3190869
292,3,21022423,0.9279903,0.07846593,0.01308133,0.00043492,0.19960153,0.0,0.10996803,0.59844827,44965,7,0.07590379,1.3190022
292,4,21022424,0.95524746,0.05021305,0.00663206,1e-08,0.13762393,0.0,0.05343922,0.75209173,16133,7,0.14704375,1.3199656
292,5,21022425,0.93948534,0.06686063,0.00952278,3.1e-07,0.17172284,0.0,0.08454358,0.66734986,12197,7,0.10868357,1.3183402
292,6,21022426,0.93884617,0.07309097,0.01055318,6.4e-07,0.15969476,0.0,0.08835675,0.6683037,12045,7,0.10626342,1.3199656
292,7,21022427,0.94077033,0.06831969,0.00911093,1.3e-07,0.19014845,0.0,0.06884502,0.66357578,12173,7,0.12279746,1.3188391
292,8,21022428,0.93259162,0.06814842,0.01086982,0.00026032,0.23654258,0.0,0.07958689,0.60459196,20357,7,0.07813217,1.3183425
292,9,21022429,0.94965131,0.05727924,0.01132705,1.8e-07,0.16495736,0.0,0.05673026,0.7097059,20013,7,0.11982452,1.3178416
292,10,21022430,0.9175874,0.08954786,0.01588803,2e-08,0.22718585,0.0,0.11778141,0.54959684,12077,7,0.07870857,1.3199645
293,1,21022451,0.94083041,0.0824418,0.02344411,0.0,0.03391669,0.29406252,0.00500778,0.5611271,20363,7,0.09838506,1.9988506
293,2,21022452,0.92945588,0.08970548,0.05121866,0.0,0.0365422,0.30047672,0.01414423,0.50791272,23074,6,0.05811439,1.9973679
293,3,21022453,0.91517073,0.12499296,0.0530543,0.0,0.03841781,0.29017379,0.00957591,0.48378522,23307,7,0.10366828,2.0018182
293,4,21022454,0.91084594,0.12483843,0.04799756,0.0,0.05619987,0.28114226,0.00970276,0.48011911,19213,7,0.0711098,2.0013214
293,5,21022455,0.89765592,0.14603516,0.04201761,0.0,0.05409697,0.18176232,0.01387792,0.56221001,24069,7,0.14149032,1.997614
293,6,21022456,0.93613276,0.08970076,0.02228215,0.0,0.03119419,0.2869694,0.00812514,0.56172836,18949,7,0.08556814,1.9968697
293,7,21022457,0.92829185,0.09817753,0.03288562,0.0,0.04865522,0.15545526,0.00848276,0.6563436,18947,7,0.1112318,1.9968697
293,8,21022458,0.89287277,0.15147499,0.03417193,0.0,0.05888107,0.40105613,0.01322494,0.34119094,18989,6,0.08433026,1.9978595
293,9,21022459,0.94684634,0.06701661,0.02456323,0.0,0.03244374,0.20745104,0.00660451,0.66192088,18955,7,0.13078647,1.9978526
293,10,21022460,0.9358851,0.08745297,0.05146284,0.0,0.04132052,0.10868318,0.00642994,0.70465055,19211,7,0.10716493,2.0013214
294,1,21022481,0.98656371,0.00018513,0.0,1.975e-05,1.706e-05,0.76492941,0.0,0.23484865,62841,6,0.03820687,0.990887
294,2,21022482,0.98623678,0.00019646,0.0,1.979e-05,1.771e-05,0.62689239,0.0,0.37287365,22521,6,0.05294051,0.9908789
294,3,21022483,0.98595967,0.00019502,0.0,1.967e-05,1.91e-05,0.68015129,0.0,0.31961491,22975,6,0.02530965,0.9893293
294,4,21022484,0.98730972,0.00020157,0.0,1.965e-05,2.312e-05,0.58696504,0.0,0.41279062,8089,6,0.02803643,0.9828452
294,5,21022485,0.98663503,0.00018694,0.0,1.983e-05,1.639e-05,0.65597525,0.0,0.3438016,51673,6,0.11298045,0.9888818
294,6,21022486,0.98568981,0.00017872,0.0,1.99e-05,1.558e-05,0.72636746,0.0,0.27341835,63481,6,0.03765234,0.9908799
294,7,21022487,0.98551878,0.00019189,0.0,1.983e-05,1.715e-05,0.75234385,0.0,0.24742727,35435,6,0.02634961,0.9852825
294,8,21022488,0.98638596,0.00020896,0.0,1.983e-05,1.984e-05,0.60678217,0.0,0.39296919,22999,6,0.03708622,0.9926069
294,9,21022489,0.98514464,0.00018456,0.0,1.97e-05,1.629e-05,0.7369683,0.0,0.26281116,7001,6,0.05559916,0.9898734
294,10,21022490,0.98631762,0.00020284,0.0,1.976e-05,1.912e-05,0.63946665,0.0,0.36029162,43977,6,0.02737222,0.9818667
295,1,21022511,0.99422679,0.00556425,0.00117385,0.0,1.884e-05,0.97503303,0.0,0.01821003,23618,6,0.19967941,3.4942698
295,2,21022512,0.99397165,0.00636331,0.00261958,0.0,0.0031688,0.98784782,0.0,5e-07,11356,6,0.17407695,3.5001988
295,3,21022513,0.99066635,0.02207047,0.00978447,0.0,0.00151834,0.96662633,0.0,3.9e-07,23635,6,0.24853938,3.5011908
295,4,21022514,0.99359809,0.01002959,0.01398636,0.0,0.00112357,0.96831038,0.0,0.0065501,44123,6,0.30719903,3.5021829
295,5,21022515,0.98424133,0.04876371,0.02147553,0.0,0.00023676,0.90279295,0.0,0.02673105,21706,6,0.13580869,3.4945959
295,6,21022516,0.98727025,0.03580148,0.01795702,0.0,0.00015082,0.92726771,0.0,0.01882297,48339,6,0.201058,3.4962499
295,7,21022517,0.97987082,0.06731865,0.04567244,0.0,0.00118361,0.88382542,0.0,0.00199987,20731,6,0.14692231,3.5016876
295,8,21022518,0.99526609,0.00223827,0.00156403,0.0,9.773e-05,0.99609981,0.0,1.6e-07,56059,6,0.3294988,3.497239
295,9,21022519,0.98087945,0.06135781,0.01855599,0.0,0.00086161,0.87137347,0.0,0.04785112,21717,6,0.11915384,3.5011908
295,10,21022520,0.99152249,0.02149338,0.05714231,0.0,0.000434,0.92093003,0.0,2.8e-07,13971,6,0.30970611,3.5011908
296,1,21022541,0.45101918,0.13296153,0.02771395,0.07335086,0.05802368,0.31831592,0.33272064,0.05691342,21321,6,0.03076113,0.9773814
296,2,21022542,0.51668768,0.1226949,0.025158,0.06970127,0.0414984,0.4356865,0.29703409,0.00822684,22671,6,0.05938024,0.9895546
296,3,21022543,0.47556015,0.14470627,0.0300149,0.06716875,0.04307247,0.38791078,0.32446761,0.00265921,22663,6,0.0751033,0.9888158
296,4,21022544,0.48573947,0.14212093,0.02665337,0.07212055,0.05778901,0.38997271,0.29732111,0.01402233,23111,6,0.03648666,0.9851376
296,5,21022545,0.47951717,0.13787759,0.02635109,0.08556424,0.04888529,0.36405544,0.30864404,0.02862231,24136,2,0.03356693,0.6570737
296,6,21022546,0.44977144,0.12946013,0.03095787,0.19067038,0.04168714,0.28829581,0.30951212,0.00941656,8008,2,0.05488076,0.6597491
296,7,21022547,0.47966205,0.14071012,0.03529535,0.12537553,0.04710779,0.29273448,0.28926157,0.06951516,19079,7,0.06454399,0.9844029
296,8,21022548,0.42204098,0.15227883,0.0321102,0.06844301,0.05078848,0.31658911,0.35540041,0.02438997,23369,6,0.04884049,0.9905246
296,9,21022549,0.41030289,0.14079696,0.03151032,0.08738584,0.04631802,0.27363448,0.38275208,0.0376023,8008,2,0.04193972,0.6597491
296,10,21022550,0.40829059,0.14802921,0.02693694,0.0647535,0.04710593,0.27653102,0.37511878,0.06152462,2887,6,0.02639494,0.9900461
297,1,21022571,0.99176361,0.00416601,0.04062796,0.0,0.00040585,0.28302813,0.0,0.67177204,44279,6,0.03330105,0.9936872
297,2,21022572,0.99211984,0.00282135,0.04764517,0.0,0.00023358,0.2582964,0.0,0.69100351,65399,7,0.02369949,0.9967508
297,3,21022573,0.99228392,0.00323254,0.05804525,0.0,0.00038283,0.25947152,0.0,0.67886786,16383,7,0.03225062,0.997001
297,4,21022574,0.99147578,0.00374825,0.04723011,0.0,0.00059505,0.2950319,0.0,0.65339469,57335,7,0.03141978,0.9967522
297,5,21022575,0.99172487,0.00362325,0.06674289,0.0,0.00051559,0.32754625,0.0,0.60157201,46079,7,0.0352635,0.994022
297,6,21022576,0.99254948,0.0020041,0.02757701,0.0,0.00014809,0.26307197,0.0,0.70719883,31223,7,0.02584754,0.9932803
297,7,21022577,0.99163118,0.00377606,0.03903102,0.0,0.00083549,0.31017236,0.0,0.64618506,32255,7,0.02430212,0.996998
297,8,21022578,0.99167179,0.00454257,0.03377419,0.0,0.00051367,0.24259036,0.0,0.71857921,40791,7,0.02731542,0.9967474
297,9,21022579,0.99066141,0.00560981,0.04182371,0.0,0.00103143,0.28042656,0.0,0.6711085,36791,7,0.03527867,0.994847
297,10,21022580,0.99086719,0.00509866,0.05404601,0.0,0.0007283,0.32536809,0.0,0.61475894,47991,7,0.02148041,0.9952572
298,1,21022601,0.96008864,0.06018963,0.00333571,0.0,0.00773635,0.92873756,0.0,7.5e-07,44362,6,0.21914026,3.3557758
298,2,21022602,0.98228646,0.03115496,0.01083933,0.0,0.00409064,0.90905576,0.0,0.04485931,52308,6,0.12569945,3.3554445
298,3,21022603,0.94166739,0.10291109,0.00613493,0.0,0.00206093,0.78051241,0.0,0.10838064,8876,6,0.21061812,3.3481682
298,4,21022604,0.97385074,0.0552645,0.01162059,0.0,0.00816891,0.70786264,0.0,0.21708336,19549,6,0.08279205,3.3557758
298,5,21022605,0.98039261,0.03645403,0.00345643,0.0,0.00399082,0.95609562,0.0,3.1e-06,21701,6,0.12444305,3.3493868
298,6,21022606,0.97765584,0.04690902,0.00659887,0.0,0.00338776,0.84678667,0.0,0.09631767,8941,6,0.12522082,3.3496085
298,7,21022607,0.99018946,0.01545694,0.01177236,0.0,0.00262622,0.93777423,0.0,0.03237025,11594,6,0.23857925,3.3547838
298,8,21022608,0.98116066,0.03541103,0.00934187,0.0,0.00451962,0.70763849,0.0,0.24308899,8356,6,0.08681066,3.348153
298,9,21022609,0.94575876,0.14000613,0.00281404,0.0,0.00428627,0.72064935,0.0,0.13224422,932,0,0.10438534,2.2424717
298,10,21022610,0.98196032,0.02339495,0.0016276,0.0,0.00339998,0.94559321,0.0,0.02598425,8356,6,0.14091545,3.348153
299,1,21022631,0.98621121,0.00021398,0.0,2.238e-05,8.62e-06,0.99975328,1.59e-06,1.5e-07,58539,6,0.03840883,0.9904998
299,2,21022632,0.65381842,0.0001119,0.0,0.99987048,3.71e-06,1.226e-05,1.63e-06,1e-08,56510,2,0.06333095,0.6560106
299,3,21022633,0.98542622,0.00019902,0.0,2.238e-05,6.77e-06,0.99977014,1.61e-06,8e-08,39117,6,0.02642639,0.9885109
299,4,21022634,0.98560481,0.00018866,0.0,2.24e-05,6.59e-06,0.9997805,1.65e-06,1.9e-07,54777,6,0.0644048,0.9905196
299,5,21022635,0.9851949,0.00018835,0.0,2.213e-05,7.24e-06,0.99978027,1.58e-06,4.3e-07,33485,6,0.04131704,0.9885098
299,6,21022636,0.98594287,0.00017531,0.0,2.225e-05,7.08e-06,0.99979152,1.58e-06,2.26e-06,23929,6,0.06876893,0.9905037
299,7,21022637,0.98556332,0.00019373,0.0,2.23e-05,6.71e-06,0.99977561,1.6e-06,5e-08,63563,6,0.03832233,0.9905008
299,8,21022638,0.98514963,0.00019111,0.0,2.211e-05,7.13e-06,0.99977799,1.62e-06,5e-08,62603,6,0.03908718,0.9905008
299,9,21022639,0.98464539,0.0001997,0.0,2.234e-05,8e-06,0.9997681,1.6e-06,2.7e-07,33483,6,0.03537108,0.9885098
299,10,21022640,0.98479098,0.00019833,0.0,2.222e-05,7.5e-06,0.9997701,1.63e-06,2.3e-07,44535,6,0.05070168,0.9921923
300,1,21022661,0.94042754,0.09982946,0.022046,0.0,0.06305368,0.63788845,0.01532203,0.16186038,24485,7,0.05611094,2.3927332
300,2,21022662,0.94603765,0.08943739,0.02754595,0.0,0.06840052,0.51398744,0.01032802,0.29030068,53005,7,0.11691234,2.396737
300,3,21022663,0.94693444,0.08776771,0.02610109,0.0,0.05192361,0.42695699,0.01612672,0.39112389,19973,6,0.06998408,2.3905189
300,4,21022664,0.94611067,0.09412649,0.03726905,0.0,0.04728501,0.3028952,0.01722798,0.50119628,12077,7,0.14326019,2.3957416
300,5,21022665,0.95134,0.08170719,0.02444852,0.0,0.05176979,0.580054,0.01382894,0.24819156,56981,6,0.11464708,2.3929886
300,6,21022666,0.95640714,0.07620984,0.01595167,0.0,0.04103288,0.64694338,0.01036787,0.20949436,56853,6,0.12182012,2.3959935
300,7,21022667,0.95405513,0.10100772,0.0224284,0.0,0.03665945,0.38762938,0.01158363,0.44069143,20261,7,0.07758275,2.3952449
300,8,21022668,0.93478989,0.12057875,0.03280915,0.0,0.05623476,0.56671369,0.02034596,0.20331768,15269,6,0.07342936,2.3927392
300,9,21022669,0.94399735,0.09868429,0.02106269,0.0,0.0490535,0.50007134,0.02060368,0.31052451,57253,7,0.07960913,2.3929826
300,10,21022670,0.94115731,0.09702674,0.02498217,0.0,0.05645458,0.65881212,0.01525355,0.14747084,24213,6,0.08099821,2.3927392
301,1,21022691,0.61807879,0.35090719,0.02721674,0.0,0.30770299,0.0,0.21472223,0.09945085,19079,7,0.05660349,0.9952263
301,2,21022692,0.63985172,0.33406817,0.02345905,0.0,0.2705162,0.0,0.24753317,0.12442341,19087,7,0.04697413,0.996211
301,3,21022693,0.63858738,0.33171267,0.02689488,0.0,0.31768725,0.0,0.22715349,0.09655171,19079,7,0.04488054,0.9952263
301,4,21022694,0.63687626,0.32892531,0.02642048,0.0,0.24767687,0.0,0.35868918,0.03828815,18954,3,0.0389229,0.9411717
301,5,21022695,0.65072336,0.31684644,0.02710431,0.0,0.35273471,0.0,0.21474795,0.08856659,23175,7,0.02725743,0.9959645
301,6,21022696,0.64367834,0.32357712,0.02463257,0.0,0.3469816,0.0,0.27098964,0.03381907,20362,3,0.04173215,0.9421574
301,7,21022697,0.61441062,0.35658981,0.02906916,0.0,0.32281612,0.0,0.22218291,0.069342,23183,7,0.02498835,0.996704
301,8,21022698,0.62214672,0.36154696,0.02610264,0.0,0.29943045,0.0,0.26813264,0.04478732,20362,3,0.04660258,0.9421574
301,9,21022699,0.66536485,0.30307945,0.02174371,0.0,0.27612835,0.0,0.32543902,0.07360947,23050,3,0.08321865,0.9424853
301,10,21022700,0.61924833,0.35002349,0.02616338,0.0,0.33567602,0.0,0.27497873,0.01315838,23299,1,0.04216902,0.9440248
302,1,21022721,0.9873863,0.00019408,0.0,1.298e-05,1.692e-05,0.76376764,0.0,0.23600837,7545,6,0.04012829,0.9918224
302,2,21022722,0.98867053,0.00020414,0.0,1.281e-05,1.992e-05,0.72336486,0.0,0.27639827,40249,6,0.03136323,0.9918417
302,3,21022723,0.98782791,0.00019841,0.0,1.295e-05,1.78e-05,0.78141861,0.0,0.21835223,65369,6,0.06732526,0.9918416
302,4,21022724,0.98790513,0.00022033,0.0,1.285e-05,2.179e-05,0.6344423,0.0,0.36530273,61753,6,0.03924475,0.9888072
302,5,21022725,0.98734484,0.00020391,0.0,1.294e-05,2.009e-05,0.66759602,0.0,0.33216704,40185,6,0.04571977,0.9857677
302,6,21022726,0.98737179,0.00020475,0.0,1.293e-05,1.917e-05,0.66623771,0.0,0.33352545,64011,6,0.03118794,0.9827116
302,7,21022727,0.98599032,0.00019786,0.0,1.29e-05,1.686e-05,0.78431728,0.0,0.2154551,40121,6,0.03006465,0.9857718
302,8,21022728,0.98714685,0.0002057,0.0,1.287e-05,1.821e-05,0.68680406,0.0,0.31295917,48505,6,0.04348897,0.9918293
302,9,21022729,0.98863272,0.0002263,0.0,1.289e-05,2.374e-05,0.57344119,0.0,0.42629588,35231,6,0.02695827,0.9938409
302,10,21022730,0.98776681,0.00019959,0.0,1.285e-05,1.711e-05,0.7942959,0.0,0.20547455,20351,7,0.04924224,0.9933488
303,1,21022751,0.99402301,0.00156663,0.99836667,0.0,6.315e-05,3.41e-06,0.0,1.3e-07,8362,4,0.68820802,3.8461515
303,2,21022752,0.99522589,0.00128039,0.27299641,0.0,4.756e-05,0.686571,0.0,0.03910463,43555,6,0.12340583,3.8474643
303,3,21022753,0.99505372,0.00164755,0.49992565,0.0,5.868e-05,0.49836799,0.0,1.4e-07,8372,6,0.49836401,3.8537578
303,4,21022754,0.99398807,0.00192208,0.998007,0.0,6.733e-05,3.47e-06,0.0,1.2e-07,8418,4,0.99799269,3.8461647
303,5,21022755,0.9939979,0.00179375,0.99811593,0.0,8.63e-05,3.89e-06,0.0,1.3e-07,8866,4,0.99810189,3.8461647
303,6,21022756,0.99493744,0.00206904,0.49798033,0.0,0.00010043,0.4905616,0.0,0.0092886,16812,4,0.15732649,3.8461666
303,7,21022757,0.99458081,0.00154196,0.58018646,0.0,6.053e-05,0.35765494,0.0,0.06055611,8930,4,0.54364809,3.8461363
303,8,21022758,0.99465601,0.00187253,0.99811196,0.0,1.126e-05,4.07e-06,0.0,1.9e-07,47211,4,0.65616633,3.8490914
303,9,21022759,0.99434991,0.00217537,0.86969473,0.0,8.106e-05,0.07172694,0.0,0.05632191,8354,4,0.55361767,3.8461495
303,10,21022760,0.99393486,0.00280051,0.70239308,0.0,7.431e-05,0.29473196,0.0,1.5e-07,8866,4,0.62604238,3.8461647
304,1,21022781,0.81107621,0.04398559,0.01840305,0.11575189,0.0098968,0.74905454,0.0629075,6.1e-07,37935,6,0.03987223,0.9902484
304,2,21022782,0.84770898,0.04072468,0.01428636,0.08690977,0.0028028,0.79207467,0.0592217,0.00398003,33753,6,0.10966849,0.9902285
304,3,21022783,0.87364749,0.03508747,0.01306006,0.0783665,0.01366038,0.82113028,0.03758558,0.00110973,33033,6,0.05143501,0.9845494
304,4,21022784,0.78840741,0.07275637,0.02221063,0.15289842,0.01811642,0.67478024,0.05923631,1.62e-06,33241,6,0.05008855,0.9902227
304,5,21022785,0.84121489,0.04571189,0.0153084,0.09976298,0.00544183,0.79536025,0.03841457,9e-08,23001,6,0.04452034,0.9922142
304,6,21022786,0.76902606,0.05995478,0.02102168,0.15602998,0.01003998,0.6723869,0.08056666,2e-08,6089,6,0.04667211,0.9854964
304,7,21022787,0.863263,0.02451054,0.01312465,0.08519558,0.00806673,0.82010411,0.04899827,1.1e-07,32779,6,0.04927083,0.9902434
304,8,21022788,0.8556504,0.0401904,0.01366631,0.11607628,0.00719937,0.78123744,0.04163016,4e-08,33369,6,0.05468252,0.9845495
304,9,21022789,0.76587634,0.06194918,0.0198166,0.14898264,0.01275273,0.66553794,0.08272567,0.00823525,37455,6,0.05634593,0.9902484
304,10,21022790,0.87691461,0.02971802,0.0130413,0.06743659,0.00643013,0.82016524,0.04188282,0.02132591,32847,6,0.12313649,0.9902377
305,1,21022811,0.99431187,0.01157753,0.06144077,0.0,0.00458656,0.01056623,0.0,0.91182891,44535,7,0.02450616,0.9989481
305,2,21022812,0.99295344,0.01615518,0.07028268,0.0,0.00442805,0.03295471,0.0,0.87617938,42367,7,0.03003476,0.9992765
305,3,21022813,0.99366879,0.01379152,0.05855354,0.0,0.00450302,0.03310045,0.0,0.89005146,40447,7,0.02400206,0.9992802
305,4,21022814,0.99436124,0.01226684,0.07293791,0.0,0.00239364,0.03944061,0.0,0.872961,34303,7,0.02408434,0.9992793
305,5,21022815,0.99425087,0.01222851,0.06083646,0.0,0.0046295,0.01941917,0.0,0.90288636,27607,7,0.02236148,0.9977872
305,6,21022816,0.99437783,0.01092703,0.04518928,0.0,0.00337886,0.05287535,0.0,0.88762949,56663,7,0.02745987,0.9974271
305,7,21022817,0.99529417,0.00983759,0.0603888,0.0,0.00277421,0.01285425,0.0,0.91414515,50551,7,0.02912981,0.9984409
305,8,21022818,0.99383984,0.01369352,0.05850393,0.0,0.00399555,0.01388043,0.0,0.90992656,20351,7,0.0208851,0.9987826
305,9,21022819,0.99403328,0.0129946,0.06027394,0.0,0.00374031,0.05033129,0.0,0.87265986,38391,7,0.02813425,0.9990301
305,10,21022820,0.99365928,0.01436378,0.07372504,0.0,0.00372908,0.02793971,0.0,0.8802424,50679,7,0.0333448,0.9989479
306,1,21022841,0.97222805,0.04434795,0.02205789,0.0,0.01298159,0.6096117,0.00080957,0.3101913,24066,7,0.14492604,2.684176
306,2,21022842,0.96224826,0.06733093,0.03571269,0.0,0.02068359,0.48174743,0.00078085,0.39374452,19981,7,0.07360702,2.6846662
306,3,21022843,0.9558221,0.07961429,0.03096778,0.0,0.02095756,0.59556246,0.0023403,0.27055761,18979,6,0.08753783,2.683687
306,4,21022844,0.95466208,0.08372032,0.03286346,0.0,0.02649714,0.38227539,0.0019771,0.47266659,23298,7,0.0968717,2.6892393
306,5,21022845,0.96464251,0.05793345,0.05057657,0.0,0.0168677,0.51205305,0.0027631,0.35980612,23307,7,0.07831246,2.6899849
306,6,21022846,0.95530579,0.07368821,0.04857488,0.0,0.02276265,0.40660368,0.00229077,0.44607982,23045,7,0.15305816,2.6844112
306,7,21022847,0.9759402,0.038134,0.01503718,0.0,0.00987876,0.36237819,0.00076778,0.57380409,23045,7,0.12714723,2.6844112
306,8,21022848,0.94618364,0.09322644,0.06123402,0.0,0.02701871,0.51325791,0.00269441,0.30256851,24322,7,0.05759503,2.6892444
306,9,21022849,0.95575673,0.08340726,0.05001803,0.0,0.01754295,0.60081874,0.00310609,0.24510693,18059,6,0.08869759,2.6846662
306,10,21022850,0.96369271,0.0682321,0.02550315,0.0,0.01687421,0.7137327,0.00103999,0.17461785,51979,6,0.08354667,2.6904807
307,1,21022871,0.98630397,0.00019969,0.0,2.128e-05,7.05e-06,0.9997704,1.53e-06,7e-08,14169,6,0.0501678,0.983101
307,2,21022872,0.98535397,0.00016465,0.0,2.142e-05,5.44e-06,0.99980683,1.54e-06,1.2e-07,60281,6,0.10423385,0.9843407
307,3,21022873,0.98555012,0.00019768,0.0,2.119e-05,8.16e-06,0.99925705,1.55e-06,0.00051437,33047,6,0.05256084,0.9872388
307,4,21022874,0.98460153,0.00018609,0.0,2.134e-05,6.69e-06,0.99978422,1.57e-06,9e-08,37129,6,0.04300975,0.9805433
307,5,21022875,0.9845826,0.00018632,0.0,2.134e-05,7.41e-06,0.99978327,1.58e-06,7e-08,36217,6,0.08709735,0.9881655
307,6,21022876,0.98418914,0.00019834,0.0,2.138e-05,8.16e-06,0.99977053,1.54e-06,5e-08,3455,6,0.03516197,0.9916953
307,7,21022877,0.98429025,0.00018356,0.0,2.123e-05,6.8e-06,0.99978678,1.56e-06,7e-08,32847,6,0.03380258,0.9882191
307,8,21022878,0.98547851,0.00019411,0.0,2.122e-05,8.06e-06,0.99977502,1.55e-06,3e-08,33753,6,0.07629045,0.988204
307,9,21022879,0.98543166,0.00017798,0.0,2.128e-05,6.22e-06,0.99979277,1.59e-06,1.7e-07,39257,6,0.03841717,0.9901752
307,10,21022880,0.98433355,0.0002008,0.0,2.128e-05,7.97e-06,0.99976829,1.57e-06,1e-07,33899,6,0.03027896,0.9882036
308,1,21022901,0.95396202,0.10704922,0.00255589,0.0,0.00392892,0.83644796,0.0,0.05001801,48796,6,0.15123483,3.2982162
308,2,21022902,0.98888513,0.0241569,0.00206834,0.0,0.00196093,0.85752393,0.0,0.11428989,44493,6,0.13663821,3.2992124
308,3,21022903,0.93212295,0.17202465,0.00744873,0.0,0.00289319,0.73507813,0.0,0.0825553,42925,6,0.07420003,3.2992124
308,4,21022904,0.98674642,0.02764173,0.01162514,0.0,0.00453206,0.95602572,0.0,0.00017534,48797,6,0.12479438,3.2992144
308,5,21022905,0.96498158,0.08819792,0.01110698,0.0,0.00499826,0.74626143,0.0,0.14943542,55547,6,0.19210762,3.2992144
308,6,21022906,0.97209817,0.07475847,0.0521712,0.0,0.00369114,0.71808038,0.0,0.15129881,16635,6,0.1351711,3.302765
308,7,21022907,0.9900228,0.01416801,0.00167209,0.0,0.0021277,0.91537438,0.0,0.06665782,22779,6,0.30201165,3.2987151
308,8,21022908,0.98822789,0.02514323,0.00871849,0.0,0.00307388,0.8819513,0.0,0.0811131,55547,6,0.41451544,3.2992144
308,9,21022909,0.96680775,0.07490534,0.03917687,0.0,0.00479692,0.57336588,0.0,0.30775498,24365,7,0.17372069,3.3032572
308,10,21022910,0.95848707,0.14052811,0.00688801,0.0,0.00237904,0.7814438,0.0,0.06876103,14218,6,0.11242623,3.302765
309,1,21022931,0.21539813,0.28844165,0.0517084,0.0,0.13051042,0.07362502,0.42387757,0.03183693,19079,7,0.0197222,0.9881712
309,2,21022932,0.20124197,0.30671862,0.05256505,0.0,0.13932443,0.06283548,0.41643263,0.0221238,19847,6,0.01439664,0.9881694
309,3,21022933,0.2009139,0.300426,0.05278679,0.0,0.14456002,0.04815744,0.41563734,0.03843242,19079,7,0.02843823,0.9881712
309,4,21022934,0.24709079,0.27007343,0.04559965,0.0,0.12600192,0.12372829,0.40806963,0.02652708,18567,6,0.02111494,0.9905995
309,5,21022935,0.24399332,0.29505081,0.0506906,0.0,0.1309501,0.09477739,0.39117727,0.03735384,19087,7,0.02074903,0.9891525
309,6,21022936,0.24878078,0.27798034,0.04877684,0.0,0.13589602,0.070937,0.39095176,0.07545804,23175,7,0.03297586,0.9889069
309,7,21022937,0.28061225,0.25376025,0.04666724,0.0,0.11828725,0.105991,0.39855016,0.07674409,23175,7,0.04865099,0.9889069
309,8,21022938,0.25534605,0.2727847,0.04506728,0.0,0.12801556,0.11577678,0.3956208,0.04273489,19087,7,0.02062741,0.9891525
309,9,21022939,0.24731075,0.26924285,0.0447777,0.0,0.13833098,0.12506495,0.39768588,0.02489764,19847,6,0.0250298,0.9881694
309,10,21022940,0.27058835,0.25609894,0.04592175,0.0,0.12045113,0.14221969,0.40080813,0.03450036,22663,6,0.04243428,0.991338
310,1,21022961,0.99011286,0.00289641,0.01558554,0.0,0.00032075,0.38581032,0.0,0.59538698,19295,7,0.03945197,0.9950148
310,2,21022962,0.98970401,0.00281502,0.0106976,0.0,0.00011926,0.36191053,0.0,0.62445759,24575,7,0.02772156,0.9955269
310,3,21022963,0.98918972,0.00274061,0.0077524,0.0,0.00025637,0.38590401,0.0,0.60334661,8127,7,0.01928042,0.9928064
310,4,21022964,0.9900368,0.00218704,0.0082562,0.0,0.00020513,0.45716541,0.0,0.53218621,50495,6,0.02433557,0.9933731
310,5,21022965,0.99060748,0.00189351,0.01124345,0.0,9.967e-05,0.42614142,0.0,0.56062195,17911,7,0.02368498,0.995022
310,6,21022966,0.99069092,0.00236529,0.01380703,0.0,4.836e-05,0.35234908,0.0,0.63143024,48503,7,0.03460112,0.9952714
310,7,21022967,0.98943612,0.00317724,0.0098466,0.0,0.00018223,0.43191929,0.0,0.55487463,50367,6,0.02354807,0.9910678
310,8,21022968,0.98981848,0.00199199,0.01711382,0.0,9.225e-05,0.40470938,0.0,0.57609256,22271,7,0.03868613,0.9910786
310,9,21022969,0.98965623,0.00307994,0.0125052,0.0,0.00057981,0.43941088,0.0,0.54442418,53111,7,0.04011768,0.9951933
310,10,21022970,0.98976523,0.00296351,0.01035777,0.0,3.758e-05,0.42125064,0.0,0.56539049,30207,7,0.02031759,0.9955225
311,1,21022991,0.99561329,0.00122565,3.398e-05,0.0,1.741e-05,0.99872269,0.0,2.6e-07,21723,6,0.21431044,3.8090531
311,2,21022992,0.99270275,0.01011687,0.00180974,0.0,0.00028835,0.96090916,0.0,0.02687587,19788,6,0.1715248,3.8075643
311,3,21022993,0.98698466,0.0230569,0.00673151,0.0,0.00156276,0.95152894,0.0,0.01711989,23764,6,0.24067629,3.802256
311,4,21022994,0.9912789,0.01226676,0.01566495,0.0,0.00044995,0.97161652,0.0,1.82e-06,52684,6,0.15171414,3.8025065
311,5,21022995,0.97933233,0.03911429,0.00175615,0.0,8.165e-05,0.70570661,0.0,0.2533413,24077,7,0.1027045,3.8020045
311,6,21022996,0.97119884,0.07875421,0.00664934,0.0,0.00610873,0.81534158,0.0,0.09314615,24091,6,0.06498097,3.8090531
311,7,21022997,0.98898044,0.01777727,0.00342379,0.0,0.00181687,0.8943991,0.0,0.08258297,55171,6,0.11259057,3.8088049
311,8,21022998,0.95912803,0.08118871,0.00316306,0.0,0.00102051,0.91462731,0.0,4.1e-07,50372,6,0.20004168,3.8010279
311,9,21022999,0.98719327,0.02434086,0.00944966,0.0,0.0011879,0.90684673,0.0,0.05817485,8869,6,0.07986991,3.8005411
311,10,21023000,0.99108828,0.01466843,0.00362202,0.0,0.00081797,0.98089105,0.0,5.2e-07,21725,6,0.07705183,3.8090531
312,1,21023021,0.98472919,0.00020788,0.0,2.198e-05,6.92e-06,0.9997614,1.75e-06,7e-08,7071,6,0.02769126,0.9875417
312,2,21023022,0.98425208,0.00019563,0.0,2.145e-05,6.74e-06,0.99977427,1.7e-06,2e-07,34957,6,0.06640302,0.9886603
312,3,21023023,0.98493225,0.00019102,0.0,2.133e-05,6.9e-06,0.99977882,1.69e-06,2.5e-07,37007,6,0.05783634,0.9886613
312,4,21023024,0.98553482,0.00020408,0.0,2.194e-05,7.82e-06,0.99976435,1.77e-06,4e-08,24649,6,0.05856025,0.990173
312,5,21023025,0.98494445,0.00021985,0.0,2.223e-05,7.67e-06,0.99499472,1.72e-06,0.0047538,35231,6,0.0385169,0.9926653
312,6,21023026,0.98594838,0.00019699,0.0,2.168e-05,6.98e-06,0.99977175,1.69e-06,9.2e-07,37069,6,0.04158014,0.9886539
312,7,21023027,0.65450682,0.00012196,0.0,0.99985925,4.25e-06,1.263e-05,1.89e-06,1e-08,38190,2,0.08678234,0.6536277
312,8,21023028,0.98470097,0.0002014,0.0,2.182e-05,8e-06,0.99066475,1.74e-06,0.00910229,57739,6,0.032284,0.9834024
312,9,21023029,0.98493016,0.00019619,0.0,2.143e-05,7e-06,0.99977363,1.71e-06,5e-08,37421,6,0.05897054,0.9814173
312,10,21023030,0.65370609,0.00011061,0.0,0.99987156,3.67e-06,1.23e-05,1.85e-06,1e-08,37002,2,0.15550948,0.6557955
313,1,21023051,0.92815744,0.10330375,0.06182961,0.0,0.08512022,0.0,0.04029664,0.70944979,12045,7,0.11061425,1.8340247
313,2,21023052,0.93527492,0.09349959,0.04003354,0.0,0.08174471,0.0,0.03599268,0.74872947,24493,7,0.09795613,1.8328711
313,3,21023053,0.93965778,0.07617843,0.05933503,0.0,0.09486399,0.0,0.02907704,0.74054551,12173,7,0.11062075,1.8318813
313,4,21023054,0.94721679,0.06909316,0.04876793,0.0,0.07795012,0.0,0.02344601,0.78074278,24333,7,0.15133059,1.8345215
313,5,21023055,0.92524403,0.10845424,0.07211205,0.0,0.08346344,0.0,0.04399337,0.6919769,49061,7,0.17604115,1.8323747
313,6,21023056,0.92693225,0.09787913,0.04384181,0.0,0.09758229,0.0,0.04007439,0.72062237,49069,7,0.11695655,1.8333676
313,7,21023057,0.91491462,0.12329008,0.07094737,0.0,0.08868768,0.0,0.05245317,0.6646217,20397,7,0.11650178,1.831877
313,8,21023058,0.87908272,0.16219234,0.0905586,0.0,0.15569138,0.0,0.08074717,0.51081051,57133,7,0.10651475,1.8350161
313,9,21023059,0.90723848,0.1259823,0.07599884,0.0,0.11364458,0.0,0.05106492,0.63330936,24453,7,0.16816332,1.8321296
313,10,21023060,0.93233277,0.08630573,0.0327508,0.0,0.11199036,0.0,0.03037789,0.73857522,24077,7,0.11834316,1.8313827
314,1,21023081,0.86244457,0.16556839,0.0933177,0.0,0.07995619,0.0,0.02327178,0.63788594,19210,7,0.06919578,1.7026907
314,2,21023082,0.89259503,0.12634091,0.06428597,0.0,0.06038102,0.0,0.01605967,0.73293243,19979,7,0.11778759,1.7008095
314,3,21023083,0.88054842,0.14309242,0.06291414,0.0,0.06820544,0.0,0.01848438,0.70730362,24332,7,0.07839489,1.7036862
314,4,21023084,0.88892225,0.12334808,0.04932403,0.0,0.06612799,0.0,0.01961299,0.7415869,23043,7,0.09976935,1.7005575
314,5,21023085,0.90025079,0.11461164,0.05315535,0.0,0.05720602,0.0,0.01712863,0.75789837,18946,7,0.08343093,1.6993282
314,6,21023086,0.90866059,0.11048643,0.04516735,0.0,0.05396827,0.0,0.01481432,0.77556363,23051,7,0.12927617,1.7012965
314,7,21023087,0.89189668,0.12540682,0.07280036,0.0,0.05684677,0.0,0.01755155,0.72739451,20355,7,0.14694299,1.7013032
314,8,21023088,0.85095895,0.17327657,0.08608516,0.0,0.09346756,0.0,0.0231346,0.62403612,19973,7,0.10552534,1.6998264
314,9,21023089,0.90984566,0.10322821,0.04615616,0.0,0.04846172,0.0,0.01546121,0.7866927,23051,7,0.15316087,1.7012965
314,10,21023090,0.89130734,0.13064593,0.06135348,0.0,0.06293503,0.0,0.01745914,0.72760643,23308,7,0.07426399,1.7036831
315,1,21023111,0.98603165,0.00018811,0.0,1.978e-05,1.583e-05,0.72187736,0.0,0.27789892,40441,6,0.04120699,0.9907297
315,2,21023112,0.98667672,0.00020623,0.0,1.959e-05,2.159e-05,0.55672905,0.0,0.44302353,22399,7,0.03219067,0.9927202
315,3,21023113,0.98631382,0.00018152,0.0,1.971e-05,1.54e-05,0.78831673,0.0,0.21146663,63897,6,0.04446854,0.990737
315,4,21023114,0.98598387,0.00019213,0.0,1.965e-05,1.948e-05,0.72324479,0.0,0.27652395,64505,6,0.0403346,0.9871265
315,5,21023115,0.98547218,0.00019088,0.0,1.977e-05,1.747e-05,0.64742438,0.0,0.3523475,55225,6,0.03380208,0.9871021
315,6,21023116,0.98770652,0.00019175,0.0,1.958e-05,1.743e-05,0.74211171,0.0,0.25765954,49113,6,0.03789562,0.9907297
315,7,21023117,0.98579872,0.00019171,0.0,1.965e-05,2.016e-05,0.70771688,0.0,0.2920516,22975,6,0.02902489,0.9890938
315,8,21023118,0.9850331,0.00018936,0.0,1.982e-05,1.61e-05,0.77237167,0.0,0.22740304,62969,6,0.04605742,0.9907153
315,9,21023119,0.98543158,0.00018484,0.0,1.986e-05,1.559e-05,0.70349192,0.0,0.29628779,40249,6,0.05328756,0.9907165
315,10,21023120,0.98619428,0.00017424,0.0,1.977e-05,1.461e-05,0.73717049,0.0,0.2626209,34169,6,0.04682508,0.9887427
316,1,21023141,0.99529312,0.00024238,4.34e-06,0.0,1.275e-05,0.99974034,0.0,1.9e-07,48338,6,0.15734643,3.9107458
316,2,21023142,0.99527762,0.00086825,0.04830888,0.0,3.835e-05,0.93525243,0.0,0.01553209,13954,6,0.13818597,3.9092669
316,3,21023143,0.99458907,0.0066649,0.37737385,0.0,0.00030393,0.48109335,0.0,0.13456397,47355,4,0.30022012,3.9122476
316,4,21023144,0.99541374,0.00023248,4.03e-06,0.0,1.127e-05,0.99975196,0.0,2.6e-07,48458,6,0.13234044,3.917341
316,5,21023145,0.99470546,0.00535487,0.14840637,0.0,0.00012326,0.80573939,0.0,0.0403761,48795,6,0.12829829,3.9122476
316,6,21023146,0.99452214,0.00476773,0.10352349,0.0,7.128e-05,0.81922899,0.0,0.07240851,15245,6,0.12270827,3.9117211
316,7,21023147,0.99473196,0.00565498,0.24108629,0.0,0.0001606,0.74221314,0.0,0.01088499,19987,6,0.12695847,3.9165129
316,8,21023148,0.99555154,0.00598967,0.17023354,0.0,0.00010821,0.81538726,0.0,0.00828132,53435,6,0.65478465,3.9179959
316,9,21023149,0.9941773,0.01027426,0.4566748,0.0,0.0001739,0.36228695,0.0,0.17059008,14818,4,0.10467883,3.9104947
316,10,21023150,0.99483435,0.00387162,0.10600948,0.0,5.984e-05,0.87056312,0.0,0.01949595,51451,6,0.21876081,3.9122456
317,1,21023171,0.53006033,0.10706398,0.04504893,0.15887524,0.03125302,0.4068185,0.23684654,0.01409379,19143,6,0.04051087,0.9859527
317,2,21023172,0.51920681,0.09024275,0.03853462,0.117008,0.03197261,0.43875474,0.27105077,0.01243651,32781,6,0.04596511,0.9911887
317,3,21023173,0.47477912,0.11730215,0.04627674,0.23658718,0.02799348,0.29830731,0.26476948,0.00876366,8008,2,0.05068975,0.6576026
317,4,21023174,0.46137288,0.10399914,0.02888368,0.38384133,0.02412592,0.26213067,0.19701918,8e-08,24390,2,0.07957052,0.4937331
317,5,21023175,0.56197622,0.0741055,0.02654103,0.27910988,0.0177166,0.41525798,0.18699978,0.00026923,8001,2,0.06893873,0.4923737
317,6,21023176,0.54879626,0.08464933,0.02624894,0.24598752,0.02791727,0.40263633,0.20847256,0.00408804,22345,6,0.04551978,0.980719
317,7,21023177,0.4650375,0.10687457,0.03819774,0.19459165,0.03004638,0.3553718,0.26502708,0.00989077,35849,6,0.03172574,0.9911648
317,8,21023178,0.55800098,0.10150146,0.03357966,0.17774122,0.03067916,0.44429692,0.21220073,8.6e-07,37129,6,0.03860301,0.9864318
317,9,21023179,0.48620284,0.11505112,0.02752034,0.16692426,0.02321166,0.38194735,0.26787804,0.01746723,22727,6,0.04390064,0.9866626
317,10,21023180,0.47736933,0.11269839,0.0346721,0.25234146,0.03683631,0.28216589,0.23672818,0.04455767,23118,2,0.0509093,0.6548684
318,1,21023201,0.99121597,0.00769548,0.01984874,0.0,0.00124567,0.22116686,0.0,0.75004324,19415,7,0.02565674,0.9972497
318,2,21023202,0.99231445,0.00576835,0.01856803,0.0,0.00126455,0.1959303,0.0,0.77846877,11127,7,0.03449429,0.9961354
318,3,21023203,0.99091657,0.00824214,0.03289813,0.0,0.00178984,0.21406508,0.0,0.74300481,47991,7,0.03374054,0.9963856
318,4,21023204,0.99225129,0.00552495,0.02305597,0.0,0.00176597,0.15685374,0.0,0.81279937,65495,7,0.03027034,0.9975021
318,5,21023205,0.99231618,0.00598857,0.0193203,0.0,0.00152703,0.19661159,0.0,0.77655251,26623,7,0.02360864,0.9972551
318,6,21023206,0.99256008,0.00618821,0.01847948,0.0,0.00077079,0.20246668,0.0,0.77209483,47991,7,0.02583924,0.9963856
318,7,21023207,0.99170929,0.00742407,0.01525525,0.0,0.00150621,0.23333684,0.0,0.74247763,43879,6,0.02237418,0.9940732
318,8,21023208,0.99183876,0.00729608,0.02170114,0.0,0.00195217,0.22923854,0.0,0.73981206,36727,7,0.02978018,0.9974204
318,9,21023209,0.99193728,0.00566297,0.02238131,0.0,0.00080929,0.26098588,0.0,0.71016055,64279,7,0.02214748,0.9938323
318,10,21023210,0.99198021,0.0073121,0.02103999,0.0,0.00085947,0.17987827,0.0,0.79091017,12279,7,0.03794461,0.9972559
319,1,21023231,0.96314266,0.07758029,0.08940634,0.0,0.01656299,0.51810669,0.0,0.29834369,51979,6,0.08200834,3.3431448
319,2,21023232,0.97635244,0.0465119,0.04741188,0.0,0.00768157,0.8443208,0.0,0.05407385,20011,6,0.11789445,3.3360181
319,3,21023233,0.9627647,0.06467548,0.00896839,0.0,0.01437335,0.77006844,0.0,0.14191434,23429,6,0.08731396,3.337259
319,4,21023234,0.97820275,0.03228598,0.0618269,0.0,0.01281148,0.76746555,0.0,0.1256101,52741,6,0.09334234,3.3358779
319,5,21023235,0.98575341,0.02140894,0.0143537,0.0,0.00420735,0.62398712,0.0,0.33604288,20227,7,0.1570873,3.3416616
319,6,21023236,0.95968758,0.07544605,0.04793541,0.0,0.00683904,0.75387135,0.0,0.11590815,8421,6,0.10117638,3.3350638
319,7,21023237,0.97804036,0.03872955,0.05573014,0.0,0.0077372,0.81638734,0.0,0.08141577,8364,6,0.15195696,3.3345644
319,8,21023238,0.97451299,0.04971204,0.03520446,0.0,0.00530511,0.70951374,0.0,0.20026464,52300,6,0.18833965,3.336041
319,9,21023239,0.95232249,0.083042,0.0237364,0.0,0.01490115,0.71142248,0.0,0.16689798,19211,7,0.1033512,3.3421522
319,10,21023240,0.97141452,0.04920576,0.04737821,0.0,0.01264455,0.76195489,0.0,0.12881659,21956,6,0.10369667,3.3419098
320,1,21023261,0.98382617,0.00018216,0.0,2.148e-05,7.26e-06,0.99978726,1.57e-06,2.7e-07,43993,6,0.03749399,0.9878257
320,2,21023262,0.98434553,0.00016745,0.0,2.133e-05,6.43e-06,0.9998031,1.57e-06,1.1e-07,34539,6,0.08214036,0.9877467
320,3,21023263,0.98463176,0.00018175,0.0,2.149e-05,6.7e-06,0.99978847,1.57e-06,2e-08,38873,6,0.06591217,0.9897823
320,4,21023264,0.98475381,0.00018618,0.0,2.162e-05,6.57e-06,0.99978386,1.6e-06,1.7e-07,24505,6,0.05115463,0.9857497
320,5,21023265,0.98457077,0.0001888,0.0,2.15e-05,7.37e-06,0.99978062,1.56e-06,1.5e-07,33113,6,0.06078331,0.9878276
320,6,21023266,0.983444,0.00018582,0.0,2.16e-05,7.92e-06,0.99978273,1.56e-06,3.8e-07,7129,6,0.04012373,0.9888263
320,7,21023267,0.98361806,0.0001637,0.0,2.141e-05,6.21e-06,0.99980692,1.58e-06,1.8e-07,33241,6,0.06876815,0.9877952
320,8,21023268,0.98432625,0.00019041,0.0,2.155e-05,6.85e-06,0.99977933,1.58e-06,2.7e-07,36857,6,0.06622514,0.9878358
320,9,21023269,0.98298509,0.00016261,0.0,2.14e-05,5.44e-06,0.99980883,1.59e-06,1.3e-07,36729,6,0.10224744,0.9878034
320,10,21023270,0.98391202,0.00018627,0.0,2.154e-05,6.17e-06,0.9997844,1.55e-06,6e-08,39657,6,0.04485996,0.9837771
321,1,21023291,0.95909181,0.08048926,0.03136397,0.0,0.03122988,0.68194672,0.0075736,0.16739657,50845,6,0.19183326,2.940949
321,2,21023292,0.97136259,0.05102028,0.03345427,0.0,0.02378799,0.60074153,0.0072794,0.28371652,57101,7,0.07000996,2.94095
321,3,21023293,0.96778908,0.07282566,0.08558937,0.0,0.01960767,0.599328,0.00550318,0.21714612,11933,6,0.0814236,2.9356258
321,4,21023294,0.96736252,0.06053006,0.04801124,0.0,0.01867329,0.69965518,0.00646607,0.16666415,11925,6,0.06464963,2.935126
321,5,21023295,0.97773185,0.04654778,0.13985025,0.0,0.01720204,0.53572355,0.00221504,0.25846135,56413,4,0.09621821,2.94095
321,6,21023296,0.97578494,0.0417331,0.0420797,0.0,0.00934371,0.68736521,0.00488939,0.2145889,49061,7,0.11581714,2.936117
321,7,21023297,0.9726306,0.05652134,0.01677542,0.0,0.01626789,0.73976607,0.00511411,0.16555517,12068,6,0.08501982,2.9389591
321,8,21023298,0.97042545,0.05761432,0.15098616,0.0,0.01897753,0.49501502,0.00326699,0.27413998,23645,4,0.08657505,2.9404537
321,9,21023299,0.97986336,0.03081065,0.01027737,0.0,0.00859074,0.56444797,0.00422764,0.38164563,57221,7,0.12719808,2.9361252
321,10,21023300,0.96535926,0.07898353,0.05499355,0.0,0.02652962,0.6059393,0.0049846,0.22856941,43949,6,0.07991769,2.9371199
322,1,21023321,0.34488985,0.43594374,0.0428823,0.0,0.18625814,0.0,0.2349267,0.09998912,24199,7,0.04367182,0.9923444
322,2,21023322,0.37036236,0.41927212,0.04025764,0.0,0.17718227,0.0,0.22868478,0.13460319,19079,7,0.09302202,0.9925748
322,3,21023323,0.341042,0.43617034,0.04556635,0.0,0.19111909,0.0,0.23695677,0.09018744,19087,7,0.03749407,0.9935583
322,4,21023324,0.32571409,0.44781218,0.04776358,0.0,0.19520468,0.0,0.24111815,0.06810141,24199,7,0.02998039,0.9923444
322,5,21023325,0.29410376,0.45000326,0.04465381,0.0,0.19556577,0.0,0.27346795,0.03630921,23183,7,0.0287897,0.9940506
322,6,21023326,0.32231744,0.45227021,0.04805019,0.0,0.19141033,0.0,0.25115933,0.05710994,20103,7,0.03739644,0.9916094
322,7,21023327,0.30623201,0.45928775,0.04795985,0.0,0.20901643,0.0,0.24407239,0.03966358,24207,7,0.02093071,0.9930806
322,8,21023328,0.33488154,0.43857087,0.04140724,0.0,0.19583008,0.0,0.23658932,0.08760248,19079,7,0.0362063,0.9925748
322,9,21023329,0.35796484,0.42346115,0.04392365,0.0,0.19086282,0.0,0.22695048,0.11480191,20103,7,0.04595411,0.9916094
322,10,21023330,0.3075105,0.47070232,0.04873434,0.0,0.18479181,0.0,0.24541141,0.05036012,19079,7,0.01888598,0.9925748
323,1,21023351,0.98752614,0.00022562,0.0,5.58e-06,1.904e-05,0.65389627,0.0,0.34585349,31403,6,0.03012959,0.986155
323,2,21023352,0.98820399,0.00023889,0.0,5.49e-06,2.48e-05,0.51172348,0.0,0.48800734,23935,7,0.03494604,0.9940605
323,3,21023353,0.98833978,0.00022673,0.0,5.48e-06,2.21e-05,0.56827008,0.0,0.43147561,22505,6,0.03768413,0.9861794
323,4,21023354,0.98808569,0.00021747,0.0,5.67e-06,2.043e-05,0.65339899,0.0,0.34635743,55705,6,0.03245195,0.9920607
323,5,21023355,0.98832698,0.00023038,0.0,5.49e-06,2.25e-05,0.554346,0.0,0.44539563,26831,6,0.03007524,0.9915735
323,6,21023356,0.98863877,0.00023341,0.0,5.53e-06,2.468e-05,0.57214305,0.0,0.42759333,57321,6,0.03137277,0.986199
323,7,21023357,0.98849965,0.00023918,0.0,5.44e-06,2.367e-05,0.50382323,0.0,0.49590848,38447,6,0.02628714,0.9871453
323,8,21023358,0.9889205,0.00023543,0.0,5.6e-06,2.255e-05,0.55009241,0.0,0.44964402,29143,6,0.03439958,0.9915583
323,9,21023359,0.98853241,0.00022862,0.0,5.53e-06,1.996e-05,0.57641614,0.0,0.42332974,35801,6,0.04296541,0.9900894
323,10,21023360,0.9885179,0.00022758,0.0,5.59e-06,2.292e-05,0.61222386,0.0,0.38752004,61401,6,0.02461013,0.9900835
324,1,21023381,0.99556198,0.00023208,4.2e-06,0.0,1.213e-05,0.99975139,0.0,1.9e-07,46291,6,0.29827802,4.142919
324,2,21023382,0.99575707,0.00023224,4.02e-06,0.0,1.119e-05,0.9997523,0.0,2.5e-07,44355,6,0.24281682,4.1426705
324,3,21023383,0.99373046,0.01217504,0.0088407,0.0,0.00022471,0.97875935,0.0,1.9e-07,44363,6,0.4234373,4.1436625
324,4,21023384,0.98432572,0.046561,0.04946964,0.0,0.00163309,0.74930297,0.0,0.1530333,11933,6,0.12381559,4.1359602
324,5,21023385,0.99550399,0.00159159,0.01285421,0.0,0.00023965,0.97706135,0.0,0.00825319,48460,6,0.23893266,4.1430018
324,6,21023386,0.99574471,0.00022877,3.94e-06,0.0,8.29e-06,0.99975883,0.0,1.8e-07,15685,6,0.26273823,4.1426705
324,7,21023387,0.99564144,0.00021745,4.03e-06,0.0,6.99e-06,0.99977134,0.0,2e-07,13522,6,0.20798306,4.1424219
324,8,21023388,0.99427342,0.0088825,0.0270312,0.0,0.00023688,0.95460251,0.0,0.00924691,22173,6,0.56100941,4.1431672
324,9,21023389,0.98646229,0.04253236,0.06610639,0.0,0.00117312,0.84833394,0.0,0.04185419,8940,6,0.13637227,4.1334802
324,10,21023390,0.99580084,0.00022686,4e-06,0.0,9.82e-06,0.9997591,0.0,2.2e-07,44115,6,0.35061006,4.1426705
325,1,21023411,0.91188622,0.00154648,0.0,0.15730096,2.058e-05,0.84109047,4.15e-05,2e-08,14471,6,0.04769926,0.9826527
325,2,21023412,0.97320367,0.00100431,0.0,0.01954285,6.23e-06,0.97738814,0.00205846,1e-08,35853,6,0.05424107,0.9891353
325,3,21023413,0.96822294,0.00173712,0.0,0.0284005,7.67e-06,0.9674612,0.00239347,4e-08,22727,6,0.04655056,0.9826392
325,4,21023414,0.96981061,0.0004308,0.0,0.01864766,4.314e-05,0.98025329,0.00062451,6e-07,37849,6,0.05100189,0.9911447
325,5,21023415,0.94313227,0.00172591,0.0,0.06533555,0.00022026,0.9278215,0.00153086,0.00336593,35211,6,0.06545831,0.9823467
325,6,21023416,0.94802359,0.00044036,0.0,0.05624522,5.9e-06,0.94323921,6.925e-05,6e-08,5561,6,0.09591715,0.9901444
325,7,21023417,0.94295127,0.00172455,0.0,0.09361509,7.2e-06,0.90465079,2.35e-06,2e-08,37385,6,0.03292905,0.985775
325,8,21023418,0.94483172,0.00364606,0.0,0.08431536,0.00073118,0.89764062,0.00597559,0.00769119,37417,6,0.05316146,0.9823899
325,9,21023419,0.97228581,0.00103565,0.0,0.02751802,6.82e-06,0.96818755,0.00070879,0.00254317,33801,6,0.06147493,0.9891625
325,10,21023420,0.94810125,0.00091211,0.0,0.10398685,1.393e-05,0.89298517,0.00210188,5e-08,30861,6,0.08950696,0.9911457
326,1,21023441,0.95180042,0.05264077,0.00524775,1.9e-07,0.32500791,0.0,0.12577896,0.49132441,48653,7,0.05459112,1.1421667
326,2,21023442,0.95211732,0.06143003,0.00401311,0.00072952,0.2773904,0.0,0.12309316,0.53334378,24365,7,0.0833649,1.1429488
326,3,21023443,0.94925643,0.05328995,0.00725715,4e-08,0.25528351,0.0,0.1712324,0.51293695,49069,7,0.0664319,1.1431618
326,4,21023444,0.95715117,0.04353373,0.00388708,7e-08,0.33217335,0.0,0.09553542,0.52487035,24493,7,0.12295812,1.1426668
326,5,21023445,0.93106591,0.08068867,0.00649792,0.00017457,0.46872363,0.0,0.16493139,0.27898382,12069,7,0.05830988,1.1419547
326,6,21023446,0.93030375,0.07779263,0.00787225,0.0016056,0.40973309,0.0,0.20747626,0.29552016,20389,7,0.05949132,1.1411791
326,7,21023447,0.94195468,0.06001685,0.00648048,1.5e-07,0.30852636,0.0,0.18236369,0.44261247,56877,7,0.12116858,1.1421636
326,8,21023448,0.97389887,0.03029366,0.00209472,0.00106276,0.18157199,0.0,0.04950171,0.73547517,49069,7,0.21634448,1.1431618
326,9,21023449,0.94719455,0.06334918,0.00418429,1.1e-07,0.32456665,0.0,0.13328251,0.47461726,44941,7,0.10080755,1.1431604
326,10,21023450,0.92866487,0.08519571,0.00564858,1e-07,0.43014676,0.0,0.20547761,0.27353125,48909,7,0.07682795,1.1434453
327,1,21023471,0.93543601,0.09547828,0.01656425,0.0,0.03665639,0.565826,0.00682294,0.27865214,18978,6,0.06697182,2.4807946
327,2,21023472,0.93902916,0.09659104,0.02223927,0.0,0.03296919,0.50736761,0.00574693,0.33508596,23309,7,0.10377937,2.4871824
327,3,21023473,0.94800596,0.07131102,0.01459919,0.0,0.02665544,0.50804046,0.00608617,0.37330771,24099,6,0.07192779,2.4820038
327,4,21023474,0.96371985,0.05296323,0.01520212,0.0,0.01833446,0.52982892,0.00485133,0.37881994,20227,7,0.11134338,2.4861933
327,5,21023475,0.96320454,0.05299409,0.0210669,0.0,0.02034325,0.52877014,0.00425494,0.37257069,19242,6,0.09183434,2.4856981
327,6,21023476,0.95739748,0.06242433,0.01530682,0.0,0.02458773,0.37852181,0.00333961,0.5158197,24323,7,0.1100789,2.4866901
327,7,21023477,0.95107261,0.07969602,0.02247451,0.0,0.02528588,0.55915973,0.0044697,0.30891416,19213,7,0.06904484,2.4866856
327,8,21023478,0.94751834,0.07315053,0.01818052,0.0,0.02605359,0.57160653,0.00660813,0.30440069,19978,7,0.07627874,2.4807965
327,9,21023479,0.93301253,0.09592152,0.02681858,0.0,0.0362705,0.59856098,0.00649638,0.23593204,18981,6,0.06660929,2.4812845
327,10,21023480,0.95756249,0.05809639,0.02282565,0.0,0.01885162,0.5209546,0.00408846,0.37518328,23307,7,0.10228656,2.4871824
328,1,21023501,0.9844463,0.00016038,0.0,2.254e-05,1.331e-05,0.77533548,0.0,0.22446829,50681,6,0.05610285,0.9877805
328,2,21023502,0.98406949,0.00016604,0.0,2.271e-05,1.43e-05,0.75086199,0.0,0.24893496,64377,6,0.05736668,0.9857201
328,3,21023503,0.98506327,0.00019478,0.0,2.277e-05,1.81e-05,0.64194078,0.0,0.35782357,59705,6,0.04309243,0.9837298
328,4,21023504,0.98354115,0.00018719,0.0,2.265e-05,1.808e-05,0.78309185,0.0,0.21668023,64649,6,0.05193537,0.9897961
328,5,21023505,0.98513414,0.00016616,0.0,2.262e-05,1.52e-05,0.74088218,0.0,0.25891384,38169,6,0.08291129,0.9897921
328,6,21023506,0.98464089,0.00018997,0.0,2.266e-05,1.806e-05,0.65372274,0.0,0.34604657,15865,6,0.0307489,0.989799
328,7,21023507,0.9841066,0.00018843,0.0,2.271e-05,1.716e-05,0.64006849,0.0,0.3597032,30553,6,0.03605672,0.989799
328,8,21023508,0.98503494,0.00016686,0.0,2.263e-05,1.317e-05,0.75590214,0.0,0.2438952,30585,6,0.04530456,0.9898072
328,9,21023509,0.98508857,0.00017503,0.0,2.273e-05,1.451e-05,0.79416535,0.0,0.20562238,31787,6,0.03370426,0.9897788
328,10,21023510,0.98604295,0.00017027,0.0,2.276e-05,1.597e-05,0.77094584,0.0,0.22884516,40953,6,0.05611105,0.9898082
329,1,21023531,0.99612051,0.00079216,9.776e-05,0.0,1.212e-05,0.99909464,0.0,3.32e-06,53499,6,0.46034179,3.8144128
329,2,21023532,0.98089928,0.04847604,0.00517641,0.0,0.0031939,0.92404706,0.0,0.01910659,46300,6,0.27733093,3.8137511
329,3,21023533,0.98358239,0.03910153,0.00357202,0.0,0.00308588,0.73610315,0.0,0.21813742,23629,6,0.16976418,3.8068582
329,4,21023534,0.98878195,0.01905273,0.00258399,0.0,0.0003903,0.97797272,0.0,2.6e-07,48197,6,0.20867511,3.8066141
329,5,21023535,0.99184987,0.01224571,0.00229674,0.0,0.00153993,0.97884876,0.0,0.00506887,14245,6,0.16408305,3.807611
329,6,21023536,0.99313099,0.0078594,0.00246899,0.0,0.00068019,0.98899119,0.0,2.3e-07,15683,6,0.1783144,3.8134197
329,7,21023537,0.98188453,0.04493957,0.00543439,0.0,0.00511231,0.88590818,0.0,0.05860555,11586,6,0.26415968,3.8124267
329,8,21023538,0.99396689,0.0048755,0.00015891,0.0,0.00109982,0.97100356,0.0,0.02286221,9676,6,0.26868523,3.8124277
329,9,21023539,0.98359876,0.04313251,0.00959252,0.0,0.0036904,0.94358347,0.0,1.1e-06,49851,6,0.23374634,3.8144118
329,10,21023540,0.98716967,0.03294336,0.05293825,0.0,0.0018814,0.84942368,0.0,0.06281332,51077,6,0.11665506,3.8134197
330,1,21023561,0.43635908,0.13311815,0.02194312,0.00836839,0.06185601,0.37993545,0.37631895,0.01845993,6985,6,0.0475774,0.9888965
330,2,21023562,0.44427365,0.1499048,0.02818138,0.01771725,0.05464562,0.36928954,0.35489956,0.02536185,23687,6,0.05542963,0.9891446
330,3,21023563,0.39093171,0.15342742,0.03068563,0.00709209,0.05586023,0.33506648,0.41239801,0.00547014,8009,6,0.03425112,0.9898835
330,4,21023564,0.42458219,0.13226113,0.02719248,0.01207787,0.06704073,0.31451388,0.38084772,0.0660662,18567,6,0.077157,0.988414
330,5,21023565,0.41901438,0.13164287,0.02199824,0.01985025,0.06161748,0.31450673,0.38671579,0.06366865,23113,6,0.02351695,0.9844142
330,6,21023566,0.48589977,0.13414303,0.0263851,0.02051012,0.04594257,0.4171205,0.32916909,0.02672958,18567,6,0.06635043,0.988414
330,7,21023567,0.45358951,0.13848271,0.02512382,0.00415026,0.06579963,0.31675511,0.35315443,0.09653404,18631,6,0.05808261,0.9884069
330,8,21023568,0.41722452,0.1504599,0.02837911,0.01712275,0.05493036,0.28600199,0.38063221,0.08247368,19087,7,0.04197976,0.9858844
330,9,21023569,0.50230498,0.12042867,0.02276357,0.01157198,0.04623409,0.44887418,0.33731722,0.01281028,18567,6,0.06239218,0.988414
330,10,21023570,0.40379888,0.14799559,0.03068342,0.00968746,0.0615039,0.34295124,0.396486,0.01069239,22727,6,0.09110467,0.9891446
331,1,21023591,0.98999299,0.0034791,0.05423097,0.0,0.00027193,0.2972043,0.0,0.6448137,5631,7,0.0223013,0.9961142
331,2,21023592,0.99059974,0.00368501,0.05029334,0.0,0.00030609,0.36419293,0.0,0.58152263,13823,7,0.04457644,0.9961162
331,3,21023593,0.98985525,0.00405112,0.04865069,0.0,0.00028168,0.26500655,0.0,0.68200996,30135,6,0.02536514,0.9953687
331,4,21023594,0.99071527,0.0033217,0.05189474,0.0,0.00034851,0.2622479,0.0,0.68218714,28671,7,0.02730554,0.9956221
331,5,21023595,0.99072943,0.00303142,0.05901611,0.0,0.00029016,0.27027338,0.0,0.66738893,32023,6,0.02666055,0.9936191
331,6,21023596,0.98954942,0.00395435,0.05044481,0.0,0.00053508,0.31836568,0.0,0.62670008,47039,6,0.02822445,0.9941874
331,7,21023597,0.9904357,0.00346467,0.04461691,0.0,0.00025412,0.29755196,0.0,0.65411233,7039,7,0.02965482,0.9936917
331,8,21023598,0.98970541,0.00415685,0.03903477,0.0,0.00020647,0.29593467,0.0,0.66066724,24023,7,0.05681409,0.9920125
331,9,21023599,0.99026727,0.00391835,0.05765287,0.0,0.00040243,0.23723131,0.0,0.70079504,63447,7,0.02465517,0.9958642
331,10,21023600,0.98948969,0.00360489,0.04990616,0.0,0.00061478,0.41161841,0.0,0.53425576,29623,6,0.02624781,0.9893606
332,1,21023621,0.99000342,0.02085195,0.00437829,0.0,0.00266379,0.94833186,0.0,0.02377412,19789,6,0.15820401,3.9238184
332,2,21023622,0.98111154,0.03699964,0.00745024,0.0,0.00228709,0.95326123,0.0,1.8e-06,19540,6,0.22732743,3.9228254
332,3,21023623,0.98625319,0.0259219,0.00183435,0.0,0.00348711,0.82377448,0.0,0.14498216,12042,6,0.10877361,3.9228264
332,4,21023624,0.98731994,0.0242918,0.00972054,0.0,0.0019384,0.81277339,0.0,0.15127587,20357,7,0.05966816,3.9170393
332,5,21023625,0.9902932,0.0161953,0.00939126,0.0,0.00135201,0.97305551,0.0,5.93e-06,56389,6,0.16594265,3.9167943
332,6,21023626,0.88907923,0.25686028,0.00990532,0.0,0.00175838,0.72435372,0.0,0.0071223,17604,6,0.22679397,3.9150885
332,7,21023627,0.96950997,0.06463853,0.00753691,0.0,0.01913197,0.81945448,0.0,0.08923812,19778,6,0.09970936,3.9228254
332,8,21023628,0.98809496,0.02468589,0.01083227,0.0,0.00210796,0.91004199,0.0,0.05233189,19676,6,0.29658738,3.9160372
332,9,21023629,0.98468052,0.02144016,0.00766563,0.0,0.0160034,0.91730855,0.0,0.03758227,19548,6,0.14755714,3.9228264
332,10,21023630,0.98982693,0.0198139,0.00563654,0.0,0.00136817,0.94294994,0.0,0.03023145,21956,6,0.15262671,3.9235699
333,1,21023651,0.65226262,0.00010921,0.0,0.99987362,3.45e-06,1.207e-05,1.65e-06,1e-08,37260,2,0.0936333,0.6495227
333,2,21023652,0.98272984,0.00017316,0.0,2.203e-05,6.09e-06,0.99921373,1.61e-06,0.00058338,15993,6,0.05165851,0.9815261
333,3,21023653,0.98408926,0.00018511,0.0,2.227e-05,6.91e-06,0.99978381,1.63e-06,2.6e-07,34187,6,0.03734209,0.9794982
333,4,21023654,0.98397732,0.0001899,0.0,2.237e-05,6.35e-06,0.99977906,1.6e-06,7.1e-07,36957,6,0.02889896,0.9795646
333,5,21023655,0.98494672,0.00019187,0.0,2.21e-05,7.42e-06,0.99977678,1.58e-06,2.5e-07,40521,6,0.03769134,0.9877198
333,6,21023656,0.9832695,0.00017928,0.0,2.215e-05,6.63e-06,0.99979029,1.63e-06,3e-08,46777,6,0.04094137,0.977429
333,7,21023657,0.98450331,0.00017425,0.0,2.209e-05,5.89e-06,0.99979579,1.62e-06,3.6e-07,34201,6,0.07135904,0.9876822
333,8,21023658,0.98220029,0.00016465,0.0,2.204e-05,6.58e-06,0.99980502,1.62e-06,9e-08,51609,6,0.04014202,0.9877354
333,9,21023659,0.65160399,0.00011332,0.0,0.9998693,3.59e-06,1.212e-05,1.65e-06,1e-08,30312,2,0.0814699,0.658291
333,10,21023660,0.98320091,0.00016225,0.0,2.196e-05,5.88e-06,0.99980699,1.62e-06,1.29e-06,37321,6,0.05191659,0.971441
334,1,21023681,0.94081034,0.09136549,0.01963826,0.0,0.05800298,0.24875432,0.02452023,0.55771872,16261,7,0.11206474,2.409242
334,2,21023682,0.92237187,0.1138816,0.06051702,0.0,0.09533399,0.30290429,0.0226216,0.40474149,12069,7,0.06235144,2.4117803
334,3,21023683,0.94487599,0.08021278,0.02625876,0.0,0.05658307,0.23130096,0.01556377,0.59008067,24357,7,0.16857762,2.4122774
334,4,21023684,0.9334348,0.11423153,0.03209597,0.0,0.06768837,0.30594371,0.02112875,0.45891167,16301,7,0.08288861,2.4099829
334,5,21023685,0.92638377,0.12572236,0.0347317,0.0,0.06736011,0.2297673,0.0181576,0.52426093,16173,7,0.11647608,2.4127744
334,6,21023686,0.95356022,0.0793433,0.03486583,0.0,0.04550614,0.28460063,0.0097146,0.5459695,53157,7,0.11269116,2.4091527
334,7,21023687,0.94146051,0.09233109,0.0169684,0.0,0.06594817,0.29844175,0.01934477,0.50696581,44973,7,0.11196474,2.4104785
334,8,21023688,0.9371809,0.11403732,0.03246067,0.0,0.06425682,0.13351234,0.01422871,0.64150413,12205,7,0.11216145,2.4089866
334,9,21023689,0.94671166,0.08696727,0.02868978,0.0,0.06024433,0.22219669,0.01267934,0.58922258,20397,7,0.09035113,2.4089866
334,10,21023690,0.941147,0.08860636,0.06315794,0.0,0.05340316,0.14062591,0.01902836,0.63517825,24325,7,0.08088894,2.4122804
335,1,21023711,0.91088746,0.09049348,0.01251119,0.0,0.03976677,0.0,0.02013285,0.83709572,18947,7,0.1461241,1.3187997
335,2,21023712,0.93935601,0.05967766,0.00872297,0.0,0.03171409,0.0,0.01410838,0.8857769,19211,7,0.1044219,1.3219088
335,3,21023713,0.87451242,0.13257644,0.01795807,0.0,0.0721846,0.0,0.02885258,0.7484283,19971,7,0.07973349,1.3188049
335,4,21023714,0.88982037,0.11198137,0.01521579,0.0,0.07071878,0.0,0.02652894,0.77555513,24322,7,0.12418099,1.3216624
335,5,21023715,0.91822008,0.08780114,0.01697987,0.0,0.04396644,0.0,0.01891968,0.83233288,18955,7,0.18838892,1.3197853
335,6,21023716,0.91232782,0.08691773,0.01207159,0.0,0.04796709,0.0,0.02232445,0.83071914,19203,7,0.1648821,1.3214116
335,7,21023717,0.92582865,0.07677065,0.01109888,0.0,0.03829957,0.0,0.01524265,0.85858825,18955,7,0.13174877,1.3197853
335,8,21023718,0.8883855,0.10396745,0.01535872,0.0,0.05666151,0.0,0.03148198,0.79253035,20235,7,0.07880419,1.321911
335,9,21023719,0.89827266,0.10217842,0.01206074,0.0,0.05644121,0.0,0.02416641,0.80515321,23042,7,0.25544323,1.3192919
335,10,21023720,0.88533095,0.11827381,0.01688022,0.0,0.05443254,0.0,0.0282268,0.78218663,20363,7,0.11947132,1.3207806
336,1,21023741,0.98642071,0.00020759,0.0,1.54e-05,2.063e-05,0.59505674,0.0,0.40469964,34233,6,0.0431986,0.9886839
336,2,21023742,0.98611646,0.0001703,0.0,1.548e-05,1.479e-05,0.75872952,0.0,0.24106991,42489,6,0.07154132,0.9886766
336,3,21023743,0.98570157,0.0001996,0.0,1.554e-05,1.764e-05,0.62397321,0.0,0.37579401,36793,6,0.03210681,0.9850859
336,4,21023744,0.9872211,0.00020398,0.0,1.534e-05,2.176e-05,0.58373231,0.0,0.4160266,61037,6,0.04137317,0.9906514
336,5,21023745,0.98591814,0.00020583,0.0,1.539e-05,2.227e-05,0.59529248,0.0,0.40446404,58879,7,0.03846476,0.9926816
336,6,21023746,0.98573893,0.00017271,0.0,1.561e-05,1.41e-05,0.79625291,0.0,0.20354466,16121,6,0.0699065,0.9834562
336,7,21023747,0.98672623,0.00020932,0.0,1.555e-05,2.419e-05,0.53008688,0.0,0.46966406,53097,6,0.03582656,0.9814534
336,8,21023748,0.98754896,0.00021597,0.0,1.543e-05,2.398e-05,0.53256648,0.0,0.46717814,33655,7,0.03108588,0.9870695
336,9,21023749,0.98671708,0.00020359,0.0,1.56e-05,1.996e-05,0.56628703,0.0,0.43347382,32023,6,0.04935976,0.990177
336,10,21023750,0.98539637,0.00018551,0.0,1.549e-05,1.593e-05,0.73997078,0.0,0.25981229,49081,6,0.04240347,0.9870646
337,1,21023771,0.99553635,0.00046433,0.45049433,0.0,1.758e-05,0.41684985,0.0,0.13217391,10356,4,0.1069057,4.3289175
337,2,21023772,0.99497482,0.00054171,0.52891734,0.0,2.138e-05,0.41317437,0.0,0.05734519,20117,6,0.09387976,4.3223273
337,3,21023773,0.99555272,0.00049046,0.47402806,0.0,1.783e-05,0.48086704,0.0,0.04459661,22643,4,0.08488947,4.3299105
337,4,21023774,0.99556722,0.00049592,0.63530163,0.0,1.96e-05,0.29118342,0.0,0.07299944,51564,4,0.12962684,4.3299105
337,5,21023775,0.99560979,0.00048686,0.47120795,0.0,1.962e-05,0.43792041,0.0,0.09036516,24322,7,0.06383605,4.329662
337,6,21023776,0.9954378,0.00047722,0.62288167,0.0,1.711e-05,0.3766233,0.0,7e-07,44939,6,0.13809319,4.3243321
337,7,21023777,0.99523923,0.00060678,0.88642709,0.0,2.015e-05,0.10736562,0.0,0.00558035,22771,4,0.08172273,4.3230806
337,8,21023778,0.99541753,0.00047067,0.50769322,0.0,1.886e-05,0.47034864,0.0,0.0214686,51563,4,0.13609463,4.3309026
337,9,21023779,0.99511586,0.00042356,0.30707951,0.0,1.432e-05,0.55521319,0.0,0.13726942,9861,6,0.12279247,4.3208659
337,10,21023780,0.99521987,0.00052452,0.83149726,0.0,1.503e-05,0.16796279,0.0,4e-07,10602,4,0.22781772,4.3289185
338,1,21023801,0.74355772,0.05673699,0.00735619,0.0828303,0.01731418,0.71289172,0.11377173,0.00909889,32781,6,0.05393094,0.9900005
338,2,21023802,0.73248927,0.05207078,0.00498767,0.19828268,0.01970684,0.62827566,0.08277585,0.01390053,32841,6,0.07907623,0.9899945
338,3,21023803,0.61659,0.07567291,0.00883522,0.18236646,0.02075871,0.53155438,0.1671861,0.01362624,36937,6,0.06789167,0.9899955
338,4,21023804,0.68043176,0.07599871,0.00706589,0.12082553,0.01566318,0.64799163,0.13117174,0.00128332,36971,6,0.04658174,0.9840319
338,5,21023805,0.61089171,0.09446746,0.0118674,0.17547766,0.01956175,0.54704875,0.15072204,0.00085495,22927,6,0.0365326,0.9791347
338,6,21023806,0.70768142,0.06996683,0.00942692,0.10212105,0.01542469,0.66158369,0.13398347,0.00749335,38923,6,0.048802,0.9899776
338,7,21023807,0.74306396,0.05578337,0.00679939,0.10849033,0.01330278,0.69437886,0.10256239,0.01868288,32781,6,0.09259421,0.9900005
338,8,21023808,0.64029011,0.08883445,0.01238743,0.18217127,0.01942277,0.56974379,0.12318747,0.00425282,32845,6,0.06651793,0.9899945
338,9,21023809,0.65139173,0.06422693,0.00950177,0.19673499,0.02513009,0.56226631,0.14083599,0.0013039,33357,6,0.07448266,0.9899945
338,10,21023810,0.6882683,0.06238697,0.00589713,0.19743081,0.01824416,0.59573128,0.11034702,0.00996262,33355,6,0.04198417,0.9899945
339,1,21023831,0.9933109,0.00961487,0.07666518,0.0,0.00241168,0.02700742,0.0,0.88430085,26615,7,0.03347065,0.9981777
339,2,21023832,0.99307081,0.01020727,0.07615228,0.0,0.00286746,0.01654696,0.0,0.89422604,42367,7,0.0219936,0.9986724
339,3,21023833,0.99295603,0.01066823,0.07447497,0.0,0.00212636,0.03650407,0.0,0.87622637,30719,7,0.02281523,0.9986781
339,4,21023834,0.9926121,0.01097161,0.05703787,0.0,0.00264214,0.01809096,0.0,0.91125742,44887,7,0.02654634,0.9983442
339,5,21023835,0.99375843,0.00823572,0.06257603,0.0,0.00108877,0.03816971,0.0,0.88992977,61407,7,0.02028682,0.9986757
339,6,21023836,0.99232364,0.01188625,0.05494628,0.0,0.00298149,0.07202027,0.0,0.85816571,42943,6,0.02469477,0.9980182
339,7,21023837,0.99360817,0.00765844,0.04738006,0.0,0.00214853,0.00342398,0.0,0.93938899,51063,7,0.03938583,0.9977654
339,8,21023838,0.99180351,0.01299051,0.08909782,0.0,0.00279579,0.0145271,0.0,0.88058878,48983,7,0.0319676,0.9984276
339,9,21023839,0.99227396,0.01169764,0.0769136,0.0,0.00245641,0.01641392,0.0,0.89251843,50559,7,0.02637215,0.9986724
339,10,21023840,0.99245866,0.01142507,0.05722876,0.0,0.0024693,0.02602993,0.0,0.90284694,16375,7,0.03118511,0.9984292
340,1,21023861,0.96406074,0.06315476,0.08925732,0.0,0.01775976,0.60449823,0.00042746,0.22490247,20258,6,0.1254553,3.2575097
340,2,21023862,0.96217447,0.07235224,0.07701337,0.0,0.01900255,0.62292214,0.0008983,0.2078114,24098,6,0.12782958,3.2520445
340,3,21023863,0.97144331,0.05419785,0.06456043,0.0,0.01323013,0.63444871,0.000135,0.23342788,22147,6,0.08865535,3.2523116
340,4,21023864,0.97170106,0.04726008,0.02711919,0.0,0.01212261,0.72742936,0.00111478,0.18495398,57123,6,0.07999968,3.2587521
340,5,21023865,0.96068737,0.06867551,0.06117164,0.0,0.02122221,0.70258854,0.00133474,0.14500737,18978,6,0.15698981,3.2510905
340,6,21023866,0.95898553,0.08640707,0.06595665,0.0,0.01329335,0.51450306,0.00146314,0.31837674,20234,7,0.05586084,3.2575162
340,7,21023867,0.96483738,0.06639985,0.0841792,0.0,0.01472211,0.40123444,0.00235321,0.43111119,18955,7,0.0839901,3.252544
340,8,21023868,0.95502365,0.08179228,0.07738809,0.0,0.01943087,0.68245074,0.00112214,0.13781587,56066,6,0.06892096,3.2585023
340,9,21023869,0.95880039,0.07505378,0.07910002,0.0,0.01797866,0.50607595,0.0006698,0.32112179,18957,7,0.12871889,3.252544
340,10,21023870,0.95347885,0.08496913,0.07670717,0.0,0.02599537,0.57580638,0.0008421,0.23567986,24098,6,0.06158222,3.2520445
341,1,21023891,0.98410748,0.00020597,0.0,2.133e-05,8.03e-06,0.99976306,1.58e-06,4e-08,8151,6,0.02135998,0.9908683
341,2,21023892,0.98397258,0.00018361,0.0,2.13e-05,6.29e-06,0.99978719,1.55e-06,5e-08,39385,6,0.04099423,0.9891252
341,3,21023893,0.98355345,0.00020038,0.0,2.134e-05,8.04e-06,0.99976827,1.55e-06,4.3e-07,50617,6,0.03826955,0.9870961
341,4,21023894,0.98439019,0.00018379,0.0,2.106e-05,6.91e-06,0.99978664,1.54e-06,6e-08,39385,6,0.06223318,0.9891252
341,5,21023895,0.98379601,0.00018103,0.0,2.12e-05,6.97e-06,0.99978915,1.57e-06,8e-08,35017,6,0.0564128,0.9871342
341,6,21023896,0.98536523,0.00020752,0.0,2.125e-05,7.84e-06,0.99976172,1.57e-06,9e-08,62841,6,0.03705962,0.9891291
341,7,21023897,0.98212414,0.000172,0.0,2.133e-05,6.79e-06,0.99979826,1.55e-06,7e-08,29737,6,0.03627677,0.989133
341,8,21023898,0.98380209,0.00019199,0.0,2.12e-05,7.37e-06,0.99977783,1.56e-06,5e-08,40169,6,0.02543039,0.9871471
341,9,21023899,0.98425974,0.00015524,0.0,2.109e-05,4.96e-06,0.99981713,1.56e-06,3e-08,42425,6,0.06249707,0.9870961
341,10,21023900,0.98289575,0.00017692,0.0,2.118e-05,6.76e-06,0.99979236,1.53e-06,1.25e-06,37481,6,0.02895334,0.9827442
342,1,21023921,0.97910403,0.0433929,0.00859699,0.0,0.01224392,0.76218806,0.0,0.17357813,21965,6,0.10824165,3.5298952
342,2,21023922,0.97741441,0.04562687,0.00608878,0.0,0.01050087,0.86332148,0.0,0.074462,10149,6,0.06806425,3.5234003
342,3,21023923,0.97026788,0.07694691,0.02256243,0.0,0.01532147,0.82376359,0.0,0.06140559,51899,6,0.14990051,3.5253988
342,4,21023924,0.98300778,0.0412818,0.00259685,0.0,0.00605641,0.80706912,0.0,0.14299581,53499,6,0.1778955,3.5303915
342,5,21023925,0.97139393,0.06478673,0.0152549,0.0,0.00793759,0.69808049,0.0,0.2139403,20389,7,0.08442639,3.5233893
342,6,21023926,0.97246652,0.06271615,0.00349695,0.0,0.00965755,0.84482778,0.0,0.07930157,42653,6,0.07884697,3.5303905
342,7,21023927,0.95949997,0.10330589,0.00469523,0.0,0.01191075,0.69826559,0.0,0.18182255,24221,6,0.09954804,3.5249011
342,8,21023928,0.97005106,0.07480169,0.01326812,0.0,0.0143608,0.79158186,0.0,0.10598753,23436,6,0.08862301,3.5240439
342,9,21023929,0.97658416,0.05744228,0.01674048,0.0,0.00873889,0.79088628,0.0,0.12619207,42653,6,0.11170813,3.5303905
342,10,21023930,0.98562827,0.03211534,0.00957498,0.0,0.00620078,0.95210186,0.0,7.04e-06,52765,6,0.10128972,3.5303905
343,1,21023951,0.16129327,0.35142658,0.0444719,0.0,0.15783486,0.0,0.40500498,0.04126168,24199,7,0.02449805,0.9881561
343,2,21023952,0.19297052,0.3417726,0.0392165,0.0,0.16718682,0.0,0.38034395,0.07148014,24207,7,0.03477211,0.9888908
343,3,21023953,0.21942534,0.32953111,0.04308508,0.0,0.1397425,0.0,0.38272465,0.10491665,23183,7,0.03286937,0.9908979
343,4,21023954,0.23233249,0.32039513,0.04611305,0.0,0.14033664,0.0,0.37748761,0.11566757,20103,7,0.0404021,0.9874227
343,5,21023955,0.16648287,0.35045386,0.04746343,0.0,0.15600903,0.0,0.40814679,0.03792689,19079,7,0.02726654,0.9894244
343,6,21023956,0.23587966,0.32086104,0.04727525,0.0,0.13583653,0.0,0.37785313,0.11817405,19079,7,0.04908831,0.9894244
343,7,21023957,0.22744042,0.34657581,0.04673051,0.0,0.15867557,0.0,0.3549921,0.09302601,23175,7,0.07347464,0.9901605
343,8,21023958,0.21854205,0.32514805,0.05345128,0.0,0.14412268,0.0,0.38476212,0.09251586,23175,7,0.04454399,0.9901605
343,9,21023959,0.20880577,0.32201537,0.04528475,0.0,0.14407075,0.0,0.40252358,0.08610554,19087,7,0.05925337,0.9904063
343,10,21023960,0.17614741,0.35490245,0.04633422,0.0,0.15989464,0.0,0.38690077,0.05196792,19087,7,0.03042121,0.9904063
344,1,21023981,0.98840326,0.0028383,0.0,0.0,4.684e-05,0.39759039,0.0,0.59952447,26111,7,0.02166047,0.9939358
344,2,21023982,0.98874613,0.00172229,0.0,0.0,7.194e-05,0.40281301,0.0,0.59539276,32631,7,0.02818807,0.9941912
344,3,21023983,0.9883316,0.00195548,0.0,0.0,6.581e-05,0.43899444,0.0,0.55898427,22399,7,0.02363078,0.9944364
344,4,21023984,0.98716433,0.00320617,0.0,0.0,0.00015137,0.43303514,0.0,0.56360732,59391,7,0.02205021,0.9944411
344,5,21023985,0.98910693,0.00136668,0.0,0.0,0.00010891,0.36188634,0.0,0.63663806,52351,7,0.03571334,0.9889043
344,6,21023986,0.98917981,0.00175367,0.0,0.0,6.04e-05,0.36399427,0.0,0.63419166,28511,7,0.02597802,0.9939358
344,7,21023987,0.98837088,0.00261695,0.0,0.0,5.141e-05,0.35404447,0.0,0.64328717,22519,7,0.0313833,0.9941918
344,8,21023988,0.98681287,0.00257885,0.0,0.0,0.00021092,0.4308213,0.0,0.56638893,30079,7,0.03675153,0.9944365
344,9,21023989,0.98916934,0.00166693,0.0,0.0,6.635e-05,0.39685671,0.0,0.60141002,24063,7,0.04001925,0.9944365
344,10,21023990,0.98798874,0.00203403,0.0,0.0,7.801e-05,0.34489703,0.0,0.65299093,32695,7,0.03080906,0.9911832
345,1,21024011,0.9953518,0.00020896,3.53e-06,0.0,7.77e-06,0.99977955,0.0,1.9e-07,11355,6,0.3177299,4.3999432
345,2,21024012,0.99531804,0.00024427,4.4e-06,0.0,1.252e-05,0.9997386,0.0,2.1e-07,52683,6,0.16553993,4.3942266
345,3,21024013,0.99513247,0.00023207,4.47e-06,0.0,1.149e-05,0.99975177,0.0,2.1e-07,44251,6,0.30853446,4.3942266
345,4,21024014,0.99548695,0.00024167,4.31e-06,0.0,1.064e-05,0.99974319,0.0,2e-07,48220,6,0.16335731,4.4002745
345,5,21024015,0.99606746,0.0002265,3.99e-06,0.0,1.007e-05,0.99975925,0.0,2e-07,15690,6,0.29984567,4.3999432
345,6,21024016,0.99491246,0.00023323,3.96e-06,0.0,9.69e-06,0.99975293,0.0,2e-07,11715,6,0.28946403,4.3922212
345,7,21024017,0.98627292,0.03695595,0.01975689,0.0,0.00015585,0.9050298,0.0,0.03810151,9874,6,0.12035991,4.3989501
345,8,21024018,0.99436057,0.00348019,0.00019813,0.0,9.97e-06,0.99631151,0.0,2e-07,13524,6,0.11289434,4.3996946
345,9,21024019,0.99170113,0.01191025,0.00325598,0.0,0.00060394,0.87541772,0.0,0.1088121,48211,6,0.28239038,4.4001917
345,10,21024020,0.97257622,0.07134567,0.01304763,0.0,0.00051067,0.91284691,0.0,0.00224911,54932,6,0.13154377,4.3999432
346,1,21024041,0.98418181,0.00019672,0.0,2.201e-05,7.16e-06,0.9997692,1.74e-06,3.16e-06,49145,6,0.05338103,0.9900219
346,2,21024042,0.98422177,0.0001852,0.0,2.167e-05,7.01e-06,0.99978411,1.77e-06,2.5e-07,33355,6,0.12107694,0.9880189
346,3,21024043,0.98247265,0.00017298,0.0,2.106e-05,6.2e-06,0.99979796,1.76e-06,4e-08,37001,6,0.06190935,0.9879962
346,4,21024044,0.98356284,0.00018159,0.0,2.164e-05,6.96e-06,0.99978795,1.8e-06,5e-08,32777,6,0.06088743,0.9880269
346,5,21024045,0.98417806,0.00017797,0.0,2.134e-05,5.9e-06,0.99979201,1.77e-06,1.02e-06,35465,6,0.05971891,0.9840632
346,6,21024046,0.98354282,0.00019311,0.0,2.186e-05,7.71e-06,0.99977472,1.77e-06,8.2e-07,36427,6,0.04109346,0.9879397
346,7,21024047,0.98542669,0.00019795,0.0,2.166e-05,6.95e-06,0.99977162,1.78e-06,4e-08,37931,6,0.07785173,0.9880199
346,8,21024048,0.98374147,0.00020028,0.0,2.191e-05,6.89e-06,0.9997689,1.78e-06,2.4e-07,28717,6,0.04057232,0.9860452
346,9,21024049,0.98435041,0.00018001,0.0,2.141e-05,6.64e-06,0.99978995,1.8e-06,1.9e-07,37129,6,0.05845701,0.9801457
346,10,21024050,0.9845921,0.00016694,0.0,2.077e-05,5.69e-06,0.99980482,1.7e-06,6e-08,35979,6,0.10428571,0.9879873
347,1,21024071,0.8880643,0.12278117,0.02552323,0.00045916,0.18083587,0.0,0.06941288,0.60098769,53005,7,0.1432022,1.7270497
347,2,21024072,0.91844641,0.07932758,0.01392167,1e-08,0.14920454,0.0,0.0549041,0.70264211,57229,7,0.09419132,1.7256168
347,3,21024073,0.90201396,0.10677802,0.02788667,4e-08,0.15797125,0.0,0.06643768,0.64092634,16165,7,0.07417209,1.726056
347,4,21024074,0.92116865,0.09408878,0.02262372,0.00028949,0.12818809,0.0,0.04899059,0.70581933,53037,7,0.10461588,1.7270483
347,5,21024075,0.92048196,0.08626486,0.01586865,0.00041919,0.12494919,0.0,0.05359436,0.71890375,49069,7,0.12222842,1.7256139
347,6,21024076,0.92211457,0.09013942,0.02133049,1e-08,0.12129095,0.0,0.04961155,0.71762759,11789,7,0.11530433,1.7231368
347,7,21024077,0.94327211,0.06576613,0.01579735,0.00057905,0.0810281,0.0,0.03632243,0.80050694,48685,7,0.11997164,1.7246065
347,8,21024078,0.90846525,0.10687411,0.02495993,1.07e-06,0.13709198,0.0,0.06056796,0.67050495,24493,7,0.1452945,1.7251177
347,9,21024079,0.90189345,0.10887231,0.030279,0.00017355,0.15388671,0.0,0.06244493,0.6443435,24485,7,0.11521854,1.7243728
347,10,21024080,0.91632322,0.09699701,0.02349594,0.00035267,0.13454044,0.0,0.04938061,0.69523333,53037,7,0.11318467,1.7270483
348,1,21024101,0.88019838,0.15165037,0.03458753,0.0,0.07361722,0.20366646,0.01411649,0.52236193,20227,7,0.08019627,2.197795
348,2,21024102,0.90417604,0.11821489,0.02743063,0.0,0.05788615,0.13991836,0.01404468,0.64250529,24323,7,0.13445243,2.1982918
348,3,21024103,0.90472083,0.13055611,0.03051751,0.0,0.0552164,0.14493584,0.01494112,0.62383302,23299,7,0.10207073,2.1982876
348,4,21024104,0.90428791,0.12568236,0.02376059,0.0,0.05382569,0.1762772,0.01247557,0.60797858,24330,7,0.08280751,2.1982918
348,5,21024105,0.89162247,0.13543737,0.03888365,0.0,0.0683947,0.16458307,0.01252374,0.58017747,23043,7,0.06813215,2.1941832
348,6,21024106,0.89748785,0.14221938,0.02377693,0.0,0.0731684,0.16544652,0.01106091,0.58432786,20227,7,0.11539491,2.197795
348,7,21024107,0.91785081,0.11060682,0.03663693,0.0,0.0499829,0.16919292,0.00795142,0.62562901,20357,7,0.08875821,2.1949294
348,8,21024108,0.89012736,0.14727624,0.03228892,0.0,0.06896805,0.10453185,0.01276944,0.6341655,24068,7,0.08523181,2.1939455
348,9,21024109,0.89535296,0.1331844,0.03855855,0.0,0.04906002,0.15761345,0.01315081,0.60843276,19341,7,0.08169987,2.1954144
348,10,21024110,0.88500726,0.16128288,0.02483803,0.0,0.06080221,0.11163599,0.01673942,0.62470148,20227,7,0.08333278,2.197795
349,1,21024131,0.98304525,0.00017953,0.0,2.263e-05,1.754e-05,0.74468018,0.0,0.25510013,44025,6,0.04953856,0.9832563
349,2,21024132,0.9836173,0.00016217,0.0,2.25e-05,1.302e-05,0.76718675,0.0,0.23261555,52729,6,0.07232595,0.9874868
349,3,21024133,0.98371319,0.00015916,0.0,2.257e-05,1.374e-05,0.70790601,0.0,0.29189852,34857,6,0.08528536,0.9832219
349,4,21024134,0.98560116,0.00019755,0.0,2.254e-05,2.17e-05,0.59099507,0.0,0.40876314,35403,6,0.03942741,0.9874114
349,5,21024135,0.98414679,0.0001867,0.0,2.251e-05,1.867e-05,0.62790051,0.0,0.37187161,28267,6,0.04004626,0.9889166
349,6,21024136,0.98418303,0.0001626,0.0,2.271e-05,1.318e-05,0.80191116,0.0,0.19789034,42233,6,0.05267647,0.9790172
349,7,21024137,0.98435119,0.00019044,0.0,2.273e-05,1.873e-05,0.62039963,0.0,0.37936846,4023,7,0.0359642,0.9862399
349,8,21024138,0.9839144,0.00020042,0.0,2.262e-05,1.764e-05,0.58263655,0.0,0.41712277,7639,7,0.03349556,0.9817697
349,9,21024139,0.98452162,0.00019508,0.0,2.254e-05,1.859e-05,0.59752525,0.0,0.40223854,64073,6,0.05588692,0.9894615
349,10,21024140,0.9850809,0.00018753,0.0,2.279e-05,1.825e-05,0.63971894,0.0,0.36005249,14809,6,0.03226867,0.9894499
350,1,21024161,0.99541425,0.0002523,4.25e-06,0.0,1.567e-05,0.99972753,0.0,2.5e-07,42196,6,0.1672964,4.3446557
350,2,21024162,0.98877448,0.02817996,0.01416795,0.0,0.00016718,0.89511339,0.0,0.06237152,56850,6,0.09094647,4.344987
350,3,21024163,0.96244422,0.137321,0.03233114,0.0,0.00038327,0.78957099,0.0,0.0403936,29435,0,0.09638865,3.2365857
350,4,21024164,0.99587768,0.00023929,4.11e-06,0.0,1.142e-05,0.99974488,0.0,3e-07,17860,6,0.44283851,4.343994
350,5,21024165,0.98949043,0.02538607,0.00982483,0.0,0.00035408,0.90756458,0.0,0.05687044,14245,6,0.33889037,4.3381273
350,6,21024166,0.99582728,0.0002199,4.34e-06,0.0,1.223e-05,0.99976333,0.0,2e-07,17619,6,0.21144055,4.3444902
350,7,21024167,0.98858615,0.02684515,0.01598748,0.0,0.00129522,0.80457171,0.0,0.15130045,14243,6,0.13557765,4.3381273
350,8,21024168,0.97403794,0.09130905,0.06127935,0.0,0.00149717,0.83320149,0.0,0.01271295,55547,6,0.26408404,4.3393808
350,9,21024169,0.99320768,0.00810046,0.0035028,0.0,0.00128448,0.987112,0.0,2.6e-07,15821,6,0.13175178,4.3388795
350,10,21024170,0.99429131,0.00563809,0.00826739,0.0,0.00128094,0.9848119,0.0,1.68e-06,56979,6,0.15250735,4.3383786
351,1,21024191,0.45899665,0.11992692,0.02405863,0.18785211,0.04432236,0.3496647,0.27363253,0.00054274,23247,6,0.04687721,0.9874158
351,2,21024192,0.348659,0.13093188,0.03022228,0.26380616,0.04778062,0.15540059,0.34411226,0.0277462,24398,2,0.06508065,0.6589104
351,3,21024193,0.40241584,0.10990149,0.02493921,0.19940962,0.03841746,0.29224171,0.33509025,2.6e-07,18631,6,0.03547659,0.9859161
351,4,21024194,0.46183054,0.10699546,0.01918148,0.12908406,0.0402072,0.3626791,0.31574796,0.02610474,18567,6,0.03822867,0.9859256
351,5,21024195,0.39424082,0.12820585,0.03267851,0.1885021,0.0365518,0.28161907,0.32891743,0.00352524,24136,2,0.03573434,0.6542086
351,6,21024196,0.45359811,0.09959014,0.0204793,0.22640021,0.02679339,0.30226395,0.31179298,0.01268004,24398,2,0.07575983,0.6589104
351,7,21024197,0.45709558,0.10228191,0.01765686,0.23619452,0.03395163,0.29882744,0.28115882,0.02992883,23118,2,0.05794652,0.6548555
351,8,21024198,0.45344984,0.122504,0.02407598,0.19411641,0.04001169,0.3057105,0.27906654,0.03451488,23118,2,0.04314004,0.6548555
351,9,21024199,0.41916092,0.10443069,0.01633363,0.18880043,0.02830697,0.28727197,0.34960275,0.02525355,23112,2,0.0429785,0.6541986
351,10,21024200,0.4624232,0.10401976,0.02456017,0.21290129,0.03475067,0.32376454,0.30000223,1.34e-06,6984,2,0.07111757,0.6569354
352,1,21024221,0.99052517,0.0051717,0.02199228,0.0,0.0005204,0.224657,0.0,0.74765862,42495,7,0.03324415,0.9968896
352,2,21024222,0.98995337,0.00604354,0.02988894,0.0,0.00078181,0.23293672,0.0,0.73034898,44863,7,0.0254535,0.993804
352,3,21024223,0.9908541,0.0055746,0.02417222,0.0,0.00064338,0.17381041,0.0,0.79579939,26103,7,0.02777067,0.9963883
352,4,21024224,0.99158377,0.00426629,0.01340555,0.0,0.00066137,0.31840416,0.0,0.66326264,24055,7,0.03993404,0.9966417
352,5,21024225,0.99168802,0.00348997,0.02715442,0.0,0.00044734,0.28453657,0.0,0.68437171,24575,7,0.01924406,0.9968937
352,6,21024226,0.99141774,0.00395692,0.030791,0.0,0.00022741,0.30937507,0.0,0.65564959,47031,6,0.03304974,0.9950964
352,7,21024227,0.99134795,0.00384718,0.01893207,0.0,0.00057199,0.31284662,0.0,0.66380214,64351,7,0.04949392,0.9968917
352,8,21024228,0.99119457,0.00427103,0.03184798,0.0,0.00092806,0.303177,0.0,0.65977593,4031,7,0.02142305,0.9943549
352,9,21024229,0.99047549,0.00539415,0.02660542,0.0,0.0006595,0.22350688,0.0,0.74383405,31935,6,0.02536223,0.9938092
352,10,21024230,0.99142776,0.0032611,0.01437477,0.0,0.00101531,0.30594881,0.0,0.67540001,17919,7,0.02756397,0.9963911
353,1,21024251,0.98408707,0.02277507,0.0051935,0.0,0.00439418,0.75937206,0.0,0.2082652,17629,6,0.14815755,3.9826653
353,2,21024252,0.95117157,0.08897875,0.00433688,0.0,0.00102018,0.85366383,0.0,0.05200035,23876,6,0.19506359,3.9824167
353,3,21024253,0.9774472,0.04055473,0.0070271,0.0,0.00684956,0.822758,0.0,0.1228106,8892,6,0.20965592,3.9816733
353,4,21024254,0.97567969,0.04230397,0.0081372,0.0,0.0048789,0.8682473,0.0,0.07643263,48453,6,0.14487634,3.9829139
353,5,21024255,0.96630994,0.05996157,0.00949733,0.0,0.00677668,0.81209537,0.0,0.11166905,23333,6,0.10553213,3.9826653
353,6,21024256,0.98861451,0.01931123,0.00650829,0.0,0.00318747,0.97099015,0.0,2.86e-06,48461,6,0.14265798,3.9836583
353,7,21024257,0.97380182,0.04362992,0.00489921,0.0,0.00486792,0.80311507,0.0,0.14348788,11596,6,0.12815337,3.9816733
353,8,21024258,0.98324505,0.02846156,0.01304097,0.0,0.00313763,0.840269,0.0,0.11509085,8373,6,0.19810975,3.9821606
353,9,21024259,0.96650895,0.06165251,0.01309714,0.0,0.00582622,0.72956882,0.0,0.18985531,52317,6,0.07048955,3.9836573
353,10,21024260,0.98071462,0.0294758,0.00768004,0.0,0.00892729,0.88219571,0.0,0.07172116,17612,6,0.12011166,3.9738212
354,1,21024281,0.98165827,0.00018121,0.0,2.156e-05,6.61e-06,0.99962002,1.57e-06,0.00016904,28747,6,0.03474458,0.9887726
354,2,21024282,0.98198034,0.00017611,0.0,2.137e-05,6.06e-06,0.99979474,1.55e-06,1.7e-07,13753,6,0.04283762,0.9887461
354,3,21024283,0.98322972,0.00019223,0.0,2.159e-05,7.62e-06,0.9997769,1.58e-06,8e-08,56279,6,0.03992099,0.9905158
354,4,21024284,0.98336956,0.00017513,0.0,2.154e-05,6.27e-06,0.99979418,1.57e-06,1.32e-06,61719,6,0.04507412,0.988287
354,5,21024285,0.98418866,0.00017453,0.0,2.136e-05,6.15e-06,0.99890712,1.6e-06,0.00088926,63055,6,0.04532879,0.9887776
354,6,21024286,0.98299033,0.00017037,0.0,2.134e-05,6.31e-06,0.99980035,1.59e-06,3e-08,37455,6,0.07399835,0.9867967
354,7,21024287,0.98353577,0.0001883,0.0,2.152e-05,6.37e-06,0.99978218,1.55e-06,7e-08,53081,6,0.05349569,0.9867539
354,8,21024288,0.98162518,0.00017961,0.0,2.177e-05,6.35e-06,0.99979065,1.57e-06,4e-08,47687,6,0.06524667,0.969344
354,9,21024289,0.98380944,0.00018353,0.0,2.144e-05,6.69e-06,0.99978673,1.58e-06,3e-08,62763,6,0.02975927,0.9796198
354,10,21024290,0.98295363,0.00019665,0.0,2.146e-05,6.96e-06,0.99977326,1.57e-06,1.1e-07,22457,6,0.04090307,0.9841753
355,1,21024311,0.97112587,0.04957266,0.02370925,0.0,0.02006348,0.52705319,0.00464497,0.37495645,48909,7,0.17271159,3.0596164
355,2,21024312,0.95169524,0.10226596,0.04408348,0.0,0.03442066,0.58676524,0.00857951,0.22388515,23333,6,0.0807781,3.0586234
355,3,21024313,0.95719471,0.07040838,0.02565489,0.0,0.03401968,0.41184921,0.00836934,0.4496985,49069,7,0.09651924,3.0555462
355,4,21024314,0.97347986,0.03926969,0.01796447,0.0,0.01671656,0.59804691,0.00893204,0.31907033,56853,6,0.12685691,3.058872
355,5,21024315,0.96313031,0.06963246,0.02280967,0.0,0.02360109,0.58687359,0.00682487,0.29025833,49069,7,0.12782629,3.0555462
355,6,21024316,0.96698963,0.0557592,0.03379811,0.0,0.03143909,0.75137384,0.00366896,0.1239608,15893,6,0.16602763,3.0586234
355,7,21024317,0.96380572,0.05973163,0.02234167,0.0,0.02509669,0.63549086,0.0083739,0.24896524,15269,6,0.1019241,3.0543071
355,8,21024318,0.96377265,0.06784416,0.03226189,0.0,0.02400836,0.61454169,0.00615884,0.25518505,19213,6,0.08864199,3.0586178
355,9,21024319,0.95972466,0.0721374,0.03703549,0.0,0.03456217,0.56783414,0.00678924,0.28164156,20357,7,0.07577038,3.0535575
355,10,21024320,0.95900977,0.0785242,0.0537477,0.0,0.02720348,0.55962671,0.00823246,0.27266546,22165,6,0.12000606,3.0586234
356,1,21024341,0.58576824,0.30209445,0.02206706,0.0,0.21240556,0.0,0.27988225,0.18355068,19079,7,0.07439786,0.9946403
356,2,21024342,0.54131307,0.35950353,0.02870545,0.0,0.2391915,0.0,0.22133916,0.15126036,19079,7,0.0479279,0.9946403
356,3,21024343,0.50834049,0.40938969,0.03037321,0.0,0.26771198,0.0,0.2186788,0.07384632,23175,7,0.03791906,0.9953783
356,4,21024344,0.53755355,0.3594138,0.02438839,0.0,0.20336328,0.0,0.2866644,0.12617013,23175,7,0.07621454,0.9953783
356,5,21024345,0.51794613,0.37656793,0.0276424,0.0,0.23908015,0.0,0.21748057,0.13922896,20111,7,0.05108574,0.9953357
356,6,21024346,0.53472906,0.37412287,0.02737981,0.0,0.24166256,0.0,0.21216413,0.14467063,24207,7,0.05844945,0.9958275
356,7,21024347,0.50938678,0.38264053,0.02791016,0.0,0.2774322,0.0,0.24774153,0.06427559,20362,3,0.02726563,0.8441121
356,8,21024348,0.49704347,0.38788855,0.02794335,0.0,0.22870955,0.0,0.3065386,0.04891994,24074,3,0.02913986,0.8444424
356,9,21024349,0.5291833,0.3698096,0.02799659,0.0,0.21879019,0.0,0.25899865,0.12440497,19079,7,0.05249604,0.9946403
356,10,21024350,0.48239214,0.40887365,0.03136108,0.0,0.24205969,0.0,0.28193674,0.03576884,19087,7,0.02491305,0.9956248
357,1,21024371,0.98678208,0.00021876,0.0,1.088e-05,2.243e-05,0.5509899,0.0,0.44875803,24575,7,0.02601019,0.9927923
357,2,21024372,0.98604983,0.00020934,0.0,1.089e-05,2.023e-05,0.53005396,0.0,0.46970558,22695,6,0.04758754,0.9748496
357,3,21024373,0.98629156,0.0002091,0.0,1.091e-05,2.082e-05,0.62950606,0.0,0.37025311,38505,6,0.02457368,0.9888123
357,4,21024374,0.98686893,0.00020622,0.0,1.102e-05,2.029e-05,0.57816252,0.0,0.42159995,57177,6,0.03461539,0.9907808
357,5,21024375,0.98575603,0.00018806,0.0,1.115e-05,1.495e-05,0.74506783,0.0,0.25471801,7545,6,0.0657875,0.9907596
357,6,21024376,0.98706568,0.00020006,0.0,1.093e-05,1.753e-05,0.62128755,0.0,0.37848393,56185,6,0.06475286,0.9872001
357,7,21024377,0.98604916,0.00018624,0.0,1.126e-05,1.746e-05,0.65646397,0.0,0.34332106,45049,6,0.14526193,0.9888153
357,8,21024378,0.98619178,0.00020461,0.0,1.086e-05,1.813e-05,0.64390203,0.0,0.35586437,23801,6,0.04983635,0.983653
357,9,21024379,0.98611901,0.00018171,0.0,1.132e-05,1.634e-05,0.623157,0.0,0.37663363,59257,6,0.176761,0.9888232
357,10,21024380,0.98691501,0.00018242,0.0,1.131e-05,1.555e-05,0.74965703,0.0,0.2501337,45049,6,0.08229132,0.9888153
358,1,21024401,0.99317083,0.01280173,0.79265387,0.0,0.0001068,0.18701185,0.0,0.00742575,43115,4,0.24345774,4.7276154
358,2,21024402,0.99408907,0.00688268,0.3936311,0.0,0.00012195,0.59052824,0.0,0.00883603,8365,6,0.17644595,4.7261391
358,3,21024403,0.99336901,0.00919207,0.52317757,0.0,0.00015338,0.42031694,0.0,0.04716005,8354,4,0.22084621,4.7246814
358,4,21024404,0.99273401,0.01629957,0.45689924,0.0,0.00029872,0.46007475,0.0,0.06642771,8418,4,0.13132452,4.7247001
358,5,21024405,0.99283857,0.01135503,0.77478727,0.0,0.00016464,0.21369124,0.0,1.83e-06,8418,4,0.69912695,4.7247001
358,6,21024406,0.99408276,0.00705959,0.41448568,0.0,0.00024522,0.54006059,0.0,0.03814893,8866,4,0.33399938,4.7247001
358,7,21024407,0.99319423,0.01285219,0.38929451,0.0,0.0002161,0.57777981,0.0,0.01985739,8933,6,0.19202346,4.7251512
358,8,21024408,0.99423791,0.00531209,0.25521787,0.0,0.00019114,0.68517474,0.0,0.05410415,23339,6,0.09379656,4.7355267
358,9,21024409,0.99307477,0.01561852,0.2301746,0.0,0.00028987,0.6523513,0.0,0.10156572,10755,6,0.15589524,4.7251669
358,10,21024410,0.99359878,0.00675098,0.76821356,0.0,0.00018165,0.22485241,0.0,1.4e-06,8354,4,0.71384324,4.7246814
359,1,21024431,0.8685093,0.02463359,0.0,0.11318219,0.00479669,0.81745392,0.03382402,0.0061096,33689,6,0.11261434,0.985038
359,2,21024432,0.86302417,0.02550573,0.0,0.155758,0.00496918,0.78421685,0.02955019,4e-08,6990,2,0.03964987,0.6526342
359,3,21024433,0.86499377,0.02946827,0.0,0.1231903,0.00624695,0.82084684,0.01920074,0.00104689,63561,6,0.04135985,0.9906469
359,4,21024434,0.91020261,0.0248512,0.0,0.05003964,0.002168,0.898966,0.02397514,2e-08,37067,6,0.07447395,0.9886569
359,5,21024435,0.86043345,0.02975317,0.0,0.15485628,0.00263467,0.76488542,0.0231208,0.02474967,37129,6,0.0494798,0.9814685
359,6,21024436,0.91905135,0.01223067,0.0,0.07822523,0.00054046,0.89748902,0.01034775,0.00116687,37065,6,0.07110572,0.9886569
359,7,21024437,0.92500728,0.02433321,0.0,0.03782324,0.00219808,0.90998938,0.02565607,2e-08,37067,6,0.06913788,0.9886569
359,8,21024438,0.93277964,0.01772723,0.0,0.07432895,0.00164982,0.89676833,0.00952564,4e-08,35017,6,0.0806548,0.988685
359,9,21024439,0.86693484,0.00882261,0.0,0.28392749,0.00015709,0.69384551,0.01324728,1e-08,36876,2,0.174614,0.6580171
359,10,21024440,0.83567429,0.02262903,0.0,0.26146472,0.00765877,0.68854909,0.01550152,0.00419688,36878,2,0.07728973,0.6580171
360,1,21024461,0.99599288,0.01378292,0.04181015,0.0,0.01673202,2.04e-06,0.0,0.92767288,51071,7,0.03177525,0.9997895
360,2,21024462,0.9961528,0.01419016,0.03623431,0.0,0.01129016,0.00073636,0.0,0.937549,60351,7,0.03715993,0.999584
360,3,21024463,0.99554394,0.01471423,0.04602837,0.0,0.01890553,0.00177483,0.0,0.91857704,30071,7,0.03346077,0.999292
360,4,21024464,0.99595035,0.01301388,0.04122117,0.0,0.01232104,0.01774248,0.0,0.91570143,32631,7,0.0381435,0.9995426
360,5,21024465,0.99595122,0.0140711,0.03935686,0.0,0.01150953,0.00614911,0.0,0.9289134,30207,7,0.02719968,0.999792
360,6,21024466,0.99579551,0.01413666,0.03841895,0.0,0.01481852,0.01484557,0.0,0.9177803,31671,7,0.02539418,0.9988404
360,7,21024467,0.99539116,0.0160389,0.03859174,0.0,0.01574894,0.01571803,0.0,0.91390238,63415,7,0.01825778,0.9991908
360,8,21024468,0.99557522,0.01450795,0.05262732,0.0,0.02149139,0.01177492,0.0,0.89959842,27423,7,0.02821287,0.9991371
360,9,21024469,0.9957363,0.01661591,0.04953345,0.0,0.01165494,0.0033405,0.0,0.91885519,6015,7,0.02524313,0.9989941
360,10,21024470,0.9955933,0.0149516,0.04238153,0.0,0.0164176,9.9e-07,0.0,0.92624828,52095,7,0.02379675,0.9996872
361,1,21024491,0.95788494,0.06146328,0.03379087,0.0,0.02285556,0.63141694,0.00305624,0.24741712,24450,6,0.11265838,3.0906958
361,2,21024492,0.95902005,0.06440312,0.0385866,0.0,0.02463208,0.40285373,0.00364516,0.46587931,19338,7,0.11357874,3.0894247
361,3,21024493,0.95803977,0.06945848,0.0289379,0.0,0.0210444,0.4481828,0.00263177,0.42974465,19210,7,0.16403977,3.0945869
361,4,21024494,0.95109729,0.07488878,0.03770681,0.0,0.02837667,0.55853273,0.00289376,0.29760124,19979,7,0.0709679,3.089955
361,5,21024495,0.95447181,0.06759998,0.02468629,0.0,0.02450443,0.42812018,0.00398838,0.45110075,23042,7,0.08134713,3.0894539
361,6,21024496,0.96018175,0.06505897,0.02123904,0.0,0.02274844,0.69078013,0.00328193,0.19689148,18979,6,0.14368271,3.0889774
361,7,21024497,0.95908321,0.06767822,0.02952841,0.0,0.01599667,0.60931129,0.00369607,0.27378935,22154,6,0.1261182,3.0897922
361,8,21024498,0.9441907,0.08128703,0.03654951,0.0,0.02963187,0.62510622,0.0075286,0.21989677,23427,6,0.08619076,3.0911752
361,9,21024499,0.95438556,0.06220911,0.01102239,0.0,0.0203495,0.55167806,0.00633188,0.34840906,23331,6,0.06514536,3.0955851
361,10,21024500,0.94892215,0.07545439,0.01648197,0.0,0.01983098,0.35449574,0.00844861,0.52528831,18947,7,0.0924031,3.0889651
362,1,21024521,0.98284061,0.00017808,0.0,2.267e-05,1.444e-05,0.73263127,0.0,0.26715354,31001,6,0.05289833,0.9884771
362,2,21024522,0.98375487,0.00017584,0.0,2.267e-05,1.612e-05,0.67713153,0.0,0.32265384,36217,6,0.05983218,0.9864253
362,3,21024523,0.98289591,0.00017108,0.0,2.263e-05,1.48e-05,0.77472788,0.0,0.22506361,37993,6,0.06434301,0.9864975
362,4,21024524,0.98300877,0.00017544,0.0,2.256e-05,1.738e-05,0.67143572,0.0,0.3283489,54777,6,0.05754738,0.9884686
362,5,21024525,0.98307668,0.00017953,0.0,2.259e-05,1.517e-05,0.69718303,0.0,0.30259968,38509,6,0.0361528,0.9864841
362,6,21024526,0.98347213,0.00017561,0.0,2.247e-05,1.639e-05,0.68250149,0.0,0.31728404,65497,6,0.06158463,0.9884876
362,7,21024527,0.9818131,0.00017672,0.0,2.264e-05,1.483e-05,0.68679835,0.0,0.31298746,32367,7,0.02655455,0.9884812
362,8,21024528,0.98233055,0.00015745,0.0,2.257e-05,1.208e-05,0.7642409,0.0,0.235567,38923,6,0.08584635,0.9864652
362,9,21024529,0.98281028,0.00017429,0.0,2.255e-05,1.52e-05,0.75015672,0.0,0.24963124,61033,6,0.03451762,0.9884651
362,10,21024530,0.9835294,0.00017189,0.0,2.268e-05,1.514e-05,0.74409566,0.0,0.25569463,47065,6,0.04495765,0.9884497
363,1,21024551,0.98112167,0.03784378,0.01254361,0.0,0.00971346,0.80290202,0.0,0.13699713,52292,6,0.13844125,4.1597213
363,2,21024552,0.99141662,0.01479179,0.01161102,0.0,0.00306376,0.89958004,0.0,0.07095339,53435,6,0.39405931,4.1689458
363,3,21024553,0.96367026,0.08077608,0.00316314,0.0,0.00132717,0.77499297,0.0,0.13974064,18076,6,0.10870151,4.166968
363,4,21024554,0.98205686,0.03782943,0.00655471,0.0,0.00473874,0.72732115,0.0,0.22355597,56877,7,0.11177691,4.1616445
363,5,21024555,0.96530159,0.08172312,0.01564573,0.0,0.00458161,0.84111188,0.0,0.05693765,51451,6,0.24755481,4.162701
363,6,21024556,0.90830421,0.20405171,0.01034597,0.0,0.0044902,0.77643835,0.0,0.00467378,48453,6,0.18324847,4.1682086
363,7,21024557,0.9459658,0.12815848,0.0026281,0.0,0.00167863,0.85113803,0.0,0.01639677,51117,6,0.09547658,4.162701
363,8,21024558,0.98971097,0.01736595,0.00243229,0.0,0.00131035,0.97889107,0.0,3.5e-07,15682,6,0.16331641,4.1677115
363,9,21024559,0.96828874,0.07657687,0.00497579,0.0,0.0053617,0.87469236,0.0,0.03839329,21956,6,0.29135565,4.1677115
363,10,21024560,0.98995377,0.01463032,0.0107841,0.0,0.00265065,0.89700197,0.0,0.07493295,54725,6,0.10882523,4.1682086
364,1,21024581,0.20795757,0.17868592,0.02473861,0.00267042,0.0849258,0.13286215,0.54812212,0.02799499,23687,6,0.03610719,0.989685
364,2,21024582,0.21945145,0.18066456,0.02403017,0.00933787,0.0923664,0.12716457,0.52619335,0.04024307,22663,6,0.0448941,0.9896915
364,3,21024583,0.19505048,0.20802417,0.02348927,0.01152137,0.09025581,0.13914733,0.521651,0.00591106,19599,6,0.02546964,0.9899317
364,4,21024584,0.20524636,0.20530442,0.02583109,0.00075335,0.0899959,0.13705185,0.53085157,0.0102118,22727,6,0.02312465,0.989685
364,5,21024585,0.30405199,0.16553522,0.01906186,0.00317245,0.06741936,0.2413153,0.47707544,0.02642037,18575,6,0.04953888,0.9899382
364,6,21024586,0.25715108,0.18482275,0.01998841,0.00396003,0.08779723,0.19849947,0.48941659,0.01551552,18823,6,0.02516728,0.9857152
364,7,21024587,0.23111901,0.17911795,0.02448151,0.00592787,0.08260334,0.15192092,0.52574084,0.03020758,18575,6,0.03415991,0.9899382
364,8,21024588,0.22182959,0.17431736,0.02005892,0.00260344,0.08432468,0.12640593,0.54347278,0.0488169,18631,6,0.02700515,0.9889471
364,9,21024589,0.23773656,0.18241545,0.02309822,0.00638467,0.08459898,0.16135032,0.51180377,0.03034859,18567,6,0.04234476,0.9889536
364,10,21024590,0.28506455,0.170081,0.02138182,0.00446328,0.0789324,0.10967016,0.47885273,0.13661859,23175,7,0.04374545,0.986446
365,1,21024611,0.98849612,0.00382721,0.00488612,0.0,0.0003079,0.37446634,0.0,0.61651243,52671,6,0.02171106,0.9949863
365,2,21024612,0.98884666,0.00340265,0.00397242,0.0,0.0002659,0.29450673,0.0,0.6978523,60791,7,0.02795257,0.994652
365,3,21024613,0.98841453,0.00294514,0.00442806,0.0,0.00015491,0.34669915,0.0,0.64577273,37879,7,0.02322548,0.9901854
365,4,21024614,0.98941734,0.00247058,0.00265268,0.0,0.00010142,0.33709728,0.0,0.65767804,7039,7,0.03350697,0.9920061
365,5,21024615,0.98874458,0.00278716,0.00801424,0.0,0.00029958,0.37252801,0.0,0.61637101,15223,7,0.03732044,0.9922502
365,6,21024616,0.98744084,0.00410413,0.00740604,0.0,0.00054094,0.41040117,0.0,0.57754773,56183,7,0.03667594,0.9922506
365,7,21024617,0.98858079,0.00336698,0.00663854,0.0,0.00015277,0.28303087,0.0,0.70681084,11231,7,0.03104696,0.9944883
365,8,21024618,0.98816972,0.00438963,0.00611219,0.0,0.0006597,0.36908295,0.0,0.61975553,32759,7,0.05609634,0.9947449
365,9,21024619,0.98780275,0.00377708,0.00638636,0.0,0.00039737,0.34715244,0.0,0.64228675,34167,7,0.02950509,0.9939903
365,10,21024620,0.98823104,0.00358108,0.0054514,0.0,0.00037969,0.3250477,0.0,0.66554012,36095,7,0.02957738,0.9900194
366,1,21024641,0.99248096,0.00739714,0.00122231,0.0,0.00116034,0.98519516,0.0,0.00502504,52546,6,0.13566599,4.6199229
366,2,21024642,0.94904752,0.12829957,0.00656898,0.0,0.00304127,0.81433414,0.0,0.04775604,18066,6,0.12818578,4.6192612
366,3,21024643,0.97805076,0.04482935,0.00279226,0.0,0.00225453,0.87620776,0.0,0.0739161,18050,6,0.12763462,4.6101507
366,4,21024644,0.99070078,0.01162443,0.00159017,0.0,0.00023556,0.86395595,0.0,0.12259389,48194,6,0.17706686,4.6116081
366,5,21024645,0.98761274,0.02130925,0.00110669,0.0,0.0007226,0.94576362,0.0,0.03109783,11588,6,0.14312681,4.6192612
366,6,21024646,0.99404701,0.00662841,9.49e-05,0.0,1.506e-05,0.97978419,0.0,0.01347744,19779,6,0.10754288,4.6197574
366,7,21024647,0.98664501,0.02317069,0.00252734,0.0,0.00061364,0.95845917,0.0,0.01522917,48195,6,0.10854651,4.6118518
366,8,21024648,0.98522548,0.02775489,0.00235175,0.0,0.00178914,0.88795085,0.0,0.08015337,18077,6,0.13524012,4.6202542
366,9,21024649,0.97692309,0.06228732,0.01287858,0.0,0.00107355,0.89721648,0.0,0.02654408,48221,6,0.10258312,4.6212472
366,10,21024650,0.98797151,0.02205386,0.00291799,0.0,0.00154316,0.91797215,0.0,0.05551285,52555,6,0.16564005,4.6212463
367,1,21024671,0.98351076,0.0001753,0.0,2.235e-05,6.45e-06,0.99979312,1.6e-06,1.18e-06,28809,6,0.05086684,0.988783
367,2,21024672,0.98345774,0.00017018,0.0,2.22e-05,6.18e-06,0.99979983,1.58e-06,2e-08,59403,6,0.0751029,0.988783
367,3,21024673,0.98399079,0.00016868,0.0,2.198e-05,5.69e-06,0.99980197,1.62e-06,5e-08,36875,6,0.10052799,0.9868123
367,4,21024674,0.98218209,0.00017752,0.0,2.24e-05,6.19e-06,0.99979224,1.62e-06,2e-08,47545,6,0.076547,0.9842132
367,5,21024675,0.98140661,0.00017141,0.0,2.214e-05,6.53e-06,0.99979822,1.67e-06,3e-08,39225,6,0.04349389,0.9842115
367,6,21024676,0.98256476,0.0001878,0.0,2.216e-05,7.01e-06,0.9972591,1.6e-06,0.00252234,29259,6,0.03150427,0.9887921
367,7,21024677,0.98237132,0.00017197,0.0,2.208e-05,5.63e-06,0.99979868,1.61e-06,2e-08,36937,6,0.04983688,0.9868031
367,8,21024678,0.98278911,0.00018122,0.0,2.241e-05,6.36e-06,0.99978834,1.64e-06,3e-08,37453,6,0.05358422,0.9868031
367,9,21024679,0.98208734,0.00019087,0.0,2.231e-05,7.23e-06,0.99977797,1.6e-06,2e-08,34185,6,0.0386374,0.9776444
367,10,21024680,0.98243286,0.00019136,0.0,2.236e-05,7.37e-06,0.99872381,1.67e-06,0.00105343,57161,6,0.04049035,0.9796515
368,1,21024701,0.90483639,0.13329509,0.11364829,0.0,0.09726222,0.02237052,0.03198459,0.60143929,49061,7,0.10473072,2.3978364
368,2,21024702,0.91502198,0.12223933,0.06120978,0.0,0.10362461,0.05508755,0.02810167,0.62973706,49069,7,0.10209133,2.3988315
368,3,21024703,0.92656786,0.09568783,0.03600154,0.0,0.08437264,0.00931401,0.02327575,0.75134823,57101,7,0.15130183,2.4016013
368,4,21024704,0.93099661,0.08391109,0.083404,0.0,0.07447389,0.01130152,0.02877811,0.71813139,16261,7,0.09471932,2.397593
368,5,21024705,0.91243497,0.11766896,0.07585113,0.0,0.09449113,0.02073126,0.03320576,0.65805176,24365,7,0.09075607,2.4011023
368,6,21024706,0.8928636,0.15183755,0.12489252,0.0,0.11793927,0.03514581,0.04070418,0.52948067,53133,7,0.07775621,2.398835
368,7,21024707,0.88809717,0.16971056,0.15528264,0.0,0.13922633,0.07979031,0.03290465,0.42308551,16133,7,0.06522438,2.4006083
368,8,21024708,0.92994527,0.09638278,0.06057627,0.0,0.07837515,0.07662416,0.02677782,0.66126382,16269,7,0.1428386,2.3983394
368,9,21024709,0.89904483,0.13982735,0.14310299,0.0,0.12063377,0.00572343,0.03214022,0.55857225,57229,7,0.10168642,2.398837
368,10,21024710,0.90987657,0.12519979,0.07702557,0.0,0.10337489,0.04727807,0.0308844,0.61623728,53165,7,0.06406492,2.3988295
369,1,21024731,0.91024727,0.10009661,0.01742063,0.0,0.04803139,0.0,0.01547903,0.81897234,19971,7,0.08528353,1.808551
369,2,21024732,0.87526984,0.13635494,0.0332851,0.0,0.07522746,0.0,0.02413831,0.73099418,20354,7,0.06336397,1.8090324
369,3,21024733,0.88322594,0.12484695,0.02640608,0.0,0.06606714,0.0,0.02455068,0.75812915,24324,7,0.15451214,1.8123773
369,4,21024734,0.90346316,0.10738418,0.0252882,0.0,0.04773409,0.0,0.01739568,0.80219785,24066,7,0.13871712,1.8090417
369,5,21024735,0.90408926,0.10480682,0.03352838,0.0,0.05158539,0.0,0.01901722,0.79106219,18956,7,0.12400636,1.8080546
369,6,21024736,0.89150636,0.12777233,0.03408844,0.0,0.05969627,0.0,0.02005106,0.7583919,18949,7,0.13521181,1.8085438
369,7,21024737,0.89517889,0.11905856,0.04128687,0.0,0.06703923,0.0,0.01727396,0.75534138,18946,7,0.09771734,1.8080526
369,8,21024738,0.88467391,0.12361562,0.03108125,0.0,0.06593662,0.0,0.02062252,0.758744,20235,7,0.144146,1.8126258
369,9,21024739,0.84842075,0.16682777,0.04684943,0.0,0.07879736,0.0,0.03787831,0.66964712,23306,7,0.14424286,1.8126226
369,10,21024740,0.8927936,0.13098275,0.04039142,0.0,0.06602556,0.0,0.01760357,0.74499668,19213,7,0.09699721,1.8126227
370,1,21024761,0.98386268,0.00017892,0.0,1.953e-05,1.817e-05,0.72268426,0.0,0.27709912,59871,6,0.03658201,0.9912372
370,2,21024762,0.98294773,0.00018841,0.0,1.951e-05,1.548e-05,0.70815506,0.0,0.29162154,61161,6,0.06228429,0.989248
370,3,21024763,0.98539443,0.0001874,0.0,1.968e-05,1.898e-05,0.63022765,0.0,0.36954628,30103,6,0.04261179,0.9887139
370,4,21024764,0.98451176,0.00018982,0.0,1.958e-05,1.902e-05,0.60166289,0.0,0.39810869,32249,6,0.07257211,0.9892512
370,5,21024765,0.98505883,0.00017345,0.0,1.95e-05,1.758e-05,0.64055192,0.0,0.35923756,6617,6,0.0648473,0.9872622
370,6,21024766,0.98456552,0.00017852,0.0,1.956e-05,1.721e-05,0.58920952,0.0,0.41057518,46585,6,0.04510551,0.9892348
370,7,21024767,0.98500655,0.00020423,0.0,1.959e-05,2.118e-05,0.52172355,0.0,0.47803144,48511,7,0.03412474,0.9912421
370,8,21024768,0.98379614,0.00019466,0.0,1.952e-05,1.874e-05,0.58452068,0.0,0.4152464,59263,7,0.0271729,0.9912499
370,9,21024769,0.98491294,0.00019971,0.0,1.951e-05,2.178e-05,0.47638389,0.0,0.52337511,58431,6,0.0321231,0.9825676
370,10,21024770,0.98409369,0.00018568,0.0,1.958e-05,1.816e-05,0.60920398,0.0,0.39057261,36601,6,0.04122404,0.9786378
371,1,21024791,0.99446378,0.00511862,0.70110882,0.0,0.00011024,0.29062784,0.0,0.00303448,43490,4,0.39433861,4.890701
371,2,21024792,0.99495145,0.00586147,0.84783369,0.0,7.524e-05,0.12000994,0.0,0.02621967,18787,4,0.60082663,4.8989154
371,3,21024793,0.99469893,0.00451125,0.40227702,0.0,0.00024889,0.5690701,0.0,0.02389275,51451,6,0.14964743,4.8927105
371,4,21024794,0.99427476,0.00570035,0.99403693,0.0,0.00025847,4.12e-06,0.0,1.3e-07,47355,4,0.99402484,4.8927125
371,5,21024795,0.99569217,0.00155323,0.15972367,0.0,6.855e-05,0.8386531,0.0,1.45e-06,49339,6,0.33161177,4.9003954
371,6,21024796,0.99512277,0.0058137,0.65857079,0.0,0.00011653,0.33549794,0.0,1.03e-06,10594,4,0.46763013,4.8984191
371,7,21024797,0.99426252,0.0059045,0.9938941,0.0,0.00019715,4.13e-06,0.0,1.3e-07,47355,4,0.99387968,4.8927125
371,8,21024798,0.99466035,0.00482098,0.53861194,0.0,8.916e-05,0.40863809,0.0,0.04783982,10723,4,0.41128635,4.8907012
371,9,21024799,0.99436269,0.0049457,0.99482257,0.0,0.00022741,4.18e-06,0.0,1.4e-07,47867,4,0.99480771,4.8926971
371,10,21024800,0.99445623,0.00353067,0.61188218,0.0,1.941e-05,0.34579456,0.0,0.03877318,18914,4,0.59972268,4.8896943
372,1,21024821,0.51451374,0.09108471,0.0314425,0.25112778,0.02155908,0.38290127,0.22188459,7e-08,6990,2,0.03697203,0.6547641
372,2,21024822,0.50848499,0.08821341,0.02503399,0.3572729,0.02334853,0.31306827,0.18434537,0.00871754,23112,2,0.12637885,0.6504295
372,3,21024823,0.41474318,0.10571494,0.04578473,0.25951398,0.03974697,0.2682879,0.26824788,0.0127036,24390,2,0.03769898,0.4908856
372,4,21024824,0.45560919,0.09542922,0.03018858,0.18686836,0.04288038,0.36933854,0.2750931,0.00020181,22663,6,0.05304026,0.9838314
372,5,21024825,0.48689458,0.09921624,0.03153941,0.2173794,0.03916117,0.39357489,0.21179978,0.0073291,23360,2,0.04741666,0.4898847
372,6,21024826,0.49517119,0.10669438,0.02557161,0.22858826,0.05369569,0.37477176,0.20168331,0.00899498,8001,2,0.05650481,0.4895291
372,7,21024827,0.43975198,0.08303939,0.03073973,0.36644795,0.02203445,0.26240005,0.22887561,0.00646283,23361,2,0.04399629,0.4900092
372,8,21024828,0.52142526,0.08714714,0.02432268,0.19859715,0.02010347,0.44258468,0.22724472,1.7e-07,18567,6,0.03997506,0.9830956
372,9,21024829,0.45925967,0.08561618,0.03104812,0.23291681,0.03283568,0.36139965,0.24816887,0.00801469,18575,6,0.06022896,0.9840773
372,10,21024830,0.4832639,0.10307819,0.03998967,0.17248782,0.02964126,0.35987648,0.25002641,0.04490017,19591,6,0.04782603,0.9830833
373,1,21024851,0.99126446,0.00883286,0.04011302,0.0,0.00207929,0.08213602,0.0,0.86683882,31551,7,0.0288166,0.9957611
373,2,21024852,0.99162442,0.00780875,0.05472571,0.0,0.00204596,0.09267276,0.0,0.84274682,6135,7,0.02324733,0.9976235
373,3,21024853,0.99245816,0.0068389,0.04404273,0.0,0.00143988,0.06009667,0.0,0.88758182,61271,7,0.02277334,0.9975377
373,4,21024854,0.99167067,0.00811009,0.04044588,0.0,0.00081991,0.10263968,0.0,0.84798444,54775,7,0.02273641,0.9976227
373,5,21024855,0.99296358,0.00570241,0.04364594,0.0,0.00071033,0.04838825,0.0,0.90155306,47967,7,0.02565337,0.9978679
373,6,21024856,0.99123373,0.00875648,0.06644912,0.0,0.00150575,0.0741291,0.0,0.84915955,47999,7,0.02759233,0.996815
373,7,21024857,0.99064131,0.00988931,0.04657858,0.0,0.0022681,0.06356809,0.0,0.87769592,54655,7,0.02728495,0.997869
373,8,21024858,0.99133884,0.00835583,0.06794761,0.0,0.00143846,0.08018778,0.0,0.84207032,58367,7,0.02062915,0.9968135
373,9,21024859,0.99063739,0.00932025,0.04752583,0.0,0.00260214,0.0508365,0.0,0.88971528,34303,7,0.02454869,0.9978711
373,10,21024860,0.99136592,0.0078033,0.05570999,0.0,0.00130693,0.06083178,0.0,0.874348,36671,7,0.02338516,0.9968114
374,1,21024881,0.97524598,0.04545156,0.03867596,0.0,0.01334743,0.60171076,0.0,0.3008143,23076,6,0.07692215,3.9679975
374,2,21024882,0.97170525,0.03923107,0.06726346,0.0,0.01513028,0.7697902,0.0,0.108585,55812,6,0.10309098,3.9684705
374,3,21024883,0.97479394,0.03832807,0.02358124,0.0,0.01116025,0.77708261,0.0,0.14984782,8869,6,0.08072462,3.967511
374,4,21024884,0.9739141,0.04760191,0.02746728,0.0,0.01352891,0.63658165,0.0,0.27482024,18307,6,0.07992636,3.9753598
374,5,21024885,0.96553598,0.06679466,0.04495618,0.0,0.01610417,0.62343399,0.0,0.248711,23627,6,0.12426133,3.9689734
374,6,21024886,0.97722924,0.03711099,0.03078639,0.0,0.00968815,0.78223433,0.0,0.14018014,55813,6,0.08557218,3.9687147
374,7,21024887,0.96413808,0.06655627,0.08476549,0.0,0.0173673,0.65693123,0.0,0.17437971,56875,6,0.04994658,3.9699238
374,8,21024888,0.97796435,0.03835669,0.02865825,0.0,0.00732159,0.72437311,0.0,0.20129036,8437,6,0.08572211,3.9753598
374,9,21024889,0.96788683,0.06007333,0.10764636,0.0,0.01182026,0.71135625,0.0,0.1091038,8420,6,0.07823051,3.967024
374,10,21024890,0.97232937,0.05891905,0.04709876,0.0,0.01191808,0.74311988,0.0,0.13894423,57092,6,0.07396477,3.9758566
375,1,21024911,0.9827581,0.00018662,0.0,2.118e-05,7.89e-06,0.99978268,1.55e-06,8e-08,31001,6,0.09192007,0.9877929
375,2,21024912,0.9824336,0.00016609,0.0,2.118e-05,6.3e-06,0.99980482,1.58e-06,2e-08,33353,6,0.06662942,0.9858191
375,3,21024913,0.98245167,0.00018267,0.0,2.104e-05,7.56e-06,0.9997871,1.54e-06,9e-08,37993,6,0.04842774,0.9858139
375,4,21024914,0.98368588,0.00019341,0.0,2.117e-05,7.8e-06,0.99977602,1.55e-06,6e-08,14745,6,0.04900929,0.9877869
375,5,21024915,0.98198678,0.00018299,0.0,2.11e-05,6.84e-06,0.99978737,1.55e-06,1.5e-07,14809,6,0.04975871,0.9877767
375,6,21024916,0.98137699,0.00016189,0.0,2.095e-05,6.55e-06,0.99980901,1.56e-06,4e-08,35561,6,0.06858444,0.9807587
375,7,21024917,0.98189535,0.00017766,0.0,2.103e-05,6.33e-06,0.99979291,1.56e-06,5.1e-07,16201,6,0.0382086,0.9776701
375,8,21024918,0.98132317,0.00018317,0.0,2.097e-05,7.31e-06,0.99978571,1.54e-06,1.3e-06,37529,6,0.06809382,0.9706819
375,9,21024919,0.98171287,0.00018993,0.0,2.128e-05,6.76e-06,0.99977846,1.56e-06,2.01e-06,57177,6,0.05001591,0.9877837
375,10,21024920,0.9818849,0.00017691,0.0,2.108e-05,6.27e-06,0.99979403,1.53e-06,1.8e-07,38991,6,0.04238932,0.9857292
376,1,21024941,0.97018269,0.05235322,0.01593033,0.0,0.02846566,0.76163969,0.0,0.1416111,56861,6,0.08033191,3.7847462
376,2,21024942,0.97630825,0.05103397,0.00562338,0.0,0.01525162,0.61092168,0.0,0.31716936,53029,7,0.07803802,3.7837473
376,3,21024943,0.97285254,0.04740434,0.00733839,0.0,0.0132815,0.73928802,0.0,0.19268774,52317,6,0.08567426,3.7847452
376,4,21024944,0.96861996,0.06719587,0.00701806,0.0,0.02134659,0.6717916,0.0,0.23264788,12172,6,0.08834227,3.7762498
376,5,21024945,0.96544718,0.07725547,0.02242837,0.0,0.02562871,0.74105088,0.0,0.13363658,48037,6,0.0848615,3.7782538
376,6,21024946,0.97948421,0.03721235,0.01249033,0.0,0.01367421,0.6340316,0.0,0.30259151,55213,6,0.09392575,3.7792538
376,7,21024947,0.97557723,0.04974532,0.00343403,0.0,0.01408735,0.68158762,0.0,0.25114568,15581,6,0.08593389,3.7787536
376,8,21024948,0.97797983,0.0385397,0.00177015,0.0,0.01709091,0.6951322,0.0,0.24746705,14213,6,0.07228496,3.7837531
376,9,21024949,0.97655298,0.04595528,0.00157526,0.0,0.01405169,0.84622088,0.0,0.09219689,15244,6,0.09259278,3.7778936
376,10,21024950,0.96379587,0.07743238,0.01176475,0.0,0.02407851,0.76394418,0.0,0.12278018,50845,6,0.14415305,3.7847452
377,1,21024971,0.2105947,0.44196864,0.04099137,0.0,0.19156095,0.0,0.29546322,0.03001582,24207,7,0.0136003,0.9912018
377,2,21024972,0.23536726,0.42741106,0.03998114,0.0,0.19649708,0.0,0.27612669,0.05998403,19087,7,0.0180333,0.9921448
377,3,21024973,0.26270591,0.41697925,0.04257408,0.0,0.18216981,0.0,0.26765454,0.09062233,19087,7,0.03638657,0.9921448
377,4,21024974,0.29524594,0.39294614,0.03618752,0.0,0.17300008,0.0,0.2660027,0.13186357,23175,7,0.03932141,0.9918988
377,5,21024975,0.27253713,0.40108061,0.03668813,0.0,0.17990041,0.0,0.27452616,0.10780469,23175,7,0.06880457,0.9918988
377,6,21024976,0.25686298,0.41780134,0.03756968,0.0,0.18099292,0.0,0.2764143,0.08722176,19087,7,0.02352483,0.9921448
377,7,21024977,0.21148071,0.44586644,0.03918633,0.0,0.20351015,0.0,0.28243939,0.02899769,20103,7,0.01239086,0.9897319
377,8,21024978,0.27771741,0.40681722,0.03669671,0.0,0.17613229,0.0,0.26803761,0.11231618,23175,7,0.03663669,0.9918988
377,9,21024979,0.22367231,0.4301031,0.0395511,0.0,0.19987199,0.0,0.28764922,0.04282457,19087,7,0.0377873,0.9921448
377,10,21024980,0.20808842,0.45176853,0.03826729,0.0,0.19130518,0.0,0.28961535,0.02904366,24199,7,0.01928596,0.9904662
378,1,21025001,0.98720259,0.00061259,0.0,9.3e-07,4.263e-05,0.39841769,0.0,0.60092617,26623,7,0.03998657,0.9925514
378,2,21025002,0.98767771,0.00038083,0.0,9.6e-07,4.947e-05,0.42143274,0.0,0.578136,26103,7,0.02617153,0.9925417
378,3,21025003,0.98727388,0.00034302,0.0,9.5e-07,2.474e-05,0.4700889,0.0,0.52954239,30071,7,0.02760445,0.9925459
378,4,21025004,0.98759737,0.00106158,0.0,9.4e-07,2.834e-05,0.34765459,0.0,0.65125455,48639,7,0.02578451,0.9930459
378,5,21025005,0.98655307,0.00141832,0.0,9.5e-07,8.974e-05,0.45531278,0.0,0.5431782,15799,6,0.02626538,0.9927936
378,6,21025006,0.98721105,0.00025413,0.0,9.3e-07,2.338e-05,0.44863076,0.0,0.55109079,15743,7,0.02240727,0.9930459
378,7,21025007,0.9875174,0.00029621,0.0,9.2e-07,2.844e-05,0.50125951,0.0,0.49841492,54591,6,0.03047029,0.990081
378,8,21025008,0.98803116,0.00038067,0.0,3.049e-05,2.529e-05,0.3850738,0.0,0.61448974,11255,7,0.02966497,0.9890973
378,9,21025009,0.98706953,0.00044732,0.0,9.3e-07,4.798e-05,0.39248024,0.0,0.60702353,30527,7,0.03589475,0.9896012
378,10,21025010,0.98663419,0.00084879,0.0,9.4e-07,2.678e-05,0.47272546,0.0,0.52639803,60863,6,0.04280761,0.9930498
379,1,21025031,0.99527472,0.0002206,3.83e-06,0.0,8.97e-06,0.99976635,0.0,2.4e-07,15434,6,0.13483583,5.1235181
379,2,21025032,0.98575935,0.03987956,0.05838604,0.0,0.00144625,0.83880959,0.0,0.06147856,11053,6,0.18584218,5.1333406
379,3,21025033,0.99611575,0.00021413,3.8e-06,0.0,9.74e-06,0.9997721,0.0,2.3e-07,48221,6,0.35273728,5.1343337
379,4,21025034,0.97965832,0.06474025,0.07796883,0.0,0.00318619,0.84898275,0.0,0.00512198,13981,6,0.17740307,5.1338374
379,5,21025035,0.99572591,0.00021728,4.14e-06,0.0,1.213e-05,0.99976625,0.0,2e-07,52555,6,0.24544039,5.1343327
379,6,21025036,0.98676118,0.03581031,0.03602249,0.0,0.00050684,0.84911951,0.0,0.07854085,18069,6,0.10945559,5.1328439
379,7,21025037,0.96511484,0.13265408,0.10997762,0.0,0.0013702,0.7559943,0.0,3.8e-06,57098,6,0.0754777,5.133672
379,8,21025038,0.99282885,0.01130154,0.00449764,0.0,0.00017981,0.98402082,0.0,1.8e-07,11347,6,0.32982872,5.1328439
379,9,21025039,0.99563461,0.00022737,3.98e-06,0.0,1.018e-05,0.99975827,0.0,2e-07,23642,6,0.17663066,5.1333406
379,10,21025040,0.985415,0.04257347,0.04110633,0.0,0.00217623,0.74904996,0.0,0.165094,11795,6,0.21675656,5.1328439
380,1,21025061,0.9837206,0.00019778,0.0,2.191e-05,6.91e-06,0.9972034,1.85e-06,0.00256814,36941,6,0.06754039,0.9872386
380,2,21025062,0.98282204,0.00017854,0.0,2.144e-05,5.8e-06,0.99979219,1.9e-06,1.4e-07,34409,6,0.04691732,0.9872464
380,3,21025063,0.9824947,0.00019747,0.0,2.249e-05,7.81e-06,0.99977024,1.91e-06,8e-08,61401,6,0.0518923,0.9872456
380,4,21025064,0.98282408,0.00018663,0.0,2.184e-05,6.67e-06,0.99427243,1.87e-06,0.00551055,37449,6,0.07699371,0.9872494
380,5,21025065,0.98296805,0.00018325,0.0,2.146e-05,6.15e-06,0.99978723,1.87e-06,5e-08,36941,6,0.07833686,0.9872386
380,6,21025066,0.98236782,0.00019575,0.0,2.16e-05,7.21e-06,0.99977346,1.9e-06,8e-08,34089,6,0.03616929,0.9785912
380,7,21025067,0.98243445,0.00019606,0.0,2.159e-05,6.35e-06,0.99977411,1.85e-06,5e-08,38925,6,0.052134,0.9872126
380,8,21025068,0.98289059,0.00018498,0.0,2.195e-05,7.42e-06,0.99814178,1.85e-06,0.00164202,35019,6,0.05044513,0.987203
380,9,21025069,0.98272418,0.00020229,0.0,2.207e-05,6.38e-06,0.99976735,1.85e-06,6e-08,33291,6,0.04718553,0.9828884
380,10,21025070,0.98329356,0.0001659,0.0,2.101e-05,6.1e-06,0.99980496,1.85e-06,1.7e-07,6089,6,0.07077534,0.9795144
381,1,21025091,0.91743395,0.08070912,0.01133038,1e-08,0.15469748,0.0,0.06690517,0.68635784,52781,7,0.09107344,1.5590946
381,2,21025092,0.90768073,0.06931864,0.00767632,4.649e-05,0.22821034,0.0,0.07408789,0.62066033,12197,7,0.1176548,1.5581144
381,3,21025093,0.93915605,0.05534432,0.01001944,8e-08,0.09444839,0.0,0.06397906,0.77620872,16293,7,0.07824072,1.5588601
381,4,21025094,0.90535015,0.09319161,0.01291707,1.5e-07,0.19247599,0.0,0.07670878,0.6247064,24325,7,0.05546941,1.5602165
381,5,21025095,0.9264665,0.06465125,0.01186061,1e-08,0.15034056,0.0,0.06732915,0.70581842,52781,7,0.07924074,1.5590946
381,6,21025096,0.9073406,0.08437239,0.01421614,1e-08,0.18450499,0.0,0.07556633,0.64134015,44589,7,0.17133315,1.5590946
381,7,21025097,0.935943,0.057911,0.00805764,1.55e-06,0.12933452,0.0,0.05102714,0.75366815,48941,7,0.10800172,1.5612084
381,8,21025098,0.91424824,0.07233163,0.01218925,2.7e-07,0.16104327,0.0,0.08101461,0.67342098,12173,7,0.07118372,1.5586147
381,9,21025099,0.88605426,0.10065149,0.01264463,0.00013417,0.20418874,0.0,0.11862982,0.56375114,48941,7,0.0636454,1.5612084
381,10,21025100,0.93980053,0.06054,0.00958584,0.00073206,0.13501453,0.0,0.04478909,0.74933848,52997,7,0.09425105,1.5602165
382,1,21025121,0.95329614,0.06417802,0.01696211,0.0,0.02331274,0.41271771,0.00361775,0.47921168,24099,6,0.0990178,2.8348696
382,2,21025122,0.9081482,0.13314603,0.01898402,0.0,0.05445132,0.35341556,0.01010435,0.42989872,19970,7,0.05498737,2.8336648
382,3,21025123,0.94534733,0.08412297,0.01842902,0.0,0.0280492,0.42688787,0.00590526,0.43660567,20363,7,0.06912322,2.8361238
382,4,21025124,0.9255488,0.09255347,0.01553432,0.0,0.0441747,0.38353595,0.00872155,0.45548,23307,7,0.0887306,2.8407493
382,5,21025125,0.92546059,0.10633802,0.02303002,0.0,0.0433872,0.41823779,0.00823557,0.40077141,18060,6,0.08129449,2.8336668
382,6,21025126,0.94020345,0.08170357,0.01489639,0.0,0.03280181,0.44476333,0.00831609,0.41751882,23075,6,0.18078067,2.834888
382,7,21025127,0.94765291,0.07520836,0.01318266,0.0,0.02655992,0.26821306,0.0049822,0.61185381,23053,7,0.10767927,2.8356129
382,8,21025128,0.94453611,0.08496346,0.00815228,0.0,0.03103961,0.40315683,0.00440518,0.46828262,23043,7,0.08347399,2.8348773
382,9,21025129,0.93363862,0.08913756,0.01663732,0.0,0.03507661,0.36137338,0.00817832,0.48959681,24066,7,0.09078313,2.8346428
382,10,21025130,0.91491996,0.12284281,0.01627777,0.0,0.05120683,0.38604891,0.00869092,0.41493277,23308,7,0.07162195,2.8402524
383,1,21025151,0.98257899,0.00017712,0.0,2.257e-05,1.57e-05,0.69174033,0.0,0.30804428,25609,6,0.05176803,0.9873898
383,2,21025152,0.98297278,0.00019065,0.0,2.259e-05,1.922e-05,0.54592698,0.0,0.45384056,48505,6,0.0390696,0.9878536
383,3,21025153,0.98227706,0.00018227,0.0,2.254e-05,1.926e-05,0.58247965,0.0,0.41729628,14207,7,0.05791785,0.9898852
383,4,21025154,0.98268079,0.00017987,0.0,2.245e-05,1.747e-05,0.69087004,0.0,0.30891016,33119,6,0.05402253,0.9898748
383,5,21025155,0.98271488,0.00017702,0.0,2.254e-05,1.705e-05,0.64724154,0.0,0.35254185,62635,6,0.02481521,0.9878497
383,6,21025156,0.98246174,0.00019714,0.0,2.248e-05,2.064e-05,0.51197023,0.0,0.48778951,30199,7,0.04680588,0.9896313
383,7,21025157,0.98218554,0.0001626,0.0,2.247e-05,1.308e-05,0.78075824,0.0,0.21904361,60921,6,0.09363993,0.9859068
383,8,21025158,0.98174971,0.00016631,0.0,2.255e-05,1.343e-05,0.7605032,0.0,0.23929451,57737,6,0.04151545,0.9778762
383,9,21025159,0.9818929,0.00017145,0.0,2.242e-05,1.694e-05,0.69777996,0.0,0.30200922,34681,6,0.05011209,0.9859168
383,10,21025160,0.98274661,0.00019015,0.0,2.254e-05,2.044e-05,0.58078839,0.0,0.41897849,46047,7,0.02840988,0.9843665
384,1,21025181,0.99512885,0.00022403,3.78e-06,0.0,1.18e-05,0.99976013,0.0,2.7e-07,11596,6,0.29143763,4.8634038
384,2,21025182,0.97240843,0.08632606,0.00585484,0.0,0.00165124,0.88228957,0.0,0.02387828,21722,6,0.10452794,4.8643958
384,3,21025183,0.97945641,0.04026314,0.0013331,0.0,0.01578453,0.86605734,0.0,0.07656189,21701,6,0.19250215,4.855024
384,4,21025184,0.9954675,0.00023191,3.94e-06,0.0,1.092e-05,0.99975297,0.0,2.6e-07,56773,6,0.227831,4.8567609
384,5,21025185,0.98740164,0.02860249,0.00288395,0.0,0.00114962,0.95808198,0.0,0.00928196,50380,6,0.17740924,4.8552672
384,6,21025186,0.96249942,0.11708479,0.0061743,0.0,0.00500379,0.81515761,0.0,0.05657952,48787,6,0.11753317,4.8567609
384,7,21025187,0.98484009,0.03749326,0.00572097,0.0,0.00127283,0.93484465,0.0,0.0206683,55483,6,0.22821823,4.8577328
384,8,21025188,0.99487103,0.00460442,0.00021711,0.0,1.451e-05,0.99516353,0.0,4.3e-07,21954,6,0.2213504,4.8641472
384,9,21025189,0.9891177,0.02470177,0.00236796,0.0,0.00077787,0.91078738,0.0,0.06136503,24220,6,0.21854884,4.8564252
384,10,21025190,0.985913,0.0283325,0.00827825,0.0,0.00366422,0.95882363,0.0,0.00090139,56531,6,0.17600617,4.8567609
385,1,21025211,0.43400677,0.11099064,0.0121364,0.10021107,0.05025714,0.34604829,0.36855871,0.01179776,22671,6,0.0609732,0.9875033
385,2,21025212,0.4319846,0.10692782,0.0178884,0.04106601,0.0430497,0.33087989,0.3938203,0.06636788,23175,7,0.06015656,0.9820727
385,3,21025213,0.43599565,0.1144507,0.01351879,0.10137156,0.04957235,0.36600244,0.35201474,0.00306943,22727,6,0.0452085,0.9867559
385,4,21025214,0.31908255,0.148182,0.02161142,0.12281305,0.05069775,0.20859803,0.43044093,0.01765682,8008,2,0.02738413,0.6576959
385,5,21025215,0.51715499,0.08229313,0.01216967,0.13581883,0.03693888,0.40337477,0.30645647,0.02294825,22727,6,0.11410732,0.9867559
385,6,21025216,0.35687217,0.14359468,0.01652922,0.15774902,0.06883189,0.25052666,0.35924097,0.00352757,19591,6,0.04086066,0.9860191
385,7,21025217,0.4572946,0.10206552,0.0167583,0.14592884,0.03425027,0.33756916,0.34956478,0.01386313,23368,2,0.05771007,0.6583439
385,8,21025218,0.40284466,0.13401097,0.01606001,0.11336634,0.0397783,0.30460654,0.37126475,0.02091309,23687,6,0.0730578,0.9867559
385,9,21025219,0.36252849,0.12923617,0.01606498,0.09990095,0.05316197,0.26989088,0.4005019,0.03124315,23111,6,0.03657045,0.9820733
385,10,21025220,0.4264074,0.10569042,0.01479962,0.071182,0.05351574,0.33655114,0.37440636,0.04385473,23113,6,0.07568933,0.9808493
386,1,21025241,0.98992652,0.00312172,0.01143096,0.0,0.00022063,0.25285119,0.0,0.7323755,16383,7,0.03313319,0.9957562
386,2,21025242,0.98952348,0.00417399,0.0196854,0.0,0.00017342,0.26866584,0.0,0.70730135,34303,7,0.03487118,0.9957509
386,3,21025243,0.99024969,0.00314357,0.01362234,0.0,0.00060724,0.24815853,0.0,0.73446831,60735,6,0.03644335,0.9957532
386,4,21025244,0.99002515,0.00317464,0.02382477,0.0,0.00056878,0.18631164,0.0,0.78612017,12031,7,0.02170443,0.9910451
386,5,21025245,0.98964199,0.00329568,0.01697017,0.0,0.00022012,0.27684522,0.0,0.70266881,56319,7,0.02374215,0.9936444
386,6,21025246,0.98946012,0.00378192,0.01505761,0.0,0.00041148,0.19823458,0.0,0.78251441,18431,7,0.02694995,0.9952561
386,7,21025247,0.98917109,0.00349149,0.02238555,0.0,0.00054974,0.29034716,0.0,0.68322606,58687,6,0.02406458,0.9957532
386,8,21025248,0.99007973,0.00275077,0.01658115,0.0,0.00043691,0.25528313,0.0,0.72494804,30079,7,0.02872976,0.995752
386,9,21025249,0.98976331,0.00368108,0.02093984,0.0,0.00026593,0.24853237,0.0,0.72658079,18271,7,0.02151323,0.9940491
386,10,21025250,0.9908636,0.00276874,0.01688981,0.0,0.00028805,0.17674231,0.0,0.80331108,22015,7,0.0317421,0.9957519
387,1,21025271,0.94517641,0.13929485,0.00748281,0.0,0.00299252,0.80546296,0.0,0.04476686,19540,6,0.13107238,4.7992062
387,2,21025272,0.96170909,0.08448538,0.01043141,0.0,0.00947561,0.82156522,0.0,0.07404237,51733,6,0.07211143,4.7910354
387,3,21025273,0.98920923,0.01933742,0.00509036,0.0,0.00085131,0.9437405,0.0,0.03098041,11597,6,0.18108187,4.8001992
387,4,21025274,0.96276439,0.0678172,0.01332467,0.0,0.00529856,0.85379115,0.0,0.05976842,8877,6,0.14125001,4.7911971
387,5,21025275,0.99298573,0.00574572,0.00333494,0.0,0.00065577,0.9422987,0.0,0.04796487,19908,6,0.16524908,4.7906782
387,6,21025276,0.95047016,0.09000965,0.0038885,0.0,0.00185287,0.72252485,0.0,0.18172412,22171,6,0.10393827,4.800696
387,7,21025277,0.96910949,0.05910196,0.00304681,0.0,0.00371042,0.92239669,0.0,0.01174412,48212,6,0.34738971,4.8001992
387,8,21025278,0.97974943,0.04117593,0.00241267,0.0,0.0036434,0.80405354,0.0,0.14871445,15444,6,0.0986778,4.7999506
387,9,21025279,0.98911929,0.01634157,0.00377335,0.0,0.00081201,0.95734369,0.0,0.02172937,21701,6,0.20525564,4.7909543
387,10,21025280,0.95354874,0.0791611,0.01044601,0.0,0.00415791,0.7766817,0.0,0.12955328,55835,6,0.0713263,4.7926564
388,1,21025301,0.64956678,0.0001047,0.0,0.99987754,4.17e-06,1.197e-05,1.61e-06,1e-08,39946,2,0.07694513,0.6515409
388,2,21025302,0.98139737,0.00017214,0.0,2.141e-05,6.22e-06,0.99979855,1.57e-06,1e-07,35021,6,0.06325314,0.9854539
388,3,21025303,0.98082107,0.00016345,0.0,2.128e-05,6.35e-06,0.9998064,1.59e-06,9.4e-07,34379,6,0.0511544,0.9854746
388,4,21025304,0.98083267,0.00016505,0.0,2.141e-05,6.13e-06,0.9998058,1.56e-06,6e-08,48535,6,0.05721014,0.9892048
388,5,21025305,0.98036809,0.00017629,0.0,2.131e-05,6.57e-06,0.99979414,1.56e-06,1.4e-07,24669,6,0.04799872,0.9765734
388,6,21025306,0.98103552,0.00017553,0.0,2.134e-05,6.6e-06,0.99979491,1.59e-06,3e-08,57417,6,0.04202455,0.9874855
388,7,21025307,0.65109081,0.00010515,0.0,0.99987792,3.35e-06,1.196e-05,1.6e-06,2e-08,38174,2,0.08924595,0.6565894
388,8,21025308,0.9803772,0.00017221,0.0,2.137e-05,7.04e-06,0.99979776,1.57e-06,6e-08,33625,6,0.10832923,0.9855139
388,9,21025309,0.98136958,0.00014978,0.0,2.136e-05,5.97e-06,0.99982127,1.6e-06,2e-08,38927,6,0.11980191,0.9854653
388,10,21025310,0.98215822,0.00019989,0.0,2.155e-05,7.03e-06,0.9997699,1.58e-06,6e-08,39263,6,0.04322689,0.9894723
389,1,21025331,0.93644251,0.1060968,0.03779389,0.0,0.0630879,0.54668262,0.01114003,0.23519877,11813,6,0.06052992,3.1758378
389,2,21025332,0.94724911,0.08635133,0.05253998,0.0,0.03607005,0.37913285,0.01330559,0.4326002,16269,7,0.10591502,3.1788268
389,3,21025333,0.93961969,0.09566574,0.07042915,0.0,0.05104702,0.48731338,0.01347217,0.28207253,48005,6,0.08957513,3.1783075
389,4,21025334,0.93808334,0.09364722,0.03776904,0.0,0.05320306,0.46112888,0.01311128,0.34114052,24069,6,0.09327621,3.1765929
389,5,21025335,0.96220925,0.0648685,0.07769448,0.0,0.02600294,0.37368626,0.00592775,0.45182007,16301,7,0.12658003,3.1788182
389,6,21025336,0.94777793,0.08790795,0.03206605,0.0,0.0369719,0.36011776,0.01103773,0.47189861,16293,7,0.15475947,3.1780689
389,7,21025337,0.95183621,0.06928101,0.04597653,0.0,0.03470783,0.46762585,0.01413477,0.368274,52885,6,0.10275256,3.1779946
389,8,21025338,0.95858929,0.06221082,0.02511261,0.0,0.03227879,0.46254232,0.01093811,0.40691735,49037,7,0.09236849,3.1793258
389,9,21025339,0.94676787,0.08771958,0.09125589,0.0,0.04889865,0.30648525,0.01068907,0.45495157,57253,7,0.13119482,3.1783191
389,10,21025340,0.93104942,0.12062689,0.06961335,0.0,0.06329137,0.30640196,0.01222082,0.42784561,12045,7,0.12541679,3.1826395
390,1,21025361,0.88106049,0.11105982,0.01028676,0.0,0.06455503,0.0,0.03458991,0.77950848,23053,7,0.1014064,1.311542
390,2,21025362,0.86923584,0.12227242,0.01275034,0.0,0.06432742,0.0,0.04062962,0.76002021,20227,7,0.08512389,1.3126601
390,3,21025363,0.93147347,0.05773098,0.00679093,0.0,0.03333001,0.0,0.02282421,0.87932387,23309,7,0.10430896,1.3136515
390,4,21025364,0.86372636,0.12053665,0.01225306,0.0,0.06315801,0.0,0.04516162,0.75889066,24322,7,0.08550127,1.3129083
390,5,21025365,0.88256087,0.11746911,0.01295875,0.0,0.0536716,0.0,0.03270035,0.78320019,24067,7,0.07717868,1.3108065
390,6,21025366,0.85036325,0.14123262,0.01660955,0.0,0.0728822,0.0,0.04499141,0.72428422,20365,7,0.09953345,1.3120438
390,7,21025367,0.89510283,0.0954452,0.00974599,0.0,0.06814555,0.0,0.03038671,0.79627654,19213,7,0.15918746,1.3131548
390,8,21025368,0.87347996,0.12152493,0.01101682,0.0,0.0701697,0.0,0.03601104,0.7612775,20356,7,0.16323547,1.3105544
390,9,21025369,0.91041519,0.08622157,0.00592967,0.0,0.0404067,0.0,0.02567489,0.84176717,24325,7,0.13410539,1.3131569
390,10,21025370,0.88916011,0.10996579,0.01031728,0.0,0.04987158,0.0,0.03110901,0.79873635,19202,7,0.14630594,1.3121612
391,1,21025391,0.98569046,0.0001645,0.0,1.553e-05,1.415e-05,0.72297673,0.0,0.27682909,64889,6,0.11907871,0.9891087
391,2,21025392,0.98526507,0.0002025,0.0,1.529e-05,2.159e-05,0.54241159,0.0,0.45734902,56759,6,0.03691906,0.990882
391,3,21025393,0.98523934,0.00020117,0.0,1.539e-05,1.995e-05,0.55258684,0.0,0.44717665,40247,6,0.04579531,0.9896317
391,4,21025394,0.98302137,0.00018733,0.0,1.543e-05,1.906e-05,0.60151268,0.0,0.39826549,23255,6,0.04465657,0.9699741
391,5,21025395,0.98497721,0.00020029,0.0,1.545e-05,2.224e-05,0.50163322,0.0,0.4981288,32127,7,0.0466968,0.9911338
391,6,21025396,0.98317988,0.00020128,0.0,1.554e-05,2.115e-05,0.4793227,0.0,0.52043932,16361,6,0.04485038,0.9803755
391,7,21025397,0.98368352,0.00018561,0.0,1.542e-05,1.567e-05,0.68700359,0.0,0.31277971,27103,6,0.05109845,0.9906318
391,8,21025398,0.98433266,0.00018162,0.0,1.538e-05,1.667e-05,0.65778162,0.0,0.34200472,39321,6,0.03597902,0.9891486
391,9,21025399,0.98356901,0.00019623,0.0,1.543e-05,1.929e-05,0.6053681,0.0,0.39440094,29081,6,0.04010591,0.989134
391,10,21025400,0.98315057,0.00018269,0.0,1.548e-05,1.576e-05,0.61178092,0.0,0.38800516,60905,6,0.05717498,0.9697265
392,1,21025421,0.99469318,0.00047594,0.73238143,0.0,1.94e-05,0.26712174,0.0,1.51e-06,8418,4,0.23698692,5.4726686
392,2,21025422,0.9953999,0.00044911,0.34298964,0.0,2.024e-05,0.64471731,0.0,0.01182369,8429,6,0.12649705,5.4741209
392,3,21025423,0.99531112,0.000458,0.57238089,0.0,1.603e-05,0.32910771,0.0,0.09803736,47213,4,0.26673538,5.4755761
392,4,21025424,0.9942052,0.00046867,0.9995121,0.0,1.552e-05,3.58e-06,0.0,1.3e-07,8354,4,0.89663198,5.4726469
392,5,21025425,0.9948643,0.00038016,0.13681821,0.0,1.935e-05,0.80757494,0.0,0.05520734,56853,6,0.21323134,5.4847251
392,6,21025426,0.99582349,0.00041495,0.9515303,0.0,1.129e-05,0.04804106,0.0,2.4e-06,43373,4,0.63712956,5.4854686
392,7,21025427,0.99434576,0.00050358,0.99947323,0.0,1.763e-05,5.34e-06,0.0,2.2e-07,55404,4,0.36726584,5.4746063
392,8,21025428,0.99463727,0.00045116,0.59688397,0.0,1.828e-05,0.40264603,0.0,5.6e-07,22626,4,0.11120901,5.4736361
392,9,21025429,0.99461656,0.00043228,0.59359134,0.0,1.75e-05,0.40595647,0.0,2.41e-06,8866,4,0.54334563,5.4726686
392,10,21025430,0.99526052,0.00042406,0.40771194,0.0,1.898e-05,0.52576353,0.0,0.06608149,56853,6,0.14879944,5.4847251
393,1,21025451,0.77097825,0.05307358,0.00874572,0.08703567,0.01774984,0.73396367,0.08964857,0.00978294,34957,6,0.04028403,0.9881001
393,2,21025452,0.7847753,0.04439391,0.00776669,0.11778483,0.01054201,0.73067005,0.08158159,0.00726091,32973,6,0.0408983,0.9880921
393,3,21025453,0.68383078,0.06584278,0.00831863,0.15694982,0.01967775,0.62996384,0.1117911,0.00745609,22663,6,0.0837748,0.9805867
393,4,21025454,0.77623938,0.04349682,0.00689651,0.17500166,0.00884195,0.67108697,0.07344078,0.02123532,23377,2,0.06737775,0.4901778
393,5,21025455,0.68673585,0.0591861,0.00810967,0.23255918,0.01448146,0.56882823,0.11401939,0.00281596,24392,2,0.08151286,0.6521568
393,6,21025456,0.80062506,0.04715024,0.00610003,0.06122691,0.01331693,0.78854328,0.08366252,1e-07,36907,6,0.08364197,0.9842145
393,7,21025457,0.69050154,0.06593146,0.01021645,0.16490232,0.0164222,0.61013979,0.12612022,0.00626755,33483,6,0.05392213,0.9880921
393,8,21025458,0.74166664,0.06437245,0.01166795,0.05850505,0.01557493,0.72684099,0.12303674,1.9e-06,38987,6,0.0465821,0.9880619
393,9,21025459,0.80871114,0.03487418,0.00662747,0.09618652,0.00579946,0.78740374,0.06790612,0.00120251,35851,6,0.05573625,0.9880921
393,10,21025460,0.75897403,0.04653477,0.00814152,0.10466079,0.0145306,0.66826367,0.09699808,0.06087057,35785,6,0.05899841,0.9803582
394,1,21025481,0.99435216,0.00994493,0.0301105,0.0,0.00267581,0.00421497,0.0,0.95305379,30647,7,0.03116061,0.9981551
394,2,21025482,0.99466062,0.00963101,0.03663965,0.0,0.00241855,0.00667879,0.0,0.944632,20335,7,0.02804468,0.9977074
394,3,21025483,0.99444362,0.00997068,0.0410859,0.0,0.00292243,3.83e-06,0.0,0.94601717,53175,7,0.03298604,0.99832
394,4,21025484,0.99444576,0.00843782,0.03672872,0.0,0.00434685,0.01428634,0.0,0.93620027,19831,7,0.02864815,0.9986004
394,5,21025485,0.99405432,0.01121737,0.04251511,0.0,0.00285746,0.01183616,0.0,0.9315739,54655,7,0.05183441,0.9990974
394,6,21025486,0.99372315,0.01188829,0.03515796,0.0,0.0029863,0.00972267,0.0,0.94024478,17783,7,0.03064514,0.9973809
394,7,21025487,0.99445087,0.00982665,0.02880782,0.0,0.00285599,0.00958553,0.0,0.94892402,40831,7,0.05037301,0.9991005
394,8,21025488,0.9934422,0.01248941,0.04186727,0.0,0.00383439,0.03509269,0.0,0.90671624,20415,7,0.0237445,0.9981545
394,9,21025489,0.99480444,0.00889453,0.03075858,0.0,0.00178594,0.01926876,0.0,0.93929219,43007,7,0.03838873,0.9990995
394,10,21025490,0.9939843,0.01061634,0.0270649,0.0,0.00296896,0.01935642,0.0,0.93999337,60791,7,0.02774944,0.9987651
395,1,21025511,0.95792731,0.07687291,0.06105809,0.0,0.02012498,0.4900145,0.00153277,0.35039675,24324,7,0.07143429,3.8943896
395,2,21025512,0.96496798,0.06369124,0.03986587,0.0,0.01455844,0.49316136,0.00127265,0.38745044,18955,7,0.21144841,3.887413
395,3,21025513,0.95105416,0.09515621,0.06373368,0.0,0.02208134,0.57967143,0.00183699,0.23752034,18978,6,0.08043808,3.8859658
395,4,21025514,0.97776836,0.02937329,0.03737284,0.0,0.00850432,0.59149842,0.00145614,0.33179499,19979,7,0.07185496,3.8874274
395,5,21025515,0.97411616,0.0413781,0.01884654,0.0,0.01055828,0.43600434,0.00019317,0.49301957,23075,6,0.10504015,3.8871837
395,6,21025516,0.97318537,0.04053355,0.03586324,0.0,0.01339035,0.68353578,0.0007112,0.22596588,24362,6,0.12158519,3.8946321
395,7,21025517,0.96667217,0.04974807,0.01835016,0.0,0.01766287,0.52515855,0.00107745,0.3880029,24333,7,0.0724489,3.8951349
395,8,21025518,0.96379297,0.07028784,0.04586415,0.0,0.01560026,0.56527138,0.00158874,0.30138764,24077,7,0.06359182,3.8879158
395,9,21025519,0.97399905,0.0450258,0.02706598,0.0,0.01324771,0.69238209,0.00153697,0.22074144,23330,6,0.17063419,3.8943896
395,10,21025520,0.96511639,0.05293785,0.05405183,0.0,0.01647014,0.62448668,0.0011585,0.25089501,18307,6,0.10520492,3.8941414
396,1,21025541,0.98046624,0.00017312,0.0,2.091e-05,6.93e-06,0.99979744,1.56e-06,4e-08,61581,6,0.04369059,0.9867869
396,2,21025542,0.98219925,0.00019374,0.0,2.089e-05,7.63e-06,0.99977593,1.54e-06,2.7e-07,61133,6,0.05614222,0.9867525
396,3,21025543,0.98113197,0.00018413,0.0,2.095e-05,6.42e-06,0.99978506,1.54e-06,1.91e-06,23481,6,0.02489553,0.9756843
396,4,21025544,0.9802948,0.00016589,0.0,2.099e-05,7.82e-06,0.99980362,1.57e-06,1.1e-07,33355,6,0.0673744,0.984807
396,5,21025545,0.98115891,0.00019284,0.0,2.102e-05,7.26e-06,0.99977729,1.55e-06,4e-08,30319,6,0.04461885,0.9868122
396,6,21025546,0.98092935,0.00015711,0.0,2.099e-05,5.9e-06,0.99981445,1.52e-06,2e-08,15193,6,0.05583176,0.9867646
396,7,21025547,0.98159927,0.00016648,0.0,2.101e-05,6.85e-06,0.99980337,1.5e-06,7.9e-07,33483,6,0.06471611,0.9847626
396,8,21025548,0.98151664,0.00019137,0.0,2.107e-05,7.73e-06,0.99977825,1.54e-06,4e-08,58411,6,0.03275192,0.986797
396,9,21025549,0.97938304,0.00018623,0.0,2.113e-05,7.34e-06,0.99978361,1.52e-06,1.7e-07,35407,6,0.02765847,0.9847937
396,10,21025550,0.98065907,0.00017095,0.0,2.1e-05,6.16e-06,0.99980028,1.55e-06,5e-08,57183,6,0.04315188,0.988792
397,1,21025571,0.94574243,0.11186817,0.02108658,0.0,0.00622881,0.76133378,0.0,0.09948266,46530,6,0.10506252,4.6061504
397,2,21025572,0.97948678,0.04615489,0.01848019,0.0,0.00417688,0.88275854,0.0,0.0484295,15821,6,0.19339069,4.5995273
397,3,21025573,0.99139772,0.01270665,0.00873701,0.0,0.00117562,0.89223414,0.0,0.08514659,22405,6,0.11957048,4.6061504
397,4,21025574,0.96761406,0.06483347,0.00937855,0.0,0.00801573,0.79607223,0.0,0.12170003,14244,6,0.11131218,4.5982715
397,5,21025575,0.97017978,0.05348667,0.0035824,0.0,0.00536826,0.75501213,0.0,0.18255054,48204,6,0.1040428,4.5980193
397,6,21025576,0.99167235,0.01195456,0.00276509,0.0,0.00165468,0.88838914,0.0,0.09523653,52548,6,0.24215278,4.6058191
397,7,21025577,0.97104592,0.0553237,0.01546991,0.0,0.01292975,0.79833156,0.0,0.11794509,14221,6,0.08742395,4.6066472
397,8,21025578,0.95164999,0.11704801,0.00624928,0.0,0.00835621,0.83051265,0.0,0.03783384,21957,6,0.09928455,4.6061504
397,9,21025579,0.96488843,0.09178648,0.00991636,0.0,0.0071391,0.85312065,0.0,0.03803741,18069,6,0.09458515,4.6056537
397,10,21025580,0.97072375,0.06374783,0.03841548,0.0,0.00839323,0.78416203,0.0,0.10528143,48580,6,0.10711252,4.5985233
398,1,21025601,0.10040846,0.21354461,0.0354372,0.0,0.14245085,0.0,0.57325379,0.03531355,19079,7,0.02508668,0.9869151
398,2,21025602,0.09486125,0.22382506,0.02972199,0.0,0.15153488,0.0,0.5630909,0.03182717,19079,7,0.01219116,0.9869151
398,3,21025603,0.12057199,0.20762704,0.02425784,0.0,0.15568569,0.0,0.54383618,0.06859325,19079,7,0.04184785,0.9869151
398,4,21025604,0.11640144,0.22293189,0.031537,0.0,0.12042527,0.0,0.56898928,0.05611656,24199,7,0.01426001,0.9848202
398,5,21025605,0.10607767,0.2204003,0.03196024,0.0,0.13544778,0.0,0.56863185,0.04355983,24207,7,0.01967959,0.9855536
398,6,21025606,0.12001012,0.20866032,0.03026055,0.0,0.1277351,0.0,0.57263622,0.0607078,19087,7,0.02203514,0.9878958
398,7,21025607,0.12258323,0.22158747,0.0310835,0.0,0.1373111,0.0,0.55061536,0.05940257,23175,7,0.01855352,0.9876503
398,8,21025608,0.116072,0.21715461,0.03023149,0.0,0.11750877,0.0,0.57652774,0.05857739,20111,7,0.02945457,0.9850643
398,9,21025609,0.12761954,0.23065093,0.03405223,0.0,0.1320282,0.0,0.53886194,0.0644067,20111,7,0.02132526,0.9850643
398,10,21025610,0.14453866,0.22291079,0.0357781,0.0,0.15825383,0.0,0.50440729,0.07864999,23183,7,0.02462074,0.9883867
399,1,21025631,0.98619998,0.00381476,0.00459429,0.0,0.00022333,0.32693508,0.0,0.66443255,16183,7,0.02414952,0.9851737
399,2,21025632,0.98610163,0.00313852,0.00616711,0.0,0.0004564,0.36261676,0.0,0.62762121,8183,7,0.02712836,0.9932468
399,3,21025633,0.98790559,0.00139336,0.00536466,0.0,0.00027938,0.29355574,0.0,0.69940686,20471,7,0.02875745,0.9929985
399,4,21025634,0.98785051,0.00189665,0.00315238,0.0,7.591e-05,0.31150608,0.0,0.68336898,51167,7,0.04121052,0.9934892
399,5,21025635,0.98730605,0.00199972,0.00584554,0.0,0.00040884,0.32008297,0.0,0.67166293,34815,7,0.03462774,0.9934957
399,6,21025636,0.98637124,0.00210919,0.00806805,0.0,0.00017728,0.32315496,0.0,0.66649053,35839,7,0.04209582,0.9902637
399,7,21025637,0.98666594,0.00354307,0.00727721,0.0,0.00012754,0.22464302,0.0,0.76440916,65527,7,0.03657671,0.9932474
399,8,21025638,0.98680845,0.00229012,0.00422206,0.0,0.00011496,0.30868675,0.0,0.68468611,57215,7,0.04609032,0.9934967
399,9,21025639,0.9861954,0.00310608,0.00432497,0.0,0.00051172,0.30237058,0.0,0.68968665,4039,7,0.0248795,0.9855571
399,10,21025640,0.98691121,0.00272443,0.00555918,0.0,8.713e-05,0.34401991,0.0,0.64760934,22007,7,0.03683688,0.9932397
400,1,21025661,0.99526653,0.00021291,3.52e-06,0.0,9e-06,0.99977436,0.0,2e-07,11339,6,0.30960596,5.5178047
400,2,21025662,0.98891989,0.02568696,0.02727558,0.0,0.00147997,0.9455531,0.0,4.38e-06,8949,6,0.20877477,5.5277407
400,3,21025663,0.99496864,0.00020582,3.79e-06,0.0,9.57e-06,0.99978063,0.0,1.9e-07,13523,6,0.1776777,5.528247
400,4,21025664,0.98643054,0.02883571,0.02289615,0.0,0.00133217,0.9010316,0.0,0.04590436,19779,6,0.28454667,5.5277502
400,5,21025665,0.99548473,0.00022862,3.87e-06,0.0,1.141e-05,0.99975591,0.0,1.9e-07,50386,6,0.13516069,5.5279156
400,6,21025666,0.98011694,0.05145947,0.00347464,0.0,0.00060007,0.94446528,0.0,5.3e-07,23645,6,0.17213578,5.5287437
400,7,21025667,0.99522657,0.00022497,3.58e-06,0.0,1.14e-05,0.99975983,0.0,2.2e-07,21700,6,0.24763759,5.51732
400,8,21025668,0.98401312,0.03831117,0.01736519,0.0,0.00201717,0.90889467,0.0,0.03341182,9885,6,0.70087878,5.528247
400,9,21025669,0.99521034,0.00022453,4.07e-06,0.0,9.41e-06,0.99976177,0.0,2.1e-07,15821,6,0.29765713,5.5198034
400,10,21025670,0.98298229,0.03882238,0.02364796,0.0,0.0050782,0.67734128,0.0,0.25511018,20363,7,0.17360064,5.5187958
401,1,21025691,0.98135654,0.00018688,0.0,2.251e-05,7.65e-06,0.9777311,1.66e-06,0.02205021,36521,6,0.03967253,0.9804637
401,2,21025692,0.98123354,0.00016854,0.0,2.24e-05,6.09e-06,0.99980101,1.66e-06,2.9e-07,58415,6,0.04713938,0.9876141
401,3,21025693,0.98139837,0.00016735,0.0,2.216e-05,5.23e-06,0.99980355,1.66e-06,4e-08,35855,6,0.04824408,0.9855705
401,4,21025694,0.98201915,0.00018183,0.0,2.245e-05,7.69e-06,0.99978506,1.66e-06,1.32e-06,38063,6,0.09258331,0.9856018
401,5,21025695,0.98237214,0.0001755,0.0,2.246e-05,6.84e-06,0.99979127,1.64e-06,2.3e-06,24649,6,0.05921642,0.9871027
401,6,21025696,0.98103794,0.00015289,0.0,2.202e-05,5.51e-06,0.9998179,1.64e-06,5e-08,33417,6,0.13587642,0.9804226
401,7,21025697,0.64995067,9.782e-05,0.0,0.99988514,3.33e-06,1.198e-05,1.71e-06,2e-08,36936,2,0.17933869,0.6549373
401,8,21025698,0.98091377,0.00017374,0.0,2.227e-05,6.08e-06,0.9997962,1.63e-06,8e-08,61645,6,0.04825055,0.987582
401,9,21025699,0.98003069,0.00015687,0.0,2.211e-05,5.96e-06,0.99981335,1.66e-06,6e-08,32843,6,0.05432138,0.9856117
401,10,21025700,0.98068962,0.00017639,0.0,2.265e-05,6.64e-06,0.99979257,1.64e-06,1.1e-07,13561,6,0.05079978,0.9772769
402,1,21025721,0.89141357,0.12730062,0.04159058,0.0,0.1205289,0.0,0.04961049,0.66096942,49069,7,0.11367508,2.3585452
402,2,21025722,0.8949845,0.12206892,0.04835946,0.0,0.11059581,0.0,0.04987983,0.66909598,12205,7,0.10502694,2.3570515
402,3,21025723,0.9386192,0.06747795,0.02272067,0.0,0.05133466,0.0,0.03327177,0.82519494,20365,7,0.0983265,2.3570579
402,4,21025724,0.90645376,0.12017811,0.06158884,0.0,0.09776368,0.0,0.04436301,0.67610636,57125,7,0.10438107,2.3604879
402,5,21025725,0.92456284,0.09896541,0.02896577,0.0,0.08159644,0.0,0.03089866,0.75957372,16133,7,0.08842872,2.3602423
402,6,21025726,0.90298946,0.12610825,0.03324741,0.0,0.08968685,0.0,0.04417126,0.70678623,44845,7,0.12653242,2.3612316
402,7,21025727,0.91556286,0.0912264,0.0252186,0.0,0.08821734,0.0,0.04243055,0.75290711,16293,7,0.07928877,2.3573009
402,8,21025728,0.91136842,0.10487318,0.02886454,0.0,0.0877079,0.0,0.04650948,0.73204489,44805,7,0.08652622,2.3602423
402,9,21025729,0.9102103,0.11986872,0.04175094,0.0,0.08810327,0.0,0.03957142,0.71070565,57253,7,0.1699522,2.3575503
402,10,21025730,0.8813123,0.14403307,0.05127436,0.0,0.13428005,0.0,0.05462062,0.61579189,12077,7,0.09934433,2.3602391
403,1,21025751,0.89884644,0.11639577,0.06135524,0.0,0.06086789,0.0,0.01637464,0.74500647,20234,7,0.10386173,2.4759713
403,2,21025752,0.89838706,0.11826206,0.06672439,0.0,0.06682756,0.0,0.01438337,0.73380262,20234,7,0.10259491,2.4759713
403,3,21025753,0.88951414,0.13931321,0.07875157,0.0,0.07408512,0.0,0.01311807,0.69473201,19203,7,0.08669455,2.4764617
403,4,21025754,0.88977602,0.11918683,0.0677123,0.0,0.0641607,0.0,0.02033858,0.72860158,24074,7,0.12401996,2.4723938
403,5,21025755,0.89829425,0.12092166,0.05858182,0.0,0.0695085,0.0,0.01595116,0.73503687,24331,7,0.09854279,2.4774601
403,6,21025756,0.89390277,0.12051155,0.07011663,0.0,0.06774572,0.0,0.01752813,0.72409797,24330,7,0.12528818,2.4769633
403,7,21025757,0.89226495,0.12181711,0.08050353,0.0,0.06868202,0.0,0.01660981,0.71238754,19971,7,0.27070315,2.4715769
403,8,21025758,0.913771,0.10227757,0.07020377,0.0,0.05616183,0.0,0.01369687,0.75765997,19979,7,0.18220842,2.472557
403,9,21025759,0.91455075,0.09585909,0.05321944,0.0,0.04779961,0.0,0.01542554,0.78769632,19970,7,0.16671455,2.471087
403,10,21025760,0.91711426,0.09070972,0.07004984,0.0,0.05867865,0.0,0.0106397,0.76992208,23051,7,0.12242113,2.4730394
404,1,21025781,0.98159605,0.00018103,0.0,2.253e-05,1.676e-05,0.56941854,0.0,0.43036115,33049,6,0.04324783,0.9853675
404,2,21025782,0.98252712,0.00018185,0.0,2.244e-05,1.881e-05,0.57593184,0.0,0.42384506,30713,6,0.05035913,0.9873325
404,3,21025783,0.98128399,0.0001771,0.0,2.24e-05,1.649e-05,0.64314402,0.0,0.35663999,36249,6,0.03707891,0.985357
404,4,21025784,0.98187016,0.00018044,0.0,2.234e-05,1.511e-05,0.67680112,0.0,0.32298098,47575,6,0.04160765,0.989058
404,5,21025785,0.98287952,0.00017867,0.0,2.253e-05,1.86e-05,0.5920899,0.0,0.4076903,37145,6,0.04197154,0.9873466
404,6,21025786,0.98244814,0.00016666,0.0,2.244e-05,1.52e-05,0.68247975,0.0,0.31731595,36121,6,0.06751271,0.9853148
404,7,21025787,0.98199943,0.00018255,0.0,2.236e-05,1.786e-05,0.62898815,0.0,0.37078909,61913,6,0.06309429,0.9873229
404,8,21025788,0.98302794,0.00016794,0.0,2.261e-05,1.667e-05,0.69117533,0.0,0.30861746,36121,6,0.10476871,0.9853148
404,9,21025789,0.98061559,0.00016694,0.0,2.258e-05,1.527e-05,0.69765115,0.0,0.30214406,59849,6,0.03468458,0.9663051
404,10,21025790,0.98323629,0.00018867,0.0,2.245e-05,2.158e-05,0.52317511,0.0,0.47659219,13815,7,0.04000981,0.9890824
405,1,21025811,0.99553144,0.00021936,4.05e-06,0.0,1e-05,0.99976637,0.0,2.2e-07,15693,6,0.1416944,5.6391424
405,2,21025812,0.99566877,0.00021224,3.92e-06,0.0,1.035e-05,0.9997733,0.0,1.9e-07,15691,6,0.21850254,5.6391424
405,3,21025813,0.99005869,0.02550444,0.05949514,0.0,0.00118375,0.86586318,0.0,0.04795348,15906,6,0.12615183,5.6274595
405,4,21025814,0.99388163,0.00505748,0.00222435,0.0,0.002643,0.99007465,0.0,5.2e-07,56643,6,0.24098307,5.6388942
405,5,21025815,0.99576157,0.00021614,3.9e-06,0.0,1.453e-05,0.99976525,0.0,1.8e-07,21714,6,0.30920181,5.6383971
405,6,21025816,0.99539169,0.00021907,3.72e-06,0.0,1.349e-05,0.9997635,0.0,2.1e-07,21724,6,0.19281607,5.6386457
405,7,21025817,0.98874371,0.03044555,0.02420869,0.0,0.0016728,0.92537003,0.0,0.01830293,15146,6,0.1143624,5.6386457
405,8,21025818,0.98421885,0.04620658,0.009944,0.0,0.00039528,0.90100338,0.0,0.04245075,50626,6,0.15932818,5.6383143
405,9,21025819,0.98909182,0.02808023,0.02874221,0.0,0.00058214,0.83088661,0.0,0.11170881,44690,6,0.26005449,5.6284707
405,10,21025820,0.99509772,0.00022419,4.41e-06,0.0,1.413e-05,0.99975706,0.0,2.1e-07,52292,6,0.28519633,5.6275006
406,1,21025841,0.36111339,0.09180005,0.01534838,0.25737688,0.03271145,0.25567852,0.32551356,0.02157117,24390,2,0.04046261,0.4903465
406,2,21025842,0.4122491,0.09252016,0.01472879,0.33327234,0.03946574,0.24963476,0.26696471,0.0034135,24392,2,0.06167898,0.65487
406,3,21025843,0.40096298,0.07620349,0.01178718,0.35817192,0.04222168,0.23821778,0.26578826,0.00760968,24392,2,0.06568565,0.65487
406,4,21025844,0.34768226,0.08792317,0.02190461,0.27070124,0.04702669,0.24543128,0.30958042,0.0174326,22735,6,0.03828448,0.9840174
406,5,21025845,0.44478819,0.08024107,0.01044364,0.28504512,0.03994801,0.32908426,0.24856842,0.00666948,18567,6,0.08727102,0.982558
406,6,21025846,0.35100274,0.09080729,0.01268196,0.33528337,0.03257909,0.21314452,0.29808062,0.01742315,6977,2,0.04596168,0.4884992
406,7,21025847,0.40567762,0.08422679,0.01510145,0.21683726,0.02666354,0.33592442,0.32124647,7e-08,6095,6,0.04615794,0.985995
406,8,21025848,0.32767456,0.11266454,0.02160437,0.2925145,0.04345199,0.21009309,0.31967147,4e-08,8008,2,0.03925213,0.6542193
406,9,21025849,0.45869277,0.08758496,0.01571056,0.25435283,0.03041397,0.34006978,0.24889741,0.02297049,23239,6,0.06811393,0.9833132
406,10,21025850,0.34850404,0.08563652,0.0120388,0.42457585,0.02703294,0.15797306,0.29274276,6e-08,23118,2,0.08797288,0.6503692
407,1,21025871,0.98903511,0.00713005,0.03542796,0.0,0.00106195,0.1271355,0.0,0.82924454,40447,7,0.02078387,0.9967627
407,2,21025872,0.99152038,0.00427859,0.01450121,0.0,0.00122081,0.12738721,0.0,0.85261218,49111,7,0.03396302,0.9965139
407,3,21025873,0.99040677,0.00624909,0.02131911,0.0,0.00043795,0.11078922,0.0,0.86120462,64887,7,0.04705452,0.996511
407,4,21025874,0.98840583,0.00763184,0.0343812,0.0,0.00141771,0.18723781,0.0,0.76933143,8063,7,0.02621042,0.9967649
407,5,21025875,0.99016855,0.00622642,0.01799866,0.0,0.00059282,0.13917592,0.0,0.83600617,20471,7,0.03212409,0.9962677
407,6,21025876,0.98971637,0.00640693,0.02969806,0.0,0.00137051,0.09877429,0.0,0.86375021,4087,7,0.04599306,0.9962667
407,7,21025877,0.98944344,0.00707951,0.01765087,0.0,0.00104654,0.14204762,0.0,0.83217546,11647,7,0.03632855,0.9962614
407,8,21025878,0.98859742,0.00763758,0.01887694,0.0,0.00110143,0.15966091,0.0,0.81272315,32575,7,0.01806294,0.9951556
407,9,21025879,0.98999664,0.00576751,0.02711962,0.0,0.00046994,0.17342046,0.0,0.79322247,34295,7,0.03880412,0.9964279
407,10,21025880,0.99040108,0.00595327,0.02326431,0.0,0.00085134,0.16015242,0.0,0.80977866,40439,7,0.03008548,0.9965129
408,1,21025901,0.96590018,0.05343751,0.01080666,0.0,0.00628009,0.80588249,0.0,0.12359326,8365,6,0.25009455,4.92854
408,2,21025902,0.95533506,0.07234065,0.00981158,0.0,0.01129721,0.81908802,0.0,0.08746255,56773,6,0.13788643,4.9300528
408,3,21025903,0.98598049,0.0192701,0.00637172,0.0,0.00560884,0.88688456,0.0,0.08186477,8429,6,0.11004221,4.9285585
408,4,21025904,0.96508222,0.06634774,0.01126505,0.0,0.00472506,0.76817996,0.0,0.1494822,11594,6,0.13740532,4.9368408
408,5,21025905,0.96073358,0.07857634,0.00338979,0.0,0.00266202,0.85918472,0.0,0.05618712,8956,6,0.18052782,4.936832
408,6,21025906,0.9853982,0.02390732,0.00096569,0.0,0.00335039,0.88421214,0.0,0.08756447,54933,6,0.11019917,4.9380814
408,7,21025907,0.93855596,0.12073825,0.00479425,0.0,0.00970657,0.75972372,0.0,0.10503721,23772,6,0.08072823,4.929717
408,8,21025908,0.95348094,0.07722854,0.00853507,0.0,0.00982177,0.79828014,0.0,0.10613449,44355,6,0.08711257,4.9378328
408,9,21025909,0.97932968,0.03075797,0.00477535,0.0,0.00897407,0.9033447,0.0,0.05214791,15692,6,0.12102821,4.9378328
408,10,21025910,0.98281576,0.02300478,0.0052021,0.0,0.00734605,0.80287812,0.0,0.16156895,8364,6,0.11848049,4.9270854
409,1,21025931,0.64843854,0.00010094,0.0,0.99988222,3.49e-06,1.181e-05,1.53e-06,1e-08,38508,2,0.24595144,0.6533737
409,2,21025932,0.97835748,0.00018426,0.0,2.096e-05,7.4e-06,0.99978562,1.58e-06,1.8e-07,60233,6,0.03028734,0.9722407
409,3,21025933,0.98067005,0.00017882,0.0,2.107e-05,6.65e-06,0.99339404,1.54e-06,0.00639787,57687,6,0.03781636,0.9830858
409,4,21025934,0.97993036,0.00016569,0.0,2.114e-05,6.63e-06,0.99980476,1.55e-06,2.2e-07,60249,6,0.10435076,0.9840326
409,5,21025935,0.98007349,0.00018165,0.0,2.113e-05,6.83e-06,0.99978879,1.55e-06,5e-08,32781,6,0.03136303,0.9840699
409,6,21025936,0.97990615,0.00017108,0.0,2.087e-05,6.12e-06,0.99980007,1.56e-06,3.1e-07,39051,6,0.04423044,0.9840236
409,7,21025937,0.97753801,0.00016347,0.0,2.101e-05,6e-06,0.99980783,1.55e-06,1.5e-07,56281,6,0.05167797,0.986051
409,8,21025938,0.64913875,0.00010422,0.0,0.99987849,3.83e-06,1.188e-05,1.56e-06,1e-08,47518,2,0.12323303,0.6560283
409,9,21025939,0.98025403,0.00016584,0.0,2.092e-05,6.26e-06,0.99980542,1.56e-06,1e-08,32777,6,0.03967663,0.9840699
409,10,21025940,0.9808704,0.00016569,0.0,2.1e-05,6.21e-06,0.99980492,1.56e-06,6.2e-07,55257,6,0.08729929,0.9860055
410,1,21025961,0.97345916,0.04211378,0.019912,0.0,0.01715101,0.4678395,0.00333038,0.44965333,16269,7,0.10861501,4.0981321
410,2,21025962,0.95713552,0.08254187,0.05939135,0.0,0.02678584,0.50645603,0.00567156,0.31915335,52996,6,0.0742255,4.1034321
410,3,21025963,0.97023832,0.04519409,0.02359508,0.0,0.01472291,0.61201446,0.00619103,0.29828243,22165,6,0.16459521,4.1037634
410,4,21025964,0.97370391,0.04204011,0.02878171,0.0,0.01129483,0.68651607,0.00423125,0.22713604,11021,6,0.08103655,4.1037558
410,5,21025965,0.96515002,0.05727598,0.02782186,0.0,0.03341638,0.51964504,0.00454457,0.35729617,23309,6,0.09286925,4.1042525
410,6,21025966,0.97751903,0.03412657,0.01303167,0.0,0.01665009,0.40665995,0.00260119,0.52693053,24333,7,0.12502655,4.1042602
410,7,21025967,0.9726251,0.04535704,0.02890096,0.0,0.01605809,0.72233253,0.00479635,0.18255504,16029,6,0.09760117,4.0981321
410,8,21025968,0.96274166,0.06493769,0.03959343,0.0,0.02360352,0.62053834,0.00484408,0.24648294,16293,7,0.08084736,4.0973679
410,9,21025969,0.96848516,0.05637184,0.01866004,0.0,0.01859829,0.73346966,0.00359304,0.16930714,19205,6,0.09227783,4.1032585
410,10,21025970,0.96705157,0.05453676,0.01818226,0.0,0.01706654,0.63583956,0.00877279,0.26560208,54933,6,0.15824286,4.104012
411,1,21025991,0.39531651,0.3996134,0.02895798,0.0,0.2136843,0.0,0.28327626,0.07446805,24199,7,0.06834838,0.9937366
411,2,21025992,0.43813031,0.36970109,0.02857731,0.0,0.18935935,0.0,0.24625703,0.16610521,23175,7,0.08358115,0.9943597
411,3,21025993,0.42988459,0.38146477,0.02708293,0.0,0.186255,0.0,0.25842449,0.1467728,19087,7,0.05403911,0.994606
411,4,21025994,0.45795765,0.36040066,0.02502159,0.0,0.19430549,0.0,0.23608962,0.18418263,23175,7,0.09180742,0.9943597
411,5,21025995,0.44309971,0.36901445,0.0255601,0.0,0.19486232,0.0,0.23435871,0.17620442,23175,7,0.04525826,0.9943597
411,6,21025996,0.39798345,0.39762172,0.02855595,0.0,0.19736499,0.0,0.26093078,0.11552656,23183,7,0.04481248,0.9950986
411,7,21025997,0.40280899,0.40677718,0.0267855,0.0,0.18984585,0.0,0.25579438,0.12079709,24199,7,0.057173,0.9937366
411,8,21025998,0.41630421,0.37182934,0.02473993,0.0,0.21001007,0.0,0.263084,0.13033666,20111,7,0.04866757,0.9939819
411,9,21025999,0.50159304,0.31707612,0.02237102,0.0,0.17540808,0.0,0.24265854,0.24248624,23183,7,0.05842615,0.9950986
411,10,21026000,0.39532269,0.38760863,0.02945367,0.0,0.20914541,0.0,0.2709531,0.1028392,23175,7,0.05891876,0.9943597
412,1,21026021,0.98453658,0.00020531,0.0,5.99e-06,2.01e-05,0.53859284,0.0,0.46117576,12279,7,0.03646832,0.9906649
412,2,21026022,0.98570546,0.00021228,0.0,5.83e-06,2.157e-05,0.43881318,0.0,0.56094714,31913,6,0.02697432,0.9891681
412,3,21026023,0.9841095,0.00020225,0.0,5.92e-06,1.767e-05,0.57000999,0.0,0.42976417,38393,6,0.04400453,0.9891468
412,4,21026024,0.98531197,0.00020472,0.0,5.86e-06,2.028e-05,0.491628,0.0,0.50814114,55287,7,0.04045752,0.9909121
412,5,21026025,0.9858761,0.00020786,0.0,5.95e-06,2.174e-05,0.51648895,0.0,0.48327549,30079,7,0.03496038,0.9911543
412,6,21026026,0.98526114,0.00021562,0.0,6e-06,2.332e-05,0.46883916,0.0,0.5309159,59599,6,0.03950036,0.9891633
412,7,21026027,0.98498733,0.00021675,0.0,5.86e-06,2.164e-05,0.54039977,0.0,0.45935598,38839,6,0.04915904,0.9862704
412,8,21026028,0.98497107,0.00020388,0.0,5.83e-06,2.11e-05,0.5554137,0.0,0.4443555,1463,6,0.0415449,0.9896527
412,9,21026029,0.98445809,0.00021119,0.0,5.92e-06,2.213e-05,0.5036225,0.0,0.49613826,38335,6,0.03134995,0.9911591
412,10,21026030,0.98509796,0.0002019,0.0,5.93e-06,1.833e-05,0.62539542,0.0,0.37437842,46585,6,0.03411562,0.9891467
413,1,21026051,0.98668234,0.05249873,0.17643991,0.0,0.00074183,0.75719046,0.0,0.01312908,8892,6,0.13347454,6.1176691
413,2,21026052,0.98566716,0.05379703,0.17418522,0.0,0.00060595,0.65717058,0.0,0.11424121,43787,6,0.06910983,6.119642
413,3,21026053,0.99043491,0.02536495,0.04722674,0.0,0.00028403,0.85798511,0.0,0.06913918,48797,6,0.16403814,6.1095567
413,4,21026054,0.99150447,0.02229434,0.0896442,0.0,0.00035377,0.8202792,0.0,0.0674285,15917,6,0.10919469,6.1074915
413,5,21026055,0.9715335,0.13645633,0.56333389,0.0,0.00353052,0.26078815,0.0,0.03589111,8418,4,0.15042681,6.1056023
413,6,21026056,0.98276003,0.07106113,0.32274376,0.0,0.00096986,0.58164954,0.0,0.0235757,8372,6,0.25712882,6.1176559
413,7,21026057,0.99487483,0.00238574,0.00968658,0.0,1.77e-05,0.95557994,0.0,0.03233004,11811,6,0.24057641,6.1060398
413,8,21026058,0.99130788,0.02653993,0.0968484,0.0,0.00055592,0.82319855,0.0,0.0528572,8948,6,0.37714603,6.1176569
413,9,21026059,0.98304488,0.07012348,0.32132165,0.0,0.00148233,0.60342961,0.0,0.00364293,8940,6,0.12598383,6.1055581
413,10,21026060,0.98878703,0.03868092,0.16630296,0.0,0.00067737,0.75341318,0.0,0.04092558,24092,6,0.12501255,6.1186611
414,1,21026081,0.94061568,0.00132415,0.0,0.0763309,7.4e-06,0.91993704,0.00239468,5.83e-06,63695,6,0.05212527,0.9882082
414,2,21026082,0.98101285,0.00016108,0.0,1.664e-05,5.16e-06,0.99981488,2.04e-06,2e-07,33933,6,0.11350381,0.9861356
414,3,21026083,0.94575901,0.00186052,0.0,0.04373746,4.779e-05,0.94671716,0.00763706,1e-08,32781,6,0.15234001,0.986223
414,4,21026084,0.91616088,0.00397036,0.0,0.12222766,0.00082396,0.87297535,2.48e-06,2e-07,37185,2,0.09537066,0.4811439
414,5,21026085,0.98155523,0.00018676,0.0,1.658e-05,5.33e-06,0.99978924,2.03e-06,6e-08,35851,6,0.10764008,0.9861744
414,6,21026086,0.96690867,0.0013402,0.0,0.01957482,0.00247542,0.97583537,0.00077415,3e-08,34861,6,0.08667273,0.9813171
414,7,21026087,0.97187304,0.00045173,0.0,0.01613816,6.79e-06,0.95533044,0.00176455,0.02630834,33035,6,0.08193126,0.9765373
414,8,21026088,0.87289953,0.00095379,0.0,0.18502811,0.00018356,0.81383198,2.51e-06,4e-08,33089,2,0.10752049,0.31873
414,9,21026089,0.97631161,0.00095225,0.0,0.01114295,5.55e-06,0.9870397,0.00085946,9e-08,33803,6,0.07477438,0.9862132
414,10,21026090,0.96888005,0.00060251,0.0,0.02213581,0.00014007,0.97711954,2.04e-06,2e-08,35097,6,0.07805603,0.9861922
415,1,21026111,0.93966811,0.0373854,0.00381916,0.0,0.17460258,0.0,0.10808359,0.67610927,24493,7,0.08708495,1.3154605
415,2,21026112,0.92870143,0.05640316,0.00395464,0.0,0.21971694,0.0,0.10336146,0.6165638,15917,7,0.12199598,1.3139676
415,3,21026113,0.93117055,0.05709104,0.00573944,0.0,0.1842786,0.0,0.11002137,0.64286955,20013,7,0.11169777,1.3134732
415,4,21026114,0.90876556,0.07416436,0.00943652,0.0,0.24757444,0.0,0.15049227,0.51833241,53133,7,0.06579425,1.3159552
415,5,21026115,0.94940222,0.03499214,0.00443051,0.0,0.18200899,0.0,0.06099039,0.71757798,12165,7,0.13200105,1.3139741
415,6,21026116,0.96500159,0.02391622,0.0016562,0.0,0.11277072,0.0,0.04981127,0.81184558,24109,7,0.15076208,1.3139676
415,7,21026117,0.91934995,0.05177157,0.00435328,0.0,0.23902858,0.0,0.14190533,0.56294123,48653,7,0.08712427,1.3149595
415,8,21026118,0.93648466,0.05212284,0.005122,0.0,0.19435074,0.0,0.10010033,0.64830409,44845,7,0.13008321,1.31658
415,9,21026119,0.9192488,0.06301532,0.00601214,0.0,0.23167838,0.0,0.13172909,0.56756507,44813,7,0.08467571,1.3165806
415,10,21026120,0.93153721,0.05462515,0.00465409,0.0,0.20161038,0.0,0.09954757,0.63956281,16173,7,0.07295051,1.3160847
416,1,21026141,0.93033849,0.10808343,0.03053551,0.0,0.04041685,0.5325403,0.00604307,0.28238085,18306,6,0.07668322,3.7258586
416,2,21026142,0.95472324,0.07177622,0.03491162,0.0,0.0272015,0.55803538,0.00428904,0.30378624,19332,7,0.09706671,3.7194327
416,3,21026143,0.95372979,0.06692819,0.02355429,0.0,0.02511743,0.56976209,0.00393798,0.31070002,18052,6,0.17231349,3.7185101
416,4,21026144,0.95636311,0.0740048,0.02513718,0.0,0.0200393,0.58851733,0.00500232,0.28729907,55812,6,0.09486189,3.7199591
416,5,21026145,0.94745923,0.08349492,0.04232502,0.0,0.03010665,0.57643096,0.00300995,0.26463249,20003,6,0.0937599,3.7189712
416,6,21026146,0.94767272,0.07526509,0.02339296,0.0,0.02384291,0.54991483,0.0072063,0.32037792,18978,6,0.09140038,3.7185101
416,7,21026147,0.95280347,0.07512597,0.01866637,0.0,0.03450708,0.62218685,0.00333181,0.24618192,18315,6,0.08606347,3.7268516
416,8,21026148,0.95906426,0.06715096,0.01645959,0.0,0.01889811,0.50167681,0.00417826,0.39163626,19339,7,0.09051873,3.7209384
416,9,21026149,0.94020483,0.08615186,0.03233451,0.0,0.03269739,0.60728769,0.00575822,0.23577034,23075,6,0.06014127,3.7197289
416,10,21026150,0.96210141,0.05804028,0.02507118,0.0,0.01561481,0.60536519,0.00383693,0.2920716,19211,7,0.07871292,3.7268447
417,1,21026171,0.97949155,0.0001775,0.0,2.24e-05,1.581e-05,0.65930602,0.0,0.34047828,40685,6,0.0301466,0.9836818
417,2,21026172,0.97938167,0.00016622,0.0,2.235e-05,1.51e-05,0.7212503,0.0,0.27854602,51399,6,0.04023009,0.9719317
417,3,21026173,0.97972309,0.0001659,0.0,2.238e-05,1.413e-05,0.72195203,0.0,0.27784556,40793,6,0.07972661,0.9857123
417,4,21026174,0.97924461,0.00017085,0.0,2.251e-05,1.531e-05,0.59305256,0.0,0.40673877,63049,6,0.0307691,0.9857326
417,5,21026175,0.97955824,0.00016626,0.0,2.255e-05,1.448e-05,0.68697504,0.0,0.31282168,30073,6,0.07731033,0.9857356
417,6,21026176,0.98122206,0.0001822,0.0,2.235e-05,1.77e-05,0.5947638,0.0,0.40501396,59743,6,0.02812516,0.9877215
417,7,21026177,0.97834642,0.00017051,0.0,2.24e-05,1.815e-05,0.63547188,0.0,0.36431706,31609,6,0.05773232,0.9796351
417,8,21026178,0.97905146,0.00017039,0.0,2.231e-05,1.435e-05,0.68630155,0.0,0.3134914,52985,6,0.03804306,0.9716414
417,9,21026179,0.97809351,0.00017513,0.0,2.239e-05,1.644e-05,0.61511836,0.0,0.38466769,29259,6,0.03821733,0.9857316
417,10,21026180,0.98028216,0.00016199,0.0,2.241e-05,1.291e-05,0.74559637,0.0,0.25420632,60665,6,0.03739115,0.9716452
418,1,21026201,0.96225353,0.0845974,0.0206052,0.0,0.00210904,0.71733236,0.0,0.175356,22149,6,0.09554683,5.5529951
418,2,21026202,0.99281542,0.00838178,0.01413855,0.0,0.00164741,0.9193788,0.0,0.05645347,55179,6,0.16403833,5.5647427
418,3,21026203,0.98452204,0.03063591,0.0028182,0.0,0.00093189,0.96561117,0.0,2.83e-06,42435,6,0.28448008,5.5637496
418,4,21026204,0.9811496,0.04035007,0.00771157,0.0,0.00581742,0.94612043,0.0,5e-07,23765,6,0.32781136,5.5544802
418,5,21026205,0.98964806,0.01746762,0.00805173,0.0,0.00293979,0.95121062,0.0,0.02033025,19787,6,0.39571668,5.5637496
418,6,21026206,0.97697039,0.04810315,0.00833242,0.0,0.00245187,0.82508154,0.0,0.11603102,46986,6,0.22164634,5.564081
418,7,21026207,0.97725982,0.05467665,0.00483202,0.0,0.0013986,0.90117572,0.0,0.037917,46740,6,0.15047213,5.5637496
418,8,21026208,0.99324862,0.00727854,0.00331661,0.0,0.00019546,0.89400845,0.0,0.09520095,23875,6,0.16285515,5.5637496
418,9,21026209,0.99307118,0.00664694,0.01534261,0.0,0.00063515,0.94351161,0.0,0.03386368,50628,6,0.22522898,5.5634183
418,10,21026210,0.97253178,0.05532438,0.01966836,0.0,0.00742657,0.68771482,0.0,0.22986587,23437,6,0.09879457,5.555197
419,1,21026231,0.27265196,0.12485945,0.01216346,0.02242457,0.070546,0.19813099,0.51701557,0.05485996,19079,7,0.04259757,0.9816615
419,2,21026232,0.30198374,0.12441657,0.01426061,0.02302206,0.06146027,0.26897979,0.49209639,0.01576432,18831,6,0.0462841,0.982643
419,3,21026233,0.39736451,0.10937126,0.01097393,0.01087518,0.06808227,0.3506124,0.41888935,0.03119562,22663,6,0.08461821,0.9869808
419,4,21026234,0.34897737,0.11892441,0.01136969,0.01643363,0.05449012,0.24975069,0.46149703,0.08753444,19079,7,0.04772581,0.9816615
419,5,21026235,0.2403246,0.13699728,0.01613953,0.0166155,0.04955665,0.22227642,0.5582556,0.00015902,19599,6,0.04332127,0.987218
419,6,21026236,0.29160337,0.1322625,0.01331099,0.02291993,0.05787202,0.21450348,0.49990018,0.0592309,23695,6,0.03305128,0.9877097
419,7,21026237,0.37942706,0.10952603,0.01056044,0.0121111,0.06491079,0.33844024,0.43678065,0.02767075,18567,6,0.11343487,0.9862439
419,8,21026238,0.31564629,0.13231581,0.01633462,0.01423747,0.05951039,0.27898064,0.48060154,0.01801954,22727,6,0.04617374,0.9869716
419,9,21026239,0.29821298,0.13463534,0.01381919,0.02187622,0.06046293,0.27512359,0.48859111,0.00549161,18631,6,0.03823973,0.9862347
419,10,21026240,0.27611344,0.13130284,0.01362505,0.01398858,0.06317918,0.25718107,0.51955056,0.00117272,18575,6,0.03913392,0.9872272
420,1,21026261,0.98695687,0.00291954,0.02284421,0.0,0.00042734,0.31997813,0.0,0.65383078,31807,6,0.03437776,0.9883657
420,2,21026262,0.98710437,0.00258773,0.01914458,0.0,0.0003948,0.23677647,0.0,0.74109642,29695,7,0.03136227,0.9912543
420,3,21026263,0.98788906,0.00239762,0.01233445,0.0,0.00021471,0.24546799,0.0,0.73958523,16343,7,0.02971582,0.9939064
420,4,21026264,0.98736845,0.00430679,0.01954061,0.0,0.00015037,0.2489535,0.0,0.72704873,54783,7,0.05050382,0.9941553
420,5,21026265,0.9862416,0.00386752,0.01671779,0.0,0.00029963,0.212498,0.0,0.76661706,24407,7,0.0393652,0.9939049
420,6,21026266,0.98660523,0.00360661,0.0136065,0.0,0.00024168,0.25978743,0.0,0.72275778,20439,7,0.02827661,0.993657
420,7,21026267,0.98778194,0.00266116,0.01876071,0.0,0.00028467,0.19995563,0.0,0.77833783,10079,7,0.03486492,0.9921872
420,8,21026268,0.98784783,0.00271414,0.0121237,0.0,9.274e-05,0.23680357,0.0,0.74826586,15863,7,0.0394056,0.9939064
420,9,21026269,0.98815487,0.00298504,0.01880011,0.0,0.00024642,0.24084199,0.0,0.73712645,24063,7,0.02579753,0.9941553
420,10,21026270,0.98797071,0.00275527,0.01395891,0.0,4.506e-05,0.24006681,0.0,0.74317395,7543,7,0.03059768,0.993901
421,1,21026291,0.98507605,0.02475342,0.00380634,0.0,0.00977768,0.96166218,0.0,3.8e-07,56653,6,0.29824802,5.9343594
421,2,21026292,0.98919747,0.0151833,0.002699,0.0,0.00172946,0.91870563,0.0,0.06168261,52546,6,0.1101192,5.9330351
421,3,21026293,0.9795961,0.03970916,0.00524958,0.0,0.00384514,0.89448094,0.0,0.05671518,8948,6,0.19832536,5.9323626
421,4,21026294,0.975912,0.05376674,0.01148411,0.0,0.00106763,0.87364518,0.0,0.06003635,56851,6,0.18776301,5.933615
421,5,21026295,0.98265864,0.03975826,0.00069805,0.0,0.00055521,0.85022526,0.0,0.10876322,57093,6,0.12130493,5.933615
421,6,21026296,0.99047664,0.01856982,0.0007403,0.0,0.00146826,0.9748114,0.0,0.00441022,22411,6,0.15644871,5.9338632
421,7,21026297,0.99298298,0.00625042,0.00056392,0.0,0.00129581,0.95782255,0.0,0.0340673,15690,6,0.3953756,5.9333664
421,8,21026298,0.98941211,0.01272679,0.00657464,0.0,0.00044824,0.88115286,0.0,0.09909748,8948,6,0.32715916,5.9323626
421,9,21026299,0.99506305,0.00057629,0.01279366,0.0,2.91e-05,0.98660067,0.0,2.8e-07,19917,6,0.17808596,5.9231138
421,10,21026300,0.99518181,0.00232783,5.439e-05,0.0,7.104e-05,0.99754652,0.0,2.2e-07,44365,6,0.25702201,5.9343584
422,1,21026321,0.97907175,0.00018334,0.0,2.147e-05,6.15e-06,0.99978741,1.59e-06,5e-08,61455,6,0.04586908,0.9857292
422,2,21026322,0.9801952,0.00016876,0.0,2.143e-05,7.1e-06,0.99980098,1.55e-06,1.7e-07,33839,6,0.07947421,0.9837422
422,3,21026323,0.97824614,0.00016619,0.0,2.143e-05,6.41e-06,0.99454518,1.57e-06,0.00525922,43143,6,0.07640235,0.9719248
422,4,21026324,0.97913451,0.00017222,0.0,2.134e-05,6.98e-06,0.99979777,1.59e-06,9e-08,57423,6,0.03949425,0.985716
422,5,21026325,0.98007627,0.00017229,0.0,2.141e-05,6.29e-06,0.99979839,1.58e-06,3e-08,6559,6,0.06787934,0.9857292
422,6,21026326,0.97877953,0.00015215,0.0,2.125e-05,6.12e-06,0.99981864,1.59e-06,2.5e-07,36909,6,0.08503613,0.9776359
422,7,21026327,0.97884854,0.00015478,0.0,2.132e-05,5.81e-06,0.99981629,1.57e-06,2.3e-07,39947,6,0.04575262,0.9836782
422,8,21026328,0.97973325,0.0001527,0.0,2.136e-05,6.61e-06,0.99981766,1.6e-06,7e-08,46521,6,0.06627936,0.9856824
422,9,21026329,0.9778288,0.00016886,0.0,2.132e-05,6.49e-06,0.99980174,1.56e-06,3e-08,26797,6,0.04210558,0.9790779
422,10,21026330,0.97815557,0.00017495,0.0,2.157e-05,7.62e-06,0.99979392,1.59e-06,3.5e-07,52185,6,0.06443951,0.983732
423,1,21026351,0.92385998,0.10916803,0.14258335,0.0,0.06995633,5.9e-07,0.01909451,0.65919719,53037,7,0.14624405,3.3407141
423,2,21026352,0.92496773,0.10910183,0.2771845,0.0,0.05895679,0.03716489,0.01992377,0.49766823,52781,7,0.10789634,3.33506
423,3,21026353,0.9146023,0.12969107,0.28471037,0.0,0.07294991,0.03657754,0.0194282,0.45664291,15885,7,0.11586721,3.3341031
423,4,21026354,0.93072775,0.10578759,0.07953862,0.0,0.07264187,0.02319882,0.01401162,0.70482148,20389,7,0.11092529,3.3340939
423,5,21026355,0.91002807,0.14576291,0.20775195,0.0,0.07577495,0.05232676,0.01630967,0.50207376,44837,7,0.08273098,3.3397217
423,6,21026356,0.9363464,0.09350039,0.06421942,0.0,0.06153237,0.02714179,0.01472724,0.7388788,49037,7,0.17113722,3.3361031
423,7,21026357,0.90128272,0.14836372,0.14808885,0.0,0.08413901,0.03949309,0.02821984,0.55169547,24461,7,0.11467171,3.3356038
423,8,21026358,0.92736771,0.1060548,0.17962195,0.0,0.06259913,0.02782356,0.01570236,0.60819821,53037,7,0.13063182,3.3407141
423,9,21026359,0.93334636,0.0951697,0.31082053,0.0,0.05892404,0.05896364,0.01669364,0.45942846,15269,4,0.08228837,3.3348546
423,10,21026360,0.93703924,0.10944513,0.11747642,0.0,0.05175285,0.0677269,0.01503991,0.63855879,12045,7,0.06857508,3.3397267
424,1,21026381,0.88663836,0.11170114,0.01874991,0.0,0.06216138,0.0,0.02851064,0.77887693,23043,7,0.10405707,1.9757647
424,2,21026382,0.90125759,0.10441743,0.01425572,0.0,0.05304107,0.0,0.02090482,0.80738096,19332,7,0.08251109,1.9755016
424,3,21026383,0.88592354,0.11339805,0.02206131,0.0,0.06886047,0.0,0.02643016,0.76925002,18947,7,0.15667917,1.9750277
424,4,21026384,0.89509757,0.10895135,0.02279905,0.0,0.06142828,0.0,0.02244035,0.78438097,24323,7,0.13475972,1.9794397
424,5,21026385,0.94367977,0.05497417,0.01220287,0.0,0.02926801,0.0,0.01075321,0.89280173,19211,7,0.14332321,1.9794363
424,6,21026386,0.91494037,0.0861555,0.0126471,0.0,0.04592685,0.0,0.02230257,0.83296798,19973,7,0.09565864,1.9750355
424,7,21026387,0.90440624,0.10161177,0.01459672,0.0,0.05916276,0.0,0.02009598,0.80453278,23309,7,0.11931169,1.979933
424,8,21026388,0.92238777,0.07931512,0.01250581,0.0,0.04394256,0.0,0.01619233,0.84804417,24323,7,0.10691352,1.9794397
424,9,21026389,0.87463812,0.12510327,0.02194798,0.0,0.0732917,0.0,0.0277789,0.75187815,19979,7,0.1167905,1.9760176
424,10,21026390,0.90889975,0.09274768,0.0128214,0.0,0.04791256,0.0,0.01996328,0.82655508,24069,7,0.0921362,1.975772
425,1,21026411,0.98281431,0.00017116,0.0,1.938e-05,1.638e-05,0.61981781,0.0,0.37997527,42969,6,0.10224227,0.9847448
425,2,21026412,0.98000841,0.00016873,0.0,1.938e-05,1.439e-05,0.72199028,0.0,0.27780722,40889,6,0.05771403,0.9812802
425,3,21026413,0.98182909,0.00019231,0.0,1.95e-05,1.933e-05,0.56566574,0.0,0.43410313,11703,6,0.04883376,0.9883084
425,4,21026414,0.98153648,0.00016474,0.0,1.949e-05,1.402e-05,0.71182944,0.0,0.28797232,15737,6,0.1579663,0.9867751
425,5,21026415,0.98206497,0.000198,0.0,1.934e-05,2.131e-05,0.40800655,0.0,0.5917548,20479,7,0.04105516,0.9883237
425,6,21026416,0.98107766,0.00017856,0.0,1.947e-05,1.708e-05,0.65194455,0.0,0.34784034,40937,6,0.03952306,0.9757674
425,7,21026417,0.98137922,0.00018619,0.0,1.942e-05,1.888e-05,0.50635837,0.0,0.49341713,31225,6,0.04720305,0.9757463
425,8,21026418,0.98306003,0.00017727,0.0,1.938e-05,1.68e-05,0.62942533,0.0,0.37036121,19895,6,0.08108407,0.9883084
425,9,21026419,0.98360344,0.00019325,0.0,1.944e-05,2.09e-05,0.48055396,0.0,0.51921246,59263,7,0.04081571,0.9888207
425,10,21026420,0.97914253,0.00015357,0.0,1.948e-05,1.263e-05,0.80323761,0.0,0.19657672,30137,6,0.03895272,0.9868085
426,1,21026441,0.99418564,0.00417203,0.995549,0.0,0.00027489,3.96e-06,0.0,1.3e-07,47355,4,0.94650023,6.5235847
426,2,21026442,0.99464664,0.00389997,0.40435687,0.0,0.00023572,0.51989677,0.0,0.07161068,55483,6,0.13473263,6.5235392
426,3,21026443,0.99448377,0.00418326,0.79392929,0.0,0.00032704,0.20156025,0.0,1.6e-07,47803,4,0.56755024,6.5235847
426,4,21026444,0.99419975,0.00403266,0.99569745,0.0,0.00026582,3.94e-06,0.0,1.3e-07,47355,4,0.99568407,6.5235847
426,5,21026445,0.99429564,0.00314026,0.99660342,0.0,0.00025236,3.83e-06,0.0,1.3e-07,47867,4,0.99659198,6.5235629
426,6,21026446,0.99417369,0.00390602,0.9097381,0.0,0.00030324,0.08605247,0.0,1.6e-07,47803,4,0.90284488,6.5235847
426,7,21026447,0.99389484,0.00451794,0.99504574,0.0,0.00043161,4.36e-06,0.0,3.4e-07,47588,4,0.99503726,6.5220675
426,8,21026448,0.99452903,0.00356193,0.39113032,0.0,0.00022856,0.60014378,0.0,0.0049354,47867,4,0.12947011,6.5235629
426,9,21026449,0.99480766,0.00391074,0.60590254,0.0,0.00013068,0.34567649,0.0,0.04437956,18914,4,0.28475986,6.5205473
426,10,21026450,0.99420618,0.0039832,0.99575737,0.0,0.00025508,4.21e-06,0.0,1.4e-07,47355,4,0.64948407,6.5235847
427,1,21026471,0.47496048,0.07358458,0.02698354,0.23162048,0.02440047,0.37743504,0.2638604,0.00211548,23118,2,0.0430535,0.6447246
427,2,21026472,0.48224856,0.07252815,0.02152791,0.32061755,0.02834646,0.35196173,0.20501813,8e-08,6990,2,0.10362599,0.6499834
427,3,21026473,0.48015562,0.08010834,0.02240667,0.22693441,0.02316793,0.39155013,0.25078466,0.00504788,23111,6,0.06146958,0.9705499
427,4,21026474,0.42462338,0.1070319,0.02579132,0.22245629,0.02425986,0.33685993,0.28360065,6e-08,18567,6,0.06981274,0.9783207
427,5,21026475,0.46745438,0.08819463,0.02804906,0.34261252,0.02782115,0.25720439,0.20794313,0.04817511,24392,2,0.08371436,0.6506212
427,6,21026476,0.43269417,0.08656703,0.03800462,0.31570885,0.03632877,0.28900434,0.23291115,0.00147524,6982,2,0.10405905,0.4851247
427,7,21026477,0.46703549,0.06967272,0.02700967,0.41799022,0.02710592,0.21765022,0.20070751,0.03986374,23368,2,0.09796351,0.6506113
427,8,21026478,0.36416839,0.10059299,0.03310258,0.21315934,0.03635018,0.30100329,0.31224732,0.0035443,18823,6,0.04305985,0.9698305
427,9,21026479,0.42724894,0.07558844,0.03615488,0.2896561,0.03325512,0.2908107,0.24825055,0.02628421,8001,2,0.06525476,0.4847459
427,10,21026480,0.51925973,0.0722583,0.02081567,0.23001385,0.03156099,0.39550025,0.22768937,0.02216157,19023,6,0.06114829,0.9707943
428,1,21026501,0.991974,0.00878205,0.03741198,0.0,0.00172759,0.00930312,0.0,0.94277526,60351,7,0.02547538,0.9962064
428,2,21026502,0.99291617,0.00586981,0.02579235,0.0,0.00188573,0.0136687,0.0,0.95278342,3927,7,0.02885447,0.997593
428,3,21026503,0.99183044,0.00894245,0.03571335,0.0,0.0012928,0.02126574,0.0,0.93278567,11255,7,0.02486135,0.9966504
428,4,21026504,0.99083694,0.01060217,0.04384717,0.0,0.0027666,0.00474589,0.0,0.93803817,19391,7,0.02632836,0.9957056
428,5,21026505,0.9926355,0.00749317,0.0326245,0.0,0.00176349,0.0410613,0.0,0.91705754,57215,7,0.02810642,0.9980966
428,6,21026506,0.99176754,0.00882472,0.04014599,0.0,0.0023627,0.03065959,0.0,0.918007,60287,7,0.02703745,0.9971496
428,7,21026507,0.99228609,0.00770714,0.02915606,0.0,0.0019554,0.01100429,0.0,0.95017712,34807,7,0.04852723,0.997763
428,8,21026508,0.99229094,0.00677427,0.03156309,0.0,0.00202742,0.01155663,0.0,0.94807859,48511,7,0.03212517,0.9980947
428,9,21026509,0.99280023,0.00743726,0.03218128,0.0,0.00120595,0.03038199,0.0,0.92879353,40319,7,0.02756011,0.9980947
428,10,21026510,0.99283999,0.00720034,0.02518282,0.0,0.00108741,0.00886332,0.0,0.95766612,54775,7,0.03824332,0.9978454
429,1,21026531,0.97246117,0.04704669,0.02398627,0.0,0.01130439,0.61803033,0.0,0.29963233,55842,6,0.14629493,5.0270898
429,2,21026532,0.98092864,0.02408819,0.02541764,0.0,0.00886823,0.70590525,0.0,0.23572068,22402,6,0.11152342,5.0363108
429,3,21026533,0.96722463,0.06457731,0.05509722,0.0,0.01296719,0.7576914,0.0,0.10966688,23074,6,0.0722705,5.0266041
429,4,21026534,0.97206225,0.04793752,0.02583838,0.0,0.01149239,0.72728999,0.0,0.18744172,18957,7,0.09031746,5.0270709
429,5,21026535,0.95744421,0.07519048,0.02501948,0.0,0.02034437,0.62885824,0.0,0.25058742,8428,6,0.07071149,5.0256368
429,6,21026536,0.96980434,0.05185897,0.05043151,0.0,0.01411337,0.5524352,0.0,0.33116095,8372,6,0.12440758,5.0355564
429,7,21026537,0.97516843,0.05166946,0.01137912,0.0,0.00881917,0.72669666,0.0,0.20143559,8436,6,0.09401104,5.0355664
429,8,21026538,0.97528105,0.03592072,0.02421052,0.0,0.01029566,0.70026385,0.0,0.22930926,22156,6,0.07885297,5.0269282
429,9,21026539,0.98456544,0.02497556,0.0416971,0.0,0.00575243,0.72523296,0.0,0.20234196,18309,6,0.10083066,5.0360626
429,10,21026540,0.9744612,0.0450483,0.01011141,0.0,0.01312323,0.53435904,0.0,0.39735802,20235,7,0.14613204,5.0365594
430,1,21026561,0.97743103,0.00017689,0.0,2.082e-05,7.23e-06,0.99979292,1.55e-06,5.9e-07,58539,6,0.0261203,0.9843398
430,2,21026562,0.98003217,0.00018633,0.0,2.089e-05,7.47e-06,0.99978371,1.51e-06,9e-08,40951,6,0.06564632,0.9861529
430,3,21026563,0.97855061,0.00017901,0.0,2.089e-05,6.78e-06,0.99979169,1.55e-06,8e-08,37515,6,0.06601078,0.9756039
430,4,21026564,0.64788125,0.00010009,0.0,0.99988326,3.27e-06,1.18e-05,1.57e-06,1e-08,39198,2,0.15084876,0.649227
430,5,21026565,0.97821375,0.00017112,0.0,2.085e-05,6.42e-06,0.99979992,1.55e-06,1.4e-07,39049,6,0.03999117,0.9824262
430,6,21026566,0.97784255,0.00016293,0.0,2.096e-05,5.66e-06,0.99980891,1.52e-06,3e-08,60459,6,0.11346988,0.9843667
430,7,21026567,0.97923224,0.00018329,0.0,2.094e-05,7.31e-06,0.99978682,1.57e-06,6e-08,60459,6,0.04268366,0.9843667
430,8,21026568,0.97666136,0.00016697,0.0,2.079e-05,6.73e-06,0.99980388,1.55e-06,8e-08,61305,6,0.04865435,0.9823714
430,9,21026569,0.97816017,0.00017509,0.0,2.099e-05,6.81e-06,0.9997953,1.54e-06,2.7e-07,49145,6,0.04011708,0.9844122
430,10,21026570,0.97831323,0.00016627,0.0,2.096e-05,6.24e-06,0.9998048,1.55e-06,1.8e-07,37337,6,0.07558276,0.9843637
431,1,21026591,0.9907438,0.01419107,0.0023801,0.0,0.00310384,0.77315605,0.0,0.20716894,22173,6,0.22895808,5.2262416
431,2,21026592,0.98415535,0.03267688,0.00941179,0.0,0.00535191,0.7592164,0.0,0.19334301,44837,7,0.07095694,5.2257361
431,3,21026593,0.97301102,0.05217149,0.0046067,0.0,0.0111903,0.81404543,0.0,0.11798609,50397,6,0.23220113,5.2267369
431,4,21026594,0.9771637,0.04017003,0.00333458,0.0,0.01002755,0.82881391,0.0,0.11765392,48005,6,0.10881025,5.2173591
431,5,21026595,0.96233562,0.09132787,0.00999031,0.0,0.01499025,0.84721237,0.0,0.03647919,54724,6,0.10809118,5.2257448
431,6,21026596,0.97640403,0.04580831,0.0023916,0.0,0.00933229,0.75210137,0.0,0.19036642,44357,6,0.1159793,5.2257448
431,7,21026597,0.98589356,0.02513893,0.00243702,0.0,0.00414463,0.82326075,0.0,0.14501867,9869,6,0.18027111,5.215901
431,8,21026598,0.98509556,0.0243087,0.00326505,0.0,0.00655213,0.74581674,0.0,0.22005737,50845,6,0.08913378,5.2267369
431,9,21026599,0.97619846,0.04863302,0.01412458,0.0,0.01132561,0.70953475,0.0,0.21638205,23460,6,0.07312876,5.2166397
431,10,21026600,0.97929015,0.03846649,0.02841491,0.0,0.0138409,0.78192612,0.0,0.13735157,53499,6,0.16584766,5.2267379
432,1,21026621,0.09556053,0.29417173,0.02429252,0.0,0.14986665,0.0,0.51181454,0.01985456,24199,7,0.01985446,0.987192
432,2,21026622,0.10651901,0.28163202,0.02275937,0.0,0.14404117,0.0,0.51990072,0.03166672,23183,7,0.01946702,0.9901721
432,3,21026623,0.11335364,0.28427723,0.02217647,0.0,0.15519207,0.0,0.49849305,0.03986118,23175,7,0.02890492,0.989435
432,4,21026624,0.14686795,0.27358345,0.02304535,0.0,0.13865499,0.0,0.48968967,0.07502655,23183,7,0.04435409,0.9901721
432,5,21026625,0.10619051,0.27697634,0.02542333,0.0,0.15001207,0.0,0.5155789,0.03200936,20103,7,0.01776305,0.9864589
432,6,21026626,0.18279588,0.26243507,0.02150364,0.0,0.12139068,0.0,0.47610694,0.11856367,20111,7,0.05895639,0.9874364
432,7,21026627,0.15246137,0.25675665,0.02142385,0.0,0.14647093,0.0,0.4896412,0.08570738,20103,7,0.03956073,0.9864589
432,8,21026628,0.24019621,0.24166671,0.01923061,0.0,0.1309575,0.0,0.42941204,0.17873314,23183,7,0.0961609,0.9901721
432,9,21026629,0.17580702,0.26786294,0.02303133,0.0,0.14840121,0.0,0.45708049,0.10362403,23175,7,0.05656227,0.989435
432,10,21026630,0.19773211,0.25492809,0.02190245,0.0,0.13027641,0.0,0.46168292,0.13121014,19079,7,0.05700145,0.9886992
433,1,21026651,0.98355072,0.00211465,0.00681822,0.0,0.00065046,0.34841656,0.0,0.64200011,60855,6,0.07175703,0.9903251
433,2,21026652,0.9851625,0.00177796,0.00924239,0.0,2.252e-05,0.32236615,0.0,0.66659097,58751,7,0.03064478,0.9913125
433,3,21026653,0.98419988,0.00198342,0.00771095,0.0,4.286e-05,0.41448875,0.0,0.57577402,62573,6,0.04098765,0.9893022
433,4,21026654,0.98359398,0.00250934,0.00740424,0.0,0.00018138,0.2669455,0.0,0.72295954,54775,7,0.03015929,0.9910625
433,5,21026655,0.98335695,0.00153081,0.01199157,0.0,0.00018271,0.40701371,0.0,0.5792812,36223,7,0.03229877,0.9913125
433,6,21026656,0.98404746,0.00183324,0.00619355,0.0,3.672e-05,0.34055601,0.0,0.65138049,60319,7,0.02837927,0.9870078
433,7,21026657,0.98490447,0.0015156,0.0045525,0.0,9.138e-05,0.38699503,0.0,0.60684549,40351,6,0.03051985,0.9913055
433,8,21026658,0.98325967,0.00344043,0.00594307,0.0,0.00051651,0.34074549,0.0,0.64935449,52543,6,0.03290899,0.9864996
433,9,21026659,0.9838853,0.00270888,0.00532594,0.0,0.00035132,0.2933897,0.0,0.69822416,6135,7,0.04241533,0.9910698
433,10,21026660,0.98461852,0.00177891,0.00499267,0.0,7.626e-05,0.2753766,0.0,0.71777556,63487,7,0.02813134,0.9913221
434,1,21026681,0.99112571,0.01619687,0.01899329,0.0,0.00067749,0.95693209,0.0,0.00720026,48340,6,0.20392417,6.8322226
434,2,21026682,0.99522591,0.00020748,3.84e-06,0.0,1.152e-05,0.99977699,0.0,1.7e-07,50371,6,0.19364244,6.8310712
434,3,21026683,0.99543733,0.00021157,3.86e-06,0.0,9.1e-06,0.99977527,0.0,2e-07,46291,6,0.25182068,6.8445257
434,4,21026684,0.99374692,0.00753353,0.01254535,0.0,1.378e-05,0.9799042,0.0,3.14e-06,15444,6,0.20812169,6.8440286
434,5,21026685,0.99566679,0.0002188,3.84e-06,0.0,9.77e-06,0.99976734,0.0,2.5e-07,48221,6,0.33583638,6.8452702
434,6,21026686,0.99487714,0.00019308,3.39e-06,0.0,5.88e-06,0.9997975,0.0,1.5e-07,11483,6,0.32749317,6.8322226
434,7,21026687,0.99517212,0.00022684,4.05e-06,0.0,1.221e-05,0.99975668,0.0,2.1e-07,54730,6,0.133555,6.8446085
434,8,21026688,0.99566332,0.00019989,3.79e-06,0.0,8.81e-06,0.99978734,0.0,1.7e-07,9674,6,0.20063031,6.8432851
434,9,21026689,0.99021345,0.02172313,0.00122853,0.0,0.00065355,0.97581694,0.0,0.00057786,46292,6,0.25332602,6.8442772
434,10,21026690,0.99589933,0.00022177,3.97e-06,0.0,1.016e-05,0.99976391,0.0,1.9e-07,48221,6,0.27681475,6.8452702
435,1,21026711,0.98090872,0.00014663,0.0,2.241e-05,4.87e-06,0.99982419,1.66e-06,2.5e-07,34825,6,0.1429792,0.9838511
435,2,21026712,0.9785051,0.00014891,0.0,2.225e-05,4.96e-06,0.99982216,1.67e-06,5e-08,61967,6,0.04255855,0.979875
435,3,21026713,0.97798921,0.00015154,0.0,2.213e-05,5.65e-06,0.99981608,1.69e-06,2.91e-06,32779,6,0.08323923,0.9838991
435,4,21026714,0.97964897,0.00016869,0.0,2.241e-05,6.34e-06,0.9998008,1.67e-06,9e-08,37929,6,0.05574364,0.9839021
435,5,21026715,0.97775438,0.00015982,0.0,2.258e-05,5.44e-06,0.99981045,1.67e-06,4e-08,39199,6,0.0593234,0.9878761
435,6,21026716,0.65047598,0.00010565,0.0,0.99987676,4.02e-06,1.186e-05,1.7e-06,1e-08,61514,2,0.13928803,0.6545407
435,7,21026717,0.6463406,0.00010397,0.0,0.99987848,3.79e-06,1.197e-05,1.77e-06,2e-08,28938,2,0.16742797,0.6468594
435,8,21026718,0.98011161,0.00014736,0.0,2.254e-05,5.92e-06,0.99982249,1.66e-06,3e-08,33485,6,0.07425336,0.983839
435,9,21026719,0.98010518,0.00014552,0.0,2.23e-05,4.86e-06,0.99982565,1.64e-06,3e-08,33801,6,0.16931955,0.9838871
435,10,21026720,0.97979134,0.00016336,0.0,2.256e-05,6.06e-06,0.99980611,1.67e-06,2.5e-07,60729,6,0.05215042,0.9838691
436,1,21026741,0.91984532,0.08261681,0.01229448,0.0,0.0904458,0.0,0.04028194,0.77436098,16173,7,0.16056472,2.2955672
436,2,21026742,0.92702065,0.07946068,0.01027775,0.0,0.07532429,0.0,0.03521441,0.79972287,49037,7,0.10998905,2.2935098
436,3,21026743,0.93066153,0.07401479,0.0099059,0.0,0.10247448,0.0,0.02581324,0.78779159,49029,7,0.14284832,2.2925156
436,4,21026744,0.90857115,0.09453878,0.01966808,0.0,0.10781501,0.0,0.04650131,0.73147683,44845,7,0.10361545,2.2960624
436,5,21026745,0.91490467,0.09716264,0.01315775,0.0,0.09258431,0.0,0.03945847,0.75763683,16301,7,0.13795285,2.2930074
436,6,21026746,0.8813183,0.11837451,0.01892385,0.0,0.14268721,0.0,0.05841374,0.66160069,48909,7,0.08607991,2.296066
436,7,21026747,0.92135824,0.09043987,0.01936999,0.0,0.09345756,0.0,0.03217496,0.76455762,16293,7,0.130451,2.2922607
436,8,21026748,0.924467,0.07843754,0.01035339,0.0,0.08164346,0.0,0.03858998,0.79097564,11821,7,0.0919107,2.2910123
436,9,21026749,0.92945122,0.07119917,0.0131501,0.0,0.09055247,0.0,0.03134119,0.79375707,44941,7,0.11815207,2.2935078
436,10,21026750,0.89464332,0.11609768,0.02385109,0.0,0.1146593,0.0,0.05044574,0.69494618,16261,7,0.13468469,2.2922663
437,1,21026771,0.91322681,0.11287672,0.02790931,0.0,0.05091855,0.12593659,0.01112109,0.67123775,23308,7,0.08154693,3.4569276
437,2,21026772,0.93202424,0.08887281,0.01655943,0.0,0.03991982,0.17314787,0.00698603,0.67451405,19341,7,0.12124631,3.451557
437,3,21026773,0.90849713,0.11555757,0.02357703,0.0,0.0570683,0.24953247,0.01190556,0.54235908,23300,7,0.12182183,3.4566789
437,4,21026774,0.90078259,0.12983142,0.03782624,0.0,0.06810445,0.14109827,0.01196788,0.61117174,24075,7,0.09379836,3.4510785
437,5,21026775,0.89310916,0.14121496,0.06608353,0.0,0.07173213,0.22009199,0.01247902,0.48839837,18955,7,0.09031583,3.4505766
437,6,21026776,0.93611855,0.08031915,0.06287675,0.0,0.03410601,0.09932599,0.00997262,0.71339946,19970,7,0.19294194,3.449125
437,7,21026777,0.91747622,0.10466814,0.02500758,0.0,0.04970547,0.2797885,0.01185828,0.52897204,24324,7,0.07490993,3.4566855
437,8,21026778,0.93141381,0.09211291,0.01692866,0.0,0.04740584,0.24529802,0.00683882,0.59141575,24323,7,0.11974307,3.4569341
437,9,21026779,0.92811979,0.09523152,0.02107096,0.0,0.04274176,0.15697628,0.00869036,0.67528912,24330,7,0.11314939,3.4569341
437,10,21026780,0.92519417,0.09283863,0.02355707,0.0,0.05107967,0.1898991,0.00599447,0.63663105,19339,7,0.2303436,3.451557
438,1,21026801,0.97898391,0.00016351,0.0,2.241e-05,1.671e-05,0.6460262,0.0,0.35377117,59737,6,0.08091995,0.9824471
438,2,21026802,0.97869128,0.00016525,0.0,2.242e-05,1.644e-05,0.68972838,0.0,0.31006752,31129,6,0.05887,0.984541
438,3,21026803,0.97835733,0.00014263,0.0,2.248e-05,1.269e-05,0.79784196,0.0,0.20198024,7097,6,0.08791033,0.9701916
438,4,21026804,0.97926813,0.00017095,0.0,2.244e-05,1.648e-05,0.57655541,0.0,0.42323472,62873,6,0.05330836,0.9844752
438,5,21026805,0.97875765,0.00017955,0.0,2.246e-05,1.776e-05,0.49805871,0.0,0.50172153,40937,6,0.03673217,0.9712108
438,6,21026806,0.97884606,0.00016588,0.0,2.245e-05,1.998e-05,0.63674763,0.0,0.36304407,64683,6,0.06821341,0.9844979
438,7,21026807,0.97877737,0.00018086,0.0,2.252e-05,1.737e-05,0.58879899,0.0,0.41098026,63051,6,0.04022812,0.9844978
438,8,21026808,0.97930598,0.0001864,0.0,2.242e-05,2.127e-05,0.46579592,0.0,0.53397398,36351,7,0.03623542,0.9865176
438,9,21026809,0.97825195,0.00015151,0.0,2.247e-05,1.417e-05,0.70144108,0.0,0.29837078,29689,6,0.08310385,0.964557
438,10,21026810,0.97987726,0.00018277,0.0,2.254e-05,1.856e-05,0.45345487,0.0,0.54632125,40319,7,0.05068667,0.9865186
439,1,21026831,0.97689605,0.06333099,0.0353713,0.0,0.00242668,0.86080855,0.0,0.03806249,11020,6,0.12726278,6.7323867
439,2,21026832,0.99377751,0.00505584,0.00053253,0.0,0.00020989,0.99419678,0.0,4.96e-06,54477,6,0.19570614,6.7220137
439,3,21026833,0.99448497,0.00383935,0.00160876,0.0,0.00021524,0.9760615,0.0,0.01827515,42645,6,0.13075221,6.7333921
439,4,21026834,0.99200639,0.01611902,0.0038173,0.0,0.00087988,0.97542263,0.0,0.00376117,17629,6,0.161347,6.7333921
439,5,21026835,0.96896675,0.08348904,0.03239873,0.0,0.00567289,0.8251762,0.0,0.05326314,23876,6,0.21333543,6.7331436
439,6,21026836,0.9864435,0.03178297,0.01491311,0.0,0.00013296,0.8251666,0.0,0.12800436,54731,6,0.16297885,6.7343852
439,7,21026837,0.97700089,0.06297721,0.02341214,0.0,0.00061052,0.91299968,0.0,4.5e-07,46530,6,0.2073696,6.7333921
439,8,21026838,0.99568124,0.00021167,3.88e-06,0.0,8.57e-06,0.9997757,0.0,1.8e-07,19549,6,0.34171025,6.7333921
439,9,21026839,0.99511827,0.00020882,3.65e-06,0.0,1.269e-05,0.99977464,0.0,2e-07,15581,6,0.19105447,6.7225693
439,10,21026840,0.9832572,0.04054329,0.00792005,0.0,0.00274709,0.88833138,0.0,0.0604582,55547,6,0.2463114,6.7230754
440,1,21026861,0.36834087,0.09778646,0.01074393,0.25341046,0.0461924,0.25141621,0.31682924,0.0236213,24390,2,0.09333184,0.4895485
440,2,21026862,0.44328851,0.0916982,0.00924473,0.24780951,0.04465701,0.3124341,0.25480345,0.03935299,23369,6,0.07399184,0.9841882
440,3,21026863,0.42628804,0.0660782,0.00730357,0.3779253,0.03184782,0.1766777,0.27263748,0.06752994,23118,2,0.06850172,0.6493091
440,4,21026864,0.35650874,0.09170494,0.01090625,0.24144109,0.03367749,0.25732967,0.33248627,0.0324543,23113,6,0.06170317,0.9744736
440,5,21026865,0.31015725,0.10493121,0.01231724,0.278431,0.04582908,0.19906619,0.35936552,5.975e-05,23361,2,0.09324995,0.4886715
440,6,21026866,0.38755152,0.08196037,0.01044559,0.27781574,0.038187,0.25119473,0.33135721,0.00903936,8014,2,0.06741618,0.6540851
440,7,21026867,0.45779282,0.08263563,0.009946,0.17345442,0.03075366,0.35980503,0.32239224,0.02101303,22919,6,0.04801132,0.9757
440,8,21026868,0.36803065,0.09009186,0.01054613,0.30118979,0.03642542,0.22371292,0.32937481,0.00865908,24136,2,0.05415979,0.648667
440,9,21026869,0.40116484,0.09157404,0.01001747,0.2108221,0.03772284,0.34467475,0.3034527,0.0017361,19599,6,0.06461483,0.9827296
440,10,21026870,0.47022884,0.05858054,0.0073114,0.26905685,0.0251572,0.36827715,0.27056272,0.00105415,18567,6,0.07660253,0.9817621
441,1,21026891,0.98804142,0.00460277,0.01374257,0.0,0.00037583,0.22493995,0.0,0.75633889,49119,7,0.03189089,0.9951016
441,2,21026892,0.9894315,0.00263673,0.01999191,0.0,0.00014577,0.21196708,0.0,0.76525851,19447,7,0.03541575,0.9921726
441,3,21026893,0.98835055,0.0041899,0.01631623,0.0,0.00089587,0.1749406,0.0,0.80365739,13695,7,0.0371702,0.9950937
441,4,21026894,0.98953528,0.00316335,0.02310208,0.0,0.00059556,0.21163017,0.0,0.76150883,56191,7,0.03655825,0.9926689
441,5,21026895,0.98826324,0.00423857,0.01572798,0.0,0.00021041,0.25647991,0.0,0.72334313,55263,7,0.03580422,0.9951015
441,6,21026896,0.98718429,0.00481848,0.01615525,0.0,0.00086426,0.21581905,0.0,0.76234295,47031,6,0.02383156,0.9924186
441,7,21026897,0.98827883,0.0039663,0.01361544,0.0,0.00056301,0.2244556,0.0,0.75739965,60703,6,0.0246638,0.9950965
441,8,21026898,0.98839778,0.00426333,0.0250164,0.0,0.00029266,0.16608838,0.0,0.80433924,42879,7,0.03948069,0.9951003
441,9,21026899,0.99045975,0.00191513,0.00858832,0.0,0.00018111,0.22207249,0.0,0.76724295,23927,7,0.02768504,0.9948502
441,10,21026900,0.98973076,0.00230939,0.00880179,0.0,0.0004529,0.21180549,0.0,0.77663043,44535,7,0.02968229,0.9947694
442,1,21026921,0.98942079,0.0162771,0.00196948,0.0,0.00210193,0.92072214,0.0,0.05892936,23340,6,0.07148108,6.3842016
442,2,21026922,0.98999198,0.01321953,0.00858919,0.0,0.00142042,0.95727414,0.0,0.01949672,56643,6,0.19088482,6.3844501
442,3,21026923,0.94062199,0.1190585,0.00316746,0.0,0.00138118,0.80063932,0.0,0.07575354,52301,6,0.11874425,6.373515
442,4,21026924,0.99034636,0.01682274,0.00869128,0.0,0.0014661,0.96227199,0.0,0.01074789,23077,6,0.12816781,6.3718248
442,5,21026925,0.99382035,0.00402682,0.0015954,0.0,0.00084572,0.99342849,0.0,0.00010357,54932,6,0.22720944,6.3842016
442,6,21026926,0.94433126,0.10267907,0.00924829,0.0,0.00743905,0.76662099,0.0,0.1140126,8420,6,0.10577474,6.3706191
442,7,21026927,0.95557522,0.0886516,0.00700714,0.0,0.00485665,0.85399394,0.0,0.04549066,18074,6,0.14190958,6.3832095
442,8,21026928,0.95062738,0.11756629,0.00313449,0.0,0.00335639,0.68834799,0.0,0.18759484,22170,6,0.11639259,6.3842016
442,9,21026929,0.9820778,0.02786456,0.00147004,0.0,0.00262702,0.78919376,0.0,0.17884461,8932,6,0.33361506,6.3705708
442,10,21026930,0.96520401,0.06970635,0.00553403,0.0,0.00522763,0.76374736,0.0,0.15578463,52293,6,0.12154897,6.3719054
443,1,21026951,0.97645315,0.00016066,0.0,2.104e-05,6.13e-06,0.99981061,1.55e-06,2e-08,60857,6,0.08169354,0.981436
443,2,21026952,0.97520811,0.00015596,0.0,2.085e-05,6.02e-06,0.99981553,1.56e-06,8e-08,25167,6,0.07826526,0.982921
443,3,21026953,0.97615125,0.00017162,0.0,2.102e-05,6.37e-06,0.99979895,1.54e-06,5.2e-07,61469,6,0.03635684,0.9689493
443,4,21026954,0.97676229,0.00017033,0.0,2.091e-05,6.66e-06,0.99980044,1.55e-06,1e-07,35097,6,0.10824046,0.9813762
443,5,21026955,0.97708152,0.00017883,0.0,2.106e-05,7.01e-06,0.99979146,1.56e-06,8e-08,27215,6,0.03267687,0.9828899
443,6,21026956,0.97560058,0.00017348,0.0,2.108e-05,7.65e-06,0.99979622,1.5e-06,7e-08,38127,6,0.07125944,0.9813787
443,7,21026957,0.64779573,0.00010042,0.0,0.99988264,3.57e-06,1.181e-05,1.55e-06,1e-08,62474,2,0.17004488,0.6520651
443,8,21026958,0.6444887,9.275e-05,0.0,0.99989073,3.16e-06,1.179e-05,1.57e-06,1e-08,37450,2,0.32843728,0.6507378
443,9,21026959,0.97706932,0.00015539,0.0,2.115e-05,5.42e-06,0.9998163,1.55e-06,1.8e-07,35977,6,0.06917368,0.9814116
443,10,21026960,0.97730263,0.00015372,0.0,2.098e-05,5.66e-06,0.99981785,1.57e-06,2.2e-07,37007,6,0.08488246,0.9813692
444,1,21026981,0.96904434,0.04454746,0.04706604,0.0,0.02005094,0.68748725,0.00509723,0.19575108,48797,6,0.09802833,4.5864385
444,2,21026982,0.96179234,0.06490119,0.0264931,0.0,0.02262627,0.65801764,0.00644565,0.22151616,43941,6,0.14676269,4.5851
444,3,21026983,0.95114851,0.08271357,0.06201424,0.0,0.03034022,0.53401811,0.00788622,0.28302764,44565,6,0.10394786,4.592533
444,4,21026984,0.95939697,0.05999803,0.03967548,0.0,0.02840572,0.52602654,0.00628029,0.33961394,48661,6,0.0898798,4.5927815
444,5,21026985,0.97258872,0.04295164,0.02470625,0.0,0.02467095,0.4507739,0.00143066,0.45546661,16301,7,0.14529942,4.5859225
444,6,21026986,0.95162121,0.0865564,0.03320901,0.0,0.02743624,0.58081265,0.00765782,0.26432788,51973,6,0.11962624,4.5925242
444,7,21026987,0.95140544,0.0688142,0.1267613,0.0,0.03122814,0.58640145,0.00968279,0.17711213,44693,6,0.07699796,4.5851
444,8,21026988,0.97838094,0.03450269,0.02694855,0.0,0.01527226,0.45484109,0.00181624,0.46661918,44589,7,0.07323956,4.5853708
444,9,21026989,0.97382476,0.04216819,0.01509418,0.0,0.01351567,0.34595491,0.00519938,0.57806767,24365,7,0.09317497,4.5930226
444,10,21026990,0.95070909,0.08140742,0.10795633,0.0,0.03876976,0.54770008,0.00829098,0.21587543,48661,6,0.07295677,4.5927815
445,1,21027011,0.8864245,0.09141866,0.00591468,0.0,0.05932378,0.0,0.03799482,0.80534806,24323,7,0.16621954,1.3000258
445,2,21027012,0.89762991,0.08710951,0.0062404,0.0,0.04899372,0.0,0.03002056,0.82763581,19213,7,0.15011722,1.3000237
445,3,21027013,0.8831589,0.09439705,0.00620746,0.0,0.04735515,0.0,0.04327308,0.80876726,19212,7,0.08986497,1.2990311
445,4,21027014,0.92158662,0.068693,0.00613158,0.0,0.03917634,0.0,0.02248903,0.86351005,20355,7,0.13228922,1.2984421
445,5,21027015,0.89132584,0.09166013,0.00606142,0.0,0.05896275,0.0,0.03248741,0.81082829,24330,7,0.10141845,1.3000258
445,6,21027016,0.90219183,0.07982845,0.006669,0.0,0.04211898,0.0,0.02871584,0.84266773,20227,7,0.13606301,1.299529
445,7,21027017,0.89043809,0.08909747,0.00615786,0.0,0.05090255,0.0,0.03459034,0.81925178,23051,7,0.09613914,1.2984369
445,8,21027018,0.86836669,0.10954466,0.00779786,0.0,0.07074642,0.0,0.04344355,0.76846752,20355,7,0.07088094,1.2984421
445,9,21027019,0.89348443,0.08955333,0.00720884,0.0,0.04466988,0.0,0.03488704,0.82368091,24325,7,0.142554,1.3000258
445,10,21027020,0.89312973,0.09507646,0.00772893,0.0,0.05004594,0.0,0.03042117,0.8167275,19970,7,0.08969099,1.2964707
446,1,21027041,0.98186666,0.00015802,0.0,1.532e-05,1.352e-05,0.73225408,0.0,0.26755907,8025,6,0.06546293,0.9862405
446,2,21027042,0.98176716,0.00019374,0.0,1.507e-05,2.239e-05,0.37196055,0.0,0.62780824,27967,6,0.03246089,0.9877636
446,3,21027043,0.98126251,0.00018914,0.0,1.516e-05,1.971e-05,0.46683805,0.0,0.53293794,30649,6,0.05064638,0.980432
446,4,21027044,0.98151307,0.00018157,0.0,1.52e-05,1.829e-05,0.61071742,0.0,0.38906752,62777,6,0.05631509,0.9862805
446,5,21027045,0.98073578,0.00018273,0.0,1.512e-05,1.836e-05,0.51480907,0.0,0.48497471,28151,7,0.0233023,0.9877586
446,6,21027046,0.98192783,0.00019321,0.0,1.51e-05,2.006e-05,0.49615513,0.0,0.50361649,32767,7,0.03441089,0.9882705
446,7,21027047,0.9829914,0.00017546,0.0,1.533e-05,1.804e-05,0.57624883,0.0,0.42354234,32185,6,0.10556581,0.9862795
446,8,21027048,0.98027917,0.00017201,0.0,1.524e-05,1.487e-05,0.64221279,0.0,0.35758508,30681,6,0.05944012,0.9862214
446,9,21027049,0.98176793,0.00017234,0.0,1.528e-05,1.759e-05,0.4877325,0.0,0.5120623,64825,6,0.09087185,0.9862572
446,10,21027050,0.98167098,0.00018833,0.0,1.521e-05,2.032e-05,0.44217495,0.0,0.55760119,47031,6,0.04344548,0.9821767
447,1,21027071,0.99414134,0.00080629,0.99911417,0.0,7.536e-05,3.92e-06,0.0,2.6e-07,55396,4,0.50227243,7.624821
447,2,21027072,0.99457413,0.00078472,0.59733327,0.0,4.317e-05,0.40183776,0.0,1.08e-06,22628,4,0.30883378,7.6243405
447,3,21027073,0.99399954,0.00072297,0.99922451,0.0,4.865e-05,3.75e-06,0.0,1.2e-07,8354,4,0.57061858,7.6233512
447,4,21027074,0.99476554,0.00086583,0.49595663,0.0,4.022e-05,0.50313601,0.0,1.31e-06,9877,6,0.15531586,7.6389428
447,5,21027075,0.99454638,0.00088842,0.35426084,0.0,4.335e-05,0.60051141,0.0,0.04429597,8868,6,0.26760724,7.6233813
447,6,21027076,0.99453047,0.00074044,0.71030737,0.0,1.117e-05,0.28578349,0.0,0.00315753,47203,4,0.68076553,7.6250616
447,7,21027077,0.99500745,0.00082878,0.58575746,0.0,4.078e-05,0.35370884,0.0,0.05966414,47204,4,0.1831825,7.624821
447,8,21027078,0.99470614,0.00115501,0.74031404,0.0,5.384e-05,0.25847552,0.0,1.6e-06,8930,4,0.36828387,7.6233232
447,9,21027079,0.9940074,0.00062666,0.99933062,0.0,3.919e-05,3.41e-06,0.0,1.2e-07,8354,4,0.9993151,7.6233512
447,10,21027080,0.99527478,0.00102005,0.68345502,0.0,4.888e-05,0.27902112,0.0,0.03645493,47469,4,0.32029192,7.6404326
448,1,21027101,0.84765938,0.02860614,0.0,0.08378949,0.00736274,0.83353118,0.04671031,1.5e-07,33177,6,0.06894952,0.9845878
448,2,21027102,0.89247873,0.01610283,0.0,0.1145792,0.00240178,0.8387111,0.02605218,0.0021529,36939,6,0.11477891,0.9846146
448,3,21027103,0.84723174,0.01994109,0.0,0.12971433,0.00518246,0.79548299,0.04620544,0.00347368,32971,6,0.03891747,0.9845684
448,4,21027104,0.88858649,0.02529208,0.0,0.05908164,0.00332672,0.88378922,0.02506605,0.00344429,32971,6,0.06257244,0.9845684
448,5,21027105,0.87634272,0.02331375,0.0,0.07396161,0.0027118,0.86069339,0.03931933,1.2e-07,34825,6,0.13986293,0.9845798
448,6,21027106,0.87283551,0.02297558,0.0,0.07465507,0.00664052,0.85883592,0.03689282,8e-08,32909,6,0.12276355,0.9845798
448,7,21027107,0.91984544,0.01774212,0.0,0.02255228,0.00493943,0.92887525,0.02512309,0.00076784,36877,6,0.10344386,0.984626
448,8,21027108,0.83776726,0.02748565,0.0,0.10882953,0.00644201,0.80623683,0.05009118,0.00091479,36937,6,0.04948625,0.9846147
448,9,21027109,0.86954507,0.02643674,0.0,0.09061913,0.00575088,0.82622748,0.03893287,0.0120329,38027,6,0.05977808,0.9845243
448,10,21027110,0.86589345,0.02694999,0.0,0.05193285,0.00978097,0.86517092,0.04616514,1.4e-07,36879,6,0.08023945,0.984626
449,1,21027131,0.99671134,0.01098459,0.01844689,0.0,0.02984421,0.0,0.0,0.94072431,23935,7,0.04264836,0.9998886
449,2,21027132,0.9965768,0.01231124,0.02482037,0.0,0.02295175,0.0,0.0,0.93991665,52575,7,0.02602654,0.9996654
449,3,21027133,0.9964251,0.0128954,0.02620266,0.0,0.02697543,0.0,0.0,0.93392651,15743,7,0.03418534,0.9998886
449,4,21027134,0.99599914,0.01057814,0.02773894,0.0,0.04325152,0.0,0.0,0.9184314,40439,7,0.02576782,0.9996388
449,5,21027135,0.99660007,0.0121696,0.03033682,0.0,0.02246274,0.0,0.0,0.93503084,32767,7,0.03169917,0.9998888
449,6,21027136,0.99652304,0.0123273,0.02534645,0.0,0.01710775,0.0,0.0,0.9452185,32127,7,0.03289553,0.9998886
449,7,21027137,0.99673591,0.01282111,0.0224561,0.0,0.02105872,0.0,0.0,0.94366408,32767,7,0.03323947,0.9998888
449,8,21027138,0.99655067,0.01119423,0.02431468,0.0,0.03068774,0.0,0.0,0.93380334,36855,7,0.02822939,0.999556
449,9,21027139,0.99676476,0.00998591,0.0262872,0.0,0.02877444,0.0,0.0,0.93495245,30719,7,0.04708515,0.9998888
449,10,21027140,0.99551239,0.01543115,0.02223888,0.0,0.04532641,0.0,0.0,0.91700357,24575,7,0.02966704,0.9998888
450,1,21027161,0.96440393,0.05633227,0.0157439,0.0,0.0165308,0.65481976,0.0031141,0.25345918,18987,6,0.09442114,5.1003815
450,2,21027162,0.97856692,0.02996586,0.02239668,0.0,0.01515783,0.73532891,0.00125374,0.19589699,23341,6,0.08815828,5.1104932
450,3,21027163,0.96089724,0.07650439,0.03123294,0.0,0.01331807,0.67201765,0.00269171,0.20423524,18050,6,0.12410324,5.098927
450,4,21027164,0.95718597,0.06111981,0.02526599,0.0,0.01798665,0.55950916,0.00465304,0.33146535,51715,6,0.14625255,5.1002005
450,5,21027165,0.970001,0.04588528,0.00573025,0.0,0.01639569,0.44241934,0.00251789,0.48705156,20227,7,0.13179094,5.1094997
450,6,21027166,0.95786843,0.06154721,0.03221959,0.0,0.01802558,0.42439517,0.00619199,0.45762046,19202,7,0.12682749,5.1089932
450,7,21027167,0.94933814,0.08819594,0.0219027,0.0,0.03263142,0.48380391,0.00371086,0.36975517,22410,6,0.09501119,5.1099964
450,8,21027168,0.96195618,0.05932044,0.03793328,0.0,0.02336688,0.62381303,0.00394217,0.2516242,18947,7,0.13049969,5.0993916
450,9,21027169,0.96558138,0.05146573,0.03762609,0.0,0.0164896,0.74501993,0.0016128,0.14778585,18315,6,0.19393471,5.1099964
450,10,21027170,0.96408885,0.05794977,0.02282353,0.0,0.01510783,0.71812125,0.00278639,0.18321125,19237,6,0.09175468,5.1094997
451,1,21027191,0.976522,0.00017025,0.0,2.24e-05,1.672e-05,0.65081946,0.0,0.34897118,61513,6,0.06025753,0.9823303
451,2,21027192,0.97697973,0.00016273,0.0,2.245e-05,1.489e-05,0.63340514,0.0,0.3663948,61161,6,0.05865297,0.9823369
451,3,21027193,0.97680405,0.00014356,0.0,2.239e-05,1.176e-05,0.81102044,0.0,0.18880185,36345,6,0.08862247,0.9803472
451,4,21027194,0.97588002,0.0001608,0.0,2.248e-05,1.403e-05,0.65940897,0.0,0.34039373,36089,6,0.08491001,0.9648825
451,5,21027195,0.97788572,0.00017991,0.0,2.249e-05,1.776e-05,0.50202049,0.0,0.49775936,31711,7,0.04328544,0.9843379
451,6,21027196,0.97644218,0.00015503,0.0,2.248e-05,1.342e-05,0.72113223,0.0,0.27867684,39257,6,0.12938853,0.982264
451,7,21027197,0.64538545,0.00010389,0.0,0.99988255,1.73e-06,9.45e-06,0.0,2.39e-06,31192,2,0.15211443,0.6515467
451,8,21027198,0.97589362,0.0001676,0.0,2.239e-05,1.618e-05,0.67755029,0.0,0.32224354,33977,6,0.04678938,0.9648362
451,9,21027199,0.97639989,0.00016273,0.0,2.237e-05,1.522e-05,0.61721753,0.0,0.38258214,37931,6,0.07156658,0.9803403
451,10,21027200,0.97647175,0.00015125,0.0,2.246e-05,1.384e-05,0.76378412,0.0,0.23602833,43481,6,0.06027893,0.9803121
452,1,21027221,0.91014148,0.18721503,0.00566253,0.0,0.00473771,0.80033724,0.0,0.00204749,50626,6,0.11424782,6.6810227
452,2,21027222,0.95095055,0.0972188,0.00412003,0.0,0.00943819,0.76047698,0.0,0.128746,52547,6,0.1218134,6.681354
452,3,21027223,0.96308629,0.09288339,0.01403129,0.0,0.00325574,0.85958277,0.0,0.03024681,44355,6,0.21272131,6.681354
452,4,21027224,0.9898244,0.00989906,0.00111994,0.0,0.00387658,0.96578012,0.0,0.0193243,50636,6,0.23250915,6.681354
452,5,21027225,0.98257152,0.0330077,0.00466627,0.0,0.00699316,0.88249321,0.0,0.07283965,13973,6,0.12115778,6.681354
452,6,21027226,0.98125088,0.03523335,0.00477479,0.0,0.00481295,0.76928308,0.0,0.18589584,42923,6,0.08458276,6.6711378
452,7,21027227,0.96821055,0.08532146,0.00691208,0.0,0.00609641,0.88212491,0.0,0.01954514,56645,6,0.15276263,6.6816026
452,8,21027228,0.9859053,0.02683308,0.00769848,0.0,0.00332483,0.92061794,0.0,0.04152567,21963,6,0.21141646,6.6818508
452,9,21027229,0.97482793,0.04650048,0.00964043,0.0,0.00940756,0.9344447,0.0,6.83e-06,21179,6,0.17267707,6.6818508
452,10,21027230,0.97460749,0.04042909,0.00200775,0.0,0.01074156,0.90348354,0.0,0.04333806,13981,6,0.1565531,6.6818508
453,1,21027251,0.0591667,0.1482455,0.02679362,0.01277908,0.0867555,0.0,0.69354903,0.03187727,24207,7,0.01987454,0.97913
453,2,21027252,0.03635437,0.14924031,0.02263693,0.01293644,0.09757736,0.0,0.71051797,0.007091,325,3,0.0140093,-0.0025312
453,3,21027253,0.05726057,0.13324043,0.02664848,0.01518575,0.08165941,0.0,0.71320041,0.03006551,20103,7,0.01166988,0.9776691
453,4,21027254,0.12248244,0.12840251,0.02197541,0.01014915,0.08029462,0.0,0.65985394,0.09932438,19079,7,0.03186806,0.982085
453,5,21027255,0.0959384,0.14826983,0.02474342,0.01369882,0.07849212,0.0,0.66885155,0.06594426,23175,7,0.02496325,0.9828185
453,6,21027256,0.08968466,0.15252208,0.01792303,0.01538574,0.08432596,0.0,0.66135065,0.06849255,19079,7,0.03528272,0.982085
453,7,21027257,0.12626618,0.13633009,0.01748348,0.02139385,0.07500324,0.0,0.64234635,0.10744299,23183,7,0.05501724,0.9835531
453,8,21027258,0.0695346,0.14387426,0.01951636,0.00861127,0.09613789,0.0,0.6851891,0.04667112,24207,7,0.02267668,0.97913
453,9,21027259,0.05388092,0.14627976,0.02235632,0.0158027,0.08251561,0.0,0.7043209,0.0287247,19079,7,0.0184134,0.982085
453,10,21027260,0.06375488,0.14021209,0.01768008,0.0198587,0.07240447,0.0,0.70447756,0.0453671,20103,7,0.02042822,0.9776691
454,1,21027281,0.98326286,0.00335128,0.02517311,0.0,0.001486,0.20477542,0.0,0.76521418,53087,7,0.03424097,0.9916171
454,2,21027282,0.98488303,0.00169061,0.0202158,0.0,9.037e-05,0.22226818,0.0,0.75573504,62967,7,0.04855526,0.9913662
454,3,21027283,0.98287853,0.00310512,0.01560122,0.0,0.00053691,0.270087,0.0,0.71066975,63487,7,0.06294821,0.9916265
454,4,21027284,0.98409199,0.00201492,0.01724184,0.0,0.00013066,0.23663684,0.0,0.74397575,46975,7,0.0287468,0.9916214
454,5,21027285,0.98497572,0.0028956,0.01121426,0.0,6.479e-05,0.21536535,0.0,0.77046,32639,7,0.04470353,0.9916265
454,6,21027286,0.98438388,0.00218152,0.01433503,0.0,7.184e-05,0.29828068,0.0,0.68513093,58607,6,0.03636718,0.9896146
454,7,21027287,0.98440955,0.002089,0.01364341,0.0,0.00019447,0.23564948,0.0,0.74842364,44535,7,0.03015292,0.9912861
454,8,21027288,0.98536933,0.00183489,0.01638113,0.0,0.00018131,0.29938136,0.0,0.6822213,23927,7,0.09702029,0.9913651
454,9,21027289,0.98398585,0.00253992,0.01347032,0.0,0.00032662,0.257575,0.0,0.72608814,54775,7,0.0405522,0.9913673
454,10,21027290,0.98373055,0.00354191,0.0147827,0.0,0.00024939,0.2494364,0.0,0.7319896,22399,7,0.06282587,0.991619
455,1,21027311,0.9843331,0.03013389,0.02172135,0.0,0.00249023,0.90853283,0.0,0.0371217,11789,6,0.0916432,7.7471357
455,2,21027312,0.99448853,0.00458216,0.00064853,0.0,0.00029846,0.99204259,0.0,0.00242825,15691,6,0.25112333,7.7624935
455,3,21027313,0.98572698,0.027198,0.00632428,0.0,6.526e-05,0.91938857,0.0,0.04702389,11931,6,0.13925651,7.7481267
455,4,21027314,0.98868028,0.01793453,0.00420599,0.0,0.00048303,0.91839008,0.0,0.05898638,8365,6,0.16360061,7.747106
455,5,21027315,0.99550794,0.00022058,3.88e-06,0.0,1.289e-05,0.99976243,0.0,2.1e-07,54731,6,0.15842891,7.7629897
455,6,21027316,0.99069206,0.01464727,0.01575581,0.0,0.00010137,0.96949354,0.0,2.01e-06,9869,6,0.13816544,7.7471357
455,7,21027317,0.98222764,0.03848669,0.00725347,0.0,0.00340042,0.90764087,0.0,0.04321855,9874,6,0.53926729,7.7610037
455,8,21027318,0.99010377,0.01690785,0.00994087,0.0,0.00060041,0.89366479,0.0,0.07888607,50836,6,0.13262987,7.7616653
455,9,21027319,0.99561152,0.00019439,3.74e-06,0.0,9.63e-06,0.99979206,0.0,1.8e-07,13523,6,0.47270752,7.7619967
455,10,21027320,0.99147276,0.0111631,0.00275737,0.0,0.00024182,0.93107557,0.0,0.05476214,13971,6,0.24025345,7.7619967
456,1,21027341,0.9758247,0.00014129,0.0,2.136e-05,5.62e-06,0.99983009,1.56e-06,7e-08,36877,6,0.13545258,0.9808436
456,2,21027342,0.97642141,0.00015698,0.0,2.132e-05,5.77e-06,0.99981427,1.6e-06,5e-08,32843,6,0.08910474,0.9808275
456,3,21027343,0.97638843,0.00015391,0.0,2.135e-05,6.3e-06,0.99981683,1.58e-06,4e-08,57487,6,0.08610569,0.9828025
456,4,21027344,0.97914554,0.00014952,0.0,2.126e-05,5.73e-06,0.99982186,1.6e-06,3e-08,59385,6,0.08049133,0.9807905
456,5,21027345,0.97762867,0.00014831,0.0,2.126e-05,6.11e-06,0.9998227,1.57e-06,6e-08,35021,6,0.08318364,0.9807674
456,6,21027346,0.97414932,0.00015325,0.0,2.125e-05,6.1e-06,0.99981639,1.59e-06,1.41e-06,35481,6,0.06601797,0.9583646
456,7,21027347,0.97797247,0.00015103,0.0,2.119e-05,5.24e-06,0.99877403,1.55e-06,0.00104696,33355,6,0.10527564,0.9808276
456,8,21027348,0.97553961,0.0001582,0.0,2.135e-05,6.12e-06,0.99981274,1.56e-06,3e-08,39497,6,0.06713057,0.9807935
456,9,21027349,0.97679033,0.00013965,0.0,2.107e-05,4.99e-06,0.9998327,1.58e-06,2e-08,38925,6,0.15299183,0.9807834
456,10,21027350,0.97510435,0.00014729,0.0,2.12e-05,5.19e-06,0.99982214,1.55e-06,2.63e-06,36457,6,0.09752451,0.9807825
457,1,21027371,0.91054288,0.11777015,0.08871466,0.0,0.10024458,0.0,0.01804947,0.67522114,12173,7,0.08073547,3.6132104
457,2,21027372,0.90753887,0.11904299,0.04623078,0.0,0.08394318,0.0,0.02459975,0.7261833,24493,7,0.0957347,3.6142002
457,3,21027373,0.90328115,0.12146941,0.05043704,0.0,0.08667258,0.0,0.02751503,0.71390595,15885,7,0.07487645,3.6127083
457,4,21027374,0.92256932,0.09868809,0.09148264,0.0,0.0731455,0.0,0.01956465,0.71711912,48933,7,0.2217318,3.6191277
457,5,21027375,0.92986683,0.09041408,0.0502549,0.0,0.07042181,0.0,0.01371135,0.77519785,49029,7,0.1375976,3.6137111
457,6,21027376,0.92533496,0.10445886,0.0474883,0.0,0.07362437,0.0,0.01377142,0.76065705,48941,7,0.0939637,3.6198724
457,7,21027377,0.88014897,0.15172594,0.07988374,0.0,0.1118015,0.0,0.03140365,0.62518517,57125,7,0.08690058,3.6191277
457,8,21027378,0.92306846,0.10461308,0.03967585,0.0,0.06859908,0.0,0.02172799,0.765384,12045,7,0.16918693,3.6188846
457,9,21027379,0.92950971,0.10329197,0.02010273,0.0,0.06970905,0.0,0.014283,0.79261325,49069,7,0.20126451,3.6147002
457,10,21027380,0.88973013,0.15213362,0.08534402,0.0,0.10875274,0.0,0.0269404,0.62682922,16165,7,0.06919385,3.6188791
458,1,21027401,0.92798469,0.08156323,0.03107029,0.0,0.04350674,0.0,0.00967934,0.83418039,24331,7,0.16031555,3.0571748
458,2,21027402,0.91886326,0.08070908,0.02638268,0.0,0.0520275,0.0,0.01532432,0.82555643,19973,7,0.17946206,3.0501471
458,3,21027403,0.90694421,0.10297951,0.03439182,0.0,0.05328156,0.0,0.01689596,0.79245115,19979,7,0.10957757,3.051125
458,4,21027404,0.87685822,0.13993906,0.02986518,0.0,0.08517352,0.0,0.01946974,0.72555249,23298,7,0.08643468,3.0564237
458,5,21027405,0.90472781,0.11054315,0.0297783,0.0,0.05732922,0.0,0.01637296,0.78597637,19211,7,0.13485531,3.0566725
458,6,21027406,0.90400667,0.1117648,0.02914288,0.0,0.05829044,0.0,0.01740149,0.78340038,19213,7,0.0901843,3.0566725
458,7,21027407,0.92939868,0.07782946,0.02043095,0.0,0.04381606,0.0,0.00907375,0.84884978,20364,7,0.10744757,3.0506173
458,8,21027408,0.90605039,0.1022884,0.0236525,0.0,0.0642078,0.0,0.01621305,0.79363826,24331,7,0.11925698,3.0571748
458,9,21027409,0.90019927,0.1118571,0.03881885,0.0,0.05956377,0.0,0.01538547,0.77437481,24325,7,0.06611888,3.056678
458,10,21027410,0.90217701,0.1136478,0.03493608,0.0,0.07414223,0.0,0.01329489,0.76397901,24331,7,0.12844504,3.0571748
459,1,21027431,0.97864854,0.00015143,0.0,2.233e-05,1.416e-05,0.68691646,0.0,0.31289563,58649,6,0.14546198,0.9810046
459,2,21027432,0.97944871,0.00012875,0.0,2.253e-05,1e-05,0.82203235,0.0,0.17780637,24569,6,0.1657753,0.9829937
459,3,21027433,0.97947077,0.0001594,0.0,2.252e-05,1.482e-05,0.66926222,0.0,0.33054104,13817,6,0.09557664,0.9829489
459,4,21027434,0.97725731,0.00016615,0.0,2.237e-05,1.71e-05,0.5616034,0.0,0.43819097,63351,7,0.03903034,0.984486
459,5,21027435,0.97846173,0.00017709,0.0,2.241e-05,1.95e-05,0.46468359,0.0,0.53509741,40831,7,0.04373159,0.9849847
459,6,21027436,0.97848959,0.00016295,0.0,2.245e-05,1.585e-05,0.64054841,0.0,0.35925034,65529,6,0.06865191,0.9829947
459,7,21027437,0.97701868,0.00017823,0.0,2.241e-05,1.763e-05,0.44280508,0.0,0.55697666,43871,7,0.03641665,0.9849518
459,8,21027438,0.97814974,0.00017175,0.0,2.238e-05,1.789e-05,0.49079058,0.0,0.5089974,64799,6,0.04448538,0.9849657
459,9,21027439,0.97944212,0.00017926,0.0,2.239e-05,1.88e-05,0.37993395,0.0,0.6198456,29567,7,0.05101593,0.9775252
459,10,21027440,0.9793802,0.00014534,0.0,2.232e-05,1.25e-05,0.69228098,0.0,0.30753887,37721,6,0.13380069,0.9829887
460,1,21027461,0.98209255,0.0643193,0.11625233,0.0,0.00170374,0.75851622,0.0,0.05920841,15877,6,0.09740407,8.2817804
460,2,21027462,0.98632246,0.04592806,0.04106785,0.0,0.00138047,0.78298846,0.0,0.12863517,11924,6,0.09805356,8.2814802
460,3,21027463,0.99513441,0.0002055,3.76e-06,0.0,9.54e-06,0.999781,0.0,2e-07,15683,6,0.17828758,8.297941
460,4,21027464,0.97615514,0.09475325,0.10262005,0.0,0.00260173,0.7414509,0.0,0.05857408,19788,6,0.25011533,8.296949
460,5,21027465,0.98314645,0.06002686,0.05876986,0.0,0.0007997,0.88040116,0.0,2.42e-06,49851,6,0.17019281,8.298933
460,6,21027466,0.98855243,0.03339544,0.02356637,0.0,0.00191389,0.9411232,0.0,1.1e-06,21964,6,0.19123241,8.297941
460,7,21027467,0.98696043,0.04372031,0.07723655,0.0,0.00177295,0.78645648,0.0,0.09081371,14212,6,0.14973787,8.2976924
460,8,21027468,0.99528337,0.00021537,3.75e-06,0.0,1.017e-05,0.9997705,0.0,2.2e-07,11725,6,0.19666659,8.2830109
460,9,21027469,0.99543597,0.00021603,3.72e-06,0.0,9.96e-06,0.99977012,0.0,1.8e-07,46530,6,0.18094438,8.297941
460,10,21027470,0.9887142,0.03152867,0.06615796,0.0,0.00245122,0.8781643,0.0,0.02169784,54925,6,0.15229097,8.2834584
461,1,21027491,0.48087109,0.05851399,0.00757777,0.43261924,0.02671466,0.27134484,0.20271857,0.00051093,23687,6,0.1295728,0.9763457
461,2,21027492,0.38825171,0.07575273,0.01356992,0.18106392,0.03045456,0.33649481,0.36266396,1e-07,18567,6,0.10132149,0.9756325
461,3,21027493,0.28986258,0.11358095,0.01597881,0.26392403,0.03920999,0.22565248,0.33683845,0.00481529,22727,6,0.04771723,0.9763457
461,4,21027494,0.42084277,0.0818469,0.01067265,0.2054427,0.03160853,0.35509454,0.3077362,0.00759849,6087,6,0.05972108,0.9788029
461,5,21027495,0.33083136,0.07495462,0.01026299,0.33560709,0.03290945,0.2420401,0.29434672,0.00987902,6977,2,0.05647228,0.4815651
461,6,21027496,0.32372334,0.11672365,0.01030714,0.31426211,0.0575481,0.19339415,0.29533697,0.01242788,24392,2,0.1279954,0.6479256
461,7,21027497,0.33712647,0.07801913,0.01247735,0.31360055,0.02699223,0.23741787,0.32066884,0.01082403,23361,2,0.06765176,0.482522
461,8,21027498,0.33606983,0.09140319,0.01148453,0.21467142,0.04050563,0.26391066,0.3571953,0.02082927,6984,2,0.02329263,0.6466295
461,9,21027499,0.32052604,0.10386776,0.01568579,0.30557259,0.03654488,0.21504863,0.31105726,0.01222309,8008,2,0.0368014,0.6472818
461,10,21027500,0.35469479,0.08739079,0.01461866,0.32306397,0.02667385,0.22950706,0.29795478,0.0207909,6977,2,0.06149035,0.4815651
462,1,21027521,0.98813176,0.0079361,0.03012434,0.0,0.0012242,0.03050182,0.0,0.93021353,15231,7,0.03149032,0.9946881
462,2,21027522,0.98862492,0.00721393,0.03827645,0.0,0.00103368,0.0409494,0.0,0.91252655,61311,7,0.02667097,0.9964537
462,3,21027523,0.99013781,0.00556289,0.02729148,0.0,0.00055428,0.00392645,0.0,0.96266491,49151,7,0.03646287,0.9964547
462,4,21027524,0.99026739,0.00512042,0.02291073,0.0,0.0013249,0.00564263,0.0,0.96500133,63487,7,0.03743556,0.9964547
462,5,21027525,0.9883799,0.00678315,0.03062978,0.0,0.00099692,0.04885117,0.0,0.91273899,8191,7,0.03740737,0.9964537
462,6,21027526,0.98682496,0.00892289,0.04929619,0.0,0.00118165,0.05938482,0.0,0.88121445,27639,7,0.02896371,0.9936983
462,7,21027527,0.9887471,0.00675267,0.02670462,0.0,0.00084945,0.04240362,0.0,0.92328964,26111,7,0.03790715,0.9959514
462,8,21027528,0.98908721,0.00642335,0.0229615,0.0,0.00081402,0.02165647,0.0,0.94814466,56831,7,0.04381489,0.9964512
462,9,21027529,0.9895984,0.00630079,0.04081422,0.0,0.00103485,0.0186954,0.0,0.93315474,36343,7,0.04300351,0.9961177
462,10,21027530,0.99030162,0.00515996,0.02470016,0.0,0.00024484,0.03296397,0.0,0.93693106,53119,7,0.02560019,0.9964537
463,1,21027551,0.98658344,0.01912463,0.0024043,0.0,0.00426212,0.74154418,0.0,0.23266478,23875,6,0.11821059,6.9731567
463,2,21027552,0.96876845,0.04794527,0.00219582,0.0,0.01004171,0.79390439,0.0,0.14591281,19533,6,0.10384084,6.9598561
463,3,21027553,0.97776064,0.02994054,0.00426222,0.0,0.0100454,0.71736228,0.0,0.23838956,21962,6,0.1038469,6.9731567
463,4,21027554,0.97826375,0.03493424,0.00473149,0.0,0.01119292,0.78460321,0.0,0.16453814,56100,6,0.08941388,6.9731567
463,5,21027555,0.96092558,0.07799036,0.00406153,0.0,0.0103118,0.76196499,0.0,0.14567132,20362,7,0.08616772,6.9593254
463,6,21027556,0.97839659,0.02687101,0.00293252,0.0,0.00822202,0.6917618,0.0,0.27021265,23628,6,0.1306441,6.9596959
463,7,21027557,0.98506111,0.01982542,0.00289881,0.0,0.00594506,0.84590472,0.0,0.125426,50634,6,0.11910462,6.9731567
463,8,21027558,0.97974114,0.0386765,0.00422174,0.0,0.00780817,0.94822713,0.0,0.00106646,8428,6,0.32364941,6.9584145
463,9,21027559,0.97647294,0.02766688,0.00286642,0.0,0.01244245,0.7783523,0.0,0.17867196,22146,6,0.11638563,6.9593743
463,10,21027560,0.97861996,0.03549678,0.00170682,0.0,0.00939549,0.88074683,0.0,0.07265407,8949,6,0.1673433,6.9726476
464,1,21027581,0.97410537,0.00015211,0.0,2.077e-05,5.28e-06,0.99982025,1.53e-06,7e-08,50617,6,0.19484094,0.9781634
464,2,21027582,0.97457317,0.00015311,0.0,2.075e-05,6.17e-06,0.9998183,1.56e-06,1.2e-07,23001,6,0.10582718,0.9801982
464,3,21027583,0.97369746,0.00017071,0.0,2.091e-05,6.4e-06,0.99980042,1.54e-06,2e-08,18911,6,0.03592733,0.9816912
464,4,21027584,0.97477459,0.00014444,0.0,2.073e-05,5.51e-06,0.99982765,1.54e-06,1.2e-07,57625,6,0.07219745,0.978283
464,5,21027585,0.97358252,0.00015293,0.0,2.096e-05,6.04e-06,0.99981772,1.54e-06,8e-07,33935,6,0.04737222,0.9781048
464,6,21027586,0.97344324,0.00015227,0.0,2.085e-05,5.55e-06,0.99981972,1.57e-06,4e-08,37517,6,0.04463436,0.9693667
464,7,21027587,0.97229924,0.00016653,0.0,2.082e-05,6.33e-06,0.99980433,1.53e-06,4.7e-07,39053,6,0.09933359,0.9781939
464,8,21027588,0.97617333,0.00015514,0.0,2.088e-05,5.87e-06,0.99981601,1.55e-06,5.5e-07,64823,6,0.09253548,0.980729
464,9,21027589,0.97488833,0.00016998,0.0,2.082e-05,6.19e-06,0.99979941,1.55e-06,2.05e-06,64953,6,0.05927676,0.9802582
464,10,21027590,0.97489799,0.00016924,0.0,2.092e-05,6.2e-06,0.99564801,1.51e-06,0.00415411,57353,6,0.08171495,0.9802532
465,1,21027611,0.97336415,0.04460707,0.02651938,0.0,0.00864913,0.63762104,0.00449116,0.27811222,12204,6,0.07519671,6.3234638
465,2,21027612,0.97118709,0.04702736,0.06739001,0.0,0.00894036,0.64211897,0.00491755,0.22960575,54933,6,0.06637485,6.3363027
465,3,21027613,0.97193592,0.04822483,0.01438828,0.0,0.01076306,0.73582479,0.00346072,0.18733832,19997,6,0.08205698,6.3360541
465,4,21027614,0.96672425,0.06082269,0.05902627,0.0,0.01550318,0.73839717,0.00507936,0.12117133,15117,6,0.06336901,6.3365388
465,5,21027615,0.97865548,0.03247634,0.02658009,0.0,0.00959201,0.70075167,0.00210057,0.22849932,57228,6,0.05892538,6.325511
465,6,21027616,0.94358449,0.10281376,0.03430194,0.0,0.03229317,0.47346504,0.00490326,0.35222282,16173,7,0.12607978,6.3365403
465,7,21027617,0.97534562,0.03991553,0.05245121,0.0,0.01153998,0.74833723,0.00222003,0.14553602,56236,6,0.10993192,6.325511
465,8,21027618,0.98337547,0.0284993,0.02684357,0.0,0.00559365,0.78852327,0.00115621,0.149384,24221,6,0.1534815,6.3260157
465,9,21027619,0.97589518,0.04096845,0.06280133,0.0,0.01222431,0.77292895,0.00319738,0.10787958,52765,6,0.05649803,6.3370462
465,10,21027620,0.97949549,0.03431813,0.03950844,0.0,0.01148511,0.59299228,0.00273044,0.31896561,48669,6,0.12113051,6.3370472
466,1,21027641,0.25151215,0.37386956,0.02359961,0.0,0.19374935,0.0,0.31348169,0.09529979,23175,7,0.0412384,0.9923109
466,2,21027642,0.30064096,0.35488989,0.02095612,0.0,0.16658529,0.0,0.29734572,0.16022299,23175,7,0.10248074,0.9923109
466,3,21027643,0.28482155,0.35804047,0.02188791,0.0,0.17333437,0.0,0.30617076,0.14056649,23183,7,0.05774409,0.9930491
466,4,21027644,0.37916874,0.31653022,0.02112935,0.0,0.14911962,0.0,0.26345277,0.24976804,24199,7,0.10423557,0.9910139
466,5,21027645,0.27674697,0.36750478,0.02411733,0.0,0.17725267,0.0,0.30794571,0.12317951,23183,7,0.05665887,0.9930491
466,6,21027646,0.32756621,0.33583318,0.02174331,0.0,0.15844867,0.0,0.29224746,0.19172737,23183,7,0.08518223,0.9930491
466,7,21027647,0.21680504,0.38445675,0.02455349,0.0,0.18684306,0.0,0.34791784,0.05622886,20111,7,0.02840867,0.9912588
466,8,21027648,0.32407803,0.33910765,0.02148117,0.0,0.15918128,0.0,0.29051098,0.18971893,19079,7,0.0479264,0.991574
466,9,21027649,0.32379518,0.34124025,0.02150632,0.0,0.17399908,0.0,0.27844441,0.18480993,23175,7,0.06847961,0.9923109
466,10,21027650,0.32850509,0.33057058,0.0212422,0.0,0.17491189,0.0,0.28235672,0.19091861,19079,7,0.06352482,0.991574
467,1,21027671,0.98232074,0.00049436,0.0,0.0,0.00015548,0.2475074,0.0,0.75184276,15743,7,0.0500073,0.9875244
467,2,21027672,0.98275204,0.00049419,0.0,0.0,2.212e-05,0.28855088,0.0,0.71093281,3575,7,0.05885044,0.9870242
467,3,21027673,0.9807923,0.00078092,0.0,0.0,2.255e-05,0.29464648,0.0,0.70455004,24503,7,0.04276891,0.9810865
467,4,21027674,0.98201677,0.00034432,0.0,0.0,2.168e-05,0.32537646,0.0,0.67425755,47095,7,0.08514282,0.9872849
467,5,21027675,0.98167331,0.00078122,0.0,0.0,0.00012004,0.33815755,0.0,0.66094118,22527,7,0.04662145,0.9875368
467,6,21027676,0.98215611,0.00049895,0.0,0.0,2.02e-05,0.3618999,0.0,0.63758096,28535,7,0.07266371,0.9870309
467,7,21027677,0.98129329,0.00104687,0.0,0.0,2.132e-05,0.4499631,0.0,0.54896871,12247,7,0.03612949,0.9870262
467,8,21027678,0.98069721,0.00057826,0.0,0.0,9.639e-05,0.30830509,0.0,0.69102026,3967,7,0.0476906,0.9870312
467,9,21027679,0.98076344,0.00070656,0.0,0.0,2.241e-05,0.29901134,0.0,0.7002597,60919,7,0.03449699,0.987191
467,10,21027680,0.98227214,0.00036278,0.0,0.0,2.233e-05,0.37017898,0.0,0.62943591,38335,6,0.04869784,0.9875328
468,1,21027701,0.9776158,0.09763682,0.17419959,0.0,0.00278369,0.68615047,0.0,0.03922941,8892,6,0.12784254,9.1937559
468,2,21027702,0.97514623,0.10569329,0.17263404,0.0,0.0036619,0.68725205,0.0,0.03075872,8940,6,0.16131584,9.1755538
468,3,21027703,0.97239249,0.12882128,0.18426704,0.0,0.00102448,0.6834204,0.0,0.0024668,8866,4,0.1436117,9.1756223
468,4,21027704,0.97738893,0.09828467,0.14574145,0.0,0.00144966,0.67783127,0.0,0.07669294,8436,6,0.25195023,9.1937549
468,5,21027705,0.98083618,0.08216323,0.14341734,0.0,0.00068599,0.70467437,0.0,0.06905907,12043,6,0.12014001,9.194748
468,6,21027706,0.97479726,0.10936585,0.17383777,0.0,0.00237988,0.66614686,0.0,0.04826964,22147,6,0.09267346,9.1768142
468,7,21027707,0.9778189,0.09389606,0.10496024,0.0,0.00282401,0.73896292,0.0,0.05935678,9875,6,0.11702949,9.1942512
468,8,21027708,0.99541003,0.00020543,3.7e-06,0.0,1.028e-05,0.9997804,0.0,1.9e-07,54483,6,0.25545382,9.1949965
468,9,21027709,0.98312901,0.06643506,0.09107363,0.0,0.00156102,0.76157408,0.0,0.07935622,8892,6,0.0873598,9.1937559
468,10,21027710,0.97663368,0.09165154,0.09723398,0.0,0.00221479,0.76515511,0.0,0.04374458,23339,6,0.11323546,9.1952447
469,1,21027731,0.97604068,0.00014349,0.0,2.046e-05,6.17e-06,0.99982807,1.7e-06,1.1e-07,32911,6,0.08446765,0.980663
469,2,21027732,0.97677833,0.00015305,0.0,2.08e-05,5.37e-06,0.99981901,1.7e-06,7e-08,28747,6,0.08735416,0.9826984
469,3,21027733,0.91499666,0.00054007,0.0,0.17756247,5.54e-06,0.82188999,1.79e-06,1.4e-07,6558,2,0.13824731,0.6512662
469,4,21027734,0.9770689,0.00014961,0.0,2.065e-05,5.66e-06,0.99982232,1.7e-06,5e-08,26697,6,0.08625101,0.9821184
469,5,21027735,0.97516999,0.00014006,0.0,2.042e-05,4.55e-06,0.99983265,1.69e-06,6.2e-07,35529,6,0.08724491,0.9807237
469,6,21027736,0.97693097,0.00014147,0.0,2.031e-05,5.68e-06,0.99983078,1.68e-06,9e-08,37067,6,0.08219513,0.9806487
469,7,21027737,0.97457814,0.00014869,0.0,2.049e-05,5.45e-06,0.99982244,1.72e-06,1.21e-06,24409,6,0.06341905,0.982672
469,8,21027738,0.97487746,0.00013822,0.0,2.029e-05,5.01e-06,0.99983452,1.64e-06,3.2e-07,32777,6,0.08803839,0.9807236
469,9,21027739,0.97548287,0.00015252,0.0,2.055e-05,5.32e-06,0.99981986,1.72e-06,3e-08,24649,6,0.06212928,0.9821994
469,10,21027740,0.97740318,0.00015186,0.0,2.041e-05,5.55e-06,0.99982018,1.72e-06,2.7e-07,33931,6,0.10637815,0.980587
470,1,21027761,0.90324019,0.08281892,0.01094169,0.0,0.13037354,0.0,0.0501698,0.72569604,12077,7,0.15405512,2.2318461
470,2,21027762,0.94709964,0.04312979,0.00544939,0.0,0.06203832,0.0,0.02611223,0.86327028,57101,7,0.10833469,2.2328421
470,3,21027763,0.89893816,0.08607473,0.00826808,0.0,0.12989343,0.0,0.05596966,0.71979409,12173,7,0.10515467,2.2289187
470,4,21027764,0.91607315,0.07808507,0.00749323,0.0,0.11256429,0.0,0.03792639,0.76393102,11821,7,0.10970366,2.227914
470,5,21027765,0.89779445,0.08873516,0.00947086,0.0,0.12593986,0.0,0.05452788,0.72132624,44933,7,0.07860107,2.2290844
470,6,21027766,0.93619889,0.05016274,0.00538987,0.0,0.07013737,0.0,0.03545336,0.83885667,16133,7,0.13256366,2.2318491
470,7,21027767,0.88220433,0.11303515,0.01009455,0.0,0.15264538,0.0,0.05452743,0.66969749,16165,7,0.06841332,2.2318464
470,8,21027768,0.91141069,0.0739566,0.00858969,0.0,0.11615736,0.0,0.04559501,0.75570133,20397,7,0.12602635,2.2289128
470,9,21027769,0.92994585,0.05236547,0.00563062,0.0,0.08276548,0.0,0.04731742,0.81192101,24453,7,0.13281712,2.2291674
470,10,21027770,0.89620281,0.09070462,0.01082932,0.0,0.14986774,0.0,0.05051858,0.69807974,20229,7,0.0710949,2.2313523
471,1,21027791,0.96225484,0.04790995,0.01157588,0.0,0.02560148,0.64313954,0.00419977,0.26757338,52738,6,0.10868766,5.1993983
471,2,21027792,0.9433881,0.07610327,0.01839204,0.0,0.03009485,0.35806465,0.00846243,0.50888277,18957,7,0.07572511,5.199864
471,3,21027793,0.95400683,0.06242078,0.01192895,0.0,0.02699991,0.6743572,0.00576096,0.21853222,18314,6,0.17071193,5.2087036
471,4,21027794,0.94891466,0.06786696,0.01789941,0.0,0.02905273,0.63716201,0.00632878,0.24169012,18052,6,0.19083059,5.1984296
471,5,21027795,0.95003956,0.06674237,0.01450332,0.0,0.02281227,0.45447984,0.00717212,0.43429009,19212,7,0.12095818,5.2086933
471,6,21027796,0.9568316,0.05556931,0.00721616,0.0,0.02372324,0.36705327,0.00610755,0.54033047,20228,7,0.06966349,5.2087026
471,7,21027797,0.96634911,0.04208413,0.01280416,0.0,0.01665417,0.50446449,0.00449355,0.4194995,18947,7,0.11955087,5.1988936
471,8,21027798,0.93795763,0.09362614,0.02371149,0.0,0.02985565,0.41173124,0.00590169,0.43517379,19202,7,0.11795556,5.2086923
471,9,21027799,0.93878181,0.0895327,0.02792026,0.0,0.04143847,0.49235384,0.00600212,0.3427526,18948,7,0.06988642,5.1984091
471,10,21027800,0.94292293,0.07880106,0.01895958,0.0,0.03195513,0.55841489,0.0070639,0.30480544,19234,6,0.06548494,5.2087026
472,1,21027821,0.97447648,0.00015852,0.0,2.233e-05,1.503e-05,0.55287274,0.0,0.44693137,36121,6,0.05831548,0.9772684
472,2,21027822,0.97467108,0.00017156,0.0,2.247e-05,1.832e-05,0.50117644,0.0,0.49861122,18399,7,0.06029622,0.9808027
472,3,21027823,0.9724642,0.0001625,0.0,2.232e-05,1.818e-05,0.48223598,0.0,0.51756101,36217,6,0.06782209,0.9771947
472,4,21027824,0.97505029,0.00015599,0.0,2.228e-05,1.473e-05,0.63384316,0.0,0.36596384,15807,6,0.04924854,0.9813164
472,5,21027825,0.97517919,0.00016189,0.0,2.233e-05,1.744e-05,0.6536969,0.0,0.34610143,35529,6,0.08345387,0.977353
472,6,21027826,0.97520871,0.00014756,0.0,2.24e-05,1.274e-05,0.64521089,0.0,0.35460642,35673,6,0.0826294,0.977287
472,7,21027827,0.97313095,0.00015512,0.0,2.233e-05,1.587e-05,0.65974266,0.0,0.34006401,62635,6,0.09007173,0.9792514
472,8,21027828,0.97391484,0.00016396,0.0,2.242e-05,1.713e-05,0.63540396,0.0,0.36439253,27215,6,0.04689145,0.9788067
472,9,21027829,0.97410629,0.00016075,0.0,2.238e-05,1.704e-05,0.59039586,0.0,0.40940398,65257,6,0.10269706,0.979344
472,10,21027830,0.97288985,0.00017106,0.0,2.243e-05,1.784e-05,0.48556366,0.0,0.51422502,64887,7,0.05933229,0.98106
473,1,21027851,0.96449662,0.10157224,0.00530851,0.0,0.00209125,0.8906134,0.0,0.0004146,17860,6,0.16050947,8.8183021
473,2,21027852,0.98498236,0.02957287,0.02003804,0.0,0.00130909,0.89694778,0.0,0.05213222,15139,6,0.14700311,8.8192952
473,3,21027853,0.99421851,0.0034052,0.00060208,0.0,0.00122527,0.99476726,0.0,1.9e-07,50635,6,0.2170958,8.8202872
473,4,21027854,0.97742237,0.04136553,0.00447199,0.0,0.00325809,0.8685119,0.0,0.08239249,56405,6,0.16676967,8.8195437
473,5,21027855,0.98786544,0.01933135,0.00625369,0.0,0.00342676,0.86883754,0.0,0.10215066,43781,6,0.07343746,8.819278
473,6,21027856,0.98460918,0.0260949,0.00537101,0.0,0.0032088,0.87498381,0.0,0.09034148,15813,6,0.23839085,8.8035889
473,7,21027857,0.99548205,0.00021664,3.72e-06,0.0,8.88e-06,0.99977054,0.0,2.1e-07,54733,6,0.22464462,8.8202882
473,8,21027858,0.98885039,0.01858205,0.00106653,0.0,0.0004856,0.92050468,0.0,0.05936114,44124,6,0.18798788,8.8192952
473,9,21027859,0.99102261,0.01089631,0.00093695,0.0,0.0023975,0.98576883,0.0,4.1e-07,54730,6,0.32398257,8.8196265
473,10,21027860,0.98800517,0.01999894,0.0020109,0.0,0.00082867,0.91541499,0.0,0.0617465,9883,6,0.29988621,8.8192952
474,1,21027881,0.42715056,0.08462342,0.00609445,0.14803686,0.04506542,0.31314886,0.36050922,0.04252177,19591,6,0.06401874,0.9799727
474,2,21027882,0.34295659,0.10678628,0.00688162,0.15702651,0.0378633,0.2388107,0.41902311,0.03360848,6984,2,0.04813509,0.6509905
474,3,21027883,0.30565738,0.10478844,0.00723197,0.18317704,0.05523169,0.19609296,0.42499227,0.02848562,6087,6,0.03424233,0.9831688
474,4,21027884,0.42677269,0.09264995,0.00702585,0.0684129,0.04353635,0.38349148,0.38145568,0.02342779,23369,6,0.1047413,0.9824084
474,5,21027885,0.35734326,0.09752955,0.00725112,0.0874331,0.05586341,0.30279266,0.42072763,0.02840253,22927,6,0.053866,0.9737765
474,6,21027886,0.36933163,0.08503617,0.00567438,0.07211232,0.04833188,0.34365358,0.4376557,0.00753596,22671,6,0.06447264,0.9814585
474,7,21027887,0.42089981,0.09475378,0.00611226,0.11468604,0.0458811,0.34838229,0.36009857,0.03008595,23369,6,0.04667833,0.9824084
474,8,21027888,0.39188028,0.08967658,0.00698573,0.09461222,0.0417598,0.29465935,0.40380737,0.06849894,23119,6,0.03759796,0.9737765
474,9,21027889,0.43983986,0.07591436,0.00591969,0.1505023,0.03900136,0.37292192,0.34303074,0.01270964,23374,2,0.04931045,0.6529476
474,10,21027890,0.40194636,0.08519719,0.00588954,0.16378935,0.03221955,0.26781415,0.39182237,0.05326785,23112,2,0.05025931,0.6462907
475,1,21027911,0.98474586,0.00263044,0.01804977,0.0,0.00037656,0.18122948,0.0,0.79771375,3967,7,0.03940873,0.9915562
475,2,21027912,0.98419713,0.00259927,0.01743212,0.0,0.00022427,0.17873387,0.0,0.80101046,53247,7,0.04767091,0.9920587
475,3,21027913,0.98545614,0.00221514,0.01001079,0.0,0.00036931,0.24419455,0.0,0.74321021,8183,7,0.04731008,0.9918098
475,4,21027914,0.98561348,0.00226823,0.02015315,0.0,0.00011733,0.15234173,0.0,0.82511957,46975,7,0.06729692,0.9920547
475,5,21027915,0.98623171,0.00205555,0.00864971,0.0,0.0002148,0.16664111,0.0,0.82243884,12159,7,0.04991369,0.9915577
475,6,21027916,0.98526859,0.00171734,0.01429502,0.0,0.00040186,0.10339079,0.0,0.88019499,55263,7,0.03526402,0.9920517
475,7,21027917,0.98658654,0.00184013,0.00914965,0.0,0.00014108,0.17501568,0.0,0.81385347,63359,7,0.03679998,0.9920597
475,8,21027918,0.98494978,0.00334473,0.01962814,0.0,0.00023827,0.18874263,0.0,0.78804622,23927,7,0.05294783,0.9917989
475,9,21027919,0.98520799,0.00217065,0.01281035,0.0,0.00010541,0.17538983,0.0,0.80952376,28159,7,0.04538182,0.9915538
475,10,21027920,0.98628895,0.00182661,0.00607846,0.0,0.00014085,0.17973067,0.0,0.81222341,55295,7,0.04650912,0.9920597
476,1,21027941,0.99223874,0.00874656,0.00624294,0.0,0.00085492,0.98415309,0.0,2.48e-06,56405,6,0.16616501,9.1575485
476,2,21027942,0.97819964,0.03610978,0.00461815,0.0,0.00021645,0.89655697,0.0,0.06249866,54933,6,0.40997925,9.1575485
476,3,21027943,0.98397472,0.02712643,0.00418332,0.0,0.00245485,0.88749267,0.0,0.07874274,18053,6,0.07595944,9.1387249
476,4,21027944,0.98890776,0.02010159,0.01154082,0.0,0.00138036,0.96013095,0.0,0.00684628,19234,6,0.09754565,9.1563069
476,5,21027945,0.99450067,0.0034247,0.00080398,0.0,0.00018627,0.99558309,0.0,1.96e-06,52547,6,0.45006293,9.1573
476,6,21027946,0.98649454,0.02667523,0.00914258,0.0,0.00188517,0.927255,0.0,0.03504202,15899,6,0.09863886,9.1577967
476,7,21027947,0.99232298,0.00819856,0.00679481,0.0,0.00175343,0.90825782,0.0,0.07499538,15693,6,0.31575663,9.1577967
476,8,21027948,0.98137399,0.03560534,0.04480534,0.0,0.00405058,0.76815296,0.0,0.14738579,50387,6,0.09529652,9.1573
476,9,21027949,0.96487291,0.07745743,0.00331727,0.0,0.00150649,0.86082477,0.0,0.05689404,56539,6,0.11404707,9.1422025
476,10,21027950,0.993406,0.00630373,0.00545345,0.0,3.853e-05,0.9345036,0.0,0.05370068,8380,6,0.15873636,9.1562897
477,1,21027971,0.97179984,0.00013225,0.0,2.084e-05,5.52e-06,0.99983981,1.51e-06,7e-08,34649,6,0.13395239,0.9761724
477,2,21027972,0.97086758,0.00013939,0.0,2.088e-05,5.61e-06,0.99983249,1.52e-06,1.1e-07,42425,6,0.10470766,0.9760721
477,3,21027973,0.97195872,0.00013942,0.0,2.097e-05,4.5e-06,0.99983355,1.54e-06,1e-08,51609,6,0.09321594,0.9761488
477,4,21027974,0.97247733,0.00014486,0.0,2.091e-05,5.31e-06,0.9998273,1.54e-06,8e-08,33903,6,0.10398186,0.9761725
477,5,21027975,0.97246726,0.00015995,0.0,2.089e-05,7.21e-06,0.99980941,1.56e-06,1e-06,36555,6,0.11218699,0.9760463
477,6,21027976,0.64168043,9.593e-05,0.0,0.99988724,3.42e-06,1.183e-05,1.57e-06,1e-08,38206,2,0.19129665,0.6472801
477,7,21027977,0.9737747,0.00014444,0.0,2.087e-05,5.67e-06,0.99982745,1.55e-06,2e-08,32779,6,0.07958472,0.9761842
477,8,21027978,0.96906518,0.00015389,0.0,2.101e-05,5.96e-06,0.99981687,1.55e-06,7.3e-07,37001,6,0.0922305,0.9761066
477,9,21027979,0.9711523,0.00015318,0.0,2.095e-05,5.67e-06,0.9998186,1.55e-06,6e-08,25295,6,0.09472059,0.97763
477,10,21027980,0.97045701,0.0001364,0.0,2.091e-05,4.05e-06,0.99983702,1.59e-06,4e-08,33049,6,0.10913885,0.9761921
478,1,21028001,0.96198732,0.05257095,0.01393475,0.0,0.03183673,0.56718973,0.00378505,0.33068278,11173,6,0.06761238,5.629927
478,2,21028002,0.95415337,0.06294466,0.02043446,0.0,0.04144828,0.41920524,0.00753363,0.44843373,16293,7,0.09642692,5.6306655
478,3,21028003,0.96871536,0.03753556,0.00901984,0.0,0.02265636,0.49885115,0.00435099,0.42758609,43917,6,0.11848515,5.6319036
478,4,21028004,0.95682592,0.05919052,0.01809236,0.0,0.03128177,0.37083415,0.00889466,0.51170652,16173,7,0.11902437,5.6405922
478,5,21028005,0.95201226,0.06958418,0.01555479,0.0,0.0315999,0.58316068,0.00857954,0.29152091,19237,6,0.06650561,5.6396079
478,6,21028006,0.94795213,0.07001452,0.02793963,0.0,0.0346354,0.47156633,0.01201971,0.3838244,52141,6,0.10032212,5.6319421
478,7,21028007,0.95203869,0.0705136,0.02426509,0.0,0.04736518,0.46158323,0.0043302,0.3919427,23469,6,0.09340494,5.6314402
478,8,21028008,0.95083229,0.0675082,0.03976348,0.0,0.03526126,0.35422105,0.010038,0.49320801,15893,6,0.11092168,5.6401047
478,9,21028009,0.94493204,0.08655148,0.0212734,0.0,0.04084164,0.48985618,0.00826476,0.35321254,16269,7,0.14090781,5.6314402
478,10,21028010,0.96009922,0.05587816,0.02583199,0.0,0.02274954,0.59347072,0.00700573,0.29506386,57133,7,0.07277383,5.6410885
479,1,21028031,0.93305625,0.05962949,0.00504107,0.0,0.03783916,0.0,0.01681961,0.88067066,19333,7,0.08585808,2.4623544
479,2,21028032,0.936729,0.05643888,0.00507496,0.0,0.04126733,0.0,0.01419017,0.88302866,23299,7,0.21493391,2.4662593
479,3,21028033,0.93597005,0.0601589,0.00869876,0.0,0.03521908,0.0,0.0120356,0.88388766,20226,7,0.10783847,2.4652709
479,4,21028034,0.91222296,0.07636262,0.00763873,0.0,0.0512031,0.0,0.02574974,0.83904581,19204,7,0.18459262,2.465266
479,5,21028035,0.91897403,0.07159374,0.00536851,0.0,0.04511922,0.0,0.01949904,0.85841949,23043,7,0.1235028,2.4616244
479,6,21028036,0.91754788,0.07730265,0.00802573,0.0,0.04460041,0.0,0.02012408,0.84994713,20235,7,0.09976928,2.4662639
479,7,21028037,0.90771825,0.09155361,0.00926235,0.0,0.05653925,0.0,0.01877787,0.82386692,20226,7,0.11300537,2.4652709
479,8,21028038,0.92312097,0.07062755,0.0090633,0.0,0.04382015,0.0,0.02111583,0.85537316,23045,7,0.10572514,2.4616244
479,9,21028039,0.91160286,0.08247026,0.00779485,0.0,0.05156593,0.0,0.02191211,0.83625685,20227,7,0.10658143,2.4657671
479,10,21028040,0.93388963,0.06179276,0.00659018,0.0,0.04361992,0.0,0.0158782,0.87211894,19211,7,0.2375633,2.4662595
480,1,21028061,0.97558173,0.00017014,0.0,2.23e-05,1.912e-05,0.35978221,0.0,0.64000622,52727,7,0.05227928,0.9821386
480,2,21028062,0.97674136,0.00013997,0.0,2.23e-05,1.606e-05,0.60293605,0.0,0.39688562,65529,6,0.12248884,0.9804982
480,3,21028063,0.9755789,0.000172,0.0,2.242e-05,1.891e-05,0.41156078,0.0,0.58822589,58807,6,0.04088951,0.9814731
480,4,21028064,0.97765748,0.00016693,0.0,2.238e-05,1.939e-05,0.42416217,0.0,0.57562913,23385,6,0.09110642,0.9804245
480,5,21028065,0.97419222,0.00013419,0.0,2.237e-05,1.224e-05,0.67637465,0.0,0.32345655,64377,6,0.09500246,0.9717669
480,6,21028066,0.97710078,0.00017081,0.0,2.238e-05,1.741e-05,0.39313662,0.0,0.60665278,45055,7,0.04487332,0.9824872
480,7,21028067,0.97753093,0.0001713,0.0,2.238e-05,2.104e-05,0.40964301,0.0,0.59014228,7551,7,0.06257031,0.9824687
480,8,21028068,0.97425055,0.00016249,0.0,2.236e-05,1.709e-05,0.46567846,0.0,0.5341196,58329,6,0.11669892,0.9784518
480,9,21028069,0.97667075,0.00015721,0.0,2.238e-05,1.594e-05,0.53222847,0.0,0.46757601,61273,6,0.07246231,0.9784244
480,10,21028070,0.97488899,0.00017435,0.0,2.242e-05,2.056e-05,0.37474615,0.0,0.62503653,26111,7,0.03549224,0.9819641
481,1,21028091,0.99523368,0.0002047,3.61e-06,0.0,8.33e-06,0.99978317,0.0,1.9e-07,11596,6,0.36631994,10.7952665
481,2,21028092,0.99335896,0.00678016,0.99249934,0.0,0.00071657,3.8e-06,0.0,1.3e-07,47867,4,0.99248952,10.77789
481,3,21028093,0.99304423,0.00932576,0.99000294,0.0,0.00066733,3.85e-06,0.0,1.2e-07,47355,4,0.98999219,10.7779286
481,4,21028094,0.99303757,0.00947827,0.9899052,0.0,0.0006127,3.71e-06,0.0,1.2e-07,47355,4,0.98989398,10.7779286
481,5,21028095,0.99400562,0.00490368,0.46353265,0.0,0.00037192,0.53119116,0.0,6e-07,23012,4,0.16147219,10.7761284
481,6,21028096,0.99394883,0.00865241,0.36551107,0.0,0.00041504,0.36315056,0.0,0.26227092,48666,6,0.11550865,10.7965898
481,7,21028097,0.99263441,0.01110152,0.98780185,0.0,0.00109225,4.06e-06,0.0,3.2e-07,47588,4,0.987794,10.7763863
481,8,21028098,0.99328615,0.00770926,0.66978373,0.0,0.00058093,0.32192595,0.0,1.3e-07,47355,4,0.56917023,10.7779286
481,9,21028099,0.99256779,0.0114016,0.98730056,0.0,0.00129341,4.11e-06,0.0,3.2e-07,47588,4,0.98729329,10.7763863
481,10,21028100,0.99507947,0.00495955,0.24517442,0.0,0.00031107,0.72780942,0.0,0.02174555,53499,6,0.19352252,10.7972515
482,1,21028121,0.39506874,0.08126378,0.00754984,0.18154582,0.03173872,0.37484269,0.32283568,0.00022346,32843,6,0.02933611,0.9810892
482,2,21028122,0.45714732,0.08025344,0.00557162,0.24547495,0.03263419,0.37609616,0.23975441,0.02021522,23239,6,0.05557706,0.9666368
482,3,21028123,0.43140811,0.09523995,0.00742891,0.26523437,0.02915685,0.33990161,0.26303825,5e-08,23374,2,0.04656647,0.6387851
482,4,21028124,0.41911077,0.09608274,0.00694434,0.11235794,0.03271965,0.42446828,0.32730288,0.00012417,23687,6,0.11009802,0.9665711
482,5,21028125,0.48684156,0.06439368,0.00593874,0.43642323,0.03059728,0.27573203,0.18691497,8e-08,8014,2,0.08334052,0.6381665
482,6,21028126,0.36540691,0.08324834,0.00826253,0.21407279,0.02636557,0.30064954,0.34212503,0.02527619,19143,6,0.03424498,0.9659083
482,7,21028127,0.3171846,0.09189949,0.0091461,0.22219506,0.03563103,0.27671272,0.3644155,1.1e-07,22927,6,0.03702144,0.952666
482,8,21028128,0.31599451,0.10670695,0.01153643,0.20160622,0.0382587,0.287769,0.35343568,0.00068703,19151,6,0.0297657,0.9668797
482,9,21028129,0.36943669,0.09321912,0.00761064,0.19594577,0.02861355,0.34452864,0.32986707,0.00021521,18567,6,0.09761383,0.9658712
482,10,21028130,0.45955727,0.07216784,0.00697591,0.20251042,0.02549018,0.45007169,0.2427839,6e-08,22671,6,0.09081796,0.9673311
483,1,21028151,0.99464407,0.00641812,0.01070897,0.0,0.00117091,0.0,0.0,0.981702,53207,7,0.0307589,0.998202
483,2,21028152,0.99516259,0.00510394,0.01322307,0.0,0.00075624,0.0,0.0,0.98091675,36735,7,0.05398856,0.9985346
483,3,21028153,0.99401706,0.00794296,0.03202536,0.0,0.0014449,0.0,0.0,0.95858678,54655,7,0.04389481,0.9985316
483,4,21028154,0.9940968,0.00662862,0.01736827,0.0,0.00270092,0.0,0.0,0.97330218,59391,7,0.0409725,0.9985346
483,5,21028155,0.99304767,0.00846738,0.01678376,0.0,0.00261599,0.0,0.0,0.97213288,28671,7,0.05173611,0.9980376
483,6,21028156,0.99506132,0.00524013,0.01474071,0.0,0.00169352,0.0,0.0,0.97832565,7551,7,0.06388575,0.9985322
483,7,21028157,0.99408036,0.00678193,0.01988293,0.0,0.00202366,0.0,0.0,0.97131148,24575,7,0.06056698,0.9985356
483,8,21028158,0.99364344,0.00753873,0.01816545,0.0,0.00189388,0.0,0.0,0.97240194,7679,7,0.03237619,0.9985322
483,9,21028159,0.99421794,0.00604757,0.01808809,0.0,0.00171216,0.0,0.0,0.97415218,48639,7,0.02888345,0.9985342
483,10,21028160,0.99417929,0.00716698,0.01547361,0.0,0.00142897,0.0,0.0,0.97593043,7167,7,0.04619676,0.9973097
484,1,21028181,0.97312838,0.04636567,0.04132101,0.0,0.00932357,0.58648675,0.00166593,0.31483708,19235,6,0.14982403,8.0051552
484,2,21028182,0.96731451,0.05457191,0.06804853,0.0,0.02243736,0.67369529,0.00116648,0.18008042,23331,6,0.0636232,8.0056519
484,3,21028183,0.97881323,0.03722726,0.02481212,0.0,0.00967945,0.74112672,0.00035019,0.18680426,18314,6,0.10551536,8.0046599
484,4,21028184,0.96419763,0.05587617,0.05537831,0.0,0.01980344,0.46252286,0.00201585,0.40440337,20258,6,0.08849955,8.004644
484,5,21028185,0.9774383,0.03503635,0.02770396,0.0,0.00905746,0.45944199,0.00182076,0.46693948,18957,7,0.10700248,7.9902783
484,6,21028186,0.97865996,0.03029404,0.03414557,0.0,0.00910798,0.65741611,0.00162701,0.26740929,22146,6,0.11129047,7.9898291
484,7,21028187,0.96976202,0.04760339,0.05566834,0.0,0.01472973,0.76738687,0.00092117,0.11369049,51979,6,0.11647939,8.0066291
484,8,21028188,0.96458772,0.05800679,0.05521624,0.0,0.01675697,0.5344027,0.00104061,0.33457669,20234,7,0.165601,8.0046599
484,9,21028189,0.97610118,0.0414086,0.0288238,0.0,0.00890235,0.61925147,0.00014496,0.30146882,20229,7,0.08470818,8.0051552
484,10,21028190,0.97238688,0.04297367,0.01609093,0.0,0.01446385,0.72260902,0.00160042,0.20226211,18306,6,0.1186946,8.0046589
485,1,21028211,0.97009068,0.00014477,0.0,2.243e-05,1.415e-05,0.76041925,0.0,0.2393994,40649,6,0.04902173,0.9729089
485,2,21028212,0.96980729,0.00014427,0.0,2.237e-05,1.248e-05,0.79679107,0.0,0.20302981,59679,6,0.05294987,0.9768988
485,3,21028213,0.96740592,0.00016235,0.0,2.229e-05,1.483e-05,0.58882311,0.0,0.41097741,31881,6,0.03883471,0.974886
485,4,21028214,0.96997683,0.00016075,0.0,2.246e-05,1.55e-05,0.59976948,0.0,0.40003182,58953,6,0.04859179,0.974882
485,5,21028215,0.97060627,0.00013915,0.0,2.23e-05,1.14e-05,0.71554733,0.0,0.28427982,38025,6,0.08603873,0.9727139
485,6,21028216,0.96836958,0.00015255,0.0,2.232e-05,1.608e-05,0.57559276,0.0,0.4242163,3959,7,0.07133772,0.9763927
485,7,21028217,0.97033068,0.00016358,0.0,2.243e-05,1.566e-05,0.43983899,0.0,0.55995934,32335,7,0.06750433,0.9748482
485,8,21028218,0.96846405,0.00014566,0.0,2.232e-05,1.254e-05,0.7563003,0.0,0.24351918,51193,6,0.09984182,0.9728352
485,9,21028219,0.63900387,9.302e-05,0.0,0.99989347,1.74e-06,9.43e-06,0.0,2.35e-06,29262,2,0.20559149,0.6434621
485,10,21028220,0.96610014,0.00015068,0.0,2.241e-05,1.403e-05,0.6192727,0.0,0.38054019,43513,6,0.0868932,0.949976
486,1,21028241,0.97334195,0.04112558,0.00309541,0.0,0.00566701,0.88195423,0.0,0.06815777,14212,6,0.19239733,9.2611277
486,2,21028242,0.98555496,0.02292336,0.00331128,0.0,0.00730979,0.93217121,0.0,0.03428436,23877,6,0.15176692,9.2613763
486,3,21028243,0.98521152,0.02517205,0.00566389,0.0,0.00189423,0.93226668,0.0,0.03500315,15893,6,0.18777388,9.2613763
486,4,21028244,0.98956253,0.01425405,0.00302339,0.0,0.00197184,0.95998575,0.0,0.02076497,44365,6,0.11849915,9.2623683
486,5,21028245,0.98724928,0.0131638,0.00486318,0.0,0.00494752,0.91223821,0.0,0.06478729,13771,6,0.25936432,9.261873
486,6,21028246,0.9848035,0.02657348,0.00784798,0.0,0.00544179,0.74580582,0.0,0.21433093,46987,6,0.2445484,9.2623693
486,7,21028247,0.99205421,0.0070437,0.00066079,0.0,0.00063462,0.99166075,0.0,1.3e-07,55483,6,0.47886097,9.2460065
486,8,21028248,0.98955992,0.01222285,0.00227995,0.0,0.00360751,0.92999475,0.0,0.05189494,52005,6,0.09441288,9.2613763
486,9,21028249,0.9659148,0.05494803,0.0029688,0.0,0.00880491,0.8224453,0.0,0.11083296,9668,6,0.24247523,9.2603832
486,10,21028250,0.98084768,0.04301382,0.02082484,0.0,0.00265839,0.69919581,0.0,0.23430713,54722,6,0.10282134,9.2613763
487,1,21028271,0.01881337,0.12181803,0.00903419,0.0,0.06700219,0.0,0.79164962,0.01049597,4109,3,0.01024254,-0.0020041
487,2,21028272,0.03778348,0.1206874,0.00847917,0.0,0.08403911,0.0,0.75412742,0.03266689,20111,7,0.02021647,0.9787465
487,3,21028273,0.10465874,0.11702283,0.00890529,0.0,0.08660955,0.0,0.6904073,0.09705503,23175,7,0.05711055,0.9828968
487,4,21028274,0.04566888,0.1245449,0.00831919,0.0,0.08295636,0.0,0.74722714,0.0369524,19087,7,0.02753026,0.9831417
487,5,21028275,0.04378094,0.13549546,0.00975745,0.0,0.09039037,0.0,0.72902091,0.03533581,4100,3,0.01489739,-0.0022535
487,6,21028276,0.00738817,0.12804933,0.00923296,0.0,0.08658267,0.0,0.77613501,4e-08,4416,3,0.01756908,-0.002256
487,7,21028277,0.06853335,0.11655271,0.00912693,0.0,0.07912958,0.0,0.73840037,0.05679041,23175,7,0.03676564,0.9828968
487,8,21028278,0.04751256,0.1202269,0.01015642,0.0,0.07643746,0.0,0.75466638,0.03851284,19079,7,0.01353202,0.9821634
487,9,21028279,0.08747496,0.11785004,0.0085551,0.0,0.07478138,0.0,0.71672206,0.08209142,20103,7,0.05102069,0.9777732
487,10,21028280,0.06667277,0.11420004,0.00883973,0.0,0.06263443,0.0,0.75464485,0.05968095,19079,7,0.04296666,0.9821634
488,1,21028301,0.97623427,0.00223366,0.01701563,0.0,0.00041687,0.20564784,0.0,0.77468601,52599,7,0.04480344,0.9856898
488,2,21028302,0.97680466,0.00237097,0.01899573,0.0,7.856e-05,0.18166781,0.0,0.79688693,11639,7,0.05111522,0.9855191
488,3,21028303,0.97763453,0.00188964,0.02184871,0.0,0.0001081,0.21512804,0.0,0.7610255,52671,6,0.04414884,0.9860283
488,4,21028304,0.97937414,0.00171856,0.02139043,0.0,0.00018992,0.10329542,0.0,0.87340567,24575,7,0.05853603,0.9860452
488,5,21028305,0.97985341,0.00118591,0.0074387,0.0,2.473e-05,0.17277648,0.0,0.81857418,32767,7,0.05096339,0.9860452
488,6,21028306,0.9786023,0.00194046,0.01047832,0.0,0.00024265,0.1652776,0.0,0.82206096,17855,6,0.05186539,0.9855095
488,7,21028307,0.98023354,0.00088975,0.01181127,0.0,0.00011505,0.13283783,0.0,0.8543461,64895,7,0.05301304,0.9860313
488,8,21028308,0.97904523,0.00107421,0.02144176,0.0,0.00018888,0.25852877,0.0,0.71876637,62879,6,0.04955491,0.9860272
488,9,21028309,0.98131299,0.00098761,0.02283473,0.0,4.882e-05,0.12071993,0.0,0.85540891,32767,7,0.0728109,0.9860452
488,10,21028310,0.97810203,0.0018599,0.02208585,0.0,0.00018125,0.17737684,0.0,0.79849616,65535,7,0.05070822,0.9860452
489,1,21028331,0.99390103,0.0083507,0.0022984,0.0,2.697e-05,0.95879648,0.0,0.03052745,44362,6,0.16581491,12.0169665
489,2,21028332,0.99563036,0.00017566,3.38e-06,0.0,5.07e-06,0.99981576,0.0,1.2e-07,11595,6,0.33194333,12.0169665
489,3,21028333,0.9891974,0.02157442,0.00217158,0.0,0.00027336,0.95710395,0.0,0.01887669,13523,6,0.53349859,12.0169665
489,4,21028334,0.98890415,0.02048198,0.00590956,0.0,0.00039209,0.95511597,0.0,0.01810039,44124,6,0.24145305,12.0169665
489,5,21028335,0.99200641,0.01194763,0.00366825,0.0,0.00034059,0.94886437,0.0,0.03517916,11043,6,0.08017091,12.0164697
489,6,21028336,0.9959012,0.0002098,3.73e-06,0.0,9.98e-06,0.9997763,0.0,1.8e-07,44365,6,0.22652939,12.0179585
489,7,21028337,0.99588055,0.00018026,3.95e-06,0.0,7.97e-06,0.99980767,0.0,1.5e-07,13771,6,0.34834818,12.0174632
489,8,21028338,0.9871185,0.03111211,0.02145213,0.0,0.00173917,0.8522885,0.0,0.0934081,46733,6,0.1618836,11.995105
489,9,21028339,0.99539342,0.00020619,3.59e-06,0.0,1.007e-05,0.99977993,0.0,2.2e-07,52292,6,0.14660169,11.9932165
489,10,21028340,0.9915363,0.01669972,0.01669351,0.0,0.00019634,0.85771231,0.0,0.10869812,10123,6,0.08136754,12.0169665
490,1,21028361,0.96957603,0.00012115,0.0,2.112e-05,4.4e-06,0.99985167,1.59e-06,8e-08,28687,6,0.12886919,0.9757245
490,2,21028362,0.97081641,0.00012901,0.0,2.102e-05,4.42e-06,0.99984393,1.58e-06,3e-08,35849,6,0.07427191,0.9736239
490,3,21028363,0.96860124,0.00013771,0.0,2.107e-05,5.65e-06,0.99983354,1.59e-06,4.3e-07,39055,6,0.10597689,0.9737513
490,4,21028364,0.96836792,0.00012571,0.0,2.098e-05,4.87e-06,0.99984631,1.59e-06,5.5e-07,35021,6,0.15358579,0.973624
490,5,21028365,0.96471423,0.00013345,0.0,2.104e-05,6.12e-06,0.99983752,1.59e-06,2.7e-07,43143,6,0.13588675,0.9520136
490,6,21028366,0.9681734,0.0001462,0.0,2.115e-05,5.58e-06,0.99982534,1.62e-06,1e-07,39977,6,0.06997285,0.9736492
490,7,21028367,0.97212208,0.0001137,0.0,2.1e-05,3.93e-06,0.99985976,1.57e-06,5e-08,32779,6,0.19042392,0.9737345
490,8,21028368,0.9674343,0.00010901,0.0,2.094e-05,4.14e-06,0.99986434,1.54e-06,4e-08,32777,6,0.24835106,0.9737345
490,9,21028369,0.96929391,0.00012259,0.0,2.107e-05,4.29e-06,0.99985047,1.54e-06,4e-08,35401,6,0.10589238,0.9736461
490,10,21028370,0.96985472,0.00012739,0.0,2.119e-05,4.16e-06,0.99984325,1.58e-06,2.43e-06,32843,6,0.11999824,0.9737123
491,1,21028391,0.92316181,0.08769941,0.01572547,0.0,0.0578474,0.0,0.02193837,0.81678935,44845,7,0.11960697,4.4816604
491,2,21028392,0.89485571,0.12518235,0.02576375,0.0,0.09473596,0.0,0.03269323,0.72162471,12045,7,0.13154616,4.4806753
491,3,21028393,0.9110113,0.10686801,0.02073291,0.0,0.07277009,0.0,0.02931609,0.7703129,11789,7,0.17103013,4.4723053
491,4,21028394,0.91872431,0.09863269,0.02438414,0.0,0.07624936,0.0,0.02416219,0.77657163,16165,7,0.10374251,4.4806681
491,5,21028395,0.89739328,0.11559526,0.03514985,0.0,0.07094896,0.0,0.03529404,0.74301189,57221,7,0.09136812,4.4737987
491,6,21028396,0.92854539,0.08646469,0.01630916,0.0,0.04822919,0.0,0.02389288,0.82510408,15917,7,0.09699395,4.472762
491,7,21028397,0.95956276,0.04157719,0.00684159,0.0,0.03141509,0.0,0.01219645,0.90796968,16301,7,0.13197882,4.4742861
491,8,21028398,0.92529162,0.0923286,0.01779385,0.0,0.05891212,0.0,0.01832295,0.81264248,44941,7,0.14105275,4.4747995
491,9,21028399,0.90789932,0.10499576,0.02943557,0.0,0.07366061,0.0,0.02797766,0.7639304,16141,7,0.09358595,4.481172
491,10,21028400,0.92035192,0.08463338,0.02197162,0.0,0.0641213,0.0,0.02682918,0.80244452,24365,7,0.22956546,4.4811651
492,1,21028421,0.8804353,0.13743232,0.10795728,0.0,0.07886157,0.0,0.01625502,0.65949381,18954,7,0.06248498,5.5469115
492,2,21028422,0.9118858,0.10295676,0.07737169,0.0,0.05240161,0.0,0.01362179,0.75364815,24325,7,0.10376705,5.5588863
492,3,21028423,0.90537748,0.1124905,0.06701132,0.0,0.0610197,0.0,0.01365014,0.74582834,19210,7,0.08428054,5.5578832
492,4,21028424,0.91775091,0.10050329,0.07290856,0.0,0.05365071,0.0,0.01062336,0.76231408,19203,7,0.0856095,5.5583784
492,5,21028425,0.90781086,0.11201142,0.04159626,0.0,0.06270657,0.0,0.01313285,0.7705529,19971,7,0.16139984,5.5474154
492,6,21028426,0.93071079,0.0756837,0.06569635,0.0,0.04426126,0.0,0.00938215,0.80497653,24330,7,0.1941405,5.5588863
492,7,21028427,0.89145047,0.13244577,0.10027312,0.0,0.07135281,0.0,0.01513017,0.68079813,20234,7,0.09676893,5.5578942
492,8,21028428,0.92586937,0.08741257,0.05759949,0.0,0.0517484,0.0,0.0108729,0.79236665,20226,7,0.2008571,5.5578932
492,9,21028429,0.89858989,0.11355629,0.12153814,0.0,0.0656694,0.0,0.01712796,0.68210822,18949,7,0.11188156,5.5473935
492,10,21028430,0.92249475,0.09615675,0.0429584,0.0,0.05022585,0.0,0.00832188,0.80233712,20234,7,0.08710647,5.5578942
493,1,21028451,0.96723988,9.912e-05,0.0,2.229e-05,5.66e-06,0.99986446,0.0,8.47e-06,65017,6,0.15858942,0.9733568
493,2,21028452,0.96847977,8.641e-05,0.0,2.234e-05,3.48e-06,0.99988492,0.0,2.85e-06,36281,6,0.62410415,0.9713943
493,3,21028453,0.96808276,0.00014023,0.0,2.225e-05,1.356e-05,0.47935682,0.0,0.52046715,43001,6,0.06248911,0.9712965
493,4,21028454,0.96894596,0.00016173,0.0,2.243e-05,1.848e-05,0.46671063,0.0,0.53308673,4087,7,0.06769207,0.9748721
493,5,21028455,0.96733118,0.00016059,0.0,2.232e-05,1.779e-05,0.54395531,0.0,0.455844,57791,6,0.05116208,0.9630722
493,6,21028456,0.96887457,0.00015648,0.0,2.255e-05,1.79e-05,0.41427443,0.0,0.58552864,21887,7,0.05976067,0.9753193
493,7,21028457,0.96899551,0.0001507,0.0,2.234e-05,1.554e-05,0.55781747,0.0,0.44199394,34681,6,0.07610079,0.9713942
493,8,21028458,0.97089348,0.00016379,0.0,2.227e-05,2.009e-05,0.22776532,0.0,0.77202853,32119,7,0.05742845,0.9750844
493,9,21028459,0.97019459,0.00016663,0.0,2.234e-05,1.936e-05,0.3283129,0.0,0.67147876,60799,7,0.05871236,0.9753457
493,10,21028460,0.97026793,0.00010872,0.0,2.227e-05,7.93e-06,0.92326888,0.0,0.0765922,49017,6,0.12386195,0.9733323
494,1,21028481,0.99580881,0.00020461,3.57e-06,0.0,1e-05,0.99978163,0.0,2e-07,46541,6,0.33875286,12.9804221
494,2,21028482,0.96774469,0.0946521,0.04182436,0.0,0.00224856,0.86127471,0.0,2.6e-07,55547,6,0.35555662,12.9567933
494,3,21028483,0.99563475,0.00020727,3.53e-06,0.0,1.222e-05,0.99977678,0.0,2e-07,54484,6,0.36406691,12.9794291
494,4,21028484,0.99574847,0.00019785,4.16e-06,0.0,1.071e-05,0.99978712,0.0,1.7e-07,9426,6,0.3199102,12.978436
494,5,21028485,0.99520541,0.00194703,4.425e-05,0.0,1.009e-05,0.94214968,0.0,0.05584895,54725,6,0.14680285,12.9796776
494,6,21028486,0.99540078,0.00021009,3.84e-06,0.0,9.32e-06,0.99977655,0.0,2e-07,50635,6,0.1292394,12.9804211
494,7,21028487,0.99521749,0.0001885,3.66e-06,0.0,8.99e-06,0.99979867,0.0,1.8e-07,9435,6,0.19022731,12.9794291
494,8,21028488,0.98079347,0.05072332,0.02479499,0.0,0.00266118,0.90681917,0.0,0.01500134,46532,6,0.25555438,12.9794291
494,9,21028489,0.99602129,0.00020665,3.72e-06,0.0,9.37e-06,0.99978002,0.0,2.5e-07,56645,6,0.4189428,12.9796776
494,10,21028490,0.99416022,0.00531056,0.0049865,0.0,0.0006665,0.9716107,0.0,0.01742572,51077,6,0.09992396,12.9794291
495,1,21028511,0.39274136,0.06371666,0.00512184,0.27801679,0.04038577,0.25677167,0.32086636,0.03512091,19599,6,0.0636192,0.9685217
495,2,21028512,0.55368679,0.03090784,0.00321663,0.16686084,0.01749007,0.50551622,0.24712104,0.02888737,18575,6,0.09567017,0.9685494
495,3,21028513,0.35398345,0.0642254,0.00464038,0.34744258,0.0347735,0.19959033,0.31274345,0.03658436,23118,2,0.07093195,0.63041
495,4,21028514,0.38684678,0.05033682,0.00377042,0.29490335,0.02232167,0.30048335,0.31420822,0.01397617,8006,2,0.09314579,0.4748507
495,5,21028515,0.27975502,0.07956314,0.00538889,0.28018698,0.02389352,0.21090165,0.38092007,0.01914575,23377,2,0.07438934,0.4809282
495,6,21028516,0.42979475,0.05598607,0.00490575,0.20722728,0.02815243,0.38969672,0.30088199,0.01314977,18631,6,0.10960325,0.9675476
495,7,21028517,0.25205848,0.06613476,0.00478656,0.22213408,0.02863276,0.13672104,0.44080496,0.10078584,23175,7,0.03694385,0.9544834
495,8,21028518,0.35889602,0.05615798,0.00455468,0.31654115,0.01965321,0.27051277,0.33257988,3.3e-07,23111,6,0.06574138,0.9544851
495,9,21028519,0.32448367,0.08080573,0.00671978,0.15616154,0.04469183,0.32940975,0.37742581,0.00478556,19599,6,0.04417765,0.9685217
495,10,21028520,0.36901907,0.06329504,0.0049337,0.2010103,0.02315971,0.34237442,0.36522673,9e-08,18631,6,0.0475958,0.9675476
496,1,21028541,0.98364489,0.00422479,0.03800479,0.0,0.00056722,0.03063501,0.0,0.92656819,18431,7,0.05485655,0.9919579
496,2,21028542,0.98442866,0.00398968,0.03051698,0.0,0.00043293,0.00851943,0.0,0.95654098,62967,7,0.04700492,0.9922003
496,3,21028543,0.98427464,0.00312425,0.03341732,0.0,0.00058518,0.03021254,0.0,0.93266071,20479,7,0.0552537,0.9919617
496,4,21028544,0.98256544,0.00483789,0.02656066,0.0,0.00094201,0.0088857,0.0,0.95877374,19839,7,0.05255285,0.9919466
496,5,21028545,0.98555019,0.00392404,0.02124305,0.0,0.00049132,0.02075897,0.0,0.95358261,2039,7,0.04205758,0.9919562
496,6,21028546,0.98348275,0.00403476,0.02080901,0.0,0.00074566,0.01683068,0.0,0.95757989,32119,7,0.03867822,0.9921983
496,7,21028547,0.98292194,0.00465311,0.03001716,0.0,0.00112067,0.02078652,0.0,0.94342253,65527,7,0.04414047,0.9922104
496,8,21028548,0.98586395,0.00277902,0.01836672,0.0,0.00025109,0.0398995,0.0,0.93870368,44927,7,0.08991082,0.9924586
496,9,21028549,0.98545885,0.00255026,0.01240994,0.0,0.00028711,0.0284064,0.0,0.95634629,3039,7,0.04649716,0.9909647
496,10,21028550,0.98395679,0.00409474,0.02553366,0.0,0.00043131,0.03112565,0.0,0.93881464,14207,7,0.07953242,0.9924527
497,1,21028571,0.97840845,0.03816006,0.01031191,0.0,0.00746544,0.79777435,0.0,0.14628824,8373,6,0.18766929,12.2785814
497,2,21028572,0.99552793,0.00019922,7.85e-06,0.0,9.16e-06,0.99978356,0.0,2.1e-07,23883,6,0.34889837,12.2795993
497,3,21028573,0.97333054,0.04802785,0.00101717,0.0,0.00184246,0.90344724,0.0,0.04566527,44365,6,0.17305865,12.2800946
497,4,21028574,0.99035889,0.01268156,0.00497191,0.0,0.00166949,0.93367923,0.0,0.04699782,8357,6,0.14737707,12.2543159
497,5,21028575,0.9845418,0.02448515,0.01137468,0.0,0.00948697,0.89631323,0.0,0.05833997,23333,6,0.12096679,12.2791026
497,6,21028576,0.95317905,0.08996265,0.01283995,0.0,0.00734738,0.72325139,0.0,0.16659863,11796,6,0.09625776,12.2781095
497,7,21028577,0.99062556,0.00839986,0.00030173,0.0,0.00026778,0.99103039,0.0,2.5e-07,23883,6,0.16495053,12.2795993
497,8,21028578,0.98722686,0.01569091,0.00757321,0.0,0.00558225,0.86547261,0.0,0.10568102,15452,6,0.20575824,12.2791026
497,9,21028579,0.98414001,0.03001499,0.0068966,0.0,0.00298256,0.78674591,0.0,0.17335994,8893,6,0.14606814,12.2791026
497,10,21028580,0.99115825,0.00887163,0.0008837,0.0,0.00190069,0.86730672,0.0,0.12103726,56404,6,0.2128011,12.2791026
498,1,21028601,0.6293631,9.293e-05,0.0,0.99989019,3.55e-06,1.18e-05,1.52e-06,1e-08,28750,2,0.15968234,0.6366182
498,2,21028602,0.96201738,0.00015291,0.0,2.085e-05,5.84e-06,0.99981798,1.54e-06,8.8e-07,58959,6,0.07046657,0.9680697
498,3,21028603,0.62832181,9.463e-05,0.0,0.99988853,3.59e-06,1.171e-05,1.53e-06,1e-08,29262,2,0.1482911,0.6366486
498,4,21028604,0.96091937,0.00011997,0.0,2.068e-05,4.25e-06,0.99985356,1.51e-06,2e-08,40041,6,0.12815272,0.9658522
498,5,21028605,0.96301147,0.00013141,0.0,2.081e-05,4.89e-06,0.9998413,1.51e-06,9e-08,38473,6,0.10224168,0.9660807
498,6,21028606,0.96212361,0.00013046,0.0,2.083e-05,4.45e-06,0.99984269,1.53e-06,3e-08,34889,6,0.09509085,0.9658385
498,7,21028607,0.96367961,0.00014286,0.0,2.082e-05,5.57e-06,0.99982902,1.56e-06,1.6e-07,58379,6,0.07017988,0.9680656
498,8,21028608,0.9628177,0.00015774,0.0,2.097e-05,6.71e-06,0.9998129,1.53e-06,1.5e-07,28877,6,0.06577847,0.9680061
498,9,21028609,0.9633522,0.00016475,0.0,2.095e-05,7.01e-06,0.99980543,1.54e-06,3.1e-07,33055,6,0.07963017,0.9700815
498,10,21028610,0.96215238,0.00015089,0.0,2.086e-05,5.63e-06,0.99982095,1.52e-06,1.5e-07,62155,6,0.0519938,0.9680072
499,1,21028631,0.97403866,0.04224812,0.03258435,0.0,0.01039415,0.67262595,0.00335647,0.23879096,49068,6,0.1356181,9.8978479
499,2,21028632,0.97245792,0.04366538,0.00851175,0.0,0.01876793,0.63909879,0.00285166,0.2871045,15141,6,0.10612818,9.9155007
499,3,21028633,0.96556303,0.0508791,0.0303298,0.0,0.01795481,0.68744859,0.00268305,0.21070464,23437,6,0.13189139,9.8983223
499,4,21028634,0.97286147,0.03838178,0.00978333,0.0,0.01146117,0.56579423,0.00497021,0.36960928,52765,6,0.14715904,9.9164927
499,5,21028635,0.95541206,0.07187603,0.02339401,0.0,0.0241755,0.58595122,0.00407579,0.29052745,49037,7,0.09693179,9.8989079
499,6,21028636,0.97147731,0.04295947,0.01232821,0.0,0.01136244,0.66951635,0.00403711,0.25979642,11021,6,0.08227696,9.9154815
499,7,21028637,0.9779791,0.0326877,0.01439788,0.0,0.00912812,0.55509071,0.00191937,0.38677622,44845,7,0.09725854,9.916475
499,8,21028638,0.96435544,0.05328636,0.02556326,0.0,0.01640207,0.40435909,0.00497014,0.49541908,24461,7,0.11658733,9.8983956
499,9,21028639,0.95924792,0.0656837,0.05469415,0.0,0.02540849,0.44867368,0.0034365,0.40210349,48653,7,0.11063012,9.8978087
499,10,21028640,0.95980238,0.05677201,0.04222258,0.0,0.02763797,0.5876282,0.00350334,0.2822359,20125,6,0.092799,9.8973707
500,1,21028661,0.90254497,0.06641844,0.00339682,0.0,0.04876257,0.0,0.03656536,0.84485681,20227,7,0.10482371,1.4726653
500,2,21028662,0.89737832,0.06281495,0.00393817,0.0,0.04919122,0.0,0.04254876,0.84150691,20354,7,0.1138106,1.4702421
500,3,21028663,0.90861783,0.06075799,0.00272738,0.0,0.04362638,0.0,0.03515019,0.85773806,19331,7,0.14706655,1.4712268
500,4,21028664,0.93117405,0.04665876,0.00255447,0.0,0.03952257,0.0,0.02539521,0.88586899,18947,7,0.11714531,1.4697516
500,5,21028665,0.90067823,0.06967357,0.00336358,0.0,0.04177865,0.0,0.0351413,0.8500429,18957,7,0.13611672,1.4707366
500,6,21028666,0.86885073,0.08422627,0.0049056,0.0,0.05769689,0.0,0.05557182,0.79759943,18947,7,0.11457324,1.4697516
500,7,21028667,0.91269396,0.05809953,0.00314732,0.0,0.0447003,0.0,0.0323527,0.86170015,19338,7,0.15124616,1.4702334
500,8,21028668,0.9034138,0.06838616,0.00368982,0.0,0.04047522,0.0,0.03579528,0.85165353,20354,7,0.09137472,1.4702421
500,9,21028669,0.89351909,0.06757848,0.00414604,0.0,0.04548289,0.0,0.04581902,0.83697358,18947,7,0.19733276,1.4697516
500,10,21028670,0.89631807,0.0697465,0.00380916,0.0,0.04417063,0.0,0.04167602,0.84059769,20365,7,0.13877714,1.4717325
501,1,21028691,0.96977321,0.00016292,0.0,1.256e-05,1.836e-05,0.4027819,0.0,0.59702425,30135,6,0.06055476,0.975159
501,2,21028692,0.96934989,0.00016629,0.0,1.253e-05,1.86e-05,0.37996961,0.0,0.61983296,30079,7,0.0487263,0.9759015
501,3,21028693,0.97004011,0.00015893,0.0,1.26e-05,1.8e-05,0.41420582,0.0,0.58560466,64953,6,0.11049158,0.9739354
501,4,21028694,0.97068269,0.0001703,0.0,1.257e-05,2.112e-05,0.28086387,0.0,0.71893214,28159,7,0.06052909,0.9754035
501,5,21028695,0.9713009,0.00014861,0.0,1.288e-05,1.381e-05,0.54931732,0.0,0.45050739,53209,6,0.19937179,0.9719244
501,6,21028696,0.970722,0.00015343,0.0,1.253e-05,1.564e-05,0.51647858,0.0,0.48333982,13817,6,0.09509684,0.9738625
501,7,21028697,0.9694907,0.00014108,0.0,1.271e-05,1.172e-05,0.66263362,0.0,0.33720087,22009,6,0.209329,0.9738625
501,8,21028698,0.97133106,0.00017004,0.0,1.253e-05,1.878e-05,0.30330606,0.0,0.69649259,60919,7,0.05775208,0.975568
501,9,21028699,0.97052748,0.00017213,0.0,1.25e-05,1.845e-05,0.29536621,0.0,0.70443072,32639,7,0.08889768,0.9759254
501,10,21028700,0.9714728,0.00016936,0.0,1.247e-05,1.943e-05,0.34409831,0.0,0.65570042,46943,7,0.0672583,0.975882
502,1,21028721,0.99440213,0.00489819,0.08120109,0.0,0.00020727,0.83473911,0.0,0.07895434,18970,6,0.08448174,16.9766297
502,2,21028722,0.98920215,0.0293266,0.86047657,0.0,0.00184749,0.10666957,0.0,0.00167978,8354,4,0.59565905,16.9765609
502,3,21028723,0.99356356,0.0117771,0.13661902,0.0,0.0005051,0.82337101,0.0,0.02772777,8893,6,0.18291639,17.0111698
502,4,21028724,0.98987372,0.03098234,0.62143598,0.0,0.00134713,0.34623411,0.0,4.5e-07,8362,4,0.44214449,16.9765627
502,5,21028725,0.99437156,0.00516845,0.07559256,0.0,0.00033793,0.85026639,0.0,0.06863467,50835,6,0.18445279,17.0111698
502,6,21028726,0.98983891,0.02517223,0.97321267,0.0,0.00161155,3.42e-06,0.0,1.3e-07,8354,4,0.97320391,16.9765609
502,7,21028727,0.98801902,0.04175271,0.64944838,0.0,0.00255193,0.2759496,0.0,0.03029738,8354,4,0.23504951,16.9765609
502,8,21028728,0.99112253,0.02233565,0.60714611,0.0,0.001201,0.36087884,0.0,0.00843839,8418,4,0.59725866,16.9766279
502,9,21028729,0.98822564,0.03560401,0.96260017,0.0,0.00179232,3.38e-06,0.0,1.3e-07,8418,4,0.96259088,16.9766279
502,10,21028730,0.98753795,0.05249107,0.94095963,0.0,6.859e-05,0.00648059,0.0,1.2e-07,10605,4,0.74349133,17.0111698
503,1,21028751,0.62916403,9.596e-05,0.0,0.9998868,3.49e-06,1.192e-05,1.82e-06,1e-08,39496,2,0.2054103,0.63039
503,2,21028752,0.96483892,0.00012274,0.0,2.021e-05,4.89e-06,0.99985039,1.7e-06,8e-08,34959,6,0.19790515,0.9691329
503,3,21028753,0.96506601,0.00010093,0.0,1.987e-05,4.07e-06,0.99987329,1.69e-06,1.4e-07,32969,6,0.17976161,0.9689836
503,4,21028754,0.96820529,0.00012535,0.0,2.07e-05,5.04e-06,0.99984715,1.74e-06,2e-08,24781,6,0.1052115,0.9705164
503,5,21028755,0.96344939,0.00014446,0.0,2.094e-05,5.25e-06,0.99982761,1.72e-06,2e-08,31881,6,0.08836396,0.9710803
503,6,21028756,0.96408914,0.00012422,0.0,2.012e-05,4.47e-06,0.99984926,1.72e-06,2.1e-07,37067,6,0.1038276,0.9689844
503,7,21028757,0.9638161,0.00011007,0.0,1.985e-05,3.41e-06,0.99986489,1.77e-06,2e-08,32841,6,0.11997421,0.9690903
503,8,21028758,0.96042385,0.00013032,0.0,2.064e-05,5.63e-06,0.99984133,1.74e-06,3.3e-07,35977,6,0.17772351,0.9690904
503,9,21028759,0.95704643,0.00012445,0.0,1.995e-05,5.28e-06,0.99984818,1.74e-06,4.1e-07,18575,6,0.13589684,0.9429835
503,10,21028760,0.9649548,0.00012463,0.0,2e-05,4.64e-06,0.99984898,1.7e-06,5e-08,37899,6,0.14294609,0.9690913
504,1,21028781,0.93291431,0.04945018,0.00343282,0.0,0.06615602,0.0,0.03973434,0.84122665,16165,7,0.13016848,2.4915503
504,2,21028782,0.93757835,0.04584957,0.00296422,0.0,0.05874901,0.0,0.03370324,0.85873396,57229,7,0.22408364,2.4896028
504,3,21028783,0.89348815,0.07188918,0.00591876,0.0,0.11365955,0.0,0.06505016,0.74348235,49061,7,0.13715238,2.4886015
504,4,21028784,0.8889842,0.07482052,0.00559817,0.0,0.13054953,0.0,0.06641533,0.72261645,48933,7,0.14680534,2.4917988
504,5,21028785,0.91342298,0.05458858,0.00348049,0.0,0.09789047,0.0,0.05374754,0.79029291,16173,7,0.1912782,2.4920473
504,6,21028786,0.9189531,0.05751421,0.00347144,0.0,0.06771013,0.0,0.05546418,0.81584005,44973,7,0.10118413,2.4895949
504,7,21028787,0.91100579,0.06169329,0.00407103,0.0,0.08138943,0.0,0.05999644,0.79284981,57133,7,0.23674668,2.4925435
504,8,21028788,0.91717417,0.0553977,0.0032476,0.0,0.09524866,0.0,0.04868363,0.79742241,16269,7,0.09208298,2.4891051
504,9,21028789,0.93276296,0.04454072,0.00280718,0.0,0.07015538,0.0,0.04105214,0.84144458,24493,7,0.08463525,2.4890992
504,10,21028790,0.93233933,0.0410363,0.003035,0.0,0.06108484,0.0,0.04591317,0.84893069,16293,7,0.15996179,2.488352
505,1,21028811,0.95278172,0.07989746,0.02077846,0.0,0.02521047,0.48304399,0.00386616,0.38720346,56066,6,0.07874476,11.4401476
505,2,21028812,0.96760555,0.04656544,0.02021537,0.0,0.01797259,0.39700416,0.00334368,0.51489876,19202,7,0.26958049,11.439154
505,3,21028813,0.96434289,0.04638929,0.02031038,0.0,0.01413827,0.53175575,0.00583499,0.38157132,20235,7,0.15407618,11.4401698
505,4,21028814,0.9715515,0.03822582,0.01440567,0.0,0.01535671,0.72698794,0.00310156,0.20192229,18314,6,0.17617608,11.4391778
505,5,21028815,0.96448616,0.05108006,0.01221545,0.0,0.01939517,0.53733055,0.00265538,0.37732339,20235,7,0.09722515,11.4401698
505,6,21028816,0.96981631,0.04249736,0.02270598,0.0,0.01677749,0.57652901,0.00361272,0.33787744,53003,6,0.07948927,11.4411618
505,7,21028817,0.95950517,0.05189901,0.02093198,0.0,0.0210399,0.61292884,0.00574923,0.28745103,23330,6,0.07541876,11.4399212
505,8,21028818,0.95163525,0.07451958,0.02394962,0.0,0.02321487,0.52813141,0.00582061,0.34436391,20003,6,0.06395662,11.4170006
505,9,21028819,0.9568132,0.0602765,0.01513796,0.0,0.02627103,0.62503598,0.0045019,0.26877663,23300,7,0.08391514,11.4398988
505,10,21028820,0.95671655,0.07215624,0.02341192,0.0,0.02039168,0.65805872,0.00472332,0.22125813,20267,6,0.07343693,11.4401486
506,1,21028841,0.95642653,9.212e-05,0.0,2.235e-05,4.2e-06,0.99987824,0.0,3.08e-06,15865,6,0.229403,0.9587171
506,2,21028842,0.95729491,0.00015095,0.0,2.248e-05,1.691e-05,0.54114602,0.0,0.45866363,32031,6,0.11481917,0.960704
506,3,21028843,0.95499611,0.00014102,0.0,2.237e-05,1.199e-05,0.61692417,0.0,0.38290046,59405,6,0.08788929,0.9586741
506,4,21028844,0.95639611,0.00014455,0.0,2.24e-05,1.479e-05,0.5464511,0.0,0.45336717,57183,7,0.06995752,0.960708
506,5,21028845,0.50490331,0.00012741,0.0,0.45426589,8.23e-06,0.38276121,0.0,0.16283725,25886,2,0.28892046,-0.0333127
506,6,21028846,0.95560333,0.00014552,0.0,2.235e-05,1.642e-05,0.62366702,0.0,0.37614869,40215,6,0.13870544,0.9581154
506,7,21028847,0.95598366,0.00011226,0.0,2.241e-05,8.53e-06,0.81516263,0.0,0.18469416,32153,6,0.16953588,0.9587172
506,8,21028848,0.95606696,0.0001565,0.0,2.248e-05,2.076e-05,0.34074942,0.0,0.65905084,23519,7,0.08961274,0.9607052
506,9,21028849,0.95665204,0.00012862,0.0,2.228e-05,1.412e-05,0.64329222,0.0,0.35654276,24057,6,0.17877929,0.9587171
506,10,21028850,0.95608071,0.00014246,0.0,2.226e-05,1.513e-05,0.45957565,0.0,0.5402445,65129,6,0.12232364,0.9586753
507,1,21028871,0.98681021,0.01677096,0.00146589,0.0,0.00579559,0.93418829,0.0,0.04177927,22165,6,0.1747516,18.0290749
507,2,21028872,0.98689922,0.02200621,0.00355591,0.0,0.0010974,0.87348185,0.0,0.09985863,17866,6,0.10871919,18.0280829
507,3,21028873,0.99596091,0.00022841,6.051e-05,0.0,9.35e-06,0.99970148,0.0,2.4e-07,42445,6,0.3348509,18.030067
507,4,21028874,0.9957656,0.00021319,9.58e-06,0.0,1.048e-05,0.9997665,0.0,2.4e-07,50634,6,0.22469882,18.0290749
507,5,21028875,0.99123449,0.01295525,0.00143456,0.0,0.00082772,0.82807683,0.0,0.15670564,44491,6,0.18161482,17.9964778
507,6,21028876,0.96478011,0.06136101,0.00024807,0.0,2.468e-05,0.93836559,0.0,6.5e-07,23875,6,0.27381396,18.0290749
507,7,21028877,0.994252,0.00636632,0.00023243,0.0,0.00027202,0.99312778,0.0,1.45e-06,11594,6,0.23015893,18.0280829
507,8,21028878,0.99015426,0.01691657,0.00429368,0.0,0.00263873,0.90164408,0.0,0.07450694,46301,6,0.21707032,18.0300679
507,9,21028879,0.96713231,0.05768821,0.00386058,0.0,0.00300981,0.92449968,0.0,0.01094172,21243,6,0.11077619,18.0295379
507,10,21028880,0.99253759,0.0052878,0.00045693,0.0,0.00220437,0.99204848,0.0,2.42e-06,54722,6,0.16162431,18.0290749
508,1,21028901,-0.01034372,0.07369993,0.00901857,0.01765482,0.04193451,0.0,0.83477857,0.0229136,4425,3,0.02401992,-0.0108146
508,2,21028902,-0.04135495,0.07560937,0.00991931,0.0280863,0.06671599,0.0,0.81966893,1e-07,82,3,0.021305,-0.0113047
508,3,21028903,0.02153581,0.08180039,0.00703421,0.03008425,0.06602898,0.0,0.75248993,0.06256224,23183,7,0.04902193,0.9574719
508,4,21028904,0.08146616,0.0668513,0.00803102,0.02527893,0.05570235,0.0,0.72514753,0.11898887,23175,7,0.04702014,0.9567469
508,5,21028905,-0.02583429,0.06706943,0.00928647,0.02383077,0.05891266,0.0,0.83157366,0.009327,80,3,0.02045779,-0.0113046
508,6,21028906,-0.02690526,0.07653088,0.00830728,0.02046603,0.06044342,0.0,0.82214812,0.01210427,1041,3,0.02406009,-0.0113046
508,7,21028907,0.00452948,0.08644201,0.00770796,0.02180169,0.05797319,0.0,0.78364238,0.04243277,23183,7,0.02723622,0.9574719
508,8,21028908,0.05264464,0.06875532,0.00622151,0.03470872,0.05190045,0.0,0.74632714,0.09208687,19079,7,0.06231858,0.9560231
508,9,21028909,-0.03688407,0.08492412,0.00619177,0.01673012,0.05596659,0.0,0.83461968,0.00156772,1282,3,0.03377022,-0.0113047
508,10,21028910,-0.03079872,0.08051864,0.00947969,0.02173947,0.05939633,0.0,0.81847268,0.0103932,776,3,0.02233943,-0.0169188
509,1,21028931,0.97237743,0.00088069,0.00396098,0.0,0.00011296,0.17803013,0.0,0.81701526,44919,7,0.08552387,0.9783744
509,2,21028932,0.96980705,0.00129469,0.00497632,0.0,0.00015945,0.13416317,0.0,0.85940637,54655,7,0.04546296,0.9786751
509,3,21028933,0.9722818,0.00084491,0.0072661,0.0,5.193e-05,0.15913926,0.0,0.83269781,11775,7,0.06328546,0.9781944
509,4,21028934,0.97278364,0.0007561,0.00405819,0.0,4.993e-05,0.11490343,0.0,0.88023235,44407,7,0.12583869,0.9783461
509,5,21028935,0.97177063,0.00071565,0.00107341,0.0,0.00010351,0.13677871,0.0,0.86132871,38775,7,0.07713813,0.9782139
509,6,21028936,0.96938611,0.00147034,0.00687498,0.0,8.368e-05,0.12936563,0.0,0.86220537,32703,7,0.0805016,0.968139
509,7,21028937,0.97327609,0.0006827,0.00181883,0.0,2.283e-05,0.15976252,0.0,0.83771313,65407,7,0.08673164,0.9787136
509,8,21028938,0.97213934,0.00090362,0.00580015,0.0,0.00012844,0.1242632,0.0,0.86890459,2047,7,0.07635363,0.9782036
509,9,21028939,0.97257348,0.0010581,0.00278588,0.0,0.00019592,0.08538689,0.0,0.91057322,20471,7,0.08204109,0.9782154
509,10,21028940,0.97097009,0.00097419,0.00520429,0.0,0.0001738,0.09806684,0.0,0.89558087,57335,7,0.06112987,0.9784648
510,1,21028961,0.99568755,0.0001958,3.49e-06,0.0,1.029e-05,0.99979022,0.0,2e-07,44117,6,0.35644977,23.5227472
510,2,21028962,0.98536043,0.03580485,0.00443654,0.0,0.00060425,0.89815763,0.0,0.06099673,19997,6,0.28589909,23.5227472
510,3,21028963,0.99557512,0.00020657,3.63e-06,0.0,1.049e-05,0.99977909,0.0,2.1e-07,9434,6,0.24856205,23.5217552
510,4,21028964,0.99591766,0.00017912,3.28e-06,0.0,8.3e-06,0.99980906,0.0,2.3e-07,19539,6,0.69251337,23.5222504
510,5,21028965,0.99560959,0.00019084,3.34e-06,0.0,8.64e-06,0.999797,0.0,1.8e-07,9427,6,0.20891709,23.5222504
510,6,21028966,0.99584263,0.00020768,4.55e-06,0.0,1.442e-05,0.99977313,0.0,2.1e-07,46532,6,0.6398182,23.5227472
510,7,21028967,0.9957597,0.00020637,3.62e-06,0.0,8.37e-06,0.99978138,0.0,2.6e-07,52315,6,0.19760801,23.5237392
510,8,21028968,0.98787338,0.01849882,0.00522059,0.0,0.00133054,0.85708896,0.0,0.11786109,13770,6,0.18778296,23.5227472
510,9,21028969,0.99519962,0.00121171,0.00037975,0.0,0.00047394,0.96566403,0.0,0.03227057,44357,6,0.16708312,23.5227472
510,10,21028970,0.9958244,0.0001857,3.59e-06,0.0,7.73e-06,0.99980282,0.0,1.6e-07,11587,6,0.51991751,23.5222504
511,1,21028991,0.94263787,0.00012167,0.0,2.089e-05,5.14e-06,0.99985073,1.55e-06,3e-08,59529,6,0.20113253,0.9466774
511,2,21028992,0.9415068,9.206e-05,0.0,2.079e-05,3.4e-06,0.99988217,1.53e-06,5e-08,40521,6,0.13747297,0.9444501
511,3,21028993,0.60938456,7.443e-05,0.0,0.9999096,2.59e-06,1.184e-05,1.54e-06,1e-08,36936,2,0.72142254,0.6139658
511,4,21028994,0.94118565,0.0001096,0.0,2.094e-05,4.62e-06,0.99986327,1.55e-06,2e-08,62027,6,0.18977326,0.9466313
511,5,21028995,0.94151957,0.00010294,0.0,2.081e-05,3.76e-06,0.99987089,1.54e-06,6e-08,39631,6,0.09915052,0.9447121
511,6,21028996,0.94262495,0.0001157,0.0,2.08e-05,4.17e-06,0.99985737,1.55e-06,4.1e-07,62473,6,0.11614772,0.9466313
511,7,21028997,0.93929042,0.00010552,0.0,2.088e-05,3.5e-06,0.99986849,1.56e-06,5e-08,39949,6,0.27293471,0.9444373
511,8,21028998,0.94027305,0.00011444,0.0,2.09e-05,3.73e-06,0.99985937,1.54e-06,2e-08,37903,6,0.22626936,0.9446413
511,9,21028999,0.93116468,0.00013025,0.0,2.147e-05,5.66e-06,0.99984105,1.54e-06,3e-08,48263,6,0.23493053,0.8944959
511,10,21029000,0.94073792,9.2e-05,0.0,2.079e-05,2.78e-06,0.99988284,1.53e-06,6e-08,36553,6,0.30097798,0.9446403
