# replicates_eh_e3.csv -- memory-two Wright-Fisher run eh_e3 (parameters: runs.csv), one row per (game, replicate),
# 5120 rows, ipt order 0..511, replicates 1..10 within a game.
# Reduced by provenance/robustness/reduce.py from the packed files eh_e3.{idx,win,rep} and atoms512.bin.
# Columns:
#   ipt      the game (data/games/games.csv)
#   rep      the replicate, 1..10
#   seed     the replicate's seed: seed_base + (isl - 1)*10 + rep, seed_base = 20000000 (runs.csv), isl from games_eh_e3.csv
#   E        the replicate's realised efficiency over its sampled second half (the .rep, 8 decimals)
#   R_abc    the share of the replicate's sampled population in the atom abc (the .rep, 8 decimals); the ten
#            replicates of a game average to the pooled S_abc of games_eh_e3.csv within 7.1e-09
#   top          the replicate's most abundant strategy over its sampled half (the .win 'rank1'): its integer code
#                0..65535 of the Methods (the genome read as a binary number; ALLD = 0, ALLC = 65535)
#   top_atom     its atom at this game as the integer code 4*efficient + 2*stable + competitive (0..7; 101 = 5 never
#                occurs); e.g. 7 = 111 (a friendly rival), 6 = 110, 4 = 100
#   top_share    its share of the replicate's sampled population (the .win 'abund')
#   top_selfpay  its per-round payoff against itself at this game (the .win 'selfpay')
ipt,rep,seed,E,R_000,R_100,R_010,R_001,R_110,R_011,R_111,top,top_atom,top_share,top_selfpay
0,1,20013661,0.98163148,0.04099013,0.01711892,7.889e-05,0.00201003,0.93973891,2.806e-05,3.506e-05,37839,6,0.29968621,0.9979854
0,2,20013662,0.98070626,0.02987856,0.00807413,7.264e-05,0.00144772,0.96044758,2.686e-05,5.251e-05,39055,6,0.11231557,0.995024
0,3,20013663,0.98079935,0.04089165,0.01611975,8.012e-05,0.00180145,0.94103967,2.717e-05,4.019e-05,35663,6,0.10721962,0.9979845
0,4,20013664,0.9810094,0.02873844,0.00857958,7.185e-05,0.00149703,0.96104189,2.656e-05,4.466e-05,32911,6,0.13815537,0.9950032
0,5,20013665,0.98090758,0.03788425,0.0135869,7.403e-05,0.00157336,0.94681216,2.493e-05,4.436e-05,55439,6,0.19124405,0.9960014
0,6,20013666,0.98050554,0.03295661,0.00947894,7.607e-05,0.00165491,0.95573884,2.799e-05,6.665e-05,55439,6,0.10569077,0.9960014
0,7,20013667,0.98123968,0.04082045,0.0166866,8.072e-05,0.0020259,0.94032212,3.031e-05,3.389e-05,37839,6,0.25693311,0.9979854
0,8,20013668,0.98117129,0.02629568,0.00699964,7.098e-05,0.00137979,0.96520155,2.563e-05,2.671e-05,37003,6,0.1355197,0.9950042
0,9,20013669,0.98136159,0.04316508,0.01872553,7.931e-05,0.00199543,0.93596518,2.844e-05,4.104e-05,37839,6,0.3585693,0.9979854
0,10,20013670,0.98013631,0.03721616,0.01139971,7.811e-05,0.00185957,0.94936061,3.056e-05,5.527e-05,39119,6,0.18712385,0.995023
1,1,20013691,0.98190291,0.04942731,0.0,0.00028859,0.00176053,0.94850087,6.4e-07,2.207e-05,42847,6,0.11834815,0.9987985
1,2,20013692,0.98172751,0.05053924,0.0,0.0002956,0.0018464,0.94729645,6.8e-07,2.163e-05,44447,6,0.10825324,0.9987953
1,3,20013693,0.981546,0.05154788,0.0,0.00029951,0.00185644,0.94627003,6.9e-07,2.546e-05,16223,6,0.10938849,0.9988027
1,4,20013694,0.98148626,0.05217149,0.0,0.000306,0.00192328,0.94557155,6.7e-07,2.702e-05,53215,6,0.1498007,0.9988017
1,5,20013695,0.9817246,0.05138471,0.0,0.00029174,0.00184821,0.94644894,6.3e-07,2.577e-05,51039,6,0.11913518,0.9987985
1,6,20013696,0.98154611,0.05163579,0.0,0.00029852,0.00185446,0.94618468,6.5e-07,2.59e-05,40799,6,0.07595338,0.9988027
1,7,20013697,0.98186576,0.04922856,0.0,0.00029277,0.00177564,0.94868166,6e-07,2.077e-05,60831,6,0.11072166,0.9987977
1,8,20013698,0.98170512,0.05096873,0.0,0.00029124,0.00189467,0.94681988,6.7e-07,2.482e-05,52191,6,0.06124442,0.9987997
1,9,20013699,0.98162509,0.05091504,0.0,0.00029529,0.00180843,0.94695588,6.5e-07,2.469e-05,29663,6,0.06222886,0.9988019
1,10,20013700,0.98171374,0.05046063,0.0,0.00029356,0.00182191,0.94740194,6.2e-07,2.134e-05,36831,6,0.09220094,0.9988017
2,1,20013721,0.98354348,0.04358876,0.01490669,8.39e-05,0.00223228,0.93914447,8.62e-06,3.529e-05,33743,6,0.43116782,0.9987793
2,2,20013722,0.98370795,0.05060434,0.01939353,8.359e-05,0.00222584,0.92764835,9.39e-06,3.496e-05,37839,6,0.29873394,0.9987803
2,3,20013723,0.98185615,0.03962305,0.01135733,8.195e-05,0.00188628,0.94699738,7.8e-06,4.621e-05,55439,6,0.21936987,0.9967962
2,4,20013724,0.98296791,0.04709202,0.01657943,8.811e-05,0.00221948,0.93396616,8.87e-06,4.592e-05,47247,6,0.13152042,0.9967962
2,5,20013725,0.98163249,0.03800649,0.00939899,8.879e-05,0.00201895,0.95044542,7.97e-06,3.339e-05,47247,6,0.44198507,0.9967962
2,6,20013726,0.98213809,0.04130583,0.01482093,8.104e-05,0.00194674,0.94177882,8.15e-06,5.849e-05,55439,6,0.30816618,0.9967962
2,7,20013727,0.9815406,0.03930507,0.0106285,9.04e-05,0.00209325,0.94780216,7.96e-06,7.266e-05,43215,6,0.47887088,0.9967941
2,8,20013728,0.98251933,0.04076485,0.0119604,8.406e-05,0.00204,0.94510842,8.12e-06,3.414e-05,33743,6,0.17686131,0.9987793
2,9,20013729,0.98168136,0.04031336,0.01015573,8.637e-05,0.00211426,0.94726078,8.53e-06,6.098e-05,55503,6,0.27656659,0.9967951
2,10,20013730,0.98163768,0.03749756,0.00893675,9.011e-05,0.00209006,0.95133314,7.69e-06,4.471e-05,47247,6,0.50216566,0.9967962
3,1,20013751,0.97836926,0.04988845,0.0,0.00037691,0.00185514,0.94783078,2.46e-05,2.413e-05,33631,6,0.0887208,0.9986126
3,2,20013752,0.97782411,0.04945545,0.0,0.000382,0.00190195,0.94820662,2.557e-05,2.841e-05,65231,6,0.06548602,0.9966301
3,3,20013753,0.97762334,0.05377417,0.0,0.00039316,0.00199786,0.94378729,2.355e-05,2.397e-05,33759,6,0.08318031,0.9986126
3,4,20013754,0.97820345,0.05106724,0.0,0.00036823,0.00186816,0.94664674,2.364e-05,2.598e-05,34783,6,0.07824318,0.9986152
3,5,20013755,0.97855477,0.04678844,0.0,0.00035997,0.00180964,0.95097662,2.35e-05,4.183e-05,55135,6,0.10126735,0.9986137
3,6,20013756,0.97799959,0.04761777,0.0,0.00035283,0.00177403,0.95020035,2.363e-05,3.14e-05,34783,6,0.07828203,0.9986152
3,7,20013757,0.97836569,0.05071955,0.0,0.00037038,0.00199377,0.946866,2.368e-05,2.661e-05,35807,6,0.12932911,0.9986126
3,8,20013758,0.97741554,0.05101247,0.0,0.00038298,0.00193767,0.9466058,2.592e-05,3.516e-05,39903,6,0.06705617,0.9986136
3,9,20013759,0.97796112,0.05180918,0.0,0.00037306,0.00191409,0.94584988,2.25e-05,3.13e-05,53215,6,0.07206797,0.9986152
3,10,20013760,0.97792314,0.05284769,0.0,0.00037767,0.00202418,0.94469792,2.283e-05,2.972e-05,33759,6,0.15465759,0.9986126
4,1,20013781,0.98418304,0.05511125,0.0,0.00020284,0.00202058,0.94263904,1.49e-06,2.479e-05,47071,6,0.12764639,0.9991142
4,2,20013782,0.98435008,0.05472322,0.0,0.00019018,0.00200619,0.94305088,1.61e-06,2.791e-05,56287,6,0.12399594,0.9991122
4,3,20013783,0.98418667,0.05489354,0.0,0.00020104,0.00197714,0.94290191,1.53e-06,2.485e-05,15327,6,0.07242443,0.9991112
4,4,20013784,0.98416015,0.05551685,0.0,0.00020169,0.0020026,0.94225108,1.54e-06,2.624e-05,43999,6,0.16969424,0.9991112
4,5,20013785,0.98415885,0.05500366,0.0,0.00020279,0.00200454,0.94276391,1.5e-06,2.36e-05,29663,6,0.0604262,0.9991131
4,6,20013786,0.98406608,0.05441563,0.0,0.00020144,0.00197726,0.9433832,1.49e-06,2.097e-05,59231,6,0.04653559,0.9991132
4,7,20013787,0.98426295,0.05486468,0.0,0.0001952,0.00198333,0.94292965,1.47e-06,2.567e-05,58335,6,0.06718258,0.9991121
4,8,20013788,0.98432661,0.05432214,0.0,0.00019688,0.00192799,0.94352645,1.46e-06,2.507e-05,30687,6,0.09031149,0.9991142
4,9,20013789,0.98416712,0.05532706,0.0,0.00019862,0.00199937,0.94244568,1.51e-06,2.776e-05,55263,6,0.07838477,0.9991142
4,10,20013790,0.98431465,0.054779,0.0,0.00019737,0.00196147,0.94303663,1.47e-06,2.405e-05,61407,6,0.09413595,0.9991132
5,1,20013811,0.98286996,0.04064643,0.01339963,5.443e-05,0.00213842,0.94369461,3.65e-05,2.998e-05,33615,6,0.14549495,0.998583
5,2,20013812,0.98282655,0.03192393,0.0094325,4.964e-05,0.00175041,0.95678552,3.443e-05,2.357e-05,37839,6,0.13230045,0.998584
5,3,20013813,0.98299523,0.02825239,0.00797432,4.784e-05,0.00146441,0.96221619,3.167e-05,1.319e-05,37839,6,0.21495422,0.998584
5,4,20013814,0.98343538,0.02837178,0.00809174,4.906e-05,0.00157567,0.96186407,3.058e-05,1.71e-05,33615,6,0.12990457,0.998583
5,5,20013815,0.98283495,0.02485463,0.00655413,4.504e-05,0.0013889,0.96710177,3.138e-05,2.416e-05,37003,6,0.12858446,0.9953059
5,6,20013816,0.98297296,0.04170483,0.01464665,5.388e-05,0.00190549,0.94162334,3.109e-05,3.472e-05,37839,6,0.17935272,0.998584
5,7,20013817,0.98454299,0.04166023,0.01505022,5.553e-05,0.0024004,0.94077154,3.74e-05,2.468e-05,33743,6,0.74898047,0.998583
5,8,20013818,0.98295257,0.05053466,0.01857437,5.892e-05,0.0021522,0.92861322,2.919e-05,3.743e-05,33615,6,0.37610672,0.998583
5,9,20013819,0.98337044,0.0484165,0.01787135,5.785e-05,0.00240809,0.93118109,3.684e-05,2.828e-05,33743,6,0.22530829,0.998583
5,10,20013820,0.98283454,0.03610956,0.01148001,5.154e-05,0.00200869,0.95027648,3.648e-05,3.724e-05,37839,6,0.27230573,0.998584
6,1,20013841,0.98048275,0.04600097,0.0,0.00087726,0.00167897,0.95140675,1.241e-05,2.365e-05,57311,6,0.12355007,0.9983906
6,2,20013842,0.98064896,0.04424642,0.0,0.00086641,0.0016713,0.95318156,1.298e-05,2.133e-05,32735,6,0.1025087,0.9983906
6,3,20013843,0.98069143,0.044952,0.0,0.0008656,0.00162995,0.95251917,1.282e-05,2.047e-05,52191,6,0.09150222,0.9983876
6,4,20013844,0.98081425,0.04403632,0.0,0.00085171,0.00160252,0.95347722,1.262e-05,1.961e-05,38879,6,0.06022949,0.9983906
6,5,20013845,0.98079895,0.04402333,0.0,0.0008548,0.00164614,0.95344248,1.284e-05,2.04e-05,15327,6,0.0550903,0.9983876
6,6,20013846,0.98102146,0.04371283,0.0,0.0008346,0.00158159,0.95383601,1.231e-05,2.265e-05,33631,6,0.07496731,0.9983872
6,7,20013847,0.98057553,0.04483693,0.0,0.00087107,0.00166494,0.95259099,1.29e-05,2.317e-05,62431,6,0.10596936,0.9983902
6,8,20013848,0.98094539,0.04313503,0.0,0.00084215,0.00151657,0.95447659,1.274e-05,1.691e-05,35807,6,0.10019533,0.9983872
6,9,20013849,0.98092499,0.04422393,0.0,0.00084798,0.00163512,0.9532603,1.241e-05,2.025e-05,40927,6,0.12281057,0.9983906
6,10,20013850,0.98074244,0.04398448,0.0,0.00084951,0.00165839,0.95347417,1.289e-05,2.057e-05,58335,6,0.10171347,0.9983892
7,1,20013871,0.98353897,0.04514246,0.01498751,0.00010332,0.00186144,0.93784625,8.54e-06,5.049e-05,55439,6,0.32740618,0.9972549
7,2,20013872,0.98335487,0.04788177,0.01474659,0.00011726,0.00218937,0.93502783,8.72e-06,2.845e-05,47311,6,0.38449044,0.9972542
7,3,20013873,0.9835793,0.0479371,0.0150451,0.00011173,0.00215514,0.93470874,9.02e-06,3.317e-05,51343,6,0.17648771,0.9972539
7,4,20013874,0.98364431,0.04991545,0.01572448,0.00011399,0.00222686,0.931971,9.31e-06,3.891e-05,55503,6,0.11700351,0.9972542
7,5,20013875,0.98374413,0.04814861,0.01555242,0.00010994,0.00201527,0.93412151,8.98e-06,4.327e-05,55503,6,0.12109069,0.9972542
7,6,20013876,0.98386247,0.04641956,0.01480114,0.00010638,0.00203247,0.93658398,9.08e-06,4.738e-05,51407,6,0.29880841,0.9972532
7,7,20013877,0.98308717,0.04189454,0.01165545,0.00010966,0.00190609,0.94440228,7.96e-06,2.404e-05,47311,6,0.19747775,0.9972542
7,8,20013878,0.98614307,0.05551225,0.02295773,0.00016933,0.0022309,0.91882466,1.012e-05,0.00029501,37839,6,0.40830445,0.9992389
7,9,20013879,0.98632187,0.0539219,0.0219532,0.00010669,0.00235183,0.92162397,9.79e-06,3.262e-05,33743,6,0.33686339,0.9992379
7,10,20013880,0.98324808,0.04435904,0.0154446,0.00010824,0.00192333,0.93811113,8.63e-06,4.503e-05,57483,6,0.09330352,0.9976257
8,1,20013901,0.98134708,0.03554584,0.01516178,7.222e-05,0.00198068,0.94716987,4.411e-05,2.552e-05,33743,6,0.5422146,0.9974422
8,2,20013902,0.98044875,0.01738873,0.0038372,6.24e-05,0.00112441,0.97753022,4.139e-05,1.566e-05,32911,6,0.10630643,0.99473
8,3,20013903,0.98040571,0.01899304,0.00421864,6.245e-05,0.00136611,0.975295,4.313e-05,2.164e-05,32907,6,0.1782681,0.9947299
8,4,20013904,0.98107755,0.03933556,0.01743152,7.465e-05,0.00208853,0.94099292,4.555e-05,3.127e-05,33743,6,0.31168191,0.9974422
8,5,20013905,0.97914487,0.0463777,0.01999477,7.516e-05,0.0020324,0.93143431,4.607e-05,3.959e-05,39887,6,0.20356618,0.9974433
8,6,20013906,0.98036694,0.01802788,0.0039607,6.302e-05,0.00106731,0.97682739,4.009e-05,1.361e-05,37007,6,0.12462428,0.994731
8,7,20013907,0.98035194,0.04024809,0.01728736,7.459e-05,0.00177525,0.94054603,4.053e-05,2.815e-05,37711,6,0.45281932,0.9974432
8,8,20013908,0.97941737,0.03319526,0.01271395,6.871e-05,0.00155931,0.95238506,4.558e-05,3.213e-05,55247,6,0.14716721,0.9974441
8,9,20013909,0.98127687,0.0370919,0.01617084,7.353e-05,0.00206165,0.94452904,4.54e-05,2.764e-05,37839,6,0.47368704,0.9974432
8,10,20013910,0.97971662,0.0349303,0.01352734,6.959e-05,0.00167795,0.94971885,4.42e-05,3.176e-05,51151,6,0.15153067,0.9974431
9,1,20013931,0.98324383,0.046684,0.0,0.00063806,0.00167633,0.95097994,0.0,2.167e-05,62879,6,0.057819,0.9987304
9,2,20013932,0.98363283,0.04684675,0.0,0.00062373,0.00170488,0.95080325,0.0,2.139e-05,29663,6,0.07679034,0.9987336
9,3,20013933,0.98339398,0.04645774,0.0,0.0006303,0.00169645,0.95119584,0.0,1.968e-05,51167,6,0.06898321,0.9987333
9,4,20013934,0.98353236,0.04625794,0.0,0.00062384,0.00165475,0.95144543,0.0,1.804e-05,32607,6,0.04542773,0.9987344
9,5,20013935,0.98345733,0.04717719,0.0,0.00063296,0.0017333,0.95043308,0.0,2.347e-05,35807,6,0.07773181,0.9987306
9,6,20013936,0.98318536,0.04658952,0.0,0.00064271,0.00170584,0.95104533,0.0,1.66e-05,59359,6,0.06209639,0.9987334
9,7,20013937,0.98299527,0.0471368,0.0,0.00065452,0.00177169,0.95041696,0.0,2.004e-05,65375,6,0.05128253,0.9987344
9,8,20013938,0.9834971,0.04607035,0.0,0.00062499,0.00163975,0.95164309,0.0,2.182e-05,60383,6,0.06511777,0.9987326
9,9,20013939,0.98343764,0.04742515,0.0,0.00063864,0.0017106,0.95020397,0.0,2.164e-05,16223,6,0.07135603,0.9987343
9,10,20013940,0.98324334,0.04635926,0.0,0.00064183,0.00170928,0.95126823,0.0,2.14e-05,29151,6,0.11468616,0.9987304
10,1,20013961,0.98477478,0.02284361,0.01086986,4.969e-05,0.00151522,0.96470017,6.81e-06,1.463e-05,32975,6,0.13208003,0.9957346
10,2,20013962,0.98489434,0.02343354,0.01145699,0.0002179,0.001432,0.96343653,6.64e-06,1.641e-05,37273,6,0.1274281,0.9977224
10,3,20013963,0.98497372,0.02197037,0.00903042,4.863e-05,0.00158731,0.96733631,6.53e-06,2.044e-05,37067,6,0.10360877,0.9957356
10,4,20013964,0.98531566,0.0234594,0.0090655,5.242e-05,0.001736,0.96565123,6.91e-06,2.855e-05,37145,6,0.20549665,0.997723
10,5,20013965,0.98536795,0.0223727,0.00761269,6.406e-05,0.00135396,0.96857735,8.11e-06,1.113e-05,37273,6,0.44104039,0.9977224
10,6,20013966,0.98448513,0.02603289,0.01155839,0.00013885,0.00206063,0.96014271,2.786e-05,3.868e-05,37071,6,0.15854843,0.9957356
10,7,20013967,0.98524274,0.02005786,0.00809705,4.611e-05,0.00124193,0.97053926,6e-06,1.179e-05,36937,6,0.2072483,0.9957367
10,8,20013968,0.98508233,0.02331549,0.01078341,5.07e-05,0.00121858,0.9646093,6.3e-06,1.621e-05,36937,6,0.1402026,0.9957367
10,9,20013969,0.98477374,0.02212761,0.01022482,0.00034917,0.00130129,0.96597635,6.19e-06,1.456e-05,32905,6,0.11453018,0.9957349
10,10,20013970,0.98463042,0.02445071,0.01102265,0.00069939,0.00186595,0.96192611,6.94e-06,2.824e-05,32911,6,0.18708992,0.9957349
11,1,20013991,0.97871334,0.04367173,0.0,0.00051438,0.00157027,0.95417308,4.923e-05,2.131e-05,38879,6,0.11203825,0.9981748
11,2,20013992,0.97952063,0.04022862,0.0,0.00049057,0.00141693,0.95779643,4.906e-05,1.839e-05,38303,6,0.12716835,0.9981668
11,3,20013993,0.97851536,0.04398291,0.0,0.00054104,0.00163456,0.95376987,4.996e-05,2.165e-05,51679,6,0.09709354,0.9981662
11,4,20013994,0.97956476,0.04087448,0.0,0.00050082,0.00141423,0.95714214,4.801e-05,2.032e-05,39391,6,0.0972559,0.9981668
11,5,20013995,0.97957889,0.03981243,0.0,0.00049586,0.00128111,0.95834631,4.85e-05,1.578e-05,38175,6,0.13201602,0.9981668
11,6,20013996,0.97883055,0.04312368,0.0,0.00051028,0.00153958,0.95475899,4.595e-05,2.152e-05,22367,6,0.1575725,0.99817
11,7,20013997,0.97829045,0.0452833,0.0,0.00053744,0.00164875,0.95245761,4.894e-05,2.396e-05,52191,6,0.07234894,0.9981718
11,8,20013998,0.97967514,0.04028611,0.0,0.00050107,0.00148346,0.95766022,4.816e-05,2.099e-05,39391,6,0.09061839,0.9981668
11,9,20013999,0.97909813,0.04244549,0.0,0.00051209,0.00149717,0.95547754,4.745e-05,2.025e-05,35807,6,0.11136521,0.9981716
11,10,20014000,0.97904893,0.04221271,0.0,0.00052314,0.00149809,0.95569693,4.872e-05,2.041e-05,22495,6,0.07886857,0.9981748
12,1,20014021,0.98809777,0.05935461,0.0,5.901e-05,0.00216414,0.93839624,1.54e-06,2.447e-05,48095,6,0.0691053,0.9994775
12,2,20014022,0.98799509,0.0592656,0.0,6.072e-05,0.00217583,0.93846964,1.81e-06,2.64e-05,42975,6,0.06790703,0.9994785
12,3,20014023,0.98797066,0.05853939,0.0,6.019e-05,0.00209142,0.93928053,1.72e-06,2.674e-05,53215,6,0.07318518,0.9994785
12,4,20014024,0.98795848,0.05829095,0.0,5.822e-05,0.00207619,0.9395447,1.67e-06,2.828e-05,59359,6,0.11387674,0.9994785
12,5,20014025,0.98797547,0.05893944,0.0,6.013e-05,0.00211597,0.93885461,1.8e-06,2.805e-05,62431,6,0.05991466,0.999478
12,6,20014026,0.98793122,0.05790494,0.0,5.799e-05,0.00205631,0.93994936,1.73e-06,2.966e-05,63967,6,0.06398961,0.9994755
12,7,20014027,0.98792676,0.05820207,0.0,5.993e-05,0.00209942,0.93961184,1.72e-06,2.502e-05,29663,6,0.09024383,0.999478
12,8,20014028,0.98805978,0.0591213,0.0,5.778e-05,0.00210727,0.93868132,1.61e-06,3.072e-05,39903,6,0.11740622,0.999476
12,9,20014029,0.98782225,0.05706043,0.0,5.819e-05,0.00206041,0.9407947,1.57e-06,2.469e-05,33759,6,0.0780762,0.999475
12,10,20014030,0.98790519,0.05778186,0.0,6.09e-05,0.00209234,0.94003546,1.73e-06,2.771e-05,56287,6,0.04528708,0.9994775
13,1,20014051,0.98225719,0.01820968,0.00390857,2.288e-05,0.00155472,0.97623332,5.271e-05,1.811e-05,32975,6,0.19280132,0.9951699
13,2,20014052,0.98238726,0.03468316,0.011623,2.769e-05,0.00235061,0.95122739,6.082e-05,2.733e-05,37839,6,0.21427197,0.9983178
13,3,20014053,0.98247233,0.02415345,0.00667806,2.463e-05,0.00190964,0.96715658,5.971e-05,1.793e-05,37839,6,0.24646905,0.9983178
13,4,20014054,0.98222397,0.01965232,0.00387141,2.323e-05,0.00205119,0.97431499,6.122e-05,2.564e-05,37007,6,0.3235009,0.9951717
13,5,20014055,0.98346338,0.03942175,0.0143279,2.968e-05,0.00242803,0.9437113,5.817e-05,2.318e-05,33743,6,0.55356678,0.9983168
13,6,20014056,0.9836656,0.03837548,0.01380954,2.998e-05,0.00244315,0.94525915,5.893e-05,2.376e-05,33743,6,0.65187093,0.9983168
13,7,20014057,0.98287371,0.03299341,0.01099396,2.766e-05,0.00218365,0.95372078,6.042e-05,2.011e-05,33743,6,0.44066381,0.9983168
13,8,20014058,0.98242897,0.03892343,0.01364344,2.895e-05,0.00248116,0.94483049,6.371e-05,2.882e-05,33743,6,0.47677792,0.9983168
13,9,20014059,0.98351239,0.03916443,0.0141814,3.021e-05,0.0024726,0.94406963,5.992e-05,2.18e-05,33743,6,0.56129258,0.9983168
13,10,20014060,0.98246878,0.01701887,0.00323463,2.269e-05,0.00142176,0.97823474,5.418e-05,1.313e-05,32971,6,0.15897104,0.9951699
14,1,20014081,0.98249509,0.0397639,0.0,0.00140271,0.00144453,0.95735742,1.124e-05,2.02e-05,56287,6,0.09099235,0.9982363
14,2,20014082,0.98263879,0.03902874,0.0,0.00137422,0.00148447,0.95808313,1.131e-05,1.812e-05,33759,6,0.12415794,0.998235
14,3,20014083,0.98255789,0.03946266,0.0,0.00139881,0.00146305,0.95764431,1.129e-05,1.988e-05,60383,6,0.0642061,0.998237
14,4,20014084,0.98249258,0.03936637,0.0,0.00140649,0.00145274,0.95774591,1.131e-05,1.718e-05,48095,6,0.07559814,0.9982363
14,5,20014085,0.9826397,0.03912346,0.0,0.00138123,0.00143804,0.95802625,1.128e-05,1.975e-05,53087,6,0.08830001,0.9982373
14,6,20014086,0.98256181,0.03874898,0.0,0.00139309,0.00140542,0.95842356,1.132e-05,1.763e-05,57823,6,0.07975482,0.9982333
14,7,20014087,0.98250306,0.039512,0.0,0.00141422,0.00143487,0.95761014,1.128e-05,1.75e-05,16351,6,0.07726864,0.9982383
14,8,20014088,0.98255054,0.03946518,0.0,0.0013995,0.00147275,0.95763341,1.125e-05,1.791e-05,61919,6,0.06035244,0.9982343
14,9,20014089,0.98258904,0.03903078,0.0,0.00138895,0.00141365,0.95813538,1.135e-05,1.988e-05,36703,6,0.11328487,0.9982373
14,10,20014090,0.98259418,0.03939351,0.0,0.00139454,0.00142286,0.95775768,1.131e-05,2.011e-05,57311,6,0.06636011,0.9982383
15,1,20014111,0.987322,0.04311261,0.01006232,0.00015216,0.00147488,0.94516387,2.105e-05,1.311e-05,37657,6,0.2391381,0.9979909
15,2,20014112,0.98666823,0.07161572,0.0146493,0.00021507,0.00261249,0.91086896,1.661e-05,2.184e-05,37145,6,0.23655911,0.9979922
15,3,20014113,0.98776734,0.08765967,0.01875173,0.00046766,0.00343942,0.88954592,5.562e-05,7.998e-05,51855,6,0.46755289,0.9979858
15,4,20014114,0.98777933,0.08705468,0.01867935,0.00046701,0.00346453,0.89018361,5.732e-05,9.349e-05,55951,6,0.88083246,0.9979868
15,5,20014115,0.98768986,0.09871269,0.01869739,0.00046423,0.00328054,0.87871588,5.232e-05,7.696e-05,55951,6,0.4617933,0.9979868
15,6,20014116,0.98776821,0.0866787,0.01883595,0.00049914,0.00341847,0.89042225,5.702e-05,8.847e-05,51855,6,0.88144361,0.9979858
15,7,20014117,0.98798056,0.04684744,0.01137355,0.0002284,0.00199446,0.93949161,3.956e-05,2.497e-05,37657,6,0.76905008,0.9979909
15,8,20014118,0.9877641,0.08690584,0.01886997,0.0004816,0.00341745,0.89017125,5.553e-05,9.837e-05,51855,6,0.71793458,0.9979858
15,9,20014119,0.9868293,0.07379817,0.01600915,0.00031577,0.00323783,0.90658317,3.209e-05,2.382e-05,39705,6,0.25218961,0.9979881
15,10,20014120,0.98777425,0.08733936,0.01890606,0.00046265,0.00345478,0.8896778,5.986e-05,9.949e-05,55951,6,0.75174493,0.9979868
16,1,20014141,0.97860288,0.01749493,0.00361451,9.743e-05,0.00089574,0.97780699,6.909e-05,2.131e-05,36873,6,0.16047228,0.9943214
16,2,20014142,0.97827057,0.03261251,0.01658107,0.00010517,0.00142723,0.94916771,7.645e-05,2.986e-05,53071,6,0.10860899,0.9966172
16,3,20014143,0.97838711,0.0145692,0.00255737,9.657e-05,0.00086175,0.98183637,6.943e-05,9.31e-06,32971,6,0.1927286,0.994312
16,4,20014144,0.97848327,0.01632834,0.00322886,9.804e-05,0.00099231,0.97926763,7.088e-05,1.393e-05,32907,6,0.10417719,0.9943137
16,5,20014145,0.97836833,0.01788222,0.00484673,0.0001001,0.00081434,0.97627413,6.717e-05,1.531e-05,32971,6,0.11024608,0.994312
16,6,20014146,0.9783238,0.01661186,0.00343614,9.797e-05,0.00084769,0.97892176,7.069e-05,1.39e-05,32779,6,0.15073812,0.9943204
16,7,20014147,0.978111,0.02473795,0.00825137,0.00010456,0.00127303,0.96552398,8.051e-05,2.86e-05,52175,6,0.15608611,0.9966169
16,8,20014148,0.97841296,0.01591801,0.00310317,9.765e-05,0.00087289,0.97992518,6.784e-05,1.526e-05,32783,6,0.18798305,0.9943204
16,9,20014149,0.97808564,0.01659792,0.00337982,0.0006978,0.00079893,0.97844323,6.957e-05,1.274e-05,36873,6,0.14840328,0.9943214
16,10,20014150,0.97858973,0.02346294,0.00961572,0.00070048,0.00106284,0.96507074,6.829e-05,1.899e-05,37839,6,0.11082634,0.9966173
17,1,20014171,0.98620639,0.04360563,0.0,9.521e-05,0.00587506,0.10940117,0.0,0.84102293,39903,7,0.05129075,0.998998
17,2,20014172,0.98624014,0.04399108,0.0,9.816e-05,0.00590232,0.04385898,0.0,0.90614945,45023,7,0.09324737,0.999
17,3,20014173,0.9862031,0.04316569,0.0,9.603e-05,0.00572902,0.22428428,0.0,0.72672498,64927,6,0.07380399,0.998997
17,4,20014174,0.98623364,0.04401121,0.0,9.451e-05,0.00588896,0.16785909,0.0,0.78214623,34783,6,0.10288236,0.999
17,5,20014175,0.98616432,0.04307169,0.0,9.394e-05,0.005795,0.2144923,0.0,0.73654707,63903,6,0.04581135,0.998998
17,6,20014176,0.98618153,0.04324763,0.0,9.508e-05,0.00582637,0.16963928,0.0,0.78119164,32607,7,0.05518747,0.999001
17,7,20014177,0.98622018,0.04343046,0.0,9.276e-05,0.0058922,0.11209149,0.0,0.83849309,32735,7,0.0836741,0.999001
17,8,20014178,0.98618502,0.04308482,0.0,9.431e-05,0.0057225,0.14092057,0.0,0.8101778,62303,7,0.07695973,0.999
17,9,20014179,0.98620848,0.04351764,0.0,9.021e-05,0.00591911,0.0956399,0.0,0.85483314,31711,7,0.03821929,0.999
17,10,20014180,0.98615341,0.04291937,0.0,9.42e-05,0.00567997,0.22014955,0.0,0.73115691,42975,7,0.04974339,0.999
18,1,20014201,0.98526993,0.02107568,0.00777286,1.532e-05,0.0018842,0.9691887,3.784e-05,2.541e-05,36877,6,0.13769549,0.9957496
18,2,20014202,0.98520656,0.02046258,0.0081348,1.603e-05,0.00135575,0.9699811,3.715e-05,1.259e-05,36873,6,0.13493846,0.9957496
18,3,20014203,0.98525241,0.02022142,0.00796191,1.553e-05,0.00136664,0.9703841,3.662e-05,1.378e-05,32845,6,0.12149443,0.9957484
18,4,20014204,0.98515643,0.02075394,0.00810888,1.54e-05,0.00156997,0.96949343,3.794e-05,2.044e-05,37007,6,0.14063831,0.9957486
18,5,20014205,0.98516029,0.01992304,0.00788251,1.569e-05,0.00124262,0.97088859,3.862e-05,8.93e-06,32909,6,0.28751777,0.9957476
18,6,20014206,0.98528509,0.02140807,0.00920143,1.531e-05,0.00131583,0.9680063,3.296e-05,2.01e-05,32845,6,0.17405392,0.9957484
18,7,20014207,0.98541508,0.0192075,0.00736273,3.018e-05,0.00128691,0.97206364,3.456e-05,1.447e-05,32841,6,0.17116929,0.9957484
18,8,20014208,0.9850199,0.02217221,0.00841386,1.61e-05,0.00207488,0.96725252,4.189e-05,2.854e-05,37067,6,0.12805677,0.9957483
18,9,20014209,0.98515485,0.02092133,0.00906979,1.561e-05,0.00145542,0.96838014,3.89e-05,0.0001188,32969,6,0.13757324,0.9957473
18,10,20014210,0.9851632,0.02054401,0.00829414,1.693e-05,0.00150345,0.96958955,3.761e-05,1.432e-05,32847,6,0.16443559,0.9957484
19,1,20014231,0.97965196,0.03794428,0.0,0.00157381,0.00136957,0.95904196,5.077e-05,1.962e-05,56287,6,0.08245978,0.9978808
19,2,20014232,0.97967669,0.03742532,0.0,0.00157486,0.00134634,0.95958541,5.135e-05,1.672e-05,48095,6,0.06717508,0.9978808
19,3,20014233,0.9798036,0.03662873,0.0,0.00154765,0.00126077,0.96049502,5.096e-05,1.687e-05,40927,6,0.09212608,0.9978828
19,4,20014234,0.97978261,0.03629603,0.0,0.00157305,0.00122635,0.96083728,5.157e-05,1.572e-05,56735,6,0.15445067,0.9978746
19,5,20014235,0.97959772,0.03741388,0.0,0.00157444,0.00135155,0.95959068,5.163e-05,1.782e-05,16351,6,0.1373845,0.9978828
19,6,20014236,0.9795316,0.0385076,0.0,0.00157739,0.00138806,0.958458,5.122e-05,1.773e-05,61407,6,0.07525625,0.9978818
19,7,20014237,0.97963692,0.03835816,0.0,0.00157151,0.00137002,0.95863117,5.107e-05,1.808e-05,55263,6,0.15859457,0.9978828
19,8,20014238,0.97956674,0.03699694,0.0,0.00158502,0.00132007,0.96002869,5.143e-05,1.785e-05,30111,6,0.11799136,0.9978788
19,9,20014239,0.97965653,0.03788799,0.0,0.00157992,0.00137161,0.95909221,5.148e-05,1.678e-05,61919,6,0.09879189,0.9978788
19,10,20014240,0.97977342,0.03698349,0.0,0.00155043,0.00127032,0.96012633,5.056e-05,1.887e-05,16351,6,0.07167984,0.9978828
20,1,20014261,0.98619527,0.05019188,0.02287789,0.00010643,0.00179474,0.92498478,8.66e-06,3.562e-05,55503,6,0.21562416,0.9978358
20,2,20014262,0.98636356,0.05488098,0.02638088,0.00010947,0.00212228,0.91644792,1e-05,4.847e-05,55439,6,0.30693975,0.997836
20,3,20014263,0.9860569,0.05274583,0.02422489,0.00010807,0.00203112,0.92083994,9.45e-06,4.07e-05,47247,6,0.22600111,0.997836
20,4,20014264,0.98619183,0.05291241,0.02463132,0.00011167,0.00208484,0.92021832,9.18e-06,3.227e-05,47247,6,0.19476826,0.997836
20,5,20014265,0.98613523,0.05312852,0.0259168,0.00011114,0.00204765,0.91875803,9.09e-06,2.876e-05,47311,6,0.18914484,0.9978358
20,6,20014266,0.9862105,0.05176352,0.02455788,0.00010743,0.0019028,0.92161994,8.77e-06,3.964e-05,51407,6,0.15558275,0.9978348
20,7,20014267,0.98605737,0.05272758,0.02547441,0.00011033,0.00198953,0.91965719,9.07e-06,3.188e-05,47311,6,0.11775121,0.9978358
20,8,20014268,0.98648663,0.04785402,0.02154914,0.00010766,0.00163942,0.9288206,8.29e-06,2.087e-05,39385,6,0.2804839,0.9979191
20,9,20014269,0.98603687,0.05005507,0.02450026,0.00010801,0.00172953,0.92356628,8.48e-06,3.237e-05,39257,6,0.10371223,0.9979148
20,10,20014270,0.98622509,0.05109397,0.02341428,0.00011094,0.00193619,0.92340953,9.08e-06,2.602e-05,43215,6,0.5232897,0.9978348
21,1,20014291,0.98033174,0.01687608,0.00288433,4.865e-05,0.00145974,0.97861247,0.00010342,1.53e-05,32907,6,0.15853233,0.9948024
21,2,20014292,0.98046082,0.0168362,0.00292768,4.873e-05,0.00133601,0.97873997,9.431e-05,1.71e-05,32911,6,0.12931601,0.9948024
21,3,20014293,0.9805269,0.01588352,0.00276931,4.952e-05,0.00115665,0.98002905,9.776e-05,1.419e-05,37007,6,0.13400295,0.9948034
21,4,20014294,0.98078965,0.02470172,0.00727189,5.583e-05,0.00175414,0.96609696,0.00010441,1.505e-05,37839,6,0.39533828,0.997587
21,5,20014295,0.98132022,0.02760326,0.00921594,6.108e-05,0.00173381,0.96128563,8.413e-05,1.616e-05,33615,6,0.40260314,0.997586
21,6,20014296,0.98051703,0.016729,0.0028038,4.835e-05,0.00160026,0.97870229,0.00010164,1.466e-05,37071,6,0.21819748,0.9948022
21,7,20014297,0.98054636,0.02628665,0.00794858,5.677e-05,0.00167696,0.96391839,9.56e-05,1.705e-05,33743,6,0.35522189,0.997586
21,8,20014298,0.98058867,0.01560501,0.00274569,4.906e-05,0.0011747,0.98031203,9.284e-05,2.067e-05,32909,6,0.12430563,0.9948024
21,9,20014299,0.98060844,0.01594314,0.00270981,4.88e-05,0.00132265,0.97986836,9.334e-05,1.39e-05,37067,6,0.14420423,0.9948022
21,10,20014300,0.9805541,0.03485959,0.01231948,6.213e-05,0.00200766,0.95063589,9.107e-05,2.418e-05,37839,6,0.28405029,0.997587
22,1,20014321,0.98438166,0.03486038,0.0,0.000615,0.0052631,0.15953005,0.0,0.79973147,61407,7,0.06177441,0.9983535
22,2,20014322,0.98420362,0.03445124,0.0,0.00062049,0.00534647,0.13317907,0.0,0.82640273,56703,7,0.03783814,0.9983545
22,3,20014323,0.98433732,0.03499627,0.0,0.00061538,0.00535595,0.11869404,0.0,0.84033837,40927,7,0.05384003,0.9983545
22,4,20014324,0.98428869,0.03503814,0.0,0.00061868,0.00541784,0.09821192,0.0,0.86071342,61407,7,0.04326007,0.9983535
22,5,20014325,0.98419484,0.0346971,0.0,0.00062205,0.00536807,0.0874646,0.0,0.87184819,53087,7,0.07109547,0.9983535
22,6,20014326,0.98433373,0.03511675,0.0,0.00061944,0.00531096,0.11935654,0.0,0.83959631,39903,7,0.04147637,0.9983521
22,7,20014327,0.98432943,0.03524543,0.0,0.00061884,0.00534894,0.08539777,0.0,0.87338902,43999,7,0.0925763,0.9983515
22,8,20014328,0.98431628,0.03466573,0.0,0.00061696,0.00522199,0.14688299,0.0,0.81261232,35807,7,0.0445828,0.9983511
22,9,20014329,0.98421272,0.03496987,0.0,0.00062266,0.00537617,0.08119974,0.0,0.87783157,30687,7,0.04399637,0.9983545
22,10,20014330,0.98426963,0.03449293,0.0,0.00061868,0.00522266,0.19055708,0.0,0.76910865,16351,7,0.04491342,0.9983545
23,1,20014351,0.98644394,0.05023178,0.00342233,0.00030326,0.00337547,0.94157345,0.0,0.00109371,56075,6,0.64125647,1.0938377
23,2,20014352,0.98684965,0.04754716,0.00309074,0.00029871,0.00334066,0.94451259,0.0,0.00121014,51979,6,0.57921314,1.0938367
23,3,20014353,0.98657726,0.04978384,0.00320111,0.00030445,0.00345141,0.9419874,0.0,0.0012718,56075,6,0.36727951,1.0938377
23,4,20014354,0.98646665,0.05140239,0.00336196,0.00030466,0.00345097,0.94019503,0.0,0.00128499,56075,6,0.74619462,1.0938377
23,5,20014355,0.98643126,0.05082077,0.00354532,0.00030472,0.00342584,0.9405834,0.0,0.00131994,56075,6,0.43375214,1.0938377
23,6,20014356,0.98650368,0.0514656,0.00341339,0.00030089,0.0034595,0.93990677,0.0,0.00145385,56075,6,0.41265505,1.0938377
23,7,20014357,0.98549598,0.04367644,0.00289329,0.00030934,0.00229814,0.93679114,0.0,0.01403165,56653,6,0.51219422,1.0938389
23,8,20014358,0.98378009,0.03885612,0.00228192,0.00032005,0.00133213,0.95717835,0.0,3.143e-05,44365,6,0.95219851,1.0938379
23,9,20014359,0.98665403,0.0504896,0.00348402,0.00029926,0.0034156,0.94033722,0.0,0.00197431,51979,6,0.47523629,1.0938367
23,10,20014360,0.98658918,0.04862054,0.00345597,0.00029807,0.00333851,0.92157955,0.0,0.02270736,53003,6,0.48951108,1.0938379
24,1,20014381,0.9778083,0.03706424,0.0,0.00053428,0.00136358,0.96094094,7.903e-05,1.793e-05,35295,6,0.09205078,0.997869
24,2,20014382,0.97895305,0.03365313,0.0,0.00049374,0.00122018,0.96454141,7.489e-05,1.667e-05,37279,6,0.18259195,0.997872
24,3,20014383,0.97778725,0.03908399,0.0,0.00051619,0.00140943,0.95889473,7.375e-05,2.192e-05,23519,6,0.10368289,0.9978749
24,4,20014384,0.97831169,0.03665612,0.0,0.00049366,0.00121242,0.96154746,7.405e-05,1.628e-05,35231,6,0.09857519,0.9978711
24,5,20014385,0.97913408,0.03303667,0.0,0.00046921,0.00103944,0.96536985,6.975e-05,1.509e-05,23007,6,0.1554259,0.9978677
24,6,20014386,0.97709905,0.02909028,0.0,0.00047081,0.00113644,0.96920838,7.707e-05,1.701e-05,61647,6,0.06049548,0.9958797
24,7,20014387,0.97870666,0.03517054,0.0,0.00047778,0.00130528,0.9629534,7.547e-05,1.754e-05,6111,6,0.16255915,0.9978759
24,8,20014388,0.97930512,0.03079781,0.0,0.00046479,0.00089898,0.96775571,7.365e-05,9.05e-06,40351,6,0.14036845,0.99787
24,9,20014389,0.97815757,0.03615475,0.0,0.00051829,0.00126828,0.96196448,7.526e-05,1.893e-05,52063,6,0.10100268,0.9978728
24,10,20014390,0.97794062,0.03682626,0.0,0.00051294,0.00138201,0.96118312,7.763e-05,1.805e-05,33247,6,0.16574529,0.9978689
25,1,20014411,0.98968672,0.04839572,0.0,0.0,0.00607407,0.07485023,0.0,0.87067997,14303,7,0.04307186,0.9994443
25,2,20014412,0.98975523,0.04857565,0.0,0.0,0.00606621,0.09016038,0.0,0.85519775,30687,7,0.05697077,0.9994443
25,3,20014413,0.98972198,0.04828116,0.0,0.0,0.00613351,0.04471574,0.0,0.9008696,63359,7,0.05184513,0.9994449
25,4,20014414,0.98971555,0.04836985,0.0,0.0,0.00598489,0.08437493,0.0,0.86127032,47071,7,0.04821797,0.9994443
25,5,20014415,0.98983017,0.04824194,0.0,0.0,0.00599314,0.13436732,0.0,0.81139759,40831,7,0.0606243,0.9994449
25,6,20014416,0.98961165,0.04845748,0.0,0.0,0.006104,0.10057249,0.0,0.84486603,46943,7,0.06930728,0.9994424
25,7,20014417,0.98971124,0.04858387,0.0,0.0,0.0060745,0.09399683,0.0,0.85134479,65503,7,0.12201219,0.9994443
25,8,20014418,0.9896972,0.04864142,0.0,0.0,0.00603412,0.09772485,0.0,0.84759962,65407,7,0.04435563,0.9994449
25,9,20014419,0.98972546,0.04866507,0.0,0.0,0.00608642,0.05801931,0.0,0.8872292,61407,7,0.06117245,0.9994433
25,10,20014420,0.98974286,0.04803906,0.0,0.0,0.0060943,0.10071935,0.0,0.84514728,47967,7,0.04982497,0.9994418
26,1,20014441,0.98416327,0.01720788,0.00620882,8.83e-06,0.00130128,0.97521042,5.27e-05,1.006e-05,36873,6,0.17948611,0.9955135
26,2,20014442,0.98395658,0.01781728,0.00683701,9.96e-06,0.00136101,0.97390536,5.969e-05,9.69e-06,32973,6,0.12781566,0.9955101
26,3,20014443,0.98395075,0.01827419,0.00665245,9.8e-06,0.00145886,0.97263066,0.00011016,0.00086389,36877,6,0.2813055,0.9955135
26,4,20014444,0.98386305,0.0181231,0.0069045,1.021e-05,0.00136695,0.97220855,6.04e-05,0.0013263,32909,6,0.26341811,0.9955106
26,5,20014445,0.98354842,0.02135766,0.00882779,1.151e-05,0.00210713,0.96760962,6.372e-05,2.257e-05,37003,6,0.21217425,0.9955116
26,6,20014446,0.98386298,0.01912095,0.00717875,1.009e-05,0.00173639,0.97187638,5.944e-05,1.8e-05,32911,6,0.18355838,0.9955106
26,7,20014447,0.98405429,0.01820741,0.00700798,9.27e-06,0.00147372,0.97323441,5.518e-05,1.203e-05,36939,6,0.1334167,0.995513
26,8,20014448,0.98393747,0.01824078,0.00679935,1.016e-05,0.0015549,0.97322756,6.057e-05,0.00010668,32907,6,0.19941022,0.9955106
26,9,20014449,0.98384248,0.01851492,0.0068955,1.045e-05,0.00161964,0.97287685,6.337e-05,1.927e-05,32973,6,0.13435368,0.9955101
26,10,20014450,0.98371725,0.02032681,0.00757278,1.054e-05,0.0019741,0.97003053,6.352e-05,2.171e-05,32975,6,0.15358638,0.9955101
27,1,20014471,0.98159408,0.03392309,0.0,0.00136815,0.00121423,0.96345598,2.238e-05,1.617e-05,48095,6,0.09844674,0.9977841
27,2,20014472,0.98142961,0.03354712,0.0,0.00137282,0.00120766,0.96383632,2.227e-05,1.38e-05,60831,6,0.07012796,0.9977811
27,3,20014473,0.98144559,0.0342361,0.0,0.00137781,0.00124256,0.96310641,2.228e-05,1.484e-05,34783,6,0.06617264,0.9977851
27,4,20014474,0.98151944,0.03460888,0.0,0.0013822,0.00124354,0.96272906,2.227e-05,1.404e-05,64479,6,0.150048,0.9977863
27,5,20014475,0.98157004,0.03396611,0.0,0.00136927,0.00121085,0.96341504,2.238e-05,1.635e-05,30687,6,0.08399132,0.9977861
27,6,20014476,0.98156091,0.03388007,0.0,0.00136814,0.0012042,0.96350912,2.23e-05,1.618e-05,51167,6,0.09837745,0.9977851
27,7,20014477,0.98154443,0.03431964,0.0,0.00138116,0.00122131,0.96304023,2.226e-05,1.539e-05,48095,6,0.07858014,0.9977841
27,8,20014478,0.98154152,0.03497693,0.0,0.00138629,0.00122905,0.96236921,2.231e-05,1.621e-05,15327,6,0.11531875,0.9977831
27,9,20014479,0.98157567,0.03275068,0.0,0.00136671,0.00113135,0.96471691,2.227e-05,1.207e-05,52639,6,0.15287707,0.9977767
27,10,20014480,0.98150826,0.03485088,0.0,0.00137869,0.00126784,0.96246623,2.222e-05,1.415e-05,62431,6,0.08562757,0.9977863
28,1,20014501,0.98657887,0.04820995,0.00265119,0.00033994,0.00307278,0.94437096,0.0,0.00135518,56075,6,0.59207428,1.1507391
28,2,20014502,0.98657451,0.04959687,0.00265328,0.00034407,0.00310445,0.94287744,0.0,0.00142389,56075,6,0.93211094,1.1507391
28,3,20014503,0.98645915,0.04796702,0.00263772,0.00034181,0.00310342,0.94431701,0.0,0.00163301,56075,6,0.43031029,1.1507391
28,4,20014504,0.9865627,0.04767651,0.00260939,0.00033956,0.00304998,0.94445275,0.0,0.00187181,56075,6,0.42332244,1.1507391
28,5,20014505,0.98632384,0.04954162,0.00287263,0.00034675,0.0031596,0.9404945,0.0,0.00358491,57131,6,0.32935623,1.1507401
28,6,20014506,0.98643853,0.04902908,0.00274719,0.00033654,0.0031525,0.94226392,0.0,0.00247076,56075,6,0.43963469,1.1507391
28,7,20014507,0.98657653,0.04970036,0.00267854,0.00034385,0.00307734,0.9428965,0.0,0.00130341,56075,6,0.93286883,1.1507391
28,8,20014508,0.98640806,0.04848117,0.00267031,0.0003453,0.00316458,0.94381408,0.0,0.00152455,56107,6,0.40764801,1.1507404
28,9,20014509,0.98655674,0.04935792,0.00273756,0.0003443,0.00311561,0.9429107,0.0,0.00153391,56075,6,0.83691435,1.1507391
28,10,20014510,0.98654687,0.04905361,0.0027656,0.00034394,0.00305724,0.94304427,0.0,0.00173535,56075,6,0.68492655,1.1507391
29,1,20014531,0.97801813,0.01422394,0.00242803,7.095e-05,0.00069602,0.9824905,8.228e-05,8.27e-06,32843,6,0.22767974,0.9943138
29,2,20014532,0.97826126,0.01389433,0.00238991,7.004e-05,0.00067068,0.98289782,7.246e-05,4.77e-06,36879,6,0.13363397,0.9943165
29,3,20014533,0.97818025,0.01446189,0.00249415,7.085e-05,0.00079434,0.98209051,8.036e-05,7.89e-06,32845,6,0.1343226,0.9943138
29,4,20014534,0.97813055,0.01568703,0.00275098,7.046e-05,0.00103086,0.98036304,8.316e-05,1.447e-05,36937,6,0.14892607,0.9943148
29,5,20014535,0.9780921,0.01387378,0.00232092,7.017e-05,0.00072132,0.98292747,8.026e-05,6.08e-06,37067,6,0.13312325,0.9943081
29,6,20014536,0.97793135,0.01472953,0.0024354,7.143e-05,0.00097251,0.98169737,8.544e-05,8.32e-06,32841,6,0.09933027,0.9943138
29,7,20014537,0.9780499,0.01490904,0.00252072,7.043e-05,0.00101582,0.98138804,8.663e-05,9.33e-06,32907,6,0.20284828,0.9943088
29,8,20014538,0.97808109,0.01423173,0.00247015,7.07e-05,0.00070215,0.98244431,7.569e-05,5.27e-06,37071,6,0.14515304,0.9943081
29,9,20014539,0.97790496,0.01692236,0.00374212,7.115e-05,0.00104613,0.97812164,8.505e-05,1.155e-05,37003,6,0.23243422,0.9943098
29,10,20014540,0.97793378,0.01819457,0.00471208,7.186e-05,0.0011499,0.97576898,9.154e-05,1.108e-05,32971,6,0.08151874,0.9943071
30,1,20014561,0.98691329,0.0353151,0.0,9.948e-05,0.00538118,0.09464097,0.0,0.86456327,62975,7,0.03560215,0.9986982
30,2,20014562,0.98691326,0.03574682,0.0,0.00010062,0.00542099,0.08032912,0.0,0.87840245,47071,7,0.04025789,0.9986982
30,3,20014563,0.98679696,0.03568826,0.0,0.00010284,0.00541135,0.15410383,0.0,0.80469372,40319,7,0.0677465,0.9986982
30,4,20014564,0.986897,0.03610905,0.0,0.00010301,0.00535931,0.11357338,0.0,0.84485526,16351,7,0.06934343,0.9986982
30,5,20014565,0.98686295,0.03577275,0.0,0.00010264,0.00533811,0.12455369,0.0,0.83423281,49023,7,0.03366528,0.9986995
30,6,20014566,0.98692252,0.03564933,0.0,9.976e-05,0.00546107,0.06154129,0.0,0.89724856,32767,7,0.02979091,0.9986995
30,7,20014567,0.98693887,0.0363385,0.0,0.00010265,0.00546932,0.05952785,0.0,0.89856168,16351,7,0.08523392,0.9986982
30,8,20014568,0.98686176,0.03619613,0.0,0.00010433,0.00540771,0.10196635,0.0,0.85632548,49119,7,0.07120567,0.9986982
30,9,20014569,0.98688596,0.03586244,0.0,0.00010194,0.00533661,0.12630661,0.0,0.83239241,32735,7,0.03842466,0.9986982
30,10,20014570,0.98698235,0.03596509,0.0,0.00010018,0.00543806,0.08265078,0.0,0.8758459,63455,7,0.07859007,0.9986982
31,1,20014591,0.98670603,0.04723902,0.00412851,8.576e-05,0.00366616,0.94296662,0.0,0.00191394,51979,6,0.73390749,1.087028
31,2,20014592,0.98646263,0.04872654,0.00411059,8.243e-05,0.0037615,0.92868232,0.0,0.01463662,51979,6,0.52898795,1.087028
31,3,20014593,0.98699652,0.04506114,0.00370243,8.528e-05,0.00351763,0.94652096,0.0,0.00111256,51979,6,0.93943308,1.087028
31,4,20014594,0.98647284,0.04926697,0.00438313,8.675e-05,0.00370541,0.93278343,0.0,0.0097743,51979,6,0.333855,1.087028
31,5,20014595,0.98618315,0.05032413,0.00444541,8.378e-05,0.00382563,0.93902119,0.0,0.00229984,51979,6,0.3592911,1.087028
31,6,20014596,0.9866,0.04675503,0.00395735,8.412e-05,0.00367297,0.93089004,0.0,0.0146405,51979,6,0.54307646,1.087028
31,7,20014597,0.98653545,0.04962772,0.00409888,8.539e-05,0.00366434,0.94109828,0.0,0.00142539,51979,6,0.4758777,1.087028
31,8,20014598,0.98693174,0.04563099,0.00367044,8.589e-05,0.00353786,0.9459239,0.0,0.00115093,51979,6,0.8523705,1.087028
31,9,20014599,0.98680631,0.04681502,0.00397191,8.631e-05,0.00354745,0.94433956,0.0,0.00123975,51979,6,0.73564535,1.087028
31,10,20014600,0.98646049,0.04682955,0.00384357,8.448e-05,0.00353938,0.94420546,0.0,0.00149756,51979,6,0.59876938,1.087028
32,1,20014621,0.9781319,0.03329864,0.0,0.00151794,0.00113939,0.96396296,6.79e-05,1.318e-05,40351,6,0.11359465,0.9975379
32,2,20014622,0.97795131,0.02279617,0.0,0.0011784,0.00093873,0.97499573,6.606e-05,2.49e-05,32463,6,0.08602007,0.9955588
32,3,20014623,0.97801794,0.0266692,0.0,0.00120846,0.0010642,0.97096614,6.659e-05,2.542e-05,61135,6,0.19570114,0.9955588
32,4,20014624,0.9787005,0.03181819,0.0,0.00143724,0.00108928,0.96557348,6.66e-05,1.52e-05,39391,6,0.1042523,0.9975379
32,5,20014625,0.97820279,0.03327313,0.0,0.00148909,0.00122553,0.96392826,6.808e-05,1.591e-05,38303,6,0.14562526,0.9975379
32,6,20014626,0.97834748,0.03254225,0.0,0.00147945,0.00114093,0.96475434,6.746e-05,1.556e-05,51679,6,0.12405709,0.997536
32,7,20014627,0.97799491,0.02205992,0.0,0.00116835,0.00103836,0.97564141,6.659e-05,2.538e-05,60555,6,0.10425997,0.995546
32,8,20014628,0.97809498,0.03404633,0.0,0.00151057,0.00124711,0.96311193,6.85e-05,1.557e-05,47583,6,0.10375463,0.997537
32,9,20014629,0.97844864,0.03257145,0.0,0.00146163,0.00113683,0.96474961,6.658e-05,1.391e-05,29151,6,0.12308165,0.9975419
32,10,20014630,0.97782208,0.02447909,0.0,0.00119421,0.0010265,0.97321284,6.753e-05,1.983e-05,59087,6,0.12123674,0.9955492
33,1,20014651,0.99811506,0.05217419,0.01454769,0.0,0.00576276,0.0110733,0.0,0.91644207,63487,7,0.08262435,0.999961
33,2,20014652,0.99810548,0.05211299,0.02182719,0.0,0.00574823,0.00748765,0.0,0.91282394,30207,7,0.07335007,0.9999609
33,3,20014653,0.99810543,0.05212759,0.01618866,0.0,0.00587068,0.00721245,0.0,0.91860062,48639,7,0.07386128,0.9999609
33,4,20014654,0.99812018,0.05218304,0.0144798,0.0,0.00571885,0.0085482,0.0,0.91907011,49151,7,0.12281861,0.999961
33,5,20014655,0.9981128,0.05194953,0.01641116,0.0,0.00563389,0.01213393,0.0,0.91387149,56831,7,0.21312099,0.9999609
33,6,20014656,0.99809444,0.05213118,0.03795168,0.0,0.00578247,0.00839211,0.0,0.89574255,32767,7,0.1445218,0.999961
33,7,20014657,0.99811093,0.05223403,0.01864614,0.0,0.00570883,0.01249315,0.0,0.91091784,57343,7,0.1086433,0.999961
33,8,20014658,0.99811445,0.05216343,0.01451646,0.0,0.00581618,0.01274285,0.0,0.91476108,62975,7,0.08043425,0.9999609
33,9,20014659,0.99811476,0.05205866,0.0142998,0.0,0.00575412,0.0075805,0.0,0.92030693,47103,7,0.09402726,0.999961
33,10,20014660,0.99810568,0.0520909,0.02392654,0.0,0.00579674,0.0071679,0.0,0.91101792,60927,7,0.10824463,0.9999599
34,1,20014681,0.98147136,0.01686583,0.00288982,0.0,0.00158139,0.97853262,0.00011583,1.451e-05,37071,6,0.12870019,0.9950699
34,2,20014682,0.98161281,0.01675921,0.00283207,0.0,0.00170528,0.97857687,0.000109,1.758e-05,37003,6,0.19558818,0.9950708
34,3,20014683,0.98156644,0.01713574,0.00293388,0.0,0.0018488,0.977955,0.00011002,1.656e-05,37003,6,0.14024469,0.9950708
34,4,20014684,0.98161741,0.01684907,0.00283153,0.0,0.00172641,0.97846724,0.00010912,1.661e-05,37003,6,0.27450123,0.9950708
34,5,20014685,0.98136823,0.01857188,0.00357757,0.0,0.00196874,0.97574431,0.00011928,1.822e-05,32907,6,0.3214123,0.9950698
34,6,20014686,0.98170947,0.01488342,0.00253442,0.0,0.0009686,0.98150389,0.00010387,5.8e-06,32909,6,0.19525333,0.9950698
34,7,20014687,0.9815977,0.01642797,0.00317778,0.0,0.00140095,0.97885788,0.00010847,2.695e-05,37071,6,0.15993484,0.9950699
34,8,20014688,0.98153328,0.01740337,0.00422782,0.0,0.00160533,0.97662673,0.00010893,2.781e-05,32971,6,0.24009956,0.9950689
34,9,20014689,0.98172633,0.01616255,0.00276764,0.0,0.00143341,0.97952311,0.00010157,1.172e-05,36875,6,0.19797334,0.9950745
34,10,20014690,0.98148442,0.01756271,0.00409852,0.0,0.00163835,0.97657296,0.00011119,1.628e-05,32971,6,0.34586688,0.9950689
35,1,20014711,0.98403517,0.02960283,0.0,0.00061642,0.00490317,0.05245337,0.0,0.91242422,57311,7,0.07969129,0.997918
35,2,20014712,0.98401336,0.02952751,0.0,0.00061699,0.0048402,0.06885297,0.0,0.89616233,63455,7,0.08067525,0.997918
35,3,20014713,0.98412292,0.02971379,0.0,0.00061633,0.00471042,0.08988166,0.0,0.87507779,43999,7,0.07443194,0.997915
35,4,20014714,0.98407296,0.02980366,0.0,0.0006188,0.00482349,0.04166048,0.0,0.92309356,65503,7,0.11411199,0.997918
35,5,20014715,0.98407591,0.02974709,0.0,0.00061842,0.00473992,0.08175083,0.0,0.88314374,43999,7,0.06552866,0.997915
35,6,20014716,0.98403666,0.02939827,0.0,0.00061556,0.00480103,0.1020197,0.0,0.86316544,53215,7,0.06178753,0.997917
35,7,20014717,0.98395594,0.02930027,0.0,0.00061855,0.00477064,0.12840671,0.0,0.83690384,49119,7,0.09403264,0.997918
35,8,20014718,0.98396191,0.02933749,0.0,0.00061782,0.00479728,0.09095393,0.0,0.87429348,63455,7,0.04931872,0.997918
35,9,20014719,0.98397463,0.02940266,0.0,0.00061786,0.00478802,0.10816518,0.0,0.85702628,49119,7,0.04232646,0.997918
35,10,20014720,0.98407094,0.02974204,0.0,0.00061703,0.00476779,0.10745228,0.0,0.85742085,48095,7,0.05642043,0.997916
36,1,20014741,0.98518956,0.0466396,0.00264123,0.0001311,0.00330378,0.94453699,0.0,0.0027473,51979,6,0.4613207,1.276213
36,2,20014742,0.98518422,0.04743091,0.00244194,0.00013169,0.00323949,0.9436178,0.0,0.00313817,56075,6,0.6238153,1.276214
36,3,20014743,0.98518385,0.04728012,0.00248394,0.00013164,0.00327773,0.94349652,0.0,0.00333005,56075,6,0.42182553,1.276214
36,4,20014744,0.98491739,0.04903466,0.00259518,0.00013181,0.00323853,0.92440327,0.0,0.02059654,56075,6,0.4553065,1.276214
36,5,20014745,0.98502857,0.04835658,0.00260109,0.00012871,0.00335032,0.93450723,0.0,0.01105607,56075,6,0.32719669,1.276214
36,6,20014746,0.98172966,0.03373705,0.00084782,0.00013723,0.00120986,0.96404078,0.0,2.726e-05,48459,6,0.71379166,1.2762156
36,7,20014747,0.98513163,0.04742506,0.00251699,0.00013153,0.00328741,0.94362832,0.0,0.0030107,56075,6,0.40639388,1.276214
36,8,20014748,0.98133777,0.03747724,0.00104507,0.00013547,0.00123086,0.96008214,0.0,2.922e-05,48461,6,0.95088138,1.2762156
36,9,20014749,0.98515287,0.04678835,0.00255391,0.00013076,0.00335532,0.9398637,0.0,0.00730796,51979,6,0.29263022,1.276213
36,10,20014750,0.98524769,0.04627398,0.00250431,0.00013268,0.00332121,0.94343534,0.0,0.00433248,51979,6,0.33218756,1.276213
37,1,20014771,0.97871692,0.02163791,0.0,0.00039375,0.00075288,0.97707637,0.00013142,7.67e-06,33055,6,0.3902384,0.9977754
37,2,20014772,0.97890519,0.02794272,0.0,0.00042837,0.00119426,0.97026025,0.00015989,1.451e-05,33247,6,0.25153089,0.9977732
37,3,20014773,0.97763437,0.02187264,0.0,0.00038885,0.00075415,0.97684568,0.00013365,5.03e-06,33119,6,0.14293069,0.9977732
37,4,20014774,0.97610409,0.01619541,0.0,0.00029057,0.00052939,0.98285733,0.0001213,6e-06,33805,6,0.10591337,0.9937972
37,5,20014775,0.97863361,0.02703433,0.0,0.00041721,0.00114911,0.9712317,0.00015302,1.463e-05,37343,6,0.40573955,0.9977742
37,6,20014776,0.97972438,0.02487383,0.0,0.00041256,0.0008049,0.97376756,0.00013359,7.57e-06,37215,6,0.43727184,0.9977742
37,7,20014777,0.97913358,0.02614838,0.0,0.00042513,0.00094734,0.97231772,0.00015038,1.105e-05,37279,6,0.27726512,0.9977764
37,8,20014778,0.97679064,0.02174851,0.0,0.00034784,0.00106662,0.976679,0.00014174,1.628e-05,37071,6,0.15714103,0.9937895
37,9,20014779,0.97754929,0.02863081,0.0,0.00042864,0.00094255,0.9698499,0.00013679,1.13e-05,39263,6,0.17270781,0.9977742
37,10,20014780,0.97819213,0.02353789,0.0,0.00038321,0.00099875,0.97491257,0.00015015,1.743e-05,37343,6,0.25639541,0.9977742
38,1,20014801,0.99036082,0.03908935,0.0,0.0,0.00555122,0.04281631,0.0,0.91254312,50687,7,0.09628594,0.9992158
38,2,20014802,0.99036892,0.03902558,0.0,0.0,0.00551348,0.08352388,0.0,0.87193706,60927,7,0.0505821,0.9992158
38,3,20014803,0.9903022,0.03929818,0.0,0.0,0.005556,0.05892201,0.0,0.89622381,53247,7,0.04196854,0.9992166
38,4,20014804,0.99026715,0.03924098,0.0,0.0,0.00554652,0.07620501,0.0,0.87900749,53247,7,0.06759312,0.9992166
38,5,20014805,0.99032468,0.03922856,0.0,0.0,0.00561257,0.04884127,0.0,0.90631761,61311,7,0.04917604,0.9992166
38,6,20014806,0.99027343,0.03910867,0.0,0.0,0.00555529,0.10000412,0.0,0.85533193,52735,7,0.0650347,0.9992158
38,7,20014807,0.99026439,0.03916151,0.0,0.0,0.00560034,0.07131164,0.0,0.8839265,16383,7,0.0529394,0.9992176
38,8,20014808,0.99036612,0.03895624,0.0,0.0,0.00554044,0.05753991,0.0,0.89796341,65407,7,0.05609797,0.9992176
38,9,20014809,0.99024434,0.03912681,0.0,0.0,0.00551474,0.12396266,0.0,0.8313958,55295,7,0.03404984,0.9992176
38,10,20014810,0.99034217,0.03922817,0.0,0.0,0.00559052,0.0599385,0.0,0.89524281,14335,7,0.07514434,0.9992176
39,1,20014831,0.98395247,0.02861379,0.03019712,0.00063139,0.0036829,0.93030715,0.00022583,0.00634182,36875,6,0.13679273,0.9959408
39,2,20014832,0.98440357,0.02420183,0.02529071,0.00089367,0.00293035,0.94465452,0.00035766,0.00167126,36875,6,0.20419892,0.9959408
39,3,20014833,0.98525261,0.02162915,0.02245071,0.00014695,0.00198606,0.95317487,0.00029389,0.00031837,32777,6,0.24893654,0.9959398
39,4,20014834,0.98487483,0.02327766,0.02203487,0.00014501,0.00266786,0.94915542,0.00010658,0.00261259,32843,6,0.14970864,0.9959398
39,5,20014835,0.98433064,0.02515696,0.02473642,0.000673,0.00371877,0.94337723,0.00020623,0.00213139,32841,6,0.12977066,0.9959398
39,6,20014836,0.98326347,0.02749853,0.02919288,0.00137674,0.00462836,0.93483475,0.00058185,0.00188688,36937,6,0.17448784,0.9959408
39,7,20014837,0.98439518,0.02656012,0.02707664,0.00077523,0.00283106,0.94101867,0.00020995,0.00152833,32843,6,0.12522981,0.9959398
39,8,20014838,0.98355053,0.0283501,0.03240666,0.0011316,0.00347243,0.92388648,0.00080972,0.009943,32843,6,0.1808872,0.9959398
39,9,20014839,0.98439743,0.02523066,0.02825564,0.00012356,0.00280451,0.93962341,0.0005712,0.00339102,36873,6,0.24847159,0.9959408
39,10,20014840,0.98350493,0.02896054,0.02820907,0.00090722,0.00455864,0.9327528,0.00031962,0.0042921,36943,6,0.18558459,0.9959408
40,1,20014861,0.98001457,0.03242626,0.0,0.00147132,0.00115998,0.96487354,5.397e-05,1.493e-05,40927,6,0.10047348,0.9973906
40,2,20014862,0.97989267,0.03179578,0.0,0.00147081,0.00114427,0.96552107,5.416e-05,1.391e-05,59871,6,0.08098629,0.9973856
40,3,20014863,0.98016527,0.03178155,0.0,0.00145787,0.00110435,0.96558653,5.412e-05,1.557e-05,65503,6,0.09331916,0.9973906
40,4,20014864,0.98022429,0.03127761,0.0,0.00144419,0.00111954,0.96608785,5.413e-05,1.668e-05,47071,6,0.08611614,0.9973906
40,5,20014865,0.97874243,0.02612766,0.0,0.00126108,0.00097292,0.97156391,5.407e-05,2.035e-05,61135,6,0.32190046,0.9954036
40,6,20014866,0.9802155,0.02979365,0.0,0.00144079,0.00104272,0.96765527,5.395e-05,1.362e-05,60383,6,0.08069669,0.9973902
40,7,20014867,0.98018922,0.03102199,0.0,0.00144303,0.00109866,0.96636689,5.386e-05,1.557e-05,37855,6,0.08190819,0.9973892
40,8,20014868,0.98022727,0.03042427,0.0,0.00144719,0.00106328,0.96699594,5.402e-05,1.53e-05,62879,6,0.0860204,0.9973866
40,9,20014869,0.98008991,0.03181181,0.0,0.00145808,0.0011181,0.96554322,5.406e-05,1.474e-05,34783,6,0.09221382,0.9973896
40,10,20014870,0.98016408,0.03121083,0.0,0.0014531,0.00110109,0.966165,5.402e-05,1.596e-05,59871,6,0.08399139,0.9973856
41,1,20014891,0.98571979,0.05131687,0.00118555,0.0,0.00261155,0.94428165,0.0,0.00060439,52765,6,0.93638577,1.2241764
41,2,20014892,0.98578218,0.04811148,0.00310369,0.0,0.00307425,0.94285579,0.0,0.00285478,53003,6,0.45607561,1.2241764
41,3,20014893,0.98587809,0.04961852,0.00301165,0.0,0.00315725,0.94226014,0.0,0.00195244,56107,6,0.30161302,1.2241774
41,4,20014894,0.98579401,0.05019127,0.00357551,0.0,0.00309165,0.93197134,0.0,0.01117024,57099,6,0.3801004,1.2241774
41,5,20014895,0.98611531,0.05796647,0.00315465,0.0,0.00288361,0.93391943,0.0,0.00207585,57133,6,0.2985739,1.224177
41,6,20014896,0.98619494,0.05812139,0.00293706,0.0,0.00293378,0.93407402,0.0,0.00193376,56109,6,0.60923433,1.2241774
41,7,20014897,0.98614178,0.05795272,0.0030094,0.0,0.00289238,0.93425142,0.0,0.00189408,53005,6,0.29883192,1.2241764
41,8,20014898,0.98593694,0.05125541,0.00301647,0.0,0.00305582,0.94089396,0.0,0.00177834,56075,6,0.44813184,1.224176
41,9,20014899,0.98582963,0.05044527,0.00337511,0.0,0.00315822,0.94105899,0.0,0.00196242,57131,6,0.3384252,1.224177
41,10,20014900,0.98522831,0.04941863,0.00119056,0.0,0.00211212,0.94707811,0.0,0.00020058,48669,6,0.61848479,1.2241774
42,1,20014921,0.97865063,0.01334839,0.00215877,2.139e-05,0.00063524,0.9836987,0.00013514,2.37e-06,36877,6,0.18942221,0.9944989
42,2,20014922,0.97850008,0.01414612,0.00228898,2.091e-05,0.00097161,0.98242449,0.00014071,7.17e-06,32779,6,0.11753136,0.9944979
42,3,20014923,0.97861218,0.0139374,0.00227353,2.123e-05,0.00088325,0.98274682,0.00013181,5.96e-06,36939,6,0.15390215,0.9944974
42,4,20014924,0.97857923,0.01472082,0.00236999,2.131e-05,0.00118003,0.98154855,0.0001491,1.019e-05,32975,6,0.11494394,0.9944905
42,5,20014925,0.97849168,0.01485572,0.00242813,2.13e-05,0.00123951,0.98130153,0.00014209,1.171e-05,32777,6,0.21084844,0.9944979
42,6,20014926,0.97851621,0.01382423,0.00227301,2.113e-05,0.00081836,0.98292247,0.00013496,5.85e-06,36939,6,0.13056697,0.9944974
42,7,20014927,0.97856796,0.01449758,0.00235404,2.131e-05,0.00115473,0.98182029,0.00014196,1.01e-05,37067,6,0.15877146,0.9944914
42,8,20014928,0.97854419,0.01507672,0.00239702,2.156e-05,0.00134276,0.98099929,0.00014876,1.39e-05,32911,6,0.1417491,0.994492
42,9,20014929,0.97866464,0.01316065,0.00220557,2.153e-05,0.00057471,0.98391407,0.00012141,2.05e-06,32843,6,0.34805436,0.9944964
42,10,20014930,0.97851281,0.01413747,0.00231705,2.137e-05,0.0009738,0.98241112,0.00013148,7.71e-06,32777,6,0.16149533,0.9944979
43,1,20014951,0.98647015,0.02945288,0.0,0.00026158,0.00507758,0.07548098,0.0,0.88972699,43007,7,0.05506545,0.9982849
43,2,20014952,0.98648211,0.02962667,0.0,0.00026128,0.00502745,0.08110677,0.0,0.88397784,48095,7,0.0617761,0.9982822
43,3,20014953,0.9864109,0.02981737,0.0,0.00026363,0.00501892,0.09947287,0.0,0.86542721,44895,7,0.06792728,0.9982832
43,4,20014954,0.98644222,0.03003591,0.0,0.00026434,0.00504991,0.074391,0.0,0.89025885,63327,7,0.04027203,0.9982842
43,5,20014955,0.98650253,0.03010586,0.0,0.00026251,0.00504997,0.04029101,0.0,0.92429066,24447,7,0.05979251,0.9982859
43,6,20014956,0.98641901,0.02956222,0.0,0.0002629,0.00499215,0.08904504,0.0,0.87613769,61439,7,0.03952817,0.9982849
43,7,20014957,0.98643693,0.0296658,0.0,0.00026297,0.00498841,0.1302248,0.0,0.83485801,44895,7,0.05685926,0.9982832
43,8,20014958,0.98644194,0.02976706,0.0,0.00026302,0.0050298,0.08267294,0.0,0.88226719,29663,7,0.05630427,0.9982839
43,9,20014959,0.98649828,0.02984508,0.0,0.00026216,0.00497988,0.10953426,0.0,0.85537862,49119,7,0.10591697,0.9982842
43,10,20014960,0.98643594,0.0295952,0.0,0.00026254,0.00501038,0.08216843,0.0,0.88296346,53087,7,0.04090923,0.9982832
44,1,20014981,0.98469633,0.04574512,0.00355592,0.00011801,0.0035566,0.92809613,0.0,0.01892822,51979,6,0.31446377,1.2976118
44,2,20014982,0.98506932,0.04557059,0.00314238,3.474e-05,0.00356402,0.94354713,0.0,0.00414114,51979,6,0.53879067,1.2976118
44,3,20014983,0.98452948,0.04944507,0.00364121,3.419e-05,0.00353931,0.92808875,0.0,0.01525148,56075,6,0.25298227,1.2976128
44,4,20014984,0.98454548,0.04885666,0.0034193,3.531e-05,0.00357238,0.9416602,0.0,0.00245614,56075,6,0.81207499,1.2976128
44,5,20014985,0.98456655,0.048114,0.00346321,4.81e-05,0.00361732,0.93887079,0.0,0.00588659,56075,6,0.39085722,1.2976128
44,6,20014986,0.98501856,0.04555309,0.00327629,3.472e-05,0.00352596,0.94328878,0.0,0.00432115,51979,6,0.65581711,1.2976118
44,7,20014987,0.98480356,0.04705516,0.00333405,3.367e-05,0.00363548,0.94016333,0.0,0.00577831,51979,6,0.41998098,1.2976118
44,8,20014988,0.98471024,0.04676425,0.00329124,0.00017283,0.00374011,0.92331146,0.0,0.0227201,51979,6,0.46248044,1.2976118
44,9,20014989,0.98467092,0.04621028,0.00328358,3.416e-05,0.00370227,0.9386072,0.0,0.00816251,51979,6,0.23519172,1.2976118
44,10,20014990,0.98489832,0.04579983,0.00348404,3.429e-05,0.0035865,0.93630337,0.0,0.01079196,51979,6,0.41669488,1.2976118
45,1,20015011,0.97743095,0.02653032,0.0,0.0013907,0.00085782,0.97109137,0.00011954,1.024e-05,33119,6,0.26706487,0.9973347
45,2,20015012,0.97835122,0.0231205,0.0,0.00128781,0.00087884,0.97458086,0.000121,1.1e-05,33247,6,0.2523183,0.9973347
45,3,20015013,0.97842134,0.02180323,0.0,0.00126598,0.00076033,0.97604358,0.00011784,9.04e-06,33119,6,0.18637852,0.9973347
45,4,20015014,0.97801429,0.02423904,0.0,0.00133297,0.00088596,0.97341162,0.00012113,9.28e-06,37343,6,0.22265691,0.9973357
45,5,20015015,0.97810706,0.0261175,0.0,0.00132055,0.00107025,0.97135159,0.00012253,1.759e-05,37343,6,0.47834801,0.9973357
45,6,20015016,0.9776138,0.02660567,0.0,0.00136934,0.00095545,0.97093626,0.00012076,1.252e-05,33119,6,0.1985042,0.9973347
45,7,20015017,0.97758084,0.02735339,0.0,0.00137483,0.00098339,0.97015648,0.00011995,1.196e-05,33759,6,0.23231881,0.9973414
45,8,20015018,0.97797368,0.02478033,0.0,0.00134769,0.0008114,0.97292998,0.00012116,9.44e-06,37215,6,0.21642889,0.9973357
45,9,20015019,0.97824365,0.02311001,0.0,0.00131001,0.00072447,0.97473041,0.00011741,7.69e-06,37215,6,0.34432491,0.9973357
45,10,20015020,0.97851052,0.02082374,0.0,0.00125784,0.00069869,0.97709658,0.00011702,6.14e-06,37215,6,0.38037478,0.9973357
46,1,20015041,0.9965966,0.04300324,0.01184814,0.0,0.00463122,0.00614171,0.0,0.93437569,55295,7,0.16625923,0.9998302
46,2,20015042,0.99660125,0.04296686,0.01217034,0.0,0.00461666,0.00641731,0.0,0.93382883,16383,7,0.15277799,0.9998302
46,3,20015043,0.99659672,0.04294261,0.01195158,0.0,0.00459237,0.00613514,0.0,0.93437831,36863,7,0.15142369,0.9998292
46,4,20015044,0.99657909,0.04299973,0.01175783,0.0,0.00461671,0.00757385,0.0,0.93305188,36351,7,0.13191611,0.9998291
46,5,20015045,0.99658907,0.04293269,0.01256952,0.0,0.00461741,0.01750012,0.0,0.92238027,14335,7,0.15841598,0.9998302
46,6,20015046,0.99659411,0.04300857,0.01225765,0.0,0.00465125,0.01036931,0.0,0.92971321,57343,7,0.13825668,0.9998302
46,7,20015047,0.99657965,0.04303508,0.01157224,0.0,0.00460796,0.00608489,0.0,0.93469983,49151,7,0.1555327,0.9998302
46,8,20015048,0.99660734,0.04301678,0.01146843,0.0,0.00459695,0.00612746,0.0,0.93479039,30207,7,0.18774352,0.9998301
46,9,20015049,0.99660437,0.0430414,0.01136882,0.0,0.00461306,0.0062124,0.0,0.93476432,44543,7,0.16437323,0.9998291
46,10,20015050,0.99658636,0.04305798,0.01184108,0.0,0.00462611,0.00644106,0.0,0.93403377,57343,7,0.09959395,0.9998302
47,1,20015071,0.98137814,0.01961674,0.02503347,0.00012514,0.00220081,0.94033707,0.00064206,0.01204471,32841,6,0.34732132,0.9954681
47,2,20015072,0.9810116,0.02064004,0.02179612,5.034e-05,0.00242584,0.95223001,0.0005923,0.00226535,32779,6,0.16290223,0.9954686
47,3,20015073,0.98112003,0.02012111,0.0232254,0.00011551,0.00209803,0.95299436,0.00037542,0.00107016,36877,6,0.23914996,0.9954696
47,4,20015074,0.98052927,0.02201229,0.02642376,0.00012891,0.00244426,0.9367454,0.00050737,0.01173801,32841,6,0.23552775,0.9954681
47,5,20015075,0.98062593,0.0208098,0.02217737,0.00030501,0.00266019,0.94872027,0.00075947,0.0045679,36939,6,0.19385437,0.9954691
47,6,20015076,0.98154293,0.01976966,0.02011855,5.84e-06,0.00206233,0.95710315,0.00043302,0.00050745,32777,6,0.31433187,0.9954686
47,7,20015077,0.98146592,0.01982738,0.01944542,3.959e-05,0.00202186,0.95671509,0.00082554,0.00112513,32841,6,0.17870749,0.9954681
47,8,20015078,0.98092686,0.02026278,0.02066306,0.00020929,0.00230993,0.95561859,0.00093343,2.92e-06,32777,6,0.2615372,0.9954686
47,9,20015079,0.98136011,0.01967245,0.01992182,0.00030511,0.00207173,0.95185959,0.0008282,0.00534111,32779,6,0.14527387,0.9954686
47,10,20015080,0.97902966,0.02425731,0.02959816,0.00026498,0.00321411,0.93645885,0.00113054,0.00507605,36939,6,0.24126195,0.9954691
48,1,20015101,0.98237108,0.03015829,0.0,0.00123107,0.00107212,0.96750023,2.343e-05,1.486e-05,58335,6,0.08742304,0.9974702
48,2,20015102,0.98234197,0.03034456,0.0,0.00123169,0.00110173,0.96728509,2.34e-05,1.353e-05,16351,6,0.09168225,0.9974707
48,3,20015103,0.98218937,0.02931355,0.0,0.00123224,0.00106839,0.96835028,2.335e-05,1.219e-05,64927,6,0.06892933,0.9974667
48,4,20015104,0.9823714,0.03032263,0.0,0.0012339,0.00111265,0.96729278,2.335e-05,1.468e-05,62431,6,0.08885799,0.9974712
48,5,20015105,0.98226707,0.02943308,0.0,0.00123117,0.00106089,0.96823815,2.343e-05,1.328e-05,30687,6,0.07294645,0.9974707
48,6,20015106,0.98228625,0.02969245,0.0,0.00123199,0.00108764,0.96795129,2.337e-05,1.326e-05,43871,6,0.08406403,0.9974652
48,7,20015107,0.9823269,0.03006219,0.0,0.00123257,0.001104,0.96756445,2.339e-05,1.34e-05,32735,6,0.11933637,0.9974707
48,8,20015108,0.98226811,0.02957147,0.0,0.00123228,0.00105654,0.96810411,2.337e-05,1.223e-05,60831,6,0.10012183,0.9974657
48,9,20015109,0.98217882,0.02977352,0.0,0.00123127,0.00108041,0.96787935,2.331e-05,1.214e-05,46943,6,0.05715723,0.9974673
48,10,20015110,0.98227349,0.02951603,0.0,0.00123362,0.00106231,0.96815185,2.352e-05,1.266e-05,62879,6,0.12352563,0.9974667
49,1,20015131,0.9842921,0.0479573,0.00261808,0.0,0.00330416,0.93871651,0.0,0.00740396,56075,6,0.62151498,1.4046069
49,2,20015132,0.98427852,0.04821256,0.00242444,0.0,0.00322632,0.94122615,0.0,0.00491053,56075,6,0.9021213,1.4046069
49,3,20015133,0.98429268,0.04804691,0.0023869,0.0,0.00323994,0.94114845,0.0,0.0051778,56075,6,0.90064587,1.4046069
49,4,20015134,0.98438979,0.0466018,0.00247123,0.0,0.00329532,0.94099605,0.0,0.00663561,56107,6,0.35870447,1.4046087
49,5,20015135,0.9843566,0.0456825,0.00241086,0.0,0.00322106,0.93585681,0.0,0.01282877,51979,6,0.27050464,1.404606
49,6,20015136,0.98435214,0.04748555,0.0024375,0.0,0.0033228,0.9376722,0.0,0.00908194,56075,6,0.64405619,1.4046069
49,7,20015137,0.98446669,0.04621199,0.00239479,0.0,0.00331098,0.94348784,0.0,0.0045944,56075,6,0.2917183,1.4046069
49,8,20015138,0.98425886,0.04753018,0.00241401,0.0,0.00333718,0.93720618,0.0,0.00951245,56075,6,0.24762862,1.4046069
49,9,20015139,0.98420702,0.049272,0.00253495,0.0,0.00324419,0.93905933,0.0,0.00588953,56075,6,0.69875017,1.4046069
49,10,20015140,0.9842886,0.04787468,0.00248409,0.0,0.0032646,0.94116256,0.0,0.00521406,56075,6,0.75854942,1.4046069
50,1,20015161,0.97536852,0.01342607,0.00219777,0.00010111,0.0006474,0.9834709,0.00015001,6.74e-06,36875,6,0.11728127,0.9938745
50,2,20015162,0.97544996,0.01279581,0.00197122,0.000101,0.00055735,0.98442771,0.00014226,4.64e-06,32847,6,0.16505898,0.9938714
50,3,20015163,0.97546139,0.01291296,0.00202857,0.00010125,0.00060126,0.98421083,0.0001396,5.52e-06,32911,6,0.16987223,0.9938651
50,4,20015164,0.97537453,0.01332491,0.0021061,0.00010047,0.00061834,0.98369869,0.00014583,5.67e-06,36873,6,0.33034485,0.9938745
50,5,20015165,0.97542056,0.01383288,0.00225606,0.00010128,0.00071112,0.9829323,0.00015229,1.407e-05,32843,6,0.12238799,0.9938714
50,6,20015166,0.97543848,0.01328921,0.00203624,0.00010098,0.00076268,0.98364981,0.00015393,7.16e-06,37071,6,0.16164426,0.993864
50,7,20015167,0.97532809,0.01324474,0.00210591,0.00010107,0.00063006,0.98377246,0.00013986,5.89e-06,32777,6,0.12266439,0.9938735
50,8,20015168,0.97542032,0.01337986,0.00213623,0.00010074,0.00059116,0.98364526,0.00013794,8.82e-06,32843,6,0.20218821,0.9938714
50,9,20015169,0.97535183,0.01352054,0.00214846,0.00010123,0.00064524,0.98342567,0.00015238,6.48e-06,32971,6,0.12505472,0.9938629
50,10,20015170,0.97545512,0.01359351,0.00217278,0.00010116,0.00068221,0.98328977,0.00015291,7.67e-06,36877,6,0.11241595,0.9938745
51,1,20015191,0.98972939,0.0319605,0.0,0.0,0.00527809,0.06644838,0.0,0.89631302,32735,7,0.05220186,0.9988486
51,2,20015192,0.98968416,0.03205004,0.0,0.0,0.00530088,0.05154759,0.0,0.91110149,63487,7,0.04582189,0.9988498
51,3,20015193,0.9895638,0.0321967,0.0,0.0,0.0051887,0.07347081,0.0,0.88914379,55135,7,0.0607877,0.9988463
51,4,20015194,0.98966325,0.03227576,0.0,0.0,0.00526787,0.03495885,0.0,0.92749751,61407,7,0.04726709,0.9988476
51,5,20015195,0.98979391,0.03175262,0.0,0.0,0.0052926,0.05704666,0.0,0.90590813,62975,7,0.03617416,0.9988486
51,6,20015196,0.98974722,0.03195928,0.0,0.0,0.00525263,0.0383816,0.0,0.92440649,61407,7,0.04644709,0.9988476
51,7,20015197,0.98977966,0.0316373,0.0,0.0,0.00517981,0.11978743,0.0,0.84339546,40447,7,0.05225712,0.9988486
51,8,20015198,0.98962939,0.03202829,0.0,0.0,0.0052114,0.06199469,0.0,0.90076562,22015,7,0.06161682,0.9988486
51,9,20015199,0.9897296,0.03187385,0.0,0.0,0.00510597,0.12703426,0.0,0.83598592,61439,7,0.04603151,0.9988488
51,10,20015200,0.98958266,0.03220263,0.0,0.0,0.00519117,0.05833537,0.0,0.90427083,48991,7,0.04188045,0.9988486
52,1,20015221,0.98509192,0.04255317,0.00345107,5.153e-05,0.00326221,0.94512667,0.0,0.00555534,51979,6,0.62434478,1.1945084
52,2,20015222,0.98414984,0.05231219,0.00461625,7.215e-05,0.00393505,0.92187964,0.0,0.01718472,56075,6,0.33546079,1.1945094
52,3,20015223,0.98422306,0.0393547,0.0028549,9.535e-05,0.00277091,0.95316633,0.0,0.00175782,52555,6,0.50324931,1.1945098
52,4,20015224,0.98512307,0.05058913,0.0049355,4.222e-05,0.00410804,0.9240741,0.0,0.01625102,51979,6,0.32556916,1.1945084
52,5,20015225,0.98492723,0.04503552,0.00452059,3.969e-05,0.00366704,0.91147727,0.0,0.03525989,56075,6,0.27561394,1.1945094
52,6,20015226,0.98518846,0.04593215,0.00424185,4.256e-05,0.00414379,0.89622064,0.0,0.04941901,51979,6,0.66045916,1.1945084
52,7,20015227,0.98436509,0.05048205,0.00462311,4.658e-05,0.00411218,0.90877297,0.0,0.03196311,56075,6,0.22053021,1.1945094
52,8,20015228,0.98445821,0.04835798,0.00468547,0.00022777,0.00430213,0.89579173,0.0,0.04663492,53003,6,0.30234281,1.1945098
52,9,20015229,0.98480191,0.04898648,0.00462771,4.34e-05,0.00433819,0.91348367,0.0,0.02852055,51979,6,0.4332228,1.1945084
52,10,20015230,0.98578633,0.04380903,0.00381191,4.499e-05,0.00379077,0.94507962,0.0,0.00346368,51979,6,0.86673851,1.1945084
53,1,20015251,0.97802539,0.02960419,0.0,0.00156325,0.00104284,0.96770877,6.659e-05,1.437e-05,35807,6,0.09483641,0.9970751
53,2,20015252,0.97790172,0.03002834,0.0,0.00158357,0.00104839,0.96725981,6.668e-05,1.322e-05,55775,6,0.11903367,0.9970673
53,3,20015253,0.97798025,0.03015968,0.0,0.00157818,0.00104989,0.96713226,6.66e-05,1.338e-05,55711,6,0.11071511,0.9970702
53,4,20015254,0.97791146,0.02977446,0.0,0.00158524,0.00104555,0.9675156,6.681e-05,1.233e-05,56735,6,0.08109654,0.9970673
53,5,20015255,0.97789126,0.02977751,0.0,0.00157846,0.00104805,0.96751643,6.69e-05,1.264e-05,39903,6,0.07723507,0.9970761
53,6,20015256,0.97787549,0.03036537,0.0,0.00159293,0.00108427,0.96687694,6.684e-05,1.365e-05,53215,6,0.12347993,0.9970761
53,7,20015257,0.97782033,0.03046029,0.0,0.00159441,0.0010858,0.96677868,6.688e-05,1.393e-05,40927,6,0.1408909,0.9970771
53,8,20015258,0.97788504,0.0307429,0.0,0.00158536,0.00109086,0.96649975,6.671e-05,1.442e-05,22495,6,0.1420489,0.9970771
53,9,20015259,0.97790439,0.03061612,0.0,0.00158754,0.00109019,0.96662638,6.674e-05,1.302e-05,29151,6,0.12156453,0.9970731
53,10,20015260,0.97688622,0.02238252,0.0,0.00132619,0.0008885,0.97531565,6.665e-05,2.049e-05,59087,6,0.1169629,0.9950786
54,1,20015281,0.98677158,0.05603443,0.00386128,0.0,0.00253092,0.60342659,0.0,0.33414677,56077,6,0.25352615,1.2188263
54,2,20015282,0.98684936,0.05628912,0.00264411,0.0,0.00256987,0.12096107,0.0,0.81753583,57133,7,0.75155399,1.2188273
54,3,20015283,0.98683064,0.05715579,0.00267436,0.0,0.00258651,0.4084826,0.0,0.52910073,53005,7,0.24721847,1.2188267
54,4,20015284,0.98698131,0.05665261,0.00289018,0.0,0.00291656,0.298189,0.0,0.63935165,57101,7,0.30742866,1.2188277
54,5,20015285,0.98588244,0.04173252,0.0012661,0.0,0.00172505,0.95518049,0.0,9.584e-05,46749,6,0.64444367,1.2188277
54,6,20015286,0.98688778,0.05667146,0.00271476,0.0,0.00264768,0.4116264,0.0,0.52633969,56109,6,0.27801427,1.2188277
54,7,20015287,0.98628224,0.04407086,0.00185653,0.0,0.00190221,0.95192245,0.0,0.00024795,46749,6,0.51611772,1.2188277
54,8,20015288,0.98678586,0.05721193,0.00293469,0.0,0.00258463,0.46972085,0.0,0.4675479,56109,6,0.3554674,1.2188277
54,9,20015289,0.98684981,0.05638351,0.00268108,0.0,0.00263022,0.36419507,0.0,0.57411012,53005,7,0.27156902,1.2188267
54,10,20015290,0.9880549,0.05131541,0.00172154,0.0,0.00265243,0.27670307,0.0,0.66760756,49069,7,0.37209678,1.2183952
55,1,20015311,0.98010358,0.01426755,0.00228097,0.0,0.00094233,0.98234875,0.00015579,4.61e-06,32969,6,0.16730429,0.9948238
55,2,20015312,0.98004916,0.01568088,0.00243556,0.0,0.00161943,0.98008965,0.00016214,1.234e-05,32907,6,0.23947616,0.9948249
55,3,20015313,0.98024653,0.01453846,0.0024448,0.0,0.00106407,0.98179718,0.00014715,8.33e-06,36877,6,0.1859008,0.9948306
55,4,20015314,0.98021798,0.01439689,0.00231988,0.0,0.00107502,0.98205896,0.00014327,5.99e-06,36875,6,0.22295884,0.9948306
55,5,20015315,0.97999223,0.01607493,0.00245868,0.0,0.00176,0.97952499,0.00016459,1.682e-05,37071,6,0.25733358,0.9948248
55,6,20015316,0.98002169,0.01628135,0.00260295,0.0,0.00185046,0.97908862,0.00016057,1.605e-05,37071,6,0.17516129,0.9948248
55,7,20015317,0.98018964,0.01476339,0.00230233,0.0,0.00122626,0.98155536,0.0001443,8.36e-06,32907,6,0.22076614,0.9948249
55,8,20015318,0.98005675,0.0161737,0.00250827,0.0,0.00174544,0.97940042,0.00015834,1.384e-05,32971,6,0.16192043,0.9948238
55,9,20015319,0.98017997,0.01515539,0.00235963,0.0,0.0014062,0.98092085,0.00014799,9.94e-06,36877,6,0.21413602,0.9948306
55,10,20015320,0.98020057,0.0144588,0.0024391,0.0,0.00100335,0.98194438,0.00014928,5.09e-06,36873,6,0.19027897,0.9948306
56,1,20015341,0.98462282,0.02643375,0.0,0.0005368,0.00452368,0.0765341,0.0,0.89197167,56287,7,0.04060143,0.9978027
56,2,20015342,0.98460045,0.02616516,0.0,0.00053571,0.00451598,0.08947254,0.0,0.87931061,61279,7,0.06937143,0.9978037
56,3,20015343,0.98457663,0.02592139,0.0,0.00053588,0.00455195,0.06631903,0.0,0.90267175,47103,7,0.04357481,0.9978069
56,4,20015344,0.9845808,0.02617455,0.0,0.00053631,0.00457435,0.05396343,0.0,0.91475135,63327,7,0.07306337,0.9978047
56,5,20015345,0.98457181,0.02606972,0.0,0.00053535,0.00453664,0.07566115,0.0,0.89319714,40927,7,0.05664194,0.9978047
56,6,20015346,0.98453407,0.02555233,0.0,0.00053532,0.00452977,0.09669589,0.0,0.87268669,54783,7,0.04379985,0.9978047
56,7,20015347,0.98457066,0.02609216,0.0,0.00053651,0.0045447,0.07485109,0.0,0.89397553,14303,7,0.0460058,0.9978047
56,8,20015348,0.98453778,0.02575913,0.0,0.00053572,0.00457401,0.07393792,0.0,0.89519322,53247,7,0.05151553,0.9978059
56,9,20015349,0.98458624,0.02597394,0.0,0.00053592,0.0045189,0.06824107,0.0,0.90073017,32735,7,0.09152063,0.9978047
56,10,20015350,0.98456621,0.02572627,0.0,0.00053537,0.00448415,0.12630809,0.0,0.84294612,43007,7,0.04679222,0.9978059
57,1,20015371,0.98407005,0.04367289,0.00236585,2.837e-05,0.00339997,0.92888163,0.0,0.02165129,56075,6,0.35470707,1.4809618
57,2,20015372,0.9842057,0.04283247,0.00252072,2.843e-05,0.00336017,0.94186401,0.0,0.0093942,51979,6,0.27910095,1.4809608
57,3,20015373,0.98431147,0.04374831,0.00241003,2.752e-05,0.00340108,0.91216173,0.0,0.03825133,56075,6,0.52350727,1.4809618
57,4,20015374,0.98427617,0.04255705,0.00237077,2.828e-05,0.00335114,0.93695458,0.0,0.01473817,51979,6,0.35250836,1.4809608
57,5,20015375,0.98452238,0.04297463,0.00237695,2.762e-05,0.0033838,0.93538227,0.0,0.01585475,56075,6,0.40481752,1.4809618
57,6,20015376,0.98431119,0.0423399,0.00233513,2.81e-05,0.0033419,0.94021679,0.0,0.01173817,51979,6,0.24817773,1.4809608
57,7,20015377,0.98430794,0.04467938,0.0023548,2.87e-05,0.00342426,0.93721048,0.0,0.01230239,56075,6,0.66011862,1.4809618
57,8,20015378,0.9799811,0.03266855,0.00081938,3.239e-05,0.00118679,0.96526733,0.0,2.556e-05,48459,6,0.67197496,1.4809638
57,9,20015379,0.98445831,0.0430069,0.00243585,2.635e-05,0.00338596,0.92358004,0.0,0.0275649,56075,6,0.20980672,1.4809618
57,10,20015380,0.98029112,0.03180201,0.00081192,3.218e-05,0.00116787,0.96615984,0.0,2.617e-05,44363,6,0.40267607,1.4809628
58,1,20015401,0.97410628,0.01808835,0.0,0.00042843,0.00074628,0.98060027,0.00012876,7.91e-06,37065,6,0.12366215,0.9932914
58,2,20015402,0.97277667,0.01331904,0.0,0.00036253,0.00055054,0.98564129,0.00012007,6.53e-06,32905,6,0.13583818,0.9932931
58,3,20015403,0.97437668,0.0199834,0.0,0.00041545,0.00069622,0.97876748,0.0001255,1.195e-05,37343,6,0.11500056,0.9972781
58,4,20015404,0.97777648,0.02201842,0.0,0.00048324,0.00084196,0.97651341,0.00013517,7.81e-06,33247,6,0.2412472,0.9972771
58,5,20015405,0.9771359,0.02483475,0.0,0.00049221,0.00088177,0.97364743,0.00013333,1.051e-05,33247,6,0.19211252,0.9972771
58,6,20015406,0.97764162,0.02098865,0.0,0.00049054,0.00086362,0.97750237,0.00014534,9.47e-06,37279,6,0.42549192,0.9972808
58,7,20015407,0.9775865,0.02290752,0.0,0.00048159,0.00061626,0.97587092,0.00011934,4.36e-06,37215,6,0.52897368,0.9972781
58,8,20015408,0.97277877,0.01349104,0.0,0.00036315,0.00056665,0.98545373,0.00011898,6.45e-06,32971,6,0.11243825,0.9932904
58,9,20015409,0.97254857,0.01317851,0.0,0.00036432,0.00063338,0.9856965,0.00011864,8.65e-06,37067,6,0.15043516,0.9932914
58,10,20015410,0.97775512,0.01875708,0.0,0.00047819,0.00051228,0.98012707,0.0001215,3.87e-06,37151,6,0.66028636,0.9972808
59,1,20015431,0.99457402,0.03492979,0.00377297,0.0,0.0043609,0.02553774,0.0,0.9313986,65535,7,0.1511823,0.9995434
59,2,20015432,0.99455125,0.03491483,0.00376527,0.0,0.00439228,0.01573007,0.0,0.94119755,62975,7,0.16028864,0.9995429
59,3,20015433,0.99452322,0.0348619,0.00380079,0.0,0.00434969,0.05479589,0.0,0.90219173,62975,7,0.16406981,0.9995429
59,4,20015434,0.99453844,0.03491031,0.00377029,0.0,0.00438201,0.01517184,0.0,0.94176554,30719,7,0.22860604,0.9995434
59,5,20015435,0.99457921,0.03490062,0.00379899,0.0,0.00435716,0.01515532,0.0,0.94178791,65023,7,0.17193686,0.9995429
59,6,20015436,0.99458012,0.03489803,0.00380781,0.0,0.00434257,0.01298198,0.0,0.9439696,65023,7,0.15456814,0.9995429
59,7,20015437,0.99457295,0.03493202,0.00379192,0.0,0.00438877,0.01349929,0.0,0.943388,65535,7,0.10715995,0.9995434
59,8,20015438,0.99455594,0.034943,0.00381309,0.0,0.00438662,0.04326878,0.0,0.91358851,40447,7,0.22730594,0.9995429
59,9,20015439,0.9945687,0.03484024,0.00384679,0.0,0.00438725,0.01309137,0.0,0.94383434,58879,7,0.10817326,0.9995419
59,10,20015440,0.99459636,0.03484884,0.00378085,0.0,0.00435806,0.02442384,0.0,0.93258841,14335,7,0.13461644,0.9995434
60,1,20015461,0.98406233,0.02865087,0.02275786,0.0008376,0.00574507,0.93788736,0.0012607,0.00286054,36939,6,0.20706094,0.9959505
60,2,20015462,0.98264019,0.03594093,0.02751723,0.00150995,0.00677643,0.89201542,0.00135043,0.0348896,32841,6,0.30177044,0.9959495
60,3,20015463,0.98224208,0.03495679,0.03058658,0.00123675,0.00747874,0.89806752,0.00127442,0.0263992,32847,6,0.10911048,0.9959495
60,4,20015464,0.98204787,0.03419141,0.0291476,0.00207942,0.00962197,0.91064133,0.00139723,0.01292104,36879,6,0.09653419,0.9959506
60,5,20015465,0.98232684,0.03666911,0.03075814,0.00066343,0.00780494,0.89691082,0.00160026,0.02559329,32841,6,0.13981065,0.9959495
60,6,20015466,0.9815337,0.03922888,0.03146865,0.00131114,0.01144513,0.89357461,0.00203521,0.02093639,32777,6,0.13450111,0.9959496
60,7,20015467,0.98301459,0.03186732,0.02506852,0.00055979,0.00630519,0.92030346,0.00113441,0.01476131,32779,6,0.23151135,0.9959496
60,8,20015468,0.98224403,0.03657747,0.03221344,0.00118593,0.00829832,0.88779236,0.00150234,0.03243014,33289,6,0.15847398,0.9959216
60,9,20015469,0.98289543,0.03375542,0.02656592,0.00193879,0.00731207,0.9087215,0.00087923,0.02082706,32843,6,0.18172739,0.9959495
60,10,20015470,0.98164985,0.03817017,0.032865,0.00095008,0.00891964,0.88021946,0.00121913,0.03765652,32843,6,0.0867362,0.9959495
61,1,20015491,0.98019394,0.02691577,0.0,0.00153896,0.00094788,0.9705323,5.417e-05,1.093e-05,45023,6,0.10275989,0.9970507
61,2,20015492,0.98030407,0.02813254,0.0,0.00154685,0.00103104,0.96922284,5.413e-05,1.26e-05,48095,6,0.1372794,0.9970498
61,3,20015493,0.98027878,0.02757983,0.0,0.00153807,0.00098893,0.96982717,5.397e-05,1.203e-05,16351,6,0.0726969,0.9970517
61,4,20015494,0.98034041,0.02789989,0.0,0.0015448,0.00098535,0.96950304,5.427e-05,1.264e-05,49119,6,0.14422359,0.9970517
61,5,20015495,0.98017085,0.02792151,0.0,0.00154526,0.00104422,0.96942247,5.422e-05,1.232e-05,29663,6,0.07331705,0.9970527
61,6,20015496,0.98026046,0.02793177,0.0,0.00154419,0.00099984,0.96945692,5.412e-05,1.317e-05,60383,6,0.04798634,0.9970517
61,7,20015497,0.98026549,0.02763849,0.0,0.00154203,0.00098787,0.9697641,5.411e-05,1.34e-05,59359,6,0.11213066,0.9970507
61,8,20015498,0.98010828,0.0276802,0.0,0.00154284,0.00100534,0.96970579,5.407e-05,1.177e-05,32735,6,0.13361191,0.9970517
61,9,20015499,0.98022415,0.02823575,0.0,0.00154827,0.00103838,0.96911108,5.413e-05,1.239e-05,48095,6,0.16964886,0.9970498
61,10,20015500,0.98016098,0.02754821,0.0,0.00154328,0.00098804,0.96985429,5.42e-05,1.199e-05,63455,6,0.15383362,0.9970517
62,1,20015521,0.98395064,0.05430367,0.00307712,0.0,0.00290007,0.93389723,0.0,0.00582192,51981,6,0.3573578,1.4692888
62,2,20015522,0.98393455,0.05433773,0.00306661,0.0,0.00296159,0.93047455,0.0,0.00915952,56077,6,0.26406546,1.4692898
62,3,20015523,0.98394914,0.04723232,0.00329407,0.0,0.00313677,0.93847669,0.0,0.00786015,57131,6,0.44878824,1.4692907
62,4,20015524,0.98408933,0.04624878,0.00334478,0.0,0.00315218,0.93664801,0.0,0.01060626,56107,6,0.20788158,1.4692917
62,5,20015525,0.9838934,0.0548264,0.00337044,0.0,0.00292412,0.93269008,0.0,0.00618896,53037,6,0.34418855,1.4692898
62,6,20015526,0.98406164,0.04759143,0.00319905,0.0,0.00314152,0.93605304,0.0,0.01001497,56075,6,0.63462467,1.4692898
62,7,20015527,0.9832624,0.05226909,0.00327133,0.0,0.0023855,0.94170332,0.0,0.00037075,43821,6,0.30230954,1.4692907
62,8,20015528,0.98391882,0.05472038,0.00341625,0.0,0.00294796,0.93394504,0.0,0.00497036,51981,6,0.20119817,1.4692888
62,9,20015529,0.98393839,0.05458339,0.00304833,0.0,0.00292028,0.93320447,0.0,0.00624352,51981,6,0.402046,1.4692888
62,10,20015530,0.98320698,0.05234616,0.00334108,0.0,0.00235777,0.94155684,0.0,0.00039815,43789,6,0.47647004,1.4692888
63,1,20015551,0.97610883,0.01327861,0.00189949,6.639e-05,0.0008799,0.98372749,0.00014066,7.45e-06,32907,6,0.22053711,0.9940962
63,2,20015552,0.97626445,0.01290332,0.00185258,6.714e-05,0.00069724,0.98434733,0.00012827,4.12e-06,36937,6,0.19962992,0.9941029
63,3,20015553,0.97616887,0.01285348,0.00186457,6.69e-05,0.00066268,0.98441684,0.00013209,3.44e-06,32841,6,0.22786997,0.9941019
63,4,20015554,0.65052759,0.01324454,0.00076546,0.98473433,0.00062489,0.00042538,0.00020418,1.22e-06,36874,2,0.73655751,0.6634287
63,5,20015555,0.97618123,0.01297994,0.00187059,6.749e-05,0.00073898,0.98419011,0.00014872,4.17e-06,36879,6,0.20003904,0.9941048
63,6,20015556,0.97630427,0.01331163,0.00198192,6.736e-05,0.00075833,0.98373725,0.00013855,4.97e-06,32843,6,0.20295478,0.9941019
63,7,20015557,0.976187,0.01282003,0.00184486,6.688e-05,0.00068061,0.9844571,0.0001267,3.81e-06,32843,6,0.28899026,0.9941019
63,8,20015558,0.97626662,0.01312149,0.00190508,6.672e-05,0.00074939,0.98401413,0.00013825,4.94e-06,32845,6,0.31082978,0.9941019
63,9,20015559,0.97624595,0.01305359,0.00192447,6.738e-05,0.00067155,0.98414652,0.00013267,3.82e-06,36879,6,0.14365149,0.9941048
63,10,20015560,0.97607615,0.01292566,0.00190664,6.679e-05,0.00065582,0.98429822,0.00014324,3.64e-06,36937,6,0.24954106,0.9941029
64,1,20015581,0.98789407,0.02755836,0.0,0.0,0.00478452,0.14281825,0.0,0.82483887,36863,7,0.04967198,0.9983756
64,2,20015582,0.98798479,0.02760821,0.0,0.0,0.0048657,0.05945079,0.0,0.9080753,44543,7,0.06314483,0.998374
64,3,20015583,0.98790916,0.02796145,0.0,0.0,0.00490635,0.03458068,0.0,0.93255152,52607,7,0.04979039,0.998374
64,4,20015584,0.98791782,0.02797015,0.0,0.0,0.00477043,0.08725361,0.0,0.88000581,30687,7,0.09069905,0.998375
64,5,20015585,0.9878788,0.02795234,0.0,0.0,0.00486959,0.04489544,0.0,0.92228263,59391,7,0.07935693,0.9983756
64,6,20015586,0.98789082,0.027937,0.0,0.0,0.0048635,0.07371395,0.0,0.89348555,42495,7,0.04922558,0.998374
64,7,20015587,0.98791798,0.02769233,0.0,0.0,0.00481881,0.07494699,0.0,0.89254187,47103,7,0.03203007,0.9983766
64,8,20015588,0.98794783,0.02733916,0.0,0.0,0.00482922,0.09371416,0.0,0.87411746,52735,7,0.04003968,0.998374
64,9,20015589,0.98789192,0.02809278,0.0,0.0,0.00482593,0.06094616,0.0,0.90613513,42495,7,0.04940187,0.998374
64,10,20015590,0.9879142,0.02739409,0.0,0.0,0.00476139,0.08148621,0.0,0.88635831,63359,7,0.0654325,0.9983766
65,1,20015611,0.98409389,0.04620185,0.00485019,1.855e-05,0.0037795,0.9163135,0.0,0.02883642,51979,6,0.24530619,1.4250321
65,2,20015612,0.98377626,0.04672459,0.00569812,1.899e-05,0.00363747,0.88248267,0.0,0.06143816,56075,6,0.19472105,1.4250331
65,3,20015613,0.98402418,0.04677783,0.00524216,1.832e-05,0.00383042,0.91441243,0.0,0.02971885,51979,6,0.20260419,1.4250321
65,4,20015614,0.98295372,0.04899278,0.00689068,1.911e-05,0.00429686,0.91673324,0.0,0.02306732,56075,6,0.20995742,1.4250331
65,5,20015615,0.98350203,0.04579949,0.00633766,0.00013634,0.00424554,0.93012562,0.0,0.01335535,51979,6,0.37244738,1.4250321
65,6,20015616,0.98281031,0.04169282,0.00479497,2.013e-05,0.003138,0.91736105,0.0,0.03299303,51979,6,0.3274534,1.4250321
65,7,20015617,0.9835172,0.04655622,0.00715228,1.997e-05,0.00393949,0.9296048,0.0,0.01272724,51979,6,0.42412924,1.4250321
65,8,20015618,0.98410402,0.0460504,0.00525517,1.919e-05,0.00378814,0.93023114,0.0,0.01465596,51979,6,0.1656235,1.4250321
65,9,20015619,0.98381759,0.04628038,0.00677268,2.012e-05,0.00379892,0.91866691,0.0,0.024461,51979,6,0.23498107,1.4250321
65,10,20015620,0.98408889,0.04615694,0.0056522,1.97e-05,0.00396996,0.9364037,0.0,0.0077975,51979,6,0.472955,1.4250321
66,1,20015641,0.97475463,0.01841384,0.0,0.00140381,0.00078325,0.97926935,0.00011371,1.603e-05,57547,6,0.09753956,0.9948728
66,2,20015642,0.97637367,0.02573736,0.0,0.00160818,0.00094126,0.97158079,0.00011974,1.268e-05,33247,6,0.25307565,0.996865
66,3,20015643,0.97598565,0.02867613,0.0,0.00170993,0.00102053,0.96846142,0.00012023,1.175e-05,37855,6,0.19189008,0.9968731
66,4,20015644,0.97640481,0.02483219,0.0,0.00159362,0.00093091,0.97251124,0.00011953,1.251e-05,33247,6,0.37385042,0.996865
66,5,20015645,0.97612101,0.02524211,0.0,0.00163537,0.00081151,0.97218299,0.00011836,9.65e-06,37151,6,0.11308543,0.9968691
66,6,20015646,0.976313,0.02581415,0.0,0.00161584,0.00088351,0.97155582,0.00011857,1.211e-05,51679,6,0.12315274,0.9968628
66,7,20015647,0.97627498,0.0261154,0.0,0.00163682,0.00092579,0.97118947,0.0001202,1.23e-05,37279,6,0.18585026,0.9968691
66,8,20015648,0.97662137,0.02339251,0.0,0.00156077,0.00085961,0.9740576,0.0001186,1.091e-05,33247,6,0.3182358,0.996865
66,9,20015649,0.9761644,0.02729975,0.0,0.00165838,0.00094001,0.9699693,0.00011904,1.353e-05,33247,6,0.15748005,0.996865
66,10,20015650,0.97618225,0.02647722,0.0,0.00165143,0.00093282,0.97080761,0.00011874,1.218e-05,37727,6,0.18094133,0.9968731
67,1,20015671,0.99030942,0.05007254,0.00817024,6.964e-05,0.00245573,0.00062038,0.00024211,0.93836936,44973,7,0.8800687,1.1349085
67,2,20015672,0.98916333,0.05505344,0.01617063,7.737e-05,0.00371966,0.00110285,0.00068982,0.92318623,49069,7,0.45371611,1.1349104
67,3,20015673,0.98829763,0.05833248,0.01458406,0.00010046,0.00324689,0.02569836,0.00032892,0.89770884,57101,7,0.44570678,1.1351776
67,4,20015674,0.9892152,0.05097651,0.00895823,6.929e-05,0.00254347,0.00097629,0.00024576,0.93623045,57261,7,0.79655371,1.1349104
67,5,20015675,0.98973103,0.05055633,0.01257543,8.529e-05,0.00266939,0.0005611,0.0002668,0.93328566,49069,7,0.47762519,1.1349104
67,6,20015676,0.9903444,0.04714623,0.00777808,6.901e-05,0.00246764,0.00054753,0.00024,0.94175152,49069,7,0.8718075,1.1349104
67,7,20015677,0.98977569,0.0510696,0.01351687,7.132e-05,0.00391326,0.01666022,0.00041612,0.91435262,49069,7,0.4181959,1.1349104
67,8,20015678,0.99028969,0.04942033,0.00808843,6.883e-05,0.00245825,0.00059655,0.00024283,0.93912478,44973,7,0.67465311,1.1349085
67,9,20015679,0.99006144,0.05044091,0.00937045,6.957e-05,0.00247276,0.00056439,0.00024308,0.93683884,44973,7,0.71922278,1.1349085
67,10,20015680,0.98922367,0.05093377,0.0095894,7.085e-05,0.00252959,0.00072283,0.00024599,0.93590756,57261,7,0.77351495,1.1349104
68,1,20015701,0.97833517,0.02133984,0.02315094,0.0,0.0037847,0.94691885,0.00084818,0.0039575,32779,6,0.13962263,0.9952833
68,2,20015702,0.97982399,0.01916782,0.01863669,0.0,0.00218209,0.95663892,0.00053834,0.00283614,32777,6,0.2513312,0.9952833
68,3,20015703,0.97635577,0.02571879,0.03261399,0.0,0.00508592,0.92618229,0.00127246,0.00912656,36937,6,0.175873,0.9952835
68,4,20015704,0.97331374,0.03355719,0.04160437,0.0,0.00709636,0.90217404,0.00130094,0.01426711,32779,6,0.23192069,0.9952833
68,5,20015705,0.97816387,0.02148818,0.02796606,0.0,0.00318647,0.93843899,0.00084444,0.00807586,36877,6,0.16343827,0.9952843
68,6,20015706,0.97812219,0.02128729,0.02211059,0.0,0.00354759,0.94793934,0.00078667,0.00432853,32843,6,0.22609329,0.9952825
68,7,20015707,0.97763042,0.0220664,0.02134363,0.0,0.00368609,0.95108249,0.00102241,0.00079898,36873,6,0.16933412,0.9952843
68,8,20015708,0.97874355,0.021266,0.0221678,0.0,0.00254526,0.95006566,0.00078605,0.00316923,32779,6,0.27318065,0.9952833
68,9,20015709,0.97422377,0.03010639,0.03656447,0.0,0.00635908,0.91140829,0.00124501,0.01431676,32841,6,0.12289535,0.9952825
68,10,20015710,0.97735108,0.0248303,0.02511887,0.0,0.00364673,0.94133493,0.00112458,0.00394458,36943,6,0.11920136,0.9952835
69,1,20015731,0.98272273,0.02374503,0.0,0.00105954,0.00412196,0.09229629,0.0,0.87877718,49119,7,0.06799244,0.9973056
69,2,20015732,0.98276084,0.02379285,0.0,0.00105922,0.00409864,0.10095907,0.0,0.87009021,47071,7,0.06661213,0.9973056
69,3,20015733,0.9827311,0.02380754,0.0,0.00105944,0.00415901,0.09384268,0.0,0.87713133,47071,7,0.06408613,0.9973056
69,4,20015734,0.98271387,0.02357813,0.0,0.00106057,0.00402328,0.16355688,0.0,0.80778115,36831,7,0.06677941,0.9973047
69,5,20015735,0.98277274,0.02384735,0.0,0.00105917,0.00406968,0.10100844,0.0,0.87001536,31711,7,0.0582,0.9973063
69,6,20015736,0.98288412,0.02429163,0.0,0.00105928,0.00418527,0.04559613,0.0,0.9248677,59359,7,0.10857214,0.9973046
69,7,20015737,0.98286254,0.0241584,0.0,0.00105877,0.00409802,0.06386925,0.0,0.90681555,53215,7,0.06942295,0.9973047
69,8,20015738,0.98270028,0.02360987,0.0,0.00106017,0.00401789,0.1740939,0.0,0.79721818,61407,7,0.07167803,0.9973047
69,9,20015739,0.98287756,0.02428648,0.0,0.00106029,0.00412852,0.03250364,0.0,0.93802107,49119,7,0.13248177,0.9973056
69,10,20015740,0.98278313,0.02392957,0.0,0.00106006,0.00416043,0.06233085,0.0,0.90851909,60383,7,0.07786427,0.9973053
70,1,20015761,0.98436012,0.04167925,0.00218328,0.0,0.00324678,0.93805635,0.0,0.01483433,56075,6,0.37326659,1.6195678
70,2,20015762,0.98436355,0.04240885,0.00207054,0.0,0.00330259,0.93318745,0.0,0.01903057,56075,6,0.55740081,1.6195678
70,3,20015763,0.98365583,0.04832294,0.00247082,0.0,0.00310864,0.92916725,0.0,0.01693035,51981,6,0.22469844,1.6195669
70,4,20015764,0.98391479,0.04655248,0.00236407,0.0,0.00319314,0.9295934,0.0,0.01829691,56075,6,0.22311357,1.6195678
70,5,20015765,0.98394667,0.04585683,0.00230604,0.0,0.00312926,0.90755775,0.0,0.04115012,51981,6,0.17740385,1.6195669
70,6,20015766,0.98381641,0.0419204,0.00231223,0.0,0.00298446,0.94072974,0.0,0.01205317,56075,6,0.25230115,1.6195678
70,7,20015767,0.9843826,0.04114055,0.00208644,0.0,0.00317303,0.93359008,0.0,0.02000991,51979,6,0.35827516,1.6195669
70,8,20015768,0.98427558,0.04239996,0.00221518,0.0,0.00311411,0.9240634,0.0,0.02820735,51979,6,0.26226602,1.6195669
70,9,20015769,0.98374399,0.04817015,0.00249597,0.0,0.00315895,0.92437677,0.0,0.02179815,51981,6,0.15151224,1.6195669
70,10,20015770,0.98257049,0.04557638,0.00261824,0.0,0.00268141,0.94567229,0.0,0.00345167,47883,6,0.28662483,1.6195678
71,1,20015791,0.97273895,0.01299438,0.0,0.0003094,0.00064083,0.98589197,0.00015529,8.14e-06,32779,6,0.11508301,0.9933984
71,2,20015792,0.97285542,0.01243345,0.0,0.00030921,0.00054354,0.98655841,0.00015063,4.75e-06,37071,6,0.17539741,0.9933865
71,3,20015793,0.97280469,0.01284094,0.0,0.0003095,0.00058649,0.98610053,0.00015592,6.63e-06,36879,6,0.13026273,0.9933994
71,4,20015794,0.97271921,0.0125717,0.0,0.00030949,0.00049875,0.9864615,0.00015218,6.38e-06,32969,6,0.11264578,0.9933855
71,5,20015795,0.97246833,0.01220049,0.0,0.00030936,0.0004862,0.98684871,0.00015068,4.55e-06,32779,6,0.10953388,0.9933984
71,6,20015796,0.97279975,0.0125257,0.0,0.00030926,0.00059653,0.98640503,0.00015718,6.29e-06,37007,6,0.12922958,0.9933891
71,7,20015797,0.97275684,0.01235399,0.0,0.00031141,0.00049457,0.98667711,0.0001591,3.83e-06,37069,6,0.1065924,0.9933865
71,8,20015798,0.9726194,0.01242426,0.0,0.00030941,0.00058486,0.98652428,0.00015159,5.6e-06,36941,6,0.14653535,0.9933968
71,9,20015799,0.97277127,0.0127068,0.0,0.00030967,0.00062033,0.98620144,0.00015335,8.42e-06,37067,6,0.10991195,0.9933865
71,10,20015800,0.97252903,0.01218078,0.0,0.00031013,0.00049435,0.98685393,0.00015563,5.19e-06,36877,6,0.16561069,0.9933994
72,1,20015821,0.99284187,0.02814409,0.00299246,0.0,0.004392,0.01412485,0.0,0.95034659,50687,7,0.18017281,0.9991201
72,2,20015822,0.99287792,0.02823713,0.00294183,0.0,0.00432827,0.0141357,0.0,0.95035707,40447,7,0.15982903,0.9991211
72,3,20015823,0.99287068,0.02809329,0.00299556,0.0,0.00435591,0.03266028,0.0,0.93189495,14335,7,0.1740756,0.9991219
72,4,20015824,0.99286853,0.02813144,0.00295712,0.0,0.00439724,0.02292757,0.0,0.94158663,48639,7,0.23273949,0.9991211
72,5,20015825,0.99283952,0.02810531,0.00297702,0.0,0.00435885,0.03410893,0.0,0.9304499,32767,7,0.12182827,0.9991219
72,6,20015826,0.99288524,0.02810918,0.00297937,0.0,0.00432647,0.03127066,0.0,0.93331432,45055,7,0.14268697,0.999121
72,7,20015827,0.99288185,0.02821097,0.00300802,0.0,0.00435762,0.02365408,0.0,0.94076931,32255,7,0.14301617,0.9991211
72,8,20015828,0.99287451,0.02815568,0.00297211,0.0,0.00437128,0.01280121,0.0,0.95169971,57343,7,0.09172603,0.9991219
72,9,20015829,0.99288332,0.02811697,0.00298638,0.0,0.00437906,0.02832841,0.0,0.93618918,65535,7,0.15516175,0.9991219
72,10,20015830,0.99286996,0.0281566,0.00296456,0.0,0.00437086,0.01934885,0.0,0.94515913,36351,7,0.16810602,0.9991201
73,1,20015851,0.98527792,0.04407926,0.00547632,4.136e-05,0.00418564,0.94290064,3.513e-05,0.00328164,51979,6,0.78719871,1.2290383
73,2,20015852,0.98482179,0.04726239,0.00714608,3.947e-05,0.0043443,0.91398167,3.953e-05,0.02718655,51979,6,0.3243111,1.2290383
73,3,20015853,0.98491742,0.04677559,0.00637288,4.042e-05,0.00424086,0.92500214,3.468e-05,0.01753342,51979,6,0.50654569,1.2290383
73,4,20015854,0.98529,0.04409405,0.00534528,4.134e-05,0.00418699,0.94415797,3.649e-05,0.0021379,51979,6,0.89388486,1.2290383
73,5,20015855,0.98481819,0.04804816,0.0069058,3.854e-05,0.0042738,0.90324181,4.068e-05,0.03745121,51979,6,0.41738743,1.2290383
73,6,20015856,0.98522997,0.04514718,0.0058497,4.049e-05,0.00420387,0.92439406,3.551e-05,0.02032919,51979,6,0.81850417,1.2290383
73,7,20015857,0.98535643,0.04379464,0.00538738,4.135e-05,0.00414766,0.94136369,3.572e-05,0.00522956,51979,6,0.90200836,1.2290383
73,8,20015858,0.98528662,0.04445621,0.00585614,4.119e-05,0.00411282,0.94112836,3.549e-05,0.00436979,51979,6,0.8808915,1.2290383
73,9,20015859,0.9851179,0.04506714,0.00668435,4.051e-05,0.00424702,0.93119221,4.406e-05,0.01272472,51979,6,0.67140301,1.2290383
73,10,20015860,0.98510492,0.04577022,0.00724866,3.968e-05,0.00407628,0.89748006,3.406e-05,0.04535104,51979,6,0.57641181,1.2290383
74,1,20015881,0.97815228,0.02694272,0.0,0.00161204,0.00098454,0.97037889,6.887e-05,1.294e-05,64479,6,0.06184262,0.9967025
74,2,20015882,0.97829419,0.02695482,0.0,0.00160827,0.00095152,0.9704035,6.865e-05,1.324e-05,49119,6,0.07061067,0.9967012
74,3,20015883,0.97828868,0.02673053,0.0,0.00161434,0.00095798,0.97061637,6.859e-05,1.219e-05,61407,6,0.06779868,0.9967002
74,4,20015884,0.97824678,0.0267429,0.0,0.00161267,0.00094561,0.97061817,6.852e-05,1.213e-05,51039,6,0.10512252,0.9966949
74,5,20015885,0.97817258,0.02688113,0.0,0.0016125,0.000953,0.97047199,6.865e-05,1.272e-05,44895,6,0.08926605,0.9967002
74,6,20015886,0.97827876,0.02746602,0.0,0.00161731,0.00099083,0.9698442,6.884e-05,1.279e-05,59359,6,0.10196666,0.9967002
74,7,20015887,0.97819255,0.02637943,0.0,0.00160793,0.00093594,0.97099627,6.892e-05,1.151e-05,62879,6,0.09431784,0.9966971
74,8,20015888,0.97828644,0.02688615,0.0,0.00160911,0.00094229,0.97048249,6.874e-05,1.121e-05,15327,6,0.0890281,0.9966982
74,9,20015889,0.97829066,0.02667988,0.0,0.00161033,0.00094551,0.97068325,6.872e-05,1.232e-05,64351,6,0.07968425,0.9967024
74,10,20015890,0.97814835,0.0269275,0.0,0.00161558,0.00096208,0.97041517,6.864e-05,1.104e-05,16351,6,0.14287382,0.9967012
75,1,20015911,0.98437353,0.05034387,0.00168768,0.0,0.00254552,0.17583807,0.0,0.76958484,44845,7,0.5703242,1.4619947
75,2,20015912,0.9843077,0.04981026,0.00172146,0.0,0.0027287,0.52337993,0.0,0.42235965,47885,6,0.20270264,1.4619947
75,3,20015913,0.98358464,0.04362968,0.00068073,0.0,0.00157398,0.95407564,0.0,3.996e-05,50845,6,0.921045,1.4619956
75,4,20015914,0.98432797,0.05429359,0.00193742,0.0,0.00247678,0.29095631,0.0,0.65033591,57133,7,0.23294712,1.4619957
75,5,20015915,0.98435519,0.05040801,0.00176672,0.0,0.00253753,0.55399548,0.0,0.39129226,44845,7,0.2338262,1.4619947
75,6,20015916,0.98432539,0.0543513,0.00188388,0.0,0.00245086,0.38838785,0.0,0.5529261,53005,7,0.42566138,1.4619956
75,7,20015917,0.98396824,0.04163985,0.00139238,0.0,0.00135905,0.95554965,0.0,5.906e-05,44811,6,0.29552253,1.4619956
75,8,20015918,0.98408888,0.0428584,0.00151388,0.0,0.00141634,0.95413343,0.0,7.795e-05,48939,6,0.23882164,1.4619957
75,9,20015919,0.98415781,0.0460029,0.00168552,0.0,0.00143735,0.95081247,0.0,6.177e-05,57131,6,0.38830642,1.4619957
75,10,20015920,0.98426072,0.05036223,0.00174228,0.0,0.00256585,0.23665441,0.0,0.70867524,48941,7,0.39550523,1.4619957
76,1,20015941,0.97792332,0.01351817,0.00202712,0.0,0.00093063,0.98334985,0.00016947,4.76e-06,36873,6,0.13999672,0.9944823
76,2,20015942,0.97796006,0.01423652,0.00211378,0.0,0.00125228,0.98222209,0.00016586,9.47e-06,36939,6,0.20569399,0.9944808
76,3,20015943,0.97805424,0.01390114,0.00209818,0.0,0.00110217,0.98273183,0.00015955,7.13e-06,36937,6,0.15068893,0.9944808
76,4,20015944,0.97812325,0.01383739,0.00209626,0.0,0.0011017,0.98279071,0.00016633,7.62e-06,32847,6,0.22870754,0.9944798
76,5,20015945,0.97799468,0.01369153,0.00205113,0.0,0.00104644,0.98304829,0.00015609,6.53e-06,32777,6,0.30704743,0.9944813
76,6,20015946,0.97787637,0.01356326,0.00203019,0.0,0.0009564,0.98327149,0.00017294,5.71e-06,32905,6,0.31576376,0.9944753
76,7,20015947,0.97796932,0.01442323,0.00218779,0.0,0.00136476,0.98184671,0.00016823,9.28e-06,32971,6,0.26973322,0.9944738
76,8,20015948,0.97792699,0.01452368,0.00216531,0.0,0.00141016,0.98172347,0.00016814,9.25e-06,32843,6,0.18161789,0.9944798
76,9,20015949,0.97808796,0.01348582,0.00204175,0.0,0.00089263,0.983418,0.00015738,4.43e-06,37007,6,0.15883859,0.9944763
76,10,20015950,0.97795263,0.01393995,0.00210338,0.0,0.00113437,0.98265582,0.00015994,6.54e-06,32777,6,0.20490883,0.9944813
77,1,20015971,0.98565359,0.02396077,0.0,0.00025577,0.00437251,0.04802865,0.0,0.9233823,46463,7,0.05995929,0.9978309
77,2,20015972,0.98567997,0.02438818,0.0,0.00025577,0.00427413,0.10919305,0.0,0.86188887,7679,7,0.06242098,0.997832
77,3,20015973,0.98569543,0.02425461,0.0,0.00025545,0.00432882,0.0605063,0.0,0.91065482,61439,7,0.05006167,0.9978351
77,4,20015974,0.98564248,0.02408189,0.0,0.00025538,0.00436227,0.06133525,0.0,0.90996521,60927,7,0.03859632,0.997833
77,5,20015975,0.98562791,0.02391806,0.0,0.00025541,0.00433577,0.12427197,0.0,0.84721879,32735,7,0.05755441,0.997834
77,6,20015976,0.9856579,0.02426491,0.0,0.00025573,0.0043799,0.07213621,0.0,0.89896324,32735,7,0.06674843,0.997834
77,7,20015977,0.98568615,0.02447003,0.0,0.00025578,0.00434337,0.07843544,0.0,0.89249539,51199,7,0.05441863,0.9978351
77,8,20015978,0.9856366,0.02401954,0.0,0.00025575,0.00430332,0.09191909,0.0,0.8795023,58751,7,0.0453117,0.997833
77,9,20015979,0.98561953,0.02392183,0.0,0.00025549,0.00438241,0.04804406,0.0,0.9233962,24063,7,0.10153812,0.997834
77,10,20015980,0.98566802,0.02414082,0.0,0.00025547,0.00434108,0.07101827,0.0,0.90024435,59391,7,0.0474046,0.9978351
78,1,20016001,0.98364713,0.04101639,0.00295834,9.97e-06,0.00338908,0.92325041,0.0,0.02937581,56075,6,0.38696334,1.6336716
78,2,20016002,0.9831682,0.03970193,0.0030795,1.137e-05,0.00308843,0.9162886,0.0,0.03783017,56075,6,0.1897302,1.6336716
78,3,20016003,0.98381796,0.04028292,0.00288375,1.002e-05,0.0033866,0.92458039,0.0,0.02885632,56075,6,0.28329313,1.6336716
78,4,20016004,0.98359616,0.04081442,0.00333414,1.01e-05,0.00336843,0.92493816,0.0,0.02753474,56075,6,0.21285886,1.6336716
78,5,20016005,0.98370007,0.03827787,0.003176,1.062e-05,0.00330698,0.92436834,0.0,0.03086019,51979,6,0.15985747,1.6336706
78,6,20016006,0.98290998,0.04118108,0.00302664,1.088e-05,0.00352405,0.93427612,0.0,0.01798123,56075,6,0.37113172,1.6336716
78,7,20016007,0.98377927,0.04001551,0.00275888,1.029e-05,0.00335519,0.91783617,0.0,0.03602396,56075,6,0.21909639,1.6336716
78,8,20016008,0.98323778,0.04141752,0.00321746,1.055e-05,0.00337936,0.93002675,0.0,0.02194836,56075,6,0.23865536,1.6336716
78,9,20016009,0.98401225,0.0393995,0.00278774,9.73e-06,0.00336338,0.91911187,0.0,0.03532779,51979,6,0.20654011,1.6336706
78,10,20016010,0.9840144,0.03962548,0.00276154,9.46e-06,0.00338535,0.91907215,0.0,0.03514602,56075,6,0.30554596,1.6336716
79,1,20016031,0.97560509,0.0189148,0.0,0.00126274,0.00072344,0.97894084,0.00015,8.19e-06,37343,6,0.40532352,0.9967947
79,2,20016032,0.9742185,0.02503627,0.0,0.00143405,0.00093801,0.97242195,0.00015877,1.095e-05,37343,6,0.23926632,0.9967947
79,3,20016033,0.97471481,0.02284639,0.0,0.00136275,0.00076593,0.97486757,0.00014929,8.08e-06,33183,6,0.30948149,0.9967969
79,4,20016034,0.97523283,0.02184283,0.0,0.00131287,0.0007683,0.9759193,0.00014855,8.16e-06,33119,6,0.22986951,0.9967937
79,5,20016035,0.97502405,0.02233234,0.0,0.00134289,0.00082657,0.97533456,0.00015399,9.64e-06,37279,6,0.22372542,0.9967979
79,6,20016036,0.97521892,0.02048758,0.0,0.00130778,0.00079406,0.97724593,0.0001555,9.15e-06,37279,6,0.38120069,0.9967979
79,7,20016037,0.97533218,0.01937426,0.0,0.00128791,0.00067422,0.97850545,0.00015101,7.16e-06,33183,6,0.50081225,0.9967969
79,8,20016038,0.97531695,0.02114291,0.0,0.00131705,0.00084694,0.97652861,0.00015442,1.008e-05,37343,6,0.57565669,0.9967947
79,9,20016039,0.97430372,0.02459876,0.0,0.0014198,0.00079313,0.97302833,0.00015049,9.49e-06,33119,6,0.14963792,0.9967937
79,10,20016040,0.97332783,0.01813027,0.0,0.00120805,0.00074,0.97976786,0.00013676,1.705e-05,61643,6,0.08793727,0.9948024
80,1,20016061,0.99837733,0.03835183,0.01244265,0.0,0.00609782,0.00747364,0.0,0.93563406,54783,7,0.04376067,0.9999531
80,2,20016062,0.99838301,0.03835672,0.01252979,0.0,0.00615417,0.00987539,0.0,0.93308392,15871,7,0.05441055,0.9999531
80,3,20016063,0.99837885,0.03839023,0.01265835,0.0,0.00618721,0.01266352,0.0,0.93010069,55167,7,0.05749108,0.9999521
80,4,20016064,0.99844933,0.03848653,0.01247578,0.0,0.00611963,0.00841901,0.0,0.93449906,32255,7,0.0734482,0.9999531
80,5,20016065,0.99837457,0.03831965,0.01251427,0.0,0.00612096,0.01758751,0.0,0.9254576,40959,7,0.06272279,0.9999531
80,6,20016066,0.99835502,0.0382842,0.01286143,0.0,0.00616516,0.01627899,0.0,0.92641023,15871,7,0.0456372,0.9999531
80,7,20016067,0.99838989,0.03829325,0.01264538,0.0,0.00618098,0.01776362,0.0,0.92511678,65535,7,0.06167174,0.9999531
80,8,20016068,0.99842367,0.03837275,0.01269289,0.0,0.00606615,0.0259395,0.0,0.91692871,45055,7,0.06768734,0.9999522
80,9,20016069,0.99841865,0.0384132,0.01262801,0.0,0.00612183,0.00791528,0.0,0.93492169,63359,7,0.08642598,0.9999531
80,10,20016070,0.99843105,0.03840538,0.01243973,0.0,0.00621119,0.00785713,0.0,0.93508657,55295,7,0.11614392,0.9999531
81,1,20016091,0.97640294,0.04361588,0.03639841,0.00196725,0.01235438,0.82911526,0.00338105,0.07316777,32777,6,0.11318083,0.9958247
81,2,20016092,0.97563693,0.04739038,0.0408233,0.0016109,0.01436552,0.83115698,0.00202281,0.06263011,36939,6,0.1414839,0.9958255
81,3,20016093,0.97689655,0.04394349,0.04042615,0.00072257,0.00990388,0.78484709,0.00241042,0.1177464,32847,6,0.09544415,0.9958245
81,4,20016094,0.97470778,0.0478633,0.04045624,0.00175636,0.01323585,0.83885852,0.00435014,0.05347959,32843,6,0.11406455,0.9958245
81,5,20016095,0.97492022,0.04926297,0.03929257,0.00234817,0.01384947,0.80872957,0.00296632,0.08355091,32781,6,0.13616379,0.9958247
81,6,20016096,0.97500533,0.04694769,0.0436583,0.00222265,0.01045687,0.8204688,0.00336713,0.07287856,32777,6,0.14744383,0.9958247
81,7,20016097,0.97510268,0.04757281,0.03787679,0.00202148,0.01447589,0.85554666,0.00317784,0.03932854,32841,6,0.16275,0.9958245
81,8,20016098,0.97570789,0.04674326,0.04693362,0.00145476,0.01326921,0.78805034,0.00204394,0.10150487,32779,6,0.12349514,0.9958247
81,9,20016099,0.97961731,0.03381156,0.02730732,0.001071,0.00759874,0.90246784,0.00279784,0.0249457,32847,6,0.12587139,0.9958245
81,10,20016100,0.97714416,0.04392467,0.04172618,0.0019771,0.01201299,0.79279532,0.00263109,0.10493266,36943,6,0.11382457,0.9958255
82,1,20016121,0.98021141,0.02193549,0.0,0.00144867,0.00381379,0.08514128,0.0,0.88766077,63455,7,0.14363507,0.9968262
82,2,20016122,0.98028919,0.02200179,0.0,0.00144894,0.00382517,0.03887877,0.0,0.93384533,47071,7,0.07457193,0.9968261
82,3,20016123,0.97991369,0.02123429,0.0,0.00144479,0.00387507,0.05396221,0.0,0.91948364,15327,7,0.06509442,0.9968232
82,4,20016124,0.97994317,0.02148926,0.0,0.00144562,0.00395037,0.02444216,0.0,0.94867258,34815,7,0.06717051,0.9968283
82,5,20016125,0.98021529,0.02196499,0.0,0.00144777,0.00386178,0.04379951,0.0,0.92892595,63455,7,0.07339427,0.9968262
82,6,20016126,0.97992616,0.02133439,0.0,0.0014451,0.00385789,0.08085632,0.0,0.8925063,30719,7,0.0665413,0.9968293
82,7,20016127,0.98031335,0.0219729,0.0,0.00144846,0.00382946,0.07195997,0.0,0.9007892,42975,7,0.05731928,0.9968251
82,8,20016128,0.9799718,0.02145157,0.0,0.00144539,0.00384098,0.09641572,0.0,0.87684634,65503,7,0.05843708,0.9968262
82,9,20016129,0.98006118,0.02151582,0.0,0.00144823,0.00388103,0.06353298,0.0,0.90962194,61407,7,0.093928,0.9968252
82,10,20016130,0.97988624,0.02138313,0.0,0.0014462,0.00386843,0.09503916,0.0,0.87826308,57311,7,0.06937424,0.9968262
83,1,20016151,0.98344953,0.0490888,0.00279117,0.0,0.0029227,0.92945531,0.0,0.01574202,51981,6,0.30807877,1.6983534
83,2,20016152,0.98346914,0.04894637,0.00273402,0.0,0.00285557,0.92975926,0.0,0.01570478,51981,6,0.25215011,1.6983534
83,3,20016153,0.98238548,0.0403056,0.00064171,0.0,0.00181457,0.95720488,0.0,3.324e-05,50845,6,0.82223385,1.6983558
83,4,20016154,0.98281909,0.04614044,0.00346488,0.0,0.00246164,0.9471336,0.0,0.00079945,51085,6,0.6759961,1.6983558
83,5,20016155,0.98347291,0.04881342,0.00280159,0.0,0.00283651,0.9285418,0.0,0.01700669,51981,6,0.22101083,1.6983534
83,6,20016156,0.98345483,0.0481583,0.0026793,0.0,0.00287333,0.93035212,0.0,0.01593695,51981,6,0.16007674,1.6983534
83,7,20016157,0.98370605,0.04081737,0.00242751,0.0,0.00298846,0.9284522,0.0,0.02531446,51979,6,0.17979312,1.6983534
83,8,20016158,0.98357861,0.04362172,0.00282659,0.0,0.00292197,0.92963165,0.0,0.02099807,51979,6,0.14349626,1.6983534
83,9,20016159,0.9822865,0.04607455,0.00362608,0.0,0.0021764,0.94771944,0.0,0.00040353,43789,6,0.21554854,1.6983534
83,10,20016160,0.98345983,0.04813894,0.00282322,0.0,0.00275738,0.92058429,0.0,0.02569617,57101,6,0.24737045,1.6983568
84,1,20016181,0.97364599,0.01227917,0.00177739,8.552e-05,0.00047358,0.98521045,0.00017128,2.61e-06,32843,6,0.22696612,0.9936458
84,2,20016182,0.97361197,0.01241768,0.00175901,8.582e-05,0.00057268,0.98498087,0.00017933,4.61e-06,32845,6,0.17174871,0.9936458
84,3,20016183,0.97358513,0.01252903,0.001788,8.584e-05,0.00061606,0.98479158,0.00018527,4.22e-06,36941,6,0.1461866,0.9936468
84,4,20016184,0.97339479,0.01252368,0.00178247,8.595e-05,0.00063962,0.98477193,0.00019197,4.39e-06,36937,6,0.21606723,0.9936468
84,5,20016185,0.97359366,0.01291325,0.0018826,8.61e-05,0.00072561,0.9841916,0.00019542,5.43e-06,32779,6,0.12145662,0.9936482
84,6,20016186,0.97356758,0.01228536,0.00172893,8.559e-05,0.00058514,0.98513737,0.00017353,4.07e-06,32783,6,0.23318113,0.9936482
84,7,20016187,0.97345738,0.01253479,0.00176019,8.562e-05,0.00063412,0.9847978,0.00018172,5.77e-06,32841,6,0.19162923,0.9936458
84,8,20016188,0.97348594,0.01269106,0.00180197,8.57e-05,0.00070995,0.9845212,0.0001849,5.22e-06,32777,6,0.18528458,0.9936482
84,9,20016189,0.97333847,0.0123794,0.00173684,8.566e-05,0.00060181,0.98501365,0.00017842,4.24e-06,36873,6,0.19981714,0.9936492
84,10,20016190,0.97345583,0.01259798,0.00179139,8.559e-05,0.00064262,0.98469383,0.00018365,4.95e-06,36939,6,0.19312194,0.9936468
85,1,20016211,0.9900827,0.02503883,0.00263468,0.0,0.00429802,0.01425636,0.0,0.95377211,52735,7,0.1472028,0.9985898
85,2,20016212,0.99010805,0.02500286,0.00258072,0.0,0.00427294,0.02558897,0.0,0.94255451,47103,7,0.13034249,0.9985922
85,3,20016213,0.99009546,0.0250421,0.0025734,0.0,0.00431955,0.01570315,0.0,0.95236181,62975,7,0.28302398,0.9985908
85,4,20016214,0.99008973,0.02505396,0.0025772,0.0,0.00429921,0.01275565,0.0,0.95531399,61439,7,0.08233028,0.9985912
85,5,20016215,0.9900863,0.02504433,0.00255396,0.0,0.00433369,0.0133806,0.0,0.95468742,52735,7,0.09467704,0.9985898
85,6,20016216,0.99007576,0.02509256,0.0025991,0.0,0.00431056,0.02544553,0.0,0.94255225,16383,7,0.11526864,0.9985922
85,7,20016217,0.99009882,0.02502369,0.00258631,0.0,0.00427639,0.03000704,0.0,0.93810657,36351,7,0.1420695,0.9985898
85,8,20016218,0.99008447,0.02503486,0.00259208,0.0,0.00423331,0.04841557,0.0,0.91972419,32767,7,0.11468047,0.9985922
85,9,20016219,0.99008325,0.02496766,0.00260601,0.0,0.00428688,0.03424087,0.0,0.93389858,50687,7,0.09511892,0.9985898
85,10,20016220,0.99007644,0.02508762,0.00257299,0.0,0.00425654,0.01437645,0.0,0.9537064,16383,7,0.11790968,0.9985922
86,1,20016241,0.98407644,0.04201626,0.00491836,1.794e-05,0.00376535,0.92867278,0.0,0.02060932,51979,6,0.45476691,1.4936056
86,2,20016242,0.98422348,0.02515145,0.00374857,1.679e-05,0.00238017,0.94253171,0.0,0.02617131,8372,6,0.55670434,1.4916195
86,3,20016243,0.98367453,0.03033438,0.00371422,1.78e-05,0.00239678,0.95117174,0.0,0.01236507,8372,6,0.37938606,1.4916195
86,4,20016244,0.9836259,0.04511293,0.00539914,1.715e-05,0.00405634,0.90144997,0.0,0.04396446,53003,6,0.14363166,1.4936076
86,5,20016245,0.98178438,0.04542516,0.00395767,7.786e-05,0.00409749,0.89869695,0.0,0.04774486,56075,6,0.17500197,1.4936066
86,6,20016246,0.98460511,0.03113566,0.00427016,0.00014981,0.00259924,0.93176034,0.0,0.03008479,8436,6,0.46152724,1.4916225
86,7,20016247,0.98319829,0.04478054,0.00539414,1.722e-05,0.00442472,0.90370865,0.0,0.04167473,51979,6,0.21355054,1.4936056
86,8,20016248,0.98275989,0.04298565,0.00650142,0.00022584,0.00411743,0.89513233,0.0,0.05103734,53003,6,0.18084026,1.4936076
86,9,20016249,0.98576199,0.01385138,0.00303479,1.687e-05,0.00071781,0.98236692,0.0,1.222e-05,8372,6,0.75695763,1.4916195
86,10,20016250,0.98462867,0.02497569,0.00368851,1.677e-05,0.00200359,0.94812452,0.0,0.02119092,8436,6,0.68029116,1.4916225
87,1,20016271,0.97622372,0.02689716,0.0,0.00187424,0.00094122,0.97016125,0.00011388,1.224e-05,36831,6,0.11136067,0.9964521
87,2,20016272,0.97621689,0.02638264,0.0,0.0018669,0.00092791,0.97069542,0.00011368,1.345e-05,40799,6,0.17832043,0.9964531
87,3,20016273,0.97617247,0.0264573,0.0,0.00186927,0.00095406,0.9705922,0.00011401,1.315e-05,29535,6,0.12096219,0.9964546
87,4,20016274,0.97616558,0.02555753,0.0,0.00185802,0.00090109,0.97155724,0.00011367,1.245e-05,46943,6,0.07798743,0.996449
87,5,20016275,0.97620205,0.02685352,0.0,0.00187335,0.00095728,0.97018926,0.00011363,1.297e-05,38879,6,0.09355423,0.9964531
87,6,20016276,0.97619257,0.02590109,0.0,0.0018633,0.00091668,0.97119304,0.00011378,1.211e-05,35679,6,0.08027997,0.9964516
87,7,20016277,0.97622294,0.02663038,0.0,0.00187186,0.00095778,0.97041438,0.000114,1.16e-05,39391,6,0.10903664,0.9964452
87,8,20016278,0.97624232,0.02626458,0.0,0.0018662,0.00091572,0.97082704,0.00011349,1.297e-05,51167,6,0.09825053,0.9964521
87,9,20016279,0.97623893,0.02574674,0.0,0.00187078,0.00086623,0.97139166,0.00011361,1.099e-05,8031,6,0.1252672,0.9964511
87,10,20016280,0.97623708,0.02637383,0.0,0.00187067,0.00092018,0.97070878,0.0001135,1.304e-05,44447,6,0.10634165,0.9964411
88,1,20016301,0.98620164,0.0489242,0.00345036,4.846e-05,0.00240977,0.08709517,0.00021675,0.8578553,48941,7,0.64327154,1.3768867
88,2,20016302,0.98616888,0.04900628,0.0033999,4.927e-05,0.00238363,0.04125731,0.00021609,0.90368753,44845,7,0.46877668,1.3768857
88,3,20016303,0.98548183,0.05450768,0.0039208,5.566e-05,0.00227014,0.02047434,0.0002164,0.91855498,57133,7,0.49440367,1.3768867
88,4,20016304,0.98600084,0.05076643,0.00324812,5.484e-05,0.00239451,0.35616621,0.00021665,0.58715325,49069,7,0.23316481,1.3761427
88,5,20016305,0.98616944,0.04943515,0.00341123,4.948e-05,0.00236439,0.27339549,0.00021689,0.67112737,48941,7,0.34289105,1.3768867
88,6,20016306,0.98543252,0.05498037,0.00384935,5.537e-05,0.00230131,0.03078441,0.00021869,0.9078105,53037,7,0.78776758,1.3768857
88,7,20016307,0.98535143,0.05481553,0.00390628,5.569e-05,0.0022963,0.44106018,0.00021699,0.49764903,57133,7,0.29304475,1.3768867
88,8,20016308,0.98617608,0.04908677,0.0033956,5.017e-05,0.00241221,0.28641797,0.00021644,0.65842084,48941,7,0.34394385,1.3768867
88,9,20016309,0.98539068,0.05461772,0.00379897,5.599e-05,0.00239503,0.08111599,0.0002168,0.8577995,57133,7,0.64927429,1.3768867
88,10,20016310,0.98539847,0.05493653,0.00385021,5.484e-05,0.00230084,0.09911753,0.00021531,0.83952474,53037,7,0.45453106,1.3768857
89,1,20016331,0.97550214,0.0215387,0.02819552,0.0,0.00389735,0.94098543,0.00079946,0.00458353,32777,6,0.22250997,0.9949838
89,2,20016332,0.9728101,0.02731927,0.04466907,0.0,0.00594494,0.89690392,0.00106745,0.02409535,32843,6,0.2120457,0.9949827
89,3,20016333,0.97484676,0.02326263,0.03526955,0.0,0.00365823,0.93084479,0.00110002,0.00586479,32781,6,0.11627593,0.9949838
89,4,20016334,0.97784825,0.01813501,0.02467458,0.0,0.0018699,0.94366291,0.00083348,0.01082411,32777,6,0.41999057,0.9949838
89,5,20016335,0.97622653,0.01977073,0.02738168,0.0,0.00330858,0.94780479,0.00086366,0.00087057,32777,6,0.17472093,0.9949838
89,6,20016336,0.97679621,0.01964204,0.02784977,0.0,0.00289565,0.94537178,0.00072069,0.00352007,36873,6,0.25494006,0.9949848
89,7,20016337,0.97322418,0.02579559,0.03676889,0.0,0.0049858,0.91917551,0.00150459,0.01176961,32841,6,0.12505367,0.9949827
89,8,20016338,0.97750214,0.01776662,0.02023486,0.0,0.00267431,0.95568185,0.00069572,0.00294665,36937,6,0.19227347,0.9949837
89,9,20016339,0.97463289,0.02251756,0.03369842,0.0,0.00428267,0.93007023,0.00101062,0.00842051,36939,6,0.28536325,0.9949837
89,10,20016340,0.97512504,0.02143653,0.0268255,0.0,0.00377294,0.94058131,0.0010281,0.00635563,32777,6,0.15602408,0.9949838
90,1,20016361,0.98257293,0.02181402,0.0,0.00057347,0.00399774,0.09328034,0.0,0.88033443,22015,7,0.04856566,0.9972627
90,2,20016362,0.98250241,0.0217314,0.0,0.00057386,0.00403093,0.06357251,0.0,0.9100913,30719,7,0.06245381,0.9972654
90,3,20016363,0.98249461,0.02171893,0.0,0.00057433,0.00403486,0.04371968,0.0,0.92995219,30719,7,0.07019845,0.9972654
90,4,20016364,0.98259156,0.02203245,0.0,0.00057445,0.00403954,0.03467694,0.0,0.93867662,24575,7,0.08841905,0.9972654
90,5,20016365,0.98245167,0.02136553,0.0,0.00057379,0.0039747,0.13396528,0.0,0.8401207,57343,7,0.05635245,0.9972654
90,6,20016366,0.98249963,0.02168003,0.0,0.00057373,0.00400348,0.10021889,0.0,0.87352387,60927,7,0.10182273,0.9972617
90,7,20016367,0.98245432,0.02139553,0.0,0.00057425,0.00402175,0.08070111,0.0,0.89330736,22015,7,0.04214689,0.9972627
90,8,20016368,0.98256513,0.02195869,0.0,0.00057369,0.00407785,0.04657451,0.0,0.92681527,53119,7,0.07727654,0.9972644
90,9,20016369,0.98248356,0.02161221,0.0,0.00057359,0.00402143,0.06273218,0.0,0.9110606,30591,7,0.0715135,0.9972654
90,10,20016370,0.9825899,0.02195948,0.0,0.00057427,0.00407465,0.03622412,0.0,0.93716749,65023,7,0.07156562,0.9972627
91,1,20016391,0.98417522,0.03772597,0.00186687,0.0,0.0031285,0.92665227,0.0,0.03062638,56075,6,0.33959931,1.8009715
91,2,20016392,0.9840282,0.03885128,0.00187288,0.0,0.00313863,0.91756739,0.0,0.03856981,56074,6,0.15220761,1.8003095
91,3,20016393,0.98414988,0.03755745,0.00174022,0.0,0.00302218,0.91985458,0.0,0.03782557,56075,6,0.19950535,1.8009715
91,4,20016394,0.98432497,0.03696092,0.00172992,0.0,0.00303305,0.90378427,0.0,0.05449185,51979,6,0.20169179,1.8009705
91,5,20016395,0.98425634,0.03774677,0.00171567,0.0,0.00315658,0.94035104,0.0,0.01702994,56074,6,0.24496792,1.8003095
91,6,20016396,0.98397851,0.03932321,0.0018837,0.0,0.00302377,0.91242702,0.0,0.0433423,56075,6,0.19532144,1.8009715
91,7,20016397,0.9844039,0.03679446,0.00175202,0.0,0.00315074,0.92887155,0.0,0.02943122,51979,6,0.33245651,1.8009705
91,8,20016398,0.98436533,0.03669404,0.00165121,0.0,0.00304634,0.89576544,0.0,0.06284297,51979,6,0.25973331,1.8009705
91,9,20016399,0.98405281,0.03757555,0.00182705,0.0,0.00304426,0.91155513,0.0,0.04599802,56075,6,0.24723646,1.8009715
91,10,20016400,0.98426877,0.03760375,0.0018219,0.0,0.00313306,0.91906963,0.0,0.03837167,56075,6,0.18274236,1.8009715
92,1,20016421,0.48082209,0.01134507,0.0,0.98697113,0.00032554,0.00118201,0.00017498,1.26e-06,32776,2,0.44856795,0.4968899
92,2,20016422,0.97488453,0.0220056,0.0,0.0005364,0.00078604,0.97648459,0.00017778,9.58e-06,33119,6,0.31732858,0.9968758
92,3,20016423,0.9724429,0.01095231,0.0,0.00042642,0.00030232,0.98818095,0.00013677,1.24e-06,37145,6,0.70937755,0.9948899
92,4,20016424,0.96972344,0.01223769,0.0,0.00040062,0.00054106,0.98666295,0.00015209,5.58e-06,37067,6,0.12236128,0.9928884
92,5,20016425,0.9753194,0.0195396,0.0,0.00052969,0.00073257,0.97901849,0.0001721,7.55e-06,33247,6,0.29774135,0.9968757
92,6,20016426,0.9749193,0.02266664,0.0,0.0005543,0.00100099,0.9755686,0.00019685,1.262e-05,37343,6,0.60512148,0.9968767
92,7,20016427,0.96966299,0.01158931,0.0,0.00040377,0.00043974,0.9874119,0.00015179,3.49e-06,37069,6,0.21048737,0.9928884
92,8,20016428,0.97521206,0.02013104,0.0,0.00054184,0.00080024,0.9783328,0.00018556,8.52e-06,37279,6,0.36862672,0.9968798
92,9,20016429,0.97518822,0.01935208,0.0,0.0005398,0.00069325,0.97922651,0.00018158,6.77e-06,37279,6,0.55228105,0.9968798
92,10,20016430,0.96970719,0.01178197,0.0,0.00039887,0.00042559,0.98724128,0.0001476,4.68e-06,32905,6,0.18103961,0.9928905
93,1,20016451,0.99543865,0.02839269,0.011151,0.0,0.00459685,0.0066158,0.0,0.94924366,32767,7,0.09311841,0.9994936
93,2,20016452,0.99545792,0.02844232,0.01112444,0.0,0.00462149,0.00679221,0.0,0.94901954,65023,7,0.0894397,0.9994931
93,3,20016453,0.99535764,0.02833513,0.01137746,0.0,0.00459993,0.00719481,0.0,0.94849266,65407,7,0.07342487,0.9994936
93,4,20016454,0.99545875,0.02835222,0.0110326,0.0,0.0045681,0.00664757,0.0,0.94939951,60927,7,0.10351413,0.9994921
93,5,20016455,0.99539012,0.02831357,0.01159508,0.0,0.00457662,0.00722345,0.0,0.94829128,30591,7,0.07465198,0.9994936
93,6,20016456,0.9955041,0.0284403,0.0109126,0.0,0.00456955,0.00730567,0.0,0.94877187,61439,7,0.0784039,0.9994927
93,7,20016457,0.99546418,0.02848643,0.01132799,0.0,0.00461184,0.00904741,0.0,0.94652633,56831,7,0.0557858,0.9994931
93,8,20016458,0.9954672,0.02845459,0.01120279,0.0,0.00455787,0.00719799,0.0,0.94858676,55295,7,0.0965834,0.9994936
93,9,20016459,0.99538856,0.02840407,0.01163292,0.0,0.00458691,0.00703216,0.0,0.94834394,50687,7,0.06222638,0.9994921
93,10,20016460,0.99542913,0.02844216,0.01085931,0.0,0.00453739,0.0066913,0.0,0.94946984,32255,7,0.093378,0.9994931
94,1,20016481,0.98483546,0.04774958,0.01271253,0.00010063,0.00488257,0.89601914,8.81e-05,0.03844745,53003,6,0.41697606,1.2018049
94,2,20016482,0.98481014,0.04786183,0.01178188,4.103e-05,0.0047042,0.92275147,8.192e-05,0.01277768,53003,6,0.50537674,1.2018049
94,3,20016483,0.98431361,0.05012262,0.01922847,0.00020788,0.00480548,0.89746822,0.00011269,0.02805464,53003,6,0.72771294,1.2018049
94,4,20016484,0.98537855,0.04471235,0.00676335,4.181e-05,0.0044188,0.94139833,6.878e-05,0.00259658,51979,6,0.92623596,1.2018035
94,5,20016485,0.98509227,0.04644648,0.01049469,4.059e-05,0.00463186,0.92712745,8.261e-05,0.01117632,51979,6,0.77698362,1.2018035
94,6,20016486,0.98535685,0.04462487,0.00681125,4.176e-05,0.00441291,0.94192783,7.048e-05,0.00211089,51979,6,0.85977677,1.2018035
94,7,20016487,0.98527519,0.04523609,0.00799151,4.052e-05,0.00459026,0.92868917,6.936e-05,0.0133831,51979,6,0.75838444,1.2018035
94,8,20016488,0.98495914,0.04641981,0.01090049,4.208e-05,0.00466035,0.93125013,7.783e-05,0.00664931,51979,6,0.53250236,1.2018035
94,9,20016489,0.98512106,0.04595086,0.01290186,4.331e-05,0.00489977,0.92486492,7.126e-05,0.01126802,51979,6,0.76826987,1.2018035
94,10,20016490,0.9844762,0.04859697,0.02228928,4.89e-05,0.00506388,0.89925734,9.971e-05,0.02464391,53003,6,0.44058478,1.2018049
95,1,20016511,0.97805933,0.0243179,0.0,0.00149222,0.00091183,0.97319898,6.844e-05,1.063e-05,45023,6,0.16196209,0.9964062
95,2,20016512,0.97822256,0.02426469,0.0,0.00149267,0.00090884,0.97325416,6.873e-05,1.092e-05,65503,6,0.11932034,0.9964072
95,3,20016513,0.97788155,0.02388129,0.0,0.00149046,0.00090722,0.97364282,6.841e-05,9.8e-06,32735,6,0.072238,0.9964072
95,4,20016514,0.97787404,0.02367304,0.0,0.00149137,0.00087224,0.97388468,6.851e-05,1.016e-05,60255,6,0.08688969,0.9964078
95,5,20016515,0.97811197,0.02411527,0.0,0.00149078,0.00092167,0.97339238,6.857e-05,1.134e-05,64479,6,0.11881881,0.9964088
95,6,20016516,0.97767157,0.0238017,0.0,0.00149024,0.00093037,0.9736995,6.856e-05,9.63e-06,55295,6,0.08019076,0.9964108
95,7,20016517,0.9777826,0.02371459,0.0,0.00148952,0.00090096,0.973817,6.858e-05,9.35e-06,57343,6,0.0563884,0.9964108
95,8,20016518,0.97787067,0.0240115,0.0,0.00149072,0.00091756,0.97350132,6.873e-05,1.017e-05,32735,6,0.11155855,0.9964072
95,9,20016519,0.97799436,0.02396788,0.0,0.00149121,0.00090919,0.97355423,6.845e-05,9.05e-06,16351,6,0.054643,0.9964072
95,10,20016520,0.97815671,0.02410718,0.0,0.00149221,0.00089133,0.97343041,6.831e-05,1.056e-05,59359,6,0.08666219,0.9964062
96,1,20016541,0.98365954,0.04743325,0.00188201,0.0,0.00249532,0.70590406,0.0,0.24228535,52013,6,0.14364652,1.7056509
96,2,20016542,0.98338937,0.04428584,0.00183688,0.0,0.00264018,0.58438568,0.0,0.36685142,48909,7,0.17380208,1.7056519
96,3,20016543,0.98351252,0.04252983,0.00190645,0.0,0.00141473,0.95407862,0.0,7.036e-05,56107,6,0.23070837,1.7056519
96,4,20016544,0.98343521,0.04383152,0.00176921,0.0,0.00259829,0.7832985,0.0,0.16850249,43821,6,0.17074677,1.7056509
96,5,20016545,0.96853071,0.28400299,0.25674057,0.0,0.00177838,0.4574075,0.0,7.057e-05,57131,6,0.19144175,1.7056505
96,6,20016546,0.95405904,0.51025911,0.48691566,0.0,0.00211651,0.00068047,0.0,2.825e-05,47867,4,0.40649082,1.7042574
96,7,20016547,0.98366186,0.048098,0.00189418,0.0,0.00234424,0.4126008,0.0,0.53506279,57101,7,0.32201362,1.7056519
96,8,20016548,0.98367842,0.04784576,0.00190232,0.0,0.00244189,0.61460929,0.0,0.33320075,56077,6,0.17272803,1.7056495
96,9,20016549,0.98366688,0.04795042,0.00191393,0.0,0.00241049,0.32436283,0.0,0.62336232,53037,7,0.19703814,1.7056495
96,10,20016550,0.98364671,0.04797839,0.00190031,0.0,0.00245953,0.46235834,0.0,0.48530343,53037,7,0.29893483,1.7056495
97,1,20016571,0.97530056,0.01316243,0.00192956,9.8e-07,0.00091756,0.98380693,0.00017742,5.12e-06,32969,6,0.14428873,0.9940404
97,2,20016572,0.97527353,0.01272008,0.00187426,9.5e-07,0.00075109,0.98448123,0.00016896,3.43e-06,32841,6,0.19279124,0.9940482
97,3,20016573,0.97542644,0.0128707,0.00190596,9.6e-07,0.00082702,0.98422657,0.00016388,4.91e-06,32843,6,0.13623197,0.9940482
97,4,20016574,0.97532167,0.0136655,0.00199282,9.8e-07,0.00117655,0.98297976,0.00017615,8.24e-06,32907,6,0.13160158,0.9940424
97,5,20016575,0.97545886,0.01251735,0.00188182,9.4e-07,0.00065182,0.98478793,0.00015768,2.45e-06,36879,6,0.21187056,0.9940511
97,6,20016576,0.97546073,0.01254793,0.0018832,9.2e-07,0.0006632,0.98474401,0.00015757,3.17e-06,36875,6,0.16372824,0.9940511
97,7,20016577,0.97530228,0.01330386,0.00194371,9.6e-07,0.00098605,0.98358545,0.00017422,5.75e-06,36873,6,0.19966975,0.9940511
97,8,20016578,0.9752574,0.01254504,0.00183493,9.5e-07,0.00062698,0.98481939,0.00017055,2.15e-06,32779,6,0.26570683,0.9940501
97,9,20016579,0.97543815,0.01290987,0.00194398,9.6e-07,0.00072215,0.98425212,0.00016767,3.25e-06,36941,6,0.2384166,0.9940492
97,10,20016580,0.97539181,0.01284718,0.00188575,9.6e-07,0.00078068,0.98431302,0.00016807,4.35e-06,36943,6,0.15461602,0.9940492
98,1,20016601,0.98674966,0.02363962,0.0,0.0,0.00427422,0.0941271,0.0,0.87795906,58879,7,0.05381491,0.9979824
98,2,20016602,0.9867936,0.02382265,0.0,0.0,0.00429112,0.04856766,0.0,0.92331857,36735,7,0.04507652,0.9979844
98,3,20016603,0.98673252,0.0231461,0.0,0.0,0.00423786,0.09799583,0.0,0.87462021,22015,7,0.06249634,0.9979834
98,4,20016604,0.98671924,0.02340756,0.0,0.0,0.00426091,0.08289373,0.0,0.88943781,34815,7,0.03857597,0.9979844
98,5,20016605,0.98675637,0.02361914,0.0,0.0,0.0042665,0.08684108,0.0,0.88527327,61407,7,0.05674688,0.9979824
98,6,20016606,0.9867549,0.02346519,0.0,0.0,0.00431709,0.04464683,0.0,0.92757089,36735,7,0.05960762,0.9979844
98,7,20016607,0.98674693,0.02356923,0.0,0.0,0.00422278,0.10085565,0.0,0.87135234,40959,7,0.0493278,0.9979854
98,8,20016608,0.98670874,0.02356795,0.0,0.0,0.00426669,0.07718017,0.0,0.89498518,61439,7,0.04538923,0.9979844
98,9,20016609,0.98678089,0.02394436,0.0,0.0,0.00429055,0.0685531,0.0,0.90321199,65503,7,0.07221796,0.9979834
98,10,20016610,0.98673909,0.02355728,0.0,0.0,0.00427575,0.05737131,0.0,0.91479565,22015,7,0.05232558,0.9979834
99,1,20016631,0.98374296,0.0374265,0.00256337,1.019e-05,0.00332149,0.93329431,0.0,0.02338414,56075,6,0.19785604,1.7392067
99,2,20016632,0.98335359,0.03891792,0.00278134,1.069e-05,0.00338602,0.91679583,0.0,0.03810819,56075,6,0.10144912,1.7392067
99,3,20016633,0.98400198,0.03649268,0.00270167,1e-05,0.00338354,0.92033013,0.0,0.03708198,51979,6,0.14180409,1.7392057
99,4,20016634,0.9838593,0.03978392,0.00255143,9.65e-06,0.00337557,0.87446757,0.0,0.07981186,56074,6,0.12370677,1.7385447
99,5,20016635,0.98281069,0.03717293,0.00454542,1.193e-05,0.00312003,0.93244719,0.0,0.0227025,56075,6,0.11914785,1.7392067
99,6,20016636,0.98387332,0.03701475,0.00242388,1.029e-05,0.0034128,0.92420185,0.0,0.03293644,56075,6,0.09925751,1.7392067
99,7,20016637,0.98329739,0.03998484,0.00297787,1.048e-05,0.00341742,0.92334544,0.0,0.03026395,51979,6,0.12446271,1.7392057
99,8,20016638,0.98390727,0.03772647,0.00258499,9.55e-06,0.00342432,0.92104139,0.0,0.03521329,51979,6,0.21484551,1.7392057
99,9,20016639,0.98359243,0.03979626,0.00275233,9.72e-06,0.00337623,0.91550157,0.0,0.03856389,51979,6,0.1484533,1.7392057
99,10,20016640,0.98276363,0.03804775,0.00307811,1.255e-05,0.0030215,0.9235519,0.0,0.03228818,51979,6,0.10557159,1.7392057
100,1,20016661,0.97345488,0.02124581,0.0,0.00157398,0.00071662,0.97631189,0.00014177,9.93e-06,33183,6,0.23292207,0.9963325
100,2,20016662,0.9734407,0.02459701,0.0,0.00163058,0.00076457,0.97285799,0.00013971,1.014e-05,39391,6,0.21890411,0.9963299
100,3,20016663,0.96681211,0.0109202,0.0,0.00127513,0.00049686,0.98717032,0.00013141,6.08e-06,32911,6,0.11116157,0.992342
100,4,20016664,0.97350448,0.02346976,0.0,0.00160944,0.00080794,0.97396211,0.0001416,9.15e-06,33759,6,0.18398947,0.9963365
100,5,20016665,0.97153595,0.01663183,0.0,0.00139809,0.00072809,0.98109356,0.00013182,1.662e-05,59531,6,0.11793674,0.9943393
100,6,20016666,0.97321121,0.02370371,0.0,0.00162743,0.00078226,0.97373499,0.00014127,1.034e-05,33055,6,0.14815734,0.9963325
100,7,20016667,0.97329727,0.02523504,0.0,0.00166588,0.00079925,0.97214925,0.00014057,1e-05,55263,6,0.08158873,0.9963379
100,8,20016668,0.97316749,0.02539032,0.0,0.00166641,0.00089918,0.97189132,0.000142,1.076e-05,37855,6,0.16425153,0.9963375
100,9,20016669,0.97355247,0.02371726,0.0,0.00160808,0.00083684,0.97368447,0.00014186,1.149e-05,23007,6,0.19111857,0.9963246
100,10,20016670,0.97361548,0.02131722,0.0,0.00156798,0.00077993,0.9761833,0.00014191,9.67e-06,37343,6,0.37509292,0.9963299
101,1,20016691,0.98767195,0.0557484,0.01368248,0.00010672,0.00234341,0.00049736,0.00036863,0.92725301,57101,7,0.32854734,1.213478
101,2,20016692,0.98781785,0.05482494,0.01348383,0.00010891,0.00238316,0.00052491,0.00036425,0.92831,53037,7,0.35894238,1.2134766
101,3,20016693,0.98778737,0.05442296,0.01422735,0.0001099,0.00235209,0.00060816,0.00036392,0.92791564,53005,7,0.33031253,1.213477
101,4,20016694,0.98996587,0.04432723,0.01267772,0.0001137,0.00233551,0.00058211,0.00035332,0.9396104,49069,7,0.60267026,1.2130561
101,5,20016695,0.98962653,0.04579104,0.01160243,0.00010456,0.00237329,0.0003815,0.00035258,0.93939461,49069,7,0.40203282,1.2130561
101,6,20016696,0.98983426,0.04533136,0.01225759,0.00011153,0.00238495,0.00045276,0.00035291,0.93910889,49069,7,0.42493177,1.2130561
101,7,20016697,0.9878127,0.05511486,0.0149858,0.00010982,0.00244779,0.00058345,0.00036971,0.92638857,53037,7,0.30046222,1.2134766
101,8,20016698,0.98936058,0.04793495,0.01261629,0.00010014,0.00240703,0.00027256,0.00035681,0.93631222,48941,7,0.31673825,1.2134776
101,9,20016699,0.98958451,0.04591172,0.01203936,0.00010145,0.00235388,0.00034149,0.00035438,0.93889772,48941,7,0.52843194,1.2134776
101,10,20016700,0.98783992,0.05470965,0.01257665,0.00010826,0.00235657,0.0004795,0.00036681,0.92940257,53037,7,0.36273848,1.2134766
102,1,20016721,0.97121471,0.04502504,0.06128176,0.0,0.01220714,0.74606164,0.00422691,0.13119751,32781,6,0.12424314,0.9955847
102,2,20016722,0.97286292,0.04192677,0.05877565,0.0,0.01203098,0.72419741,0.00237088,0.16069831,36877,6,0.11943193,0.9955857
102,3,20016723,0.96674296,0.05901011,0.09113813,0.0,0.01885214,0.56026824,0.00382574,0.26690564,32783,6,0.11893203,0.9955847
102,4,20016724,0.96743359,0.05435017,0.09714426,0.0,0.01577144,0.60946446,0.00445534,0.21881434,36941,6,0.0948653,0.9955853
102,5,20016725,0.96863403,0.04999825,0.08185557,0.0,0.01495714,0.62542926,0.0054746,0.22228518,23183,7,0.13015088,0.9957489
102,6,20016726,0.97080416,0.04757243,0.09022346,0.0,0.01228731,0.58776263,0.00312659,0.25902758,23183,7,0.14252616,0.9957489
102,7,20016727,0.97109431,0.04734588,0.07088273,0.0,0.01337613,0.66735326,0.00483548,0.19620651,36875,6,0.13527058,0.9955857
102,8,20016728,0.96515916,0.05831029,0.08754611,0.0,0.0191995,0.63375535,0.00415522,0.19703354,32779,6,0.13905546,0.9955847
102,9,20016729,0.97415484,0.03963887,0.06027434,0.0,0.00989579,0.71646539,0.00191008,0.17181553,32843,6,0.12127675,0.9955843
102,10,20016730,0.97336588,0.04179544,0.07108181,0.0,0.01148722,0.70306781,0.00274858,0.16981913,32843,6,0.16790854,0.9955843
103,1,20016751,0.97974266,0.02032481,0.0,0.00115051,0.00361977,0.06467432,0.0,0.91023058,63455,7,0.06287085,0.9967041
103,2,20016752,0.97963353,0.02015261,0.0,0.00115094,0.00363696,0.06617073,0.0,0.90888876,45023,7,0.06679141,0.9967031
103,3,20016753,0.97956714,0.02000938,0.0,0.00114987,0.00361452,0.09902302,0.0,0.87620321,29663,7,0.04141467,0.9967054
103,4,20016754,0.97955591,0.0200369,0.0,0.0011491,0.00362569,0.07574406,0.0,0.89944425,58879,7,0.05812054,0.9967031
103,5,20016755,0.97951422,0.01988166,0.0,0.00114969,0.00367767,0.05419305,0.0,0.92109793,65407,7,0.04250078,0.9967074
103,6,20016756,0.97965449,0.02019266,0.0,0.00115003,0.00369617,0.04223675,0.0,0.93272438,32607,7,0.0495499,0.9967041
103,7,20016757,0.97959739,0.02009307,0.0,0.00114949,0.00366568,0.04057967,0.0,0.93451209,61311,7,0.06811651,0.9967064
103,8,20016758,0.97969269,0.0201285,0.0,0.00115044,0.00362209,0.06548408,0.0,0.9096149,63455,7,0.07209111,0.9967041
103,9,20016759,0.97959933,0.02016358,0.0,0.00114894,0.00361478,0.07694743,0.0,0.89812527,45055,7,0.08645938,0.9967064
103,10,20016760,0.9794554,0.01987994,0.0,0.00114934,0.00368678,0.04032082,0.0,0.93496312,57215,7,0.07008475,0.9967074
104,1,20016781,0.9829135,0.04350908,0.00236104,0.0,0.0027481,0.89945946,0.0,0.05192232,51981,6,0.14457906,1.9089373
104,2,20016782,0.98362123,0.03687525,0.00200557,0.0,0.00283599,0.91114858,0.0,0.04713461,56074,6,0.14174403,1.9082763
104,3,20016783,0.98296563,0.04388697,0.00240608,0.0,0.00278226,0.92870882,0.0,0.02221587,56077,6,0.2043721,1.9089383
104,4,20016784,0.98356459,0.03696256,0.00214167,0.0,0.00278809,0.90942389,0.0,0.0486838,57099,6,0.18027634,1.9089411
104,5,20016785,0.98358475,0.03712755,0.00214014,0.0,0.00285933,0.9147698,0.0,0.04310318,51979,6,0.12118276,1.9089373
104,6,20016786,0.98237248,0.03749348,0.00084245,0.0,0.00214419,0.95881902,0.0,0.00070087,52765,6,0.21973449,1.9089401
104,7,20016787,0.98285943,0.04420392,0.00228369,0.0,0.00278626,0.92237779,0.0,0.02834833,56109,6,0.12768976,1.9089411
104,8,20016788,0.98295875,0.04382648,0.00205168,0.0,0.00280738,0.92764956,0.0,0.0236649,51981,6,0.17383595,1.9089373
104,9,20016789,0.98150416,0.04257006,0.00284419,0.0,0.00210349,0.95219931,0.0,0.00028296,47885,6,0.19976561,1.9089383
104,10,20016790,0.98181412,0.03521976,0.00067322,0.0,0.00178144,0.96213742,0.0,0.00018816,54941,6,0.14762858,1.9089411
105,1,20016811,0.97038829,0.01188946,0.00166671,0.00011612,0.00046284,0.98567208,0.0001893,3.49e-06,32841,6,0.12777758,0.9931419
105,2,20016812,0.97049801,0.01182137,0.00163237,0.00011571,0.00046387,0.98577861,0.00018445,3.62e-06,36873,6,0.13439306,0.9931458
105,3,20016813,0.97035793,0.01186043,0.00165327,0.00011456,0.0004725,0.98571568,0.0001802,3.36e-06,32841,6,0.22846381,0.9931419
105,4,20016814,0.97050102,0.01200692,0.00167979,0.00011506,0.00049555,0.98551934,0.00017844,4.9e-06,36939,6,0.20039821,0.9931429
105,5,20016815,0.9705074,0.01181021,0.0016583,0.00011481,0.00045832,0.9857828,0.00017165,3.92e-06,36875,6,0.15521777,0.9931458
105,6,20016816,0.97039802,0.0117914,0.00164343,0.00011471,0.00048194,0.98578914,0.00017575,3.62e-06,32843,6,0.13038548,0.9931419
105,7,20016817,0.97041272,0.01163617,0.00165594,0.00011374,0.00035399,0.98607759,0.00016038,2.19e-06,36873,6,0.16449618,0.9931458
105,8,20016818,0.97055914,0.0120927,0.00168387,0.00011429,0.00059549,0.98532464,0.00018355,5.46e-06,36937,6,0.22674297,0.9931429
105,9,20016819,0.97033197,0.01198479,0.00168786,0.00011553,0.0004817,0.98553538,0.0001913,3.44e-06,32969,6,0.27379907,0.9931306
105,10,20016820,0.97062977,0.01191387,0.00172909,0.00011543,0.00043775,0.98562131,0.00017974,2.81e-06,36879,6,0.18447049,0.9931458
106,1,20016841,0.9923148,0.0242029,0.00247879,0.0,0.00414168,0.01316734,0.0,0.95600928,65023,7,0.08839046,0.998915
106,2,20016842,0.99235337,0.02427825,0.00248529,0.0,0.00415064,0.02163345,0.0,0.94745238,40959,7,0.14372505,0.9989161
106,3,20016843,0.9922935,0.02427007,0.00250934,0.0,0.00409725,0.02505344,0.0,0.9440699,57343,7,0.13666086,0.9989161
106,4,20016844,0.9922866,0.02422472,0.00251042,0.0,0.00412365,0.02765099,0.0,0.94149023,30591,7,0.08279309,0.9989161
106,5,20016845,0.99232851,0.02424185,0.00249416,0.0,0.00410014,0.01499885,0.0,0.95416499,65535,7,0.10164212,0.9989161
106,6,20016846,0.99227919,0.02414627,0.00250194,0.0,0.00409424,0.04122347,0.0,0.92803408,61311,7,0.13888264,0.9989151
106,7,20016847,0.99231693,0.02423876,0.00252486,0.0,0.00411999,0.03689122,0.0,0.93222516,32639,7,0.08464257,0.9989161
106,8,20016848,0.99233368,0.02426971,0.00249823,0.0,0.00413503,0.01880533,0.0,0.95029171,56831,7,0.10432841,0.998915
106,9,20016849,0.99235407,0.02429583,0.00245274,0.0,0.00414062,0.01789634,0.0,0.95121447,47103,7,0.12957123,0.9989161
106,10,20016850,0.99230109,0.02421956,0.00252094,0.0,0.00407637,0.04815143,0.0,0.92103171,59391,7,0.0831086,0.9989151
107,1,20016871,0.98366693,0.04454692,0.01148581,0.0,0.00434472,0.88872153,4.741e-05,0.0508536,51979,6,0.35958286,1.5062504
107,2,20016872,0.98352698,0.04484821,0.01491306,0.0,0.00460747,0.9148718,8.863e-05,0.02067083,51979,6,0.26595765,1.5062504
107,3,20016873,0.98373365,0.04430528,0.00787753,0.0,0.00419064,0.91420334,5.363e-05,0.02936958,51979,6,0.58088404,1.5062504
107,4,20016874,0.98347596,0.04648727,0.00887843,0.0,0.00428336,0.89651636,3.391e-05,0.04380066,51979,6,0.16352262,1.5062504
107,5,20016875,0.9839428,0.04346134,0.00926939,0.0,0.00417549,0.90869548,3.744e-05,0.03436086,51979,6,0.66259451,1.5062504
107,6,20016876,0.98424533,0.04188278,0.00785755,0.0,0.00406742,0.86098466,4.131e-05,0.08516628,51979,6,0.49790895,1.5062504
107,7,20016877,0.98379995,0.04443913,0.01151154,0.0,0.00405451,0.83537399,4.165e-05,0.10457918,51979,6,0.16593628,1.5062504
107,8,20016878,0.98392456,0.0433983,0.00945245,0.0,0.00427404,0.9069771,3.62e-05,0.0358619,51979,6,0.54508381,1.5062504
107,9,20016879,0.98405274,0.04210705,0.00814156,0.0,0.00434641,0.91904917,3.303e-05,0.02632277,51979,6,0.67330921,1.5062504
107,10,20016880,0.98405454,0.04311976,0.00890525,0.0,0.00416602,0.90986678,3.944e-05,0.03390274,51979,6,0.5119897,1.5062504
108,1,20016901,0.97638482,0.02372885,0.0,0.00173489,0.00086687,0.97354692,0.0001119,1.058e-05,58335,6,0.12639274,0.9960897
108,2,20016902,0.97640357,0.02352046,0.0,0.00173453,0.00081583,0.9738066,0.00011195,1.063e-05,53215,6,0.14758911,0.9960879
108,3,20016903,0.97632112,0.02331957,0.0,0.00173475,0.00082134,0.97400292,0.00011206,9.37e-06,29087,6,0.09549085,0.9960887
108,4,20016904,0.97639783,0.0236718,0.0,0.00173616,0.00084533,0.9736246,0.00011171,1.039e-05,49119,6,0.08205411,0.9960889
108,5,20016905,0.97633718,0.02350859,0.0,0.00173562,0.00082146,0.97381089,0.00011212,1.131e-05,51167,6,0.10219076,0.9960878
108,6,20016906,0.97624861,0.02280094,0.0,0.00173144,0.00078949,0.97455592,0.00011194,1.026e-05,61855,6,0.0768402,0.9960887
108,7,20016907,0.97630088,0.02362911,0.0,0.0017345,0.00082415,0.97368851,0.00011165,1.209e-05,61279,6,0.09478319,0.9960879
108,8,20016908,0.97634754,0.02345559,0.0,0.00173676,0.00083587,0.97384873,0.00011194,1.111e-05,43999,6,0.14838469,0.9960859
108,9,20016909,0.97640162,0.02398104,0.0,0.00173924,0.00085666,0.97330053,0.00011158,1.096e-05,59359,6,0.07319246,0.9960879
108,10,20016910,0.97640047,0.02341618,0.0,0.00173424,0.00081663,0.97391045,0.00011167,1.082e-05,52639,6,0.0844352,0.9960761
109,1,20016931,0.98492292,0.04300389,0.00213983,0.0,0.00263503,0.46734324,0.0,0.48487801,48941,7,0.16307765,1.6336726
109,2,20016932,0.9849369,0.04360549,0.00212595,0.0,0.00247272,0.18872795,0.0,0.76306788,48941,7,0.36443443,1.6336726
109,3,20016933,0.98495591,0.04351615,0.00223288,0.0,0.002623,0.25422009,0.0,0.69740787,44845,7,0.35377218,1.6336716
109,4,20016934,0.98421802,0.04851925,0.00320578,0.0,0.00256098,0.36742685,0.0,0.57828715,53037,7,0.25871289,1.6336716
109,5,20016935,0.98498313,0.04308239,0.00216464,0.0,0.00257815,0.57706386,0.0,0.37511096,43821,6,0.21846325,1.6336729
109,6,20016936,0.98502858,0.04352799,0.00216496,0.0,0.00246748,0.35714736,0.0,0.59469222,44845,7,0.54397482,1.6336716
109,7,20016937,0.97082723,0.14280531,0.00253046,0.0,0.02678508,0.3189233,0.0,0.50895585,53037,7,0.19134357,1.6336716
109,8,20016938,0.98500118,0.04377399,0.0022256,0.0,0.00237773,0.20575303,0.0,0.74586966,48941,7,0.30008818,1.6336726
109,9,20016939,0.98492415,0.04286895,0.00221364,0.0,0.00277012,0.50821641,0.0,0.44393087,48941,7,0.26687276,1.6336726
109,10,20016940,0.98423286,0.04877264,0.0024631,0.0,0.00263097,0.36861869,0.0,0.57751461,57133,7,0.4093514,1.6336726
110,1,20016961,0.97428125,0.01836347,0.01740736,0.0,0.00251419,0.95688548,0.00105246,0.00377704,36939,6,0.1807323,0.9945863
110,2,20016962,0.97343299,0.02149234,0.02185583,0.0,0.00287481,0.95221218,0.0012741,0.00029074,36937,6,0.13422766,0.9945863
110,3,20016963,0.97295051,0.02069013,0.01994098,0.0,0.00299558,0.9530027,0.00158009,0.00179053,32777,6,0.39016268,0.9945867
110,4,20016964,0.97345935,0.02507974,0.03162645,0.0,0.00294892,0.93872723,0.00094613,0.00067153,36937,6,0.17287349,0.9945863
110,5,20016965,0.97358021,0.02201982,0.02480011,0.0,0.00257854,0.9486526,0.00107956,0.00086937,32779,6,0.29545182,0.9945867
110,6,20016966,0.97544079,0.01817431,0.01680767,0.0,0.0021071,0.95976537,0.00060334,0.0025422,36873,6,0.39743354,0.9945877
110,7,20016967,0.97540119,0.01719986,0.02129749,0.0,0.0017076,0.957746,0.00090075,0.0011483,36937,6,0.14985816,0.9945863
110,8,20016968,0.97468135,0.0197765,0.01870656,0.0,0.00216509,0.95801773,0.00067941,0.00065471,32779,6,0.2213985,0.9945867
110,9,20016969,0.97377124,0.01894853,0.02598739,0.0,0.00249178,0.95095636,0.00136543,0.00025052,32841,6,0.25044163,0.9945853
110,10,20016970,0.97491334,0.01898943,0.0155179,0.0,0.00226694,0.96117244,0.00087161,0.00118169,32779,6,0.18410115,0.9945867
111,1,20016991,0.98327067,0.02099356,0.0,0.00025552,0.00388473,0.05581864,0.0,0.91904755,61311,7,0.0449341,0.9973366
111,2,20016992,0.98323584,0.0208256,0.0,0.00025531,0.00390936,0.03447683,0.0,0.94053291,65407,7,0.05104217,0.9973376
111,3,20016993,0.98324688,0.02092846,0.0,0.00025518,0.0038916,0.06133358,0.0,0.91359117,40959,7,0.0819507,0.9973376
111,4,20016994,0.98330201,0.02105516,0.0,0.00025547,0.00390497,0.04191544,0.0,0.93286897,22015,7,0.06456652,0.9973349
111,5,20016995,0.98332205,0.02112402,0.0,0.00025574,0.00386279,0.04127604,0.0,0.93348142,30079,7,0.03942893,0.9973349
111,6,20016996,0.98324522,0.02095489,0.0,0.00025556,0.00385639,0.05030653,0.0,0.92462662,49151,7,0.05758472,0.9973376
111,7,20016997,0.98323028,0.02083896,0.0,0.00025537,0.00390224,0.04505182,0.0,0.92995162,32639,7,0.07149145,0.9973376
111,8,20016998,0.98323615,0.02090695,0.0,0.00025541,0.00388741,0.04524432,0.0,0.92970591,49023,7,0.07265335,0.9973376
111,9,20016999,0.98327726,0.02105112,0.0,0.00025566,0.00385415,0.06753737,0.0,0.9073017,14335,7,0.05363588,0.9973376
111,10,20017000,0.98322033,0.02085261,0.0,0.0002556,0.00381478,0.12071739,0.0,0.85435962,55295,7,0.04628252,0.9973376
112,1,20017021,0.98416082,0.03493202,0.00153066,0.0,0.00300976,0.87693219,0.0,0.08359537,56074,6,0.15865258,1.9452379
112,2,20017022,0.98330724,0.0349687,0.00148288,0.0,0.00283038,0.93096759,0.0,0.02975044,56074,6,0.16632183,1.9452379
112,3,20017023,0.98211677,0.03973245,0.00186962,0.0,0.00269668,0.92172408,0.0,0.03397717,56075,6,0.18774779,1.9458999
112,4,20017024,0.98327467,0.0362218,0.00156892,0.0,0.00298909,0.93003768,0.0,0.02918252,56075,6,0.12126615,1.9458999
112,5,20017025,0.98361516,0.03347738,0.00120725,0.0,0.00270184,0.93798304,0.0,0.02463049,56074,6,0.09835586,1.9452379
112,6,20017026,0.98410735,0.03497685,0.00152524,0.0,0.0029514,0.88392568,0.0,0.07662082,56075,6,0.15563235,1.9458999
112,7,20017027,0.98413537,0.03530746,0.00154238,0.0,0.0030644,0.90104866,0.0,0.0590371,56075,6,0.2220608,1.9458999
112,8,20017028,0.98422254,0.03496547,0.00150891,0.0,0.00306039,0.89361509,0.0,0.06685013,56074,6,0.21716974,1.9452379
112,9,20017029,0.98429874,0.03466249,0.00150986,0.0,0.00307111,0.90534367,0.0,0.05541287,51978,6,0.19998941,1.9449064
112,10,20017030,0.98387027,0.03775593,0.00156376,0.0,0.00316384,0.90548511,0.0,0.05203137,56074,6,0.26037892,1.9452379
113,1,20017051,0.972972,0.01682167,0.0,0.00128639,0.00055188,0.98116264,0.00017166,5.76e-06,37151,6,0.38866759,0.9963735
113,2,20017052,0.97289579,0.01804257,0.0,0.00130592,0.00062515,0.97984399,0.00017581,6.56e-06,33247,6,0.41495368,0.9963689
113,3,20017053,0.97254292,0.01868212,0.0,0.00133215,0.00058647,0.97921962,0.00017384,5.79e-06,33119,6,0.32938179,0.9963689
113,4,20017054,0.97272564,0.02033971,0.0,0.00135172,0.00082978,0.9772813,0.00018726,1.022e-05,33247,6,0.28397412,0.9963689
113,5,20017055,0.97294086,0.01799863,0.0,0.0013158,0.00065885,0.97983846,0.00018089,7.38e-06,37343,6,0.29987679,0.9963699
113,6,20017056,0.97142996,0.02371224,0.0,0.00148257,0.00079139,0.9738176,0.00018722,8.98e-06,55775,6,0.15092782,0.9963667
113,7,20017057,0.9727327,0.01975888,0.0,0.00136763,0.0008313,0.97784123,0.00019182,9.14e-06,37343,6,0.64452156,0.9963699
113,8,20017058,0.97070825,0.01785475,0.0,0.00125586,0.00081784,0.97987824,0.000166,2.731e-05,59531,6,0.16370266,0.9943794
113,9,20017059,0.97244568,0.02055853,0.0,0.00135919,0.00066227,0.97723981,0.00017392,6.28e-06,33119,6,0.50559182,0.9963689
113,10,20017060,0.97285767,0.01701697,0.0,0.00129487,0.00053952,0.98096877,0.00017538,4.49e-06,33119,6,0.49848051,0.9963689
114,1,20017081,0.99858512,0.03239848,0.01207567,0.0,0.00631537,0.00986846,0.0,0.93934202,40831,7,0.07158294,0.9999512
114,2,20017082,0.99867246,0.03245895,0.01176549,0.0,0.00634362,0.01153885,0.0,0.93789309,46975,7,0.05175829,0.9999502
114,3,20017083,0.9986814,0.03249936,0.01206209,0.0,0.00629636,0.01809421,0.0,0.93104798,58879,7,0.07416086,0.9999502
114,4,20017084,0.99862899,0.03263756,0.0121134,0.0,0.00622753,0.01537428,0.0,0.93364724,30719,7,0.06338285,0.9999512
114,5,20017085,0.99870699,0.03257172,0.01173572,0.0,0.0063498,0.02166282,0.0,0.92767994,30719,7,0.07284734,0.9999512
114,6,20017086,0.99860673,0.0325143,0.01180275,0.0,0.00629379,0.01164636,0.0,0.93774281,57215,7,0.07144076,0.9999512
114,7,20017087,0.99865849,0.03243747,0.0121234,0.0,0.00636509,0.00947329,0.0,0.93960076,51199,7,0.07067856,0.9999502
114,8,20017088,0.99856604,0.03229402,0.01193115,0.0,0.00623093,0.01302978,0.0,0.93651411,16255,7,0.08821614,0.9999512
114,9,20017089,0.99858686,0.0324053,0.01193463,0.0,0.00627841,0.00919829,0.0,0.94018337,48639,7,0.06273963,0.9999511
114,10,20017090,0.99860865,0.03248118,0.01168556,0.0,0.00631177,0.00861058,0.0,0.94091092,30591,7,0.04830682,0.9999512
115,1,20017111,0.98359154,0.05210033,0.02355643,0.0,0.00662624,0.77244368,0.00037518,0.14489814,51979,6,0.29963771,1.1176672
115,2,20017112,0.98462826,0.05129994,0.01353574,0.0,0.00587095,0.84307618,0.00023698,0.08598021,51979,6,0.57066469,1.1176672
115,3,20017113,0.98485858,0.0501505,0.00954369,0.0,0.00568608,0.8834529,0.00021935,0.05094748,51979,6,0.64357741,1.1176672
115,4,20017114,0.98508237,0.04962604,0.01726106,0.0,0.00532117,0.86677584,0.00018745,0.06082844,51979,6,0.53806372,1.1176672
115,5,20017115,0.98497399,0.05039213,0.01320044,0.0,0.00572102,0.87873079,0.00018078,0.05177484,51979,6,0.5183958,1.1176672
115,6,20017116,0.98510222,0.04957297,0.01338273,0.0,0.00556418,0.88924767,0.00015904,0.04207341,51979,6,0.59448472,1.1176672
115,7,20017117,0.98494392,0.05078308,0.01640612,0.0,0.00565155,0.85293571,0.0001761,0.07404745,51979,6,0.51303363,1.1176672
115,8,20017118,0.98497702,0.05068419,0.01102893,0.0,0.00545974,0.88481978,0.00016217,0.04784519,51979,6,0.57160159,1.1176672
115,9,20017119,0.98441754,0.05130997,0.01916896,0.0,0.00606933,0.8007257,0.00026721,0.12245882,51979,6,0.35063965,1.1176672
115,10,20017120,0.98522342,0.0486136,0.01085906,0.0,0.0051179,0.88983689,0.00028232,0.04529022,51979,6,0.69107258,1.1176672
116,1,20017141,0.97736522,0.01963374,0.0,0.00152776,0.00336554,0.02020487,0.0,0.9552681,45023,7,0.07872649,0.9961982
116,2,20017142,0.97725064,0.01964692,0.0,0.00152806,0.0033837,0.03591792,0.0,0.93952339,49119,7,0.12288684,0.9961992
116,3,20017143,0.97687471,0.01913573,0.0,0.00152851,0.00335185,0.10496527,0.0,0.87101864,40447,7,0.03779537,0.9961992
116,4,20017144,0.97709025,0.01940289,0.0,0.00152725,0.00335281,0.07635017,0.0,0.89936689,59359,7,0.08417707,0.9961982
116,5,20017145,0.97704629,0.01939392,0.0,0.00152756,0.00337099,0.03256866,0.0,0.94313887,59359,7,0.12780752,0.9961982
116,6,20017146,0.97706654,0.0192881,0.0,0.00152812,0.00335942,0.08134399,0.0,0.89448036,59391,7,0.0560984,0.996202
116,7,20017147,0.97716546,0.01945031,0.0,0.00152862,0.00334957,0.07668792,0.0,0.89898359,30687,7,0.09834311,0.9961992
116,8,20017148,0.97715373,0.01941722,0.0,0.00152779,0.00336222,0.08819223,0.0,0.88750054,40799,7,0.06061043,0.9961992
116,9,20017149,0.9764842,0.01867431,0.0,0.00152597,0.00335814,0.16041576,0.0,0.81602583,52735,7,0.07581997,0.9961982
116,10,20017150,0.97738586,0.0196987,0.0,0.00152884,0.00333051,0.05691697,0.0,0.91852497,65503,7,0.09208058,0.9961992
117,1,20017171,0.98447092,0.07267018,0.92435642,0.0,0.0022649,0.00068131,0.0,2.719e-05,45819,4,0.54734316,1.9449282
117,2,20017172,0.9844299,0.07247189,0.92463101,0.0,0.00219092,0.0006791,0.0,2.709e-05,45819,4,0.57493439,1.9449282
117,3,20017173,0.98446187,0.07263963,0.92442968,0.0,0.00222373,0.00067964,0.0,2.731e-05,45819,4,0.44840573,1.9449282
117,4,20017174,0.98442055,0.07166621,0.92538181,0.0,0.0022536,0.00067176,0.0,2.662e-05,45819,4,0.5282276,1.9449282
117,5,20017175,0.98444186,0.07249276,0.92454524,0.0,0.00225604,0.00067836,0.0,2.76e-05,45819,4,0.64877088,1.9449282
117,6,20017176,0.98384572,0.05056851,0.94584236,0.0,0.0020862,0.00135192,0.0,0.00015101,43581,4,0.69729287,1.9449291
117,7,20017177,0.98444659,0.07240507,0.92472478,0.0,0.00214819,0.00069531,0.0,2.665e-05,45307,4,0.79238657,1.9449301
117,8,20017178,0.9844454,0.07272763,0.92438337,0.0,0.00215745,0.00070505,0.0,2.65e-05,45307,4,0.90742691,1.9449301
117,9,20017179,0.98440427,0.07169938,0.92544308,0.0,0.00217597,0.00065488,0.0,2.669e-05,45819,4,0.9134931,1.9449282
117,10,20017180,0.98443845,0.07237573,0.92468864,0.0,0.00223377,0.00067472,0.0,2.714e-05,45819,4,0.63781719,1.9449282
118,1,20017201,0.97216877,0.01211662,0.00174085,3.679e-05,0.0005828,0.98528362,0.00023561,3.72e-06,32843,6,0.38832071,0.9935462
118,2,20017202,0.97212391,0.01219839,0.00175312,3.659e-05,0.00060699,0.98515851,0.00024319,3.2e-06,32779,6,0.35987154,0.9935487
118,3,20017203,0.97196989,0.01213142,0.0017326,3.701e-05,0.00059289,0.98526663,0.00023616,3.29e-06,32777,6,0.31458749,0.9935487
118,4,20017204,0.97221299,0.01261201,0.0018001,3.686e-05,0.00078818,0.98450507,0.00025299,4.79e-06,36877,6,0.20991893,0.9935497
118,5,20017205,0.97218631,0.01225699,0.00175085,3.71e-05,0.00063196,0.98507541,0.00024394,3.76e-06,36875,6,0.19470132,0.9935497
118,6,20017206,0.97204551,0.01184528,0.00171632,3.708e-05,0.00045487,0.98571441,0.00023016,1.88e-06,36937,6,0.19885168,0.9935472
118,7,20017207,0.97205348,0.01182752,0.00169257,3.655e-05,0.0004286,0.98577559,0.00023776,1.41e-06,32841,6,0.21368941,0.9935462
118,8,20017208,0.97221455,0.01195579,0.00172097,3.708e-05,0.00048679,0.98556646,0.00023068,2.23e-06,32779,6,0.25890325,0.9935487
118,9,20017209,0.97225982,0.01227541,0.0017445,3.684e-05,0.00061034,0.98507762,0.00025189,3.4e-06,36941,6,0.22322007,0.9935472
118,10,20017210,0.97217177,0.01276188,0.00181572,3.665e-05,0.00082243,0.98430231,0.00025478,6.23e-06,36937,6,0.25452367,0.9935472
119,1,20017231,0.98869057,0.02175619,0.00210893,0.0,0.00382494,0.01807403,0.0,0.95423591,59391,7,0.15128506,0.9982458
119,2,20017232,0.98867429,0.02174229,0.00210856,0.0,0.00379277,0.01429402,0.0,0.95806235,56831,7,0.12026398,0.9982451
119,3,20017233,0.98869809,0.0217813,0.0021169,0.0,0.00384458,0.02451418,0.0,0.94774305,16383,7,0.18511047,0.9982468
119,4,20017234,0.9886938,0.02185613,0.00215781,0.0,0.00382266,0.01198617,0.0,0.96017723,47103,7,0.14451891,0.9982468
119,5,20017235,0.98868549,0.02184946,0.0021059,0.0,0.0038471,0.01430621,0.0,0.95789133,52735,7,0.10836901,0.9982441
119,6,20017236,0.98868743,0.02177712,0.00213012,0.0,0.0038303,0.02617172,0.0,0.94609074,58879,7,0.2714391,0.9982441
119,7,20017237,0.98867617,0.02175304,0.00212835,0.0,0.00383118,0.03719961,0.0,0.93508783,65023,7,0.09474448,0.9982451
119,8,20017238,0.98867496,0.02183309,0.00212552,0.0,0.00385924,0.01225444,0.0,0.95992771,57343,7,0.1323745,0.9982468
119,9,20017239,0.98869839,0.02181363,0.00212188,0.0,0.00381801,0.01153164,0.0,0.96071484,40447,7,0.18696223,0.9982451
119,10,20017240,0.98868862,0.02179777,0.00211343,0.0,0.00381813,0.0121495,0.0,0.96012117,61439,7,0.12844296,0.9982459
120,1,20017261,0.98211908,0.04254801,0.00761976,0.0,0.00396935,0.87373834,0.0,0.07212455,56075,6,0.08663989,1.7965945
120,2,20017262,0.98312839,0.04010262,0.00437624,0.0,0.00382909,0.88762687,0.0,0.06406519,56075,6,0.21394238,1.7965945
120,3,20017263,0.98356821,0.03904635,0.0061564,0.0,0.00361927,0.89073578,0.0,0.06044219,53003,6,0.08822825,1.7965961
120,4,20017264,0.98338443,0.02983323,0.00426965,0.0,0.00304923,0.94407607,0.0,0.01877181,8372,6,0.34696943,1.7946074
120,5,20017265,0.98296839,0.0381662,0.00543339,0.0,0.00390185,0.89918345,0.0,0.0533151,51978,6,0.16602683,1.7956009
120,6,20017266,0.98283178,0.0337385,0.00427152,0.0,0.00288536,0.92875562,0.0,0.030349,56651,6,0.17748028,1.7965971
120,7,20017267,0.98289346,0.037393,0.00420899,0.0,0.00353506,0.9282028,0.0,0.02666016,56075,6,0.09699789,1.7965945
120,8,20017268,0.98275766,0.04267422,0.0037191,0.0,0.00392757,0.87522438,0.0,0.07445473,56074,6,0.10314655,1.7959325
120,9,20017269,0.98243049,0.03886425,0.00585139,0.0,0.00401562,0.88587612,0.0,0.06539261,57099,6,0.1484443,1.7965971
120,10,20017270,0.98275411,0.04200953,0.00442222,0.0,0.00385277,0.90667632,0.0,0.04303917,56074,6,0.12944207,1.7959325
121,1,20017291,0.97374873,0.02425519,0.0,0.00191359,0.00083099,0.97285682,0.00013272,1.068e-05,29663,6,0.12218705,0.9959044
121,2,20017292,0.97372144,0.02338125,0.0,0.001908,0.00074579,0.97382319,0.00013252,9.25e-06,36255,6,0.14527999,0.9958934
121,3,20017293,0.97369552,0.02250874,0.0,0.00188294,0.0007386,0.97472728,0.00013265,9.79e-06,39263,6,0.07171733,0.9958943
121,4,20017294,0.97194366,0.01957428,0.0,0.00172052,0.00076156,0.97779664,0.00013013,1.687e-05,64655,6,0.2488509,0.9939123
121,5,20017295,0.97381915,0.02429615,0.0,0.00190985,0.00082403,0.9728274,0.00013242,1.015e-05,23519,6,0.07105117,0.9958994
121,6,20017296,0.97375489,0.02344641,0.0,0.00190682,0.00079435,0.97370983,0.00013245,1.015e-05,30111,6,0.16484708,0.9958983
121,7,20017297,0.97360158,0.02186226,0.0,0.00188159,0.00073235,0.97538152,0.00013284,9.43e-06,34207,6,0.25391192,0.9958933
121,8,20017298,0.97373856,0.02432592,0.0,0.00190854,0.00085849,0.97276275,0.0001331,1.12e-05,39775,6,0.10565538,0.9959024
121,9,20017299,0.97358304,0.02390815,0.0,0.00190883,0.00082514,0.9732144,0.00013296,1.053e-05,51167,6,0.08158338,0.9959013
121,10,20017300,0.97377788,0.02402422,0.0,0.00190926,0.00081316,0.97310872,0.00013274,1.189e-05,35295,6,0.09207963,0.9958934
122,1,20017321,0.98503227,0.05254519,0.0134503,5.51e-06,0.00238343,0.05370528,0.00021882,0.87769148,57133,7,0.55261315,1.4770721
122,2,20017322,0.9849987,0.04783964,0.01480519,6.91e-06,0.00225398,0.50102998,0.0002561,0.4338082,52765,6,0.42443115,1.4770721
122,3,20017323,0.98493546,0.05215118,0.02313707,5.61e-06,0.00237832,0.10265088,0.00026338,0.81941357,57133,7,0.47718214,1.4770721
122,4,20017324,0.98658787,0.04504673,0.01863619,7.81e-06,0.00244565,0.13053126,0.00024584,0.80308652,48941,7,0.31812722,1.4770721
122,5,20017325,0.98594284,0.04785158,0.01802681,6.88e-06,0.00259893,0.06986885,0.00027711,0.86136985,48941,7,0.33874717,1.4770721
122,6,20017326,0.98461751,0.05273551,0.02388116,1.656e-05,0.00309232,0.25942633,0.00039434,0.66045378,57101,7,0.22224761,1.4770731
122,7,20017327,0.98418553,0.05448035,0.02364319,6.5e-06,0.00510168,0.12933231,0.00036822,0.78706774,57133,7,0.31686314,1.4770721
122,8,20017328,0.98567551,0.04941102,0.01389744,6.83e-06,0.00230601,0.06026186,0.00021702,0.87389981,57133,7,0.41031848,1.4770721
122,9,20017329,0.98509207,0.05188631,0.01813234,5.52e-06,0.0023698,0.16692245,0.00023223,0.76045135,57133,7,0.36632847,1.4770721
122,10,20017330,0.9865526,0.04486012,0.02094988,7.96e-06,0.00236734,0.14302807,0.00026323,0.7885234,48941,7,0.47337821,1.4770721
123,1,20017351,0.96339635,0.04474373,0.06548225,0.0,0.01662183,0.81292123,0.0036943,0.05653666,36943,6,0.11365421,0.9952386
123,2,20017352,0.96586051,0.03728351,0.05333659,0.0,0.01105202,0.8540076,0.00548378,0.03883651,36875,6,0.13600654,0.9952394
123,3,20017353,0.96525063,0.03873452,0.05364678,0.0,0.01413764,0.85006313,0.00516269,0.03825524,32779,6,0.21421253,0.9952384
123,4,20017354,0.95270436,0.06134899,0.10485584,0.0,0.02313781,0.67190503,0.00740066,0.13135168,23183,7,0.08107392,0.9947183
123,5,20017355,0.96368919,0.04274161,0.08475642,0.0,0.01405451,0.76766799,0.00497691,0.08580257,36875,6,0.10565095,0.9952394
123,6,20017356,0.96543472,0.03872254,0.05174115,0.0,0.01488142,0.85401504,0.00426482,0.03637502,32843,6,0.15646974,0.9952376
123,7,20017357,0.9674382,0.03653992,0.06045447,0.0,0.01176517,0.81275718,0.00352559,0.07495767,32781,6,0.11073932,0.9952384
123,8,20017358,0.96415607,0.04315202,0.06815744,0.0,0.01489349,0.80464951,0.00301561,0.06613194,32847,6,0.13353801,0.9952376
123,9,20017359,0.96703626,0.03624641,0.05537789,0.0,0.0112064,0.84326927,0.00458966,0.04931037,32841,6,0.17150825,0.9952376
123,10,20017360,0.96429596,0.04037277,0.04763184,0.0,0.01318073,0.86312152,0.00510828,0.03058486,32783,6,0.14071508,0.9952384
124,1,20017381,0.97979041,0.01916432,0.0,0.00104748,0.0035425,0.02789063,0.0,0.94835507,31711,7,0.07213968,0.9966878
124,2,20017382,0.97997049,0.01929145,0.0,0.00104863,0.00339682,0.11956621,0.0,0.85669689,63455,7,0.08156418,0.9966865
124,3,20017383,0.97990868,0.01919441,0.0,0.00104941,0.00347925,0.06010429,0.0,0.91617264,65503,7,0.05309579,0.9966865
124,4,20017384,0.9799016,0.01921063,0.0,0.00104865,0.00347237,0.08634807,0.0,0.88992028,30687,7,0.14008451,0.9966865
124,5,20017385,0.97995524,0.01938644,0.0,0.00104867,0.00348317,0.03395057,0.0,0.94213116,45023,7,0.08756897,0.9966855
124,6,20017386,0.97981938,0.01910164,0.0,0.00104869,0.00349566,0.05453883,0.0,0.92181518,42975,7,0.05622678,0.9966855
124,7,20017387,0.98004717,0.01948219,0.0,0.00104829,0.00348908,0.02832562,0.0,0.94765482,49119,7,0.1074541,0.9966865
124,8,20017388,0.97983011,0.01906936,0.0,0.00104804,0.00350138,0.03920688,0.0,0.93717435,16383,7,0.04945238,0.9966898
124,9,20017389,0.97964443,0.0188077,0.0,0.00104815,0.00346723,0.07418096,0.0,0.90249596,64895,7,0.05524615,0.9966865
124,10,20017390,0.9800284,0.01956315,0.0,0.0010481,0.00352144,0.02660638,0.0,0.94926092,65503,7,0.05724159,0.9966865
125,1,20017411,0.98395971,0.03418493,0.00179585,0.0,0.0028924,0.92527154,0.0,0.03585527,51979,6,0.13527704,2.0952043
125,2,20017412,0.98394865,0.03409539,0.00175133,0.0,0.00276973,0.89461429,0.0,0.06676927,56075,6,0.12172453,2.0952053
125,3,20017413,0.98303509,0.04056371,0.00204178,0.0,0.00265513,0.90100266,0.0,0.05373672,57101,6,0.09594875,2.0952085
125,4,20017414,0.98300656,0.04101668,0.00205897,0.0,0.00272447,0.92094418,0.0,0.03325571,57101,6,0.14137238,2.0952085
125,5,20017415,0.98249742,0.03639414,0.00079543,0.0,0.00223004,0.95990986,0.0,0.00067054,52765,6,0.4344981,2.0952075
125,6,20017416,0.98305444,0.04109201,0.00206026,0.0,0.00273062,0.90754353,0.0,0.04657358,57101,6,0.08888919,2.0952085
125,7,20017417,0.98283521,0.02993008,0.00058035,0.0,0.00188228,0.96686318,0.0,0.00074411,56859,6,0.24670394,2.0952085
125,8,20017418,0.98161109,0.038378,0.00236017,0.0,0.00214421,0.95681006,0.0,0.00030756,47885,6,0.1155002,2.0952053
125,9,20017419,0.9825061,0.03618495,0.00082392,0.0,0.00215399,0.96022211,0.0,0.00061503,52765,6,0.2632629,2.0952075
125,10,20017420,0.98297088,0.04064707,0.00211377,0.0,0.0026855,0.91091978,0.0,0.04363388,57101,6,0.11145191,2.0952085
126,1,20017441,0.96780415,0.01183648,0.0,0.00037821,0.00050625,0.98709752,0.00017626,5.27e-06,37071,6,0.16583981,0.9925904
126,2,20017442,0.96729607,0.01098137,0.0,0.00037242,0.00033332,0.98814583,0.00016493,2.13e-06,36873,6,0.31099146,0.9926073
126,3,20017443,0.97308922,0.01854127,0.0,0.0005115,0.00060616,0.98012541,0.00021057,5.09e-06,37151,6,0.31204292,0.9965833
126,4,20017444,0.97356538,0.01935648,0.0,0.00049662,0.00055874,0.97939724,0.00018755,3.38e-06,37215,6,0.77837183,0.9965799
126,5,20017445,0.96743028,0.01163987,0.0,0.00037788,0.00051087,0.98728872,0.00017583,6.83e-06,37067,6,0.12295963,0.9925904
126,6,20017446,0.96754157,0.01144653,0.0,0.00037959,0.00050868,0.98748222,0.00017819,4.79e-06,32781,6,0.16637771,0.9926063
126,7,20017447,0.96977899,0.01410618,0.0,0.00041234,0.00047515,0.98482835,0.00017371,4.27e-06,33119,6,0.133824,0.9965789
126,8,20017448,0.96778968,0.01227269,0.0,0.00037902,0.0006369,0.98652389,0.00017959,7.9e-06,37067,6,0.19156201,0.9925904
126,9,20017449,0.96738067,0.01150948,0.0,0.00037722,0.00053621,0.98739649,0.000175,5.59e-06,32907,6,0.1884317,0.9925927
126,10,20017450,0.96776141,0.01188671,0.0,0.00037859,0.00066288,0.98688392,0.00018049,7.39e-06,32911,6,0.1344847,0.9925928
127,1,20017471,0.99487721,0.02488756,0.01054817,0.0,0.00435696,0.0069217,0.0,0.95328561,65407,7,0.05589983,0.9993376
127,2,20017472,0.99493034,0.02487894,0.01048211,0.0,0.00438021,0.00700942,0.0,0.95324932,54783,7,0.07927907,0.9993369
127,3,20017473,0.99489795,0.02483697,0.01063492,0.0,0.00436351,0.00707718,0.0,0.95308742,36863,7,0.08238649,0.9993366
127,4,20017474,0.994883,0.0247728,0.01017829,0.0,0.00436534,0.0070015,0.0,0.95368208,49023,7,0.07180954,0.9993376
127,5,20017475,0.99493018,0.02485448,0.01042547,0.0,0.00438714,0.00677011,0.0,0.95356279,32639,7,0.11403886,0.9993376
127,6,20017476,0.99495568,0.0249075,0.01026069,0.0,0.00438758,0.00698707,0.0,0.95345716,47103,7,0.07772698,0.9993376
127,7,20017477,0.99496268,0.02496846,0.01040719,0.0,0.00438942,0.00694236,0.0,0.95329256,59391,7,0.07669922,0.9993366
127,8,20017478,0.99487648,0.02488417,0.01025822,0.0,0.00437522,0.00792752,0.0,0.95255487,38399,7,0.06504874,0.9993369
127,9,20017479,0.99488459,0.02482415,0.01034986,0.0,0.00437443,0.00739545,0.0,0.95305612,49023,7,0.06900778,0.9993376
127,10,20017480,0.99493181,0.02481436,0.01004317,0.0,0.0043631,0.00647783,0.0,0.95430154,61439,7,0.074052,0.9993366
128,1,20017501,0.98392644,0.04428983,0.00613123,0.0,0.00454871,0.9095769,5.621e-05,0.03539712,51979,6,0.3487075,1.4644254
128,2,20017502,0.98343387,0.04758126,0.0099225,0.0,0.0046729,0.89505862,7.024e-05,0.04269449,53003,6,0.22396566,1.4644273
128,3,20017503,0.98422921,0.04209665,0.00600432,0.0,0.00455656,0.92374419,5.655e-05,0.02354173,51979,6,0.6865714,1.4644254
128,4,20017504,0.9837398,0.04563486,0.00745731,0.0,0.00467863,0.91182015,6.398e-05,0.03034507,51979,6,0.56222065,1.4644254
128,5,20017505,0.98411906,0.04319799,0.00636991,0.0,0.00439941,0.88805091,5.516e-05,0.05792662,51979,6,0.58125873,1.4644254
128,6,20017506,0.98405417,0.04313643,0.00778713,0.0,0.00460963,0.90406562,5.679e-05,0.0403444,51979,6,0.65391229,1.4644254
128,7,20017507,0.98378624,0.04513502,0.00732303,0.0,0.0045098,0.88987746,5.709e-05,0.0530976,51979,6,0.44377782,1.4644254
128,8,20017508,0.98422129,0.04256393,0.00597981,0.0,0.00439842,0.89201457,5.434e-05,0.05498892,51979,6,0.66120637,1.4644254
128,9,20017509,0.98410594,0.04302751,0.00698359,0.0,0.0045807,0.89689643,6.006e-05,0.04845172,51979,6,0.64983385,1.4644254
128,10,20017510,0.98381441,0.04434918,0.00856062,0.0,0.00460565,0.8629827,6.514e-05,0.0794367,51979,6,0.45183277,1.4644254
129,1,20017531,0.97547622,0.02195874,0.0,0.00171038,0.00077519,0.97543399,0.00011159,1.011e-05,57183,6,0.06759372,0.995789
129,2,20017532,0.97537308,0.02157954,0.0,0.00170875,0.0007668,0.97582293,0.00011185,1.012e-05,38879,6,0.12528619,0.995789
129,3,20017533,0.97540751,0.02185286,0.0,0.00170934,0.00076454,0.97555177,0.0001124,9.09e-06,65503,6,0.10423067,0.9957891
129,4,20017534,0.97540696,0.02169615,0.0,0.00170758,0.00076991,0.97570455,0.00011223,9.58e-06,30559,6,0.08645761,0.9957891
129,5,20017535,0.97538281,0.02176252,0.0,0.00170821,0.000776,0.97563117,0.00011206,1.004e-05,44895,6,0.07052248,0.995788
129,6,20017536,0.97538449,0.02152172,0.0,0.00170854,0.00076702,0.9758811,0.000112,9.62e-06,61919,6,0.05948635,0.9957851
129,7,20017537,0.9754225,0.02157495,0.0,0.00170787,0.00076219,0.97583292,0.00011196,1.011e-05,37855,6,0.06413541,0.9957892
129,8,20017538,0.97552307,0.02185744,0.0,0.00170824,0.00078191,0.97553054,0.00011179,1.007e-05,58335,6,0.08655572,0.9957902
129,9,20017539,0.97554104,0.0221043,0.0,0.00171024,0.00079058,0.97527362,0.00011152,9.74e-06,32735,6,0.09376176,0.9957891
129,10,20017540,0.97549774,0.02185708,0.0,0.00170925,0.00078031,0.9755323,0.00011178,9.29e-06,15327,6,0.13211251,0.9957861
130,1,20017561,0.98394377,0.03767315,0.0013506,0.0,0.00254146,0.66348421,0.0,0.29495057,43821,6,0.11806679,1.8967817
130,2,20017562,0.98393154,0.03770205,0.0013942,0.0,0.00260808,0.69418272,0.0,0.26411295,47917,6,0.10403946,1.8967826
130,3,20017563,0.98330785,0.04322886,0.00158658,0.0,0.00245183,0.59844879,0.0,0.35428393,57133,7,0.27077171,1.8967809
130,4,20017564,0.9839297,0.03781758,0.00139505,0.0,0.00253721,0.51078955,0.0,0.44746061,44845,7,0.16265651,1.8967799
130,5,20017565,0.98319325,0.04357752,0.00166653,0.0,0.00245806,0.53491802,0.0,0.41737988,57133,7,0.17000805,1.8967809
130,6,20017566,0.98275579,0.03690465,0.00100094,0.0,0.00165652,0.96034726,0.0,9.062e-05,55179,6,0.4069302,1.8967826
130,7,20017567,0.98337417,0.03433021,0.00122945,0.0,0.00154864,0.96280302,0.0,8.868e-05,48939,6,0.21780908,1.8967809
130,8,20017568,0.98320706,0.04318252,0.00167012,0.0,0.00240033,0.54874847,0.0,0.40399856,57133,7,0.12564491,1.8967809
130,9,20017569,0.98335311,0.0385399,0.001458,0.0,0.00191401,0.65656019,0.0,0.3015279,53037,7,0.11286906,1.8967799
130,10,20017570,0.98394676,0.03818283,0.00141146,0.0,0.00261321,0.69346853,0.0,0.26432397,43821,6,0.14437146,1.8967817
131,1,20017591,0.97180247,0.0154004,0.01341203,0.0,0.00178981,0.96794153,0.00134208,0.00011414,36873,6,0.28045451,0.9941038
131,2,20017592,0.97352373,0.01653474,0.0134449,0.0,0.00122808,0.96826973,0.00049435,2.82e-05,36875,6,0.23886658,0.9941038
131,3,20017593,0.97307044,0.0145652,0.01169537,0.0,0.00149987,0.97144751,0.00070229,8.976e-05,36939,6,0.22746887,0.9941019
131,4,20017594,0.97416508,0.01280526,0.0081997,0.0,0.00095977,0.97759901,0.00043493,1.33e-06,32843,6,0.30818641,0.9941009
131,5,20017595,0.97043771,0.01917827,0.02099007,0.0,0.00258713,0.95562116,0.0015174,0.00010597,32779,6,0.26921338,0.9941028
131,6,20017596,0.97425821,0.01345333,0.00869093,0.0,0.00074893,0.97644649,0.00044827,0.00021205,32841,6,0.31141617,0.9941009
131,7,20017597,0.97181376,0.02031488,0.01860945,0.0,0.00182493,0.95730693,0.00161315,0.00033067,32781,6,0.12510229,0.9941028
131,8,20017598,0.9722076,0.01687341,0.02694027,0.0,0.00141023,0.95312582,0.00164599,4.28e-06,36879,6,0.29640399,0.9941038
131,9,20017599,0.97346663,0.01702847,0.02461954,0.0,0.00109403,0.95659419,0.00065679,6.97e-06,32777,6,0.38491461,0.9941028
131,10,20017600,0.97104663,0.01611304,0.0186057,0.0,0.00149958,0.9612763,0.00245037,5.5e-05,32841,6,0.24836439,0.9941009
132,1,20017621,0.98445962,0.02096692,0.0,0.0,0.00382567,0.06099274,0.0,0.91421467,65407,7,0.06378792,0.997522
132,2,20017622,0.98441301,0.02085087,0.0,0.0,0.00378472,0.06463069,0.0,0.91073372,36351,7,0.04129516,0.9975185
132,3,20017623,0.98444346,0.02090254,0.0,0.0,0.0037987,0.09003627,0.0,0.88526249,65407,7,0.06231868,0.997522
132,4,20017624,0.98440634,0.02084095,0.0,0.0,0.00375313,0.1077602,0.0,0.86764572,58879,7,0.04679748,0.9975185
132,5,20017625,0.98439293,0.02078514,0.0,0.0,0.00385022,0.03438574,0.0,0.9409789,32255,7,0.0597477,0.9975195
132,6,20017626,0.98442879,0.02081837,0.0,0.0,0.00380485,0.05208494,0.0,0.92329184,54655,7,0.03742123,0.9975162
132,7,20017627,0.98438557,0.0207067,0.0,0.0,0.00381145,0.08292788,0.0,0.89255397,30719,7,0.04434507,0.997522
132,8,20017628,0.98442752,0.02091665,0.0,0.0,0.00383263,0.0365464,0.0,0.93870433,30559,7,0.04332606,0.9975195
132,9,20017629,0.98448109,0.02113509,0.0,0.0,0.00378527,0.09769244,0.0,0.87738721,62911,6,0.0499855,0.99752
132,10,20017630,0.98445433,0.02103956,0.0,0.0,0.0038395,0.04719332,0.0,0.92792762,60927,7,0.07576583,0.9975185
133,1,20017651,0.9842563,0.03346881,0.00209329,0.0,0.00319084,0.8997356,0.0,0.06151146,56074,6,0.17378392,2.0512593
133,2,20017652,0.9843498,0.03343793,0.00203552,0.0,0.00320716,0.89714166,0.0,0.06417774,56074,6,0.23053673,2.0512593
133,3,20017653,0.98382225,0.03573294,0.00217152,0.0,0.00320044,0.90882238,0.0,0.05007272,56075,6,0.16353119,2.0519213
133,4,20017654,0.98316697,0.03796387,0.00233971,0.0,0.00308844,0.90014799,0.0,0.05646,56074,6,0.21200851,2.0512593
133,5,20017655,0.98411323,0.03352528,0.00212149,0.0,0.00319274,0.92424016,0.0,0.03692032,56075,6,0.17216896,2.0519213
133,6,20017656,0.98359389,0.03629599,0.00223684,0.0,0.00315026,0.89704461,0.0,0.06127229,56075,6,0.17558732,2.0519213
133,7,20017657,0.98425573,0.03339526,0.00198139,0.0,0.00323122,0.9123215,0.0,0.04907062,56074,6,0.14558932,2.0512593
133,8,20017658,0.98420665,0.03377898,0.00199362,0.0,0.00321745,0.90033731,0.0,0.06067264,56074,6,0.24945166,2.0512593
133,9,20017659,0.9841832,0.03385853,0.0020833,0.0,0.00326854,0.91850828,0.0,0.04228135,56074,6,0.18787501,2.0512593
133,10,20017660,0.98356894,0.03338826,0.00216722,0.0,0.00298152,0.92051234,0.0,0.04095066,51979,6,0.13501297,2.0519203
134,1,20017681,0.97083771,0.01856277,0.0,0.00155986,0.00062948,0.97907269,0.00016807,7.13e-06,37279,6,0.24219011,0.995874
134,2,20017682,0.9708492,0.02222103,0.0,0.00163818,0.0007618,0.97519368,0.00017414,1.116e-05,33247,6,0.23904518,0.9958689
134,3,20017683,0.97072929,0.02247111,0.0,0.00164855,0.00075811,0.9749404,0.00017224,9.58e-06,33247,6,0.17430845,0.9958689
134,4,20017684,0.97091793,0.01824962,0.0,0.00155341,0.00058799,0.97943454,0.00016761,6.83e-06,33247,6,0.27139463,0.9958689
134,5,20017685,0.97089469,0.01890754,0.0,0.0015665,0.00053669,0.97881848,0.00016454,6.25e-06,33119,6,0.40556889,0.9958689
134,6,20017686,0.97097497,0.01977156,0.0,0.00158869,0.00076274,0.97769158,0.00017472,1.071e-05,33247,6,0.25238725,0.9958689
134,7,20017687,0.97078979,0.02224927,0.0,0.00163925,0.00074253,0.9751891,0.00017095,8.89e-06,33247,6,0.12066456,0.9958689
134,8,20017688,0.97078358,0.02120173,0.0,0.00162427,0.00072775,0.97626446,0.00017302,8.77e-06,33247,6,0.17964431,0.9958689
134,9,20017689,0.97084574,0.02115187,0.0,0.00160601,0.00072202,0.97634382,0.00016821,8.08e-06,33247,6,0.22877585,0.9958689
134,10,20017690,0.97119279,0.01966666,0.0,0.00157451,0.00076663,0.97780845,0.00017362,1.013e-05,37343,6,0.67584115,0.9958699
135,1,20017711,0.98978584,0.04383973,0.01027561,1.933e-05,0.00225838,0.00016264,0.00036195,0.94308235,48941,7,0.94055593,1.2382807
135,2,20017712,0.98979528,0.04387502,0.00952265,1.907e-05,0.00228039,0.00016527,0.00036002,0.94377759,48941,7,0.67310714,1.2382807
135,3,20017713,0.98844736,0.04767261,0.014055,1.482e-05,0.00240874,0.00062262,0.00037059,0.93485562,57261,7,0.76734469,1.2378103
135,4,20017714,0.99019569,0.04138676,0.00983433,1.878e-05,0.00229692,0.00034559,0.00035504,0.94576258,49069,7,0.62064903,1.2378103
135,5,20017715,0.98800782,0.05100643,0.01495567,1.465e-05,0.00245319,0.00055347,0.00037986,0.93063673,57261,7,0.48054729,1.2378103
135,6,20017716,0.99003447,0.04274392,0.01071896,1.921e-05,0.00230657,0.00031016,0.00036411,0.94353708,48941,7,0.30865222,1.2382807
135,7,20017717,0.98981984,0.04421115,0.01034608,1.939e-05,0.00233783,0.00020396,0.00036065,0.94252093,44845,7,0.47620417,1.2382797
135,8,20017718,0.98979747,0.04375802,0.00895115,1.894e-05,0.00224661,0.00017764,0.00036009,0.94448755,48941,7,0.94209281,1.2382807
135,9,20017719,0.98979133,0.04429843,0.00982225,1.938e-05,0.00226904,0.00016335,0.00036125,0.94306631,44845,7,0.56618832,1.2382797
135,10,20017720,0.98979102,0.0443654,0.00957036,1.927e-05,0.00228305,0.00018619,0.00035939,0.94321634,44845,7,0.55114809,1.2382797
136,1,20017741,0.98597356,0.05787907,0.05958224,0.0,0.00731235,0.0,0.00013145,0.87509489,23183,7,0.83552314,0.9969014
136,2,20017742,0.98490274,0.06265682,0.070907,0.0,0.01484335,0.0,0.00021898,0.85137385,23183,7,0.75096974,0.9969014
136,3,20017743,0.98630649,0.05629091,0.05706506,0.0,0.00163203,0.0,0.00010041,0.88491159,23183,7,0.88402756,0.9969014
136,4,20017744,0.98551744,0.06067156,0.0649975,0.0,0.01545648,0.0,0.00052491,0.85834955,23183,7,0.7105732,0.9969014
136,5,20017745,0.98610209,0.05738876,0.05970712,0.0,0.00353654,0.0,0.00030639,0.8790612,23183,7,0.84703189,0.9969014
136,6,20017746,0.98506744,0.06116079,0.06418163,0.0,0.02755363,0.0,0.00037739,0.84672656,23183,7,0.80594128,0.9969014
136,7,20017747,0.98637307,0.05637326,0.05650678,0.0,0.00143714,0.0,9.85e-05,0.88558433,23183,7,0.88493472,0.9969014
136,8,20017748,0.98628364,0.05717362,0.05622159,0.0,0.00145524,0.0,0.00010585,0.8850437,23183,7,0.82506844,0.9969014
136,9,20017749,0.98583476,0.0599228,0.05650761,0.0,0.01306974,0.0,0.00139407,0.86910577,23183,7,0.83249951,0.9969014
136,10,20017750,0.98633032,0.05598716,0.05862336,0.0,0.00147617,0.0,9.85e-05,0.88381482,23183,7,0.8827747,0.9969014
137,1,20017771,0.97606232,0.01768593,0.0,0.00141213,0.0032089,0.03460125,0.0,0.94309178,52735,7,0.0455854,0.996082
137,2,20017772,0.97649875,0.01812763,0.0,0.00141325,0.00316035,0.04068739,0.0,0.93661138,45023,7,0.0766338,0.996082
137,3,20017773,0.97638522,0.01794234,0.0,0.00141258,0.00314373,0.07758427,0.0,0.89991708,30687,7,0.06205537,0.996083
137,4,20017774,0.97661117,0.01824259,0.0,0.00141336,0.00317204,0.04361662,0.0,0.93355539,49119,7,0.09605184,0.996083
137,5,20017775,0.9765222,0.01806426,0.0,0.00141214,0.00316768,0.03618793,0.0,0.941168,36735,7,0.04601738,0.9960859
137,6,20017776,0.97647998,0.0179384,0.0,0.00141334,0.00317161,0.06728375,0.0,0.9101929,16351,7,0.05020431,0.996083
137,7,20017777,0.97658645,0.01823753,0.0,0.00141253,0.00311968,0.05010545,0.0,0.92712481,65503,7,0.09719011,0.996083
137,8,20017778,0.97640254,0.01800907,0.0,0.00141307,0.00317897,0.03517215,0.0,0.94222675,24063,7,0.06469449,0.996083
137,9,20017779,0.97639038,0.01800537,0.0,0.00141326,0.00317255,0.03720354,0.0,0.94020528,56831,7,0.05407066,0.996083
137,10,20017780,0.9764108,0.01803408,0.0,0.00141291,0.00316111,0.04543594,0.0,0.93195597,63455,7,0.04843614,0.996083
138,1,20017801,0.98304796,0.03960306,0.00245675,0.0,0.0024797,0.92021264,0.0,0.03524785,57133,6,0.09266138,2.1710749
138,2,20017802,0.98225726,0.03252433,0.00249718,0.0,0.00176372,0.96302537,0.0,0.0001894,43787,6,0.10897319,2.1710729
138,3,20017803,0.9832976,0.03455934,0.00216217,0.0,0.00261889,0.91307446,0.0,0.04758514,56074,6,0.09184848,2.1704118
138,4,20017804,0.98304974,0.03931668,0.00237151,0.0,0.00247937,0.92013076,0.0,0.03570167,57101,6,0.08814701,2.1710772
138,5,20017805,0.98331219,0.03442494,0.00227925,0.0,0.0026299,0.91926633,0.0,0.04139957,56075,6,0.11235256,2.1710739
138,6,20017806,0.9833066,0.03442805,0.00236104,0.0,0.00256359,0.91460295,0.0,0.04604438,51979,6,0.10953439,2.1710729
138,7,20017807,0.98307114,0.03954253,0.00229692,0.0,0.0025372,0.91482429,0.0,0.04079906,53005,6,0.09419991,2.1710762
138,8,20017808,0.98328912,0.03466508,0.00237434,0.0,0.00256931,0.90530471,0.0,0.05508655,56107,6,0.16125653,2.1710772
138,9,20017809,0.98309598,0.03992322,0.00236183,0.0,0.00251162,0.90511522,0.0,0.0500881,52013,6,0.0957615,2.1710762
138,10,20017810,0.98330069,0.0344391,0.00224176,0.0,0.00262048,0.92931369,0.0,0.03138498,53003,6,0.09927936,2.1710762
139,1,20017831,0.96912824,0.0113657,0.00150641,9.832e-05,0.0003541,0.98645083,0.00022301,1.62e-06,32781,6,0.1462654,0.9929926
139,2,20017832,0.96905547,0.01218284,0.00167375,0.0001011,0.00063425,0.98512781,0.00027492,5.34e-06,37003,6,0.1461431,0.9929816
139,3,20017833,0.96895473,0.01129126,0.00150774,9.822e-05,0.00033247,0.98654467,0.00022426,1.37e-06,36879,6,0.16890972,0.9929936
139,4,20017834,0.96906366,0.01159739,0.00155363,9.937e-05,0.00044816,0.98605124,0.00024761,2.6e-06,32783,6,0.10612343,0.9929926
139,5,20017835,0.96906424,0.01148205,0.00151171,9.724e-05,0.00041184,0.98628043,0.00021423,2.49e-06,36937,6,0.19150771,0.9929906
139,6,20017836,0.96942388,0.01135478,0.00150591,9.774e-05,0.00034157,0.98648756,0.000211,1.44e-06,32847,6,0.16453065,0.9929896
139,7,20017837,0.96910925,0.01188278,0.00154551,9.924e-05,0.00058235,0.98564244,0.00024275,4.94e-06,36939,6,0.2227257,0.9929906
139,8,20017838,0.96925033,0.01168154,0.00154947,9.815e-05,0.00047081,0.98597258,0.00022424,3.21e-06,32783,6,0.18465995,0.9929926
139,9,20017839,0.64268861,0.01191939,0.00076235,0.98611293,0.00042551,0.00042445,0.00035413,1.24e-06,36938,2,0.29750967,0.6623151
139,10,20017840,0.96916573,0.01164276,0.00153937,9.878e-05,0.00046595,0.98602041,0.00022935,3.39e-06,36943,6,0.21813675,0.9929906
140,1,20017861,0.99094044,0.02155276,0.00214841,0.0,0.00383334,0.0180314,0.0,0.9544341,48639,7,0.10688128,0.9986142
140,2,20017862,0.99089055,0.02151712,0.00215848,0.0,0.00383313,0.04316669,0.0,0.92932458,59263,7,0.11454781,0.9986146
140,3,20017863,0.99087843,0.02150097,0.00214782,0.0,0.00383262,0.02558636,0.0,0.94693223,48639,7,0.09033189,0.9986142
140,4,20017864,0.99089241,0.02154964,0.00217525,0.0,0.00378961,0.04663008,0.0,0.92585542,16255,7,0.05828375,0.9986156
140,5,20017865,0.99092542,0.02163251,0.00213606,0.0,0.00381447,0.03421718,0.0,0.93819977,50687,7,0.14800088,0.9986132
140,6,20017866,0.9908914,0.02149174,0.00213145,0.0,0.00381039,0.03094784,0.0,0.94161858,16255,7,0.11311231,0.9986156
140,7,20017867,0.99089369,0.02153904,0.00215512,0.0,0.00381097,0.02402002,0.0,0.94847485,65023,7,0.08180452,0.9986142
140,8,20017868,0.99094172,0.02158805,0.00210133,0.0,0.00384662,0.0136534,0.0,0.95881059,54783,7,0.13597342,0.9986142
140,9,20017869,0.99091432,0.02160709,0.0021574,0.0,0.00381442,0.03826988,0.0,0.93415121,55295,7,0.11979966,0.9986156
140,10,20017870,0.99091331,0.02151682,0.00209175,0.0,0.00383031,0.01779466,0.0,0.95476645,56831,7,0.09813899,0.9986142
141,1,20017891,0.98312621,0.04029053,0.00375399,0.0,0.00425023,0.88501295,0.0,0.0666923,51979,6,0.08008463,1.8038885
141,2,20017892,0.98555019,0.01381694,0.002608,0.0,0.00072164,0.98284116,0.0,1.227e-05,8436,6,0.98184516,1.8019061
141,3,20017893,0.98167299,0.03139215,0.0027797,0.0,0.0023636,0.93113418,0.0,0.03233037,44363,6,0.20460863,1.8038911
141,4,20017894,0.98558052,0.01377395,0.00231222,0.0,0.00072058,0.98318096,0.0,1.229e-05,8436,6,0.79301702,1.8019061
141,5,20017895,0.9826923,0.04168064,0.0039325,0.0,0.00418424,0.88658179,0.0,0.06362082,56075,6,0.11741321,1.8038895
141,6,20017896,0.98462977,0.02249293,0.00364259,0.0,0.001789,0.95604343,0.0,0.01603205,8436,6,0.50162049,1.8019061
141,7,20017897,0.98162496,0.033924,0.00260076,0.0,0.00322819,0.92475559,0.0,0.03549146,52555,6,0.17221265,1.8038911
141,8,20017898,0.98561667,0.01365174,0.00243766,0.0,0.00071887,0.98317941,0.0,1.231e-05,8436,6,0.54863855,1.8019061
141,9,20017899,0.98385273,0.03017969,0.00306927,0.0,0.00247945,0.91428167,0.0,0.04998992,8436,6,0.46302251,1.8019061
141,10,20017900,0.98310997,0.04034958,0.00361657,0.0,0.00398283,0.91336187,0.0,0.03868913,51981,6,0.12174122,1.8038885
142,1,20017921,0.97365564,0.02211214,0.0,0.0018161,0.00077192,0.97516002,0.00012999,9.83e-06,44895,6,0.14511669,0.9955107
142,2,20017922,0.97355062,0.02131143,0.0,0.00181612,0.00071032,0.97602253,0.0001301,9.5e-06,51039,6,0.07984727,0.9955043
142,3,20017923,0.97373402,0.02238254,0.0,0.0018173,0.00078233,0.97487758,0.00013005,1.021e-05,16351,6,0.15478954,0.9955117
142,4,20017924,0.97060306,0.01827034,0.0,0.00177484,0.00068402,0.97912757,0.00012968,1.355e-05,32463,6,0.21930787,0.9935247
142,5,20017925,0.97373011,0.02202917,0.0,0.00181741,0.00077338,0.97523991,0.00013016,9.96e-06,65503,6,0.06073939,0.9955117
142,6,20017926,0.97362791,0.02165058,0.0,0.00181437,0.00075252,0.97564317,0.00012993,9.42e-06,30559,6,0.08094988,0.9955117
142,7,20017927,0.97359288,0.02163213,0.0,0.00181456,0.00073173,0.97568192,0.00012986,9.8e-06,8031,6,0.08416285,0.9955097
142,8,20017928,0.97362727,0.02163247,0.0,0.0018162,0.00073636,0.97567567,0.00013004,9.27e-06,30111,6,0.07747369,0.9955077
142,9,20017929,0.97373304,0.02207,0.0,0.00181712,0.00076685,0.97520587,0.00013009,1.008e-05,8159,6,0.08279602,0.9955097
142,10,20017930,0.97367346,0.02190753,0.0,0.0018185,0.00075591,0.97537771,0.00013006,1.03e-05,49119,6,0.06905675,0.9955117
143,1,20017951,0.9852909,0.03876218,0.00180174,0.0,0.00242916,0.31210147,0.0,0.64490546,44845,7,0.26212787,1.7596329
143,2,20017952,0.98386622,0.04489597,0.00208942,0.0,0.0025064,0.42559823,0.0,0.52490998,57133,7,0.28521514,1.7596339
143,3,20017953,0.98374278,0.04532509,0.00234482,0.0,0.00253644,0.44566394,0.0,0.5041297,57101,7,0.23010847,1.7596354
143,4,20017954,0.98534607,0.03874765,0.00180332,0.0,0.00252904,0.35917942,0.0,0.59774057,48941,7,0.29316582,1.7596339
143,5,20017955,0.98532404,0.03854856,0.0018468,0.0,0.00241611,0.30932269,0.0,0.64786583,48941,7,0.32338042,1.7596339
143,6,20017956,0.98525229,0.03858317,0.00177763,0.0,0.00248032,0.39487106,0.0,0.56228782,44845,7,0.19854357,1.7596329
143,7,20017957,0.98388058,0.04530485,0.0021531,0.0,0.00251119,0.36610084,0.0,0.58393002,57133,7,0.29523886,1.7596339
143,8,20017958,0.98379753,0.0451469,0.00223596,0.0,0.002473,0.42886846,0.0,0.52127568,57101,7,0.13824922,1.7596354
143,9,20017959,0.98431678,0.04348732,0.00210407,0.0,0.00241879,0.31635896,0.0,0.63563086,57133,7,0.18918887,1.7596339
143,10,20017960,0.98523688,0.03861931,0.00181032,0.0,0.00245997,0.31508419,0.0,0.64202621,48909,7,0.22637936,1.7596354
144,1,20017981,0.96254118,0.03223375,0.0557115,0.0,0.01100983,0.85245013,0.00352183,0.04507296,32779,6,0.24297639,0.9947925
144,2,20017982,0.95467482,0.04305717,0.06056468,0.0,0.01672155,0.83967197,0.00442984,0.03555479,32843,6,0.1077875,0.9947913
144,3,20017983,0.95394969,0.04372542,0.06939635,0.0,0.01728942,0.82339547,0.0056186,0.04057474,32845,6,0.15690453,0.9947913
144,4,20017984,0.95716235,0.03654035,0.04397146,0.0,0.01325029,0.88261093,0.00614444,0.01748253,36939,6,0.15969298,0.9947923
144,5,20017985,0.95846094,0.03761069,0.05976317,0.0,0.01409975,0.85229274,0.00552504,0.03070861,32777,6,0.1562058,0.9947925
144,6,20017986,0.96910173,0.0256304,0.0442301,0.0,0.00658569,0.90404643,0.00230266,0.01720471,32779,6,0.11248147,0.9947925
144,7,20017987,0.95257493,0.04516069,0.06958636,0.0,0.01870065,0.81236049,0.00554008,0.04865172,32841,6,0.13167675,0.9947913
144,8,20017988,0.962592,0.03355324,0.05542832,0.0,0.01200578,0.87958492,0.00279568,0.01663207,32841,6,0.13085713,0.9947913
144,9,20017989,0.96367277,0.03238266,0.04172054,0.0,0.01050246,0.9043976,0.00353299,0.00746374,32847,6,0.1604836,0.9947913
144,10,20017990,0.95543299,0.04078339,0.06639353,0.0,0.01502655,0.83729456,0.00576505,0.03473693,32841,6,0.12853045,0.9947913
145,1,20018011,0.9802398,0.0187916,0.0,0.00041748,0.00339144,0.04830176,0.0,0.92909771,63487,7,0.06179379,0.9967815
145,2,20018012,0.98023584,0.0187816,0.0,0.00041768,0.00340666,0.0511174,0.0,0.92627666,36735,7,0.05698461,0.9967805
145,3,20018013,0.98017896,0.01865643,0.0,0.0004176,0.00340767,0.04122908,0.0,0.93628922,60927,7,0.08957912,0.9967773
145,4,20018014,0.98014388,0.01864463,0.0,0.00041746,0.00338765,0.05908573,0.0,0.91846454,38911,7,0.07088424,0.9967815
145,5,20018015,0.98031358,0.01889313,0.0,0.00041778,0.00342429,0.04962581,0.0,0.92763899,53119,7,0.04537742,0.9967805
145,6,20018016,0.9801379,0.01858593,0.0,0.00041741,0.00341391,0.06155201,0.0,0.91603073,8063,7,0.05676043,0.9967805
145,7,20018017,0.98014367,0.01860536,0.0,0.00041726,0.00336353,0.07762901,0.0,0.89998483,57215,7,0.08477306,0.9967815
145,8,20018018,0.98014965,0.01876123,0.0,0.00041746,0.0033873,0.03145388,0.0,0.94598012,59391,7,0.06251958,0.9967805
145,9,20018019,0.98022637,0.01884349,0.0,0.00041782,0.00341206,0.03467616,0.0,0.94265048,48639,7,0.04714745,0.9967783
145,10,20018020,0.98012493,0.01863428,0.0,0.00041736,0.00338006,0.09366211,0.0,0.88390619,49151,7,0.08129281,0.9967815
146,1,20018041,0.98289777,0.03955752,0.00208353,0.0,0.00280016,0.91977317,0.0,0.03578561,56077,6,0.15753174,2.2522921
146,2,20018042,0.98385639,0.0325103,0.00151936,0.0,0.0027662,0.89998148,0.0,0.06322267,56074,6,0.147459,2.2516301
146,3,20018043,0.98243357,0.0352564,0.00218785,0.0,0.00260333,0.95955112,0.0,0.00040129,55181,6,0.2979807,2.2522956
146,4,20018044,0.9829317,0.0393269,0.00188017,0.0,0.00280144,0.91234369,0.0,0.0436478,51981,6,0.1416214,2.2522911
146,5,20018045,0.98402557,0.03225295,0.00153771,0.0,0.00278337,0.90149524,0.0,0.06193073,51979,6,0.20625164,2.2522911
146,6,20018046,0.98289192,0.03914241,0.00191453,0.0,0.00267879,0.89606175,0.0,0.06020252,51981,6,0.11482772,2.2522911
146,7,20018047,0.9829752,0.03915679,0.0018131,0.0,0.00276011,0.90368519,0.0,0.05258481,51981,6,0.2236202,2.2522911
146,8,20018048,0.98284909,0.03923684,0.00197955,0.0,0.00274777,0.91244611,0.0,0.04358972,57101,6,0.10483768,2.2522956
146,9,20018049,0.98392688,0.03222793,0.00149049,0.0,0.00273384,0.90926262,0.0,0.05428512,56075,6,0.11634974,2.2522921
146,10,20018050,0.98384365,0.03294236,0.00143607,0.0,0.00282932,0.90447306,0.0,0.05831919,56075,6,0.17658491,2.2522921
147,1,20018071,0.97049691,0.01644081,0.0,0.00081572,0.00051348,0.98204633,0.00017942,4.24e-06,33183,6,0.40007344,0.9960262
147,2,20018072,0.9638836,0.01070925,0.0,0.0006567,0.00044315,0.9880283,0.00015772,4.89e-06,32971,6,0.25802869,0.9920305
147,3,20018073,0.96422138,0.01074503,0.0,0.00065733,0.00045107,0.9879837,0.0001583,4.58e-06,32907,6,0.15970667,0.9920345
147,4,20018074,0.97081746,0.01772101,0.0,0.00081911,0.00064957,0.98062353,0.00018123,5.55e-06,33247,6,0.46117542,0.9960222
147,5,20018075,0.97058069,0.01754723,0.0,0.00082745,0.00057301,0.9808631,0.00018323,5.98e-06,33119,6,0.39541248,0.9960223
147,6,20018076,0.97058606,0.01686992,0.0,0.00081684,0.00054837,0.98158375,0.00017605,5.07e-06,37151,6,0.36830587,0.9960272
147,7,20018077,0.97043476,0.01656304,0.0,0.00082571,0.0005223,0.9819034,0.00018128,4.26e-06,37279,6,0.44968882,0.9960272
147,8,20018078,0.97067545,0.01761646,0.0,0.00082937,0.00060779,0.98075594,0.00018469,5.76e-06,37279,6,0.27426658,0.9960272
147,9,20018079,0.96462267,0.01077374,0.0,0.00065649,0.00047055,0.98793652,0.00015766,5.04e-06,36943,6,0.24631268,0.9920472
147,10,20018080,0.97037196,0.01710839,0.0,0.00083877,0.00061313,0.98124004,0.00019308,6.59e-06,33183,6,0.58189909,0.9960262
148,1,20018101,0.99828595,0.02690399,0.01604063,0.0,0.00528434,0.00233595,0.0,0.9494351,30207,7,0.07580369,0.9998467
148,2,20018102,0.99823768,0.02688097,0.01579645,0.0,0.00527896,0.00274564,0.0,0.94929798,47103,7,0.06798895,0.9998468
148,3,20018103,0.9982358,0.02681843,0.01547664,0.0,0.00531756,0.00536517,0.0,0.94702219,30719,7,0.08172387,0.9998468
148,4,20018104,0.9982358,0.02673996,0.01548153,0.0,0.00529252,0.00261286,0.0,0.94987312,40959,7,0.08642342,0.9998468
148,5,20018105,0.99820848,0.026829,0.0159747,0.0,0.00529648,0.00426708,0.0,0.94763274,44543,7,0.06153325,0.9998457
148,6,20018106,0.99813168,0.02681358,0.01748349,0.0,0.00527461,0.00550643,0.0,0.94492189,40447,7,0.04826371,0.9998467
148,7,20018107,0.99822759,0.02677066,0.01651426,0.0,0.00528158,0.00451872,0.0,0.94691478,61439,7,0.0691757,0.9998458
148,8,20018108,0.99816391,0.026826,0.01598866,0.0,0.00530754,0.00299942,0.0,0.94887839,50687,7,0.045322,0.9998457
148,9,20018109,0.99821775,0.02686711,0.01607057,0.0,0.00534977,0.00380062,0.0,0.94791193,59391,7,0.05713789,0.9998458
148,10,20018110,0.99826367,0.02694182,0.0161317,0.0,0.00525557,0.00377989,0.0,0.94789103,36351,7,0.13627388,0.9998457
149,1,20018131,0.98283838,0.05055545,0.0246036,0.0,0.00596858,0.80910636,0.00028797,0.10947804,51979,6,0.31374775,1.3676444
149,2,20018132,0.98278837,0.0491698,0.03174752,0.0,0.00634407,0.76969891,0.0003153,0.14272441,51980,6,0.12901716,1.3666518
149,3,20018133,0.98256838,0.05086163,0.03136539,0.0,0.00651469,0.79542741,0.00037827,0.11545261,51979,6,0.4080652,1.3676444
149,4,20018134,0.98316534,0.04835354,0.02249115,0.0,0.00562178,0.82540668,0.00020266,0.0979242,51979,6,0.41038026,1.3676444
149,5,20018135,0.98354159,0.04715229,0.01546271,0.0,0.00598446,0.8902642,0.00024013,0.04089622,51979,6,0.52220982,1.3676444
149,6,20018136,0.98333511,0.04555291,0.03422933,0.0,0.00595435,0.81456378,0.00021598,0.09948365,51979,6,0.28787705,1.3676444
149,7,20018137,0.98293708,0.04807043,0.02796512,0.0,0.00607507,0.80323104,0.00040105,0.1142573,51979,6,0.21732698,1.3676444
149,8,20018138,0.98364586,0.04534045,0.02775827,0.0,0.00525218,0.80017176,0.00022299,0.12125435,51979,6,0.48156108,1.3676444
149,9,20018139,0.9830739,0.0493899,0.02670651,0.0,0.00580105,0.84798682,0.00024406,0.06987166,53003,6,0.44375465,1.3676461
149,10,20018140,0.98338775,0.04802358,0.02831293,0.0,0.00566127,0.81340306,0.0002254,0.10437376,51979,6,0.29599751,1.3676444
150,1,20018161,0.974683,0.01809337,0.0,0.00181735,0.00284028,0.17206464,0.0,0.80518436,36831,7,0.08480783,0.9955644
150,2,20018162,0.9744934,0.01811778,0.0,0.0018183,0.00295257,0.06653581,0.0,0.91057554,16351,7,0.07071299,0.9955654
150,3,20018163,0.9747769,0.01821127,0.0,0.00181777,0.00291888,0.09485742,0.0,0.88219465,62303,7,0.11087177,0.9955678
150,4,20018164,0.97492157,0.01827727,0.0,0.00181869,0.00294626,0.07028997,0.0,0.90666781,61407,7,0.13035968,0.9955644
150,5,20018165,0.97481742,0.01839032,0.0,0.00181759,0.00289916,0.05193995,0.0,0.92495298,49119,7,0.09571042,0.9955654
150,6,20018166,0.97180495,0.01861702,0.0,0.00181647,0.00124158,0.09051291,0.0,0.88781202,65231,7,0.40587269,0.9935794
150,7,20018167,0.97488015,0.0183483,0.0,0.00181701,0.00289853,0.04176136,0.0,0.9351748,47071,7,0.07834562,0.9955654
150,8,20018168,0.97472501,0.01815547,0.0,0.00181745,0.0028558,0.11623919,0.0,0.86093209,65503,7,0.15161443,0.9955654
150,9,20018169,0.97494717,0.0183746,0.0,0.00181662,0.0029488,0.02582876,0.0,0.95103121,61279,7,0.06150584,0.9955644
150,10,20018170,0.97466056,0.01808963,0.0,0.00181923,0.0029179,0.11752024,0.0,0.85965299,42975,7,0.06577728,0.9955644
151,1,20018191,0.92786827,0.59953046,0.39824912,0.0,0.00160045,0.00059864,0.0,2.132e-05,47355,4,0.2201224,2.1580892
151,2,20018192,0.92818405,0.5980851,0.39973923,0.0,0.00155149,0.00060289,0.0,2.129e-05,47355,4,0.24290038,2.1580892
151,3,20018193,0.98319463,0.03936101,0.0015385,0.0,0.0024293,0.70274998,0.0,0.25392121,53037,7,0.08387213,2.1603745
151,4,20018194,0.98346774,0.0350419,0.00138927,0.0,0.00250418,0.75994652,0.0,0.20111814,48940,6,0.08770999,2.1597134
151,5,20018195,0.98319403,0.03959253,0.00159357,0.0,0.0022506,0.60958875,0.0,0.34697456,57133,7,0.14866834,2.1603755
151,6,20018196,0.98321458,0.03964016,0.00154617,0.0,0.00230964,0.739786,0.0,0.21671803,52013,6,0.09774674,2.1603768
151,7,20018197,0.92841761,0.59371457,0.40414924,0.0,0.00150999,0.00060456,0.0,2.164e-05,47867,4,0.4023895,2.1580846
151,8,20018198,0.92861721,0.59173235,0.40617029,0.0,0.00147311,0.00060281,0.0,2.144e-05,47355,4,0.26704373,2.1580892
151,9,20018199,0.92835159,0.59685372,0.40100839,0.0,0.00151273,0.00060332,0.0,2.184e-05,47867,4,0.28097062,2.1580846
151,10,20018200,0.98284588,0.0359502,0.00163709,0.0,0.00160543,0.96069805,0.0,0.00010924,57131,6,0.11748105,2.1603755
152,1,20018221,0.97158421,0.01275349,0.00175236,6.31e-06,0.00089968,0.98429308,0.00029062,4.47e-06,36877,6,0.13803547,0.9935477
152,2,20018222,0.97182834,0.01186063,0.00166677,5.97e-06,0.0005038,0.98570458,0.00025626,1.99e-06,32777,6,0.25804975,0.9935467
152,3,20018223,0.97147804,0.01244541,0.00170475,6.18e-06,0.00076896,0.98476596,0.00030491,3.83e-06,32843,6,0.19895989,0.9935443
152,4,20018224,0.97166525,0.01192869,0.00166667,5.98e-06,0.00053266,0.98559633,0.00026765,2.03e-06,32783,6,0.12184416,0.9935467
152,5,20018225,0.97158981,0.01325132,0.0018086,6.59e-06,0.0012045,0.98340037,0.00032171,6.9e-06,36873,6,0.1307012,0.9935477
152,6,20018226,0.97145251,0.01318311,0.0017746,6.52e-06,0.0011219,0.98358928,0.00031757,7.03e-06,32907,6,0.12293216,0.9935369
152,7,20018227,0.97150465,0.01228593,0.00168909,6.07e-06,0.00068391,0.98505447,0.000277,3.52e-06,32777,6,0.29221957,0.9935467
152,8,20018228,0.97172541,0.01192264,0.00166532,5.97e-06,0.00052566,0.98560969,0.00026882,1.9e-06,32841,6,0.31095982,0.9935443
152,9,20018229,0.97167555,0.0118927,0.00166376,5.98e-06,0.00051885,0.98565623,0.0002605,1.98e-06,32777,6,0.24337535,0.9935467
152,10,20018230,0.97161789,0.01203499,0.00166895,6.07e-06,0.00058722,0.9854281,0.00027228,2.39e-06,32843,6,0.36758149,0.9935443
153,1,20018251,0.98635151,0.01963311,0.00183579,0.0,0.00342957,0.01689403,0.0,0.9582075,61439,7,0.0749635,0.9978156
153,2,20018252,0.986362,0.01966602,0.00185664,0.0,0.00341268,0.02238891,0.0,0.95267574,36863,7,0.13215616,0.9978156
153,3,20018253,0.98635259,0.01967148,0.00186751,0.0,0.00343218,0.01576124,0.0,0.95926759,51199,7,0.0790668,0.9978156
153,4,20018254,0.98635272,0.01962517,0.00184174,0.0,0.00339576,0.03064437,0.0,0.94449296,61439,7,0.1711127,0.9978156
153,5,20018255,0.98635987,0.01964614,0.00186754,0.0,0.00343677,0.02219267,0.0,0.95285688,36863,7,0.09213438,0.9978156
153,6,20018256,0.98637179,0.01965502,0.00187183,0.0,0.00341105,0.01669385,0.0,0.95836825,65023,7,0.14495938,0.9978144
153,7,20018257,0.98635698,0.01963952,0.00184732,0.0,0.00343218,0.01417872,0.0,0.96090226,58879,7,0.1486041,0.9978134
153,8,20018258,0.98636172,0.0196568,0.00186207,0.0,0.00342535,0.04022157,0.0,0.93483421,48639,7,0.09503987,0.9978144
153,9,20018259,0.98636535,0.01961962,0.00186161,0.0,0.00343587,0.01283084,0.0,0.96225206,57343,7,0.12014809,0.9978166
153,10,20018260,0.986357,0.01965653,0.00182605,0.0,0.00342116,0.01775035,0.0,0.95734591,63487,7,0.10294133,0.9978166
154,1,20018281,0.98406601,0.03352333,0.00200382,0.0,0.00330474,0.89921894,0.0,0.06194918,56074,6,0.18423965,2.1130241
154,2,20018282,0.98415285,0.03311115,0.00195403,0.0,0.00322405,0.89243457,0.0,0.0692762,56074,6,0.18899516,2.1130241
154,3,20018283,0.98295626,0.03873981,0.00230355,0.0,0.00319924,0.89340918,0.0,0.06234823,51979,6,0.10054788,2.1136851
154,4,20018284,0.98323327,0.03271306,0.0021704,0.0,0.00303726,0.91517207,0.0,0.04690721,51979,6,0.15254566,2.1136851
154,5,20018285,0.98233576,0.0335286,0.00227451,0.0,0.0029365,0.94413068,0.0,0.01712971,56074,6,0.10882271,2.1130241
154,6,20018286,0.98189954,0.03352837,0.00226552,0.0,0.00280957,0.94433416,0.0,0.01706239,47883,6,0.11397729,2.1136861
154,7,20018287,0.98353049,0.03257602,0.00195439,0.0,0.0029913,0.90451762,0.0,0.05796067,51979,6,0.10577335,2.1136851
154,8,20018288,0.98412246,0.03301288,0.00200503,0.0,0.00331476,0.92077315,0.0,0.04089418,51979,6,0.15988305,2.1136851
154,9,20018289,0.98399363,0.03318826,0.00209435,0.0,0.0033668,0.91246677,0.0,0.04888382,56074,6,0.15902353,2.1130241
154,10,20018290,0.98434433,0.03230513,0.00188393,0.0,0.00330332,0.89556336,0.0,0.06694426,51978,6,0.14389288,2.1126926
155,1,20018311,0.97100361,0.02052353,0.0,0.00205889,0.0006338,0.97661747,0.00015772,8.6e-06,34207,6,0.08254952,0.9953874
155,2,20018312,0.97116888,0.02289394,0.0,0.0020962,0.00076306,0.97407875,0.00015797,1.008e-05,39775,6,0.08624884,0.9953971
155,3,20018313,0.96584652,0.01510526,0.0,0.00185112,0.00056115,0.98231475,0.00015341,1.429e-05,40655,6,0.17708439,0.9914362
155,4,20018314,0.97111622,0.02231403,0.0,0.00208894,0.00074785,0.97468162,0.00015776,9.81e-06,61919,6,0.10317413,0.9953925
155,5,20018315,0.97105253,0.02059412,0.0,0.00206524,0.00062378,0.9765522,0.00015739,7.28e-06,34207,6,0.17729688,0.9953874
155,6,20018316,0.97127442,0.02260634,0.0,0.00208896,0.00074008,0.97439574,0.00015789,1.099e-05,47071,6,0.10890024,0.9953964
155,7,20018317,0.97113231,0.02220798,0.0,0.00209,0.00075109,0.97478209,0.00015824,1.06e-05,46943,6,0.06209951,0.9953915
155,8,20018318,0.97127838,0.02308958,0.0,0.00210028,0.00077971,0.97386172,0.00015861,1.01e-05,38751,6,0.12738858,0.9953965
155,9,20018319,0.97120852,0.02250867,0.0,0.00210081,0.00073637,0.97448795,0.00015739,8.81e-06,60703,6,0.11183256,0.9953915
155,10,20018320,0.97122045,0.02244415,0.0,0.00209476,0.0007336,0.97456093,0.0001575,9.06e-06,14751,6,0.06513454,0.9953859
156,1,20018341,0.98737573,0.04186993,0.00993265,6.12e-06,0.0022044,0.0401776,0.00016228,0.90564704,44845,7,0.62261455,1.5310545
156,2,20018342,0.98736723,0.04232359,0.00880337,6.39e-06,0.00220855,0.03836341,0.00016168,0.90813301,44845,7,0.85796607,1.5310545
156,3,20018343,0.98526873,0.051123,0.02208965,5.15e-06,0.00250617,0.05721931,0.00028437,0.86677235,53005,7,0.39953783,1.5310556
156,4,20018344,0.9859708,0.04754619,0.01802987,5.85e-06,0.00301594,0.09256401,0.0002866,0.83855154,53005,7,0.3053057,1.5310556
156,5,20018345,0.98577209,0.04972504,0.0116136,4.91e-06,0.00233062,0.05070745,0.00016975,0.88544864,53037,7,0.68898456,1.5310545
156,6,20018346,0.98619356,0.04561454,0.02007926,5.95e-06,0.00221141,0.24639002,0.00018949,0.68550932,48941,7,0.15027766,1.5310555
156,7,20018347,0.98569674,0.04967486,0.01408659,4.92e-06,0.00226966,0.08618796,0.00016945,0.84760658,53037,7,0.50593425,1.5310545
156,8,20018348,0.98610559,0.04643649,0.01171381,6.41e-06,0.00263259,0.0898734,0.00033778,0.84899952,53037,7,0.43573041,1.5310545
156,9,20018349,0.98684211,0.04328347,0.01568261,6.11e-06,0.00239944,0.06060513,0.00020575,0.87781749,48941,7,0.5366635,1.5310555
156,10,20018350,0.98568987,0.04947381,0.01352092,4.84e-06,0.00232947,0.03931876,0.00025006,0.89510214,57133,7,0.68655112,1.5310555
157,1,20018371,0.98068673,0.04437716,0.08542759,0.0,0.0033461,0.0,0.00026716,0.86658198,23183,7,0.70656778,0.9957518
157,2,20018372,0.98190692,0.04216975,0.07812175,0.0,0.00101723,0.0,8.294e-05,0.87860833,23183,7,0.72951719,0.9957518
157,3,20018373,0.98228669,0.04075451,0.07529219,0.0,0.0009275,0.0,8.026e-05,0.88294553,23183,7,0.88229274,0.9957518
157,4,20018374,0.98197931,0.04141565,0.0821572,0.0,0.00095924,0.0,8.725e-05,0.87538066,23183,7,0.79654941,0.9957518
157,5,20018375,0.98139426,0.04269528,0.08333516,0.0,0.00168735,0.0,0.00040991,0.87187229,23183,7,0.73850403,0.9957518
157,6,20018376,0.97887387,0.04826741,0.09460285,0.0,0.00624585,0.0,0.00054201,0.85034188,23183,7,0.43585888,0.9957518
157,7,20018377,0.98180919,0.04233815,0.08063515,0.0,0.00117985,0.0,9.468e-05,0.87575217,23183,7,0.75740859,0.9957518
157,8,20018378,0.98193722,0.04176137,0.07884624,0.0,0.00116354,0.0,0.00015203,0.87807681,23183,7,0.83203495,0.9957518
157,9,20018379,0.98155545,0.04192914,0.09232098,0.0,0.00154162,0.0,0.00010119,0.86410707,23183,7,0.57230182,0.9957518
157,10,20018380,0.9806284,0.04490088,0.07781271,0.0,0.00451781,0.0,0.00031687,0.87245173,23183,7,0.84141435,0.9957518
158,1,20018401,0.97619188,0.01719774,0.0,0.00114394,0.00299466,0.06151831,0.0,0.91714536,15871,7,0.06157135,0.9960654
158,2,20018402,0.97611534,0.01717544,0.0,0.00114326,0.00300269,0.07419541,0.0,0.9044832,58879,7,0.04210044,0.9960644
158,3,20018403,0.97620871,0.01731654,0.0,0.00114328,0.00299776,0.04235038,0.0,0.93619203,32735,7,0.0517791,0.9960654
158,4,20018404,0.97596423,0.01696076,0.0,0.00114396,0.00300865,0.03363805,0.0,0.94524859,44927,7,0.0459453,0.9960683
158,5,20018405,0.97617174,0.01724455,0.0,0.00114377,0.00301267,0.02364706,0.0,0.95495194,40447,7,0.07037242,0.9960654
158,6,20018406,0.97602935,0.0169733,0.0,0.00114291,0.0030054,0.05815605,0.0,0.92072234,53119,7,0.05592835,0.9960683
158,7,20018407,0.97607582,0.0170494,0.0,0.00114376,0.00303614,0.03305632,0.0,0.94571437,22399,7,0.08326427,0.9960647
158,8,20018408,0.97609666,0.01703867,0.0,0.00114382,0.00301432,0.03502801,0.0,0.94377518,63359,7,0.09095952,0.9960693
158,9,20018409,0.97626913,0.0172813,0.0,0.00114372,0.00300472,0.03258734,0.0,0.9459829,32767,7,0.04738114,0.9960693
158,10,20018410,0.97600868,0.01710146,0.0,0.00114304,0.00301892,0.04060306,0.0,0.93813351,57343,7,0.0517576,0.9960693
159,1,20018431,0.9816873,0.03210495,0.00076224,0.0,0.00149014,0.96554802,0.0,9.465e-05,48668,6,0.22892888,2.3775954
159,2,20018432,0.98356106,0.03229848,0.00175028,0.0,0.00255854,0.91935455,0.0,0.04403815,53003,6,0.12376594,2.3782561
159,3,20018433,0.98355907,0.03184226,0.00169851,0.0,0.00247657,0.88518257,0.0,0.07880009,51978,6,0.08348409,2.3772599
159,4,20018434,0.98175761,0.03236139,0.00078618,0.0,0.00157523,0.96517542,0.0,0.00010178,44573,6,0.35483154,2.3782561
159,5,20018435,0.98357165,0.03207955,0.00170172,0.0,0.00255244,0.90786435,0.0,0.05580194,56074,6,0.08984758,2.3775914
159,6,20018436,0.98168528,0.03154094,0.00075103,0.0,0.00139957,0.96622663,0.0,8.184e-05,44573,6,0.35334745,2.3782561
159,7,20018437,0.98350961,0.03177029,0.00171605,0.0,0.00240336,0.87450558,0.0,0.08960473,52011,6,0.0976537,2.3782561
159,8,20018438,0.98259875,0.02764309,0.00055528,0.0,0.00158489,0.96981737,0.0,0.00039937,52763,6,0.33609574,2.3782561
159,9,20018439,0.98354364,0.03194082,0.00181339,0.0,0.00254273,0.90140214,0.0,0.06230091,56074,6,0.13407779,2.3775914
159,10,20018440,0.98248365,0.02884013,0.00057962,0.0,0.00174081,0.96842126,0.0,0.00041818,56859,6,0.41806437,2.3782571
160,1,20018461,0.96567896,0.01123134,0.00149351,0.00020089,0.00043133,0.98642539,0.00021464,2.89e-06,32973,6,0.15072561,0.9923756
160,2,20018462,0.96571102,0.0114045,0.00150607,0.00019528,0.0005168,0.98616644,0.0002066,4.31e-06,36939,6,0.23437669,0.992391
160,3,20018463,0.96570131,0.01143767,0.00151025,0.0001921,0.00051955,0.98613259,0.00020284,4.98e-06,32781,6,0.22879153,0.9923936
160,4,20018464,0.96516554,0.01100735,0.00145964,0.00020465,0.00035659,0.98674776,0.00022186,2.14e-06,32969,6,0.29785896,0.9923756
160,5,20018465,0.96548395,0.0110714,0.001467,0.0001878,0.00036173,0.98672174,0.00018799,2.34e-06,36939,6,0.25314446,0.992391
160,6,20018466,0.96538173,0.01110794,0.00151313,0.00019017,0.00038775,0.98660639,0.00019225,2.38e-06,32779,6,0.24451195,0.9923936
160,7,20018467,0.96559955,0.01137665,0.00152359,0.00019554,0.000459,0.98623704,0.00020449,3.68e-06,32779,6,0.19870983,0.9923936
160,8,20018468,0.96555299,0.01100077,0.00146747,0.00018938,0.00034612,0.98680325,0.00019073,2.26e-06,32781,6,0.16588026,0.9923936
160,9,20018469,0.96539665,0.01105658,0.00146963,0.00019198,0.00035835,0.98672701,0.0001944,2.04e-06,36939,6,0.25502777,0.992391
160,10,20018470,0.96567367,0.01187864,0.00160829,0.00020051,0.00064751,0.98543632,0.00022232,6.42e-06,32779,6,0.15668759,0.9923936
161,1,20018491,0.99370612,0.02198567,0.0106312,0.0,0.00399858,0.00620846,0.0,0.95717608,30207,7,0.07970064,0.999083
161,2,20018492,0.99367355,0.0219356,0.0110958,0.0,0.00401171,0.00619765,0.0,0.95675923,55167,7,0.04538183,0.9990824
161,3,20018493,0.99366715,0.02195134,0.01018224,0.0,0.00401492,0.00643159,0.0,0.95741991,24575,7,0.05514336,0.9990839
161,4,20018494,0.99368613,0.02197725,0.01031702,0.0,0.00401723,0.00609346,0.0,0.95759503,65023,7,0.10320552,0.999083
161,5,20018495,0.99367152,0.0219069,0.01077285,0.0,0.003971,0.00598094,0.0,0.95736831,22527,7,0.05672538,0.9990839
161,6,20018496,0.99370517,0.02195239,0.01111443,0.0,0.00402705,0.00715999,0.0,0.95574614,56831,7,0.06496937,0.999083
161,7,20018497,0.99364912,0.0219004,0.01077834,0.0,0.00396703,0.00653355,0.0,0.95682068,58751,7,0.05608671,0.999082
161,8,20018498,0.99366912,0.02190121,0.01025653,0.0,0.00400958,0.00615575,0.0,0.95767693,24575,7,0.05724715,0.9990839
161,9,20018499,0.9936496,0.02186788,0.01086973,0.0,0.00401178,0.00616001,0.0,0.9570906,54655,7,0.07706161,0.9990808
161,10,20018500,0.99369368,0.02188426,0.00978597,0.0,0.00401999,0.00625877,0.0,0.95805101,15871,7,0.05276036,0.999083
162,1,20018521,0.98383314,0.0379587,0.0063332,0.0,0.00419374,0.89141795,3.185e-05,0.06006456,51979,6,0.37520628,1.7581729
162,2,20018522,0.98328394,0.04047011,0.00922611,0.0,0.00390984,0.83802478,4.975e-05,0.10831942,57099,6,0.0922702,1.7581764
162,3,20018523,0.98441407,0.03526214,0.00498023,0.0,0.00396142,0.88864725,3.184e-05,0.06711712,51979,6,0.54218876,1.7581729
162,4,20018524,0.98404152,0.03739606,0.00499788,0.0,0.00418328,0.89401831,3.203e-05,0.05937244,51979,6,0.29471874,1.7581729
162,5,20018525,0.98367214,0.03879768,0.00636118,0.0,0.00403167,0.84885122,3.41e-05,0.10192414,51978,6,0.11736626,1.7571803
162,6,20018526,0.98380338,0.03867562,0.00587868,0.0,0.00409167,0.85096438,4.821e-05,0.10034145,53003,6,0.09742708,1.7581754
162,7,20018527,0.98406894,0.03705629,0.00519114,0.0,0.00415133,0.88959903,3.429e-05,0.06396792,51979,6,0.46976461,1.7581729
162,8,20018528,0.98344511,0.04088314,0.00746334,0.0,0.00412849,0.85288755,3.131e-05,0.09460617,56075,6,0.11135926,1.7581739
162,9,20018529,0.98394707,0.0377392,0.00623143,0.0,0.00391256,0.87632118,3.03e-05,0.07576532,51979,6,0.40841143,1.7581729
162,10,20018530,0.98346203,0.03989449,0.00611431,0.0,0.00423431,0.89197711,3.304e-05,0.05774675,51979,6,0.3320691,1.7581729
163,1,20018551,0.97232714,0.01887388,0.0,0.00180882,0.00063818,0.97854262,0.00012962,6.88e-06,60831,6,0.12756534,0.9951708
163,2,20018552,0.97271543,0.02040019,0.0,0.00180871,0.00073153,0.97692064,0.00012964,9.3e-06,55263,6,0.07712871,0.9951757
163,3,20018553,0.9726086,0.02009214,0.0,0.00180953,0.00070713,0.97725289,0.00012986,8.45e-06,8159,6,0.10084532,0.9951738
163,4,20018554,0.97263267,0.02061113,0.0,0.00180927,0.00073338,0.97670814,0.00012946,8.62e-06,36703,6,0.08319493,0.9951748
163,5,20018555,0.97275442,0.02046395,0.0,0.00180872,0.00073749,0.97685191,0.00012941,8.51e-06,65375,6,0.0797547,0.9951758
163,6,20018556,0.97275532,0.02055858,0.0,0.00180913,0.00075379,0.97674085,0.0001293,8.34e-06,29663,6,0.08679191,0.9951786
163,7,20018557,0.97258117,0.02042278,0.0,0.00180976,0.00073353,0.97689559,0.00012929,9.05e-06,14303,6,0.12376625,0.9951757
163,8,20018558,0.9724777,0.01928054,0.0,0.00180847,0.0006357,0.97813927,0.00012958,6.44e-06,64799,6,0.16849583,0.9951718
163,9,20018559,0.97262247,0.0202454,0.0,0.00180954,0.00071476,0.97709215,0.0001295,8.65e-06,39775,6,0.07006638,0.9951766
163,10,20018560,0.97269404,0.02021445,0.0,0.00180981,0.00070536,0.97713282,0.00012941,8.14e-06,58783,6,0.09506048,0.9951707
164,1,20018581,0.98447401,0.03435813,0.00141258,0.0,0.00252093,0.56889981,0.0,0.39280855,44845,7,0.13832421,2.0533803
164,2,20018582,0.9845003,0.03439495,0.00139648,0.0,0.00239616,0.59632055,0.0,0.36549186,48941,7,0.13626915,2.0533813
164,3,20018583,0.98457299,0.03440859,0.0013466,0.0,0.00238358,0.52517657,0.0,0.43668467,48941,7,0.30748484,2.0533813
164,4,20018584,0.98450944,0.03466144,0.00138997,0.0,0.00231765,0.53744289,0.0,0.42418805,44813,7,0.14939444,2.0533824
164,5,20018585,0.98356369,0.03999491,0.00167492,0.0,0.00242452,0.64838739,0.0,0.30751827,57133,7,0.13366056,2.0533813
164,6,20018586,0.98452805,0.03454774,0.00140578,0.0,0.00253498,0.5583972,0.0,0.40311431,48941,7,0.20895029,2.0533813
164,7,20018587,0.98300407,0.02522519,0.00078,0.0,0.00152109,0.97244881,0.0,2.492e-05,54493,6,0.34105295,2.0533834
164,8,20018588,0.98456267,0.03457558,0.00138919,0.0,0.00244865,0.54444294,0.0,0.41714364,44845,7,0.17157883,2.0533803
164,9,20018589,0.98348791,0.04021262,0.00177755,0.0,0.00284739,0.6392798,0.0,0.31588264,57132,6,0.19716493,2.0527193
164,10,20018590,0.98363765,0.03991116,0.00159448,0.0,0.00235374,0.4795744,0.0,0.47656622,53037,7,0.24299027,2.0533803
165,1,20018611,0.97009721,0.0181341,0.0175227,0.0,0.0024224,0.95709833,0.00336255,0.00145993,32845,6,0.26939476,0.9942542
165,2,20018612,0.97427201,0.01432643,0.01122541,0.0,0.00143853,0.97246762,0.00053507,6.93e-06,32781,6,0.34751354,0.994256
165,3,20018613,0.97195767,0.0195855,0.02446224,0.0,0.002505,0.95188641,0.00130308,0.00025778,32841,6,0.16860034,0.9942542
165,4,20018614,0.97317657,0.01579806,0.01265927,0.0,0.00159852,0.96855914,0.00111913,0.00026587,36943,6,0.19613888,0.9942552
165,5,20018615,0.96996781,0.02276319,0.01351072,0.0,0.0029373,0.95759046,0.00296029,0.00023804,36873,6,0.18269704,0.994257
165,6,20018616,0.96697206,0.01968578,0.01229733,0.0,0.00401265,0.95980127,0.00400099,0.00020197,32843,6,0.13439211,0.9942542
165,7,20018617,0.9647469,0.02583339,0.02734368,0.0,0.00516269,0.93656748,0.00421502,0.00087774,32781,6,0.17836477,0.994256
165,8,20018618,0.97135312,0.01852068,0.01983144,0.0,0.00298477,0.9554956,0.00139663,0.00177088,32843,6,0.29464991,0.9942542
165,9,20018619,0.97285283,0.01448188,0.00915969,0.0,0.00163977,0.97210566,0.001658,0.00095498,32843,6,0.19943265,0.9942542
165,10,20018620,0.97017042,0.02025877,0.02570836,0.0,0.00302298,0.94879232,0.00212018,9.739e-05,32779,6,0.29060186,0.994256
166,1,20018641,0.98140482,0.0187077,0.0,9.181e-05,0.0032995,0.07516404,0.0,0.90273695,15743,7,0.06402246,0.9969795
166,2,20018642,0.98138232,0.01870393,0.0,9.204e-05,0.00332959,0.05128933,0.0,0.92658512,15743,7,0.06896363,0.9969795
166,3,20018643,0.98140249,0.0187373,0.0,9.196e-05,0.0033619,0.06622176,0.0,0.91158708,34815,7,0.05765052,0.9969815
166,4,20018644,0.98144362,0.01887347,0.0,9.188e-05,0.00333261,0.04842143,0.0,0.92928061,49151,7,0.06237237,0.9969825
166,5,20018645,0.98143707,0.01881932,0.0,9.186e-05,0.00337026,0.05394068,0.0,0.92377787,16383,7,0.04632262,0.9969825
166,6,20018646,0.98140695,0.01868188,0.0,9.185e-05,0.00335629,0.046109,0.0,0.93176098,32639,7,0.10019939,0.9969825
166,7,20018647,0.98147366,0.01883029,0.0,9.206e-05,0.00333103,0.05456569,0.0,0.92318093,22527,7,0.04616918,0.9969825
166,8,20018648,0.98138841,0.01865485,0.0,9.217e-05,0.00332055,0.06949023,0.0,0.90844221,32639,7,0.04223796,0.9969825
166,9,20018649,0.9813876,0.01871062,0.0,9.194e-05,0.00334448,0.06024079,0.0,0.91761217,40959,7,0.09105861,0.9969825
166,10,20018650,0.98138895,0.01861095,0.0,9.155e-05,0.00330982,0.07068649,0.0,0.9073012,30591,7,0.06262826,0.9969825
167,1,20018671,0.98394873,0.03112617,0.00127633,0.0,0.00271924,0.89192904,0.0,0.07294922,56074,6,0.14208481,2.3717553
167,2,20018672,0.98289089,0.03755531,0.00175778,0.0,0.00272367,0.87668608,0.0,0.08127717,56077,6,0.09249865,2.3724173
167,3,20018673,0.98285655,0.03805787,0.00169821,0.0,0.00278849,0.89633174,0.0,0.06112368,56077,6,0.12340218,2.3724173
167,4,20018674,0.98452778,0.03042639,0.00121334,0.0,0.00282188,0.88721089,0.0,0.07832751,51978,6,0.20719153,2.3714238
167,5,20018675,0.98284503,0.03763265,0.00169595,0.0,0.00269539,0.87744955,0.0,0.08052645,51981,6,0.14869726,2.3724163
167,6,20018676,0.98445588,0.03042314,0.00120052,0.0,0.0027741,0.88642045,0.0,0.07918179,56074,6,0.20290498,2.3717553
167,7,20018677,0.98437889,0.0307414,0.00119621,0.0,0.00288549,0.89737003,0.0,0.06780686,56074,6,0.19647795,2.3717553
167,8,20018678,0.98290461,0.0379151,0.00178963,0.0,0.00281519,0.89399246,0.0,0.06348761,51981,6,0.16223839,2.3724163
167,9,20018679,0.98436413,0.03068141,0.00124102,0.0,0.00279875,0.87894448,0.0,0.08633433,56074,6,0.1365164,2.3717553
167,10,20018680,0.98288722,0.03769597,0.00178287,0.0,0.00271039,0.87977037,0.0,0.07804041,51981,6,0.09118526,2.3724163
168,1,20018701,0.96648962,0.01538329,0.0,0.00145107,0.00071863,0.98226965,0.00015699,2.036e-05,28815,6,0.14733729,0.9934702
168,2,20018702,0.96831754,0.01524695,0.0,0.00152347,0.00052861,0.98252428,0.0001711,5.58e-06,37279,6,0.65501246,0.9954662
168,3,20018703,0.96626459,0.01506569,0.0,0.00144762,0.0006752,0.98263747,0.0001575,1.652e-05,30863,6,0.13773288,0.9934832
168,4,20018704,0.96795236,0.02083098,0.0,0.00165461,0.00067863,0.97665764,0.00017022,7.93e-06,37343,6,0.19373411,0.9954617
168,5,20018705,0.96826972,0.0160906,0.0,0.00153167,0.00054288,0.98165975,0.00016915,5.94e-06,33247,6,0.20744589,0.9954607
168,6,20018706,0.96842612,0.01852977,0.0,0.001578,0.00069821,0.97901395,0.00017201,8.06e-06,37343,6,0.5752377,0.9954617
168,7,20018707,0.9684168,0.01790139,0.0,0.00157012,0.00067275,0.97967346,0.00017414,8.14e-06,37279,6,0.29318721,0.9954662
168,8,20018708,0.96814976,0.01909553,0.0,0.00159802,0.00057677,0.97855843,0.00016557,5.68e-06,37215,6,0.25704209,0.9954617
168,9,20018709,0.96834405,0.01541221,0.0,0.00151132,0.00044896,0.98246024,0.00016319,4.09e-06,37215,6,0.4149788,0.9954617
168,10,20018710,0.96841232,0.01644506,0.0,0.00152575,0.00058765,0.98126627,0.00016903,6.24e-06,33247,6,0.21489747,0.9954607
169,1,20018731,0.99114735,0.0383974,0.00762008,1.982e-05,0.00232139,7.93e-05,0.00037503,0.95118697,49069,7,0.69301085,1.215483
169,2,20018732,0.98943609,0.0453777,0.00967121,1.486e-05,0.0025868,0.00014077,0.00039358,0.94181507,57261,7,0.68660831,1.215483
169,3,20018733,0.98953793,0.0440058,0.0089335,1.472e-05,0.00247979,0.0001297,0.00038993,0.94404656,57261,7,0.94124876,1.215483
169,4,20018734,0.98955068,0.0438157,0.00804915,1.482e-05,0.00251243,0.00016733,0.00037982,0.94506075,57261,7,0.94133228,1.215483
169,5,20018735,0.99067044,0.041882,0.00711791,2.021e-05,0.0023128,7.006e-05,0.00037764,0.94821938,44845,7,0.94644448,1.2159082
169,6,20018736,0.98921895,0.04649469,0.01006536,1.469e-05,0.00254767,0.00015624,0.00038941,0.94033193,57261,7,0.76878259,1.215483
169,7,20018737,0.98954277,0.0438021,0.0083882,1.477e-05,0.00253939,0.00013254,0.00038719,0.94473581,57261,7,0.94034575,1.215483
169,8,20018738,0.99089263,0.04025271,0.00743607,2.012e-05,0.00227412,7.149e-05,0.000381,0.94956449,44845,7,0.59592953,1.2159082
169,9,20018739,0.99083753,0.04011684,0.00736782,2.088e-05,0.00227653,7.753e-05,0.00037391,0.94976648,48941,7,0.42457079,1.2159092
169,10,20018740,0.99069001,0.04086109,0.007324,1.946e-05,0.00226659,7.926e-05,0.00037606,0.94907354,48941,7,0.8254315,1.2159092
170,1,20018761,0.98032574,0.05494463,0.03556319,0.0,0.00789162,0.61532119,0.00114097,0.28513839,51979,6,0.091176,1.2144482
170,2,20018762,0.98149043,0.05344949,0.03152497,0.0,0.0088222,0.65792294,0.00096945,0.24731094,53003,6,0.06216488,1.2144497
170,3,20018763,0.98130009,0.05189442,0.04407163,0.0,0.00755211,0.61893188,0.00077192,0.27677804,51970,6,0.07453093,1.2131242
170,4,20018764,0.98131429,0.0527465,0.04130652,0.0,0.00777706,0.59852646,0.00073251,0.29891095,51970,6,0.05984495,1.2131242
170,5,20018765,0.98096264,0.05264138,0.0331347,0.0,0.00788401,0.68205314,0.00107212,0.22321466,51979,6,0.11650775,1.2144482
170,6,20018766,0.98165145,0.05219683,0.03461862,0.0,0.00809154,0.6299743,0.00052451,0.27459419,51979,6,0.1365821,1.2144482
170,7,20018767,0.98118493,0.05270371,0.03104455,0.0,0.00774427,0.66399346,0.00091398,0.24360004,51979,6,0.09895752,1.2144482
170,8,20018768,0.98073157,0.05543252,0.03484269,0.0,0.00957911,0.61840282,0.00063883,0.28110404,51979,6,0.07608239,1.2144482
170,9,20018769,0.98219037,0.05012402,0.02391113,0.0,0.00691953,0.65548774,0.00071536,0.26284222,51979,6,0.07668891,1.2144482
170,10,20018770,0.98217406,0.0503279,0.03482334,0.0,0.00732272,0.62589602,0.00047092,0.28115909,51979,6,0.11085075,1.2144482
171,1,20018791,0.97284703,0.0168811,0.0,0.00151184,0.00281889,0.03416496,0.0,0.94462322,16351,7,0.09823992,0.9954277
171,2,20018792,0.97258607,0.01665768,0.0,0.0015116,0.00284287,0.064851,0.0,0.91413684,47071,7,0.0504435,0.9954277
171,3,20018793,0.9730893,0.0169643,0.0,0.0015108,0.0027984,0.06813355,0.0,0.91059295,64479,7,0.12053844,0.9954303
171,4,20018794,0.97267913,0.01665728,0.0,0.00151135,0.00280091,0.08763538,0.0,0.89139509,36863,7,0.04164017,0.9954313
171,5,20018795,0.97294957,0.01685646,0.0,0.00151114,0.00279781,0.05487689,0.0,0.9239577,48639,7,0.08653848,0.9954277
171,6,20018796,0.97302918,0.01702444,0.0,0.00151114,0.00283508,0.04700092,0.0,0.93162842,65503,7,0.07997714,0.9954277
171,7,20018797,0.97293642,0.01690416,0.0,0.00151117,0.00282275,0.03011824,0.0,0.94864368,43999,7,0.09304394,0.9954247
171,8,20018798,0.9728506,0.01683962,0.0,0.00151171,0.0028431,0.03442952,0.0,0.94437606,36351,7,0.04690833,0.9954267
171,9,20018799,0.97236118,0.01654039,0.0,0.0015111,0.00284045,0.03993785,0.0,0.93917021,7551,7,0.07205712,0.9954257
171,10,20018800,0.97286478,0.01696335,0.0,0.0015115,0.00283039,0.03331074,0.0,0.94538401,36351,7,0.05967528,0.9954267
172,1,20018821,0.98272599,0.03045702,0.00125266,0.0,0.00144603,0.9667365,0.0,0.00010779,47915,6,0.06391867,2.4152188
172,2,20018822,0.98298284,0.03377126,0.00147938,0.0,0.00221769,0.70334754,0.0,0.25918412,48941,7,0.09972816,2.415216
172,3,20018823,0.98234915,0.02770987,0.00055557,0.0,0.00116062,0.97051817,0.0,5.576e-05,46987,6,0.23834197,2.4152188
172,4,20018824,0.98287506,0.03360751,0.00156926,0.0,0.00136227,0.96338963,0.0,7.134e-05,53035,6,0.06975429,2.415215
172,5,20018825,0.98291182,0.033736,0.00140704,0.0,0.00137979,0.96339726,0.0,7.991e-05,56107,6,0.08927365,2.4152188
172,6,20018826,0.9829076,0.03698421,0.00154215,0.0,0.00222267,0.76019627,0.0,0.1990547,57132,6,0.09893474,2.414554
172,7,20018827,0.9829791,0.03337472,0.00144165,0.0,0.00227634,0.71627662,0.0,0.24663067,48909,7,0.06983412,2.4152188
172,8,20018828,0.98237534,0.02773517,0.00055403,0.0,0.00111123,0.97054676,0.0,5.281e-05,42891,6,0.31343755,2.4152178
172,9,20018829,0.9827249,0.03075812,0.00125548,0.0,0.00136799,0.96654197,0.0,7.643e-05,48939,6,0.10418718,2.415216
172,10,20018830,0.98292342,0.03694611,0.0016405,0.0,0.00217133,0.73938921,0.0,0.21985285,56109,6,0.08272163,2.4152188
173,1,20018851,0.96799686,0.01155764,0.00161515,1.981e-05,0.00047075,0.98605249,0.00028206,2.1e-06,36943,6,0.19604043,0.9929242
173,2,20018852,0.96801418,0.01165898,0.00163146,2.081e-05,0.00049436,0.9859036,0.00028828,2.5e-06,32783,6,0.18055734,0.9929263
173,3,20018853,0.96758224,0.01168249,0.00163474,2.043e-05,0.00051357,0.98586183,0.00028442,2.52e-06,36873,6,0.22102299,0.9929272
173,4,20018854,0.96783072,0.01184832,0.00163092,2.08e-05,0.00059165,0.98561373,0.00029109,3.49e-06,32777,6,0.26525418,0.9929263
173,5,20018855,0.96808087,0.0118845,0.00165394,2.126e-05,0.00057483,0.98556675,0.00029536,3.36e-06,36943,6,0.11815538,0.9929242
173,6,20018856,0.96806576,0.01197153,0.00165945,2.102e-05,0.00062422,0.9854271,0.00029268,4.01e-06,36877,6,0.27873616,0.9929272
173,7,20018857,0.96799663,0.01206748,0.00166912,2.168e-05,0.00066655,0.98526476,0.00030649,3.92e-06,32847,6,0.24936086,0.9929232
173,8,20018858,0.96791476,0.01164829,0.00164172,2.024e-05,0.00048661,0.9859162,0.00028404,2.9e-06,36939,6,0.30530265,0.9929242
173,9,20018859,0.96788253,0.01162065,0.00162608,2.136e-05,0.00045293,0.98597791,0.00029864,2.43e-06,36939,6,0.22557049,0.9929242
173,10,20018860,0.96781583,0.01213423,0.00166464,2.232e-05,0.00070717,0.98515836,0.00030849,4.8e-06,32907,6,0.17287826,0.992914
174,1,20018881,0.98879709,0.01971082,0.001876,0.0,0.0035159,0.01640383,0.0,0.95849344,45055,7,0.13953449,0.9982205
174,2,20018882,0.98875384,0.01958713,0.00189415,0.0,0.00348427,0.04359273,0.0,0.93144173,32767,7,0.0552516,0.9982215
174,3,20018883,0.98876239,0.01962523,0.00187499,0.0,0.00347154,0.01396024,0.0,0.961068,58879,7,0.07667178,0.9982187
174,4,20018884,0.98876007,0.01957902,0.00190293,0.0,0.00347525,0.05023316,0.0,0.92480965,54783,7,0.06953883,0.9982197
174,5,20018885,0.9887409,0.01959907,0.0018662,0.0,0.00349734,0.01609583,0.0,0.95894156,52735,7,0.05680706,0.9982187
174,6,20018886,0.98875863,0.01966735,0.0018663,0.0,0.00345969,0.01245716,0.0,0.96254951,40447,7,0.13205802,0.9982197
174,7,20018887,0.98874576,0.01960627,0.00186627,0.0,0.00351016,0.01630887,0.0,0.95870844,49023,7,0.05500821,0.9982215
174,8,20018888,0.9887252,0.01962562,0.00188157,0.0,0.00348107,0.03014805,0.0,0.9448637,50687,7,0.0625958,0.9982187
174,9,20018889,0.98875809,0.01965444,0.00187655,0.0,0.00347325,0.01512427,0.0,0.95987149,40831,7,0.08597613,0.9982215
174,10,20018890,0.98874665,0.01963334,0.00188618,0.0,0.00346664,0.03140748,0.0,0.94360636,40959,7,0.11669671,0.9982215
175,1,20018911,0.98386964,0.03387571,0.00280806,0.0,0.00349577,0.89509328,0.0,0.06472719,56075,6,0.17340979,2.1273036
175,2,20018912,0.98427138,0.03216814,0.00314755,0.0,0.00350872,0.89740036,0.0,0.06377523,56075,6,0.15507649,2.1273036
175,3,20018913,0.98556661,0.01403669,0.00436388,0.0,0.00071629,0.98087087,0.0,1.227e-05,8372,6,0.84533666,2.1253165
175,4,20018914,0.98206227,0.04140603,0.00362253,0.0,0.0040962,0.88589447,0.0,0.06498077,56075,6,0.09078588,2.1273036
175,5,20018915,0.98364544,0.0345197,0.00464998,0.0,0.00338925,0.89042333,0.0,0.06701775,56075,6,0.15268411,2.1273036
175,6,20018916,0.98390322,0.03353459,0.00259696,0.0,0.00363819,0.90732061,0.0,0.05290965,56075,6,0.19149258,2.1273036
175,7,20018917,0.98442246,0.02723248,0.00363154,0.0,0.00249354,0.94361388,0.0,0.02302856,8436,6,0.38685529,2.1253207
175,8,20018918,0.98253715,0.03946305,0.00741037,0.0,0.00374376,0.8808928,0.0,0.06849002,51981,6,0.16554242,2.1273026
175,9,20018919,0.98550315,0.01423153,0.00411875,0.0,0.00071633,0.98092102,0.0,1.236e-05,8436,6,0.49173,2.1253207
175,10,20018920,0.98379481,0.032776,0.00304051,0.0,0.00368425,0.90502483,0.0,0.05547442,51979,6,0.18260964,2.1273026
176,1,20018941,0.97059425,0.01880601,0.0,0.00193604,0.00057091,0.97852523,0.00015378,8.02e-06,23967,6,0.14789548,0.9949342
176,2,20018942,0.9707284,0.02060313,0.0,0.0019413,0.00068796,0.97660426,0.00015377,9.59e-06,53215,6,0.05871067,0.9949492
176,3,20018943,0.97054035,0.01967916,0.0,0.00193808,0.00065566,0.97756598,0.00015357,7.54e-06,31071,6,0.06319304,0.9949462
176,4,20018944,0.97052693,0.01956198,0.0,0.00194051,0.00062294,0.97771401,0.00015353,7.02e-06,48543,6,0.09337598,0.9949362
176,5,20018945,0.97074251,0.02042925,0.0,0.00194169,0.00070192,0.97676458,0.00015392,8.63e-06,55263,6,0.10212942,0.9949502
176,6,20018946,0.97070422,0.02036308,0.0,0.00194051,0.00069557,0.97683879,0.00015381,8.24e-06,37855,6,0.11008427,0.9949512
176,7,20018947,0.97058162,0.0200415,0.0,0.00193886,0.00069668,0.9771596,0.00015371,9.65e-06,51679,6,0.08704478,0.9949352
176,8,20018948,0.97074259,0.02033464,0.0,0.0019403,0.00068364,0.97687917,0.00015336,8.88e-06,34783,6,0.06127964,0.9949492
176,9,20018949,0.97040447,0.01958842,0.0,0.00193729,0.00062683,0.97768595,0.00015369,7.82e-06,36127,6,0.06347601,0.9949412
176,10,20018950,0.97075374,0.0202279,0.0,0.00194348,0.00066908,0.97699774,0.00015394,7.87e-06,60831,6,0.10405383,0.9949452
177,1,20018971,0.98441761,0.04020877,0.00302487,5.69e-06,0.00263058,0.36401857,0.00014765,0.58996388,48941,7,0.18822338,1.8471745
177,2,20018972,0.98405564,0.04308589,0.00329044,4.43e-06,0.00223505,0.32067516,0.00013767,0.63057136,53037,7,0.26982678,1.8471735
177,3,20018973,0.98410239,0.04287687,0.00310706,4.37e-06,0.0021259,0.33126579,0.00013315,0.62048686,53037,7,0.32157848,1.8471735
177,4,20018974,0.98491596,0.03832139,0.00268733,6.07e-06,0.00252684,0.39541863,0.00013972,0.56090003,48941,7,0.19806805,1.8471745
177,5,20018975,0.98502377,0.03697536,0.00262075,6.25e-06,0.00263845,0.45085112,0.00015039,0.50675768,48941,7,0.14657367,1.8471745
177,6,20018976,0.9853459,0.03651594,0.00250513,6.36e-06,0.0023629,0.339757,0.00013786,0.6187148,44845,7,0.27139112,1.8471735
177,7,20018977,0.98539978,0.03604078,0.00244088,6.33e-06,0.00241533,0.41253842,0.00013849,0.54641975,48941,7,0.33062308,1.8471745
177,8,20018978,0.98394749,0.04266677,0.00323901,4.41e-06,0.00220442,0.30423344,0.00013561,0.64751635,57133,7,0.31507555,1.8471745
177,9,20018979,0.98416907,0.04181433,0.00312255,4.9e-06,0.00231694,0.38229312,0.00014,0.57030815,57101,7,0.21756268,1.8471762
177,10,20018980,0.98456228,0.03978634,0.00288138,5.9e-06,0.0025519,0.44274462,0.00014491,0.51188495,48941,7,0.14593597,1.8471745
178,1,20019001,0.95859471,0.05634733,0.16080883,0.0,0.02085338,0.0,0.00472056,0.7572699,23183,7,0.52711778,0.9942887
178,2,20019002,0.97128811,0.04109841,0.14800007,0.0,0.00735515,0.0,0.00261362,0.80093273,23183,7,0.72694281,0.9942887
178,3,20019003,0.96761559,0.04637076,0.16035163,0.0,0.01274549,0.0,0.00253621,0.77799591,23183,7,0.51094745,0.9942887
178,4,20019004,0.96545538,0.04856507,0.15448206,0.0,0.01246906,0.0,0.00429908,0.78018474,23183,7,0.50728886,0.9942887
178,5,20019005,0.96985713,0.04515774,0.17079611,0.0,0.0087824,0.0,0.00226451,0.77299926,23183,7,0.44184626,0.9942887
178,6,20019006,0.95702037,0.06005596,0.17656242,0.0,0.02474789,0.0,0.00409806,0.73453567,23183,7,0.34257502,0.9942887
178,7,20019007,0.97291016,0.04158459,0.15165326,0.0,0.00685191,0.0,0.00135784,0.79855241,23183,7,0.65238804,0.9942887
178,8,20019008,0.96823718,0.04494291,0.17174125,0.0,0.00874026,0.0,0.00287542,0.77170015,23183,7,0.48046941,0.9942887
178,9,20019009,0.97355006,0.03975949,0.14742641,0.0,0.00451554,0.0,0.00137577,0.8069228,23183,7,0.79014915,0.9942887
178,10,20019010,0.97304478,0.04136844,0.15615072,0.0,0.00566461,0.0,0.00120296,0.79561327,23183,7,0.60200018,0.9942887
179,1,20019031,0.9765121,0.01695457,0.0,0.00057353,0.00289056,0.09293898,0.0,0.88664235,32639,7,0.0694208,0.9961581
179,2,20019032,0.97657137,0.01708744,0.0,0.00057357,0.00293149,0.03135948,0.0,0.94804803,40959,7,0.05066377,0.9961581
179,3,20019033,0.97648635,0.01701353,0.0,0.00057465,0.00292159,0.05282426,0.0,0.92666598,60927,7,0.0677452,0.9961533
179,4,20019034,0.97652167,0.01704459,0.0,0.00057393,0.00289804,0.04725677,0.0,0.93222668,63359,7,0.11333718,0.9961581
179,5,20019035,0.97657039,0.01704897,0.0,0.00057348,0.00290827,0.04197178,0.0,0.9374975,32639,7,0.06737729,0.9961581
179,6,20019036,0.97655696,0.0170452,0.0,0.0005742,0.00290485,0.06409221,0.0,0.91538353,36735,7,0.07830928,0.9961571
179,7,20019037,0.97650076,0.01702779,0.0,0.00057356,0.0029294,0.05455978,0.0,0.92490946,63487,7,0.07658046,0.9961581
179,8,20019038,0.97650639,0.01706477,0.0,0.00057354,0.00289888,0.05881454,0.0,0.92064826,16255,7,0.06372363,0.9961581
179,9,20019039,0.97658117,0.01696109,0.0,0.00057348,0.00290024,0.07587115,0.0,0.90369404,32767,7,0.05837755,0.9961581
179,10,20019040,0.97652945,0.01700422,0.0,0.00057356,0.00292977,0.04537217,0.0,0.93412029,32639,7,0.10047593,0.9961581
180,1,20019061,0.98122589,0.03543902,0.00194509,0.0,0.00188941,0.96053909,0.0,0.00018738,43789,6,0.1185978,2.5586834
180,2,20019062,0.98199731,0.02987894,0.00149159,0.0,0.00185763,0.96657318,0.0,0.00019866,43786,6,0.09856905,2.5576908
180,3,20019063,0.98131467,0.0347345,0.00186905,0.0,0.00181433,0.961399,0.0,0.00018313,43788,6,0.08172186,2.5576908
180,4,20019064,0.98360531,0.03028775,0.00144514,0.0,0.0024405,0.89812035,0.0,0.06770625,56074,6,0.14151929,2.5580223
180,5,20019065,0.98355283,0.03037791,0.00141043,0.0,0.00244514,0.886042,0.0,0.07972452,56075,6,0.09466649,2.5586844
180,6,20019066,0.98213488,0.03507624,0.00171986,0.0,0.00213183,0.91067498,0.0,0.05039709,56077,6,0.11500987,2.5586844
180,7,20019067,0.9812399,0.03505092,0.0020233,0.0,0.00188949,0.96082519,0.0,0.0002111,47885,6,0.13009307,2.5586844
180,8,20019068,0.98365256,0.03039569,0.00144491,0.0,0.00250346,0.89852065,0.0,0.06713529,56074,6,0.09883592,2.5580223
180,9,20019069,0.98358366,0.0301664,0.001424,0.0,0.00247863,0.88926827,0.0,0.07666271,56075,6,0.11684922,2.5586844
180,10,20019070,0.98361367,0.03049272,0.00144532,0.0,0.00244655,0.89052634,0.0,0.07508907,56074,6,0.12653627,2.5580223
181,1,20019091,0.96824632,0.01773687,0.0,0.00058951,0.0005248,0.9809542,0.00019055,4.06e-06,37215,6,0.25448925,0.9957401
181,2,20019092,0.96835338,0.01905827,0.0,0.00063522,0.00079038,0.97928935,0.00021773,9.05e-06,33247,6,0.71606901,0.995739
181,3,20019093,0.96816501,0.01714921,0.0,0.00062172,0.00061522,0.98139962,0.00020825,5.98e-06,33055,6,0.32213577,0.9957433
181,4,20019094,0.96844435,0.01643479,0.0,0.00058324,0.0004703,0.98232194,0.00018641,3.32e-06,37151,6,0.48108785,0.9957443
181,5,20019095,0.96236175,0.01111195,0.0,0.00045949,0.00057745,0.98767144,0.00017344,6.23e-06,32907,6,0.13555659,0.9917504
181,6,20019096,0.9624128,0.01105319,0.0,0.0004565,0.0005577,0.98775532,0.00017105,6.24e-06,32911,6,0.20031997,0.9917504
181,7,20019097,0.96206923,0.01080275,0.0,0.00045571,0.00045835,0.98810946,0.00016942,4.3e-06,32971,6,0.12707736,0.9917462
181,8,20019098,0.9625998,0.01094143,0.0,0.00045299,0.0004707,0.98796206,0.00016836,4.46e-06,32781,6,0.21453009,0.9917673
181,9,20019099,0.9620676,0.01040468,0.0,0.00045484,0.00031918,0.98865207,0.00016704,2.19e-06,36941,6,0.26313375,0.991764
181,10,20019100,0.96820798,0.01778846,0.0,0.00059537,0.00052224,0.98089802,0.00019148,4.43e-06,33119,6,0.31909112,0.9957391
182,1,20019121,0.99713064,0.0231016,0.01460088,0.0,0.00454918,0.00548797,0.0,0.95226037,65535,7,0.07667062,0.9996478
182,2,20019122,0.9971775,0.02305885,0.01430257,0.0,0.0045922,0.00360115,0.0,0.95444523,63487,7,0.06799079,0.9996478
182,3,20019123,0.99715926,0.02316865,0.01464058,0.0,0.00457728,0.00277814,0.0,0.95483535,40959,7,0.06172236,0.9996478
182,4,20019124,0.99717906,0.02305926,0.01454455,0.0,0.00454142,0.00438387,0.0,0.9534709,14335,7,0.07914766,0.9996478
182,5,20019125,0.9971192,0.02310158,0.01432001,0.0,0.00452678,0.00222939,0.0,0.95582223,44543,7,0.08986197,0.9996464
182,6,20019126,0.99715164,0.02311498,0.01435421,0.0,0.00461131,0.00252067,0.0,0.95539884,36863,7,0.11505133,0.9996468
182,7,20019127,0.99717039,0.02303881,0.01505672,0.0,0.0045219,0.00898327,0.0,0.94839929,16383,7,0.06596025,0.9996478
182,8,20019128,0.99712125,0.02310468,0.01451875,0.0,0.00457585,0.00454259,0.0,0.95325813,65023,7,0.08700596,0.9996474
182,9,20019129,0.99719499,0.02318771,0.01408655,0.0,0.00458559,0.00252578,0.0,0.95561437,56831,7,0.11591405,0.9996474
182,10,20019130,0.99716609,0.02312162,0.01414834,0.0,0.00457021,0.00263719,0.0,0.95552264,50687,7,0.05615242,0.9996464
183,1,20019151,0.98350537,0.04057344,0.04309396,0.0,0.00476993,0.82327947,0.00015609,0.08812712,51979,6,0.32693035,1.6565285
183,2,20019152,0.98324808,0.04121956,0.0386542,0.0,0.00503149,0.81192165,0.00014701,0.10302609,51979,6,0.16426023,1.6565285
183,3,20019153,0.98296981,0.04334122,0.04636563,0.0,0.0048855,0.82219578,0.00014201,0.08306987,51979,6,0.23632748,1.6565285
183,4,20019154,0.98338458,0.04235458,0.03010758,0.0,0.00502987,0.82803792,0.00010929,0.09436075,51979,6,0.21974241,1.6565285
183,5,20019155,0.9831475,0.04257464,0.04270993,0.0,0.00498287,0.79622974,0.00019302,0.11330981,51979,6,0.23199067,1.6565285
183,6,20019156,0.98341578,0.04144292,0.04546259,0.0,0.00508885,0.80503514,0.0001763,0.1027942,51979,6,0.30967191,1.6565285
183,7,20019157,0.98288609,0.04483885,0.02210026,0.0,0.00478579,0.83513821,0.00011194,0.09302494,51979,6,0.1596898,1.6565285
183,8,20019158,0.98270831,0.04314328,0.04322916,0.0,0.00484768,0.76088162,0.0002312,0.14766706,51979,6,0.10399297,1.6565285
183,9,20019159,0.98289512,0.04365952,0.04929111,0.0,0.004923,0.76029214,0.00014884,0.14168539,51979,6,0.13352151,1.6565285
183,10,20019160,0.9827823,0.04509949,0.04709528,0.0,0.00506417,0.75233032,0.00017586,0.15023488,51979,6,0.12582607,1.6565285
184,1,20019181,0.97158719,0.01725881,0.0,0.00192405,0.00268951,0.10536021,0.0,0.87276742,55263,7,0.08946821,0.9949101
184,2,20019182,0.97150521,0.01699996,0.0,0.00192346,0.00254538,0.18271911,0.0,0.79581209,39903,7,0.07765966,0.9949112
184,3,20019183,0.97163938,0.01721868,0.0,0.00192625,0.00270469,0.03748266,0.0,0.94066773,31583,7,0.15648311,0.9949132
184,4,20019184,0.97148408,0.01711876,0.0,0.00192466,0.00262918,0.20066211,0.0,0.77766528,49119,7,0.06755345,0.9949102
184,5,20019185,0.97153081,0.01737888,0.0,0.00192607,0.00272196,0.03754726,0.0,0.94042584,59231,7,0.12576608,0.9949092
184,6,20019186,0.97167162,0.01754724,0.0,0.00192535,0.00268082,0.04724825,0.0,0.93059834,32735,7,0.13883948,0.9949102
184,7,20019187,0.97164173,0.01745918,0.0,0.00192506,0.0027156,0.05435005,0.0,0.92355011,40927,7,0.09916692,0.9949102
184,8,20019188,0.97143912,0.01698654,0.0,0.00192567,0.00253356,0.25836526,0.0,0.72018896,64927,6,0.13722679,0.9949062
184,9,20019189,0.97152201,0.01717601,0.0,0.00192503,0.00262528,0.12261264,0.0,0.85566103,45023,7,0.093448,0.9949092
184,10,20019190,0.97166066,0.01723592,0.0,0.00192581,0.00266928,0.08728609,0.0,0.89088289,62431,7,0.08098732,0.9949132
185,1,20019211,0.98322846,0.02939124,0.00052127,0.0,0.00176897,0.96654734,0.0,0.00177117,42893,6,0.22864878,2.3515075
185,2,20019212,0.98293522,0.03209279,0.00138083,0.0,0.00186642,0.96437115,0.0,0.00028881,56861,6,0.25718599,2.3515085
185,3,20019213,0.98239933,0.03150594,0.00085887,0.0,0.00128323,0.96629408,0.0,5.79e-05,55179,6,0.37025259,2.3515085
185,4,20019214,0.98241246,0.03455951,0.00143559,0.0,0.00157216,0.96233466,0.0,9.808e-05,57099,6,0.12629703,2.3515085
185,5,20019215,0.9830479,0.03728888,0.0013681,0.0,0.00242281,0.68806307,0.0,0.27085715,57133,7,0.12176385,2.3515058
185,6,20019216,0.98386132,0.0325278,0.00119419,0.0,0.00235253,0.64986861,0.0,0.31405686,44845,7,0.13852967,2.3515049
185,7,20019217,0.98384173,0.03234767,0.00118286,0.0,0.00231933,0.67498746,0.0,0.28916267,48941,7,0.11039928,2.3515058
185,8,20019218,0.98382579,0.03261317,0.00119373,0.0,0.00249387,0.70616333,0.0,0.2575359,48940,6,0.11188977,2.3508438
185,9,20019219,0.98325459,0.02885999,0.00050767,0.0,0.00175119,0.96228863,0.0,0.00659253,42893,6,0.24664197,2.3515075
185,10,20019220,0.98380887,0.0322303,0.00115113,0.0,0.00237668,0.68275044,0.0,0.28149146,44845,7,0.10787595,2.3515049
186,1,20019241,0.97108438,0.01201127,0.00689249,9.4e-07,0.00060621,0.97993824,0.00054948,1.37e-06,36939,6,0.30305388,0.9936351
186,2,20019242,0.95878475,0.01846469,0.03149929,1.64e-06,0.00392119,0.93638018,0.00879788,0.00093512,36943,6,0.23599157,0.9936351
186,3,20019243,0.96625703,0.01348736,0.01029461,9.7e-07,0.00139245,0.97062672,0.0041955,2.38e-06,32843,6,0.77850941,0.9936341
186,4,20019244,0.96854574,0.0125486,0.00927886,9.2e-07,0.00063604,0.97429366,0.00323646,5.45e-06,32845,6,0.16708147,0.9936341
186,5,20019245,0.96890804,0.01311072,0.00962262,9.5e-07,0.0006874,0.97389901,0.00267739,1.9e-06,32841,6,0.55414852,0.9936341
186,6,20019246,0.96752937,0.01453552,0.01033997,9.5e-07,0.00193378,0.97074676,0.00235653,8.65e-05,32841,6,0.29057734,0.9936341
186,7,20019247,0.96719298,0.01736374,0.0149099,9.8e-07,0.00210241,0.96313363,0.00228147,0.00020786,32777,6,0.27403592,0.9936365
186,8,20019248,0.96955898,0.01248705,0.00814064,9.5e-07,0.00094917,0.97674079,0.00167123,1.017e-05,36937,6,0.36427884,0.9936351
186,9,20019249,0.96300747,0.01636726,0.02018731,9.7e-07,0.00276877,0.95499148,0.00549519,0.00018902,36939,6,0.23053645,0.9936351
186,10,20019250,0.96964179,0.01311948,0.00951492,9.5e-07,0.0009922,0.97489659,0.00146556,1.03e-05,32841,6,0.23527242,0.9936341
187,1,20019271,0.98332395,0.01815563,0.00168028,0.0,0.0030966,0.03265842,0.0,0.94440906,51199,7,0.08766941,0.9972966
187,2,20019272,0.98332708,0.01816492,0.00170889,0.0,0.0030903,0.02732315,0.0,0.94971274,49151,7,0.19422423,0.9972976
187,3,20019273,0.98332737,0.01814057,0.0016493,0.0,0.0030941,0.01053798,0.0,0.96657805,32255,7,0.15806711,0.9972949
187,4,20019274,0.983323,0.01817791,0.00166507,0.0,0.00309882,0.01057104,0.0,0.96648714,30207,7,0.11428278,0.9972949
187,5,20019275,0.98333362,0.01815016,0.00168234,0.0,0.00309886,0.01714181,0.0,0.95992684,16383,7,0.19116472,0.9972976
187,6,20019276,0.98332404,0.01815899,0.00168281,0.0,0.00311912,0.01446797,0.0,0.96257111,54783,7,0.11008345,0.9972949
187,7,20019277,0.98333913,0.01812939,0.00167056,0.0,0.00311301,0.0104299,0.0,0.96665715,62975,7,0.14138163,0.9972949
187,8,20019278,0.98333249,0.0181072,0.00165252,0.0,0.00308202,0.01729207,0.0,0.95986617,54783,7,0.14272486,0.9972949
187,9,20019279,0.98332007,0.01812799,0.0016874,0.0,0.003074,0.0354464,0.0,0.94166419,32767,7,0.13913496,0.9972976
187,10,20019280,0.98332021,0.01815365,0.00169429,0.0,0.00309699,0.03494684,0.0,0.94210823,49151,7,0.11906367,0.9972976
188,1,20019301,0.9824022,0.03802941,0.00202317,0.0,0.00292715,0.88876345,0.0,0.06825682,51981,6,0.14346798,2.4507166
188,2,20019302,0.98414408,0.02987107,0.00145708,0.0,0.0030179,0.89073809,0.0,0.07491586,56074,6,0.19430826,2.4500556
188,3,20019303,0.98417591,0.02977685,0.00147507,0.0,0.00295783,0.89724688,0.0,0.06854337,56074,6,0.18201567,2.4500556
188,4,20019304,0.9834729,0.03285517,0.0017213,0.0,0.00286692,0.86437449,0.0,0.09818212,51978,6,0.09433777,2.449724
188,5,20019305,0.98234356,0.0377459,0.00212735,0.0,0.00288976,0.88690655,0.0,0.07033044,57101,6,0.12801321,2.4507215
188,6,20019306,0.98236978,0.03780776,0.00191036,0.0,0.00297896,0.88919486,0.0,0.06810806,56077,6,0.13548274,2.4507176
188,7,20019307,0.98246639,0.03770634,0.00188281,0.0,0.00284054,0.86596111,0.0,0.0916092,56076,6,0.126604,2.4500556
188,8,20019308,0.98359745,0.03233352,0.00166046,0.0,0.00291002,0.8903564,0.0,0.0727396,56074,6,0.12644411,2.4500556
188,9,20019309,0.98405741,0.02997637,0.00148066,0.0,0.00301898,0.89324781,0.0,0.07227617,56074,6,0.2406622,2.4500556
188,10,20019310,0.98416819,0.02935074,0.0014304,0.0,0.00282544,0.87054428,0.0,0.09584915,51978,6,0.14189587,2.449724
189,1,20019331,0.96860618,0.02210096,0.0,0.00209833,0.00073711,0.97489573,0.00015862,9.25e-06,22495,6,0.0985781,0.9949199
189,2,20019332,0.96850753,0.02194092,0.0,0.0020941,0.00074444,0.97505165,0.00015852,1.037e-05,39391,6,0.07737282,0.994912
189,3,20019333,0.96861051,0.02063183,0.0,0.00207448,0.00065925,0.97646696,0.00015845,9.03e-06,6111,6,0.14643895,0.9949179
189,4,20019334,0.96845635,0.02085082,0.0,0.00207617,0.00067437,0.97623223,0.00015778,8.64e-06,35295,6,0.14428443,0.994911
189,5,20019335,0.96856259,0.02175679,0.0,0.0020896,0.00073629,0.9752483,0.00015857,1.046e-05,6111,6,0.06579898,0.9949179
189,6,20019336,0.96806664,0.01891329,0.0,0.00204011,0.00058938,0.97829333,0.00015714,6.76e-06,6111,6,0.10517224,0.9949179
189,7,20019337,0.96856114,0.02192762,0.0,0.00209695,0.00074698,0.97505935,0.00015963,9.47e-06,55263,6,0.10681317,0.9949199
189,8,20019338,0.96819856,0.02038637,0.0,0.00206557,0.00068472,0.97669695,0.00015806,8.32e-06,33119,6,0.1209551,0.9949109
189,9,20019339,0.96834516,0.01964566,0.0,0.00206883,0.0006044,0.97751425,0.00015847,8.39e-06,34207,6,0.19124848,0.9949108
189,10,20019340,0.96796468,0.01900387,0.0,0.00203638,0.00065025,0.97814448,0.00015713,7.88e-06,33631,6,0.16979802,0.99492
190,1,20019361,0.98577603,0.04581697,0.06972434,8.72e-06,0.00504589,0.00799087,0.00051541,0.87089779,48941,7,0.2821036,1.5437003
190,2,20019362,0.98690801,0.04351261,0.05132941,2.046e-05,0.00244706,0.00039362,0.00024178,0.90205505,44845,7,0.41281523,1.5436993
190,3,20019363,0.9861263,0.0451795,0.07687048,8.45e-06,0.00334857,0.00095062,0.0003545,0.87328789,48941,7,0.52506036,1.5437003
190,4,20019364,0.98748071,0.03999416,0.0543526,6.98e-06,0.00247753,0.0001437,0.0002323,0.90279274,48941,7,0.82814434,1.5437003
190,5,20019365,0.9875869,0.0400071,0.04734795,7.41e-06,0.00233255,0.00015959,0.00021291,0.90993249,44845,7,0.44725381,1.5436993
190,6,20019366,0.98629458,0.04382536,0.0890737,7.76e-06,0.00336579,0.00044115,0.00034497,0.86294128,48941,7,0.32289261,1.5437003
190,7,20019367,0.98487034,0.05118464,0.07578981,8.66e-06,0.00503284,0.00048195,0.00042936,0.86707274,57133,7,0.28366858,1.5437003
190,8,20019368,0.9870231,0.04193714,0.05238772,1.229e-05,0.00306664,0.00570443,0.00029579,0.89659599,48941,7,0.54468397,1.5437003
190,9,20019369,0.98767192,0.03960472,0.04345347,6.8e-06,0.00221935,0.00015256,0.00018196,0.91438114,48941,7,0.59602719,1.5437003
190,10,20019370,0.98766805,0.04005598,0.04073818,6.44e-06,0.00225908,0.0001447,0.00018659,0.91660903,44845,7,0.60756618,1.5436993
191,1,20019391,0.98539557,0.04803697,0.10275663,0.0,0.00692511,0.0,0.00056063,0.84172066,19211,7,0.53412102,1.0048172
191,2,20019392,0.9834965,0.05849714,0.13291996,0.0,0.01569788,0.0,0.00057391,0.79231111,19211,7,0.18824,1.0048172
191,3,20019393,0.98473272,0.04974008,0.14398623,0.0,0.00978871,0.0,0.0002862,0.79619878,19211,7,0.37991136,1.0048172
191,4,20019394,0.98246312,0.05730987,0.19167588,0.0,0.01161963,0.0,0.00081819,0.73857643,19211,7,0.18385359,1.0048172
191,5,20019395,0.9844415,0.05128953,0.14720112,0.0,0.00985179,0.0,0.00050473,0.79115283,19211,7,0.25492473,1.0048172
191,6,20019396,0.98467013,0.05052296,0.13281407,0.0,0.01707163,0.0,0.00030767,0.79928368,19211,7,0.38791942,1.0048172
191,7,20019397,0.98534352,0.04878601,0.1513958,0.0,0.00994781,0.0,0.00024005,0.78963032,20235,7,0.30667737,1.0048187
191,8,20019398,0.9838167,0.05177861,0.15357621,0.0,0.01628509,0.0,0.00035023,0.77800986,19211,7,0.32424116,1.0048172
191,9,20019399,0.98449865,0.05217398,0.12900925,0.0,0.01425328,0.0,0.00049138,0.8040721,19211,7,0.34877266,1.0048172
191,10,20019400,0.98152443,0.05978287,0.17473892,0.0,0.01726726,0.0,0.001016,0.74719495,19211,7,0.18364684,1.0048172
192,1,20019421,0.97204859,0.01588792,0.0,0.00140986,0.00272464,0.0453038,0.0,0.93467378,32767,7,0.05509375,0.9953923
192,2,20019422,0.97205736,0.01584662,0.0,0.00141061,0.00273888,0.03002752,0.0,0.94997637,16255,7,0.07465641,0.9953923
192,3,20019423,0.9721954,0.01587776,0.0,0.00141144,0.00270545,0.0246201,0.0,0.95538525,8191,7,0.0602371,0.9953913
192,4,20019424,0.97227925,0.01598409,0.0,0.00141034,0.00269968,0.05781636,0.0,0.92208953,63487,7,0.0536955,0.9953923
192,5,20019425,0.97212128,0.01584343,0.0,0.00141036,0.0026668,0.069543,0.0,0.9105364,44543,7,0.06692101,0.9953867
192,6,20019426,0.97209381,0.01588394,0.0,0.0014105,0.0026908,0.03342413,0.0,0.94659062,59391,7,0.08247373,0.9953913
192,7,20019427,0.97212593,0.01589417,0.0,0.00140962,0.00272895,0.02159211,0.0,0.95837515,36735,7,0.06824122,0.9953913
192,8,20019428,0.97211489,0.01574402,0.0,0.00141065,0.00265913,0.07328324,0.0,0.90690297,15743,7,0.09494728,0.9953877
192,9,20019429,0.97249888,0.01609555,0.0,0.00141059,0.00267554,0.02895853,0.0,0.95085979,49151,7,0.04892832,0.9953923
192,10,20019430,0.97205915,0.01591596,0.0,0.00141115,0.00274038,0.01501668,0.0,0.96491584,53247,7,0.0662313,0.9953913
193,1,20019451,0.98254091,0.03073015,0.0006577,0.0,0.00182314,0.96635244,0.0,0.00043657,56860,6,0.2539743,2.654808
193,2,20019452,0.98282098,0.03485349,0.00199669,0.0,0.0022515,0.91807567,0.0,0.04282264,56108,6,0.06055221,2.654808
193,3,20019453,0.98234332,0.02918615,0.00173471,0.0,0.00165408,0.96727518,0.0,0.00014988,43818,6,0.06932155,2.6544766
193,4,20019454,0.98315692,0.03046161,0.00195453,0.0,0.00229776,0.89887739,0.0,0.06640872,51979,6,0.07000034,2.6554644
193,5,20019455,0.98239043,0.0289102,0.00202604,0.0,0.00168573,0.9672133,0.0,0.00016472,43787,6,0.06933564,2.6554644
193,6,20019456,0.982832,0.03476947,0.00193189,0.0,0.00220446,0.90470466,0.0,0.05638952,56076,6,0.09009753,2.6548034
193,7,20019457,0.98317893,0.03033398,0.00182822,0.0,0.00232919,0.90139806,0.0,0.06411055,52011,6,0.08379377,2.6554687
193,8,20019458,0.98284991,0.03465931,0.00184385,0.0,0.00218827,0.90861678,0.0,0.0526918,57100,6,0.07987827,2.654808
193,9,20019459,0.98232712,0.02907845,0.00178721,0.0,0.00162368,0.96736283,0.0,0.00014784,47915,6,0.08593694,2.6554697
193,10,20019460,0.98233139,0.02898292,0.00210144,0.0,0.00172844,0.96701674,0.0,0.00017045,47915,6,0.06829256,2.6554697
194,1,20019481,0.96406978,0.01142913,0.00144448,0.00019372,0.00058536,0.98609028,0.00025262,4.4e-06,36873,6,0.14249792,0.9922541
194,2,20019482,0.96430499,0.01102838,0.00140887,0.00018706,0.00042689,0.98671087,0.00023527,2.66e-06,32973,6,0.19514073,0.9922344
194,3,20019483,0.9641576,0.01120072,0.00141319,0.00018972,0.00047707,0.98648091,0.00023543,2.97e-06,36875,6,0.18698186,0.9922541
194,4,20019484,0.96418457,0.01115179,0.00142937,0.00018511,0.00047552,0.98652221,0.00023307,2.93e-06,32847,6,0.16175416,0.9922494
194,5,20019485,0.96413369,0.01100589,0.00139318,0.00018448,0.00041712,0.98676968,0.00022727,2.38e-06,36937,6,0.20171567,0.9922504
194,6,20019486,0.96409529,0.01167035,0.00149827,0.00018908,0.00060063,0.98579348,0.0002434,4.79e-06,32779,6,0.203111,0.9922531
194,7,20019487,0.96413188,0.01104339,0.00141578,0.00018524,0.00040078,0.98672224,0.00023047,2.1e-06,36939,6,0.14929547,0.9922503
194,8,20019488,0.96412105,0.01115911,0.00140959,0.00018506,0.00047846,0.98653331,0.0002312,3.28e-06,36873,6,0.18064319,0.9922541
194,9,20019489,0.96444541,0.01120947,0.00141514,0.00018203,0.00049086,0.98647589,0.00022325,3.36e-06,32779,6,0.1819136,0.9922531
194,10,20019490,0.964113,0.01118152,0.00141865,0.00018318,0.00048732,0.98649788,0.00022802,3.43e-06,36873,6,0.21596103,0.9922541
195,1,20019511,0.99176754,0.0198044,0.00586557,0.0,0.00356736,0.03374632,0.0,0.93701635,57343,7,0.08285269,0.9987327
195,2,20019512,0.99177509,0.01985386,0.00552734,0.0,0.00356848,0.02167733,0.0,0.94937299,60927,7,0.11587219,0.9987304
195,3,20019513,0.9917713,0.01979802,0.00588395,0.0,0.00352032,0.01607177,0.0,0.95472593,38911,7,0.0910036,0.9987327
195,4,20019514,0.99180642,0.01978269,0.00576963,0.0,0.00355392,0.01955375,0.0,0.95134001,36351,7,0.04745045,0.9987304
195,5,20019515,0.99177417,0.01982948,0.00558265,0.0,0.0035716,0.02145752,0.0,0.94955874,55295,7,0.04760849,0.9987327
195,6,20019516,0.99178716,0.01985202,0.00568878,0.0,0.00357337,0.01833554,0.0,0.95255029,22527,7,0.0631506,0.9987327
195,7,20019517,0.99176675,0.01976963,0.00560983,0.0,0.00353874,0.01550544,0.0,0.95557637,57343,7,0.0824843,0.9987327
195,8,20019518,0.99177933,0.0197969,0.00569719,0.0,0.00354635,0.02910784,0.0,0.94185171,61439,7,0.08376896,0.9987317
195,9,20019519,0.99183068,0.01987295,0.0056354,0.0,0.00355668,0.0219067,0.0,0.94902827,16383,7,0.06918886,0.9987327
195,10,20019520,0.99181225,0.01981109,0.00577649,0.0,0.00356046,0.01397657,0.0,0.95687539,53247,7,0.08650604,0.9987317
196,1,20019541,0.98370148,0.03465326,0.00306969,0.0,0.00408018,0.85106854,0.0,0.10712833,56074,6,0.13385876,2.0857892
196,2,20019542,0.98361747,0.03463668,0.00277063,0.0,0.00410841,0.88474873,0.0,0.07373554,51978,6,0.13989008,2.0854577
196,3,20019543,0.98525617,0.01354709,0.00177823,0.0,0.00087175,0.98379063,0.0,1.231e-05,8372,6,0.79657046,2.0844642
196,4,20019544,0.98528843,0.01355355,0.00163937,0.0,0.00086753,0.98392723,0.0,1.233e-05,8372,6,0.98320815,2.0844642
196,5,20019545,0.98514553,0.0137641,0.00182886,0.0,0.0008747,0.98352007,0.0,1.227e-05,8436,6,0.98257543,2.0844683
196,6,20019546,0.9842657,0.02012446,0.00237256,0.0,0.00216719,0.95784148,0.0,0.01749432,8372,6,0.69387268,2.0844642
196,7,20019547,0.98170934,0.02464372,0.00086223,0.0,0.00173476,0.97272715,0.0,3.214e-05,52555,6,0.31063643,2.0864534
196,8,20019548,0.98284572,0.03565366,0.00284443,0.0,0.00345941,0.88994535,0.0,0.06809714,51979,6,0.09382639,2.0864503
196,9,20019549,0.98288703,0.03455921,0.00284551,0.0,0.00466022,0.86858858,0.0,0.08934649,51979,6,0.1300996,2.0864503
196,10,20019550,0.98527547,0.01351021,0.00163616,0.0,0.00086591,0.98397537,0.0,1.235e-05,8372,6,0.84110478,2.0844642
197,1,20019571,0.96955165,0.01926668,0.0,0.00207796,0.00068035,0.97781372,0.00015226,9.03e-06,59359,6,0.16429173,0.9945527
197,2,20019572,0.9696615,0.01934418,0.0,0.00207779,0.00067236,0.97774455,0.00015244,8.67e-06,55135,6,0.09748868,0.9945482
197,3,20019573,0.96944867,0.01867338,0.0,0.00207799,0.00062553,0.97846347,0.00015197,7.66e-06,56735,6,0.16926044,0.9945389
197,4,20019574,0.96952195,0.01934378,0.0,0.00207943,0.00067521,0.97774063,0.00015217,8.78e-06,65503,6,0.15743387,0.9945537
197,5,20019575,0.96969886,0.01937209,0.0,0.0020765,0.00068236,0.97770816,0.00015234,8.56e-06,6111,6,0.08565976,0.9945517
197,6,20019576,0.9697141,0.01941359,0.0,0.0020768,0.00067179,0.97767664,0.0001523,8.87e-06,55135,6,0.10344422,0.9945482
197,7,20019577,0.96969182,0.01943734,0.0,0.00207824,0.0006795,0.97764444,0.0001526,7.89e-06,49119,6,0.08626203,0.9945537
197,8,20019578,0.9695758,0.0193673,0.0,0.00207846,0.00067922,0.97771429,0.00015234,8.4e-06,55263,6,0.17580384,0.9945537
197,9,20019579,0.96955949,0.01899707,0.0,0.00207749,0.00068458,0.97807996,0.00015249,8.42e-06,29663,6,0.08420006,0.9945571
197,10,20019580,0.96964102,0.01915704,0.0,0.00207611,0.00066437,0.97794166,0.00015251,8.31e-06,32735,6,0.08329887,0.9945537
198,1,20019601,0.98476197,0.03244071,0.00150262,0.0,0.00234145,0.53872868,0.0,0.42498654,48941,7,0.18804148,2.1803153
198,2,20019602,0.98358486,0.03791855,0.0017875,0.0,0.00245148,0.58783784,0.0,0.37000461,57132,6,0.13940225,2.1796532
198,3,20019603,0.98355485,0.03835588,0.00188884,0.0,0.00266488,0.60172378,0.0,0.35536662,53037,7,0.14301947,2.1803143
198,4,20019604,0.98479635,0.03245691,0.00148682,0.0,0.00252213,0.5203061,0.0,0.44322804,44845,7,0.20317512,2.1803143
198,5,20019605,0.98358069,0.03818702,0.00178611,0.0,0.00256694,0.53112413,0.0,0.4263358,57133,7,0.16793823,2.1803153
198,6,20019606,0.9880618,0.02131253,0.0027589,0.0,0.00084382,0.97506876,0.0,1.598e-05,54011,6,0.97385485,2.1803153
198,7,20019607,0.98351754,0.03812526,0.00185626,0.0,0.00268669,0.59793019,0.0,0.3594016,53037,7,0.20669662,2.1803143
198,8,20019608,0.98445916,0.03353294,0.0017761,0.0,0.00269816,0.55927939,0.0,0.40271341,44845,7,0.15606688,2.1803143
198,9,20019609,0.98477815,0.03248093,0.00145286,0.0,0.00241535,0.50243146,0.0,0.4612194,44845,7,0.15992985,2.1803143
198,10,20019610,0.98464605,0.03228583,0.00149647,0.0,0.00257111,0.64149047,0.0,0.32215613,48909,7,0.09517742,2.1803176
199,1,20019631,0.87243858,0.10071148,0.15324171,0.0,0.06013519,0.55607348,0.03175469,0.09808344,22927,6,0.11061306,0.9925331
199,2,20019632,0.88075547,0.09660262,0.17394521,0.0,0.05661623,0.50597178,0.02667663,0.14018752,23951,6,0.12977313,0.9925301
199,3,20019633,0.87841476,0.09946462,0.17202893,0.0,0.06027082,0.50349886,0.02532917,0.13940761,23951,6,0.15507527,0.9925301
199,4,20019634,0.87406885,0.0996004,0.17235587,0.0,0.05804921,0.4861468,0.03178633,0.1520614,23951,6,0.11110859,0.9925301
199,5,20019635,0.87331449,0.09496854,0.17348452,0.0,0.05749151,0.51247635,0.0325901,0.12898899,22927,6,0.09332733,0.9925331
199,6,20019636,0.87355962,0.10301559,0.17809151,0.0,0.06029158,0.5075481,0.02812756,0.12292566,23951,6,0.09038941,0.9925301
199,7,20019637,0.88698626,0.09686774,0.17389674,0.0,0.05244646,0.51570476,0.023586,0.1374983,23951,6,0.13318504,0.9925301
199,8,20019638,0.86962867,0.10442119,0.16540407,0.0,0.06403839,0.52330989,0.02945215,0.11337431,23951,6,0.09540474,0.9925301
199,9,20019639,0.86986527,0.10012067,0.17845946,0.0,0.05770135,0.51904822,0.03484932,0.10982098,22927,6,0.07226977,0.9925331
199,10,20019640,0.88228129,0.09854828,0.18073837,0.0,0.05688226,0.51883274,0.02558322,0.11941513,22927,6,0.08028955,0.9925331
200,1,20019661,0.97777775,0.0172229,0.0,9.221e-05,0.00291121,0.0785708,0.0,0.90120289,53119,7,0.04944255,0.9963591
200,2,20019662,0.97779579,0.01720818,0.0,9.196e-05,0.0028952,0.05549289,0.0,0.92431177,53247,7,0.05780622,0.9963591
200,3,20019663,0.97782213,0.01722409,0.0,9.197e-05,0.00291193,0.04984825,0.0,0.92992376,56831,7,0.07474649,0.9963564
200,4,20019664,0.97785333,0.01723657,0.0,9.161e-05,0.00292959,0.02515055,0.0,0.95459168,24447,7,0.06433764,0.9963601
200,5,20019665,0.97777512,0.01722451,0.0,9.222e-05,0.00290385,0.05291716,0.0,0.92686226,65023,7,0.07080402,0.9963564
200,6,20019666,0.9777544,0.01722505,0.0,9.225e-05,0.00292839,0.0356912,0.0,0.94406311,36735,7,0.07931675,0.9963591
200,7,20019667,0.97781689,0.0172041,0.0,9.181e-05,0.00288114,0.06690542,0.0,0.91291753,49151,7,0.06194156,0.9963601
200,8,20019668,0.9777751,0.01716728,0.0,9.186e-05,0.00289651,0.05368116,0.0,0.92616319,44543,7,0.07041876,0.9963554
200,9,20019669,0.9778031,0.01721785,0.0,9.195e-05,0.00293258,0.04003026,0.0,0.93972737,44415,7,0.03371362,0.9963554
200,10,20019670,0.9779025,0.01723187,0.0,9.195e-05,0.00291932,0.03304106,0.0,0.94671579,44415,7,0.04762842,0.9963554
201,1,20019691,0.98375804,0.02883347,0.00120253,0.0,0.00237423,0.8677994,0.0,0.09979037,56075,6,0.13683928,2.7060444
201,2,20019692,0.98275769,0.03469228,0.00156829,0.0,0.00237688,0.88443374,0.0,0.07692881,56076,6,0.14767036,2.7053824
201,3,20019693,0.98270715,0.0343584,0.00161548,0.0,0.00247967,0.88955211,0.0,0.07199434,51981,6,0.14178598,2.7060434
201,4,20019694,0.98380024,0.02881858,0.00119806,0.0,0.00245778,0.87166134,0.0,0.09586425,51979,6,0.11908832,2.7060434
201,5,20019695,0.9827291,0.03499145,0.00156175,0.0,0.00251785,0.8941592,0.0,0.06676974,56077,6,0.15606132,2.7060444
201,6,20019696,0.9837959,0.02901394,0.00124596,0.0,0.00245974,0.89160393,0.0,0.07567643,56074,6,0.10053727,2.7053824
201,7,20019697,0.98280342,0.03452798,0.00147479,0.0,0.00246674,0.88324922,0.0,0.07828128,56076,6,0.12525922,2.7053824
201,8,20019698,0.98373857,0.02935631,0.00130279,0.0,0.00249219,0.88469531,0.0,0.0821534,56075,6,0.12763007,2.7060444
201,9,20019699,0.98171418,0.02932525,0.00061418,0.0,0.00184328,0.96773791,0.0,0.00047937,56861,6,0.12787124,2.7060488
201,10,20019700,0.98380898,0.02889857,0.00119322,0.0,0.00249287,0.88066516,0.0,0.08675018,51979,6,0.15990382,2.7060434
202,1,20019721,0.96569037,0.01515871,0.0,0.00155422,0.000535,0.98257211,0.00017471,5.26e-06,33183,6,0.32209971,0.9951023
202,2,20019722,0.96338615,0.0141261,0.0,0.00146382,0.00063228,0.98360785,0.00015779,1.216e-05,30863,6,0.13024196,0.9931203
202,3,20019723,0.96605278,0.01702639,0.0,0.00157114,0.00066892,0.98055153,0.00017456,7.46e-06,33247,6,0.56249462,0.9950974
202,4,20019724,0.96598325,0.01545789,0.0,0.00154436,0.00060099,0.98221582,0.00017396,6.97e-06,33247,6,0.44235241,0.9950974
202,5,20019725,0.63565073,0.01318994,0.0,0.66255844,0.00044359,0.32363837,0.00016534,4.33e-06,37137,2,0.63903429,0.4957351
202,6,20019726,0.96577961,0.01812601,0.0,0.00160342,0.00070019,0.97938417,0.00017812,8.09e-06,37343,6,0.21301568,0.9950984
202,7,20019727,0.96595187,0.01491946,0.0,0.00153269,0.00050278,0.9828708,0.00017018,4.09e-06,37215,6,0.47520165,0.9950985
202,8,20019728,0.96606962,0.0148503,0.0,0.00151289,0.00047256,0.98299607,0.00016464,3.53e-06,33119,6,0.65849041,0.9950975
202,9,20019729,0.96565977,0.01465888,0.0,0.00154644,0.00043355,0.98319127,0.00016645,3.41e-06,37151,6,0.28791384,0.9951033
202,10,20019730,0.96601594,0.01474314,0.0,0.00151645,0.00042985,0.98314695,0.00016089,2.72e-06,37215,6,0.55925486,0.9950985
203,1,20019751,0.99108168,0.04180393,0.00532558,1.757e-05,0.00251687,0.0,0.00042341,0.94991264,57261,7,0.94818336,1.148501
203,2,20019752,0.99211427,0.03915758,0.00631103,2.239e-05,0.00231912,0.0,0.00041658,0.9517733,48909,7,0.42213096,1.148795
203,3,20019753,0.9928267,0.03505896,0.00533914,2.264e-05,0.00229613,0.0,0.00041109,0.95687204,49069,7,0.83569483,1.148501
203,4,20019754,0.99261456,0.03705539,0.00500784,2.209e-05,0.00228856,0.0,0.00041125,0.95521487,49069,7,0.57518278,1.148501
203,5,20019755,0.99210988,0.03973235,0.0061703,2.268e-05,0.00230104,0.0,0.00041779,0.95135584,44813,7,0.34909643,1.148794
203,6,20019756,0.99227812,0.03871162,0.00554432,2.286e-05,0.00230118,0.0,0.00041867,0.95300135,44845,7,0.32986229,1.1487938
203,7,20019757,0.99107529,0.04185466,0.00532922,1.747e-05,0.00250685,0.0,0.00042452,0.94986728,57261,7,0.9481474,1.148501
203,8,20019758,0.99108246,0.04169718,0.00539002,1.707e-05,0.00251194,0.0,0.00041955,0.94996423,57261,7,0.94796334,1.148501
203,9,20019759,0.99107584,0.04194514,0.00506735,1.721e-05,0.00245573,0.0,0.0004217,0.95009286,57261,7,0.94794009,1.148501
203,10,20019760,0.99228598,0.03877849,0.00731398,2.258e-05,0.00231049,0.0,0.00042667,0.95114779,48941,7,0.50767348,1.1487947
204,1,20019781,0.98190008,0.04649173,0.02868736,0.0,0.00663309,0.70075629,0.00084482,0.2165867,53003,6,0.0690478,1.4965256
204,2,20019782,0.98189018,0.0482559,0.03114602,0.0,0.00670216,0.7499662,0.00076738,0.16316235,51979,6,0.12907955,1.4965236
204,3,20019783,0.9822382,0.04595109,0.03710491,0.0,0.00660754,0.71913829,0.00058925,0.19060891,51979,6,0.09816648,1.4965236
204,4,20019784,0.98260549,0.04720926,0.02417935,0.0,0.00760632,0.71350569,0.00042981,0.20706956,51979,6,0.14385325,1.4965236
204,5,20019785,0.98187942,0.0488372,0.02792453,0.0,0.00719092,0.72096184,0.00047697,0.19460853,51979,6,0.09069735,1.4965236
204,6,20019786,0.98319979,0.042448,0.02114417,0.0,0.0057847,0.72690739,0.000424,0.20329175,51979,6,0.10987282,1.4965236
204,7,20019787,0.98277739,0.04554496,0.0218932,0.0,0.00666586,0.71644252,0.00035323,0.20910023,51979,6,0.20153953,1.4965236
204,8,20019788,0.98302871,0.04489082,0.02819601,0.0,0.00530438,0.68569042,0.0003436,0.23557477,51979,6,0.08452059,1.4965236
204,9,20019789,0.9827178,0.046285,0.02671535,0.0,0.00648977,0.71661647,0.0002668,0.20362661,51979,6,0.11196175,1.4965236
204,10,20019790,0.98157823,0.04905948,0.02476523,0.0,0.00690056,0.7253315,0.0009372,0.19300603,51979,6,0.19206076,1.4965236
205,1,20019811,0.97018751,0.01627623,0.0,0.00181348,0.00252072,0.13164611,0.0,0.84774347,30687,7,0.07319014,0.9947275
205,2,20019812,0.97097206,0.0167519,0.0,0.00181298,0.00249645,0.04334471,0.0,0.93559396,43999,7,0.10164191,0.9947246
205,3,20019813,0.97090286,0.01671328,0.0,0.0018128,0.00256013,0.01446982,0.0,0.96444397,40927,7,0.18414602,0.9947275
205,4,20019814,0.97090333,0.01651577,0.0,0.00181503,0.00252231,0.05396662,0.0,0.92518027,43999,7,0.07549557,0.9947246
205,5,20019815,0.97098594,0.01676871,0.0,0.00181394,0.00252159,0.04636631,0.0,0.93252945,30687,7,0.14162965,0.9947275
205,6,20019816,0.97064419,0.0163213,0.0,0.001816,0.00249012,0.1316114,0.0,0.84776118,42975,7,0.08626883,0.9947265
205,7,20019817,0.97061407,0.01647853,0.0,0.00181369,0.00251923,0.03860911,0.0,0.94057944,63455,7,0.14781402,0.9947275
205,8,20019818,0.97054012,0.01642651,0.0,0.00181296,0.00251218,0.07474215,0.0,0.9045062,31711,7,0.07395774,0.9947308
205,9,20019819,0.97067707,0.01620314,0.0,0.00181389,0.00241844,0.25707893,0.0,0.72248559,62879,6,0.12493095,0.9947235
205,10,20019820,0.97074558,0.0165985,0.0,0.00181385,0.0025181,0.06980882,0.0,0.90926073,57311,7,0.11484866,0.9947275
206,1,20019841,0.9200526,0.59292505,0.4052061,0.0,0.00131549,0.00053635,0.0,1.701e-05,47355,4,0.30008936,2.6434678
206,2,20019842,0.93110007,0.49467823,0.33513748,0.0,0.00152638,0.13771986,0.0,0.03093805,47867,4,0.16470808,2.6434613
206,3,20019843,0.98256721,0.02443043,0.00122643,0.0,0.00151457,0.97277038,0.0,5.818e-05,48667,6,0.31862176,2.6467156
206,4,20019844,0.98336618,0.03068731,0.00117949,0.0,0.00205655,0.68958198,0.0,0.27649467,48941,7,0.09160938,2.6467123
206,5,20019845,0.98284621,0.03479445,0.00133912,0.0,0.0022188,0.72030427,0.0,0.24134336,57132,6,0.08338943,2.6460503
206,6,20019846,0.98286318,0.03465136,0.00131777,0.0,0.00210502,0.70581378,0.0,0.25611206,57133,7,0.09004769,2.6467123
206,7,20019847,0.9828595,0.03457432,0.00135661,0.0,0.00213942,0.68589669,0.0,0.27603296,56108,6,0.07732693,2.6460539
206,8,20019848,0.98285564,0.03475373,0.00131292,0.0,0.00237635,0.74399007,0.0,0.21756692,56108,6,0.13676842,2.6460539
206,9,20019849,0.98336875,0.03063975,0.00118766,0.0,0.00227441,0.79512269,0.0,0.17077549,48940,6,0.0859378,2.6460503
206,10,20019850,0.91994575,0.59480994,0.40337283,0.0,0.00126478,0.00053537,0.0,1.707e-05,47867,4,0.38946022,2.6434613
207,1,20019871,0.94969995,0.01834173,0.02894958,0.00227973,0.00195931,0.93402736,0.01442633,1.597e-05,36873,6,0.16109424,0.9929438
207,2,20019872,0.95787996,0.01854674,0.01892984,0.00067857,0.00132221,0.95152528,0.00898644,1.093e-05,32843,6,0.27414713,0.9929398
207,3,20019873,0.94094391,0.02463923,0.02717422,0.00419633,0.0025601,0.9163333,0.02507742,1.94e-05,32841,6,0.31702777,0.9929398
207,4,20019874,0.94948019,0.01805355,0.01575498,0.0001188,0.00130833,0.94759648,0.01715899,8.86e-06,32777,6,0.25635541,0.9929428
207,5,20019875,0.95997987,0.01370711,0.01327596,0.00088416,0.00115963,0.96445072,0.00650831,1.411e-05,32841,6,0.25555549,0.9929398
207,6,20019876,0.9556129,0.01372223,0.0114226,0.00317745,0.00393078,0.96158506,0.00614934,1.253e-05,32777,6,0.18363634,0.9929428
207,7,20019877,0.96571626,0.01158856,0.00679836,0.00012582,0.00055225,0.97969374,0.00123996,1.31e-06,32841,6,0.46771727,0.9929398
207,8,20019878,0.9136213,0.01978555,0.02295723,0.00352451,0.00476519,0.90139492,0.04742689,0.00014572,36941,6,0.13033534,0.9929408
207,9,20019879,0.95814465,0.01601643,0.0177069,0.00057351,0.00146788,0.9559846,0.00816187,8.881e-05,36939,6,0.26022735,0.9929408
207,10,20019880,0.95128977,0.0158099,0.0124756,0.0020249,0.00172772,0.95441184,0.01354359,6.45e-06,36939,6,0.18951573,0.9929408
208,1,20019901,0.98589734,0.01802554,0.00170185,0.0,0.00308075,0.0245201,0.0,0.95267176,30591,7,0.11166835,0.9977288
208,2,20019902,0.98591309,0.01806831,0.00166894,0.0,0.00309659,0.01371305,0.0,0.96345311,55167,7,0.08378696,0.9977267
208,3,20019903,0.98591046,0.01801038,0.00168261,0.0,0.00310821,0.01110246,0.0,0.96609634,36735,7,0.09532569,0.9977278
208,4,20019904,0.98591467,0.01809862,0.00167643,0.0,0.00310699,0.01302107,0.0,0.9640969,65023,7,0.13993637,0.9977266
208,5,20019905,0.98590716,0.01812815,0.00168528,0.0,0.00310042,0.017828,0.0,0.95925815,32767,7,0.13684451,0.9977288
208,6,20019906,0.98589965,0.01802704,0.00168021,0.0,0.00309697,0.01238096,0.0,0.96481482,8191,7,0.12260164,0.9977278
208,7,20019907,0.98591002,0.0181338,0.00168053,0.0,0.00310753,0.01428992,0.0,0.96278823,36863,7,0.10202443,0.9977278
208,8,20019908,0.9859137,0.01807032,0.00167511,0.0,0.0030909,0.01396411,0.0,0.96319956,30719,7,0.07049364,0.9977288
208,9,20019909,0.98589195,0.01802525,0.00168715,0.0,0.00309646,0.03075129,0.0,0.94643985,65023,7,0.1229707,0.9977266
208,10,20019910,0.98590148,0.01807557,0.00169406,0.0,0.00310098,0.01976428,0.0,0.95736511,61439,7,0.06172359,0.9977278
209,1,20019931,0.98413047,0.0294567,0.0019087,0.0,0.00309463,0.87627899,0.0,0.08926098,56074,6,0.14461647,2.4802084
209,2,20019932,0.98410301,0.02980943,0.00200212,0.0,0.00317828,0.90159744,0.0,0.06341273,51978,6,0.13345196,2.4798769
209,3,20019933,0.98404087,0.02939846,0.00193637,0.0,0.00302823,0.88578055,0.0,0.07985639,56074,6,0.11614212,2.4802084
209,4,20019934,0.98382745,0.03075225,0.00197153,0.0,0.00312438,0.88217554,0.0,0.0819763,51978,6,0.11917999,2.4798769
209,5,20019935,0.98340416,0.02958653,0.01084087,0.0,0.00293553,0.88802074,0.0,0.06861632,51978,6,0.0945344,2.4798769
209,6,20019936,0.98353324,0.03198753,0.00223701,0.0,0.00311658,0.87846476,0.0,0.08419412,56074,6,0.15187369,2.4802084
209,7,20019937,0.98388173,0.0298918,0.00566375,0.0,0.00315809,0.90198754,0.0,0.05929882,51978,6,0.12046475,2.4798769
209,8,20019938,0.98411617,0.02934534,0.00189447,0.0,0.00309071,0.88146829,0.0,0.08420119,56074,6,0.14043236,2.4802084
209,9,20019939,0.98298099,0.0323847,0.00765237,0.0,0.00323435,0.89353821,0.0,0.06319037,56074,6,0.11535341,2.4802084
209,10,20019940,0.98411333,0.02930813,0.00188102,0.0,0.00300719,0.87911254,0.0,0.08669111,51978,6,0.11320773,2.4798769
210,1,20019961,0.96779956,0.0195744,0.0,0.00193987,0.00065173,0.97767179,0.00015388,8.33e-06,51679,6,0.2236288,0.9943794
210,2,20019962,0.96684684,0.01604273,0.0,0.00192583,0.00044224,0.98142983,0.0001539,5.47e-06,34079,6,0.25921191,0.9943865
210,3,20019963,0.9675569,0.01844033,0.0,0.00193609,0.00059205,0.97887041,0.00015371,7.4e-06,60831,6,0.10968267,0.9943905
210,4,20019964,0.96755783,0.01896033,0.0,0.00193493,0.00065891,0.97828341,0.00015371,8.71e-06,24543,6,0.07836672,0.9943955
210,5,20019965,0.96755267,0.01860747,0.0,0.00193679,0.00060389,0.97869109,0.00015365,7.12e-06,8031,6,0.14079707,0.9943935
210,6,20019966,0.96737452,0.01874839,0.0,0.00193277,0.00067114,0.97848519,0.00015391,8.6e-06,37343,6,0.14157504,0.9943875
210,7,20019967,0.96797238,0.01982715,0.0,0.00193899,0.00066705,0.97740447,0.00015377,8.58e-06,24543,6,0.18826686,0.9943955
210,8,20019968,0.96752295,0.0189881,0.0,0.00193752,0.00065754,0.97825508,0.0001539,7.86e-06,37727,6,0.15708565,0.9943971
210,9,20019969,0.96756645,0.01914872,0.0,0.00193647,0.00067317,0.97807892,0.0001541,8.61e-06,33247,6,0.08567425,0.9943865
210,10,20019970,0.9616803,0.01045726,0.0,0.00191129,0.00035745,0.98711975,0.00015304,1.21e-06,48985,6,0.09038465,0.9923944
211,1,20019991,0.98427466,0.03933261,0.03268491,0.0,0.00292192,0.39870805,0.00033617,0.52601635,57133,7,0.16272903,1.8996989
211,2,20019992,0.98401667,0.04105084,0.03656732,0.0,0.00270735,0.34212673,0.00026179,0.57728597,53037,7,0.25996602,1.8996979
211,3,20019993,0.98517021,0.03620959,0.03736837,0.0,0.00234839,0.27140112,0.00017635,0.65249617,48941,7,0.23263602,1.8996989
211,4,20019994,0.98466974,0.03797794,0.03774864,0.0,0.00233952,0.32571255,0.00023391,0.59598744,44845,7,0.17030186,1.8996979
211,5,20019995,0.98537536,0.03515634,0.02178032,0.0,0.00308606,0.4797415,0.00022509,0.46001069,48940,6,0.2276462,1.8990369
211,6,20019996,0.98349828,0.04211588,0.06567515,0.0,0.00328129,0.47581142,0.00036573,0.41275053,57101,7,0.15174872,1.8997007
211,7,20019997,0.98563826,0.03440993,0.02218473,0.0,0.00240425,0.34123882,0.0001624,0.59959987,44845,7,0.35078651,1.8996979
211,8,20019998,0.98571742,0.0342855,0.02264265,0.0,0.00214216,0.29200478,0.00016048,0.64876442,44845,7,0.42601429,1.8996979
211,9,20019999,0.98470181,0.03870261,0.03025295,0.0,0.00225375,0.3194842,0.00021545,0.60909103,53037,7,0.26571637,1.8996979
211,10,20020000,0.984662,0.03770611,0.0330805,0.0,0.00228273,0.36643836,0.00020918,0.56028312,44845,7,0.22050779,1.8996979
212,1,20020021,0.98195932,0.03753983,0.06429987,0.0,0.00088229,0.0,9.182e-05,0.89718619,23183,7,0.89675702,0.9954847
212,2,20020022,0.98196113,0.03735378,0.06581356,0.0,0.0008929,0.0,8.998e-05,0.89584978,23183,7,0.89513177,0.9954847
212,3,20020023,0.98194057,0.03771911,0.06473241,0.0,0.00087279,0.0,9.309e-05,0.8965826,23183,7,0.89589261,0.9954847
212,4,20020024,0.98199604,0.0373561,0.06446775,0.0,0.00088793,0.0,8.978e-05,0.89719845,23183,7,0.89674047,0.9954847
212,5,20020025,0.98199902,0.03743304,0.06396671,0.0,0.00087652,0.0,9.059e-05,0.89763314,23183,7,0.89723054,0.9954847
212,6,20020026,0.98200053,0.03749477,0.06450478,0.0,0.0008624,0.0,9.127e-05,0.89704678,23183,7,0.8962389,0.9954847
212,7,20020027,0.98186445,0.03781438,0.06391918,0.0,0.00092426,0.0,0.00010856,0.89723362,23183,7,0.87307718,0.9954847
212,8,20020028,0.98177417,0.0380943,0.06843568,0.0,0.00088618,0.0,9.262e-05,0.89249122,23183,7,0.75495308,0.9954847
212,9,20020029,0.98197807,0.03745137,0.06462007,0.0,0.00087325,0.0,9.203e-05,0.89696328,23183,7,0.89632355,0.9954847
212,10,20020030,0.98196772,0.03762525,0.06487771,0.0,0.00087193,0.0,9.367e-05,0.89653145,23183,7,0.89605098,0.9954847
213,1,20020051,0.97255295,0.01571874,0.0,0.00105953,0.002593,0.02381652,0.0,0.95681222,30719,7,0.07737184,0.9954596
213,2,20020052,0.97258208,0.01562493,0.0,0.00105992,0.00257997,0.02700649,0.0,0.95372869,63487,7,0.09250837,0.9954596
213,3,20020053,0.97261257,0.01567743,0.0,0.00105995,0.00258286,0.04990224,0.0,0.93077752,46975,7,0.05742272,0.9954563
213,4,20020054,0.97254012,0.01558724,0.0,0.00106005,0.00255608,0.04973979,0.0,0.93105684,57343,7,0.0565278,0.9954596
213,5,20020055,0.97258683,0.01557721,0.0,0.00105869,0.00258949,0.03697551,0.0,0.9437991,46975,7,0.06441315,0.9954563
213,6,20020056,0.97246629,0.0155524,0.0,0.00106005,0.00259265,0.06882904,0.0,0.91196586,53247,7,0.1118686,0.9954586
213,7,20020057,0.9725028,0.01558586,0.0,0.00105968,0.00256612,0.03340128,0.0,0.94738706,32639,7,0.05697215,0.9954596
213,8,20020058,0.972504,0.01564144,0.0,0.00106053,0.00257552,0.0258012,0.0,0.95492131,65023,7,0.08275559,0.9954551
213,9,20020059,0.97247797,0.01565863,0.0,0.00106033,0.00258288,0.02752508,0.0,0.95317308,42495,7,0.05562496,0.9954541
213,10,20020060,0.97254516,0.01564668,0.0,0.00105994,0.00260198,0.02330188,0.0,0.95738953,14335,7,0.0455101,0.9954596
214,1,20020081,0.98168779,0.03200992,0.0017279,0.0,0.00169794,0.96442191,0.0,0.00014233,43789,6,0.08483786,2.872857
214,2,20020082,0.98271767,0.03321775,0.00165556,0.0,0.00215194,0.88549389,0.0,0.07748085,51980,6,0.09595122,2.8718645
214,3,20020083,0.98332961,0.02882767,0.00135166,0.0,0.00222578,0.88882812,0.0,0.07876677,56074,6,0.07853806,2.872196
214,4,20020084,0.9821245,0.02789859,0.00135584,0.0,0.00168746,0.96891732,0.0,0.0001408,47882,6,0.06618005,2.872196
214,5,20020085,0.98173993,0.02863126,0.00067338,0.0,0.00136843,0.96925191,0.0,7.503e-05,48669,6,0.20669418,2.8728627
214,6,20020086,0.98334035,0.02828032,0.00138198,0.0,0.00217501,0.87969315,0.0,0.08846953,56074,6,0.06861797,2.872196
214,7,20020087,0.98244023,0.02515795,0.00050851,0.0,0.00148756,0.97242129,0.0,0.00042468,56859,6,0.32096701,2.8728627
214,8,20020088,0.98273071,0.03297396,0.00147822,0.0,0.00221224,0.8829578,0.0,0.08037778,51981,6,0.09301781,2.872857
214,9,20020089,0.98330825,0.02866323,0.00137605,0.0,0.00218297,0.89770424,0.0,0.07007351,57098,6,0.06902597,2.872201
214,10,20020090,0.98273848,0.03319946,0.00160758,0.0,0.00219842,0.89612496,0.0,0.06686959,56076,6,0.09915078,2.872196
215,1,20020111,0.95995826,0.01062143,0.0,0.00041655,0.00044062,0.98833596,0.00018163,3.82e-06,32971,6,0.26106399,0.9915177
215,2,20020112,0.96650771,0.0162953,0.0,0.00052956,0.00036565,0.98262969,0.00017855,1.26e-06,33119,6,0.52882872,0.9955115
215,3,20020113,0.96042723,0.01080293,0.0,0.00041652,0.00047144,0.98812229,0.00018276,4.06e-06,32783,6,0.15272317,0.9915399
215,4,20020114,0.96622866,0.01561907,0.0,0.00053292,0.00032796,0.98334061,0.0001782,1.24e-06,33055,6,0.61738029,0.995516
215,5,20020115,0.96047055,0.01063946,0.0,0.00041795,0.00041196,0.98834495,0.00018255,3.13e-06,32783,6,0.12051549,0.9915399
215,6,20020116,0.96002113,0.01056394,0.0,0.00041537,0.00040525,0.98843368,0.00017882,2.93e-06,36875,6,0.13944258,0.9915409
215,7,20020117,0.95990405,0.01080819,0.0,0.00042246,0.00050082,0.98807462,0.00018927,4.64e-06,32905,6,0.27379099,0.9915222
215,8,20020118,0.96599642,0.01617584,0.0,0.00055659,0.00041501,0.98265279,0.00019735,2.42e-06,33055,6,0.63957074,0.995516
215,9,20020119,0.96072042,0.01050921,0.0,0.00041868,0.00038131,0.98850516,0.00018268,2.96e-06,36943,6,0.35043142,0.9915365
215,10,20020120,0.96605477,0.01579736,0.0,0.00054192,0.00035879,0.98311546,0.00018444,2.02e-06,33055,6,0.46334687,0.995516
216,1,20020141,0.99553007,0.02064437,0.01165715,0.0,0.00393252,0.003074,0.0,0.96069197,30207,7,0.06999816,0.9993496
216,2,20020142,0.99546906,0.02061487,0.01168607,0.0,0.00393615,0.00314251,0.0,0.9606204,58879,7,0.06207303,0.9993486
216,3,20020143,0.9955311,0.02067262,0.01176681,0.0,0.00391266,0.00475413,0.0,0.95889377,47103,7,0.09355653,0.9993502
216,4,20020144,0.99551548,0.02062092,0.01182506,0.0,0.00393818,0.00370141,0.0,0.95991444,57215,7,0.07206287,0.9993502
216,5,20020145,0.99547582,0.02070488,0.01174342,0.0,0.00393131,0.00335339,0.0,0.96026701,40447,7,0.05603258,0.9993496
216,6,20020146,0.99546789,0.02057074,0.0114857,0.0,0.00394767,0.00320419,0.0,0.9607917,65023,7,0.08271337,0.9993496
216,7,20020147,0.99549251,0.02065109,0.01174727,0.0,0.00396719,0.00328348,0.0,0.96035097,40447,7,0.06334896,0.9993496
216,8,20020148,0.99550434,0.02066701,0.01175043,0.0,0.00395624,0.00295257,0.0,0.96067376,65023,7,0.13485719,0.9993496
216,9,20020149,0.99546815,0.02066056,0.01195561,0.0,0.00394759,0.00306783,0.0,0.96036841,54783,7,0.08064606,0.9993496
216,10,20020150,0.99550697,0.02063456,0.01174162,0.0,0.00394339,0.00327564,0.0,0.96040478,16383,7,0.08752483,0.9993502
217,1,20020171,0.98309551,0.03860877,0.00580944,0.0,0.00416309,0.84166039,6.668e-05,0.10969164,51981,6,0.07276101,1.9886965
217,2,20020172,0.98385373,0.03407202,0.00491482,0.0,0.0042166,0.88960531,5.781e-05,0.06713346,51979,6,0.26858319,1.9886965
217,3,20020173,0.98368768,0.03640217,0.00486054,0.0,0.00398283,0.83372967,4.797e-05,0.12097683,51979,6,0.13551323,1.9886965
217,4,20020174,0.98383731,0.03484645,0.00538566,0.0,0.00420863,0.87300664,5.07e-05,0.08250192,51979,6,0.19124863,1.9886965
217,5,20020175,0.98323757,0.03798458,0.00580556,0.0,0.00398603,0.83960218,4.774e-05,0.11257391,51979,6,0.10864323,1.9886965
217,6,20020176,0.98305666,0.03955712,0.00612608,0.0,0.00428232,0.86446682,5.102e-05,0.08551663,56076,6,0.10840747,1.9880355
217,7,20020177,0.98299759,0.03859114,0.00495717,0.0,0.00427862,0.86651322,6.745e-05,0.0855924,51981,6,0.10276806,1.9886965
217,8,20020178,0.98390202,0.03466725,0.00452612,0.0,0.00412608,0.85937134,5.076e-05,0.09725846,51979,6,0.22215106,1.9886965
217,9,20020179,0.98335536,0.03681106,0.004892,0.0,0.00415597,0.84976572,4.921e-05,0.10432604,51979,6,0.20390698,1.9886965
217,10,20020180,0.98334101,0.03694322,0.00580491,0.0,0.00431371,0.8487604,9.279e-05,0.10408497,51979,6,0.19594049,1.9886965
218,1,20020201,0.96813851,0.01776638,0.0,0.00206974,0.00060587,0.97939871,0.00015193,7.37e-06,32159,6,0.09492752,0.9942187
218,2,20020202,0.96793166,0.01811172,0.0,0.00207029,0.00065622,0.97900249,0.00015166,7.61e-06,61279,6,0.08505308,0.9942217
218,3,20020203,0.9677164,0.01785728,0.0,0.00206977,0.00063306,0.97928013,0.00015212,7.63e-06,65503,6,0.07737752,0.9942227
218,4,20020204,0.96824388,0.01822418,0.0,0.0020709,0.00064568,0.97889978,0.00015199,7.47e-06,47071,6,0.20139054,0.9942226
218,5,20020205,0.96811926,0.0178503,0.0,0.00207017,0.00062744,0.97929303,0.00015212,6.94e-06,57183,6,0.05163699,0.9942226
218,6,20020206,0.96818348,0.01829678,0.0,0.00206984,0.00064665,0.97882744,0.00015191,7.39e-06,29663,6,0.12528366,0.9942264
218,7,20020207,0.96820107,0.01825793,0.0,0.00207011,0.00064357,0.97886838,0.00015213,7.89e-06,61407,6,0.07742345,0.9942217
218,8,20020208,0.96823299,0.01821423,0.0,0.00206871,0.00064577,0.97891169,0.00015206,7.54e-06,47071,6,0.07873229,0.9942226
218,9,20020209,0.96825477,0.01837632,0.0,0.00206936,0.00065032,0.97874407,0.00015203,7.89e-06,32735,6,0.15944948,0.9942227
218,10,20020210,0.9681534,0.01807101,0.0,0.00206977,0.00064725,0.97905209,0.00015203,7.85e-06,24543,6,0.08648294,0.9942227
219,1,20020231,0.98395239,0.03033865,0.00121051,0.0,0.00254212,0.68290129,0.0,0.28300742,48940,6,0.10351766,2.5225207
219,2,20020232,0.98296571,0.03532154,0.00146554,0.0,0.00247763,0.65757246,0.0,0.30316283,57133,7,0.14193428,2.5231828
219,3,20020233,0.9839975,0.03079993,0.00123333,0.0,0.0024377,0.67386703,0.0,0.291662,44813,7,0.12639688,2.5231848
219,4,20020234,0.98213907,0.03369501,0.00220377,0.0,0.00162626,0.96237062,0.0,0.00010434,57131,6,0.1844326,2.5231828
219,5,20020235,0.98403807,0.03008664,0.00117997,0.0,0.00232405,0.65380145,0.0,0.31260789,44845,7,0.11789953,2.5231818
219,6,20020236,0.98409963,0.03038666,0.0012009,0.0,0.00224125,0.55043927,0.0,0.41573192,48941,7,0.18641608,2.5231828
219,7,20020237,0.98300898,0.03546321,0.00149219,0.0,0.00227041,0.66015015,0.0,0.30062404,53036,6,0.11831389,2.5221892
219,8,20020238,0.98398637,0.03055052,0.00124591,0.0,0.00238786,0.63233425,0.0,0.33348145,48941,7,0.16147665,2.5231828
219,9,20020239,0.98304143,0.03064635,0.0015988,0.0,0.00182663,0.96572047,0.0,0.00020774,56861,6,0.33342932,2.5231858
219,10,20020240,0.98301315,0.02874509,0.00136565,0.0,0.00155541,0.96825126,0.0,8.259e-05,44843,6,0.15875939,2.5231818
220,1,20020261,0.95748104,0.02034572,0.02436191,0.0,0.00428725,0.93974628,0.00967839,0.00158044,32777,6,0.29436942,0.9938179
220,2,20020262,0.94969403,0.02498864,0.02100021,0.0,0.00598865,0.93197828,0.01577119,0.00027302,32779,6,0.33718057,0.9938179
220,3,20020263,0.94712341,0.02592926,0.0372658,0.0,0.00722181,0.91202896,0.01568866,0.00186551,36943,6,0.35709229,0.9938168
220,4,20020264,0.95523451,0.01840186,0.01164426,0.0,0.00430527,0.95222246,0.01204961,0.00137654,36873,6,0.13480521,0.9938189
220,5,20020265,0.96981316,0.01340662,0.0088033,0.0,0.00148882,0.9745006,0.00170854,9.213e-05,36939,6,0.26669081,0.9938167
220,6,20020266,0.94542452,0.02541104,0.02953298,0.0,0.00692375,0.91711696,0.01812432,0.00289097,36879,6,0.14209037,0.9938189
220,7,20020267,0.95694668,0.02367353,0.03180808,0.0,0.00387027,0.9292852,0.01103406,0.00032885,36873,6,0.19143519,0.9938189
220,8,20020268,0.9558575,0.01868931,0.01513637,0.0,0.00480038,0.94952963,0.01130502,0.00053929,32843,6,0.22754067,0.9938158
220,9,20020269,0.95093787,0.02490514,0.04538899,0.0,0.00766357,0.90972297,0.01200188,0.00031745,32779,6,0.2382026,0.9938179
220,10,20020270,0.96515019,0.01620491,0.01364818,0.0,0.0025116,0.96160899,0.00473117,0.00129515,32843,6,0.2894772,0.9938158
221,1,20020291,0.97967049,0.01699018,0.0,0.0,0.00281384,0.02153291,0.0,0.95866307,44543,7,0.10687477,0.9966777
221,2,20020292,0.97969753,0.01693704,0.0,0.0,0.00281711,0.02161366,0.0,0.95863219,65535,7,0.09386998,0.996682
221,3,20020293,0.97967809,0.01694537,0.0,0.0,0.00282545,0.0432638,0.0,0.93696538,32255,7,0.08084866,0.9966787
221,4,20020294,0.97968966,0.01697053,0.0,0.0,0.00283081,0.01857282,0.0,0.96162584,40959,7,0.08909521,0.996682
221,5,20020295,0.97965563,0.01690198,0.0,0.0,0.00278417,0.10952227,0.0,0.87079157,49151,7,0.13144667,0.996682
221,6,20020296,0.97966393,0.01695244,0.0,0.0,0.00282022,0.04398037,0.0,0.93624697,53247,7,0.2017957,0.996681
221,7,20020297,0.97970129,0.01699195,0.0,0.0,0.00282049,0.02090907,0.0,0.95927849,58879,7,0.1308296,0.9966777
221,8,20020298,0.97967605,0.01699926,0.0,0.0,0.00284377,0.02242345,0.0,0.95773352,62975,7,0.15763565,0.9966787
221,9,20020299,0.97967249,0.01699795,0.0,0.0,0.00282245,0.02111009,0.0,0.95906952,30719,7,0.08520298,0.996682
221,10,20020300,0.97969844,0.01693894,0.0,0.0,0.00283019,0.03528453,0.0,0.94494634,57343,7,0.13329493,0.996682
222,1,20020321,0.98424383,0.02766502,0.00102762,0.0,0.00252349,0.87505821,0.0,0.09372566,56074,6,0.17213485,2.8118902
222,2,20020322,0.98422339,0.02781223,0.0010158,0.0,0.00260288,0.88847303,0.0,0.08009606,56075,6,0.14302863,2.8125522
222,3,20020323,0.98276548,0.03302559,0.00136281,0.0,0.0023291,0.84424059,0.0,0.1190419,51980,6,0.0964317,2.8115587
222,4,20020324,0.98271608,0.03369867,0.00146004,0.0,0.00248188,0.8618864,0.0,0.10047301,57100,6,0.09283257,2.8118951
222,5,20020325,0.98422787,0.02771925,0.00101188,0.0,0.00256732,0.88216878,0.0,0.08653276,56074,6,0.21073046,2.8118902
222,6,20020326,0.98429943,0.02797659,0.00104388,0.0,0.0026099,0.87216474,0.0,0.09620489,56074,6,0.22278407,2.8118902
222,7,20020327,0.98433423,0.02718259,0.00101336,0.0,0.00252851,0.88058734,0.0,0.08868819,51978,6,0.15369472,2.8115587
222,8,20020328,0.98425369,0.02765966,0.00102731,0.0,0.00253708,0.86476438,0.0,0.10401157,56074,6,0.15713129,2.8118902
222,9,20020329,0.98010114,0.03474613,0.00160397,0.0,0.00204079,0.9613747,0.0,0.00023441,43789,6,0.12657201,2.8125512
222,10,20020330,0.98274606,0.03401858,0.00143732,0.0,0.00259004,0.88434089,0.0,0.07761316,51980,6,0.11621734,2.8115587
223,1,20020351,0.95681247,0.01058672,0.0,0.00177259,0.00047787,0.98700061,0.00015412,8.08e-06,34955,6,0.1219623,0.9904635
223,2,20020352,0.63146259,0.010072,0.0,0.98818821,0.00040424,0.00117986,0.00015444,1.24e-06,61514,2,0.2602996,0.6611334
223,3,20020353,0.96486969,0.01825272,0.0,0.0019597,0.00058069,0.97904214,0.00015863,6.12e-06,37215,6,0.18735582,0.9944569
223,4,20020354,0.96503539,0.01797153,0.0,0.00195118,0.00060832,0.97930576,0.00015743,5.78e-06,37215,6,0.20678839,0.9944569
223,5,20020355,0.96451429,0.01589322,0.0,0.00191597,0.00052248,0.98150448,0.00015839,5.47e-06,33247,6,0.19010419,0.9944558
223,6,20020356,0.96461897,0.01539979,0.0,0.00190578,0.00055999,0.98196818,0.00015937,6.89e-06,37343,6,0.32865317,0.9944568
223,7,20020357,0.96474559,0.01572837,0.0,0.00191223,0.00057369,0.9816195,0.00015964,6.57e-06,37343,6,0.56684302,0.9944568
223,8,20020358,0.96486446,0.01786442,0.0,0.00195447,0.00056862,0.97944761,0.00015832,6.56e-06,33055,6,0.13373895,0.9944614
223,9,20020359,0.96445812,0.01688291,0.0,0.0019336,0.00057336,0.9804444,0.00015941,6.32e-06,33183,6,0.22740333,0.9944613
223,10,20020360,0.96229564,0.01421899,0.0,0.00181742,0.00064409,0.98315053,0.00015444,1.454e-05,31887,6,0.10167049,0.9924738
224,1,20020381,0.98559706,0.05081237,0.05972596,0.0,0.00239024,0.00021136,0.00031224,0.88654783,53005,7,0.52963114,1.5145201
224,2,20020382,0.9884905,0.03717563,0.02731354,0.0,0.00213481,7.118e-05,0.00025362,0.93305122,48941,7,0.79491097,1.5145201
224,3,20020383,0.98834212,0.03838528,0.03172821,0.0,0.00226357,6.219e-05,0.00026685,0.9272939,44845,7,0.60344349,1.5145191
224,4,20020384,0.98847368,0.03740172,0.030019,0.0,0.00213187,7.846e-05,0.00025546,0.93011349,48941,7,0.62668905,1.5145201
224,5,20020385,0.98571821,0.04958212,0.05524675,0.0,0.00240282,0.0001712,0.00029657,0.89230054,57101,7,0.47046141,1.5145211
224,6,20020386,0.98847387,0.03728006,0.03182612,0.0,0.00211315,8.508e-05,0.00025535,0.92844023,48941,7,0.64088653,1.5145201
224,7,20020387,0.98827631,0.037867,0.03024496,0.0,0.00228397,7.262e-05,0.00028111,0.92925035,48941,7,0.81308155,1.5145201
224,8,20020388,0.98588402,0.04970478,0.05173662,0.0,0.00237332,0.00021512,0.00029318,0.89567699,57133,7,0.26988698,1.5145201
224,9,20020389,0.98822696,0.03837826,0.03074338,0.0,0.00279799,0.00040464,0.00031291,0.92736282,48941,7,0.48272476,1.5145201
224,10,20020390,0.9884631,0.03727468,0.03007219,0.0,0.00216124,7.781e-05,0.00026298,0.93015109,48941,7,0.70376361,1.5145201
225,1,20020411,0.9765354,0.05275469,0.32848831,0.0,0.0090578,0.0,0.0010163,0.6086829,19211,7,0.09309351,1.2757068
225,2,20020412,0.97586397,0.05661709,0.32122613,0.0,0.01045212,0.0,0.00107728,0.61062738,19211,7,0.10727404,1.2757068
225,3,20020413,0.97738711,0.05304114,0.31240958,0.0,0.00867104,0.0,0.00086155,0.62501669,19211,7,0.11363344,1.2757068
225,4,20020414,0.97869115,0.05084573,0.28903714,0.0,0.00863542,0.0,0.00072005,0.65076166,19211,7,0.1407289,1.2757068
225,5,20020415,0.9776812,0.0497215,0.31324852,0.0,0.00786695,0.0,0.00114964,0.62801339,19211,7,0.18872568,1.2757068
225,6,20020416,0.97620868,0.05404998,0.32749481,0.0,0.00958053,0.0,0.00114539,0.60772929,19211,7,0.08801397,1.2757068
225,7,20020417,0.97611158,0.05655181,0.33194134,0.0,0.01129597,0.0,0.00074024,0.59947063,19204,7,0.04257617,1.2747133
225,8,20020418,0.97895175,0.04891862,0.29149376,0.0,0.0075287,0.0,0.00055371,0.65150522,19211,7,0.15625707,1.2757068
225,9,20020419,0.97654789,0.0543204,0.31828728,0.0,0.01033405,0.0,0.00107496,0.61598331,19211,7,0.14917954,1.2757068
225,10,20020420,0.97561136,0.05838372,0.32824862,0.0,0.01370745,0.0,0.0008612,0.59879901,19211,7,0.07559773,1.2757068
226,1,20020441,0.9679007,0.01515291,0.0,0.00150943,0.00249935,0.024267,0.0,0.95657131,32255,7,0.07536918,0.9946426
226,2,20020442,0.96829234,0.01533634,0.0,0.00151048,0.00247098,0.02620695,0.0,0.95447525,40959,7,0.05053689,0.9946479
226,3,20020443,0.96792046,0.01523658,0.0,0.00151046,0.00250518,0.02259434,0.0,0.95815344,55295,7,0.07840515,0.9946479
226,4,20020444,0.96819773,0.01523669,0.0,0.00151042,0.00246449,0.03101067,0.0,0.94977774,53247,7,0.06835345,0.9946469
226,5,20020445,0.968425,0.01536316,0.0,0.00151029,0.00248545,0.02937223,0.0,0.95126888,63327,7,0.0726312,0.9946426
226,6,20020446,0.96880831,0.0155582,0.0,0.00151089,0.00245625,0.03057724,0.0,0.94989742,16351,7,0.05667758,0.9946426
226,7,20020447,0.96822198,0.01520148,0.0,0.00151067,0.0024539,0.08378586,0.0,0.89704809,30207,7,0.05468698,0.9946426
226,8,20020448,0.96854536,0.01540574,0.0,0.00151109,0.00244514,0.0407452,0.0,0.93989282,63487,7,0.06290296,0.9946479
226,9,20020449,0.96872218,0.01556173,0.0,0.00151068,0.00245252,0.04517624,0.0,0.93529884,45023,7,0.06160903,0.9946416
226,10,20020450,0.96839301,0.01539399,0.0,0.00151072,0.00246712,0.05202432,0.0,0.92860385,51199,7,0.06875346,0.9946469
227,1,20020471,0.98258531,0.0274065,0.00112135,0.0,0.00136738,0.97001771,0.0,8.706e-05,48938,6,0.07038034,2.9305574
227,2,20020472,0.98280665,0.03248285,0.00135575,0.0,0.00197334,0.74023577,0.0,0.22395229,57133,7,0.07922549,2.9312194
227,3,20020473,0.98252742,0.02609048,0.00049413,0.0,0.00141855,0.97158554,0.0,0.0004113,46988,6,0.21837596,2.9305615
227,4,20020474,0.9825696,0.02708764,0.0010736,0.0,0.00133807,0.9704205,0.0,8.02e-05,48939,6,0.06083033,2.9312194
227,5,20020475,0.98257481,0.02730525,0.00114669,0.0,0.00138266,0.97008701,0.0,7.838e-05,48938,6,0.06186339,2.9305574
227,6,20020476,0.982189,0.02526789,0.00051082,0.0,0.00119852,0.97296464,0.0,5.812e-05,46987,6,0.22955356,2.9312232
227,7,20020477,0.9828226,0.03276595,0.0013317,0.0,0.00208014,0.79955837,0.0,0.16426384,51980,6,0.07422162,2.9302249
227,8,20020478,0.98261061,0.02828183,0.00116915,0.0,0.0015465,0.96875892,0.0,0.0002436,56861,6,0.23673994,2.9312232
227,9,20020479,0.98269838,0.02995671,0.00122899,0.0,0.00137405,0.96736282,0.0,7.744e-05,53034,6,0.07403693,2.9302259
227,10,20020480,0.98280987,0.03264369,0.00130689,0.0,0.00192239,0.82203934,0.0,0.14208768,56108,6,0.09183441,2.9305615
228,1,20020501,0.9627908,0.01116387,0.00150727,0.00013427,0.00045303,0.98644874,0.00029064,2.18e-06,32843,6,0.29375132,0.992179
228,2,20020502,0.96302926,0.01140541,0.0015106,0.0001391,0.00057996,0.98605478,0.00030677,3.37e-06,32847,6,0.21649134,0.9921791
228,3,20020503,0.9626343,0.01154173,0.00152519,0.00014121,0.00063603,0.98584216,0.00031012,3.56e-06,36873,6,0.22099647,0.9921839
228,4,20020504,0.96264755,0.01113272,0.00147086,0.00013106,0.00045677,0.98651859,0.00028795,2.05e-06,32777,6,0.35135001,0.9921829
228,5,20020505,0.96274356,0.01096483,0.00146234,0.00012892,0.00038409,0.9867765,0.00028188,1.42e-06,32779,6,0.20777921,0.9921829
228,6,20020506,0.96267296,0.01101216,0.0014624,0.00013513,0.00039169,0.98670641,0.00029058,1.63e-06,32779,6,0.21790253,0.9921829
228,7,20020507,0.96273972,0.01136673,0.00150783,0.00014274,0.00054089,0.98612759,0.00031145,2.77e-06,32843,6,0.1200936,0.992179
228,8,20020508,0.96269129,0.01139042,0.00150346,0.00013816,0.00054066,0.98612315,0.0003007,3.45e-06,32779,6,0.21348746,0.9921829
228,9,20020509,0.96271213,0.01131446,0.00149794,0.00014048,0.00051308,0.98622551,0.00030569,2.83e-06,32779,6,0.14271434,0.9921829
228,10,20020510,0.962507,0.01126277,0.00149063,0.00014284,0.00050747,0.98628328,0.00031044,2.58e-06,32969,6,0.21005067,0.9921639
229,1,20020531,0.9891481,0.01829657,0.00508351,0.0,0.00321676,0.01577111,0.0,0.95763204,58879,7,0.05406878,0.9982763
229,2,20020532,0.98914209,0.01831917,0.00522104,0.0,0.00319489,0.01808875,0.0,0.95517616,51199,7,0.11193016,0.998278
229,3,20020533,0.98912942,0.01824756,0.0050671,0.0,0.00315628,0.04328305,0.0,0.93024601,30207,7,0.06661315,0.9982773
229,4,20020534,0.98917259,0.01831991,0.00519025,0.0,0.00319253,0.01563114,0.0,0.95766615,38911,7,0.0760189,0.998279
229,5,20020535,0.98918201,0.01831597,0.00522069,0.0,0.00321147,0.01811374,0.0,0.95513813,32255,7,0.09237658,0.9982773
229,6,20020536,0.9891477,0.018249,0.005045,0.0,0.00317238,0.02702856,0.0,0.94650506,24575,7,0.06852977,0.998279
229,7,20020537,0.98914826,0.01821247,0.00509035,0.0,0.00316479,0.06474607,0.0,0.90878633,22527,7,0.04664165,0.998279
229,8,20020538,0.98914289,0.01826523,0.00516926,0.0,0.0031785,0.02891907,0.0,0.94446795,49151,7,0.08773004,0.998279
229,9,20020539,0.9891807,0.01826882,0.00516272,0.0,0.00317236,0.04591915,0.0,0.92747695,56831,7,0.09036191,0.9982773
229,10,20020540,0.98916316,0.01829439,0.00533218,0.0,0.00319494,0.02107851,0.0,0.95209998,63487,7,0.07020552,0.998279
230,1,20020561,0.98338447,0.0305957,0.00293237,0.0,0.00390006,0.88451963,0.0,0.07805224,51979,6,0.13659915,2.4560663
230,2,20020562,0.98444921,0.02083007,0.00298,0.0,0.00146941,0.94377543,0.0,0.0309451,8372,6,0.35491297,2.4540802
230,3,20020563,0.98539208,0.01390776,0.00291736,0.0,0.00071605,0.98244649,0.0,1.234e-05,8436,6,0.98144012,2.4540851
230,4,20020564,0.98552999,0.01365942,0.00281884,0.0,0.00071435,0.98279509,0.0,1.231e-05,8372,6,0.9818749,2.4540802
230,5,20020565,0.98421221,0.02954621,0.00206266,0.0,0.00341378,0.8944889,0.0,0.07048845,51978,6,0.16217654,2.4550738
230,6,20020566,0.98010353,0.04629612,0.00301078,0.0,0.00455409,0.86496353,0.0,0.08117548,51979,6,0.10259738,2.4560663
230,7,20020567,0.98329039,0.03279751,0.00247274,0.0,0.00359117,0.88043366,0.0,0.08070493,56074,6,0.13614102,2.4554053
230,8,20020568,0.98272788,0.03489905,0.00272464,0.0,0.00381208,0.88624571,0.0,0.07231852,51981,6,0.10480262,2.4560663
230,9,20020569,0.98368135,0.03092734,0.00236551,0.0,0.00345783,0.86938905,0.0,0.09386026,56075,6,0.11393942,2.4560673
230,10,20020570,0.98425576,0.02942073,0.00211216,0.0,0.00342208,0.8968469,0.0,0.06819813,56074,6,0.18347233,2.4554053
231,1,20020591,0.96591189,0.01738194,0.0,0.00207538,0.00058008,0.97980266,0.00015267,7.27e-06,36255,6,0.12715565,0.9939051
231,2,20020592,0.96631282,0.01814947,0.0,0.00207703,0.00063425,0.97897949,0.00015219,7.56e-06,30111,6,0.18955164,0.99391
231,3,20020593,0.96629383,0.01840558,0.0,0.00207592,0.00064266,0.97871534,0.00015252,7.98e-06,24543,6,0.08684266,0.9939141
231,4,20020594,0.96622708,0.01833484,0.0,0.00207674,0.00063498,0.9787927,0.00015268,8.06e-06,36703,6,0.08299233,0.9939131
231,5,20020595,0.96614959,0.0180865,0.0,0.00207656,0.00062285,0.97905458,0.0001524,7.12e-06,60831,6,0.1651856,0.9939091
231,6,20020596,0.96624472,0.01843045,0.0,0.00207672,0.00063583,0.97869689,0.00015243,7.67e-06,55135,6,0.13579161,0.993908
231,7,20020597,0.96633126,0.01803068,0.0,0.00207568,0.00062958,0.97910396,0.00015238,7.72e-06,38879,6,0.07656024,0.9939141
231,8,20020598,0.96621539,0.01797668,0.0,0.00207622,0.00062376,0.97916428,0.00015258,6.49e-06,32159,6,0.18407203,0.9939101
231,9,20020599,0.96615505,0.01783161,0.0,0.00207661,0.00058948,0.97934354,0.00015239,6.36e-06,32159,6,0.17492971,0.9939101
231,10,20020600,0.96161453,0.014524,0.0,0.00207515,0.000583,0.98265369,0.00015188,1.227e-05,65231,6,0.14961019,0.991928
232,1,20020621,0.9849337,0.03057158,0.00196327,0.0,0.00227811,0.5186485,0.00010423,0.44643431,48941,7,0.17877251,2.279528
232,2,20020622,0.98360625,0.03678847,0.0026222,0.0,0.00236958,0.5453269,0.00010591,0.41278695,53037,7,0.18667136,2.279527
232,3,20020623,0.98387605,0.03549098,0.00264751,0.0,0.00253755,0.60088033,0.00010912,0.35833451,57133,7,0.11158785,2.279528
232,4,20020624,0.98366911,0.03694966,0.00281588,0.0,0.00259039,0.54952817,0.00011,0.4080059,53037,7,0.17399219,2.279527
232,5,20020625,0.98356463,0.03675607,0.00280949,0.0,0.00255843,0.55475297,0.00010895,0.40301409,53005,7,0.18889775,2.2795295
232,6,20020626,0.9842414,0.03444591,0.00243472,0.0,0.00248275,0.56515762,0.00010822,0.39537077,57133,7,0.09509347,2.279528
232,7,20020627,0.98363679,0.03687507,0.00273659,0.0,0.0024811,0.53162487,0.00010703,0.42617534,53037,7,0.15442926,2.279527
232,8,20020628,0.98450002,0.03224468,0.00232684,0.0,0.00247539,0.60574143,0.0001069,0.35710477,44845,7,0.1071093,2.279527
232,9,20020629,0.98395384,0.03314673,0.00214622,0.0,0.0022901,0.68374601,0.0001077,0.27856324,53005,7,0.09013308,2.2795295
232,10,20020630,0.98374849,0.0365608,0.00259586,0.0,0.00249519,0.55835331,0.00010786,0.39988698,57132,6,0.16039063,2.278866
233,1,20020651,0.96898791,0.03798464,0.11126881,0.0,0.01011861,0.0,0.00147299,0.83915495,23183,7,0.71915988,0.9935687
233,2,20020652,0.97201491,0.0364249,0.11151147,0.0,0.00555469,0.0,0.00144934,0.8450596,23183,7,0.7110983,0.9935687
233,3,20020653,0.96587606,0.04286026,0.12197533,0.0,0.01296443,0.0,0.00227411,0.81992588,23183,7,0.62417239,0.9935687
233,4,20020654,0.9755011,0.03270787,0.11516258,0.0,0.00177603,0.0,0.00164092,0.8487126,23183,7,0.73111171,0.9935687
233,5,20020655,0.97555657,0.03490829,0.11043001,0.0,0.00348036,0.0,0.00027342,0.85090792,23183,7,0.8152526,0.9935687
233,6,20020656,0.97348969,0.03493823,0.10798311,0.0,0.00454917,0.0,0.00173107,0.85079843,23183,7,0.77818155,0.9935687
233,7,20020657,0.97442134,0.03495196,0.11828756,0.0,0.0042965,0.0,0.00091496,0.84154903,23183,7,0.69502428,0.9935687
233,8,20020658,0.97318325,0.03625774,0.11168097,0.0,0.00490011,0.0,0.00142962,0.84573156,23183,7,0.72840823,0.9935687
233,9,20020659,0.97503157,0.03365608,0.10906771,0.0,0.00248625,0.0,0.00143435,0.85335561,23183,7,0.66995774,0.9935687
233,10,20020660,0.97723117,0.03247944,0.109731,0.0,0.00166369,0.0,0.00018526,0.85594061,23183,7,0.73222517,0.9935687
234,1,20020681,0.97361895,0.01582237,0.0,0.00041818,0.00253298,0.02746601,0.0,0.95376046,63359,7,0.0889686,0.995645
234,2,20020682,0.97357316,0.01582057,0.0,0.00041762,0.0024981,0.04433653,0.0,0.93692718,49151,7,0.074312,0.995645
234,3,20020683,0.97360494,0.01582718,0.0,0.00041771,0.00249725,0.03701496,0.0,0.94424291,16383,7,0.06333754,0.995645
234,4,20020684,0.97357717,0.01581382,0.0,0.00041763,0.00249194,0.04892465,0.0,0.93235196,32767,7,0.05750936,0.995645
234,5,20020685,0.97359018,0.01580099,0.0,0.00041762,0.00246096,0.09209548,0.0,0.88922495,60927,7,0.06147754,0.9956396
234,6,20020686,0.97362946,0.0158146,0.0,0.00041711,0.00250713,0.02077401,0.0,0.96048714,51071,7,0.09196732,0.9956392
234,7,20020687,0.97360435,0.01581114,0.0,0.00041741,0.00249546,0.06159546,0.0,0.91968052,42879,7,0.05856351,0.9956392
234,8,20020688,0.97356866,0.0158515,0.0,0.00041802,0.00252218,0.03115647,0.0,0.95005183,62975,7,0.1117585,0.9956406
234,9,20020689,0.97358255,0.01587458,0.0,0.00041794,0.00250125,0.06824275,0.0,0.91296347,32255,7,0.05751244,0.9956406
234,10,20020690,0.97353369,0.01583525,0.0,0.00041809,0.00249285,0.08221838,0.0,0.89903543,32767,7,0.05958005,0.995645
235,1,20020711,0.98227582,0.02858806,0.0006326,0.0,0.00169367,0.96853493,0.0,0.00055074,56861,6,0.30609215,3.0591301
235,2,20020712,0.98353172,0.02733219,0.00112845,0.0,0.00220216,0.87554453,0.0,0.09379267,56074,6,0.10811539,3.058463
235,3,20020713,0.98359043,0.02720959,0.001131,0.0,0.00217353,0.88097213,0.0,0.08851376,51978,6,0.12586107,3.0581315
235,4,20020714,0.98275219,0.03186983,0.00151876,0.0,0.00209114,0.86564935,0.0,0.09887092,56076,6,0.12245752,3.058463
235,5,20020715,0.9827365,0.03171532,0.0013768,0.0,0.0020864,0.8705702,0.0,0.09425129,56077,6,0.08738044,3.059125
235,6,20020716,0.98273025,0.03178182,0.00139056,0.0,0.00217754,0.88320137,0.0,0.08144871,51981,6,0.0810684,3.059124
235,7,20020717,0.98274666,0.03206959,0.00142294,0.0,0.00223344,0.87957249,0.0,0.08470152,51981,6,0.13676127,3.059124
235,8,20020718,0.98274417,0.03149229,0.0014884,0.0,0.00214571,0.87464913,0.0,0.09022448,56068,6,0.07604561,3.0581315
235,9,20020719,0.98355573,0.02717455,0.00115514,0.0,0.00216723,0.87288244,0.0,0.09662064,56074,6,0.0836278,3.058463
235,10,20020720,0.9827965,0.03187113,0.00141123,0.0,0.00213121,0.88789813,0.0,0.07668831,51980,6,0.1006357,3.0581315
236,1,20020741,0.96307443,0.01582378,0.0,0.00133015,0.0005645,0.98209565,0.00018059,5.33e-06,33183,6,0.28316185,0.9947764
236,2,20020742,0.95963175,0.00932502,0.0,0.00112773,0.00026707,0.98912337,0.00015558,1.23e-06,37209,6,0.52572653,0.9927823
236,3,20020743,0.95568547,0.00966331,0.0,0.00108768,0.0003839,0.98870264,0.00015931,3.17e-06,32971,6,0.19423006,0.9907746
236,4,20020744,0.96285216,0.01683822,0.0,0.0013396,0.00057634,0.98106294,0.00017824,4.65e-06,37215,6,0.22533735,0.9947723
236,5,20020745,0.96244947,0.01802696,0.0,0.00139625,0.0006562,0.97972828,0.00018553,6.78e-06,37343,6,0.34064611,0.9947722
236,6,20020746,0.96265864,0.01491027,0.0,0.00132141,0.00044737,0.98314325,0.00017406,3.64e-06,33055,6,0.46338171,0.9947765
236,7,20020747,0.96288064,0.01562955,0.0,0.00132653,0.00052138,0.98234277,0.00017584,3.92e-06,33055,6,0.26494333,0.9947765
236,8,20020748,0.96052932,0.01460083,0.0,0.00126038,0.00068013,0.98327282,0.00016618,1.966e-05,30793,6,0.06151121,0.9927646
236,9,20020749,0.95584573,0.00968897,0.0,0.00108542,0.00040685,0.9886565,0.0001583,3.96e-06,32907,6,0.15790091,0.9907798
236,10,20020750,0.96279181,0.0145227,0.0,0.00130756,0.00042147,0.98357421,0.00017098,3.08e-06,37151,6,0.25648363,0.9947775
237,1,20020771,0.99362537,0.04233082,0.00366643,2.83e-06,0.0032605,0.0,0.00053607,0.95020335,57261,7,0.9491557,1.0339521
237,2,20020772,0.99362273,0.04220696,0.00367531,2.67e-06,0.00340357,0.0,0.00053392,0.95017757,57261,7,0.94903774,1.0339521
237,3,20020773,0.99541789,0.03549756,0.00330767,2.96e-06,0.00305258,0.0,0.00050975,0.95762948,49069,7,0.95509198,1.0339521
237,4,20020774,0.99495953,0.03868842,0.00392826,2.84e-06,0.00310516,0.0,0.00051955,0.95375578,49069,7,0.60193781,1.0339521
237,5,20020775,0.99541895,0.0356436,0.00316476,2.94e-06,0.00303553,0.0,0.00050644,0.95764674,49069,7,0.95511612,1.0339521
237,6,20020776,0.9948712,0.03952256,0.00406679,2.85e-06,0.00315982,0.0,0.00052143,0.95272656,49069,7,0.53265888,1.0339521
237,7,20020777,0.99352499,0.04369906,0.00385199,2.96e-06,0.00341359,0.0,0.00054173,0.94849068,57261,7,0.73916613,1.0339521
237,8,20020778,0.99530501,0.03619668,0.00335259,2.74e-06,0.00309104,0.0,0.00051138,0.95684557,49069,7,0.84835155,1.0339521
237,9,20020779,0.99362367,0.0422978,0.00361145,3.06e-06,0.00337984,0.0,0.00053537,0.95017248,57261,7,0.94896159,1.0339521
237,10,20020780,0.99541889,0.03564731,0.00317577,2.64e-06,0.00299168,0.0,0.00051053,0.95767206,49069,7,0.95577904,1.0339521
238,1,20020801,0.98292571,0.03942199,0.0342493,0.0,0.00579062,0.76534189,0.00035224,0.15484397,51979,6,0.16211953,1.829178
238,2,20020802,0.983234,0.03933834,0.02079834,0.0,0.00545532,0.81937202,0.00017675,0.11485923,51979,6,0.127687,1.829178
238,3,20020803,0.98281103,0.04179694,0.02687432,0.0,0.00569822,0.81034866,0.00018954,0.11509232,51980,6,0.09691323,1.8281855
238,4,20020804,0.982577,0.04102407,0.03575032,0.0,0.00554308,0.77177969,0.00020876,0.14569407,51978,6,0.07648775,1.8281855
238,5,20020805,0.98289969,0.03999045,0.0410286,0.0,0.00536523,0.76014713,0.00021934,0.15324925,51979,6,0.18728646,1.829178
238,6,20020806,0.98252465,0.04062784,0.02336804,0.0,0.00541339,0.81035248,0.00015581,0.12008244,51979,6,0.13636435,1.829178
238,7,20020807,0.98341886,0.03886956,0.02598165,0.0,0.00499125,0.76533978,0.00017291,0.16464485,51979,6,0.18497404,1.829178
238,8,20020808,0.9828414,0.03948527,0.03216026,0.0,0.00507266,0.73420355,0.00031784,0.18876042,51979,6,0.08985238,1.829178
238,9,20020809,0.98283892,0.03932566,0.03073594,0.0,0.00573871,0.78763076,0.00021811,0.13635081,51979,6,0.11256592,1.829178
238,10,20020810,0.98277321,0.03784895,0.0281545,0.0,0.00553352,0.74722373,0.0004606,0.1807787,51978,6,0.12829914,1.8281855
239,1,20020831,0.96688059,0.01572548,0.0,0.00192242,0.00235468,0.07775326,0.0,0.90224415,32607,7,0.09017249,0.9939707
239,2,20020832,0.96713922,0.01586686,0.0,0.00192266,0.0023491,0.01339327,0.0,0.9664681,30687,7,0.14279589,0.9939707
239,3,20020833,0.96602176,0.01531308,0.0,0.00192371,0.002366,0.09251373,0.0,0.88788348,63455,7,0.11935543,0.9939707
239,4,20020834,0.96676809,0.01572666,0.0,0.00192331,0.0023976,0.0254607,0.0,0.95449173,29663,7,0.08150744,0.9939747
239,5,20020835,0.96607684,0.01538538,0.0,0.00192395,0.00237047,0.08079906,0.0,0.89952114,36831,7,0.05467275,0.9939697
239,6,20020836,0.96715675,0.01572334,0.0,0.0019236,0.00234887,0.09840818,0.0,0.881596,14303,7,0.11122353,0.9939707
239,7,20020837,0.96661191,0.01567415,0.0,0.00192327,0.00239115,0.0271019,0.0,0.95290954,63455,7,0.0876715,0.9939707
239,8,20020838,0.96713296,0.01571114,0.0,0.00192417,0.00235177,0.04975369,0.0,0.93025923,24543,7,0.08104257,0.9939707
239,9,20020839,0.96655384,0.01561619,0.0,0.00192307,0.00236915,0.06495242,0.0,0.91513916,31711,7,0.11933175,0.9939747
239,10,20020840,0.96644455,0.01561342,0.0,0.00192325,0.00237638,0.03178871,0.0,0.94829824,30687,7,0.07030444,0.9939707
240,1,20020861,0.98275978,0.02878285,0.00112632,0.0,0.00173699,0.96815268,0.0,0.00020116,56861,6,0.31567377,2.8694583
240,2,20020862,0.9836629,0.02862326,0.00100082,0.0,0.00204678,0.66605329,0.0,0.30227585,48941,7,0.07728405,2.8694546
240,3,20020863,0.98305323,0.02537905,0.00046689,0.0,0.00151643,0.97093155,0.0,0.00170608,46989,6,0.22538099,2.8694583
240,4,20020864,0.98223518,0.02233906,0.0004244,0.0,0.00112549,0.97607602,0.0,3.503e-05,54732,6,0.19537567,2.8687966
240,5,20020865,0.98201479,0.03080455,0.0012679,0.0,0.00152845,0.9662999,0.0,9.919e-05,57130,6,0.08681351,2.8687926
240,6,20020866,0.9828883,0.03281902,0.00115838,0.0,0.00216862,0.72367191,0.0,0.24018206,57132,6,0.10953888,2.8687926
240,7,20020867,0.98288056,0.03284346,0.00120314,0.0,0.00213447,0.74908653,0.0,0.2147324,57132,6,0.1095806,2.8687926
240,8,20020868,0.98197851,0.02086867,0.00039839,0.0,0.00102701,0.97767293,0.0,3.3e-05,46541,6,0.21440756,2.8694583
240,9,20020869,0.98299565,0.0254491,0.00046683,0.0,0.00154417,0.97142004,0.0,0.00111986,42893,6,0.22222386,2.8694573
240,10,20020870,0.98319095,0.02609366,0.00046824,0.0,0.00150902,0.97104184,0.0,0.00088724,46988,6,0.23822496,2.8687966
241,1,20020891,0.91005311,0.02304324,0.02787112,0.00141989,0.00489102,0.89162717,0.05097956,0.000168,32777,6,0.21761876,0.9930443
241,2,20020892,0.94362131,0.02770823,0.03491164,0.00024125,0.00455985,0.91111177,0.02054906,0.00091821,22479,6,0.37733811,0.9940685
241,3,20020893,0.91630164,0.02345425,0.02566029,0.00244694,0.00387563,0.89924397,0.04470643,0.00061249,32843,6,0.15147898,0.9930413
241,4,20020894,0.94484437,0.01969127,0.04818097,0.00100332,0.00302629,0.90901688,0.01896855,0.00011273,32847,6,0.10028401,0.9930414
241,5,20020895,0.93509927,0.02180709,0.03023418,0.00050488,0.00495136,0.91594774,0.02625905,0.00029569,32843,6,0.08565467,0.9930413
241,6,20020896,0.94345191,0.01612052,0.01147741,0.00280153,0.00354146,0.94690451,0.01913108,2.349e-05,36875,6,0.35435455,0.9930453
241,7,20020897,0.90806269,0.02395809,0.02521869,0.00129509,0.00958431,0.88999577,0.04905675,0.00089131,22479,6,0.13842421,0.9940685
241,8,20020898,0.89842178,0.02836825,0.03756242,0.00039358,0.00763473,0.86389928,0.06197975,0.000162,22479,6,0.33653691,0.9940685
241,9,20020899,0.9332957,0.02552581,0.02760695,0.00493047,0.00352642,0.90945814,0.02879318,0.00015902,22479,6,0.26003923,0.9940685
241,10,20020900,0.94287141,0.01930838,0.03292834,0.00018148,0.00216011,0.9231836,0.02223095,7.14e-06,32779,6,0.14849608,0.9930443
242,1,20020921,0.98241197,0.01671633,0.00154074,0.0,0.00274654,0.03984158,0.0,0.93915481,24575,7,0.11718451,0.9971298
242,2,20020922,0.98240747,0.01678238,0.00150139,0.0,0.00277587,0.01698329,0.0,0.96195707,65023,7,0.08606229,0.9971269
242,3,20020923,0.98240054,0.01676444,0.00152554,0.0,0.00275087,0.01442396,0.0,0.96453519,14335,7,0.08362096,0.9971298
242,4,20020924,0.98243054,0.01676836,0.00151134,0.0,0.00275037,0.01126899,0.0,0.96770094,49023,7,0.13932586,0.9971298
242,5,20020925,0.98239231,0.01679449,0.00150684,0.0,0.002757,0.02141256,0.0,0.95752911,54783,7,0.07390203,0.9971269
242,6,20020926,0.98240637,0.01669919,0.0015377,0.0,0.00273355,0.02814018,0.0,0.95088938,32767,7,0.09826421,0.9971298
242,7,20020927,0.98241389,0.01676904,0.00155857,0.0,0.002752,0.03104706,0.0,0.94787334,16255,7,0.08729116,0.9971298
242,8,20020928,0.98242535,0.01676306,0.00153513,0.0,0.00275853,0.01847996,0.0,0.96046333,55295,7,0.10161967,0.9971298
242,9,20020929,0.98240748,0.01671623,0.00152954,0.0,0.00275289,0.01538679,0.0,0.96361456,47103,7,0.0722374,0.9971298
242,10,20020930,0.98239828,0.01678885,0.00152284,0.0,0.00274911,0.01227456,0.0,0.96666464,63487,7,0.07804909,0.9971298
243,1,20020951,0.98402664,0.02744086,0.00125855,0.0,0.00281188,0.89285506,0.0,0.07563365,56074,6,0.20342344,2.870737
243,2,20020952,0.98406489,0.02706727,0.00120371,0.0,0.00265238,0.87154988,0.0,0.09752676,56074,6,0.18395498,2.870737
243,3,20020953,0.98409929,0.02708126,0.00117421,0.0,0.0027071,0.8607787,0.0,0.10825873,56074,6,0.14072466,2.870737
243,4,20020954,0.98224729,0.02545133,0.00115663,0.0,0.00190975,0.91643831,0.0,0.05504398,52317,6,0.09217004,2.8714027
243,5,20020955,0.98407672,0.02701194,0.00121453,0.0,0.00277066,0.88657274,0.0,0.08243012,56074,6,0.15325139,2.870737
243,6,20020956,0.98234197,0.03324728,0.0016189,0.0,0.0025626,0.85080429,0.0,0.11176693,51980,6,0.09353396,2.8704054
243,7,20020957,0.98414581,0.02671984,0.00125682,0.0,0.00258969,0.84633165,0.0,0.12310201,51978,6,0.1719703,2.8704054
243,8,20020958,0.98320104,0.03051851,0.00137594,0.0,0.00272156,0.88401987,0.0,0.08136412,56074,6,0.11592301,2.870737
243,9,20020959,0.98251895,0.032714,0.00159339,0.0,0.00266608,0.865935,0.0,0.09709153,56076,6,0.09261533,2.870737
243,10,20020960,0.97964248,0.03687389,0.00294818,0.0,0.00251678,0.93416107,0.0,0.02350007,47884,6,0.12379932,2.870737
244,1,20020981,0.96490504,0.01821354,0.0,0.00193813,0.00059738,0.97908905,0.00015416,7.74e-06,23007,6,0.16129305,0.9938216
244,2,20020982,0.96041622,0.01401891,0.0,0.00189935,0.00054489,0.9833747,0.00015323,8.93e-06,32335,6,0.16589997,0.9918406
244,3,20020983,0.9641682,0.0178686,0.0,0.0019365,0.00064778,0.97938537,0.00015397,7.77e-06,37343,6,0.17004368,0.9938318
244,4,20020984,0.96471714,0.01849074,0.0,0.00193906,0.00061762,0.97879084,0.00015401,7.72e-06,38879,6,0.09428618,0.9938398
244,5,20020985,0.96378547,0.01707711,0.0,0.00193327,0.00054528,0.98028472,0.00015374,5.88e-06,37215,6,0.14881406,0.9938319
244,6,20020986,0.96455023,0.01824202,0.0,0.00193902,0.00062122,0.97903609,0.00015429,7.36e-06,35231,6,0.07433694,0.993837
244,7,20020987,0.95747994,0.01299296,0.0,0.00188455,0.00049344,0.98446389,0.00015259,1.257e-05,35535,6,0.15687763,0.9898807
244,8,20020988,0.96393861,0.01704659,0.0,0.00193043,0.00059792,0.9802628,0.00015445,7.8e-06,23007,6,0.14701354,0.9938216
244,9,20020989,0.96439532,0.01783675,0.0,0.00193694,0.00060297,0.97946174,0.00015436,7.24e-06,22943,6,0.11125736,0.9938277
244,10,20020990,0.96402168,0.0177294,0.0,0.00193537,0.00063417,0.97953955,0.00015422,7.29e-06,37343,6,0.15645395,0.9938318
245,1,20021011,0.98356057,0.04070793,0.03909583,0.0,0.00312889,0.36506074,0.00042885,0.55157776,53037,7,0.15030516,1.9167197
245,2,20021012,0.98489462,0.03634684,0.01702328,0.0,0.00259139,0.33831702,0.00031017,0.6054113,44845,7,0.21955832,1.9167197
245,3,20021013,0.98551938,0.03403569,0.01567155,0.0,0.00273901,0.31763836,0.0003599,0.62955549,48941,7,0.31348095,1.9167207
245,4,20021014,0.9845714,0.03697462,0.02917338,0.0,0.00282944,0.33963695,0.00033682,0.59104879,57133,7,0.17495548,1.9167207
245,5,20021015,0.98423144,0.039078,0.02778871,0.0,0.00242114,0.31641712,0.00025684,0.61403819,53037,7,0.17896232,1.9167197
245,6,20021016,0.9846297,0.03698188,0.02008515,0.0,0.00278375,0.35837252,0.00029921,0.58147749,48941,7,0.17600213,1.9167207
245,7,20021017,0.98408336,0.03859859,0.02976496,0.0,0.00275749,0.33416149,0.00036492,0.59435255,57133,7,0.19045065,1.9167207
245,8,20021018,0.98451973,0.03591539,0.02720556,0.0,0.00414094,0.40299944,0.00041031,0.52932836,44845,7,0.15727848,1.9167197
245,9,20021019,0.98456261,0.03735489,0.01245586,0.0,0.00287321,0.38815401,0.00032884,0.55883319,44845,7,0.19772642,1.9167197
245,10,20021020,0.98487545,0.0361374,0.01985253,0.0,0.00318469,0.3080749,0.00023421,0.63251628,48941,7,0.30780862,1.9167207
246,1,20021041,0.98607487,0.04290112,0.00781837,0.0,0.94902008,0.0,0.00023897,2.147e-05,23305,1,0.94640844,0.9954113
246,2,20021042,0.98608148,0.04284623,0.00764417,0.0,0.94925441,0.0,0.00023153,2.366e-05,23305,1,0.94665699,0.9954113
246,3,20021043,0.98549769,0.04809109,0.00842486,0.0,0.94321848,0.0,0.00024076,2.482e-05,24329,1,0.56134408,0.9954123
246,4,20021044,0.98607369,0.042925,0.00786669,0.0,0.94896102,0.0,0.00022181,2.549e-05,23305,1,0.94628745,0.9954113
246,5,20021045,0.98597775,0.0437116,0.00777906,0.0,0.94826854,0.0,0.00021557,2.523e-05,23305,1,0.84315333,0.9954113
246,6,20021046,0.98607988,0.04273413,0.00760551,0.0,0.94942207,0.0,0.00021769,2.061e-05,23305,1,0.94665247,0.9954113
246,7,20021047,0.98596569,0.04372947,0.00771239,0.0,0.94831624,0.0,0.00022047,2.143e-05,23305,1,0.84096986,0.9954113
246,8,20021048,0.98607585,0.04289539,0.00772947,0.0,0.94913166,0.0,0.00021961,2.388e-05,23305,1,0.94629844,0.9954113
246,9,20021049,0.98607027,0.04288554,0.00776667,0.0,0.94908401,0.0,0.00024149,2.229e-05,23305,1,0.94620325,0.9954113
246,10,20021050,0.98608401,0.04271071,0.00772385,0.0,0.9492943,0.0,0.00024705,2.409e-05,23305,1,0.94664182,0.9954113
247,1,20021071,0.96804065,0.01453578,0.0,0.00141093,0.00236428,0.02110378,0.0,0.96058523,59263,7,0.13631705,0.9946713
247,2,20021072,0.9681372,0.01459461,0.0,0.00141036,0.00233905,0.04901984,0.0,0.93263614,44927,7,0.09891043,0.9946713
247,3,20021073,0.96794991,0.01459254,0.0,0.00140992,0.0023566,0.01301725,0.0,0.96862368,61439,7,0.07539182,0.9946713
247,4,20021074,0.96791013,0.01451459,0.0,0.00141093,0.00234217,0.07151145,0.0,0.91022087,32639,7,0.07271594,0.9946723
247,5,20021075,0.96807197,0.01456194,0.0,0.00141027,0.00234626,0.0560435,0.0,0.92563802,30591,7,0.05711633,0.9946723
247,6,20021076,0.96797699,0.01456035,0.0,0.0014097,0.00235674,0.03260784,0.0,0.94906538,14335,7,0.06615022,0.9946723
247,7,20021077,0.9679813,0.01454041,0.0,0.00141058,0.00235215,0.01837399,0.0,0.96332288,32639,7,0.08649822,0.9946723
247,8,20021078,0.96826939,0.01465764,0.0,0.00141006,0.00234671,0.04474148,0.0,0.93684412,22527,7,0.06589454,0.9946723
247,9,20021079,0.96794075,0.01456502,0.0,0.00140956,0.00234832,0.02405024,0.0,0.95762687,7551,7,0.07286388,0.994665
247,10,20021080,0.96794802,0.01451565,0.0,0.00140979,0.0023591,0.0214554,0.0,0.96026007,44415,7,0.09529089,0.9946659
248,1,20021101,0.9826488,0.03108054,0.00148436,0.0,0.00191634,0.89448028,0.0,0.07103848,51981,6,0.07593796,3.19773
248,2,20021102,0.9826756,0.03138896,0.00147042,0.0,0.00198221,0.91182407,0.0,0.05333435,56108,6,0.11244685,3.1970747
248,3,20021103,0.98303343,0.02741037,0.00149035,0.0,0.0019794,0.90108997,0.0,0.06802991,56106,6,0.08044187,3.1970747
248,4,20021104,0.9818654,0.02318088,0.00050308,0.0,0.0010711,0.97519085,0.0,5.409e-05,48666,6,0.21429355,3.1970747
248,5,20021105,0.98265935,0.0311663,0.00157159,0.0,0.00200822,0.89322342,0.0,0.07203048,51980,6,0.07092492,3.1967375
248,6,20021106,0.98265182,0.03104989,0.00151412,0.0,0.00199117,0.89861497,0.0,0.06682985,53005,6,0.06262996,3.1977354
248,7,20021107,0.9826589,0.03114376,0.00150107,0.0,0.00196517,0.9046007,0.0,0.0607893,56076,6,0.0959783,3.197069
248,8,20021108,0.98267281,0.03142078,0.00159255,0.0,0.001974,0.89804588,0.0,0.0669668,51981,6,0.08931887,3.19773
248,9,20021109,0.98222185,0.02629016,0.00141298,0.0,0.00145029,0.97074109,0.0,0.00010548,47914,6,0.06999975,3.1970747
248,10,20021110,0.98267127,0.03105253,0.00143901,0.0,0.00194361,0.88535567,0.0,0.08020919,56108,6,0.07165889,3.1970747
249,1,20021131,0.95860857,0.01062736,0.00131435,0.00022056,0.00039617,0.98722174,0.00021722,2.6e-06,36941,6,0.22555579,0.9913646
249,2,20021132,0.95872828,0.010549,0.00131079,0.00021042,0.0003682,0.98735989,0.00019949,2.2e-06,36877,6,0.29243305,0.9913692
249,3,20021133,0.95804304,0.01051507,0.00129361,0.00020972,0.00034018,0.98744079,0.00019865,1.98e-06,32779,6,0.19459826,0.9913682
249,4,20021134,0.95848094,0.01083536,0.00132848,0.00023531,0.00045074,0.98691352,0.00023371,2.88e-06,36879,6,0.15310119,0.9913692
249,5,20021135,0.95860841,0.01078727,0.00132604,0.00022209,0.0004644,0.98697744,0.00021942,3.32e-06,36939,6,0.13438183,0.9913646
249,6,20021136,0.95865757,0.01071215,0.00132666,0.00022327,0.0004266,0.98709055,0.00021803,2.74e-06,36879,6,0.23886177,0.9913692
249,7,20021137,0.95840501,0.01049314,0.00129715,0.00021333,0.00033882,0.98745178,0.00020393,1.85e-06,32845,6,0.23710962,0.9913636
249,8,20021138,0.95871351,0.01086379,0.00133773,0.00022417,0.00047249,0.98687816,0.00022046,3.2e-06,32845,6,0.10016709,0.9913636
249,9,20021139,0.95853266,0.01054723,0.0012967,0.00022577,0.00034281,0.98736596,0.00021992,1.61e-06,32781,6,0.19217812,0.9913682
249,10,20021140,0.95846579,0.0110547,0.00134997,0.0002266,0.00056542,0.98657078,0.00022805,4.48e-06,32907,6,0.23163634,0.9913498
250,1,20021161,0.99318725,0.01875103,0.01052796,0.0,0.0034333,0.00298429,0.0,0.96430342,50687,7,0.10973084,0.9989453
250,2,20021162,0.99316176,0.01874287,0.01002988,0.0,0.00340294,0.00309277,0.0,0.96473154,55295,7,0.04888425,0.9989473
250,3,20021163,0.9931285,0.01869235,0.01046704,0.0,0.00341926,0.0029741,0.0,0.96444724,16255,7,0.0613406,0.9989473
250,4,20021164,0.99316328,0.01873054,0.01027065,0.0,0.00340746,0.00308251,0.0,0.96450884,32639,7,0.06393646,0.9989473
250,5,20021165,0.99316922,0.01873354,0.01057366,0.0,0.00339661,0.00293471,0.0,0.96436149,53247,7,0.07480015,0.9989463
250,6,20021166,0.99318302,0.01879547,0.01045425,0.0,0.00340461,0.00291292,0.0,0.96443275,50687,7,0.0751504,0.9989453
250,7,20021167,0.99320062,0.01876221,0.01031731,0.0,0.0034489,0.00340216,0.0,0.96406942,52735,7,0.0790254,0.9989453
250,8,20021168,0.99319215,0.01875563,0.01043739,0.0,0.00342464,0.00305176,0.0,0.96433058,62975,7,0.09312809,0.9989463
250,9,20021169,0.99320501,0.01873104,0.01045164,0.0,0.00340502,0.00299709,0.0,0.9644152,65535,7,0.09369631,0.9989473
250,10,20021170,0.99317806,0.01874829,0.01018359,0.0,0.00341928,0.00337324,0.0,0.9642756,65535,7,0.07106745,0.9989473
251,1,20021191,0.98374907,0.03194951,0.00399203,0.0,0.0036968,0.85768635,2.937e-05,0.10264595,51979,6,0.14749851,2.37193
251,2,20021192,0.98412641,0.02977494,0.00341712,0.0,0.00348285,0.8251958,2.752e-05,0.13810178,51979,6,0.16872264,2.37193
251,3,20021193,0.98393721,0.03083567,0.00371189,0.0,0.00367593,0.85384833,2.881e-05,0.10789938,51979,6,0.1301035,2.37193
251,4,20021194,0.98310333,0.03485427,0.0048625,0.0,0.0038471,0.85862409,2.986e-05,0.09778217,56076,6,0.08916767,2.371269
251,5,20021195,0.98326138,0.03344557,0.00400392,0.0,0.00368082,0.83578782,2.84e-05,0.12305347,51979,6,0.14066963,2.37193
251,6,20021196,0.98350563,0.03270053,0.00428177,0.0,0.00370981,0.83478055,2.888e-05,0.12449847,51979,6,0.11352081,2.37193
251,7,20021197,0.98436097,0.02910333,0.00286211,0.0,0.00365327,0.84958769,2.878e-05,0.11476482,56074,6,0.14576216,2.371269
251,8,20021198,0.98413393,0.03002528,0.00429729,0.0,0.00374151,0.85392185,2.927e-05,0.10798479,56074,6,0.13800458,2.371269
251,9,20021199,0.98412701,0.03005168,0.00329934,0.0,0.0036784,0.8448429,2.834e-05,0.11809933,51979,6,0.17638463,2.37193
251,10,20021200,0.98375674,0.03171151,0.0038577,0.0,0.00363517,0.83567142,2.842e-05,0.12509578,51979,6,0.10641399,2.37193
252,1,20021221,0.96446088,0.01726585,0.0,0.00207133,0.00060902,0.97989349,0.00015228,8.03e-06,24415,6,0.12276691,0.9934902
252,2,20021222,0.96462921,0.0171431,0.0,0.00207177,0.00059831,0.98002793,0.00015206,6.83e-06,57311,6,0.09967713,0.9934902
252,3,20021223,0.96468903,0.01702873,0.0,0.00207002,0.00057712,0.98016446,0.00015217,7.51e-06,23391,6,0.19342137,0.9934808
252,4,20021224,0.96458954,0.0173848,0.0,0.00207076,0.000608,0.97977592,0.00015263,7.9e-06,40799,6,0.11052113,0.9934902
252,5,20021225,0.96454421,0.01737609,0.0,0.00207098,0.00060767,0.97978547,0.00015251,7.28e-06,8031,6,0.1910326,0.9934882
252,6,20021226,0.96451676,0.0168865,0.0,0.00207071,0.00057777,0.98030604,0.00015237,6.62e-06,23967,6,0.09329669,0.9934713
252,7,20021227,0.9644572,0.01749226,0.0,0.00207146,0.00062426,0.97965292,0.00015217,6.92e-06,14175,6,0.09682689,0.9934808
252,8,20021228,0.96451462,0.01739095,0.0,0.0020702,0.00063064,0.97974867,0.000152,7.55e-06,43999,6,0.08479169,0.9934873
252,9,20021229,0.96428974,0.01742658,0.0,0.00207178,0.00062684,0.97971578,0.00015213,6.9e-06,61407,6,0.08037665,0.9934893
252,10,20021230,0.96460223,0.01744797,0.0,0.00207053,0.00060972,0.97971231,0.0001521,7.38e-06,14303,6,0.08472781,0.9934902
253,1,20021251,0.98427089,0.02849189,0.00126218,0.0,0.00241613,0.65249243,0.0,0.31533738,44845,7,0.10657452,2.6773506
253,2,20021252,0.98305223,0.03350048,0.00153133,0.0,0.00221198,0.61847716,0.0,0.34427906,57132,6,0.13107055,2.6766895
253,3,20021253,0.98534052,0.02611379,0.00325687,0.0,0.00148524,0.9405651,0.0,0.02857898,54011,6,0.55376473,2.6773516
253,4,20021254,0.98308463,0.03370538,0.00155083,0.0,0.00239803,0.62805501,0.0,0.33429075,57132,6,0.12839509,2.6766895
253,5,20021255,0.98428173,0.02865452,0.00130058,0.0,0.00241697,0.63689795,0.0,0.33072998,48909,7,0.12367303,2.6773549
253,6,20021256,0.98309496,0.03358217,0.00156049,0.0,0.00225358,0.6185406,0.0,0.34406316,57133,7,0.15487756,2.6773516
253,7,20021257,0.984348,0.02856588,0.00126603,0.0,0.00230368,0.62356701,0.0,0.34429741,48940,6,0.13629563,2.6766895
253,8,20021258,0.98430038,0.02815393,0.00124618,0.0,0.00229643,0.63889967,0.0,0.3294038,48940,6,0.12955381,2.6766895
253,9,20021259,0.98307705,0.03339917,0.00158569,0.0,0.00219598,0.61382899,0.0,0.34899016,53037,7,0.15793079,2.6773506
253,10,20021260,0.98313503,0.03370166,0.001568,0.0,0.00236013,0.59097383,0.0,0.37139638,57132,6,0.16933062,2.6766895
254,1,20021281,0.80741646,0.11916049,0.11465809,0.0,0.09017242,0.5047286,0.05557118,0.11570922,22927,6,0.07156515,0.9913285
254,2,20021282,0.80786086,0.10891679,0.13407698,0.0,0.07812057,0.46308342,0.067342,0.14846024,23175,7,0.06222693,0.99059
254,3,20021283,0.82347644,0.1068486,0.12541833,0.0,0.07812763,0.50417597,0.05318365,0.13224582,23951,6,0.0603935,0.9913247
254,4,20021284,0.78286087,0.11856258,0.12964569,0.0,0.09181206,0.45471024,0.07641815,0.12885127,22927,6,0.0516595,0.9913285
254,5,20021285,0.76488161,0.13209226,0.11498707,0.0,0.10218858,0.48276791,0.08092682,0.08703735,23951,6,0.04664253,0.9913247
254,6,20021286,0.77488075,0.1261127,0.13376562,0.0,0.09861216,0.46826312,0.07627503,0.09697138,23951,6,0.05030313,0.9913247
254,7,20021287,0.80497506,0.11848011,0.13260567,0.0,0.08539347,0.50058764,0.06210235,0.10083077,23951,6,0.06602114,0.9913247
254,8,20021288,0.79004248,0.1185158,0.12594801,0.0,0.09048548,0.49383382,0.07164896,0.09956792,23951,6,0.06317543,0.9913247
254,9,20021289,0.77842461,0.12650418,0.13136227,0.0,0.10110878,0.43304489,0.06911101,0.13886888,22927,6,0.05199779,0.9913285
254,10,20021290,0.79103863,0.11395948,0.11662211,0.0,0.0826113,0.47177637,0.07754668,0.13748406,22927,6,0.04866253,0.9913285
255,1,20021311,0.97549552,0.01606926,0.0,0.0,0.00250387,0.05780616,0.0,0.92362071,59391,7,0.0578793,0.9959561
255,2,20021312,0.97551665,0.01603927,0.0,0.0,0.00247683,0.03484792,0.0,0.94663598,16383,7,0.05948266,0.9959571
255,3,20021313,0.97551148,0.01604881,0.0,0.0,0.00249485,0.04607528,0.0,0.93538106,53119,7,0.06269556,0.9959561
255,4,20021314,0.97549053,0.01601869,0.0,0.0,0.00248095,0.04577984,0.0,0.93572052,62975,7,0.05916364,0.9959531
255,5,20021315,0.97555389,0.01603644,0.0,0.0,0.00248788,0.01520465,0.0,0.96627104,44415,7,0.06767574,0.9959521
255,6,20021316,0.97559352,0.01611061,0.0,0.0,0.00250065,0.03919955,0.0,0.94218919,60927,7,0.07659608,0.9959521
255,7,20021317,0.97546864,0.01607541,0.0,0.0,0.00246086,0.0665764,0.0,0.91488733,40447,7,0.06119759,0.9959531
255,8,20021318,0.97557694,0.01613298,0.0,0.0,0.00249155,0.04805948,0.0,0.93331599,63359,7,0.05661208,0.9959571
255,9,20021319,0.97552039,0.01600946,0.0,0.0,0.00248745,0.06949762,0.0,0.91200547,57215,7,0.08540397,0.9959571
255,10,20021320,0.97555836,0.01607751,0.0,0.0,0.00250711,0.04063736,0.0,0.94077802,52735,7,0.06506365,0.9959521
256,1,20021341,0.98277414,0.03086019,0.00122265,0.0,0.00226703,0.89215956,0.0,0.07349057,56076,6,0.14598303,3.2063094
256,2,20021342,0.98276705,0.03116308,0.00122251,0.0,0.00226327,0.87634649,0.0,0.08900466,56076,6,0.17160232,3.2063094
256,3,20021343,0.9827179,0.03095687,0.00132233,0.0,0.0020787,0.84744584,0.0,0.11819626,51980,6,0.11746391,3.2059779
256,4,20021344,0.98180222,0.02667917,0.00097097,0.0,0.00177182,0.97045064,0.0,0.0001274,47882,6,0.09962131,3.2063094
256,5,20021345,0.98395638,0.02583555,0.00097023,0.0,0.00226601,0.89449757,0.0,0.07643064,56074,6,0.11161953,3.2063094
256,6,20021346,0.98273395,0.03099233,0.00122585,0.0,0.00215803,0.87015409,0.0,0.09546969,51980,6,0.11429047,3.2059779
256,7,20021347,0.98168689,0.02905112,0.00066336,0.0,0.00182479,0.96809134,0.0,0.00036939,56860,6,0.15393509,3.2063151
256,8,20021348,0.98267928,0.03109539,0.00130992,0.0,0.0022054,0.87175783,0.0,0.09363146,56076,6,0.12462571,3.2063094
256,9,20021349,0.98399115,0.02599694,0.00098466,0.0,0.00221156,0.87367106,0.0,0.09713578,56074,6,0.11747577,3.2063094
256,10,20021350,0.98176098,0.02648763,0.00093817,0.0,0.00173002,0.97071295,0.0,0.00013122,47882,6,0.12175486,3.2063094
257,1,20021371,0.96202821,0.01838931,0.0,0.00204086,0.00068477,0.97871071,0.00016546,8.88e-06,33247,6,0.13981415,0.9940154
257,2,20021372,0.96199966,0.01909845,0.0,0.00204345,0.00069092,0.97799537,0.00016411,7.68e-06,37343,6,0.19896603,0.9940164
257,3,20021373,0.65371052,0.01595367,0.0,0.61870126,0.00060322,0.3645715,0.00016747,2.88e-06,40913,2,0.24205879,0.4956492
257,4,20021374,0.95872217,0.01316086,0.0,0.00182725,0.00060515,0.98424074,0.00015494,1.106e-05,63695,6,0.103652,0.9920344
257,5,20021375,0.9610272,0.01482625,0.0,0.00196124,0.00041172,0.98263843,0.00015865,3.7e-06,33055,6,0.29364135,0.9940214
257,6,20021376,0.9612182,0.01563417,0.0,0.00195912,0.0004937,0.98174849,0.00015962,4.9e-06,33055,6,0.27197673,0.9940214
257,7,20021377,0.96155936,0.01692011,0.0,0.00198841,0.00057316,0.98035212,0.00016049,5.72e-06,33119,6,0.39620897,0.9940154
257,8,20021378,0.96166332,0.01659596,0.0,0.00198203,0.00066033,0.98058949,0.00016496,7.23e-06,33247,6,0.21963919,0.9940154
257,9,20021379,0.46618115,0.01179355,0.0,0.98625693,0.00045708,0.00131065,0.00018052,1.27e-06,39105,2,0.64752509,0.4946507
257,10,20021380,0.95837926,0.01293943,0.0,0.00182367,0.00060903,0.98445814,0.00015476,1.496e-05,57547,6,0.11915289,0.9920175
258,1,20021401,0.98881326,0.03645123,0.02178556,2.17e-06,0.00221072,0.0,0.00036475,0.93918557,48941,7,0.68850326,1.4415695
258,2,20021402,0.98655689,0.04703915,0.03656966,2.35e-06,0.0025978,0.0,0.00042628,0.91336475,53037,7,0.3711522,1.4415686
258,3,20021403,0.98622014,0.04928393,0.03652682,2.22e-06,0.00264731,0.0,0.00043607,0.91110365,53037,7,0.3332171,1.4415686
258,4,20021404,0.98631208,0.04901995,0.02749364,2.1e-06,0.00252478,0.0,0.00039597,0.92056356,57133,7,0.70776639,1.4415695
258,5,20021405,0.98856928,0.03781433,0.02618103,1.98e-06,0.00227203,0.0,0.00038503,0.9333456,48909,7,0.42250564,1.4415704
258,6,20021406,0.98889011,0.03654596,0.01651358,2.23e-06,0.00219165,0.0,0.0003451,0.94440148,48941,7,0.72332863,1.4415695
258,7,20021407,0.98892299,0.03757994,0.01300211,2.06e-06,0.00217211,0.0,0.00033482,0.94690894,44845,7,0.92082148,1.4415686
258,8,20021408,0.98598666,0.04834783,0.04815791,2.25e-06,0.00272306,0.0,0.00048998,0.90027897,57101,7,0.34048741,1.4415704
258,9,20021409,0.98890845,0.03678408,0.01667469,2.12e-06,0.00219093,0.0,0.00034371,0.94400447,48941,7,0.54121579,1.4415695
258,10,20021410,0.98854895,0.03792005,0.02700082,2.46e-06,0.00230901,0.0,0.00040652,0.93236114,48941,7,0.36600855,1.4415695
259,1,20021431,0.98020967,0.04955999,0.02919705,0.0,0.00883501,0.63027549,0.0008515,0.28128096,51980,6,0.06704397,1.6039842
259,2,20021432,0.97994673,0.04835895,0.04320971,0.0,0.00797101,0.60792775,0.00164793,0.29088465,52994,6,0.04667624,1.6036556
259,3,20021433,0.97941126,0.05017088,0.03816391,0.0,0.00784785,0.63654161,0.00149624,0.26577951,51979,6,0.0717193,1.6049767
259,4,20021434,0.98056306,0.04683514,0.03118695,0.0,0.00765518,0.66595819,0.00131115,0.24705339,51972,6,0.09634197,1.6036527
259,5,20021435,0.98125399,0.0471503,0.0313129,0.0,0.00747766,0.62873529,0.00089465,0.28442918,51978,6,0.0592124,1.6039842
259,6,20021436,0.98111169,0.04787754,0.02663772,0.0,0.00790193,0.6753036,0.0009904,0.24128882,51978,6,0.074956,1.6039842
259,7,20021437,0.98091213,0.04685821,0.0292588,0.0,0.00793237,0.60938969,0.00096228,0.30559865,51971,6,0.05501925,1.6039841
259,8,20021438,0.9818149,0.04430665,0.03153362,0.0,0.00707165,0.62916245,0.00060551,0.28732011,51979,6,0.07600426,1.6049767
259,9,20021439,0.98143672,0.04550297,0.03415538,0.0,0.00687445,0.61177656,0.0008742,0.30081644,51970,6,0.06638218,1.6036527
259,10,20021440,0.98088493,0.04818284,0.02486888,0.0,0.00749102,0.64062493,0.00066758,0.27816475,51980,6,0.09003976,1.6039842
260,1,20021461,0.96588439,0.0152196,0.0,0.00181409,0.00224931,0.02348825,0.0,0.95722874,45023,7,0.11555771,0.9938135
260,2,20021462,0.96598553,0.01520198,0.0,0.00181383,0.00221056,0.03396038,0.0,0.94681325,61407,7,0.14239162,0.9938135
260,3,20021463,0.96560897,0.01504775,0.0,0.00181382,0.00222594,0.0551582,0.0,0.92575429,43999,7,0.08219246,0.9938115
260,4,20021464,0.96590201,0.01514167,0.0,0.00181331,0.00224973,0.01293164,0.0,0.96786365,14303,7,0.13283173,0.9938144
260,5,20021465,0.96557129,0.01504937,0.0,0.00181351,0.00225597,0.04038647,0.0,0.94049468,61407,7,0.12602531,0.9938135
260,6,20021466,0.96617745,0.01520751,0.0,0.00181265,0.00217622,0.05509129,0.0,0.92571233,63455,7,0.15631312,0.9938145
260,7,20021467,0.96580808,0.01511968,0.0,0.00181446,0.00222241,0.03053193,0.0,0.95031153,43999,7,0.13628859,0.9938115
260,8,20021468,0.96532412,0.01487815,0.0,0.00181427,0.00223928,0.02188002,0.0,0.95918828,30687,7,0.08300194,0.9938145
260,9,20021469,0.96585809,0.0151071,0.0,0.00181316,0.0022102,0.08148464,0.0,0.8993849,45023,7,0.07363152,0.9938135
260,10,20021470,0.96581115,0.01510861,0.0,0.00181339,0.00224568,0.02915141,0.0,0.95168092,65503,7,0.06324779,0.9938145
261,1,20021491,0.98258779,0.02599372,0.00093968,0.0,0.00139716,0.97158941,0.0,8.004e-05,48938,6,0.07513456,3.2106874
261,2,20021492,0.98277258,0.03104195,0.00110802,0.0,0.00199801,0.73827986,0.0,0.22757215,53037,7,0.09068162,3.2113485
261,3,20021493,0.98275853,0.03090824,0.0011542,0.0,0.00205077,0.84843012,0.0,0.11745668,57132,6,0.09582015,3.2106874
261,4,20021494,0.94771129,0.33739593,0.24887911,0.0,0.00138109,0.41229694,0.0,4.694e-05,47867,4,0.21354194,3.2069837
261,5,20021495,0.98326498,0.02762023,0.00101983,0.0,0.00199968,0.78103518,0.0,0.18832508,48908,6,0.07144296,3.2106921
261,6,20021496,0.98273996,0.03078401,0.00113521,0.0,0.00195301,0.78860667,0.0,0.17752109,53036,6,0.08390348,3.2103559
261,7,20021497,0.98276853,0.03088746,0.00115601,0.0,0.00202649,0.78368048,0.0,0.18224956,52012,6,0.07547972,3.2103608
261,8,20021498,0.98275944,0.03074351,0.00116479,0.0,0.00183901,0.75373857,0.0,0.21251411,57133,7,0.07185631,3.2113494
261,9,20021499,0.98221741,0.02389519,0.0004812,0.0,0.00115952,0.97440965,0.0,5.444e-05,46987,6,0.21677466,3.2113538
261,10,20021500,0.98068617,0.0493273,0.01909328,0.0,0.00222482,0.75723095,0.0,0.17212365,44844,6,0.05750223,3.2103559
262,1,20021521,0.89213956,0.02146823,0.016881,0.01674837,0.00815447,0.8795108,0.05722682,1.031e-05,22479,6,0.27491555,0.9923549
262,2,20021522,0.91343713,0.01804804,0.02309841,0.00533707,0.00234665,0.90679011,0.04421823,0.00016149,32841,6,0.19161579,0.992182
262,3,20021523,0.95136069,0.01685653,0.01350102,0.00335996,0.00248232,0.95502373,0.00877128,5.16e-06,22479,6,0.1589774,0.9923549
262,4,20021524,0.92532134,0.01462031,0.01252631,0.00885298,0.00148528,0.93226004,0.03025257,2.51e-06,32843,6,0.25602217,0.992182
262,5,20021525,0.91870739,0.01657762,0.0141079,0.00880296,0.00675814,0.92176279,0.03197012,2.046e-05,36873,6,0.22720327,0.9921868
262,6,20021526,0.91944523,0.01619922,0.01747839,0.00935113,0.0023423,0.91858786,0.03583121,0.00020989,36875,6,0.25633677,0.9921868
262,7,20021527,0.89018957,0.01835976,0.01469467,0.01834677,0.00283534,0.88422683,0.06102788,0.00050874,32847,6,0.25010602,0.992182
262,8,20021528,0.93136371,0.01482279,0.02416739,0.0039803,0.00124129,0.92708098,0.02781271,0.00089453,36939,6,0.3768515,0.992183
262,9,20021529,0.95324508,0.014776,0.01073566,0.00022219,0.00102667,0.96412462,0.00908842,2.644e-05,32779,6,0.16641928,0.9921858
262,10,20021530,0.94198086,0.01908655,0.02039162,0.00463543,0.00198042,0.93484452,0.01905325,8.22e-06,22479,6,0.20405203,0.9923549
263,1,20021551,0.98583069,0.01690615,0.00461816,0.0,0.00281371,0.05474647,0.0,0.92091552,56831,7,0.06514323,0.997706
263,2,20021552,0.98581998,0.01696062,0.0046418,0.0,0.00281134,0.03682027,0.0,0.93876596,54783,7,0.07023663,0.997706
263,3,20021553,0.98581276,0.01686685,0.0046156,0.0,0.00279975,0.02936239,0.0,0.94635541,62975,7,0.06293025,0.997706
263,4,20021554,0.98584174,0.01693812,0.00456695,0.0,0.00282996,0.02045851,0.0,0.95520645,55295,7,0.08272224,0.9977083
263,5,20021555,0.98583767,0.01693345,0.00470386,0.0,0.0028107,0.02588646,0.0,0.94966553,61311,7,0.07467175,0.9977073
263,6,20021556,0.98582817,0.01686601,0.00447749,0.0,0.00281965,0.01783258,0.0,0.95800427,49151,7,0.06424867,0.9977083
263,7,20021557,0.98583067,0.0168978,0.00466442,0.0,0.002822,0.01414428,0.0,0.9614715,36863,7,0.05743825,0.9977073
263,8,20021558,0.98584367,0.01691505,0.00464348,0.0,0.0028303,0.01097428,0.0,0.96463689,57343,7,0.08193381,0.9977083
263,9,20021559,0.98584006,0.01694598,0.00479204,0.0,0.00282846,0.00980691,0.0,0.9656266,36863,7,0.11093805,0.9977073
263,10,20021560,0.98581694,0.01690293,0.00459614,0.0,0.00280816,0.02924522,0.0,0.94644755,55295,7,0.06543982,0.9977083
264,1,20021581,0.98533825,0.0148228,0.00784498,0.0,0.00072405,0.97659587,0.0,1.23e-05,8436,6,0.58085207,2.8733083
264,2,20021582,0.9842278,0.02652086,0.00159704,0.0,0.0027665,0.86428638,0.0,0.10482922,57098,6,0.1621678,2.8746327
264,3,20021583,0.98424538,0.02648025,0.00148984,0.0,0.00282721,0.86162664,0.0,0.10757606,51978,6,0.14848984,2.8742961
264,4,20021584,0.98430652,0.02621021,0.00155691,0.0,0.00285974,0.87506587,0.0,0.09430727,56074,6,0.15082613,2.8746276
264,5,20021585,0.98420578,0.02640445,0.00158376,0.0,0.0028298,0.86012516,0.0,0.10905683,56074,6,0.14627087,2.8746276
264,6,20021586,0.98397549,0.02653485,0.0057647,0.0,0.00274389,0.87121283,0.0,0.09374373,51978,6,0.15129321,2.8742961
264,7,20021587,0.9842496,0.02654474,0.00160197,0.0,0.00282553,0.8566726,0.0,0.11235516,56074,6,0.15671167,2.8746276
264,8,20021588,0.98277753,0.03199505,0.0020769,0.0,0.00297329,0.87428632,0.0,0.08866844,57100,6,0.08014806,2.8746327
264,9,20021589,0.98422977,0.02627335,0.00153718,0.0,0.00285746,0.87343787,0.0,0.09589415,51978,6,0.13847834,2.8742961
264,10,20021590,0.98411537,0.02676967,0.00288292,0.0,0.00283969,0.87583243,0.0,0.09167529,57098,6,0.11193659,2.8746327
265,1,20021611,0.96290916,0.01787095,0.0,0.00208235,0.00063845,0.97924861,0.00015253,7.12e-06,62879,6,0.09651027,0.9932401
265,2,20021612,0.96276168,0.01786156,0.0,0.00208077,0.00063872,0.9792586,0.00015275,7.61e-06,47967,6,0.06544025,0.9932354
265,3,20021613,0.96294852,0.01794264,0.0,0.00208077,0.00064389,0.97917185,0.00015318,7.67e-06,23391,6,0.16223928,0.9932344
265,4,20021614,0.9629204,0.01739703,0.0,0.00207971,0.00060453,0.97975889,0.0001529,6.95e-06,23007,6,0.06842945,0.9932247
265,5,20021615,0.963029,0.0183482,0.0,0.00208232,0.00065462,0.9787548,0.00015268,7.38e-06,22367,6,0.09923629,0.9932344
265,6,20021616,0.96283166,0.01778993,0.0,0.00208099,0.00063449,0.97933418,0.00015258,7.83e-06,32159,6,0.08626604,0.9932402
265,7,20021617,0.96298064,0.01805531,0.0,0.00208158,0.000651,0.9790519,0.00015255,7.66e-06,61407,6,0.08130497,0.9932432
265,8,20021618,0.9630905,0.01814234,0.0,0.00208286,0.0006511,0.97896214,0.00015266,8.91e-06,24415,6,0.10679296,0.9932441
265,9,20021619,0.9629835,0.01773103,0.0,0.00208087,0.00063759,0.97939015,0.00015282,7.55e-06,23519,6,0.12000379,0.9932412
265,10,20021620,0.96298304,0.01785164,0.0,0.00207992,0.00062236,0.97928597,0.00015263,7.48e-06,14175,6,0.10642234,0.9932344
266,1,20021641,0.98525552,0.02991864,0.00186795,0.0,0.00248399,0.54363898,0.00012197,0.42196847,44845,7,0.14854646,2.3519912
266,2,20021642,0.98456969,0.03202444,0.00212642,0.0,0.0025253,0.5496636,0.00012265,0.4135376,44845,7,0.13607934,2.3519912
266,3,20021643,0.98411553,0.03333721,0.00235769,0.0,0.00235301,0.52432363,0.00012005,0.43750841,57133,7,0.16612144,2.3519922
266,4,20021644,0.98357191,0.03587065,0.00258392,0.0,0.00263017,0.55215903,0.00012655,0.40662968,53037,7,0.21301506,2.3519912
266,5,20021645,0.98414927,0.03300623,0.00220832,0.0,0.00233168,0.55454618,0.00012026,0.40778732,57133,7,0.11010087,2.3519922
266,6,20021646,0.98353844,0.03601931,0.00264746,0.0,0.00254857,0.52121043,0.00012068,0.43745355,57133,7,0.16300302,2.3519922
266,7,20021647,0.98512148,0.02984583,0.00189376,0.0,0.00269685,0.56315944,0.00012439,0.40227972,44845,7,0.15706215,2.3519912
266,8,20021648,0.98516678,0.02968387,0.00194593,0.0,0.00260322,0.5474382,0.00012448,0.4182043,48941,7,0.16812012,2.3519922
266,9,20021649,0.98546788,0.02899391,0.00176189,0.0,0.00224399,0.50436473,0.00011617,0.46251932,48941,7,0.29421209,2.3519922
266,10,20021650,0.9854509,0.02912712,0.00181555,0.0,0.00227236,0.48853396,0.00011518,0.47813582,44845,7,0.2943219,2.3519912
267,1,20021671,0.98102387,0.0332971,0.06223892,0.0,0.0007829,0.0,0.00010976,0.90357131,23183,7,0.90294964,0.994939
267,2,20021672,0.98099538,0.03319461,0.06269011,0.0,0.00078791,0.0,0.00011109,0.90321629,23183,7,0.89109399,0.994939
267,3,20021673,0.98099015,0.03340769,0.06219496,0.0,0.00079819,0.0,0.00010901,0.90349014,23183,7,0.90276634,0.994939
267,4,20021674,0.98098858,0.03324896,0.06315691,0.0,0.00079276,0.0,0.00011181,0.90268956,23183,7,0.90195023,0.994939
267,5,20021675,0.98086171,0.03363646,0.06583837,0.0,0.00079504,0.0,0.00011755,0.89961258,23183,7,0.80781433,0.994939
267,6,20021676,0.98098857,0.03336924,0.06345608,0.0,0.00079861,0.0,0.00011241,0.90226366,23183,7,0.90182569,0.994939
267,7,20021677,0.98101196,0.03322421,0.06354125,0.0,0.00079642,0.0,0.00011151,0.90232661,23183,7,0.90194981,0.994939
267,8,20021678,0.98060108,0.03436817,0.06654335,0.0,0.00139047,0.0,0.00013481,0.8975632,23183,7,0.75120531,0.994939
267,9,20021679,0.98084904,0.03357901,0.06162533,0.0,0.00090831,0.0,0.00032591,0.90356144,23183,7,0.90262333,0.994939
267,10,20021680,0.98101228,0.03340921,0.06130495,0.0,0.00079381,0.0,0.000108,0.90438403,23183,7,0.90360674,0.994939
268,1,20021701,0.96891257,0.01447582,0.0,0.00104695,0.00226339,0.01716089,0.0,0.96505294,32639,7,0.09850529,0.9948167
268,2,20021702,0.96879409,0.01450562,0.0,0.00104689,0.00224357,0.01207212,0.0,0.9701318,56831,7,0.07778118,0.9948115
268,3,20021703,0.96877987,0.01438776,0.0,0.00104733,0.00221686,0.01565337,0.0,0.96669467,16383,7,0.0584075,0.9948167
268,4,20021704,0.96872834,0.01447185,0.0,0.00104642,0.00224703,0.02155684,0.0,0.96067785,63487,7,0.06480059,0.9948167
268,5,20021705,0.96885805,0.01447083,0.0,0.00104697,0.00224033,0.01526508,0.0,0.96697678,14207,7,0.05315104,0.9948113
268,6,20021706,0.96878011,0.01449582,0.0,0.00104692,0.00225967,0.01516688,0.0,0.96703072,42495,7,0.06354023,0.9948105
268,7,20021707,0.96868611,0.0144784,0.0,0.0010468,0.00223918,0.03787123,0.0,0.94436439,59263,7,0.07726746,0.9948157
268,8,20021708,0.96881973,0.01444807,0.0,0.00104646,0.00223015,0.01598375,0.0,0.96629158,40319,7,0.10146809,0.9948115
268,9,20021709,0.96880032,0.01444768,0.0,0.00104724,0.00225389,0.01921899,0.0,0.96303219,15743,7,0.07417816,0.9948115
268,10,20021710,0.96874049,0.01442686,0.0,0.00104718,0.0022356,0.04557164,0.0,0.93671873,22527,7,0.10342492,0.9948167
269,1,20021731,0.98175436,0.02854272,0.0013842,0.0,0.00144581,0.96853035,0.0,9.692e-05,43789,6,0.065703,3.4379804
269,2,20021732,0.98244111,0.02577357,0.00130077,0.0,0.00162556,0.97102748,0.0,0.00027263,55181,6,0.22295707,3.4379873
269,3,20021733,0.98324704,0.02628217,0.00111824,0.0,0.00196652,0.88655437,0.0,0.0840787,56074,6,0.10575759,3.4373194
269,4,20021734,0.98184785,0.02304834,0.00124875,0.0,0.00166753,0.97396428,0.0,7.11e-05,46987,6,0.2161139,3.4379873
269,5,20021735,0.98326402,0.02627281,0.00115456,0.0,0.00199896,0.89325335,0.0,0.07732031,51978,6,0.10296112,3.4369879
269,6,20021736,0.98206009,0.02560941,0.00110286,0.0,0.00146411,0.97171344,0.0,0.00011018,47882,6,0.05287185,3.4373194
269,7,20021737,0.98242568,0.02665783,0.00057855,0.0,0.00158278,0.97086783,0.0,0.00031301,56860,6,0.21712716,3.4373256
269,8,20021738,0.98169968,0.02326725,0.00049223,0.0,0.0011833,0.9749996,0.0,5.764e-05,48666,6,0.21970198,3.4373256
269,9,20021739,0.98321688,0.02622398,0.0011163,0.0,0.00199757,0.89881023,0.0,0.07185193,56074,6,0.08245965,3.4373194
269,10,20021740,0.98270373,0.02985434,0.00131505,0.0,0.00193118,0.86851643,0.0,0.098383,51981,6,0.07869899,3.4379804
270,1,20021761,0.95385875,0.00978149,0.0,0.00069402,0.00034121,0.98901782,0.00016319,2.27e-06,32847,6,0.1785817,0.9905023
270,2,20021762,0.96040652,0.01449557,0.0,0.00084161,0.0003715,0.98411383,0.00017555,1.93e-06,37151,6,0.67861457,0.9944848
270,3,20021763,0.96044722,0.01608089,0.0,0.0008739,0.00059119,0.98225282,0.0001961,5.1e-06,33247,6,0.46227168,0.9944783
270,4,20021764,0.95315019,0.00978424,0.0,0.00069851,0.00033557,0.98901379,0.00016581,2.09e-06,32841,6,0.19340604,0.9905023
270,5,20021765,0.95359992,0.00969122,0.0,0.00069111,0.00031291,0.98914229,0.00016041,2.07e-06,32777,6,0.32245695,0.9905078
270,6,20021766,0.96039548,0.01560003,0.0,0.00086773,0.00046736,0.98287423,0.00018773,2.93e-06,33183,6,0.31264377,0.9944837
270,7,20021767,0.96029298,0.01381448,0.0,0.00082448,0.00030112,0.98488979,0.00016889,1.25e-06,33055,6,0.97395237,0.9944838
270,8,20021768,0.96022671,0.01570103,0.0,0.00087916,0.00052289,0.98269527,0.00019737,4.28e-06,37279,6,0.26503512,0.9944847
270,9,20021769,0.95326504,0.00979256,0.0,0.00069527,0.00034065,0.98900406,0.00016516,2.3e-06,32905,6,0.15401041,0.9904859
270,10,20021770,0.95370191,0.01003078,0.0,0.00069764,0.00044261,0.98865818,0.00016699,3.8e-06,32781,6,0.21446769,0.9905078
271,1,20021791,0.99795254,0.01950177,0.0134936,0.0,0.00372178,0.00015525,0.0,0.9631276,49151,7,0.06614583,0.9997356
271,2,20021792,0.99798366,0.01951797,0.01332283,0.0,0.00372128,0.00025076,0.0,0.96318716,32255,7,0.10114904,0.9997353
271,3,20021793,0.99799048,0.01952596,0.01339947,0.0,0.0037461,0.00022705,0.0,0.96310143,63487,7,0.11335355,0.9997356
271,4,20021794,0.99791205,0.01954315,0.01359294,0.0,0.00375174,0.00024268,0.0,0.96286948,59391,7,0.07588692,0.9997346
271,5,20021795,0.99795177,0.01953636,0.01332157,0.0,0.00373684,0.00018557,0.0,0.96321966,48639,7,0.08985304,0.9997353
271,6,20021796,0.99791061,0.01953133,0.0139574,0.0,0.00373786,0.00019567,0.0,0.96257775,60927,7,0.08530847,0.9997343
271,7,20021797,0.99790573,0.01949473,0.01337778,0.0,0.00370225,0.0001608,0.0,0.96326444,45055,7,0.12872402,0.9997346
271,8,20021798,0.99798875,0.01957892,0.01343283,0.0,0.00373072,0.00017685,0.0,0.96308068,40959,7,0.10110373,0.9997356
271,9,20021799,0.99793729,0.01954723,0.0138917,0.0,0.00372797,0.00030589,0.0,0.96252722,40959,7,0.08616254,0.9997356
271,10,20021800,0.99789977,0.01953226,0.01387822,0.0,0.00371959,0.0002402,0.0,0.96262974,54783,7,0.07296401,0.9997353
272,1,20021821,0.98349251,0.03457373,0.00494931,0.0,0.00440679,0.8353785,0.00010737,0.12058429,51979,6,0.10319771,2.2226246
272,2,20021822,0.98319365,0.03511323,0.00472265,0.0,0.00422804,0.83831661,8.903e-05,0.11753043,51981,6,0.09630946,2.2226246
272,3,20021823,0.98274565,0.03771535,0.00573016,0.0,0.00441813,0.81774755,0.00011795,0.13427086,56076,6,0.08681947,2.2219636
272,4,20021824,0.9835162,0.03378098,0.00482231,0.0,0.00444517,0.84456419,9.571e-05,0.11229164,51979,6,0.17461755,2.2226246
272,5,20021825,0.98292015,0.03766565,0.00663668,0.0,0.00439848,0.79617164,0.00010947,0.15501809,51980,6,0.10012057,2.2216321
272,6,20021826,0.98362047,0.03310973,0.00464903,0.0,0.00450575,0.87591937,9.997e-05,0.08171615,51979,6,0.173492,2.2226246
272,7,20021827,0.98375172,0.03214169,0.00447438,0.0,0.00425839,0.82163034,0.00011501,0.13738019,51979,6,0.1282727,2.2226246
272,8,20021828,0.98351218,0.03396023,0.00412258,0.0,0.00467449,0.85439571,0.00010094,0.10274606,51979,6,0.18248072,2.2226246
272,9,20021829,0.98343184,0.03428679,0.00484508,0.0,0.00451979,0.83979195,0.00011023,0.11644615,51978,6,0.10466143,2.2216321
272,10,20021830,0.98383104,0.03261306,0.00563044,0.0,0.0039982,0.80778859,8.684e-05,0.14988288,51979,6,0.17406843,2.2226246
273,1,20021851,0.96255899,0.01465035,0.0,0.00222044,0.00219419,0.09209856,0.0,0.88883646,58655,6,0.05496435,0.9931337
273,2,20021852,0.96254305,0.01468437,0.0,0.0022201,0.00216941,0.1614047,0.0,0.81952142,42975,7,0.10784284,0.9931376
273,3,20021853,0.96254189,0.01477176,0.0,0.00221954,0.00217026,0.13313502,0.0,0.84770341,63455,7,0.0787549,0.9931387
273,4,20021854,0.96278211,0.01494102,0.0,0.00222011,0.00220908,0.05228832,0.0,0.92834147,16351,7,0.19940614,0.9931387
273,5,20021855,0.96264349,0.01484957,0.0,0.00221991,0.00217477,0.21420254,0.0,0.7665532,65503,7,0.11190107,0.9931387
273,6,20021856,0.96267607,0.01473044,0.0,0.00222003,0.0021237,0.22805102,0.0,0.75287481,8159,7,0.09530634,0.9931367
273,7,20021857,0.96270425,0.01491629,0.0,0.00221962,0.0022074,0.08106692,0.0,0.89958977,64479,7,0.07371168,0.9931435
273,8,20021858,0.96293018,0.01502093,0.0,0.00222042,0.00227015,0.02275771,0.0,0.95773079,8159,7,0.17475271,0.9931367
273,9,20021859,0.96257459,0.0148543,0.0,0.00222056,0.00219869,0.1161211,0.0,0.86460535,52191,7,0.08075815,0.9931357
273,10,20021860,0.96278922,0.01490838,0.0,0.00222013,0.00213689,0.20651388,0.0,0.77422071,40927,7,0.09503904,0.9931387
274,1,20021881,0.98169157,0.02773051,0.00093051,0.0,0.00126616,0.9700165,0.0,5.631e-05,55179,6,0.26225323,3.086365
274,2,20021882,0.98228305,0.02342925,0.00048302,0.0,0.00145225,0.97461372,0.0,2.176e-05,50842,6,0.21486035,3.085372
274,3,20021883,0.98394764,0.02691854,0.00087502,0.0,0.00209416,0.68451785,0.0,0.28559443,48940,6,0.12041949,3.0856988
274,4,20021884,0.98243343,0.02370003,0.0004487,0.0,0.00121019,0.97459244,0.0,4.865e-05,42891,6,0.23474387,3.086364
274,5,20021885,0.98393463,0.02678184,0.00088006,0.0,0.00223005,0.69888811,0.0,0.27121994,48940,6,0.11930545,3.0856988
274,6,20021886,0.98303685,0.03074417,0.00113496,0.0,0.00195974,0.66869988,0.0,0.29746124,57132,6,0.10976732,3.0856988
274,7,20021887,0.98393649,0.02682905,0.00084969,0.0,0.00218679,0.70596425,0.0,0.26417022,48940,6,0.09823582,3.0856988
274,8,20021888,0.98384791,0.02654897,0.00087676,0.0,0.00213487,0.70764487,0.0,0.26279453,48908,6,0.09307662,3.0857033
274,9,20021889,0.98302289,0.03112677,0.00107125,0.0,0.00213375,0.74626846,0.0,0.21939976,57132,6,0.14394723,3.0856988
274,10,20021890,0.98296958,0.03071971,0.0011219,0.0,0.00203086,0.71067915,0.0,0.25544838,57132,6,0.09944146,3.0856988
275,1,20021911,0.89188314,0.04916491,0.09612209,0.0,0.01317311,0.78007812,0.05918477,0.002277,22479,6,0.32655516,0.9944521
275,2,20021912,0.87958331,0.05261246,0.06723474,0.0,0.01892223,0.79338475,0.06580656,0.00203926,22479,6,0.38428933,0.9944521
275,3,20021913,0.88692685,0.04746846,0.07811743,0.0,0.01134269,0.79450213,0.06723214,0.00133715,22479,6,0.40913831,0.9944521
275,4,20021914,0.83662746,0.05507342,0.07582908,0.0,0.01981488,0.74201875,0.10624424,0.00101963,22479,6,0.15534527,0.9944521
275,5,20021915,0.9003668,0.04932311,0.05964313,0.0,0.01007788,0.82328664,0.05490575,0.00276348,22479,6,0.41296371,0.9944521
275,6,20021916,0.8669115,0.05216468,0.05524267,0.0,0.01956321,0.79289167,0.07773358,0.00240419,22479,6,0.44088637,0.9944521
275,7,20021917,0.88005511,0.05184714,0.06726249,0.0,0.01804414,0.79712819,0.06498248,0.00073555,22479,6,0.43106632,0.9944521
275,8,20021918,0.91127754,0.04507348,0.04863381,0.0,0.01163424,0.84907942,0.04410396,0.00147511,22479,6,0.61498406,0.9944521
275,9,20021919,0.89956235,0.0473578,0.03456596,0.0,0.01033211,0.85103167,0.05573011,0.00098236,22479,6,0.69327822,0.9944521
275,10,20021920,0.80267266,0.05878907,0.08927547,0.0,0.02272153,0.69265336,0.13470248,0.00185808,22479,6,0.1989261,0.9944521
276,1,20021941,0.97815617,0.01567865,0.00140922,0.0,0.00239094,0.01296306,0.0,0.96755813,47103,7,0.09693066,0.9964069
276,2,20021942,0.97813247,0.01570245,0.0014028,0.0,0.00238188,0.01868106,0.0,0.96183181,52735,7,0.08485292,0.9964023
276,3,20021943,0.97818115,0.01566057,0.00141361,0.0,0.00239642,0.02061259,0.0,0.9599168,53247,7,0.10870726,0.9964059
276,4,20021944,0.97816143,0.01563128,0.00141246,0.0,0.0023826,0.01376423,0.0,0.96680944,56831,7,0.09785227,0.9964033
276,5,20021945,0.97814878,0.01567606,0.00142501,0.0,0.00239203,0.02135753,0.0,0.95914938,44543,7,0.08768908,0.9964023
276,6,20021946,0.97816152,0.01568559,0.00140277,0.0,0.00239705,0.01166,0.0,0.96885459,45055,7,0.0903424,0.9964059
276,7,20021947,0.97815598,0.01565758,0.00140043,0.0,0.0023848,0.02146078,0.0,0.95909641,44543,7,0.06832452,0.9964023
276,8,20021948,0.97814999,0.01566832,0.00141619,0.0,0.00237612,0.01812914,0.0,0.96241024,46975,7,0.0861066,0.9964041
276,9,20021949,0.97818671,0.01564351,0.0014155,0.0,0.00241047,0.01183317,0.0,0.96869735,44927,7,0.11337494,0.9964059
276,10,20021950,0.97813588,0.01566829,0.00139597,0.0,0.00238607,0.01666873,0.0,0.96388094,60927,7,0.1054396,0.9964023
277,1,20021971,0.98411929,0.02511064,0.00084396,0.0,0.00235062,0.86967782,0.0,0.10201697,56074,6,0.14045923,3.3079538
277,2,20021972,0.98255508,0.03070682,0.00122866,0.0,0.00231204,0.86825298,0.0,0.0974995,56076,6,0.11308039,3.3079538
277,3,20021973,0.98410402,0.02493195,0.00084071,0.0,0.00224097,0.83579462,0.0,0.13619175,56074,6,0.12666045,3.3079538
277,4,20021974,0.98256528,0.03045662,0.00119888,0.0,0.00233011,0.86900855,0.0,0.09700584,56076,6,0.11748605,3.3079538
277,5,20021975,0.98409204,0.02506211,0.00083111,0.0,0.00220872,0.825289,0.0,0.14660905,56074,6,0.16248533,3.3079538
277,6,20021976,0.98263534,0.03067026,0.00115994,0.0,0.00231995,0.85648231,0.0,0.10936755,51980,6,0.18366912,3.3076223
277,7,20021977,0.9825642,0.03082169,0.00115064,0.0,0.00234313,0.87583765,0.0,0.08984689,56076,6,0.17977763,3.3079538
277,8,20021978,0.98410045,0.02507979,0.00087566,0.0,0.00228163,0.85199493,0.0,0.11976799,56074,6,0.17637774,3.3079538
277,9,20021979,0.98251825,0.03065149,0.00119003,0.0,0.00233908,0.86598431,0.0,0.0998351,51981,6,0.10422775,3.3086148
277,10,20021980,0.9840097,0.02545516,0.00087674,0.0,0.00232506,0.85646369,0.0,0.11487935,51978,6,0.13397012,3.3076223
278,1,20022001,0.96148754,0.01763775,0.0,0.00193875,0.00060986,0.97965179,0.00015468,7.17e-06,22367,6,0.14595116,0.9932589
278,2,20022002,0.95579801,0.01268207,0.0,0.00190057,0.00055991,0.98469505,0.00015323,9.18e-06,65103,6,0.08963072,0.9912692
278,3,20022003,0.4672606,0.01195699,0.0,0.98624647,0.00041212,0.00122088,0.0001623,1.23e-06,47510,2,0.29127387,0.4957569
278,4,20022004,0.96081846,0.01739222,0.0,0.00193811,0.00058911,0.97991909,0.00015437,7.1e-06,37279,6,0.14058134,0.9932672
278,5,20022005,0.96077015,0.01728892,0.0,0.00193862,0.00059693,0.98001427,0.0001543,6.97e-06,37215,6,0.18829928,0.9932606
278,6,20022006,0.96182416,0.01815378,0.0,0.00194455,0.00060423,0.97913534,0.00015445,7.65e-06,23007,6,0.139269,0.9932492
278,7,20022007,0.96142879,0.01759983,0.0,0.00194004,0.00061382,0.97968392,0.00015484,7.54e-06,37343,6,0.11569032,0.9932605
278,8,20022008,0.96150852,0.01861839,0.0,0.00195088,0.00066258,0.97860598,0.00015438,7.79e-06,22943,6,0.0646914,0.9932559
278,9,20022009,0.96072952,0.01726544,0.0,0.00193498,0.00061316,0.9800246,0.00015466,7.17e-06,33247,6,0.12558554,0.9932595
278,10,20022010,0.96137431,0.01786816,0.0,0.00193996,0.00061841,0.97941149,0.00015461,7.37e-06,22495,6,0.12435545,0.9932685
279,1,20022031,0.98057441,0.04506249,0.32032363,0.0,0.00566407,0.00207707,0.00107013,0.62580262,53005,7,0.14570647,1.8962953
279,2,20022032,0.98223834,0.04233573,0.281054,0.0,0.00394927,0.00023664,0.00093964,0.67148472,44845,7,0.36298897,1.8962935
279,3,20022033,0.98084122,0.04635909,0.29715958,0.0,0.00498409,0.00013018,0.00083629,0.65053076,57133,7,0.2101652,1.8962945
279,4,20022034,0.9817098,0.04184806,0.30151178,0.0,0.00575854,0.00031659,0.00088167,0.64968336,48941,7,0.20712589,1.8962945
279,5,20022035,0.98197694,0.04206123,0.27618423,0.0,0.00548655,0.00071292,0.00079928,0.67475579,48941,7,0.25818907,1.8962945
279,6,20022036,0.98228691,0.04191292,0.28678233,0.0,0.00353971,0.00070807,0.00057042,0.66648656,57101,7,0.18042996,1.8962963
279,7,20022037,0.98307172,0.03893184,0.29575086,0.0,0.00503655,8.429e-05,0.00071584,0.65948064,48941,7,0.34942806,1.8962945
279,8,20022038,0.98286397,0.03916451,0.28779457,0.0,0.00456526,0.00036074,0.00080989,0.66730502,48941,7,0.22903423,1.8962945
279,9,20022039,0.98095242,0.04587285,0.28943773,0.0,0.00543142,0.00016355,0.00083015,0.6582643,57101,7,0.20338896,1.8962963
279,10,20022040,0.98339786,0.03852829,0.26287424,0.0,0.00347974,0.00024377,0.00053093,0.69434302,44845,7,0.2566972,1.8962935
280,1,20022061,0.98039472,0.04366284,0.27367197,0.0,0.00621964,0.0,0.00108413,0.67536141,19211,7,0.17922909,1.3102367
280,2,20022062,0.97907465,0.04850529,0.32748813,0.0,0.00774503,0.0,0.00077095,0.61549059,19211,7,0.10232189,1.3102367
280,3,20022063,0.97994795,0.04559975,0.29275152,0.0,0.00730095,0.0,0.000378,0.65396977,19211,7,0.08665382,1.3102367
280,4,20022064,0.98098777,0.04238954,0.29577575,0.0,0.00622176,0.0,0.00045103,0.65516192,19211,7,0.16687209,1.3102367
280,5,20022065,0.97971685,0.04294887,0.30710083,0.0,0.0071395,0.0,0.00133391,0.64147689,19211,7,0.12183957,1.3102367
280,6,20022066,0.97817951,0.04964793,0.31523614,0.0,0.00979307,0.0,0.00144604,0.62387683,20235,7,0.08844235,1.3102388
280,7,20022067,0.97899906,0.04649678,0.32201259,0.0,0.00747369,0.0,0.00098166,0.62303528,19211,7,0.07008497,1.3102367
280,8,20022068,0.97925938,0.04558921,0.33050357,0.0,0.00775159,0.0,0.00079695,0.61535868,19211,7,0.09428681,1.3102367
280,9,20022069,0.97780883,0.04843019,0.31626561,0.0,0.00817553,0.0,0.00123851,0.62589017,23306,7,0.08236236,1.3102366
280,10,20022070,0.97899766,0.0464701,0.30491058,0.0,0.006457,0.0,0.00135283,0.6408095,19211,7,0.05634762,1.3102367
281,1,20022091,0.96351423,0.01413965,0.0,0.00151067,0.00216212,0.02727072,0.0,0.95491684,30207,7,0.06436356,0.9937656
281,2,20022092,0.96325913,0.0139861,0.0,0.00150947,0.00214487,0.04150929,0.0,0.94085027,15743,7,0.0607758,0.9937656
281,3,20022093,0.9631111,0.01401939,0.0,0.00151057,0.00216232,0.02960555,0.0,0.95270217,53119,7,0.07267886,0.9937708
281,4,20022094,0.96334488,0.01414487,0.0,0.00151094,0.00215505,0.02397394,0.0,0.9582152,65503,7,0.05915478,0.9937656
281,5,20022095,0.96290502,0.01385683,0.0,0.00151043,0.00217228,0.03255338,0.0,0.94990708,22399,7,0.09390492,0.9937657
281,6,20022096,0.96310693,0.01399884,0.0,0.00151077,0.0021568,0.03728602,0.0,0.94504757,32255,7,0.07047533,0.9937656
281,7,20022097,0.96323092,0.01405878,0.0,0.00151076,0.00215023,0.01771056,0.0,0.96456967,62975,7,0.07535192,0.9937656
281,8,20022098,0.96271375,0.01393368,0.0,0.00151053,0.00216605,0.03443045,0.0,0.94795929,57343,7,0.06116164,0.9937718
281,9,20022099,0.96299566,0.01409337,0.0,0.00151039,0.00218392,0.0134387,0.0,0.96877362,32767,7,0.07829373,0.9937718
281,10,20022100,0.96303812,0.01390637,0.0,0.00151023,0.00216557,0.03711847,0.0,0.94529936,44543,7,0.07447915,0.9937646
282,1,20022121,0.98268151,0.02550821,0.00099928,0.0,0.00137468,0.97192533,0.0,0.0001925,56860,6,0.18228202,3.5414019
282,2,20022122,0.98281712,0.0266723,0.00107158,0.0,0.00181551,0.80538115,0.0,0.16505947,48908,6,0.09039134,3.5414019
282,3,20022123,0.98266357,0.02971596,0.00110453,0.0,0.00191664,0.80504491,0.0,0.16221796,57132,6,0.13437559,3.5413965
282,4,20022124,0.98272552,0.02724709,0.00108866,0.0,0.0013053,0.97028285,0.0,7.611e-05,56106,6,0.0921888,3.5414019
282,5,20022125,0.98278503,0.02669782,0.00105005,0.0,0.00183269,0.79069205,0.0,0.17972739,43788,6,0.05729013,3.541064
282,6,20022126,0.98250813,0.02506666,0.00098331,0.0,0.00130961,0.97256264,0.0,7.779e-05,47914,6,0.06347413,3.5414019
282,7,20022127,0.98252287,0.02501387,0.00100102,0.0,0.00130606,0.97259858,0.0,8.047e-05,44842,6,0.0519815,3.541065
282,8,20022128,0.98264986,0.02972391,0.00113601,0.0,0.00188919,0.80930623,0.0,0.15794467,53037,7,0.06807013,3.5420575
282,9,20022129,0.98256317,0.0250744,0.00094699,0.0,0.00126025,0.9726486,0.0,6.976e-05,47883,6,0.08116865,3.5420575
282,10,20022130,0.98249453,0.02513167,0.00096694,0.0,0.00128474,0.97254166,0.0,7.499e-05,43818,6,0.05077213,3.5410705
283,1,20022151,0.95646617,0.01128859,0.00144085,0.00020048,0.00065461,0.98608167,0.00032929,4.5e-06,37071,6,0.1650336,0.9912286
283,2,20022152,0.95666961,0.01093272,0.00141566,0.00018447,0.00050709,0.98665339,0.00030415,2.52e-06,36943,6,0.16786428,0.9912474
283,3,20022153,0.95601286,0.01108835,0.00142746,0.00019502,0.00058463,0.98638017,0.00032092,3.47e-06,32969,6,0.23895094,0.9912276
283,4,20022154,0.95672967,0.0113599,0.00145286,0.00019384,0.00072997,0.98593873,0.00031932,5.37e-06,37067,6,0.19169756,0.9912285
283,5,20022155,0.95661953,0.01078331,0.00140025,0.00018073,0.00044566,0.98688857,0.00029937,2.11e-06,36939,6,0.18216853,0.9912474
283,6,20022156,0.95598119,0.01097177,0.00141494,0.00018944,0.00054651,0.98656203,0.00031239,2.91e-06,32843,6,0.16893302,0.9912464
283,7,20022157,0.95637321,0.01117335,0.00143832,0.00019072,0.00061589,0.98626468,0.00031338,3.66e-06,36939,6,0.15702758,0.9912474
283,8,20022158,0.95633866,0.01087395,0.00140056,0.00017494,0.00048163,0.98677689,0.00028973,2.31e-06,32843,6,0.22519162,0.9912464
283,9,20022159,0.95668744,0.01135551,0.00144912,0.00019611,0.00069833,0.98597251,0.00032429,4.13e-06,36879,6,0.29115561,0.9912522
283,10,20022160,0.95636215,0.0110819,0.00141946,0.00018767,0.00058296,0.98641691,0.00030776,3.34e-06,32777,6,0.15381202,0.9912512
284,1,20022181,0.99013441,0.01722562,0.00983789,0.0,0.00296524,0.00272735,0.0,0.9672439,49151,7,0.12208356,0.9984234
284,2,20022182,0.9901179,0.01722726,0.00966207,0.0,0.00297982,0.00259098,0.0,0.96753988,45055,7,0.11941353,0.9984224
284,3,20022183,0.99009783,0.0172075,0.00989684,0.0,0.00295156,0.00269141,0.0,0.9672527,51199,7,0.07829616,0.9984224
284,4,20022184,0.99009566,0.01719625,0.01028611,0.0,0.00297344,0.00275709,0.0,0.96678711,32639,7,0.10048496,0.9984234
284,5,20022185,0.99009485,0.01723292,0.00976518,0.0,0.00297778,0.00277922,0.0,0.9672449,30719,7,0.0861451,0.9984234
284,6,20022186,0.99011817,0.01723884,0.00977171,0.0,0.00296068,0.00293532,0.0,0.96709346,63487,7,0.05805095,0.9984234
284,7,20022187,0.99007097,0.01719004,0.00981283,0.0,0.00298232,0.00281268,0.0,0.96720213,32639,7,0.04980769,0.9984234
284,8,20022188,0.99008372,0.01720718,0.00988616,0.0,0.00296359,0.00263637,0.0,0.96730671,30591,7,0.07688625,0.9984234
284,9,20022189,0.99009185,0.01720303,0.00964263,0.0,0.00297531,0.00270209,0.0,0.96747694,46975,7,0.08456862,0.9984216
284,10,20022190,0.99008948,0.0172171,0.00976154,0.0,0.0029537,0.00293967,0.0,0.967128,47103,7,0.1048491,0.9984234
285,1,20022211,0.98195465,0.02116115,0.00069368,0.0,0.00156367,0.9765502,0.0,3.13e-05,52554,6,0.19763185,2.8164272
285,2,20022212,0.98410787,0.02711681,0.00186226,0.0,0.00355303,0.87908374,0.0,0.08838416,51979,6,0.14495692,2.8174146
285,3,20022213,0.98546984,0.01331993,0.00191403,0.0,0.00071532,0.98403847,0.0,1.225e-05,8372,6,0.81324191,2.8154285
285,4,20022214,0.98314704,0.03192192,0.00228638,0.0,0.00360764,0.86318345,0.0,0.09900061,51978,6,0.07110075,2.8164221
285,5,20022215,0.9834829,0.02990466,0.00308468,0.0,0.0032992,0.86037901,0.0,0.10333246,56075,6,0.08420346,2.8174156
285,6,20022216,0.98449535,0.02571941,0.00170525,0.0,0.00298319,0.8418829,0.0,0.12770924,51978,6,0.10027354,2.8164221
285,7,20022217,0.98307892,0.02949385,0.00346493,0.0,0.00351768,0.86879545,0.0,0.09472809,51978,6,0.07893593,2.8164221
285,8,20022218,0.98409382,0.02731206,0.0020217,0.0,0.00325669,0.86101629,0.0,0.10639326,56074,6,0.13163604,2.8167536
285,9,20022219,0.98333514,0.03051133,0.00220064,0.0,0.00353984,0.87692098,0.0,0.08682721,51978,6,0.10796987,2.8164221
285,10,20022220,0.98435621,0.02664395,0.00174349,0.0,0.0031555,0.86313035,0.0,0.10532671,56075,6,0.12232716,2.8174156
286,1,20022241,0.9604968,0.0156359,0.0,0.00207486,0.00051392,0.98161692,0.00015285,5.54e-06,23967,6,0.15104432,0.9926738
286,2,20022242,0.96091775,0.01674016,0.0,0.00207563,0.00058996,0.98043451,0.00015283,6.92e-06,24415,6,0.12663023,0.9926943
286,3,20022243,0.96054678,0.01676995,0.0,0.0020757,0.00058292,0.98041227,0.0001527,6.46e-06,22367,6,0.10503894,0.9926841
286,4,20022244,0.96044918,0.01711873,0.0,0.00207666,0.00061373,0.98003142,0.00015232,7.13e-06,53087,6,0.11711988,0.9926933
286,5,20022245,0.96068195,0.01687546,0.0,0.0020745,0.00059752,0.98029281,0.00015267,7.04e-06,23391,6,0.08514517,0.9926841
286,6,20022246,0.96064195,0.01686485,0.0,0.00207551,0.00061585,0.98028483,0.00015255,6.41e-06,64479,6,0.12718271,0.9926996
286,7,20022247,0.96056279,0.01667918,0.0,0.00207583,0.00058834,0.98049758,0.00015261,6.46e-06,15327,6,0.08399169,0.9926914
286,8,20022248,0.96053446,0.01670891,0.0,0.00207524,0.00059515,0.98046101,0.00015258,7.1e-06,56287,6,0.067915,0.9926924
286,9,20022249,0.96076237,0.0170531,0.0,0.00207524,0.00062513,0.98008743,0.00015238,6.72e-06,30687,6,0.11533542,0.9926943
286,10,20022250,0.96056349,0.01690526,0.0,0.00207571,0.00061386,0.98024613,0.00015226,6.77e-06,45023,6,0.06370114,0.9926933
287,1,20022271,0.98437164,0.02724411,0.00117013,0.0,0.00249277,0.65959724,0.0,0.30949575,48940,6,0.14477094,2.8148092
287,2,20022272,0.9878555,0.01686547,0.0020303,0.0,0.00083388,0.98025481,0.0,1.554e-05,54011,6,0.64140195,2.8154712
287,3,20022273,0.98301337,0.03250648,0.00144957,0.0,0.0025134,0.65645791,0.0,0.30707264,53036,6,0.13294369,2.8144777
287,4,20022274,0.98444646,0.02710717,0.00116266,0.0,0.00230073,0.61968238,0.0,0.34974706,48940,6,0.12893441,2.8148092
287,5,20022275,0.98440793,0.02726592,0.00117587,0.0,0.00240067,0.63929008,0.0,0.32986747,44844,6,0.11463652,2.8144777
287,6,20022276,0.98447634,0.02727073,0.00117237,0.0,0.00229393,0.62153734,0.0,0.34772563,48941,7,0.13010518,2.8154712
287,7,20022277,0.98309343,0.03209766,0.00146943,0.0,0.00228721,0.61895194,0.0,0.34519376,57133,7,0.14607384,2.8154712
287,8,20022278,0.98442846,0.02720859,0.00118462,0.0,0.00242727,0.61860545,0.0,0.35057406,48940,6,0.11926206,2.8148092
287,9,20022279,0.98448956,0.02706842,0.00111933,0.0,0.00230683,0.61925358,0.0,0.35025185,44813,7,0.10786435,2.8154738
287,10,20022280,0.98312222,0.0322584,0.00145446,0.0,0.00220455,0.59589295,0.0,0.36818964,57133,7,0.14973021,2.8154712
288,1,20022301,0.97513456,0.02935286,0.11505562,0.0,0.00089968,0.0,0.00062509,0.85406675,23183,7,0.77025881,0.9924888
288,2,20022302,0.97577858,0.02921345,0.12135401,0.0,0.00069287,0.0,0.00012437,0.84861531,23183,7,0.65775205,0.9924888
288,3,20022303,0.97550444,0.02922298,0.11724835,0.0,0.00108572,0.0,0.00015547,0.85228748,23183,7,0.83011162,0.9924888
288,4,20022304,0.97481909,0.02974173,0.11798932,0.0,0.00181703,0.0,0.00043162,0.8500203,23183,7,0.77499095,0.9924888
288,5,20022305,0.97434843,0.03144681,0.13062038,0.0,0.00151803,0.0,0.00020372,0.83621105,23183,7,0.67670561,0.9924888
288,6,20022306,0.96059162,0.03739275,0.12222559,0.0,0.01020218,0.0,0.00525496,0.82492451,23183,7,0.64637477,0.9924888
288,7,20022307,0.96151199,0.04160719,0.14395737,0.0,0.01254491,0.0,0.00243421,0.79945632,23183,7,0.35775837,0.9924888
288,8,20022308,0.96329235,0.03625433,0.12096936,0.0,0.01007924,0.0,0.00255021,0.83014686,23183,7,0.66342258,0.9924888
288,9,20022309,0.96984667,0.03327238,0.11625471,0.0,0.00577281,0.0,0.00162742,0.84307267,23183,7,0.78392654,0.9924888
288,10,20022310,0.97354707,0.03000075,0.11408975,0.0,0.0016768,0.0,0.00161015,0.85262255,23183,7,0.78069757,0.9924888
289,1,20022331,0.9703991,0.01511946,0.0,9.195e-05,0.002189,0.05214796,0.0,0.93045163,59391,7,0.08803701,0.9950976
289,2,20022332,0.97047147,0.01511423,0.0,9.182e-05,0.00220694,0.03446276,0.0,0.94812425,45055,7,0.06546954,0.9950976
289,3,20022333,0.97045413,0.01512444,0.0,9.215e-05,0.00220441,0.03532078,0.0,0.94725822,30591,7,0.05170322,0.9950986
289,4,20022334,0.9704411,0.01512791,0.0,9.197e-05,0.00220836,0.024099,0.0,0.95847277,36735,7,0.0557224,0.9950976
289,5,20022335,0.97039307,0.01515953,0.0,9.188e-05,0.00218021,0.03649743,0.0,0.94607096,30207,7,0.10008817,0.9950937
289,6,20022336,0.97040674,0.01509043,0.0,9.201e-05,0.00220712,0.01808298,0.0,0.96452745,32255,7,0.05895791,0.9950938
289,7,20022337,0.9704627,0.01516064,0.0,9.169e-05,0.00221515,0.02626462,0.0,0.95626791,22527,7,0.06560789,0.9950986
289,8,20022338,0.97051484,0.01512829,0.0,9.189e-05,0.00219914,0.04905034,0.0,0.93353033,49023,7,0.1016145,0.9950986
289,9,20022339,0.97043504,0.01503873,0.0,9.199e-05,0.0021492,0.10654014,0.0,0.87617994,49023,7,0.10685376,0.9950986
289,10,20022340,0.97036766,0.01517261,0.0,9.197e-05,0.00220201,0.01550371,0.0,0.96702971,65023,7,0.09039265,0.9950938
290,1,20022361,0.9827684,0.02915784,0.00114743,0.0,0.00196478,0.8672997,0.0,0.10043025,51980,6,0.10599037,3.6436811
290,2,20022362,0.98275366,0.02900456,0.00116776,0.0,0.002033,0.8728049,0.0,0.09498978,56076,6,0.09867952,3.6440126
290,3,20022363,0.98272107,0.02912368,0.00115941,0.0,0.0020098,0.8714291,0.0,0.09627801,51980,6,0.10583687,3.6436811
290,4,20022364,0.98368031,0.02473035,0.00095,0.0,0.00194203,0.85686783,0.0,0.11550979,56074,6,0.12229378,3.6440126
290,5,20022365,0.98366672,0.02479062,0.00096416,0.0,0.00196554,0.87089078,0.0,0.1013889,56074,6,0.0915999,3.6440126
290,6,20022366,0.98371804,0.02460142,0.0009104,0.0,0.00195724,0.85473649,0.0,0.11779444,56074,6,0.11996386,3.6440126
290,7,20022367,0.98369127,0.02491077,0.00096883,0.0,0.0020116,0.88638677,0.0,0.08572202,56075,6,0.0778824,3.6446746
290,8,20022368,0.98368563,0.02479276,0.00096182,0.0,0.00197911,0.85324676,0.0,0.11901954,56075,6,0.11388885,3.6446746
290,9,20022369,0.98367271,0.02470604,0.00096572,0.0,0.00195112,0.87843883,0.0,0.0939383,56074,6,0.10447495,3.6440126
290,10,20022370,0.98372768,0.02471055,0.00095823,0.0,0.0019413,0.86628861,0.0,0.10610131,56074,6,0.1028308,3.6440126
291,1,20022391,0.9570119,0.01288178,0.0,0.00145148,0.00035356,0.98515347,0.00015756,2.15e-06,37151,6,0.33190543,0.9935892
291,2,20022392,0.95752747,0.01305846,0.0,0.0014382,0.00034755,0.98499953,0.00015495,1.31e-06,37215,6,0.39599694,0.9935828
291,3,20022393,0.95753289,0.01529125,0.0,0.00150666,0.00066979,0.98235067,0.00017435,7.27e-06,33247,6,0.5273585,0.9935818
291,4,20022394,0.95766654,0.01500111,0.0,0.00149427,0.00065798,0.98266773,0.00017199,6.92e-06,37343,6,0.73827265,0.9935828
291,5,20022395,0.95703878,0.01294006,0.0,0.00145153,0.00042299,0.98502001,0.00016173,3.68e-06,33055,6,0.39005482,0.9935882
291,6,20022396,0.95767769,0.01440261,0.0,0.00146879,0.0005533,0.98340374,0.00016664,4.93e-06,33247,6,0.47015322,0.9935818
291,7,20022397,0.95741479,0.01508078,0.0,0.00150601,0.00059488,0.98264212,0.00017022,5.99e-06,37343,6,0.37155743,0.9935828
291,8,20022398,0.95715478,0.01399595,0.0,0.0014852,0.00046668,0.98388221,0.00016535,4.61e-06,37151,6,0.4198061,0.9935892
291,9,20022399,0.95213943,0.01132558,0.0,0.00136558,0.00048062,0.98666546,0.00015547,7.28e-06,36879,6,0.14203513,0.9896132
291,10,20022400,0.95741127,0.01321333,0.0,0.00145225,0.00037084,0.98480434,0.00015746,1.79e-06,37215,6,0.59069464,0.9935828
292,1,20022421,0.99006507,0.03708153,0.00888008,2.34e-06,0.00227858,0.0,0.0004158,0.95134167,48909,7,0.57006561,1.3209586
292,2,20022422,0.98857398,0.04283257,0.01044254,2.4e-06,0.00263214,0.0,0.00045577,0.94363458,57261,7,0.63073128,1.3203244
292,3,20022423,0.98873536,0.04141567,0.00933746,3.25e-06,0.00261884,0.0,0.00043545,0.94618933,57261,7,0.7590239,1.3203244
292,4,20022424,0.99005731,0.03707513,0.00930823,2.21e-06,0.0022734,0.0,0.00041191,0.95092912,48909,7,0.59839135,1.3209586
292,5,20022425,0.98861331,0.04208121,0.00991257,2.61e-06,0.00260092,0.0,0.00043753,0.94496516,57261,7,0.62944242,1.3203244
292,6,20022426,0.98841399,0.0450306,0.0088717,2.14e-06,0.00258451,0.0,0.00042885,0.9430822,53037,7,0.50609323,1.320957
292,7,20022427,0.98821491,0.046704,0.0100129,2.35e-06,0.00259792,0.0,0.00045839,0.94022443,53037,7,0.65722506,1.320957
292,8,20022428,0.99029464,0.03553998,0.00723967,2.09e-06,0.00229655,0.0,0.00040988,0.95451184,48941,7,0.53323657,1.320958
292,9,20022429,0.99008514,0.03684406,0.00906182,2.33e-06,0.00225793,0.0,0.00041226,0.95142161,48909,7,0.54657304,1.3209586
292,10,20022430,0.99015257,0.03714831,0.00889486,2.33e-06,0.00225678,0.0,0.00041684,0.95128088,44813,7,0.39530219,1.3209576
293,1,20022451,0.98144568,0.04046516,0.02482075,0.0,0.00753601,0.74521597,0.00092181,0.18104029,51979,6,0.13845742,2.002314
293,2,20022452,0.9819715,0.04013924,0.03139047,0.0,0.00655319,0.70147015,0.00052333,0.21992362,53003,6,0.0664022,2.002317
293,3,20022453,0.98177584,0.03906234,0.02883333,0.0,0.00709547,0.73844789,0.00080716,0.18575381,51979,6,0.15571998,2.002314
293,4,20022454,0.98204742,0.03894042,0.02345543,0.0,0.00673831,0.74466787,0.00059198,0.18560599,51978,6,0.09006138,2.0013214
293,5,20022455,0.98224298,0.03935756,0.02777085,0.0,0.0065055,0.72128395,0.00043534,0.2046468,51979,6,0.08291889,2.002314
293,6,20022456,0.98259978,0.03749266,0.02673691,0.0,0.00620533,0.72372801,0.00038571,0.20545138,51978,6,0.06164314,2.0013214
293,7,20022457,0.98188625,0.03922107,0.02130491,0.0,0.00651602,0.73011012,0.00085767,0.20199021,51978,6,0.09805566,2.0013214
293,8,20022458,0.98181467,0.03929304,0.02562455,0.0,0.00695854,0.73093105,0.00081946,0.19637336,51972,6,0.09337498,2.0009899
293,9,20022459,0.98196951,0.04077335,0.02918053,0.0,0.00661798,0.71927021,0.00048835,0.20366958,51979,6,0.10584673,2.002314
293,10,20022460,0.98202667,0.03882118,0.04519634,0.0,0.00595257,0.69356733,0.00084305,0.21561953,51978,6,0.10719604,2.0013214
294,1,20022481,0.96054815,0.01434314,0.0,0.00192162,0.0020982,0.01288319,0.0,0.96875385,32607,7,0.1136241,0.992877
294,2,20022482,0.96038408,0.01417995,0.0,0.00192329,0.00210606,0.04423348,0.0,0.93755722,55263,7,0.04962846,0.9928769
294,3,20022483,0.96037148,0.01427125,0.0,0.00192266,0.00210081,0.0266232,0.0,0.95508208,14303,7,0.08581471,0.9928769
294,4,20022484,0.96009611,0.0142019,0.0,0.00192288,0.00212492,0.02128997,0.0,0.96046034,39903,7,0.0746965,0.9928801
294,5,20022485,0.95978044,0.01397078,0.0,0.00192349,0.00207882,0.08606209,0.0,0.89596482,60255,7,0.07080527,0.992881
294,6,20022486,0.95914956,0.01394494,0.0,0.00192262,0.00214185,0.09475925,0.0,0.88723135,16351,7,0.06180544,0.992877
294,7,20022487,0.96031142,0.01408858,0.0,0.00192325,0.00207183,0.09473043,0.0,0.88718591,42975,7,0.0691753,0.9928759
294,8,20022488,0.96075138,0.01440105,0.0,0.00192186,0.0020974,0.03648235,0.0,0.94509734,61407,7,0.13453628,0.992876
294,9,20022489,0.96004645,0.01408429,0.0,0.00192377,0.00209638,0.07196252,0.0,0.90993305,47967,7,0.05581174,0.9928679
294,10,20022490,0.96108132,0.01439649,0.0,0.0019209,0.00204108,0.08640749,0.0,0.89523403,31711,7,0.13894375,0.9928821
295,1,20022511,0.98271748,0.0294557,0.00101737,0.0,0.00189559,0.74484076,0.0,0.22279057,57132,6,0.12444709,3.5015169
295,2,20022512,0.98344841,0.02598384,0.00086837,0.0,0.00198745,0.72219085,0.0,0.24896949,48940,6,0.09919775,3.5015169
295,3,20022513,0.98217976,0.02243943,0.00041201,0.0,0.00134838,0.97575303,0.0,4.714e-05,46748,6,0.19819232,3.5015222
295,4,20022514,0.98346397,0.02585571,0.00085099,0.0,0.00188389,0.73653145,0.0,0.23487797,48940,6,0.11578113,3.5015169
295,5,20022515,0.98344007,0.02569209,0.00085608,0.0,0.00191199,0.74181576,0.0,0.22972408,48940,6,0.06904692,3.5015169
295,6,20022516,0.89582461,0.6258426,0.35811359,0.0,0.00135689,0.01467089,0.0,1.603e-05,45823,0,0.2965953,2.6720048
295,7,20022517,0.98275779,0.02936444,0.00100378,0.0,0.0019239,0.74002642,0.0,0.22768147,53036,6,0.10911921,3.5011854
295,8,20022518,0.8947388,0.6357399,0.36241906,0.0,0.00137382,0.00045077,0.0,1.644e-05,45823,0,0.36025873,2.6720048
295,9,20022519,0.98274816,0.02956928,0.00099967,0.0,0.00193138,0.77132449,0.0,0.19617518,57132,6,0.12301497,3.5015169
295,10,20022520,0.98269337,0.02920255,0.00103909,0.0,0.00188105,0.75744603,0.0,0.21043128,57124,6,0.08419523,3.5011854
296,1,20022541,0.84405575,0.02010018,0.02345983,0.01122929,0.02378221,0.83188645,0.08933544,0.00020661,32781,6,0.15717415,0.9922658
296,2,20022542,0.83296846,0.02307976,0.02529135,0.00516844,0.01213961,0.82017456,0.11361361,0.00053266,32783,6,0.12628305,0.9922658
296,3,20022543,0.90450709,0.01907889,0.02700868,0.00606549,0.0032384,0.89387782,0.05071945,1.125e-05,32841,6,0.18296285,0.9922621
296,4,20022544,0.90598392,0.02285057,0.02678317,0.0038612,0.00778162,0.89168319,0.04651929,0.00052096,32841,6,0.14315594,0.9922621
296,5,20022545,0.85039979,0.02436492,0.03562544,0.0216892,0.00630878,0.81659338,0.09443018,0.0009881,36873,6,0.08811723,0.9922668
296,6,20022546,0.88039537,0.01970488,0.01634216,0.00955606,0.00739286,0.87703528,0.06948122,0.00048754,36875,6,0.23217807,0.9922668
296,7,20022547,0.8673779,0.02225355,0.02470781,0.01631605,0.008579,0.84950894,0.07856272,7.192e-05,32777,6,0.14743407,0.9922658
296,8,20022548,0.87151757,0.02433522,0.02340719,0.01513055,0.00588367,0.85250816,0.07838053,0.00035469,22479,6,0.20133967,0.9925146
296,9,20022549,0.85893354,0.0245568,0.0334475,0.01187072,0.01133151,0.83455344,0.08410658,0.00013344,32841,6,0.20571145,0.9922621
296,10,20022550,0.89228731,0.03180526,0.03015166,0.00450249,0.01118625,0.86342828,0.0581714,0.00075466,22479,6,0.18613716,0.9925146
297,1,20022571,0.98167572,0.01574825,0.00416874,0.0,0.00247068,0.0121159,0.0,0.96549643,32767,7,0.1281702,0.997001
297,2,20022572,0.98167746,0.01571856,0.00420116,0.0,0.0024695,0.03075158,0.0,0.9468592,62975,7,0.07411065,0.996998
297,3,20022573,0.98167273,0.01570548,0.00416688,0.0,0.00246602,0.02439521,0.0,0.95326642,22015,7,0.0738095,0.996998
297,4,20022574,0.98168698,0.01573607,0.00410768,0.0,0.00244142,0.02188835,0.0,0.95582647,30207,7,0.07688537,0.996998
297,5,20022575,0.9816717,0.01573539,0.00419645,0.0,0.00248933,0.02449574,0.0,0.95308309,62975,7,0.09617283,0.996998
297,6,20022576,0.98168556,0.01575481,0.00427042,0.0,0.00246129,0.01560803,0.0,0.96190545,30719,7,0.13186067,0.997001
297,7,20022577,0.9816769,0.01575342,0.00398305,0.0,0.00246746,0.01145411,0.0,0.96634196,47103,7,0.10671266,0.997001
297,8,20022578,0.98168361,0.01570182,0.00401192,0.0,0.00244797,0.01273868,0.0,0.96509961,16383,7,0.08292135,0.997001
297,9,20022579,0.98166489,0.0157458,0.00420411,0.0,0.00244942,0.0374698,0.0,0.94013087,63487,7,0.09328126,0.997001
297,10,20022580,0.98165477,0.01572166,0.00427996,0.0,0.00245431,0.01715659,0.0,0.96038748,52735,7,0.07132328,0.996997
298,1,20022601,0.98249755,0.03025022,0.00133865,0.0,0.002414,0.85391629,0.0,0.11208083,51980,6,0.17846442,3.3557697
298,2,20022602,0.98238678,0.03076803,0.0014047,0.0,0.00252649,0.87326313,0.0,0.09203764,51981,6,0.10602844,3.3567622
298,3,20022603,0.98417007,0.02458609,0.00099168,0.0,0.00250252,0.86147785,0.0,0.11044187,51978,6,0.160678,3.3557697
298,4,20022604,0.98407279,0.02472146,0.00102632,0.0,0.00246238,0.85511684,0.0,0.116673,56074,6,0.1519358,3.3561012
298,5,20022605,0.98414624,0.0245574,0.00101972,0.0,0.00245907,0.86080173,0.0,0.11116208,51978,6,0.17436508,3.3557697
298,6,20022606,0.98239667,0.03031818,0.00132884,0.0,0.00249305,0.85542793,0.0,0.11043199,56077,6,0.14207913,3.3567632
298,7,20022607,0.98413488,0.02471214,0.00100922,0.0,0.00247049,0.8488999,0.0,0.12290824,56074,6,0.21878301,3.3561012
298,8,20022608,0.98242973,0.03063935,0.00136247,0.0,0.00245009,0.85546306,0.0,0.11008502,56076,6,0.10459409,3.3561012
298,9,20022609,0.98163217,0.02002732,0.00062444,0.0,0.00200183,0.97731896,0.0,2.745e-05,50634,6,0.17620979,3.3557758
298,10,20022610,0.9813923,0.02666242,0.00121874,0.0,0.0021686,0.96573156,0.0,0.00421868,47882,6,0.18779917,3.3561012
299,1,20022631,0.95831249,0.01588162,0.0,0.00208146,0.0005401,0.98133748,0.00015313,6.22e-06,34207,6,0.24449472,0.9925153
299,2,20022632,0.95902681,0.01749526,0.0,0.00208347,0.00060201,0.97965916,0.00015291,7.19e-06,40351,6,0.14722115,0.9925165
299,3,20022633,0.95921776,0.01709418,0.0,0.0020837,0.00059366,0.98006845,0.00015316,6.85e-06,24543,6,0.08265782,0.9925244
299,4,20022634,0.95898931,0.01678017,0.0,0.00208359,0.00056274,0.98041464,0.00015301,5.85e-06,23519,6,0.1038208,0.9925214
299,5,20022635,0.95922997,0.01751717,0.0,0.00208377,0.00063053,0.97960824,0.00015318,7.11e-06,34655,6,0.07533665,0.9925234
299,6,20022636,0.9590847,0.01733598,0.0,0.00208403,0.00063416,0.97978539,0.00015314,7.3e-06,8159,6,0.14535888,0.9925224
299,7,20022637,0.95902284,0.01696175,0.0,0.00208559,0.00059334,0.98020002,0.00015281,6.48e-06,62879,6,0.09525035,0.9925204
299,8,20022638,0.95936884,0.01718086,0.0,0.00208385,0.00060885,0.97996535,0.00015349,7.6e-06,22367,6,0.09847636,0.992514
299,9,20022639,0.95919203,0.01774403,0.0,0.00208302,0.00063144,0.97938061,0.00015343,7.48e-06,8159,6,0.18232886,0.9925224
299,10,20022640,0.95923249,0.01731385,0.0,0.00208349,0.00060959,0.97983237,0.00015321,7.49e-06,51039,6,0.10482794,0.992514
300,1,20022661,0.98574645,0.02828227,0.01993818,0.0,0.0023499,0.47137134,0.00012714,0.47793117,44845,7,0.29401291,2.3967342
300,2,20022662,0.98556391,0.02824736,0.01657187,0.0,0.00261365,0.51651465,0.00019626,0.43585621,44845,7,0.28231096,2.3967342
300,3,20022663,0.98557422,0.02878195,0.02414489,0.0,0.00294015,0.53534866,0.00014702,0.40863733,44845,7,0.1770478,2.3967342
300,4,20022664,0.98575543,0.02785919,0.01295098,0.0,0.00268741,0.53682004,0.00013401,0.41954837,48940,6,0.21251547,2.3960732
300,5,20022665,0.98587575,0.02758931,0.0231786,0.0,0.00207594,0.43863148,0.00012206,0.50840261,48941,7,0.23735282,2.3967352
300,6,20022666,0.98558373,0.02833938,0.02808155,0.0,0.00227498,0.45170205,0.00016525,0.4894368,48941,7,0.19882418,2.3967352
300,7,20022667,0.98361656,0.03621328,0.03337898,0.0,0.00297471,0.52424201,0.00023679,0.40295423,57133,7,0.11959357,2.3967352
300,8,20022668,0.98577643,0.02776019,0.01500252,0.0,0.00220347,0.46990151,0.00012594,0.48500637,48941,7,0.21509199,2.3967352
300,9,20022669,0.98399407,0.03381719,0.03515531,0.0,0.00298738,0.50730398,0.00015294,0.4205832,57132,6,0.1541497,2.3960732
300,10,20022670,0.98520845,0.02989088,0.02207818,0.0,0.00242021,0.46797521,0.00021538,0.47742013,44845,7,0.209809,2.3967342
301,1,20022691,0.98653875,0.03833163,0.03466865,0.0,0.00109753,0.0,9.584e-05,0.92580634,23183,7,0.9250799,0.996704
301,2,20022692,0.98650857,0.03833501,0.03628989,0.0,0.00110591,0.0,9.934e-05,0.92416985,23183,7,0.92299991,0.996704
301,3,20022693,0.986539,0.03821818,0.03468247,0.0,0.0010903,0.0,9.68e-05,0.92591225,23183,7,0.92450953,0.996704
301,4,20022694,0.98650254,0.03873681,0.03550205,0.0,0.0011013,0.0,9.875e-05,0.9245611,23183,7,0.92288118,0.996704
301,5,20022695,0.98649666,0.03844878,0.03615978,0.0,0.00114068,0.0,9.754e-05,0.92415323,23183,7,0.92300198,0.996704
301,6,20022696,0.98654883,0.03823154,0.03463811,0.0,0.00107938,0.0,9.784e-05,0.92595312,23183,7,0.92485709,0.996704
301,7,20022697,0.98653246,0.03855912,0.03471298,0.0,0.00109378,0.0,9.701e-05,0.92553711,23183,7,0.92482716,0.996704
301,8,20022698,0.98648488,0.03838235,0.0360617,0.0,0.00110392,0.0,9.961e-05,0.92435241,23183,7,0.88834496,0.996704
301,9,20022699,0.98651551,0.0384359,0.03576821,0.0,0.00110801,0.0,9.766e-05,0.92459023,23183,7,0.92339717,0.996704
301,10,20022700,0.98630253,0.03869174,0.03897672,0.0,0.00115237,0.0,0.00010134,0.92107783,23183,7,0.71266322,0.996704
302,1,20022721,0.96314854,0.01371326,0.0,0.00123687,0.00203019,0.02183371,0.0,0.96118597,55295,7,0.06399791,0.9938499
302,2,20022722,0.96297603,0.01367602,0.0,0.00123752,0.00205927,0.02587139,0.0,0.9571558,32255,7,0.11159862,0.9938438
302,3,20022723,0.96316283,0.01370082,0.0,0.00123682,0.00204961,0.01836037,0.0,0.96465237,54783,7,0.08946467,0.9938437
302,4,20022724,0.96302455,0.0136743,0.0,0.00123844,0.00204293,0.01752573,0.0,0.9655186,51199,7,0.07274372,0.9938489
302,5,20022725,0.96312129,0.01361847,0.0,0.00123723,0.00204422,0.01186425,0.0,0.97123583,44415,7,0.07511023,0.9938427
302,6,20022726,0.96307393,0.01367185,0.0,0.00123746,0.00203151,0.02072379,0.0,0.96233539,55167,7,0.07678296,0.9938458
302,7,20022727,0.9630565,0.01371994,0.0,0.00123722,0.00205424,0.02964414,0.0,0.95334447,45055,7,0.09068348,0.9938489
302,8,20022728,0.963078,0.01365634,0.0,0.00123695,0.00204992,0.01487118,0.0,0.96818561,16255,7,0.05349674,0.9938499
302,9,20022729,0.96313775,0.01368417,0.0,0.0012374,0.0020359,0.03213921,0.0,0.95090332,44543,7,0.05686716,0.9938428
302,10,20022730,0.96306322,0.01367937,0.0,0.0012379,0.00202985,0.01950149,0.0,0.96355139,53247,7,0.1151249,0.9938489
303,1,20022751,0.9824938,0.02229278,0.00047169,0.0,0.00122933,0.97580021,0.0,0.00020599,52762,6,0.17237957,3.8547584
303,2,20022752,0.98221134,0.02449593,0.0010406,0.0,0.00133184,0.97304614,0.0,8.549e-05,43786,6,0.07631393,3.8547513
303,3,20022753,0.98263888,0.02850357,0.00128864,0.0,0.00173728,0.88347053,0.0,0.08499998,53004,6,0.07719426,3.8547584
303,4,20022754,0.98297381,0.02528341,0.00116124,0.0,0.00183493,0.89091496,0.0,0.08080547,56074,6,0.07669487,3.8550828
303,5,20022755,0.98264696,0.02833296,0.00121029,0.0,0.00177376,0.88766285,0.0,0.08102013,51980,6,0.08317605,3.8547513
303,6,20022756,0.98216932,0.02465507,0.00104642,0.0,0.00139314,0.9728102,0.0,9.518e-05,47882,6,0.05922759,3.8550828
303,7,20022757,0.98215679,0.02717831,0.00128922,0.0,0.00138489,0.97005081,0.0,9.677e-05,47884,6,0.06562961,3.8550828
303,8,20022758,0.98296022,0.02539159,0.00110486,0.0,0.00182291,0.89751162,0.0,0.07416902,51978,6,0.0674947,3.8547513
303,9,20022759,0.9829515,0.02521863,0.00112473,0.0,0.00176294,0.88233659,0.0,0.0895571,56074,6,0.0645728,3.8550828
303,10,20022760,0.98262397,0.02815891,0.00121003,0.0,0.00173039,0.87720153,0.0,0.09169913,56108,6,0.06531861,3.8550898
304,1,20022781,0.95070599,0.01006319,0.00121088,0.00021379,0.00027811,0.98805344,0.00017934,1.24e-06,32841,6,0.44137979,0.9902377
304,2,20022782,0.95110319,0.01044628,0.00124655,0.00022916,0.00042376,0.98744447,0.00020688,2.9e-06,36939,6,0.16202054,0.9902386
304,3,20022783,0.95133046,0.01042186,0.00124871,0.00022248,0.00042524,0.98748396,0.00019485,2.9e-06,36873,6,0.16038648,0.9902444
304,4,20022784,0.95121377,0.01026952,0.00122289,0.00021898,0.00036276,0.98773567,0.00018781,2.37e-06,36873,6,0.24469364,0.9902444
304,5,20022785,0.95136506,0.01043123,0.00124544,0.00022566,0.00043703,0.98745571,0.00020176,3.16e-06,32973,6,0.16822223,0.9902147
304,6,20022786,0.95147088,0.01058322,0.00126677,0.00022643,0.00049661,0.9872197,0.00020339,3.88e-06,37071,6,0.12501378,0.9902158
304,7,20022787,0.95104263,0.01015901,0.00121998,0.00021532,0.00032366,0.98789592,0.00018426,1.85e-06,32777,6,0.23292526,0.9902434
304,8,20022788,0.95122808,0.01010817,0.00121562,0.00021334,0.00030409,0.9879772,0.00017995,1.63e-06,36873,6,0.18224507,0.9902444
304,9,20022789,0.95123314,0.01026637,0.00123168,0.00021922,0.00035653,0.98773446,0.00018946,2.27e-06,36943,6,0.18895537,0.9902387
304,10,20022790,0.95152928,0.01026424,0.00122645,0.00021685,0.00035914,0.9877443,0.00018665,2.37e-06,32847,6,0.14882919,0.9902377
305,1,20022811,0.99525852,0.0176776,0.0117159,0.0,0.00316005,0.00092715,0.0,0.96651932,52735,7,0.11169064,0.9992793
305,2,20022812,0.99521054,0.01763243,0.01180378,0.0,0.00314929,0.00143177,0.0,0.96598274,60927,7,0.05216454,0.9992793
305,3,20022813,0.99526972,0.01770452,0.01152847,0.0,0.00317391,0.00097021,0.0,0.9666229,40959,7,0.09204215,0.999281
305,4,20022814,0.99525048,0.01770389,0.01158205,0.0,0.00312915,0.00098328,0.0,0.96660163,48639,7,0.06176812,0.9992803
305,5,20022815,0.99525547,0.01770466,0.01119592,0.0,0.00315677,0.0012273,0.0,0.96671535,40447,7,0.07241743,0.9992802
305,6,20022816,0.99524604,0.01767806,0.0113544,0.0,0.00315796,0.0011888,0.0,0.96662078,30207,7,0.11445174,0.9992803
305,7,20022817,0.99519972,0.0176352,0.01152506,0.0,0.00314414,0.0010188,0.0,0.96667681,55295,7,0.0771013,0.999281
305,8,20022818,0.99521758,0.01767861,0.01175347,0.0,0.00314292,0.00097387,0.0,0.96645112,56831,7,0.12553104,0.9992803
305,9,20022819,0.99524993,0.01767881,0.01142019,0.0,0.00314383,0.00098498,0.0,0.96677218,15871,7,0.11263755,0.9992802
305,10,20022820,0.99520899,0.01766318,0.01145873,0.0,0.00316591,0.00134149,0.0,0.96637069,54783,7,0.16818543,0.9992802
306,1,20022841,0.98315184,0.03150442,0.00419684,0.0,0.00374812,0.84511563,4.917e-05,0.11538581,51978,6,0.11338772,2.6894881
306,2,20022842,0.98340789,0.03053803,0.00335044,0.0,0.00353265,0.80608491,4.615e-05,0.15644782,51970,6,0.08575366,2.6891566
306,3,20022843,0.98387484,0.02875117,0.0036939,0.0,0.00340399,0.80661764,4.525e-05,0.15748804,56074,6,0.11571443,2.6898196
306,4,20022844,0.9838138,0.02881011,0.00305481,0.0,0.00357306,0.82520114,4.728e-05,0.13931361,51979,6,0.11646974,2.6904807
306,5,20022845,0.984206,0.0273681,0.00248892,0.0,0.00346978,0.81056132,4.619e-05,0.1560657,51970,6,0.09433091,2.6891566
306,6,20022846,0.98439171,0.02673284,0.00250311,0.0,0.00338058,0.82868346,4.688e-05,0.13865313,51978,6,0.16021284,2.6894881
306,7,20022847,0.98337234,0.03069927,0.00368049,0.0,0.00382269,0.84031939,4.938e-05,0.12142877,51970,6,0.09469794,2.6891566
306,8,20022848,0.98367279,0.02922569,0.00275225,0.0,0.00376768,0.83523067,4.805e-05,0.12897567,51978,6,0.08075832,2.6894881
306,9,20022849,0.98421047,0.02730699,0.00301259,0.0,0.0037225,0.84567949,4.92e-05,0.12022923,51979,6,0.16500389,2.6904807
306,10,20022850,0.98421493,0.02751062,0.00291345,0.0,0.00366541,0.84483824,4.886e-05,0.12102341,51978,6,0.16952129,2.6894881
307,1,20022871,0.95782727,0.01563884,0.0,0.00206948,0.00056202,0.98157208,0.00015207,5.51e-06,35807,6,0.08290894,0.9922069
307,2,20022872,0.95803275,0.01595644,0.0,0.00206993,0.00057248,0.98124309,0.00015194,6.12e-06,52191,6,0.07229263,0.9922011
307,3,20022873,0.95801434,0.01580612,0.0,0.00207052,0.00055985,0.9814046,0.00015235,6.55e-06,22367,6,0.16190448,0.9921934
307,4,20022874,0.95817465,0.01596435,0.0,0.00206982,0.00056691,0.98124077,0.00015199,6.17e-06,53215,6,0.13452118,0.9922031
307,5,20022875,0.9577137,0.01595973,0.0,0.00206914,0.0005795,0.98123374,0.00015213,5.77e-06,30687,6,0.11665222,0.9922041
307,6,20022876,0.9581269,0.01606059,0.0,0.00206919,0.0005829,0.98112847,0.00015258,6.27e-06,53215,6,0.14937744,0.9922031
307,7,20022877,0.95771025,0.01583175,0.0,0.00206925,0.00057732,0.98136366,0.0001518,6.22e-06,65503,6,0.12965341,0.9922041
307,8,20022878,0.9577834,0.01596908,0.0,0.00206998,0.0005781,0.98122407,0.00015221,6.55e-06,65503,6,0.06840603,0.9922041
307,9,20022879,0.95758809,0.01576271,0.0,0.00206981,0.00057207,0.98143626,0.00015229,6.86e-06,36831,6,0.07370668,0.9922031
307,10,20022880,0.95757683,0.01575308,0.0,0.00206969,0.00057475,0.98144421,0.00015223,6.04e-06,49119,6,0.08436855,0.9922041
308,1,20022901,0.9830258,0.02973472,0.00115674,0.0,0.0019918,0.65677605,0.0,0.3103407,53036,6,0.14151894,3.3027599
308,2,20022902,0.98411317,0.02540233,0.0009456,0.0,0.00201876,0.68761421,0.0,0.2840191,44844,6,0.09369284,3.3027599
308,3,20022903,0.98295506,0.02949701,0.00117813,0.0,0.00197743,0.66342208,0.0,0.30392534,57132,6,0.10547905,3.3030914
308,4,20022904,0.98286129,0.02978714,0.00119142,0.0,0.00216437,0.72443622,0.0,0.24242085,53036,6,0.0953682,3.3027599
308,5,20022905,0.98253402,0.02541258,0.0011615,0.0,0.00166566,0.97167018,0.0,9.008e-05,44842,6,0.09331068,3.3027599
308,6,20022906,0.9840709,0.02559885,0.00095531,0.0,0.00222164,0.70398275,0.0,0.26724145,44845,7,0.11108696,3.3037525
308,7,20022907,0.98417699,0.025408,0.00094779,0.0,0.00215249,0.70022509,0.0,0.27126664,48940,6,0.13573745,3.3030914
308,8,20022908,0.98404912,0.02562446,0.00097365,0.0,0.0022381,0.70651896,0.0,0.26464483,48940,6,0.08929227,3.3030914
308,9,20022909,0.98306374,0.02967374,0.00112468,0.0,0.00195021,0.65761043,0.0,0.30964094,57132,6,0.13062536,3.3030914
308,10,20022910,0.9829694,0.02937698,0.00112582,0.0,0.00199221,0.65938744,0.0,0.30811755,57132,6,0.1309505,3.3030914
309,1,20022931,0.55491816,0.10739271,0.12077531,0.0,0.09812626,0.32625186,0.29044406,0.0570098,23951,6,0.0394363,0.9896401
309,2,20022932,0.51831482,0.1013932,0.10990559,0.0,0.09680378,0.28728706,0.32834056,0.07626981,23183,7,0.03814451,0.9896438
309,3,20022933,0.4783978,0.10265932,0.11058208,0.0,0.10157368,0.27096587,0.36329829,0.05092076,4368,3,0.0399361,1.68e-05
309,4,20022934,0.54688696,0.09994652,0.1333671,0.0,0.10014065,0.3108814,0.30052845,0.05513588,22671,6,0.03322681,0.9920778
309,5,20022935,0.52614099,0.09823215,0.11799668,0.0,0.10011421,0.2975939,0.32130003,0.06476303,22671,6,0.0412323,0.9920778
309,6,20022936,0.52696988,0.10401014,0.12053064,0.0,0.09911425,0.31870675,0.31849508,0.03914315,22927,6,0.03148516,0.989645
309,7,20022937,0.51559837,0.09836991,0.10871794,0.0,0.09270801,0.29026964,0.33904566,0.07088885,22671,6,0.03684885,0.9920778
309,8,20022938,0.53274212,0.10581465,0.12763493,0.0,0.09302308,0.28407211,0.31774471,0.07171053,23695,6,0.03007152,0.9920729
309,9,20022939,0.51210388,0.10557472,0.11867519,0.0,0.09757826,0.27260476,0.33291578,0.07265129,22671,6,0.03540058,0.9920778
309,10,20022940,0.52455251,0.10343602,0.11505891,0.0,0.09823738,0.30747819,0.32294172,0.05284777,22671,6,0.03972673,0.9920778
310,1,20022961,0.97295,0.01478009,0.00128955,0.0,0.00206524,0.00802324,0.0,0.97384188,48639,7,0.08969591,0.9955225
310,2,20022962,0.97292857,0.014802,0.00128937,0.0,0.0020617,0.01533824,0.0,0.96650869,44927,7,0.09903086,0.9955259
310,3,20022963,0.97288858,0.01481399,0.00130451,0.0,0.00204461,0.01694184,0.0,0.96489506,58879,7,0.12499938,0.9955215
310,4,20022964,0.97292513,0.01478647,0.00128702,0.0,0.00205958,0.00809255,0.0,0.97377438,16383,7,0.13339981,0.9955269
310,5,20022965,0.97292241,0.01483683,0.00128884,0.0,0.00205839,0.01230962,0.0,0.96950632,30719,7,0.09872063,0.9955269
310,6,20022966,0.97291291,0.01481193,0.00129775,0.0,0.00206205,0.0082181,0.0,0.97361018,36351,7,0.17623841,0.9955215
310,7,20022967,0.97289836,0.01481682,0.00129213,0.0,0.00205502,0.01337574,0.0,0.96846029,45055,7,0.11721131,0.9955259
310,8,20022968,0.97293073,0.0147891,0.00130491,0.0,0.00205122,0.02583974,0.0,0.95601503,45055,7,0.09004431,0.9955259
310,9,20022969,0.97289534,0.01486702,0.00128238,0.0,0.00206752,0.00823476,0.0,0.97354831,47103,7,0.11895209,0.9955269
310,10,20022970,0.97290942,0.01481266,0.00129603,0.0,0.00205279,0.00941074,0.0,0.97242778,59391,7,0.08690043,0.9955259
311,1,20022991,0.98050995,0.02913948,0.00114252,0.0,0.00173764,0.96787286,0.0,0.0001075,47884,6,0.14394825,3.8088808
311,2,20022992,0.98049865,0.02904773,0.00112274,0.0,0.00166825,0.96804627,0.0,0.00011501,43788,6,0.11715732,3.8085493
311,3,20022993,0.98264561,0.02838114,0.00109741,0.0,0.00205472,0.86344915,0.0,0.10501759,51980,6,0.11947881,3.8085493
311,4,20022994,0.98266158,0.02823374,0.00108794,0.0,0.00200388,0.85669905,0.0,0.11197538,56076,6,0.1048067,3.8088808
311,5,20022995,0.98389021,0.02411469,0.00083626,0.0,0.00211129,0.86676476,0.0,0.106173,56074,6,0.12700469,3.8088808
311,6,20022996,0.98260529,0.02845046,0.00113907,0.0,0.00196099,0.85094696,0.0,0.11750252,56076,6,0.10896915,3.8088808
311,7,20022997,0.98259747,0.02853341,0.00108517,0.0,0.00205224,0.8617688,0.0,0.10656038,56076,6,0.13139366,3.8088808
311,8,20022998,0.98174334,0.02497656,0.00084527,0.0,0.001707,0.97234968,0.0,0.00012149,43786,6,0.10914915,3.8085493
311,9,20022999,0.98052333,0.02926684,0.00112824,0.0,0.00172072,0.96776469,0.0,0.0001195,47884,6,0.11362853,3.8088808
311,10,20023000,0.98265213,0.02835963,0.00108587,0.0,0.00206034,0.84971941,0.0,0.11877475,51980,6,0.12520997,3.8085493
312,1,20023021,0.95157311,0.01045388,0.0,0.00191987,0.00041121,0.98705954,0.00015426,1.23e-06,29977,6,0.21644318,0.990676
312,2,20023022,0.95237315,0.01282635,0.0,0.00190938,0.00056141,0.98453803,0.00015374,1.109e-05,63183,6,0.14993997,0.990652
312,3,20023023,0.46052076,0.00919592,0.0,0.98918704,0.00027251,0.00118863,0.00015466,1.24e-06,37200,2,0.26393196,0.493167
312,4,20023024,0.95736925,0.01691523,0.0,0.00194358,0.00057986,0.98039964,0.00015473,6.96e-06,37279,6,0.11582088,0.9926662
312,5,20023025,0.95826695,0.01778473,0.0,0.00195282,0.00062543,0.97947367,0.00015584,7.5e-06,23007,6,0.17280682,0.9926464
312,6,20023026,0.95827421,0.01787037,0.0,0.00194962,0.00063353,0.97938311,0.00015559,7.78e-06,8031,6,0.15939349,0.992665
312,7,20023027,0.95779981,0.01670852,0.0,0.00194506,0.00059358,0.98059043,0.00015519,7.21e-06,6111,6,0.19368995,0.992665
312,8,20023028,0.94789287,0.01106396,0.0,0.00188998,0.0004186,0.9864665,0.00015405,6.91e-06,40655,6,0.21590948,0.9887067
312,9,20023029,0.95783031,0.01759319,0.0,0.00194917,0.00061499,0.97968044,0.00015512,7.1e-06,14815,6,0.09501271,0.9926464
312,10,20023030,0.9211372,0.01216782,0.0,0.0624711,0.00057038,0.92462584,0.00015376,1.111e-05,57547,6,0.12553172,0.9906574
313,1,20023051,0.98626892,0.03192878,0.18403177,0.0,0.00229782,0.0,0.00041994,0.78132169,48941,7,0.73975697,1.8350161
313,2,20023052,0.98523173,0.0342776,0.22947288,0.0,0.00278188,0.0,0.0005618,0.73290585,48941,7,0.31468281,1.8350161
313,3,20023053,0.98565863,0.03324177,0.20202552,0.0,0.00269166,0.0,0.00065734,0.76138371,48941,7,0.34959247,1.8350161
313,4,20023054,0.98614238,0.03277471,0.18691545,0.0,0.00239044,0.0,0.00043367,0.77748573,44845,7,0.55131068,1.8350151
313,5,20023055,0.9841517,0.03813285,0.2352726,0.0,0.00330276,0.0,0.00059764,0.72269416,44845,7,0.24087412,1.8350151
313,6,20023056,0.98500716,0.03453266,0.21907754,0.0,0.00381311,0.0,0.00075461,0.74182208,44845,7,0.37774779,1.8350151
313,7,20023057,0.98489947,0.03592456,0.20348848,0.0,0.00323943,0.0,0.0006885,0.75665902,44845,7,0.36706379,1.8350151
313,8,20023058,0.98385991,0.03950921,0.22343029,0.0,0.00301714,0.0,0.0006042,0.73343916,53037,7,0.20881699,1.8350151
313,9,20023059,0.98437073,0.03776567,0.20227076,0.0,0.003034,0.0,0.00058488,0.75634468,57133,7,0.26832704,1.8350161
313,10,20023060,0.98519934,0.0338795,0.22746674,0.0,0.00365201,0.0,0.00064875,0.734353,48941,7,0.37708613,1.8350161
314,1,20023081,0.97349328,0.04876155,0.44796938,0.0,0.01025716,0.0,0.00227245,0.49073946,23308,7,0.06499532,1.7036831
314,2,20023082,0.97264074,0.05033797,0.42623609,0.0,0.01132188,0.0,0.00239907,0.50970499,19211,7,0.06828402,1.7036833
314,3,20023083,0.97167223,0.05740231,0.41115798,0.0,0.01365721,0.0,0.0015073,0.5162752,19211,7,0.04446841,1.7036833
314,4,20023084,0.9687533,0.06286916,0.44005237,0.0,0.01621857,0.0,0.002361,0.4784989,19204,7,0.05011325,1.7026897
314,5,20023085,0.97146727,0.05662019,0.43402538,0.0,0.01235879,0.0,0.00233707,0.49465856,51971,4,0.04819515,1.7036831
314,6,20023086,0.97074224,0.05733199,0.41529734,0.0,0.01491235,0.0,0.00189033,0.51056799,19211,7,0.05195751,1.7036833
314,7,20023087,0.97315023,0.05307076,0.4301285,0.0,0.0101736,0.0,0.00158776,0.50503938,19211,7,0.06532926,1.7036833
314,8,20023088,0.96953442,0.05740936,0.42667537,0.0,0.01551753,0.0,0.00306038,0.49733735,23307,7,0.07144093,1.70418
314,9,20023089,0.97270827,0.05130413,0.42654019,0.0,0.01191855,0.0,0.0020461,0.50819102,19211,7,0.05369306,1.7036833
314,10,20023090,0.97182927,0.0572595,0.41919468,0.0,0.01269817,0.0,0.00183026,0.50901739,23306,7,0.05517627,1.7036831
315,1,20023111,0.95956343,0.01367187,0.0,0.00192223,0.00198451,0.02089035,0.0,0.96153103,16351,7,0.06736718,0.9927197
315,2,20023112,0.95840676,0.01344522,0.0,0.0019238,0.00199221,0.04101149,0.0,0.94162727,47071,7,0.06261919,0.9927197
315,3,20023113,0.95855255,0.0134748,0.0,0.00192189,0.00197655,0.09989588,0.0,0.88273088,55263,7,0.06141055,0.9927197
315,4,20023114,0.95901574,0.01354954,0.0,0.00192133,0.00197887,0.03362286,0.0,0.94892741,15199,7,0.03887078,0.9927095
315,5,20023115,0.95904346,0.01355586,0.0,0.001922,0.00198422,0.02344052,0.0,0.95909741,59359,7,0.06464084,0.9927187
315,6,20023116,0.95847553,0.01342546,0.0,0.00192194,0.00201691,0.06019452,0.0,0.92244118,65375,7,0.07805816,0.9927197
315,7,20023117,0.95962747,0.0137383,0.0,0.00192207,0.00197731,0.04115693,0.0,0.94120539,49119,7,0.10234546,0.9927197
315,8,20023118,0.95845831,0.01330513,0.0,0.00192185,0.00195169,0.14073545,0.0,0.84208588,32159,6,0.06349794,0.9927158
315,9,20023119,0.95996271,0.01382551,0.0,0.00192205,0.00198116,0.01416095,0.0,0.96811033,61407,7,0.10969705,0.9927187
315,10,20023120,0.9595847,0.01370361,0.0,0.00192114,0.00197719,0.02198814,0.0,0.96040991,31711,7,0.09917127,0.992725
316,1,20023141,0.98221829,0.02655356,0.00098438,0.0,0.00131932,0.97106784,0.0,7.491e-05,53002,6,0.05852183,3.9170097
316,2,20023142,0.98264711,0.02821504,0.00098801,0.0,0.00180041,0.80420493,0.0,0.16479161,57100,6,0.10607995,3.917341
316,3,20023143,0.98262638,0.02788859,0.00102002,0.0,0.00172916,0.77570896,0.0,0.19365327,53036,6,0.10575233,3.9170034
316,4,20023144,0.98309201,0.02515054,0.00087435,0.0,0.00180424,0.76640331,0.0,0.20576756,48940,6,0.09205768,3.9173349
316,5,20023145,0.98307684,0.02512139,0.00086444,0.0,0.00177407,0.80310113,0.0,0.16913897,44812,6,0.06517368,3.9170097
316,6,20023146,0.97055739,0.13310889,0.11154797,0.0,0.00144682,0.7538293,0.0,6.702e-05,47867,4,0.10713521,3.9122361
316,7,20023147,0.98308718,0.02517225,0.00092969,0.0,0.00178854,0.79692778,0.0,0.17518173,48940,6,0.08052262,3.9173349
316,8,20023148,0.9830726,0.02516478,0.00093847,0.0,0.00178261,0.76399234,0.0,0.20812181,47916,6,0.08407395,3.917341
316,9,20023149,0.98262149,0.02437069,0.00088908,0.0,0.00146127,0.9731272,0.0,0.00015176,56860,6,0.20595316,3.917341
316,10,20023150,0.98252977,0.02269574,0.00045117,0.0,0.00125136,0.97532828,0.0,0.00027345,46988,6,0.18145854,3.917341
317,1,20023171,0.88847241,0.01671983,0.0232147,0.01239626,0.00227116,0.88696454,0.05842891,4.61e-06,36873,6,0.30023443,0.9911897
317,2,20023172,0.92958419,0.01381759,0.00905673,0.00303724,0.00212247,0.95118268,0.02077873,4.57e-06,32843,6,0.26115724,0.9911839
317,3,20023173,0.93333273,0.01349167,0.01435693,0.01206354,0.0007889,0.94440862,0.01486865,2.168e-05,36873,6,0.23562855,0.9911897
317,4,20023174,0.86491848,0.04390891,0.01468571,0.01914614,0.02154805,0.83958882,0.06103419,8.818e-05,36875,6,0.27588715,0.9911897
317,5,20023175,0.9047157,0.01575125,0.02575937,0.01250464,0.00226791,0.90123234,0.04241347,7.103e-05,32843,6,0.20758788,0.9911839
317,6,20023176,0.89031547,0.0155329,0.01579626,0.00505167,0.00231892,0.90171179,0.05958474,3.71e-06,36873,6,0.19621143,0.9911897
317,7,20023177,0.9001377,0.01613483,0.02990218,0.01694802,0.00196619,0.88988819,0.04515241,8.19e-06,36937,6,0.14223932,0.9911849
317,8,20023178,0.8581947,0.0189585,0.01969449,0.0042933,0.00300647,0.8610033,0.09302803,1.59e-05,32841,6,0.14018753,0.9911839
317,9,20023179,0.96203004,0.02269054,0.01890757,0.00086026,0.00097104,0.95565488,0.00068512,0.00023058,22479,6,0.74124434,0.9903648
317,10,20023180,0.88410706,0.01741643,0.02617725,0.01134875,0.00244951,0.87932635,0.06327604,5.67e-06,32779,6,0.25703769,0.9911887
318,1,20023201,0.98617254,0.01590997,0.00410596,0.0,0.0025326,0.0101643,0.0,0.96728717,36863,7,0.09740005,0.9977532
318,2,20023202,0.98617796,0.01587202,0.00419473,0.0,0.00251405,0.01174246,0.0,0.96567674,56831,7,0.14227317,0.9977519
318,3,20023203,0.98616835,0.01584317,0.00412959,0.0,0.00251378,0.02262875,0.0,0.95488472,30207,7,0.10435469,0.9977519
318,4,20023204,0.98616564,0.01587601,0.00431419,0.0,0.00251911,0.02543883,0.0,0.95185185,30207,7,0.07617417,0.9977519
318,5,20023205,0.98616022,0.01584259,0.00413201,0.0,0.00249976,0.015361,0.0,0.96216464,61439,7,0.07581283,0.9977532
318,6,20023206,0.98615553,0.01584778,0.00416901,0.0,0.00249542,0.01786435,0.0,0.95962344,44543,7,0.08427329,0.9977509
318,7,20023207,0.98616078,0.01582956,0.0041267,0.0,0.00252471,0.01920729,0.0,0.95831174,36351,7,0.09517387,0.9977509
318,8,20023208,0.98616162,0.01585481,0.00414671,0.0,0.00251905,0.02272174,0.0,0.95475769,50687,7,0.05437543,0.9977509
318,9,20023209,0.98616313,0.01584042,0.00420121,0.0,0.0025137,0.02630422,0.0,0.95114046,40959,7,0.07964528,0.9977542
318,10,20023210,0.98617846,0.01586157,0.00419268,0.0,0.00252437,0.01496581,0.0,0.96245557,16383,7,0.09493447,0.9977542
319,1,20023231,0.98344948,0.02730816,0.00178396,0.0,0.00287924,0.86518011,0.0,0.10284854,51978,6,0.08228712,3.3421522
319,2,20023232,0.98253573,0.02979179,0.00166563,0.0,0.00261196,0.82582653,0.0,0.14010409,56076,6,0.14801956,3.3424837
319,3,20023233,0.984248,0.02454091,0.00130187,0.0,0.00281319,0.86829574,0.0,0.1030483,57090,6,0.11932847,3.3421584
319,4,20023234,0.98418153,0.02444429,0.00154417,0.0,0.00274149,0.85821241,0.0,0.11305764,56074,6,0.14302411,3.3424837
319,5,20023235,0.98263425,0.02791643,0.00712837,0.0,0.00272962,0.84936318,0.0,0.1128624,51972,6,0.05889415,3.3418207
319,6,20023236,0.98324921,0.0278571,0.00159528,0.0,0.00285294,0.87503551,0.0,0.09265916,56074,6,0.10400567,3.3424837
319,7,20023237,0.98427767,0.02467795,0.00132741,0.0,0.00280031,0.85680534,0.0,0.11438898,51978,6,0.14323869,3.3421522
319,8,20023238,0.98207034,0.0316054,0.00178872,0.0,0.00283985,0.86868313,0.0,0.0950829,56076,6,0.16935034,3.3424837
319,9,20023239,0.98115099,0.02316299,0.00402836,0.0,0.00249003,0.94698505,0.0,0.02333356,50637,6,0.0843523,3.3431504
319,10,20023240,0.98213897,0.03126101,0.00185025,0.0,0.00280866,0.85594548,0.0,0.1081346,51980,6,0.12923423,3.3421522
320,1,20023261,0.95597665,0.01606685,0.0,0.00207903,0.00056517,0.98113035,0.00015282,5.78e-06,32159,6,0.12791454,0.9918007
320,2,20023262,0.95606968,0.01641527,0.0,0.00207897,0.00059619,0.98075004,0.00015266,6.87e-06,51167,6,0.07330879,0.9918036
320,3,20023263,0.95584417,0.01605572,0.0,0.00207717,0.0005688,0.98113864,0.00015296,6.71e-06,38879,6,0.08388759,0.9918047
320,4,20023264,0.95581135,0.01625508,0.0,0.00207932,0.00058311,0.98092319,0.00015305,6.24e-06,8031,6,0.06950229,0.9918027
320,5,20023265,0.95585654,0.01608509,0.0,0.00207881,0.00057666,0.98110093,0.00015272,5.78e-06,22495,6,0.11817323,0.9918046
320,6,20023266,0.95592385,0.0162975,0.0,0.00207779,0.00059349,0.98087231,0.00015254,6.37e-06,45023,6,0.05721205,0.9918037
320,7,20023267,0.95620746,0.01646847,0.0,0.00207642,0.00058448,0.98071148,0.00015288,6.27e-06,34783,6,0.09632126,0.9918037
320,8,20023268,0.95610178,0.01645259,0.0,0.00207934,0.00059652,0.98071222,0.00015273,6.59e-06,24415,6,0.09292221,0.9918047
320,9,20023269,0.95557581,0.01616094,0.0,0.00207845,0.00057483,0.98102727,0.00015232,6.18e-06,38751,6,0.08829923,0.9918047
320,10,20023270,0.95164444,0.0137059,0.0,0.00207875,0.00052268,0.98352736,0.00015219,1.313e-05,61135,6,0.35852687,0.9898177
321,1,20023291,0.98477875,0.02564704,0.0015403,0.0,0.00209391,0.59595003,0.00010089,0.37466783,48941,7,0.14581868,2.9409461
321,2,20023292,0.98305234,0.03153707,0.00210815,0.0,0.00238885,0.63640317,0.00010672,0.32745604,57132,6,0.1851794,2.9402841
321,3,20023293,0.98468364,0.02576157,0.00159668,0.0,0.00223236,0.6318313,0.00010402,0.33847407,44845,7,0.12403849,2.9409451
321,4,20023294,0.9829634,0.03152184,0.0022476,0.0,0.00223124,0.6145883,0.00010666,0.34930437,53036,6,0.11656563,2.9399526
321,5,20023295,0.98486202,0.02591866,0.00158846,0.0,0.00244201,0.64201809,0.00010712,0.32792566,48940,6,0.22245042,2.9402841
321,6,20023296,0.98466821,0.02607003,0.00159396,0.0,0.00241542,0.63614716,0.00010741,0.33366603,44844,6,0.13718816,2.9399526
321,7,20023297,0.98476317,0.02608825,0.00160296,0.0,0.00253834,0.65123859,0.00010742,0.31842444,48940,6,0.16593006,2.9402841
321,8,20023298,0.98484883,0.02566318,0.00158133,0.0,0.00213189,0.591507,0.00010194,0.37901467,48940,6,0.14145121,2.9402841
321,9,20023299,0.98480341,0.02589728,0.00154165,0.0,0.00240804,0.62438949,0.00010535,0.34565819,44844,6,0.18486505,2.9399526
321,10,20023300,0.98475609,0.02589206,0.00158041,0.0,0.00248024,0.65698824,0.00010736,0.31295169,48940,6,0.18673602,2.9402841
322,1,20023321,0.97923636,0.02970454,0.06936494,0.0,0.00069664,0.0,0.00012085,0.90011304,23183,7,0.89933119,0.9940506
322,2,20023322,0.97927263,0.02978074,0.06577763,0.0,0.00068889,0.0,0.00012138,0.90363137,23183,7,0.9031179,0.9940506
322,3,20023323,0.97924086,0.02966205,0.06826388,0.0,0.00069193,0.0,0.0001192,0.90126295,23183,7,0.90070898,0.9940506
322,4,20023324,0.97926463,0.02961367,0.06671036,0.0,0.00070591,0.0,0.00012218,0.90284788,23183,7,0.90219803,0.9940506
322,5,20023325,0.97914214,0.02972096,0.06981992,0.0,0.00069705,0.0,0.0001232,0.89963887,23183,7,0.82721647,0.9940506
322,6,20023326,0.97926658,0.02974231,0.06608857,0.0,0.00068859,0.0,0.00011744,0.90336309,23183,7,0.90292179,0.9940506
322,7,20023327,0.9793091,0.02957965,0.06516144,0.0,0.00068685,0.0,0.00011562,0.90445643,23183,7,0.90415285,0.9940506
322,8,20023328,0.97919353,0.02975564,0.06946931,0.0,0.0006913,0.0,0.00012098,0.89996277,23183,7,0.87592208,0.9940506
322,9,20023329,0.97932913,0.02954244,0.06470057,0.0,0.00068085,0.0,0.00011739,0.90495875,23183,7,0.90364821,0.9940506
322,10,20023330,0.97928216,0.02960268,0.06621928,0.0,0.00069416,0.0,0.00011772,0.90336615,23183,7,0.9027758,0.9940506
323,1,20023351,0.96442128,0.01400086,0.0,0.000528,0.00196594,0.02205164,0.0,0.96145356,47103,7,0.07206335,0.9940664
323,2,20023352,0.96436376,0.01400744,0.0,0.00052862,0.00194596,0.02077958,0.0,0.9627384,62975,7,0.06290299,0.9940606
323,3,20023353,0.96440737,0.01401982,0.0,0.00052781,0.00196009,0.01116071,0.0,0.97233157,57215,7,0.05868997,0.9940664
323,4,20023354,0.96441283,0.01399335,0.0,0.00052826,0.00195352,0.01272122,0.0,0.97080365,59263,7,0.06029711,0.9940655
323,5,20023355,0.9645364,0.013969,0.0,0.00052787,0.00194519,0.01543674,0.0,0.96812119,44927,7,0.10448958,0.9940654
323,6,20023356,0.96440912,0.0139897,0.0,0.00052735,0.00195743,0.01271994,0.0,0.97080558,65535,7,0.08433691,0.9940665
323,7,20023357,0.96445412,0.01400328,0.0,0.00052756,0.00194078,0.02934019,0.0,0.95418819,65407,7,0.09403067,0.9940665
323,8,20023358,0.96434785,0.0139986,0.0,0.00052836,0.00195229,0.0462336,0.0,0.93728716,40447,7,0.06546035,0.9940606
323,9,20023359,0.96434081,0.01399615,0.0,0.00052791,0.00194884,0.02362941,0.0,0.95989769,65535,7,0.07556346,0.9940665
323,10,20023360,0.96444837,0.01402053,0.0,0.00052798,0.00194367,0.01761746,0.0,0.96589036,8063,7,0.13450634,0.9940655
324,1,20023381,0.98326211,0.02408531,0.0009387,0.0,0.00175248,0.86559655,0.0,0.10762696,51978,6,0.10963591,4.1426627
324,2,20023382,0.98177234,0.02677464,0.00109465,0.0,0.00139629,0.97063951,0.0,9.491e-05,47884,6,0.13034246,4.1429942
324,3,20023383,0.98270224,0.02739924,0.00109126,0.0,0.00177572,0.87723608,0.0,0.09249771,51980,6,0.08175752,4.1426627
324,4,20023384,0.98267533,0.02264894,0.00092783,0.0,0.00163218,0.97453509,0.0,0.00025596,55178,6,0.22295515,4.1430018
324,5,20023385,0.982073,0.02386622,0.0008827,0.0,0.00140492,0.97375729,0.0,8.887e-05,47882,6,0.0707261,4.1429942
324,6,20023386,0.98174729,0.0233864,0.00109501,0.0,0.00164462,0.97381364,0.0,6.033e-05,46988,6,0.18599092,4.1430018
324,7,20023387,0.98205983,0.02375711,0.00089827,0.0,0.00140912,0.97384526,0.0,9.024e-05,47882,6,0.08205654,4.1429942
324,8,20023388,0.98325539,0.02396773,0.00089131,0.0,0.00170282,0.8685458,0.0,0.10489233,56074,6,0.10588023,4.1429942
324,9,20023389,0.98327465,0.0240115,0.0009279,0.0,0.00173674,0.87254967,0.0,0.1007742,51978,6,0.07105016,4.1426627
324,10,20023390,0.98266806,0.02708065,0.0010542,0.0,0.0016889,0.85357818,0.0,0.11659807,56076,6,0.08073067,4.1429942
325,1,20023411,0.95340887,0.01366097,0.0,0.00154215,0.00048727,0.98413597,0.00017008,3.55e-06,33055,6,0.50837373,0.9931453
325,2,20023412,0.95330746,0.01300734,0.0,0.00153761,0.00038937,0.984899,0.00016424,2.44e-06,37151,6,0.64310709,0.9931463
325,3,20023413,0.9534542,0.01310792,0.0,0.00153026,0.0003702,0.98482673,0.00016292,1.96e-06,33055,6,0.24250955,0.9931453
325,4,20023414,0.94511669,0.00886209,0.0,0.00131668,0.00034651,0.98931603,0.000156,2.69e-06,32783,6,0.12043912,0.9891693
325,5,20023415,0.95304048,0.01453559,0.0,0.00159775,0.00062186,0.98304937,0.00018898,6.44e-06,37279,6,0.42129635,0.9931462
325,6,20023416,0.95350346,0.01484215,0.0,0.00157926,0.00056107,0.98283721,0.00017557,4.74e-06,37343,6,0.33193024,0.9931394
325,7,20023417,0.95391219,0.01468406,0.0,0.00156022,0.000558,0.98301974,0.00017364,4.35e-06,37343,6,0.38063236,0.9931394
325,8,20023418,0.95308891,0.01249437,0.0,0.00152758,0.00033265,0.98548151,0.00016211,1.78e-06,37151,6,0.65501796,0.9931463
325,9,20023419,0.95350552,0.01343679,0.0,0.00153703,0.00043745,0.98441946,0.0001661,3.17e-06,37151,6,0.47830133,0.9931463
325,10,20023420,0.95351631,0.01443979,0.0,0.00156226,0.0005882,0.98322706,0.00017721,5.48e-06,33247,6,0.58883783,0.9931384
326,1,20023441,0.99196651,0.0362841,0.00390789,2.23e-06,0.0025023,0.0,0.00042257,0.9568809,57261,7,0.85941366,1.1431618
326,2,20023442,0.99322554,0.03334282,0.00531962,2.36e-06,0.00239901,0.0,0.00041676,0.95851944,49069,7,0.55872104,1.1431618
326,3,20023443,0.99310364,0.03423485,0.0047243,2.24e-06,0.00235872,0.0,0.00041898,0.9582609,44845,7,0.33439276,1.143444
326,4,20023444,0.99335897,0.03234003,0.00469195,2.35e-06,0.00239792,0.0,0.00041607,0.96015167,49069,7,0.61724699,1.1431618
326,5,20023445,0.99201329,0.03571731,0.00359692,2.26e-06,0.00243749,0.0,0.00042039,0.95782563,57261,7,0.95588268,1.1431618
326,6,20023446,0.99199971,0.03576025,0.00369566,2.39e-06,0.00246783,0.0,0.00042033,0.95765354,57261,7,0.94258896,1.1431618
326,7,20023447,0.9933878,0.03193484,0.00425353,2.33e-06,0.00228515,0.0,0.00041673,0.96110742,49069,7,0.64839476,1.1431618
326,8,20023448,0.99193863,0.03642175,0.00377294,2.39e-06,0.00252738,0.0,0.00042162,0.95685391,57261,7,0.89354439,1.1431618
326,9,20023449,0.99333025,0.03258274,0.0046959,2.27e-06,0.00231003,0.0,0.00041689,0.95999217,49069,7,0.65076148,1.1431618
326,10,20023450,0.99292968,0.03461869,0.00446744,2.2e-06,0.00233683,0.0,0.00041845,0.95815639,48941,7,0.67159347,1.143445
327,1,20023471,0.98252244,0.03578695,0.02650806,0.0,0.00487445,0.73992228,0.00015485,0.1927534,56076,6,0.097618,2.4870172
327,2,20023472,0.98255711,0.03573357,0.0264606,0.0,0.00478982,0.76297386,0.00021446,0.16982769,56074,6,0.06804947,2.4870172
327,3,20023473,0.98355309,0.03089351,0.01910673,0.0,0.0043966,0.7657575,0.00023271,0.17961294,51978,6,0.09597082,2.4866856
327,4,20023474,0.98309484,0.03262865,0.01793934,0.0,0.00514889,0.80114665,0.00018558,0.1429509,51978,6,0.10237292,2.4866856
327,5,20023475,0.98295993,0.03327102,0.03038481,0.0,0.00496798,0.77266269,0.00011937,0.15859413,51980,6,0.10350027,2.4866856
327,6,20023476,0.98326558,0.03288345,0.01700068,0.0,0.00499028,0.79280973,0.00012179,0.15219406,51978,6,0.08492114,2.4866856
327,7,20023477,0.98358511,0.03049191,0.01465218,0.0,0.0049838,0.81189097,0.00019615,0.137785,51970,6,0.11865781,2.4863541
327,8,20023478,0.98265877,0.03419992,0.02338602,0.0,0.0054991,0.77053806,0.00024321,0.16613369,51980,6,0.06897705,2.4866856
327,9,20023479,0.98352409,0.0317174,0.03416008,0.0,0.00412056,0.71705607,9.722e-05,0.21284868,51978,6,0.07597491,2.4866856
327,10,20023480,0.98280326,0.03286796,0.02599832,0.0,0.00544761,0.77523341,0.0002274,0.16022531,51980,6,0.0773759,2.4866856
328,1,20023501,0.95569493,0.01376436,0.0,0.00221971,0.00194941,0.02965495,0.0,0.95241157,30687,7,0.12133611,0.99179
328,2,20023502,0.95571213,0.0136777,0.0,0.00221912,0.00194314,0.0473898,0.0,0.93477024,65503,7,0.07272071,0.9917901
328,3,20023503,0.95467146,0.01339854,0.0,0.00221918,0.00188526,0.18465539,0.0,0.79784164,57183,7,0.07002714,0.99179
328,4,20023504,0.95520831,0.01361358,0.0,0.00221873,0.00197831,0.01236763,0.0,0.96982176,16223,7,0.0887917,0.99179
328,5,20023505,0.95574071,0.01371473,0.0,0.00221841,0.00194721,0.02583386,0.0,0.95628579,65503,7,0.12650728,0.9917901
328,6,20023506,0.95538311,0.0135754,0.0,0.00221874,0.00199145,0.03396517,0.0,0.94824923,32607,7,0.11276685,0.9917901
328,7,20023507,0.95502426,0.01355381,0.0,0.00221842,0.0019612,0.05903634,0.0,0.92323024,60383,7,0.08175525,0.9917952
328,8,20023508,0.95582818,0.01366429,0.0,0.00221878,0.00191818,0.08014362,0.0,0.90205512,16351,7,0.08315641,0.99179
328,9,20023509,0.95586451,0.01358216,0.0,0.00221943,0.00189525,0.09608038,0.0,0.88622278,43871,7,0.06023802,0.9917789
328,10,20023510,0.95554432,0.01366833,0.0,0.00221842,0.00195919,0.02596155,0.0,0.95619251,47071,7,0.15377795,0.99179
329,1,20023531,0.98366614,0.02454211,0.00077617,0.0,0.00194915,0.74670839,0.0,0.22602418,44844,6,0.12471603,3.8134136
329,2,20023532,0.98364609,0.02419826,0.00076414,0.0,0.00177787,0.71218762,0.0,0.2610721,48940,6,0.09743625,3.8137452
329,3,20023533,0.98363792,0.02446158,0.00077199,0.0,0.00190903,0.72569089,0.0,0.24716652,48941,7,0.08297285,3.8144072
329,4,20023534,0.98337004,0.02248347,0.00075332,0.0,0.00173863,0.97486997,0.0,0.0001546,48668,6,0.22614326,3.8137511
329,5,20023535,0.98265091,0.02469181,0.00085218,0.0,0.00165931,0.97266281,0.0,0.00013389,56860,6,0.19764145,3.8137511
329,6,20023536,0.9827651,0.02805723,0.00094873,0.0,0.00187876,0.73333175,0.0,0.23578353,57132,6,0.15224475,3.8137452
329,7,20023537,0.98366175,0.02442415,0.00075752,0.0,0.00182004,0.70325564,0.0,0.26974265,48940,6,0.10388919,3.8137452
329,8,20023538,0.98365698,0.02464763,0.0007753,0.0,0.00197548,0.76008685,0.0,0.21251474,48940,6,0.12350564,3.8137452
329,9,20023539,0.98363655,0.02440223,0.00075434,0.0,0.00183734,0.74870445,0.0,0.22430164,44844,6,0.11078242,3.8134136
329,10,20023540,0.9827121,0.02772298,0.00091922,0.0,0.00183873,0.72038725,0.0,0.24913182,53036,6,0.09372775,3.8134136
330,1,20023561,0.87606241,0.04078336,0.04465321,0.00024667,0.01144366,0.82613109,0.07548113,0.00126089,6095,6,0.22118148,0.9918641
330,2,20023562,0.91743746,0.0377719,0.04118126,0.00052844,0.00466502,0.8714352,0.0434255,0.00099267,22479,6,0.62290966,0.9928515
330,3,20023563,0.90628005,0.03896604,0.03255786,0.00019304,0.00632584,0.87024393,0.0516673,4.599e-05,22479,6,0.47076045,0.9928515
330,4,20023564,0.88682248,0.03823802,0.06482011,0.00022448,0.00895382,0.81678802,0.06952345,0.0014521,22479,6,0.25810648,0.9928515
330,5,20023565,0.89701109,0.04141473,0.05289257,0.00011527,0.00807028,0.8396266,0.05746207,0.00041848,22479,6,0.29136558,0.9928515
330,6,20023566,0.83666204,0.04157529,0.04209363,0.0002369,0.01188925,0.78972184,0.11438329,9.979e-05,22479,6,0.42232683,0.9928515
330,7,20023567,0.85555138,0.04068943,0.05929813,0.00013121,0.01667543,0.79016158,0.0906621,0.0023821,6095,6,0.2240881,0.9918641
330,8,20023568,0.92728364,0.03760793,0.03690357,0.00010323,0.00783103,0.88682797,0.03035528,0.000371,6095,6,0.25749728,0.9918641
330,9,20023569,0.9120236,0.03904487,0.04572,7.072e-05,0.00981347,0.86208468,0.04272282,0.00054345,22479,6,0.42395126,0.9928515
330,10,20023570,0.91801967,0.03693528,0.03977212,9.274e-05,0.00671045,0.8751341,0.04129431,6.1e-05,22479,6,0.4351154,0.9928515
331,1,20023591,0.97648083,0.01476164,0.00372869,0.0,0.0021122,0.02542077,0.0,0.9539767,47103,7,0.10582588,0.9961201
331,2,20023592,0.97649608,0.01472615,0.00362617,0.0,0.00207614,0.02384402,0.0,0.95572752,65535,7,0.10883136,0.9961201
331,3,20023593,0.97650858,0.01473216,0.00378388,0.0,0.00210546,0.01570557,0.0,0.96367294,51199,7,0.06418723,0.9961191
331,4,20023594,0.97646564,0.01471558,0.00375629,0.0,0.00210453,0.01187348,0.0,0.96755011,56831,7,0.06511149,0.9961162
331,5,20023595,0.97648746,0.01474325,0.00370264,0.0,0.00209983,0.00714182,0.0,0.97231246,53119,7,0.08445194,0.9961191
331,6,20023596,0.97649133,0.01470629,0.00376472,0.0,0.00209349,0.02237021,0.0,0.95706529,15871,7,0.07737609,0.9961162
331,7,20023597,0.9765041,0.01476293,0.00363581,0.0,0.00209433,0.00783612,0.0,0.97167082,65535,7,0.11635847,0.9961201
331,8,20023598,0.97648663,0.01473171,0.00379041,0.0,0.00209639,0.02682686,0.0,0.95255463,45055,7,0.0744282,0.9961191
331,9,20023599,0.9765234,0.01472751,0.00385834,0.0,0.0021012,0.00750824,0.0,0.97180471,45055,7,0.11032631,0.9961191
331,10,20023600,0.97646222,0.01473109,0.00365273,0.0,0.00213016,0.01011655,0.0,0.96936946,52735,7,0.16880211,0.9961152
332,1,20023621,0.97980648,0.02989955,0.00204913,0.0,0.00190446,0.96602956,0.0,0.0001173,47884,6,0.117434,3.9241426
332,2,20023622,0.98391479,0.0235951,0.00094546,0.0,0.0022866,0.87197875,0.0,0.1011941,51978,6,0.18117986,3.9238111
332,3,20023623,0.98243276,0.02831973,0.00125124,0.0,0.00215813,0.84343746,0.0,0.12483343,51980,6,0.12032965,3.9238111
332,4,20023624,0.98393877,0.02350853,0.00093609,0.0,0.00221548,0.85497342,0.0,0.11836649,56074,6,0.21626675,3.9241426
332,5,20023625,0.98102825,0.02050159,0.00062731,0.0,0.00185552,0.97698726,0.0,2.832e-05,50636,6,0.16962019,3.9238184
332,6,20023626,0.98240042,0.02839128,0.00121689,0.0,0.00213961,0.84138205,0.0,0.12687017,56076,6,0.1212656,3.9241426
332,7,20023627,0.98245716,0.027807,0.00114499,0.0,0.00207165,0.83786928,0.0,0.13110708,51980,6,0.10334997,3.9238111
332,8,20023628,0.98240563,0.02799563,0.00122266,0.0,0.00201504,0.82242842,0.0,0.14633825,56076,6,0.08950903,3.9241426
332,9,20023629,0.98406283,0.02300431,0.00088947,0.0,0.00217657,0.83740706,0.0,0.13652258,51978,6,0.16268152,3.9238111
332,10,20023630,0.98246656,0.02812533,0.00116354,0.0,0.0022371,0.85601663,0.0,0.11245739,56076,6,0.19439513,3.9241426
333,1,20023651,0.95482488,0.01696772,0.0,0.00208919,0.00062174,0.98016093,0.00015347,6.95e-06,42975,6,0.08704827,0.9917236
333,2,20023652,0.95465784,0.01639936,0.0,0.00208653,0.00059222,0.9807612,0.00015376,6.93e-06,24415,6,0.14366583,0.9917246
333,3,20023653,0.95533603,0.01672771,0.0,0.00208808,0.00058254,0.98044167,0.00015384,6.16e-06,22367,6,0.18853774,0.9917134
333,4,20023654,0.95456849,0.01578242,0.0,0.00208577,0.00051218,0.9814611,0.00015349,5.04e-06,58655,6,0.16390759,0.9917196
333,5,20023655,0.9549372,0.01660856,0.0,0.00208664,0.00057594,0.98056894,0.00015354,6.39e-06,22495,6,0.13840817,0.9917246
333,6,20023656,0.95496267,0.01626591,0.0,0.00208648,0.00057035,0.98091712,0.00015346,6.68e-06,38303,6,0.18226062,0.9917165
333,7,20023657,0.95517934,0.01679179,0.0,0.00208698,0.00058612,0.98037423,0.0001537,7.18e-06,22495,6,0.06646558,0.9917246
333,8,20023658,0.95537894,0.01682991,0.0,0.00208688,0.00059529,0.98032739,0.0001539,6.63e-06,6111,6,0.16507175,0.9917226
333,9,20023659,0.95453629,0.01624492,0.0,0.00208773,0.00056872,0.98093961,0.00015325,5.76e-06,35167,6,0.09028156,0.9917155
333,10,20023660,0.46065683,0.0123493,0.0,0.98580388,0.00049364,0.00119774,0.00015423,1.21e-06,56273,2,0.12710616,0.4933484
334,1,20023681,0.98172505,0.03934865,0.02663939,0.0,0.00609523,0.47786824,0.00096564,0.44908284,44845,7,0.12725409,2.4132696
334,2,20023682,0.98343443,0.0324694,0.02910203,0.0,0.00527887,0.45939299,0.00049652,0.4732602,48941,7,0.21392931,2.4132706
334,3,20023683,0.9827251,0.03408133,0.02802694,0.0,0.00494674,0.44462407,0.00086695,0.48745397,44845,7,0.10678628,2.4132696
334,4,20023684,0.982798,0.03432152,0.03455896,0.0,0.00504858,0.44335917,0.00072343,0.48198834,48940,6,0.10028518,2.4126086
334,5,20023685,0.98342848,0.03455862,0.02879349,0.0,0.00401176,0.4412871,0.00056843,0.49078061,44845,7,0.15078068,2.4132696
334,6,20023686,0.98304023,0.03488594,0.03229784,0.0,0.00421263,0.43662074,0.00062886,0.49135398,44845,7,0.09817419,2.4132696
334,7,20023687,0.98275013,0.03517745,0.02549082,0.0,0.0050187,0.44867977,0.00077307,0.4848602,44845,7,0.14935811,2.4132696
334,8,20023688,0.98357233,0.03223141,0.03070333,0.0,0.00435376,0.43602924,0.00059281,0.49608946,48941,7,0.18480538,2.4132706
334,9,20023689,0.98318916,0.03601054,0.03056493,0.0,0.00394561,0.44579057,0.00048972,0.48319864,44845,7,0.11267636,2.4132696
334,10,20023690,0.98251974,0.03841452,0.06878838,0.0,0.00537638,0.46166391,0.00069169,0.42506511,44845,7,0.17967419,2.4132696
335,1,20023711,0.98216736,0.03738652,0.3221551,0.0,0.00432812,0.0,0.00037518,0.63575509,19211,7,0.12568341,1.3219088
335,2,20023712,0.98412551,0.03309906,0.28197519,0.0,0.00357799,0.0,0.00024856,0.68109921,19211,7,0.30740785,1.3219088
335,3,20023713,0.9823411,0.03559102,0.34311339,0.0,0.00461456,0.0,0.00035126,0.61632977,19203,7,0.08571806,1.3214116
335,4,20023714,0.9828914,0.03504696,0.32321481,0.0,0.00364371,0.0,0.00028895,0.63780558,19211,7,0.2328373,1.3219088
335,5,20023715,0.98093818,0.03977929,0.34945482,0.0,0.00595977,0.0,0.00080876,0.60399736,20235,7,0.09938643,1.321911
335,6,20023716,0.98340882,0.03553551,0.29501927,0.0,0.00364135,0.0,0.00037182,0.66543204,19211,7,0.21856768,1.3219088
335,7,20023717,0.98335305,0.03386362,0.32878062,0.0,0.00338361,0.0,0.00030298,0.63366917,19211,7,0.22201375,1.3219088
335,8,20023718,0.98349703,0.03143054,0.34774112,0.0,0.00305889,0.0,0.00034518,0.61742427,19211,7,0.30097019,1.3219088
335,9,20023719,0.98341571,0.03497324,0.30788197,0.0,0.00297629,0.0,0.00026385,0.65390465,19211,7,0.14645726,1.3219088
335,10,20023720,0.98356772,0.03350396,0.30391508,0.0,0.00403071,0.0,0.00032763,0.65822261,19211,7,0.21263853,1.3219088
336,1,20023741,0.9562561,0.01291202,0.0,0.00151035,0.00189356,0.02092568,0.0,0.96275839,47103,7,0.05576688,0.9926899
336,2,20023742,0.95629998,0.01288969,0.0,0.00150987,0.00189498,0.04119831,0.0,0.94250715,65535,7,0.05972912,0.9926899
336,3,20023743,0.95635323,0.01287581,0.0,0.00150972,0.00190412,0.01155567,0.0,0.97215468,62975,7,0.10120585,0.9926826
336,4,20023744,0.95638824,0.0129504,0.0,0.0015097,0.00188431,0.02512602,0.0,0.95852956,8191,7,0.0541234,0.9926889
336,5,20023745,0.95654805,0.01290175,0.0,0.00151007,0.00189198,0.04607942,0.0,0.93761678,22015,7,0.06513804,0.9926826
336,6,20023746,0.95628519,0.01288521,0.0,0.00150987,0.00188226,0.02131869,0.0,0.96240396,30719,7,0.07096653,0.9926899
336,7,20023747,0.95618171,0.01286979,0.0,0.00150981,0.00188239,0.02882292,0.0,0.9549151,32255,7,0.11537781,0.9926826
336,8,20023748,0.95623985,0.01285765,0.0,0.00150954,0.00190234,0.02458149,0.0,0.95914898,24447,7,0.07366043,0.9926899
336,9,20023749,0.9562451,0.01288288,0.0,0.00151047,0.00190625,0.03993451,0.0,0.94376589,47103,7,0.09898111,0.9926899
336,10,20023750,0.95634873,0.01295088,0.0,0.00151016,0.00190929,0.01978606,0.0,0.9638436,40959,7,0.08002128,0.9926899
337,1,20023771,0.98373906,0.04261652,0.95534834,0.0,0.00156469,0.00044978,0.0,2.067e-05,8370,4,0.24420375,4.3289089
337,2,20023772,0.98369754,0.04277318,0.95536675,0.0,0.0014059,0.00043577,0.0,1.839e-05,8370,4,0.19692104,4.3289089
337,3,20023773,0.9836672,0.04294238,0.95523579,0.0,0.00137214,0.00043142,0.0,1.827e-05,8370,4,0.30936922,4.3289089
337,4,20023774,0.98369364,0.04287434,0.95530757,0.0,0.00137178,0.00042814,0.0,1.817e-05,8370,4,0.42763225,4.3289089
337,5,20023775,0.98016458,0.09711075,0.89621503,0.0,0.0061636,0.00047575,0.0,3.487e-05,55410,4,0.40533317,4.3299105
337,6,20023776,0.9801621,0.09538644,0.89680466,0.0,0.00729923,0.00047428,0.0,3.538e-05,55410,4,0.41706501,4.3299105
337,7,20023777,0.98366071,0.04316441,0.95499323,0.0,0.00139097,0.00043303,0.0,1.837e-05,8370,4,0.22427304,4.3289089
337,8,20023778,0.98369272,0.04265609,0.95533668,0.0,0.00152851,0.00045743,0.0,2.128e-05,8370,4,0.20192264,4.3289089
337,9,20023779,0.98368918,0.04235993,0.95581137,0.0,0.00137794,0.00043237,0.0,1.839e-05,8370,4,0.38201292,4.3289089
337,10,20023780,0.98364163,0.0432616,0.95495042,0.0,0.00134663,0.00042309,0.0,1.826e-05,8370,4,0.42384972,4.3289089
338,1,20023801,0.94820572,0.01071056,0.00120821,0.00023047,0.00056484,0.98701779,0.00026484,3.29e-06,36939,6,0.24771989,0.9899955
338,2,20023802,0.94802799,0.01075456,0.00121346,0.00023454,0.00059622,0.9869231,0.00027479,3.33e-06,36937,6,0.33260328,0.9899955
338,3,20023803,0.94870349,0.01044714,0.00118936,0.00021753,0.00045527,0.98744898,0.00023934,2.38e-06,32779,6,0.15738602,0.9900005
338,4,20023804,0.94865672,0.01024893,0.00116789,0.00021281,0.00035591,0.98778387,0.00022896,1.63e-06,36875,6,0.37184059,0.9900015
338,5,20023805,0.94879328,0.01055123,0.00119625,0.00022312,0.00050466,0.98727064,0.00025127,2.82e-06,32843,6,0.21866544,0.9899945
338,6,20023806,0.94830562,0.01079949,0.00120557,0.00023713,0.00060075,0.9868766,0.00027678,3.68e-06,32843,6,0.25330454,0.9899945
338,7,20023807,0.94847134,0.01034541,0.00117765,0.00021931,0.0003959,0.9876218,0.00023802,1.91e-06,32777,6,0.26288497,0.9900005
338,8,20023808,0.94872711,0.01026985,0.00117009,0.000212,0.00037999,0.98773926,0.00022696,1.85e-06,36873,6,0.21575582,0.9900015
338,9,20023809,0.94835599,0.01043821,0.00118909,0.00022343,0.00044327,0.9874532,0.00025031,2.5e-06,32843,6,0.17251107,0.9899945
338,10,20023810,0.94865752,0.01017723,0.00116109,0.00021354,0.00032888,0.98788786,0.00022997,1.43e-06,32781,6,0.12613074,0.9900005
339,1,20023831,0.99167659,0.01618005,0.01084101,0.0,0.00267822,0.00082336,0.0,0.96947735,40959,7,0.06700372,0.9986781
339,2,20023832,0.99165425,0.01617292,0.01090157,0.0,0.0026622,0.00095501,0.0,0.9693083,55295,7,0.07393025,0.9986781
339,3,20023833,0.99160751,0.01619368,0.01058672,0.0,0.00266927,0.00115939,0.0,0.96939094,48511,7,0.07509559,0.9986767
339,4,20023834,0.99162098,0.01612983,0.01059908,0.0,0.00268113,0.00079643,0.0,0.96979354,60927,7,0.07353699,0.9986757
339,5,20023835,0.99169259,0.0162059,0.01111083,0.0,0.00266423,0.00075264,0.0,0.9692664,65023,7,0.07489293,0.9986767
339,6,20023836,0.99169393,0.01619392,0.01062954,0.0,0.00265925,0.00098474,0.0,0.96953256,53247,7,0.07933103,0.9986771
339,7,20023837,0.99166527,0.0162016,0.01109155,0.0,0.00266863,0.00084851,0.0,0.96918972,40447,7,0.06534459,0.9986767
339,8,20023838,0.99164352,0.01617082,0.01086186,0.0,0.00269297,0.00101474,0.0,0.96925961,49151,7,0.07431034,0.9986781
339,9,20023839,0.99167172,0.01614651,0.01066614,0.0,0.00266886,0.00094701,0.0,0.96957148,49151,7,0.07465319,0.9986781
339,10,20023840,0.99165725,0.01619115,0.01046418,0.0,0.00265815,0.00100936,0.0,0.96967717,45055,7,0.08002903,0.9986771
340,1,20023861,0.98415072,0.02498246,0.00473616,0.0,0.00304596,0.81834318,3.72e-05,0.14885505,51978,6,0.17084496,3.2585023
340,2,20023862,0.98415295,0.0249182,0.00212511,0.0,0.00324565,0.85613502,2.651e-05,0.1135495,56066,6,0.12096287,3.2585023
340,3,20023863,0.98424923,0.02434252,0.00211775,0.0,0.00304208,0.84277426,2.596e-05,0.12769743,56074,6,0.10757713,3.2588338
340,4,20023864,0.98338794,0.02712816,0.00379379,0.0,0.0034927,0.85272761,2.68e-05,0.11283093,56075,6,0.09446424,3.2594958
340,5,20023865,0.98283681,0.02889909,0.00298798,0.0,0.00322237,0.8487457,2.676e-05,0.1161181,56077,6,0.08469071,3.2594958
340,6,20023866,0.98375139,0.02625338,0.00279297,0.0,0.00299155,0.82437314,2.56e-05,0.14356336,51978,6,0.0927096,3.2585023
340,7,20023867,0.98223432,0.03114619,0.00353643,0.0,0.00327837,0.85352449,2.693e-05,0.10848759,51980,6,0.14805101,3.2585023
340,8,20023868,0.98342075,0.02719189,0.0035104,0.0,0.00298209,0.82106407,2.541e-05,0.14522614,53002,6,0.06427855,3.2585083
340,9,20023869,0.98408651,0.02517273,0.00206742,0.0,0.0032336,0.86013191,2.993e-05,0.1093644,56074,6,0.17121176,3.2588338
340,10,20023870,0.98279149,0.02875516,0.00515207,0.0,0.00324805,0.8296596,2.605e-05,0.13315907,51980,6,0.06573413,3.2585023
341,1,20023891,0.95263009,0.0154645,0.0,0.00207466,0.00055999,0.98174267,0.00015223,5.96e-06,14303,6,0.08524614,0.9911191
341,2,20023892,0.95278657,0.01532283,0.0,0.0020731,0.00054852,0.98189775,0.00015232,5.48e-06,36703,6,0.10377349,0.9911182
341,3,20023893,0.95255265,0.01540077,0.0,0.00207573,0.00055599,0.98180956,0.00015218,5.78e-06,45023,6,0.09092658,0.9911182
341,4,20023894,0.95285006,0.01540745,0.0,0.00207375,0.00055383,0.98180633,0.00015256,6.08e-06,47071,6,0.07834701,0.9911191
341,5,20023895,0.95286205,0.01535195,0.0,0.00207465,0.00054801,0.98186668,0.00015258,6.14e-06,8031,6,0.14634636,0.9911171
341,6,20023896,0.95285587,0.01517683,0.0,0.00207362,0.00054724,0.98204398,0.00015256,5.77e-06,24543,6,0.08096629,0.9911191
341,7,20023897,0.95238581,0.01536642,0.0,0.00207459,0.0005606,0.98183992,0.00015242,6.06e-06,8031,6,0.14156219,0.9911171
341,8,20023898,0.95257317,0.01523908,0.0,0.00207443,0.00054762,0.9819806,0.00015246,5.81e-06,24415,6,0.09986535,0.9911191
341,9,20023899,0.95272825,0.01537589,0.0,0.00207366,0.0005548,0.981837,0.0001527,5.96e-06,24415,6,0.1086503,0.9911191
341,10,20023900,0.95285176,0.01516122,0.0,0.00207326,0.00054346,0.98206367,0.00015257,5.81e-06,23391,6,0.16997601,0.9911073
342,1,20023921,0.98427534,0.02407788,0.00099836,0.0,0.00195647,0.65636151,0.0,0.31660578,44845,7,0.12386797,3.5303854
342,2,20023922,0.98295754,0.02853378,0.00122211,0.0,0.00198787,0.65660783,0.0,0.31164842,53036,6,0.10752641,3.5293929
342,3,20023923,0.98285154,0.02849483,0.00122546,0.0,0.00211975,0.69623186,0.0,0.27192811,57132,6,0.10676867,3.5297244
342,4,20023924,0.98420297,0.02425212,0.00099963,0.0,0.00210269,0.71914216,0.0,0.25350341,48940,6,0.1245298,3.5297244
342,5,20023925,0.98430613,0.02413389,0.00099753,0.0,0.00214108,0.69259319,0.0,0.28013431,48940,6,0.16559211,3.5297244
342,6,20023926,0.98421065,0.02434502,0.0010159,0.0,0.00214986,0.67696047,0.0,0.29552875,48941,7,0.10319711,3.5303864
342,7,20023927,0.98286741,0.02855738,0.00124767,0.0,0.00205361,0.6765317,0.0,0.29160965,53036,6,0.09551138,3.5293929
342,8,20023928,0.9842453,0.02428906,0.001012,0.0,0.00204268,0.67701012,0.0,0.29564613,44844,6,0.10527479,3.5293929
342,9,20023929,0.98282191,0.02893529,0.00126463,0.0,0.00227274,0.70391618,0.0,0.26361116,53036,6,0.11911454,3.5293929
342,10,20023930,0.98285912,0.02855748,0.0012474,0.0,0.00212458,0.69189032,0.0,0.27618023,57132,6,0.13035442,3.5297244
343,1,20023951,0.86374712,0.0593875,0.15191402,0.0,0.0421329,0.0,0.05914468,0.6874209,23183,7,0.30051346,0.9908979
343,2,20023952,0.8372938,0.06745111,0.14652007,0.0,0.05369588,0.0,0.07125565,0.66107728,23183,7,0.35635043,0.9908979
343,3,20023953,0.83427592,0.06716247,0.15001544,0.0,0.053696,0.0,0.07411504,0.65501105,23183,7,0.25555196,0.9908979
343,4,20023954,0.89265217,0.05363355,0.14209739,0.0,0.03614208,0.0,0.03643133,0.73169565,23183,7,0.56499912,0.9908979
343,5,20023955,0.82886113,0.06715097,0.14299645,0.0,0.05088584,0.0,0.08073335,0.6582334,23183,7,0.22720622,0.9908979
343,6,20023956,0.87601051,0.06147231,0.13944777,0.0,0.04509917,0.0,0.04517501,0.70880574,23183,7,0.44386683,0.9908979
343,7,20023957,0.8015698,0.07374704,0.14409523,0.0,0.06931441,0.0,0.0892019,0.62364142,23183,7,0.33345142,0.9908979
343,8,20023958,0.83323079,0.06351185,0.15745885,0.0,0.04609191,0.0,0.08424926,0.64868812,23183,7,0.23820594,0.9908979
343,9,20023959,0.8992999,0.05187202,0.14849868,0.0,0.03186451,0.0,0.03574885,0.73201594,23183,7,0.40935569,0.9908979
343,10,20023960,0.85461189,0.06280651,0.14424601,0.0,0.04566685,0.0,0.062211,0.68506963,23183,7,0.45122159,0.9908979
344,1,20023981,0.96644418,0.01416558,0.0,0.0,0.00185121,0.01507512,0.0,0.96890809,48639,7,0.13491495,0.9944365
344,2,20023982,0.966512,0.01411017,0.0,0.0,0.00183254,0.03775246,0.0,0.94630483,63487,7,0.10449434,0.9944421
344,3,20023983,0.96641241,0.014165,0.0,0.0,0.00183702,0.01642929,0.0,0.9675687,16383,7,0.19968402,0.9944421
344,4,20023984,0.96644647,0.01414292,0.0,0.0,0.0018408,0.04203038,0.0,0.9419859,16383,7,0.09599945,0.9944421
344,5,20023985,0.96643626,0.01414853,0.0,0.0,0.00183368,0.01585886,0.0,0.96815893,62975,7,0.09779566,0.9944365
344,6,20023986,0.96639261,0.01415938,0.0,0.0,0.00181787,0.06277692,0.0,0.92124583,49151,7,0.10567865,0.9944421
344,7,20023987,0.96642388,0.01415301,0.0,0.0,0.00184151,0.0185385,0.0,0.96546698,47103,7,0.17672268,0.994442
344,8,20023988,0.96642917,0.01416616,0.0,0.0,0.00183016,0.01009868,0.0,0.97390501,59391,7,0.13017497,0.9944411
344,9,20023989,0.96645179,0.01417131,0.0,0.0,0.00183863,0.02725271,0.0,0.95673735,44543,7,0.14138862,0.9944355
344,10,20023990,0.9664578,0.01413381,0.0,0.0,0.00183286,0.00934329,0.0,0.97469003,30719,7,0.05684273,0.9944421
345,1,20024011,0.86016676,0.6129473,0.33607292,0.0,0.00116623,0.04974457,0.0,6.899e-05,178,0,0.39969317,2.9394577
345,2,20024012,0.9837456,0.02263399,0.00077918,0.0,0.0017061,0.83104163,0.0,0.1438391,51978,6,0.09532373,4.3999349
345,3,20024013,0.98125378,0.02634691,0.00099515,0.0,0.00140087,0.97117188,0.0,8.519e-05,43788,6,0.09130848,4.3999349
345,4,20024014,0.9417702,0.21815121,0.1115559,0.0,0.00126257,0.66873881,0.0,0.00029151,690,0,0.18693485,2.9404352
345,5,20024015,0.98275281,0.02624489,0.00094888,0.0,0.00175805,0.84947972,0.0,0.12156846,51980,6,0.12774436,4.3999349
345,6,20024016,0.9837594,0.0226989,0.00078133,0.0,0.00171231,0.85600627,0.0,0.11880119,51978,6,0.08293089,4.3999349
345,7,20024017,0.98271308,0.02626568,0.00094379,0.0,0.00174685,0.86286516,0.0,0.10817852,56076,6,0.10312544,4.4002664
345,8,20024018,0.98272273,0.02648159,0.00092974,0.0,0.00172505,0.84751497,0.0,0.12334865,51980,6,0.11253053,4.3999349
345,9,20024019,0.98270226,0.02113864,0.0004326,0.0,0.00130993,0.97682411,0.0,0.00029471,56850,6,0.15809219,4.3999432
345,10,20024020,0.9826775,0.02642974,0.00096587,0.0,0.00175793,0.867837,0.0,0.10300947,51980,6,0.08215774,4.3999349
346,1,20024041,0.9529963,0.01580749,0.0,0.00194263,0.00055602,0.98153109,0.00015696,5.81e-06,6111,6,0.22797559,0.9920019
346,2,20024042,0.95348688,0.01697502,0.0,0.0019615,0.00058571,0.98031341,0.00015736,7e-06,23967,6,0.15924062,0.991982
346,3,20024043,0.94054238,0.00895688,0.0,0.00184597,0.00040049,0.98863733,0.00015444,4.88e-06,39119,6,0.14681016,0.9880357
346,4,20024044,0.94434569,0.00860625,0.0,0.00186974,0.00029499,0.98907333,0.00015445,1.23e-06,37273,6,0.38846034,0.989998
346,5,20024045,0.95137321,0.01383304,0.0,0.00192648,0.00051709,0.98356002,0.00015774,5.63e-06,37279,6,0.58060325,0.9920038
346,6,20024046,0.61452509,0.00875809,0.0,0.9895301,0.00037604,0.0011793,0.00015525,1.22e-06,61512,2,0.24782002,0.6586725
346,7,20024047,0.94753608,0.01207895,0.0,0.00188702,0.00061651,0.9852454,0.00015479,1.734e-05,28879,6,0.10210899,0.9899931
346,8,20024048,0.95090214,0.01320527,0.0,0.0019073,0.00047433,0.98425191,0.0001563,4.9e-06,33119,6,0.34057045,0.9919949
346,9,20024049,0.95151838,0.01428056,0.0,0.00192081,0.00049985,0.98313825,0.00015638,4.15e-06,33119,6,0.33231624,0.9919949
346,10,20024050,0.95168963,0.01521287,0.0,0.00193621,0.00050319,0.98218534,0.00015691,5.48e-06,37279,6,0.16651703,0.9920038
347,1,20024071,0.9872639,0.03291901,0.08539805,1.53e-06,0.0022669,0.0,0.00034282,0.8790717,48941,7,0.38413506,1.7270493
347,2,20024072,0.9875601,0.03209869,0.07466985,9.7e-07,0.00217499,0.0,0.00031302,0.89074248,48941,7,0.4246376,1.7270493
347,3,20024073,0.98536711,0.04160096,0.07852129,1.22e-06,0.00245616,0.0,0.00035275,0.87706761,57133,7,0.68259574,1.7270493
347,4,20024074,0.98543,0.041825,0.07930538,9.8e-07,0.00242375,0.0,0.00033185,0.87611303,53037,7,0.44339014,1.7270483
347,5,20024075,0.98772447,0.03125882,0.06212368,8.6e-07,0.00214583,0.0,0.00031174,0.90415906,48941,7,0.89571035,1.7270493
347,6,20024076,0.9875419,0.03159823,0.07789857,1.05e-06,0.00222925,0.0,0.00033415,0.88793874,48941,7,0.78781108,1.7270493
347,7,20024077,0.98747574,0.03270142,0.07241603,9.2e-07,0.00223611,0.0,0.00032783,0.89231769,48941,7,0.38191368,1.7270493
347,8,20024078,0.98508981,0.04247347,0.08491033,9.8e-07,0.00254831,0.0,0.00037521,0.8696917,57133,7,0.48090658,1.7270493
347,9,20024079,0.98530307,0.04239341,0.0757112,1.21e-06,0.00253628,0.0,0.00035868,0.87899922,57133,7,0.41753757,1.7270493
347,10,20024080,0.98766339,0.03222032,0.05599858,8.3e-07,0.0021868,0.0,0.00029369,0.90929978,48941,7,0.7387365,1.7270493
348,1,20024101,0.98099681,0.04031047,0.02298114,0.0,0.00924762,0.68895211,0.00103802,0.23747063,51970,6,0.10570575,2.1979564
348,2,20024102,0.98118872,0.04118196,0.02586934,0.0,0.00772432,0.67415024,0.00078454,0.2502896,51972,6,0.08264045,2.1979564
348,3,20024103,0.98103993,0.04024785,0.02496588,0.0,0.01005332,0.69994491,0.00102481,0.22376324,51970,6,0.07476986,2.1979564
348,4,20024104,0.98070248,0.04119399,0.02744445,0.0,0.00980468,0.68446827,0.00109845,0.23599016,51970,6,0.07476171,2.1979564
348,5,20024105,0.98173656,0.04112414,0.0264795,0.0,0.00856618,0.67114395,0.00035007,0.25233616,51970,6,0.06282691,2.1979564
348,6,20024106,0.98003369,0.04531515,0.03042146,0.0,0.00954017,0.68069573,0.00115879,0.23286871,51972,6,0.06446384,2.1979564
348,7,20024107,0.98067832,0.04144035,0.02526618,0.0,0.0089753,0.66359488,0.00123635,0.25948693,51979,6,0.08749247,2.1992804
348,8,20024108,0.98054255,0.04164204,0.02300604,0.0,0.00966759,0.69371864,0.00130868,0.23065702,51978,6,0.09055013,2.1982879
348,9,20024109,0.97931976,0.04437364,0.0232531,0.0,0.01117385,0.69017153,0.00189864,0.22912924,51979,6,0.09624943,2.1992804
348,10,20024110,0.98110934,0.03928582,0.02889357,0.0,0.00820632,0.66186452,0.00096421,0.26078556,51979,6,0.07819767,2.1992804
349,1,20024131,0.95373312,0.01300779,0.0,0.00221732,0.00179882,0.08241633,0.0,0.90055974,47071,7,0.06273621,0.9914638
349,2,20024132,0.95404416,0.01322605,0.0,0.00221824,0.00183044,0.03665998,0.0,0.94606529,49119,7,0.10861479,0.9914639
349,3,20024133,0.95352719,0.01300061,0.0,0.00221713,0.00182189,0.03295224,0.0,0.95000814,45023,7,0.09952438,0.9914629
349,4,20024134,0.9535871,0.01305804,0.0,0.00221765,0.00181874,0.05909632,0.0,0.92380925,32735,7,0.12446359,0.9914639
349,5,20024135,0.95304259,0.01289135,0.0,0.00221622,0.00181219,0.03967032,0.0,0.94340992,15327,7,0.10345108,0.9914609
349,6,20024136,0.95305329,0.01288346,0.0,0.00221831,0.00178376,0.09759567,0.0,0.8855188,43999,7,0.0853397,0.9914609
349,7,20024137,0.95297628,0.01294605,0.0,0.0022177,0.00182944,0.02861962,0.0,0.95438718,63455,7,0.12838627,0.9914639
349,8,20024138,0.95349434,0.01295931,0.0,0.00221735,0.00178777,0.10526799,0.0,0.87776758,30687,7,0.07458535,0.9914639
349,9,20024139,0.95301976,0.01286665,0.0,0.0022181,0.00181349,0.12010649,0.0,0.86299527,63455,7,0.04808711,0.9914639
349,10,20024140,0.95420511,0.01316006,0.0,0.0022177,0.00178414,0.09934304,0.0,0.88349506,32735,7,0.06213186,0.9914639
350,1,20024161,0.98269044,0.02328867,0.00080588,0.0,0.00136969,0.97441347,0.0,0.0001223,52764,6,0.20733935,4.344987
350,2,20024162,0.98267629,0.02663316,0.00091109,0.0,0.00179045,0.78342411,0.0,0.18724119,53036,6,0.11501299,4.3449799
350,3,20024163,0.98270138,0.02665718,0.00087979,0.0,0.00175392,0.77274715,0.0,0.19796196,57132,6,0.13965554,4.3453114
350,4,20024164,0.98270881,0.026795,0.00089896,0.0,0.0017334,0.75736653,0.0,0.2132061,53036,6,0.09773974,4.3449799
350,5,20024165,0.98241028,0.02311593,0.0007361,0.0,0.00134209,0.97473499,0.0,7.089e-05,44842,6,0.08178342,4.3449799
350,6,20024166,0.98334998,0.02353916,0.00076259,0.0,0.00170404,0.7582048,0.0,0.21578941,48940,6,0.06592106,4.3453114
350,7,20024167,0.98265643,0.02648386,0.00090012,0.0,0.00168091,0.77655627,0.0,0.19437883,53036,6,0.0946298,4.3449799
350,8,20024168,0.98264191,0.02635346,0.00086909,0.0,0.00167812,0.75408111,0.0,0.21701822,57132,6,0.07716556,4.3453114
350,9,20024169,0.98336997,0.02356075,0.00077277,0.0,0.0017017,0.77177284,0.0,0.20219194,48940,6,0.10009549,4.3453114
350,10,20024170,0.98265702,0.02661495,0.00088388,0.0,0.00175996,0.77676501,0.0,0.19397621,57132,6,0.0817788,4.3453114
351,1,20024191,0.87972108,0.01619369,0.01405739,0.00591952,0.00461191,0.89191745,0.06714119,0.00015883,32779,6,0.28608644,0.9911839
351,2,20024192,0.80182715,0.02245139,0.05633115,0.02463985,0.00721066,0.75609731,0.13318752,8.212e-05,32783,6,0.12932511,0.9911839
351,3,20024193,0.85496053,0.01932042,0.01489484,0.0199781,0.00617867,0.85671728,0.08281994,9.075e-05,32843,6,0.16536354,0.991179
351,4,20024194,0.91521176,0.02013721,0.02269491,0.00367155,0.00261574,0.91084283,0.03980245,0.0002353,22479,6,0.3423529,0.9903551
351,5,20024195,0.84727148,0.02285062,0.03078783,0.02640748,0.00637981,0.82456484,0.08900064,8.78e-06,22479,6,0.21859234,0.9903551
351,6,20024196,0.87908528,0.02342763,0.02380211,0.01749821,0.00527088,0.86710533,0.06281961,7.623e-05,22479,6,0.24410133,0.9903551
351,7,20024197,0.85897907,0.02011554,0.02719729,0.01234453,0.00560322,0.852001,0.08265097,8.745e-05,36877,6,0.129783,0.9911848
351,8,20024198,0.84418704,0.01818594,0.019579,0.02323394,0.0044225,0.84295869,0.09122186,0.00039807,32779,6,0.11157941,0.9911839
351,9,20024199,0.91328899,0.01848484,0.04143014,0.0026956,0.00336152,0.89577196,0.03815374,0.0001022,32777,6,0.13733371,0.9911839
351,10,20024200,0.85447502,0.02180259,0.03666253,0.01092594,0.00505916,0.8350072,0.09021638,0.00032619,32845,6,0.20084427,0.991179
352,1,20024221,0.98109195,0.01476206,0.00374145,0.0,0.0021315,0.00884872,0.0,0.97051627,47103,7,0.08972073,0.9968937
352,2,20024222,0.98110593,0.01470916,0.00365168,0.0,0.00214692,0.01350802,0.0,0.96598421,61439,7,0.09004637,0.9968927
352,3,20024223,0.98111044,0.01473244,0.0037566,0.0,0.00214638,0.01560694,0.0,0.96375764,30207,7,0.07743928,0.9968906
352,4,20024224,0.98111055,0.01473097,0.00365057,0.0,0.00213831,0.01303623,0.0,0.96644391,56831,7,0.09474425,0.9968906
352,5,20024225,0.98109717,0.01469187,0.00364999,0.0,0.00213635,0.03102066,0.0,0.94850113,36735,7,0.07766642,0.9968927
352,6,20024226,0.98108894,0.01475436,0.00368035,0.0,0.00212519,0.0123067,0.0,0.96713339,65535,7,0.09306033,0.9968937
352,7,20024227,0.98107318,0.01475243,0.00374009,0.0,0.00213401,0.02076218,0.0,0.95861129,53247,7,0.07009307,0.9968927
352,8,20024228,0.9811011,0.01472821,0.00379709,0.0,0.00214261,0.02297761,0.0,0.95635447,65535,7,0.08849979,0.9968937
352,9,20024229,0.98109741,0.01473211,0.00359714,0.0,0.00214457,0.00753081,0.0,0.97199537,65535,7,0.09671832,0.9968937
352,10,20024230,0.98108776,0.0147177,0.00376325,0.0,0.00213351,0.03019978,0.0,0.94918576,49151,7,0.0948871,0.9968937
353,1,20024251,0.98416259,0.02277186,0.00105461,0.0,0.00237184,0.85447028,0.0,0.11933143,56074,6,0.13292394,3.9829894
353,2,20024252,0.98228875,0.02827318,0.00137373,0.0,0.00235972,0.84667648,0.0,0.12131689,57100,6,0.11888453,3.9829966
353,3,20024253,0.98421645,0.02271228,0.00101999,0.0,0.00227478,0.8329654,0.0,0.14102755,51978,6,0.15919939,3.9826579
353,4,20024254,0.98237209,0.02787101,0.00128417,0.0,0.00225981,0.840011,0.0,0.12857401,51972,6,0.09554308,3.9823264
353,5,20024255,0.98427582,0.02257042,0.00100051,0.0,0.00233948,0.84372215,0.0,0.13036744,56074,6,0.17165033,3.9829894
353,6,20024256,0.98417478,0.02267211,0.00102058,0.0,0.00240359,0.85155806,0.0,0.12234566,51978,6,0.12895381,3.9826579
353,7,20024257,0.98423714,0.02249148,0.0010096,0.0,0.00235205,0.84639088,0.0,0.12775598,56066,6,0.13677353,3.9826579
353,8,20024258,0.98422863,0.0223554,0.00102267,0.0,0.00220789,0.83172061,0.0,0.14269343,56066,6,0.10893864,3.9826579
353,9,20024259,0.98236367,0.02807349,0.00136982,0.0,0.00230236,0.84355914,0.0,0.12469518,53004,6,0.09674397,3.9826653
353,10,20024260,0.98238465,0.02828807,0.00129385,0.0,0.0023533,0.84890222,0.0,0.11916256,51980,6,0.12170429,3.9826579
354,1,20024281,0.95058329,0.01579165,0.0,0.00208183,0.00056449,0.98140263,0.00015312,6.28e-06,30111,6,0.109947,0.9907635
354,2,20024282,0.95069302,0.01604137,0.0,0.00208177,0.00059349,0.98112373,0.00015292,6.72e-06,53215,6,0.08866668,0.9907666
354,3,20024283,0.95123514,0.01565065,0.0,0.0020816,0.00055269,0.98155554,0.00015361,5.92e-06,15775,6,0.09957261,0.9907433
354,4,20024284,0.95100278,0.01598461,0.0,0.0020829,0.00057664,0.98119629,0.00015318,6.39e-06,24415,6,0.1023647,0.9907676
354,5,20024285,0.95088269,0.01605816,0.0,0.00208166,0.00058845,0.98111219,0.00015295,6.59e-06,8159,6,0.08385781,0.9907656
354,6,20024286,0.95064997,0.01607609,0.0,0.0020829,0.00059081,0.98109118,0.00015297,6.05e-06,14303,6,0.10072776,0.9907675
354,7,20024287,0.95075686,0.01595937,0.0,0.00208147,0.0005753,0.98122459,0.0001531,6.16e-06,53215,6,0.11417361,0.9907666
354,8,20024288,0.95024738,0.0161314,0.0,0.0020837,0.00059703,0.98102869,0.00015276,6.42e-06,59359,6,0.11418006,0.9907666
354,9,20024289,0.95070145,0.01578762,0.0,0.00208068,0.00057388,0.98139877,0.00015299,6.05e-06,32735,6,0.07882983,0.9907676
354,10,20024290,0.9511411,0.01581624,0.0,0.00208067,0.0005641,0.98137923,0.0001535,6.25e-06,22495,6,0.17428185,0.9907675
355,1,20024311,0.9840523,0.02746779,0.02793608,0.0,0.00249848,0.60446995,0.0001658,0.33746189,44844,6,0.09782557,3.0586188
355,2,20024312,0.98277336,0.03137995,0.04004643,0.0,0.00295423,0.6068441,0.00013883,0.31863645,57132,6,0.16367268,3.0589503
355,3,20024313,0.98507057,0.02454281,0.00988567,0.0,0.00247248,0.62163344,0.00012445,0.34134116,48940,6,0.16639684,3.0589503
355,4,20024314,0.98307092,0.02988944,0.03324009,0.0,0.00305476,0.63092658,0.00015432,0.30273481,57100,6,0.09324127,3.0589547
355,5,20024315,0.98508278,0.02424067,0.01722343,0.0,0.00221447,0.5887334,0.00012078,0.36746725,48940,6,0.16005982,3.0589503
355,6,20024316,0.98410747,0.02756215,0.03185173,0.0,0.00235163,0.58370484,0.0001738,0.35435584,44845,7,0.10758951,3.0596113
355,7,20024317,0.98507754,0.02474372,0.01738383,0.0,0.00245456,0.58609459,0.00012099,0.36920231,48940,6,0.19653744,3.0589503
355,8,20024318,0.98341281,0.02877498,0.03118399,0.0,0.00258469,0.57745816,0.00016324,0.35983494,57132,6,0.07733581,3.0589503
355,9,20024319,0.98504419,0.024684,0.01693242,0.0,0.00249164,0.61975261,0.00012696,0.33601237,44844,6,0.17768851,3.0586188
355,10,20024320,0.98281541,0.03082535,0.0337969,0.0,0.00253453,0.58913394,0.00013229,0.34357699,57133,7,0.12053809,3.0596123
356,1,20024341,0.98471753,0.03242979,0.03301151,0.0,0.00097603,0.0,0.00010016,0.93348252,23183,7,0.93216974,0.9961176
356,2,20024342,0.98469838,0.03249363,0.03349791,0.0,0.00095649,0.0,0.00010223,0.93294975,23183,7,0.93157701,0.9961176
356,3,20024343,0.98472446,0.03229018,0.03307044,0.0,0.00096272,0.0,0.00010141,0.93357524,23183,7,0.93238499,0.9961176
356,4,20024344,0.98459238,0.03275341,0.03346735,0.0,0.00095863,0.0,0.00010366,0.93271695,23183,7,0.80010308,0.9961176
356,5,20024345,0.98473372,0.03227797,0.03255988,0.0,0.00093761,0.0,0.00010169,0.93412285,23183,7,0.93272926,0.9961176
356,6,20024346,0.98474029,0.03221,0.03234688,0.0,0.00095528,0.0,0.00010076,0.93438709,23183,7,0.93273046,0.9961176
356,7,20024347,0.98470501,0.03241516,0.03341331,0.0,0.00096752,0.0,0.00010233,0.93310169,23183,7,0.93266069,0.9961176
356,8,20024348,0.98456396,0.03242338,0.03604059,0.0,0.00096991,0.0,0.00010274,0.93046337,23183,7,0.73637341,0.9961176
356,9,20024349,0.98474496,0.03239302,0.0320011,0.0,0.0009613,0.0,9.951e-05,0.93454507,23183,7,0.93346051,0.9961176
356,10,20024350,0.98474314,0.03227739,0.03255169,0.0,0.00095853,0.0,0.0001004,0.93411199,23183,7,0.93265426,0.9961176
357,1,20024371,0.95687436,0.01286457,0.0,0.00105995,0.00174633,0.03443532,0.0,0.94989383,24575,7,0.0554079,0.9927923
357,2,20024372,0.95691893,0.01286403,0.0,0.00106111,0.00176579,0.01278004,0.0,0.97152903,57215,7,0.0711173,0.9927923
357,3,20024373,0.95700509,0.01287399,0.0,0.00106032,0.00175712,0.02069759,0.0,0.96361098,60927,7,0.07185408,0.9927842
357,4,20024374,0.95681202,0.01289974,0.0,0.00106035,0.00176836,0.01461779,0.0,0.96965376,48639,7,0.07918946,0.9927852
357,5,20024375,0.95689375,0.01287977,0.0,0.00105965,0.00177009,0.02573803,0.0,0.95855246,55295,7,0.07769266,0.9927923
357,6,20024376,0.95694139,0.01287468,0.0,0.00106088,0.00175811,0.01005024,0.0,0.97425608,48639,7,0.06681695,0.9927852
357,7,20024377,0.95681571,0.01291404,0.0,0.00105978,0.00176942,0.01238959,0.0,0.97186717,65535,7,0.11002592,0.9927923
357,8,20024378,0.95687899,0.01290107,0.0,0.00106009,0.00176886,0.01056308,0.0,0.97370689,30591,7,0.08095036,0.9927923
357,9,20024379,0.95695546,0.01285832,0.0,0.00106079,0.00176413,0.01549176,0.0,0.968825,40959,7,0.0568499,0.9927923
357,10,20024380,0.95693084,0.01289568,0.0,0.00105977,0.00177201,0.01350932,0.0,0.9707632,24575,7,0.10885069,0.9927923
358,1,20024401,0.98218727,0.02294906,0.0008769,0.0,0.00129765,0.97479285,0.0,8.353e-05,43786,6,0.08218895,4.735021
358,2,20024402,0.98267125,0.02561224,0.00097075,0.0,0.00152671,0.8572125,0.0,0.11467779,56076,6,0.08809445,4.7353525
358,3,20024403,0.98254643,0.02270123,0.00049185,0.0,0.0012495,0.97535146,0.0,0.00020595,56860,6,0.18970009,4.7353613
358,4,20024404,0.98301182,0.02339179,0.00089876,0.0,0.0015627,0.87689846,0.0,0.09724829,51978,6,0.10127756,4.735021
358,5,20024405,0.98298607,0.02321537,0.00088044,0.0,0.00159648,0.87855752,0.0,0.09575019,56074,6,0.07295958,4.7353525
358,6,20024406,0.98265901,0.02567138,0.00097275,0.0,0.00157226,0.87534532,0.0,0.0964383,57100,6,0.08861714,4.7353613
358,7,20024407,0.98257604,0.02087187,0.00044608,0.0,0.00118045,0.97729406,0.0,0.00020754,56858,6,0.22037285,4.7353613
358,8,20024408,0.98299661,0.02338307,0.00089011,0.0,0.00154494,0.86363486,0.0,0.11054702,56075,6,0.06779639,4.7360146
358,9,20024409,0.9829939,0.02332298,0.00090398,0.0,0.00153393,0.88241929,0.0,0.09181982,56074,6,0.08896814,4.7353525
358,10,20024410,0.98196059,0.02265454,0.00050149,0.0,0.00104613,0.97574244,0.0,5.539e-05,44572,6,0.17960179,4.7350299
359,1,20024431,0.94155359,0.00973269,0.0,0.0004627,0.0003492,0.98928073,0.00017251,2.17e-06,36941,6,0.25447076,0.9886859
359,2,20024432,0.94115952,0.00957598,0.0,0.00045663,0.00030393,0.98949396,0.00016778,1.73e-06,32841,6,0.23587546,0.9886849
359,3,20024433,0.94115711,0.00976552,0.0,0.00045761,0.00038516,0.989221,0.00016809,2.62e-06,32843,6,0.2011491,0.9886849
359,4,20024434,0.94783218,0.01510162,0.0,0.00063218,0.00053905,0.98350806,0.00021472,4.37e-06,33183,6,0.61676488,0.9926682
359,5,20024435,0.94872098,0.01612268,0.0,0.00061934,0.00058941,0.98245393,0.00021015,4.49e-06,37215,6,0.40177108,0.9926619
359,6,20024436,0.94177225,0.00987803,0.0,0.00045886,0.00042868,0.98906076,0.00017034,3.33e-06,36937,6,0.25721179,0.9886859
359,7,20024437,0.9487119,0.01598142,0.0,0.00062005,0.00060144,0.98258458,0.00020825,4.26e-06,33119,6,0.24514751,0.9926609
359,8,20024438,0.94832148,0.01558313,0.0,0.00061831,0.00053701,0.98304969,0.00020748,4.37e-06,33055,6,0.25253129,0.9926682
359,9,20024439,0.94949434,0.01477581,0.0,0.00056674,0.00036613,0.98411738,0.00017268,1.26e-06,37215,6,0.6788179,0.9926619
359,10,20024440,0.94951578,0.01468943,0.0,0.00056591,0.00036554,0.98420557,0.00017229,1.27e-06,33119,6,0.55297361,0.9926609
360,1,20024461,0.99836481,0.01670989,0.01214169,0.0,0.00288645,0.00023284,0.0,0.96802913,36863,7,0.07166263,0.9997912
360,2,20024462,0.99831703,0.01659337,0.01188464,0.0,0.00284775,0.00021193,0.0,0.9684623,40447,7,0.08328351,0.999792
360,3,20024463,0.99832408,0.01666454,0.0121586,0.0,0.00286332,0.00022413,0.0,0.96808941,54783,7,0.06824777,0.999792
360,4,20024464,0.99828486,0.01665539,0.01220741,0.0,0.00286431,0.00024674,0.0,0.96802616,40959,7,0.08842981,0.9997922
360,5,20024465,0.99827804,0.01667182,0.0121762,0.0,0.0028519,0.00049737,0.0,0.9678027,16383,7,0.09041103,0.9997922
360,6,20024466,0.99823379,0.01654771,0.01221883,0.0,0.0028669,0.00016649,0.0,0.96820007,65407,7,0.07900612,0.9997922
360,7,20024467,0.99836762,0.01665577,0.01206135,0.0,0.00285888,0.00018455,0.0,0.96823945,30207,7,0.0872547,0.999792
360,8,20024468,0.99828852,0.01665852,0.01186479,0.0,0.00282544,0.00023575,0.0,0.9684155,16383,7,0.06569095,0.9997922
360,9,20024469,0.99835578,0.01672171,0.01220603,0.0,0.00285015,0.00018605,0.0,0.96803606,57343,7,0.14359366,0.9997922
360,10,20024470,0.99828867,0.01665481,0.01239164,0.0,0.00285182,0.00022429,0.0,0.96787744,59391,7,0.09658356,0.9997912
361,1,20024491,0.98402953,0.02623568,0.00219512,0.0,0.00367896,0.79295249,7.616e-05,0.17486159,51978,6,0.12616703,3.0955794
361,2,20024492,0.98419335,0.0257529,0.00318256,0.0,0.00390165,0.82708221,8.239e-05,0.13999828,51978,6,0.17225814,3.0955794
361,3,20024493,0.98262945,0.03130127,0.00328419,0.0,0.00410819,0.79296527,7.935e-05,0.16826173,51980,6,0.11531257,3.0955794
361,4,20024494,0.98214458,0.03248384,0.00316818,0.0,0.00378726,0.79965668,8.133e-05,0.16082271,51980,6,0.14310495,3.0955794
361,5,20024495,0.98311252,0.02921977,0.00306271,0.0,0.00400436,0.82628105,8.24e-05,0.13734971,51978,6,0.07893612,3.0955794
361,6,20024496,0.98403124,0.02609391,0.00244571,0.0,0.00365688,0.80810288,8.033e-05,0.1596203,56074,6,0.11941045,3.0959109
361,7,20024497,0.98371949,0.02716968,0.00288192,0.0,0.00388922,0.80444879,8.042e-05,0.16152997,56074,6,0.07791616,3.0959109
361,8,20024498,0.98422849,0.02461063,0.00226774,0.0,0.00353494,0.80204888,8.047e-05,0.16745735,51970,6,0.13944642,3.0952479
361,9,20024499,0.98379068,0.02681706,0.00249851,0.0,0.00380545,0.80486839,7.865e-05,0.16193194,51978,6,0.11761592,3.0955794
361,10,20024500,0.98326478,0.02845668,0.00298267,0.0,0.0041571,0.81395234,0.00011338,0.15033783,56074,6,0.07719349,3.0959109
362,1,20024521,0.94945976,0.01312323,0.0,0.00222274,0.00178562,0.14755607,0.0,0.83531233,35679,7,0.08902593,0.990482
362,2,20024522,0.94824265,0.01308096,0.0,0.0022251,0.00175499,0.17639984,0.0,0.80653911,40351,6,0.0890647,0.9904696
362,3,20024523,0.94911563,0.01300592,0.0,0.0022244,0.00168292,0.2058036,0.0,0.77728315,64351,7,0.08596197,0.990485
362,4,20024524,0.94938652,0.01317357,0.0,0.00222353,0.00180619,0.07329674,0.0,0.90949997,30687,7,0.07464787,0.9904776
362,5,20024525,0.9487252,0.0130191,0.0,0.00222374,0.00185137,0.06465522,0.0,0.91825057,24415,7,0.07090373,0.9904775
362,6,20024526,0.94934678,0.01316075,0.0,0.00222474,0.00182323,0.08214401,0.0,0.90064728,8031,7,0.08608986,0.9904755
362,7,20024527,0.94917041,0.01328322,0.0,0.00222359,0.00181512,0.04590248,0.0,0.93677559,29663,7,0.07401987,0.990485
362,8,20024528,0.94912804,0.01309643,0.0,0.00222629,0.00180413,0.09880688,0.0,0.88406626,40927,7,0.10708263,0.9904776
362,9,20024529,0.94944326,0.01321488,0.0,0.00222368,0.00183446,0.06678846,0.0,0.91593852,24543,7,0.11662239,0.9904775
362,10,20024530,0.94939003,0.01320188,0.0,0.00222461,0.00183081,0.02733053,0.0,0.95541217,16223,7,0.09351444,0.9904775
363,1,20024551,0.98325767,0.02140313,0.00052789,0.0,0.001423,0.97610796,0.0,0.00053801,42892,6,0.18035245,4.16796
363,2,20024552,0.98406489,0.02296629,0.00081509,0.0,0.00181515,0.721872,0.0,0.25253148,48940,6,0.13209567,4.1682847
363,3,20024553,0.98290354,0.02633677,0.0009843,0.0,0.00177357,0.70705954,0.0,0.26384582,53036,6,0.11300737,4.1679532
363,4,20024554,0.98284555,0.02674406,0.00103165,0.0,0.00191424,0.71978228,0.0,0.25052776,53036,6,0.10546049,4.1679532
363,5,20024555,0.98288526,0.02649636,0.00100654,0.0,0.00185102,0.69146649,0.0,0.2791796,53036,6,0.10576072,4.1679532
363,6,20024556,0.98288225,0.02668072,0.00098604,0.0,0.00189583,0.71469319,0.0,0.25574422,53036,6,0.11004657,4.1679532
363,7,20024557,0.98397716,0.02280218,0.00082267,0.0,0.0017453,0.6892213,0.0,0.28540855,48941,7,0.09163237,4.1689468
363,8,20024558,0.98381272,0.02343331,0.00101433,0.0,0.00204706,0.71277177,0.0,0.26073354,48940,6,0.10535022,4.1682847
363,9,20024559,0.98312021,0.0215879,0.00053928,0.0,0.00157501,0.97179518,0.0,0.00450262,42892,6,0.16984118,4.16796
363,10,20024560,0.98279177,0.02672751,0.00101669,0.0,0.00198283,0.76176786,0.0,0.20850511,53036,6,0.11003165,4.1679532
364,1,20024581,0.69343116,0.06489293,0.04210906,0.00019715,0.04180814,0.63052363,0.21689298,0.00357611,6095,6,0.21227945,0.9924049
364,2,20024582,0.61419526,0.06128131,0.04699764,0.00024557,0.03992097,0.54744192,0.30154269,0.00256989,22479,6,0.08906221,0.9933928
364,3,20024583,0.70990727,0.05620535,0.0492068,0.00018885,0.0302507,0.6417006,0.21912018,0.0033275,6095,6,0.30028051,0.9924049
364,4,20024584,0.7696392,0.05407686,0.03841196,9.9e-05,0.02171215,0.71418048,0.16869962,0.00281994,6095,6,0.45457219,0.9924049
364,5,20024585,0.67249384,0.06163301,0.05062096,0.00030781,0.04613142,0.60173013,0.23655388,0.0030228,6095,6,0.13532388,0.9924049
364,6,20024586,0.6344079,0.05713207,0.03918751,0.00021147,0.0476755,0.5761065,0.27504366,0.00464328,6095,6,0.16552076,0.9924049
364,7,20024587,0.60630829,0.06858877,0.04823294,0.00018061,0.0642345,0.53452687,0.28074046,0.00349585,6087,6,0.14367816,0.9921554
364,8,20024588,0.63584198,0.06168443,0.04349654,0.0003138,0.04672913,0.57364611,0.27065573,0.00347425,6095,6,0.1543002,0.9924049
364,9,20024589,0.64877425,0.06354608,0.05008613,0.0002083,0.05307915,0.57626774,0.25104551,0.00576708,6095,6,0.09664172,0.9924049
364,10,20024590,0.6338001,0.06388405,0.04699374,0.00030825,0.04953142,0.56629103,0.26839659,0.00459492,6087,6,0.10268006,0.9921554
365,1,20024611,0.96989101,0.01388986,0.00119917,0.0,0.00179146,0.0099595,0.0,0.97316001,32255,7,0.08551782,0.9949893
365,2,20024612,0.96985888,0.01392731,0.00120391,0.0,0.00179302,0.00825559,0.0,0.97482016,15871,7,0.08767572,0.9949892
365,3,20024613,0.96992645,0.01388474,0.00121348,0.0,0.00178957,0.00781025,0.0,0.97530196,57215,7,0.0642006,0.9949942
365,4,20024614,0.97000819,0.01383782,0.00119975,0.0,0.00178318,0.01580349,0.0,0.96737576,63359,7,0.07918484,0.9949942
365,5,20024615,0.96989872,0.01389972,0.00119614,0.0,0.0017952,0.01189679,0.0,0.97121215,40959,7,0.09943936,0.9949942
365,6,20024616,0.96991422,0.01387241,0.00118911,0.0,0.00179603,0.01537363,0.0,0.96776882,24063,7,0.06339195,0.9949892
365,7,20024617,0.96997939,0.01387568,0.00119361,0.0,0.001806,0.00796505,0.0,0.97515965,22527,7,0.07718862,0.9949942
365,8,20024618,0.9698608,0.01389625,0.00120326,0.0,0.00179943,0.00913967,0.0,0.97396139,45055,7,0.07420126,0.9949932
365,9,20024619,0.96985822,0.01391933,0.00119334,0.0,0.00178601,0.01119759,0.0,0.97190373,49151,7,0.0878848,0.9949942
365,10,20024620,0.9699057,0.01390459,0.00119157,0.0,0.00178938,0.00785829,0.0,0.97525617,49023,7,0.05403083,0.9949942
366,1,20024641,0.98272877,0.02582526,0.00090852,0.0,0.00182472,0.84357183,0.0,0.12786967,56076,6,0.11101714,4.620577
366,2,20024642,0.98394773,0.0219787,0.00068853,0.0,0.0017674,0.83218024,0.0,0.14338512,56074,6,0.11388855,4.620577
366,3,20024643,0.9839634,0.02189748,0.00071,0.0,0.00176841,0.85372102,0.0,0.12190309,51978,6,0.09372768,4.6202455
366,4,20024644,0.98268736,0.02600427,0.00087534,0.0,0.00186917,0.86656323,0.0,0.10468798,51980,6,0.09988671,4.6202455
366,5,20024645,0.98394251,0.02194302,0.00069575,0.0,0.00174142,0.83654573,0.0,0.13907408,56074,6,0.12692608,4.620577
366,6,20024646,0.98396374,0.02195748,0.00068747,0.0,0.00181244,0.84424814,0.0,0.13129447,51978,6,0.0935183,4.6202455
366,7,20024647,0.9839623,0.02174245,0.00069518,0.0,0.00174316,0.81605372,0.0,0.15976549,51978,6,0.13619208,4.6202455
366,8,20024648,0.98394182,0.02206784,0.00070927,0.0,0.0017575,0.82358288,0.0,0.1518825,56074,6,0.15967856,4.620577
366,9,20024649,0.98396156,0.02192603,0.00068939,0.0,0.00175768,0.82813144,0.0,0.14749546,51978,6,0.11156748,4.6202455
366,10,20024650,0.98274274,0.02563427,0.00090198,0.0,0.0017998,0.83243904,0.0,0.13922492,51972,6,0.10135098,4.619914
367,1,20024671,0.94146403,0.00962364,0.0,0.00209224,0.00037772,0.98775146,0.00015371,1.23e-06,32153,6,0.19320583,0.9887961
367,2,20024672,0.94879908,0.01519091,0.0,0.00208856,0.00053809,0.98202307,0.00015413,5.24e-06,33119,6,0.10229032,0.9907781
367,3,20024673,0.94293754,0.01185638,0.0,0.00208802,0.00054487,0.98534198,0.00015312,1.563e-05,59535,6,0.10221851,0.9888053
367,4,20024674,0.95041519,0.01668669,0.0,0.00209381,0.00061465,0.98044416,0.00015407,6.62e-06,23391,6,0.20017116,0.990775
367,5,20024675,0.95016076,0.01693894,0.0,0.00209266,0.0006203,0.9801867,0.00015439,7.01e-06,8159,6,0.16577455,0.9907851
367,6,20024676,0.93789512,0.01032531,0.0,0.00207931,0.00042176,0.98701378,0.00015397,5.87e-06,36559,6,0.11237189,0.9868259
367,7,20024677,0.94332291,0.01208507,0.0,0.00208907,0.00053521,0.98512542,0.00015332,1.19e-05,58063,6,0.07867752,0.988785
367,8,20024678,0.94289319,0.01167845,0.0,0.00208917,0.0005183,0.98555113,0.00015334,9.61e-06,58507,6,0.07949418,0.9887556
367,9,20024679,0.95043044,0.01637501,0.0,0.00209088,0.00059457,0.9807783,0.00015478,6.46e-06,6111,6,0.18470505,0.9907851
367,10,20024680,0.94994831,0.01654391,0.0,0.00209257,0.0006139,0.98058788,0.00015435,7.38e-06,24415,6,0.10413652,0.9907871
368,1,20024701,0.98151807,0.03705501,0.39949113,0.0,0.00390259,0.00043047,0.00049312,0.55862768,53037,7,0.15742987,2.4015975
368,2,20024702,0.98083169,0.03743829,0.39572609,0.0,0.00670047,0.00025441,0.00071428,0.55916645,48941,7,0.16747829,2.4015985
368,3,20024703,0.98093801,0.03742329,0.41573694,0.0,0.00677027,0.00059358,0.00084275,0.53863318,44845,7,0.12021318,2.4015975
368,4,20024704,0.98116499,0.03837637,0.38705824,0.0,0.0056434,0.00132591,0.00095394,0.56664214,48941,7,0.16986093,2.4015985
368,5,20024705,0.98065723,0.03784379,0.40697468,0.0,0.0064464,0.00074388,0.00076894,0.54722231,53037,7,0.11497403,2.4015975
368,6,20024706,0.97926764,0.04135453,0.39135111,0.0,0.00763483,0.00119784,0.00096292,0.55749877,53037,7,0.24682126,2.4015975
368,7,20024707,0.98249442,0.03317169,0.39505051,0.0,0.00502885,6.519e-05,0.00069663,0.56598712,44845,7,0.22630095,2.4015975
368,8,20024708,0.98055984,0.03825285,0.39851944,0.0,0.00607919,0.00056522,0.00070427,0.55587902,48941,7,0.12976837,2.4015985
368,9,20024709,0.98015315,0.038441,0.39750352,0.0,0.00679041,0.00062867,0.00146165,0.55517474,44845,7,0.10811372,2.4015975
368,10,20024710,0.98147712,0.03668136,0.38941866,0.0,0.00579672,0.00056473,0.00093976,0.56659876,48941,7,0.18702695,2.4015985
369,1,20024731,0.97779897,0.04303578,0.36195162,0.0,0.00874473,0.0,0.00127237,0.5849955,23308,7,0.06175867,1.8126226
369,2,20024732,0.97759302,0.04283453,0.34760692,0.0,0.00829374,0.0,0.00131093,0.59995388,19211,7,0.07128063,1.8126227
369,3,20024733,0.9785081,0.04125878,0.34699468,0.0,0.00759272,0.0,0.00097953,0.60317429,19211,7,0.07672727,1.8126227
369,4,20024734,0.97954346,0.03753927,0.37017171,0.0,0.00595206,0.0,0.00078318,0.58555378,19211,7,0.12096014,1.8126227
369,5,20024735,0.97632327,0.04536695,0.35777822,0.0,0.00772325,0.0,0.00186736,0.58726422,19212,7,0.05062272,1.8116302
369,6,20024736,0.97722603,0.04541861,0.35670176,0.0,0.00906153,0.0,0.00113006,0.58768804,19211,7,0.04888684,1.8126227
369,7,20024737,0.97884485,0.04264275,0.34075095,0.0,0.00774123,0.0,0.00076894,0.60809613,19211,7,0.09093016,1.8126227
369,8,20024738,0.97751,0.04138346,0.34685647,0.0,0.00728516,0.0,0.00178682,0.60268809,51970,4,0.05671437,1.8122912
369,9,20024739,0.97741784,0.04438495,0.35043273,0.0,0.0077536,0.0,0.00154177,0.59588696,19211,7,0.08937856,1.8126227
369,10,20024740,0.97664131,0.04454892,0.37225904,0.0,0.0101837,0.0,0.00149048,0.57151785,19211,7,0.05754276,1.8126227
370,1,20024761,0.95007456,0.01235115,0.0,0.00192179,0.00170974,0.02550562,0.0,0.95851171,30687,7,0.05626271,0.9912422
370,2,20024762,0.94961213,0.01223987,0.0,0.00192307,0.00171535,0.02887477,0.0,0.95524693,34687,7,0.05201237,0.9912499
370,3,20024763,0.94970147,0.01239761,0.0,0.00192125,0.00172756,0.04054801,0.0,0.94340557,45023,7,0.08600588,0.9912412
370,4,20024764,0.9489196,0.01220817,0.0,0.00192145,0.0017357,0.05342771,0.0,0.93070697,65535,7,0.0994571,0.9912509
370,5,20024765,0.94890134,0.01217638,0.0,0.00192017,0.00171518,0.05121404,0.0,0.93297424,48639,7,0.08481906,0.9912422
370,6,20024766,0.94919515,0.01223471,0.0,0.00191991,0.00173907,0.03086664,0.0,0.95323967,59359,7,0.06890825,0.9912412
370,7,20024767,0.95022085,0.012401,0.0,0.00192215,0.00169765,0.06173763,0.0,0.92224157,29663,7,0.12391064,0.9912489
370,8,20024768,0.94909301,0.01217392,0.0,0.00192213,0.00173439,0.05380976,0.0,0.9303598,51199,7,0.0541731,0.9912499
370,9,20024769,0.94978499,0.01227998,0.0,0.00192103,0.00174114,0.03901783,0.0,0.94504002,50687,7,0.06105025,0.9912412
370,10,20024770,0.94891324,0.01216531,0.0,0.00192318,0.00173205,0.0240096,0.0,0.96016986,40959,7,0.05572806,0.9912509
371,1,20024791,0.98303709,0.02313605,0.00077879,0.0,0.00154174,0.81126294,0.0,0.16328048,44844,6,0.08679669,4.8994039
371,2,20024792,0.98239986,0.02398381,0.00083858,0.0,0.00122167,0.97388849,0.0,6.745e-05,57122,6,0.06262342,4.8994039
371,3,20024793,0.98265156,0.02528235,0.00085685,0.0,0.00156354,0.79811265,0.0,0.1741846,57132,6,0.07597972,4.8997354
371,4,20024794,0.98284049,0.02113256,0.00072943,0.0,0.00123587,0.97677546,0.0,0.00012668,48668,6,0.1882517,4.8997435
371,5,20024795,0.98264737,0.02528395,0.00084437,0.0,0.00154137,0.80078514,0.0,0.17154516,53036,6,0.08706745,4.8994039
371,6,20024796,0.9826462,0.02533106,0.00082531,0.0,0.00157254,0.8111144,0.0,0.16115669,57132,6,0.09047057,4.8997354
371,7,20024797,0.98247852,0.02234636,0.00075715,0.0,0.00122561,0.97560359,0.0,6.729e-05,44834,6,0.0663617,4.8990724
371,8,20024798,0.98240189,0.02414412,0.00086018,0.0,0.00125281,0.97367527,0.0,6.762e-05,53002,6,0.07148767,4.8994121
371,9,20024799,0.98305166,0.02313398,0.00080157,0.0,0.00157312,0.8160638,0.0,0.15842753,44812,6,0.06269105,4.8994121
371,10,20024800,0.98303657,0.02299586,0.00074557,0.0,0.00151401,0.80493951,0.0,0.16980504,44844,6,0.06730135,4.8994039
372,1,20024821,0.87425804,0.01482189,0.02744716,0.00293905,0.00141848,0.88377029,0.0695105,9.263e-05,32779,6,0.49021526,0.9897614
372,2,20024822,0.83930174,0.01782304,0.02165638,0.03016891,0.003186,0.83892725,0.08802142,0.00021699,36939,6,0.25080549,0.9897562
372,3,20024823,0.84616762,0.01561048,0.01367031,0.00862492,0.00316725,0.86818715,0.09073522,4.67e-06,32777,6,0.25313201,0.9897615
372,4,20024824,0.91488323,0.01616109,0.03435896,0.00237226,0.00091895,0.91461967,0.03156147,7.61e-06,22479,6,0.18371183,0.9875159
372,5,20024825,0.87121056,0.0176668,0.02270534,0.00791142,0.00254469,0.87702883,0.07213748,5.44e-06,22479,6,0.26680242,0.9875159
372,6,20024826,0.92153563,0.01223891,0.00834672,0.00053728,0.00078272,0.95426866,0.02382359,2.11e-06,32847,6,0.22641415,0.9897552
372,7,20024827,0.86063288,0.01400131,0.00958295,0.01367511,0.00137515,0.88421779,0.07706953,7.817e-05,32841,6,0.27089615,0.9897552
372,8,20024828,0.89238311,0.01720118,0.02471195,0.00904057,0.00210356,0.90151147,0.0454239,7.37e-06,36875,6,0.17622471,0.9897624
372,9,20024829,0.89689243,0.01347283,0.01238908,0.00485092,0.00145363,0.92408044,0.04373636,1.673e-05,32841,6,0.19119415,0.9897552
372,10,20024830,0.9001573,0.01464925,0.01311162,0.0144417,0.00128306,0.92033301,0.03617578,5.58e-06,32779,6,0.34203946,0.9897614
373,1,20024851,0.98692475,0.01486411,0.00870531,0.0,0.00220338,0.00167968,0.0,0.97254752,40447,7,0.08719374,0.9978721
373,2,20024852,0.98692427,0.01481264,0.00869574,0.0,0.00219488,0.0016439,0.0,0.97265285,65535,7,0.09268218,0.9978742
373,3,20024853,0.98690771,0.0148676,0.00874582,0.0,0.00223201,0.00145249,0.0,0.97270208,40447,7,0.10642986,0.9978721
373,4,20024854,0.98691537,0.01484282,0.00896697,0.0,0.00221271,0.00162055,0.0,0.97235696,30719,7,0.10335017,0.9978742
373,5,20024855,0.98691863,0.01486038,0.00878331,0.0,0.00220442,0.00160337,0.0,0.97254852,24575,7,0.07164258,0.9978742
373,6,20024856,0.98694011,0.01489424,0.00890298,0.0,0.00221308,0.00158307,0.0,0.97240663,61439,7,0.15339939,0.9978732
373,7,20024857,0.98692904,0.01486128,0.00902294,0.0,0.00223088,0.00164815,0.0,0.97223675,49023,7,0.07645687,0.9978742
373,8,20024858,0.98692871,0.01486727,0.00898218,0.0,0.00221761,0.0014812,0.0,0.97245174,65023,7,0.10393318,0.9978721
373,9,20024859,0.98689395,0.01481501,0.00854935,0.0,0.0022065,0.00164533,0.0,0.97278381,46975,7,0.0719711,0.9978721
373,10,20024860,0.98694902,0.01482652,0.00856212,0.0,0.00220835,0.00162999,0.0,0.97277302,30719,7,0.09336742,0.9978742
374,1,20024881,0.9843178,0.02246668,0.00114644,0.0,0.00250649,0.8281451,0.0,0.14573529,56074,6,0.13525029,3.9761807
374,2,20024882,0.98134568,0.02406879,0.00119532,0.0,0.00181151,0.90381415,0.0,0.06911023,52556,6,0.09395967,3.9758566
374,3,20024883,0.98429652,0.0226962,0.00113828,0.0,0.00268122,0.85073463,0.0,0.12274967,51978,6,0.10869436,3.9758492
374,4,20024884,0.98386338,0.02371306,0.00117645,0.0,0.00271407,0.83567092,0.0,0.13672549,56074,6,0.11799833,3.9761807
374,5,20024885,0.98424997,0.02266933,0.00112588,0.0,0.00273883,0.85986708,0.0,0.11359888,51978,6,0.13176703,3.9758492
374,6,20024886,0.98425073,0.02278811,0.00118428,0.0,0.00276734,0.85616472,0.0,0.11709554,53002,6,0.13536228,3.9758566
374,7,20024887,0.98307678,0.02513168,0.00131233,0.0,0.00367088,0.86100449,0.0,0.10888063,56074,6,0.17333857,3.9761807
374,8,20024888,0.98325244,0.02308567,0.0019563,0.0,0.0020879,0.91028556,0.0,0.06258456,8436,6,0.37029586,3.9748635
374,9,20024889,0.98434749,0.02235079,0.00112559,0.0,0.00258547,0.84298565,0.0,0.1309525,51970,6,0.12494884,3.9755177
374,10,20024890,0.9823135,0.02831074,0.00151631,0.0,0.00266313,0.82922233,0.0,0.1382875,51980,6,0.12806056,3.9758492
375,1,20024911,0.94529925,0.01491016,0.0,0.00207656,0.00055091,0.98230422,0.00015253,5.61e-06,36703,6,0.0747283,0.989793
375,2,20024912,0.94568441,0.01455803,0.0,0.00207722,0.00051795,0.98268872,0.00015286,5.22e-06,30687,6,0.08006037,0.989794
375,3,20024913,0.94555326,0.01466613,0.0,0.00207648,0.00052525,0.98257406,0.00015265,5.43e-06,40927,6,0.12992672,0.989794
375,4,20024914,0.94584718,0.01460828,0.0,0.00207503,0.00052563,0.98263255,0.000153,5.52e-06,61407,6,0.06461871,0.989793
375,5,20024915,0.9461408,0.01501571,0.0,0.00207597,0.00054719,0.98220251,0.00015284,5.77e-06,49119,6,0.10133598,0.989794
375,6,20024916,0.94605563,0.01468822,0.0,0.00207576,0.00052566,0.98255162,0.00015298,5.76e-06,52063,6,0.12121251,0.9897808
375,7,20024917,0.94597006,0.01488494,0.0,0.00207799,0.0005379,0.98234102,0.00015251,5.64e-06,40927,6,0.0571772,0.989794
375,8,20024918,0.9455695,0.014451,0.0,0.00207817,0.00050923,0.98280378,0.00015268,5.14e-06,52639,6,0.21905535,0.9897687
375,9,20024919,0.94569643,0.01486398,0.0,0.00207645,0.00053772,0.98236352,0.00015277,5.55e-06,32735,6,0.09945377,0.989794
375,10,20024920,0.94560342,0.01481076,0.0,0.00207722,0.00053784,0.98241555,0.0001528,5.82e-06,53087,6,0.1140123,0.9897929
376,1,20024941,0.98269765,0.0277659,0.00117637,0.0,0.00220895,0.66763056,0.0,0.30121822,57132,6,0.1368004,3.7840786
376,2,20024942,0.98438804,0.023148,0.00092693,0.0,0.00222257,0.68149836,0.0,0.29220415,48940,6,0.1116571,3.7840786
376,3,20024943,0.98445276,0.02297591,0.00092499,0.0,0.00224951,0.68280965,0.0,0.29103993,44844,6,0.16000255,3.7837471
376,4,20024944,0.98273948,0.02782287,0.00115198,0.0,0.00220459,0.67545521,0.0,0.29336535,57132,6,0.18343616,3.7840786
376,5,20024945,0.98271481,0.02771484,0.00117364,0.0,0.0021799,0.6718163,0.0,0.29711533,57132,6,0.14670676,3.7840786
376,6,20024946,0.98444197,0.02295083,0.00090804,0.0,0.00215236,0.67116336,0.0,0.30282541,48940,6,0.16097837,3.7840786
376,7,20024947,0.98262204,0.02794318,0.00121266,0.0,0.00222523,0.67203291,0.0,0.29658601,53036,6,0.09732775,3.7837471
376,8,20024948,0.98267587,0.02784256,0.00117863,0.0,0.00218201,0.68639006,0.0,0.28240674,57132,6,0.09944818,3.7840786
376,9,20024949,0.98449617,0.02270143,0.00089552,0.0,0.00201421,0.6528981,0.0,0.32149074,48940,6,0.14223174,3.7840786
376,10,20024950,0.98444188,0.02308301,0.00093037,0.0,0.00235433,0.69263102,0.0,0.28100127,48940,6,0.19017601,3.7840786
377,1,20024971,0.97661163,0.02650474,0.07953755,0.0,0.00061796,0.0,0.00012686,0.89321288,23183,7,0.89275508,0.9926368
377,2,20024972,0.97653103,0.02674798,0.08216318,0.0,0.00063097,0.0,0.00013358,0.89032428,23183,7,0.88963682,0.9926368
377,3,20024973,0.97655786,0.02657641,0.07999282,0.0,0.00063156,0.0,0.00013631,0.8926629,23183,7,0.89210622,0.9926368
377,4,20024974,0.97662403,0.02661252,0.07906569,0.0,0.00062587,0.0,0.00013141,0.89356451,23183,7,0.8930984,0.9926368
377,5,20024975,0.97652378,0.02666834,0.08197008,0.0,0.00063665,0.0,0.0001365,0.89058844,23183,7,0.88980729,0.9926368
377,6,20024976,0.9766731,0.02673455,0.07590261,0.0,0.00061842,0.0,0.00012974,0.89661468,23183,7,0.89601098,0.9926368
377,7,20024977,0.97500528,0.02780009,0.07920521,0.0,0.00223662,0.0,0.00045026,0.89030782,23183,7,0.88673349,0.9926368
377,8,20024978,0.97657377,0.02658338,0.08133327,0.0,0.00063132,0.0,0.00013091,0.89132112,23183,7,0.89067662,0.9926368
377,9,20024979,0.97662542,0.02673772,0.07973169,0.0,0.00063739,0.0,0.0001281,0.8927651,23183,7,0.89221049,0.9926368
377,10,20024980,0.97661922,0.0265444,0.07794008,0.0,0.00062817,0.0,0.0001317,0.89475566,23183,7,0.89432472,0.9926368
378,1,20025001,0.95856429,0.01347148,0.0,9.213e-05,0.00165657,0.02252258,0.0,0.96225724,16255,7,0.06279823,0.9930528
378,2,20025002,0.95831852,0.01354862,0.0,9.192e-05,0.00167737,0.01425427,0.0,0.97042782,36863,7,0.07087577,0.9930518
378,3,20025003,0.95849249,0.01349789,0.0,9.21e-05,0.00167823,0.01088553,0.0,0.97384625,30591,7,0.07483429,0.9930528
378,4,20025004,0.95850848,0.0135078,0.0,9.214e-05,0.00167055,0.01624639,0.0,0.96848313,16255,7,0.05778708,0.9930528
378,5,20025005,0.95847416,0.01350831,0.0,9.206e-05,0.00166722,0.01369886,0.0,0.97103355,15871,7,0.1060853,0.9930459
378,6,20025006,0.95844479,0.01348387,0.0,9.192e-05,0.00166928,0.03674203,0.0,0.94801291,8191,7,0.06656866,0.9930518
378,7,20025007,0.95838665,0.01354661,0.0,9.207e-05,0.00165803,0.03250775,0.0,0.95219554,59263,7,0.07472831,0.9930518
378,8,20025008,0.95859619,0.01351764,0.0,9.192e-05,0.00167797,0.01240381,0.0,0.97230867,8063,7,0.10417706,0.9930518
378,9,20025009,0.95850567,0.01350328,0.0,9.215e-05,0.00166136,0.02435245,0.0,0.96039077,40447,7,0.06725231,0.9930459
378,10,20025010,0.95844587,0.01352642,0.0,9.186e-05,0.00166658,0.03337691,0.0,0.95133823,32767,7,0.07387361,0.9930528
379,1,20025031,0.98272389,0.0246976,0.00089305,0.0,0.00149857,0.83096837,0.0,0.14194241,51972,6,0.09067907,5.1329994
379,2,20025032,0.98270544,0.02469567,0.00085052,0.0,0.00150396,0.85792753,0.0,0.11502233,51980,6,0.12298241,5.1333309
379,3,20025033,0.98227331,0.02214156,0.00073786,0.0,0.00133641,0.97570471,0.0,7.946e-05,47882,6,0.09816735,5.1336624
379,4,20025034,0.98272375,0.02013968,0.00042463,0.0,0.00111709,0.97813197,0.0,0.00018663,56858,6,0.19864877,5.133672
379,5,20025035,0.98271401,0.02466771,0.00085112,0.0,0.00150374,0.84027099,0.0,0.13270644,51980,6,0.10782798,5.1333309
379,6,20025036,0.9826927,0.02468904,0.00088526,0.0,0.00150798,0.85204501,0.0,0.12087271,51980,6,0.09740926,5.1333309
379,7,20025037,0.9834856,0.02187385,0.00074417,0.0,0.00150943,0.85112992,0.0,0.12474262,51978,6,0.08008458,5.1333309
379,8,20025038,0.98349718,0.02178796,0.0007504,0.0,0.00149752,0.84102641,0.0,0.13493771,56066,6,0.08175443,5.1333309
379,9,20025039,0.98266926,0.02472011,0.0008793,0.0,0.00154605,0.85557161,0.0,0.11728292,57100,6,0.09485554,5.133672
379,10,20025040,0.98169329,0.02454883,0.00089354,0.0,0.00133656,0.9731391,0.0,8.198e-05,47884,6,0.08355066,5.1336624
380,1,20025061,0.9417677,0.01178408,0.0,0.00182617,0.0006013,0.98561685,0.00015541,1.619e-05,63695,6,0.07354154,0.9892327
380,2,20025062,0.9453017,0.01403072,0.0,0.00191602,0.00052843,0.98335935,0.00016085,4.63e-06,37215,6,0.39040337,0.9912147
380,3,20025063,0.60958117,0.00901445,0.0,0.98925904,0.00038884,0.00118011,0.00015633,1.23e-06,61450,2,0.21598875,0.6578993
380,4,20025064,0.94424451,0.01160559,0.0,0.00185723,0.00035393,0.98602533,0.00015622,1.7e-06,33119,6,0.54000101,0.9912137
380,5,20025065,0.94478242,0.01232412,0.0,0.00187117,0.00045036,0.98519245,0.00015872,3.18e-06,37215,6,0.5019606,0.9912147
380,6,20025066,0.94430296,0.01150627,0.0,0.00186029,0.0003358,0.98614071,0.00015557,1.35e-06,37215,6,0.56834634,0.9912147
380,7,20025067,0.94479118,0.01350976,0.0,0.00191146,0.00052223,0.98388913,0.00016258,4.84e-06,33247,6,0.24995923,0.9912136
380,8,20025068,0.94483002,0.01313711,0.0,0.00190891,0.00053671,0.98424694,0.00016473,5.61e-06,33183,6,0.44962932,0.9912223
380,9,20025069,0.94525072,0.01419563,0.0,0.00191945,0.00062825,0.98308517,0.00016464,6.86e-06,33247,6,0.65478033,0.9912136
380,10,20025070,0.94391646,0.01161938,0.0,0.00187145,0.00035397,0.98599637,0.00015681,2.01e-06,33055,6,0.49200906,0.9912224
381,1,20025091,0.98718095,0.04067606,0.01447217,9e-07,0.00239623,0.0,0.00027636,0.94217829,57133,7,0.70949273,1.5612084
381,2,20025092,0.98911628,0.03172033,0.01312145,7e-07,0.00210424,0.0,0.00026274,0.95279054,48941,7,0.5008341,1.5612084
381,3,20025093,0.98926924,0.03032947,0.01143507,8e-07,0.00209985,0.0,0.00025877,0.95587604,48941,7,0.90594474,1.5612084
381,4,20025094,0.98726028,0.04060159,0.01227244,7.4e-07,0.00241074,0.0,0.00027187,0.94444261,57133,7,0.64927356,1.5612084
381,5,20025095,0.98923263,0.03101293,0.01181171,7.3e-07,0.00209749,0.0,0.00026092,0.95481621,48941,7,0.61763776,1.5612084
381,6,20025096,0.98918075,0.03141215,0.01163438,7.4e-07,0.00210183,0.0,0.0002589,0.95459199,48941,7,0.73534966,1.5612084
381,7,20025097,0.98926123,0.03192155,0.00965625,8.2e-07,0.00210002,0.0,0.00025802,0.95606335,44845,7,0.94888939,1.5612074
381,8,20025098,0.98730427,0.03979012,0.01192672,8.4e-07,0.00233865,0.0,0.00026927,0.94567441,57133,7,0.93980987,1.5612084
381,9,20025099,0.98915234,0.03207518,0.01211756,7.9e-07,0.00207281,0.0,0.00025926,0.95347441,48941,7,0.42252991,1.5612084
381,10,20025100,0.98927283,0.03119753,0.00955635,7.5e-07,0.00208817,0.0,0.00025609,0.9569011,44845,7,0.51767853,1.5612074
382,1,20025121,0.98224447,0.03241649,0.01893289,0.0,0.00661414,0.73791765,0.00040203,0.20371681,51970,6,0.0741501,2.8399211
382,2,20025122,0.97953197,0.03866643,0.03365374,0.0,0.01088518,0.75701318,0.00072802,0.15905346,51972,6,0.10592999,2.8399211
382,3,20025123,0.98192247,0.0339238,0.0192907,0.0,0.00680058,0.73462798,0.00042815,0.20492878,51978,6,0.07428167,2.8402526
382,4,20025124,0.9827717,0.03162407,0.02093919,0.0,0.00582173,0.72031676,0.00033489,0.22096336,51980,6,0.08171494,2.8402526
382,5,20025125,0.98310401,0.03207735,0.01282091,0.0,0.00604545,0.77227597,0.00011478,0.17666553,51980,6,0.09840865,2.8402526
382,6,20025126,0.98212451,0.03203909,0.01986528,0.0,0.00653425,0.75341929,0.0006134,0.18752869,51979,6,0.05829031,2.8412451
382,7,20025127,0.98265085,0.03165034,0.01908808,0.0,0.00635591,0.74038112,0.00048243,0.20204211,51978,6,0.08135931,2.8402526
382,8,20025128,0.98265946,0.03068486,0.01715101,0.0,0.00585733,0.75766034,0.00031797,0.18832848,51979,6,0.09927047,2.8412451
382,9,20025129,0.98230769,0.03171915,0.01934108,0.0,0.00686111,0.7789544,0.00074344,0.16238082,51978,6,0.11119399,2.8402526
382,10,20025130,0.98286405,0.02985613,0.01703514,0.0,0.00583054,0.72632721,0.00043502,0.22051595,51978,6,0.09322104,2.8402526
383,1,20025151,0.94572902,0.01237103,0.0,0.00222339,0.00165432,0.12139788,0.0,0.86235339,8031,7,0.09050498,0.9898818
383,2,20025152,0.94583674,0.012536,0.0,0.00222162,0.00167015,0.03501522,0.0,0.94855701,59231,7,0.11749273,0.9898828
383,3,20025153,0.9458695,0.01252805,0.0,0.00222149,0.00166796,0.03958729,0.0,0.9439952,24543,7,0.04689055,0.9898838
383,4,20025154,0.94604592,0.0125177,0.0,0.00222095,0.00166439,0.05751356,0.0,0.9260834,48991,7,0.10221042,0.9898838
383,5,20025155,0.94548813,0.0123693,0.0,0.00222205,0.00167007,0.0905028,0.0,0.89323579,24415,7,0.11387467,0.9898838
383,6,20025156,0.94570949,0.01249114,0.0,0.00222176,0.00167769,0.05005951,0.0,0.93354991,59359,7,0.09238839,0.9898828
383,7,20025157,0.94583152,0.01246505,0.0,0.00222276,0.00164761,0.1057218,0.0,0.87794278,23391,7,0.04759368,0.9898708
383,8,20025158,0.94641249,0.01258192,0.0,0.00222333,0.00166865,0.0414474,0.0,0.9420787,24415,7,0.12696046,0.9898838
383,9,20025159,0.94581597,0.01261443,0.0,0.00222267,0.001673,0.0542136,0.0,0.92927631,59359,7,0.16816808,0.9898828
383,10,20025160,0.94543732,0.01250376,0.0,0.00222054,0.00167418,0.03698454,0.0,0.94661698,16223,7,0.07595091,0.9898838
384,1,20025181,0.98139227,0.02549798,0.00085804,0.0,0.00144753,0.97212215,0.0,7.43e-05,53034,6,0.10749094,4.8643876
384,2,20025182,0.9827629,0.02507162,0.00079811,0.0,0.00166142,0.73738225,0.0,0.23508659,53036,6,0.12144737,4.8643876
384,3,20025183,0.98272844,0.02511952,0.00078391,0.0,0.00163035,0.76713516,0.0,0.20533106,53004,6,0.08067829,4.8643958
384,4,20025184,0.98278223,0.02510615,0.00078916,0.0,0.00164609,0.73104907,0.0,0.24140954,53036,6,0.13176745,4.8643876
384,5,20025185,0.9836198,0.02208706,0.00067522,0.0,0.00156536,0.7395156,0.0,0.23615675,44844,6,0.09195486,4.8643876
384,6,20025186,0.98359039,0.02215477,0.00068743,0.0,0.00169229,0.76459739,0.0,0.21086812,48940,6,0.12166941,4.8647191
384,7,20025187,0.98311579,0.02024843,0.00039635,0.0,0.00124066,0.97758879,0.0,0.00052578,42892,6,0.18982009,4.8643958
384,8,20025188,0.98357682,0.02225353,0.00066822,0.0,0.00170834,0.79522581,0.0,0.1801441,48940,6,0.12024252,4.8647191
384,9,20025189,0.98359087,0.02209774,0.00067498,0.0,0.00156905,0.76429964,0.0,0.21135859,44836,6,0.0866623,4.8640561
384,10,20025190,0.98360168,0.02222626,0.00067622,0.0,0.00161509,0.76220318,0.0,0.21327925,44844,6,0.11733077,4.8643876
385,1,20025211,0.79703031,0.03404102,0.05647003,0.01830594,0.01882787,0.73624763,0.13576224,0.00034528,22479,6,0.28738582,0.9904583
385,2,20025212,0.9247648,0.02564241,0.03697299,0.00352971,0.00497264,0.89664158,0.0321616,7.906e-05,6095,6,0.60563821,0.9894732
385,3,20025213,0.7780107,0.03377216,0.05322627,0.01114431,0.03602043,0.72434628,0.1405867,0.00090386,6095,6,0.21952431,0.9894732
385,4,20025214,0.87627568,0.02887399,0.0429033,0.00242475,0.0099098,0.83979222,0.07425423,0.00184171,6095,6,0.43204265,0.9894732
385,5,20025215,0.78759525,0.03592329,0.04617176,0.01001567,0.01760482,0.74086797,0.14865331,0.00076318,22479,6,0.31939854,0.9904583
385,6,20025216,0.78073514,0.03523654,0.05799979,0.00882125,0.03162651,0.7249101,0.14097105,0.00043476,22479,6,0.20646789,0.9904583
385,7,20025217,0.86380983,0.03192665,0.03836201,0.0111788,0.00862852,0.8258388,0.08325527,0.00080995,22479,6,0.50761957,0.9904583
385,8,20025218,0.88051337,0.03056707,0.03636929,0.00481172,0.00531611,0.84913445,0.07342313,0.00037823,22479,6,0.44614742,0.9904583
385,9,20025219,0.80766413,0.03436818,0.07092216,0.01343463,0.01913111,0.73167408,0.13009991,0.00036994,22479,6,0.33680582,0.9904583
385,10,20025220,0.74676219,0.03707852,0.05379777,0.01067615,0.02657466,0.69326501,0.17751667,0.00109123,6095,6,0.20209704,0.9894732
386,1,20025241,0.97437679,0.01375501,0.0031899,0.0,0.00177683,0.00838283,0.0,0.97289542,57343,7,0.12774973,0.9957562
386,2,20025242,0.97437513,0.01378713,0.00334547,0.0,0.00176742,0.00660578,0.0,0.9744942,60927,7,0.10838267,0.995751
386,3,20025243,0.97435993,0.01377968,0.00330697,0.0,0.00176585,0.00977135,0.0,0.97137615,61439,7,0.0794281,0.9957552
386,4,20025244,0.97439317,0.01377508,0.00329854,0.0,0.00179587,0.00716426,0.0,0.97396625,65023,7,0.09650702,0.995752
386,5,20025245,0.97434403,0.01377385,0.00342761,0.0,0.0017812,0.00878081,0.0,0.97223654,55295,7,0.08540642,0.9957562
386,6,20025246,0.9743858,0.0137714,0.00333534,0.0,0.00177337,0.0118661,0.0,0.96925379,48639,7,0.09154815,0.9957519
386,7,20025247,0.97437193,0.01377939,0.00335907,0.0,0.0017694,0.00790331,0.0,0.97318882,65023,7,0.09784427,0.995752
386,8,20025248,0.97438226,0.01378853,0.00335612,0.0,0.00176622,0.00746839,0.0,0.97362073,63487,7,0.08098313,0.9957562
386,9,20025249,0.97433656,0.01379305,0.00332237,0.0,0.00177026,0.01092425,0.0,0.97019007,63487,7,0.12805576,0.9957562
386,10,20025250,0.97435441,0.01377411,0.00328248,0.0,0.00175041,0.02772526,0.0,0.95346774,30719,7,0.13806694,0.9957562
387,1,20025271,0.98405221,0.02137674,0.00080207,0.0,0.00198521,0.83129176,0.0,0.14454423,56074,6,0.2079112,4.8005217
387,2,20025272,0.98406555,0.02121098,0.00078832,0.0,0.00185582,0.82323871,0.0,0.15290618,51978,6,0.11920437,4.8001902
387,3,20025273,0.98246346,0.02559467,0.00102036,0.0,0.00193498,0.82581038,0.0,0.14563962,56076,6,0.09951199,4.8005217
387,4,20025274,0.98150233,0.02317828,0.00096711,0.0,0.00181009,0.97395638,0.0,8.814e-05,47882,6,0.14561047,4.8005217
387,5,20025275,0.98244158,0.02552818,0.00101101,0.0,0.00194189,0.8301087,0.0,0.14141022,51980,6,0.10472392,4.8001902
387,6,20025276,0.98247048,0.02549685,0.00098229,0.0,0.00193263,0.84594024,0.0,0.125648,51980,6,0.10515401,4.8001902
387,7,20025277,0.98407799,0.02124975,0.00079433,0.0,0.00200207,0.83101829,0.0,0.14493556,56074,6,0.13470145,4.8005217
387,8,20025278,0.97973859,0.02714124,0.0016648,0.0,0.0017321,0.96937681,0.0,8.504e-05,47884,6,0.09466249,4.8005217
387,9,20025279,0.98404417,0.0212967,0.00080256,0.0,0.00204773,0.86401533,0.0,0.11183768,56074,6,0.16226974,4.8005217
387,10,20025280,0.98152303,0.02300983,0.00096775,0.0,0.00173428,0.97419701,0.0,9.113e-05,43786,6,0.11068947,4.8001902
388,1,20025301,0.9443971,0.01526258,0.0,0.00208407,0.00055076,0.98194336,0.00015357,5.66e-06,6111,6,0.13978169,0.9894784
388,2,20025302,0.94457275,0.01558534,0.0,0.00208466,0.00055639,0.98161404,0.00015398,5.59e-06,22367,6,0.10497054,0.989467
388,3,20025303,0.94439107,0.01543253,0.0,0.00208638,0.00055305,0.98176841,0.0001535,6.12e-06,24543,6,0.15933559,0.9894805
388,4,20025304,0.94413581,0.01515488,0.0,0.00208482,0.00055224,0.98204859,0.00015364,5.82e-06,22495,6,0.09266098,0.9894804
388,5,20025305,0.93455483,0.00829901,0.0,0.00208071,0.0002899,0.98917467,0.00015451,1.19e-06,23961,6,0.50192672,0.9874626
388,6,20025306,0.9444042,0.01568089,0.0,0.00208724,0.000569,0.98150301,0.0001539,5.96e-06,8031,6,0.10806271,0.9894785
388,7,20025307,0.43990207,0.00999886,0.0,0.98821502,0.00039173,0.00123956,0.00015359,1.24e-06,40097,2,0.56215156,0.4901182
388,8,20025308,0.93548387,0.00896771,0.0,0.00208361,0.00033841,0.98845498,0.00015404,1.25e-06,6105,6,0.22836646,0.9874418
388,9,20025309,0.944116,0.01555742,0.0,0.00208643,0.00056399,0.98163281,0.00015356,5.8e-06,24543,6,0.10598344,0.9894805
388,10,20025310,0.94426984,0.01517381,0.0,0.00208461,0.00054069,0.9820416,0.00015346,5.83e-06,23391,6,0.09003177,0.989467
389,1,20025331,0.98325492,0.0296845,0.022201,0.0,0.00322829,0.60501084,0.00024725,0.33962812,57132,6,0.0805799,3.1829662
389,2,20025332,0.98442498,0.02495789,0.01734986,0.0,0.00312074,0.61543551,0.00037896,0.33875704,48940,6,0.13175225,3.1829662
389,3,20025333,0.98273393,0.03029443,0.02505237,0.0,0.00341784,0.61335013,0.00022832,0.3276569,57133,7,0.09588052,3.1836282
389,4,20025334,0.98453799,0.02531281,0.02385408,0.0,0.00378665,0.63291971,0.00021291,0.31391384,48940,6,0.15799203,3.1829662
389,5,20025335,0.98291159,0.03072502,0.02865948,0.0,0.00414389,0.60803199,0.00034057,0.32809905,53037,7,0.07255227,3.1836272
389,6,20025336,0.98505049,0.0241949,0.0180491,0.0,0.00264676,0.6072499,0.00014048,0.34771887,44844,6,0.16637489,3.1826347
389,7,20025337,0.98510229,0.0237976,0.01512685,0.0,0.00279916,0.61184096,0.00015644,0.346279,48940,6,0.20191871,3.1829662
389,8,20025338,0.98488019,0.02473868,0.0200134,0.0,0.00322403,0.63493042,0.00017678,0.31691668,48940,6,0.16757931,3.1829662
389,9,20025339,0.9848192,0.02453145,0.01972804,0.0,0.00310478,0.6080866,0.00015252,0.34439661,44845,7,0.11920064,3.1836272
389,10,20025340,0.98397441,0.02619283,0.02403865,0.0,0.00396455,0.61094518,0.00020275,0.33465604,48940,6,0.16461959,3.1829662
390,1,20025361,0.9827853,0.03881293,0.22216361,0.0,0.00542085,0.0,0.00032261,0.73328,19211,7,0.2453348,1.3131548
390,2,20025362,0.98397623,0.03287761,0.25076496,0.0,0.00375529,0.0,0.00027444,0.71232771,19211,7,0.26949421,1.3131548
390,3,20025363,0.98304513,0.03427538,0.27589757,0.0,0.00526712,0.0,0.00035525,0.68420468,19211,7,0.30088722,1.3131548
390,4,20025364,0.98299351,0.03262238,0.27535021,0.0,0.00444518,0.0,0.00071598,0.68686625,19211,7,0.36680145,1.3131548
390,5,20025365,0.9849137,0.0304501,0.23476153,0.0,0.00291161,0.0,0.0002328,0.73164396,19211,7,0.50230739,1.3131548
390,6,20025366,0.98150006,0.03978593,0.29884592,0.0,0.00496221,0.0,0.00043971,0.65596623,19211,7,0.10887641,1.3131548
390,7,20025367,0.98472132,0.03465785,0.18066948,0.0,0.00326628,0.0,0.00033633,0.78107005,19211,7,0.40565119,1.3131548
390,8,20025368,0.98244357,0.04048304,0.23651436,0.0,0.00494622,0.0,0.00033876,0.71771762,19212,7,0.14753627,1.3121622
390,9,20025369,0.98235868,0.03715055,0.25637205,0.0,0.00579478,0.0,0.00055027,0.70013235,19211,7,0.15457511,1.3131548
390,10,20025370,0.98506411,0.02939577,0.24214106,0.0,0.00292509,0.0,0.00023297,0.7253051,19211,7,0.45816618,1.3131548
391,1,20025391,0.94740311,0.01195808,0.0,0.00151008,0.00159533,0.01822558,0.0,0.96671092,65407,7,0.05317436,0.9911426
391,2,20025392,0.94729577,0.01188919,0.0,0.00151093,0.00158635,0.02840898,0.0,0.95660454,30719,7,0.10206948,0.9911426
391,3,20025393,0.94732262,0.01191053,0.0,0.00151041,0.00159805,0.01310078,0.0,0.97188022,14207,7,0.05336197,0.9911348
391,4,20025394,0.9472477,0.01195714,0.0,0.00150955,0.00159911,0.01050799,0.0,0.97442621,65023,7,0.08898437,0.9911338
391,5,20025395,0.94748605,0.01189469,0.0,0.00151033,0.00158764,0.0282267,0.0,0.95678064,15871,7,0.0979204,0.9911338
391,6,20025396,0.94714834,0.01193057,0.0,0.0015099,0.00158391,0.01334995,0.0,0.97162567,30719,7,0.06814795,0.9911426
391,7,20025397,0.94741617,0.01192308,0.0,0.00150925,0.00158658,0.03065457,0.0,0.95432652,49151,7,0.0600706,0.9911426
391,8,20025398,0.94728722,0.0119124,0.0,0.00150943,0.00159266,0.03359465,0.0,0.95139086,57215,7,0.06393614,0.9911426
391,9,20025399,0.94722196,0.01191184,0.0,0.00150954,0.00158461,0.03881952,0.0,0.94617449,54783,7,0.07881741,0.9911338
391,10,20025400,0.9472494,0.01191375,0.0,0.00150928,0.00158754,0.01006511,0.0,0.97492432,30207,7,0.08392842,0.9911338
392,1,20025421,0.98270944,0.02265738,0.00083878,0.0,0.001421,0.89232664,0.0,0.08275619,56074,6,0.06530056,5.4847977
392,2,20025422,0.98243166,0.021899,0.00084866,0.0,0.0012375,0.97584722,0.0,0.00016762,51084,6,0.21002927,5.4844766
392,3,20025423,0.9819292,0.02029158,0.00045331,0.0,0.00093948,0.97826692,0.0,4.871e-05,48666,6,0.18015389,5.4848079
392,4,20025424,0.98262471,0.02432501,0.00089165,0.0,0.00139873,0.90309751,0.0,0.07028711,51980,6,0.06732726,5.4844662
392,5,20025425,0.98270433,0.02259571,0.0008664,0.0,0.00140374,0.89847527,0.0,0.07665888,56106,6,0.05687326,5.4848079
392,6,20025426,0.98271017,0.0225735,0.00088974,0.0,0.00142039,0.88468086,0.0,0.09043551,57122,6,0.05143056,5.4844672
392,7,20025427,0.98224542,0.02195127,0.00080236,0.0,0.00115971,0.97601392,0.0,7.273e-05,48906,6,0.07165034,5.4848079
392,8,20025428,0.98239345,0.02048765,0.00045344,0.0,0.00105633,0.97785712,0.0,0.00014545,52762,6,0.22104779,5.4844766
392,9,20025429,0.98225812,0.02201277,0.00082662,0.0,0.00116531,0.97592356,0.0,7.175e-05,43786,6,0.08693205,5.4844662
392,10,20025430,0.98261446,0.0243582,0.00087372,0.0,0.00139579,0.88439622,0.0,0.08897607,56108,6,0.08040737,5.4848079
393,1,20025451,0.93631582,0.0098495,0.00109725,0.00021549,0.0003062,0.98832484,0.00020536,1.37e-06,36875,6,0.19437817,0.9881322
393,2,20025452,0.93644141,0.01004402,0.00111209,0.00021533,0.00038948,0.98802851,0.00020823,2.34e-06,32777,6,0.21980557,0.9881312
393,3,20025453,0.93667644,0.00996813,0.00111045,0.0002206,0.00035983,0.98812419,0.00021492,1.88e-06,32845,6,0.15469007,0.9881234
393,4,20025454,0.93571898,0.01021349,0.00112918,0.00022225,0.00047174,0.98774023,0.00022019,2.93e-06,36937,6,0.37711332,0.9881244
393,5,20025455,0.93709248,0.00993625,0.00110578,0.00021262,0.00034745,0.98819437,0.00020183,1.71e-06,36943,6,0.15474252,0.9881244
393,6,20025456,0.93660508,0.01018722,0.00118383,0.00023557,0.000428,0.98772662,0.00023636,2.4e-06,32781,6,0.19317162,0.9881312
393,7,20025457,0.93676388,0.00993319,0.00110209,0.00021068,0.00034635,0.98820465,0.00020134,1.69e-06,32781,6,0.19523499,0.9881312
393,8,20025458,0.93660823,0.00996433,0.0011156,0.00021088,0.00035977,0.98814583,0.00020169,1.9e-06,36937,6,0.16753335,0.9881244
393,9,20025459,0.93684619,0.01024735,0.00112777,0.00022472,0.00047227,0.98770067,0.00022424,2.99e-06,32847,6,0.21750779,0.9881234
393,10,20025460,0.93693522,0.00987477,0.00109922,0.000214,0.00031301,0.98829239,0.00020517,1.44e-06,32843,6,0.17798049,0.9881234
394,1,20025481,0.99418963,0.01512041,0.01041314,0.0,0.00232132,0.00075976,0.0,0.97138537,51071,7,0.1157492,0.9990973
394,2,20025482,0.99416767,0.0150809,0.01030919,0.0,0.00232323,0.00092794,0.0,0.97135873,44927,7,0.06555121,0.9990995
394,3,20025483,0.99416438,0.01512912,0.01095724,0.0,0.0023237,0.00052113,0.0,0.97106881,52607,7,0.09451626,0.9990986
394,4,20025484,0.99415975,0.01507309,0.01062589,0.0,0.00233146,0.0005633,0.0,0.97140626,14335,7,0.05712997,0.9991005
394,5,20025485,0.99418846,0.01510443,0.01059651,0.0,0.00232904,0.00069575,0.0,0.97127426,16255,7,0.07810498,0.9991005
394,6,20025486,0.99419316,0.01514601,0.01057792,0.0,0.00232614,0.00049164,0.0,0.9714583,61439,7,0.07815272,0.9990995
394,7,20025487,0.99420277,0.01513215,0.01073979,0.0,0.00231795,0.00039388,0.0,0.97141624,49151,7,0.08645529,0.9991005
394,8,20025488,0.99420391,0.0150912,0.01065622,0.0,0.00233579,0.00056741,0.0,0.97134938,61311,7,0.12225364,0.9990995
394,9,20025489,0.99420844,0.01512458,0.01038356,0.0,0.00232335,0.00060154,0.0,0.97156697,61439,7,0.06128845,0.9990995
394,10,20025490,0.99418027,0.01513802,0.01067327,0.0,0.00233225,0.00051636,0.0,0.97134011,36863,7,0.07269335,0.9990995
395,1,20025511,0.98414009,0.02301076,0.00168253,0.0,0.00321443,0.82737339,4.203e-05,0.14467685,56074,6,0.13025517,3.8949624
395,2,20025512,0.98418733,0.02267732,0.00156155,0.0,0.00308562,0.81341168,4.098e-05,0.15922285,51978,6,0.09825538,3.8946309
395,3,20025513,0.98419713,0.02265958,0.00163515,0.0,0.00304055,0.8048547,4.041e-05,0.16776962,51978,6,0.09564571,3.8946309
395,4,20025514,0.98425096,0.02269377,0.00154576,0.0,0.00279732,0.78782762,3.913e-05,0.18509641,56074,6,0.11867798,3.8949624
395,5,20025515,0.98423246,0.02255149,0.00164113,0.0,0.0031,0.80022813,4.028e-05,0.17243897,51970,6,0.10772983,3.8942994
395,6,20025516,0.98213645,0.02858128,0.00231226,0.0,0.00286,0.76639501,3.875e-05,0.1998127,56076,6,0.12287811,3.8949624
395,7,20025517,0.98191646,0.02917735,0.00224218,0.0,0.00346656,0.82005705,4.29e-05,0.14501394,51980,6,0.10308596,3.8946309
395,8,20025518,0.98427192,0.02222956,0.00161533,0.0,0.00300383,0.80675938,4.045e-05,0.16635145,56074,6,0.12253453,3.8949624
395,9,20025519,0.98419456,0.02261227,0.00167222,0.0,0.00309207,0.80830772,4.074e-05,0.16427498,51970,6,0.10938199,3.8942994
395,10,20025520,0.98413186,0.02258132,0.00158509,0.0,0.00314445,0.79824376,4.001e-05,0.17440537,56066,6,0.09964305,3.8946309
396,1,20025541,0.94040128,0.01372676,0.0,0.00207488,0.00050329,0.98353789,0.00015205,5.13e-06,30111,6,0.1131771,0.9887879
396,2,20025542,0.94023283,0.01392612,0.0,0.00207323,0.00050945,0.98333391,0.00015221,5.08e-06,53215,6,0.13105873,0.988791
396,3,20025543,0.94045131,0.01389448,0.0,0.00207337,0.00051003,0.98336426,0.00015255,5.31e-06,24415,6,0.09046109,0.988792
396,4,20025544,0.9409115,0.01376487,0.0,0.0020733,0.00049348,0.98351017,0.00015296,5.22e-06,22495,6,0.14776555,0.9887919
396,5,20025545,0.94093914,0.01370006,0.0,0.00207437,0.00049143,0.98357646,0.00015266,5.02e-06,24543,6,0.13557139,0.988792
396,6,20025546,0.93990255,0.01383918,0.0,0.0020734,0.00050823,0.98342177,0.00015236,5.06e-06,61407,6,0.09333492,0.988791
396,7,20025547,0.94077393,0.01391009,0.0,0.00207442,0.00050121,0.9833566,0.00015264,5.05e-06,22367,6,0.10441913,0.9887779
396,8,20025548,0.94032372,0.01392785,0.0,0.00207276,0.00051275,0.98332896,0.0001525,5.18e-06,14303,6,0.16666951,0.9887919
396,9,20025549,0.94100709,0.0140199,0.0,0.00207267,0.00051971,0.98323005,0.00015253,5.13e-06,43999,6,0.10146745,0.988789
396,10,20025550,0.94115431,0.0140023,0.0,0.00207219,0.00051018,0.98325791,0.00015231,5.12e-06,55263,6,0.08527273,0.9887919
397,1,20025571,0.9842115,0.02166728,0.00087272,0.0,0.00180438,0.71543665,0.0,0.26021896,48940,6,0.11810621,4.6064743
397,2,20025572,0.98282692,0.02543881,0.00106012,0.0,0.00184771,0.72325534,0.0,0.24839801,53036,6,0.12379273,4.6061428
397,3,20025573,0.98285404,0.02536208,0.00105167,0.0,0.00174219,0.692149,0.0,0.27969506,53036,6,0.09388299,4.6061428
397,4,20025574,0.98420287,0.02183147,0.00089608,0.0,0.00192442,0.73891393,0.0,0.2364341,44844,6,0.13399696,4.6061428
397,5,20025575,0.98286143,0.0251287,0.00105181,0.0,0.00181906,0.71597638,0.0,0.25602406,53036,6,0.142817,4.6061428
397,6,20025576,0.98419711,0.02143931,0.00086969,0.0,0.00170545,0.69795968,0.0,0.27802587,48940,6,0.10474665,4.6064743
397,7,20025577,0.98418651,0.02163319,0.00087247,0.0,0.0018824,0.72343349,0.0,0.25217846,48940,6,0.12268625,4.6064743
397,8,20025578,0.98421618,0.02152312,0.00088283,0.0,0.00182988,0.72640715,0.0,0.24935702,48940,6,0.13101849,4.6064743
397,9,20025579,0.98282005,0.02539769,0.00105348,0.0,0.00190791,0.72719682,0.0,0.2444441,53036,6,0.10034557,4.6061428
397,10,20025580,0.9869317,0.0167298,0.01080912,0.0,0.00075705,0.97169133,0.0,1.269e-05,54011,6,0.55451856,4.6071363
398,1,20025601,0.3576852,0.0749601,0.10146045,0.0,0.10663614,0.0,0.48626988,0.23067342,23175,7,0.08858554,0.9876503
398,2,20025602,0.31968123,0.07095374,0.09070627,0.0,0.11500101,0.0,0.51684488,0.20649411,19087,7,0.07071432,0.9878958
398,3,20025603,0.27970256,0.07774233,0.08149385,0.0,0.11863965,0.0,0.55097081,0.17115337,23183,7,0.05304312,0.9883867
398,4,20025604,0.30472989,0.08225913,0.08826989,0.0,0.12447343,0.0,0.51829344,0.18670411,23183,7,0.05852334,0.9883867
398,5,20025605,0.36358325,0.07350164,0.09818043,0.0,0.10711706,0.0,0.47684013,0.24436074,23175,7,0.08456623,0.9876503
398,6,20025606,0.37718485,0.06740893,0.104268,0.0,0.10493489,0.0,0.47104268,0.2523455,23183,7,0.10470305,0.9883867
398,7,20025607,0.29145417,0.07287638,0.08237731,0.0,0.11827763,0.0,0.54375795,0.18271074,23183,7,0.10838261,0.9883867
398,8,20025608,0.3637547,0.07638314,0.10018653,0.0,0.11097498,0.0,0.4732315,0.23922385,23175,7,0.06964121,0.9876503
398,9,20025609,0.32292606,0.07687167,0.09549874,0.0,0.13065749,0.0,0.49857209,0.19840001,23175,7,0.08143433,0.9876503
398,10,20025610,0.25459394,0.07103129,0.07903618,0.0,0.12076618,0.0,0.57676013,0.15240622,4369,3,0.06759133,-0.0004053
399,1,20025631,0.9609767,0.01320433,0.00110076,0.0,0.00153802,0.01096359,0.0,0.97319329,16383,7,0.11208574,0.9934967
399,2,20025632,0.9610915,0.01316223,0.00112088,0.0,0.00152701,0.00708691,0.0,0.97710297,36735,7,0.09793451,0.9934957
399,3,20025633,0.96111867,0.01318801,0.00109938,0.0,0.00153357,0.00699392,0.0,0.97718512,32639,7,0.11483636,0.9934967
399,4,20025634,0.96116009,0.01317107,0.00111439,0.0,0.00152608,0.00762747,0.0,0.97656098,30207,7,0.07315356,0.9934902
399,5,20025635,0.96100152,0.01320486,0.00110604,0.0,0.00152881,0.01515594,0.0,0.96900435,61439,7,0.12375638,0.9934957
399,6,20025636,0.96103912,0.01316297,0.00110533,0.0,0.00153498,0.00969716,0.0,0.97449956,16383,7,0.0780745,0.9934967
399,7,20025637,0.96099161,0.01319022,0.00109783,0.0,0.00152701,0.00799718,0.0,0.97618776,62975,7,0.09392654,0.9934902
399,8,20025638,0.96095899,0.01321439,0.00110242,0.0,0.00152601,0.00977501,0.0,0.97438217,63487,7,0.09217814,0.9934967
399,9,20025639,0.96098027,0.01321449,0.00110581,0.0,0.00153648,0.00790773,0.0,0.9762355,65535,7,0.10054989,0.9934967
399,10,20025640,0.96103225,0.01317327,0.00110649,0.0,0.00152617,0.00764779,0.0,0.97654627,62975,7,0.11623236,0.9934902
400,1,20025661,0.98268198,0.02398754,0.00078484,0.0,0.00150979,0.82934895,0.0,0.14436888,51980,6,0.11578825,5.5282365
400,2,20025662,0.98086702,0.02462658,0.00084302,0.0,0.00136337,0.97309382,0.0,7.321e-05,47876,6,0.10667334,5.5282365
400,3,20025663,0.98374166,0.02086036,0.0006526,0.0,0.00149843,0.83231374,0.0,0.14467487,56066,6,0.09355638,5.5282365
400,4,20025664,0.98268989,0.02416102,0.00078407,0.0,0.001576,0.84052872,0.0,0.13295019,56076,6,0.11294001,5.528568
400,5,20025665,0.98266125,0.02404909,0.00080891,0.0,0.00155038,0.85526999,0.0,0.11832163,51980,6,0.1101364,5.5282365
400,6,20025666,0.98267015,0.02402894,0.00080954,0.0,0.00150716,0.81425978,0.0,0.15939458,51980,6,0.12391637,5.5282365
400,7,20025667,0.98265508,0.02400629,0.00079926,0.0,0.0015409,0.84398375,0.0,0.1296698,51972,6,0.10715925,5.527905
400,8,20025668,0.98116275,0.01771502,0.00037592,0.0,0.00078707,0.98110413,0.0,1.786e-05,48458,6,0.21921595,5.5285783
400,9,20025669,0.98293533,0.01954347,0.00039802,0.0,0.00114412,0.97867506,0.0,0.00023933,52762,6,0.18494424,5.528247
400,10,20025670,0.98270669,0.02403831,0.00077974,0.0,0.00157416,0.84616077,0.0,0.12744702,56076,6,0.11278654,5.528568
401,1,20025691,0.94402618,0.01654574,0.0,0.00210307,0.00060284,0.98058783,0.00015473,5.78e-06,6111,6,0.13720424,0.9895947
401,2,20025692,0.94335483,0.0159245,0.0,0.00209978,0.0005572,0.98125768,0.00015476,6.09e-06,22495,6,0.07662168,0.9895966
401,3,20025693,0.94312861,0.01565542,0.0,0.00209818,0.00058526,0.98150012,0.0001546,6.43e-06,14815,6,0.12351375,0.98957
401,4,20025694,0.94322496,0.01627143,0.0,0.00210233,0.00060554,0.98085977,0.00015455,6.38e-06,38751,6,0.06480944,0.9895967
401,5,20025695,0.94270039,0.01545775,0.0,0.00209713,0.00054019,0.98174432,0.00015468,5.94e-06,34207,6,0.21477021,0.9895875
401,6,20025696,0.44522909,0.01120547,0.0,0.98700144,0.00039533,0.00124134,0.00015515,1.26e-06,40641,2,0.83007251,0.490227
401,7,20025697,0.93482835,0.01100223,0.0,0.00209119,0.00052209,0.98621842,0.0001543,1.176e-05,57487,6,0.10236312,0.9875914
401,8,20025698,0.94422136,0.01646375,0.0,0.00209849,0.0005781,0.98069836,0.00015485,6.44e-06,6111,6,0.11988332,0.9895947
401,9,20025699,0.943587,0.01627456,0.0,0.00210138,0.00059731,0.98086516,0.0001549,6.69e-06,55263,6,0.08957108,0.9895966
401,10,20025700,0.943123,0.01652423,0.0,0.00210095,0.0005985,0.9806161,0.00015461,5.61e-06,39263,6,0.1152848,0.9895885
402,1,20025721,0.98523649,0.02557327,0.39223615,0.0,0.0022965,0.0,0.000377,0.57951707,44845,7,0.42637321,2.3612316
402,2,20025722,0.98483456,0.02743921,0.38162746,0.0,0.00272019,0.0,0.00037197,0.58784117,48941,7,0.22668509,2.3612326
402,3,20025723,0.98494259,0.02658055,0.38218508,0.0,0.00231158,0.0,0.00036994,0.58855285,48941,7,0.31097069,2.3612326
402,4,20025724,0.98513723,0.02595427,0.39194903,0.0,0.00232468,0.0,0.00038378,0.57938823,44845,7,0.36658885,2.3612316
402,5,20025725,0.98456855,0.02766545,0.3783663,0.0,0.00230532,0.0,0.00036371,0.59129923,48941,7,0.28683667,2.3612326
402,6,20025726,0.98257564,0.03449524,0.37966871,0.0,0.00247142,0.0,0.00044724,0.58291739,53037,7,0.49910555,2.3612316
402,7,20025727,0.98471964,0.02678568,0.39165913,0.0,0.00303768,0.0,0.00040614,0.57811138,48941,7,0.35564576,2.3612326
402,8,20025728,0.98517765,0.02552395,0.38403028,0.0,0.00227283,0.0,0.0003687,0.58780424,48941,7,0.45940876,2.3612326
402,9,20025729,0.98214908,0.03517231,0.37913339,0.0,0.00272319,0.0,0.00047913,0.58249198,53037,7,0.26882139,2.3612316
402,10,20025730,0.98446427,0.02804337,0.38311764,0.0,0.00235741,0.0,0.00037604,0.58610555,44845,7,0.18583204,2.3612316
403,1,20025751,0.96624039,0.05847612,0.45346161,0.0,0.01589974,0.0,0.0054765,0.46668602,19212,7,0.0588843,2.4759664
403,2,20025752,0.9656856,0.05780068,0.46039294,0.0,0.01762284,0.0,0.00474698,0.45943657,19202,7,0.03772972,2.4759654
403,3,20025753,0.96854679,0.05790166,0.44115827,0.0,0.01479025,0.0,0.00360104,0.48254878,51980,4,0.03775779,2.4769589
403,4,20025754,0.96757162,0.05908398,0.44034875,0.0,0.01776905,0.0,0.00376482,0.4790334,23306,7,0.04832216,2.4769587
403,5,20025755,0.96217626,0.06599898,0.44980131,0.0,0.0209615,0.0,0.00495481,0.45828339,19212,7,0.03434635,2.4759664
403,6,20025756,0.96590969,0.05975146,0.454467,0.0,0.01716316,0.0,0.0040286,0.46458977,23308,7,0.05481515,2.4769587
403,7,20025757,0.96498197,0.06106541,0.44716521,0.0,0.01851521,0.0,0.00480399,0.46845018,19211,7,0.06593607,2.4769589
403,8,20025758,0.96237872,0.06805823,0.43243954,0.0,0.0234261,0.0,0.00525785,0.47081828,19202,7,0.03431783,2.4759654
403,9,20025759,0.96276457,0.06611575,0.43926601,0.0,0.02399892,0.0,0.00476955,0.46584977,23307,7,0.03056531,2.4774557
403,10,20025760,0.96490587,0.06354655,0.44242627,0.0,0.0189255,0.0,0.004557,0.47054468,19212,7,0.04124419,2.4759664
404,1,20025781,0.94147695,0.01184806,0.0,0.00221656,0.00155703,0.01098989,0.0,0.97338846,32735,7,0.12368109,0.989334
404,2,20025782,0.94291517,0.011956,0.0,0.0022167,0.0014968,0.0698948,0.0,0.9144357,61407,7,0.10173525,0.989333
404,3,20025783,0.94003877,0.01156839,0.0,0.00221673,0.00154951,0.08135603,0.0,0.90330935,49119,7,0.05532217,0.989334
404,4,20025784,0.94118772,0.01178654,0.0,0.00221653,0.00152732,0.0614667,0.0,0.92300291,14303,7,0.04983731,0.9893339
404,5,20025785,0.94064098,0.01172906,0.0,0.00221667,0.00152759,0.02880196,0.0,0.95572471,57311,7,0.09731119,0.989334
404,6,20025786,0.94024954,0.01167988,0.0,0.00221752,0.00154539,0.03294438,0.0,0.95161282,32735,7,0.14475569,0.989334
404,7,20025787,0.94243937,0.01189824,0.0,0.00221607,0.00152397,0.04068749,0.0,0.94367423,48991,7,0.08612372,0.989334
404,8,20025788,0.94227859,0.01195773,0.0,0.00221691,0.00154179,0.02076881,0.0,0.96351476,59359,7,0.06901599,0.989333
404,9,20025789,0.94123703,0.01174174,0.0,0.00221685,0.00155783,0.02609027,0.0,0.95839332,14303,7,0.08655417,0.9893339
404,10,20025790,0.94156836,0.0118536,0.0,0.00221677,0.00154061,0.04573205,0.0,0.93865697,47071,7,0.07818045,0.9893339
405,1,20025811,0.98265661,0.02392218,0.00075048,0.0,0.0014829,0.77627638,0.0,0.19756807,57132,6,0.13013393,5.6389675
405,2,20025812,0.95805986,0.18141743,0.09543532,0.0,0.00138337,0.57845228,0.0,0.1433116,47867,4,0.08849812,5.6304697
405,3,20025813,0.98327889,0.02164542,0.00068053,0.0,0.00149356,0.8191674,0.0,0.1570131,44844,6,0.09285994,5.638636
405,4,20025814,0.98328274,0.02171209,0.0006786,0.0,0.00151605,0.78073197,0.0,0.1953613,44844,6,0.11789943,5.638636
405,5,20025815,0.98262486,0.02397855,0.00075633,0.0,0.00149994,0.79362956,0.0,0.18013563,57132,6,0.08876844,5.6389675
405,6,20025816,0.88876593,0.61787226,0.38047315,0.0,0.00121527,0.00042486,0.0,1.445e-05,45759,0,0.35176802,4.1013218
405,7,20025817,0.98299004,0.01994739,0.00061763,0.0,0.00128445,0.97803766,0.0,0.00011287,48668,6,0.19399698,5.638977
405,8,20025818,0.98261377,0.02393464,0.00075804,0.0,0.00149232,0.79092276,0.0,0.18289223,57100,6,0.06998187,5.638977
405,9,20025819,0.88907454,0.61591334,0.38248852,0.0,0.0011616,0.00042208,0.0,1.445e-05,45759,0,0.26535227,4.1013218
405,10,20025820,0.98263312,0.02393779,0.00077078,0.0,0.00147719,0.78331809,0.0,0.19049615,53036,6,0.09995183,5.638636
406,1,20025841,0.76444844,0.02540062,0.05150641,0.03305418,0.00489104,0.73020824,0.15474542,0.00019409,32843,6,0.09991368,0.9894847
406,2,20025842,0.76025981,0.02447498,0.04719076,0.02468909,0.00780791,0.73435173,0.16120271,0.00028283,6095,6,0.18292412,0.985995
406,3,20025843,0.72153444,0.02081098,0.02734646,0.02005137,0.00664217,0.71924481,0.20589918,5.05e-06,32777,6,0.08583991,0.9894912
406,4,20025844,0.77983329,0.02205224,0.0354954,0.02111695,0.01126172,0.77064352,0.13929146,0.00013872,32779,6,0.11107675,0.9894912
406,5,20025845,0.80707864,0.02018399,0.03102218,0.01532471,0.00524469,0.80701314,0.12073061,0.00048067,36879,6,0.10936044,0.9894922
406,6,20025846,0.75937516,0.02508739,0.0385136,0.02619619,0.00698011,0.74085186,0.1623504,2.044e-05,22479,6,0.13092007,0.9869765
406,7,20025847,0.79349892,0.02165915,0.02721564,0.02104628,0.00567062,0.79324165,0.13115662,1.004e-05,32843,6,0.09899542,0.9894847
406,8,20025848,0.78897894,0.02049619,0.01454351,0.02633948,0.0047028,0.80207524,0.13178053,6.226e-05,36937,6,0.22835411,0.9894857
406,9,20025849,0.79415019,0.01744011,0.01705183,0.01350133,0.00507863,0.81140245,0.13493652,0.00058913,32781,6,0.15027756,0.9894912
406,10,20025850,0.90848311,0.0177577,0.05638799,0.00359433,0.00168974,0.88641994,0.03414277,7.54e-06,6095,6,0.317344,0.985995
407,1,20025871,0.98037097,0.01375032,0.00411534,0.0,0.00180299,0.00659748,0.0,0.97373387,60927,7,0.07015607,0.9967617
407,2,20025872,0.98037242,0.01374871,0.00401998,0.0,0.00179955,0.00567483,0.0,0.97475692,52735,7,0.08212358,0.9967617
407,3,20025873,0.98039078,0.01374417,0.00407704,0.0,0.00182279,0.00524865,0.0,0.97510735,24575,7,0.08517125,0.9967659
407,4,20025874,0.98037486,0.01375406,0.0040188,0.0,0.00180667,0.00661654,0.0,0.97380392,53119,7,0.05704841,0.9967649
407,5,20025875,0.98038757,0.01374162,0.00402152,0.0,0.00181875,0.00741597,0.0,0.97300214,59391,7,0.07812676,0.9967649
407,6,20025876,0.98038977,0.01372086,0.00409799,0.0,0.00180145,0.00564054,0.0,0.97473916,53247,7,0.07739328,0.9967649
407,7,20025877,0.98036942,0.01375102,0.00422008,0.0,0.00180773,0.00566059,0.0,0.97456058,53247,7,0.08972473,0.9967649
407,8,20025878,0.98037542,0.01376853,0.0040342,0.0,0.00181846,0.00630467,0.0,0.97407414,63487,7,0.07472555,0.9967659
407,9,20025879,0.98036847,0.01375407,0.00413769,0.0,0.00179117,0.0085468,0.0,0.97177027,30207,7,0.10854486,0.9967627
407,10,20025880,0.98037849,0.01374424,0.00405079,0.0,0.0017947,0.00532888,0.0,0.97508139,55295,7,0.11445035,0.9967659
408,1,20025901,0.98434018,0.0205781,0.00084588,0.0,0.00197903,0.80803708,0.0,0.1685599,56074,6,0.12624279,4.938155
408,2,20025902,0.98238676,0.02544778,0.00107433,0.0,0.00221523,0.84622727,0.0,0.12503538,56076,6,0.11582294,4.938155
408,3,20025903,0.98234918,0.0256313,0.0011216,0.0,0.00221503,0.8447442,0.0,0.12628788,56076,6,0.14271046,4.938155
408,4,20025904,0.98513141,0.01535351,0.01972691,0.0,0.00075779,0.96414947,0.0,1.232e-05,8436,6,0.52121985,4.9368398
408,5,20025905,0.98241527,0.0256546,0.0011031,0.0,0.00235946,0.85702093,0.0,0.11386191,51980,6,0.13097448,4.9378235
408,6,20025906,0.98426143,0.02068157,0.00086212,0.0,0.00210552,0.82851649,0.0,0.14783431,51978,6,0.14774075,4.9378235
408,7,20025907,0.98249342,0.02535141,0.00107089,0.0,0.00219881,0.82941708,0.0,0.14196181,51980,6,0.12061072,4.9378235
408,8,20025908,0.98427529,0.0208102,0.00087626,0.0,0.00225211,0.84741475,0.0,0.12864668,51978,6,0.13331396,4.9378235
408,9,20025909,0.98242143,0.02545593,0.00112089,0.0,0.00220903,0.83978483,0.0,0.13142931,51972,6,0.09598331,4.937492
408,10,20025910,0.98242569,0.02540254,0.00108442,0.0,0.00220505,0.83654166,0.0,0.13476632,51980,6,0.12551571,4.9378235
409,1,20025931,0.93736047,0.01437989,0.0,0.00207972,0.00052394,0.98285822,0.00015328,4.95e-06,51167,6,0.12708916,0.9880419
409,2,20025932,0.93720896,0.01436932,0.0,0.0020789,0.00052248,0.98287013,0.00015378,5.39e-06,40799,6,0.09480356,0.988043
409,3,20025933,0.93746462,0.01418027,0.0,0.00207939,0.00050537,0.98307637,0.0001532,5.4e-06,8031,6,0.11309211,0.988041
409,4,20025934,0.93609108,0.01408782,0.0,0.00207954,0.00051546,0.98315916,0.00015313,4.89e-06,44895,6,0.10661914,0.9880419
409,5,20025935,0.93715813,0.01391238,0.0,0.00207928,0.00049554,0.98335478,0.00015321,4.81e-06,62879,6,0.16672648,0.9880389
409,6,20025936,0.9370662,0.01410707,0.0,0.0020801,0.00048685,0.98316803,0.00015276,5.19e-06,56735,6,0.18373058,0.9880152
409,7,20025937,0.93684223,0.014247,0.0,0.00207999,0.00052843,0.98298668,0.00015299,4.92e-06,47071,6,0.08357689,0.9880429
409,8,20025938,0.93669247,0.01424502,0.0,0.00207964,0.00051599,0.98300126,0.00015273,5.34e-06,52639,6,0.07016102,0.9880142
409,9,20025939,0.93672661,0.01439481,0.0,0.00208061,0.0005245,0.98284218,0.00015272,5.17e-06,51167,6,0.0982981,0.9880419
409,10,20025940,0.9375279,0.01431932,0.0,0.002079,0.00052522,0.98291842,0.00015314,4.9e-06,45023,6,0.13864764,0.988042
410,1,20025961,0.98245037,0.02723246,0.00166251,0.0,0.0025341,0.6947045,0.00010934,0.2737571,53004,6,0.11379786,4.1037634
410,2,20025962,0.98468285,0.02161672,0.00121324,0.0,0.00222976,0.68724573,0.00010751,0.28758704,48940,6,0.1840977,4.1040883
410,3,20025963,0.98252145,0.0267411,0.00165881,0.0,0.00227935,0.69211215,0.00010751,0.27710109,57132,6,0.10304519,4.1040883
410,4,20025964,0.98450949,0.02207933,0.00124461,0.0,0.00248068,0.69136056,0.00010782,0.28272701,44844,6,0.13271255,4.1037568
410,5,20025965,0.98252436,0.0268308,0.00165105,0.0,0.00230383,0.68951865,0.00010852,0.27958715,57132,6,0.11823336,4.1040883
410,6,20025966,0.98244612,0.02756096,0.00174373,0.0,0.0029786,0.73353969,0.00011434,0.23406269,57132,6,0.10882016,4.1040883
410,7,20025967,0.982601,0.02677928,0.0016373,0.0,0.00214844,0.670437,0.00010578,0.2988922,57132,6,0.13621273,4.1040883
410,8,20025968,0.98468611,0.02160087,0.00121926,0.0,0.00202477,0.67535211,0.00010548,0.29969751,48940,6,0.18529465,4.1040883
410,9,20025969,0.98469407,0.02190541,0.00124825,0.0,0.00227604,0.68313463,0.00010688,0.29132878,48940,6,0.16467819,4.1040883
410,10,20025970,0.98254217,0.02712743,0.00167499,0.0,0.00263038,0.70345596,0.00010993,0.2650013,53036,6,0.12553433,4.1037568
411,1,20025991,0.98174654,0.02823207,0.03324794,0.0,0.00084292,0.0,0.00011019,0.93756689,23183,7,0.93672893,0.9950986
411,2,20025992,0.98175706,0.02823768,0.03305412,0.0,0.00083967,0.0,0.00011165,0.93775687,23183,7,0.93639857,0.9950986
411,3,20025993,0.98175535,0.02821995,0.03282173,0.0,0.00083742,0.0,0.00010999,0.9380109,23183,7,0.93697812,0.9950986
411,4,20025994,0.98174297,0.02832616,0.03361314,0.0,0.00083871,0.0,0.00010927,0.93711272,23183,7,0.93650866,0.9950986
411,5,20025995,0.98176737,0.02830562,0.03237181,0.0,0.00083451,0.0,0.00010972,0.93837835,23183,7,0.93705173,0.9950986
411,6,20025996,0.98162718,0.02867822,0.03473772,0.0,0.00085157,0.0,0.00011192,0.93562058,23183,7,0.81854553,0.9950986
411,7,20025997,0.98172226,0.02845452,0.03385195,0.0,0.00084101,0.0,0.00011055,0.93674196,23183,7,0.93603493,0.9950986
411,8,20025998,0.98175769,0.02846582,0.03289767,0.0,0.00082759,0.0,0.00010979,0.93769913,23183,7,0.93695141,0.9950986
411,9,20025999,0.98175121,0.02829778,0.03308107,0.0,0.00082977,0.0,0.00010891,0.93768247,23183,7,0.9370152,0.9950986
411,10,20026000,0.98170898,0.02833237,0.03424588,0.0,0.00084554,0.0,0.00011128,0.93646493,23183,7,0.9358718,0.9950986
412,1,20026021,0.94733188,0.0124187,0.0,0.00057445,0.00144826,0.02111008,0.0,0.9644485,30207,7,0.15539375,0.9911543
412,2,20026022,0.94732745,0.01242106,0.0,0.00057431,0.00145119,0.00989797,0.0,0.97565548,55167,7,0.0620143,0.9911577
412,3,20026023,0.94747714,0.01244111,0.0,0.00057452,0.00144171,0.0093442,0.0,0.97619846,24447,7,0.09597068,0.9911631
412,4,20026024,0.94735307,0.01245153,0.0,0.00057409,0.00145242,0.00917105,0.0,0.97635091,65535,7,0.09470639,0.9911631
412,5,20026025,0.94739412,0.01243139,0.0,0.00057392,0.00145885,0.01160755,0.0,0.97392829,61439,7,0.0706413,0.9911621
412,6,20026026,0.94743023,0.01245815,0.0,0.00057452,0.00146038,0.0226828,0.0,0.96282414,22527,7,0.14620899,0.9911631
412,7,20026027,0.94735978,0.01243241,0.0,0.00057454,0.00146492,0.01201437,0.0,0.97351375,57215,7,0.08008167,0.9911631
412,8,20026028,0.94723814,0.01242523,0.0,0.0005748,0.00146214,0.02191908,0.0,0.96361876,36351,7,0.064135,0.9911533
412,9,20026029,0.94747342,0.01242764,0.0,0.00057446,0.00146574,0.01142853,0.0,0.97410363,55167,7,0.06951898,0.9911577
412,10,20026030,0.94736463,0.01243403,0.0,0.00057447,0.00145578,0.0084888,0.0,0.97704691,63359,7,0.07145367,0.9911631
413,1,20026051,0.98269298,0.02325287,0.00077564,0.0,0.00134722,0.86132268,0.0,0.11330159,53004,6,0.08376755,6.1186611
413,2,20026052,0.9821843,0.02137407,0.00069994,0.0,0.00119795,0.97665742,0.0,7.063e-05,47874,6,0.0921185,6.1186495
413,3,20026053,0.98219599,0.02140636,0.00070576,0.0,0.00119699,0.97662352,0.0,6.737e-05,43786,6,0.06335628,6.1186495
413,4,20026054,0.98208882,0.02294352,0.00081104,0.0,0.00120389,0.97497264,0.0,6.891e-05,44812,6,0.05834128,6.1186611
413,5,20026055,0.98189883,0.02113434,0.00046703,0.0,0.00101106,0.97733631,0.0,5.126e-05,44572,6,0.16876212,6.1186611
413,6,20026056,0.98271039,0.02339791,0.00078795,0.0,0.00139895,0.88036444,0.0,0.09405076,56076,6,0.08923194,6.118981
413,7,20026057,0.9830098,0.02136203,0.00069495,0.0,0.00134342,0.85362433,0.0,0.12297527,56074,6,0.07968973,6.118981
413,8,20026058,0.98220386,0.02146045,0.00071235,0.0,0.00119272,0.97656394,0.0,7.055e-05,47882,6,0.06611552,6.118981
413,9,20026059,0.98242419,0.02097202,0.00072983,0.0,0.0012759,0.9768883,0.0,0.00013395,55180,6,0.18365933,6.1189925
413,10,20026060,0.98271098,0.02326986,0.00078749,0.0,0.00132941,0.88586222,0.0,0.08875102,51980,6,0.09816251,6.1186495
414,1,20026081,0.92532635,0.00836822,0.0,0.00131421,0.00029158,0.98986833,0.00015589,1.76e-06,32845,6,0.27582839,0.9862132
414,2,20026082,0.93548528,0.01321434,0.0,0.00153313,0.00052013,0.98455306,0.00017483,4.51e-06,33247,6,0.29978866,0.9901892
414,3,20026083,0.93552474,0.01415213,0.0,0.0015703,0.00065127,0.98343588,0.00018423,6.19e-06,33247,6,0.36091383,0.9901892
414,4,20026084,0.93581514,0.0132121,0.0,0.00153153,0.00049907,0.98458416,0.00016949,3.65e-06,37151,6,0.38746546,0.9902
414,5,20026085,0.92585528,0.0085795,0.0,0.0013164,0.00037562,0.98956893,0.00015656,3e-06,32843,6,0.30297777,0.9862132
414,6,20026086,0.93549621,0.01288085,0.0,0.00152327,0.00045924,0.98496223,0.00017112,3.28e-06,33183,6,0.39543912,0.9901989
414,7,20026087,0.93513353,0.01343182,0.0,0.00155296,0.0005676,0.98426088,0.00018203,4.7e-06,33183,6,0.59442584,0.9901989
414,8,20026088,0.9358812,0.01231154,0.0,0.00149468,0.00036296,0.98566962,0.00015952,1.68e-06,33055,6,0.47412931,0.990199
414,9,20026089,0.93884505,0.00979594,0.0,0.00142789,0.00035615,0.98825936,0.00015741,3.25e-06,6105,6,0.75088832,0.9881624
414,10,20026090,0.93510809,0.01278798,0.0,0.00153497,0.00047836,0.98502076,0.0001739,4.03e-06,33183,6,0.41631961,0.9901989
415,1,20026111,0.99057613,0.03207445,0.00665707,0.0,0.0023091,0.0,0.00041101,0.95854837,48909,7,0.63394264,1.3165816
415,2,20026112,0.9907782,0.03154916,0.00402914,0.0,0.0022336,0.0,0.00040275,0.96178534,44845,7,0.90227276,1.31658
415,3,20026113,0.98914865,0.0372452,0.00420619,0.0,0.00259689,0.0,0.00041624,0.95553549,57261,7,0.35032275,1.315956
415,4,20026114,0.99071811,0.03167782,0.0049366,0.0,0.002298,0.0,0.00040452,0.96068306,44845,7,0.72554533,1.31658
415,5,20026115,0.98891498,0.03845541,0.00466545,0.0,0.00256629,0.0,0.00042195,0.9538909,57133,7,0.47222137,1.316581
415,6,20026116,0.99076106,0.0307648,0.0045967,0.0,0.0022875,0.0,0.00040245,0.96194854,48941,7,0.42241062,1.316581
415,7,20026117,0.98877889,0.04021617,0.0045764,0.0,0.0025141,0.0,0.00042436,0.95226897,53037,7,0.51292702,1.31658
415,8,20026118,0.99082022,0.02969381,0.00382411,0.0,0.00229006,0.0,0.00039799,0.96379403,48941,7,0.93368072,1.316581
415,9,20026119,0.98922457,0.03709231,0.00426985,0.0,0.0025532,0.0,0.00041609,0.95566856,57261,7,0.43484321,1.315956
415,10,20026120,0.98881187,0.03910137,0.00435351,0.0,0.00251898,0.0,0.00041909,0.95360705,57133,7,0.92267017,1.316581
416,1,20026141,0.98408681,0.02346694,0.01240103,0.0,0.00432347,0.78036775,9.217e-05,0.17934864,51970,6,0.09469172,3.7265132
416,2,20026142,0.98445371,0.02247982,0.01071797,0.0,0.00432392,0.76459727,8.859e-05,0.19779243,51970,6,0.12630366,3.7265132
416,3,20026143,0.98402827,0.02408851,0.0127092,0.0,0.00534392,0.8048857,9.789e-05,0.15287479,51978,6,0.15637995,3.7268447
416,4,20026144,0.98306244,0.02658932,0.02157242,0.0,0.00511159,0.77544263,0.00010644,0.17117761,56074,6,0.09795068,3.7271762
416,5,20026145,0.98362086,0.02487069,0.02027477,0.0,0.00459013,0.76305365,0.00016745,0.18704332,56074,6,0.11761503,3.7271762
416,6,20026146,0.98367447,0.02499436,0.01690669,0.0,0.00483252,0.77296668,9.301e-05,0.18020675,51978,6,0.08757124,3.7268447
416,7,20026147,0.98386208,0.02399036,0.00999571,0.0,0.00435331,0.77309201,8.955e-05,0.18847906,51970,6,0.12366274,3.7265132
416,8,20026148,0.98397826,0.02377486,0.01588249,0.0,0.00442305,0.76462208,0.00014246,0.19115506,51978,6,0.11080286,3.7268447
416,9,20026149,0.98310947,0.02634751,0.01075332,0.0,0.00402073,0.75059516,8.67e-05,0.20819657,51972,6,0.08485069,3.7265132
416,10,20026150,0.98348128,0.0260237,0.01592151,0.0,0.00477173,0.76118837,9.089e-05,0.1920038,51978,6,0.11589006,3.7268447
417,1,20026171,0.93517447,0.01204314,0.0,0.00222436,0.00152806,0.02618954,0.0,0.9580149,65503,7,0.07762189,0.9877266
417,2,20026172,0.93539239,0.01214741,0.0,0.00222238,0.00150649,0.10683431,0.0,0.87728942,61407,7,0.11763718,0.9877256
417,3,20026173,0.9347055,0.01204439,0.0,0.00222406,0.00151959,0.08556163,0.0,0.89865032,40927,7,0.09210998,0.9877266
417,4,20026174,0.93567803,0.01218481,0.0,0.00222418,0.00151197,0.01290957,0.0,0.97116946,42975,7,0.10268023,0.9877255
417,5,20026175,0.93552317,0.01209022,0.0,0.00222356,0.00152245,0.05081144,0.0,0.93335233,43999,7,0.10044032,0.9877236
417,6,20026176,0.93473629,0.01195675,0.0,0.0022234,0.00150855,0.0907174,0.0,0.8935939,43999,7,0.1068499,0.9877236
417,7,20026177,0.93469363,0.01193367,0.0,0.00222362,0.00153231,0.05606228,0.0,0.92824813,24543,7,0.09025851,0.9877266
417,8,20026178,0.9352878,0.01213735,0.0,0.00222296,0.00149586,0.02103655,0.0,0.96310727,42975,7,0.14930694,0.9877255
417,9,20026179,0.93467262,0.01201684,0.0,0.00222292,0.00154168,0.02750821,0.0,0.95671036,30687,7,0.15319229,0.9877266
417,10,20026180,0.93436999,0.01194612,0.0,0.00222355,0.00153474,0.04446966,0.0,0.93982593,47071,7,0.11312301,0.9877265
418,1,20026201,0.98392127,0.02075171,0.00073652,0.0,0.00158544,0.75299459,0.0,0.22393174,44844,6,0.09344512,5.5637401
418,2,20026202,0.98391363,0.02079878,0.00073625,0.0,0.00156734,0.74799145,0.0,0.22890617,44844,6,0.11182508,5.5637401
418,3,20026203,0.98390153,0.02067502,0.00073892,0.0,0.0015774,0.75454667,0.0,0.22246199,48940,6,0.10371091,5.5640716
418,4,20026204,0.98230801,0.02258637,0.00062218,0.0,0.00140096,0.97491718,0.0,0.0004733,51084,6,0.19322875,5.5637496
418,5,20026205,0.98397983,0.02066956,0.00073248,0.0,0.00160638,0.75448009,0.0,0.22251149,44836,6,0.13075927,5.5634086
418,6,20026206,0.98386373,0.02065973,0.00073209,0.0,0.00155607,0.76468425,0.0,0.21236785,48932,6,0.08292829,5.5637401
418,7,20026207,0.98284066,0.02365092,0.0008571,0.0,0.00157576,0.73946221,0.0,0.23445401,53036,6,0.14402752,5.5637401
418,8,20026208,0.98325532,0.01952812,0.00049399,0.0,0.0012639,0.97837124,0.0,0.00034276,46988,6,0.21976517,5.564081
418,9,20026209,0.9839415,0.02077105,0.00073798,0.0,0.00160643,0.75180659,0.0,0.22507793,44844,6,0.13562365,5.5637401
418,10,20026210,0.98281066,0.02349883,0.00084328,0.0,0.00150469,0.73824198,0.0,0.23591121,57132,6,0.13089633,5.5640716
419,1,20026231,0.74203633,0.03853051,0.03354857,0.00020518,0.0171688,0.71358159,0.19577016,0.0011952,6095,6,0.41736135,0.9896892
419,2,20026232,0.50423747,0.04672522,0.03856192,0.00038534,0.040013,0.46545018,0.40568226,0.0031821,6095,6,0.17356573,0.9896892
419,3,20026233,0.5367522,0.04488546,0.03751495,0.00040955,0.04705304,0.50258103,0.3665809,0.00097506,6095,6,0.22553629,0.9896892
419,4,20026234,0.67838051,0.04252619,0.03892632,0.00019854,0.0234949,0.64277424,0.24924024,0.00283958,6095,6,0.26350079,0.9896892
419,5,20026235,0.67154504,0.03947337,0.04272044,0.0002461,0.02370341,0.63346944,0.25908436,0.00130288,6087,6,0.2729944,0.9894394
419,6,20026236,0.61959107,0.04300416,0.0374137,0.00023684,0.04222478,0.58705805,0.28912937,0.00093309,6095,6,0.33617671,0.9896892
419,7,20026237,0.77803967,0.04044307,0.04212269,0.00020339,0.01794086,0.74089922,0.15680893,0.00158184,6095,6,0.42975151,0.9896892
419,8,20026238,0.88478141,0.03178567,0.03515391,5.406e-05,0.00529194,0.8583662,0.06856937,0.00077885,6095,6,0.7529165,0.9896892
419,9,20026239,0.66631583,0.04021692,0.03416567,0.0003114,0.02630896,0.63698274,0.26043375,0.00158057,6095,6,0.43163716,0.9896892
419,10,20026240,0.61431117,0.0416128,0.04196326,0.00036052,0.0443432,0.57686545,0.29397531,0.00087946,6087,6,0.16826873,0.9894394
420,1,20026261,0.9648594,0.01297051,0.00295735,0.0,0.00147859,0.00538948,0.0,0.97720408,53247,7,0.09245794,0.9941601
420,2,20026262,0.96488069,0.01297386,0.00289837,0.0,0.00146842,0.01310171,0.0,0.96955764,63487,7,0.16542445,0.9941611
420,3,20026263,0.96497437,0.0129704,0.00295625,0.0,0.00147969,0.01822018,0.0,0.96437348,57215,7,0.09001038,0.9941611
420,4,20026264,0.96494548,0.01295972,0.0028695,0.0,0.00147661,0.00511362,0.0,0.97758055,36735,7,0.11778421,0.9941601
420,5,20026265,0.96489215,0.01297076,0.00295782,0.0,0.00148278,0.00645126,0.0,0.97613739,47103,7,0.13293372,0.9941611
420,6,20026266,0.9648875,0.0129655,0.00293367,0.0,0.00145794,0.01057928,0.0,0.97206361,32767,7,0.07636218,0.9941611
420,7,20026267,0.96492006,0.01296648,0.00295719,0.0,0.00147011,0.01260242,0.0,0.97000379,61439,7,0.10320528,0.9941601
420,8,20026268,0.96496225,0.01295376,0.00287242,0.0,0.0014732,0.00544145,0.0,0.97725918,30719,7,0.07531507,0.9941611
420,9,20026269,0.96490687,0.01298739,0.00312553,0.0,0.00148066,0.0087442,0.0,0.97366222,30719,7,0.13026193,0.9941611
420,10,20026270,0.96482134,0.01299378,0.00308482,0.0,0.00147557,0.00533683,0.0,0.977109,60927,7,0.11702521,0.9941543
421,1,20026291,0.98037562,0.02501321,0.00081608,0.0,0.0015824,0.97251101,0.0,7.731e-05,43788,6,0.09176773,5.9333551
421,2,20026292,0.98274385,0.02355649,0.00073557,0.0,0.00164321,0.85487679,0.0,0.11918794,56076,6,0.15447457,5.9336866
421,3,20026293,0.98406907,0.02006295,0.00059164,0.0,0.00157088,0.83346502,0.0,0.14430951,51978,6,0.14841121,5.9333551
421,4,20026294,0.98406194,0.01999313,0.00059199,0.0,0.00152015,0.81633258,0.0,0.16156215,56074,6,0.11552785,5.9336866
421,5,20026295,0.98405891,0.01993278,0.00058175,0.0,0.00155014,0.82132389,0.0,0.15661144,51970,6,0.11320261,5.9330236
421,6,20026296,0.98033312,0.02495671,0.000782,0.0,0.00151814,0.97266728,0.0,7.587e-05,43788,6,0.10620432,5.9333551
421,7,20026297,0.98279769,0.02329904,0.00071516,0.0,0.00156244,0.82997649,0.0,0.14444688,51980,6,0.1167584,5.9333551
421,8,20026298,0.98403774,0.02014012,0.00058758,0.0,0.0015796,0.83408223,0.0,0.14361046,56074,6,0.1225098,5.9336866
421,9,20026299,0.98406588,0.02015567,0.00059479,0.0,0.00157982,0.83387118,0.0,0.14379853,56074,6,0.1034394,5.9336866
421,10,20026300,0.98167349,0.02163818,0.000621,0.0,0.00148849,0.97617786,0.0,7.447e-05,43786,6,0.10185325,5.9333551
422,1,20026321,0.9241997,0.0103997,0.0,0.00208138,0.00040208,0.98695658,0.00015364,6.62e-06,34511,6,0.17739289,0.983653
422,2,20026322,0.93447057,0.01502197,0.0,0.00209196,0.00054516,0.98218132,0.00015414,5.46e-06,23519,6,0.11800678,0.987708
422,3,20026323,0.93515723,0.01534127,0.0,0.00209368,0.00056828,0.98183667,0.00015405,6.04e-06,8159,6,0.08444605,0.987709
422,4,20026324,0.93518741,0.01513611,0.0,0.00209153,0.00055123,0.9820615,0.00015434,5.29e-06,24543,6,0.17573179,0.987711
422,5,20026325,0.92457223,0.0108048,0.0,0.00208326,0.00041035,0.98654222,0.00015347,5.9e-06,40175,6,0.28342198,0.9837507
422,6,20026326,0.93568463,0.01502718,0.0,0.00209088,0.00053427,0.98218777,0.00015444,5.46e-06,8159,6,0.16870348,0.987709
422,7,20026327,0.93515944,0.01489121,0.0,0.00209174,0.00053812,0.98231914,0.00015421,5.59e-06,23391,6,0.12951835,0.9876958
422,8,20026328,0.93508418,0.01469784,0.0,0.00209097,0.00053656,0.98251533,0.00015443,4.86e-06,8159,6,0.1732407,0.987709
422,9,20026329,0.93458983,0.01513646,0.0,0.00209378,0.00055979,0.98205019,0.00015405,5.73e-06,65503,6,0.06312149,0.987711
422,10,20026330,0.92555001,0.00835907,0.0,0.00208387,0.00030433,0.98909705,0.00015446,1.22e-06,6105,6,0.380162,0.9856652
423,1,20026351,0.97403967,0.04505627,0.48256993,0.0,0.01541553,0.00079929,0.00161089,0.45454809,44845,7,0.08074355,3.3407141
423,2,20026352,0.97404472,0.0473319,0.49315774,0.0,0.01433272,0.0015953,0.00140179,0.44218055,44845,7,0.15264036,3.3407141
423,3,20026353,0.97400026,0.04598992,0.50782108,0.0,0.01313952,0.00080735,0.00193807,0.43030405,57133,7,0.09040941,3.3407151
423,4,20026354,0.97286938,0.04824172,0.47501381,0.0,0.01705764,0.00037671,0.0015769,0.45773322,53037,7,0.11587805,3.3407141
423,5,20026355,0.97484413,0.0450747,0.49371076,0.0,0.01413859,0.00150374,0.00138212,0.4441901,57133,7,0.09048764,3.3407151
423,6,20026356,0.97603041,0.04045771,0.51775557,0.0,0.01169782,0.00032866,0.00134949,0.42841074,44845,7,0.07993987,3.3407141
423,7,20026357,0.97289403,0.04750961,0.49104569,0.0,0.01636352,0.0009168,0.00218251,0.44198186,44845,7,0.09948803,3.3407141
423,8,20026358,0.97281356,0.04972228,0.5231124,0.0,0.01426241,0.00021823,0.00190687,0.4107778,44845,7,0.06291126,3.3407141
423,9,20026359,0.97287475,0.04845804,0.50080571,0.0,0.01387623,0.00103859,0.00180079,0.43402064,53037,7,0.08404891,3.3407141
423,10,20026360,0.97199061,0.05465226,0.49953736,0.0,0.01707433,0.00143017,0.00216299,0.42514289,48941,7,0.08368455,3.3407151
424,1,20026381,0.9794631,0.03623729,0.3882193,0.0,0.0051887,0.0,0.00125804,0.56909667,19212,7,0.07395998,1.9784438
424,2,20026382,0.97955082,0.03553902,0.39790395,0.0,0.0069288,0.0,0.00093021,0.55869802,19212,7,0.06778457,1.9784438
424,3,20026383,0.97975975,0.03372688,0.40670401,0.0,0.00454378,0.0,0.00089676,0.55412858,51970,4,0.0674162,1.9791048
424,4,20026384,0.98027797,0.03679462,0.37276424,0.0,0.00608111,0.0,0.0003838,0.58397624,51970,4,0.08123936,1.9791048
424,5,20026385,0.97859563,0.04032768,0.36692066,0.0,0.00857559,0.0,0.00082876,0.58334733,19212,7,0.10572031,1.9784438
424,6,20026386,0.97967542,0.03663017,0.38386564,0.0,0.00599415,0.0,0.00080709,0.57270295,19204,7,0.09347839,1.9784428
424,7,20026387,0.97984271,0.03426396,0.40345339,0.0,0.0048479,0.0,0.00081382,0.55662094,19210,7,0.07986482,1.9784438
424,8,20026388,0.97914679,0.03971802,0.37248874,0.0,0.00928082,0.0,0.00057196,0.57794047,19204,7,0.08918345,1.9784428
424,9,20026389,0.97958377,0.03916219,0.38349059,0.0,0.00713366,0.0,0.00050864,0.56970493,19212,7,0.09058847,1.9784438
424,10,20026390,0.97888456,0.03914807,0.39023377,0.0,0.00670452,0.0,0.00104215,0.56287148,19212,7,0.0918056,1.9784438
425,1,20026411,0.93422993,0.01112043,0.0,0.00192113,0.00143151,0.01143092,0.0,0.97409601,36735,7,0.08816486,0.9888207
425,2,20026412,0.93416453,0.01107165,0.0,0.00192155,0.00142185,0.02710415,0.0,0.95848081,49023,7,0.07441118,0.9888217
425,3,20026413,0.93511872,0.01120551,0.0,0.0019227,0.00142343,0.01930801,0.0,0.96614035,8063,7,0.06685989,0.9888207
425,4,20026414,0.93472379,0.0111156,0.0,0.00192304,0.00143637,0.01399174,0.0,0.97153325,40959,7,0.06810347,0.9888217
425,5,20026415,0.93437851,0.01112316,0.0,0.00192216,0.00142522,0.01664771,0.0,0.96888175,65503,7,0.05082294,0.9888106
425,6,20026416,0.93491348,0.01112347,0.0,0.00192023,0.00142108,0.03566045,0.0,0.94987477,16351,7,0.0648394,0.9888106
425,7,20026417,0.9352755,0.01117782,0.0,0.0019211,0.00142102,0.01061638,0.0,0.97486368,15871,7,0.06629158,0.9888106
425,8,20026418,0.9343932,0.01108112,0.0,0.00192164,0.00142666,0.0110358,0.0,0.97453478,8063,7,0.07897686,0.9888207
425,9,20026419,0.93494803,0.01116785,0.0,0.00192148,0.00142572,0.01479196,0.0,0.970693,57343,7,0.06145142,0.9888217
425,10,20026420,0.9337656,0.01102092,0.0,0.0019217,0.00141503,0.0224096,0.0,0.96323275,16383,7,0.08498851,0.9888217
426,1,20026441,0.98267093,0.02289546,0.00072145,0.0,0.00134529,0.84806254,0.0,0.12697526,53036,6,0.0731637,6.5334958
426,2,20026442,0.98299202,0.02125698,0.00066397,0.0,0.00133536,0.84735163,0.0,0.12939205,48932,6,0.06742463,6.5334958
426,3,20026443,0.98267099,0.02299661,0.00072214,0.0,0.00138654,0.84245334,0.0,0.13244137,57132,6,0.05761195,6.5338273
426,4,20026444,0.98268487,0.022952,0.00071429,0.0,0.00135358,0.84706019,0.0,0.12791993,53036,6,0.09448127,6.5334958
426,5,20026445,0.98198591,0.01971741,0.00043026,0.0,0.00097933,0.97882754,0.0,4.546e-05,42890,6,0.21826454,6.5335073
426,6,20026446,0.98252571,0.01968096,0.00042313,0.0,0.00104538,0.9787139,0.0,0.00013662,42892,6,0.20360796,6.5335073
426,7,20026447,0.98238708,0.02211873,0.00072479,0.0,0.00116052,0.97593345,0.0,6.251e-05,57130,6,0.071313,6.5338273
426,8,20026448,0.98252961,0.01967523,0.00042251,0.0,0.00103687,0.97872714,0.0,0.00013826,42892,6,0.19167649,6.5335073
426,9,20026449,0.98267594,0.02293115,0.00070946,0.0,0.00135208,0.85395887,0.0,0.12104845,53036,6,0.08009347,6.5334958
426,10,20026450,0.98298441,0.02133968,0.00068218,0.0,0.00137721,0.81878991,0.0,0.15781102,44844,6,0.07516104,6.5334958
427,1,20026471,0.84549135,0.01473936,0.02428348,0.01709925,0.00206595,0.87006163,0.07174701,3.32e-06,32779,6,0.28254277,0.9873615
427,2,20026472,0.88055315,0.01245816,0.01123309,0.01162431,0.00091263,0.92128122,0.0424075,8.309e-05,36873,6,0.14788184,0.9873625
427,3,20026473,0.92555733,0.01096986,0.00557425,0.00015267,0.00043396,0.97910588,0.00375896,4.41e-06,32845,6,0.21786598,0.9873529
427,4,20026474,0.80236955,0.01787287,0.0191033,0.00882629,0.00282019,0.82809061,0.12328,6.74e-06,22479,6,0.22524242,0.9827256
427,5,20026475,0.81388093,0.01401215,0.01407562,0.00879042,0.00154364,0.85082028,0.11054847,0.00020942,36879,6,0.14188841,0.9873625
427,6,20026476,0.78951738,0.01483573,0.01210033,0.01602377,0.00209344,0.82560686,0.12931023,2.964e-05,32777,6,0.45140806,0.9873615
427,7,20026477,0.90438811,0.0126577,0.00679125,0.00807133,0.00101093,0.95237131,0.01903003,6.745e-05,36875,6,0.34912269,0.9873625
427,8,20026478,0.9190811,0.01119765,0.0067476,0.00104859,0.00049183,0.97105972,0.00945247,2.14e-06,36875,6,0.23768798,0.9873625
427,9,20026479,0.90120043,0.01209924,0.02285811,0.00034386,0.00074715,0.93587092,0.02792998,0.00015074,32843,6,0.19490724,0.9873529
427,10,20026480,0.86179346,0.0143908,0.01425392,0.01193953,0.00166231,0.89814253,0.05960703,3.88e-06,36875,6,0.18087332,0.9873625
428,1,20026501,0.98826426,0.01381677,0.0092049,0.0,0.00187059,0.00075539,0.0,0.97435235,61311,7,0.06680289,0.9980956
428,2,20026502,0.98827725,0.01384453,0.00954438,0.0,0.00188995,0.00053172,0.0,0.97418942,65407,7,0.06949075,0.9980966
428,3,20026503,0.98827426,0.01386179,0.00919817,0.0,0.00185925,0.00063006,0.0,0.97445072,24063,7,0.07177295,0.9980947
428,4,20026504,0.98826649,0.01382968,0.0095077,0.0,0.00185715,0.00076836,0.0,0.97403712,44543,7,0.07246714,0.9980937
428,5,20026505,0.98823037,0.01380853,0.00969295,0.0,0.00187651,0.00068218,0.0,0.97393982,61311,7,0.05570726,0.9980956
428,6,20026506,0.98826933,0.01382527,0.00973285,0.0,0.00187803,0.00078101,0.0,0.97378284,65535,7,0.15216522,0.9980966
428,7,20026507,0.98823178,0.01380441,0.00929006,0.0,0.00187033,0.00093189,0.0,0.97410331,54783,7,0.05990563,0.9980947
428,8,20026508,0.98827543,0.01384111,0.00913391,0.0,0.00186846,0.00088743,0.0,0.97426909,30719,7,0.07091264,0.9980966
428,9,20026509,0.98826044,0.01379947,0.00907766,0.0,0.00187266,0.0009457,0.0,0.97430452,44543,7,0.07439565,0.9980937
428,10,20026510,0.98827957,0.01382202,0.00926422,0.0,0.00185536,0.00078492,0.0,0.97427347,16383,7,0.09875116,0.9980966
429,1,20026531,0.98437686,0.02052172,0.00094348,0.0,0.00249553,0.83097727,0.0,0.145062,51978,6,0.17508131,5.0365499
429,2,20026532,0.98422186,0.02087024,0.00096552,0.0,0.00271627,0.83480183,0.0,0.14064614,51978,6,0.10378515,5.0365499
429,3,20026533,0.98230348,0.02523707,0.00120839,0.0,0.00261565,0.81199102,0.0,0.15894787,51980,6,0.08420105,5.0365499
429,4,20026534,0.98434248,0.02051703,0.00094818,0.0,0.00246575,0.83487484,0.0,0.14119419,51978,6,0.10047332,5.0365499
429,5,20026535,0.9842988,0.02063257,0.00096064,0.0,0.00246395,0.82639811,0.0,0.14954472,56074,6,0.1372198,5.0368814
429,6,20026536,0.9843058,0.0205189,0.00095159,0.0,0.00243714,0.81707208,0.0,0.1590203,53002,6,0.09733193,5.0365594
429,7,20026537,0.98234002,0.02548728,0.00121146,0.0,0.00260121,0.81913878,0.0,0.15156128,51980,6,0.13418272,5.0365499
429,8,20026538,0.98520652,0.01315986,0.00149186,0.0,0.00071416,0.98462191,0.0,1.22e-05,8436,6,0.88605543,5.0355664
429,9,20026539,0.98233849,0.02517362,0.00120411,0.0,0.00256,0.81940766,0.0,0.15165461,56068,6,0.13971905,5.0365499
429,10,20026540,0.98222937,0.02567318,0.00122934,0.0,0.00253131,0.8110434,0.0,0.15952278,56076,6,0.12490141,5.0368814
430,1,20026561,0.92770148,0.01299286,0.0,0.00207525,0.00047197,0.9843026,0.00015255,4.77e-06,64927,6,0.06369924,0.9863847
430,2,20026562,0.9282595,0.01310917,0.0,0.0020754,0.00047728,0.98418026,0.00015324,4.66e-06,22495,6,0.12179888,0.9863886
430,3,20026563,0.92893476,0.01332504,0.0,0.00207543,0.00049019,0.98395248,0.00015246,4.4e-06,16351,6,0.11559048,0.9863887
430,4,20026564,0.92817332,0.0133879,0.0,0.00207522,0.00050125,0.98387826,0.00015263,4.74e-06,30687,6,0.14788541,0.9863887
430,5,20026565,0.92863284,0.01316049,0.0,0.00207582,0.00049003,0.98411639,0.00015271,4.55e-06,23391,6,0.07506189,0.9863722
430,6,20026566,0.92900251,0.01336985,0.0,0.00207634,0.00049285,0.98390325,0.00015306,4.65e-06,8031,6,0.10034019,0.9863867
430,7,20026567,0.92926153,0.01281442,0.0,0.00207636,0.00045479,0.98449662,0.00015319,4.62e-06,23967,6,0.13231179,0.9863557
430,8,20026568,0.92920048,0.01298233,0.0,0.00207541,0.00045821,0.98432594,0.00015323,4.87e-06,24415,6,0.17723789,0.9863887
430,9,20026569,0.92809764,0.01317605,0.0,0.00207576,0.00048427,0.98410718,0.00015225,4.49e-06,15327,6,0.08045993,0.9863857
430,10,20026570,0.92898124,0.01336074,0.0,0.00207519,0.00048804,0.98391843,0.00015295,4.66e-06,23519,6,0.0950285,0.9863857
431,1,20026591,0.98438744,0.02019844,0.00080101,0.0,0.0017766,0.72676921,0.0,0.25045474,48940,6,0.13566429,5.2260674
431,2,20026592,0.98442051,0.02014594,0.00078966,0.0,0.00177394,0.70940637,0.0,0.2678841,44844,6,0.1167286,5.2257359
431,3,20026593,0.98444436,0.02016894,0.00079246,0.0,0.00176028,0.71443991,0.0,0.26283841,44844,6,0.1456155,5.2257359
431,4,20026594,0.98261857,0.02420239,0.00097723,0.0,0.00179718,0.72869177,0.0,0.24433144,57132,6,0.09846868,5.2260674
431,5,20026595,0.98439895,0.02037641,0.00079874,0.0,0.00182708,0.73307489,0.0,0.24392288,44844,6,0.15295745,5.2257359
431,6,20026596,0.98432856,0.02051558,0.00080452,0.0,0.00200307,0.74242096,0.0,0.23425587,44844,6,0.12617389,5.2257359
431,7,20026597,0.98434681,0.0204132,0.00080782,0.0,0.00191563,0.727519,0.0,0.24934435,44844,6,0.13628139,5.2257359
431,8,20026598,0.98260444,0.02426548,0.00096924,0.0,0.00204317,0.7423454,0.0,0.23037671,57132,6,0.11888314,5.2260674
431,9,20026599,0.9827652,0.02395203,0.00095158,0.0,0.00174913,0.70195379,0.0,0.27139347,57132,6,0.11422483,5.2260674
431,10,20026600,0.98267732,0.02409498,0.00095672,0.0,0.00187722,0.72677924,0.0,0.24629183,57132,6,0.09263087,5.2260674
432,1,20026621,0.91663633,0.03753925,0.10834619,0.0,0.01788375,0.0,0.03295924,0.80327157,23183,7,0.55437065,0.9901721
432,2,20026622,0.92348753,0.03568906,0.10707611,0.0,0.01565679,0.0,0.0290546,0.81252345,23183,7,0.63462546,0.9901721
432,3,20026623,0.93100942,0.03670612,0.10890452,0.0,0.01785183,0.0,0.01976165,0.81677588,23183,7,0.67166188,0.9901721
432,4,20026624,0.94892121,0.03159866,0.10911594,0.0,0.00843292,0.0,0.01130451,0.83954798,23183,7,0.69892487,0.9901721
432,5,20026625,0.95765935,0.02818994,0.10841958,0.0,0.00600178,0.0,0.00618606,0.85120264,23183,7,0.79031034,0.9901721
432,6,20026626,0.89340263,0.03475764,0.1051514,0.0,0.01713064,0.0,0.05898501,0.78397531,23183,7,0.59692627,0.9901721
432,7,20026627,0.91870651,0.03435212,0.10636284,0.0,0.0127108,0.0,0.03592025,0.81065399,23183,7,0.61341806,0.9901721
432,8,20026628,0.90032168,0.03746065,0.10276808,0.0,0.02530904,0.0,0.04167295,0.79278927,23183,7,0.69651488,0.9901721
432,9,20026629,0.96756872,0.02764107,0.11140063,0.0,0.00102891,0.0,0.00069934,0.85923005,23183,7,0.66961177,0.9901721
432,10,20026630,0.94489974,0.03154401,0.1088807,0.0,0.00949963,0.0,0.01441156,0.8356641,23183,7,0.77168042,0.9901721
433,1,20026651,0.94818731,0.0125223,0.00102899,0.0,0.00129878,0.00619379,0.0,0.97895615,61311,7,0.12727406,0.9913211
433,2,20026652,0.94792165,0.01256519,0.00102175,0.0,0.00129077,0.00590745,0.0,0.97921483,55295,7,0.09790285,0.9913221
433,3,20026653,0.94821947,0.01252136,0.00102691,0.0,0.00129713,0.0065427,0.0,0.97861191,61311,7,0.12374122,0.9913211
433,4,20026654,0.94809756,0.01253623,0.00102366,0.0,0.00129062,0.00614178,0.0,0.97900771,60927,7,0.11733401,0.9913125
433,5,20026655,0.94808478,0.0125283,0.00102861,0.0,0.00130288,0.00860885,0.0,0.97653136,52735,7,0.13680575,0.9913125
433,6,20026656,0.94806565,0.01252076,0.0010191,0.0,0.00129506,0.00642931,0.0,0.97873577,65535,7,0.11190117,0.9913221
433,7,20026657,0.94805487,0.01254838,0.00101787,0.0,0.00131031,0.00623788,0.0,0.97888556,32255,7,0.109852,0.9913135
433,8,20026658,0.94804034,0.01254415,0.00102041,0.0,0.00131193,0.0141032,0.0,0.97102031,32255,7,0.13850758,0.9913135
433,9,20026659,0.9481646,0.01252763,0.00102554,0.0,0.0013047,0.00597926,0.0,0.97916287,52735,7,0.11879216,0.9913125
433,10,20026660,0.94788623,0.01254851,0.00102535,0.0,0.00131024,0.0182765,0.0,0.96683939,30207,7,0.10018711,0.9913135
434,1,20026681,0.98355927,0.02014538,0.00061542,0.0,0.00134861,0.86095849,0.0,0.11693211,56074,6,0.12216097,6.8445956
434,2,20026682,0.98244083,0.02056663,0.00045273,0.0,0.00110853,0.97771531,0.0,0.00015681,52764,6,0.17360383,6.8442772
434,3,20026683,0.9835651,0.02025237,0.00061675,0.0,0.00136923,0.84883879,0.0,0.12892286,51978,6,0.12317858,6.8442641
434,4,20026684,0.8634727,0.62037555,0.3782721,0.0,0.0009771,0.00036142,0.0,1.383e-05,690,0,0.58791982,4.5743266
434,5,20026685,0.86345159,0.62050064,0.37815015,0.0,0.00097293,0.00036233,0.0,1.396e-05,690,0,0.58787071,4.5743266
434,6,20026686,0.98359514,0.02019103,0.00061362,0.0,0.00136867,0.8583231,0.0,0.11950358,51978,6,0.13771848,6.8442641
434,7,20026687,0.96161742,0.12842829,0.06758699,0.0,0.00128413,0.69560273,0.0,0.10709786,690,0,0.08385809,4.5743266
434,8,20026688,0.89728995,0.45037962,0.25906993,0.0,0.00103365,0.28948863,0.0,2.817e-05,690,0,0.32075188,4.5743266
434,9,20026689,0.8634866,0.6204266,0.37822364,0.0,0.00097436,0.00036147,0.0,1.392e-05,690,0,0.55918285,4.5743266
434,10,20026690,0.98274841,0.02248545,0.00070734,0.0,0.00138636,0.85969344,0.0,0.1157274,51980,6,0.11534506,6.8442641
435,1,20026711,0.92649773,0.01109714,0.0,0.00210061,0.00054487,0.98609075,0.00015488,1.174e-05,30863,6,0.13820034,0.9858931
435,2,20026712,0.93230602,0.01464589,0.0,0.00210665,0.00053308,0.98255373,0.00015568,4.97e-06,33119,6,0.21952527,0.9878631
435,3,20026713,0.9342852,0.01629309,0.0,0.00211748,0.00060814,0.98081948,0.00015588,5.93e-06,6111,6,0.1167786,0.98787
435,4,20026714,0.93132044,0.01363179,0.0,0.0021051,0.00050003,0.98360248,0.00015577,4.84e-06,37279,6,0.24133904,0.9878761
435,5,20026715,0.92567226,0.01117594,0.0,0.00209948,0.00054271,0.98601506,0.00015505,1.174e-05,32463,6,0.12352201,0.9858851
435,6,20026716,0.93261776,0.01497644,0.0,0.00211093,0.00055134,0.98220068,0.00015551,5.1e-06,37151,6,0.10953366,0.9878762
435,7,20026717,0.91410319,0.00803377,0.0,0.00207736,0.00040844,0.98932152,0.00015468,4.23e-06,32975,6,0.23587144,0.9838391
435,8,20026718,0.93201164,0.01436864,0.0,0.00210376,0.00055834,0.9828081,0.00015538,5.77e-06,33183,6,0.19736924,0.9878751
435,9,20026719,0.59267759,0.00823918,0.0,0.99009574,0.0003281,0.00117993,0.00015581,1.24e-06,62744,2,0.48777757,0.6549836
435,10,20026720,0.93342178,0.01621276,0.0,0.00211928,0.00061339,0.98089285,0.0001557,6.02e-06,40927,6,0.09375847,0.9878721
436,1,20026741,0.98276145,0.03371548,0.31735005,0.0,0.00249277,0.0,0.00036482,0.64607689,57133,7,0.31585626,2.2960634
436,2,20026742,0.98301215,0.03330141,0.30278144,0.0,0.00236321,0.0,0.0003416,0.66121234,53037,7,0.31619424,2.2960624
436,3,20026743,0.9855011,0.02492407,0.32950176,0.0,0.00228505,0.0,0.00034962,0.6429395,48941,7,0.31044806,2.2960634
436,4,20026744,0.9855097,0.02525188,0.31813404,0.0,0.00224434,0.0,0.00034304,0.65402671,44845,7,0.30280937,2.2960624
436,5,20026745,0.98399476,0.03033448,0.30455066,0.0,0.00244227,0.0,0.00034579,0.6623268,44845,7,0.21403744,2.2960624
436,6,20026746,0.98540728,0.02580229,0.31547278,0.0,0.00223458,0.0,0.00034064,0.65614971,44845,7,0.21307372,2.2960624
436,7,20026747,0.98550706,0.02551496,0.31416974,0.0,0.00220791,0.0,0.00033477,0.65777261,48941,7,0.21672824,2.2960634
436,8,20026748,0.98324911,0.03368213,0.26772095,0.0,0.00245499,0.0,0.00032296,0.69581897,57133,7,0.32327512,2.2960634
436,9,20026749,0.98544979,0.02635047,0.30918576,0.0,0.00242899,0.0,0.00040402,0.66163077,44845,7,0.36907995,2.2960624
436,10,20026750,0.98543861,0.02562753,0.32080892,0.0,0.00222076,0.0,0.00034361,0.65099918,48941,7,0.25810449,2.2960634
437,1,20026771,0.981757,0.03014959,0.01644949,0.0,0.01572604,0.72533402,0.00062469,0.21171617,51970,6,0.09309552,3.4565962
437,2,20026772,0.9807994,0.03316669,0.0204984,0.0,0.01335585,0.71897091,0.00099987,0.21300828,51980,6,0.09001439,3.4569277
437,3,20026773,0.98070325,0.03511773,0.02409628,0.0,0.01833267,0.72736322,0.00054389,0.19454622,52994,6,0.07795604,3.4566027
437,4,20026774,0.98060097,0.03452676,0.01315651,0.0,0.01553046,0.74036747,0.00090986,0.19550894,51972,6,0.1129392,3.4565962
437,5,20026775,0.98150064,0.0308547,0.02296135,0.0,0.01366932,0.70986406,0.00064204,0.22200854,51978,6,0.07178733,3.4569277
437,6,20026776,0.98097355,0.0344348,0.02313528,0.0,0.01542267,0.71921931,0.00063399,0.20715395,51972,6,0.06788717,3.4565962
437,7,20026777,0.98148938,0.03336387,0.01674538,0.0,0.01589611,0.71950306,0.00067905,0.21381252,51970,6,0.06651529,3.4565962
437,8,20026778,0.979237,0.0364884,0.01596662,0.0,0.02084413,0.73173556,0.00123379,0.1937315,51972,6,0.11341975,3.4565962
437,9,20026779,0.98137548,0.0309138,0.018287,0.0,0.01156708,0.70287527,0.00116782,0.23518903,51978,6,0.06315513,3.4569277
437,10,20026780,0.98176494,0.03265216,0.01286056,0.0,0.01628618,0.74803312,0.00049537,0.18967261,52994,6,0.07371122,3.4566027
438,1,20026801,0.92857965,0.01132025,0.0,0.00222177,0.00131022,0.18865153,0.0,0.79649623,32159,6,0.13198472,0.9865146
438,2,20026802,0.92905384,0.01138054,0.0,0.00222151,0.00131904,0.09083202,0.0,0.8942469,59359,7,0.07764254,0.9865176
438,3,20026803,0.92812961,0.01133966,0.0,0.00222248,0.00137434,0.01127678,0.0,0.97378674,59359,7,0.08949336,0.9865176
438,4,20026804,0.92729439,0.01134577,0.0,0.00222215,0.0013658,0.03884079,0.0,0.94622549,32735,7,0.10706177,0.9865186
438,5,20026805,0.92789014,0.01128276,0.0,0.00222129,0.00134959,0.04900463,0.0,0.93614173,59231,7,0.07051781,0.9865176
438,6,20026806,0.92690144,0.01126812,0.0,0.00222125,0.00136448,0.02117092,0.0,0.96397524,65375,7,0.12465141,0.9865186
438,7,20026807,0.92799274,0.01143664,0.0,0.00222159,0.00136258,0.01652423,0.0,0.96845495,40927,7,0.14994323,0.9865186
438,8,20026808,0.9275525,0.01123722,0.0,0.00222107,0.00132206,0.14875193,0.0,0.83646772,52735,7,0.07348639,0.9865176
438,9,20026809,0.92739913,0.01139048,0.0,0.00222161,0.0013583,0.0369285,0.0,0.9481011,16351,7,0.10609075,0.9865186
438,10,20026810,0.92820233,0.01142176,0.0,0.00222216,0.00133859,0.01601009,0.0,0.9690074,15327,7,0.16192845,0.9865156
439,1,20026831,0.98130392,0.01792653,0.00038075,0.0,0.00079661,0.980877,0.0,1.911e-05,54730,6,0.17640259,6.7337235
439,2,20026832,0.98351987,0.02022042,0.00059266,0.0,0.00140868,0.78496336,0.0,0.19281488,44844,6,0.10731824,6.7333803
439,3,20026833,0.98268532,0.02248302,0.00067858,0.0,0.00141064,0.80032004,0.0,0.17510772,53036,6,0.09787759,6.7333803
439,4,20026834,0.98193845,0.01944295,0.00040112,0.0,0.0010893,0.97902028,0.0,4.635e-05,42890,6,0.1686728,6.7333921
439,5,20026835,0.9818559,0.01960764,0.00040617,0.0,0.0011061,0.97883444,0.0,4.565e-05,42890,6,0.17291623,6.7333921
439,6,20026836,0.9827084,0.02251833,0.00066394,0.0,0.00143687,0.8044146,0.0,0.17096626,57124,6,0.09573061,6.7333803
439,7,20026837,0.98270685,0.02254979,0.00066217,0.0,0.00146567,0.80754452,0.0,0.16777785,57132,6,0.1291571,6.7337118
439,8,20026838,0.98351365,0.02015682,0.00058654,0.0,0.00139752,0.79657426,0.0,0.18128485,44836,6,0.11271015,6.7330488
439,9,20026839,0.98353272,0.02028759,0.00059355,0.0,0.0014512,0.78772635,0.0,0.18994131,48940,6,0.14276191,6.7337118
439,10,20026840,0.9827109,0.02252415,0.00066569,0.0,0.00146064,0.79176019,0.0,0.18358933,57132,6,0.11468954,6.7337118
440,1,20026861,0.7888813,0.0289025,0.03820853,0.01530152,0.00598546,0.76770724,0.14340704,0.00048771,6095,6,0.44068765,0.9851974
440,2,20026862,0.78912199,0.02807614,0.03373727,0.01782149,0.00578289,0.77320958,0.14135466,1.796e-05,6095,6,0.51334109,0.9851974
440,3,20026863,0.64368126,0.03578872,0.03726536,0.03062804,0.01447491,0.61558948,0.26502107,0.00123243,6095,6,0.22873678,0.9851974
440,4,20026864,0.65599547,0.0357632,0.04994388,0.03338694,0.01088778,0.61222717,0.25715973,0.00063129,6095,6,0.17772831,0.9851974
440,5,20026865,0.47853123,0.04098097,0.04632513,0.0501714,0.01763433,0.43008593,0.41377572,0.00102651,18383,6,0.05103591,0.9856777
440,6,20026866,0.78887065,0.02772635,0.03368532,0.0148618,0.00627004,0.77220164,0.14522772,2.712e-05,6095,6,0.56886584,0.9851974
440,7,20026867,0.59328334,0.03716846,0.04080869,0.03446513,0.01811898,0.56001888,0.30887421,0.00054565,6095,6,0.13817572,0.9851974
440,8,20026868,0.77216573,0.03080399,0.05224168,0.02609915,0.01140087,0.7312279,0.14695167,0.00127474,6095,6,0.46609812,0.9851974
440,9,20026869,0.85686024,0.02408214,0.03224325,0.00716319,0.00372396,0.84676018,0.08601639,1.089e-05,6095,6,0.78417925,0.9851974
440,10,20026870,0.66430921,0.03628426,0.04358816,0.0259127,0.013343,0.63561057,0.24492494,0.00033636,6095,6,0.23104104,0.9851974
441,1,20026891,0.97052857,0.01279617,0.00346138,0.0,0.00145333,0.0105297,0.0,0.97175941,57343,7,0.06863527,0.9951064
441,2,20026892,0.97056425,0.01279607,0.00355664,0.0,0.00145406,0.00571008,0.0,0.97648315,62975,7,0.09732941,0.9951016
441,3,20026893,0.97055175,0.01277459,0.00359341,0.0,0.00143326,0.00641854,0.0,0.97578021,36863,7,0.1356264,0.9951054
441,4,20026894,0.97061326,0.01276694,0.00357567,0.0,0.0014259,0.00673907,0.0,0.97549243,8191,7,0.06448242,0.9951054
441,5,20026895,0.97066665,0.01276354,0.00337576,0.0,0.00143226,0.00485336,0.0,0.97757507,16255,7,0.09066917,0.9951064
441,6,20026896,0.97060358,0.01277648,0.00349952,0.0,0.00143314,0.00695302,0.0,0.97533783,16255,7,0.09044803,0.9951064
441,7,20026897,0.97063657,0.01274973,0.00347447,0.0,0.00142788,0.01098592,0.0,0.971362,32639,7,0.07106593,0.9951064
441,8,20026898,0.97061958,0.01275288,0.00357226,0.0,0.00142446,0.00797857,0.0,0.97427184,47103,7,0.07232586,0.9951064
441,9,20026899,0.97053758,0.01280505,0.00364133,0.0,0.00143304,0.00536186,0.0,0.97675872,51199,7,0.11456771,0.9951054
441,10,20026900,0.9706269,0.01278121,0.0035097,0.0,0.00143516,0.00524983,0.0,0.9770241,16383,7,0.08484467,0.9951064
442,1,20026921,0.98253238,0.02279768,0.00080753,0.0,0.00177796,0.8186985,0.0,0.15591833,56076,6,0.17392624,6.3845209
442,2,20026922,0.98246701,0.02294062,0.00084174,0.0,0.00170086,0.82356737,0.0,0.15094942,51980,6,0.10023812,6.3841894
442,3,20026923,0.98410795,0.01931379,0.00067404,0.0,0.00175957,0.82591446,0.0,0.15233814,56074,6,0.14009752,6.3845209
442,4,20026924,0.98249721,0.02305101,0.0008266,0.0,0.00177038,0.82928967,0.0,0.14506234,51980,6,0.1101517,6.3841894
442,5,20026925,0.98244436,0.02308747,0.00084526,0.0,0.00171969,0.8379188,0.0,0.13642878,53004,6,0.11614188,6.3842016
442,6,20026926,0.98420371,0.01921085,0.00067203,0.0,0.00166625,0.81587483,0.0,0.16257604,51978,6,0.15801617,6.3841894
442,7,20026927,0.98255548,0.02282111,0.00080855,0.0,0.00170442,0.82057166,0.0,0.15409426,51980,6,0.13836876,6.3841894
442,8,20026928,0.98408718,0.01930357,0.00067478,0.0,0.00170745,0.83199339,0.0,0.1463208,51978,6,0.10244083,6.3841894
442,9,20026929,0.97961357,0.02538479,0.0012078,0.0,0.0016596,0.97167246,0.0,7.535e-05,43788,6,0.09026956,6.3841894
442,10,20026930,0.98410878,0.01930027,0.00067182,0.0,0.00165239,0.81403466,0.0,0.16434086,51978,6,0.10306499,6.3841894
443,1,20026951,0.92403637,0.01363474,0.0,0.0020846,0.00050554,0.9836162,0.00015372,5.2e-06,24415,6,0.14471916,0.9853965
443,2,20026952,0.92342555,0.01384779,0.0,0.00208463,0.00051566,0.98339357,0.00015333,5.02e-06,43999,6,0.11370688,0.9853936
443,3,20026953,0.92362991,0.01370426,0.0,0.00208364,0.00050073,0.98355297,0.00015355,4.86e-06,8159,6,0.07133399,0.9853946
443,4,20026954,0.9244484,0.01348618,0.0,0.0020842,0.00048213,0.98378929,0.00015382,4.39e-06,15775,6,0.15845071,0.9853615
443,5,20026955,0.923199,0.01372655,0.0,0.00208417,0.00050027,0.98353113,0.00015313,4.75e-06,51167,6,0.06445098,0.9853954
443,6,20026956,0.92397415,0.0135081,0.0,0.00208418,0.00049308,0.98375617,0.00015373,4.74e-06,6111,6,0.09305607,0.9853945
443,7,20026957,0.92359475,0.01369385,0.0,0.00208359,0.00050376,0.98356037,0.00015351,4.92e-06,22367,6,0.07937073,0.985379
443,8,20026958,0.42453337,0.01011771,0.0,0.98814252,0.00038846,0.00119639,0.00015368,1.24e-06,63953,2,0.33945985,0.4870193
443,9,20026959,0.9240193,0.01361302,0.0,0.00208528,0.00050342,0.98363964,0.00015342,5.22e-06,23391,6,0.11271432,0.985379
443,10,20026960,0.92280272,0.01345413,0.0,0.00208518,0.000489,0.98381381,0.00015305,4.83e-06,52191,6,0.09721113,0.9853936
444,1,20026981,0.9823042,0.02611438,0.0253429,0.0,0.00303258,0.67368927,0.0001217,0.27169917,53036,6,0.09175324,4.5925253
444,2,20026982,0.98302212,0.02470936,0.01972854,0.0,0.00332006,0.69823254,0.00014018,0.25386933,53036,6,0.09332932,4.5925253
444,3,20026983,0.98231096,0.0257842,0.02308275,0.0,0.00288726,0.67832986,0.00012215,0.26979379,57132,6,0.09919353,4.5928568
444,4,20026984,0.98238801,0.02588594,0.01354548,0.0,0.00343387,0.69046504,0.00012151,0.26654816,57132,6,0.1228506,4.5928568
444,5,20026985,0.98440816,0.02135559,0.02508729,0.0,0.0035255,0.6935672,0.00012306,0.25634136,48908,6,0.11732841,4.5928643
444,6,20026986,0.98228133,0.02622044,0.01764104,0.0,0.00327686,0.68863442,0.00012167,0.26410558,57132,6,0.09813215,4.5928568
444,7,20026987,0.98442068,0.02133057,0.02455847,0.0,0.00313777,0.6791122,0.00012312,0.27173787,44844,6,0.11274242,4.5925253
444,8,20026988,0.98319988,0.02432127,0.0201074,0.0,0.00327262,0.67527606,0.00012112,0.27690153,57132,6,0.09382513,4.5928568
444,9,20026989,0.98452204,0.02110734,0.01583901,0.0,0.00344149,0.69613503,0.00012189,0.26335523,44844,6,0.13330352,4.5925253
444,10,20026990,0.98238653,0.02586647,0.01305527,0.0,0.00350963,0.70043,0.00012319,0.25701545,57132,6,0.12816894,4.5928568
445,1,20027011,0.98039676,0.0401858,0.16568287,0.0,0.01014405,0.0,0.00057386,0.78341342,19211,7,0.16848773,1.3000237
445,2,20027012,0.98250385,0.03526115,0.13935627,0.0,0.00486945,0.0,0.0007266,0.81978654,19211,7,0.29921254,1.3000237
445,3,20027013,0.98110719,0.03730213,0.15461426,0.0,0.00861489,0.0,0.00056627,0.79890245,19211,7,0.20394134,1.3000237
445,4,20027014,0.98102436,0.03789175,0.15628466,0.0,0.00926353,0.0,0.00057557,0.79598449,19211,7,0.12662294,1.3000237
445,5,20027015,0.9818993,0.03804579,0.14654857,0.0,0.00830914,0.0,0.00048292,0.80661358,19211,7,0.2178444,1.3000237
445,6,20027016,0.98162547,0.03599569,0.1448322,0.0,0.00872575,0.0,0.00051049,0.80993586,19211,7,0.38496572,1.3000237
445,7,20027017,0.9841393,0.03151162,0.11764718,0.0,0.00398943,0.0,0.00033744,0.84651432,19211,7,0.55918921,1.3000237
445,8,20027018,0.983504,0.02976844,0.12768763,0.0,0.00504964,0.0,0.00042876,0.83706554,19211,7,0.57568467,1.3000237
445,9,20027019,0.98367693,0.03332861,0.11652889,0.0,0.00534728,0.0,0.00038628,0.84440895,19211,7,0.54273713,1.3000237
445,10,20027020,0.98430431,0.03329657,0.09213659,0.0,0.00554733,0.0,0.00030955,0.86870996,19211,7,0.51912915,1.3000237
446,1,20027041,0.9301008,0.01097519,0.0,0.00149583,0.00127291,0.01449111,0.0,0.97176496,40959,7,0.14002833,0.9882705
446,2,20027042,0.93011955,0.01098343,0.0,0.0014949,0.00127133,0.00881331,0.0,0.97743703,52735,7,0.08623562,0.9882578
446,3,20027043,0.93041499,0.010991,0.0,0.0014953,0.00125113,0.00995044,0.0,0.97631213,53119,7,0.09375512,0.9882695
446,4,20027044,0.93021065,0.01098671,0.0,0.00149506,0.00127059,0.00797181,0.0,0.97827583,59391,7,0.0774212,0.9882695
446,5,20027045,0.93005323,0.01097979,0.0,0.00149547,0.00126089,0.00878034,0.0,0.97748352,30719,7,0.10861162,0.9882705
446,6,20027046,0.93038442,0.01094943,0.0,0.00149621,0.00126537,0.0087586,0.0,0.97753039,57215,7,0.0897122,0.9882705
446,7,20027047,0.93018718,0.0109786,0.0,0.0014966,0.00125724,0.00866351,0.0,0.97760404,65023,7,0.12230155,0.9882588
446,8,20027048,0.93033463,0.01098716,0.0,0.00149575,0.00125438,0.00893942,0.0,0.97732329,32639,7,0.10910422,0.9882705
446,9,20027049,0.93045851,0.01097131,0.0,0.00149497,0.00125757,0.01134845,0.0,0.97492769,40831,7,0.05123283,0.9882705
446,10,20027050,0.93061535,0.01095909,0.0,0.00149493,0.00126837,0.00861928,0.0,0.97765834,63487,7,0.13555774,0.9882705
447,1,20027071,0.98270304,0.02198492,0.00069889,0.0,0.00121157,0.89859867,0.0,0.07750595,52012,6,0.06908561,7.6394395
447,2,20027072,0.98188203,0.01871008,0.00041356,0.0,0.00092929,0.97991489,0.0,3.218e-05,54938,6,0.18836081,7.6397709
447,3,20027073,0.98271939,0.0209224,0.00067697,0.0,0.00123157,0.88543107,0.0,0.091738,57098,6,0.08334987,7.6397709
447,4,20027074,0.98271342,0.02195849,0.0006872,0.0,0.0012089,0.88341759,0.0,0.09272782,52012,6,0.06690711,7.6394395
447,5,20027075,0.98270951,0.02200372,0.00070022,0.0,0.00122017,0.8983534,0.0,0.07772249,51980,6,0.11072084,7.6394249
447,6,20027076,0.98246003,0.0199437,0.00062846,0.0,0.00110213,0.97820975,0.0,0.00011597,55172,6,0.18306539,7.6394395
447,7,20027077,0.9823971,0.01911171,0.00042931,0.0,0.00094642,0.97940967,0.0,0.00010288,56858,6,0.19947267,7.6397709
447,8,20027078,0.98238964,0.01909567,0.00042867,0.0,0.00094288,0.97942805,0.0,0.00010473,52762,6,0.17189204,7.6394395
447,9,20027079,0.98269879,0.02198841,0.00070141,0.0,0.0012249,0.88134156,0.0,0.09474372,56068,6,0.05735761,7.6394249
447,10,20027080,0.98194818,0.01906312,0.00043061,0.0,0.0008639,0.97959911,0.0,4.326e-05,44570,6,0.19014096,7.6394395
448,1,20027101,0.91323798,0.00947088,0.0,0.00045501,0.00040468,0.98948989,0.00017728,2.27e-06,32841,6,0.2912896,0.9846137
448,2,20027102,0.92190054,0.01519573,0.0,0.00061199,0.00058871,0.98338063,0.00021942,3.52e-06,33247,6,0.42713687,0.9885896
448,3,20027103,0.42513229,0.01021808,0.0,0.98793149,0.00033668,0.00125449,0.00025803,1.23e-06,36865,2,0.40117571,0.4882393
448,4,20027104,0.91422521,0.00933042,0.0,0.0004493,0.00034487,0.98970215,0.00017132,1.94e-06,32845,6,0.20986437,0.9846136
448,5,20027105,0.91335509,0.00945449,0.0,0.00045321,0.00039055,0.98952491,0.00017453,2.3e-06,32779,6,0.21988759,0.984625
448,6,20027106,0.91353708,0.00927826,0.0,0.00044851,0.00031596,0.9897852,0.00017034,1.73e-06,32841,6,0.17874477,0.9846137
448,7,20027107,0.91403151,0.00936067,0.0,0.00045004,0.0003528,0.98966251,0.00017204,1.94e-06,32841,6,0.24968443,0.9846137
448,8,20027108,0.91363174,0.00938481,0.0,0.00045244,0.0003626,0.98962272,0.0001753,2.14e-06,32843,6,0.15343086,0.9846136
448,9,20027109,0.91467602,0.00943054,0.0,0.00045321,0.00038617,0.98955259,0.00017519,2.28e-06,32845,6,0.39166548,0.9846136
448,10,20027110,0.91389462,0.00960098,0.0,0.00045725,0.0004469,0.98931203,0.00017969,3.16e-06,36875,6,0.14833049,0.984626
449,1,20027131,0.99887876,0.01389795,0.01134105,0.0,0.00191898,0.0,0.0,0.97284201,32255,7,0.08902734,0.9998886
449,2,20027132,0.99883104,0.01388104,0.01180016,0.0,0.00193253,0.0,0.0,0.97238626,30591,7,0.0598951,0.9998888
449,3,20027133,0.99884636,0.01386499,0.01175175,0.0,0.00193114,0.0,0.0,0.97245213,44927,7,0.07482652,0.9998878
449,4,20027134,0.99882873,0.01385089,0.0111098,0.0,0.00191803,0.0,0.0,0.97312129,52607,7,0.0776191,0.9998876
449,5,20027135,0.99881084,0.01387059,0.01106519,0.0,0.00191881,0.0,0.0,0.9731454,51071,7,0.05836081,0.9998862
449,6,20027136,0.99883929,0.01389536,0.01118718,0.0,0.00192768,0.0,0.0,0.97298978,46975,7,0.08457022,0.9998877
449,7,20027137,0.99875417,0.01384899,0.0112509,0.0,0.00190032,0.0,0.0,0.97299979,50687,7,0.05951128,0.9998877
449,8,20027138,0.99884752,0.01392662,0.01125015,0.0,0.00192283,0.0,0.0,0.97290041,51199,7,0.04615831,0.9998878
449,9,20027139,0.99887751,0.01388991,0.01179953,0.0,0.00191091,0.0,0.0,0.97239965,65535,7,0.07190886,0.9998888
449,10,20027140,0.99891825,0.01386952,0.01120537,0.0,0.00192285,0.0,0.0,0.97300227,52735,7,0.08712414,0.9998877
450,1,20027161,0.98195537,0.0254788,0.00174325,0.0,0.00394677,0.7935916,8.272e-05,0.17515686,56076,6,0.11286225,5.1103183
450,2,20027162,0.98430211,0.02005378,0.00131784,0.0,0.00324427,0.78968651,7.942e-05,0.18561819,51978,6,0.12089785,5.1099868
450,3,20027163,0.98432184,0.02003747,0.00122017,0.0,0.00335554,0.80240309,8.163e-05,0.17290209,51978,6,0.12784822,5.1099868
450,4,20027164,0.98391728,0.02110467,0.00148443,0.0,0.00325618,0.78649578,0.00010122,0.18755773,51970,6,0.08067247,5.1096553
450,5,20027165,0.98208954,0.02546063,0.00167787,0.0,0.00330393,0.78290094,8.193e-05,0.18657469,51980,6,0.10832786,5.1099868
450,6,20027166,0.98202511,0.0258728,0.00178833,0.0,0.00379957,0.7872211,8.106e-05,0.18123714,51980,6,0.118724,5.1099868
450,7,20027167,0.98438902,0.01976966,0.0011782,0.0,0.00305841,0.78278291,7.931e-05,0.19313152,51978,6,0.14610705,5.1099868
450,8,20027168,0.98266643,0.02434252,0.00173619,0.0,0.00394764,0.78524909,8.06e-05,0.18464397,51980,6,0.09108655,5.1099868
450,9,20027169,0.98421941,0.02059034,0.00135377,0.0,0.00375694,0.80423031,8.218e-05,0.16998646,51978,6,0.13558031,5.1099868
450,10,20027170,0.98380444,0.02111766,0.00140021,0.0,0.00322473,0.7813321,7.87e-05,0.19284659,51978,6,0.07800454,5.1099868
451,1,20027191,0.91767926,0.01146928,0.0,0.00222633,0.00136032,0.06916869,0.0,0.91577538,24415,7,0.11643371,0.9843242
451,2,20027192,0.91693919,0.01122337,0.0,0.00222533,0.00132101,0.18461913,0.0,0.80061116,22495,7,0.06416767,0.9843242
451,3,20027193,0.91742698,0.01143578,0.0,0.00222532,0.00134057,0.09147176,0.0,0.89352656,32735,7,0.08065313,0.9843243
451,4,20027194,0.91800643,0.01140634,0.0,0.00222521,0.00135665,0.04653062,0.0,0.93848119,22367,7,0.09953093,0.9843057
451,5,20027195,0.91685178,0.01139326,0.0,0.0022251,0.00130951,0.16384311,0.0,0.82122902,61279,7,0.08869385,0.9843233
451,6,20027196,0.91768952,0.01149807,0.0,0.00222597,0.00133269,0.03762084,0.0,0.94732243,32735,7,0.09941793,0.9843243
451,7,20027197,0.91846636,0.01145318,0.0,0.00222544,0.00137105,0.04782479,0.0,0.93712554,8159,7,0.15321821,0.9843223
451,8,20027198,0.91698125,0.01120323,0.0,0.00222636,0.00129699,0.26763296,0.0,0.71764045,57311,7,0.08617385,0.9843243
451,9,20027199,0.91858382,0.01149083,0.0,0.00222454,0.00135859,0.03711481,0.0,0.94781123,32735,7,0.08141029,0.9843243
451,10,20027200,0.91839155,0.01144394,0.0,0.00222495,0.00134747,0.08479679,0.0,0.90018685,8031,7,0.0593171,0.9843222
452,1,20027221,0.98286736,0.02215932,0.00077372,0.0,0.001521,0.75471331,0.0,0.22083265,53028,6,0.12022874,6.6810107
452,2,20027222,0.9841094,0.01951646,0.00066065,0.0,0.001562,0.75870894,0.0,0.21955194,44844,6,0.09426905,6.6813422
452,3,20027223,0.98322483,0.02258493,0.00068389,0.0,0.0099484,0.77849832,0.0,0.18828446,48908,6,0.10455995,6.6816853
452,4,20027224,0.98287293,0.02224281,0.00077745,0.0,0.00159618,0.76920814,0.0,0.20617542,53036,6,0.14102384,6.6813422
452,5,20027225,0.98413174,0.0193536,0.00065883,0.0,0.00154825,0.77005543,0.0,0.20838389,48940,6,0.11419329,6.6816737
452,6,20027226,0.98414999,0.01926957,0.00065352,0.0,0.00147319,0.75976658,0.0,0.21883713,44844,6,0.1481989,6.6813422
452,7,20027227,0.98287461,0.02225335,0.00076897,0.0,0.00157311,0.76271726,0.0,0.21268731,57132,6,0.15365262,6.6816737
452,8,20027228,0.98410822,0.01930865,0.0006576,0.0,0.00149444,0.7587901,0.0,0.21974921,44844,6,0.08205808,6.6813422
452,9,20027229,0.98414013,0.01923448,0.00065035,0.0,0.00145819,0.74436622,0.0,0.23429076,44836,6,0.11064097,6.6810107
452,10,20027230,0.98411501,0.01937653,0.0006606,0.0,0.001541,0.77352857,0.0,0.20489331,44844,6,0.10519635,6.6813422
453,1,20027251,0.04216404,0.06284914,0.03255632,0.00054727,0.14170002,0.0,0.75265371,0.00969353,4368,3,0.06279682,-0.0020299
453,2,20027252,0.04550231,0.06895188,0.03527772,0.00068371,0.15362995,0.0,0.73396322,0.00749352,4369,3,0.05056792,-0.0020297
453,3,20027253,0.05098232,0.05733036,0.03604162,0.00046315,0.10980653,0.0,0.78414868,0.01220966,4368,3,0.05689322,-0.0020299
453,4,20027254,0.04600893,0.05874849,0.03315323,0.00076734,0.13840069,0.0,0.75916218,0.00976808,4368,3,0.06306105,-0.0020299
453,5,20027255,0.04460922,0.05684239,0.03042352,0.00056451,0.18011439,0.0,0.71642878,0.01562641,4369,3,0.05447923,-0.0020297
453,6,20027256,0.04336883,0.05369516,0.02988657,0.00042454,0.14030739,0.0,0.7604881,0.01519824,4368,3,0.06913766,-0.0020299
453,7,20027257,0.04349542,0.05672257,0.03496744,0.00059164,0.14317665,0.0,0.75478217,0.00975953,4368,3,0.08918202,-0.0020299
453,8,20027258,0.05547408,0.06616529,0.04090744,0.00083834,0.15610727,0.0,0.72491487,0.01106678,4369,3,0.04695045,-0.0020297
453,9,20027259,0.04704914,0.06492136,0.03519347,0.00054317,0.13651144,0.0,0.75452716,0.00830339,4433,3,0.04199529,-0.0020312
453,10,20027260,0.08023497,0.05992853,0.0465103,0.00066995,0.12498267,0.0,0.73768853,0.03022002,4432,3,0.03859347,-0.0020315
454,1,20027281,0.94995318,0.01223679,0.00266048,0.0,0.00120925,0.00576282,0.0,0.97813067,24575,7,0.08057903,0.9916265
454,2,20027282,0.94988277,0.01221858,0.00252271,0.0,0.00119673,0.00453021,0.0,0.97953177,57343,7,0.1741255,0.9916265
454,3,20027283,0.94996857,0.01220867,0.00258137,0.0,0.00119081,0.00452287,0.0,0.97949628,63487,7,0.09344717,0.9916265
454,4,20027284,0.94981738,0.01224614,0.00273597,0.0,0.00119625,0.00604221,0.0,0.97777944,51199,7,0.09564234,0.9916255
454,5,20027285,0.94983831,0.01222776,0.00259783,0.0,0.00119619,0.00425298,0.0,0.97972525,32767,7,0.09184906,0.9916265
454,6,20027286,0.94991813,0.01222787,0.00259686,0.0,0.00119562,0.00620178,0.0,0.97777787,30719,7,0.1070834,0.9916265
454,7,20027287,0.94990347,0.01223702,0.00264308,0.0,0.0011844,0.00465859,0.0,0.97927691,62975,7,0.09074053,0.9916182
454,8,20027288,0.94969345,0.01224727,0.00255112,0.0,0.00120297,0.00689177,0.0,0.97710687,32255,7,0.10735398,0.9916182
454,9,20027289,0.94997716,0.01222525,0.00253379,0.0,0.00119294,0.0157799,0.0,0.96826811,40959,7,0.07672569,0.9916265
454,10,20027290,0.95003731,0.01220839,0.00256072,0.0,0.00119283,0.00696359,0.0,0.97707448,16255,7,0.12432318,0.9916265
455,1,20027311,0.98383814,0.01914126,0.0005454,0.0,0.00131406,0.80807032,0.0,0.17092895,51978,6,0.11215029,7.7619818
455,2,20027312,0.98379692,0.01910011,0.00054787,0.0,0.00128451,0.81893433,0.0,0.16013318,56074,6,0.10289625,7.7623133
455,3,20027313,0.98280637,0.02159119,0.00061704,0.0,0.00131761,0.81856468,0.0,0.15790947,51972,6,0.10916455,7.7616503
455,4,20027314,0.98382603,0.01914681,0.0005531,0.0,0.00131675,0.83865267,0.0,0.14033066,53002,6,0.10760313,7.7619967
455,5,20027315,0.98281343,0.02159438,0.0006426,0.0,0.00131469,0.81629176,0.0,0.16015657,51980,6,0.09198354,7.7619818
455,6,20027316,0.98090834,0.02281324,0.00067861,0.0,0.00132585,0.97511844,0.0,6.386e-05,47884,6,0.11893746,7.7623133
455,7,20027317,0.98090141,0.02142087,0.00048812,0.0,0.00112405,0.97691914,0.0,4.782e-05,44572,6,0.17627014,7.7619967
455,8,20027318,0.98136603,0.02155392,0.00038681,0.0,0.00205798,0.97596113,0.0,4.016e-05,54938,6,0.18101836,7.762328
455,9,20027319,0.98276173,0.02165117,0.00063159,0.0,0.001322,0.82717006,0.0,0.14922517,51980,6,0.12539161,7.7619818
455,10,20027320,0.98379281,0.01911846,0.0005484,0.0,0.00128181,0.81784855,0.0,0.16120277,56066,6,0.10778655,7.7619818
456,1,20027341,0.91932668,0.01417896,0.0,0.00209729,0.00055012,0.9830137,0.00015486,5.08e-06,23519,6,0.1387178,0.9848096
456,2,20027342,0.58153915,0.00868671,0.0,0.98967367,0.000298,0.00118414,0.00015622,1.26e-06,15774,2,0.25362656,0.6526683
456,3,20027343,0.92043278,0.01447504,0.0,0.00209845,0.00053389,0.98273259,0.00015506,4.96e-06,58783,6,0.10030322,0.9848074
456,4,20027344,0.92063833,0.01459993,0.0,0.00209774,0.00055219,0.98258978,0.00015497,5.39e-06,58335,6,0.1339275,0.9848246
456,5,20027345,0.42042614,0.01059931,0.0,0.98760424,0.00044244,0.00119802,0.00015468,1.3e-06,65489,2,0.1699026,0.4864373
456,6,20027346,0.91894631,0.01435013,0.0,0.0020984,0.00053695,0.98285462,0.00015466,5.23e-06,52191,6,0.08673193,0.9848096
456,7,20027347,0.91941188,0.01484221,0.0,0.00210227,0.00055523,0.98234031,0.00015489,5.1e-06,30687,6,0.08497464,0.9848125
456,8,20027348,0.90740014,0.00848772,0.0,0.00209044,0.00032158,0.98894388,0.00015518,1.21e-06,39321,6,0.19092814,0.9828337
456,9,20027349,0.90924347,0.01025886,0.0,0.00209436,0.00043796,0.98704723,0.00015369,7.91e-06,63631,6,0.16062641,0.9828376
456,10,20027350,0.92056295,0.01448796,0.0,0.00209783,0.00053791,0.98271647,0.00015494,4.89e-06,22495,6,0.07686042,0.9848124
457,1,20027371,0.97941324,0.03049945,0.50799759,0.0,0.00594359,0.0,0.00043024,0.45512914,48941,7,0.183521,3.6198724
457,2,20027372,0.97928785,0.03050785,0.51501268,0.0,0.00618998,0.0,0.00050773,0.44778176,48941,7,0.17478723,3.6198724
457,3,20027373,0.97893647,0.03038437,0.51679588,0.0,0.00515671,0.0,0.00056701,0.44709603,48941,7,0.1320354,3.6198724
457,4,20027374,0.97860669,0.03179348,0.49870095,0.0,0.00640225,0.0,0.0004047,0.46269862,57133,7,0.11799546,3.6198724
457,5,20027375,0.97984975,0.0287573,0.51124612,0.0,0.00526506,0.0,0.00055937,0.45417214,48941,7,0.18752141,3.6198724
457,6,20027376,0.97902578,0.03020393,0.52086011,0.0,0.00525125,0.0,0.00044824,0.44323648,44845,7,0.11931403,3.6198714
457,7,20027377,0.97844242,0.03284389,0.49918564,0.0,0.00555127,0.0,0.00099993,0.46141927,44845,7,0.11809381,3.6198714
457,8,20027378,0.97863186,0.03111368,0.49838766,0.0,0.00449631,0.0,0.00041608,0.46558625,57133,7,0.13721414,3.6198724
457,9,20027379,0.97893072,0.03148067,0.49756911,0.0,0.00678486,0.0,0.00059696,0.46356841,48941,7,0.12203255,3.6198724
457,10,20027380,0.97684351,0.03395518,0.51351311,0.0,0.00952299,0.0,0.00090149,0.44210723,48941,7,0.14234548,3.6198724
458,1,20027401,0.96463638,0.06428324,0.43112957,0.0,0.0239056,0.0,0.00435577,0.47632582,19210,7,0.04581685,3.0556799
458,2,20027402,0.95766597,0.06950804,0.43809316,0.0,0.02663487,0.0,0.00972154,0.45604238,19210,7,0.03997198,3.0556799
458,3,20027403,0.96667181,0.06247972,0.44838653,0.0,0.02035438,0.0,0.0045163,0.46426308,23308,7,0.04165141,3.0566723
458,4,20027404,0.9624726,0.06849877,0.43420201,0.0,0.026138,0.0,0.00536109,0.46580012,19212,7,0.03643339,3.0556799
458,5,20027405,0.96189334,0.06752289,0.44231994,0.0,0.02471613,0.0,0.00649565,0.4589454,19204,7,0.03633606,3.0556789
458,6,20027406,0.96586656,0.0664916,0.45544635,0.0,0.0244358,0.0,0.00265815,0.45096809,19210,7,0.05484347,3.0556799
458,7,20027407,0.96370628,0.06454607,0.43780031,0.0,0.02618241,0.0,0.00551095,0.46596026,19202,7,0.04866789,3.0556789
458,8,20027408,0.96287369,0.06316635,0.44078814,0.0,0.02632823,0.0,0.00591918,0.46379811,23308,7,0.0391462,3.0566723
458,9,20027409,0.96684405,0.06064764,0.42838334,0.0,0.02241955,0.0,0.00381875,0.48473071,23306,7,0.0403837,3.0566723
458,10,20027410,0.96301404,0.06787919,0.43538805,0.0,0.0291218,0.0,0.00482486,0.4627861,19210,7,0.05195548,3.0556799
459,1,20027431,0.91724302,0.01051781,0.0,0.00222068,0.00117286,0.13516914,0.0,0.85091952,30111,6,0.08926322,0.9849656
459,2,20027432,0.91718992,0.01061453,0.0,0.00222079,0.001213,0.02133129,0.0,0.96462038,59359,7,0.05822271,0.9849687
459,3,20027433,0.91883601,0.01074337,0.0,0.00222091,0.00120302,0.01092449,0.0,0.97490821,32735,7,0.08766881,0.9849698
459,4,20027434,0.91869917,0.01068185,0.0,0.00222082,0.00119794,0.02935375,0.0,0.95654563,32735,7,0.13920367,0.9849698
459,5,20027435,0.91973033,0.01078505,0.0,0.00222155,0.00118677,0.04665751,0.0,0.93914911,30687,7,0.10743982,0.9849698
459,6,20027436,0.91727997,0.01053418,0.0,0.00222076,0.00118955,0.08216305,0.0,0.90389246,32607,7,0.06715856,0.9849698
459,7,20027437,0.91875869,0.01074649,0.0,0.00222063,0.00120851,0.01325836,0.0,0.97256601,32607,7,0.09687938,0.9849698
459,8,20027438,0.91855055,0.01069013,0.0,0.00222007,0.00119417,0.02717604,0.0,0.95871958,30687,7,0.09818664,0.9849698
459,9,20027439,0.92028555,0.01085266,0.0,0.00222122,0.00118798,0.0111904,0.0,0.97454774,32735,7,0.10043135,0.9849698
459,10,20027440,0.9170986,0.01061375,0.0,0.00222031,0.00120902,0.04009474,0.0,0.94586218,61407,7,0.08159138,0.9849688
460,1,20027461,0.98332777,0.0197738,0.00057327,0.0,0.00126622,0.83056559,0.0,0.14782113,48940,6,0.10266083,8.2982575
460,2,20027462,0.98111793,0.0293444,0.00564542,0.0,0.00115017,0.96380199,0.0,5.802e-05,44842,6,0.09408649,8.297926
460,3,20027463,0.89153587,0.58490526,0.41371768,0.0,0.00095774,0.00040546,0.0,1.386e-05,45759,0,0.45614004,5.878902
460,4,20027464,0.9827353,0.02133364,0.00061914,0.0,0.00126721,0.81652464,0.0,0.16025538,57124,6,0.08065864,8.297926
460,5,20027465,0.98276548,0.02131327,0.00062352,0.0,0.00125721,0.81822766,0.0,0.15857833,53036,6,0.0994894,8.297926
460,6,20027466,0.98275317,0.02130748,0.00062291,0.0,0.00123478,0.82305162,0.0,0.15378321,53036,6,0.10727116,8.297926
460,7,20027467,0.89137678,0.58294182,0.41568714,0.0,0.00094654,0.00041038,0.0,1.412e-05,45759,0,0.54704218,5.878902
460,8,20027468,0.98335485,0.01980911,0.00058275,0.0,0.00128113,0.82603469,0.0,0.15229233,44836,6,0.09771488,8.2975945
460,9,20027469,0.98333962,0.01974451,0.00057785,0.0,0.00125986,0.83199156,0.0,0.14642621,44836,6,0.08492965,8.2975945
460,10,20027470,0.98334576,0.01977471,0.00057209,0.0,0.00127131,0.81425486,0.0,0.16412702,44812,6,0.0736199,8.297941
461,1,20027491,0.73372914,0.02490379,0.04883887,0.01782994,0.00512907,0.72136015,0.1818368,0.00010137,6095,6,0.43791852,0.979054
461,2,20027492,0.5537263,0.02751065,0.03732971,0.01817733,0.00725034,0.55440392,0.35521684,0.00011122,22479,6,0.26133602,0.9800287
461,3,20027493,0.51813358,0.03419105,0.0484062,0.04879081,0.00907329,0.48932404,0.36993469,0.00027993,22471,6,0.10062406,0.9797773
461,4,20027494,0.75887831,0.02722429,0.0410179,0.02672601,0.00863285,0.74973502,0.14607342,0.00059051,6095,6,0.3258856,0.979054
461,5,20027495,0.6880897,0.0283331,0.0454426,0.0315865,0.00477764,0.67400628,0.21575319,0.0001007,6095,6,0.23849936,0.979054
461,6,20027496,0.64095232,0.02832594,0.05628566,0.02076544,0.00803673,0.62036376,0.26612474,9.774e-05,6095,6,0.23633307,0.979054
461,7,20027497,0.65820918,0.03104481,0.03794958,0.03387236,0.00684383,0.6470464,0.24289202,0.000351,6095,6,0.21789363,0.979054
461,8,20027498,0.62192236,0.02973855,0.05360973,0.02052282,0.00907136,0.60608775,0.28084402,0.00012577,22479,6,0.23849858,0.9800287
461,9,20027499,0.74783895,0.02658921,0.05602518,0.02563967,0.00497062,0.72572545,0.16089903,0.00015085,6095,6,0.4430843,0.979054
461,10,20027500,0.65574058,0.02944925,0.04176778,0.04224983,0.00869857,0.64025291,0.23754769,3.399e-05,6095,6,0.24840647,0.979054
462,1,20027521,0.97859615,0.01261408,0.00824691,0.0,0.00141044,0.00050249,0.0,0.97722609,14335,7,0.08758842,0.9964547
462,2,20027522,0.97855811,0.01262679,0.00832298,0.0,0.00140909,0.00053536,0.0,0.97710577,53247,7,0.09123862,0.9964537
462,3,20027523,0.97860319,0.01261702,0.00816755,0.0,0.00140321,0.00058048,0.0,0.97723174,16383,7,0.08145752,0.9964547
462,4,20027524,0.97858773,0.01264596,0.00826568,0.0,0.00140664,0.00059224,0.0,0.97708948,40831,7,0.06580534,0.9964547
462,5,20027525,0.97858278,0.01261393,0.00791506,0.0,0.0014109,0.00051383,0.0,0.97754628,51199,7,0.06431296,0.9964537
462,6,20027526,0.97857832,0.01262257,0.00832102,0.0,0.00140449,0.00052369,0.0,0.97712823,16255,7,0.08220022,0.9964547
462,7,20027527,0.9786139,0.01261709,0.00824733,0.0,0.00141417,0.00050761,0.0,0.97721381,32127,7,0.06641607,0.9964512
462,8,20027528,0.97858908,0.01262801,0.00771938,0.0,0.00141843,0.00046926,0.0,0.97776493,49151,7,0.07863949,0.9964547
462,9,20027529,0.97857305,0.01260279,0.00815301,0.0,0.00141348,0.00061735,0.0,0.97721337,55295,7,0.07974715,0.9964547
462,10,20027530,0.97859328,0.01262176,0.00814549,0.0,0.00140405,0.00045538,0.0,0.97737332,49151,7,0.13354212,0.9964547
463,1,20027551,0.9824624,0.02260331,0.00090304,0.0,0.00209423,0.83383981,0.0,0.14055961,57100,6,0.10625536,6.973488
463,2,20027552,0.98253589,0.02240344,0.00088001,0.0,0.00210441,0.82723488,0.0,0.14737727,56076,6,0.09713648,6.9734749
463,3,20027553,0.98428681,0.0186289,0.00073596,0.0,0.00200971,0.82220555,0.0,0.15641988,56074,6,0.14248843,6.9734749
463,4,20027554,0.98433442,0.01849939,0.00072752,0.0,0.0018489,0.80229061,0.0,0.17663359,51978,6,0.11840366,6.9731434
463,5,20027555,0.98519879,0.01433939,0.01037763,0.0,0.00073033,0.97454035,0.0,1.23e-05,8372,6,0.88887336,6.9721498
463,6,20027556,0.98271642,0.02178698,0.00085734,0.0,0.00167305,0.78296257,0.0,0.19272006,51972,6,0.12321161,6.9728118
463,7,20027557,0.9843261,0.01861437,0.00073396,0.0,0.00192392,0.81490884,0.0,0.16381891,51978,6,0.12676072,6.9731434
463,8,20027558,0.9843306,0.01849406,0.00073386,0.0,0.00177965,0.80164415,0.0,0.17734827,51978,6,0.1359324,6.9731434
463,9,20027559,0.98514822,0.01452309,0.00987477,0.0,0.0007301,0.97485977,0.0,1.227e-05,8372,6,0.61194266,6.9721498
463,10,20027560,0.98430568,0.01851395,0.00073098,0.0,0.00183456,0.82441352,0.0,0.15450699,56074,6,0.10706277,6.9734749
464,1,20027581,0.9082448,0.01233844,0.0,0.00207865,0.00045336,0.98497166,0.00015363,4.26e-06,6111,6,0.12221566,0.9822284
464,2,20027582,0.90614807,0.01205266,0.0,0.00207937,0.00043863,0.98527186,0.00015324,4.24e-06,23967,6,0.07825655,0.9821892
464,3,20027583,0.9067138,0.01249861,0.0,0.00207935,0.00046545,0.98479903,0.00015327,4.29e-06,32607,6,0.06023397,0.9822305
464,4,20027584,0.90700111,0.01250908,0.0,0.00207931,0.00046227,0.9847922,0.00015298,4.15e-06,48095,6,0.09072293,0.9822286
464,5,20027585,0.9071127,0.01224391,0.0,0.00207732,0.00044486,0.98507646,0.00015329,4.17e-06,58783,6,0.10965878,0.9822254
464,6,20027586,0.90623387,0.01219553,0.0,0.00207856,0.00044783,0.98512034,0.00015334,4.41e-06,63455,6,0.09736861,0.9822305
464,7,20027587,0.90828623,0.0125297,0.0,0.00207839,0.00046138,0.98477247,0.00015359,4.48e-06,40927,6,0.11343065,0.9822305
464,8,20027588,0.9071978,0.01246747,0.0,0.00208011,0.00045906,0.98483541,0.00015363,4.32e-06,24415,6,0.14807583,0.9822305
464,9,20027589,0.90787147,0.01239326,0.0,0.00207976,0.00045079,0.98491864,0.00015322,4.34e-06,14303,6,0.06625453,0.9822304
464,10,20027590,0.90841477,0.01251916,0.0,0.00207869,0.00046301,0.98478088,0.00015392,4.35e-06,24543,6,0.1226737,0.9822305
465,1,20027611,0.98445369,0.01911688,0.00103706,0.0,0.00228527,0.7563025,9.179e-05,0.2211665,48940,6,0.1702421,6.3363745
465,2,20027612,0.98244951,0.02312809,0.00127488,0.0,0.00242012,0.75357654,9.264e-05,0.21950773,53028,6,0.1007138,6.3357115
465,3,20027613,0.98434931,0.01925187,0.00103888,0.0,0.00202741,0.74592812,9.004e-05,0.23166367,44844,6,0.11033714,6.336043
465,4,20027614,0.98445354,0.01902344,0.0010389,0.0,0.00196042,0.74682802,9.025e-05,0.23105896,44844,6,0.14216764,6.336043
465,5,20027615,0.98452498,0.01893691,0.0010295,0.0,0.00194727,0.73946332,8.828e-05,0.23853472,44844,6,0.17198103,6.336043
465,6,20027616,0.9844671,0.01883417,0.00102988,0.0,0.00184497,0.74237223,8.872e-05,0.23583002,48940,6,0.14864218,6.3363745
465,7,20027617,0.98445918,0.01894473,0.00102592,0.0,0.00195068,0.74211071,8.847e-05,0.2358795,48940,6,0.12838739,6.3363745
465,8,20027618,0.98254732,0.02265478,0.00125498,0.0,0.00183949,0.73550416,8.842e-05,0.23865816,53036,6,0.10818398,6.336043
465,9,20027619,0.98259541,0.02267061,0.00125571,0.0,0.00198852,0.74348798,9.037e-05,0.23050682,53028,6,0.11963122,6.3357115
465,10,20027620,0.98450267,0.0188509,0.00102668,0.0,0.00186533,0.74458442,8.877e-05,0.2335839,44844,6,0.16244032,6.336043
466,1,20027641,0.97810101,0.02287267,0.0428645,0.0,0.00065345,0.0,0.00011151,0.93349786,23183,7,0.92538815,0.9930491
466,2,20027642,0.9781301,0.02319619,0.04145379,0.0,0.00065163,0.0,0.00010947,0.93458892,23183,7,0.93402241,0.9930491
466,3,20027643,0.97815322,0.02336348,0.04059402,0.0,0.00064185,0.0,0.0001089,0.93529175,23183,7,0.93488536,0.9930491
466,4,20027644,0.97750349,0.02414883,0.04907136,0.0,0.00068938,0.0,0.00011985,0.92597058,23175,7,0.51967303,0.9923109
466,5,20027645,0.97811044,0.02317018,0.04159431,0.0,0.00064641,0.0,0.00011021,0.9344789,23183,7,0.93361687,0.9930491
466,6,20027646,0.97810044,0.0230543,0.04320868,0.0,0.00064796,0.0,0.00011054,0.93297852,23183,7,0.93188293,0.9930491
466,7,20027647,0.97809653,0.02320973,0.04198728,0.0,0.00065145,0.0,0.0001115,0.93404004,23183,7,0.93311146,0.9930491
466,8,20027648,0.97811854,0.02304015,0.042024,0.0,0.0006448,0.0,0.0001093,0.93418175,23183,7,0.93251355,0.9930491
466,9,20027649,0.9781464,0.02305682,0.04126323,0.0,0.00064773,0.0,0.00010913,0.93492308,23183,7,0.9332167,0.9930491
466,10,20027650,0.9781452,0.02317426,0.04035234,0.0,0.00064581,0.0,0.00011041,0.93571718,23183,7,0.93508269,0.9930491
467,1,20027671,0.92589586,0.01201432,0.0,0.0,0.00110237,0.02073713,0.0,0.96614619,32767,7,0.07506651,0.9875369
467,2,20027672,0.92619213,0.01203839,0.0,0.0,0.00110966,0.00838337,0.0,0.97846857,36863,7,0.07603672,0.9875359
467,3,20027673,0.92631544,0.01201418,0.0,0.0,0.00110484,0.00768429,0.0,0.97919669,57343,7,0.0778542,0.9875369
467,4,20027674,0.92571195,0.01201545,0.0,0.0,0.00111188,0.01751171,0.0,0.96936096,40447,7,0.07278682,0.9875245
467,5,20027675,0.92620638,0.01200101,0.0,0.0,0.00110374,0.01340043,0.0,0.97349481,14207,7,0.11501546,0.9875266
467,6,20027676,0.92594473,0.01203508,0.0,0.0,0.00110599,0.00813422,0.0,0.97872471,65535,7,0.10744557,0.9875369
467,7,20027677,0.9260039,0.01199667,0.0,0.0,0.00110594,0.00781184,0.0,0.97908554,30719,7,0.07047219,0.9875369
467,8,20027678,0.92596059,0.01203517,0.0,0.0,0.0011093,0.00787543,0.0,0.9789801,50687,7,0.08595272,0.9875234
467,9,20027679,0.92562165,0.01201727,0.0,0.0,0.00111158,0.00794339,0.0,0.97892776,32767,7,0.10831322,0.9875369
467,10,20027680,0.92581616,0.01202632,0.0,0.0,0.00110372,0.02395037,0.0,0.96291959,57343,7,0.08966275,0.9875369
468,1,20027701,0.98330567,0.01945863,0.00057378,0.0,0.00115674,0.84654845,0.0,0.13226241,56074,6,0.08988704,9.1950617
468,2,20027702,0.98246805,0.01928545,0.00056592,0.0,0.00114644,0.97892346,0.0,7.873e-05,55180,6,0.19647311,9.1950793
468,3,20027703,0.98329598,0.01943862,0.00057702,0.0,0.00115319,0.84716057,0.0,0.13167059,51978,6,0.08870609,9.1947302
468,4,20027704,0.9820912,0.02096629,0.00062368,0.0,0.0011122,0.97723828,0.0,5.954e-05,43788,6,0.10236896,9.1947302
468,5,20027705,0.98246584,0.01966872,0.00057904,0.0,0.00110468,0.97858822,0.0,5.934e-05,47882,6,0.09238134,9.1950617
468,6,20027706,0.98328316,0.0194267,0.0005773,0.0,0.00116648,0.86398287,0.0,0.11484665,51978,6,0.09341637,9.1947302
468,7,20027707,0.9754345,0.07205829,0.05223298,0.0,0.00122265,0.74613013,0.0,0.12835595,56074,6,0.06562388,9.1950617
468,8,20027708,0.98269837,0.01819807,0.00040251,0.0,0.00093315,0.98037243,0.0,9.384e-05,56858,6,0.19303589,9.1950793
468,9,20027709,0.98273116,0.02090209,0.00061404,0.0,0.00113892,0.85195908,0.0,0.12538588,56076,6,0.10945213,9.1950617
468,10,20027710,0.98210796,0.02089279,0.00061851,0.0,0.0011091,0.97732109,0.0,5.851e-05,43788,6,0.09111916,9.1947302
469,1,20027731,0.91317823,0.0136617,0.0,0.00193311,0.00057032,0.983673,0.00015696,4.92e-06,37343,6,0.24330179,0.9846853
469,2,20027732,0.90466045,0.01040736,0.0,0.00191158,0.00053823,0.98697416,0.00015556,1.31e-05,30859,6,0.19348325,0.9826833
469,3,20027733,0.91245929,0.01393931,0.0,0.0019364,0.00058138,0.98338008,0.00015746,5.37e-06,33247,6,0.16593192,0.9846843
469,4,20027734,0.43542268,0.00906667,0.0,0.9463441,0.00034597,0.04408569,0.00015614,1.43e-06,38161,2,0.49338773,0.4853182
469,5,20027735,0.89052922,0.00753435,0.0,0.00188357,0.00029279,0.99013259,0.00015487,1.83e-06,32783,6,0.37112162,0.9807236
469,6,20027736,0.89006926,0.00767121,0.0,0.00188538,0.00030853,0.98997751,0.00015525,2.12e-06,37065,6,0.14438561,0.9806488
469,7,20027737,0.90292735,0.01019336,0.0,0.00190972,0.0005258,0.9872023,0.00015578,1.303e-05,61647,6,0.16978441,0.9826691
469,8,20027738,0.91570851,0.01327925,0.0,0.00193529,0.00043179,0.9841932,0.00015636,4.13e-06,22943,6,0.26413803,0.9846722
469,9,20027739,0.91089783,0.01239396,0.0,0.00192236,0.0004543,0.98507029,0.00015624,2.86e-06,37215,6,0.2972985,0.9846854
469,10,20027740,0.9105713,0.01226944,0.0,0.00192416,0.00040021,0.98524716,0.00015601,3.02e-06,33055,6,0.58710458,0.9846996
470,1,20027761,0.98378487,0.02887852,0.21051846,0.0,0.00515582,0.0,0.00050016,0.75494704,48941,7,0.26286672,2.2328396
470,2,20027762,0.98364237,0.03032886,0.1898231,0.0,0.00379957,0.0,0.00044358,0.77560489,48941,7,0.31424103,2.2328396
470,3,20027763,0.98424187,0.02663116,0.20789143,0.0,0.00333671,0.0,0.0004844,0.76165629,48941,7,0.2861369,2.2328396
470,4,20027764,0.98346396,0.03439833,0.13436028,0.0,0.00289167,0.0,0.00033362,0.82801611,57133,7,0.3471201,2.2328396
470,5,20027765,0.98363079,0.02664827,0.23884492,0.0,0.0037145,0.0,0.00056044,0.73023186,44845,7,0.32664706,2.2328387
470,6,20027766,0.98368708,0.0294534,0.19846202,0.0,0.00330935,0.0,0.00045133,0.7683239,48941,7,0.25875808,2.2328396
470,7,20027767,0.98307665,0.03405707,0.16475563,0.0,0.00318396,0.0,0.00038137,0.79762197,53037,7,0.44724869,2.2328387
470,8,20027768,0.98424347,0.02548389,0.21971773,0.0,0.00334671,0.0,0.00049558,0.75095609,48941,7,0.69651514,2.2328396
470,9,20027769,0.98368453,0.02736068,0.22930838,0.0,0.00365401,0.0,0.00053762,0.73913931,48909,7,0.26196093,2.2328421
470,10,20027770,0.9839396,0.02609928,0.22971506,0.0,0.00357546,0.0,0.00051564,0.74009455,48941,7,0.36495478,2.2328396
471,1,20027791,0.98268659,0.0247235,0.00829723,0.0,0.01961476,0.7745493,0.00012303,0.17269218,51978,6,0.11670664,5.2096858
471,2,20027792,0.98352178,0.02232868,0.00726155,0.0,0.01383651,0.7833176,0.00018685,0.17306881,51978,6,0.10575098,5.2096858
471,3,20027793,0.98199266,0.02667648,0.00654597,0.0,0.01999622,0.78668171,0.00010054,0.15999908,51970,6,0.09128921,5.2093543
471,4,20027794,0.98187777,0.0269952,0.01151417,0.0,0.01972746,0.77345535,0.00020879,0.16809902,51978,6,0.05581524,5.2096858
471,5,20027795,0.98215414,0.02501206,0.00671253,0.0,0.01631403,0.77825005,0.00012829,0.17358305,51970,6,0.07742915,5.2093543
471,6,20027796,0.98332773,0.02227952,0.00547665,0.0,0.01463592,0.77374173,9.159e-05,0.18377458,51978,6,0.12072549,5.2096858
471,7,20027797,0.98122406,0.02670997,0.00609495,0.0,0.02153714,0.7855137,0.00025124,0.15989299,56076,6,0.09761309,5.2100173
471,8,20027798,0.98122233,0.02829612,0.00725544,0.0,0.01942533,0.78331597,0.00013565,0.16157149,56076,6,0.11848604,5.2100173
471,9,20027799,0.98049214,0.02954551,0.01129307,0.0,0.02682587,0.78353777,0.00012672,0.14867105,56076,6,0.11109049,5.2100173
471,10,20027800,0.9825717,0.02450036,0.00711961,0.0,0.0189925,0.78989849,0.00020214,0.1592869,51978,6,0.12073436,5.2096858
472,1,20027821,0.90216708,0.01078123,0.0,0.00222214,0.00114542,0.04388795,0.0,0.94196326,57311,7,0.08430741,0.9813194
472,2,20027822,0.90264082,0.01076332,0.0,0.00222316,0.00114382,0.04928117,0.0,0.93658853,30559,7,0.08599688,0.9813194
472,3,20027823,0.89891481,0.01058536,0.0,0.00222288,0.00116135,0.03596929,0.0,0.95006113,65503,7,0.05158907,0.9813194
472,4,20027824,0.90157247,0.01071489,0.0,0.00222365,0.00113967,0.02240526,0.0,0.96351653,8159,7,0.07994302,0.9813174
472,5,20027825,0.89875747,0.01060144,0.0,0.00222315,0.00116538,0.03784927,0.0,0.94816076,63455,7,0.0780439,0.9813194
472,6,20027826,0.9013091,0.01066369,0.0,0.00222467,0.0011668,0.02726301,0.0,0.95868183,24543,7,0.11189217,0.9813194
472,7,20027827,0.90034475,0.01063363,0.0,0.00222399,0.00113792,0.09038308,0.0,0.89562138,40799,7,0.09530883,0.9813194
472,8,20027828,0.90071386,0.01065651,0.0,0.00222433,0.00117214,0.03535327,0.0,0.95059375,8159,7,0.0862506,0.9813174
472,9,20027829,0.90335501,0.01078069,0.0,0.00222297,0.00113298,0.02591082,0.0,0.95995255,14303,7,0.09811045,0.9813193
472,10,20027830,0.90299044,0.01069446,0.0,0.00222357,0.00114525,0.01457406,0.0,0.97136265,22367,7,0.09607085,0.9812978
473,1,20027851,0.98297023,0.01796561,0.00036861,0.0,0.00111619,0.98038841,0.0,0.00016118,42892,6,0.16488324,8.8192952
473,2,20027852,0.98212832,0.01988143,0.00054694,0.0,0.00134155,0.97816961,0.0,6.046e-05,48938,6,0.12559029,8.8196106
473,3,20027853,0.98272111,0.02079135,0.00058149,0.0,0.00130625,0.77491807,0.0,0.20240284,53037,7,0.09427997,8.8202717
473,4,20027854,0.9838168,0.01859397,0.00051324,0.0,0.00130371,0.7898721,0.0,0.18971698,48932,6,0.11648183,8.8192791
473,5,20027855,0.98221299,0.02009794,0.00044396,0.0,0.00116852,0.97812717,0.0,0.00016241,51084,6,0.19597509,8.8192952
473,6,20027856,0.98275701,0.02080846,0.00058205,0.0,0.00131609,0.77506622,0.0,0.20222718,57132,6,0.12144396,8.8196106
473,7,20027857,0.98382768,0.0185995,0.00050927,0.0,0.00130009,0.78714584,0.0,0.1924453,48940,6,0.10709151,8.8196106
473,8,20027858,0.98135027,0.01698825,0.00032674,0.0,0.00088166,0.98177329,0.0,3.007e-05,42444,6,0.16853003,8.8192952
473,9,20027859,0.98382818,0.0185923,0.00050942,0.0,0.0013085,0.79158094,0.0,0.18800884,44844,6,0.1048585,8.8192791
473,10,20027860,0.9820906,0.01989438,0.00054947,0.0,0.00133128,0.97816431,0.0,6.056e-05,44842,6,0.11630928,8.8192791
474,1,20027881,0.8105939,0.03269943,0.04035914,0.00314572,0.02118281,0.78692496,0.11550806,0.00017988,6095,6,0.71354841,0.9834193
474,2,20027882,0.79304877,0.03510067,0.0237508,0.00757039,0.00982065,0.7870827,0.13666579,9e-06,6095,6,0.60455678,0.9834193
474,3,20027883,0.82643498,0.0361772,0.02551526,0.00242077,0.01027105,0.82110479,0.10450255,8.37e-06,6095,6,0.49931901,0.9834193
474,4,20027884,0.84302755,0.04248481,0.02779059,0.00222237,0.01118112,0.82995012,0.08636067,1.032e-05,6095,6,0.59029832,0.9834193
474,5,20027885,0.93983586,0.0303532,0.02116,2.564e-05,0.00277811,0.94259576,0.00307817,9.12e-06,6095,6,0.93588373,0.9834193
474,6,20027886,0.69630216,0.04142473,0.02406362,0.00343946,0.01719438,0.68851809,0.22457758,0.00078214,6095,6,0.50682441,0.9834193
474,7,20027887,0.86306189,0.0337619,0.02278555,0.00226523,0.00536086,0.8617378,0.07408017,8.5e-06,6095,6,0.82223544,0.9834193
474,8,20027888,0.90351789,0.03193852,0.02281552,0.00036798,0.00350538,0.90372927,0.0376318,1.153e-05,6095,6,0.88270203,0.9834193
474,9,20027889,0.74326,0.03821999,0.02258555,0.00721209,0.02129379,0.73692456,0.1729442,0.00081983,6095,6,0.55990136,0.9834193
474,10,20027890,0.73300744,0.04055916,0.02833904,0.00526472,0.01482134,0.72010911,0.19075077,0.00015586,6095,6,0.39332548,0.9834193
475,1,20027911,0.95249384,0.0119065,0.00305751,0.0,0.00108796,0.00421629,0.0,0.97973173,45055,7,0.07645085,0.9920587
475,2,20027912,0.95258305,0.0118934,0.00314913,0.0,0.00107658,0.00850844,0.0,0.97537245,40959,7,0.10405821,0.9920597
475,3,20027913,0.95255844,0.01190295,0.00309934,0.0,0.00107996,0.00395671,0.0,0.97996105,59391,7,0.09614892,0.9920587
475,4,20027914,0.95243525,0.01192104,0.00310452,0.0,0.00108356,0.00496195,0.0,0.97892893,65535,7,0.08547053,0.9920597
475,5,20027915,0.95250352,0.01190436,0.00305973,0.0,0.00108285,0.00447156,0.0,0.9794815,45055,7,0.08610964,0.9920587
475,6,20027916,0.95268795,0.01190744,0.00309501,0.0,0.00108758,0.00576502,0.0,0.97814494,14335,7,0.0595473,0.9920597
475,7,20027917,0.95277352,0.01186901,0.00301809,0.0,0.00108358,0.0044349,0.0,0.97959442,16255,7,0.10674408,0.9920597
475,8,20027918,0.95270668,0.01189264,0.00311969,0.0,0.00108946,0.00434272,0.0,0.97955549,59391,7,0.08029687,0.9920587
475,9,20027919,0.95267383,0.0118991,0.00303154,0.0,0.00109788,0.0042988,0.0,0.97967268,30591,7,0.11683407,0.9920597
475,10,20027920,0.95267346,0.01190162,0.00308389,0.0,0.00109015,0.00623649,0.0,0.97768784,56831,7,0.0869611,0.9920518
476,1,20027941,0.98255516,0.02085543,0.00071622,0.0,0.00135067,0.82024398,0.0,0.1568337,53004,6,0.10992283,9.1573
476,2,20027942,0.98397863,0.01803194,0.00061669,0.0,0.00126552,0.8023844,0.0,0.17770144,51978,6,0.088696,9.1572823
476,3,20027943,0.98255858,0.02086675,0.00070994,0.0,0.00138028,0.82702854,0.0,0.15001449,51972,6,0.10571928,9.1569508
476,4,20027944,0.98252836,0.02090102,0.00071485,0.0,0.00138896,0.82162551,0.0,0.15536967,53004,6,0.10786984,9.1573
476,5,20027945,0.9817304,0.0199048,0.00074478,0.0,0.00139834,0.97788933,0.0,6.276e-05,47874,6,0.09702317,9.1572823
476,6,20027946,0.98395637,0.01811785,0.00062153,0.0,0.00136005,0.82861768,0.0,0.15128289,56074,6,0.09413778,9.1576138
476,7,20027947,0.98392914,0.01810558,0.00062014,0.0,0.00132828,0.83261773,0.0,0.14732828,53002,6,0.09808122,9.1573
476,8,20027948,0.97893523,0.05571805,0.00071501,0.0,0.03345986,0.91004474,0.0,6.233e-05,55180,6,0.17142275,9.1576313
476,9,20027949,0.98398962,0.01807886,0.0006141,0.0,0.00133708,0.81843205,0.0,0.16153791,51970,6,0.15121387,9.1569508
476,10,20027950,0.98173416,0.01979083,0.00074251,0.0,0.00135846,0.9780475,0.0,6.07e-05,47874,6,0.0871034,9.1572823
477,1,20027971,0.89718918,0.01286677,0.0,0.00209102,0.00047877,0.98440462,0.0001543,4.53e-06,8031,6,0.10342434,0.9801475
477,2,20027972,0.89719445,0.01279189,0.0,0.00208967,0.00047935,0.98448035,0.00015434,4.4e-06,14815,6,0.129063,0.980104
477,3,20027973,0.89777063,0.01275551,0.0,0.00208932,0.0004771,0.9845187,0.00015471,4.66e-06,24415,6,0.1876412,0.9801494
477,4,20027974,0.89734504,0.01281208,0.0,0.00208965,0.00047542,0.98446382,0.00015446,4.56e-06,24415,6,0.13453202,0.9801494
477,5,20027975,0.89516898,0.0127559,0.0,0.00209162,0.00048046,0.98451398,0.00015364,4.41e-06,47071,6,0.0980107,0.9801493
477,6,20027976,0.8966197,0.01288472,0.0,0.00209067,0.00048119,0.98438502,0.00015397,4.42e-06,24543,6,0.07970041,0.9801495
477,7,20027977,0.89746195,0.01285028,0.0,0.00209031,0.00047078,0.98443024,0.00015413,4.26e-06,22367,6,0.13098729,0.9801268
477,8,20027978,0.89600987,0.01259258,0.0,0.00209213,0.00046165,0.98469531,0.00015427,4.06e-06,30111,6,0.14477053,0.9801453
477,9,20027979,0.89601432,0.01271336,0.0,0.00208994,0.00047939,0.98455853,0.0001545,4.29e-06,24543,6,0.08527725,0.9801495
477,10,20027980,0.89591034,0.01281832,0.0,0.00209087,0.00048426,0.98444785,0.00015421,4.48e-06,62431,6,0.12397972,0.9801672
478,1,20028001,0.98356502,0.02032851,0.00702788,0.0,0.01364774,0.70469505,0.00014163,0.25415919,44844,6,0.10651106,5.640095
478,2,20028002,0.98149344,0.02470252,0.00587428,0.0,0.01272995,0.68572146,0.00014063,0.27083116,53036,6,0.11421342,5.640095
478,3,20028003,0.98164871,0.02492979,0.00660956,0.0,0.00898109,0.68643232,0.00013983,0.27290742,57133,7,0.13182695,5.6410885
478,4,20028004,0.98418389,0.01954319,0.00553894,0.0,0.00469018,0.68616914,0.00014024,0.28391831,44844,6,0.14851502,5.640095
478,5,20028005,0.98381797,0.01977896,0.00874318,0.0,0.00885517,0.69199994,0.00022432,0.27039844,44844,6,0.13230308,5.640095
478,6,20028006,0.98378718,0.01979139,0.00916861,0.0,0.01018928,0.70101703,0.00014239,0.25969129,44844,6,0.10954302,5.640095
478,7,20028007,0.98188565,0.02448827,0.00658545,0.0,0.00726815,0.68595669,0.00014063,0.27556081,57132,6,0.15097643,5.6404265
478,8,20028008,0.98380348,0.01984554,0.00458057,0.0,0.0110167,0.71537195,0.00014163,0.24904361,44844,6,0.15148109,5.640095
478,9,20028009,0.98384829,0.02039508,0.00715921,0.0,0.00842561,0.70722008,0.00014328,0.25665674,44844,6,0.13411099,5.640095
478,10,20028010,0.98200546,0.02414147,0.0104361,0.0,0.0044805,0.68119155,0.00014081,0.27960957,57133,7,0.12226295,5.6410885
479,1,20028031,0.97959724,0.0414298,0.28396143,0.0,0.02266877,0.0,0.00035969,0.65158031,20235,7,0.06060767,2.4662639
479,2,20028032,0.97900124,0.04919323,0.26705761,0.0,0.0258115,0.0,0.00038542,0.65755224,19210,7,0.09068879,2.465267
479,3,20028033,0.97935552,0.04569607,0.27479866,0.0,0.02630891,0.0,0.00039102,0.65280534,23300,7,0.09172097,2.4660107
479,4,20028034,0.9796093,0.04057034,0.3012677,0.0,0.02358312,0.0,0.00056605,0.63401279,51970,4,0.08795986,2.465928
479,5,20028035,0.9796109,0.03895519,0.32854526,0.0,0.02315487,0.0,0.00036724,0.60897745,51972,4,0.08897349,2.465928
479,6,20028036,0.97918222,0.04508647,0.31144935,0.0,0.02259761,0.0,0.00034819,0.62051838,19204,7,0.07652665,2.465266
479,7,20028037,0.97919085,0.04222001,0.31863067,0.0,0.02725753,0.0,0.00058129,0.6113105,51970,4,0.08786258,2.465928
479,8,20028038,0.97923099,0.04025152,0.32560888,0.0,0.02670719,0.0,0.00063878,0.60679364,51971,4,0.06389735,2.4662593
479,9,20028039,0.97896029,0.04465434,0.29866864,0.0,0.02550796,0.0,0.00042273,0.63074633,51970,4,0.06080524,2.465928
479,10,20028040,0.97815859,0.0470045,0.3034112,0.0,0.02680922,0.0,0.00071205,0.62206302,19212,7,0.07121068,2.465267
480,1,20028061,0.89744502,0.00973023,0.0,0.00221621,0.00103592,0.02510785,0.0,0.96190979,65407,7,0.05173844,0.9824882
480,2,20028062,0.8989234,0.00982819,0.0,0.00221791,0.0010213,0.04987154,0.0,0.93706105,65407,7,0.07261829,0.9824882
480,3,20028063,0.89829387,0.00973349,0.0,0.00221705,0.00103664,0.02403386,0.0,0.96297896,24447,7,0.06910283,0.9824882
480,4,20028064,0.89891406,0.00978989,0.0,0.002217,0.00102018,0.01856805,0.0,0.96840489,16383,7,0.07351555,0.9824882
480,5,20028065,0.89886317,0.00979346,0.0,0.0022172,0.00103489,0.01003821,0.0,0.97691624,7679,7,0.07764453,0.9824688
480,6,20028066,0.89788674,0.00976069,0.0,0.00221748,0.00103386,0.01141323,0.0,0.97557474,45055,7,0.05266346,0.9824872
480,7,20028067,0.89906991,0.00979762,0.0,0.00221757,0.00103336,0.02948825,0.0,0.9574632,40831,7,0.06589103,0.9824882
480,8,20028068,0.89815561,0.00976093,0.0,0.00221775,0.00103571,0.01490959,0.0,0.97207602,63359,7,0.08766119,0.9824882
480,9,20028069,0.89984198,0.00986007,0.0,0.00221649,0.00103919,0.01217585,0.0,0.9747084,8063,7,0.07187566,0.9824872
480,10,20028070,0.89965669,0.0098114,0.0,0.00221611,0.00102656,0.01086027,0.0,0.97608566,16255,7,0.11688882,0.9824882
481,1,20028091,0.98275585,0.02034462,0.00058412,0.0,0.00112497,0.87314958,0.0,0.10479671,57124,6,0.06476232,10.7962385
481,2,20028092,0.98227162,0.01877164,0.00041502,0.0,0.00091061,0.97985834,0.0,4.439e-05,55178,6,0.17543062,10.7965898
481,3,20028093,0.98247118,0.02011469,0.00057988,0.0,0.00107174,0.97817809,0.0,5.559e-05,57130,6,0.0615015,10.7965701
481,4,20028094,0.98276691,0.0203344,0.00057889,0.0,0.00112779,0.84237756,0.0,0.13558136,52996,6,0.08270079,10.7959272
481,5,20028095,0.98275793,0.02039487,0.00057497,0.0,0.0011337,0.85133636,0.0,0.12656009,53036,6,0.06726124,10.7962385
481,6,20028096,0.98275686,0.02038338,0.00058339,0.0,0.00112762,0.84307918,0.0,0.13482643,52012,6,0.08669578,10.7962585
481,7,20028097,0.98249587,0.01933329,0.00056081,0.0,0.00105923,0.97899117,0.0,5.551e-05,44842,6,0.11601278,10.7962385
481,8,20028098,0.9822827,0.01885616,0.00041682,0.0,0.00091263,0.97977009,0.0,4.43e-05,51082,6,0.17194162,10.7962585
481,9,20028099,0.98250555,0.01926985,0.0005571,0.0,0.00106334,0.97905549,0.0,5.422e-05,48906,6,0.09678937,10.7965898
481,10,20028100,0.9825383,0.01824886,0.00040831,0.0,0.00092464,0.98033733,0.0,8.086e-05,46988,6,0.17325482,10.7965898
482,1,20028121,0.70869472,0.01447787,0.00728978,0.0038273,0.00281047,0.79532746,0.17622021,4.691e-05,36939,6,0.20418099,0.9810902
482,2,20028122,0.77913732,0.01598009,0.00842064,0.01110703,0.00310081,0.86166317,0.09966675,6.151e-05,32841,6,0.17136557,0.9810893
482,3,20028123,0.77469628,0.01560622,0.01018138,0.01339174,0.00355252,0.86095778,0.09630471,5.65e-06,32843,6,0.50002148,0.9810892
482,4,20028124,0.84622837,0.01100829,0.00285937,0.00177903,0.0010972,0.94712264,0.03612174,1.173e-05,32777,6,0.36229219,0.9811041
482,5,20028125,0.866537,0.0132743,0.00141933,0.01334138,0.0022807,0.95823402,0.01144804,2.23e-06,32841,6,0.33575669,0.9810893
482,6,20028126,0.67986854,0.01566115,0.00930774,0.02145656,0.00443658,0.75740035,0.19173513,2.49e-06,32779,6,0.23477373,0.9811041
482,7,20028127,0.79771764,0.01330446,0.0052221,0.00802318,0.00214285,0.88987459,0.0814305,2.32e-06,36937,6,0.19004723,0.9810903
482,8,20028128,0.69504676,0.01631527,0.00936795,0.03651761,0.0041832,0.7659138,0.16768826,1.391e-05,32779,6,0.37028928,0.9811041
482,9,20028129,0.80197566,0.01388547,0.00628953,0.0024426,0.00262632,0.89334494,0.08126553,0.00014561,36937,6,0.18106128,0.9810903
482,10,20028130,0.76417248,0.01355232,0.00675348,0.01344868,0.00209607,0.85017382,0.11390973,6.591e-05,32779,6,0.18702294,0.9811041
483,1,20028151,0.99087642,0.01246178,0.0096838,0.0,0.00134628,0.0,0.0,0.97650814,40959,7,0.12712186,0.9985356
483,2,20028152,0.99086315,0.01244418,0.00977872,0.0,0.00134485,0.0,0.0,0.97643225,47103,7,0.13564802,0.9985356
483,3,20028153,0.99083795,0.0124339,0.00998215,0.0,0.00134685,0.0,0.0,0.9762371,36223,7,0.07336167,0.9985332
483,4,20028154,0.99086978,0.01243096,0.00946651,0.0,0.00133874,0.0,0.0,0.97676379,49023,7,0.0981101,0.9985356
483,5,20028155,0.99088769,0.01245681,0.00995525,0.0,0.00134673,0.0,0.0,0.97624121,63359,7,0.06457387,0.9985356
483,6,20028156,0.99088921,0.01243909,0.00944093,0.0,0.0013372,0.0,0.0,0.97678277,49023,7,0.06055024,0.9985356
483,7,20028157,0.99085188,0.01242462,0.00986164,0.0,0.0013479,0.0,0.0,0.97636584,8191,7,0.07736209,0.9985346
483,8,20028158,0.99083702,0.01242974,0.00988842,0.0,0.00134281,0.0,0.0,0.97633903,32639,7,0.05775249,0.9985356
483,9,20028159,0.99089093,0.01247095,0.0096708,0.0,0.00134916,0.0,0.0,0.97650909,57343,7,0.0633464,0.9985356
483,10,20028160,0.99090245,0.01245758,0.00969679,0.0,0.00134029,0.0,0.0,0.97650535,47103,7,0.0671504,0.9985356
484,1,20028181,0.98225676,0.0216739,0.00126502,0.0,0.00302899,0.78830625,3.674e-05,0.1856891,51972,6,0.14701577,8.005305
484,2,20028182,0.98417935,0.01798171,0.00101597,0.0,0.00241943,0.79590957,3.632e-05,0.182637,56074,6,0.11329846,8.005968
484,3,20028183,0.98411316,0.01818626,0.00102084,0.0,0.00260504,0.80108219,3.728e-05,0.17706838,56074,6,0.09691516,8.005968
484,4,20028184,0.98408271,0.01835931,0.00102273,0.0,0.00306933,0.8035957,3.699e-05,0.17391594,53002,6,0.10429803,8.0056519
484,5,20028185,0.98216975,0.02183303,0.00126148,0.0,0.00299379,0.80005422,3.748e-05,0.17381999,56076,6,0.12064877,8.005968
484,6,20028186,0.98406878,0.01837402,0.00102513,0.0,0.00343312,0.81155062,3.747e-05,0.16557964,53002,6,0.11435338,8.0056519
484,7,20028187,0.98421532,0.01791161,0.00101115,0.0,0.00225915,0.79050277,3.614e-05,0.18827918,56066,6,0.10817794,8.0056365
484,8,20028188,0.98420624,0.01795628,0.00100609,0.0,0.00275428,0.79874275,3.639e-05,0.1795042,51978,6,0.10766129,8.0056365
484,9,20028189,0.98421034,0.01804134,0.00100913,0.0,0.00275055,0.79943612,3.688e-05,0.17872598,51978,6,0.13006228,8.0056365
484,10,20028190,0.98224372,0.02173585,0.00125517,0.0,0.00241051,0.78558641,3.638e-05,0.18897568,51980,6,0.11587163,8.0056365
485,1,20028211,0.88047781,0.01065034,0.0,0.00222936,0.00109433,0.06916188,0.0,0.9168641,23519,7,0.09254366,0.976878
485,2,20028212,0.87902092,0.01064941,0.0,0.00222903,0.00110964,0.02727512,0.0,0.9587368,24415,7,0.14496433,0.9768809
485,3,20028213,0.87910791,0.01061768,0.0,0.00222836,0.00110205,0.08926189,0.0,0.89679001,65503,7,0.08750876,0.976881
485,4,20028214,0.88066827,0.01065543,0.0,0.0022266,0.00110449,0.06671685,0.0,0.91929664,8159,7,0.13590942,0.976879
485,5,20028215,0.87974415,0.01057689,0.0,0.00222818,0.00108161,0.14073276,0.0,0.84538055,24543,7,0.07068452,0.9768809
485,6,20028216,0.88002137,0.01071207,0.0,0.00222768,0.00108921,0.01266828,0.0,0.97330276,42975,7,0.10598251,0.9768797
485,7,20028217,0.88038802,0.01057055,0.0,0.00222978,0.00113166,0.04758717,0.0,0.93848084,24415,7,0.13023976,0.9768809
485,8,20028218,0.87982826,0.0105663,0.0,0.0022278,0.00107498,0.20500107,0.0,0.78112985,34655,6,0.09512627,0.97688
485,9,20028219,0.87864304,0.0105598,0.0,0.00222785,0.00107392,0.15505344,0.0,0.83108498,49119,7,0.08472068,0.9768809
485,10,20028220,0.87939754,0.01058814,0.0,0.00222939,0.00108963,0.09630036,0.0,0.88979248,24415,7,0.13432403,0.9768809
486,1,20028241,0.98428816,0.01768826,0.0006778,0.0,0.00154579,0.77743981,0.0,0.20264834,44836,6,0.1192403,9.2610278
486,2,20028242,0.98432232,0.01767747,0.00067561,0.0,0.00143892,0.77247416,0.0,0.20773384,44844,6,0.1585851,9.2613594
486,3,20028243,0.98432679,0.01768579,0.00067353,0.0,0.00146787,0.77323459,0.0,0.20693822,48940,6,0.10869422,9.2616909
486,4,20028244,0.98254888,0.02599413,0.00053041,0.0,0.00590275,0.96579246,0.0,0.00178025,42884,6,0.17800314,9.2610449
486,5,20028245,0.98272467,0.02058971,0.00077693,0.0,0.0015505,0.78172459,0.0,0.19535827,57124,6,0.11640522,9.2613594
486,6,20028246,0.98429989,0.0176353,0.00067711,0.0,0.00148598,0.77379949,0.0,0.20640211,48932,6,0.10679654,9.2613594
486,7,20028247,0.98185882,0.02028241,0.02017054,0.0,0.0017914,0.9232504,0.0,0.03450525,48938,6,0.12779634,9.2616909
486,8,20028248,0.9827555,0.02052493,0.00077661,0.0,0.00148031,0.77960289,0.0,0.19761527,57100,6,0.12351125,9.2617076
486,9,20028249,0.98276045,0.020482,0.00077486,0.0,0.00142115,0.77144551,0.0,0.20587648,53036,6,0.10077526,9.2613594
486,10,20028250,0.98434891,0.01770774,0.00067565,0.0,0.00150137,0.77509005,0.0,0.20502519,44844,6,0.11722541,9.2613594
487,1,20028271,0.08725946,0.06970218,0.02939566,0.0,0.18181662,0.0,0.66659513,0.05249041,4352,3,0.03069114,-0.0022535
487,2,20028272,0.13282005,0.05891882,0.04035077,0.0,0.14862124,0.0,0.66611867,0.0859905,4368,3,0.03896252,-0.0020036
487,3,20028273,0.15800845,0.06734853,0.04562486,0.0,0.17391927,0.0,0.60400263,0.10910471,4368,3,0.07422663,-0.0020036
487,4,20028274,0.13432875,0.07519629,0.04263372,0.0,0.19664004,0.0,0.60310842,0.08242153,4368,3,0.02902223,-0.0020036
487,5,20028275,0.10856017,0.06539049,0.03995967,0.0,0.17893594,0.0,0.65378463,0.06192927,4368,3,0.05374945,-0.0020036
487,6,20028276,0.14123934,0.08013495,0.04060069,0.0,0.21246839,0.0,0.57468189,0.09211407,4368,3,0.06929806,-0.0020036
487,7,20028277,0.08569053,0.06374699,0.03085911,0.0,0.15866763,0.0,0.69696427,0.04976199,4368,3,0.04965765,-0.0020036
487,8,20028278,0.16132317,0.06685979,0.04283867,0.0,0.14936258,0.0,0.62618216,0.1147568,23183,7,0.07033134,0.9836315
487,9,20028279,0.08780159,0.04596715,0.02592182,0.0,0.1314314,0.0,0.73246434,0.06421528,4369,3,0.08465068,-0.0020034
487,10,20028280,0.07903333,0.06139878,0.03286761,0.0,0.14622145,0.0,0.7165608,0.04295136,4369,3,0.05044909,-0.0020034
488,1,20028301,0.91650194,0.01149191,0.00266322,0.0,0.00090613,0.00489818,0.0,0.98004056,47103,7,0.21107132,0.9860452
488,2,20028302,0.91679995,0.01148434,0.00252555,0.0,0.00090438,0.00313757,0.0,0.98194816,16255,7,0.09768045,0.9860452
488,3,20028303,0.91670417,0.01149975,0.00260893,0.0,0.00091115,0.00309508,0.0,0.98188509,32767,7,0.10590337,0.9860452
488,4,20028304,0.91640146,0.01149357,0.00259925,0.0,0.00090577,0.00382976,0.0,0.98117165,16383,7,0.22644443,0.9860452
488,5,20028305,0.91724802,0.01147591,0.00251445,0.0,0.00090428,0.003129,0.0,0.98197636,46975,7,0.0895503,0.9860372
488,6,20028306,0.91652564,0.01150545,0.00267119,0.0,0.00091387,0.00312163,0.0,0.98178787,63487,7,0.088886,0.9860452
488,7,20028307,0.91668746,0.01149708,0.00260214,0.0,0.00090737,0.00326007,0.0,0.98173334,56831,7,0.08099606,0.9860313
488,8,20028308,0.91669287,0.01149799,0.00263287,0.0,0.00090519,0.00315074,0.0,0.98181322,32767,7,0.11008417,0.9860452
488,9,20028309,0.9166925,0.01149167,0.00257836,0.0,0.00090541,0.00681889,0.0,0.97820567,15871,7,0.12537768,0.9860313
488,10,20028310,0.91667587,0.01149931,0.00256728,0.0,0.00091171,0.00357217,0.0,0.98144952,36863,7,0.15392069,0.9860442
489,1,20028331,0.85585342,0.64145808,0.3572081,0.0,0.00097533,0.00034469,0.0,1.38e-05,178,0,0.45820074,8.0292904
489,2,20028332,0.98288227,0.01974329,0.00055104,0.0,0.00108974,0.83114521,0.0,0.14747072,56076,6,0.11749707,12.0172746
489,3,20028333,0.85559687,0.64253944,0.35611198,0.0,0.00097665,0.000358,0.0,1.393e-05,690,0,0.53992276,8.0319606
489,4,20028334,0.92462672,0.30574571,0.16432893,0.0,0.00114865,0.44995431,0.0,0.0788224,178,0,0.20623394,8.0292904
489,5,20028335,0.85232652,0.6523037,0.34352302,0.0,0.00098657,0.00317277,0.0,1.395e-05,690,0,0.42075345,8.0319606
489,6,20028336,0.84889658,0.66633726,0.33206068,0.0,0.00096445,0.00062441,0.0,1.32e-05,8354,4,0.23194727,11.9922272
489,7,20028337,0.98257516,0.01863201,0.00051077,0.0,0.00130035,0.97949918,0.0,5.769e-05,51076,6,0.17632906,12.0166351
489,8,20028338,0.85581293,0.64161385,0.35705219,0.0,0.00097093,0.00034928,0.0,1.375e-05,8354,4,0.35485889,11.9922272
489,9,20028339,0.85407361,0.64837435,0.35028965,0.0,0.00096287,0.00035925,0.0,1.389e-05,690,0,0.52916937,8.0319606
489,10,20028340,0.9816632,0.02050934,0.00057222,0.0,0.00114576,0.97771825,0.0,5.443e-05,43788,6,0.10775193,12.0169431
490,1,20028361,0.8821219,0.01377422,0.0,0.00211083,0.00052597,0.98342868,0.00015557,4.74e-06,48095,6,0.0611762,0.9776954
490,2,20028362,0.87324194,0.01012437,0.0,0.00210181,0.00042857,0.98718297,0.00015506,7.22e-06,60559,6,0.13175608,0.9757064
490,3,20028363,0.8842736,0.01348354,0.0,0.00210496,0.00051383,0.98373721,0.00015568,4.77e-06,51167,6,0.10909559,0.9776962
490,4,20028364,0.88283234,0.01337192,0.0,0.00210661,0.00052186,0.98383951,0.00015556,4.54e-06,37855,6,0.1172883,0.9777154
490,5,20028365,0.8826234,0.01313469,0.0,0.00210585,0.00048699,0.98411193,0.00015601,4.53e-06,24543,6,0.10849058,0.9776973
490,6,20028366,0.88233719,0.01373306,0.0,0.00211018,0.00052159,0.9834747,0.00015576,4.72e-06,59807,6,0.09014337,0.9777146
490,7,20028367,0.8829937,0.01345279,0.0,0.00210767,0.00049153,0.98378778,0.00015577,4.46e-06,8159,6,0.10138974,0.9776954
490,8,20028368,0.88542849,0.01344914,0.0,0.00210686,0.00051926,0.98376435,0.00015573,4.65e-06,6111,6,0.11501867,0.9776952
490,9,20028369,0.88424342,0.013342,0.0,0.00210427,0.00048628,0.98390726,0.00015594,4.26e-06,22495,6,0.11549266,0.9776972
490,10,20028370,0.88418664,0.01356622,0.0,0.00210598,0.00050615,0.98366124,0.00015577,4.64e-06,8159,6,0.10292887,0.9776954
491,1,20028391,0.97693851,0.02968609,0.52713133,0.0,0.00936842,0.0,0.00078731,0.43302685,44845,7,0.11442048,4.4816604
491,2,20028392,0.97730604,0.03327413,0.50607439,0.0,0.01137304,0.0,0.00068927,0.44858917,53037,7,0.11045015,4.4816604
491,3,20028393,0.97571776,0.03156516,0.52632242,0.0,0.01223485,0.0,0.00101504,0.42886253,57133,7,0.10344468,4.4816614
491,4,20028394,0.97749135,0.0277783,0.53388659,0.0,0.00636867,0.0,0.0009079,0.43105854,48941,7,0.11192527,4.4816614
491,5,20028395,0.97549575,0.03201565,0.52375792,0.0,0.02278773,0.0,0.00074532,0.42069339,57133,7,0.11498031,4.4816614
491,6,20028396,0.97642397,0.03123765,0.52358474,0.0,0.01497442,0.0,0.00069802,0.42950518,53037,7,0.13317261,4.4816604
491,7,20028397,0.9770178,0.02928964,0.52795265,0.0,0.0166172,0.0,0.00079104,0.42534946,48940,4,0.11539155,4.4809994
491,8,20028398,0.97616752,0.03041019,0.52355488,0.0,0.01064338,0.0,0.00152876,0.4338628,44845,7,0.1103248,4.4816604
491,9,20028399,0.97855179,0.02534452,0.53066605,0.0,0.00766489,0.0,0.00072139,0.43560316,48941,7,0.16306543,4.4816614
491,10,20028400,0.97685564,0.03037848,0.5305164,0.0,0.01082418,0.0,0.00071636,0.42756458,44845,7,0.09542448,4.4816604
492,1,20028421,0.95730589,0.08413251,0.47773292,0.0,0.04851078,0.0,0.00492479,0.384699,19204,7,0.0293575,5.5578822
492,2,20028422,0.95508959,0.08467571,0.48947978,0.0,0.04797748,0.0,0.00575101,0.37211603,23298,7,0.03094172,5.5586269
492,3,20028423,0.95247279,0.08616008,0.48820602,0.0,0.04434045,0.0,0.00812005,0.37317341,51980,4,0.0299137,5.5588757
492,4,20028424,0.95270379,0.08604932,0.48247768,0.0,0.0465095,0.0,0.00756244,0.37740106,51970,4,0.03586704,5.5585442
492,5,20028425,0.95369476,0.08252583,0.49503266,0.0,0.0459869,0.0,0.0078582,0.36859641,19210,7,0.03298165,5.5578832
492,6,20028426,0.95485902,0.08249345,0.47918022,0.0,0.04072744,0.0,0.00621322,0.39138567,51978,4,0.03013805,5.5588757
492,7,20028427,0.94595182,0.09589903,0.47780318,0.0,0.0655739,0.0,0.01080052,0.34992337,23306,7,0.02820892,5.5588755
492,8,20028428,0.95285059,0.09024634,0.49082692,0.0,0.0464136,0.0,0.00728102,0.36523212,19210,7,0.03722116,5.5578832
492,9,20028429,0.95647875,0.08301983,0.48970093,0.0,0.04829282,0.0,0.00495939,0.37402703,53004,4,0.03259443,5.5588863
492,10,20028430,0.95545969,0.08543385,0.47269907,0.0,0.03705565,0.0,0.00721317,0.39759826,23306,7,0.03391302,5.5588755
493,1,20028451,0.87198744,0.01015694,0.0,0.00222315,0.00093212,0.11642502,0.0,0.87026277,63455,7,0.11255509,0.9753468
493,2,20028452,0.87095239,0.01002786,0.0,0.00222184,0.00094159,0.0394857,0.0,0.94732301,14303,7,0.13125978,0.9753466
493,3,20028453,0.86954019,0.00985387,0.0,0.00222301,0.00091781,0.12891269,0.0,0.85809262,22495,7,0.08496518,0.9753466
493,4,20028454,0.86813836,0.00992573,0.0,0.00222232,0.0009327,0.05350541,0.0,0.93341384,24543,7,0.16150614,0.9753468
493,5,20028455,0.86938294,0.00995898,0.0,0.00222351,0.00093602,0.12569106,0.0,0.86119044,38879,6,0.09947744,0.9753467
493,6,20028456,0.86836229,0.01000762,0.0,0.00222116,0.00092596,0.03620538,0.0,0.95063989,61407,7,0.18557449,0.9753458
493,7,20028457,0.87122861,0.01006034,0.0,0.00222203,0.00092966,0.02866417,0.0,0.9581238,36831,7,0.0967321,0.9753458
493,8,20028458,0.86845828,0.00998261,0.0,0.00222158,0.00091279,0.06088169,0.0,0.92600132,44895,7,0.08773218,0.9753457
493,9,20028459,0.86973902,0.01001649,0.0,0.00222294,0.00093558,0.0609212,0.0,0.92590379,30687,7,0.15196859,0.9753468
493,10,20028460,0.86944753,0.00997128,0.0,0.00222187,0.000932,0.02124537,0.0,0.96562948,61407,7,0.09935035,0.9753458
494,1,20028481,0.9828785,0.01950623,0.00053,0.0,0.00112426,0.81509566,0.0,0.16374385,57124,6,0.10475041,12.9794048
494,2,20028482,0.98288877,0.01950554,0.00052603,0.0,0.00110624,0.804,0.0,0.1748622,53028,6,0.10393743,12.9790733
494,3,20028483,0.86418322,0.64481647,0.35365221,0.0,0.00114872,0.00036786,0.0,1.474e-05,45759,0,0.36363575,9.0081973
494,4,20028484,0.98228231,0.0189784,0.00051382,0.0,0.00115815,0.9792953,0.0,5.433e-05,44842,6,0.14786024,12.9794048
494,5,20028485,0.98247074,0.01860115,0.00041966,0.0,0.00097775,0.97991101,0.0,9.043e-05,55180,6,0.17989228,12.9797604
494,6,20028486,0.98364899,0.01805079,0.00048647,0.0,0.00110002,0.78811778,0.0,0.19224494,44836,6,0.11398325,12.9790733
494,7,20028487,0.982863,0.01958181,0.00053643,0.0,0.00111647,0.80056714,0.0,0.17819815,57132,6,0.09976763,12.9797363
494,8,20028488,0.98296648,0.0172753,0.00036767,0.0,0.0009496,0.98131493,0.0,9.25e-05,42884,6,0.17967752,12.9790977
494,9,20028489,0.98364244,0.01805217,0.00048812,0.0,0.0011227,0.81159161,0.0,0.16874541,48940,6,0.10609356,12.9797363
494,10,20028490,0.9828937,0.01947947,0.00052903,0.0,0.00110946,0.80818665,0.0,0.17069538,53036,6,0.10850138,12.9794048
495,1,20028511,0.90401715,0.02459038,0.0206846,0.00013346,0.00191055,0.94766069,0.00501226,8.06e-06,6095,6,0.93812964,0.9709789
495,2,20028512,0.90960751,0.02381749,0.02316399,0.00012575,0.0015802,0.95109135,0.00021489,6.33e-06,6095,6,0.94886519,0.9709789
495,3,20028513,0.86946598,0.02678052,0.0283973,0.00194592,0.003153,0.90458239,0.03513408,6.79e-06,6095,6,0.76538454,0.9709789
495,4,20028514,0.64258527,0.03535335,0.02518525,0.0142966,0.0067461,0.67513437,0.24327814,6.19e-06,6095,6,0.32235508,0.9709789
495,5,20028515,0.90945707,0.02377929,0.02403998,0.00012976,0.00165771,0.95016037,0.00022666,6.22e-06,6095,6,0.94831518,0.9709789
495,6,20028516,0.89215486,0.02572863,0.02246679,0.00036827,0.00209756,0.93330386,0.01583547,0.00019943,6095,6,0.90897644,0.9709789
495,7,20028517,0.79075828,0.02708653,0.02473581,0.00794838,0.00382418,0.82805344,0.10828117,7.05e-05,6095,6,0.74615526,0.9709789
495,8,20028518,0.69826897,0.03398218,0.05199534,0.01388341,0.02445421,0.69505713,0.18061882,8.92e-06,6095,6,0.53428626,0.9709789
495,9,20028519,0.83899564,0.02883134,0.03362234,0.00399816,0.00230296,0.86808305,0.06310434,5.781e-05,6095,6,0.62403657,0.9709789
495,10,20028520,0.76696736,0.02750923,0.02930843,0.00505373,0.00416496,0.80057483,0.13335158,3.724e-05,6095,6,0.48894033,0.9709789
496,1,20028541,0.95506434,0.01154337,0.00723575,0.0,0.0009425,0.00039757,0.0,0.97988082,55295,7,0.07736352,0.9924596
496,2,20028542,0.95510983,0.01152589,0.00696219,0.0,0.00094548,0.00034134,0.0,0.98022511,16255,7,0.07312626,0.9924596
496,3,20028543,0.95502029,0.0115336,0.00692931,0.0,0.00094664,0.00044719,0.0,0.98014325,16383,7,0.11256791,0.9924597
496,4,20028544,0.95492638,0.01154848,0.00729207,0.0,0.00094129,0.00038852,0.0,0.97982964,38911,7,0.07199883,0.9924597
496,5,20028545,0.95518129,0.0115305,0.00695285,0.0,0.00093995,0.00037762,0.0,0.98019908,14207,7,0.08104728,0.9924527
496,6,20028546,0.95532823,0.01151105,0.00689226,0.0,0.0009412,0.00044094,0.0,0.98021456,8191,7,0.09240779,0.9924587
496,7,20028547,0.95514811,0.01154361,0.00701585,0.0,0.00094433,0.00039164,0.0,0.98010457,38911,7,0.08876933,0.9924597
496,8,20028548,0.95500853,0.0115287,0.00682263,0.0,0.00094686,0.00035744,0.0,0.98034438,57343,7,0.06949762,0.9924597
496,9,20028549,0.95505619,0.01151706,0.00696598,0.0,0.00094018,0.00031057,0.0,0.98026621,30591,7,0.0957674,0.9924597
496,10,20028550,0.95509126,0.01152738,0.00701074,0.0,0.00093492,0.00040808,0.0,0.98011888,30719,7,0.10417453,0.9924597
497,1,20028571,0.98422618,0.01695017,0.00064156,0.0,0.00137755,0.81840446,0.0,0.16262626,51978,6,0.13416455,12.2790787
497,2,20028572,0.9842368,0.01693048,0.00064001,0.0,0.00131989,0.81599123,0.0,0.16511839,51978,6,0.15721167,12.2790787
497,3,20028573,0.98423409,0.01695257,0.00063927,0.0,0.0013294,0.81164354,0.0,0.16943522,51978,6,0.12682761,12.2790787
497,4,20028574,0.98424957,0.01409143,0.17322604,0.0,0.00129529,0.81137468,0.0,1.256e-05,8436,6,0.81078316,12.2781095
497,5,20028575,0.98423308,0.01691178,0.00063848,0.0,0.00125379,0.80760175,0.0,0.1735942,51970,6,0.13156922,12.2787472
497,6,20028576,0.98149066,0.02517431,0.00061765,0.0,0.00476375,0.96925563,0.0,0.00018867,52756,6,0.16966448,12.2787712
497,7,20028577,0.98230804,0.01762317,0.1161391,0.0,0.00140946,0.86479798,0.0,3.03e-05,8436,6,0.48883316,12.2781095
497,8,20028578,0.98268133,0.01960201,0.00073068,0.0,0.00139048,0.81048537,0.0,0.16779146,51980,6,0.09254197,12.2790787
497,9,20028579,0.98419014,0.0170103,0.00064161,0.0,0.00139871,0.81522386,0.0,0.16572552,56074,6,0.11536994,12.2794102
497,10,20028580,0.98424586,0.01689251,0.0006423,0.0,0.00124636,0.80366147,0.0,0.17755736,56074,6,0.13384802,12.2794102
498,1,20028601,0.8466024,0.01109786,0.0,0.00208312,0.0004095,0.9862516,0.00015389,4.03e-06,60383,6,0.11842648,0.9700875
498,2,20028602,0.84701782,0.01113684,0.0,0.00208278,0.00041186,0.98621046,0.0001542,3.87e-06,8159,6,0.08457194,0.9700587
498,3,20028603,0.84623206,0.01115912,0.0,0.00208378,0.00041625,0.98618301,0.000154,3.85e-06,24543,6,0.14855128,0.9700606
498,4,20028604,0.84361756,0.01115642,0.0,0.00208469,0.00041373,0.98618739,0.00015398,3.79e-06,22367,6,0.0745251,0.9700279
498,5,20028605,0.84651699,0.01110431,0.0,0.00208365,0.00041557,0.98623833,0.0001542,3.94e-06,24543,6,0.13548645,0.9700606
498,6,20028606,0.84528032,0.01104639,0.0,0.00208459,0.00041238,0.98629914,0.0001536,3.91e-06,53215,6,0.10752103,0.9700596
498,7,20028607,0.82825281,0.00955303,0.0,0.00208431,0.00036167,0.98784377,0.00015287,4.35e-06,36079,6,0.47251054,0.9660994
498,8,20028608,0.81562433,0.00780461,0.0,0.00208782,0.00029391,0.98965898,0.00015344,1.24e-06,38201,6,0.15550473,0.9680945
498,9,20028609,0.82058668,0.00790428,0.0,0.00208677,0.00030104,0.98955314,0.00015353,1.24e-06,30553,6,0.07792064,0.9680697
498,10,20028610,0.33904844,0.00889102,0.0,0.98940315,0.0003566,0.00119431,0.00015366,1.25e-06,49105,2,0.35317564,0.4716854
499,1,20028631,0.98217027,0.02111486,0.00114607,0.0,0.0061203,0.77754931,9.53e-05,0.19397415,52996,6,0.09541901,9.9151693
499,2,20028632,0.98197461,0.02181527,0.00114954,0.0,0.00875552,0.77928779,9.593e-05,0.18889595,57100,6,0.10131477,9.915832
499,3,20028633,0.98424732,0.01770909,0.00095253,0.0,0.00432648,0.77241575,9.362e-05,0.20450253,44836,6,0.1283043,9.9151509
499,4,20028634,0.9842473,0.01732665,0.00095023,0.0,0.0057631,0.77309342,9.409e-05,0.20277252,44844,6,0.12800241,9.9154825
499,5,20028635,0.98209015,0.02101065,0.00114265,0.0,0.00731661,0.77473792,9.525e-05,0.19569691,53004,6,0.09949853,9.9155007
499,6,20028636,0.98400583,0.01796232,0.00095321,0.0,0.00914499,0.78084517,9.566e-05,0.19099865,44844,6,0.12644007,9.9154825
499,7,20028637,0.98403377,0.01840947,0.00095466,0.0,0.00749048,0.78868763,9.684e-05,0.18436093,44836,6,0.11719608,9.9151509
499,8,20028638,0.98211477,0.02115581,0.0011459,0.0,0.00836945,0.77529762,9.54e-05,0.19393582,57132,6,0.10547479,9.915814
499,9,20028639,0.98216941,0.02135246,0.00113901,0.0,0.00610709,0.7711577,9.423e-05,0.20014951,53036,6,0.11088466,9.9154825
499,10,20028640,0.98183179,0.02277718,0.00114253,0.0,0.01069175,0.78703015,9.875e-05,0.17825964,53004,6,0.10454212,9.9155007
500,1,20028661,0.98557482,0.02349768,0.05224439,0.0,0.00178127,0.0,0.00019771,0.92227894,19211,7,0.88908057,1.4731596
500,2,20028662,0.98562872,0.0235928,0.05041753,0.0,0.00180069,0.0,0.00019555,0.92399343,19211,7,0.88794503,1.4731596
500,3,20028663,0.98298181,0.03634145,0.06267242,0.0,0.01744875,0.0,0.00029507,0.88324231,19211,7,0.6272969,1.4731596
500,4,20028664,0.98536858,0.02379165,0.05774495,0.0,0.00186147,0.0,0.00021163,0.9163903,19211,7,0.82482612,1.4731596
500,5,20028665,0.98083029,0.04712815,0.07684133,0.0,0.02252234,0.0,0.00035274,0.85315544,19211,7,0.24893873,1.4731596
500,6,20028666,0.98354265,0.03646105,0.06825695,0.0,0.00677919,0.0,0.00026477,0.88823804,19211,7,0.44791012,1.4731596
500,7,20028667,0.98390726,0.03605286,0.05329679,0.0,0.01027526,0.0,0.00023342,0.90014167,20235,7,0.34806278,1.473162
500,8,20028668,0.98523974,0.0244772,0.05917449,0.0,0.00191557,0.0,0.00020935,0.91422338,19211,7,0.83427175,1.4731596
500,9,20028669,0.9837767,0.03104954,0.07766499,0.0,0.00315773,0.0,0.000291,0.88783674,20235,7,0.59428839,1.473162
500,10,20028670,0.98217652,0.03891613,0.07046255,0.0,0.01884226,0.0,0.00033787,0.87144119,20235,7,0.33326905,1.473162
501,1,20028691,0.85632526,0.01010163,0.0,0.00123864,0.00080473,0.01162712,0.0,0.97622788,51199,7,0.14047695,0.9759243
501,2,20028692,0.85754864,0.01009659,0.0,0.0012395,0.00079731,0.00778398,0.0,0.98008262,59391,7,0.09723426,0.9759244
501,3,20028693,0.85703503,0.01010896,0.0,0.00123925,0.00081202,0.00629468,0.0,0.98154508,49151,7,0.12590645,0.9759254
501,4,20028694,0.85743714,0.01009322,0.0,0.00123847,0.00079866,0.00626693,0.0,0.98160272,14335,7,0.07355404,0.9759254
501,5,20028695,0.8572251,0.01008832,0.0,0.00123844,0.00080269,0.00637562,0.0,0.98149492,61311,7,0.1132485,0.9759244
501,6,20028696,0.85701085,0.01009512,0.0,0.00123956,0.0008091,0.00639358,0.0,0.98146264,48639,7,0.09117355,0.9759014
501,7,20028697,0.85736926,0.01010171,0.0,0.00123872,0.00080136,0.00823636,0.0,0.97962186,61311,7,0.17457311,0.9759244
501,8,20028698,0.85782166,0.01010155,0.0,0.00123906,0.00079625,0.00664369,0.0,0.98121946,8191,7,0.10930728,0.9759244
501,9,20028699,0.85764501,0.01009827,0.0,0.00123858,0.00081627,0.00694379,0.0,0.9809031,40959,7,0.12908432,0.9759254
501,10,20028700,0.85741093,0.01009631,0.0,0.00123998,0.00080564,0.0061122,0.0,0.98174587,24447,7,0.11117351,0.9759254
502,1,20028721,0.98276222,0.01875134,0.00051793,0.0,0.00098091,0.87489039,0.0,0.10485943,51970,6,0.0704619,17.010805
502,2,20028722,0.98276983,0.01920275,0.00052387,0.0,0.00098399,0.89012911,0.0,0.08916027,56068,6,0.08772175,17.0111365
502,3,20028723,0.98274856,0.0187605,0.00051931,0.0,0.00097872,0.86611634,0.0,0.11362514,57098,6,0.07694227,17.0115011
502,4,20028724,0.9827528,0.01874971,0.00051623,0.0,0.00097685,0.86336528,0.0,0.11639192,56074,6,0.10840987,17.011468
502,5,20028725,0.98249242,0.01908227,0.00052349,0.0,0.00097804,0.97936621,0.0,4.999e-05,43820,6,0.07676431,17.0111698
502,6,20028726,0.98251104,0.01753301,0.0003989,0.0,0.00083808,0.98116606,0.0,6.395e-05,56858,6,0.18094763,17.0115011
502,7,20028727,0.98278904,0.01920081,0.00052574,0.0,0.00098501,0.88790447,0.0,0.09138397,56076,6,0.10628119,17.011468
502,8,20028728,0.98274766,0.01874318,0.00051633,0.0,0.00098096,0.88334958,0.0,0.09640994,51970,6,0.08745558,17.010805
502,9,20028729,0.98220292,0.01810704,0.00040422,0.0,0.0008431,0.98060426,0.0,4.138e-05,44572,6,0.17613823,17.0111698
502,10,20028730,0.98276181,0.01876807,0.00051767,0.0,0.00098503,0.89367029,0.0,0.08605894,51978,6,0.09545187,17.0111365
503,1,20028751,0.82928234,0.0091368,0.0,0.00190828,0.00047023,0.98831831,0.00015621,1.017e-05,59599,6,0.08981651,0.9710843
503,2,20028752,0.85225153,0.01438519,0.0,0.00195664,0.00058862,0.98290617,0.0001582,5.19e-06,37343,6,0.30122216,0.9730671
503,3,20028753,0.81147969,0.00727251,0.0,0.0018866,0.00026906,0.99041452,0.00015589,1.42e-06,36875,6,0.22013303,0.969118
503,4,20028754,0.85074284,0.01421939,0.0,0.0019597,0.00055628,0.98310183,0.00015816,4.64e-06,33183,6,0.24681468,0.9730928
503,5,20028755,0.84978976,0.01382424,0.0,0.00195397,0.0005124,0.98354758,0.00015805,3.76e-06,33119,6,0.17752472,0.9730663
503,6,20028756,0.84157103,0.01086659,0.0,0.00191858,0.00045452,0.9865982,0.00015793,4.18e-06,33183,6,0.68869255,0.9730928
503,7,20028757,0.84246148,0.01117426,0.0,0.00192386,0.00045113,0.98628892,0.00015798,3.83e-06,33183,6,0.58014084,0.9730928
503,8,20028758,0.81340872,0.00733011,0.0,0.00188583,0.00029248,0.9903339,0.00015589,1.79e-06,32779,6,0.22814597,0.9691171
503,9,20028759,0.84393156,0.01139507,0.0,0.00191964,0.0005325,0.98599082,0.0001578,4.18e-06,37343,6,0.48333419,0.9730671
503,10,20028760,0.84639762,0.01277232,0.0,0.00194218,0.00056125,0.98456187,0.000158,4.37e-06,37279,6,0.25236561,0.9730939
504,1,20028781,0.98418127,0.02519508,0.12452277,0.0,0.00252744,0.0,0.00054017,0.84721454,48941,7,0.39417942,2.4925435
504,2,20028782,0.98417285,0.03398498,0.06201898,0.0,0.00230427,0.0,0.00028763,0.90140415,57133,7,0.52476014,2.4925435
504,3,20028783,0.98355338,0.03387996,0.08096258,0.0,0.00244725,0.0,0.00034712,0.88236309,53037,7,0.43765799,2.4925425
504,4,20028784,0.98379972,0.03317888,0.07625583,0.0,0.00234171,0.0,0.00032376,0.88789982,57133,7,0.52262063,2.4925435
504,5,20028785,0.98445236,0.02611701,0.1159217,0.0,0.00251234,0.0,0.00049979,0.85494916,48941,7,0.39334857,2.4925435
504,6,20028786,0.98351978,0.0337107,0.08129685,0.0,0.00255597,0.0,0.00035019,0.88208629,57133,7,0.63422209,2.4925435
504,7,20028787,0.98423469,0.02643855,0.12138055,0.0,0.002512,0.0,0.00052639,0.84914252,44845,7,0.31462991,2.4925425
504,8,20028788,0.98403463,0.02566727,0.12791581,0.0,0.00259143,0.0,0.0005562,0.84326929,48941,7,0.3857257,2.4925435
504,9,20028789,0.98351814,0.03530584,0.07834865,0.0,0.00246569,0.0,0.00034305,0.88353677,53037,7,0.56221115,2.4925425
504,10,20028790,0.98395767,0.02578045,0.13220582,0.0,0.00262671,0.0,0.0005701,0.83881692,48941,7,0.33899742,2.4925435
505,1,20028811,0.98084352,0.0198952,0.00341809,0.0,0.05219804,0.81133127,9.026e-05,0.11306714,56074,6,0.11779412,11.4404791
505,2,20028812,0.98229915,0.01934107,0.00265495,0.0,0.03409351,0.80504465,8.861e-05,0.1387772,51970,6,0.1291688,11.4398161
505,3,20028813,0.98109567,0.01862033,0.00508633,0.0,0.04844366,0.79707117,8.884e-05,0.13068967,51978,6,0.11900492,11.4401476
505,4,20028814,0.98161182,0.01881929,0.00411311,0.0,0.04006758,0.79878604,8.817e-05,0.1381258,56074,6,0.12329453,11.4404791
505,5,20028815,0.97984579,0.02236229,0.00388613,0.0,0.0616277,0.81028095,9.146e-05,0.10175147,56066,6,0.12036602,11.4401476
505,6,20028816,0.98132107,0.01854771,0.00215635,0.0,0.05193106,0.81160483,8.951e-05,0.11567054,51970,6,0.12824286,11.4398161
505,7,20028817,0.9815852,0.01918937,0.00765051,0.0,0.03801837,0.79609252,8.873e-05,0.13896051,51978,6,0.11116899,11.4401476
505,8,20028818,0.98022652,0.01744403,0.00228963,0.0,0.06524529,0.81207864,9.073e-05,0.10285166,56066,6,0.12843718,11.4401476
505,9,20028819,0.98141385,0.02020747,0.00627274,0.0,0.04546878,0.80184387,8.931e-05,0.12611784,57098,6,0.11238016,11.4405011
505,10,20028820,0.97848359,0.02260197,0.00680715,0.0,0.05570387,0.80283559,9.077e-05,0.11196066,56068,6,0.11317527,11.4401476
506,1,20028841,0.79661375,0.0097185,0.0,0.00222662,0.00080014,0.09184235,0.0,0.89541239,22495,7,0.06238387,0.9607079
506,2,20028842,0.79207053,0.00957653,0.0,0.00222605,0.00080386,0.10781286,0.0,0.87958071,22495,7,0.08289459,0.9607079
506,3,20028843,0.79550749,0.00970955,0.0,0.00222673,0.00079922,0.07908676,0.0,0.90817775,30687,7,0.0890494,0.9607081
506,4,20028844,0.7950393,0.00969358,0.0,0.00222655,0.00081202,0.09617889,0.0,0.89108896,22495,7,0.13618666,0.9607079
506,5,20028845,0.78959979,0.00958187,0.0,0.00222605,0.00080121,0.14726969,0.0,0.84012118,8159,7,0.07556968,0.9607062
506,6,20028846,0.79202826,0.00966041,0.0,0.00222603,0.00080918,0.01452556,0.0,0.97277882,42975,7,0.08788076,0.9607068
506,7,20028847,0.79559854,0.00964677,0.0,0.00222636,0.00080806,0.10573776,0.0,0.88158104,16351,7,0.10004945,0.9607081
506,8,20028848,0.79854486,0.00968493,0.0,0.00222842,0.00082335,0.01347619,0.0,0.97378711,8159,7,0.11786311,0.9607062
506,9,20028849,0.79250999,0.00961948,0.0,0.00222584,0.0007843,0.19748539,0.0,0.789885,14303,7,0.05573524,0.9607079
506,10,20028850,0.79698488,0.00963955,0.0,0.00222694,0.00079009,0.08599689,0.0,0.90134653,22495,7,0.12931102,0.9607079
507,1,20028871,0.98038243,0.0208462,0.00075057,0.0,0.00128834,0.97706307,0.0,5.181e-05,57090,6,0.12449184,18.0290749
507,2,20028872,0.98380132,0.01588197,0.22447364,0.0,0.00171986,0.75791184,0.0,1.268e-05,53499,6,0.58933149,18.0300679
507,3,20028873,0.98275953,0.01869803,0.00060634,0.0,0.00114636,0.80658781,0.0,0.17296146,57100,6,0.12719891,18.0294063
507,4,20028874,0.984045,0.01672152,0.00053935,0.0,0.00113248,0.80290125,0.0,0.1787054,44836,6,0.11197832,18.0287091
507,5,20028875,0.98404843,0.01672105,0.00054019,0.0,0.00115634,0.80985618,0.0,0.17172624,48932,6,0.12967666,18.0290406
507,6,20028876,0.9827603,0.01870062,0.00060769,0.0,0.00114722,0.81104703,0.0,0.16849745,53004,6,0.1184632,18.0290749
507,7,20028877,0.98278568,0.01867608,0.000603,0.0,0.00116847,0.81429432,0.0,0.16525814,57132,6,0.11222709,18.0293721
507,8,20028878,0.98406008,0.01670101,0.00054193,0.0,0.00115235,0.80389638,0.0,0.17770833,44844,6,0.11470379,18.0290406
507,9,20028879,0.98038252,0.02089754,0.00075544,0.0,0.00135211,0.97694281,0.0,5.211e-05,53026,6,0.10390887,18.0287091
507,10,20028880,0.98181398,0.01869479,0.00064183,0.0,0.00138617,0.97922659,0.0,5.063e-05,44834,6,0.11074669,18.0287091
508,1,20028901,-0.04842834,0.03304466,0.02095412,0.00038957,0.06019529,0.0,0.88413214,0.00128423,4432,3,0.12532892,-0.0108049
508,2,20028902,-0.05058833,0.02892572,0.01862747,0.0003715,0.05513611,0.0,0.8965195,0.0004197,4433,3,0.18121641,-0.0108046
508,3,20028903,-0.04808889,0.03283791,0.02536093,0.00037571,0.07467815,0.0,0.86490788,0.00183942,4433,3,0.12113093,-0.0108046
508,4,20028904,-0.04868221,0.03023668,0.02904606,0.00049766,0.07397736,0.0,0.86499999,0.00124224,4432,3,0.0933641,-0.0108049
508,5,20028905,-0.05051141,0.02974037,0.02017594,0.00044656,0.06057443,0.0,0.88872838,0.00033432,4433,3,0.13972045,-0.0108046
508,6,20028906,-0.04946465,0.03039818,0.0241795,0.00040532,0.0678131,0.0,0.87630418,0.00089972,4433,3,0.08245871,-0.0108046
508,7,20028907,-0.04643635,0.03289105,0.03127349,0.00057402,0.07337766,0.0,0.8600278,0.00185597,4432,3,0.09343868,-0.0108049
508,8,20028908,-0.04487468,0.02989548,0.0237822,0.00050086,0.06538366,0.0,0.87995838,0.00047942,4432,3,0.13868013,-0.0108049
508,9,20028909,-0.0526257,0.03003315,0.01891119,0.00033281,0.06483379,0.0,0.88588758,1.49e-06,4432,3,0.14176056,-0.0108049
508,10,20028910,-0.04720641,0.03213622,0.03031958,0.00046108,0.08025752,0.0,0.85642297,0.00040263,4368,3,0.07275702,-0.0107946
509,1,20028931,0.87337585,0.01099753,0.00253291,0.0,0.00068969,0.0029575,0.0,0.98282236,63487,7,0.12534268,0.9787136
509,2,20028932,0.87504806,0.01100752,0.0024935,0.0,0.00070647,0.00417583,0.0,0.98161668,24063,7,0.10893856,0.9786924
509,3,20028933,0.87355848,0.01101795,0.00241285,0.0,0.00068774,0.0043446,0.0,0.98153685,32767,7,0.09852501,0.9787137
509,4,20028934,0.874194,0.01099779,0.00247794,0.0,0.0006941,0.00759779,0.0,0.97823238,40959,7,0.10861927,0.9787137
509,5,20028935,0.87402728,0.01101042,0.00250885,0.0,0.00069013,0.00427232,0.0,0.98151828,24575,7,0.100119,0.9787136
509,6,20028936,0.87436572,0.0109918,0.00242959,0.0,0.00069866,0.00302061,0.0,0.98285934,40831,7,0.06896521,0.9787136
509,7,20028937,0.87443319,0.01099954,0.00238568,0.0,0.00069418,0.0033628,0.0,0.9825578,22527,7,0.1430964,0.9787136
509,8,20028938,0.87381627,0.0110126,0.00251207,0.0,0.00069354,0.00326678,0.0,0.98251501,32767,7,0.1239179,0.9787137
509,9,20028939,0.87323462,0.0110163,0.00253456,0.0,0.00068662,0.00359343,0.0,0.9821691,16383,7,0.11693273,0.9787136
509,10,20028940,0.87378855,0.01101233,0.00243818,0.0,0.00070234,0.00296387,0.0,0.98288327,45055,7,0.08817685,0.9787126
510,1,20028961,0.98401372,0.01658086,0.00043298,0.0,0.00098922,0.82823978,0.0,0.15375716,56066,6,0.11774143,23.522701
510,2,20028962,0.98289588,0.01840101,0.0004731,0.0,0.00099894,0.81970524,0.0,0.16042171,56076,6,0.12612539,23.5230325
510,3,20028963,0.98403233,0.01659627,0.00043332,0.0,0.00098927,0.82142969,0.0,0.16055145,56066,6,0.10825656,23.522701
510,4,20028964,0.98291774,0.01839527,0.00047388,0.0,0.00100466,0.82619129,0.0,0.1539349,51980,6,0.15844747,23.522701
510,5,20028965,0.9828373,0.01842472,0.0004772,0.0,0.00099987,0.83084757,0.0,0.14925064,56068,6,0.12330637,23.522701
510,6,20028966,0.9840068,0.01661152,0.00043478,0.0,0.00098823,0.82497002,0.0,0.15699545,56066,6,0.09959317,23.522701
510,7,20028967,0.98288832,0.01838226,0.00047478,0.0,0.00099832,0.81311248,0.0,0.16703216,56068,6,0.11081463,23.522701
510,8,20028968,0.98401384,0.01659426,0.00043209,0.0,0.00098707,0.83078189,0.0,0.15120469,51978,6,0.10649607,23.522701
510,9,20028969,0.98108606,0.01989532,0.00052197,0.0,0.00113469,0.9784003,0.0,4.772e-05,44812,6,0.12026243,23.5227472
510,10,20028970,0.98397419,0.01660961,0.00043419,0.0,0.00099292,0.82549997,0.0,0.1564633,57090,6,0.11236116,23.5227472
511,1,20028991,0.73476273,0.01056576,0.0,0.00209876,0.00040509,0.9867716,0.00015517,3.61e-06,23391,6,0.11253051,0.9485711
511,2,20028992,0.70901638,0.00926047,0.0,0.00210003,0.00037608,0.98810644,0.00015374,3.23e-06,60591,6,0.18835216,0.9466873
511,3,20028993,0.73465443,0.01050833,0.0,0.00209915,0.00038936,0.98684417,0.00015535,3.64e-06,23967,6,0.08041773,0.9485171
511,4,20028994,0.70156977,0.00854025,0.0,0.00208592,0.00030467,0.98891147,0.0001547,2.99e-06,34383,6,0.18330484,0.9446482
511,5,20028995,0.73716415,0.01065968,0.0,0.00209935,0.00039658,0.9866854,0.00015516,3.83e-06,8159,6,0.11145425,0.9486233
511,6,20028996,0.69583895,0.00789544,0.0,0.00209003,0.00030419,0.98955425,0.00015486,1.23e-06,62745,6,0.22440316,0.9466353
511,7,20028997,0.70898463,0.00914983,0.0,0.00209905,0.00036199,0.98823208,0.00015412,2.93e-06,60591,6,0.19164241,0.9466873
511,8,20028998,0.71796862,0.00921018,0.0,0.00209794,0.0003567,0.98817796,0.00015409,3.13e-06,61135,6,0.19165437,0.9466382
511,9,20028999,0.7316149,0.01039046,0.0,0.00209952,0.00038024,0.98697084,0.0001554,3.54e-06,58783,6,0.12229817,0.9486197
511,10,20029000,0.73281279,0.01024765,0.0,0.00209741,0.00037231,0.98712446,0.00015486,3.3e-06,40223,6,0.09596995,0.9486168
