# replicates_c4_e4.csv -- memory-two Wright-Fisher run c4_e4 (parameters: runs.csv), one row per (game, replicate),
# 5120 rows, ipt order 0..511, replicates 1..10 within a game.
# Reduced by provenance/robustness/reduce.py from the packed files c4_e4.{idx,win,rep} and atoms512.bin.
# Columns:
#   ipt      the game (data/games/games.csv)
#   rep      the replicate, 1..10
#   seed     the replicate's seed: seed_base + (isl - 1)*10 + rep, seed_base = 25000000 (runs.csv), isl from games_c4_e4.csv
#   E        the replicate's realised efficiency over its sampled second half (the .rep, 8 decimals)
#   R_abc    the share of the replicate's sampled population in the atom abc (the .rep, 8 decimals); the ten
#            replicates of a game average to the pooled S_abc of games_c4_e4.csv within 6.1e-09
#   top          the replicate's most abundant strategy over its sampled half (the .win 'rank1'): its integer code
#                0..65535 of the Methods (the genome read as a binary number; ALLD = 0, ALLC = 65535)
#   top_atom     its atom at this game as the integer code 4*efficient + 2*stable + competitive (0..7; 101 = 5 never
#                occurs); e.g. 7 = 111 (a friendly rival), 6 = 110, 4 = 100
#   top_share    its share of the replicate's sampled population (the .win 'abund')
#   top_selfpay  its per-round payoff against itself at this game (the .win 'selfpay')
ipt,rep,seed,E,R_000,R_100,R_010,R_001,R_110,R_011,R_111,top,top_atom,top_share,top_selfpay
0,1,25013671,0.99811687,0.00336862,0.00387888,9.3e-07,1.89e-05,0.99273234,2.8e-07,5e-08,35609,6,0.2265208,0.9992481
0,2,25013672,0.99650595,0.00972642,0.00928965,8.6e-07,0.00027059,0.98071204,2.7e-07,1.6e-07,36875,6,0.24087087,0.9994994
0,3,25013673,0.99499401,0.00844481,0.0115295,1.01e-06,0.00237098,0.889882,5.888e-05,0.08771281,34959,6,0.17828825,0.9994995
0,4,25013674,0.97071842,0.04181535,0.02119195,0.02061991,0.00274591,0.91342055,0.00020623,1e-07,39179,6,0.12037442,0.9993987
0,5,25013675,0.9971161,0.00587404,0.00641409,9.6e-07,6.768e-05,0.98759263,3.3e-07,5.028e-05,14793,6,0.23022216,0.9990981
0,6,25013676,0.99099044,0.01019875,0.01704619,0.00624342,0.00129325,0.96521784,5.1e-07,4e-08,63531,6,0.17853154,0.9996489
0,7,25013677,0.99915025,0.00052057,0.00051666,1.2e-06,1.943e-05,0.99894165,4.5e-07,4e-08,61385,6,0.99701124,0.9993989
0,8,25013678,0.99523988,0.00973927,0.00771677,1.23e-06,0.00081733,0.98170798,1.736e-05,5e-08,36313,6,0.16273306,0.9993988
0,9,25013679,0.99835806,0.0031438,0.00340577,9.4e-07,0.00014817,0.9933009,3.6e-07,5e-08,32909,6,0.27774082,0.9994993
0,10,25013680,0.98600342,0.00570744,0.01347295,0.03270597,0.00021272,0.94790048,3.7e-07,6e-08,31817,6,0.13122316,0.999498
1,1,25013701,0.99933109,0.00125176,0.0,5.1e-06,3.54e-05,0.99870699,1e-08,7.5e-07,59117,6,0.12938542,0.9996804
1,2,25013702,0.9992739,0.00143512,0.0,6.09e-06,4.869e-05,0.99850774,1e-08,2.34e-06,32759,6,0.17527544,0.9998554
1,3,25013703,0.9992816,0.00083268,0.0,3.62e-06,2.321e-05,0.99914043,1e-08,5e-08,28877,6,0.15801664,0.9996804
1,4,25013704,0.99921574,0.0010079,0.0,4.64e-06,2.822e-05,0.9989592,1e-08,3e-08,43721,6,0.19054638,0.9991616
1,5,25013705,0.99936209,0.00136375,0.0,4.69e-06,3.593e-05,0.99859554,1e-08,8e-08,60247,6,0.10387349,0.9997804
1,6,25013706,0.99934122,0.00121636,0.0,4.22e-06,3.098e-05,0.99853415,0.0,0.00021429,25133,6,0.21384868,0.9995109
1,7,25013707,0.99938407,0.00098412,0.0,3.54e-06,2.9e-05,0.99898096,1e-08,2.38e-06,57817,6,0.19804152,0.9994807
1,8,25013708,0.99920136,0.00072996,0.0,3e-06,1.422e-05,0.99925277,1e-08,4e-08,33561,6,0.21019566,0.9994209
1,9,25013709,0.99913519,0.00105926,0.0,4.78e-06,3.202e-05,0.99890341,0.0,5.3e-07,42553,6,0.15502878,0.998707
1,10,25013710,0.99928949,0.00097985,0.0,4.06e-06,2.87e-05,0.99898729,1e-08,1e-07,32795,6,0.16307042,0.9993611
2,1,25013731,0.99241682,0.01500293,0.01148135,0.00546729,0.00129093,0.8497807,1.6e-07,0.11697665,62169,6,0.19529691,0.9996785
2,2,25013732,0.9972924,0.01089681,0.00784427,1.45e-06,0.00010347,0.98115369,1.2e-07,2e-07,37833,6,0.28290514,0.9996784
2,3,25013733,0.99562166,0.00854098,0.00380883,0.00262605,0.00452103,0.98050284,1e-07,1.9e-07,47897,6,0.28640572,0.9994964
2,4,25013734,0.99714999,0.00640786,0.0061632,1.29e-06,0.00018458,0.98724281,8e-08,1.9e-07,16153,6,0.2825499,0.9994963
2,5,25013735,0.99921824,0.00116426,0.00185034,1.15e-06,6.554e-05,0.99691859,9e-08,3e-08,38617,6,0.34727941,0.9996178
2,6,25013736,0.99690089,0.00798237,0.00910541,1.13e-06,0.00063522,0.98227568,1.5e-07,3e-08,28745,6,0.21722384,0.9997392
2,7,25013737,0.98004361,0.0745904,0.01216303,1.19e-06,0.00043279,0.91281222,1.4e-07,2.1e-07,38093,6,0.22336156,0.9993573
2,8,25013738,0.99844698,0.00494064,0.0033763,1.09e-06,0.00022511,0.99145669,1e-07,7e-08,36875,6,0.17559436,0.9995393
2,9,25013739,0.99380748,0.01282378,0.00581405,1.26e-06,0.00051486,0.98084589,1.1e-07,5e-08,33817,6,0.21509471,0.999418
2,10,25013740,0.99920104,0.00133666,0.00279182,1.2e-06,6.184e-05,0.99580839,6e-08,4e-08,59689,6,0.27127632,0.9996481
3,1,25013761,0.99897973,0.00160251,0.0,6.2e-06,1.716e-05,0.99836783,5.6e-07,5.74e-06,37145,6,0.12915232,0.9996617
3,2,25013762,0.99909684,0.00105144,0.0,8.26e-06,2.791e-05,0.99891166,4.3e-07,3e-07,8137,6,0.18180927,0.9994238
3,3,25013763,0.99890976,0.00204658,0.0,5.22e-06,2.491e-05,0.99792288,3.6e-07,5e-08,61385,6,0.22249688,0.9993239
3,4,25013764,0.99636686,0.00770755,0.0,8.55e-06,0.00016153,0.99212071,9.8e-07,6.7e-07,39119,6,0.22143688,0.999462
3,5,25013765,0.99914185,0.00100939,0.0,5.17e-06,3.068e-05,0.99895403,5.2e-07,2.1e-07,57547,6,0.30977234,0.9996617
3,6,25013766,0.98992508,0.00429045,0.0,0.01611116,0.00011798,0.9794798,5.2e-07,1e-07,31437,6,0.10703793,0.9996617
3,7,25013767,0.99916224,0.00073502,0.0,4.05e-06,2.204e-05,0.99923814,7.3e-07,3e-08,39385,6,0.2111072,0.9996618
3,8,25013768,0.99902765,0.00106418,0.0,5.34e-06,6.495e-05,0.99886204,4.3e-07,3.06e-06,40075,6,0.37004199,0.9994618
3,9,25013769,0.99550395,0.00090809,0.0,0.00707127,1.577e-05,0.99196346,4.7e-07,4.095e-05,35085,6,0.12713422,0.9993238
3,10,25013770,0.99757451,0.00461242,0.0,6.66e-06,8.954e-05,0.99436624,0.00092505,1e-07,53177,6,0.13507436,0.9993929
4,1,25013791,0.9993729,0.0012892,0.0,3.1e-06,4.098e-05,0.99866657,2e-08,1.3e-07,49127,6,0.14927528,0.9997981
4,2,25013792,0.99912851,0.00107232,0.0,2.86e-06,3.304e-05,0.99889154,1e-08,2.2e-07,49433,6,0.22461132,0.9986489
4,3,25013793,0.99930215,0.00131343,0.0,3.25e-06,3.553e-05,0.99864625,3e-08,1.51e-06,10991,6,0.21296156,0.9993852
4,4,25013794,0.99930912,0.0010349,0.0,2.53e-06,2.396e-05,0.99893852,2e-08,7e-08,25609,6,0.18033355,0.9996616
4,5,25013795,0.99926518,0.00108826,0.0,2.47e-06,3.159e-05,0.99887743,1e-08,2.4e-07,7897,6,0.20234721,0.9993353
4,6,25013796,0.99930317,0.00104232,0.0,2.37e-06,2.785e-05,0.99892728,1e-08,1.7e-07,33647,6,0.16909294,0.9997789
4,7,25013797,0.99934059,0.00125546,0.0,2.83e-06,3.163e-05,0.99869445,2e-08,1.562e-05,27575,6,0.12305254,0.9996732
4,8,25013798,0.99939762,0.00101219,0.0,2.79e-06,2.585e-05,0.99895903,1e-08,1.3e-07,57737,6,0.24928072,0.9996232
4,9,25013799,0.99936439,0.00098591,0.0,2.52e-06,2.817e-05,0.99898074,1e-08,2.65e-06,51855,6,0.17824375,0.9995349
4,10,25013800,0.99941509,0.00134521,0.0,2.99e-06,3.66e-05,0.9986149,2e-08,2.7e-07,12247,6,0.21528801,0.9998615
5,1,25013821,0.99875218,0.00198366,0.00342364,1.26e-06,7.314e-05,0.9945178,4.7e-07,4e-08,59721,6,0.24718783,0.9995881
5,2,25013822,0.99733623,0.00486602,0.00301194,1.46e-06,0.00124516,0.99087462,7.5e-07,5e-08,35115,6,0.22506013,0.9994236
5,3,25013823,0.99931301,0.0005292,0.00088505,5.4e-07,1.189e-05,0.99857296,3.3e-07,2e-08,32875,6,0.62389715,0.9994589
5,4,25013824,0.98553054,0.04059797,0.00783358,8.2e-07,0.00073824,0.76220035,6.2e-07,0.18862842,20103,7,0.18862823,0.9992682
5,5,25013825,0.98966124,0.00409327,0.00191622,0.01610253,0.00024117,0.97764619,5.7e-07,6e-08,7113,6,0.27931735,0.999459
5,6,25013826,0.99518446,0.00721492,0.00321664,8.6e-07,0.00223642,0.9873307,4e-07,6e-08,39257,6,0.16391214,0.9997293
5,7,25013827,0.99612002,0.01324275,0.00264323,1.35e-06,0.00020689,0.98322545,0.00068024,8e-08,39769,6,0.23890316,0.9997294
5,8,25013828,0.99883814,0.00165212,0.0010648,1.01e-06,7.771e-05,0.9972038,4.9e-07,8e-08,27913,6,0.2230749,0.9995089
5,9,25013829,0.9965981,0.00729308,0.00287253,8.4e-07,0.0008086,0.98893734,8.753e-05,8e-08,52697,6,0.2779578,0.9994589
5,10,25013830,0.97951515,0.0139527,0.00413688,0.02761432,0.00081969,0.95304242,0.00043395,4e-08,37131,6,0.15414339,0.9994589
6,1,25013851,0.99918814,0.00110454,0.0,1.322e-05,4.096e-05,0.99883756,2.2e-07,3.51e-06,34815,6,0.1559883,0.9998392
6,2,25013852,0.99930058,0.0009147,0.0,1.219e-05,2.952e-05,0.99904328,2.1e-07,1e-07,39593,6,0.1748521,0.9992788
6,3,25013853,0.99929712,0.00101487,0.0,1.15e-05,2.855e-05,0.99894444,2e-07,4.4e-07,38207,6,0.14473373,0.9998391
6,4,25013854,0.99927826,0.00108725,0.0,1.215e-05,4.056e-05,0.99885925,2.2e-07,5.7e-07,62699,6,0.10982238,0.9996391
6,5,25013855,0.99909641,0.00064479,0.0,8.69e-06,2.058e-05,0.99932571,1.9e-07,5e-08,8137,6,0.18164277,0.9993787
6,6,25013856,0.9992543,0.00085493,0.0,9.57e-06,2.561e-05,0.99910908,2.3e-07,5.7e-07,60109,6,0.20668748,0.9996392
6,7,25013857,0.99931245,0.00091335,0.0,1.111e-05,2.695e-05,0.99904834,2.2e-07,3e-08,60813,6,0.20990364,0.9994785
6,8,25013858,0.99923087,0.00103033,0.0,1.052e-05,3.132e-05,0.99892596,1.8e-07,1.69e-06,10063,6,0.14685212,0.9993983
6,9,25013859,0.99922408,0.00064003,0.0,1.131e-05,2.361e-05,0.99932478,2.4e-07,3e-08,48889,6,0.35750811,0.9994786
6,10,25013860,0.99913492,0.00058608,0.0,8.65e-06,1.565e-05,0.99938938,1.9e-07,3e-08,36107,6,0.41981915,0.9992787
7,1,25013881,0.99429148,0.01413645,0.01536799,0.0035795,0.00055537,0.96636052,1e-07,7e-08,38617,6,0.18407973,0.9996868
7,2,25013882,0.98440761,0.00482666,0.0081418,0.07316524,0.00063208,0.91323397,9e-08,1.6e-07,35145,6,0.22007238,0.999487
7,3,25013883,0.99804545,0.00606785,0.00503072,0.00012554,2.805e-05,0.98873755,9e-08,1.019e-05,59353,6,0.17564851,0.9995624
7,4,25013884,0.99520757,0.01416442,0.00896682,1.01e-06,0.00122934,0.97563812,1.1e-07,1.7e-07,36941,6,0.53255777,0.9995624
7,5,25013885,0.99765148,0.00938297,0.01068352,1.5e-06,0.00016104,0.97976952,1.1e-07,1.35e-06,37337,6,0.31429176,0.9997622
7,6,25013886,0.99888205,0.00406721,0.00401487,1.7e-06,3.38e-05,0.99188201,2.8e-07,1.3e-07,35531,6,0.17420807,0.9995623
7,7,25013887,0.97043826,0.09310678,0.01049377,1.58e-06,0.0002639,0.89613372,1.2e-07,1.4e-07,64015,6,0.16282854,0.9997057
7,8,25013888,0.9498193,0.01721314,0.01685454,0.23671509,0.00502301,0.72419382,1.4e-07,2.6e-07,8444,2,0.20053462,0.8108109
7,9,25013889,0.9985544,0.00438112,0.00382024,1.77e-06,0.00015195,0.99164229,1.2e-07,2.53e-06,51993,6,0.1681676,0.9993365
7,10,25013890,0.99162426,0.02981651,0.01667188,2.58e-06,0.00011598,0.95339236,4.7e-07,2.2e-07,59849,6,0.43063736,0.9996868
8,1,25013911,0.99656677,0.00685823,0.00331547,9.2e-07,0.00042033,0.98940441,5.3e-07,1.2e-07,31561,6,0.20933011,0.9995442
8,2,25013912,0.99377423,0.0050364,0.00923021,8.7e-07,0.00170127,0.98257668,0.00145452,5e-08,27913,6,0.22186334,0.9993943
8,3,25013913,0.99885401,0.00082074,0.00188279,1.02e-06,0.00055651,0.996738,9.2e-07,2e-08,60809,6,0.38430099,0.9995441
8,4,25013914,0.99180879,0.00935778,0.00400019,0.01035903,0.00054403,0.97519324,0.00054569,3e-08,57865,6,0.22756298,0.9996081
8,5,25013915,0.93543657,0.00597885,0.00658501,0.17984372,0.00116006,0.8064309,7.2e-07,7.4e-07,55943,6,0.21835729,0.9992916
8,6,25013916,0.95706671,0.00537017,0.00333921,0.12047497,0.00044867,0.87036597,8.5e-07,1.6e-07,61131,6,0.16623115,0.999672
8,7,25013917,0.82325986,0.00282904,0.00238485,0.51075055,5.214e-05,0.48398253,8.3e-07,5e-08,37448,2,0.48304675,0.6664054
8,8,25013918,0.99738188,0.00360312,0.00454917,8.5e-07,0.00025443,0.99138001,0.00021237,4e-08,30729,6,0.27093342,0.999672
8,9,25013919,0.99310258,0.0117912,0.00694325,9e-07,0.00100632,0.97996003,0.00029826,4e-08,36569,6,0.29200006,0.9992167
8,10,25013920,0.8618589,0.00676931,0.00384007,0.40596188,0.00030961,0.58311852,5.7e-07,4e-08,37132,2,0.40595302,0.6663645
9,1,25013941,0.99937423,0.00075016,0.0,7.49e-06,2.553e-05,0.99921677,0.0,4e-08,56265,6,0.32016525,0.9995473
9,2,25013942,0.99922997,0.00087775,0.0,6.89e-06,2.525e-05,0.99908996,0.0,1.5e-07,59561,6,0.18946663,0.9996104
9,3,25013943,0.99933472,0.0010638,0.0,7.35e-06,2.563e-05,0.99890317,0.0,5e-08,46143,6,0.16305127,0.9995297
9,4,25013944,0.99933492,0.00096622,0.0,7.38e-06,1.878e-05,0.9990074,0.0,2.3e-07,57647,6,0.2122524,0.9994842
9,5,25013945,0.99930014,0.00073352,0.0,6.79e-06,1.617e-05,0.99924319,0.0,3.3e-07,63577,6,0.17268789,0.9995472
9,6,25013946,0.99929235,0.00094525,0.0,7.5e-06,2.866e-05,0.99901843,0.0,1.6e-07,63947,6,0.19162274,0.9994209
9,7,25013947,0.9992753,0.00086139,0.0,7.29e-06,2.506e-05,0.99910507,0.0,1.19e-06,25641,6,0.12977751,0.9995237
9,8,25013948,0.99937158,0.00117772,0.0,7.67e-06,3.601e-05,0.99877675,0.0,1.85e-06,56703,6,0.12771486,0.9998735
9,9,25013949,0.99918386,0.00086968,0.0,7.41e-06,2.249e-05,0.99910035,0.0,7e-08,33769,6,0.13137179,0.9990322
9,10,25013950,0.99933991,0.00089908,0.0,7.48e-06,2.616e-05,0.99906607,0.0,1.2e-06,1519,6,0.13279835,0.9993712
10,1,25013971,0.9950809,0.01202028,0.01188348,1e-06,0.00162478,0.97446988,1.7e-07,4.1e-07,37519,6,0.26179249,0.9995585
10,2,25013972,0.98469624,0.01625558,0.00834306,0.08439279,0.00036389,0.89064423,1.2e-07,3.2e-07,39469,6,0.2111651,0.9994892
10,3,25013973,0.98040592,0.04064425,0.03636772,0.01787145,0.01942779,0.88568812,1.4e-07,5.3e-07,55753,6,0.16050603,0.9994893
10,4,25013974,0.98228173,0.04773186,0.01163605,0.00554954,0.00151544,0.93356692,1.4e-07,5e-08,57353,6,0.20741155,0.9997722
10,5,25013975,0.98765554,0.0407805,0.01382562,0.00181985,0.00475529,0.93881862,7e-08,4e-08,38937,6,0.29488783,0.9995446
10,6,25013976,0.99131004,0.02622781,0.01308146,0.00147823,0.00141289,0.95779906,2.4e-07,3.1e-07,40461,6,0.1901758,0.9994892
10,7,25013977,0.98519619,0.01171163,0.01145348,0.07615489,0.00077564,0.89990404,1.5e-07,1.8e-07,36761,6,0.20582182,0.9995447
10,8,25013978,0.99353277,0.02170636,0.01094234,1.15e-06,0.00062708,0.96672287,9e-08,1.1e-07,33071,6,0.21515924,0.9995308
10,9,25013979,0.99243422,0.0194706,0.03233083,0.00379406,0.0014143,0.94298972,1.9e-07,3e-07,37519,6,0.48433457,0.9995585
10,10,25013980,0.98847004,0.03192836,0.00705228,0.00148543,0.00449944,0.955034,1e-07,3.9e-07,33423,6,0.24366362,0.9995585
11,1,25014001,0.99898581,0.00067838,0.0,6.26e-06,2.021e-05,0.99929398,9e-07,2.8e-07,39433,6,0.19499563,0.9989626
11,2,25014002,0.99910456,0.00091515,0.0,6.73e-06,2.321e-05,0.99905378,1.11e-06,2e-08,38061,6,0.1790987,0.9994176
11,3,25014003,0.99906988,0.00081459,0.0,6.68e-06,2.174e-05,0.99915596,7.6e-07,2.8e-07,44343,6,0.15436998,0.9994355
11,4,25014004,0.99907253,0.00112713,0.0,8.47e-06,3.511e-05,0.99882837,8.4e-07,9e-08,21679,6,0.10799785,0.9991535
11,5,25014005,0.99923049,0.00065851,0.0,5.08e-06,1.675e-05,0.99931871,7.5e-07,1.9e-07,6073,6,0.32557837,0.9994765
11,6,25014006,0.99882477,0.00050226,0.0,5.66e-06,1.166e-05,0.99947963,7.4e-07,4e-08,21817,6,0.29111453,0.9988953
11,7,25014007,0.99899672,0.00060098,0.0,5.24e-06,1.479e-05,0.99937793,8.6e-07,2e-07,43001,6,0.22011664,0.9994177
11,8,25014008,0.99925385,0.00090648,0.0,6.19e-06,3.009e-05,0.99905622,9.1e-07,1.1e-07,57357,6,0.21180461,0.9996176
11,9,25014009,0.99916575,0.00088898,0.0,6.27e-06,2.118e-05,0.99908287,6.4e-07,5e-08,36249,6,0.24515199,0.9994178
11,10,25014010,0.9989881,0.00071591,0.0,6.02e-06,1.742e-05,0.99925986,7.5e-07,4e-08,39977,6,0.20751768,0.9994177
12,1,25014031,0.99944609,0.00123957,0.0,8.6e-07,3.151e-05,0.99872662,2e-08,1.43e-06,62233,6,0.26274129,0.9997222
12,2,25014032,0.99948822,0.00151569,0.0,1e-06,3.388e-05,0.99844757,2e-08,1.84e-06,63337,6,0.16708085,0.9996963
12,3,25014033,0.99943217,0.00153091,0.0,9.3e-07,4.437e-05,0.99842367,3e-08,8e-08,43849,6,0.16160284,0.9994964
12,4,25014034,0.99942128,0.00126076,0.0,8.9e-07,3.158e-05,0.99870669,1e-08,7e-08,35865,6,0.14138667,0.9994446
12,5,25014035,0.99948539,0.00112772,0.0,8.8e-07,2.871e-05,0.9988426,2e-08,7e-08,59433,6,0.16822908,0.9997221
12,6,25014036,0.99945526,0.00167081,0.0,1e-06,3.449e-05,0.99829351,1e-08,1.7e-07,63709,6,0.20552384,0.9996962
12,7,25014037,0.99946835,0.00163807,0.0,1.08e-06,5.382e-05,0.99830512,1e-08,1.9e-06,30123,6,0.20957011,0.9996962
12,8,25014038,0.999486,0.00160628,0.0,1.14e-06,4.299e-05,0.99834823,1e-08,1.35e-06,54719,6,0.09446222,0.999948
12,9,25014039,0.99946308,0.00162791,0.0,1.02e-06,4.555e-05,0.99831959,2e-08,5.92e-06,62031,6,0.14483704,0.9997481
12,10,25014040,0.99948944,0.00175089,0.0,1.13e-06,4.538e-05,0.99820189,2e-08,6.9e-07,10047,6,0.14281968,0.9997211
13,1,25014061,0.99599972,0.00632766,0.00577992,4.3e-07,0.00094632,0.98641097,0.00053455,1.5e-07,63817,6,0.3580124,0.9995481
13,2,25014062,0.99881297,0.00079395,0.00145049,3.3e-07,0.00031992,0.99743459,6.8e-07,4e-08,32879,6,0.34968709,0.9994322
13,3,25014063,0.95842891,0.01626483,0.00466506,0.10117505,0.00519576,0.87269565,3.61e-06,3e-08,33305,6,0.30496498,0.9993902
13,4,25014064,0.99848803,0.00216597,0.0060573,3.4e-07,0.00022952,0.99153105,6.4e-07,1.518e-05,28237,6,0.36315358,0.9996659
13,5,25014065,0.99256102,0.0090915,0.00982938,5e-07,0.00403409,0.97704385,6.4e-07,4e-08,38445,6,0.24321791,0.9994741
13,6,25014066,0.9957089,0.00498956,0.00556747,4.2e-07,0.00137387,0.98748964,0.00057898,5e-08,55257,6,0.4470747,0.999716
13,7,25014067,0.99426953,0.00888526,0.01644434,4.9e-07,0.00290009,0.9694555,0.00231427,6e-08,35353,6,0.35407612,0.9992225
13,8,25014068,0.99837245,0.00219021,0.00897786,3.8e-07,0.00016715,0.98866362,7.4e-07,3e-08,33295,6,0.21372462,0.9994741
13,9,25014069,0.99564794,0.0111357,0.00486505,3.6e-07,0.0008383,0.98315983,7.3e-07,4e-08,38095,6,0.2326813,0.9992646
13,10,25014070,0.99617856,0.00339135,0.00314695,4e-07,0.00111609,0.99157464,0.00077054,3e-08,33101,6,0.52932476,0.9993483
14,1,25014091,0.99919771,0.00060842,0.0,1.538e-05,1.732e-05,0.99935851,1.6e-07,2.1e-07,37483,6,0.21740224,0.9993361
14,2,25014092,0.99930677,0.00080083,0.0,1.687e-05,2.914e-05,0.99915291,1.6e-07,9e-08,35801,6,0.21989897,0.9994242
14,3,25014093,0.99923683,0.00096461,0.0,1.746e-05,3.062e-05,0.99898657,1.5e-07,5.9e-07,24239,6,0.14851727,0.9991726
14,4,25014094,0.99929081,0.0009575,0.0,1.79e-05,2.8e-05,0.99899598,1.8e-07,4.5e-07,11367,6,0.09558588,0.9988472
14,5,25014095,0.99924708,0.00093057,0.0,1.824e-05,3.124e-05,0.99901963,1.5e-07,1.7e-07,27181,6,0.16713038,0.9991783
14,6,25014096,0.9992092,0.00065595,0.0,1.688e-05,2.094e-05,0.99930603,1.6e-07,4e-08,34777,6,0.32505759,0.999424
14,7,25014097,0.99931309,0.0008527,0.0,1.84e-05,2.726e-05,0.99910076,1.6e-07,7.1e-07,35851,6,0.12497326,0.999424
14,8,25014098,0.99922348,0.00086158,0.0,1.705e-05,2.39e-05,0.99909647,1.5e-07,8.4e-07,62507,6,0.10385305,0.999624
14,9,25014099,0.99927162,0.00088355,0.0,1.657e-05,2.754e-05,0.99907194,1.4e-07,2.6e-07,24479,6,0.12919837,0.999648
14,10,25014100,0.99922387,0.00054611,0.0,1.504e-05,1.645e-05,0.9994216,1.5e-07,6.5e-07,62025,6,0.16724565,0.999624
15,1,25014121,0.99208643,0.10102342,0.01169433,0.13528534,0.00088333,0.75110475,3.23e-06,5.61e-06,34091,6,0.12615823,0.9995985
15,2,25014122,0.98370725,0.23768601,0.05867381,0.0132962,0.00495576,0.68521869,0.00016913,4e-07,37067,6,0.1332849,0.9995993
15,3,25014123,0.9937827,0.04534197,0.01908221,4.01e-06,0.00070296,0.9348685,3e-07,5e-08,37001,6,0.16188081,0.9995993
15,4,25014124,0.99372419,0.21765764,0.00905859,0.55014318,0.00131965,0.22182029,5.9e-07,5e-08,8948,2,0.50580426,0.9953074
15,5,25014125,0.98967408,0.19003152,0.02256139,3.34e-06,0.03835206,0.74904974,1.58e-06,3.7e-07,32973,6,0.16345433,0.9995993
15,6,25014126,0.99499356,0.11834668,0.00615204,0.00051639,0.00055724,0.8255584,0.04886876,5e-07,33421,6,0.24585615,0.9995989
15,7,25014127,0.97999196,0.34076212,0.02363031,1.733e-05,0.01329118,0.62229407,4.84e-06,1.6e-07,54466,0,0.11142992,0.9952584
15,8,25014128,0.98879303,0.13491184,0.01056921,0.48463159,0.00751962,0.36236734,3.8e-07,2e-08,8940,2,0.39545617,0.9951086
15,9,25014129,0.98825138,0.16003767,0.02518806,1.938e-05,0.02294325,0.79180853,2.93e-06,1.8e-07,24649,6,0.13985405,0.9997492
15,10,25014130,0.98786107,0.13947704,0.01243692,0.60040633,0.00027315,0.24740644,8e-08,4e-08,8892,2,0.32301228,0.9953074
16,1,25014151,0.92715739,0.01481928,0.00896083,0.19036943,0.00115001,0.78275738,0.00194301,6e-08,38985,6,0.24190736,0.9994305
16,2,25014152,0.99550609,0.00761874,0.01583691,1.29e-06,0.00057814,0.97595946,9.4e-07,4.54e-06,55431,6,0.22369081,0.9993363
16,3,25014153,0.88832998,0.01894423,0.0059821,0.29998528,0.00180534,0.673282,1e-06,4e-08,40522,2,0.28600312,0.6663176
16,4,25014154,0.98808426,0.0115104,0.01371345,0.00815341,0.00060106,0.96563403,0.00038745,2.1e-07,38155,6,0.2616448,0.9992614
16,5,25014155,0.99110838,0.00948326,0.00941458,0.00425162,0.0013836,0.97530623,0.00016066,6e-08,32845,6,0.42333078,0.9994306
16,6,25014156,0.99926538,0.000448,0.00112615,1.43e-06,7.84e-06,0.9984157,8.6e-07,2e-08,38025,6,0.54071064,0.9994305
16,7,25014157,0.98641978,0.01220496,0.01484711,0.01460901,0.00064993,0.95768798,9.9e-07,2e-08,31049,6,0.20861472,0.9992919
16,8,25014158,0.96571106,0.00458948,0.00618779,0.09397993,0.00028803,0.89487729,7.746e-05,3e-08,32797,6,0.27408273,0.9992614
16,9,25014159,0.99734356,0.0019195,0.00667583,1.45e-06,0.00012751,0.99025897,0.00101561,1.13e-06,22479,6,0.12114324,0.999661
16,10,25014160,0.93804187,0.00362596,0.00882483,0.17462943,0.00074153,0.8121765,1.69e-06,6e-08,36111,6,0.17022483,0.9992613
17,1,25014181,0.99934559,0.00085627,0.0,1.36e-06,7.512e-05,0.81559366,0.0,0.18347359,14921,6,0.11274552,0.9992015
17,2,25014182,0.99943852,0.00100435,0.0,1.25e-06,0.00013129,0.80580627,0.0,0.19305684,26039,6,0.14942459,0.9997502
17,3,25014183,0.9993452,0.00083373,0.0,1.25e-06,9.429e-05,0.829726,0.0,0.16934473,55737,6,0.13921222,0.9996504
17,4,25014184,0.99941335,0.00090384,0.0,1.34e-06,0.0001125,0.74956443,0.0,0.24941789,36553,6,0.18424806,0.9995003
17,5,25014185,0.99943893,0.00112037,0.0,1.26e-06,0.0001391,0.61742394,0.0,0.38131533,27895,6,0.08262642,0.9996506
17,6,25014186,0.99933972,0.00084017,0.0,1.38e-06,6.803e-05,0.92299283,0.0,0.07609758,63627,6,0.10134412,0.9997002
17,7,25014187,0.99950721,0.00112072,0.0,1.28e-06,0.00013569,0.56810795,0.0,0.43063437,29495,6,0.15675774,0.9996506
17,8,25014188,0.99928752,0.00079827,0.0,1.21e-06,7.03e-05,0.828407,0.0,0.17072322,36281,6,0.27237351,0.9995004
17,9,25014189,0.99939185,0.00100325,0.0,1.37e-06,0.00010418,0.74501797,0.0,0.25387324,59535,6,0.10577607,0.9997003
17,10,25014190,0.99932905,0.00072727,0.0,1.41e-06,5.52e-05,0.9787083,0.0,0.02050782,61961,6,0.28103065,0.9996504
18,1,25014211,0.99816031,0.00437203,0.00356811,1.9e-07,0.00019658,0.99186241,6.4e-07,4e-08,37129,6,0.62914452,0.9995472
18,2,25014212,0.98433226,0.03156387,0.00826283,3e-07,0.00674737,0.95334462,8.088e-05,1.3e-07,35883,6,0.30008216,0.9995736
18,3,25014213,0.98553287,0.03548888,0.00703314,4.5e-07,0.00194999,0.94365219,0.01187526,1e-07,40463,6,0.19971844,0.9994944
18,4,25014214,0.9936443,0.01547209,0.00817591,3.3e-07,0.00462905,0.97172088,7.2e-07,1.02e-06,34063,6,0.22825435,0.9995472
18,5,25014215,0.99286815,0.030213,0.00448545,4.3e-07,0.00147384,0.96376135,6.59e-05,4e-08,37005,6,0.30222022,0.9995736
18,6,25014216,0.99700092,0.00810007,0.00243765,3.7e-07,0.00015586,0.98930529,6.9e-07,7e-08,52633,6,0.39669931,0.9995736
18,7,25014217,0.99162976,0.01042075,0.0038516,3.9e-07,0.00366578,0.980715,0.00134634,1.3e-07,37337,6,0.20424041,0.9997734
18,8,25014218,0.992946,0.01483133,0.00550502,4.3e-07,0.0015994,0.97647494,0.0015888,8e-08,33327,6,0.33479148,0.9995472
18,9,25014219,0.99388979,0.01831434,0.00367655,2.8e-07,0.00254353,0.97546457,6.7e-07,4e-08,35097,6,0.4749233,0.9995736
18,10,25014220,0.98815135,0.03877036,0.00727422,3.1e-07,0.0029616,0.95099243,8.7e-07,2.1e-07,37129,6,0.41294494,0.9995472
19,1,25014241,0.99911308,0.00066715,0.0,1.744e-05,2.358e-05,0.99929104,7.7e-07,2e-08,40073,6,0.17846662,0.9993886
19,2,25014242,0.99914877,0.00085427,0.0,1.766e-05,2.26e-05,0.86381574,7e-07,0.13528902,19087,7,0.13528457,0.9990161
19,3,25014243,0.99912791,0.00060437,0.0,1.49e-05,1.622e-05,0.99934111,6.9e-07,2.272e-05,33389,6,0.2932578,0.9992828
19,4,25014244,0.99917355,0.00081576,0.0,1.802e-05,2.592e-05,0.99913941,7.5e-07,1.4e-07,34475,6,0.14689001,0.9992826
19,5,25014245,0.99908155,0.00049924,0.0,1.417e-05,1.559e-05,0.99947027,6.9e-07,3e-08,37517,6,0.44622435,0.9992828
19,6,25014246,0.99898813,0.00068474,0.0,1.603e-05,2.562e-05,0.99927273,7e-07,1.8e-07,46921,6,0.13022571,0.9990689
19,7,25014247,0.99916827,0.00076326,0.0,1.839e-05,1.977e-05,0.9991976,7.1e-07,2.7e-07,59433,6,0.2154764,0.9994827
19,8,25014248,0.99909627,0.00086351,0.0,2.039e-05,2.697e-05,0.99908825,8e-07,8e-08,60493,6,0.19104437,0.9991657
19,9,25014249,0.99895727,0.00054887,0.0,1.456e-05,1.93e-05,0.99941647,7.5e-07,5e-08,32793,6,0.1874099,0.9991773
19,10,25014250,0.9990976,0.00068892,0.0,1.868e-05,2.438e-05,0.99926719,7.6e-07,7e-08,55231,6,0.13449023,0.9996826
20,1,25014271,0.97064224,0.00157187,0.00120235,0.66702305,9.485e-05,0.33010779,6e-08,2e-08,8420,2,0.66650378,0.9565575
20,2,25014272,0.9823225,0.16014017,0.1870542,0.01555495,0.00069689,0.63655343,1.5e-07,2.1e-07,35855,6,0.09357495,0.9995915
20,3,25014273,0.98073581,0.14569631,0.06999428,0.03042054,0.00125817,0.75263044,1.3e-07,1.3e-07,36185,6,0.24314641,0.9995661
20,4,25014274,0.98872282,0.07887407,0.02513198,0.0479226,0.00029918,0.84777196,9e-08,1.2e-07,36875,6,0.37291103,0.9995916
20,5,25014275,0.99477298,0.05926837,0.090673,2.69e-06,0.00181681,0.84823847,6e-07,7e-08,40201,6,0.17175239,0.9995831
20,6,25014276,0.99254102,0.03422977,0.04337497,1.183e-05,0.02491653,0.84825603,0.04921008,8e-07,37257,6,0.41996976,0.9995831
20,7,25014277,0.97660539,0.04230275,0.04017579,0.41275981,0.00109299,0.50366852,7e-08,7e-08,8380,2,0.40805753,0.9567486
20,8,25014278,0.99081727,0.0677306,0.06808979,0.01472058,0.00612414,0.84333426,2.9e-07,3.5e-07,39371,6,0.35661679,0.9995745
20,9,25014279,0.99013371,0.07624044,0.02217016,1.35e-06,0.0065942,0.89499317,1.5e-07,5.3e-07,37067,6,0.35397505,0.9995916
20,10,25014280,0.99399685,0.09463315,0.13014996,0.01767835,0.00037495,0.75716323,2.4e-07,1.2e-07,52617,6,0.18798657,0.999375
21,1,25014301,0.99845086,0.00209182,0.00065624,8.1e-07,9.77e-06,0.99724001,1.32e-06,3e-08,35225,6,0.73432031,0.9994794
21,2,25014302,0.99722605,0.00495419,0.00394072,6.8e-07,0.00021857,0.99037931,0.00014573,0.00036081,56975,6,0.21095022,0.9993176
21,3,25014303,0.99897189,0.00069114,0.00109023,6.8e-07,7.73e-06,0.99820795,2.24e-06,2e-08,40203,6,0.37664357,0.9993587
21,4,25014304,0.9969062,0.00532035,0.00304259,8.2e-07,0.00067769,0.99063501,0.00032338,1.6e-07,33165,6,0.18995728,0.9993587
21,5,25014305,0.9946928,0.00545314,0.00242873,1.38e-06,0.0011639,0.98961883,0.00133385,1.7e-07,34649,6,0.36129058,0.9994794
21,6,25014306,0.95375346,0.00155775,0.00156266,0.13392486,0.00030189,0.8626197,3.284e-05,3.1e-07,33931,6,0.16793695,0.9994792
21,7,25014307,0.99142808,0.00730419,0.00218572,0.00665099,0.00131998,0.98237504,0.00016398,1e-07,35145,6,0.48350365,0.9992382
21,8,25014308,0.99838572,0.00208138,0.00164475,7.8e-07,0.00011036,0.99616148,9.3e-07,3.1e-07,39977,6,0.24895794,0.9994793
21,9,25014309,0.99774597,0.0019147,0.00341159,0.00037171,0.00065694,0.99364416,7.9e-07,1e-07,39497,6,0.30771395,0.9994794
21,10,25014310,0.99856347,0.00143636,0.00392121,7.5e-07,0.00043835,0.99418979,1.06e-06,1.249e-05,36957,6,0.2508436,0.9993588
22,1,25014331,0.99935156,0.00098165,0.0,8.23e-06,0.00012703,0.63777395,0.0,0.36110914,43975,6,0.08912025,0.9996378
22,2,25014332,0.99919625,0.000708,0.0,8.15e-06,8.132e-05,0.75971668,0.0,0.23948585,37881,6,0.13433358,0.9993893
22,3,25014333,0.99921846,0.0008247,0.0,7.97e-06,7.119e-05,0.84493925,0.0,0.15415689,21863,6,0.10349383,0.9990198
22,4,25014334,0.99906862,0.00037072,0.0,7.57e-06,1.48e-05,0.9994279,0.0,0.00017901,37533,6,0.27433223,0.9991893
22,5,25014335,0.99925538,0.00067015,0.0,8.25e-06,7.818e-05,0.78999977,0.0,0.20924365,40459,6,0.124731,0.9989432
22,6,25014336,0.99917517,0.00072199,0.0,8.12e-06,6.845e-05,0.64478192,0.0,0.35441953,35817,6,0.17890413,0.9991895
22,7,25014337,0.99934706,0.00086702,0.0,8.17e-06,0.00011893,0.44306021,0.0,0.55594567,17535,7,0.14667485,0.9993893
22,8,25014338,0.99933496,0.0006235,0.0,8.5e-06,5.183e-05,0.92920043,0.0,0.07011574,32601,6,0.2452944,0.9996356
22,9,25014339,0.99924704,0.00052915,0.0,8.31e-06,4.789e-05,0.98039,0.0,0.01902466,38233,6,0.22862732,0.9994713
22,10,25014340,0.99932285,0.00090426,0.0,8.06e-06,9.718e-05,0.57629343,0.0,0.42269707,28781,6,0.15963082,0.9994713
23,1,25014361,0.99590512,0.04029011,0.00056244,0.00848953,0.00399458,0.94613158,0.0,0.00053176,43525,6,0.5051908,1.0947914
23,2,25014362,0.99401027,0.02710413,0.00696018,2.66e-06,0.00128176,0.96464122,0.0,1.006e-05,8940,6,0.47032166,1.0946582
23,3,25014363,0.99877871,0.00274673,0.00256279,3.4e-06,0.00029653,0.99438974,0.0,7.9e-07,8364,6,0.56246092,1.0946583
23,4,25014364,0.99954666,0.00028989,6.508e-05,1.67e-06,9.91e-06,0.99963329,0.0,1.5e-07,8372,6,0.99962566,1.0948769
23,5,25014365,0.99751351,0.00660373,0.00057517,5.01e-06,0.0014025,0.99139626,0.0,1.732e-05,56836,6,0.48611484,1.0948081
23,6,25014366,0.99948744,0.00141849,0.00013861,2.68e-06,5.933e-05,0.57050978,0.0,0.42787112,19244,6,0.47145971,1.094877
23,7,25014367,0.99943724,0.00150003,0.00018879,7.35e-06,3.994e-05,0.99824755,0.0,1.635e-05,10765,6,0.63233773,1.094808
23,8,25014368,0.99842103,0.00539734,0.00076023,0.0105296,0.00036087,0.9829474,0.0,4.56e-06,56642,6,0.3417136,1.0949769
23,9,25014369,0.99739693,0.0378307,0.00051014,0.01205441,0.00036346,0.94924078,0.0,5e-07,56642,6,0.68726914,1.0949769
23,10,25014370,0.99951293,0.00168113,0.00123125,5.5e-06,1.386e-05,0.99706758,0.0,6.8e-07,15108,6,0.9967779,1.0949519
24,1,25014391,0.99899095,0.00062839,0.0,6.7e-06,1.696e-05,0.99934653,1.27e-06,1.5e-07,36089,6,0.20360031,0.9991764
24,2,25014392,0.99895171,0.00061757,0.0,7.24e-06,1.688e-05,0.99935688,1.4e-06,2e-08,57645,6,0.17665285,0.9992701
24,3,25014393,0.99898606,0.00112165,0.0,1.128e-05,3.104e-05,0.99882796,1.5e-06,6.57e-06,31135,6,0.12442731,0.9997879
24,4,25014394,0.99898803,0.00104259,0.0,1.053e-05,2.73e-05,0.99891729,1.71e-06,5.8e-07,54335,6,0.15571357,0.9993015
24,5,25014395,0.99896243,0.00056351,0.0,5.6e-06,1.895e-05,0.99941061,1.21e-06,1.2e-07,42841,6,0.22425682,0.9989768
24,6,25014396,0.99907962,0.00093236,0.0,7.79e-06,1.798e-05,0.99904036,1.46e-06,5e-08,63149,6,0.19398128,0.9994819
24,7,25014397,0.99901859,0.00096787,0.0,9.7e-06,3.533e-05,0.9989853,1.61e-06,1.9e-07,7159,6,0.11501714,0.999607
24,8,25014398,0.99893032,0.00079352,0.0,7.05e-06,2.169e-05,0.99912864,1.38e-06,4.772e-05,35147,6,0.11567717,0.9989644
24,9,25014399,0.99904181,0.00070498,0.0,7.16e-06,2.715e-05,0.99925873,1.38e-06,6.1e-07,37449,6,0.25202271,0.9993881
24,10,25014400,0.99898616,0.00076422,0.0,7.31e-06,2.131e-05,0.99920551,1.27e-06,3.9e-07,5113,6,0.14838526,0.9986534
25,1,25014421,0.99955293,0.00145149,0.0,0.0,0.00019494,0.48106547,0.0,0.51728809,26283,6,0.18165765,0.9996668
25,2,25014422,0.99958153,0.0013032,0.0,0.0,0.0001913,0.50647935,0.0,0.49202615,24281,6,0.21542726,0.9996338
25,3,25014423,0.99959667,0.00152039,0.0,0.0,0.00020109,0.54756226,0.0,0.45071627,40927,7,0.2104926,0.9999445
25,4,25014424,0.99950047,0.00123404,0.0,0.0,0.00016386,0.57668799,0.0,0.4219141,31641,6,0.16470923,0.9997169
25,5,25014425,0.99942104,0.00121011,0.0,0.0,0.00012122,0.73815604,0.0,0.26051264,15831,7,0.1646313,0.9998641
25,6,25014426,0.99948393,0.00119187,0.0,0.0,0.00011607,0.77254963,0.0,0.22614243,7577,6,0.13800409,0.9995447
25,7,25014427,0.9994215,0.00073063,0.0,0.0,5.472e-05,0.99918166,0.0,3.299e-05,24393,6,0.43137078,0.9996892
25,8,25014428,0.99943234,0.00111507,0.0,0.0,0.00010928,0.90219139,0.0,0.09658426,57387,6,0.19523445,0.9997169
25,9,25014429,0.99951121,0.00127511,0.0,0.0,0.0001756,0.59696866,0.0,0.40158062,36907,6,0.10949116,0.999517
25,10,25014430,0.99946652,0.00123152,0.0,0.0,0.00014334,0.85796148,0.0,0.14066366,11655,6,0.10477328,0.9993842
26,1,25014451,0.9953228,0.00801511,0.0025363,2.4e-07,0.00192377,0.98751964,4.91e-06,3e-08,34059,6,0.4691865,0.9994999
26,2,25014452,0.99385822,0.00977559,0.00500613,1.6e-07,0.00240527,0.9822393,0.0005734,1.4e-07,35225,6,0.21284697,0.99955
26,3,25014453,0.990037,0.00672443,0.00239596,0.00305267,0.00490093,0.98108872,0.00183718,1e-07,37069,6,0.33684918,0.9995499
26,4,25014454,0.99125312,0.01473835,0.00705092,0.00397197,0.00254695,0.97120595,0.00048579,7e-08,36105,6,0.47229831,0.9994999
26,5,25014455,0.98911757,0.01291309,0.00455636,0.01627667,0.00202374,0.96372699,0.00050309,6e-08,40457,6,0.27710063,0.9993999
26,6,25014456,0.99218299,0.00995665,0.00289695,1.3e-07,0.00270966,0.97731675,0.00711984,2e-08,12639,6,0.36016241,0.9992505
26,7,25014457,0.9846,0.00872993,0.00592575,0.00099164,0.00182407,0.94361314,0.03589982,0.00301564,36873,6,0.10807836,0.99955
26,8,25014458,0.99771694,0.00407685,0.0025318,2.9e-07,0.0010293,0.99236002,1.51e-06,2.2e-07,34893,6,0.27010217,0.9995499
26,9,25014459,0.99215005,0.01177218,0.00684787,8.1e-07,0.00278039,0.97800876,0.00058789,2.1e-06,19591,6,0.26041996,0.99945
26,10,25014460,0.97370999,0.03567293,0.01140971,0.01723405,0.01153033,0.92395851,0.00019444,3e-08,38987,6,0.29009986,0.9995499
27,1,25014481,0.99909489,0.00081701,0.0,1.657e-05,2.771e-05,0.99913805,3e-07,3.7e-07,19655,6,0.1025495,0.9986666
27,2,25014482,0.9993631,0.0007919,0.0,1.666e-05,2.816e-05,0.99916168,2.8e-07,1.33e-06,30795,6,0.16112095,0.9995787
27,3,25014483,0.99885986,0.00063306,0.0,1.569e-05,2.131e-05,0.99932899,2.9e-07,6.6e-07,21929,6,0.1644061,0.9986167
27,4,25014484,0.99909135,0.00073877,0.0,1.528e-05,2.107e-05,0.99922457,2.8e-07,2e-08,34347,6,0.10619581,0.9992683
27,5,25014485,0.99914927,0.00083846,0.0,1.701e-05,2.353e-05,0.99912066,2.8e-07,5e-08,23743,6,0.14808248,0.9995575
27,6,25014486,0.9990734,0.00081784,0.0,1.629e-05,2.21e-05,0.99914332,2.7e-07,1.8e-07,41833,6,0.11296509,0.9982141
27,7,25014487,0.99930356,0.00091529,0.0,1.808e-05,2.524e-05,0.99904107,2.7e-07,5e-08,5375,6,0.13366564,0.9994576
27,8,25014488,0.9991502,0.00085464,0.0,1.711e-05,2.507e-05,0.99910284,2.8e-07,6e-08,13543,6,0.13557308,0.9989623
27,9,25014489,0.99909741,0.00063097,0.0,1.553e-05,1.469e-05,0.99933416,2.8e-07,4.37e-06,32843,6,0.1737158,0.9993789
27,10,25014490,0.9991687,0.00082848,0.0,1.575e-05,2.266e-05,0.99869122,2.8e-07,0.0004416,64653,6,0.19877936,0.9995787
28,1,25014511,0.97986865,0.07614483,0.0110258,0.01806535,0.00139887,0.85438149,0.0,0.03898366,8420,6,0.28919806,1.1517529
28,2,25014512,0.99956821,0.00108494,0.00064037,5.8e-06,3.298e-05,0.99807774,0.0,0.00015817,11042,6,0.36124261,1.151983
28,3,25014513,0.99952843,0.00079662,5.019e-05,5.73e-06,3.041e-05,0.99911677,0.0,2.9e-07,44253,6,0.33223318,1.1521525
28,4,25014514,0.99953624,0.00083277,1.349e-05,4.97e-06,4.505e-05,0.99910278,0.0,9.4e-07,56778,6,0.99875589,1.1520526
28,5,25014515,0.99947758,0.00128308,0.00528382,3.69e-06,5.647e-05,0.84158541,0.0,0.15178752,56869,6,0.30575073,1.1519276
28,6,25014516,0.99949847,0.00146844,0.00035565,4.55e-06,5.282e-05,0.25629766,0.0,0.74182089,24077,7,0.68620489,1.1519527
28,7,25014517,0.99897089,0.0086624,0.02300917,4.2e-06,0.00654799,0.961724,0.0,5.224e-05,56195,6,0.37631921,1.1520525
28,8,25014518,0.99950896,0.00066209,1.366e-05,3.82e-06,1.822e-05,0.99930189,0.0,3.2e-07,19786,6,0.51573585,1.151983
28,9,25014519,0.99950802,0.00099364,0.00227901,6.6e-06,6.416e-05,0.9966198,0.0,3.68e-05,54477,6,0.50006729,1.1520525
28,10,25014520,0.99944292,0.00085703,4.668e-05,3.53e-06,3.419e-05,0.99905818,0.0,3.9e-07,56532,6,0.62854576,1.1520026
29,1,25014541,0.99670883,0.00290317,0.00322698,9.8e-07,0.00081181,0.99305575,1.29e-06,2e-08,39753,6,0.20260512,0.9994602
29,2,25014542,0.99583628,0.00385978,0.00551355,1.18e-06,0.00107655,0.98954504,2.81e-06,1.1e-06,36969,6,0.14505592,0.9992604
29,3,25014543,0.99490831,0.00226262,0.00379233,1.46e-06,0.00063847,0.99088749,0.00241738,2.5e-07,51993,6,0.22442398,0.9984128
29,4,25014544,0.86083096,0.00262166,0.00293178,0.40914337,0.00012332,0.58416354,0.00101631,2e-08,37130,2,0.40912583,0.6662946
29,5,25014545,0.99656941,0.00225888,0.0029974,1.05e-06,0.0002466,0.99332895,0.00116704,8e-08,39307,6,0.30191712,0.9992603
29,6,25014546,0.99411434,0.00684585,0.00428401,9.1e-07,0.00191034,0.98675876,0.00019994,1.9e-07,22919,6,0.21479776,0.9991158
29,7,25014547,0.99790993,0.00224027,0.00512507,1.68e-06,0.00032204,0.99230904,1.86e-06,3e-08,28875,6,0.26818444,0.99963
29,8,25014548,0.99505362,0.00625924,0.0034126,1.11e-06,0.00117132,0.98827086,0.00088485,2e-08,32793,6,0.25265363,0.9992604
29,9,25014549,0.99111444,0.00731147,0.00579102,0.00599303,0.00096912,0.97963038,0.00030493,4e-08,27787,6,0.27402635,0.99958
29,10,25014550,0.96645684,0.00885004,0.00428648,0.08275817,0.00117655,0.90292524,3.12e-06,4e-07,36879,6,0.14206826,0.9994301
30,1,25014571,0.99943191,0.00091545,0.0,1.47e-06,0.00014086,0.57349424,0.0,0.42544799,31671,7,0.12062607,0.999665
30,2,25014572,0.99935834,0.00092627,0.0,1.63e-06,8.398e-05,0.75334684,0.0,0.24564128,60599,6,0.13655488,0.9995734
30,3,25014573,0.99912241,0.00056202,0.0,1.73e-06,4.223e-05,0.99895609,0.0,0.00043792,6073,6,0.1334844,0.999555
30,4,25014574,0.99925387,0.0008466,0.0,1.68e-06,8.53e-05,0.83342073,0.0,0.16564569,59743,6,0.09921009,0.9998699
30,5,25014575,0.99950212,0.00095706,0.0,1.44e-06,0.0001328,0.49748292,0.0,0.50142578,20415,7,0.10470557,0.9997549
30,6,25014576,0.99941869,0.0009243,0.0,1.67e-06,9.129e-05,0.72966358,0.0,0.26931916,60427,6,0.2246168,0.9996699
30,7,25014577,0.99947966,0.00100563,0.0,1.4e-06,0.00014258,0.39917661,0.0,0.59967378,45951,7,0.17616706,0.9997485
30,8,25014578,0.9994666,0.00098523,0.0,1.58e-06,0.00010794,0.57149429,0.0,0.42741096,26639,6,0.25267557,0.99962
30,9,25014579,0.99940466,0.000991,0.0,1.62e-06,9.711e-05,0.58258032,0.0,0.41632994,49055,7,0.18595637,0.9997399
30,10,25014580,0.99943243,0.00102331,0.0,1.5e-06,0.00015071,0.6552905,0.0,0.34353398,30103,6,0.08568498,0.99962
31,1,25014601,0.99949977,0.00083723,0.00014027,2.73e-06,1.834e-05,0.99900084,0.0,5.9e-07,17858,6,0.61350819,1.0880437
31,2,25014602,0.99963965,0.00126916,0.00029251,5.1e-07,5.916e-05,0.00032149,0.0,0.99805717,24331,7,0.62915604,1.0881936
31,3,25014603,0.98892706,0.05353557,0.00229535,0.01387186,0.00495828,0.44173458,0.0,0.48360435,19236,6,0.4177716,1.0880437
31,4,25014604,0.99943898,0.00171512,0.00039884,8.3e-07,8.418e-05,0.99773098,0.0,7.006e-05,56101,6,0.51194198,1.0881687
31,5,25014605,0.99790305,0.05051579,0.00076445,1.24e-06,0.00046681,0.66459909,0.0,0.28365262,56099,6,0.3458142,1.0881687
31,6,25014606,0.99874762,0.00431664,0.00055445,1.21e-06,0.00014224,0.52473762,0.0,0.47024784,23308,7,0.47022821,1.0881437
31,7,25014607,0.99941387,0.00109907,0.00074669,2.45e-06,7.489e-05,0.99807149,0.0,5.41e-06,50381,6,0.66292495,1.088126
31,8,25014608,0.99070549,0.03109331,0.00388252,0.04328129,0.0009613,0.92074562,0.0,3.595e-05,44803,6,0.37219662,1.0881437
31,9,25014609,0.99813144,0.00241687,0.00083778,0.0125589,0.00018053,0.57094856,0.0,0.41305736,20235,7,0.3743882,1.0881437
31,10,25014610,0.99717047,0.01336102,0.01084098,1.56e-06,0.00164029,0.97412664,0.0,2.952e-05,51970,6,0.48234305,1.0881103
32,1,25014631,0.99912099,0.0008816,0.0,1.978e-05,3.506e-05,0.99906238,9.6e-07,2.2e-07,18407,6,0.13166338,0.9994595
32,2,25014632,0.999092,0.00084164,0.0,1.917e-05,2.77e-05,0.99910937,9.6e-07,1.15e-06,21625,6,0.12578414,0.9987654
32,3,25014633,0.99887226,0.00082013,0.0,1.74e-05,2.897e-05,0.99910723,9.5e-07,2.531e-05,51945,6,0.09234487,0.9986657
32,4,25014634,0.99906232,0.00071823,0.0,1.594e-05,2.383e-05,0.99924071,9.2e-07,3.7e-07,30569,6,0.13018503,0.9993098
32,5,25014635,0.99914101,0.00071906,0.0,1.743e-05,2.503e-05,0.9992374,1.03e-06,5e-08,42425,6,0.1600483,0.9993548
32,6,25014636,0.99915328,0.00093446,0.0,2.09e-05,3.148e-05,0.99901203,1e-06,1.3e-07,40383,6,0.11331278,0.9997547
32,7,25014637,0.99909319,0.00054595,0.0,1.538e-05,1.746e-05,0.99942021,9.6e-07,4e-08,52153,6,0.23161965,0.9991099
32,8,25014638,0.99887434,0.00056952,0.0,1.56e-05,1.423e-05,0.99939794,9.2e-07,1.79e-06,33849,6,0.41887983,0.99911
32,9,25014639,0.99894754,0.00061473,0.0,1.557e-05,1.502e-05,0.99935368,9.7e-07,3e-08,64009,6,0.10942017,0.9991872
32,10,25014640,0.99892997,0.00061534,0.0,1.731e-05,1.964e-05,0.99934592,9.4e-07,8.5e-07,46713,6,0.38977964,0.9989764
33,1,25014661,0.99969371,0.00695575,0.20946703,0.0,0.00697937,0.26100285,0.0,0.515595,15935,7,0.2211629,0.9999847
33,2,25014662,0.99972098,0.0086649,0.06813762,0.0,0.00103032,0.42367836,0.0,0.49848881,29943,6,0.12924419,0.9999174
33,3,25014663,0.99969714,0.00510371,0.0499892,0.0,0.00213047,0.52390927,0.0,0.41886735,65079,6,0.14078905,0.9998547
33,4,25014664,0.99967105,0.00731855,0.15939263,0.0,0.00106135,0.18980574,0.0,0.64242173,38231,6,0.09247424,0.9998424
33,5,25014665,0.99965124,0.01078652,0.11728763,0.0,0.00044954,0.23332938,0.0,0.63814693,15191,7,0.16866629,0.9999712
33,6,25014666,0.99968613,0.00864115,0.25837254,0.0,0.00224143,0.10856964,0.0,0.62217524,52287,4,0.10653654,0.9998886
33,7,25014667,0.99976328,0.00525552,0.08933085,0.0,0.0008839,0.24025891,0.0,0.66427082,42935,6,0.11483462,0.9999609
33,8,25014668,0.99947392,0.0174404,0.17003898,0.0,0.00632449,0.35198612,0.0,0.45421001,59327,7,0.13803172,0.9999943
33,9,25014669,0.99955813,0.01402548,0.17483683,0.0,0.00207985,0.31146668,0.0,0.49759117,52839,6,0.08394616,0.9996223
33,10,25014670,0.99979939,0.00504384,0.124296,0.0,0.00053942,0.19293846,0.0,0.67718229,52575,7,0.14313037,0.9999885
34,1,25014691,0.99508071,0.00437765,0.00378784,0.0,0.0025909,0.98872094,0.00052264,4e-08,33689,6,0.48722155,0.9994591
34,2,25014692,0.99657143,0.00458371,0.0029689,0.0,0.00071904,0.99172581,2.38e-06,1.6e-07,36941,6,0.2366552,0.999506
34,3,25014693,0.99721448,0.00154325,0.00094788,0.0,0.00186653,0.99564006,2.27e-06,2e-08,32797,6,0.26804749,0.9994121
34,4,25014694,0.98907463,0.01193194,0.0051482,0.0,0.00356789,0.97788831,0.00146336,3e-07,37003,6,0.17393939,0.999506
34,5,25014695,0.99642313,0.00391573,0.00174997,0.0,0.0007247,0.99326161,0.00034794,5e-08,37325,6,0.50339893,0.9993181
34,6,25014696,0.99606904,0.00215147,0.00225978,0.0,0.00019042,0.99307471,0.00232334,2.8e-07,60425,6,0.22602321,0.9997059
34,7,25014697,0.99441828,0.0054975,0.00390145,0.0,0.00195757,0.98769954,0.00094379,1.5e-07,35401,6,0.14357832,0.999506
34,8,25014698,0.9970451,0.00397627,0.00180331,0.0,0.00058815,0.99363056,1.68e-06,3e-08,36893,6,0.29529825,0.9994121
34,9,25014699,0.99697406,0.00301649,0.00196826,0.0,0.0002987,0.99383978,0.00087671,5e-08,34347,6,0.20696979,0.999459
34,10,25014700,0.99606929,0.0054298,0.00269829,0.0,0.00084433,0.99025713,0.00077043,3e-08,33869,6,0.31252623,0.999412
35,1,25014721,0.9992082,0.00086891,0.0,8.27e-06,0.00011574,0.36405481,0.0,0.63495226,27807,6,0.13424162,0.9991265
35,2,25014722,0.99907901,0.00041897,0.0,8.39e-06,3.33e-05,0.99930521,0.0,0.00023413,33487,6,0.34099216,0.999392
35,3,25014723,0.99913823,0.00071992,0.0,8.11e-06,0.00010342,0.65752749,0.0,0.34164105,45375,6,0.29113884,0.9993809
35,4,25014724,0.99933979,0.00082586,0.0,8.37e-06,0.00011552,0.66112802,0.0,0.33792223,2047,7,0.14400943,0.9997419
35,5,25014725,0.99926481,0.00073537,0.0,8.31e-06,6.577e-05,0.51891826,0.0,0.48027229,20303,7,0.15099128,0.9995339
35,6,25014726,0.99926006,0.00075612,0.0,8.8e-06,8.636e-05,0.58491939,0.0,0.41422932,26103,7,0.23429063,0.9997419
35,7,25014727,0.99925704,0.00085537,0.0,8.22e-06,9.494e-05,0.52204934,0.0,0.47699214,37711,6,0.12082288,0.9995839
35,8,25014728,0.99926055,0.00081545,0.0,8.31e-06,9.767e-05,0.76902987,0.0,0.23004869,31711,7,0.17503639,0.9997919
35,9,25014729,0.99907672,0.00081678,0.0,8.35e-06,8.248e-05,0.83798447,0.0,0.16110793,19087,6,0.08677397,0.9990266
35,10,25014730,0.99920024,0.00071789,0.0,8.37e-06,7.843e-05,0.83268112,0.0,0.16651419,46713,6,0.1532603,0.9990786
36,1,25014751,0.99956665,0.00055125,1.389e-05,1.7e-06,3.299e-05,0.99939972,0.0,4.5e-07,54723,6,0.61855082,1.2780341
36,2,25014752,0.99950076,0.00055618,4.297e-05,1.56e-06,1.602e-05,0.99938307,0.0,2.1e-07,13533,6,0.70000491,1.2780591
36,3,25014753,0.99942012,0.00064029,0.00021314,1.15e-06,1.616e-05,0.99912901,0.0,2.5e-07,48202,6,0.99875395,1.2778537
36,4,25014754,0.99204058,0.04409704,0.00174991,0.0020299,0.00014871,0.63962885,0.0,0.3123456,57125,6,0.42228242,1.2780341
36,5,25014755,0.99937856,0.00090869,0.00026602,1.98e-06,0.00019913,0.99862375,0.0,4.2e-07,52301,6,0.34468408,1.2779535
36,6,25014756,0.99959668,0.00043401,0.00034154,1.22e-06,7.73e-06,0.99921536,0.0,1.4e-07,8445,6,0.99909713,1.2780091
36,7,25014757,0.99859334,0.01674322,0.00761901,1.68e-06,2.583e-05,0.97559967,0.0,1.06e-05,48221,6,0.72948772,1.2781091
36,8,25014758,0.99861289,0.00516652,0.00793198,1.1e-06,0.00018597,0.98648054,0.0,0.00023389,52770,6,0.58508243,1.2777538
36,9,25014759,0.99948785,0.00069636,1.839e-05,1.89e-06,3.584e-05,0.99924688,0.0,6.4e-07,56780,6,0.4147664,1.2779536
36,10,25014760,0.99956826,0.00064941,4.094e-05,1.95e-06,2.526e-05,0.99928203,0.0,4e-07,56645,6,0.99893492,1.2780341
37,1,25014781,0.99887962,0.00051449,0.0,4.51e-06,9.26e-06,0.9994692,2.4e-06,1.4e-07,10375,6,0.49633796,0.9991073
37,2,25014782,0.99823359,0.00071618,0.0,0.00260451,1.6e-05,0.99666049,2.52e-06,2.9e-07,39321,6,0.23033896,0.9995784
37,3,25014783,0.97163457,0.00095607,0.0,0.08114517,2.498e-05,0.91786952,3.03e-06,1.23e-06,37417,6,0.17933609,0.9991571
37,4,25014784,0.99874337,0.00145646,0.0,7.45e-06,2.441e-05,0.99850848,2.92e-06,2.7e-07,62095,6,0.30338925,0.9994676
37,5,25014785,0.99890295,0.00072208,0.0,8.72e-06,2.816e-05,0.99923744,3.54e-06,6e-08,26923,6,0.10176044,0.9991962
37,6,25014786,0.99896113,0.00060795,0.0,6.68e-06,1.535e-05,0.99936689,3.08e-06,5e-08,34649,6,0.32843863,0.9993785
37,7,25014787,0.99891529,0.00065571,0.0,6.7e-06,2.246e-05,0.99930101,4.01e-06,1.011e-05,61913,6,0.22173452,0.9995784
37,8,25014788,0.99521729,0.00087402,0.0,5.13e-06,1.674e-05,0.99555396,0.0035501,5e-08,37001,6,0.28804223,0.9993784
37,9,25014789,0.99886267,0.0009118,0.0,9.2e-06,3.331e-05,0.99904205,3.47e-06,1.8e-07,52713,6,0.11662514,0.998936
37,10,25014790,0.99885318,0.00053341,0.0,4.16e-06,7.73e-06,0.99945096,1.72e-06,2.02e-06,35343,6,0.33023918,0.9988254
38,1,25014811,0.99941915,0.00124014,0.0,0.0,0.00012924,0.70118119,0.0,0.29744943,30221,7,0.1290222,0.9996437
38,2,25014812,0.99958527,0.00116485,0.0,0.0,0.0001915,0.46611655,0.0,0.53252709,61183,7,0.17145893,0.9998436
38,3,25014813,0.99939299,0.00116273,0.0,0.0,0.00013567,0.73431493,0.0,0.26438668,41375,6,0.08160908,0.9996843
38,4,25014814,0.99957873,0.00108584,0.0,0.0,0.00016591,0.68953641,0.0,0.30921185,63017,6,0.11961775,0.9996828
38,5,25014815,0.99939165,0.0011178,0.0,0.0,0.00012418,0.71319006,0.0,0.28556796,36267,6,0.15201085,0.9994438
38,6,25014816,0.99958957,0.00121357,0.0,0.0,0.00015762,0.65844262,0.0,0.34018618,48023,7,0.09168647,0.9998576
38,7,25014817,0.99959789,0.00126864,0.0,0.0,0.00012907,0.42332663,0.0,0.57527566,52215,7,0.0906399,0.9998494
38,8,25014818,0.99960126,0.00125357,0.0,0.0,0.00016086,0.61823624,0.0,0.38034933,59533,6,0.14438144,0.9997218
38,9,25014819,0.99943299,0.00115944,0.0,0.0,0.00010039,0.66835968,0.0,0.33038049,48991,7,0.1823102,0.9999218
38,10,25014820,0.99955553,0.00124527,0.0,0.0,0.00018642,0.55639775,0.0,0.44217055,27415,7,0.10846178,0.9993271
39,1,25014841,0.99431607,0.0271177,0.00431968,2.83e-06,0.01616995,0.95238723,2.3e-06,3.1e-07,37419,6,0.60320007,0.9995854
39,2,25014842,0.98747211,0.03711344,0.01688303,1.207e-05,0.00546055,0.94016349,0.00036739,3e-08,36875,6,0.26459611,0.9995927
39,3,25014843,0.98056041,0.05161401,0.01460041,1.21e-06,0.02909456,0.50906857,0.00167088,0.39395036,23175,7,0.39394507,0.9996031
39,4,25014844,0.97725012,0.05446209,0.00937444,0.00542787,0.01503117,0.75378129,0.04790819,0.11401495,37131,6,0.24672038,0.9995854
39,5,25014845,0.97368281,0.07632194,0.01375026,0.07136063,0.01570784,0.82211729,0.000742,5e-08,36105,6,0.63856836,0.9995854
39,6,25014846,0.96899812,0.14961563,0.02610484,0.00698389,0.01958488,0.79723075,0.00047925,7.6e-07,33033,6,0.25448314,0.9995854
39,7,25014847,0.96159829,0.10208838,0.01511951,0.17147601,0.03290206,0.66631522,0.01209865,1.6e-07,36905,6,0.28454391,0.9995891
39,8,25014848,0.97077765,0.1102978,0.02940817,0.00605721,0.05267496,0.65513844,0.06263314,0.08379028,36393,6,0.17853399,0.9995744
39,9,25014849,0.99103124,0.046126,0.00458339,0.07206575,0.00428412,0.87232006,0.00062054,1.4e-07,36969,6,0.3006863,0.9995854
39,10,25014850,0.97960645,0.03937715,0.01679287,0.01567893,0.04899323,0.87871919,0.00043856,7e-08,38921,6,0.35386372,0.9995927
40,1,25014871,0.99904855,0.00081931,0.0,1.67e-05,2.582e-05,0.99913255,6.8e-07,4.95e-06,61999,6,0.11760137,0.9992787
40,2,25014872,0.99893198,0.00040661,0.0,1.552e-05,1.339e-05,0.99956378,6.8e-07,3e-08,44921,6,0.28748805,0.9993393
40,3,25014873,0.9991015,0.00064525,0.0,1.756e-05,2.912e-05,0.99930661,6.6e-07,8e-07,63895,6,0.16785346,0.9996142
40,4,25014874,0.99906107,0.00076601,0.0,1.754e-05,2.801e-05,0.99918708,7.1e-07,6.5e-07,31159,6,0.1745179,0.9995089
40,5,25014875,0.99899753,0.00043773,0.0,1.581e-05,1.091e-05,0.9995349,6.4e-07,2e-08,63321,6,0.24800095,0.9995393
40,6,25014876,0.99909853,0.0006745,0.0,1.636e-05,2.314e-05,0.99928521,6.6e-07,1.2e-07,26735,6,0.15886325,0.9989033
40,7,25014877,0.99906858,0.00078201,0.0,1.768e-05,2.793e-05,0.99917148,6.8e-07,2.1e-07,64813,6,0.09806891,0.9992786
40,8,25014878,0.99897258,0.00070052,0.0,1.593e-05,2.207e-05,0.99926067,6.6e-07,1.5e-07,35951,6,0.14072221,0.9993393
40,9,25014879,0.99902874,0.00075914,0.0,1.618e-05,2.166e-05,0.90517754,6.7e-07,0.0940248,38863,6,0.2307817,0.9994785
40,10,25014880,0.99904802,0.00083092,0.0,1.809e-05,2.129e-05,0.99912686,6.7e-07,2.17e-06,25727,6,0.17384004,0.9994286
41,1,25014901,0.95583266,0.64785729,0.16651705,0.0,0.00133304,0.18429091,0.0,1.71e-06,29019,0,0.2520575,1.0564577
41,2,25014902,0.94402151,0.99994383,1.29e-05,0.0,2.613e-05,1.63e-05,0.0,8.4e-07,56733,0,0.53568396,1.0752732
41,3,25014903,0.9884856,0.15981836,0.27674264,0.0,0.00254841,0.36100926,0.0,0.19988133,24069,7,0.19987436,1.225564
41,4,25014904,0.99949961,0.00149414,0.00020286,0.0,5.781e-05,0.99816825,0.0,7.695e-05,53036,6,0.3526593,1.2257839
41,5,25014905,0.9942952,0.07076264,0.07448592,0.0,2.878e-05,0.7491512,0.0,0.10557146,8428,6,0.39800371,1.2254392
41,6,25014906,0.99354893,0.08564875,0.10847659,0.0,0.00237347,0.80049528,0.0,0.0030059,23059,6,0.3039033,1.225564
41,7,25014907,0.98598306,0.19935692,0.30216147,0.0,4.92e-05,0.49836453,0.0,6.787e-05,8362,4,0.24904839,1.2254392
41,8,25014908,0.99942313,0.00112945,0.00010739,0.0,2.361e-05,0.9987205,0.0,1.905e-05,22146,6,0.5135028,1.2255391
41,9,25014909,0.97308144,0.37725671,0.6227222,0.0,1.281e-05,7.8e-06,0.0,4.8e-07,55395,4,0.55895465,1.225614
41,10,25014910,0.98749371,0.18089193,0.11493015,0.0,0.00179812,0.70237963,0.0,1.7e-07,8380,6,0.70226638,1.225684
42,1,25014931,0.99393674,0.00632768,0.01151658,4.6e-07,0.0007824,0.97957609,0.00179097,5.82e-06,32921,6,0.22311944,0.9992969
42,2,25014932,0.96218043,0.01179007,0.01298487,0.05803602,0.003795,0.79438451,0.00779391,0.11121562,24199,7,0.11121555,0.9990192
42,3,25014933,0.99124389,0.005778,0.00564091,3.1e-07,0.00135999,0.98359601,0.00362453,2.5e-07,23239,6,0.48723936,0.999322
42,4,25014934,0.99691094,0.00303796,0.00476922,3.2e-07,0.00056177,0.99093055,0.00070004,1.4e-07,37273,6,0.3081571,0.9996482
42,5,25014935,0.98696722,0.0160743,0.00740505,3.2e-07,0.00316101,0.97072522,0.00263408,2e-08,35851,6,0.38658257,0.9994483
42,6,25014936,0.99492561,0.00603694,0.00332291,3.1e-07,0.00157793,0.9880864,0.00097548,2e-08,32909,6,0.79478337,0.9994483
42,7,25014937,0.99543674,0.00587455,0.00471489,3e-07,0.00084718,0.98836147,0.00020146,1.6e-07,51161,6,0.16166173,0.9994483
42,8,25014938,0.99700807,0.00262433,0.00633685,3.9e-07,0.00016131,0.99034021,0.00053607,8.4e-07,25163,6,0.25160106,0.9995983
42,9,25014939,0.98687579,0.01583943,0.00704531,2.31e-06,0.00257179,0.97284015,0.00170074,2.7e-07,34447,6,0.14935204,0.9989942
42,10,25014940,0.9955777,0.00564928,0.00542602,2.8e-07,0.00063027,0.98760985,0.00068425,6e-08,39051,6,0.25111521,0.9994483
43,1,25014961,0.99939118,0.00082001,0.0,3.62e-06,0.00010711,0.65126684,0.0,0.34780242,14735,6,0.11237859,0.9991863
43,2,25014962,0.99925566,0.00072505,0.0,3.87e-06,6.51e-05,0.73162861,0.0,0.26757736,29963,6,0.14762307,0.9994573
43,3,25014963,0.9992928,0.00076346,0.0,3.9e-06,7.75e-05,0.68116022,0.0,0.31799491,64079,6,0.16301949,0.9996286
43,4,25014964,0.99927245,0.00067599,0.0,3.7e-06,9.194e-05,0.83780176,0.0,0.16142661,58169,6,0.11718566,0.9992576
43,5,25014965,0.99939797,0.00092681,0.0,3.62e-06,0.00012795,0.53575662,0.0,0.463185,21919,6,0.15846691,0.9992861
43,6,25014966,0.99924311,0.00075079,0.0,3.91e-06,7.191e-05,0.80875043,0.0,0.19042296,51033,6,0.18019973,0.9990579
43,7,25014967,0.99913066,0.00068087,0.0,3.84e-06,5.294e-05,0.84043386,0.0,0.15882849,29961,6,0.26062832,0.9994573
43,8,25014968,0.9992311,0.00083138,0.0,3.57e-06,0.00011439,0.71789549,0.0,0.28115517,31807,6,0.09661439,0.9996572
43,9,25014969,0.99929034,0.00080231,0.0,3.6e-06,0.00011299,0.85404581,0.0,0.14503528,35439,6,0.10022949,0.9993432
43,10,25014970,0.99933903,0.00078354,0.0,3.73e-06,8.272e-05,0.55866631,0.0,0.44046369,39049,6,0.09586912,0.9994288
44,1,25014991,0.99741415,0.01526581,0.00080819,4.5e-07,5.129e-05,0.75955296,0.0,0.22432129,56844,6,0.32614212,1.2993252
44,2,25014992,0.99954914,0.00140779,0.00047627,3.8e-07,4.662e-05,0.99802019,0.0,4.874e-05,52109,6,0.50259125,1.299525
44,3,25014993,0.99440625,0.02255603,0.00457917,5.8e-07,0.00547764,0.86830638,0.0,0.0990802,44357,6,0.8373824,1.2994849
44,4,25014994,0.99910082,0.00346256,0.00029777,6.6e-07,0.00095721,0.61815236,0.0,0.37712945,43779,6,0.61653465,1.2994849
44,5,25014995,0.99806173,0.00861951,0.0005576,3.7e-07,0.00067749,0.99010704,0.0,3.799e-05,18987,6,0.60968554,1.2992752
44,6,25014996,0.98654033,0.03671716,0.00072927,0.00422949,0.0069122,0.95138745,0.0,2.444e-05,24355,6,0.68730166,1.2994849
44,7,25014997,0.9974944,0.00952737,0.00386234,3e-07,0.00055882,0.64287272,0.0,0.34317845,23331,6,0.33610933,1.2994849
44,8,25014998,0.99950953,0.00055527,3.697e-05,5e-07,1.985e-05,0.99938714,0.0,2.6e-07,44364,6,0.54153597,1.2994849
44,9,25014999,0.99943729,0.0009074,6.375e-05,2.7e-07,6.091e-05,0.9144484,0.0,0.08451927,52771,6,0.67560107,1.2992585
44,10,25015000,0.99953239,0.00047844,1.665e-05,5e-07,7.84e-06,0.99949639,0.0,1.8e-07,15683,6,0.99936961,1.2994849
45,1,25015021,0.99901474,0.00071283,0.0,1.984e-05,1.732e-05,0.99924575,1.77e-06,2.49e-06,10375,6,0.32029752,0.9990196
45,2,25015022,0.99903509,0.0008413,0.0,1.857e-05,3.583e-05,0.99910252,1.66e-06,1.2e-07,37343,6,0.26199515,0.9997344
45,3,25015023,0.99901486,0.00068221,0.0,1.961e-05,2.67e-05,0.99926928,1.75e-06,4.6e-07,64233,6,0.13122176,0.9994019
45,4,25015024,0.99911705,0.0007716,0.0,1.908e-05,2.689e-05,0.99918015,1.8e-06,4.8e-07,14335,6,0.15237114,0.9997345
45,5,25015025,0.99891516,0.00068431,0.0,1.848e-05,2.084e-05,0.99927463,1.69e-06,4e-08,59705,6,0.23786605,0.9992021
45,6,25015026,0.99907858,0.00085781,0.0,2.083e-05,3.369e-05,0.99908567,1.88e-06,1.3e-07,57551,6,0.14354911,0.9995345
45,7,25015027,0.99901003,0.00085171,0.0,2.213e-05,3.301e-05,0.99909066,2.15e-06,3.5e-07,62647,6,0.25334888,0.9993443
45,8,25015028,0.99906342,0.00090656,0.0,2.223e-05,3.214e-05,0.99903678,1.85e-06,4.4e-07,46439,6,0.1206649,0.9987556
45,9,25015029,0.99905968,0.0006565,0.0,1.855e-05,1.735e-05,0.99930587,1.68e-06,5e-08,35467,6,0.18376253,0.9992018
45,10,25015030,0.99896461,0.0007961,0.0,1.785e-05,2.076e-05,0.99916356,1.69e-06,4e-08,40557,6,0.14629605,0.9993344
46,1,25015051,0.99962319,0.00384397,0.17091137,0.0,0.00065215,0.10707021,0.0,0.7175223,40063,7,0.12322602,0.9999662
46,2,25015052,0.99968022,0.00345142,0.08400602,0.0,0.00186757,0.24301573,0.0,0.66765927,33791,7,0.18781873,0.9999746
46,3,25015053,0.99968938,0.00231623,0.07113339,0.0,0.00032167,0.50052394,0.0,0.42570476,6039,6,0.1041546,0.9996954
46,4,25015054,0.99962806,0.00451813,0.03630355,0.0,0.00124037,0.34663971,0.0,0.61129823,29495,6,0.09418431,0.9998163
46,5,25015055,0.99964822,0.00388123,0.13386279,0.0,0.00071582,0.31243524,0.0,0.54910493,44791,6,0.14081705,0.9999329
46,6,25015056,0.99961978,0.00386391,0.14962316,0.0,0.00035482,0.19303546,0.0,0.65312265,7679,7,0.08773125,0.9999831
46,7,25015057,0.999619,0.00466731,0.10480284,0.0,0.00091312,0.27515012,0.0,0.61446662,64631,6,0.20492603,0.9998912
46,8,25015058,0.99954719,0.00620576,0.04310406,0.0,0.00037091,0.11328399,0.0,0.83703528,19255,7,0.22039027,0.9998908
46,9,25015059,0.99975458,0.00225564,0.23193708,0.0,0.0003482,0.18284368,0.0,0.5826154,16247,7,0.12111227,0.9999581
46,10,25015060,0.99958438,0.00713785,0.09585997,0.0,0.00054447,0.51879664,0.0,0.37766108,46831,6,0.11834556,0.9997495
47,1,25015081,0.98675168,0.01621177,0.00675232,8e-08,0.00583607,0.87362687,0.00144921,0.09612369,33097,6,0.26422544,0.9994367
47,2,25015082,0.98523036,0.01221436,0.01219715,1e-07,0.00591764,0.41858561,0.01457273,0.5365124,23175,7,0.53651203,0.9994618
47,3,25015083,0.98285736,0.02051582,0.01123108,1.7e-07,0.00313776,0.96005588,0.00505924,6e-08,37391,6,0.19289787,0.9995184
47,4,25015084,0.95553457,0.0419822,0.02274988,0.0215971,0.01857858,0.75006905,0.0095006,0.1355226,34829,6,0.13637433,0.9995455
47,5,25015085,0.99218735,0.00790604,0.00474237,1.4e-07,0.00371816,0.98240635,0.0012269,5e-08,36909,6,0.33193888,0.9995183
47,6,25015086,0.97210674,0.02949843,0.01198108,0.00343531,0.01151928,0.92212206,0.02144347,3.6e-07,18575,6,0.21816632,0.9995411
47,7,25015087,0.97619331,0.02978099,0.01954773,1.1e-07,0.0160468,0.93126156,0.00336279,3e-08,33835,6,0.2707615,0.9995456
47,8,25015088,0.94880303,0.06475155,0.02164614,7e-08,0.02184059,0.87951983,0.01224179,3e-08,37197,6,0.27809855,0.9994367
47,9,25015089,0.95336177,0.05779898,0.03356877,0.00178679,0.02158776,0.87397113,0.01128651,5e-08,34057,6,0.15574637,0.9994911
47,10,25015090,0.97242724,0.02521604,0.01405274,0.01351695,0.00939169,0.93212836,0.00569417,5e-08,36879,6,0.15495286,0.9995456
48,1,25015111,0.99903409,0.00079652,0.0,1.536e-05,2.436e-05,0.99909933,2.6e-07,6.416e-05,25307,6,0.10905472,0.9992446
48,2,25015112,0.99924841,0.00082547,0.0,1.541e-05,2.72e-05,0.99913154,2.7e-07,1.1e-07,26911,6,0.0936947,0.9996971
48,3,25015113,0.99901932,0.0006172,0.0,1.522e-05,1.967e-05,0.99934755,2.7e-07,9e-08,38809,6,0.12760331,0.9990423
48,4,25015114,0.99914689,0.00074155,0.0,1.51e-05,2.767e-05,0.99921509,2.7e-07,3.1e-07,57455,6,0.20452745,0.9992947
48,5,25015115,0.99922341,0.00084932,0.0,1.549e-05,2.994e-05,0.99910457,2.5e-07,4.2e-07,35167,6,0.13164091,0.9997471
48,6,25015116,0.9991704,0.00086307,0.0,1.535e-05,2.447e-05,0.99909558,2.8e-07,1.24e-06,25439,6,0.13601556,0.9996972
48,7,25015117,0.99911672,0.00084845,0.0,1.504e-05,2.958e-05,0.9991063,2.6e-07,3.6e-07,53199,6,0.17491241,0.9994945
48,8,25015118,0.99912128,0.00035176,0.0,1.521e-05,9.75e-06,0.99962083,2.9e-07,2.17e-06,55769,6,0.42211513,0.9995472
48,9,25015119,0.99890702,0.00037941,0.0,1.479e-05,9.56e-06,0.99959596,2.6e-07,2e-08,15289,6,0.27167088,0.9992946
48,10,25015120,0.99916389,0.0007793,0.0,1.545e-05,2.817e-05,0.99917678,2.5e-07,4e-08,35263,6,0.12785594,0.9996208
49,1,25015141,0.99674314,0.01316653,0.00043035,0.0,3.381e-05,0.98636604,0.0,3.27e-06,49037,6,0.44093569,1.4068825
49,2,25015142,0.99955672,0.00029962,0.00035427,0.0,6.4e-06,0.99933958,0.0,1.4e-07,8949,6,0.99928198,1.4068139
49,3,25015143,0.99260101,0.03866294,0.00215458,0.0,0.00276283,0.95628054,0.0,0.00013912,16131,6,0.27355427,1.4068639
49,4,25015144,0.88856331,0.99995961,1.072e-05,0.0,1.69e-05,1.178e-05,0.0,9.9e-07,23499,0,0.48369637,1.2035031
49,5,25015145,0.99952266,0.00031583,0.00038768,0.0,6.39e-06,0.99928996,0.0,1.3e-07,8444,6,0.99927142,1.4067639
49,6,25015146,0.99704519,0.0134466,0.00203621,0.0,5.078e-05,0.95959821,0.0,0.0248682,55828,6,0.29165064,1.4066327
49,7,25015147,0.99943081,0.00055696,7.15e-06,0.0,3.161e-05,0.99940355,0.0,7.3e-07,56773,6,0.56271712,1.4067826
49,8,25015148,0.99947939,0.00080897,0.00028696,0.0,2.497e-05,0.99885386,0.0,2.523e-05,11011,6,0.49678239,1.4068139
49,9,25015149,0.82527921,0.72215429,0.27782642,0.0,1.446e-05,4.63e-06,0.0,1.9e-07,178,0,0.72169374,0.9380614
49,10,25015150,0.99944856,0.00078905,0.00020474,0.0,2.657e-05,0.99895433,0.0,2.532e-05,19788,6,0.57658974,1.4067639
50,1,25015171,0.7921545,0.0071619,0.00221038,0.61015909,0.00028116,0.37985668,0.00033078,2e-08,36938,2,0.50481646,0.6663191
50,2,25015172,0.98141696,0.00943172,0.00437666,0.01978024,0.00069657,0.96268436,0.00303024,2.1e-07,38409,6,0.24964635,0.9991719
50,3,25015173,0.98626895,0.00580786,0.00294316,0.00312222,0.00255715,0.98020612,0.00536344,6e-08,35529,6,0.73016608,0.9993859
50,4,25015174,0.86539907,0.00458893,0.00433644,0.39158,0.00069306,0.59812042,0.00068109,5e-08,37593,6,0.24934081,0.999172
50,5,25015175,0.99900109,0.00059363,0.00214353,1.43e-06,9.32e-06,0.99724904,2.84e-06,2.1e-07,32813,6,0.37916108,0.9992789
50,6,25015176,0.9967764,0.00136456,0.00247426,1.54e-06,5.671e-05,0.99426939,0.00183352,2e-08,33049,6,0.30389469,0.999386
50,7,25015177,0.80078329,0.00214359,0.00212685,0.59161768,0.0002962,0.40381313,2.52e-06,2e-08,38156,2,0.59154203,0.6662209
50,8,25015178,0.94717394,0.00774593,0.00351064,0.10826684,0.00231173,0.87257688,0.00558793,5e-08,31881,6,0.35134413,0.9995858
50,9,25015179,0.99491657,0.00186242,0.003829,1.32e-06,0.00092328,0.99105307,0.00233088,2e-08,33689,6,0.36920727,0.9992789
50,10,25015180,0.96359177,0.01314316,0.00642686,0.04529589,0.00056399,0.92905405,0.005516,5e-08,62089,6,0.13904948,0.9994787
51,1,25015201,0.9994889,0.00087547,0.0,0.0,0.00013771,0.66797169,0.0,0.33101513,42103,6,0.33906749,0.9995127
51,2,25015202,0.9993808,0.00096792,0.0,0.0,0.00011759,0.76960441,0.0,0.22931008,56969,6,0.10204264,0.999141
51,3,25015203,0.99935772,0.00088409,0.0,0.0,9.234e-05,0.75493898,0.0,0.24408459,46775,6,0.204808,0.9996875
51,4,25015204,0.99926961,0.00080419,0.0,0.0,0.00010247,0.63115162,0.0,0.36794172,39179,6,0.15576368,0.9993702
51,5,25015205,0.99941076,0.00086511,0.0,0.0,0.00010461,0.71784448,0.0,0.28118579,37881,6,0.21386033,0.9995127
51,6,25015206,0.99946436,0.00097423,0.0,0.0,0.00014249,0.6006898,0.0,0.39819348,44351,6,0.16909748,0.9997775
51,7,25015207,0.99951945,0.00105986,0.0,0.0,0.00015271,0.50211814,0.0,0.49666929,40631,6,0.10233826,0.9996126
51,8,25015208,0.99944203,0.00109903,0.0,0.0,0.00014883,0.51222696,0.0,0.48652519,11231,7,0.14523178,0.9998349
51,9,25015209,0.9992313,0.00070088,0.0,0.0,5.407e-05,0.92957904,0.0,0.06966601,57497,6,0.13226705,0.9995701
51,10,25015210,0.99947421,0.00105098,0.0,0.0,0.00012783,0.3916279,0.0,0.60719329,23871,6,0.11464475,0.9997084
52,1,25015231,0.99770463,0.0113521,0.0010275,3.5e-07,0.00018157,0.49495236,0.0,0.49248611,19970,7,0.43995741,1.1956719
52,2,25015232,0.99515497,0.00710636,0.00042007,0.01548243,0.0001863,0.41717013,0.0,0.55963471,23051,7,0.55934187,1.1958716
52,3,25015233,0.99936471,0.00118461,0.00045017,3.5e-07,7.248e-05,0.9982232,0.0,6.92e-05,51749,6,0.39678254,1.195805
52,4,25015234,0.99024748,0.03596027,0.00137746,2.269e-05,0.00501648,0.95754351,0.0,7.96e-05,19243,6,0.6833973,1.1960107
52,5,25015235,0.998747,0.00267679,0.00151255,1.01e-06,0.00015164,0.21577924,0.0,0.77987877,23042,7,0.56834524,1.1957717
52,6,25015236,0.9963154,0.00346809,0.00159946,0.01559714,6.359e-05,0.0962855,0.0,0.88298622,20228,7,0.53379255,1.1959108
52,7,25015237,0.99923865,0.00249023,0.00184307,5.2e-07,0.00013479,0.88152812,0.0,0.11400328,56843,6,0.40714264,1.1959715
52,8,25015238,0.98217959,0.03711147,0.000926,0.03765917,0.00818304,0.91607166,0.0,4.866e-05,23082,6,0.2767462,1.195805
52,9,25015239,0.99898784,0.00377147,0.00150539,4.4e-07,0.00099432,0.87504693,0.0,0.11868145,56076,6,0.53832451,1.196044
52,10,25015240,0.99935412,0.00091024,0.0002401,2.5e-07,4.56e-05,0.00026596,0.0,0.99853785,18954,7,0.77531069,1.1956719
53,1,25015261,0.99893364,0.0005289,0.0,1.601e-05,1.971e-05,0.99943334,8.4e-07,1.2e-06,58923,6,0.20474428,0.9993619
53,2,25015262,0.99909756,0.00065008,0.0,1.793e-05,2.026e-05,0.99925714,8.4e-07,5.375e-05,15321,6,0.16787094,0.9995079
53,3,25015263,0.99886089,0.00065947,0.0,1.776e-05,2.465e-05,0.99929693,8.3e-07,3.7e-07,25119,6,0.16637058,0.9990203
53,4,25015264,0.99898648,0.00046257,0.0,1.617e-05,1.249e-05,0.99950794,8.1e-07,2e-08,7033,6,0.14419284,0.9993119
53,5,25015265,0.99906712,0.00047344,0.0,1.569e-05,9.89e-06,0.99950013,8.3e-07,2e-08,33291,6,0.25455478,0.999162
53,6,25015266,0.99895387,0.00075467,0.0,1.839e-05,2.149e-05,0.99920429,8.2e-07,3.3e-07,13559,6,0.16030279,0.9993908
53,7,25015267,0.99893239,0.00064913,0.0,1.72e-05,2.294e-05,0.99930964,8.5e-07,2.5e-07,43687,6,0.1591396,0.9984665
53,8,25015268,0.99913275,0.00078246,0.0,1.86e-05,2.633e-05,0.99917159,8.4e-07,1.7e-07,23039,6,0.25319383,0.9994158
53,9,25015269,0.99914855,0.00075095,0.0,1.814e-05,2.266e-05,0.99920732,8.1e-07,1.2e-07,29199,6,0.13527544,0.9993619
53,10,25015270,0.99891729,0.00049498,0.0,1.757e-05,1.529e-05,0.99947085,8.6e-07,4.4e-07,63225,6,0.21262724,0.999216
54,1,25015291,0.99951046,0.00130052,0.0004278,0.0,9.28e-05,0.99815858,0.0,2.031e-05,18309,6,0.3322368,1.220365
54,2,25015292,0.99953118,0.00140216,0.00011671,0.0,7.794e-05,0.99839696,0.0,6.24e-06,46979,6,0.49963987,1.22044
54,3,25015293,0.99901853,0.00457679,0.00056354,0.0,6.399e-05,0.99478806,0.0,7.61e-06,19131,6,0.32476672,1.220321
54,4,25015294,0.99909669,0.00620113,0.00166277,0.0,8.147e-05,0.99205345,0.0,1.17e-06,21179,6,0.59005713,1.220465
54,5,25015295,0.98614906,0.11055483,0.06269623,0.0,0.01448005,0.81226729,0.0,1.6e-06,44835,6,0.41292668,1.220415
54,6,25015296,0.99929354,0.00353056,9.609e-05,0.0,7.261e-05,0.99625488,0.0,4.586e-05,10117,6,0.48861073,1.220365
54,7,25015297,0.98179672,0.16733615,0.04876382,0.0,0.01510231,0.76879378,0.0,3.94e-06,12164,6,0.20255897,1.2201711
54,8,25015298,0.99360938,0.07313411,0.04880822,0.0,0.00036369,0.87769288,0.0,1.1e-06,55547,6,0.31008032,1.2204709
54,9,25015299,0.98055762,0.16615105,0.11221271,0.0,0.08911306,0.63252106,0.0,2.13e-06,12067,6,0.28662815,1.220365
54,10,25015300,0.98559906,0.12386319,0.02529878,0.0,0.02688777,0.4948286,0.0,0.32912166,42922,6,0.43975371,1.220321
55,1,25015321,0.98566136,0.01103326,0.00364222,0.0,0.00396716,0.97703688,0.00431718,3.3e-06,19015,6,0.41922532,0.9991952
55,2,25015322,0.98863308,0.00816573,0.0031285,0.0,0.00215029,0.98187842,0.00467701,5e-08,36809,6,0.31049985,0.9993633
55,3,25015323,0.98959648,0.00839031,0.00310306,0.0,0.00297672,0.9832792,0.00225068,4e-08,36137,6,0.22359927,0.9993632
55,4,25015324,0.99152009,0.0052231,0.00321532,0.0,0.00240229,0.98659832,0.00256092,4e-08,32875,6,0.48646988,0.9993632
55,5,25015325,0.99235764,0.00829601,0.00310581,0.0,0.00229329,0.98566491,0.00063989,8e-08,32973,6,0.398002,0.9994815
55,6,25015326,0.9821123,0.01801922,0.00403225,0.0,0.00219824,0.96951844,0.00623179,6e-08,32861,6,0.14142525,0.9993632
55,7,25015327,0.98060754,0.02429171,0.0059,0.0,0.00579558,0.95067261,0.0017553,0.01158479,39469,6,0.13138998,0.9991266
55,8,25015328,0.99367672,0.00697911,0.00317319,0.0,0.00059014,0.98805676,0.00120074,5e-08,40203,6,0.37871626,0.9993632
55,9,25015329,0.99135003,0.00826108,0.00224604,0.0,0.00161849,0.98578382,0.00209011,4.6e-07,22727,6,0.28172836,0.9993883
55,10,25015330,0.99591135,0.00370354,0.0024632,0.0,0.00109919,0.99245607,0.00027739,6.1e-07,37195,6,0.32655013,0.999245
56,1,25015351,0.99917215,0.00078143,0.0,7.03e-06,0.00010661,0.59073108,0.0,0.40837385,24039,6,0.09799315,0.9993171
56,2,25015352,0.99930248,0.00080516,0.0,7.01e-06,0.00010156,0.54756203,0.0,0.45152424,35807,7,0.18465338,0.9997805
56,3,25015353,0.99932298,0.00081397,0.0,7.07e-06,0.00010729,0.7505876,0.0,0.24848407,29839,6,0.16552743,0.9995805
56,4,25015354,0.99912221,0.00038977,0.0,7.28e-06,3.308e-05,0.94514862,0.0,0.05442125,53241,6,0.49571663,0.9993808
56,5,25015355,0.99911317,0.00068066,0.0,7.31e-06,6.393e-05,0.81173774,0.0,0.18751036,28909,6,0.19784152,0.9991423
56,6,25015356,0.99930418,0.00075887,0.0,7.15e-06,7.953e-05,0.62625333,0.0,0.37290113,23497,6,0.21682655,0.9993614
56,7,25015357,0.99908632,0.00072879,0.0,7e-06,8.333e-05,0.66869235,0.0,0.33048854,45055,7,0.14333447,0.9997806
56,8,25015358,0.99891283,0.00046794,0.0,7.53e-06,4.416e-05,0.91326498,0.0,0.08621538,43993,6,0.22859592,0.9993808
56,9,25015359,0.99909408,0.00069035,0.0,7.1e-06,9.062e-05,0.79569879,0.0,0.20351314,47031,6,0.11086111,0.9996459
56,10,25015360,0.99892217,0.00050215,0.0,7.43e-06,3.848e-05,0.95310629,0.0,0.04634564,35353,6,0.23717608,0.9986142
57,1,25015381,0.98543513,0.04885893,0.00099525,2.35e-06,0.00024406,0.94953301,0.0,0.00036639,11012,6,0.23747825,1.4833934
57,2,25015382,0.9944402,0.01801393,0.0021849,3.3e-07,5.959e-05,0.54730998,0.0,0.43243127,18955,7,0.27143257,1.4832469
57,3,25015383,0.99683428,0.01097683,0.01127391,3.3e-07,0.00062356,0.55389889,0.0,0.42322647,19330,7,0.4229965,1.4831968
57,4,25015384,0.98898014,0.02531781,0.02678748,0.00463623,0.0012917,0.94183795,0.0,0.00012883,24453,6,0.31809779,1.4833718
57,5,25015385,0.9995337,0.00019908,0.00029587,2.8e-07,7.41e-06,0.99949723,0.0,1.3e-07,8884,6,0.99949013,1.4833934
57,6,25015386,0.99377688,0.04737953,0.00673939,0.00058222,0.00403405,0.94118821,0.0,7.659e-05,11050,6,0.34343592,1.4833934
57,7,25015387,0.97566992,0.0864955,0.00999048,8.4e-07,0.00364757,0.62859019,0.0,0.27127542,52780,6,0.27615907,1.4832468
57,8,25015388,0.99571563,0.00889251,0.00224512,2.4e-07,0.00183497,0.98701201,0.0,1.514e-05,19245,6,0.52074779,1.4834934
57,9,25015389,0.99944356,0.00103456,0.00010652,4.3e-07,5.774e-05,0.84187401,0.0,0.15692675,44844,6,0.28779412,1.4834933
57,10,25015390,0.99784315,0.01809853,0.00022573,0.00043981,3.404e-05,0.98120038,0.0,1.5e-06,11786,6,0.65162838,1.4830972
58,1,25015411,0.99882495,0.00087042,0.0,8.42e-06,3.635e-05,0.99907771,2.6e-06,4.51e-06,38911,6,0.16150289,0.9997287
58,2,25015412,0.99890397,0.00087068,0.0,7.63e-06,2.628e-05,0.99909292,2.19e-06,2.9e-07,23799,6,0.13486491,0.9994326
58,3,25015413,0.99893726,0.00033765,0.0,4.93e-06,8.14e-06,0.99964763,1.64e-06,2e-08,33049,6,0.25516438,0.999329
58,4,25015414,0.99888979,0.00070074,0.0,6.84e-06,1.566e-05,0.9992327,2.05e-06,4.2e-05,61455,6,0.1714655,0.9995288
58,5,25015415,0.99900693,0.00079946,0.0,7.5e-06,2.496e-05,0.99916583,2.23e-06,3e-08,58479,6,0.14001179,0.9995288
58,6,25015416,0.99895017,0.00067168,0.0,8.07e-06,1.948e-05,0.99929742,2.29e-06,1.07e-06,42489,6,0.23461757,0.9993288
58,7,25015417,0.99895456,0.00060841,0.0,6.86e-06,2.002e-05,0.9993628,1.89e-06,2e-08,24713,6,0.16568349,0.9994787
58,8,25015418,0.99886961,0.00097078,0.0,8.93e-06,3.085e-05,0.99898709,2.28e-06,6e-08,11087,6,0.0891855,0.9994075
58,9,25015419,0.99878576,0.0008433,0.0,7.52e-06,2.04e-05,0.99912646,1.99e-06,3.3e-07,38031,6,0.12381208,0.9993286
58,10,25015420,0.9989011,0.00096973,0.0,8.66e-06,3.336e-05,0.99898575,2.32e-06,1.9e-07,17599,6,0.16000844,0.9994075
59,1,25015441,0.99965413,0.00145654,0.00300781,0.0,0.00018157,0.29351626,0.0,0.70183782,43807,7,0.1338617,0.9998632
59,2,25015442,0.99966013,0.00166397,0.00240912,0.0,0.00031641,0.16089538,0.0,0.83471512,15935,7,0.17070132,0.9998177
59,3,25015443,0.99961198,0.0016824,0.00441348,0.0,0.00059718,0.18928506,0.0,0.80402187,64407,7,0.12021369,0.9998316
59,4,25015444,0.99957893,0.00192554,0.00312647,0.0,0.00048356,0.59102687,0.0,0.40343756,6135,7,0.0848726,0.9999294
59,5,25015445,0.99968732,0.00195529,0.00630546,0.0,0.00018906,0.21199747,0.0,0.77955272,57271,7,0.12246355,0.9999066
59,6,25015446,0.9994779,0.00267074,0.00449221,0.0,0.00027516,0.56759654,0.0,0.42496536,56567,6,0.11293609,0.9998838
59,7,25015447,0.9995843,0.00218181,0.023913,0.0,0.00019289,0.51669853,0.0,0.45701378,32503,6,0.14211283,0.9998339
59,8,25015448,0.99972778,0.00156646,0.00157634,0.0,0.00022215,0.5223741,0.0,0.47426095,64703,6,0.11291652,0.9999088
59,9,25015449,0.9994109,0.00273381,0.01771116,0.0,0.00087952,0.68337709,0.0,0.29529843,37247,6,0.14926264,0.9999088
59,10,25015450,0.99938397,0.00266001,0.00571099,0.0,0.00041222,0.53248092,0.0,0.45873586,40727,7,0.17530472,0.9997861
60,1,25015471,0.99251345,0.01728535,0.00796279,0.01247175,0.00251149,0.05792821,0.06748468,0.83435574,19087,7,0.83435551,0.999631
60,2,25015472,0.94642477,0.18621216,0.02430768,0.05396473,0.05666435,0.5279096,0.08136546,0.06957602,34317,6,0.15503021,0.9995873
60,3,25015473,0.96619817,0.08134735,0.01509387,1.619e-05,0.10819218,0.70286789,0.02244611,0.0700364,37133,6,0.22117974,0.9995873
60,4,25015474,0.95498771,0.14965034,0.02147039,0.02513967,0.09966683,0.3553356,0.12648541,0.22225176,20103,7,0.22225164,0.9995249
60,5,25015475,0.99945206,0.00316747,0.00266298,2.69e-06,3.515e-05,4.16e-06,8.1e-07,0.99412674,24207,7,0.99412532,0.9996746
60,6,25015476,0.97815647,0.10039465,0.00882875,0.02048692,0.02915353,0.76396743,0.07716864,6e-08,36875,6,0.22800337,0.9995937
60,7,25015477,0.97207548,0.0824094,0.01184294,0.14947482,0.04035378,0.37024989,0.1303699,0.21529927,33033,6,0.23656162,0.9995873
60,8,25015478,0.98047096,0.09443473,0.0093236,0.00214483,0.01423481,0.38319362,0.00017835,0.49649005,19087,7,0.30901018,0.999631
60,9,25015479,0.96336645,0.0619759,0.01912725,0.14962119,0.07139618,0.335072,0.07211472,0.29069276,23183,7,0.28794183,0.9996809
60,10,25015480,0.99906489,0.00679079,0.00161948,2.11e-06,0.00020255,0.01193039,1.53e-06,0.97945316,23175,7,0.97945098,0.9996061
61,1,25015501,0.99900639,0.00066819,0.0,1.788e-05,2.658e-05,0.99927721,6.3e-07,9.52e-06,60015,6,0.18317845,0.9993581
61,2,25015502,0.99888437,0.00053402,0.0,1.737e-05,1.358e-05,0.99943437,6.3e-07,2e-08,25113,6,0.14196544,0.9988641
61,3,25015503,0.99913482,0.00063557,0.0,1.827e-05,2.483e-05,0.99931626,6.1e-07,4.46e-06,29049,6,0.15102865,0.999211
61,4,25015504,0.99886958,0.00061883,0.0,1.755e-05,2.366e-05,0.99933644,6.3e-07,2.9e-06,64667,6,0.17566502,0.9989164
61,5,25015505,0.99903651,0.00067275,0.0,1.789e-05,2.413e-05,0.99928441,6.1e-07,2.1e-07,57611,6,0.18529018,0.9992109
61,6,25015506,0.99903465,0.00078395,0.0,1.825e-05,2.658e-05,0.99917038,6.3e-07,2.2e-07,37247,6,0.11635434,0.9994108
61,7,25015507,0.99901757,0.00058988,0.0,1.744e-05,2.304e-05,0.99936869,6.1e-07,3.4e-07,29257,6,0.17514364,0.9995053
61,8,25015508,0.99866577,0.00065631,0.0,1.764e-05,1.999e-05,0.99930538,6.3e-07,7e-08,59769,6,0.17271754,0.9984231
61,9,25015509,0.99877411,0.00061183,0.0,1.801e-05,1.761e-05,0.99935193,6e-07,2e-08,26957,6,0.12591231,0.9988665
61,10,25015510,0.9989874,0.00068299,0.0,1.821e-05,3.769e-05,0.99926037,6.3e-07,1e-07,35049,6,0.13263112,0.9990111
62,1,25015531,0.99932699,0.00051527,1.211e-05,0.0,6.75e-06,0.99946556,0.0,3.1e-07,10771,6,0.99923549,1.4714354
62,2,25015532,0.96578941,0.4537235,0.33972224,0.0,1.477e-05,0.12319551,0.0,0.08334399,33133,0,0.35481192,1.3145614
62,3,25015533,0.94851202,0.68760339,0.31237715,0.0,1.138e-05,7.72e-06,0.0,3.6e-07,29037,0,0.68658028,1.314649
62,4,25015534,0.9994172,0.00106661,5.364e-05,0.0,4.52e-05,0.99883004,0.0,4.52e-06,48685,6,0.53268305,1.4716849
62,5,25015535,0.99948718,0.00105838,0.00034574,0.0,3.559e-05,0.51617644,0.0,0.48238386,23053,7,0.3638355,1.4715851
62,6,25015536,0.99935855,0.00148901,0.00407163,0.0,3.475e-05,0.99439818,0.0,6.44e-06,18963,6,0.50471819,1.4714354
62,7,25015537,0.94746417,0.69468486,0.30529986,0.0,9.07e-06,5.94e-06,0.0,2.7e-07,33133,0,0.69229347,1.3145614
62,8,25015538,0.99647143,0.04361215,0.1010197,0.0,4.997e-05,0.85529657,0.0,2.161e-05,43915,6,0.58212252,1.4717849
62,9,25015539,0.97302212,0.37369718,0.43342435,0.0,4.252e-05,0.19283569,0.0,2.4e-07,16867,4,0.22656299,1.4717293
62,10,25015540,0.9967378,0.03765053,0.13209602,0.0,3.962e-05,0.83018788,0.0,2.595e-05,24085,6,0.45849655,1.4717793
63,1,25015561,0.99020034,0.00248279,0.00222283,0.00198214,0.00501231,0.98659207,0.00170784,2e-08,35225,6,0.21478257,0.999409
63,2,25015562,0.99622288,0.00357983,0.00204436,9.85e-06,0.0007315,0.99324764,0.00038461,2.22e-06,39245,6,0.18259033,0.999027
63,3,25015563,0.97157323,0.00825114,0.0034274,0.02644424,0.00398187,0.94959909,0.00829623,3e-08,34895,6,0.23390935,0.9994088
63,4,25015564,0.98410466,0.00511951,0.00336646,0.00198579,0.00750326,0.97795379,0.00407109,9e-08,41801,6,0.16560296,0.9984379
63,5,25015565,0.98943757,0.0065439,0.00379663,0.00266309,0.00146428,0.9821479,0.00338402,1.8e-07,33803,6,0.43007269,0.9994089
63,6,25015566,0.99884327,0.00052835,0.00118312,1.04e-06,7.08e-06,0.99827853,1.86e-06,3e-08,37161,6,0.91016668,0.9991227
63,7,25015567,0.9969568,0.00211322,0.00163527,1.03e-06,0.00079037,0.995284,0.00017608,2e-08,32813,6,0.38939765,0.9993134
63,8,25015568,0.98801197,0.00700311,0.00369887,1.2e-06,0.00283473,0.95645374,0.00448917,0.02551919,37195,6,0.17893303,0.9990272
63,9,25015569,0.97521234,0.01283126,0.00578448,0.01836309,0.00501052,0.95305498,0.00495558,1e-07,3023,6,0.18637657,0.999368
63,10,25015570,0.91152459,0.00368725,0.00313263,0.23771526,0.00533912,0.74877574,0.00134959,4e-07,37388,2,0.23757376,0.66628
64,1,25015591,0.999374,0.00086726,0.0,0.0,9.652e-05,0.57141008,0.0,0.42762614,37951,6,0.10215916,0.9996753
64,2,25015592,0.99932375,0.00083764,0.0,0.0,9.143e-05,0.56850655,0.0,0.43056437,54703,6,0.14866443,0.9991514
64,3,25015593,0.99940827,0.00077506,0.0,0.0,0.0001038,0.74182999,0.0,0.25729115,54783,7,0.09579291,0.9998376
64,4,25015594,0.99934783,0.00082119,0.0,0.0,0.0001,0.72974881,0.0,0.26933,44215,6,0.2768879,0.9996419
64,5,25015595,0.99933851,0.00080754,0.0,0.0,9.674e-05,0.68911393,0.0,0.30998179,30811,6,0.09363435,0.9994754
64,6,25015596,0.99934053,0.00075378,0.0,0.0,8.803e-05,0.66874481,0.0,0.33041337,26431,7,0.14238191,0.9997065
64,7,25015597,0.99929478,0.00080447,0.0,0.0,8.266e-05,0.68083566,0.0,0.31827721,58809,6,0.14572895,0.9994378
64,8,25015598,0.99926068,0.00071687,0.0,0.0,7.203e-05,0.96310781,0.0,0.03610329,23513,6,0.19229422,0.9996376
64,9,25015599,0.99934986,0.00081588,0.0,0.0,8.729e-05,0.76645255,0.0,0.23264427,60313,6,0.10825135,0.9993568
64,10,25015600,0.99945737,0.00092111,0.0,0.0,0.00012303,0.3783147,0.0,0.62064116,63231,7,0.15614679,0.9996753
65,1,25015621,0.99701084,0.01264307,0.00702761,3.5e-07,0.00089181,0.95509257,0.0,0.02434458,57133,6,0.22108376,1.4274634
65,2,25015622,0.99956073,0.00061398,0.00068836,2.2e-07,4.536e-05,0.99865143,0.0,6.5e-07,50637,6,0.99804596,1.4274634
65,3,25015623,0.99464394,0.06304133,0.00083818,5.6e-07,0.00860093,0.92750814,0.0,1.087e-05,48908,6,0.25207834,1.4273968
65,4,25015624,0.99813682,0.00602602,0.00149514,2.5e-07,6.442e-05,0.48241705,0.0,0.50999713,24330,7,0.28158361,1.4273635
65,5,25015625,0.99936486,0.00069878,7.195e-05,3.1e-07,5.379e-05,0.99917428,0.0,9e-07,56772,6,0.9989763,1.4272282
65,6,25015626,0.99098425,0.01988272,0.00534222,1.4e-07,0.00293704,0.50470029,0.0,0.46713759,24322,7,0.46704675,1.4273385
65,7,25015627,0.99952219,0.0004977,2.621e-05,2e-07,1.733e-05,0.99945826,0.0,3.2e-07,21717,6,0.9993972,1.4273635
65,8,25015628,0.99700628,0.00617292,0.00132024,2.3e-07,0.00105245,0.99126739,0.0,0.00018677,52011,6,0.86712755,1.4274634
65,9,25015629,0.99937684,0.00136728,0.000818,1.3e-07,3.342e-05,0.0359927,0.0,0.96178847,20364,7,0.96177847,1.4270783
65,10,25015630,0.99701422,0.02155626,0.0079226,2.9e-07,0.00040856,0.76392221,0.0,0.20619008,11021,6,0.34154304,1.4273634
66,1,25015651,0.99894395,0.00075321,0.0,1.84e-05,1.894e-05,0.99920772,1.48e-06,2.6e-07,57159,6,0.21640753,0.9993502
66,2,25015652,0.99902084,0.0008023,0.0,2.116e-05,2.64e-05,0.99914738,1.57e-06,1.2e-06,20303,6,0.18513729,0.9993252
66,3,25015653,0.9990782,0.00070484,0.0,1.835e-05,2.392e-05,0.99925133,1.49e-06,8e-08,37657,6,0.22501392,0.9993314
66,4,25015654,0.99879529,0.00050007,0.0,1.877e-05,1.332e-05,0.99946593,1.51e-06,4e-07,16345,6,0.16827248,0.9994876
66,5,25015655,0.99912823,0.00067006,0.0,2.075e-05,2.876e-05,0.99926972,1.6e-06,9.1e-06,33355,6,0.1900458,0.9992876
66,6,25015656,0.99887338,0.0004413,0.0,1.711e-05,1.006e-05,0.99945162,1.46e-06,7.844e-05,56729,6,0.2057966,0.9994875
66,7,25015657,0.99888835,0.00056541,0.0,1.824e-05,1.389e-05,0.99939688,1.49e-06,4.08e-06,6089,6,0.29690105,0.9990753
66,8,25015658,0.99901318,0.00046499,0.0,1.689e-05,1.468e-05,0.99950126,1.45e-06,7.3e-07,64653,6,0.17587358,0.9994875
66,9,25015659,0.99908461,0.00072489,0.0,2.13e-05,3.156e-05,0.99922024,1.61e-06,4e-07,25131,6,0.18842045,0.9991254
66,10,25015660,0.99885378,0.00047449,0.0,1.758e-05,1.825e-05,0.99948763,1.53e-06,5.1e-07,40361,6,0.21953009,0.9989758
67,1,25015681,0.98547002,0.04723563,0.10341312,0.01238506,0.10785889,0.17308303,0.012425,0.54359927,16301,7,0.27740472,1.1364869
67,2,25015682,0.99771667,0.00916369,0.00399661,0.00067114,0.0017971,0.13593344,0.00925598,0.83918205,44557,7,0.60897881,1.1364369
67,3,25015683,0.98494128,0.07592408,0.08245949,0.00018757,0.02624501,0.15855275,0.05983494,0.59679616,12165,7,0.39905326,1.136337
67,4,25015684,0.99319687,0.04833867,0.05256085,0.00031632,0.02409932,0.8061347,0.00785747,0.06069266,50829,6,0.6007489,1.1364369
67,5,25015685,0.99166185,0.06816286,0.23799695,1.39e-06,0.04306992,0.64757752,0.00314385,4.751e-05,55205,6,0.64739214,1.1364369
67,6,25015686,0.9742978,0.12730371,0.15259538,0.0329599,0.12875636,0.49078281,0.03292237,0.03467946,11781,6,0.21807908,1.1361872
67,7,25015687,0.99945373,0.00152599,0.14310834,1.16e-06,9.214e-05,0.51901365,5.6e-06,0.33625311,11781,6,0.38571302,1.1361872
67,8,25015688,0.99522981,0.02029524,0.1289203,0.01264624,0.01534544,7.462e-05,0.00158165,0.82113652,24333,7,0.29633048,1.1365142
67,9,25015689,0.98242397,0.11455947,0.00677841,0.0263,0.03994172,0.31811274,0.02486956,0.4694381,16301,7,0.46940881,1.1364869
67,10,25015690,0.99854796,0.00899164,0.18443026,1.58e-06,0.00356398,0.00057539,0.00237157,0.80006558,57261,7,0.31413436,1.1365368
68,1,25015711,0.97181789,0.01859756,0.01293813,0.0,0.01363256,0.54648412,0.00620979,0.40213786,19079,7,0.40213774,0.9993313
68,2,25015712,0.93939014,0.04777093,0.01973509,0.0,0.02536866,0.87948407,0.0276374,3.85e-06,37385,6,0.33721057,0.9994905
68,3,25015713,0.93749292,0.05072705,0.01523618,0.0,0.01957898,0.87792001,0.03653773,5e-08,34061,6,0.21152979,0.999454
68,4,25015714,0.93280977,0.07032118,0.03050478,0.0,0.02684348,0.85151868,0.02081184,4e-08,33033,6,0.26062421,0.999454
68,5,25015715,0.97671646,0.02490477,0.00994009,0.0,0.0092297,0.94667769,0.00924771,5e-08,38927,6,0.31192914,0.999527
68,6,25015716,0.99281525,0.00825968,0.00578582,0.0,0.00312989,0.8022581,0.00039597,0.18017054,33101,6,0.3525034,0.9993811
68,7,25015717,0.99158898,0.00896871,0.00585998,0.0,0.00377757,0.84221216,0.00049235,0.13868924,8599,6,0.28978176,0.998515
68,8,25015718,0.96833091,0.03436961,0.01364515,0.0,0.01265439,0.57542992,0.00568579,0.35821514,20111,7,0.24662735,0.9993582
68,9,25015719,0.98129793,0.01910275,0.00880216,0.0,0.00704466,0.96033761,0.00470736,5.46e-06,33291,6,0.32557632,0.9994905
68,10,25015720,0.96174569,0.0334086,0.01033813,0.0,0.01498737,0.92008168,0.02118418,4e-08,35339,6,0.23372451,0.9993446
69,1,25015741,0.99902609,0.00064379,0.0,1.322e-05,6.388e-05,0.70211722,0.0,0.2971619,35499,6,0.17712989,0.9990615
69,2,25015742,0.99925774,0.00069824,0.0,1.326e-05,8.368e-05,0.63302968,0.0,0.36617515,26551,6,0.11637735,0.9994961
69,3,25015743,0.99916081,0.00058059,0.0,1.317e-05,6.564e-05,0.82054174,0.0,0.17879887,58889,6,0.133889,0.9992617
69,4,25015744,0.99906991,0.00021067,0.0,1.36e-05,9.96e-06,0.99976049,0.0,5.28e-06,52601,6,0.91096829,0.9993307
69,5,25015745,0.99901372,0.00070386,0.0,1.342e-05,9.282e-05,0.65276581,0.0,0.3464241,55511,6,0.24659557,0.998868
69,6,25015746,0.9990096,0.00058452,0.0,1.326e-05,5.835e-05,0.79968479,0.0,0.19965908,40649,6,0.14503827,0.9993309
69,7,25015747,0.99899936,0.00067361,0.0,1.319e-05,7.567e-05,0.68241957,0.0,0.31681795,11695,6,0.13601622,0.9988432
69,8,25015748,0.99919416,0.00072732,0.0,1.319e-05,0.0001019,0.71766812,0.0,0.28148947,63839,6,0.13563962,0.9997306
69,9,25015749,0.99907446,0.00051646,0.0,1.352e-05,4.388e-05,0.80709542,0.0,0.19233072,40169,6,0.29213117,0.9993309
69,10,25015750,0.99901442,0.00059705,0.0,1.326e-05,7.969e-05,0.73063045,0.0,0.26867955,22663,6,0.27244627,0.9990869
70,1,25015771,0.99718879,0.02065704,0.00062031,0.0,2.32e-05,0.97869913,0.0,3.4e-07,48581,6,0.64575077,1.6224735
70,2,25015772,0.99941507,0.00114751,0.00016257,0.0,7.315e-05,0.9985472,0.0,6.957e-05,43916,6,0.48579074,1.6224235
70,3,25015773,0.9960179,0.01440295,0.00221765,0.0,4.072e-05,0.98332717,0.0,1.15e-05,44572,6,0.40648057,1.6225979
70,4,25015774,0.9769039,0.15602037,0.00687773,0.0,0.00228845,0.55383727,0.0,0.28097619,23307,7,0.27323317,1.6226478
70,5,25015775,0.96765317,0.11404108,0.00897695,0.0,0.00132224,0.87565904,0.0,6.9e-07,11813,6,0.43661673,1.6222237
70,6,25015776,0.99173092,0.03075079,0.00314389,0.0,0.00085643,0.96524843,0.0,4.5e-07,15115,6,0.87997911,1.6226478
70,7,25015777,0.99112682,0.02770983,0.00798762,0.0,0.00294234,0.96132698,0.0,3.324e-05,8436,6,0.70960968,1.622498
70,8,25015778,0.99949128,0.00115026,6.704e-05,0.0,6.114e-05,0.99868862,0.0,3.294e-05,56845,6,0.64062913,1.6224734
70,9,25015779,0.99939281,0.00077749,0.00057455,0.0,4.724e-05,0.43812868,0.0,0.56047204,18949,7,0.56046702,1.6222238
70,10,25015780,0.99788246,0.01662819,0.00089071,0.0,0.00482705,0.97764328,0.0,1.077e-05,52109,6,0.63172913,1.6225734
71,1,25015801,0.93733375,0.00867599,0.0,0.10361955,0.00036002,0.87952653,0.00781783,9e-08,26633,6,0.24438524,0.9994882
71,2,25015802,0.97360885,0.00290913,0.0,0.03455527,0.00037807,0.95588817,0.00626935,2e-08,37401,6,0.24394826,0.9989463
71,3,25015803,0.97501698,0.00998564,0.0,0.03523519,7.359e-05,0.95216295,0.0025426,3e-08,35657,6,0.17180085,0.9990769
71,4,25015804,0.91383636,0.00712768,0.0,0.12477067,0.0028216,0.84987367,0.0153862,2.018e-05,28953,6,0.23621946,0.9995383
71,5,25015805,0.95632628,0.00784304,0.0,0.05692215,0.00107381,0.92541054,0.00875045,2e-08,33353,6,0.65485753,0.9993383
71,6,25015806,0.97832183,0.00571265,0.0,0.03648591,8.33e-06,0.95673445,0.00105865,1e-08,37163,6,0.90070293,0.9989462
71,7,25015807,0.99884377,0.00029242,0.0,3.59e-06,3.99e-06,0.99969792,2.07e-06,1e-08,36137,6,0.99737108,0.9990768
71,8,25015808,0.9867112,0.00651403,0.0,0.01603636,0.00018925,0.97502056,0.00223974,7e-08,37145,6,0.28994169,0.9995382
71,9,25015809,0.84817034,0.0020415,0.0,0.29772415,0.0001027,0.69913237,0.00099472,4.56e-06,7001,6,0.33013007,0.9994382
71,10,25015810,0.99282885,0.00337928,0.0,4.69e-06,0.00222129,0.99242097,0.00197163,2.14e-06,32985,6,0.17618505,0.9990768
72,1,25015831,0.99943165,0.00156011,0.00497899,0.0,0.00034701,0.59947707,0.0,0.39363682,36247,6,0.13884192,0.9997456
72,2,25015832,0.99952893,0.00151703,0.00585672,0.0,0.00020906,0.26883425,0.0,0.72358293,48831,7,0.22528875,0.9997806
72,3,25015833,0.99953535,0.00114859,0.00275963,0.0,0.00013494,0.75072399,0.0,0.24523285,51055,6,0.148644,0.9997526
72,4,25015834,0.9994345,0.00201343,0.01466232,0.0,0.00022997,0.28836649,0.0,0.6947278,36223,7,0.12438248,0.9999122
72,5,25015835,0.99940016,0.00176673,0.0040578,0.0,0.00012747,0.57246533,0.0,0.42158266,39423,7,0.16017605,0.9998245
72,6,25015836,0.99938124,0.00201445,0.00169138,0.0,0.00018116,0.50351696,0.0,0.49259605,56431,6,0.13303322,0.9994495
72,7,25015837,0.99939679,0.00130504,0.00357414,0.0,0.00015794,0.77262021,0.0,0.22234268,2423,7,0.09975532,0.9993933
72,8,25015838,0.99958479,0.00131373,0.0036415,0.0,0.00017121,0.47225148,0.0,0.52262209,16335,7,0.17949966,0.9998244
72,9,25015839,0.99945926,0.0016491,0.00942859,0.0,0.00016636,0.65299004,0.0,0.33576591,62911,6,0.16672102,0.9999122
72,10,25015840,0.99950135,0.00134095,0.00247838,0.0,0.00020496,0.64742417,0.0,0.34855153,55023,6,0.1197351,0.9995371
73,1,25015861,0.99947416,0.00147868,0.00074826,3.6e-07,2.615e-05,0.99774127,1.4e-07,5.15e-06,20261,6,0.72744861,1.2306148
73,2,25015862,0.98790183,0.02595688,0.0084251,3.9e-07,0.01286579,0.72264262,1.003e-05,0.23009918,56099,6,0.20832586,1.2306898
73,3,25015863,0.99936348,0.00090569,0.00037973,4.8e-07,3.252e-05,0.00023656,1.4e-07,0.99844487,18946,7,0.64653508,1.230319
73,4,25015864,0.98702469,0.06248212,0.00543975,0.0026814,0.00434356,0.81320088,0.001758,0.1100943,18051,6,0.34518616,1.230369
73,5,25015865,0.99450535,0.01351619,0.00348311,3e-07,0.00256277,0.28289279,0.00011862,0.69742621,23053,7,0.27917354,1.2305188
73,6,25015866,0.98694434,0.02526472,0.00478554,3.3e-07,0.00828134,0.70053883,0.0012165,0.25991273,51717,6,0.55197798,1.2304522
73,7,25015867,0.99743058,0.00479251,0.00384163,2.7e-07,0.00148626,0.97257627,6.904e-05,0.01723401,56867,6,0.44649702,1.2304938
73,8,25015868,0.99582046,0.01121474,0.00163549,3.87e-06,0.00324199,0.71896591,0.00020646,0.26473154,24325,7,0.26471499,1.2306648
73,9,25015869,0.99328177,0.04688372,0.00223681,2.9e-07,0.00300561,0.39337075,2.5e-07,0.55450257,23043,7,0.39876635,1.2304439
73,10,25015870,0.99958049,0.00102237,0.00052344,3.2e-07,5.059e-05,0.99838477,1.9e-07,1.833e-05,23331,6,0.57738278,1.2306648
74,1,25015891,0.99886972,0.0005932,0.0,1.84e-05,1.488e-05,0.99937196,7.8e-07,7.8e-07,37943,6,0.20960375,0.9990909
74,2,25015892,0.99881684,0.00041645,0.0,1.819e-05,1.292e-05,0.99955166,7.6e-07,2e-08,32489,6,0.17833188,0.9994703
74,3,25015893,0.99880434,0.0004502,0.0,1.655e-05,8.33e-06,0.99952279,7.9e-07,1.34e-06,37423,6,0.60861616,0.998941
74,4,25015894,0.9989622,0.00073364,0.0,1.849e-05,2.388e-05,0.99922257,8e-07,6.3e-07,59799,6,0.17907593,0.9995036
74,5,25015895,0.99899064,0.00062727,0.0,1.82e-05,2.584e-05,0.99932786,7.9e-07,4e-08,9727,6,0.24007656,0.9996202
74,6,25015896,0.99890146,0.00049152,0.0,1.815e-05,1.302e-05,0.99947636,8e-07,1.6e-07,1727,6,0.13438835,0.9989762
74,7,25015897,0.99870448,0.00059917,0.0,1.764e-05,1.636e-05,0.67753988,8e-07,0.32182615,23183,7,0.32181918,0.9987118
74,8,25015898,0.9989419,0.00057776,0.0,1.785e-05,1.953e-05,0.99938361,7.9e-07,4.6e-07,49113,6,0.18190015,0.9994703
74,9,25015899,0.99893933,0.00061648,0.0,1.863e-05,1.955e-05,0.99933765,7.8e-07,6.92e-06,59671,6,0.22901019,0.9991706
74,10,25015900,0.99897499,0.00061773,0.0,1.859e-05,1.959e-05,0.99934325,8e-07,3e-08,9983,6,0.14854859,0.9992907
75,1,25015921,0.91573265,0.8499769,9.47e-06,0.0,0.14999871,1.439e-05,0.0,5.2e-07,16093,0,0.30674177,1.2788002
75,2,25015922,0.99756033,0.01950366,0.00150102,0.0,0.00011043,0.97882642,0.0,5.846e-05,56844,6,0.62061823,1.4642653
75,3,25015923,0.99946909,0.00088993,8.051e-05,0.0,7.072e-05,0.99894898,0.0,9.86e-06,11924,6,0.43780954,1.4641654
75,4,25015924,0.99833071,0.01107236,0.00253606,0.0,0.00089873,0.98548506,0.0,7.79e-06,46730,6,0.30807712,1.4642653
75,5,25015925,0.99947499,0.00103494,0.00014709,0.0,5.16e-05,0.99876433,0.0,2.04e-06,42890,6,0.2922299,1.464458
75,6,25015926,0.99663316,0.02748221,0.00821379,0.0,2.741e-05,0.96427586,0.0,7.2e-07,55483,6,0.48921995,1.4644651
75,7,25015927,0.99640429,0.01778132,0.0146121,0.0,0.01216041,0.95544566,0.0,5.1e-07,53499,6,0.51591877,1.4645579
75,8,25015928,0.99953665,0.00096922,0.00010954,0.0,7.295e-05,0.77170177,0.0,0.22714651,11021,6,0.38643261,1.464458
75,9,25015929,0.92544664,0.99973468,9.37e-06,0.0,0.00024444,1.096e-05,0.0,5.6e-07,44637,0,0.52153216,1.2788077
75,10,25015930,0.92525652,0.99718021,1.446e-05,0.0,0.00279219,1.235e-05,0.0,7.8e-07,52829,0,0.53044574,1.2788077
76,1,25015951,0.98231588,0.01516655,0.00536636,0.0,0.00305873,0.63773414,0.00650671,0.33216751,19087,7,0.33216728,0.9991905
76,2,25015952,0.99552848,0.00381086,0.00241794,0.0,0.00025873,0.99222479,0.00128747,2.1e-07,52041,6,0.50492547,0.9992935
76,3,25015953,0.99695313,0.00239867,0.00367291,0.0,0.00034997,0.99290378,0.00067464,2e-08,38159,6,0.28388467,0.9992936
76,4,25015954,0.98568423,0.00856918,0.00278223,0.0,0.00303655,0.97997867,0.00563335,2e-08,36877,6,0.41528312,0.9994467
76,5,25015955,0.98489975,0.00773706,0.00452473,0.0,0.00496352,0.97780977,0.0049649,2e-08,32841,6,0.23545903,0.9994467
76,6,25015956,0.97986194,0.01367769,0.00288141,0.0,0.00579935,0.97093935,0.00670193,2.7e-07,37323,6,0.19585283,0.9991404
76,7,25015957,0.98738728,0.00729594,0.00384848,0.0,0.00323834,0.98035221,0.00526454,5e-07,37193,6,0.18819267,0.9991406
76,8,25015958,0.98976295,0.00647969,0.00482445,0.0,0.00251205,0.98327246,0.00290162,9.72e-06,19855,6,0.43030617,0.9991905
76,9,25015959,0.98546865,0.00703975,0.00436312,0.0,0.00507297,0.97924196,0.00428191,2.9e-07,35145,6,0.30401891,0.9991404
76,10,25015960,0.9912935,0.00542852,0.0023283,0.0,0.00120494,0.98725709,0.00377991,1.24e-06,36139,6,0.3399578,0.9992935
77,1,25015981,0.99930885,0.00082899,0.0,3.21e-06,0.00010295,0.62647019,0.0,0.37259466,29231,6,0.06601262,0.9993673
77,2,25015982,0.99901362,0.00055627,0.0,3.44e-06,4.792e-05,0.95997671,0.0,0.03941566,40121,6,0.13954755,0.9993673
77,3,25015983,0.99919169,0.00062404,0.0,3.36e-06,5.305e-05,0.81322497,0.0,0.18609458,30553,6,0.30246461,0.9995836
77,4,25015984,0.99913096,0.00068494,0.0,3.35e-06,6.235e-05,0.86743729,0.0,0.13181206,39065,6,0.1658425,0.9991676
77,5,25015985,0.99913732,0.00060501,0.0,3.16e-06,7.969e-05,0.61945861,0.0,0.37985352,58423,6,0.1658233,0.9990679
77,6,25015986,0.99905071,0.0004693,0.0,3.57e-06,3.397e-05,0.99900464,0.0,0.00048852,30665,6,0.27381653,0.9993673
77,7,25015987,0.99922712,0.00090525,0.0,3.23e-06,7.944e-05,0.56252247,0.0,0.43648962,59055,7,0.20430111,0.9994754
77,8,25015988,0.9989961,0.0004935,0.0,3.38e-06,4.477e-05,0.99925746,0.0,0.00020089,59531,6,0.20398089,0.9995835
77,9,25015989,0.99925725,0.00057153,0.0,3.34e-06,4.418e-05,0.86561271,0.0,0.13376825,63449,6,0.30917427,0.9995835
77,10,25015990,0.99933321,0.00080023,0.0,3.23e-06,9.52e-05,0.43098442,0.0,0.56811693,51199,7,0.15383736,0.9997835
78,1,25016011,0.99435192,0.01497203,0.01886969,2.1e-07,5.954e-05,0.88852062,0.0,0.07757792,14885,6,0.42534685,1.6364504
78,2,25016012,0.99900064,0.00472635,0.00154329,1.3e-07,0.00113922,0.91442251,0.0,0.0781685,15115,6,0.5845062,1.6368023
78,3,25016013,0.99820745,0.01062647,0.00128359,8e-08,0.00164552,0.73148111,0.0,0.25496323,20010,6,0.56743129,1.6363255
78,4,25016014,0.99817558,0.01586311,0.01079658,1.2e-07,2.626e-05,0.97331338,0.0,5.5e-07,19908,6,0.29654846,1.6364253
78,5,25016015,0.98837021,0.06060789,0.00330109,1.1e-07,0.00013674,0.8050396,0.0,0.13091457,23077,6,0.42313827,1.6364504
78,6,25016016,0.99936648,0.0011492,0.00043609,1.1e-07,3.323e-05,0.85743745,0.0,0.14094391,54725,6,0.46434215,1.6367774
78,7,25016017,0.9995221,0.00025723,0.00015649,1.6e-07,8.39e-06,0.99957761,0.0,1.3e-07,8892,6,0.9993525,1.6366525
78,8,25016018,0.98821186,0.02649153,0.00140387,1.6e-07,0.00184141,0.97022559,0.0,3.745e-05,8868,6,0.30505961,1.6363256
78,9,25016019,0.99804277,0.00397462,0.00042556,1.2e-07,4.344e-05,0.73102473,0.0,0.26453152,44803,6,0.4942424,1.6367524
78,10,25016020,0.99946635,0.00080009,0.00043352,3.1e-07,3.464e-05,0.99872897,0.0,2.47e-06,44811,6,0.39434232,1.6368523
79,1,25016041,0.99903053,0.00074453,0.0,2.038e-05,3.368e-05,0.99918234,2.11e-06,1.696e-05,24585,6,0.15237298,0.9994305
79,2,25016042,0.99894381,0.00063262,0.0,1.744e-05,1.665e-05,0.99933108,2.02e-06,2e-07,53081,6,0.28501916,0.9992805
79,3,25016043,0.99869345,0.00059828,0.0,1.654e-05,1.821e-05,0.99936481,2.01e-06,1.4e-07,33433,6,0.16167034,0.9988017
79,4,25016044,0.99885243,0.00064742,0.0,1.703e-05,2.244e-05,0.99930489,1.91e-06,6.31e-06,51335,6,0.1930906,0.9989947
79,5,25016045,0.99896543,0.00045849,0.0,1.577e-05,9.15e-06,0.99951458,1.92e-06,8e-08,5561,6,0.19844994,0.9993804
79,6,25016046,0.99887598,0.00066552,0.0,1.841e-05,2.23e-05,0.99929082,1.92e-06,1.04e-06,17535,6,0.1543636,0.9990016
79,7,25016047,0.99877305,0.00066555,0.0,1.827e-05,2.091e-05,0.99929314,1.97e-06,1.6e-07,46719,6,0.08475884,0.9992312
79,8,25016048,0.9988771,0.00075858,0.0,1.626e-05,2.357e-05,0.99919948,1.93e-06,1.7e-07,40623,6,0.21263281,0.9991211
79,9,25016049,0.99898001,0.00073336,0.0,1.728e-05,2.505e-05,0.99893528,1.89e-06,0.00028715,34959,6,0.20195501,0.9992807
79,10,25016050,0.99901164,0.00084461,0.0,2.045e-05,2.834e-05,0.9991044,2.13e-06,8e-08,26157,6,0.24189447,0.9992707
80,1,25016071,0.99969465,0.00437469,0.01763747,0.0,0.00253899,0.26185244,0.0,0.7135964,54879,7,0.16683576,0.999884
80,2,25016072,0.99979973,0.0035392,0.01147417,0.0,0.00099844,0.30762235,0.0,0.67636585,60767,7,0.15120377,0.9999908
80,3,25016073,0.99978707,0.00402768,0.00727144,0.0,0.00426858,0.21665008,0.0,0.76778222,45055,7,0.12868231,0.9999954
80,4,25016074,0.99970201,0.00514338,0.01450073,0.0,0.00043394,0.42273958,0.0,0.55718237,38839,6,0.10501495,0.9999431
80,5,25016075,0.99963276,0.0043559,0.01423312,0.0,0.00365902,0.22658079,0.0,0.75117117,60415,7,0.1511854,0.9999931
80,6,25016076,0.99969159,0.00542776,0.01167072,0.0,0.00338372,0.11346657,0.0,0.86605123,31679,7,0.19485332,0.9999908
80,7,25016077,0.99973625,0.00312066,0.01811714,0.0,0.00192686,0.36326775,0.0,0.6135676,57167,7,0.12023982,0.9999908
80,8,25016078,0.99968921,0.01024185,0.00971207,0.0,0.00672863,0.18527032,0.0,0.78804712,51071,7,0.16442771,0.9999954
80,9,25016079,0.99977322,0.00353632,0.01248916,0.0,0.0005287,0.27877906,0.0,0.70466676,50551,7,0.29297318,0.9999198
80,10,25016080,0.99958489,0.00886221,0.00838391,0.0,0.00380113,0.15821545,0.0,0.8207373,61055,7,0.2028208,0.9999908
81,1,25016101,0.94879043,0.04587486,0.00757041,0.00521221,0.02140458,0.30523112,0.18182394,0.43288287,19087,7,0.43288275,0.9995936
81,2,25016102,0.96301926,0.03691154,0.00878501,0.01059466,0.02965212,0.79883879,0.11521749,3.9e-07,37389,6,0.66175703,0.9995718
81,3,25016103,0.95255317,0.07074814,0.01240027,0.00786304,0.04479198,0.8526824,0.0115141,7e-08,35083,6,0.59098752,0.9995623
81,4,25016104,0.95354631,0.07103206,0.02177327,0.01650432,0.04903983,0.75173556,0.01928023,0.07063472,33033,6,0.25193364,0.9995624
81,5,25016105,0.99792476,0.0024281,0.00251321,8.2e-07,0.00086465,0.16125781,2.39e-06,0.83293302,19079,7,0.83293272,0.9994937
81,6,25016106,0.9467096,0.08875953,0.01644447,0.0120741,0.04630183,0.30495825,0.01034123,0.52112058,24207,7,0.52112019,0.9996247
81,7,25016107,0.96479927,0.0402614,0.01492298,0.05855384,0.02108579,0.86029188,0.00488406,6e-08,37193,6,0.31878673,0.9995436
81,8,25016108,0.96560625,0.03537513,0.01078682,0.02180271,0.01879673,0.6591305,0.04597246,0.20813566,33101,6,0.3168542,0.9995435
81,9,25016109,0.96984091,0.04671028,0.00913508,0.01487604,0.02659896,0.8999506,0.00272893,1.3e-07,32841,6,0.43669458,0.9995812
81,10,25016110,0.95949078,0.06715087,0.01991133,0.01208049,0.02263147,0.86904888,0.00917652,4.4e-07,37385,6,0.24599172,0.9995718
82,1,25016131,0.99894197,0.00057143,0.0,1.747e-05,7.167e-05,0.74289023,0.0,0.2564492,65113,6,0.15704589,0.9988491
82,2,25016132,0.99886055,0.00063228,0.0,1.742e-05,6.893e-05,0.60885494,0.0,0.39042642,39003,6,0.16743453,0.9989658
82,3,25016133,0.99900442,0.00070552,0.0,1.748e-05,9.542e-05,0.55336491,0.0,0.44581667,31935,6,0.12635544,0.9993657
82,4,25016134,0.99901319,0.00049396,0.0,1.712e-05,5.14e-05,0.960463,0.0,0.03897452,31851,6,0.17795199,0.9994825
82,5,25016135,0.9989775,0.00069637,0.0,1.713e-05,7.191e-05,0.55815414,0.0,0.44106045,34895,6,0.16535525,0.9992826
82,6,25016136,0.99890197,0.00065258,0.0,1.754e-05,8.626e-05,0.79343562,0.0,0.20580799,54871,6,0.21261236,0.9985618
82,7,25016137,0.99909907,0.00066758,0.0,1.716e-05,6.253e-05,0.48950711,0.0,0.50974561,59375,7,0.18753098,0.9993657
82,8,25016138,0.99891448,0.00065871,0.0,1.697e-05,5.755e-05,0.87643046,0.0,0.12283631,58809,6,0.14552734,0.9992829
82,9,25016139,0.99880126,0.00053003,0.0,1.722e-05,5.3e-05,0.64502807,0.0,0.35437167,60991,7,0.18326152,0.9992072
82,10,25016140,0.99905094,0.00069444,0.0,1.763e-05,8.471e-05,0.59525563,0.0,0.40394759,62607,6,0.10720445,0.9994826
83,1,25016161,0.98424814,0.13971605,0.12496116,0.0,0.00356978,0.73175192,0.0,1.08e-06,8429,6,0.56071104,1.7013778
83,2,25016162,0.99915199,0.00296339,0.00295965,0.0,2.461e-05,0.99404307,0.0,9.29e-06,22165,6,0.42421776,1.7016678
83,3,25016163,0.99949732,0.00086098,3.649e-05,0.0,4.752e-05,0.98484142,0.0,0.01421359,50836,6,0.47066741,1.7016345
83,4,25016164,0.9920081,0.06869488,0.20988783,0.0,6.482e-05,0.72132916,0.0,2.331e-05,53037,6,0.39740232,1.7017677
83,5,25016165,0.98526855,0.12775712,0.24358711,0.0,8.3e-05,0.62857051,0.0,2.25e-06,14883,6,0.41569513,1.7013528
83,6,25016166,0.98356219,0.14502835,0.11370506,0.0,5.652e-05,0.56621078,0.0,0.17499929,44578,6,0.26564475,1.7013278
83,7,25016167,0.99238101,0.06505224,0.03347167,0.0,4.797e-05,0.90135103,0.0,7.71e-05,23076,6,0.61458983,1.7013279
83,8,25016168,0.99952437,0.00042485,4.909e-05,0.0,8.89e-06,0.99951686,0.0,3.1e-07,11803,6,0.96858299,1.7016678
83,9,25016169,0.99808277,0.01454864,0.00492706,0.0,6.074e-05,0.98039237,0.0,7.119e-05,51722,6,0.28085907,1.7013777
83,10,25016170,0.99944485,0.00115354,0.04670049,0.0,5.526e-05,0.95204935,0.0,4.136e-05,19237,6,0.54022681,1.7016179
84,1,25016191,0.90601027,0.00384738,0.00241156,0.16879009,0.00048876,0.81824242,0.00621971,7e-08,23241,6,0.27668562,0.9990272
84,2,25016192,0.97711006,0.00708601,0.00324885,0.04974821,0.00012264,0.93689149,0.00289959,3.21e-06,21401,6,0.284722,0.9981991
84,3,25016193,0.99743259,0.0017622,0.00154834,1.58e-06,0.00078097,0.99590325,3.62e-06,4e-08,37529,6,0.1520024,0.9990086
84,4,25016194,0.90537097,0.00448752,0.00198187,0.25845921,0.00079308,0.7300737,0.0042046,3e-08,39178,2,0.21735241,0.6661266
84,5,25016195,0.99526826,0.00825952,0.00542205,1.44e-06,0.00041436,0.98584668,5.425e-05,1.71e-06,38445,6,0.20140256,0.999245
84,6,25016196,0.92251108,0.01227843,0.00688929,0.14195023,0.0062358,0.81221051,0.02043569,5e-08,37128,2,0.14194466,0.6661833
84,7,25016197,0.98514115,0.01031443,0.00433986,2.25e-06,0.00088218,0.97730569,0.00715557,2e-08,51609,6,0.28998888,0.9993633
84,8,25016198,0.9736564,0.00760927,0.00420391,0.03331785,0.00095467,0.9486242,0.00529003,6e-08,22663,6,0.26585627,0.9991519
84,9,25016199,0.99225367,0.0024997,0.00210994,0.00425314,0.00141063,0.98796613,0.00175871,1.75e-06,36361,6,0.23941906,0.9986542
84,10,25016200,0.99754493,0.00192613,0.00315147,1.88e-06,4.692e-05,0.9943633,0.0005094,9e-07,37417,6,0.19585887,0.9991269
85,1,25016221,0.99941958,0.00114003,0.00298067,0.0,0.00014741,0.31210012,0.0,0.68363176,59199,7,0.09442497,0.9997888
85,2,25016222,0.99940771,0.00126567,0.00273982,0.0,0.00014535,0.29290512,0.0,0.70294405,18143,7,0.25251078,0.9995278
85,3,25016223,0.99935752,0.00112152,0.0064434,0.0,0.00012274,0.58397484,0.0,0.4083375,36407,6,0.15333199,0.9993078
85,4,25016224,0.99930503,0.00142015,0.00512434,0.0,0.00013321,0.37534405,0.0,0.61797825,27615,7,0.12975962,0.9998092
85,5,25016225,0.9991617,0.00120267,0.00577292,0.0,0.0001419,0.54076429,0.0,0.45211821,48695,6,0.18981928,0.9993771
85,6,25016226,0.99939284,0.00114841,0.01326634,0.0,0.00012795,0.47023725,0.0,0.51522005,9655,6,0.08912253,0.9998091
85,7,25016227,0.99930865,0.00128423,0.00402419,0.0,0.00014593,0.53505418,0.0,0.45949147,12271,7,0.14208997,0.9996685
85,8,25016228,0.9993716,0.00124497,0.01324197,0.0,0.00013973,0.51173155,0.0,0.47364177,25743,6,0.09553702,0.9996092
85,9,25016229,0.99954686,0.00092307,0.00102837,0.0,0.00014719,0.46676752,0.0,0.53113385,19455,7,0.11448623,0.9997388
85,10,25016230,0.99942806,0.0009745,0.00209871,0.0,9.97e-05,0.2611205,0.0,0.73570657,8095,7,0.11392634,0.9996185
86,1,25016251,0.99121283,0.01659525,0.00437747,0.00460471,0.00490835,0.9574633,0.0,0.01205092,44098,6,0.25798262,1.4958847
86,2,25016252,0.99941591,0.00101509,0.00117498,1.4e-07,9.924e-05,0.99754052,0.0,0.00017004,51722,6,0.99745227,1.4959346
86,3,25016253,0.99943684,0.00052052,0.00055511,2.1e-07,2.655e-05,0.99889698,0.0,6.2e-07,21699,6,0.38324265,1.4959097
86,4,25016254,0.99950107,0.0005452,5.484e-05,2.1e-07,1.847e-05,0.99938076,0.0,5.2e-07,21964,6,0.56757455,1.4961836
86,5,25016255,0.99631875,0.02850514,0.00146178,2.2e-07,0.00028179,0.85858065,0.0,0.11117042,19522,6,0.46348559,1.4957849
86,6,25016256,0.99938138,0.00108328,0.00054625,1.9e-07,8.701e-05,0.99826209,0.0,2.117e-05,55850,6,0.66871686,1.4959846
86,7,25016257,0.99604939,0.01042929,0.00165841,1.2e-07,0.00052117,0.60430668,0.0,0.38308433,24323,7,0.38298852,1.4961836
86,8,25016258,0.99515221,0.01858044,0.00056964,2.4e-07,0.00387468,0.97696693,0.0,8.07e-06,19908,6,0.46897694,1.4958846
86,9,25016259,0.99820168,0.00461454,0.00024362,1.9e-07,0.00025444,0.94443586,0.0,0.05045135,52106,6,0.34119974,1.4960345
86,10,25016260,0.99599951,0.00768501,0.00288933,4.8e-07,0.00204059,0.79284851,0.0,0.19453608,18060,6,0.30819087,1.4957849
87,1,25016281,0.99887125,0.00077729,0.0,2.158e-05,2.681e-05,0.99917221,1.4e-06,7.2e-07,35327,6,0.15950595,0.9992911
87,2,25016282,0.99869737,0.00059922,0.0,1.992e-05,1.704e-05,0.99936247,1.3e-06,5e-08,51847,6,0.25291724,0.9985709
87,3,25016283,0.99887524,0.00068179,0.0,2.159e-05,2.029e-05,0.99927081,1.38e-06,4.14e-06,33933,6,0.19772448,0.9992453
87,4,25016284,0.99872442,0.00053349,0.0,2.067e-05,1.558e-05,0.99942876,1.31e-06,1.9e-07,29817,6,0.213405,0.9990913
87,5,25016285,0.99897495,0.00060448,0.0,2.133e-05,1.672e-05,0.99935612,1.33e-06,3e-08,44887,6,0.16954422,0.9996121
87,6,25016286,0.99900531,0.00051348,0.0,1.947e-05,1.041e-05,0.99945528,1.34e-06,2e-08,33965,6,0.27130443,0.9992453
87,7,25016287,0.99890338,0.00057007,0.0,2.051e-05,1.821e-05,0.99938982,1.34e-06,6e-08,30937,6,0.35076015,0.9990913
87,8,25016288,0.99895761,0.00070521,0.0,2.145e-05,2.561e-05,0.99924609,1.37e-06,2.6e-07,55775,6,0.12943499,0.9996453
87,9,25016289,0.99886242,0.0006094,0.0,2.062e-05,1.767e-05,0.99935081,1.32e-06,1.7e-07,55687,6,0.13766129,0.9986125
87,10,25016290,0.99888346,0.0007642,0.0,2.259e-05,3.182e-05,0.99917981,1.36e-06,2.3e-07,26111,6,0.17387477,0.9995954
88,1,25016311,0.99134176,0.06238721,0.20858577,0.0015814,0.00661819,0.71199755,0.00850411,0.00032577,51973,6,0.33619174,1.3790429
88,2,25016312,0.97576735,0.09005621,0.01486173,0.00957791,0.02496918,0.70682535,0.00791723,0.14579239,15269,6,0.41898211,1.3789423
88,3,25016313,0.99039829,0.02075308,0.19459438,2.23e-06,0.00333198,0.45282504,0.02226194,0.30623135,49069,7,0.30622368,1.3790671
88,4,25016314,0.99817561,0.00695772,0.00247852,9.9e-07,0.00604871,0.32510176,0.00023106,0.65918124,16165,7,0.45597879,1.3790429
88,5,25016315,0.99060956,0.02526284,0.0047213,0.00499417,0.01167755,0.93168764,0.01174904,0.00990746,53036,6,0.4864307,1.3790429
88,6,25016316,0.99141767,0.01627348,0.00527423,0.01288884,0.00363325,0.95753107,0.00437434,2.48e-05,11141,6,0.4170441,1.3788672
88,7,25016317,0.99901907,0.00309816,0.00061284,8e-07,0.00039912,0.99498555,0.0008637,3.982e-05,56077,6,0.68478436,1.3791429
88,8,25016318,0.99683212,0.01189692,0.00095596,6.7e-07,6.528e-05,0.97970729,0.00725703,0.00011686,43917,6,0.80992477,1.3790671
88,9,25016319,0.99779954,0.00816784,0.0153665,6.4e-07,0.000329,0.03417796,0.00404919,0.93790886,24077,7,0.83851683,1.3788673
88,10,25016320,0.99651729,0.01127223,0.00613915,8e-07,0.00165657,0.75511988,0.00441552,0.22139584,56853,6,0.45707002,1.3790679
89,1,25016341,0.96703067,0.02788058,0.01165669,0.0,0.01317971,0.94086318,0.00641955,3e-07,33033,6,0.27863424,0.9993941
89,2,25016342,0.95946437,0.02987794,0.0154696,0.0,0.01694605,0.92568351,0.01202285,5e-08,39945,6,0.22618751,0.999497
89,3,25016343,0.97657063,0.01548704,0.00877183,0.0,0.00506393,0.96086962,0.0098075,7e-08,34889,6,0.54143112,0.9994969
89,4,25016344,0.96573947,0.03474486,0.01310917,0.0,0.0151208,0.93177409,0.00524555,5.52e-06,19591,6,0.44002116,0.9993442
89,5,25016345,0.95396514,0.0422952,0.01745957,0.0,0.01654672,0.91234285,0.01135563,3e-08,33289,6,0.2468687,0.9994455
89,6,25016346,0.98439529,0.01358244,0.00779139,0.0,0.00490961,0.87362791,0.00259173,0.09749692,22919,6,0.43837363,0.9993163
89,7,25016347,0.96824315,0.02173602,0.01707496,0.0,0.00921544,0.93559421,0.01637933,4e-08,35149,6,0.24071692,0.9992911
89,8,25016348,0.96078394,0.037274,0.01513178,0.0,0.01355262,0.92306365,0.01097791,4e-08,37129,6,0.1679269,0.9993941
89,9,25016349,0.97214493,0.01937402,0.00642991,0.0,0.00703717,0.95275902,0.01439985,3e-08,35083,6,0.4050909,0.9993941
89,10,25016350,0.96586396,0.02365984,0.01226565,0.0,0.00993713,0.93993227,0.01420505,6e-08,36361,6,0.28468794,0.9991883
90,1,25016371,0.99896974,0.00059446,0.0,7.38e-06,8.157e-05,0.93751231,0.0,0.06180429,47447,6,0.27969395,0.9988618
90,2,25016372,0.99911538,0.00071739,0.0,7.22e-06,8.327e-05,0.76587069,0.0,0.23332143,37335,6,0.18429169,0.9994763
90,3,25016373,0.99904813,0.00076388,0.0,6.82e-06,8.291e-05,0.63642,0.0,0.36272639,29135,6,0.17465511,0.99898
90,4,25016374,0.99909782,0.00050456,0.0,7.25e-06,5.445e-05,0.93929167,0.0,0.06014207,56825,6,0.18382199,0.9995265
90,5,25016375,0.99904326,0.00068672,0.0,7.03e-06,6.166e-05,0.65434778,0.0,0.3448968,64943,6,0.15457551,0.9992532
90,6,25016376,0.99914765,0.00071123,0.0,6.86e-06,9.117e-05,0.30332745,0.0,0.69586329,24519,7,0.14292975,0.9994279
90,7,25016377,0.99921155,0.00077696,0.0,6.78e-06,0.00010244,0.48420341,0.0,0.51491042,23007,6,0.13221742,0.9997262
90,8,25016378,0.999239,0.00066213,0.0,6.95e-06,8.868e-05,0.7012516,0.0,0.29799065,5631,7,0.13373777,0.9997263
90,9,25016379,0.99921983,0.0006768,0.0,6.81e-06,7.907e-05,0.46236009,0.0,0.53687723,43863,7,0.11835814,0.999693
90,10,25016380,0.99901683,0.00056294,0.0,7.05e-06,5.231e-05,0.91530719,0.0,0.0840705,59663,6,0.18384931,0.9992531
91,1,25016401,0.99945905,0.00102411,0.00016911,0.0,6.287e-05,0.93511511,0.0,0.0636288,57124,6,0.33473185,1.804654
91,2,25016402,0.9771133,0.08049356,0.0358368,0.0,0.00184513,0.88181448,0.0,1.003e-05,8437,6,0.37240678,1.804604
91,3,25016403,0.99945206,0.00050451,4.98e-06,0.0,1.574e-05,0.99947445,0.0,3.3e-07,56394,6,0.56853446,1.8043933
91,4,25016404,0.92944269,0.42980151,0.00077601,0.0,3.048e-05,0.56939162,0.0,3.8e-07,18068,6,0.48177448,1.804554
91,5,25016405,0.97352527,0.10812272,0.02262101,0.0,9.862e-05,0.83269534,0.0,0.03646232,8956,6,0.69745218,1.804554
91,6,25016406,0.99947307,0.00046053,5.66e-06,0.0,1.392e-05,0.99951959,0.0,2.9e-07,48458,6,0.70002258,1.8046873
91,7,25016407,0.99932772,0.00018848,0.00039886,0.0,6.42e-06,0.99940612,0.0,1.2e-07,8356,6,0.99939194,1.8041936
91,8,25016408,0.99948561,0.00050745,6.78e-06,0.0,5.437e-05,0.99942583,0.0,5.57e-06,42643,6,0.99920385,1.804654
91,9,25016409,0.99488836,0.02310803,0.00140562,0.0,0.00014352,0.88218818,0.0,0.09315465,44835,6,0.34947506,1.804654
91,10,25016410,0.99946217,0.00101693,0.0001673,0.0,5.111e-05,0.6981756,0.0,0.30058906,53133,6,0.45677055,1.8045932
92,1,25016431,0.99889857,0.00057554,0.0,6.57e-06,2.288e-05,0.99939198,2.6e-06,4.3e-07,30793,6,0.2170703,0.9994885
92,2,25016432,0.99884054,0.00057134,0.0,7.58e-06,1.55e-05,0.99940302,2.52e-06,3e-08,29209,6,0.17411335,0.9990221
92,3,25016433,0.99890194,0.00079813,0.0,9.58e-06,2.778e-05,0.99916031,3.12e-06,1.08e-06,33183,6,0.41806299,0.9996885
92,4,25016434,0.99841938,0.00042773,0.0,6.5e-06,1.447e-05,0.99954873,2.1e-06,4.8e-07,29545,6,0.38058704,0.9990221
92,5,25016435,0.99879201,0.00074273,0.0,7.46e-06,1.778e-05,0.99922375,2.49e-06,5.8e-06,32841,6,0.13087843,0.9992887
92,6,25016436,0.9988265,0.00082587,0.0,1.048e-05,2.625e-05,0.99913433,2.99e-06,8e-08,37273,6,0.1927377,0.9994886
92,7,25016437,0.99877039,0.00083835,0.0,9.8e-06,2.4e-05,0.99912126,2.73e-06,3.86e-06,60427,6,0.14379996,0.9994886
92,8,25016438,0.99873923,0.0006826,0.0,6.76e-06,2.369e-05,0.99928377,2.86e-06,3.2e-07,44167,6,0.24834495,0.999011
92,9,25016439,0.99886737,0.00062076,0.0,6.74e-06,2.161e-05,0.99934823,2.51e-06,1.6e-07,28685,6,0.15462049,0.9994886
92,10,25016440,0.99875704,0.00069931,0.0,9.51e-06,1.95e-05,0.9992686,2.91e-06,1.7e-07,26781,6,0.15213546,0.9991274
93,1,25016461,0.99963571,0.00193758,0.04000038,0.0,0.0006056,0.2495041,0.0,0.70795235,62463,7,0.13605358,0.9999241
93,2,25016462,0.99959004,0.00238294,0.07140515,0.0,0.00033152,0.30186642,0.0,0.62401397,42359,7,0.20441538,0.9998681
93,3,25016463,0.99947604,0.00230823,0.06526491,0.0,0.00028019,0.34300415,0.0,0.58914251,25727,7,0.10004022,0.9998489
93,4,25016464,0.99972617,0.00167128,0.02706998,0.0,0.0002476,0.29020609,0.0,0.68080505,48063,7,0.16078057,0.9998988
93,5,25016465,0.99949173,0.00236345,0.05493306,0.0,0.00022037,0.34467805,0.0,0.59780506,44983,7,0.21277246,0.9998908
93,6,25016466,0.99942979,0.00283787,0.11767393,0.0,0.00053233,0.30664558,0.0,0.5723103,27135,7,0.10881856,0.9998489
93,7,25016467,0.99965094,0.00162306,0.03712276,0.0,0.00031296,0.31210462,0.0,0.6488366,15287,7,0.14590023,0.9998738
93,8,25016468,0.99942875,0.00345201,0.05199264,0.0,0.00091972,0.31925009,0.0,0.62438555,44031,7,0.10925897,0.9999241
93,9,25016469,0.99961099,0.00173074,0.0255211,0.0,0.00065787,0.22535692,0.0,0.74673337,30687,7,0.1452607,0.9999494
93,10,25016470,0.99953835,0.00247675,0.09767806,0.0,0.00056765,0.47039887,0.0,0.42887866,42815,6,0.09833459,0.9998847
94,1,25016491,0.99422194,0.02085141,0.00149323,2.9e-07,0.01644182,0.43620918,2.2e-07,0.52500385,24101,6,0.34842292,1.2031165
94,2,25016492,0.99409584,0.02352016,0.00130632,0.00411925,0.00111408,0.29714008,7e-07,0.67279941,20365,7,0.6727324,1.2032414
94,3,25016493,0.99191994,0.0114725,0.00819298,0.00288133,0.00546935,0.49809927,0.00018124,0.47370333,19333,7,0.43158909,1.2031914
94,4,25016494,0.9802201,0.05224874,0.00712101,0.01613108,0.01198902,0.58553046,0.00232641,0.32465328,55821,6,0.35074433,1.2032913
94,5,25016495,0.99537597,0.00892039,0.00297407,3.4e-07,0.00217347,0.7796594,4.1e-07,0.20627191,20267,6,0.61643725,1.203332
94,6,25016496,0.99450634,0.01510596,0.00660812,0.00779773,0.00287432,0.31986151,0.00047014,0.64728222,23301,7,0.41829937,1.203332
94,7,25016497,0.99941835,0.00170812,0.00071265,4.4e-07,4.077e-05,0.99747786,2.3e-07,5.992e-05,20267,6,0.87318809,1.203332
94,8,25016498,0.99772616,0.00220969,0.00360256,3.4e-07,0.00152194,0.79353819,7.159e-05,0.19905569,24099,6,0.79344915,1.2031165
94,9,25016499,0.99771577,0.01658901,0.00460538,4e-07,0.0024735,0.71125584,6.3e-07,0.26507524,24364,6,0.36641518,1.203332
94,10,25016500,0.99955986,0.00086367,0.00055095,2.8e-07,3.445e-05,0.00013463,2.3e-07,0.99841579,19339,7,0.86581339,1.2032414
95,1,25016521,0.99897474,0.00053124,0.0,1.727e-05,1.481e-05,0.99943589,7.7e-07,2e-08,37951,6,0.21733877,0.9992819
95,2,25016522,0.99908657,0.00059485,0.0,1.732e-05,2.008e-05,0.99936696,7.4e-07,6e-08,57929,6,0.16915872,0.9994409
95,3,25016523,0.99897238,0.00070209,0.0,1.781e-05,2.412e-05,0.99925408,7.5e-07,1.15e-06,8607,6,0.13380047,0.9983199
95,4,25016524,0.99870823,0.00045026,0.0,1.7e-05,1.954e-05,0.99951232,7.4e-07,1.4e-07,60361,6,0.30318454,0.9988825
95,5,25016525,0.99894926,0.00061572,0.0,1.712e-05,2.013e-05,0.99934425,7.8e-07,1.99e-06,21887,6,0.19817291,0.9996407
95,6,25016526,0.99897843,0.00054456,0.0,1.712e-05,1.65e-05,0.999419,7.5e-07,2.06e-06,35049,6,0.17519747,0.9988822
95,7,25016527,0.9989448,0.00057953,0.0,1.737e-05,2.05e-05,0.99937707,7.7e-07,4.75e-06,65145,6,0.1897433,0.9990821
95,8,25016528,0.99892519,0.00054097,0.0,1.725e-05,1.968e-05,0.99942104,7.5e-07,3e-07,44281,6,0.17322887,0.9988824
95,9,25016529,0.99879037,0.00054085,0.0,1.742e-05,1.837e-05,0.99942245,7.7e-07,1.5e-07,31993,6,0.15234482,0.9990822
95,10,25016530,0.99889261,0.00047225,0.0,1.683e-05,1.558e-05,0.99949457,7.4e-07,3e-08,33497,6,0.22746737,0.9988822
96,1,25016551,0.97065275,0.4448541,0.55125098,0.0,0.00388539,9.25e-06,0.0,2.8e-07,29435,0,0.26493412,1.4728521
96,2,25016552,0.97521464,0.37979287,0.62018365,0.0,1.631e-05,6.77e-06,0.0,4e-07,55778,4,0.62016241,1.7087975
96,3,25016553,0.98841646,0.17364168,0.20208428,0.0,2.763e-05,0.62424614,0.0,2.8e-07,56059,6,0.34884545,1.7089474
96,4,25016554,0.97937,0.30745645,0.41634553,0.0,0.00666377,0.26952418,0.0,1.008e-05,20236,6,0.19984343,1.7088892
96,5,25016555,0.99945634,0.00095845,0.00012908,0.0,6.537e-05,0.99875194,0.0,9.516e-05,19234,6,0.36284308,1.7088892
96,6,25016556,0.99942008,0.00095744,0.00019461,0.0,7.82e-05,0.96745526,0.0,0.03131449,44581,6,0.5135303,1.7086809
96,7,25016557,0.99205517,0.10413162,0.17509577,0.0,0.01336841,0.70738827,0.0,1.593e-05,43947,6,0.31388251,1.7089474
96,8,25016558,0.99947159,0.00073489,9.81e-06,0.0,1.74e-05,0.99923726,0.0,6.3e-07,15243,6,0.90776144,1.7088974
96,9,25016559,0.9880516,0.17673675,0.23520199,0.0,0.00099522,0.58705217,0.0,1.387e-05,56989,6,0.42292097,1.7089474
96,10,25016560,0.98005759,0.30184482,0.3491192,0.0,2.709e-05,0.3490086,0.0,2.9e-07,51899,6,0.34899822,1.7089474
97,1,25016581,0.98162689,0.00909284,0.00226152,1e-08,0.00531879,0.97618569,0.00714113,2e-08,34857,6,0.26309776,0.9993053
97,2,25016582,0.99260592,0.00585389,0.00469819,2e-08,0.00215507,0.98551417,0.0017783,3.6e-07,37133,6,0.14479489,0.9992073
97,3,25016583,0.98878715,0.00661682,0.00356856,2e-08,0.00135978,0.98296023,0.00549453,6e-08,8009,6,0.55037043,0.9993072
97,4,25016584,0.99530562,0.00222042,0.00367978,4e-08,0.00161952,0.99145712,0.00102299,1.3e-07,34889,6,0.20316116,0.9994034
97,5,25016585,0.98292215,0.01122378,0.00507744,2e-08,0.00557988,0.97466631,0.00345169,8.8e-07,18119,6,0.27026424,0.9987653
97,6,25016586,0.98576797,0.0097079,0.00321533,2.2e-07,0.00526493,0.97834641,0.00346516,4e-08,34777,6,0.322866,0.9994035
97,7,25016587,0.98696484,0.00806523,0.00362413,2e-08,0.00240819,0.979697,0.0062054,4e-08,39245,6,0.19013868,0.9990109
97,8,25016588,0.99644808,0.00167589,0.00154428,2e-08,0.00113182,0.99511395,0.00053343,6e-07,32907,6,0.30754753,0.9994035
97,9,25016589,0.98948556,0.00658925,0.00593149,1e-08,0.00254641,0.98242142,0.0025102,1.22e-06,34905,6,0.21528525,0.9992072
97,10,25016590,0.99187493,0.00242129,0.00194521,2e-08,0.00354882,0.98958433,0.00250009,2.4e-07,32969,6,0.74309728,0.9994035
98,1,25016611,0.99920863,0.0008009,0.0,0.0,0.00010964,0.666986,0.0,0.33210346,58343,6,0.09731848,0.9990955
98,2,25016612,0.99941621,0.00083852,0.0,0.0,0.00010182,0.53873848,0.0,0.46032119,60589,6,0.14831656,0.9995984
98,3,25016613,0.99898708,0.00060555,0.0,0.0,5.941e-05,0.77411054,0.0,0.22522451,46201,6,0.28103119,0.9990965
98,4,25016614,0.99904475,0.00074025,0.0,0.0,7.582e-05,0.77146847,0.0,0.22771545,43161,6,0.22349681,0.9987968
98,5,25016615,0.99894996,0.00057322,0.0,0.0,5.635e-05,0.88515674,0.0,0.11421369,39577,6,0.258897,0.9990969
98,6,25016616,0.999171,0.00080119,0.0,0.0,7.779e-05,0.78392553,0.0,0.2151955,28045,6,0.11277043,0.9993471
98,7,25016617,0.99924881,0.0007977,0.0,0.0,8.919e-05,0.60779408,0.0,0.39131903,1215,6,0.13090997,0.9993472
98,8,25016618,0.99914029,0.0006628,0.0,0.0,8.912e-05,0.68331594,0.0,0.31593213,60345,6,0.20118929,0.9991974
98,9,25016619,0.99921486,0.00073423,0.0,0.0,6.988e-05,0.78806772,0.0,0.21112817,58985,6,0.21532427,0.9995985
98,10,25016620,0.99937862,0.00084424,0.0,0.0,0.00012234,0.69405559,0.0,0.30497783,10167,6,0.09757068,0.9996477
99,1,25016641,0.92875856,0.12361704,0.01200884,0.00316259,0.00046731,0.77182198,0.0,0.08892224,56868,6,0.26133228,1.7423687
99,2,25016642,0.9977946,0.00897745,0.00492108,1.2e-07,0.00120613,0.98488838,0.0,6.84e-06,50372,6,0.46537763,1.7423189
99,3,25016643,0.99950297,0.00050376,0.00016181,1.4e-07,3.078e-05,0.99930311,0.0,4e-07,50629,6,0.51384465,1.742667
99,4,25016644,0.99607182,0.00835326,0.00240214,2.4e-07,0.00309634,0.94314449,0.0,0.04300354,44555,6,0.33536199,1.7425186
99,5,25016645,0.99945608,0.00047736,0.00016535,1e-07,1.483e-05,0.99934198,0.0,3.8e-07,19909,6,0.44830813,1.7424188
99,6,25016646,0.99773149,0.02159799,0.00032715,1.2e-07,2.671e-05,0.97804348,0.0,4.56e-06,20012,6,0.30667553,1.742219
99,7,25016647,0.99853581,0.00348325,0.00652941,1e-07,3.107e-05,0.91534334,0.0,0.07461283,18980,6,0.73524773,1.7422191
99,8,25016648,0.99743465,0.00307457,0.00102977,1e-07,0.00225251,0.99352894,0.0,0.00011411,21724,6,0.66960273,1.742667
99,9,25016649,0.99941825,0.00044361,0.00020747,1.2e-07,1.659e-05,0.99933188,0.0,3.3e-07,21706,6,0.54611329,1.7423522
99,10,25016650,0.99940658,0.00052492,9.486e-05,8e-08,4.597e-05,0.99933382,0.0,3.4e-07,54477,6,0.99881184,1.7425186
100,1,25016671,0.99885294,0.00065268,0.0,1.879e-05,2.307e-05,0.99930137,1.82e-06,2.27e-06,32847,6,0.14791281,0.999234
100,2,25016672,0.99882164,0.00055523,0.0,1.778e-05,1.801e-05,0.99940625,1.65e-06,1.08e-06,29709,6,0.15926201,0.9994339
100,3,25016673,0.9985692,0.00049999,0.0,1.64e-05,1.644e-05,0.9994631,1.64e-06,2.42e-06,47311,6,0.11757433,0.9990681
100,4,25016674,0.99892799,0.00068293,0.0,2.005e-05,1.989e-05,0.99927518,1.73e-06,2.2e-07,64569,6,0.12617143,0.9990683
100,5,25016675,0.998584,0.0006791,0.0,1.689e-05,1.593e-05,0.99928436,1.64e-06,2.08e-06,40015,6,0.16500048,0.9981379
100,6,25016676,0.99870272,0.00051928,0.0,1.751e-05,1.658e-05,0.99943832,1.85e-06,6.46e-06,39145,6,0.44097658,0.9988685
100,7,25016677,0.99889863,0.0006498,0.0,1.804e-05,1.788e-05,0.99931163,1.69e-06,9.6e-07,8087,6,0.17246494,0.9991432
100,8,25016678,0.99883461,0.00062903,0.0,1.79e-05,1.917e-05,0.99932908,1.75e-06,3.06e-06,64719,6,0.13245829,0.9990683
100,9,25016679,0.99882687,0.00064364,0.0,1.965e-05,2.115e-05,0.99931346,1.76e-06,3.4e-07,9407,6,0.14354494,0.999218
100,10,25016680,0.99849503,0.00055111,0.0,1.613e-05,1.475e-05,0.99941599,1.69e-06,3.4e-07,33375,6,0.16523662,0.9988686
101,1,25016701,0.99900093,0.00477416,0.00052831,1.97e-06,9.573e-05,0.14263138,6.13e-06,0.85196232,12197,7,0.85195635,1.2149032
101,2,25016702,0.99943633,0.00148878,0.00122664,1.8e-06,0.00047694,1.391e-05,0.00013556,0.99665638,24077,7,0.52166389,1.2149032
101,3,25016703,0.99215718,0.03177136,0.003212,0.00169579,0.03858594,4.405e-05,0.01026966,0.91442121,16301,7,0.67010476,1.215053
101,4,25016704,0.99947915,0.00119214,0.00067895,1.55e-06,7.16e-05,3.387e-05,5.69e-06,0.99801619,11821,7,0.57143205,1.2148532
101,5,25016705,0.99634367,0.02039693,0.00246927,9.962e-05,0.01276661,8.65e-05,0.00425212,0.95992897,20365,7,0.46060664,1.2149531
101,6,25016706,0.99420355,0.02360637,0.00169618,1.71e-06,0.01818195,0.11805845,0.01310541,0.82534994,44805,7,0.54942646,1.215046
101,7,25016707,0.99067178,0.02036029,0.03122859,1.6e-05,0.01599623,0.89301058,0.02924855,0.01013976,47013,6,0.89300264,1.2150031
101,8,25016708,0.98596186,0.05216964,0.01003767,0.01053241,0.06192755,0.02981631,0.02486176,0.81065466,44965,7,0.28389198,1.2149698
101,9,25016709,0.97147131,0.07110358,0.03005613,0.00281121,0.08538494,0.51750194,0.08197743,0.21116477,46733,6,0.51741521,1.215003
101,10,25016710,0.9907867,0.01178709,0.00264644,0.00177346,0.00638295,0.20028785,0.03915796,0.73796425,57125,7,0.46796632,1.215071
102,1,25016731,0.91514685,0.08809432,0.01733726,0.0,0.03559566,0.78895837,0.07001437,3e-08,37967,6,0.15678825,0.9995144
102,2,25016732,0.95236989,0.04689733,0.00888325,0.0,0.02093208,0.90668459,0.01660271,4e-08,36937,6,0.25615576,0.9995572
102,3,25016733,0.92202061,0.07457116,0.01683089,0.0,0.04134569,0.81856625,0.04868598,3e-08,37131,6,0.2412266,0.9995143
102,4,25016734,0.97887077,0.01934895,0.00558418,0.0,0.01438977,0.95613747,0.00453955,8e-08,37387,6,0.34386394,0.9995358
102,5,25016735,0.96114449,0.04651312,0.00834304,0.0,0.02634593,0.61148944,0.00520285,0.30210562,24199,7,0.3021055,0.9994538
102,6,25016736,0.98799766,0.01455241,0.00330188,0.0,0.00377839,0.12832851,0.00401682,0.84602199,19079,7,0.84602031,0.9994217
102,7,25016737,0.95271451,0.05361783,0.01397868,0.0,0.0202828,0.53242625,0.0273436,0.35235084,24207,7,0.27824503,0.9995287
102,8,25016738,0.96016359,0.04096124,0.00813302,0.0,0.02102219,0.91829535,0.01158813,6e-08,32847,6,0.43097445,0.9995572
102,9,25016739,0.96521922,0.04018162,0.00729492,0.0,0.03001465,0.60078003,0.00625205,0.31547673,23175,7,0.3154749,0.9994966
102,10,25016740,0.93916282,0.0579703,0.0131123,0.0,0.04316386,0.80267863,0.03075573,0.05231918,37131,6,0.52725735,0.9995143
103,1,25016761,0.99852461,0.00033151,0.0,1.368e-05,2.759e-05,0.92570776,0.0,0.07391945,34809,6,0.25941168,0.9992706
103,2,25016762,0.99911811,0.00067279,0.0,1.321e-05,8.679e-05,0.45512119,0.0,0.54410603,65215,7,0.09061599,0.9991768
103,3,25016763,0.99891614,0.00058599,0.0,1.333e-05,6.018e-05,0.85654834,0.0,0.14279216,43591,6,0.19476325,0.9986462
103,4,25016764,0.99879416,0.00053209,0.0,1.342e-05,5.57e-05,0.97455843,0.0,0.02484035,37929,6,0.23769552,0.9992707
103,5,25016765,0.9988732,0.00059703,0.0,1.309e-05,6.901e-05,0.71974931,0.0,0.27957156,31799,6,0.20359672,0.9990915
103,6,25016766,0.99902725,0.00065477,0.0,1.325e-05,7.977e-05,0.49566853,0.0,0.50358368,35735,7,0.12963305,0.9993726
103,7,25016767,0.99892013,0.00032678,0.0,1.398e-05,2.21e-05,0.99962421,0.0,1.293e-05,55257,6,0.44984632,0.9994705
103,8,25016768,0.99894142,0.00053041,0.0,1.335e-05,5.231e-05,0.7517455,0.0,0.24765842,29743,6,0.08681945,0.9994706
103,9,25016769,0.99892661,0.00063756,0.0,1.336e-05,7.725e-05,0.83626624,0.0,0.16300559,64747,6,0.15162522,0.9994704
103,10,25016770,0.99890821,0.00046493,0.0,1.362e-05,5.11e-05,0.80017911,0.0,0.19929125,40185,6,0.18196253,0.9991415
104,1,25016791,0.99951214,0.00054099,8.67e-06,0.0,3.466e-05,0.99935354,0.0,6.214e-05,52755,6,0.52156751,1.9130091
104,2,25016792,0.99940974,0.00079268,0.00044975,0.0,2.552e-05,0.97476288,0.0,0.02396917,51714,6,0.27444169,1.9126268
104,3,25016793,0.99936153,0.00089459,0.0003527,0.0,3.939e-05,0.99810842,0.0,0.0006049,20013,6,0.49583773,1.9126767
104,4,25016794,0.99945052,0.00085916,0.0002425,0.0,6.338e-05,0.99878211,0.0,5.286e-05,51755,6,0.40264651,1.9128266
104,5,25016795,0.99946725,0.00047849,6.92e-06,0.0,2.395e-05,0.99946116,0.0,2.948e-05,19995,6,0.6480568,1.9130091
104,6,25016796,0.95332405,0.27304816,0.18132112,0.0,0.00180012,0.54382838,0.0,2.22e-06,8892,6,0.23425513,1.9129092
104,7,25016797,0.99949226,0.000889,0.00013787,0.0,5.221e-05,0.81705886,0.0,0.18186206,52779,6,0.40179773,1.9128265
104,8,25016798,0.93863387,0.34540715,0.10364949,0.0,3.788e-05,0.36579008,0.0,0.1851154,56107,6,0.36561322,1.913109
104,9,25016799,0.99952843,0.00095571,0.00032401,0.0,6.994e-05,0.998557,0.0,9.334e-05,43818,6,0.910484,1.9130091
104,10,25016800,0.99934957,0.00083561,0.00016862,0.0,4.409e-05,0.88838378,0.0,0.1105679,48677,6,0.88754429,1.9127017
105,1,25016821,0.72574202,0.00255473,0.00204547,0.64483921,0.00029365,0.34755951,0.00270739,4e-08,24390,2,0.32368522,0.4997631
105,2,25016822,0.80720005,0.00622837,0.00184763,0.56152586,0.00053247,0.4287749,0.00109012,6.5e-07,6984,2,0.56015407,0.6660814
105,3,25016823,0.99593573,0.00433527,0.00433223,1.66e-06,3.495e-05,0.99096358,0.00033198,3.3e-07,33929,6,0.2420794,0.9993127
105,4,25016824,0.99563209,0.0009983,0.00167204,0.00074629,2.581e-05,0.9941911,0.00236627,1.8e-07,8009,6,0.52334691,0.999126
105,5,25016825,0.97268324,0.02265856,0.00864338,1.54e-06,0.00117075,0.95305638,0.01446937,3e-08,62987,6,0.13494877,0.9992259
105,6,25016826,0.98118191,0.00486419,0.00311878,0.00483567,0.00388089,0.97480497,0.00849541,9e-08,57737,6,0.16618024,0.9992259
105,7,25016827,0.99445198,0.00378408,0.00418446,1.53e-06,0.00027993,0.98977079,0.00193961,3.96e-05,55577,6,0.24514409,0.9984822
105,8,25016828,0.9962656,0.00144417,0.00322511,1.75e-06,0.00036508,0.99354308,0.00142079,2e-08,56217,6,0.29213826,0.9993693
105,9,25016829,0.76781884,0.00265998,0.00114468,0.68663112,0.00030201,0.30860441,0.00065762,1.9e-07,37452,2,0.68656608,0.6662462
105,10,25016830,0.99456274,0.00657439,0.00438205,1.43e-06,0.0002961,0.9883739,0.00037207,6e-08,19591,6,0.2040956,0.9989762
106,1,25016851,0.99952352,0.00135531,0.00269608,0.0,0.00014114,0.66896577,0.0,0.3268417,43519,7,0.16306763,0.9997832
106,2,25016852,0.99958578,0.00106633,0.00126108,0.0,0.00013803,0.38943726,0.0,0.6080973,23495,6,0.14945931,0.9997582
106,3,25016853,0.99946769,0.00120249,0.00166731,0.0,0.00013392,0.57418358,0.0,0.42281271,60429,6,0.13065621,0.9996916
106,4,25016854,0.99934578,0.00128975,0.00317738,0.0,0.00039616,0.77813558,0.0,0.21700114,65143,6,0.10880657,0.9997083
106,5,25016855,0.99956172,0.00099285,0.00345963,0.0,0.00017865,0.48578055,0.0,0.50958833,31863,6,0.16927298,0.9997083
106,6,25016856,0.99958299,0.00117474,0.00502363,0.0,0.00017467,0.12591128,0.0,0.86771567,2431,7,0.13418877,0.9993213
106,7,25016857,0.99951892,0.00107368,0.00227465,0.0,0.00016244,0.49162164,0.0,0.5048676,45911,6,0.15349112,0.9996115
106,8,25016858,0.99957267,0.00146658,0.00237551,0.0,0.00022365,0.60448515,0.0,0.39144912,64831,6,0.20459356,0.9998916
106,9,25016859,0.99952038,0.00128626,0.00263137,0.0,0.00012754,0.35049396,0.0,0.64546087,30671,7,0.08809054,0.9997833
106,10,25016860,0.99956855,0.00112166,0.00225402,0.0,0.00015753,0.35998868,0.0,0.63647811,55287,7,0.31930654,0.9998666
107,1,25016881,0.99574698,0.01759147,0.01170925,0.0,0.00753664,0.96301454,8.88e-05,5.93e-05,19234,6,0.3983877,1.5087739
107,2,25016882,0.99924471,0.0016735,0.00077268,0.0,5.82e-05,0.99746003,1e-07,3.549e-05,24354,6,0.51856076,1.5088488
107,3,25016883,0.99812851,0.01523795,0.00050626,0.0,0.00394007,0.45506391,2.5e-07,0.52525157,20236,7,0.44525922,1.5087739
107,4,25016884,0.99145278,0.01658113,0.00550174,0.0,0.00643444,0.2683544,0.0011865,0.70194179,24323,7,0.68879708,1.5088738
107,5,25016885,0.99519144,0.0367445,0.00290842,0.0,0.00035692,0.95978618,3.6e-07,0.00020362,55820,6,0.34352814,1.5086722
107,6,25016886,0.99608311,0.00871496,0.00637248,0.0,0.00130378,0.98309887,0.00044258,6.733e-05,24101,6,0.25616673,1.5085973
107,7,25016887,0.99836742,0.00387643,0.01451943,0.0,0.00054642,0.82789304,1.94e-06,0.15316274,56066,6,0.3040111,1.5088738
107,8,25016888,0.99694815,0.03365975,0.03079841,0.0,0.0009369,0.9345529,3.2e-07,5.171e-05,18306,6,0.56946137,1.5087739
107,9,25016889,0.99495211,0.01860927,0.02561062,0.0,0.00210325,0.1296893,7.6e-07,0.8239868,20237,7,0.47151325,1.5088738
107,10,25016890,0.99957754,0.00082538,0.00049539,0.0,4.684e-05,0.05577287,1.3e-07,0.9428594,23299,7,0.7840046,1.5088738
108,1,25016911,0.99854733,0.00054077,0.0,1.935e-05,2.911e-05,0.99940933,1.26e-06,1.7e-07,33007,6,0.25137739,0.9980384
108,2,25016912,0.99884745,0.00043561,0.0,1.963e-05,1.397e-05,0.9995294,1.26e-06,1.3e-07,22009,6,0.19911458,0.999409
108,3,25016913,0.99875768,0.00029179,0.0,1.991e-05,8.62e-06,0.99967843,1.24e-06,1e-08,46969,6,0.40244261,0.999114
108,4,25016914,0.99880934,0.000698,0.0,2.016e-05,2.835e-05,0.99925202,1.27e-06,1.9e-07,57519,6,0.14363659,0.9988233
108,5,25016915,0.99878333,0.00061514,0.0,2.007e-05,2.347e-05,0.99933975,1.25e-06,3.1e-07,43479,6,0.12968846,0.9995755
108,6,25016916,0.99858982,0.00052399,0.0,2.006e-05,1.585e-05,0.99943853,1.28e-06,2.9e-07,21337,6,0.20573158,0.9983744
108,7,25016917,0.99872306,0.00059575,0.0,2.018e-05,2.086e-05,0.99935976,1.23e-06,2.22e-06,25995,6,0.18731131,0.9989683
108,8,25016918,0.99895415,0.00064244,0.0,2.036e-05,2.589e-05,0.99930986,1.23e-06,2.2e-07,65195,6,0.16920786,0.9992135
108,9,25016919,0.99855597,0.00046302,0.0,1.886e-05,1.206e-05,0.99950476,1.26e-06,3e-08,22361,6,0.24502843,0.9989489
108,10,25016920,0.99894676,0.00068804,0.0,2.055e-05,2.777e-05,0.9992623,1.23e-06,1.3e-07,39767,6,0.10969945,0.999534
109,1,25016941,0.99203423,0.0307559,0.00549074,0.0,0.01396459,0.94978383,0.0,4.94e-06,11716,6,0.61862626,1.6364253
109,2,25016942,0.98961388,0.0447344,0.00674494,0.0,0.02138546,0.92710598,0.0,2.922e-05,55181,6,0.4859863,1.6368523
109,3,25016943,0.92155646,0.50188744,0.09812947,0.0,0.1088074,0.29116976,0.0,5.93e-06,19007,0,0.30594232,1.4246314
109,4,25016944,0.99778957,0.0026803,0.00939055,0.0,0.00563458,0.56242325,0.0,0.41987132,48941,7,0.41981285,1.6368523
109,5,25016945,0.99946295,0.00058285,4.634e-05,0.0,4.905e-05,0.99932128,0.0,4.8e-07,46540,6,0.32972527,1.6367857
109,6,25016946,0.96331389,0.17765993,0.0309139,0.0,0.02094379,0.7704632,0.0,1.918e-05,42884,6,0.42251447,1.6367191
109,7,25016947,0.99910552,0.00226263,0.00106221,0.0,2.552e-05,0.99664914,0.0,5e-07,51451,6,0.92533331,1.6367251
109,8,25016948,0.9994473,0.00049445,0.00013206,0.0,2.773e-05,0.99934544,0.0,3.2e-07,18619,6,0.96376314,1.6365751
109,9,25016949,0.9550721,0.18987316,0.00015785,0.0,7.634e-05,0.80989231,0.0,3.3e-07,23291,6,0.74914662,1.6366751
109,10,25016950,0.93963547,0.24426903,0.00052315,0.0,0.24471445,0.51047968,0.0,1.369e-05,53036,6,0.33969766,1.6367524
110,1,25016971,0.95457362,0.01760439,0.00813169,0.0,0.00915661,0.75821597,0.02448408,0.18240727,33033,6,0.25086721,0.9993147
110,2,25016972,0.96825945,0.02705007,0.00641717,0.0,0.005319,0.94935877,0.01185495,5e-08,33103,6,0.36350728,0.9991722
110,3,25016973,0.95289353,0.02756525,0.00994505,0.0,0.01213065,0.79471305,0.01985059,0.13579541,37387,6,0.33932791,0.9993859
110,4,25016974,0.93882166,0.0360271,0.01467879,0.0,0.01424558,0.91051052,0.02453799,2e-08,34893,6,0.18110874,0.9994572
110,5,25016975,0.94784885,0.03237123,0.01782886,0.0,0.01535683,0.91532745,0.0191156,5e-08,35851,6,0.23016518,0.9994572
110,6,25016976,0.9641769,0.02488617,0.0140991,0.0,0.0086045,0.8944589,0.01324837,0.04470296,38153,6,0.19440739,0.9993147
110,7,25016977,0.98428751,0.00875028,0.00749137,0.0,0.00399683,0.97370338,0.0060334,2.474e-05,19599,6,0.28918701,0.9993646
110,8,25016978,0.95529939,0.02577953,0.01018684,0.0,0.00631516,0.93402467,0.02369378,2e-08,37129,6,0.59829908,0.9993147
110,9,25016979,0.93902193,0.04197471,0.02452009,0.0,0.01426399,0.76622003,0.02271424,0.13030693,20103,7,0.13030688,0.9989799
110,10,25016980,0.94407085,0.02324932,0.01640257,0.0,0.01186003,0.91920011,0.02928548,2.48e-06,36107,6,0.43108219,0.9993146
111,1,25017001,0.99896206,0.00042913,0.0,3.1e-06,4.088e-05,0.91840966,0.0,0.08111722,38169,6,0.2068666,0.9995336
111,2,25017002,0.99925796,0.00080324,0.0,2.82e-06,0.00010341,0.26629141,0.0,0.73279911,62959,6,0.18439216,0.9992014
111,3,25017003,0.99909325,0.00074323,0.0,3.07e-06,7.915e-05,0.6023648,0.0,0.39680975,19831,7,0.1680066,0.9996836
111,4,25017004,0.99902755,0.00047316,0.0,3.29e-06,3.073e-05,0.9043743,0.0,0.09511852,61273,6,0.19304304,0.9993337
111,5,25017005,0.99907219,0.00062321,0.0,3.09e-06,5.699e-05,0.95073365,0.0,0.04858306,25327,6,0.29517593,0.9990182
111,6,25017006,0.99909854,0.00061821,0.0,3.08e-06,6.214e-05,0.69469943,0.0,0.30461714,30537,6,0.27942878,0.9992676
111,7,25017007,0.99895698,0.00062653,0.0,2.98e-06,6.379e-05,0.58341568,0.0,0.41589103,36537,6,0.2168574,0.9989349
111,8,25017008,0.99920771,0.00062686,0.0,3.08e-06,6.196e-05,0.89367977,0.0,0.10562833,14169,6,0.18001883,0.9991565
111,9,25017009,0.99901201,0.00049704,0.0,3.17e-06,5.09e-05,0.89455848,0.0,0.10489041,29993,6,0.243734,0.9992676
111,10,25017010,0.99932612,0.0007614,0.0,2.94e-06,0.00011985,0.42095722,0.0,0.57815859,26111,7,0.13352282,0.9996836
112,1,25017031,0.99951217,0.00040736,5.3e-06,0.0,1.587e-05,0.9995712,0.0,2.6e-07,44362,6,0.99925083,1.9501036
112,2,25017032,0.99507729,0.01892774,0.00036563,0.0,0.00048378,0.98019801,0.0,2.483e-05,10115,6,0.62403658,1.9500536
112,3,25017033,0.99463994,0.02620902,0.00205988,0.0,6.19e-05,0.97162179,0.0,4.741e-05,52106,6,0.49379,1.9498637
112,4,25017034,0.91657887,0.2218553,0.02453125,0.0,0.005961,0.6202241,0.0,0.12742835,23429,6,0.15571225,1.9498887
112,5,25017035,0.9983695,0.00326778,0.00052423,0.0,0.00111762,0.99485854,0.0,0.00023183,22404,6,0.64683842,1.9500786
112,6,25017036,0.99932449,0.00018487,5.406e-05,0.0,7e-06,0.99975394,0.0,1.2e-07,8364,6,0.99974139,1.9496142
112,7,25017037,0.98737138,0.03107223,0.00417066,0.0,0.00137972,0.67442426,0.0,0.28895313,24106,6,0.62978844,1.9497472
112,8,25017038,0.9993646,0.000498,9.09e-06,0.0,3.651e-05,0.99945592,0.0,4.7e-07,17612,6,0.51743699,1.9496142
112,9,25017039,0.99691675,0.00796798,0.00037392,0.0,0.00135688,0.94380741,0.0,0.04649382,24459,6,0.32625588,1.9499638
112,10,25017040,0.99940055,0.00036924,5.15e-06,0.0,1.559e-05,0.99960978,0.0,2.3e-07,23765,6,0.99930234,1.9498888
113,1,25017061,0.99877771,0.00081018,0.0,1.923e-05,2.702e-05,0.99913962,2.59e-06,1.36e-06,33655,6,0.16990643,0.9992571
113,2,25017062,0.99861114,0.00066504,0.0,1.806e-05,1.637e-05,0.99929831,2.16e-06,6e-08,24715,6,0.15728609,0.9993879
113,3,25017063,0.99880997,0.0005367,0.0,1.763e-05,1.352e-05,0.9994297,2.38e-06,7e-08,59467,6,0.20298621,0.9994378
113,4,25017064,0.99883807,0.00062079,0.0,1.658e-05,1.331e-05,0.99934713,2.17e-06,2e-08,60429,6,0.16943676,0.9994379
113,5,25017065,0.99890692,0.00074543,0.0,2.081e-05,2.751e-05,0.99920276,2.57e-06,9.1e-07,57933,6,0.22351746,0.9994379
113,6,25017066,0.99866389,0.00040873,0.0,1.573e-05,1.242e-05,0.99956096,2.14e-06,1e-08,57897,6,0.3154928,0.9990762
113,7,25017067,0.9984434,0.00050541,0.0,1.624e-05,1.756e-05,0.99945854,2.22e-06,2e-08,52873,6,0.20230521,0.9979545
113,8,25017068,0.99880145,0.00056915,0.0,1.803e-05,1.526e-05,0.99939492,2.38e-06,2.5e-07,60825,6,0.14163279,0.9992382
113,9,25017069,0.99866605,0.00043177,0.0,1.342e-05,7.79e-06,0.99954504,1.96e-06,2e-08,25673,6,0.20107595,0.9989264
113,10,25017070,0.99875542,0.00053722,0.0,1.642e-05,1.769e-05,0.99942634,2.29e-06,3e-08,63625,6,0.13630052,0.999438
114,1,25017091,0.99981523,0.00416075,0.00622822,0.0,0.00073901,0.17076536,0.0,0.81810665,7679,7,0.17431755,0.9999952
114,2,25017092,0.99976314,0.00414696,0.00869018,0.0,0.00083618,0.25970119,0.0,0.72662549,30615,7,0.16789754,0.9998881
114,3,25017093,0.99969332,0.0049318,0.0120001,0.0,0.00490815,0.21572489,0.0,0.76243507,5367,6,0.15048872,0.9998655
114,4,25017094,0.99974464,0.00571891,0.00749713,0.0,0.00496816,0.12449434,0.0,0.85732146,14319,7,0.1779589,0.9999904
114,5,25017095,0.99957224,0.00519942,0.00961477,0.0,0.01162368,0.13490998,0.0,0.83865215,28335,7,0.18842144,0.999743
114,6,25017096,0.99981139,0.00274267,0.00851452,0.0,0.00311542,0.03791923,0.0,0.94770816,52599,7,0.10905184,0.9999619
114,7,25017097,0.99982418,0.00390571,0.0063953,0.0,0.00111733,0.14678016,0.0,0.84180149,57335,7,0.14868737,0.9999702
114,8,25017098,0.99974712,0.00477371,0.01583893,0.0,0.00090957,0.1952557,0.0,0.78322208,65119,7,0.16136947,0.9999856
114,9,25017099,0.99945197,0.00767612,0.01326971,0.0,0.0117045,0.19768112,0.0,0.76966855,22015,7,0.10487373,0.9999952
114,10,25017100,0.99955945,0.00585133,0.01156557,0.0,0.0050945,0.14351658,0.0,0.83397202,62847,7,0.10414032,0.9999952
115,1,25017121,0.99598302,0.01063222,0.002395,0.0,0.00095451,0.98500354,0.00099642,1.831e-05,24099,6,0.51150863,1.1186945
115,2,25017122,0.99720996,0.00577173,0.00182601,0.0,0.00052275,0.58615436,0.0005782,0.40514694,20236,7,0.40505832,1.1187932
115,3,25017123,0.99895703,0.0061984,0.00107081,0.0,3.425e-05,0.30614683,0.00032422,0.68622548,24077,7,0.68621267,1.1187694
115,4,25017124,0.99287805,0.01413807,0.00427551,0.0,0.01734771,0.87835987,0.00099428,0.08488456,23330,6,0.46893792,1.1188681
115,5,25017125,0.99948437,0.00173917,0.00069118,0.0,3.635e-05,0.83987317,4e-07,0.15765974,19245,6,0.83979809,1.1188931
115,6,25017126,0.99024337,0.0085853,0.00129088,0.0,0.00436876,0.1866877,0.00332249,0.79574486,18949,7,0.79561015,1.1186196
115,7,25017127,0.9962633,0.00744891,0.00118986,0.0,0.00273066,0.82282021,2.231e-05,0.16578804,52995,6,0.68931168,1.1188931
115,8,25017128,0.99926837,0.00159091,0.00082887,0.0,7.011e-05,0.32828765,4.1e-07,0.66922205,18948,7,0.35354135,1.1185697
115,9,25017129,0.99253554,0.02484909,0.00167439,0.0,0.00336493,0.96918503,0.0004807,0.00044586,24364,6,0.5741735,1.1188931
115,10,25017130,0.99528927,0.01832826,0.00205047,0.0,0.00507697,0.86637698,0.00030587,0.10786145,23332,6,0.43272072,1.1188681
116,1,25017151,0.99867992,0.00044887,0.0,1.738e-05,3.323e-05,0.95799795,0.0,0.04150257,56169,6,0.28477218,0.9988506
116,2,25017152,0.99880786,0.00051516,0.0,1.724e-05,4.439e-05,0.92434012,0.0,0.07508308,27945,6,0.19698959,0.9987907
116,3,25017153,0.99889929,0.00032212,0.0,1.718e-05,3.321e-05,0.93438804,0.0,0.06523945,61305,6,0.48888453,0.9992201
116,4,25017154,0.99887099,0.00058288,0.0,1.734e-05,5.284e-05,0.72737136,0.0,0.27197558,63691,6,0.1576389,0.99942
116,5,25017155,0.99882185,0.00057851,0.0,1.746e-05,7e-05,0.59878645,0.0,0.40054758,3039,7,0.21305527,0.9994701
116,6,25017156,0.99873466,0.00040097,0.0,1.726e-05,2.299e-05,0.89954287,0.0,0.1000159,60521,6,0.19980097,0.9994198
116,7,25017157,0.99868131,0.00039103,0.0,1.677e-05,3.347e-05,0.89802592,0.0,0.1015328,33321,6,0.3334465,0.9988406
116,8,25017158,0.99866876,0.00050185,0.0,1.704e-05,4.087e-05,0.92811384,0.0,0.0713264,59723,6,0.18530387,0.9986609
116,9,25017159,0.99866581,0.00049307,0.0,1.716e-05,5.006e-05,0.79125382,0.0,0.2081859,42873,6,0.30952765,0.9986414
116,10,25017160,0.99880816,0.00053876,0.0,1.767e-05,5.828e-05,0.56812952,0.0,0.43125577,55879,6,0.0941322,0.9985364
117,1,25017181,0.99941464,0.00168315,0.99818018,0.0,0.0001187,1.772e-05,0.0,2.5e-07,22706,4,0.85091232,1.9488628
117,2,25017182,0.99944269,0.00162191,0.81099501,0.0,7.636e-05,0.0690988,0.0,0.11820792,18613,4,0.24491095,1.9488378
117,3,25017183,0.99951029,0.00083721,0.0004902,0.0,7.141e-05,0.99859549,0.0,5.7e-06,24322,6,0.390853,1.9491025
117,4,25017184,0.99943293,0.00209775,0.99773383,0.0,0.00013146,2.816e-05,0.0,8.8e-06,55932,4,0.47270119,1.9489379
117,5,25017185,0.99946082,0.00164116,0.60293287,0.0,6.631e-05,0.39534991,0.0,9.75e-06,15090,4,0.35424409,1.9488628
117,6,25017186,0.99943587,0.00217354,0.99767228,0.0,0.00010633,4.2e-05,0.0,5.85e-06,47794,4,0.61837507,1.9488879
117,7,25017187,0.99943903,0.0011758,0.2876199,0.0,5.31e-05,0.10813345,0.0,0.60301775,16293,7,0.26379325,1.9489128
117,8,25017188,0.99938801,0.0015513,0.87753099,0.0,4.48e-05,0.12086499,0.0,7.92e-06,19125,4,0.86845869,1.9488379
117,9,25017189,0.99944194,0.00098975,0.09864108,0.0,6.561e-05,0.90029832,0.0,5.23e-06,52892,6,0.51047628,1.9488879
117,10,25017190,0.99944018,0.00139063,0.79980514,0.0,8.153e-05,0.19871566,0.0,7.03e-06,55853,4,0.28296202,1.9489377
118,1,25017211,0.99905699,0.0004009,0.00112897,5.1e-07,8e-06,0.99845692,4.54e-06,1.6e-07,32969,6,0.27505375,0.9993533
118,2,25017212,0.97261455,0.01899728,0.0036027,0.02335131,0.00117345,0.94559293,0.00728151,8.2e-07,12697,6,0.2945494,0.9979701
118,3,25017213,0.97775446,0.00828108,0.00434035,6.8e-07,0.00185725,0.97056446,0.01495408,2.1e-06,55439,6,0.18857888,0.9993068
118,4,25017214,0.99484156,0.00292477,0.00383687,5.8e-07,0.00064393,0.99040082,0.00219297,6e-08,22937,6,0.28095187,0.9995532
118,5,25017215,0.98465815,0.00635883,0.00529975,0.00684926,0.00095919,0.97496014,0.00557279,3e-08,6617,6,0.46360822,0.9993534
118,6,25017216,0.96794749,0.01240869,0.00462995,0.00767152,0.00130365,0.95479071,0.01919546,2e-08,34441,6,0.24679099,0.9986144
118,7,25017217,0.99892352,0.00072483,0.0028226,6.1e-07,1.518e-05,0.99643127,5.13e-06,3.7e-07,52057,6,0.38665388,0.9993533
118,8,25017218,0.90399488,0.00292755,0.00238337,0.17684236,0.00040581,0.81292033,0.00452043,1.4e-07,33867,6,0.3325887,0.9991069
118,9,25017219,0.95901689,0.01024377,0.00587729,0.03228287,0.00184511,0.92922624,0.02052245,2.27e-06,36425,6,0.25736477,0.9993533
118,10,25017220,0.95904338,0.00110423,0.00260309,0.11144981,0.00024619,0.88242502,0.00217144,2.1e-07,34093,6,0.37611698,0.9991069
119,1,25017241,0.99924825,0.00096151,0.00605889,0.0,0.00036356,0.58839941,0.0,0.40421663,9055,6,0.13991915,0.9994184
119,2,25017242,0.99915391,0.00158236,0.00961459,0.0,0.0001492,0.41978717,0.0,0.56886668,58751,7,0.10361736,0.9998246
119,3,25017243,0.9992112,0.00113751,0.00347154,0.0,0.0001109,0.34247557,0.0,0.65280447,9447,6,0.13640882,0.9990249
119,4,25017244,0.99916852,0.00094466,0.00298077,0.0,0.00013636,0.7108415,0.0,0.2850967,56887,6,0.12696238,0.9992303
119,5,25017245,0.99936275,0.00116209,0.0032034,0.0,0.00010859,0.3886133,0.0,0.60691263,12215,7,0.19678807,0.999687
119,6,25017246,0.99935365,0.00099831,0.00924309,0.0,0.00010608,0.44301544,0.0,0.54663708,35703,7,0.12032094,0.9996703
119,7,25017247,0.99907506,0.0015018,0.00958613,0.0,0.00015331,0.56418236,0.0,0.42457641,38495,6,0.14448892,0.9994742
119,8,25017248,0.99923576,0.00132252,0.00423709,0.0,0.00012065,0.44533967,0.0,0.54898006,22007,7,0.11023663,0.9997996
119,9,25017249,0.99935014,0.00100415,0.01122449,0.0,0.00019485,0.54699842,0.0,0.44057808,11447,6,0.16184651,0.9995993
119,10,25017250,0.9992446,0.00144441,0.00678636,0.0,0.00011528,0.46349026,0.0,0.52816369,56215,7,0.1424961,0.9997119
120,1,25017271,0.97984244,0.04147762,0.00716288,0.0,0.00570568,0.28515965,0.0,0.66049418,23043,7,0.35810758,1.7999265
120,2,25017272,0.99940809,0.00046688,6.232e-05,0.0,2.1e-05,0.99944948,0.0,3.1e-07,56388,6,0.64493201,1.7999515
120,3,25017273,0.9811807,0.01395292,0.00041769,0.0,0.01212549,0.97350376,0.0,1.4e-07,8428,6,0.76966123,1.7998018
120,4,25017274,0.99752261,0.00963159,0.03099373,0.0,0.0077816,0.85579091,0.0,0.09580217,48899,6,0.20461298,1.8002862
120,5,25017275,0.99624915,0.01260562,0.0011573,0.0,0.0005385,0.42078991,0.0,0.56490866,20228,7,0.56484504,1.8001613
120,6,25017276,0.99669167,0.02507872,0.00211958,0.0,0.00067278,0.85293049,0.0,0.11919844,24357,6,0.56445572,1.8002612
120,7,25017277,0.99941632,0.00092573,0.00057371,0.0,7.547e-05,0.99817335,0.0,0.00025174,50826,6,0.60256263,1.7999515
120,8,25017278,0.98622833,0.06113835,0.0034788,0.0,0.01054231,0.87423141,0.0,0.05060913,56387,6,0.38942274,1.7999764
120,9,25017279,0.93998148,0.06825207,0.00209678,0.0,0.03338816,0.53648156,0.0,0.35978145,19973,7,0.35977129,1.7998517
120,10,25017280,0.99929431,0.00058894,0.00044706,0.0,3.759e-05,0.99892558,0.0,8.3e-07,50373,6,0.6080884,1.7999348
121,1,25017301,0.99882017,0.0006657,0.0,2.208e-05,1.768e-05,0.99929198,1.54e-06,1.02e-06,56735,6,0.16917503,0.9995902
121,2,25017302,0.99877515,0.00064477,0.0,2.148e-05,2.507e-05,0.99930704,1.5e-06,1.4e-07,60143,6,0.14811237,0.9991858
121,3,25017303,0.99884762,0.00065106,0.0,2.21e-05,2.137e-05,0.99930388,1.5e-06,9e-08,51855,6,0.14361397,0.9985722
121,4,25017304,0.99876554,0.00040819,0.0,1.9e-05,7.68e-06,0.99956085,1.47e-06,2.8e-06,40043,6,0.33432453,0.9991899
121,5,25017305,0.99880093,0.00051714,0.0,2.039e-05,1.821e-05,0.99944224,1.51e-06,4.9e-07,14471,6,0.41244676,0.9988064
121,6,25017306,0.99887402,0.00055823,0.0,1.993e-05,1.729e-05,0.99940297,1.5e-06,8e-08,34985,6,0.11610451,0.9989859
121,7,25017307,0.99877749,0.0006424,0.0,2.065e-05,2.099e-05,0.99931211,1.49e-06,2.35e-06,38607,6,0.19592621,0.9991904
121,8,25017308,0.99866409,0.00060579,0.0,2.174e-05,1.559e-05,0.99930875,1.5e-06,4.663e-05,15063,6,0.1133362,0.9983977
121,9,25017309,0.99881264,0.00046638,0.0,2.051e-05,2.314e-05,0.99948835,1.5e-06,1.2e-07,33421,6,0.28133795,0.9989857
121,10,25017310,0.99879888,0.00070309,0.0,2.21e-05,2.435e-05,0.99924875,1.56e-06,1.4e-07,23863,6,0.2678303,0.9989812
122,1,25017331,0.99942064,0.00083273,0.00188491,8e-08,0.00043995,0.06599923,2.51e-06,0.93084058,16293,7,0.930832,1.4794679
122,2,25017332,0.99854201,0.00392021,0.00041769,1.3e-07,0.00178692,0.35168941,4.74e-06,0.64218091,24365,7,0.64214178,1.4796386
122,3,25017333,0.99625955,0.00166963,0.00090055,1.5e-07,0.00246037,0.98650444,0.0084155,4.936e-05,23341,6,0.51655862,1.4796386
122,4,25017334,0.99797677,0.00247454,0.00116987,7e-08,0.00083769,0.99166904,0.00352623,0.00032255,11021,6,0.53039696,1.4795886
122,5,25017335,0.99935918,0.00085775,0.00064734,3.9e-07,7.156e-05,0.99839637,7.89e-06,1.87e-05,10148,6,0.61442587,1.479293
122,6,25017336,0.99578337,0.01534292,0.00355133,1.9e-07,0.01186538,0.75207413,0.00060073,0.21656532,43813,6,0.60365471,1.4795887
122,7,25017337,0.97709519,0.10598851,0.09080404,2.5e-07,0.03780327,0.07610263,0.00377423,0.68552707,16261,7,0.68549094,1.4794679
122,8,25017338,0.99368716,0.03913104,0.00371444,1.3e-07,0.02307173,0.77777637,0.00487537,0.15143094,13957,6,0.3519741,1.4793181
122,9,25017339,0.99705479,0.00822427,0.00458908,1.1e-07,0.0031885,0.89824334,0.00316954,0.08258516,19205,6,0.33474357,1.4795387
122,10,25017340,0.99902237,0.00411299,0.00071543,8e-08,0.00217611,0.21793919,4.003e-05,0.77501617,12045,7,0.77495943,1.4795887
123,1,25017361,0.89073794,0.07240972,0.01560312,0.0,0.03956539,0.62947277,0.05489618,0.18805283,20103,7,0.18805269,0.9992405
123,2,25017362,0.93853593,0.04951806,0.00966996,0.0,0.02541141,0.87078972,0.01885442,0.02575643,35343,6,0.20818018,0.999329
123,3,25017363,0.9991024,0.00100273,0.00307262,0.0,9.77e-06,0.00016481,7.2e-07,0.99574936,24199,7,0.99574398,0.9993153
123,4,25017364,0.93580623,0.04505189,0.01246903,0.0,0.02265428,0.56794113,0.03634944,0.31553423,20111,7,0.31553302,0.9993403
123,5,25017365,0.94599646,0.03671992,0.01334466,0.0,0.02082377,0.60145513,0.01974283,0.30791369,32777,6,0.32862527,0.9995225
123,6,25017366,0.92720728,0.04993968,0.01133297,0.0,0.02476948,0.67848924,0.04619382,0.18927481,36875,6,0.34746108,0.9995225
123,7,25017367,0.89491474,0.07765655,0.01600358,0.0,0.04367039,0.82699067,0.03567877,4e-08,38155,6,0.16594485,0.999445
123,8,25017368,0.91408239,0.06093086,0.01477591,0.0,0.02666991,0.84872228,0.048901,3e-08,35849,6,0.12540116,0.9995225
123,9,25017369,0.92052505,0.05059215,0.01144272,0.0,0.02023655,0.73642312,0.05930062,0.12200484,37391,6,0.25359661,0.9994838
123,10,25017370,0.98537474,0.01173916,0.00486208,0.0,0.00585335,0.78179845,0.00350161,0.19224535,36939,6,0.40395361,0.9995225
124,1,25017391,0.99904122,0.00052222,0.0,1.192e-05,7.124e-05,0.78684345,0.0,0.21255117,34473,6,0.28385598,0.9991033
124,2,25017392,0.99894732,0.00065504,0.0,1.177e-05,6.833e-05,0.74999033,0.0,0.24927454,39327,6,0.10352776,0.9996687
124,3,25017393,0.99909317,0.0005801,0.0,1.198e-05,6.75e-05,0.8474529,0.0,0.15188751,57357,6,0.16594322,0.9994688
124,4,25017394,0.9990717,0.00067563,0.0,1.188e-05,6.688e-05,0.62664144,0.0,0.37260417,60429,6,0.1339973,0.9994687
124,5,25017395,0.99903241,0.00060029,0.0,1.195e-05,5.059e-05,0.83532965,0.0,0.16400752,25293,6,0.12623222,0.9994187
124,6,25017396,0.99901256,0.00066254,0.0,1.161e-05,9.525e-05,0.51476557,0.0,0.48446502,45919,7,0.1390058,0.9994918
124,7,25017397,0.99902061,0.00062189,0.0,1.202e-05,8.475e-05,0.78382744,0.0,0.2154539,60059,6,0.12352953,0.9989723
124,8,25017398,0.99919749,0.00066307,0.0,1.187e-05,9.026e-05,0.53132979,0.0,0.46790501,30199,7,0.16947794,0.9996437
124,9,25017399,0.99892524,0.00060933,0.0,1.214e-05,5.23e-05,0.88012615,0.0,0.11920008,37421,6,0.21856084,0.998938
124,10,25017400,0.99894778,0.00054069,0.0,1.216e-05,7.312e-05,0.70698365,0.0,0.29239037,35883,6,0.15441859,0.9992688
125,1,25017421,0.99950088,0.00070619,0.00011227,0.0,6.852e-05,0.93326809,0.0,0.06584493,42890,6,0.9329075,2.099946
125,2,25017422,0.99861612,0.00788906,0.0222599,0.0,0.00018372,0.96965144,0.0,1.588e-05,22163,6,0.30617467,2.099946
125,3,25017423,0.90138267,0.40554229,0.1244628,0.0,0.00048733,0.19731733,0.0,0.27219024,24332,7,0.27218079,2.099946
125,4,25017424,0.99931308,0.00066946,6.83e-06,0.0,1.128e-05,0.99931218,0.0,2.5e-07,10773,6,0.86536491,2.0994766
125,5,25017425,0.8181786,0.74191578,0.25806568,0.0,1.375e-05,4.62e-06,0.0,1.7e-07,242,0,0.41591434,1.4002706
125,6,25017426,0.99923055,0.0012165,0.00055467,0.0,1.525e-05,0.99820633,0.0,7.25e-06,15877,6,0.7793964,2.0995515
125,7,25017427,0.99935808,0.00045063,1.685e-05,0.0,3.873e-05,0.99942725,0.0,6.654e-05,51731,6,0.87112274,2.0995598
125,8,25017428,0.99826665,0.00889842,0.00074385,0.0,1.965e-05,0.99030763,0.0,3.045e-05,15236,6,0.61633726,2.0996512
125,9,25017429,0.99950996,0.00068291,0.00024078,0.0,5.627e-05,0.99895885,0.0,6.119e-05,53035,6,0.69028622,2.1000459
125,10,25017430,0.99931621,0.0002314,0.00018838,0.0,5.82e-06,0.99957427,0.0,1.3e-07,8868,6,0.99929193,2.0994267
126,1,25017451,0.99832553,0.0005854,0.0,6.27e-06,0.00049087,0.9984962,2.75e-06,0.00041851,61513,6,0.43854243,0.9994589
126,2,25017452,0.9694671,0.00089643,0.0,0.05810241,1.538e-05,0.94097752,3.01e-06,5.25e-06,33849,6,0.2643402,0.9989186
126,3,25017453,0.99871855,0.00050666,0.0,6.02e-06,1.549e-05,0.99946847,3.34e-06,2e-08,51609,6,0.21765026,0.999259
126,4,25017454,0.99883019,0.00041708,0.0,5.96e-06,1.442e-05,0.99955967,2.79e-06,9e-08,24521,6,0.36192244,0.9991182
126,5,25017455,0.99860058,0.0011415,0.0,7.58e-06,1.206e-05,0.99883546,3.36e-06,5e-08,37785,6,0.38248684,0.9992885
126,6,25017456,0.99840602,0.00066372,0.0,7.75e-06,6.946e-05,0.99925614,2.89e-06,4e-08,51577,6,0.13616914,0.9972175
126,7,25017457,0.99862159,0.00052689,0.0,6.27e-06,1.747e-05,0.9994453,4.04e-06,3e-08,24025,6,0.14178282,0.9991181
126,8,25017458,0.99862754,0.00059279,0.0,7.49e-06,1.66e-05,0.99937548,4.02e-06,3.64e-06,31881,6,0.26201738,0.9994589
126,9,25017459,0.99873485,0.0003837,0.0,5.37e-06,4.41e-06,0.99960353,2.84e-06,1.4e-07,33373,6,0.34296652,0.9989183
126,10,25017460,0.99538014,0.00086554,0.0,6.9e-06,2.356e-05,0.99622936,0.00287462,2e-08,36233,6,0.34827819,0.9989184
127,1,25017481,0.99956069,0.00215257,0.05466099,0.0,0.00025586,0.13579467,0.0,0.80713591,53247,7,0.15117397,0.9999338
127,2,25017482,0.99968776,0.00129203,0.00512239,0.0,0.00017946,0.34600399,0.0,0.64740213,40183,6,0.13663374,0.9997927
127,3,25017483,0.99959409,0.00148459,0.01062171,0.0,0.00023499,0.244094,0.0,0.7435647,24287,7,0.11554961,0.9998014
127,4,25017484,0.99963375,0.00141985,0.03961082,0.0,0.00018064,0.38052434,0.0,0.57826436,64335,6,0.14639226,0.9998676
127,5,25017485,0.99951898,0.00228548,0.01584461,0.0,0.00064481,0.41597114,0.0,0.56525396,16351,7,0.12568119,0.9999338
127,6,25017486,0.99951353,0.0021602,0.0158031,0.0,0.00022701,0.14258853,0.0,0.83922115,51175,6,0.11751004,0.9998343
127,7,25017487,0.99942954,0.00193183,0.02556216,0.0,0.00019966,0.12415539,0.0,0.84815095,44623,7,0.20608736,0.9996017
127,8,25017488,0.99945388,0.00250763,0.00847937,0.0,0.0005554,0.23561867,0.0,0.75283894,61279,7,0.17556631,0.9999338
127,9,25017489,0.99961293,0.00163194,0.02790272,0.0,0.00021819,0.37115759,0.0,0.59908956,48247,6,0.20420048,0.9998426
127,10,25017490,0.99948948,0.00228338,0.02543464,0.0,0.00033454,0.16786481,0.0,0.80408264,7167,7,0.18333772,0.9998507
128,1,25017511,0.99924439,0.00148058,0.00042983,0.0,4.121e-05,0.79859032,2.2e-07,0.19945784,23084,6,0.52127442,1.4666387
128,2,25017512,0.99933964,0.00110331,0.00072079,0.0,0.00014625,0.99796955,4.8e-07,5.962e-05,20002,6,0.34827443,1.4665055
128,3,25017513,0.99942842,0.0006895,0.00039854,0.0,3.018e-05,9.248e-05,1.9e-07,0.99878911,18955,7,0.63972649,1.4666553
128,4,25017514,0.99942578,0.00115676,0.00084106,0.0,6.647e-05,0.65614867,3.9e-07,0.34178665,19244,6,0.4419686,1.4667985
128,5,25017515,0.99957582,0.00108556,0.00050032,0.0,3.127e-05,0.10998253,2.1e-07,0.88840011,24333,7,0.64161346,1.4669484
128,6,25017516,0.99383338,0.01760784,0.00104741,0.0,0.00332236,0.54142818,0.00034036,0.43625385,24068,7,0.42416367,1.4666054
128,7,25017517,0.99802391,0.00546756,0.00287558,0.0,0.00074099,0.54910837,2e-07,0.44180731,18980,6,0.53571795,1.4665056
128,8,25017518,0.99679563,0.00717769,0.00181361,0.0,0.00104584,0.33136915,0.00053337,0.65806035,24332,7,0.50477798,1.4668984
128,9,25017519,0.99653632,0.00609074,0.00235487,0.0,0.004516,0.81925074,3.91e-05,0.16774855,57093,6,0.55484929,1.4669234
128,10,25017520,0.99782394,0.01079105,0.00062178,0.0,0.0005594,0.86706987,2.02e-06,0.12095589,51716,6,0.42434439,1.4666053
129,1,25017541,0.99884656,0.00047042,0.0,1.892e-05,1.752e-05,0.99949191,1.19e-06,4e-08,15177,6,0.2014756,0.9989583
129,2,25017542,0.99890307,0.00065799,0.0,1.951e-05,2.476e-05,0.99929637,1.22e-06,1.5e-07,64791,6,0.14267126,0.999329
129,3,25017543,0.99885234,0.00059511,0.0,1.895e-05,2.445e-05,0.99934044,1.18e-06,1.987e-05,39083,6,0.16704684,0.9989686
129,4,25017544,0.99887912,0.00059953,0.0,1.952e-05,1.733e-05,0.99935969,1.2e-06,2.73e-06,31063,6,0.12950495,0.9993289
129,5,25017545,0.99860241,0.00028783,0.0,1.902e-05,1.03e-05,0.99968166,1.18e-06,2e-08,30185,6,0.55173898,0.9985383
129,6,25017546,0.99889075,0.00069784,0.0,1.959e-05,3.081e-05,0.99925022,1.19e-06,3.4e-07,51191,6,0.14597528,0.9995457
129,7,25017547,0.99874152,0.00067911,0.0,1.932e-05,2.471e-05,0.99927398,1.19e-06,1.7e-06,11975,6,0.14523517,0.9987091
129,8,25017548,0.99887501,0.00053789,0.0,1.933e-05,2.312e-05,0.99941818,1.22e-06,2.6e-07,62155,6,0.13646436,0.999379
129,9,25017549,0.99869183,0.00057141,0.0,1.917e-05,1.782e-05,0.99938967,1.21e-06,7.3e-07,34953,6,0.1544462,0.9991792
129,10,25017550,0.99864735,0.00050121,0.0,1.854e-05,2.222e-05,0.99945673,1.21e-06,1e-07,25309,6,0.33023707,0.9989084
130,1,25017571,0.82935503,0.99988809,6.509e-05,0.0,3.072e-05,1.58e-05,0.0,3.1e-07,27323,0,0.57641297,1.6007147
130,2,25017572,0.99784811,0.00970452,0.00037652,0.0,3.939e-05,0.98987913,0.0,4.6e-07,48218,6,0.41579917,1.9008402
130,3,25017573,0.99951282,0.00082773,0.00013241,0.0,5.278e-05,0.34434007,0.0,0.654647,49069,7,0.35750389,1.9007269
130,4,25017574,0.88523131,0.99982222,7.1e-06,0.0,0.00015928,1.09e-05,0.0,5.1e-07,56925,0,0.4665201,1.5407243
130,5,25017575,0.99936437,0.00057866,7.7e-06,0.0,8.837e-05,0.99932501,0.0,2.6e-07,44250,6,0.82038778,1.900577
130,6,25017576,0.99940608,0.00083963,1.791e-05,0.0,4.115e-05,0.78848844,0.0,0.21061287,11181,6,0.50139956,1.900577
130,7,25017577,0.99239564,0.03779314,0.00953165,0.0,2.295e-05,0.95265053,0.0,1.72e-06,51963,6,0.59792605,1.9007269
130,8,25017578,0.86461779,0.82788137,8.57e-06,0.0,0.17209725,1.154e-05,0.0,1.27e-06,23373,0,0.16475883,1.4505836
130,9,25017579,0.99946821,0.00098943,0.0001961,0.0,6.39e-05,0.99822865,0.0,0.00052192,43780,6,0.23551146,1.9007736
130,10,25017580,0.97624712,0.19211948,0.00042155,0.0,0.01260737,0.15247286,0.0,0.64237874,57101,7,0.43663754,1.9009069
131,1,25017601,0.94700259,0.03825817,0.0158746,0.0,0.01504851,0.90732757,0.02348254,8.61e-06,37133,6,0.3145344,0.9992178
131,2,25017602,0.9718011,0.01295685,0.00867491,0.0,0.00880754,0.95846741,0.01109327,2e-08,36939,6,0.47717919,0.9994088
131,3,25017603,0.95457435,0.02454503,0.01904545,0.0,0.01030739,0.68536365,0.02171182,0.23902666,23183,7,0.23902646,0.9991269
131,4,25017604,0.9484613,0.02164587,0.01643332,0.0,0.01644738,0.92322697,0.02224622,2.4e-07,23113,6,0.27269857,0.9989272
131,5,25017605,0.96378121,0.01345016,0.01414701,0.0,0.0044266,0.73193624,0.02238271,0.21365729,18567,6,0.35147263,0.999168
131,6,25017606,0.97401086,0.01159346,0.00872632,0.0,0.00524719,0.66118374,0.01308773,0.30016156,20111,7,0.2646179,0.9988862
131,7,25017607,0.97137793,0.01302089,0.00502225,0.0,0.01168845,0.96103533,0.00917684,5.624e-05,19847,6,0.20680884,0.9989771
131,8,25017608,0.99813275,0.00152915,0.00278454,0.0,0.00011642,0.99556336,6.2e-06,3.3e-07,22727,6,0.55355676,0.9992428
131,9,25017609,0.98514132,0.00611109,0.00938833,0.0,0.00673449,0.97421698,0.00354804,1.07e-06,8671,6,0.58885254,0.9989068
131,10,25017610,0.97032399,0.01147578,0.01553039,0.0,0.00993723,0.95111316,0.01194149,1.95e-06,19399,6,0.15913817,0.9995675
132,1,25017631,0.99932611,0.00073263,0.0,0.0,0.00011973,0.70591451,0.0,0.29323313,29527,6,0.09272908,0.9996021
132,2,25017632,0.99929697,0.00083855,0.0,0.0,0.00010262,0.47686634,0.0,0.52219249,60399,6,0.12335503,0.9993805
132,3,25017633,0.99903981,0.00056344,0.0,0.0,7.154e-05,0.88939811,0.0,0.10996691,31721,6,0.18744603,0.9991807
132,4,25017634,0.99917308,0.00072468,0.0,0.0,8.463e-05,0.57268712,0.0,0.42650357,32905,6,0.11858923,0.9993521
132,5,25017635,0.99922989,0.00076982,0.0,0.0,8.378e-05,0.56281405,0.0,0.43633236,60343,7,0.08934441,0.9994044
132,6,25017636,0.99919243,0.00077394,0.0,0.0,0.0001004,0.36563843,0.0,0.63348723,43519,7,0.08207801,0.9995043
132,7,25017637,0.99887202,0.00054547,0.0,0.0,4.233e-05,0.95362361,0.0,0.04578859,63563,6,0.13141828,0.999552
132,8,25017638,0.99917646,0.00069295,0.0,0.0,6.665e-05,0.37416065,0.0,0.62507975,65439,7,0.12422527,0.9995043
132,9,25017639,0.99927105,0.00073087,0.0,0.0,9.466e-05,0.64316571,0.0,0.35600876,30135,6,0.17980327,0.9996771
132,10,25017640,0.9991441,0.00076648,0.0,0.0,0.00011385,0.45210964,0.0,0.54701003,60543,7,0.14521466,0.9995043
133,1,25017661,0.9974345,0.01792682,0.00267326,0.0,0.00359515,0.62796361,0.0,0.34784117,55851,6,0.39056012,2.0562952
133,2,25017662,0.99939097,0.00044448,1.895e-05,0.0,2.475e-05,0.9995116,0.0,2.3e-07,17604,6,0.51514236,2.0559957
133,3,25017663,0.99826947,0.00939008,0.00122087,0.0,0.00068659,0.98863791,0.0,6.454e-05,55850,6,0.22483138,2.0561954
133,4,25017664,0.99951438,0.00069168,6.706e-05,0.0,3.154e-05,0.99912818,0.0,8.155e-05,20259,6,0.56226712,2.0564564
133,5,25017665,0.99668293,0.03111223,0.0293423,0.0,0.00177859,0.70859394,0.0,0.22917295,51723,6,0.4095694,2.0562951
133,6,25017666,0.99952139,0.00033466,1.528e-05,0.0,6.35e-06,0.99964356,0.0,1.5e-07,15691,6,0.99949283,2.0565563
133,7,25017667,0.99931808,0.00020847,7.907e-05,0.0,7.83e-06,0.9997045,0.0,1.3e-07,8876,6,0.99954956,2.0559957
133,8,25017668,0.99911763,0.00257694,0.14184049,0.0,5.027e-05,0.85552864,0.0,3.66e-06,52317,6,0.4533453,2.0566063
133,9,25017669,0.99850633,0.0048441,0.09760513,0.0,0.0003938,0.89714772,0.0,9.26e-06,24461,6,0.27498376,2.0563453
133,10,25017670,0.99244011,0.07563539,0.17382559,0.0,0.00182942,0.70244497,0.0,0.04626463,18307,6,0.2625567,2.0564564
134,1,25017691,0.99886855,0.00062427,0.0,1.906e-05,1.532e-05,0.99933932,2.01e-06,3e-08,32783,6,0.1236184,0.9991881
134,2,25017692,0.99891879,0.00059819,0.0,1.989e-05,2.413e-05,0.99935567,2.1e-06,3e-08,29197,6,0.19183763,0.9991821
134,3,25017693,0.99878027,0.0005075,0.0,1.662e-05,1.363e-05,0.9994603,1.9e-06,6e-08,57373,6,0.27341727,0.9989763
134,4,25017694,0.99883487,0.00061977,0.0,1.714e-05,2.348e-05,0.999337,1.97e-06,6.4e-07,34411,6,0.21048235,0.999188
134,5,25017695,0.99870901,0.00067389,0.0,2.006e-05,2.617e-05,0.99927746,2.16e-06,2.5e-07,21671,6,0.1838924,0.9983902
134,6,25017696,0.99872528,0.00067304,0.0,1.946e-05,1.803e-05,0.99928735,2e-06,1.2e-07,52343,6,0.17856939,0.9991427
134,7,25017697,0.99847993,0.000359,0.0,1.585e-05,8.62e-06,0.99961464,1.88e-06,1e-08,26717,6,0.27078083,0.9989261
134,8,25017698,0.99857407,0.00045184,0.0,1.786e-05,1.245e-05,0.99951526,1.98e-06,6e-07,29097,6,0.16320202,0.9983591
134,9,25017699,0.99865369,0.00035964,0.0,1.54e-05,1.065e-05,0.99961179,1.78e-06,7.5e-07,24843,6,0.30157916,0.9989263
134,10,25017700,0.99871228,0.0006345,0.0,1.917e-05,1.933e-05,0.91740959,2.03e-06,0.08191539,26861,6,0.22989628,0.998926
135,1,25017721,0.99769527,0.01406932,0.00153784,3.1e-07,0.00506719,0.91955041,0.00016264,0.05961229,10117,6,0.69083235,1.2398885
135,2,25017722,0.99874874,0.00234778,0.00276852,1.9e-07,0.00021821,0.23165179,0.00318567,0.75982785,44589,7,0.61313108,1.2398904
135,3,25017723,0.99942238,0.00128707,0.00077704,2.2e-07,6.907e-05,0.99778174,5.42e-06,7.945e-05,48645,6,0.99777922,1.2397656
135,4,25017724,0.98961538,0.04304564,0.0197516,2.7e-07,0.03670355,0.7026185,0.00346877,0.19441168,18061,6,0.39761056,1.2397406
135,5,25017725,0.99672262,0.01170317,0.00139385,3.3e-07,0.01185748,0.38260719,0.00749715,0.58494083,24333,7,0.57526278,1.2399884
135,6,25017726,0.99744464,0.01458564,0.00254838,2.1e-07,0.0036966,0.8205853,0.00079295,0.15779092,56869,6,0.82042887,1.2397656
135,7,25017727,0.99140675,0.02589881,0.01013576,2.7e-07,0.02491914,0.7176078,0.00793528,0.21350293,47013,6,0.30193648,1.2398905
135,8,25017728,0.99341339,0.02467495,0.01601146,4.4e-07,0.02690785,0.2907092,0.00140021,0.64029588,24461,7,0.34718273,1.2399405
135,9,25017729,0.99628337,0.02669464,0.00099315,2.5e-07,0.00445882,1.268e-05,0.00053073,0.96730974,57125,7,0.67742455,1.2399634
135,10,25017730,0.99088708,0.02913182,0.00292446,4.7e-07,0.03319498,0.91898339,0.01574946,1.543e-05,14213,6,0.79867184,1.2399384
136,1,25017751,0.99937163,0.00167615,0.00240272,0.0,7.262e-05,0.0,4.37e-06,0.99584413,19079,7,0.99584353,0.9995379
136,2,25017752,0.88507028,0.19039599,0.02385324,0.0,0.37525726,0.0,0.19029999,0.22019352,24199,7,0.22019317,0.9996087
136,3,25017753,0.99941803,0.00352049,0.00223616,0.0,4.675e-05,0.0,5.91e-06,0.9941907,20111,7,0.99419023,0.9996337
136,4,25017754,0.89217224,0.15882564,0.01753594,0.0,0.39815341,0.0,0.13513726,0.29034774,23175,7,0.29034753,0.9996128
136,5,25017755,0.99178578,0.01611802,0.00309531,0.0,0.00422718,0.0,0.05164946,0.92491003,19087,7,0.92486856,0.9996377
136,6,25017756,0.97555798,0.03339861,0.00647486,0.0,0.04737798,0.0,0.07982437,0.83292418,20103,7,0.59495491,0.9995338
136,7,25017757,0.97245101,0.04390322,0.00869577,0.0,0.14966257,0.0,0.00529503,0.79244341,24207,7,0.75647078,0.9996836
136,8,25017758,0.98325025,0.05110305,0.00860236,0.0,0.06012266,0.0,0.00408075,0.87609118,23183,7,0.66680245,0.9996877
136,9,25017759,0.93980374,0.09291516,0.01531788,0.0,0.11399447,0.0,0.53575138,0.24202111,23298,3,0.23955743,0.9787874
136,10,25017760,0.99455249,0.00945059,0.00293803,0.0,0.00123701,0.0,0.04703712,0.93933724,24207,7,0.93933646,0.9996836
137,1,25017781,0.99865853,0.00038958,0.0,1.579e-05,2.142e-05,0.9987847,0.0,0.00078852,39981,6,0.34349398,0.9992084
137,2,25017782,0.99884207,0.00056989,0.0,1.576e-05,5.56e-05,0.60406333,0.0,0.39529542,32713,6,0.11552992,0.9990173
137,3,25017783,0.9988467,0.00056268,0.0,1.574e-05,6.044e-05,0.74868105,0.0,0.25068009,61751,6,0.12269955,0.9992129
137,4,25017784,0.99888967,0.00042817,0.0,1.562e-05,3.632e-05,0.93163375,0.0,0.06788614,62731,6,0.19498309,0.9990172
137,5,25017785,0.99891648,0.00029455,0.0,1.596e-05,2.384e-05,0.99962479,0.0,4.086e-05,63801,6,0.37891764,0.9992128
137,6,25017786,0.99888625,0.00065227,0.0,1.56e-05,8.987e-05,0.64446717,0.0,0.35477509,42751,6,0.17851118,0.9992171
137,7,25017787,0.99891982,0.00058852,0.0,1.553e-05,7.503e-05,0.66084611,0.0,0.33847481,29741,6,0.14293416,0.9994084
137,8,25017788,0.99883665,0.00054943,0.0,1.58e-05,6.287e-05,0.71322188,0.0,0.28615002,57675,6,0.17229532,0.9986262
137,9,25017789,0.9989764,0.00063548,0.0,1.587e-05,7.846e-05,0.54373115,0.0,0.45553905,29567,7,0.18003993,0.9994128
137,10,25017790,0.99888111,0.00039876,0.0,1.582e-05,3.635e-05,0.87852088,0.0,0.12102819,36217,6,0.36654291,0.9992083
138,1,25017811,0.97878916,0.2801976,0.71978976,0.0,7.44e-06,5e-06,0.0,2e-07,47211,4,0.55667539,2.1758524
138,2,25017812,0.99701023,0.03143539,0.06773146,0.0,3.888e-05,0.90079223,0.0,2.03e-06,11820,6,0.48984439,2.1755528
138,3,25017813,0.96320542,0.4837367,0.51624018,0.0,1.809e-05,4.85e-06,0.0,1.8e-07,8419,4,0.32242754,2.1756028
138,4,25017814,0.97972422,0.26470796,0.451838,0.0,0.00025619,0.12258982,0.0,0.16060803,19332,7,0.16060668,2.1756525
138,5,25017815,0.99300939,0.08813709,0.19507716,0.0,4.379e-05,0.71672273,0.0,1.924e-05,54931,6,0.44269033,2.1761124
138,6,25017816,0.99932831,0.00079033,1.707e-05,0.0,4.027e-05,0.50614355,0.0,0.49300879,19970,7,0.49237776,2.1755529
138,7,25017817,0.99354687,0.07666087,0.12684029,0.0,0.00014016,0.79635538,0.0,3.3e-06,47907,6,0.33789807,2.1761124
138,8,25017818,0.97171913,0.37668479,0.4352199,0.0,0.0016031,0.18649091,0.0,1.3e-06,17324,4,0.15017931,2.1759875
138,9,25017819,0.97907241,0.27681721,0.72316901,0.0,8.47e-06,5.09e-06,0.0,2.2e-07,43115,4,0.72309008,2.1758524
138,10,25017820,0.9994294,0.00090545,0.00029967,0.0,5.13e-05,0.6159051,0.0,0.38283848,53002,6,0.38837913,2.1760874
139,1,25017841,0.74358914,0.00593863,0.00172811,0.59407999,0.00180636,0.39644397,2.93e-06,2e-08,24400,2,0.29040101,0.4997339
139,2,25017842,0.98206101,0.00601866,0.00325798,0.00979699,0.000524,0.97273025,0.0076721,4e-08,36905,6,0.1846083,0.9991467
139,3,25017843,0.97153239,0.00823208,0.00161441,0.00531867,0.00072271,0.9660527,0.01805904,3.9e-07,52121,6,0.39882863,0.9991466
139,4,25017844,0.98774651,0.00634521,0.00249797,1.79e-06,0.00060553,0.9845251,0.00602411,3e-07,22489,6,0.20275915,0.9994975
139,5,25017845,0.98622613,0.006096,0.0036486,1.4e-06,0.00093301,0.98240013,0.00692033,5.3e-07,23687,6,0.35493665,0.9990207
139,6,25017846,0.99325042,0.00386603,0.00353844,1.08e-06,0.00029475,0.98952873,0.00277031,6.7e-07,36879,6,0.25033788,0.9992977
139,7,25017847,0.983196,0.00174418,0.00162047,0.02814648,0.00026845,0.96789572,0.00032353,1.16e-06,37387,6,0.23749983,0.9991466
139,8,25017848,0.92988885,0.00920348,0.00422873,0.09288472,0.00387774,0.87817696,0.01162817,2e-07,39215,6,0.12275238,0.9988447
139,9,25017849,0.79458535,0.00440315,0.00093567,0.59156913,0.00029921,0.3588314,0.00449499,0.03946646,37198,2,0.59144425,0.6659171
139,10,25017850,0.85710564,0.0036948,0.00166448,0.4029561,0.0001428,0.58656852,0.00497322,1e-07,37134,2,0.40294899,0.666074
140,1,25017871,0.99945769,0.00097571,0.00299245,0.0,0.00044974,0.30482741,0.0,0.6907547,22391,7,0.25341559,0.9997877
140,2,25017872,0.99943381,0.00102924,0.00188112,0.0,0.00016096,0.42569266,0.0,0.57123601,61207,7,0.21447059,0.9994696
140,3,25017873,0.99953464,0.00090097,0.00113889,0.0,0.00014797,0.3069935,0.0,0.69081867,16119,7,0.22300431,0.9996981
140,4,25017874,0.99951726,0.00089026,0.00313378,0.0,0.0001354,0.42372662,0.0,0.57211394,22343,6,0.14477397,0.9994542
140,5,25017875,0.99952864,0.00099826,0.00168189,0.0,0.00014961,0.20177236,0.0,0.79539788,15319,7,0.19985777,0.9998365
140,6,25017876,0.99958886,0.00102793,0.00193993,0.0,0.00013289,0.37486744,0.0,0.62203182,61407,7,0.19617967,0.9998615
140,7,25017877,0.99940469,0.00104107,0.00178411,0.0,0.0001392,0.29116363,0.0,0.70587199,30535,7,0.08989689,0.9995733
140,8,25017878,0.999454,0.0009443,0.00193301,0.0,0.00013426,0.77504356,0.0,0.22194487,64919,6,0.30442692,0.9997366
140,9,25017879,0.99950811,0.00094612,0.00131875,0.0,0.00015521,0.34985336,0.0,0.64772655,48127,7,0.18854647,0.9997923
140,10,25017880,0.99943878,0.0009904,0.00980478,0.0,0.0001522,0.30756002,0.0,0.68149259,63383,7,0.15922568,0.9995541
141,1,25017901,0.92603878,0.03941218,0.00297539,0.0,0.06782966,0.88967533,0.0,0.00010745,51724,6,0.174638,1.8072712
141,2,25017902,0.99958496,0.00079643,0.00023294,0.0,3.695e-05,0.99891884,0.0,1.484e-05,23339,6,0.99069164,1.8076325
141,3,25017903,0.99315665,0.01464012,0.00063637,0.0,0.00486077,0.97965823,0.0,0.00020451,22154,6,0.5928916,1.8072547
141,4,25017904,0.9988021,0.00246255,0.00276917,0.0,0.000162,0.44200556,0.0,0.55260072,19981,7,0.51471,1.8072713
141,5,25017905,0.99589368,0.01041097,0.00414547,0.0,0.00293374,0.67246186,0.0,0.31004797,51085,6,0.63285113,1.8076824
141,6,25017906,0.99761471,0.00495202,0.00196433,0.0,0.00086701,0.54777773,0.0,0.44443891,56876,6,0.42251092,1.8073211
141,7,25017907,0.99944081,0.0009193,0.00057462,0.0,6.384e-05,0.18889967,0.0,0.80954258,18954,7,0.48402893,1.8071215
141,8,25017908,0.99677484,0.00682939,0.00076946,0.0,0.00086879,0.38401143,0.0,0.60752093,19202,7,0.3032714,1.8074825
141,9,25017909,0.99704651,0.00618122,0.00111674,0.0,0.00169249,0.99099996,0.0,9.59e-06,57122,6,0.32435738,1.8075825
141,10,25017910,0.99313448,0.00732208,0.00042475,0.0,0.00390621,0.78098044,0.0,0.20736652,51714,6,0.36652754,1.8072213
142,1,25017931,0.99847118,0.0003422,0.0,1.989e-05,1.038e-05,0.99962603,1.48e-06,2e-08,8153,6,0.21124975,0.9993513
142,2,25017932,0.99873708,0.00058317,0.0,2.052e-05,1.974e-05,0.99937511,1.43e-06,3e-08,62477,6,0.11070667,0.9993513
142,3,25017933,0.99854811,0.00049423,0.0,1.992e-05,1.614e-05,0.99946818,1.41e-06,1.2e-07,32909,6,0.15082152,0.9991513
142,4,25017934,0.99871899,0.00061886,0.0,2.045e-05,1.927e-05,0.99933993,1.42e-06,8e-08,14319,6,0.13680453,0.9991029
142,5,25017935,0.99865532,0.00056731,0.0,2.024e-05,1.418e-05,0.99939653,1.41e-06,3.3e-07,36527,6,0.2249007,0.9989275
142,6,25017936,0.99872288,0.00042004,0.0,1.984e-05,1.876e-05,0.99953312,1.4e-06,6.84e-06,59833,6,0.27254187,0.9989274
142,7,25017937,0.99870728,0.00058759,0.0,2.087e-05,2.207e-05,0.99936794,1.45e-06,8e-08,26719,6,0.19261839,0.998853
142,8,25017938,0.99868144,0.00058171,0.0,2.058e-05,1.916e-05,0.99935442,1.48e-06,2.266e-05,39533,6,0.15505612,0.9989268
142,9,25017939,0.99872726,0.00058163,0.0,2.057e-05,2.544e-05,0.99937055,1.42e-06,3.8e-07,31147,6,0.23870495,0.9986787
142,10,25017940,0.99886211,0.00051635,0.0,2.063e-05,1.623e-05,0.99944526,1.48e-06,6e-08,22937,6,0.1837194,0.9993512
143,1,25017961,0.9542939,0.14353446,0.00560778,0.0,0.13655002,0.71430553,0.0,2.21e-06,42444,6,0.47785696,1.7631667
143,2,25017962,0.99939882,0.00100241,6.748e-05,0.0,4.942e-05,0.68036718,0.0,0.31851351,56837,6,0.50839606,1.7628893
143,3,25017963,0.99511411,0.02080004,0.02281005,0.0,0.0086494,0.79018612,0.0,0.15755438,43949,6,0.2872297,1.7631141
143,4,25017964,0.99594879,0.03255978,0.00022422,0.0,0.00225944,0.96495587,0.0,6.9e-07,46749,6,0.51364085,1.7632666
143,5,25017965,0.99939824,0.00052891,1.839e-05,0.0,3.391e-05,0.99941835,0.0,4.4e-07,9668,6,0.94816474,1.7630667
143,6,25017966,0.99214236,0.02802552,0.0376982,0.0,0.01772236,0.91653113,0.0,2.279e-05,43909,6,0.27425288,1.7629808
143,7,25017967,0.99667594,0.00886728,0.00021725,0.0,0.00329657,0.87247891,0.0,0.11513998,16268,6,0.30057397,1.7629809
143,8,25017968,0.99947025,0.0008508,0.00010967,0.0,6.962e-05,0.99894424,0.0,2.568e-05,49060,6,0.45727032,1.7629642
143,9,25017969,0.99959407,0.00114263,0.00036547,0.0,3.987e-05,0.99843946,0.0,1.255e-05,52013,6,0.71635217,1.7632666
143,10,25017970,0.98357845,0.0711939,0.0017961,0.0,0.01457442,0.65667874,0.0,0.25575685,44557,7,0.25574438,1.7630141
144,1,25017991,0.97826992,0.01252744,0.00400642,0.0,0.004387,0.73145957,0.00920202,0.23841754,33293,6,0.44800611,0.9994168
144,2,25017992,0.94324875,0.03447086,0.01290998,0.0,0.01911931,0.64228652,0.02104545,0.27016787,20103,7,0.27016781,0.9990622
144,3,25017993,0.94671084,0.02917497,0.01279379,0.0,0.01819685,0.90173656,0.02090963,0.01718818,36879,6,0.31086294,0.9994779
144,4,25017994,0.91289801,0.05489277,0.02433687,0.0,0.02230396,0.86097691,0.03748936,1.2e-07,33801,6,0.31036805,0.9994779
144,5,25017995,0.94441565,0.03578129,0.00958092,0.0,0.01191238,0.83158623,0.02506942,0.08606977,32843,6,0.22729536,0.9994779
144,6,25017996,0.94802645,0.03244027,0.01131091,0.0,0.01314039,0.62848411,0.01955337,0.29507095,24199,7,0.29507071,0.999137
144,7,25017997,0.89299648,0.068183,0.01852123,0.0,0.02860964,0.74146319,0.04206259,0.10116035,18823,6,0.18308754,0.9991841
144,8,25017998,0.94061215,0.03438077,0.01138727,0.0,0.01814475,0.88303687,0.02290744,0.03014291,33035,6,0.33797601,0.9993558
144,9,25017999,0.95371973,0.02292106,0.00772399,0.0,0.01123301,0.93760201,0.02051973,2e-07,36939,6,0.48287681,0.9994779
144,10,25018000,0.95958851,0.02228202,0.01277814,0.0,0.01083792,0.47772251,0.0171141,0.45926532,24199,7,0.4592651,0.999137
145,1,25018021,0.99899627,0.00060695,0.0,4.77e-06,6.83e-05,0.64802895,0.0,0.35129102,61215,7,0.12854089,0.9993561
145,2,25018022,0.99895462,0.00054256,0.0,4.84e-06,5.253e-05,0.87383566,0.0,0.12556441,29323,6,0.15704245,0.999317
145,3,25018023,0.99896071,0.00065175,0.0,4.9e-06,6.731e-05,0.65774178,0.0,0.34153425,35947,6,0.12118659,0.9992776
145,4,25018024,0.99889349,0.00057767,0.0,4.69e-06,6.883e-05,0.73815319,0.0,0.26119562,65129,6,0.08645619,0.9994779
145,5,25018025,0.99911415,0.00057342,0.0,4.99e-06,6.335e-05,0.87040219,0.0,0.12895605,61273,6,0.19051354,0.999278
145,6,25018026,0.99891969,0.00048158,0.0,4.96e-06,4.296e-05,0.95464618,0.0,0.04482433,7545,6,0.20522057,0.9994778
145,7,25018027,0.99891733,0.00061425,0.0,4.76e-06,5.823e-05,0.73633402,0.0,0.26298873,25803,6,0.20617253,0.9987042
145,8,25018028,0.99905085,0.00054209,0.0,4.84e-06,5.432e-05,0.76628963,0.0,0.23310912,49145,6,0.17138479,0.9994781
145,9,25018029,0.99897272,0.00056406,0.0,4.85e-06,6.604e-05,0.81177207,0.0,0.18759298,39351,6,0.20029206,0.9994171
145,10,25018030,0.99894315,0.00049928,0.0,5.14e-06,4.498e-05,0.92078578,0.0,0.07866483,39051,6,0.1386031,0.999278
146,1,25018051,0.9994816,0.00040328,5.01e-06,0.0,1.655e-05,0.9995748,0.0,3.6e-07,21956,6,0.86470385,2.2575728
146,2,25018052,0.95399614,0.19615346,0.00563743,0.0,0.01552613,0.56792162,0.0,0.21476137,55835,6,0.26118895,2.2573465
146,3,25018053,0.98987199,0.03327786,0.01977686,0.0,0.00020232,0.94673359,0.0,9.36e-06,43914,6,0.31673507,2.2572965
146,4,25018054,0.99930995,0.00078398,0.00039525,0.0,0.00014484,0.99866552,0.0,1.041e-05,43906,6,0.26893146,2.2572465
146,5,25018055,0.99895615,0.00226608,0.00080207,0.0,0.00096474,0.90947947,0.0,0.08648763,52756,6,0.52273262,2.2575645
146,6,25018056,0.99949553,0.00041091,7.06e-06,0.0,4.113e-05,0.99954056,0.0,3.4e-07,42444,6,0.75866483,2.2575978
146,7,25018057,0.98226287,0.08384358,0.00602849,0.0,0.00196751,0.90815306,0.0,7.35e-06,57132,6,0.26593597,2.2576311
146,8,25018058,0.99686947,0.00765447,0.00062617,0.0,1.237e-05,0.99169225,0.0,1.475e-05,8428,6,0.52409115,2.257047
146,9,25018059,0.9982114,0.00546918,0.00099525,0.0,6.474e-05,0.88921942,0.0,0.10425141,53037,6,0.71913162,2.2576977
146,10,25018060,0.999443,0.00077036,6.381e-05,0.0,4.756e-05,0.99908172,0.0,3.655e-05,53035,6,0.44014646,2.2576977
147,1,25018081,0.99866784,0.00050075,0.0,9.99e-06,1.102e-05,0.99947587,2.29e-06,8e-08,32185,6,0.13895713,0.9994033
147,2,25018082,0.99865573,0.00068413,0.0,1.272e-05,2.601e-05,0.99927417,2.73e-06,2.3e-07,19311,6,0.14481914,0.9989585
147,3,25018083,0.99896136,0.00052348,0.0,9.73e-06,1.745e-05,0.99918958,2.26e-06,0.00025751,33055,6,0.49175547,0.9996032
147,4,25018084,0.99888334,0.00049568,0.0,8.76e-06,1.385e-05,0.99947948,2.03e-06,2.1e-07,34893,6,0.39526118,0.999203
147,5,25018085,0.99869702,0.00064414,0.0,1.213e-05,2.153e-05,0.99931943,2.72e-06,5e-08,10231,6,0.146206,0.9995532
147,6,25018086,0.99874295,0.00048298,0.0,9.19e-06,9.55e-06,0.99949588,2.16e-06,2.4e-07,38413,6,0.18682652,0.998807
147,7,25018087,0.99866623,0.00075947,0.0,1.188e-05,2.054e-05,0.99920535,2.7e-06,7e-08,53079,6,0.13125194,0.9995699
147,8,25018088,0.9986219,0.00057816,0.0,1.084e-05,1.337e-05,0.99939529,2.32e-06,2e-08,59435,6,0.21239962,0.999205
147,9,25018089,0.99872113,0.00047658,0.0,9.27e-06,1.274e-05,0.99949899,2.36e-06,7e-08,32845,6,0.22672426,0.9992034
147,10,25018090,0.99864434,0.00069352,0.0,1.222e-05,2.141e-05,0.99927006,2.69e-06,1.1e-07,47687,6,0.27925655,0.9984861
148,1,25018111,0.99982206,0.00214073,0.00409514,0.0,0.00038758,0.09131317,0.0,0.90206338,62591,7,0.30978059,0.9999695
148,2,25018112,0.99952168,0.00571815,0.07635159,0.0,0.00157662,0.04316052,0.0,0.87319312,3575,7,0.10219849,0.9999348
148,3,25018113,0.99953313,0.00498822,0.038461,0.0,0.00156696,0.07664981,0.0,0.87833401,30399,7,0.2325536,0.9999619
148,4,25018114,0.99976926,0.00298255,0.02190303,0.0,0.00027078,0.05445228,0.0,0.92039136,32255,7,0.13145563,0.9999848
148,5,25018115,0.9995208,0.00493404,0.01623178,0.0,0.00139221,5.069e-05,0.0,0.97739127,24351,7,0.21636101,0.9999543
148,6,25018116,0.999485,0.00494784,0.01257848,0.0,0.00223283,0.0550553,0.0,0.92518555,32271,7,0.21348899,0.9997545
148,7,25018117,0.99985358,0.00197901,0.06306874,0.0,0.00105321,0.01644624,0.0,0.91745279,64511,7,0.23016959,0.9999771
148,8,25018118,0.99987378,0.00172509,0.01967319,0.0,0.00048657,0.0195242,0.0,0.95859095,32575,7,0.22443936,0.9999771
148,9,25018119,0.99974919,0.00263237,0.01854035,0.0,0.00232108,0.06397629,0.0,0.91252992,44927,7,0.17313736,0.9999847
148,10,25018120,0.99976104,0.00233446,0.04348714,0.0,0.00041077,0.00010006,0.0,0.95366757,57071,7,0.20487906,0.9997697
149,1,25018141,0.98977481,0.04437257,0.00483399,0.0,0.00900478,0.03560797,0.00249412,0.90368657,19203,7,0.45187025,1.3697193
149,2,25018142,0.9964162,0.00655252,0.00801907,0.0,0.00345219,0.47882407,4.8e-07,0.50315167,23338,6,0.41057211,1.3697693
149,3,25018143,0.99603823,0.01038254,0.00415937,0.0,0.00211365,0.30897156,0.00052438,0.6738485,19204,7,0.67363107,1.3696694
149,4,25018144,0.99538107,0.00796614,0.00728753,0.0,0.00334647,0.67663936,0.00058226,0.30417824,55819,6,0.59749704,1.3696954
149,5,25018145,0.99725575,0.00392274,0.00072917,0.0,0.00215175,0.84959055,5.3e-07,0.14360526,19245,6,0.44473985,1.3697693
149,6,25018146,0.9965608,0.00921756,0.00381339,0.0,0.00186393,0.00292192,2.809e-05,0.98215511,24076,7,0.59895056,1.369529
149,7,25018147,0.99528383,0.01114369,0.00229278,0.0,0.0026613,0.9836838,0.00017344,4.498e-05,24364,6,0.73364063,1.3697693
149,8,25018148,0.99880249,0.0031996,0.00129689,0.0,0.00081313,0.99456258,3.7e-07,0.00012742,18978,6,0.97200042,1.3693958
149,9,25018149,0.99934591,0.00124177,0.0012164,0.0,6.042e-05,0.99740101,3.6e-07,8.004e-05,24100,6,0.99729744,1.3694956
149,10,25018150,0.99815787,0.00713875,0.0004875,0.0,6.035e-05,3.708e-05,3.8e-07,0.99227594,19971,7,0.61361376,1.3694458
150,1,25018171,0.99865586,0.00061522,0.0,2.018e-05,7.106e-05,0.57720077,0.0,0.42209277,26795,6,0.12834537,0.999085
150,2,25018172,0.99845576,0.00041648,0.0,1.977e-05,4.47e-05,0.9425615,0.0,0.05695755,40139,6,0.1459442,0.9987135
150,3,25018173,0.99873512,0.00056738,0.0,2.007e-05,6.237e-05,0.48727143,0.0,0.51207875,56087,7,0.12464919,0.9985351
150,4,25018174,0.99871514,0.00032184,0.0,1.935e-05,1.583e-05,0.99921211,0.0,0.00043087,37423,6,0.25231225,0.998714
150,5,25018175,0.99874104,0.00061379,0.0,1.991e-05,7.512e-05,0.65983038,0.0,0.3394608,7527,6,0.13463987,0.9984461
150,6,25018176,0.99866104,0.00060777,0.0,2.005e-05,7.356e-05,0.80638352,0.0,0.19291511,44271,6,0.25769719,0.998914
150,7,25018177,0.99869597,0.00055455,0.0,1.988e-05,5.103e-05,0.73655539,0.0,0.26281915,23519,7,0.13675144,0.9995566
150,8,25018178,0.99892514,0.00054987,0.0,1.998e-05,8.03e-05,0.73534278,0.0,0.26400707,26701,6,0.16090341,0.9993065
150,9,25018179,0.99879954,0.00057005,0.0,2.001e-05,6.11e-05,0.60685315,0.0,0.39249569,58953,6,0.19142587,0.9993566
150,10,25018180,0.99870376,0.00052198,0.0,1.989e-05,4.816e-05,0.70800266,0.0,0.29140731,31001,6,0.26580639,0.9993567
151,1,25018201,0.93742077,0.57667722,0.42329419,0.0,2.069e-05,7.66e-06,0.0,2.5e-07,47355,4,0.4232598,2.1652167
151,2,25018202,0.99943745,0.00069991,4.331e-05,0.0,4.351e-05,0.91767393,0.0,0.08153934,18077,6,0.4656422,2.1653496
151,3,25018203,0.99175639,0.07220858,0.04668632,0.0,0.00031434,0.88079035,0.0,4.2e-07,54011,6,0.44841075,2.1654495
151,4,25018204,0.95936653,0.36902441,0.3043304,0.0,0.00615522,0.32048442,0.0,5.55e-06,44940,6,0.20230732,2.1650668
151,5,25018205,0.93530753,0.5970695,0.40290004,0.0,2.226e-05,7.99e-06,0.0,2.2e-07,29435,0,0.59608118,1.7771735
151,6,25018206,0.94482462,0.49307799,0.22262709,0.0,0.00349086,0.28080356,0.0,5e-07,49339,6,0.28079465,2.1654494
151,7,25018207,0.99937963,0.00080775,5.347e-05,0.0,5.204e-05,0.99903967,0.0,4.707e-05,48037,6,0.65718816,2.1651168
151,8,25018208,0.93794118,0.56279165,0.38138798,0.0,0.0005782,0.05524186,0.0,3.1e-07,45759,0,0.39956352,1.7771735
151,9,25018209,0.93511449,0.59760638,0.40236287,0.0,2.283e-05,7.7e-06,0.0,2.1e-07,61627,0,0.540002,1.7771476
151,10,25018210,0.92464437,0.68698042,0.31297764,0.0,3.339e-05,8.31e-06,0.0,2.5e-07,60091,0,0.36579733,1.7771734
152,1,25018231,0.93370328,0.02062305,0.0047668,0.05620348,0.00874822,0.8844764,0.02518201,4e-08,36875,6,0.17402869,0.9993532
152,2,25018232,0.96124122,0.00845326,0.00383754,1.5e-07,0.00392139,0.83254072,0.02777804,0.12346891,39947,6,0.29331723,0.9993531
152,3,25018233,0.93694296,0.01586284,0.00458458,0.02770127,0.0076179,0.91052311,0.03371025,4e-08,39183,6,0.27807262,0.9991066
152,4,25018234,0.86890074,0.0196264,0.00479569,0.2575804,0.00719636,0.65373565,0.02427242,0.03279308,23112,2,0.25737541,0.6660419
152,5,25018235,0.98855348,0.00374925,0.00118256,5.33e-05,0.00026566,0.98714782,0.0076014,2e-08,36879,6,0.96818842,0.9993532
152,6,25018236,0.95725443,0.01214479,0.0037459,1.2e-07,0.00262463,0.86493345,0.03144538,0.08510574,33099,6,0.18678905,0.99886
152,7,25018237,0.94325665,0.02288565,0.00423298,0.00179254,0.00423456,0.92972341,0.03713051,3.4e-07,34313,6,0.23050353,0.9991065
152,8,25018238,0.9825873,0.00931508,0.00431306,0.00085924,0.00373964,0.86824362,0.00805503,0.10547434,35405,6,0.27481081,0.999353
152,9,25018239,0.95767655,0.01564132,0.00524693,0.00040931,0.0080951,0.94467994,0.02591267,1.473e-05,18375,6,0.22610027,0.9994562
152,10,25018240,0.93382221,0.01442346,0.0053758,1.4e-07,0.00625025,0.82854591,0.04870758,0.09669686,23369,6,0.31634989,0.9993063
153,1,25018261,0.99931735,0.00092628,0.00597693,0.0,0.00011622,0.34632792,0.0,0.64665266,9727,7,0.14755297,0.9997315
153,2,25018262,0.99933532,0.00104939,0.00616214,0.0,0.00014056,0.29560192,0.0,0.69704598,44887,7,0.1271734,0.9997482
153,3,25018263,0.99908396,0.00111674,0.00298119,0.0,0.0001534,0.48823128,0.0,0.50751738,52631,6,0.09704539,0.9997481
153,4,25018264,0.99928016,0.00100044,0.02114673,0.0,8.783e-05,0.33384765,0.0,0.64391735,15263,7,0.15164602,0.9996723
153,5,25018265,0.99933252,0.00077597,0.00092357,0.0,0.00012344,0.46406024,0.0,0.53411679,23039,7,0.22510142,0.9995632
153,6,25018266,0.99922949,0.00091084,0.00242074,0.0,0.00011696,0.86420163,0.0,0.13234983,34655,6,0.23557883,0.9997815
153,7,25018267,0.99920092,0.00073064,0.00219282,0.0,8.568e-05,0.67008109,0.0,0.32690978,60599,6,0.2788401,0.9993968
153,8,25018268,0.99933595,0.00083291,0.00161,0.0,9.412e-05,0.36152142,0.0,0.63594156,40063,7,0.12831819,0.9995632
153,9,25018269,0.99941852,0.00093078,0.00181411,0.0,0.00013533,0.27858546,0.0,0.71853433,60799,7,0.15558554,0.9997815
153,10,25018270,0.99903408,0.0016753,0.00727523,0.0,0.00012867,0.20145835,0.0,0.78946245,48719,7,0.15746165,0.9991454
154,1,25018291,0.94995935,0.1937659,0.0054229,0.0,0.01602909,0.75082337,0.0,0.03395874,55180,6,0.29508492,2.1185266
154,2,25018292,0.99952106,0.00079153,0.00045662,0.0,5.349e-05,0.6907237,0.0,0.30797466,56067,6,0.31810146,2.1185182
154,3,25018293,0.99844943,0.00486316,0.00077323,0.0,0.00035042,0.97686367,0.0,0.01714952,55853,6,0.4630236,2.1182697
154,4,25018294,0.99949467,0.00041054,0.00015907,0.0,2.696e-05,0.99940311,0.0,3.2e-07,52554,6,0.44397965,2.1184933
154,5,25018295,0.99900121,0.00352839,0.01999661,0.0,8.588e-05,0.92392087,0.0,0.05246826,22146,6,0.35195511,2.1180701
154,6,25018296,0.99552532,0.01383999,0.00062669,0.0,0.00167869,0.7007792,0.0,0.28307543,16130,6,0.37170954,2.1184683
154,7,25018297,0.99955123,0.00094432,0.00057651,0.0,5.042e-05,0.6563725,0.0,0.34205625,57101,6,0.52173193,2.1185932
154,8,25018298,0.99700419,0.00466305,0.00082831,0.0,0.00107597,0.99342048,0.0,1.219e-05,20259,6,0.53827105,2.1184433
154,9,25018299,0.98790964,0.03897311,0.0011528,0.0,0.00936196,0.75992532,0.0,0.1905868,24355,6,0.39559085,2.1184933
154,10,25018300,0.9975592,0.00980988,0.00135758,0.0,0.00044192,0.98828747,0.0,0.00010315,24362,6,0.44837716,2.1184933
155,1,25018321,0.9988084,0.00066651,0.0,2.307e-05,1.99e-05,0.9992887,1.77e-06,5e-08,62509,6,0.16362066,0.9993398
155,2,25018322,0.99868926,0.00055841,0.0,2.168e-05,1.341e-05,0.99940461,1.74e-06,1.5e-07,37901,6,0.30016702,0.9991399
155,3,25018323,0.99875689,0.00060972,0.0,2.349e-05,2.099e-05,0.99934398,1.78e-06,3e-08,58335,6,0.19970338,0.9995398
155,4,25018324,0.99849738,0.0003426,0.0,2.147e-05,1.17e-05,0.99962249,1.73e-06,1e-08,55705,6,0.22736546,0.9993398
155,5,25018325,0.99881404,0.00058416,0.0,2.286e-05,2.762e-05,0.99936126,1.83e-06,2.27e-06,37335,6,0.25667708,0.9992897
155,6,25018326,0.9985417,0.0003605,0.0,2.161e-05,1.193e-05,0.9996042,1.74e-06,2e-08,36975,6,0.24713875,0.9986802
155,7,25018327,0.99875262,0.00053509,0.0,2.214e-05,1.938e-05,0.99942154,1.77e-06,8e-08,28815,6,0.1381658,0.9993397
155,8,25018328,0.9988102,0.00069332,0.0,2.482e-05,3.018e-05,0.99924966,1.88e-06,1.4e-07,51647,6,0.15914052,0.9993097
155,9,25018329,0.99860149,0.00059824,0.0,2.246e-05,1.986e-05,0.99935754,1.78e-06,1.2e-07,27519,6,0.10070442,0.9992598
155,10,25018330,0.99881519,0.00053289,0.0,2.394e-05,2.263e-05,0.99941849,1.92e-06,1.3e-07,23449,6,0.28821798,0.9991098
156,1,25018351,0.99944976,0.00087463,0.00022647,7e-08,6.845e-05,0.30196224,1.75e-06,0.69686639,12165,7,0.68313372,1.5335597
156,2,25018352,0.99918309,0.00159,0.00059637,7e-08,0.00042144,0.59526447,0.00042762,0.40170003,19213,6,0.45703978,1.5337662
156,3,25018353,0.99122143,0.03978184,0.00296551,1e-07,0.01903141,0.71900008,0.00081143,0.21840963,51085,6,0.46874798,1.5338661
156,4,25018354,0.98466474,0.15455433,0.00230101,7e-08,0.00490634,0.51028872,0.01305426,0.31489527,48645,6,0.50175718,1.5335347
156,5,25018355,0.98471973,0.0431717,0.00221179,6e-08,0.02464823,0.90922919,0.01389563,0.00684341,46733,6,0.66353626,1.5336595
156,6,25018356,0.99646976,0.01910778,0.00123497,7e-08,0.00885626,0.56916853,4.544e-05,0.40158696,44573,6,0.43877974,1.5338661
156,7,25018357,0.9942079,0.010859,0.00197822,8e-08,0.008278,0.42770909,0.00742211,0.5437535,44965,7,0.54355628,1.5336263
156,8,25018358,0.99463001,0.00573383,0.00118398,9.1e-07,0.01462702,0.97843564,2.21e-06,1.641e-05,44701,6,0.41489974,1.5337595
156,9,25018359,0.99354716,0.01564,0.00256329,8e-08,0.00815254,0.60152389,0.00237008,0.36975014,15901,6,0.4862363,1.5338162
156,10,25018360,0.99530461,0.01432253,0.00081792,6e-08,0.00475084,0.34490167,0.00015656,0.63505042,12069,7,0.63494957,1.5337162
157,1,25018381,0.9843336,0.01708439,0.00530539,0.0,0.00762294,0.0,0.01006034,0.95992694,24199,7,0.88015725,0.9994542
157,2,25018382,0.75764343,0.19405971,0.03342627,0.0,0.12369748,0.0,0.1590568,0.48975974,20103,7,0.40061858,0.9993794
157,3,25018383,0.75018927,0.19674548,0.03522465,0.0,0.13075701,0.0,0.12092299,0.51634987,20111,7,0.23942707,0.9994792
157,4,25018384,0.83048549,0.15347795,0.02830914,0.0,0.1070682,0.0,0.10061388,0.61053084,23183,7,0.52072006,0.9995718
157,5,25018385,0.99724192,0.00376656,0.00262318,0.0,0.00125762,0.0,9.134e-05,0.9922613,24199,7,0.51445968,0.9994542
157,6,25018386,0.88658747,0.09732597,0.02270367,0.0,0.06474216,0.0,0.03958802,0.77564018,19087,7,0.77555304,0.9995218
157,7,25018387,0.94405281,0.04703756,0.00964631,0.0,0.03050752,0.0,0.01801924,0.89478936,24207,7,0.73964346,0.9995291
157,8,25018388,0.99031732,0.00849067,0.00385615,0.0,0.00609774,0.0,0.00043636,0.98111909,23183,7,0.98111534,0.9995718
157,9,25018389,0.95745701,0.03673045,0.01118161,0.0,0.02639847,0.0,0.01202877,0.91366071,24207,7,0.43504699,0.9995291
157,10,25018390,0.87500831,0.09614847,0.01936248,0.0,0.06330529,0.0,0.10507664,0.71610712,23175,7,0.38850287,0.9994969
158,1,25018411,0.99870536,0.00051027,0.0,1.266e-05,4.513e-05,0.99901095,0.0,0.00042099,62891,6,0.30502667,0.9990135
158,2,25018412,0.99890177,0.00058762,0.0,1.254e-05,7.442e-05,0.51717509,0.0,0.48215033,40375,6,0.10564514,0.9995317
158,3,25018413,0.99898196,0.0005951,0.0,1.266e-05,6.291e-05,0.70335987,0.0,0.29596947,27821,6,0.16392096,0.9993566
158,4,25018414,0.99864676,0.00040112,0.0,1.298e-05,3.426e-05,0.91074985,0.0,0.0888018,65353,6,0.18400108,0.9990138
158,5,25018415,0.99888515,0.00064576,0.0,1.231e-05,8.715e-05,0.49350563,0.0,0.50574915,3839,7,0.15161593,0.9990638
158,6,25018416,0.99879169,0.00055796,0.0,1.264e-05,5.007e-05,0.67376565,0.0,0.32561368,46927,7,0.15772607,0.9990654
158,7,25018417,0.99886617,0.00044767,0.0,1.315e-05,3.893e-05,0.96308384,0.0,0.03641641,52697,6,0.29269537,0.9988139
158,8,25018418,0.99891537,0.00052892,0.0,1.245e-05,4.444e-05,0.91962098,0.0,0.07979321,30313,6,0.09230769,0.9994067
158,9,25018419,0.99881712,0.00039802,0.0,1.292e-05,3.743e-05,0.86304403,0.0,0.1365076,16345,6,0.15833594,0.9994067
158,10,25018420,0.99906186,0.00062783,0.0,1.24e-05,9.572e-05,0.65928166,0.0,0.33998238,33151,6,0.14810626,0.9992136
159,1,25018441,0.99947725,0.0007907,0.00015745,0.0,3.457e-05,0.99900418,0.0,1.31e-05,44941,6,0.43531865,2.3838356
159,2,25018442,0.9994238,0.00076633,0.00047559,0.0,3.59e-05,0.99869519,0.0,2.699e-05,48005,6,0.6425053,2.3837355
159,3,25018443,0.96295115,0.2370755,0.20278286,0.0,3.836e-05,0.56006777,0.0,3.551e-05,51981,6,0.54951068,2.384112
159,4,25018444,0.99952018,0.00066657,0.00050023,0.0,3.146e-05,0.99855659,0.0,0.00024515,23331,6,0.99828154,2.3840121
159,5,25018445,0.99937179,0.00080672,0.00030981,0.0,2.568e-05,0.99884963,0.0,8.16e-06,44693,6,0.40815422,2.3837023
159,6,25018446,0.99139825,0.04803572,0.008545,0.0,5.209e-05,0.94335867,0.0,8.52e-06,55834,6,0.63888083,2.3836357
159,7,25018447,0.94138187,0.38035635,0.28334826,0.0,0.00019391,0.33610132,0.0,1.7e-07,8956,6,0.31831266,2.3839121
159,8,25018448,0.93833315,0.4018198,0.33223331,0.0,0.0010388,0.26490761,0.0,4.7e-07,8362,4,0.29365191,2.383436
159,9,25018449,0.97636412,0.15055463,0.13310417,0.0,7.5e-06,0.71633355,0.0,1.5e-07,9860,6,0.50283995,2.383436
159,10,25018450,0.99340368,0.03971249,0.02386515,0.0,0.00054174,0.93584524,0.0,3.538e-05,23059,6,0.5126424,2.3835608
160,1,25018471,0.99876101,0.00055714,0.00414777,2.34e-06,1.492e-05,0.99527491,2.66e-06,2.6e-07,8009,6,0.23352021,0.9989757
160,2,25018472,0.99024053,0.00300247,0.00417838,0.00684885,6.74e-05,0.9823882,0.00351458,1.2e-07,34973,6,0.26167057,0.9988756
160,3,25018473,0.96084516,0.0095491,0.00733876,0.0237373,0.00144885,0.93916454,0.01876144,2e-08,6041,6,0.24117896,0.997592
160,4,25018474,0.97660309,0.00905031,0.00929714,0.01440659,0.00031464,0.9580858,0.00883405,1.146e-05,24537,6,0.16437476,0.9994377
160,5,25018475,0.99740018,0.00188129,0.00214449,3.47e-06,6.162e-05,0.99528132,0.0006278,2e-08,37337,6,0.64746195,0.9994375
160,6,25018476,0.92771145,0.00899968,0.00634192,0.08375893,0.00086238,0.87972785,0.0203092,4e-08,36969,6,0.14845303,0.9988758
160,7,25018477,0.99793217,0.00053227,0.00166424,2.08e-06,6.58e-06,0.9971146,0.00068021,2e-08,23497,6,0.79578862,0.9990756
160,8,25018478,0.86848891,0.00745039,0.00603155,0.23522249,0.00053568,0.74292542,0.00783445,2e-08,60889,6,0.3665684,0.9988759
160,9,25018479,0.95229252,0.0016215,0.00318098,0.13697548,1.746e-05,0.85820104,3.54e-06,2e-08,31897,6,0.16479833,0.9987139
160,10,25018480,0.92144686,0.00178609,0.00262655,0.10299369,0.00026339,0.88377329,0.0085558,1.18e-06,22663,6,0.51266837,0.9989009
161,1,25018501,0.99946331,0.0013523,0.019346,0.0,0.00044974,0.20738093,0.0,0.77147103,2039,7,0.11202068,0.9998584
161,2,25018502,0.99958456,0.00165443,0.03117608,0.0,0.00029405,0.20240957,0.0,0.76446587,39903,7,0.1428428,0.9999084
161,3,25018503,0.99948039,0.00143338,0.08908178,0.0,0.00044533,0.31992671,0.0,0.5891128,28631,7,0.12830108,0.9998584
161,4,25018504,0.99959626,0.00128224,0.01291503,0.0,0.00039514,0.19528998,0.0,0.79011761,19839,7,0.11863308,0.9998584
161,5,25018505,0.9994242,0.00260271,0.13831949,0.0,0.00023075,0.20614301,0.0,0.65270404,54647,7,0.12195645,0.9998508
161,6,25018506,0.99951668,0.00139794,0.01156042,0.0,0.00019692,0.24208952,0.0,0.7447552,60799,7,0.1240008,0.9999084
161,7,25018507,0.99924686,0.00179911,0.10739927,0.0,0.00026906,0.46553758,0.0,0.42499498,11847,6,0.23142647,0.9992761
161,8,25018508,0.9994167,0.00194767,0.01258346,0.0,0.00034501,0.37454607,0.0,0.61057779,36807,7,0.1991805,0.9997169
161,9,25018509,0.99946411,0.00149638,0.02924652,0.0,0.0001689,0.19948013,0.0,0.76960807,7871,7,0.09425024,0.9996213
161,10,25018510,0.99919865,0.00221544,0.07641997,0.0,0.0008572,0.21873602,0.0,0.70177137,26567,6,0.08770372,0.9996669
162,1,25018531,0.99483477,0.02628266,0.00139499,0.0,0.00346147,0.56281465,0.00103587,0.40501036,20010,6,0.34787126,1.7612505
162,2,25018532,0.9982483,0.002805,0.00102974,0.0,0.00054868,0.69517117,2.869e-05,0.30041672,23333,6,0.60626626,1.7617024
162,3,25018533,0.99363918,0.0163417,0.00354145,0.0,0.01035214,0.57840247,0.00082091,0.39054133,24077,7,0.39051364,1.7614503
162,4,25018534,0.99894551,0.00470094,0.00158971,0.0,0.00192686,0.54459747,2.4e-07,0.44718478,24069,7,0.44653622,1.7613754
162,5,25018535,0.99141709,0.0291281,0.01489164,0.0,0.00958365,0.81310185,8.6e-07,0.1332939,52772,6,0.3920976,1.7613504
162,6,25018536,0.99747469,0.00967177,0.01170001,0.0,0.00128523,0.91297486,1.8e-07,0.06436795,24362,6,0.3441737,1.7617024
162,7,25018537,0.9921015,0.01733468,0.00537639,0.0,0.00600948,0.85523912,0.00024188,0.11579844,55811,6,0.40738024,1.7614253
162,8,25018538,0.990366,0.04853561,0.00597549,0.0,0.00979403,0.55200678,0.00037651,0.38331157,55842,6,0.55171687,1.7614004
162,9,25018539,0.99914004,0.00144484,0.00077599,0.0,0.00015989,0.43678964,4.6e-07,0.56082917,19210,7,0.56080258,1.7616024
162,10,25018540,0.99606585,0.00714419,0.00539399,0.0,0.00216737,0.33354817,3.779e-05,0.6517085,24332,7,0.65164543,1.7617024
163,1,25018561,0.998695,0.00059803,0.0,2.001e-05,2.413e-05,0.99935635,1.39e-06,8e-08,59335,6,0.12218554,0.9989358
163,2,25018562,0.99843284,0.00036374,0.0,1.933e-05,1.264e-05,0.99960275,1.37e-06,1.7e-07,37533,6,0.2007565,0.9983951
163,3,25018563,0.99846317,0.00049153,0.0,1.971e-05,1.619e-05,0.99947115,1.39e-06,5e-08,39979,6,0.23877392,0.9991176
163,4,25018564,0.99853563,0.00056672,0.0,1.993e-05,2.289e-05,0.99938773,1.4e-06,1.34e-06,24845,6,0.14043137,0.998786
163,5,25018565,0.99889848,0.00061372,0.0,2.019e-05,2.214e-05,0.99933859,1.38e-06,3.97e-06,1527,6,0.14733725,0.9994676
163,6,25018566,0.99874524,0.00036622,0.0,1.945e-05,7.11e-06,0.99960581,1.36e-06,5e-08,35851,6,0.34606451,0.9991176
163,7,25018567,0.99868112,0.00045553,0.0,2.004e-05,1.371e-05,0.99950904,1.38e-06,3e-07,39225,6,0.23184476,0.9990767
163,8,25018568,0.99866085,0.00057394,0.0,1.988e-05,1.997e-05,0.99938474,1.37e-06,1e-07,6103,6,0.12646758,0.9994926
163,9,25018569,0.9986631,0.0005576,0.0,1.994e-05,1.814e-05,0.99940181,1.39e-06,1.12e-06,61643,6,0.19280699,0.9993176
163,10,25018570,0.99881651,0.00061899,0.0,2.01e-05,2.342e-05,0.99933602,1.38e-06,9e-08,27511,6,0.29598077,0.9991767
164,1,25018591,0.96629759,0.09430152,0.00988649,0.0,0.03517445,0.86058093,0.0,5.661e-05,22444,6,0.38722029,2.057726
164,2,25018592,0.98625122,0.04152138,0.00089514,0.0,6.666e-05,0.9575121,0.0,4.71e-06,47019,6,0.45811354,2.0578592
164,3,25018593,0.99579857,0.00773563,0.00081201,0.0,0.00656583,0.98488623,0.0,3e-07,53947,6,0.69429415,2.0580706
164,4,25018594,0.99961514,0.00038561,0.00015749,0.0,1.644e-05,0.99944022,0.0,2.3e-07,49403,6,0.9992232,2.0580705
164,5,25018595,0.99956018,0.00087139,0.00030165,0.0,2.874e-05,0.8409035,0.0,0.15789472,52765,6,0.76471178,2.0580705
164,6,25018596,0.98517933,0.05773702,0.00198272,0.0,0.01626899,0.92398168,0.0,2.959e-05,19365,6,0.41858387,2.0576593
164,7,25018597,0.99914392,0.00181074,0.00053171,0.0,4.813e-05,0.99760779,0.0,1.64e-06,42637,6,0.66089079,2.0577592
164,8,25018598,0.99948345,0.00049942,3.338e-05,0.0,4.595e-05,0.999421,0.0,2.4e-07,50388,6,0.68911305,2.0579373
164,9,25018599,0.92300752,0.53413012,0.00020366,0.0,0.0052265,0.46043724,0.0,2.48e-06,56860,6,0.32930009,2.0580039
164,10,25018600,0.99941104,0.00090563,0.00032011,0.0,4.67e-05,0.25536741,0.0,0.74336015,20365,7,0.64469892,2.0577093
165,1,25018621,0.97685724,0.0105281,0.00929441,0.0,0.00432074,0.49774286,0.01052563,0.46758826,23175,7,0.35050397,0.9990979
165,2,25018622,0.94051565,0.03216769,0.00781739,0.0,0.0178539,0.92143493,0.02072576,3.2e-07,37897,6,0.19419735,0.9994242
165,3,25018623,0.95737493,0.02064063,0.01524438,0.0,0.01098131,0.80386298,0.0184354,0.1308353,18631,6,0.38706017,0.9991986
165,4,25018624,0.95528651,0.0233387,0.00771076,0.0,0.00960727,0.93947765,0.01985931,6.31e-06,23687,6,0.34992116,0.9992735
165,5,25018625,0.93844728,0.03098871,0.01265822,0.0,0.01347908,0.87528093,0.02866313,0.03892993,23951,6,0.49233657,0.9991728
165,6,25018626,0.91907306,0.0399189,0.00784692,0.0,0.0425478,0.67439609,0.01508635,0.22020393,37135,6,0.24218618,0.9992486
165,7,25018627,0.96546535,0.01633892,0.00949859,0.0,0.01073783,0.71634467,0.01255613,0.23452386,33353,6,0.23960291,0.9994242
165,8,25018628,0.96098971,0.01687695,0.00748076,0.0,0.0144595,0.94788161,0.01325841,4.277e-05,39179,6,0.2230951,0.9992484
165,9,25018629,0.90188688,0.05192407,0.04498782,0.0,0.02722847,0.83276941,0.04309013,1e-07,38409,6,0.13707209,0.9992485
165,10,25018630,0.98822016,0.00485932,0.0031446,0.0,0.00101041,0.09396873,0.00697383,0.89004312,23175,7,0.89004208,0.9990979
166,1,25018651,0.99882662,0.00061859,0.0,1.01e-06,8.122e-05,0.56600709,0.0,0.43329208,7935,7,0.21845955,0.9992965
166,2,25018652,0.99917231,0.00060965,0.0,9.8e-07,6.768e-05,0.56067566,0.0,0.43864604,40825,6,0.26877834,0.9994981
166,3,25018653,0.99920974,0.00073192,0.0,9.9e-07,8.749e-05,0.38051959,0.0,0.61866002,28655,7,0.14365051,0.9993464
166,4,25018654,0.99904245,0.00068665,0.0,1.01e-06,7.875e-05,0.58813776,0.0,0.41109583,23743,6,0.13151488,0.9993963
166,5,25018655,0.9991834,0.00038775,0.0,1.27e-06,2.138e-05,0.99954145,0.0,4.816e-05,40793,6,0.58750252,0.9994981
166,6,25018656,0.9991109,0.00074052,0.0,9.2e-07,0.0001122,0.31311701,0.0,0.68602936,43519,7,0.18476977,0.9993963
166,7,25018657,0.99904014,0.00049507,0.0,9.8e-07,4.796e-05,0.91072708,0.0,0.0887289,23033,6,0.44722434,0.9991964
166,8,25018658,0.99908031,0.00054114,0.0,1.03e-06,5.381e-05,0.8743215,0.0,0.12508252,15801,6,0.16967194,0.9994981
166,9,25018659,0.99904993,0.00069744,0.0,9.9e-07,9.412e-05,0.42126579,0.0,0.57794165,29625,6,0.12002286,0.9988951
166,10,25018660,0.99868912,0.0003763,0.0,1.1e-06,2.381e-05,0.98261051,0.0,0.01698828,34041,6,0.54936016,0.9989967
167,1,25018681,0.99948372,0.00106363,0.00029959,0.0,7.73e-05,0.99847025,0.0,8.922e-05,43788,6,0.99746651,2.378155
167,2,25018682,0.99911623,0.0015127,0.00030472,0.0,4.698e-05,0.99805921,0.0,7.64e-05,48906,6,0.29553455,2.3781884
167,3,25018683,0.99940532,0.00055646,0.0001997,0.0,5.524e-05,0.99915476,0.0,3.385e-05,55843,6,0.83847049,2.3777548
167,4,25018684,0.95257619,0.11836767,0.0182221,0.0,3.344e-05,0.35125609,0.0,0.5121207,19333,7,0.51198407,2.3777797
167,5,25018685,0.99748017,0.01113804,0.00097704,0.0,3.879e-05,0.62822635,0.0,0.35961979,43821,6,0.42783149,2.378255
167,6,25018686,0.99824672,0.00490757,0.00104798,0.0,0.00067993,0.99328851,0.0,7.601e-05,44843,6,0.4909195,2.378255
167,7,25018687,0.98448204,0.09998941,0.07332409,0.0,0.00774949,0.81890434,0.0,3.267e-05,57219,6,0.56736617,2.3778798
167,8,25018688,0.99853276,0.00301146,0.00050848,0.0,0.00037793,0.99603933,0.0,6.279e-05,51747,6,0.47494177,2.3777133
167,9,25018689,0.99931,0.00074891,0.0001575,0.0,4.198e-05,0.99886001,0.0,0.00019161,10756,6,0.54849901,2.3775801
167,10,25018690,0.99759438,0.00601181,0.00020581,0.0,0.00138275,0.30551534,0.0,0.68688429,19972,7,0.68684541,2.3775802
168,1,25018711,0.99865174,0.00063817,0.0,1.866e-05,1.75e-05,0.99932298,2.03e-06,6.7e-07,62505,6,0.2093939,0.9993472
168,2,25018712,0.66554178,0.00025261,0.0,0.99972561,6.4e-06,1.301e-05,2.35e-06,1e-08,39178,2,0.24312938,0.6656946
168,3,25018713,0.9986207,0.00059044,0.0,1.844e-05,2.24e-05,0.99936655,2.04e-06,1.3e-07,61727,6,0.08089726,0.9995471
168,4,25018714,0.99869677,0.00059104,0.0,1.937e-05,2.118e-05,0.99936627,2.07e-06,6e-08,65375,6,0.1721156,0.9995471
168,5,25018715,0.99864094,0.00070117,0.0,2.017e-05,2.698e-05,0.99924906,2.25e-06,3.7e-07,38903,6,0.14034231,0.9995221
168,6,25018716,0.99862835,0.00064345,0.0,2.026e-05,3.144e-05,0.99930252,2.2e-06,1.2e-07,28055,6,0.14328727,0.9992972
168,7,25018717,0.99865786,0.00035054,0.0,1.663e-05,1.273e-05,0.99961815,1.9e-06,5e-08,5817,6,0.32306052,0.9985187
168,8,25018718,0.99858088,0.00065612,0.0,2.01e-05,1.938e-05,0.99930012,2.18e-06,2.1e-06,15527,6,0.12929438,0.9987201
168,9,25018719,0.99877339,0.00060189,0.0,1.864e-05,1.715e-05,0.99936036,1.94e-06,1e-08,24591,6,0.18917178,0.9992972
168,10,25018720,0.99871999,0.00053384,0.0,1.76e-05,1.76e-05,0.99942851,2.02e-06,4.2e-07,37705,6,0.1483764,0.9988947
169,1,25018741,0.99955442,0.00138328,0.0011946,2.2e-07,0.00010871,0.22335128,6.82e-06,0.77395509,44805,7,0.77390574,1.2174865
169,2,25018742,0.98923926,0.01582036,0.00858067,2.7e-07,0.03984128,0.06469854,0.02135843,0.84970045,57229,7,0.57175446,1.2175429
169,3,25018743,0.99952636,0.00118601,0.00051523,3e-07,6.132e-05,9.42e-06,8.77e-06,0.99821895,11789,7,0.40926997,1.2172932
169,4,25018744,0.99953204,0.00140356,0.00095296,3.5e-07,8.215e-05,2.45e-06,5.39e-06,0.99755315,24109,7,0.29612628,1.2173431
169,5,25018745,0.9940622,0.01539023,0.00642389,2.5e-07,0.02738808,1.145e-05,0.00708564,0.94370046,16141,7,0.31766704,1.2175364
169,6,25018746,0.99957744,0.00102625,0.00051411,3.6e-07,6.324e-05,1.84e-06,1.031e-05,0.99838389,12077,7,0.73166503,1.2174865
169,7,25018747,0.99822866,0.00500345,0.00156829,4.4e-07,0.01079555,0.25829603,9.65e-06,0.72432659,44589,7,0.72426582,1.2174429
169,8,25018748,0.98560642,0.03716716,0.00778301,3.07e-06,0.06266134,2.88e-06,0.02950335,0.86287919,44805,7,0.41591626,1.2174865
169,9,25018749,0.97714173,0.03732194,0.01536682,6.3e-07,0.11060186,0.02284722,0.03777293,0.77608861,20237,7,0.30912433,1.2174865
169,10,25018750,0.99280015,0.01585216,0.01640097,4.4e-07,0.01404838,1.15e-06,0.0220629,0.93163401,24357,7,0.57554947,1.2174865
170,1,25018771,0.99957953,0.00135681,0.00071871,0.0,3.713e-05,5.844e-05,4.8e-07,0.99782843,19213,7,0.99779492,1.2160222
170,2,25018772,0.98543194,0.01794533,0.00191597,0.0,0.00940532,0.03101579,0.00304887,0.93666872,23051,7,0.55547259,1.2158791
170,3,25018773,0.97529619,0.05035558,0.00341331,0.0,0.02043909,0.04538924,0.00692066,0.87348212,19330,7,0.50932859,1.2157792
170,4,25018774,0.99870061,0.00288335,0.00063368,0.0,0.00018165,7.078e-05,4.6e-07,0.99623008,19340,7,0.74065438,1.2157792
170,5,25018775,0.99939727,0.00095474,0.00014311,0.0,4.734e-05,7.185e-05,4.7e-07,0.9987825,24067,7,0.50331662,1.2158042
170,6,25018776,0.987277,0.02046369,0.00520967,0.0,0.0129613,0.06157852,0.00259241,0.89719442,19333,7,0.53470827,1.2158791
170,7,25018777,0.98876823,0.01544011,0.00207793,0.0,0.00700549,0.20999199,0.0029233,0.76256118,18946,7,0.54858017,1.2156794
170,8,25018778,0.99913302,0.00200321,0.00084744,0.0,7.978e-05,0.00185274,4.4e-07,0.99521639,19203,7,0.90809049,1.2159722
170,9,25018779,0.99955569,0.00107067,0.00088686,0.0,2.687e-05,0.00011096,4.6e-07,0.99790418,20234,7,0.99784426,1.2159223
170,10,25018780,0.99955496,0.00101967,0.00078591,0.0,3.502e-05,0.00014423,4.5e-07,0.99801472,20234,7,0.9975745,1.2159223
171,1,25018801,0.99886544,0.00053154,0.0,1.625e-05,6.966e-05,0.57286827,0.0,0.42651427,57455,6,0.13986467,0.9988863
171,2,25018802,0.99868091,0.00050584,0.0,1.631e-05,4.1e-05,0.86197363,0.0,0.13746321,29993,6,0.16014958,0.9988864
171,3,25018803,0.9988965,0.00057631,0.0,1.619e-05,8.027e-05,0.67002828,0.0,0.32929894,33215,6,0.13128881,0.9993143
171,4,25018804,0.99863953,0.00045831,0.0,1.627e-05,4.557e-05,0.89241596,0.0,0.10706389,14265,6,0.19624732,0.9991145
171,5,25018805,0.99873783,0.0005228,0.0,1.632e-05,5.593e-05,0.67059265,0.0,0.3288123,38455,6,0.12284464,0.9986581
171,6,25018806,0.99853985,0.00045716,0.0,1.658e-05,3.635e-05,0.94725354,0.0,0.05223637,58413,6,0.23719096,0.9993429
171,7,25018807,0.99863456,0.0003827,0.0,1.638e-05,3.355e-05,0.93741505,0.0,0.06215232,38009,6,0.16690152,0.9988863
171,8,25018808,0.99878533,0.00030802,0.0,1.636e-05,2.037e-05,0.99950473,0.0,0.00015053,7609,6,0.28695116,0.999243
171,9,25018809,0.99876814,0.00063283,0.0,1.635e-05,6.554e-05,0.65360505,0.0,0.34568023,60359,6,0.13106737,0.9989197
171,10,25018810,0.99891792,0.00050277,0.0,1.629e-05,5.17e-05,0.78680123,0.0,0.21262802,30797,6,0.24209531,0.9993427
172,1,25018831,0.99939005,0.00390054,0.71222924,0.0,0.00022755,0.2833299,0.0,0.00031277,23093,4,0.63199018,2.4211066
172,2,25018832,0.99940275,0.0030247,0.99684417,0.0,0.00012499,5.96e-06,0.0,1.8e-07,47355,4,0.99678742,2.4209227
172,3,25018833,0.9993666,0.00243665,0.99735509,0.0,0.00020215,5.71e-06,0.0,4e-07,55781,4,0.99732737,2.4208228
172,4,25018834,0.99935596,0.00287038,0.42118116,0.0,0.0001691,0.57574313,0.0,3.622e-05,52746,6,0.57528728,2.4206729
172,5,25018835,0.99939011,0.00258644,0.3383824,0.0,0.00011213,0.6588943,0.0,2.473e-05,56235,6,0.42698642,2.4209227
172,6,25018836,0.99932748,0.00265516,0.99732797,0.0,1.144e-05,5.1e-06,0.0,3.3e-07,23010,4,0.99722869,2.4207478
172,7,25018837,0.99944513,0.00222872,0.24536937,0.0,8.844e-05,0.75231303,0.0,4.3e-07,55483,6,0.22329824,2.4209226
172,8,25018838,0.99944213,0.00182241,0.15216865,0.0,0.0001049,0.8458643,0.0,3.975e-05,20268,6,0.51872633,2.4210067
172,9,25018839,0.99949007,0.00172925,0.21098397,0.0,9.73e-05,0.67802109,0.0,0.10916839,55173,6,0.60501117,2.4211316
172,10,25018840,0.99949212,0.00091593,0.00015596,0.0,7.047e-05,0.99870169,0.0,0.00015596,46981,6,0.34624599,2.4211316
173,1,25018861,0.97275063,0.01039555,0.0061833,0.00404871,0.00023555,0.9564824,0.01799496,0.00465953,24391,6,0.24193954,0.999357
173,2,25018862,0.96574415,0.00461398,0.00325679,0.00056584,0.00209998,0.96200139,0.02734728,0.00011474,21465,6,0.28549075,0.9985744
173,3,25018863,0.98557326,0.00649796,0.00419112,4.3e-07,0.00305178,0.98050882,0.00574922,6.7e-07,36235,6,0.43596309,0.9989821
173,4,25018864,0.99693972,0.00092156,0.00122012,2.8e-07,0.00040121,0.99621961,0.00123696,2.6e-07,52185,6,0.61198937,0.9992911
173,5,25018865,0.98252311,0.00774731,0.00542472,4.3e-07,0.00054858,0.97552216,0.01075666,1.5e-07,52807,6,0.30293292,0.9987075
173,6,25018866,0.9807789,0.00651558,0.00285031,3.2e-07,0.00307506,0.97711713,0.01043226,9.34e-06,32781,6,0.38298963,0.9992911
173,7,25018867,0.90093941,0.0029255,0.00132734,0.18386724,0.00055407,0.80748872,0.00383711,2e-08,23361,2,0.18386651,0.4996319
173,8,25018868,0.98212963,0.00584263,0.00387331,2.6e-07,0.00134593,0.97821946,0.0107173,1.1e-06,19143,6,0.65906257,0.9989327
173,9,25018869,0.92564188,0.00624197,0.00170231,0.09761033,0.00143701,0.87586238,0.01714572,2.8e-07,32907,6,0.21412116,0.999291
173,10,25018870,0.97731661,0.003871,0.0037236,2.6e-07,0.00186866,0.97373183,0.01680457,8e-08,22927,6,0.23226803,0.9987739
174,1,25018891,0.99948953,0.00085422,0.00105651,0.0,0.00012726,0.35134415,0.0,0.64661786,64895,7,0.1974444,0.9998221
174,2,25018892,0.99924668,0.00090024,0.00195157,0.0,0.00011208,0.42331964,0.0,0.57371648,47615,7,0.13708067,0.9996443
174,3,25018893,0.99944858,0.00072657,0.00141008,0.0,0.00012394,0.67083206,0.0,0.32690734,13503,6,0.2135995,0.9996442
174,4,25018894,0.99943871,0.00084622,0.00402255,0.0,0.00020862,0.56257694,0.0,0.43234567,34111,6,0.20798513,0.999822
174,5,25018895,0.99946573,0.00123187,0.00235155,0.0,0.00029715,0.25081676,0.0,0.74530267,61407,7,0.2030126,0.9998221
174,6,25018896,0.99945107,0.00079413,0.00121762,0.0,9.922e-05,0.4542455,0.0,0.54364352,65399,7,0.13771651,0.9997971
174,7,25018897,0.99949936,0.0008892,0.00200365,0.0,0.00015413,0.49450054,0.0,0.50245248,3967,7,0.14701884,0.9997721
174,8,25018898,0.99934441,0.00093065,0.00479139,0.0,0.00018795,0.278778,0.0,0.715312,29175,7,0.19523987,0.9994555
174,9,25018899,0.99942959,0.00101699,0.00247266,0.0,0.00011119,0.52582674,0.0,0.47057241,38687,6,0.14628152,0.9996443
174,10,25018900,0.99938156,0.00101116,0.00177743,0.0,0.00013857,0.54886896,0.0,0.44820387,52055,7,0.12892949,0.9997887
175,1,25018921,0.99910453,0.00201109,0.00116218,0.0,9.159e-05,0.99673436,0.0,7.8e-07,50389,6,0.47319467,2.1321597
175,2,25018922,0.99945793,0.00083381,0.00027718,0.0,4.921e-05,0.99873486,0.0,0.00010494,20269,6,0.4184707,2.1321597
175,3,25018923,0.99805575,0.00414548,0.0049683,0.0,0.00019153,0.99069424,0.0,4.5e-07,48213,6,0.68790537,2.1321847
175,4,25018924,0.96293098,0.03718767,0.00146211,0.0,0.02609719,0.93525276,0.0,2.7e-07,56388,6,0.6106578,2.1317837
175,5,25018925,0.99953828,0.00080518,0.00019938,0.0,3.262e-05,0.43569641,0.0,0.56326641,23300,7,0.56324225,2.1321347
175,6,25018926,0.99546327,0.01533564,0.00146681,0.0,0.00156116,0.74076929,0.0,0.2408671,23309,7,0.24085261,2.1322096
175,7,25018927,0.99946296,0.00098161,0.00020281,0.0,5.809e-05,0.9987233,0.0,3.419e-05,56076,6,0.27227711,2.132193
175,8,25018928,0.99770376,0.0112945,0.00795912,0.0,9.626e-05,0.98038856,0.0,0.00026155,56204,6,0.41286639,2.1319334
175,9,25018929,0.99729582,0.0076494,0.00178724,0.0,0.00033887,0.99022419,0.0,3e-07,17869,6,0.44358339,2.1321597
175,10,25018930,0.99701904,0.01379856,0.00898219,0.0,0.00173532,0.80219505,0.0,0.17328887,19668,6,0.50388329,2.1317336
176,1,25018951,0.99858142,0.00056351,0.0,2.149e-05,1.906e-05,0.99939084,1.63e-06,3.47e-06,36589,6,0.13486454,0.999095
176,2,25018952,0.99860488,0.00044841,0.0,2.136e-05,1.252e-05,0.99951592,1.67e-06,1.2e-07,32425,6,0.22381982,0.999043
176,3,25018953,0.99861504,0.00052088,0.0,2.176e-05,1.38e-05,0.99944185,1.69e-06,2e-08,28983,6,0.31019104,0.999043
176,4,25018954,0.99856747,0.0003013,0.0,2.063e-05,7.31e-06,0.99966909,1.65e-06,2e-08,40793,6,0.2833994,0.9992951
176,5,25018955,0.99847243,0.00049322,0.0,2.093e-05,1.385e-05,0.99947019,1.66e-06,1.5e-07,10375,6,0.1545835,0.9985412
176,6,25018956,0.998585,0.00052553,0.0,2.112e-05,2.113e-05,0.99942989,1.66e-06,6.8e-07,26827,6,0.12588281,0.999245
176,7,25018957,0.99838929,0.0004831,0.0,2.124e-05,1.709e-05,0.9994766,1.71e-06,2.6e-07,23241,6,0.30204499,0.9984915
176,8,25018958,0.99859775,0.00063824,0.0,2.204e-05,2.368e-05,0.99931399,1.71e-06,3.4e-07,8143,6,0.09567035,0.9988908
176,9,25018959,0.99868202,0.00068409,0.0,2.216e-05,2.503e-05,0.99926686,1.71e-06,1.6e-07,13631,6,0.15270537,0.999093
176,10,25018960,0.99829334,0.00036559,0.0,2.102e-05,1e-05,0.99960165,1.7e-06,5e-08,6121,6,0.50868374,0.9986909
177,1,25018981,0.98671654,0.07383123,0.0570381,9e-08,0.02416613,0.84312494,0.00176281,7.671e-05,44581,6,0.38143536,1.8506855
177,2,25018982,0.99946203,0.00069427,0.00026322,5e-08,3.194e-05,0.28612581,1.02e-06,0.7128837,24485,7,0.71263838,1.8508271
177,3,25018983,0.99831841,0.00587651,0.00101914,6e-08,0.00135639,0.00030499,1.06e-06,0.99144186,12173,7,0.55586868,1.8508022
177,4,25018984,0.99652274,0.00685581,0.00084701,4e-08,0.00613198,0.87646335,0.00053028,0.10917154,52013,6,0.77102025,1.8511221
177,5,25018985,0.9896115,0.03018603,0.02800689,1.01e-06,0.01143716,0.92675468,0.00358791,2.632e-05,24460,6,0.37707281,1.8508188
177,6,25018986,0.9912398,0.0285378,0.00226848,0.00194381,0.01176235,0.95278286,0.00269762,7.09e-06,48797,6,0.44489122,1.8509521
177,7,25018987,0.99779116,0.00306353,0.02035232,1e-07,0.00164035,0.5494561,0.00246994,0.42301767,48909,7,0.41072507,1.8511221
177,8,25018988,0.98742122,0.03918863,0.00133767,4e-08,0.00321297,0.95613775,5.13e-06,0.00011781,50845,6,0.28488294,1.8511221
177,9,25018989,0.98930252,0.03281122,0.02525496,1.2e-07,0.02076196,0.92098584,2.277e-05,0.00016314,52133,6,0.61173437,1.8508188
177,10,25018990,0.99950493,0.00077086,0.00088049,7e-08,4.878e-05,0.72247508,1.85e-06,0.27582289,43949,6,0.47426513,1.8509521
178,1,25019011,0.92456963,0.04529179,0.01450288,0.0,0.02442355,0.0,0.03120453,0.88457725,19079,7,0.47464018,0.9992745
178,2,25019012,0.76411407,0.12850242,0.0379542,0.0,0.08149322,0.0,0.15007105,0.60197912,24199,7,0.52533247,0.9992576
178,3,25019013,0.66873878,0.20775419,0.10943662,0.0,0.11293854,0.0,0.14554242,0.42432824,19087,7,0.42432807,0.9993743
178,4,25019014,0.68096642,0.18823851,0.05342493,0.0,0.11178492,0.0,0.16745969,0.47909194,19087,7,0.35078762,0.9993743
178,5,25019015,0.99905345,0.00090349,0.00226418,0.0,9.2e-06,0.0,8.8e-07,0.99682225,24199,7,0.99682191,0.9992576
178,6,25019016,0.99904707,0.00093347,0.0033199,0.0,8.59e-06,0.0,8.3e-07,0.9957372,24199,7,0.99573578,0.9992576
178,7,25019017,0.90868889,0.05408832,0.01500366,0.0,0.03666593,0.0,0.03577234,0.85846976,23183,7,0.28851318,0.9994242
178,8,25019018,0.97350757,0.01485892,0.00804482,0.0,0.00924973,0.0,0.01071746,0.95712907,19087,7,0.80019,0.9993743
178,9,25019019,0.78392007,0.13539873,0.04137596,0.0,0.06625632,0.0,0.10618169,0.6507873,23175,7,0.5280856,0.9993494
178,10,25019020,0.99911236,0.00104607,0.00405093,0.0,9.01e-06,0.0,8.5e-07,0.99489313,24207,7,0.99489264,0.9993325
179,1,25019041,0.99872668,0.00063501,0.0,6.38e-06,6.792e-05,0.56941208,0.0,0.4298786,4087,7,0.14262071,0.9995656
179,2,25019042,0.99905031,0.00065395,0.0,5.95e-06,9.451e-05,0.32412409,0.0,0.67512151,58775,6,0.11281218,0.9991158
179,3,25019043,0.99886696,0.00053693,0.0,6.18e-06,8.159e-05,0.5665722,0.0,0.4328031,21687,6,0.13602803,0.9992062
179,4,25019044,0.99901293,0.00062128,0.0,5.98e-06,7.871e-05,0.62352519,0.0,0.37576884,44351,6,0.16742178,0.9993734
179,5,25019045,0.99876876,0.00053885,0.0,6.16e-06,6.099e-05,0.68481627,0.0,0.31457773,59947,6,0.24928864,0.9986475
179,6,25019046,0.99896405,0.00059213,0.0,6.05e-06,7.802e-05,0.37043287,0.0,0.62889092,35775,7,0.20823251,0.9992314
179,7,25019047,0.99876135,0.00061105,0.0,6.23e-06,7.205e-05,0.60526642,0.0,0.39404426,26187,6,0.13486066,0.9993655
179,8,25019048,0.99861384,0.00052519,0.0,6.25e-06,5.016e-05,0.743625,0.0,0.25579341,26957,6,0.10326947,0.9985974
179,9,25019049,0.99884962,0.00055856,0.0,6.01e-06,6.906e-05,0.52212762,0.0,0.47723875,55167,7,0.14332721,0.9996155
179,10,25019050,0.99899411,0.00063013,0.0,5.97e-06,9.551e-05,0.45218696,0.0,0.54708143,28023,7,0.15652012,0.9995655
180,1,25019071,0.99950829,0.00044231,6.13e-06,0.0,1.939e-05,0.99950235,0.0,2.981e-05,19995,6,0.9991394,2.565092
180,2,25019072,0.99933776,0.00070414,6.456e-05,0.0,3.505e-05,0.42832457,0.0,0.57087168,19971,7,0.335467,2.5645297
180,3,25019073,0.99650644,0.01232798,0.00531945,0.0,0.00014733,0.98219117,0.0,1.407e-05,42627,6,0.79133846,2.5646129
180,4,25019074,0.99868397,0.0044081,0.0025104,0.0,4.098e-05,0.99300369,0.0,3.684e-05,47915,6,0.53866522,2.5651919
180,5,25019075,0.98018629,0.08317111,0.02098829,0.0,1.442e-05,0.89582394,0.0,2.24e-06,8364,6,0.78146544,2.5644797
180,6,25019076,0.99939813,0.00072599,0.00063307,0.0,4.536e-05,0.99858025,0.0,1.533e-05,47627,6,0.59435197,2.5647791
180,7,25019077,0.96352866,0.15166414,0.00858477,0.0,0.00471545,0.82569994,0.0,0.0093357,48939,6,0.29568085,2.5651919
180,8,25019078,0.82980528,0.70282778,0.29715392,0.0,1.393e-05,4.18e-06,0.0,1.8e-07,179,0,0.36194647,1.7104269
180,9,25019079,0.99935943,0.00060741,0.00025706,0.0,3.747e-05,0.91742259,0.0,0.08167546,18979,6,0.65287838,2.5645297
180,10,25019080,0.99941992,0.0006848,0.00010782,0.0,2.215e-05,0.9991106,0.0,7.463e-05,14866,6,0.3924731,2.5645796
181,1,25019101,0.99869138,0.00042821,0.0,7.1e-06,1.147e-05,0.99948791,2.77e-06,6.254e-05,37481,6,0.36040236,0.9989628
181,2,25019102,0.9984047,0.00074767,0.0,9.89e-06,2.173e-05,0.99921587,3.69e-06,1.14e-06,14751,6,0.10803214,0.9995748
181,3,25019103,0.99844117,0.00073567,0.0,8.44e-06,2.488e-05,0.99922501,3.08e-06,2.92e-06,26575,6,0.11190219,0.9991002
181,4,25019104,0.99842071,0.00060582,0.0,8.38e-06,1.933e-05,0.99936351,2.93e-06,2e-08,22233,6,0.12937605,0.9985256
181,5,25019105,0.9985272,0.00034021,0.0,6.33e-06,9.48e-06,0.99964103,2.92e-06,3e-08,38025,6,0.24184288,0.9991747
181,6,25019106,0.99838447,0.00076885,0.0,9.37e-06,2.396e-05,0.99919471,3.01e-06,1e-07,999,6,0.16891679,0.9976903
181,7,25019107,0.99848462,0.00044448,0.0,7.31e-06,1.369e-05,0.90670425,2.94e-06,0.09282733,15257,6,0.18400166,0.9991625
181,8,25019108,0.99846963,0.00061939,0.0,9.09e-06,2.112e-05,0.99934712,3.1e-06,1.9e-07,35737,6,0.2136267,0.9989628
181,9,25019109,0.99862477,0.0005684,0.0,7.46e-06,1.556e-05,0.99940585,2.5e-06,2.3e-07,59485,6,0.24294163,0.9989501
181,10,25019110,0.99848598,0.00029955,0.0,5.97e-06,6e-06,0.99968604,2.41e-06,2e-08,36957,6,0.41658137,0.9987505
182,1,25019131,0.9997486,0.00195413,0.01191946,0.0,0.00042252,0.12898845,0.0,0.85671545,37879,7,0.15993519,0.9998689
182,2,25019132,0.99943924,0.0032516,0.04755675,0.0,0.0019647,0.05267732,0.0,0.89454962,7095,7,0.15077209,0.9998048
182,3,25019133,0.99968159,0.00163008,0.00979728,0.0,0.00130133,0.00020203,0.0,0.98706928,45047,7,0.13245804,0.9999315
182,4,25019134,0.99978793,0.00160924,0.10917428,0.0,0.00030633,0.00884263,0.0,0.88006752,60415,7,0.15930555,0.9999473
182,5,25019135,0.9996105,0.00239222,0.03120662,0.0,0.00032198,0.02056734,0.0,0.94551184,45023,7,0.12528514,0.9999648
182,6,25019136,0.99944372,0.00331676,0.04052822,0.0,0.00162198,0.0863477,0.0,0.86818533,4039,7,0.10485425,0.9997798
182,7,25019137,0.99972434,0.00196325,0.01101285,0.0,0.00029386,0.25866919,0.0,0.72806084,46951,6,0.23685096,0.9997652
182,8,25019138,0.99946035,0.00337753,0.01931808,0.0,0.00062155,0.02749705,0.0,0.94918579,49055,7,0.14225782,0.9999297
182,9,25019139,0.99949517,0.00267622,0.015259,0.0,0.00118367,0.00337332,0.0,0.97750778,60319,7,0.17133986,0.9999472
182,10,25019140,0.99967119,0.00217511,0.00961472,0.0,0.00032418,0.01113736,0.0,0.97674863,61135,7,0.22032953,0.999765
183,1,25019161,0.99782438,0.00183958,0.00120199,0.0,0.00063324,0.00036443,0.00064167,0.99531909,19338,7,0.48621472,1.6593607
183,2,25019162,0.9963372,0.02522394,0.00122029,0.0,0.00044519,0.12265459,3.5e-07,0.85045564,24323,7,0.82821327,1.6596924
183,3,25019163,0.99410277,0.01702003,0.00117689,0.0,0.00464551,0.73461342,0.00132649,0.24121767,53003,6,0.36208016,1.6597923
183,4,25019164,0.99859428,0.00668562,0.00136786,0.0,0.00121299,0.02489152,3.1e-07,0.9658417,19213,7,0.79911564,1.6596924
183,5,25019165,0.99733596,0.0205272,0.00793742,0.0,0.00049051,0.43944775,8.4e-07,0.53159627,19970,7,0.53101875,1.659261
183,6,25019166,0.99581261,0.02464804,0.00264625,0.0,0.00542671,0.06143621,3.8e-07,0.90584241,23042,7,0.51629486,1.6593608
183,7,25019167,0.99880902,0.00279676,0.00107802,0.0,0.00091091,0.99519746,1.04e-06,1.581e-05,55819,6,0.71624034,1.6595605
183,8,25019168,0.99734818,0.00983896,0.00072067,0.0,0.00157986,0.7265181,0.00052165,0.26082076,24107,6,0.24597684,1.6594606
183,9,25019169,0.99788552,0.00451748,0.00183902,0.0,0.00062446,0.61481088,8.8e-07,0.37820729,55812,6,0.61473225,1.6594107
183,10,25019170,0.99746996,0.00601922,0.00243858,0.0,0.00399219,0.22409155,9.498e-05,0.76336349,23050,7,0.44005417,1.6593941
184,1,25019191,0.99864453,0.00059975,0.0,2.059e-05,7.393e-05,0.69015567,0.0,0.30915006,58539,6,0.15351585,0.9992909
184,2,25019192,0.99853168,0.00036976,0.0,2.06e-05,3.124e-05,0.99664519,0.0,0.00293321,22265,6,0.22015489,0.9987827
184,3,25019193,0.9984773,0.00039276,0.0,2.063e-05,4.186e-05,0.79576454,0.0,0.20378021,36585,6,0.3150256,0.9990913
184,4,25019194,0.99857426,0.0004579,0.0,2.053e-05,5.22e-05,0.87643627,0.0,0.12303309,39257,6,0.22559789,0.9992909
184,5,25019195,0.99847148,0.00057912,0.0,2.097e-05,6.886e-05,0.74940173,0.0,0.24992932,37423,6,0.07537625,0.998583
184,6,25019196,0.99851208,0.00056889,0.0,2.086e-05,6.525e-05,0.57604009,0.0,0.42330491,50887,6,0.08472999,0.9976009
184,7,25019197,0.99865136,0.00056277,0.0,2.071e-05,7.158e-05,0.75015744,0.0,0.24918749,5887,6,0.09195704,0.9988828
184,8,25019198,0.99869473,0.00036681,0.0,2.048e-05,1.973e-05,0.93837109,0.0,0.06122189,30073,6,0.2770626,0.9992912
184,9,25019199,0.99862447,0.00046425,0.0,2.05e-05,5.043e-05,0.82987215,0.0,0.16959268,31033,6,0.28641201,0.9990369
184,10,25019200,0.9985906,0.00038344,0.0,2.054e-05,4.278e-05,0.85770816,0.0,0.14184508,23449,6,0.25598289,0.9990369
185,1,25019221,0.97449376,0.12084129,0.01523688,0.0,0.00122037,0.86269218,0.0,9.28e-06,44690,6,0.39349356,2.3567963
185,2,25019222,0.99902683,0.00347828,0.00061949,0.0,0.00015996,0.99572931,0.0,1.296e-05,12162,6,0.25641419,2.3566963
185,3,25019223,0.99944325,0.00079128,4.597e-05,0.0,4.574e-05,0.99911482,0.0,2.19e-06,44693,6,0.56990195,2.356863
185,4,25019224,0.9994068,0.00067353,2.277e-05,0.0,4.793e-05,0.99918124,0.0,7.454e-05,18069,6,0.44139733,2.3571174
185,5,25019225,0.8421086,0.63780688,7.5e-06,0.0,0.36217507,9.6e-06,0.0,9.5e-07,24525,1,0.3612913,1.6788926
185,6,25019226,0.99948787,0.00030714,5.984e-05,0.0,1.061e-05,0.99962223,0.0,1.8e-07,51451,6,0.99957309,2.3569962
185,7,25019227,0.9913774,0.04439337,0.01322772,0.0,0.00013354,0.91928647,0.0,0.02295891,24084,6,0.51164697,2.3571424
185,8,25019228,0.94910097,0.26435196,0.02415376,0.0,0.00063104,0.71085673,0.0,6.51e-06,53132,6,0.233903,2.3568463
185,9,25019229,0.99941535,0.00076084,0.00012744,0.0,6.665e-05,0.92869201,0.0,0.07035305,54938,6,0.36069311,2.3572007
185,10,25019230,0.99941445,0.00094747,0.00045277,0.0,6.279e-05,0.99849952,0.0,3.745e-05,43909,6,0.5838609,2.3568628
186,1,25019251,0.9005109,0.01993851,0.01393007,1e-08,0.01237396,0.8823157,0.07144131,4.4e-07,33103,6,0.18918626,0.9988872
186,2,25019252,0.97020288,0.00752483,0.00437584,1e-08,0.00505315,0.96522859,0.01778493,3.266e-05,23943,6,0.45323809,0.9989121
186,3,25019253,0.95232721,0.02061925,0.00719709,2e-08,0.00994584,0.93900003,0.02323767,1e-07,33099,6,0.38169998,0.998887
186,4,25019254,0.98143153,0.00449989,0.00370376,1e-08,0.00185078,0.97685617,0.01308706,2.32e-06,23495,6,0.33032843,0.9994992
186,5,25019255,0.98457305,0.00641077,0.00644714,2e-08,0.0022459,0.97751303,0.00738242,7.2e-07,19855,6,0.60312982,0.998937
186,6,25019256,0.93531691,0.02371961,0.00600113,1e-08,0.01261654,0.9184837,0.03917883,1.8e-07,37193,6,0.26188975,0.9988871
186,7,25019257,0.96428405,0.01511339,0.0052646,1e-08,0.00393017,0.95464625,0.02104525,3.4e-07,22663,6,0.29512042,0.9991496
186,8,25019258,0.96392668,0.00917975,0.00531244,2e-08,0.00503947,0.47921617,0.02358531,0.47766684,20103,7,0.47766558,0.9985999
186,9,25019259,0.94880406,0.01397601,0.00952075,1e-08,0.00813343,0.93594977,0.03241938,6.5e-07,37455,6,0.34509209,0.9993622
186,10,25019260,0.96313387,0.01121641,0.01144275,1e-08,0.00766423,0.94954955,0.02012684,2e-07,33097,6,0.26830357,0.9988871
187,1,25019281,0.99917725,0.00076484,0.00283737,0.0,9.714e-05,0.43081952,0.0,0.56548114,42335,6,0.12970859,0.9992127
187,2,25019282,0.99894728,0.00117964,0.00269657,0.0,8.577e-05,0.52540396,0.0,0.47063405,7543,7,0.18480997,0.9997046
187,3,25019283,0.99908464,0.00091061,0.01398643,0.0,0.00016567,0.36563692,0.0,0.61930037,4599,6,0.09917238,0.9988722
187,4,25019284,0.99917894,0.00084449,0.00213705,0.0,0.00011318,0.43150822,0.0,0.56539706,11239,6,0.10048247,0.9992743
187,5,25019285,0.99932889,0.00078058,0.00389878,0.0,0.00011023,0.40277915,0.0,0.59243126,38207,6,0.17191668,0.9997296
187,6,25019286,0.99910736,0.00090381,0.00403692,0.0,0.00012306,0.47841294,0.0,0.51652327,54999,6,0.1085915,0.9991642
187,7,25019287,0.9989676,0.00093923,0.00878521,0.0,0.00016378,0.52502815,0.0,0.46508364,6127,6,0.12139683,0.9993595
187,8,25019288,0.99918856,0.00071819,0.00131518,0.0,0.00011344,0.39299948,0.0,0.6048537,62527,6,0.11039118,0.9994594
187,9,25019289,0.99923824,0.00088678,0.00763993,0.0,9.702e-05,0.27337764,0.0,0.71799862,53095,7,0.10842073,0.999426
187,10,25019290,0.99919356,0.00078584,0.00494165,0.0,9.054e-05,0.59397281,0.0,0.40020916,40047,6,0.1744657,0.9993298
188,1,25019311,0.99939565,0.00092857,0.00068147,0.0,5.862e-05,0.80277221,0.0,0.19555913,53125,6,0.48791684,2.4564126
188,2,25019312,0.99514472,0.01526966,0.00125832,0.0,0.00134953,0.77350554,0.0,0.20861694,55842,6,0.42756287,2.456296
188,3,25019313,0.99825961,0.01386871,0.00135506,0.0,0.0006258,0.9841452,0.0,5.23e-06,18308,6,0.43341852,2.456637
188,4,25019314,0.99937828,0.00061562,0.00018378,0.0,4.637e-05,0.80606807,0.0,0.19308617,51747,6,0.54598963,2.4562794
188,5,25019315,0.99907026,0.00335586,0.00066109,0.0,0.00063641,0.99534522,0.0,1.41e-06,22154,6,0.65628168,2.4562794
188,6,25019316,0.99949138,0.00033405,2.267e-05,0.0,1.135e-05,0.99963175,0.0,1.8e-07,17621,6,0.99953047,2.4566869
188,7,25019317,0.99945991,0.00069565,0.00015842,0.0,1.038e-05,0.99913512,0.0,4.3e-07,12067,6,0.64307752,2.4566869
188,8,25019318,0.99148167,0.02490075,0.00088779,0.0,0.0018159,0.74087738,0.0,0.23151819,8932,6,0.63876641,2.4561462
188,9,25019319,0.99947559,0.00041024,1.422e-05,0.0,1.409e-05,0.99956123,0.0,2.1e-07,23644,6,0.82153329,2.4567369
188,10,25019320,0.99908417,0.00184432,0.00104299,0.0,0.00016702,0.57414765,0.0,0.42279802,23053,7,0.38248978,2.4563459
189,1,25019341,0.99843117,0.00048079,0.0,2.245e-05,1.256e-05,0.99948237,1.74e-06,9e-08,29769,6,0.15807226,0.9987848
189,2,25019342,0.99832757,0.00052623,0.0,2.196e-05,1.683e-05,0.99943315,1.72e-06,1.2e-07,32847,6,0.17029559,0.9990922
189,3,25019343,0.9984106,0.00060031,0.0,2.405e-05,1.503e-05,0.99935858,1.8e-06,2.2e-07,65303,6,0.21232914,0.9986311
189,4,25019344,0.99869024,0.00048947,0.0,2.301e-05,1.634e-05,0.99946932,1.8e-06,6e-08,39979,6,0.25138688,0.999092
189,5,25019345,0.99844812,0.00058195,0.0,2.258e-05,2.058e-05,0.99937306,1.75e-06,7e-08,31817,6,0.09705679,0.9982776
189,6,25019346,0.99861921,0.00059668,0.0,2.264e-05,2.403e-05,0.99935471,1.83e-06,1e-07,34799,6,0.12508104,0.9989846
189,7,25019347,0.99853414,0.00067433,0.0,2.445e-05,2.353e-05,0.99927573,1.88e-06,8e-08,7287,6,0.15334678,0.9988596
189,8,25019348,0.99835527,0.00039555,0.0,2.184e-05,8.89e-06,0.99957181,1.75e-06,1.7e-07,40215,6,0.15751829,0.999242
189,9,25019349,0.99839034,0.00055791,0.0,2.156e-05,1.903e-05,0.99939969,1.76e-06,6e-08,39581,6,0.17693835,0.9983308
189,10,25019350,0.99831948,0.00046661,0.0,2.111e-05,1.986e-05,0.99949017,1.73e-06,5.2e-07,35437,6,0.18571142,0.9988379
190,1,25019371,0.99957877,0.00075433,0.00055499,6e-08,3.744e-05,6.62e-06,1.79e-06,0.99864476,12045,7,0.99861431,1.5464565
190,2,25019372,0.98472312,0.03593744,0.04621155,9e-08,0.01618879,0.65993881,0.01980835,0.22191497,15909,6,0.44625435,1.5461724
190,3,25019373,0.97271261,0.04039393,0.07635448,3.03e-06,0.07463204,0.5843941,0.00930066,0.21492178,11813,6,0.46939957,1.5460975
190,4,25019374,0.98946924,0.02978057,0.02679014,1.1e-07,0.02419792,6.95e-06,0.00434755,0.91487675,11821,7,0.47774492,1.5461974
190,5,25019375,0.99421635,0.03761819,0.00084914,4.88e-06,0.01621344,0.00048556,1.296e-05,0.94481583,53165,7,0.5897072,1.5464472
190,6,25019376,0.982182,0.0350418,0.04521226,7e-08,0.0194329,0.02648572,0.0164569,0.85737035,24109,7,0.40955156,1.5462473
190,7,25019377,0.99395885,0.01553269,0.0016695,3.513e-05,0.01098632,1.57e-06,0.00114732,0.97062747,16301,7,0.53652582,1.5463973
190,8,25019378,0.98607339,0.0401783,0.00696229,2.2e-07,0.03431702,0.44218008,0.00176039,0.47460169,53157,7,0.42068505,1.546314
190,9,25019379,0.99057498,0.0294439,0.0426491,7e-08,0.017729,0.20962297,0.00680463,0.69375032,48685,7,0.32967361,1.5463472
190,10,25019380,0.99916357,0.00204272,0.00408827,9e-08,0.00133681,0.20400781,5.175e-05,0.78847256,16261,7,0.78810281,1.5463223
191,1,25019401,0.9995407,0.00200255,0.00099463,0.0,4.867e-05,0.0,5.7e-07,0.99695358,19979,7,0.69793918,1.0064821
191,2,25019402,0.99003129,0.01634795,0.00433863,0.0,0.0047246,0.0,0.00227834,0.97231049,23308,7,0.47833786,1.0066333
191,3,25019403,0.99551582,0.00628644,0.00125031,0.0,0.08689476,0.0,0.00085169,0.90471681,24066,7,0.90465528,1.0064322
191,4,25019404,0.98111332,0.02466665,0.00232863,0.0,0.03304879,0.0,0.00640989,0.93354605,20227,7,0.38752163,1.0065833
191,5,25019405,0.96713135,0.05433826,0.00855373,0.0,0.10768314,0.0,0.00543357,0.8239913,19202,7,0.22844346,1.0065334
191,6,25019406,0.98981299,0.00869845,0.00301385,0.0,0.14483359,0.0,0.00304827,0.84040584,23050,7,0.58520802,1.0064655
191,7,25019407,0.99662944,0.00636639,0.00151637,0.0,0.00064373,0.0,0.00128236,0.99019114,24324,7,0.73518171,1.0066083
191,8,25019408,0.96967206,0.02980295,0.00868497,0.0,0.14754936,0.0,0.0093133,0.80464943,19203,7,0.38671005,1.0065833
191,9,25019409,0.98490511,0.01715414,0.00398733,0.0,0.22562599,0.0,0.00444664,0.7487859,24322,7,0.42067949,1.0066083
191,10,25019410,0.98513134,0.0233286,0.01118642,0.0,0.00975343,0.0,0.00379313,0.95193841,20227,7,0.47327848,1.0065833
192,1,25019431,0.99861465,0.00052055,0.0,1.489e-05,6.508e-05,0.75847635,0.0,0.24092313,48887,6,0.16322646,0.9990531
192,2,25019432,0.99865594,0.00056956,0.0,1.514e-05,6.302e-05,0.78051764,0.0,0.21883464,21465,6,0.15733673,0.9981187
192,3,25019433,0.99869341,0.00049852,0.0,1.492e-05,4.707e-05,0.72032366,0.0,0.27911584,31373,6,0.13388252,0.9991084
192,4,25019434,0.99861389,0.00045845,0.0,1.509e-05,5.694e-05,0.72410443,0.0,0.27536508,62825,6,0.19810351,0.9984181
192,5,25019435,0.99897734,0.00058374,0.0,1.515e-05,8.185e-05,0.65728436,0.0,0.3420349,55703,6,0.11654969,0.9995138
192,6,25019436,0.99846554,0.00031195,0.0,1.518e-05,3.532e-05,0.91919071,0.0,0.08044685,14009,6,0.36162975,0.9986478
192,7,25019437,0.99820324,0.00037475,0.0,1.505e-05,3.031e-05,0.84953292,0.0,0.15004697,33437,6,0.57537896,0.998448
192,8,25019438,0.99903752,0.00060919,0.0,1.495e-05,7.306e-05,0.35555619,0.0,0.64374661,8063,7,0.26094761,0.9995389
192,9,25019439,0.99879903,0.00060857,0.0,1.489e-05,7.054e-05,0.55533889,0.0,0.44396712,28503,7,0.1105018,0.9994888
192,10,25019440,0.99885488,0.00054471,0.0,1.492e-05,5.871e-05,0.6549907,0.0,0.34439096,51071,7,0.33954597,0.9995388
193,1,25019461,0.97683605,0.32967613,0.67028851,0.0,3.107e-05,4.12e-06,0.0,1.8e-07,8930,4,0.67024767,2.6615893
193,2,25019462,0.97981126,0.28465503,0.71533261,0.0,7.81e-06,4.33e-06,0.0,2.3e-07,47203,4,0.71530545,2.6617642
193,3,25019463,0.99934753,0.00066881,4.403e-05,0.0,2.244e-05,0.00053388,0.0,0.99873084,19331,7,0.99862999,2.6617889
193,4,25019464,0.99153395,0.1176953,0.15969247,0.0,1.116e-05,0.72260061,0.0,4.6e-07,16132,6,0.55625094,2.6621961
193,5,25019465,0.97544485,0.35235486,0.39478763,0.0,9.511e-05,0.25276215,0.0,2.5e-07,8892,6,0.25275595,2.6621212
193,6,25019466,0.9836724,0.22818418,0.76401348,0.0,3.173e-05,0.0077704,0.0,2.1e-07,47211,4,0.59580065,2.6618889
193,7,25019467,0.9916515,0.11377285,0.36049305,0.0,3.728e-05,0.52568424,0.0,1.258e-05,47650,6,0.38201795,2.6617392
193,8,25019468,0.99708557,0.03520737,0.13971014,0.0,0.00010243,0.82496801,0.0,1.206e-05,48661,6,0.39132107,2.6622461
193,9,25019469,0.98027031,0.27808551,0.72139194,0.0,0.00051808,4.28e-06,0.0,1.9e-07,8866,4,0.55469037,2.6615895
193,10,25019470,0.97179613,0.40243416,0.59753869,0.0,2.305e-05,3.94e-06,0.0,1.5e-07,8354,4,0.59748627,2.6615894
194,1,25019491,0.90898732,0.00176338,0.00272146,0.25506617,0.00088044,0.7374583,0.00210973,5.2e-07,24843,6,0.47650455,0.9989976
194,2,25019492,0.98068874,0.00349155,0.00276233,0.00718652,0.00020553,0.97794637,0.00840769,2e-08,39065,6,0.15858181,0.9988479
194,3,25019493,0.98490511,0.00164455,0.0031869,0.00561056,0.00038198,0.6564138,0.00692208,0.32584013,23175,7,0.32583998,0.9984971
194,4,25019494,0.99609654,0.00031663,0.00085933,0.00500757,3.75e-06,0.99380979,2.92e-06,1e-08,32847,6,0.47478759,0.9992237
194,5,25019495,0.95077856,0.01294128,0.00452492,0.03987673,0.00889422,0.9247345,0.00902799,3.6e-07,59433,6,0.11937618,0.9992355
194,6,25019496,0.93226025,0.00257074,0.00392096,0.12431083,0.00017271,0.8670667,0.00195803,2e-08,5593,6,0.3900066,0.9975218
194,7,25019497,0.94892308,0.00393227,0.00438051,0.02436696,0.00012917,0.93333862,0.03384884,3.63e-06,39307,6,0.18034548,0.9988475
194,8,25019498,0.9980777,0.00187661,0.00225695,2.58e-06,0.0001716,0.99568876,3.48e-06,2e-08,33177,6,0.47724414,0.9992236
194,9,25019499,0.99017069,0.00215845,0.00198499,0.00510873,1.579e-05,0.98830518,0.00242561,1.25e-06,32911,6,0.5037554,0.9992236
194,10,25019500,0.98907509,0.00097573,0.00266759,2.21e-06,0.00053779,0.98785611,0.00796056,2e-08,6041,6,0.39993191,0.9975218
195,1,25019521,0.99958159,0.00112246,0.00678422,0.0,0.00020928,0.15687418,0.0,0.83500986,24439,7,0.25573272,0.9998483
195,2,25019522,0.99934971,0.00161224,0.02064189,0.0,0.00034797,0.38189617,0.0,0.59550174,51071,7,0.21634356,0.9998732
195,3,25019523,0.9993788,0.00150413,0.00229753,0.0,0.00039656,0.55955817,0.0,0.43624361,17879,6,0.26824382,0.9995066
195,4,25019524,0.99964046,0.00102987,0.02865236,0.0,0.00014154,0.25747368,0.0,0.71270256,36735,7,0.52593799,0.9998732
195,5,25019525,0.99933505,0.00156844,0.03664469,0.0,0.00026433,0.41014772,0.0,0.55137481,51095,6,0.154199,0.9995444
195,6,25019526,0.99946996,0.00112941,0.02058181,0.0,0.00012556,0.4307288,0.0,0.54743442,40575,7,0.14296006,0.9997466
195,7,25019527,0.99944985,0.00116437,0.00563271,0.0,0.00014744,0.16220631,0.0,0.83084917,3679,7,0.16185107,0.9993703
195,8,25019528,0.9995519,0.00117479,0.01443695,0.0,0.00014869,0.1929326,0.0,0.79130697,62239,7,0.12581756,0.9998099
195,9,25019529,0.99925325,0.00160943,0.03428184,0.0,0.00089623,0.45727133,0.0,0.50594117,51159,6,0.12384704,0.9998399
195,10,25019530,0.99944831,0.00148313,0.01637897,0.0,0.00020141,0.22764762,0.0,0.75428887,50615,6,0.10778138,0.9998399
196,1,25019551,0.99574056,0.01032427,0.00190404,0.0,0.00314647,0.75320977,0.0,0.23141545,55852,6,0.3312678,2.0908426
196,2,25019552,0.99779916,0.00374466,0.00093503,0.0,0.0015398,0.32229764,0.0,0.67148288,23298,7,0.32221425,2.0911354
196,3,25019553,0.98840149,0.04109958,0.00482114,0.0,0.00353643,0.65402648,0.0,0.29651637,56877,6,0.40854926,2.0909423
196,4,25019554,0.9994296,0.00060788,0.00050017,0.0,2.51e-05,0.00083004,0.0,0.99803681,20363,7,0.99799858,2.0908925
196,5,25019555,0.9923463,0.02477245,0.01871878,0.0,0.00656452,0.20284775,0.0,0.7470965,23050,7,0.74704915,2.0907759
196,6,25019556,0.9887513,0.01901582,0.00253278,0.0,0.00803026,0.41579515,0.0,0.55462599,23051,7,0.3711959,2.0908425
196,7,25019557,0.99111552,0.01915354,0.00271615,0.0,0.00556375,0.87317575,0.0,0.09939081,53027,6,0.42715474,2.0911604
196,8,25019558,0.99826599,0.0085886,0.00065748,0.0,0.00085504,0.98988909,0.0,9.79e-06,56098,6,0.26834761,2.0911605
196,9,25019559,0.98459701,0.00661228,0.00608252,0.0,0.01412285,0.4621356,0.0,0.51104676,23042,7,0.19913663,2.0907426
196,10,25019560,0.99729842,0.01111543,0.00074844,0.0,0.00018202,0.08676517,0.0,0.90118894,19202,7,0.48974794,2.0910605
197,1,25019581,0.99835737,0.0004436,0.0,2.243e-05,1.399e-05,0.999518,1.61e-06,3.7e-07,39223,6,0.28193556,0.9989834
197,2,25019582,0.9983815,0.00032111,0.0,2.215e-05,1.223e-05,0.99964285,1.62e-06,5e-08,56281,6,0.36989886,0.9992555
197,3,25019583,0.99879296,0.00058137,0.0,2.248e-05,1.7e-05,0.99937655,1.64e-06,9.7e-07,5559,6,0.18579145,0.9993305
197,4,25019584,0.99835504,0.00050861,0.0,2.27e-05,1.81e-05,0.99944892,1.64e-06,4e-08,60715,6,0.19261671,0.9987113
197,5,25019585,0.99841162,0.00052912,0.0,2.241e-05,1.857e-05,0.99942698,1.6e-06,1.32e-06,9975,6,0.22419786,0.9988614
197,6,25019586,0.99825101,0.0004293,0.0,2.203e-05,1.644e-05,0.9995303,1.64e-06,2.9e-07,37391,6,0.16704092,0.9987837
197,7,25019587,0.99843491,0.00047392,0.0,2.26e-05,1.274e-05,0.99948907,1.63e-06,5e-08,37391,6,0.13811194,0.9987837
197,8,25019588,0.99857212,0.00051544,0.0,2.269e-05,2.011e-05,0.99944008,1.63e-06,5e-08,32185,6,0.20187478,0.9992556
197,9,25019589,0.99848441,0.00045398,0.0,2.214e-05,1.139e-05,0.99951089,1.58e-06,1e-08,61519,6,0.28090128,0.9992555
197,10,25019590,0.9984065,0.0004896,0.0,2.234e-05,1.784e-05,0.99946843,1.58e-06,2.1e-07,52969,6,0.160631,0.9983126
198,1,25019611,0.99843405,0.00112883,0.00045387,0.0,0.00194325,0.99647386,0.0,1.9e-07,50627,6,0.54409466,2.1853611
198,2,25019612,0.99778971,0.00059494,0.00148532,0.0,0.00385563,0.99406344,0.0,6.7e-07,23291,6,0.86239364,2.1851742
198,3,25019613,0.99948603,0.00079361,0.00039525,0.0,7.566e-05,0.94957179,0.0,0.04916369,15116,6,0.56636569,2.185361
198,4,25019614,0.99041679,0.03242314,0.00100849,0.0,0.01213107,0.95438092,0.0,5.638e-05,44836,6,0.71432136,2.1853277
198,5,25019615,0.99448072,0.01333511,0.00021178,0.0,0.00737708,0.64258104,0.0,0.33649499,53154,6,0.24757043,2.1850243
198,6,25019616,0.99447974,0.03088005,0.00615565,0.0,0.00274599,0.96016295,0.0,5.535e-05,53004,6,0.27062603,2.1853611
198,7,25019617,0.99860638,0.00439341,0.00010718,0.0,0.00312901,0.99236796,0.0,2.44e-06,48349,6,0.50766028,2.1852242
198,8,25019618,0.99387134,0.01588887,0.01660668,0.0,0.00849003,0.74601963,0.0,0.21299479,51973,6,0.61745289,2.185361
198,9,25019619,0.99947692,0.00078323,3.621e-05,0.0,6.801e-05,0.99911219,0.0,3.6e-07,54932,6,0.99891819,2.1853611
198,10,25019620,0.99180689,0.01212499,0.00312044,0.0,0.01604801,0.68479581,0.0,0.28391075,16261,7,0.23083341,2.1850993
199,1,25019641,0.97689284,0.01239151,0.00707538,0.0,0.00743076,0.00599854,0.00872289,0.95838092,23175,7,0.51336978,0.9991723
199,2,25019642,0.92580218,0.03679797,0.01112353,0.0,0.01678707,0.11412627,0.03495218,0.78621297,23183,7,0.78621264,0.9992472
199,3,25019643,0.84714717,0.07773773,0.02015846,0.0,0.04736403,0.78861153,0.06612805,2e-07,18823,6,0.3291867,0.9990974
199,4,25019644,0.80989899,0.09706484,0.01917756,0.0,0.0481894,0.52569803,0.08758867,0.22228149,18575,6,0.18862418,0.9993481
199,5,25019645,0.95637723,0.01613166,0.0047842,0.0,0.00773364,0.04820571,0.02869375,0.89445104,20103,7,0.51274458,0.9989467
199,6,25019646,0.84413347,0.09220949,0.01451393,0.0,0.05042724,0.45038206,0.05622061,0.33624668,24207,7,0.3233464,0.9990964
199,7,25019647,0.95058006,0.02094669,0.01166097,0.0,0.01136407,0.02911972,0.02681896,0.90008959,20111,7,0.70078896,0.9990465
199,8,25019648,0.98369244,0.00820216,0.0052213,0.0,0.00269712,0.05850228,0.00862842,0.91674872,20111,7,0.91674631,0.9990465
199,9,25019649,0.88188428,0.06186083,0.01546177,0.0,0.02784161,0.41572775,0.05345518,0.42565286,20111,7,0.42565155,0.9990465
199,10,25019650,0.968338,0.01668419,0.00582377,0.0,0.00799552,0.00108575,0.01188313,0.95652765,20103,7,0.78557594,0.9989467
200,1,25019671,0.9990329,0.0003336,0.0,9.5e-07,2.485e-05,0.97446209,0.0,0.0251785,15801,6,0.4609504,0.9994358
200,2,25019672,0.99904909,0.00064809,0.0,9.8e-07,7.812e-05,0.51314338,0.0,0.48612943,30943,6,0.12510731,0.999072
200,3,25019673,0.99903475,0.0006604,0.0,9.3e-07,7.52e-05,0.59123668,0.0,0.40802679,64799,6,0.17330718,0.9996357
200,4,25019674,0.998766,0.00036201,0.0,1.15e-06,1.771e-05,0.99959374,0.0,2.539e-05,29593,6,0.26083308,0.9992538
200,5,25019675,0.99893136,0.00059068,0.0,9.8e-07,8.052e-05,0.7015533,0.0,0.29777452,37097,6,0.17338948,0.9981452
200,6,25019676,0.99890997,0.00060541,0.0,9.7e-07,7.87e-05,0.68531774,0.0,0.31399717,27895,6,0.09725285,0.999122
200,7,25019677,0.99863638,0.00039552,0.0,9.7e-07,4.079e-05,0.96730832,0.0,0.0322544,62521,6,0.24048285,0.9990721
200,8,25019678,0.99890059,0.00063155,0.0,1.01e-06,8.28e-05,0.45386963,0.0,0.54541501,46967,7,0.28976188,0.9995554
200,9,25019679,0.99874987,0.00057333,0.0,1.03e-06,5.875e-05,0.68081926,0.0,0.31854764,35951,6,0.13547416,0.9992358
200,10,25019680,0.9988724,0.00056442,0.0,1.02e-06,4.046e-05,0.92057337,0.0,0.07882073,25899,6,0.16345767,0.9990219
201,1,25019701,0.99862073,0.00498147,0.00075591,0.0,1.723e-05,0.99424507,0.0,3.2e-07,54933,6,0.43078788,2.7130071
201,2,25019702,0.99842492,0.01398582,0.00719789,0.0,0.00017341,0.94330788,0.0,0.03533501,42634,6,0.53688087,2.71249
201,3,25019703,0.99949621,0.00043121,5.2e-06,0.0,3.373e-05,0.99952617,0.0,3.69e-06,50835,6,0.99890263,2.7129821
201,4,25019704,0.98561342,0.0522773,0.00052515,0.0,5.363e-05,0.94711085,0.0,3.308e-05,11932,6,0.37477958,2.71244
201,5,25019705,0.99934665,0.00062367,0.00017672,0.0,3.547e-05,0.99915728,0.0,6.86e-06,43531,6,0.7033416,2.7126396
201,6,25019706,0.9991009,0.0016912,0.00063507,0.0,8.833e-05,0.73682348,0.0,0.26076192,24099,6,0.24484764,2.7124649
201,7,25019707,0.96820709,0.14944552,0.00137509,0.0,0.0119432,0.83717484,0.0,6.134e-05,8933,6,0.49343911,2.71239
201,8,25019708,0.99658617,0.00936217,0.00105343,0.0,0.00032018,0.98926156,0.0,2.66e-06,22157,6,0.80296839,2.7125399
201,9,25019709,0.99941593,0.00033867,3.82e-06,0.0,1.396e-05,0.99964332,0.0,2.3e-07,19786,6,0.64054679,2.7128822
201,10,25019710,0.99934416,0.00060297,0.00019844,0.0,1.783e-05,0.99918019,0.0,5.7e-07,9861,6,0.61120417,2.7123902
202,1,25019731,0.9984647,0.0005488,0.0,1.82e-05,1.338e-05,0.99941744,2.03e-06,1.5e-07,35337,6,0.12321799,0.9978896
202,2,25019732,0.99869105,0.0003178,0.0,1.593e-05,1.542e-05,0.99964767,1.99e-06,1.19e-06,37071,6,0.35506506,0.9991107
202,3,25019733,0.99832667,0.00054919,0.0,1.91e-05,1.559e-05,0.99941382,2.03e-06,2.7e-07,20799,6,0.15654744,0.9982339
202,4,25019734,0.99841141,0.00056655,0.0,1.86e-05,2.041e-05,0.99933984,2.18e-06,5.243e-05,64525,6,0.11532132,0.9993107
202,5,25019735,0.9982481,0.00058623,0.0,2.254e-05,1.862e-05,0.99936995,2.44e-06,2.2e-07,21977,6,0.16229839,0.9973571
202,6,25019736,0.99844281,0.00051761,0.0,1.772e-05,1.443e-05,0.99944805,2.16e-06,2e-08,59705,6,0.21458674,0.9988665
202,7,25019737,0.9985503,0.00054037,0.0,1.998e-05,1.626e-05,0.99941548,2.25e-06,5.67e-06,22975,6,0.19159531,0.9992662
202,8,25019738,0.99842595,0.00025408,0.0,1.471e-05,3.06e-06,0.9997262,1.94e-06,1e-08,34089,6,0.37225671,0.9986224
202,9,25019739,0.99846778,0.00068137,0.0,2.054e-05,2.578e-05,0.99926983,2.35e-06,1.3e-07,59135,6,0.16123857,0.9990219
202,10,25019740,0.99845633,0.00050025,0.0,1.926e-05,1.993e-05,0.99945804,2.21e-06,3.2e-07,32815,6,0.13040538,0.9988665
203,1,25019761,0.99961167,0.00106141,0.0002602,4e-07,0.00012177,0.0,8.93e-06,0.99854728,16293,7,0.59355493,1.1500756
203,2,25019762,0.99094893,0.01467652,0.00408048,7e-07,0.04012665,0.0,0.02652619,0.91458947,44837,7,0.28804006,1.1501306
203,3,25019763,0.99947558,0.00151329,0.00069474,4.3e-07,9.069e-05,0.0,1.047e-05,0.99769037,20389,7,0.99766161,1.1500007
203,4,25019764,0.98934661,0.01223695,0.00088989,6.1e-07,0.07187103,0.0,0.02645349,0.88854803,53157,7,0.80961932,1.1500673
203,5,25019765,0.98946943,0.01231345,0.0046428,0.00220234,0.02328826,0.0,0.05004849,0.90750465,44813,7,0.53877117,1.1502305
203,6,25019766,0.99963182,0.00107672,0.00053123,5.1e-07,0.00011486,0.0,8.84e-06,0.99826783,49061,7,0.84502864,1.1501006
203,7,25019767,0.99355602,0.00576202,0.00234161,6e-07,0.02295338,0.0,0.02881862,0.94012376,20397,7,0.58749674,1.1500507
203,8,25019768,0.98508335,0.02289107,0.00156951,1.66e-06,0.0423489,0.0,0.07443282,0.85875603,44589,7,0.38943377,1.1501005
203,9,25019769,0.9963338,0.01098817,0.0031142,0.00014946,0.02171076,0.0,0.01031012,0.95372729,48933,7,0.76712235,1.1501556
203,10,25019770,0.99111468,0.0163789,0.00258345,4.11e-06,0.02317972,0.0,0.0398517,0.91800212,48653,7,0.44329387,1.1501006
204,1,25019791,0.99938172,0.00091266,0.00029939,0.0,3.827e-05,5.946e-05,4.3e-07,0.9986898,18948,7,0.72552274,1.4987127
204,2,25019792,0.99946739,0.00116635,0.00087783,0.0,2.598e-05,0.28502781,4.3e-07,0.71290161,19205,7,0.71274617,1.4990621
204,3,25019793,0.99935248,0.00085219,0.00032561,0.0,6.8e-05,0.99873475,2.08e-06,1.737e-05,20003,6,0.4359709,1.4987626
204,4,25019794,0.99908059,0.00202181,0.00065663,0.0,0.00021223,0.41692268,4.3e-07,0.58018622,23309,7,0.58016618,1.4991621
204,5,25019795,0.99733591,0.01310972,0.00078174,0.0,0.00541928,0.96270375,7.2e-07,0.01798478,19237,6,0.39219619,1.4990621
204,6,25019796,0.99826876,0.00201848,0.00153007,0.0,0.00043223,0.35621318,0.00041921,0.63938683,23044,7,0.60889797,1.4988126
204,7,25019797,0.99110972,0.01924019,0.00345735,0.0,0.00610624,0.38552949,0.00160024,0.5840665,56075,6,0.17382372,1.499212
204,8,25019798,0.99237621,0.0357329,0.0011993,0.0,0.01319955,0.51077993,8.5e-07,0.43908748,19242,6,0.42175432,1.4990122
204,9,25019799,0.99836593,0.00554085,0.00105289,0.0,0.00281219,0.99056366,1.141e-05,1.9e-05,24356,6,0.80653999,1.4990871
204,10,25019800,0.99915215,0.00128231,0.00061049,0.0,0.00042008,0.99762651,4.2e-07,6.019e-05,23074,6,0.62774587,1.4988126
205,1,25019821,0.99870282,0.0005939,0.0,1.932e-05,7.311e-05,0.45127018,0.0,0.5480435,19927,7,0.15370433,0.9988961
205,2,25019822,0.99874142,0.00032828,0.0,1.907e-05,3.62e-05,0.95725814,0.0,0.0423583,56761,6,0.24403354,0.9992729
205,3,25019823,0.99847419,0.00058859,0.0,1.916e-05,7.034e-05,0.55087164,0.0,0.44845026,63327,7,0.18389252,0.9994728
205,4,25019824,0.99831152,0.00051009,0.0,1.93e-05,5.781e-05,0.78072802,0.0,0.21868477,48871,6,0.15347082,0.9986218
205,5,25019825,0.99840653,0.00042636,0.0,1.935e-05,4.095e-05,0.92967736,0.0,0.06983598,31117,6,0.19060696,0.9987461
205,6,25019826,0.99874776,0.00059457,0.0,1.896e-05,7.16e-05,0.64213841,0.0,0.35717646,52639,6,0.13587096,0.9994727
205,7,25019827,0.99862629,0.00047858,0.0,1.935e-05,5.552e-05,0.71049325,0.0,0.28895329,48025,6,0.19337202,0.9990095
205,8,25019828,0.99861448,0.00054781,0.0,1.904e-05,7.598e-05,0.63592687,0.0,0.3634303,47999,7,0.12750534,0.9992094
205,9,25019829,0.99809686,0.00038004,0.0,1.902e-05,3.709e-05,0.77154706,0.0,0.22801679,60377,6,0.2545839,0.9990731
205,10,25019830,0.9986846,0.0005184,0.0,1.909e-05,4.491e-05,0.71755013,0.0,0.28186748,57355,6,0.16905204,0.9992729
206,1,25019851,0.99946113,0.00034021,0.00035572,0.0,8.29e-06,0.99929561,0.0,1.8e-07,55547,6,0.99925855,2.6532053
206,2,25019852,0.99952946,0.00035827,0.00013835,0.0,8.26e-06,0.99949495,0.0,1.6e-07,53499,6,0.57146211,2.6535355
206,3,25019853,0.92026293,0.659673,0.34029521,0.0,2.552e-05,6.05e-06,0.0,2.1e-07,24763,0,0.44694173,2.1025642
206,4,25019854,0.99945868,0.00034214,0.00057994,0.0,8.06e-06,0.99906969,0.0,1.7e-07,51451,6,0.99906176,2.6532053
206,5,25019855,0.9743538,0.2021374,0.16957098,0.0,0.00660961,0.52706291,0.0,0.09461909,51963,6,0.3090439,2.6532052
206,6,25019856,0.99946095,0.00065718,2.971e-05,0.0,3.601e-05,0.99922117,0.0,5.594e-05,14251,6,0.3908911,2.6531553
206,7,25019857,0.99936748,0.00066184,5.366e-05,0.0,3.518e-05,0.99906504,0.0,0.00018428,42914,6,0.58328188,2.6530053
206,8,25019858,0.95419921,0.3600054,0.21951632,0.0,0.00589074,0.41458733,0.0,2.1e-07,53499,6,0.41457833,2.6535355
206,9,25019859,0.93082863,0.57335462,0.4266214,0.0,1.772e-05,6.07e-06,0.0,1.9e-07,61627,0,0.57253537,2.1026142
206,10,25019860,0.99068374,0.07995705,0.05701533,0.0,4.787e-05,0.86297462,0.0,5.13e-06,16021,6,0.63043948,2.6530803
207,1,25019881,0.94387157,0.01068644,0.01541817,0.00361673,0.00253267,0.92583395,0.04190879,3.25e-06,18247,6,0.20876631,0.9988057
207,2,25019882,0.9438007,0.0050931,0.01345696,0.00360164,0.00292822,0.92924591,0.04567407,9e-08,37165,6,0.18782045,0.9988322
207,3,25019883,0.94542878,0.00481087,0.02322385,0.03378101,0.00242005,0.90537299,0.03039064,5.9e-07,32877,6,0.38026053,0.9989856
207,4,25019884,0.96986022,0.00567565,0.00541223,0.02752562,0.00025171,0.95149038,0.00964436,4e-08,12569,6,0.58726098,0.9970707
207,5,25019885,0.8900403,0.02331321,0.0136734,0.10603827,0.00586631,0.80600241,0.04510189,4.51e-06,33071,6,0.18096183,0.9988324
207,6,25019886,0.79154122,0.02059274,0.03174466,0.21567072,0.00476996,0.62127482,0.07761395,0.02833316,23239,6,0.19369706,0.9990109
207,7,25019887,0.96677171,0.00350628,0.01060836,0.04644361,0.00321639,0.93252301,0.00370233,2e-08,34831,6,0.59090274,0.9992926
207,8,25019888,0.94889956,0.00769221,0.01563273,0.0027782,0.0018296,0.68257926,0.03976819,0.2497198,23183,7,0.24971891,0.9987788
207,9,25019889,0.97726462,0.00829862,0.00352546,4e-07,0.00165694,0.97118074,0.01533696,8.8e-07,8009,6,0.43180673,0.9990856
207,10,25019890,0.92354561,0.01956603,0.01692054,0.00018584,0.00475397,0.90293331,0.05563949,8.2e-07,33039,6,0.31519817,0.9989858
208,1,25019911,0.99930984,0.00090854,0.00219917,0.0,0.0001482,0.53940001,0.0,0.45734407,23551,7,0.16919675,0.9996592
208,2,25019912,0.99923564,0.00104802,0.00217432,0.0,0.00013263,0.5416016,0.0,0.45504342,34111,6,0.17761318,0.9997727
208,3,25019913,0.99928609,0.00080727,0.00361407,0.0,0.00011302,0.40976741,0.0,0.58569823,26495,7,0.17629863,0.9997228
208,4,25019914,0.99925752,0.0007786,0.00398572,0.0,0.00010734,0.34993195,0.0,0.64519639,2847,7,0.11971787,0.998806
208,5,25019915,0.99921165,0.00091462,0.00189413,0.0,0.00010963,0.38040772,0.0,0.6166739,11103,7,0.10697784,0.9997227
208,6,25019916,0.99927718,0.00087368,0.00180926,0.0,0.00018278,0.27623261,0.0,0.72090168,60991,7,0.14477286,0.9994321
208,7,25019917,0.99933218,0.00076329,0.00126555,0.0,0.00010008,0.5531303,0.0,0.44474078,21951,6,0.16606971,0.9997727
208,8,25019918,0.9991956,0.00112884,0.00280346,0.0,0.00012925,0.22494621,0.0,0.77099224,34815,7,0.11880542,0.9997728
208,9,25019919,0.99931941,0.00080691,0.00145274,0.0,0.00010017,0.38455726,0.0,0.61308292,16231,7,0.11484308,0.9995207
208,10,25019920,0.99936671,0.00086893,0.00368499,0.0,0.00016513,0.22017459,0.0,0.77510636,39871,7,0.12586966,0.9995457
209,1,25019941,0.99933658,0.00041431,0.00011523,0.0,1.947e-05,0.99945077,0.0,2.2e-07,23764,6,0.99937144,2.4866262
209,2,25019942,0.99941444,0.00097023,0.00028632,0.0,4.893e-05,0.99859415,0.0,0.00010037,23332,6,0.58303601,2.4869733
209,3,25019943,0.99946672,0.00078503,0.00068568,0.0,4.388e-05,0.99848356,0.0,1.86e-06,15106,6,0.50269211,2.4869732
209,4,25019944,0.99950243,0.00033599,1.346e-05,0.0,1.299e-05,0.99963729,0.0,2.8e-07,23874,6,0.99951607,2.4869733
209,5,25019945,0.99942068,0.00092507,0.00045975,0.0,4.096e-05,0.59923415,0.0,0.39934007,57093,6,0.5986231,2.4870232
209,6,25019946,0.99946731,0.00048542,5.593e-05,0.0,3.419e-05,0.99942423,0.0,2.4e-07,50396,6,0.62784875,2.4869982
209,7,25019947,0.99258398,0.03380528,0.00224915,0.0,0.00480286,0.959138,0.0,4.71e-06,11780,6,0.49429312,2.4864016
209,8,25019948,0.99944964,0.00047766,8.9e-05,0.0,3.057e-05,0.9994024,0.0,3.7e-07,54724,6,0.62872244,2.4869982
209,9,25019949,0.99585436,0.03435909,0.00288183,0.0,0.00378723,0.958926,0.0,4.586e-05,56066,6,0.27743413,2.4869982
209,10,25019950,0.99809581,0.01745424,0.00046032,0.0,6.063e-05,0.97917102,0.0,0.00285379,51723,6,0.60016216,2.486701
210,1,25019971,0.99818597,0.00054342,0.0,2.116e-05,1.825e-05,0.99941312,1.7e-06,2.35e-06,29943,6,0.2270307,0.9988048
210,2,25019972,0.99867115,0.00062808,0.0,2.176e-05,2.308e-05,0.99932527,1.68e-06,1.4e-07,52671,6,0.17650019,0.9994396
210,3,25019973,0.99858626,0.00036296,0.0,2.067e-05,1.207e-05,0.99960265,1.61e-06,4e-08,15193,6,0.34310843,0.9992395
210,4,25019974,0.99826074,0.00043237,0.0,2.097e-05,1.183e-05,0.99953317,1.62e-06,3e-08,15231,6,0.1611952,0.9991596
210,5,25019975,0.9985015,0.00055226,0.0,2.13e-05,1.772e-05,0.99940655,1.7e-06,4.6e-07,20407,6,0.09681724,0.9991097
210,6,25019976,0.99866467,0.00040752,0.0,2.098e-05,1.12e-05,0.9995582,1.65e-06,4.4e-07,44889,6,0.22922104,0.9990396
210,7,25019977,0.99837142,0.0004372,0.0,2.101e-05,1.172e-05,0.9995284,1.64e-06,2e-08,39801,6,0.16682505,0.9989597
210,8,25019978,0.99856524,0.00064048,0.0,2.153e-05,2.055e-05,0.9993156,1.68e-06,1.7e-07,36111,6,0.09609193,0.9984801
210,9,25019979,0.99855034,0.00025195,0.0,1.998e-05,4.14e-06,0.9997223,1.61e-06,2e-08,37993,6,0.37658649,0.9990398
210,10,25019980,0.99816793,0.00060673,0.0,2.097e-05,2.833e-05,0.99934162,1.7e-06,6.5e-07,63915,6,0.17350605,0.9983998
211,1,25020001,0.98943767,0.01812099,0.00636294,0.0,0.00392704,0.88231497,0.01226591,0.07700815,10125,6,0.30465256,1.9037354
211,2,25020002,0.99522533,0.00872861,0.00639163,0.0,0.00594864,0.9776932,0.00083304,0.00040487,47917,6,0.40492838,1.9038354
211,3,25020003,0.99533408,0.00659125,0.00069485,0.0,0.00813843,0.931101,7.24e-05,0.05340207,55213,6,0.50408428,1.9036549
211,4,25020004,0.99848836,0.00311871,0.0005429,0.0,0.00108433,0.99524949,1.09e-06,3.48e-06,54933,6,0.53677746,1.9037604
211,5,25020005,0.99175565,0.01642892,0.00698678,0.0,0.00556781,0.18859467,0.00525447,0.77716735,53005,7,0.46185894,1.9038354
211,6,25020006,0.99500842,0.01792263,0.003266,0.0,0.00191914,0.97350932,0.0033311,5.181e-05,48669,6,0.53142466,1.9038354
211,7,25020007,0.99510032,0.01106535,0.00194131,0.0,0.00493626,0.32288464,0.00194316,0.65722928,24109,7,0.40012879,1.9034549
211,8,25020008,0.99952998,0.0010426,0.00041076,0.0,4.17e-05,0.50957353,1.12e-06,0.48893027,20269,7,0.48872938,1.9037354
211,9,25020009,0.99947804,0.00060451,8.546e-05,0.0,3.006e-05,0.99920392,1.61e-06,7.443e-05,22165,6,0.80575183,1.9037354
211,10,25020010,0.99875963,0.00277153,0.00096552,0.0,8.732e-05,0.9961149,4.62e-06,5.61e-05,51084,6,0.41108483,1.9037354
212,1,25020031,0.99930365,0.00063243,0.00181356,0.0,1.139e-05,0.0,9.2e-07,0.99754169,23175,7,0.99754146,0.99947
212,2,25020032,0.95397067,0.03427366,0.00515727,0.0,0.01902127,0.0,0.02061047,0.92093733,19079,7,0.58129864,0.9993951
212,3,25020033,0.85215917,0.10873108,0.01297018,0.0,0.09877321,0.0,0.09895879,0.68056674,20103,7,0.6805661,0.9993435
212,4,25020034,0.68131801,0.21841685,0.02482151,0.0,0.13657681,0.0,0.18635834,0.4338265,20111,7,0.43382635,0.9994433
212,5,25020035,0.99913307,0.00118317,0.00264809,0.0,1.598e-05,0.0,8.7e-07,0.99615188,20103,7,0.99615032,0.9993435
212,6,25020036,0.95517246,0.03388484,0.00642952,0.0,0.02004833,0.0,0.01626185,0.92337546,20111,7,0.59367999,0.9994433
212,7,25020037,0.98189735,0.01053975,0.00314312,0.0,0.00798388,0.0,0.01813052,0.96020274,23175,7,0.96020085,0.99947
212,8,25020038,0.92620977,0.04714572,0.01008276,0.0,0.03880179,0.0,0.05439405,0.84957568,19087,7,0.35430591,0.9994949
212,9,25020039,0.99920714,0.00113662,0.00263083,0.0,1.666e-05,0.0,8.6e-07,0.99621502,24199,7,0.99621312,0.9994183
212,10,25020040,0.99921156,0.0010611,0.00229083,0.0,1.357e-05,0.0,9.3e-07,0.99663357,24199,7,0.99663303,0.9994183
213,1,25020061,0.99863657,0.0005409,0.0,1.114e-05,6.951e-05,0.76058842,0.0,0.23879003,59501,6,0.16483684,0.9984378
213,2,25020062,0.9989048,0.00055304,0.0,1.121e-05,6.181e-05,0.85829614,0.0,0.1410778,30283,6,0.17393575,0.9993456
213,3,25020063,0.999007,0.00062987,0.0,1.099e-05,9.542e-05,0.43509208,0.0,0.56417164,32767,7,0.15560346,0.9995456
213,4,25020064,0.99878937,0.0005011,0.0,1.113e-05,5.63e-05,0.68074571,0.0,0.31868577,25099,6,0.19626363,0.9990687
213,5,25020065,0.99872385,0.00045787,0.0,1.162e-05,4.286e-05,0.90168284,0.0,0.09780481,61003,6,0.27674336,0.9993454
213,6,25020066,0.99878809,0.00028051,0.0,1.159e-05,1.974e-05,0.99944602,0.0,0.00024213,16313,6,0.4010458,0.9991187
213,7,25020067,0.9987822,0.00037579,0.0,1.148e-05,4.046e-05,0.73505441,0.0,0.26451787,6073,6,0.44294469,0.9990686
213,8,25020068,0.99868327,0.0005352,0.0,1.116e-05,6.625e-05,0.60487964,0.0,0.39450774,32607,7,0.12457579,0.9995456
213,9,25020069,0.99885655,0.00057896,0.0,1.116e-05,6.986e-05,0.68494307,0.0,0.31439694,2007,6,0.14561687,0.9994955
213,10,25020070,0.99891527,0.00058006,0.0,1.108e-05,8.416e-05,0.25723786,0.0,0.74208684,7999,7,0.17718705,0.9989917
214,1,25020091,0.96552928,0.21385048,0.14034043,0.0,0.00085435,0.64495461,0.0,1.4e-07,8381,6,0.64478395,2.8803955
214,2,25020092,0.9812877,0.16400238,0.05942124,0.0,0.00013926,0.70636773,0.0,0.07006939,44586,6,0.28234771,2.8798699
214,3,25020093,0.99945764,0.00077763,8.354e-05,0.0,4.298e-05,0.99906597,0.0,2.988e-05,19245,6,0.37206106,2.8803956
214,4,25020094,0.95622463,0.27614375,0.21496658,0.0,2.589e-05,0.43426442,0.0,0.07459936,56843,6,0.36663144,2.8800198
214,5,25020095,0.99740657,0.01405284,0.01097334,0.0,0.00021295,0.30807706,0.0,0.6666838,19979,7,0.66643058,2.8798701
214,6,25020096,0.99709337,0.02022915,0.0087649,0.0,0.00561543,0.82654708,0.0,0.13884344,44562,6,0.52812386,2.8803623
214,7,25020097,0.9806007,0.12183936,0.04732045,0.0,0.00023935,0.83059543,0.0,5.41e-06,55170,6,0.20383279,2.8803956
214,8,25020098,0.99845856,0.00616483,0.00808467,0.0,0.00022371,0.98552491,0.0,1.88e-06,8940,6,0.67593112,2.8797202
214,9,25020099,0.97278101,0.1688415,0.10281575,0.0,0.0040685,0.16444565,0.0,0.5598286,20365,7,0.26742203,2.87997
214,10,25020100,0.99940827,0.00080805,0.00015836,0.0,4.775e-05,0.99891756,0.0,6.828e-05,56108,6,0.3433047,2.8804289
215,1,25020121,0.99582123,0.00265875,0.0,6.54e-06,1.035e-05,0.99580147,0.0015218,1.1e-06,37455,6,0.23098308,0.9991524
215,2,25020122,0.96939711,0.01333562,0.0,0.02796393,0.00693724,0.94663836,0.00512482,2e-08,61707,6,0.2095027,0.9989048
215,3,25020123,0.99021908,0.00372718,0.0,0.00655436,0.00034221,0.98619392,0.00318059,1.74e-06,32847,6,0.16297791,0.9991523
215,4,25020124,0.99347014,0.00422622,0.0,7.29e-06,9.123e-05,0.99358024,0.002095,2e-08,28713,6,0.25137943,0.9991285
215,5,25020125,0.98982434,0.00072213,0.0,0.00913439,1.085e-05,0.9896936,0.00043867,3.6e-07,56905,6,0.23022138,0.9982583
215,6,25020126,0.97919096,0.00350494,0.0,0.01798409,1.419e-05,0.96985697,0.00863969,1.2e-07,38937,6,0.15293927,0.998705
215,7,25020127,0.99437524,0.00073842,0.0,1.875e-05,8.64e-06,0.99535921,0.00387497,1e-08,38681,6,0.22027443,0.9989048
215,8,25020128,0.99474285,0.00071014,0.0,0.00590746,1.222e-05,0.99254669,0.00082327,2.2e-07,60249,6,0.1908487,0.9991523
215,9,25020129,0.98703796,0.00367898,0.0,6.76e-06,0.00030359,0.98688003,0.0091306,5e-08,14919,6,0.21410178,0.9982831
215,10,25020130,0.80200002,0.00212249,0.0,0.34088567,1.477e-05,0.64402621,0.01294956,1.3e-06,34889,6,0.27598431,0.9991519
216,1,25020151,0.99964564,0.00152848,0.00674819,0.0,0.00027155,0.00327197,0.0,0.98817981,44383,7,0.12959187,0.9998053
216,2,25020152,0.99980447,0.00123228,0.00421434,0.0,0.00022083,0.00036442,0.0,0.99396813,29951,7,0.25052685,0.9998701
216,3,25020153,0.99940278,0.0028088,0.01609343,0.0,0.00042032,0.00334105,0.0,0.9773364,35839,7,0.1301423,0.9999026
216,4,25020154,0.99932219,0.00329693,0.02016152,0.0,0.0006711,0.17508485,0.0,0.80078559,16223,7,0.17073072,0.999935
216,5,25020155,0.99970412,0.00175639,0.00874546,0.0,0.00037076,0.00046317,0.0,0.98866423,22527,7,0.24061782,0.9999351
216,6,25020156,0.99946475,0.00204292,0.01295025,0.0,0.00026877,0.05629474,0.0,0.92844332,36831,7,0.10773875,0.999935
216,7,25020157,0.99968173,0.00156425,0.00871618,0.0,0.0002572,0.12647414,0.0,0.86298823,56311,7,0.15504025,0.9998776
216,8,25020158,0.99970014,0.00132385,0.01080309,0.0,0.00019943,0.00210308,0.0,0.98557055,37375,7,0.18223694,0.9998701
216,9,25020159,0.99947995,0.00199052,0.00620552,0.0,0.00064849,0.0954527,0.0,0.89570277,32535,7,0.18871909,0.9997378
216,10,25020160,0.99959284,0.00167889,0.01339281,0.0,0.00020988,0.00595715,0.0,0.97876127,65495,7,0.22715003,0.9999101
217,1,25020181,0.99388946,0.01444947,0.00135783,0.0,0.00151531,0.98107144,0.00153638,6.956e-05,24107,6,0.44964203,1.9927568
217,2,25020182,0.99909537,0.00201247,0.00169234,0.0,0.00018825,0.52592664,2.9e-07,0.47018001,24333,7,0.28621789,1.9931051
217,3,25020183,0.99938529,0.00090711,0.00038344,0.0,4.356e-05,0.99840221,1.8e-07,0.00026349,23426,6,0.6942602,1.9927817
217,4,25020184,0.98531816,0.03717986,0.00347127,0.0,0.00383562,0.84748819,0.00291471,0.10511036,52996,6,0.34418518,1.9930219
217,5,25020185,0.99881392,0.00259642,0.00048617,0.0,0.00054434,0.82098386,4.8e-07,0.17538874,18978,6,0.35411702,1.9925572
217,6,25020186,0.99601149,0.00976484,0.00422769,0.0,0.00204689,0.91135251,5e-07,0.07260757,19245,6,0.2942171,1.9930552
217,7,25020187,0.99546504,0.02404615,0.00378651,0.0,0.00222179,0.96987564,1.98e-06,6.793e-05,23427,6,0.66686406,1.9928317
217,8,25020188,0.99741429,0.00399173,0.00218662,0.0,0.00212461,0.53502094,1.5e-06,0.4566746,24069,7,0.4565647,1.992682
217,9,25020189,0.99948083,0.00082793,0.00076027,0.0,3.684e-05,0.65157446,3.3e-07,0.34680017,23339,6,0.40616386,1.9931051
217,10,25020190,0.99799408,0.00849458,0.00101162,0.0,0.00365788,0.5625882,2.4e-07,0.42424748,19212,7,0.42421672,1.9929552
218,1,25020211,0.99864085,0.00060204,0.0,2.182e-05,2.719e-05,0.99934653,1.57e-06,8.5e-07,58743,6,0.17195382,0.9993224
218,2,25020212,0.99862353,0.00045275,0.0,2.193e-05,2.232e-05,0.99950007,1.57e-06,1.36e-06,47097,6,0.34238804,0.9992224
218,3,25020213,0.99840369,0.00051729,0.0,2.208e-05,1.126e-05,0.99944774,1.58e-06,5e-08,58617,6,0.25798172,0.9984456
218,4,25020214,0.9983622,0.00043232,0.0,2.196e-05,1.586e-05,0.99952828,1.56e-06,2e-08,15289,6,0.20547983,0.9986453
218,5,25020215,0.99863256,0.00061015,0.0,2.195e-05,2.301e-05,0.99934172,1.57e-06,1.6e-06,33837,6,0.14995549,0.9990225
218,6,25020216,0.99839642,0.0004182,0.0,2.191e-05,1.28e-05,0.99954535,1.61e-06,1.3e-07,13497,6,0.258236,0.9986451
218,7,25020217,0.9985713,0.00044635,0.0,2.187e-05,1.621e-05,0.99951386,1.56e-06,1.4e-07,57177,6,0.27526647,0.9992223
218,8,25020218,0.9987343,0.00061657,0.0,2.177e-05,1.868e-05,0.99934113,1.6e-06,2.4e-07,23383,6,0.17499973,0.9993973
218,9,25020219,0.99867474,0.00055518,0.0,2.195e-05,2.292e-05,0.9993982,1.57e-06,1.8e-07,64749,6,0.22336222,0.9992222
218,10,25020220,0.99839245,0.0005225,0.0,2.172e-05,2.27e-05,0.99943149,1.54e-06,5e-08,38571,6,0.26152811,0.9987333
219,1,25020241,0.99937834,0.0007586,5.257e-05,0.0,4.391e-05,0.99913786,0.0,7.06e-06,11138,6,0.52910573,2.5289561
219,2,25020242,0.760611,0.81230273,0.00085774,0.0,0.02091875,0.16592035,0.0,4.3e-07,47611,0,0.59301822,1.7650867
219,3,25020243,0.99938401,0.00075419,0.00014328,0.0,3.614e-05,0.97388837,0.0,0.02517802,11925,6,0.29101158,2.5290563
219,4,25020244,0.99205452,0.01585967,0.00412739,0.0,0.01037112,0.84839761,0.0,0.12124421,15276,6,0.37929486,2.5291229
219,5,25020245,0.98588148,0.04908648,0.00146169,0.0,6.553e-05,0.94935867,0.0,2.763e-05,15244,6,0.53229143,2.5291227
219,6,25020246,0.99952571,0.00043404,2.757e-05,0.0,1.758e-05,0.99952055,0.0,2.6e-07,56413,6,0.79925125,2.5295617
219,7,25020247,0.99926999,0.00078521,8.554e-05,0.0,1.036e-05,0.99911867,0.0,2.2e-07,44491,6,0.4667326,2.5292562
219,8,25020248,0.99927521,0.00040953,6.915e-05,0.0,1.835e-05,0.99950272,0.0,2.5e-07,11714,6,0.99940075,2.5289563
219,9,25020249,0.88966247,0.68721182,0.00559295,0.0,0.00066237,0.3065303,0.0,2.57e-06,56925,0,0.24874208,1.9180429
219,10,25020250,0.76177293,0.99994433,1.613e-05,0.0,3.327e-05,6.03e-06,0.0,2.3e-07,27387,0,0.51990696,2.0199296
220,1,25020271,0.79962887,0.06176527,0.02105347,0.0,0.03545254,0.76147562,0.11998663,0.00026648,22343,6,0.08919822,0.9992509
220,2,25020272,0.94703422,0.0216227,0.0057443,0.0,0.00908762,0.93609683,0.02744849,6e-08,23759,6,0.34933749,0.9988222
220,3,25020273,0.97762667,0.00913393,0.00385301,0.0,0.0030397,0.97004594,0.0139272,2.2e-07,18575,6,0.36486842,0.9992108
220,4,25020274,0.97877617,0.00799448,0.00257143,0.0,0.00236898,0.9750913,0.01197357,2.4e-07,23951,6,0.41060033,0.9990414
220,5,25020275,0.95323036,0.01681054,0.00516735,0.0,0.00750952,0.94347494,0.02703643,1.21e-06,19847,6,0.33293884,0.9988917
220,6,25020276,0.9502072,0.0136317,0.00430872,0.0,0.01154786,0.94077004,0.02973954,2.14e-06,23687,6,0.45896526,0.9991858
220,7,25020277,0.91997778,0.0249976,0.01586266,0.0,0.00800217,0.89777198,0.05335701,8.58e-06,23687,6,0.57316786,0.9991858
220,8,25020278,0.96330971,0.01021128,0.00549768,0.0,0.00355247,0.80234329,0.02560855,0.15278673,19591,6,0.45420616,0.9991109
220,9,25020279,0.92985255,0.02786468,0.00946894,0.0,0.01206422,0.50635221,0.03690327,0.40734668,19087,7,0.40734479,0.9989915
220,10,25020280,0.92278679,0.02204241,0.00664151,0.0,0.00945185,0.91100776,0.05085609,3.9e-07,19655,6,0.41336737,0.9986725
221,1,25020301,0.99889801,0.0009031,0.0,0.0,8.535e-05,0.61343995,0.0,0.38557159,34511,6,0.12543504,0.9992681
221,2,25020302,0.99907993,0.00071428,0.0,0.0,9.618e-05,0.63294938,0.0,0.36624017,3519,6,0.26382414,0.999518
221,3,25020303,0.99911722,0.00070401,0.0,0.0,0.00012587,0.40205388,0.0,0.59711624,55295,7,0.1223465,0.999668
221,4,25020304,0.9990983,0.00085407,0.0,0.0,0.00010016,0.52990259,0.0,0.46914318,32063,6,0.21583642,0.999668
221,5,25020305,0.99894479,0.00079056,0.0,0.0,9.949e-05,0.56669424,0.0,0.43241572,64447,7,0.17749193,0.9993362
221,6,25020306,0.9991174,0.00081719,0.0,0.0,0.00010404,0.44462999,0.0,0.55444879,16255,7,0.11813708,0.999668
221,7,25020307,0.99918505,0.00077639,0.0,0.0,9.765e-05,0.25412267,0.0,0.74500329,64895,7,0.12867126,0.999668
221,8,25020308,0.99906895,0.0007045,0.0,0.0,9.662e-05,0.66643858,0.0,0.3327603,59063,6,0.15977093,0.9990372
221,9,25020309,0.99886517,0.00090744,0.0,0.0,9.124e-05,0.76760657,0.0,0.23139474,55671,6,0.18616355,0.9988967
221,10,25020310,0.99867855,0.00173063,0.0,0.0,7.392e-05,0.54746419,0.0,0.45073126,25887,6,0.13719212,0.9996179
222,1,25020331,0.85979185,0.30412778,0.01621276,0.0,3.756e-05,0.40303843,0.0,0.27658347,8386,0,0.29764918,1.4104504
222,2,25020332,0.99935152,0.00057223,3.281e-05,0.0,1.498e-05,0.99937966,0.0,3.2e-07,24213,6,0.97011481,2.8194844
222,3,25020333,0.92228849,0.19794148,0.00214464,0.0,4.984e-05,0.63877909,0.0,0.16108495,55810,6,0.63865508,2.8193594
222,4,25020334,0.99794095,0.00932386,0.00030787,0.0,0.00222314,0.98809345,0.0,5.167e-05,56869,6,0.34929954,2.8193843
222,5,25020335,0.99877664,0.00268489,0.0004787,0.0,0.00015253,0.84208768,0.0,0.1545962,55819,6,0.21434379,2.8195091
222,6,25020336,0.99601384,0.03681995,0.0075491,0.0,0.00023394,0.69266711,0.0,0.26272991,52434,6,0.5403113,2.8194094
222,7,25020337,0.99866504,0.00359271,0.00054697,0.0,0.00011685,0.99573839,0.0,5.08e-06,56981,6,0.50883987,2.8195094
222,8,25020338,0.97365732,0.12471478,0.00077005,0.0,7.189e-05,0.87443749,0.0,5.8e-06,47915,6,0.72948608,2.8199729
222,9,25020339,0.99942694,0.00082255,0.00011065,0.0,5.352e-05,0.99892914,0.0,8.415e-05,53122,6,0.40187888,2.8194094
222,10,25020340,0.99767401,0.00584836,0.00043659,0.0,0.00031877,0.86067417,0.0,0.13272211,23074,6,0.55458113,2.8193096
223,1,25020361,0.99866614,0.00061891,0.0,2.218e-05,1.878e-05,0.99933817,1.78e-06,1.8e-07,24713,6,0.25004978,0.9991965
223,2,25020362,0.99844521,0.00060274,0.0,2.169e-05,2.032e-05,0.99935172,1.8e-06,1.72e-06,64655,6,0.13591589,0.9992467
223,3,25020363,0.66535522,0.00025363,0.0,0.9997244,6.45e-06,1.343e-05,2.08e-06,1e-08,63534,2,0.24652706,0.665708
223,4,25020364,0.99857943,0.00058953,0.0,2.31e-05,1.771e-05,0.99936767,1.89e-06,1e-07,30199,6,0.22041837,0.9994216
223,5,25020365,0.99836979,0.00046204,0.0,2.1e-05,2.388e-05,0.99949105,1.73e-06,3.1e-07,58713,6,0.25986369,0.9984941
223,6,25020366,0.99853095,0.00052086,0.0,2.076e-05,1.695e-05,0.99943889,1.76e-06,7.8e-07,27755,6,0.22762781,0.9991961
223,7,25020367,0.99849874,0.00055901,0.0,2.25e-05,2.162e-05,0.99939499,1.86e-06,3e-08,27689,6,0.14355924,0.9990965
223,8,25020368,0.99850656,0.00060192,0.0,2.207e-05,2.043e-05,0.99935362,1.77e-06,2e-07,58061,6,0.18912192,0.9992465
223,9,25020369,0.99850364,0.00065044,0.0,2.255e-05,2.703e-05,0.99929785,1.86e-06,2.7e-07,29263,6,0.26774479,0.9992467
223,10,25020370,0.99868057,0.0005595,0.0,2.216e-05,1.629e-05,0.99939913,1.86e-06,1.07e-06,25611,6,0.21325491,0.9991967
224,1,25020391,0.98851551,0.01698422,0.01312689,0.0,0.01636204,1.06e-06,0.0171016,0.93642419,16133,7,0.55514429,1.5171713
224,2,25020392,0.99535336,0.01654103,0.00488243,0.0,0.02142072,1.91e-06,8.905e-05,0.95706488,53157,7,0.9123509,1.5170347
224,3,25020393,0.99957534,0.00116475,0.0014513,0.0,7.775e-05,2.96e-06,2.88e-06,0.99730037,44805,7,0.99708769,1.5171713
224,4,25020394,0.99409876,0.01615035,0.00409903,0.0,0.0107164,0.36902285,0.00643709,0.59357428,11781,6,0.36902217,1.5168183
224,5,25020395,0.99957749,0.00089498,0.00072915,0.0,5.796e-05,5.49e-06,2.57e-06,0.99830986,16141,7,0.6527897,1.5172213
224,6,25020396,0.99148943,0.02198778,0.00421007,0.0,0.01864959,6.698e-05,0.01258665,0.94249892,20357,7,0.6903665,1.5169681
224,7,25020397,0.97539604,0.03106924,0.02475577,0.0,0.02294993,0.31180726,0.04591069,0.56350711,44965,7,0.43586766,1.5170347
224,8,25020398,0.98489696,0.03571082,0.01427119,0.0,0.03312837,2.798e-05,0.01719084,0.89967079,44557,7,0.37369584,1.5170679
224,9,25020399,0.99379856,0.01113459,0.00477095,0.0,0.00587786,9.87e-06,0.00853761,0.96966912,49029,7,0.79422615,1.517068
224,10,25020400,0.98123659,0.07256573,0.02590223,0.0,0.03255704,1.59e-06,0.02260908,0.84636433,49061,7,0.49747388,1.517068
225,1,25020421,0.99936852,0.00089104,0.00032984,0.0,3.255e-05,0.0,4.8e-07,0.9987461,18949,7,0.9986849,1.2781918
225,2,25020422,0.97668665,0.02876364,0.01485899,0.0,0.02112473,0.0,0.00397716,0.93127548,20364,7,0.40111324,1.2782418
225,3,25020423,0.99379343,0.00898336,0.01308539,0.0,0.00620433,0.0,0.00095869,0.97076822,20236,7,0.45776029,1.2783973
225,4,25020424,0.98039223,0.02381816,0.01622244,0.0,0.01233054,0.0,0.00529721,0.94233165,19204,7,0.84776474,1.2783973
225,5,25020425,0.98365665,0.02939555,0.01023464,0.0,0.03027305,0.0,0.00336278,0.92673397,24330,7,0.92643735,1.2784972
225,6,25020426,0.98925296,0.01723008,0.01023478,0.0,0.00975992,0.0,0.00421966,0.95855555,23307,7,0.8353635,1.2785472
225,7,25020427,0.99940349,0.00102477,0.00072369,0.0,3.99e-05,0.0,9.7e-07,0.99821068,18948,7,0.51061673,1.2781419
225,8,25020428,0.98943883,0.0083585,0.01028008,0.0,0.00765704,0.0,0.0027853,0.97091907,19202,7,0.37250917,1.2783973
225,9,25020429,0.99594239,0.0066812,0.00642647,0.0,0.00153589,0.0,0.00028032,0.98507613,18956,7,0.52580526,1.2781419
225,10,25020430,0.96625121,0.06098404,0.02797387,0.0,0.03241956,0.0,0.00544985,0.87317269,20364,7,0.57767263,1.2782418
226,1,25020451,0.99851713,0.00056628,0.0,1.586e-05,6.152e-05,0.63051769,0.0,0.36883865,47071,7,0.13076232,0.9994643
226,2,25020452,0.99869317,0.00059572,0.0,1.567e-05,7.665e-05,0.28245655,0.0,0.71685541,43895,7,0.12885894,0.9991634
226,3,25020453,0.99867375,0.00041844,0.0,1.593e-05,3.683e-05,0.88135437,0.0,0.11817443,49129,6,0.21430257,0.9987294
226,4,25020454,0.99843413,0.00034693,0.0,1.601e-05,2.778e-05,0.85003145,0.0,0.14957783,53097,6,0.33962863,0.9985294
226,5,25020455,0.99868415,0.00058689,0.0,1.585e-05,7.918e-05,0.3219571,0.0,0.67736099,1535,7,0.14273945,0.9994143
226,6,25020456,0.99867465,0.00038061,0.0,1.575e-05,4.239e-05,0.83432289,0.0,0.16523835,39353,6,0.35765814,0.9989969
226,7,25020457,0.99859094,0.00058226,0.0,1.563e-05,7.429e-05,0.491604,0.0,0.50772382,21823,6,0.10679711,0.9990468
226,8,25020458,0.99864744,0.00059402,0.0,1.567e-05,7.315e-05,0.42062366,0.0,0.5786935,39775,7,0.10752516,0.9994644
226,9,25020459,0.99881399,0.00058539,0.0,1.56e-05,6.442e-05,0.55564097,0.0,0.44369362,24559,7,0.12904106,0.9989292
226,10,25020460,0.99855928,0.00053376,0.0,1.577e-05,5.191e-05,0.71419072,0.0,0.28520785,34317,6,0.18230253,0.9985294
227,1,25020481,0.99929432,0.00399719,0.99555632,0.0,0.0003537,9.156e-05,0.0,1.23e-06,55781,4,0.77160269,2.9385786
227,2,25020482,0.99948874,0.00088298,0.00037378,0.0,5.505e-05,0.97003836,0.0,0.02864983,24324,6,0.3423456,2.9389409
227,3,25020483,0.99944107,0.00119072,0.0484478,0.0,4.743e-05,0.95029822,0.0,1.582e-05,56989,6,0.32043185,2.9386786
227,4,25020484,0.99941451,0.00136893,0.12228323,0.0,4.583e-05,0.76353673,0.0,0.11276527,12042,6,0.36891906,2.938866
227,5,25020485,0.99950186,0.00070166,0.00010133,0.0,1.507e-05,0.99918036,0.0,1.57e-06,51075,6,0.91282237,2.9389659
227,6,25020486,0.99928888,0.0054942,0.99397498,0.0,0.00039956,0.00012857,0.0,2.69e-06,47291,4,0.63573795,2.9386784
227,7,25020487,0.99936259,0.00586764,0.83995804,0.0,0.00026726,0.15388758,0.0,1.949e-05,19005,4,0.81491647,2.9389659
227,8,25020488,0.99940643,0.00083361,0.00015371,0.0,3.616e-05,0.34965106,0.0,0.64932545,49061,7,0.6492518,2.9385785
227,9,25020489,0.99931626,0.00240442,0.99735546,0.0,0.00023413,5.5e-06,0.0,4.8e-07,55780,4,0.9972749,2.9385286
227,10,25020490,0.99930735,0.00627329,0.96509139,0.0,0.00025552,0.02837783,0.0,1.98e-06,23101,4,0.51893091,2.9390159
228,1,25020511,0.96945694,0.0057925,0.00277785,0.00690031,9.131e-05,0.96350352,0.02093448,2e-08,36041,6,0.19416947,0.9988336
228,2,25020512,0.94561164,0.00826273,0.0034974,0.01376075,0.00525938,0.94188071,0.02733897,6e-08,39305,6,0.32580758,0.9988339
228,3,25020513,0.99473321,0.00113783,0.00327003,2.12e-06,0.00014246,0.99214907,0.00328856,9.93e-06,24135,6,0.20136177,0.9984761
228,4,25020514,0.95459342,0.01013356,0.00405383,0.0072604,0.00455664,0.94861168,0.02538384,4e-08,8089,6,0.19906602,0.9989336
228,5,25020515,0.98832329,0.00240638,0.00371681,0.00616498,0.00072119,0.98560801,0.00138226,3.7e-07,37263,6,0.18582447,0.9988337
228,6,25020516,0.96455063,0.0052075,0.00289967,0.00849094,0.0028442,0.96167683,0.01886066,2.02e-05,37515,6,0.50699368,0.9990249
228,7,25020517,0.98424674,0.00243149,0.00236336,0.00169814,0.00151622,0.98255419,0.00943652,8e-08,37003,6,0.3526823,0.9992165
228,8,25020518,0.9685116,0.00268844,0.00443164,0.00532277,0.00091127,0.96210472,0.02454091,2.4e-07,38445,6,0.366472,0.999025
228,9,25020519,0.97605443,0.00428538,0.00385737,0.00631391,0.00181321,0.97231934,0.01141053,2.6e-07,24263,6,0.18674482,0.9988589
228,10,25020520,0.93702066,0.0071918,0.00277007,0.06779564,0.00295015,0.90516236,0.01412996,2e-08,32909,6,0.28245485,0.9992165
229,1,25020541,0.99946724,0.00094815,0.00491157,0.0,0.00015905,0.18088531,0.0,0.81309591,59247,7,0.21188488,0.9996558
229,2,25020542,0.99943202,0.00093597,0.02150279,0.0,0.00012407,0.18294584,0.0,0.79449133,57239,7,0.15295318,0.9996308
229,3,25020543,0.99944166,0.00111448,0.00430938,0.0,0.00024315,0.57533252,0.0,0.41900048,48095,7,0.18932571,0.9998278
229,4,25020544,0.9993824,0.00158808,0.0107092,0.0,0.00016825,0.19225402,0.0,0.79528044,19831,7,0.23239394,0.9997778
229,5,25020545,0.99942146,0.0009506,0.00251421,0.0,0.00013584,0.54849377,0.0,0.44790558,50879,6,0.2336561,0.9995697
229,6,25020546,0.99946331,0.00096043,0.03533504,0.0,0.00012279,0.25394029,0.0,0.70964145,52703,7,0.2181132,0.9996558
229,7,25020547,0.99945237,0.00087858,0.00663175,0.0,0.00016137,0.25208151,0.0,0.74024678,40759,7,0.14076796,0.9996178
229,8,25020548,0.99940894,0.00130127,0.01158372,0.0,0.00011959,0.26971293,0.0,0.7172825,42879,7,0.14554674,0.9998278
229,9,25020549,0.99940834,0.00124768,0.00480831,0.0,0.00014965,0.25049233,0.0,0.74330203,52599,7,0.24732852,0.9997945
229,10,25020550,0.99943215,0.00110854,0.00592757,0.0,0.00014398,0.3131251,0.0,0.67969481,29567,7,0.14555128,0.9997418
230,1,25020571,0.99920853,0.00089797,0.00050537,0.0,3.306e-05,0.14866868,0.0,0.84989491,19970,7,0.84967718,2.4615142
230,2,25020572,0.99362535,0.06117293,0.00403194,0.0,0.00082167,0.85707116,0.0,0.07690231,21954,6,0.782329,2.4620809
230,3,25020573,0.9994995,0.00041298,2.503e-05,0.0,1.931e-05,0.9995424,0.0,2.8e-07,23882,6,0.99941371,2.4621059
230,4,25020574,0.99945719,0.00041214,5.208e-05,0.0,1.428e-05,0.99952126,0.0,2.4e-07,19781,6,0.92654877,2.4620559
230,5,25020575,0.99841112,0.00922057,0.00607151,0.0,0.00217414,0.80641479,0.0,0.17611898,24099,6,0.5043259,2.4616388
230,6,25020576,0.99941599,0.00073795,0.00058519,0.0,5.059e-05,0.9985616,0.0,6.467e-05,20003,6,0.34237809,2.461564
230,7,25020577,0.99602198,0.01247911,0.00339503,0.0,0.00222601,0.55130738,0.0,0.43059247,20235,7,0.43028133,2.4621059
230,8,25020578,0.99554605,0.00653155,0.00128662,0.0,0.00405392,0.08550017,0.0,0.90262775,19203,7,0.73982104,2.4620558
230,9,25020579,0.99676326,0.00678183,0.00900106,0.0,0.00110509,0.9830199,0.0,9.211e-05,54469,6,0.43822525,2.4616889
230,10,25020580,0.99951147,0.00071656,0.00059202,0.0,2.905e-05,0.0004198,0.0,0.99824257,19202,7,0.99812205,2.4620059
231,1,25020601,0.99811349,0.00051304,0.0,2.211e-05,1.689e-05,0.9994458,1.58e-06,5.8e-07,28395,6,0.20658878,0.9991413
231,2,25020602,0.99828735,0.00049959,0.0,2.204e-05,1.608e-05,0.99946006,1.62e-06,6.1e-07,47247,6,0.23810677,0.9985837
231,3,25020603,0.99849831,0.00036501,0.0,2.207e-05,1.131e-05,0.99959994,1.55e-06,1.2e-07,64889,6,0.53120908,0.9991914
231,4,25020604,0.99830017,0.00036381,0.0,2.178e-05,8.07e-06,0.99960449,1.56e-06,2.9e-07,36971,6,0.33062793,0.9983837
231,5,25020605,0.99811792,0.00021959,0.0,2.155e-05,6.76e-06,0.99975049,1.6e-06,1e-08,55273,6,0.325784,0.9985836
231,6,25020606,0.99834803,0.00040487,0.0,2.208e-05,1.11e-05,0.9995603,1.62e-06,4e-08,22457,6,0.31537825,0.9988874
231,7,25020607,0.99844546,0.00046296,0.0,2.191e-05,1.295e-05,0.99950054,1.55e-06,9e-08,57549,6,0.26696738,0.9991914
231,8,25020608,0.99831076,0.00055079,0.0,2.232e-05,2.358e-05,0.99939965,1.59e-06,2.06e-06,42367,6,0.12790603,0.9993914
231,9,25020609,0.99855624,0.00045497,0.0,2.181e-05,1.674e-05,0.99950349,1.6e-06,1.39e-06,36937,6,0.21989279,0.9989917
231,10,25020610,0.99839113,0.0004742,0.0,2.207e-05,1.478e-05,0.99948737,1.58e-06,2e-08,32043,6,0.18633322,0.9985835
232,1,25020631,0.99402792,0.01254262,0.00196806,0.0,0.00903098,0.53864041,0.00104824,0.43676969,16269,7,0.43668724,2.2847239
232,2,25020632,0.99946654,0.00040927,9.11e-05,0.0,3.723e-05,0.99945442,1.76e-06,6.22e-06,14252,6,0.60340573,2.2846406
232,3,25020633,0.99948802,0.00104002,0.00046823,0.0,0.00010551,0.98103953,6.41e-06,0.0173403,43788,6,0.98026222,2.2849306
232,4,25020634,0.9904635,0.02417221,0.00139223,0.0,0.00028917,0.97377849,0.00020246,0.00016543,48045,6,0.76802117,2.2847739
232,5,25020635,0.99912155,0.00091081,0.00111256,0.0,0.00017845,0.78644242,0.00048738,0.21086837,22413,6,0.78632863,2.2849806
232,6,25020636,0.99210789,0.01599435,0.12073059,0.0,0.00579832,0.37068189,0.00730299,0.47949187,24357,7,0.47947755,2.2849306
232,7,25020637,0.99514313,0.01971255,0.00993696,0.0,0.0045869,0.90050678,0.00038401,0.0648728,22445,6,0.41078567,2.2847239
232,8,25020638,0.9971033,0.0061044,0.00026271,0.0,0.00226569,0.83260188,8.9e-07,0.15876442,14213,6,0.48099935,2.2849306
232,9,25020639,0.99810698,0.00443297,0.00083895,0.0,0.00213082,0.99148403,0.00108932,2.391e-05,23437,6,0.35463572,2.2847238
232,10,25020640,0.99218063,0.03189854,0.06569226,0.0,0.00476138,0.58072881,0.00257861,0.31434039,19237,6,0.35134821,2.2848807
233,1,25020661,0.99907172,0.0006572,0.00270225,0.0,1.016e-05,0.0,9.3e-07,0.99662945,23175,7,0.66925195,0.9992768
233,2,25020662,0.99887871,0.00084669,0.00290231,0.0,9.83e-06,0.0,8.9e-07,0.99624028,20103,7,0.9962388,0.999086
233,3,25020663,0.5714747,0.22305045,0.034166,0.0,0.11846165,0.0,0.19549561,0.42882629,19079,7,0.23506624,0.9992019
233,4,25020664,0.99910122,0.00048523,0.00149082,0.0,8.41e-06,0.0,9e-07,0.99801464,23175,7,0.99801441,0.9992768
233,5,25020665,0.78472182,0.10626715,0.02190479,0.0,0.060421,0.0,0.09926154,0.71214553,24199,7,0.51827296,0.9991608
233,6,25020666,0.95332117,0.02331077,0.00519664,0.0,0.01180856,0.0,0.02316152,0.93652251,23175,7,0.93652187,0.9992768
233,7,25020667,0.86195809,0.07736887,0.01738845,0.0,0.04078748,0.0,0.05979599,0.8046592,20103,7,0.80465894,0.999086
233,8,25020668,0.99916211,0.00074113,0.00332611,0.0,8.28e-06,0.0,9.3e-07,0.99592356,23183,7,0.99592302,0.9993517
233,9,25020669,0.99896506,0.00091056,0.00345375,0.0,9.39e-06,0.0,9.3e-07,0.99562537,20111,7,0.99562501,0.9991858
233,10,25020670,0.80217081,0.103436,0.01900373,0.0,0.05982228,0.0,0.08904189,0.7286961,23175,7,0.41251854,0.9992768
234,1,25020691,0.99891071,0.0005481,0.0,4.41e-06,5.87e-05,0.61223186,0.0,0.38715692,9719,7,0.21583871,0.9995141
234,2,25020692,0.99865521,0.00059992,0.0,4.44e-06,7.381e-05,0.63638151,0.0,0.36294032,24297,6,0.13071732,0.9986296
234,3,25020693,0.99879972,0.00053907,0.0,4.69e-06,6.146e-05,0.56659478,0.0,0.4328,63225,6,0.26192268,0.9989289
234,4,25020694,0.99881777,0.00052266,0.0,4.5e-06,6.49e-05,0.65895098,0.0,0.34045696,32361,6,0.22286378,0.9993642
234,5,25020695,0.9987502,0.000607,0.0,4.38e-06,7.597e-05,0.45318847,0.0,0.54612419,41847,7,0.12210339,0.9989338
234,6,25020696,0.99869657,0.00049953,0.0,4.59e-06,5.029e-05,0.81951673,0.0,0.17992886,29017,6,0.26909297,0.9993642
234,7,25020697,0.99899364,0.00059157,0.0,4.51e-06,7.775e-05,0.60547135,0.0,0.39385482,40919,7,0.25216743,0.9995392
234,8,25020698,0.99882447,0.00065918,0.0,4.34e-06,8.712e-05,0.47702922,0.0,0.52222013,40255,6,0.27385796,0.9995642
234,9,25020699,0.99875332,0.00063122,0.0,4.3e-06,9.139e-05,0.66595599,0.0,0.33331711,59127,6,0.22449359,0.9990288
234,10,25020700,0.99890129,0.0006511,0.0,4.33e-06,8.071e-05,0.39598438,0.0,0.60327948,63055,7,0.13852512,0.9993643
235,1,25020721,0.99712051,0.00920673,0.0011399,0.0,0.00048948,0.95997303,0.0,0.02919085,10770,6,0.40346397,3.06662
235,2,25020722,0.9952146,0.01894432,0.00609042,0.0,0.00017528,0.96423464,0.0,0.01055533,52099,6,0.32772029,3.0668861
235,3,25020723,0.99947579,0.00069752,0.00011358,0.0,4.552e-05,0.99668344,0.0,0.00245994,22410,6,0.33184603,3.0673325
235,4,25020724,0.99150095,0.03148591,0.01468337,0.0,0.00025522,0.80784274,0.0,0.14573275,8436,6,0.28112153,3.0672326
235,5,25020725,0.9993573,0.00075296,0.00017117,0.0,5.001e-05,0.99901965,0.0,6.21e-06,43541,6,0.39988109,3.0667531
235,6,25020726,0.89084122,0.41603596,0.0897194,0.0,0.00215648,0.31283725,0.0,0.17925092,8872,0,0.23448461,2.0453669
235,7,25020727,0.9993803,0.00075786,9.864e-05,0.0,4.665e-05,0.9990678,0.0,2.906e-05,48013,6,0.94289265,3.0670194
235,8,25020728,0.97014985,0.12907518,0.03928502,0.0,0.00015026,0.83147149,0.0,1.805e-05,8429,6,0.34084571,3.0667697
235,9,25020729,0.8067092,0.76010469,0.23987712,0.0,1.435e-05,3.73e-06,0.0,1.2e-07,8352,0,0.75927738,2.0453668
235,10,25020730,0.99939962,0.00034629,4.61e-06,0.0,1.935e-05,0.99962947,0.0,2.8e-07,44493,6,0.58751887,3.0670195
236,1,25020751,0.99852063,0.0005655,0.0,1.715e-05,1.566e-05,0.99939941,2.23e-06,5e-08,60429,6,0.25825319,0.9992781
236,2,25020752,0.99840548,0.00075971,0.0,2.259e-05,2.791e-05,0.99918683,2.61e-06,3.5e-07,32127,6,0.0842767,0.9994781
236,3,25020753,0.99853566,0.00044489,0.0,1.318e-05,1.437e-05,0.99951995,2.05e-06,5.56e-06,57417,6,0.12690589,0.9992782
236,4,25020754,0.99795072,0.00047483,0.0,1.637e-05,1.385e-05,0.9994926,2.27e-06,8e-08,61551,6,0.14710281,0.9987569
236,5,25020755,0.99843052,0.00064289,0.0,1.87e-05,2.331e-05,0.99931224,2.53e-06,3.3e-07,47951,6,0.1117719,0.9989565
236,6,25020756,0.66521304,0.00044556,0.0,0.9995221,9.45e-06,1.825e-05,4.63e-06,1e-08,55288,2,0.46519863,0.6660599
236,7,25020757,0.99833363,0.0003036,0.0,1.338e-05,7.03e-06,0.9996739,2.08e-06,1e-08,38569,6,0.2099808,0.9988175
236,8,25020758,0.99834431,0.00055538,0.0,1.622e-05,1.388e-05,0.999412,2.49e-06,3e-08,61709,6,0.14080753,0.9987569
236,9,25020759,0.99806438,0.00037633,0.0,1.327e-05,1.346e-05,0.99959447,2.32e-06,1.5e-07,33721,6,0.2203732,0.9975155
236,10,25020760,0.99824635,0.00050665,0.0,1.548e-05,1.625e-05,0.99945703,2.12e-06,2.45e-06,63789,6,0.25074503,0.9984961
237,1,25020781,0.9996539,0.00249968,0.0005806,4e-08,0.00022984,0.0,3.956e-05,0.99665028,44557,7,0.99662448,1.0349353
237,2,25020782,0.9967297,0.00474518,0.00173304,1.2e-07,0.10527384,0.0,0.023651,0.86459682,16293,7,0.58564877,1.0349103
237,3,25020783,0.99965546,0.00204928,0.00037401,7e-08,0.00017082,0.0,4.835e-05,0.99735746,12077,7,0.99734134,1.0349423
237,4,25020784,0.99956764,0.00234076,0.0004143,2.43e-06,0.00033258,0.0,4.006e-05,0.99686986,12037,7,0.99684285,1.0348923
237,5,25020785,0.99599795,0.00713564,0.00174103,4.8e-07,0.05773341,0.0,0.06838503,0.86500442,52749,7,0.608914,1.0349353
237,6,25020786,0.99378707,0.00612998,0.00171846,1e-07,0.20816473,0.0,0.06090353,0.72308319,20237,7,0.72305461,1.0349423
237,7,25020787,0.99976463,0.00236573,0.00048126,1e-07,0.00024617,0.0,4.138e-05,0.99686535,44845,7,0.99680107,1.0350422
237,8,25020788,0.9995469,0.00216804,0.00084255,2.9e-07,0.00024515,0.0,5.019e-05,0.99669379,15885,7,0.99638667,1.0348354
237,9,25020789,0.99952388,0.00201693,0.00039144,1.6e-07,0.00018813,0.0,5.016e-05,0.99735318,11789,7,0.62050556,1.0347855
237,10,25020790,0.99885364,0.01178594,0.0011685,7e-08,0.006872,0.0,0.01267153,0.96750197,57101,7,0.96744483,1.0350422
238,1,25020811,0.99941347,0.00085403,0.00100763,0.0,2.716e-05,8.24e-05,3.5e-07,0.99802843,19341,7,0.79287509,1.8327465
238,2,25020812,0.99939591,0.00057179,0.00028451,0.0,3.724e-05,0.03403814,4.3e-07,0.96506789,23045,7,0.86743681,1.8326217
238,3,25020813,0.9895653,0.02170769,0.03741082,0.0,0.00477274,0.22965636,0.00164683,0.70480557,24077,7,0.36942969,1.8326966
238,4,25020814,0.99890124,0.00219982,0.00088727,0.0,0.00052331,0.99636759,1.27e-06,2.074e-05,53003,6,0.43643021,1.8330629
238,5,25020815,0.99601464,0.00752254,0.00226364,0.0,0.00227557,0.53964833,0.00049965,0.44779027,18955,7,0.37497184,1.8326466
238,6,25020816,0.99445811,0.02974298,0.00240371,0.0,0.00661246,0.34906322,0.00102724,0.61115039,20235,7,0.47430995,1.832963
238,7,25020817,0.99893805,0.00167085,0.00183672,0.0,0.00012524,0.12075735,5.612e-05,0.87555372,20356,7,0.87551788,1.8325967
238,8,25020818,0.99679279,0.00547043,0.01181365,0.0,0.0014598,0.98118436,4.039e-05,3.137e-05,23331,6,0.8040316,1.832963
238,9,25020819,0.98387839,0.02823774,0.00326287,0.0,0.01115054,0.42614354,0.00219347,0.52901184,20235,7,0.2874866,1.832963
238,10,25020820,0.99722436,0.0049607,0.00250459,0.0,0.00194788,0.45250286,0.00016344,0.53792052,52749,6,0.39771763,1.8327965
239,1,25020841,0.99856927,0.00056834,0.0,2.005e-05,8.346e-05,0.47061307,0.0,0.52871508,22359,7,0.1803803,0.9992769
239,2,25020842,0.99868309,0.00057365,0.0,1.986e-05,7.461e-05,0.3152455,0.0,0.68408639,52735,7,0.12659496,0.9993971
239,3,25020843,0.9986764,0.00032078,0.0,1.999e-05,2.306e-05,0.85300372,0.0,0.14663244,60377,6,0.39969524,0.9989975
239,4,25020844,0.99843636,0.00040668,0.0,1.983e-05,4.154e-05,0.97426395,0.0,0.025268,34857,6,0.21703346,0.998696
239,5,25020845,0.99837706,0.00043311,0.0,1.987e-05,4.848e-05,0.82318532,0.0,0.17631322,61643,6,0.27523575,0.9991971
239,6,25020846,0.99850102,0.00041512,0.0,1.979e-05,5.76e-05,0.6084592,0.0,0.3910483,36941,6,0.22085823,0.9989973
239,7,25020847,0.99855631,0.00053438,0.0,2.007e-05,5.769e-05,0.45291634,0.0,0.54647152,32671,7,0.1856908,0.9987949
239,8,25020848,0.99849454,0.00054186,0.0,2.005e-05,7.638e-05,0.60304586,0.0,0.39631585,47519,6,0.15579407,0.9993971
239,9,25020849,0.99847809,0.00047153,0.0,1.984e-05,6.587e-05,0.53287238,0.0,0.46657037,11191,7,0.19710212,0.9987448
239,10,25020850,0.99878441,0.00053284,0.0,2.016e-05,6.525e-05,0.55142297,0.0,0.44795877,64683,6,0.23925823,0.9991971
240,1,25020871,0.99893751,0.00253354,0.00128548,0.0,0.00033196,0.99580971,0.0,3.931e-05,19373,6,0.43271202,2.8765541
240,2,25020872,0.99946868,0.00071988,0.00030705,0.0,5.226e-05,0.99887294,0.0,4.788e-05,42882,6,0.43498727,2.8769457
240,3,25020873,0.99364185,0.02943426,0.02468039,0.0,0.00011252,0.94573993,0.0,3.29e-05,44939,6,0.58794833,2.876704
240,4,25020874,0.97388367,0.15214281,0.00087948,0.0,6.938e-05,0.31273511,0.0,0.53417322,48909,7,0.53414757,2.8770789
240,5,25020875,0.9884927,0.04168292,0.00516855,0.0,0.00813201,0.94445563,0.0,0.0005609,48932,6,0.22383425,2.8769789
240,6,25020876,0.95456262,0.20692983,0.00073275,0.0,4.983e-05,0.79225049,0.0,3.71e-05,46741,6,0.39881917,2.877004
240,7,25020877,0.99946608,0.00068972,1.609e-05,0.0,5.404e-05,0.99901426,0.0,0.0002259,18316,6,0.59473418,2.8768791
240,8,25020878,0.99945099,0.00073819,0.00023497,0.0,5.124e-05,0.91314689,0.0,0.08582871,15147,6,0.38227148,2.877029
240,9,25020879,0.9994561,0.0003664,4.49e-06,0.0,1.469e-05,0.99961419,0.0,2.4e-07,52683,6,0.48053572,2.876704
240,10,25020880,0.99636489,0.01682789,0.00105903,0.0,0.00240883,0.97969902,0.0,5.23e-06,44835,6,0.53903654,2.876979
241,1,25020901,0.86157454,0.01045232,0.00515344,0.2293942,0.01176082,0.70244986,0.04078731,2.05e-06,22727,6,0.38649287,0.999031
241,2,25020902,0.97586148,0.00599338,0.00497447,1.7e-07,0.00096183,0.97063455,0.01743545,1.5e-07,18895,6,0.24861189,0.9984629
241,3,25020903,0.95532734,0.00624529,0.00701779,0.00017842,0.00254851,0.94785752,0.03615197,5.1e-07,36937,6,0.60046604,0.9993029
241,4,25020904,0.90248264,0.01943659,0.00818916,0.00258146,0.01530352,0.89072119,0.06376785,2.3e-07,37193,6,0.24641798,0.9987095
241,5,25020905,0.92946869,0.01722359,0.00599737,0.00125982,0.00868555,0.91914607,0.04768743,1.8e-07,18831,6,0.24756888,0.9987594
241,6,25020906,0.95308176,0.00964419,0.0101672,0.002159,0.00259313,0.80716331,0.03412875,0.13414443,34315,6,0.22426606,0.9990059
241,7,25020907,0.86865537,0.01963497,0.00794609,0.01058324,0.0148526,0.84190548,0.10033042,0.0047472,35913,6,0.32822631,0.9984127
241,8,25020908,0.88666154,0.01987985,0.00722573,0.03803495,0.02325723,0.84863632,0.06295775,8.17e-06,37897,6,0.201065,0.9993029
241,9,25020909,0.93754185,0.01089763,0.00966391,0.00243029,0.00954308,0.70920856,0.04234428,0.21591226,19087,7,0.21591192,0.9987594
241,10,25020910,0.87247012,0.02173273,0.00866983,3.446e-05,0.00848384,0.70087262,0.10014993,0.16005659,23751,6,0.18548121,0.9984379
242,1,25020931,0.99908929,0.00076265,0.00386247,0.0,9.098e-05,0.64402645,0.0,0.35125745,28015,6,0.14480169,0.9990891
242,2,25020932,0.99923573,0.00068482,0.0024236,0.0,7.367e-05,0.57646629,0.0,0.42035162,27885,6,0.25386762,0.9994627
242,3,25020933,0.9991749,0.00074131,0.00155386,0.0,0.00010917,0.37068248,0.0,0.62691318,63167,7,0.25477368,0.9992824
242,4,25020934,0.9991782,0.00069261,0.00189289,0.0,0.00010132,0.59576973,0.0,0.40154345,2007,6,0.21857917,0.9996627
242,5,25020935,0.99928126,0.00076427,0.00106325,0.0,0.00010203,0.23352542,0.0,0.76454503,36607,7,0.18293308,0.9994258
242,6,25020936,0.99934763,0.00074907,0.0010782,0.0,0.00011944,0.41472003,0.0,0.58333326,60735,6,0.16838191,0.9997128
242,7,25020937,0.99914755,0.00074003,0.00132217,0.0,0.00012091,0.3303781,0.0,0.66743878,29183,7,0.13401024,0.9994258
242,8,25020938,0.99900957,0.00115476,0.0030963,0.0,0.00012906,0.34644361,0.0,0.64917627,30615,7,0.17700311,0.9991825
242,9,25020939,0.9991894,0.00079415,0.00230125,0.0,9.412e-05,0.14688623,0.0,0.84992426,25727,7,0.14922034,0.9993758
242,10,25020940,0.99923073,0.0007315,0.00140848,0.0,9.739e-05,0.47445094,0.0,0.52331168,63085,6,0.18678964,0.9995128
243,1,25020961,0.99942896,0.00068429,5.426e-05,0.0,1.782e-05,0.99924132,0.0,2.3e-06,15147,6,0.54260244,2.8789813
243,2,25020962,0.9995048,0.00064889,6.492e-05,0.0,4.659e-05,0.99923181,0.0,7.79e-06,47883,6,0.42003933,2.8790312
243,3,25020963,0.97135325,0.08897116,0.00412845,0.0,0.00366935,0.57009363,0.0,0.3331374,23300,7,0.33265004,2.8789063
243,4,25020964,0.98845803,0.04128087,0.0003743,0.0,0.0023803,0.95596312,0.0,1.42e-06,54924,6,0.65488019,2.878456
243,5,25020965,0.99770105,0.00740627,0.00185001,0.0,0.00041234,0.9903136,0.0,1.779e-05,18309,6,0.34106413,2.8788814
243,6,25020966,0.99939565,0.00031649,7.17e-06,0.0,1.143e-05,0.99966473,0.0,1.9e-07,48450,6,0.52196423,2.8789313
243,7,25020967,0.99942429,0.00076489,0.00018817,0.0,3.233e-05,0.99897276,0.0,4.185e-05,20260,6,0.37002956,2.8788314
243,8,25020968,0.99947842,0.00036997,0.00019631,0.0,1.252e-05,0.99942096,0.0,2.4e-07,11589,6,0.51029977,2.8788814
243,9,25020969,0.99930971,0.00016852,0.00013575,0.0,7.99e-06,0.99968762,0.0,1.2e-07,8420,6,0.99968254,2.8782564
243,10,25020970,0.99938036,0.000844,8.96e-05,0.0,3.316e-05,0.74783432,0.0,0.25119891,23437,6,0.57998446,2.8786058
244,1,25020991,0.99851026,0.00029906,0.0,1.996e-05,5.08e-06,0.99967419,1.66e-06,4e-08,39979,6,0.28638567,0.998984
244,2,25020992,0.99819239,0.00052325,0.0,2.083e-05,2.223e-05,0.99942354,1.66e-06,8.49e-06,9087,6,0.1107567,0.9985374
244,3,25020993,0.9983138,0.00053098,0.0,2.089e-05,1.569e-05,0.99943064,1.69e-06,1.1e-07,10407,6,0.2355499,0.9977046
244,4,25020994,0.99848218,0.00035269,0.0,2.003e-05,1.119e-05,0.9996135,1.61e-06,9.7e-07,36427,6,0.4021825,0.9989836
244,5,25020995,0.99801593,0.00047657,0.0,2.108e-05,1.95e-05,0.99948104,1.69e-06,1.3e-07,47689,6,0.12008329,0.9977545
244,6,25020996,0.99799284,0.00039138,0.0,2.085e-05,1.637e-05,0.9995697,1.62e-06,9e-08,47271,6,0.17292952,0.9978293
244,7,25020997,0.99828278,0.00046543,0.0,2.107e-05,1.384e-05,0.99949793,1.67e-06,7e-08,62169,6,0.17955997,0.9985689
244,8,25020998,0.99852695,0.0004796,0.0,2.109e-05,1.3e-05,0.9994846,1.67e-06,3e-08,61727,6,0.35873692,0.9993841
244,9,25020999,0.99841253,0.00057296,0.0,2.125e-05,1.793e-05,0.99936859,1.64e-06,1.763e-05,36525,6,0.15335415,0.9986761
244,10,25021000,0.99836904,0.00046153,0.0,2.099e-05,2.368e-05,0.99949209,1.65e-06,6e-08,58891,6,0.20580418,0.9985687
245,1,25021021,0.99845911,0.00332894,0.00044157,0.0,0.00051841,0.57982664,0.00023223,0.4156522,20125,6,0.40984042,1.9205846
245,2,25021022,0.99394293,0.01388815,0.00134711,0.0,0.00506901,0.63139048,0.00166276,0.34664248,43813,6,0.48616826,1.9208184
245,3,25021023,0.98415558,0.05400643,0.01158672,0.0,0.00935279,0.38526789,0.01136578,0.52842038,48653,7,0.33722835,1.9206344
245,4,25021024,0.99917936,0.00157622,0.00029148,0.0,0.00045498,0.18464226,1.13e-06,0.81303392,20389,7,0.39640991,1.9205345
245,5,25021025,0.99719567,0.00803373,0.00209602,0.0,0.00214364,0.58986907,0.0006357,0.39722184,57093,7,0.39213029,1.9208434
245,6,25021026,0.98941103,0.03062532,0.0024721,0.0,0.02411634,0.79481454,0.00141741,0.14655429,52109,6,0.21953251,1.9207343
245,7,25021027,0.98832201,0.03741896,0.00743357,0.0,0.01474005,0.18370554,0.00591656,0.75078531,20013,7,0.46216201,1.9204845
245,8,25021028,0.99825027,0.00246852,0.00176251,0.0,5.199e-05,0.00037208,0.00210887,0.99323603,48909,7,0.47737849,1.9209184
245,9,25021029,0.99575668,0.01423017,0.00210306,0.0,0.00583515,0.20981362,0.00151954,0.76649846,52781,7,0.39051823,1.9206343
245,10,25021030,0.99750825,0.00300599,0.00938083,0.0,6.622e-05,0.14328322,0.00269247,0.84157128,20237,7,0.51910073,1.9208184
246,1,25021051,0.96812224,0.03188867,0.00380355,0.0,0.82716928,0.0,0.13713815,3.5e-07,23055,1,0.32943914,0.9968711
246,2,25021052,0.98401878,0.01377233,0.00277759,0.0,0.53986823,0.0,0.34892446,0.09465738,20359,1,0.51602315,0.9976778
246,3,25021053,0.99497919,0.00204316,0.00073188,0.0,0.00013661,0.0,0.99708775,5.9e-07,18954,3,0.99706217,0.9951086
246,4,25021054,0.97956104,0.02423611,0.00375312,0.0,0.43314157,0.0,0.0709971,0.46787209,24207,7,0.46787082,0.9996968
246,5,25021055,0.96137333,0.03520416,0.00389155,0.0,0.51873338,0.0,0.44214013,3.079e-05,23042,3,0.32910764,0.9952084
246,6,25021056,0.99944244,0.00493864,0.00235336,0.0,0.00016263,0.0,2.527e-05,0.9925201,20111,7,0.99251183,0.9996469
246,7,25021057,0.98856378,0.01099928,0.00246828,0.0,0.96755526,0.0,0.01896461,1.256e-05,23305,1,0.72949236,0.9969041
246,8,25021058,0.9616302,0.03891156,0.00352004,0.0,0.39971864,0.0,0.3921231,0.16572666,19202,3,0.23992487,0.9953074
246,9,25021059,0.96996743,0.02726765,0.00465735,0.0,0.95573322,0.0,0.01234146,3.1e-07,24069,1,0.56765435,0.9952334
246,10,25021060,0.98883977,0.01577408,0.00258524,0.0,0.95932423,0.0,0.02230756,8.89e-06,19343,1,0.51113335,0.9977029
247,1,25021081,0.99877243,0.00058251,0.0,1.453e-05,9.109e-05,0.42817914,0.0,0.57113273,21951,6,0.19881481,0.9994667
247,2,25021082,0.99871235,0.0005626,0.0,1.454e-05,7.344e-05,0.30085124,0.0,0.69849819,24551,7,0.15335881,0.9989091
247,3,25021083,0.99872799,0.00047375,0.0,1.482e-05,5.442e-05,0.68135759,0.0,0.31809942,34959,6,0.13108184,0.9990671
247,4,25021084,0.99845354,0.0006066,0.0,1.467e-05,6.753e-05,0.79346056,0.0,0.20585064,42431,6,0.12958084,0.9994667
247,5,25021085,0.99850762,0.00055833,0.0,1.48e-05,6.262e-05,0.70903648,0.0,0.29032777,23743,6,0.1087428,0.998934
247,6,25021086,0.99874677,0.00058124,0.0,1.459e-05,7.346e-05,0.44557885,0.0,0.55375185,38135,6,0.12470394,0.9988591
247,7,25021087,0.99870275,0.00020793,0.0,1.511e-05,1.586e-05,0.99945813,0.0,0.00030297,34681,6,0.67160825,0.9990671
247,8,25021088,0.99874218,0.00050695,0.0,1.464e-05,6.142e-05,0.65357727,0.0,0.34583973,31307,6,0.18540276,0.9992666
247,9,25021089,0.99854491,0.00053399,0.0,1.443e-05,6.671e-05,0.59381048,0.0,0.40557439,25727,7,0.2438506,0.9988841
247,10,25021090,0.99862466,0.00055014,0.0,1.474e-05,6.028e-05,0.7569552,0.0,0.24241964,59567,6,0.22993992,0.9990006
248,1,25021111,0.98447137,0.1924095,0.41986562,0.0,1.525e-05,0.3877095,0.0,1.3e-07,8355,4,0.41983391,3.2057465
248,2,25021112,0.9866423,0.15633405,0.2546058,0.0,0.00817314,0.3145998,0.0,0.26628722,11794,6,0.27981953,3.2063371
248,3,25021113,0.96994492,0.38332572,0.61666121,0.0,8.68e-06,4.19e-06,0.0,2e-07,10347,4,0.36268874,3.2058464
248,4,25021114,0.99937078,0.00068093,4.601e-05,0.0,4.085e-05,0.31204037,0.0,0.68719184,23043,7,0.68705846,3.2058214
248,5,25021115,0.97398444,0.33115739,0.41322455,0.0,3.042e-05,0.25548176,0.0,0.00010588,17322,4,0.40379981,3.2063371
248,6,25021116,0.96971754,0.38125306,0.61872869,0.0,1.429e-05,3.81e-06,0.0,1.5e-07,8354,4,0.61869529,3.2056966
248,7,25021117,0.97376229,0.32851718,0.67146258,0.0,1.607e-05,4.03e-06,0.0,1.4e-07,8418,4,0.29688547,3.2056968
248,8,25021118,0.97405335,0.33605706,0.66391758,0.0,1.882e-05,6e-06,0.0,5.4e-07,53613,0,0.31421749,2.433687
248,9,25021119,0.98246813,0.22073698,0.35301112,0.0,2.505e-05,0.42622649,0.0,3.7e-07,14882,6,0.42599263,3.2057965
248,10,25021120,0.96900272,0.40417635,0.59580776,0.0,9.59e-06,5.86e-06,0.0,4.4e-07,17316,4,0.59575585,3.2063371
249,1,25021141,0.88771737,0.00204313,0.00183498,0.2709269,2.976e-05,0.71276903,0.01239618,1e-08,34825,6,0.42781015,0.999135
249,2,25021142,0.97884458,0.00098099,0.00387246,1.101e-05,0.00110119,0.97629853,0.0177358,2e-08,26731,6,0.22314316,0.9982399
249,3,25021143,0.91777094,0.0052352,0.0021925,0.13526206,2.749e-05,0.848919,0.00836364,1.1e-07,35225,6,0.41827614,0.9991352
249,4,25021144,0.85707749,0.0030153,0.00108136,0.4175945,0.00035221,0.57795367,2.93e-06,2e-08,8008,2,0.41758418,0.6657925
249,5,25021145,0.90639127,0.00643766,0.00878094,0.15517432,0.0015319,0.82214344,0.0059317,3e-08,7897,6,0.23478836,0.9982068
249,6,25021146,0.8914835,0.00591102,0.00272435,0.19106724,0.00076153,0.79256538,0.00697002,4.6e-07,38989,6,0.20758138,0.9991347
249,7,25021147,0.948267,0.00565371,0.006186,0.03758901,0.00010299,0.93613437,0.01433386,5e-08,33161,6,0.27170569,0.9986706
249,8,25021148,0.86727084,0.0158042,0.005814,0.0524367,0.00352792,0.80158123,0.0737134,0.04712254,29711,6,0.23940395,0.999335
249,9,25021149,0.84848816,0.00765669,0.00344593,0.27821752,0.00047064,0.69772095,0.012488,2.7e-07,8017,2,0.23687512,0.4994776
249,10,25021150,0.89039562,0.01581458,0.00633651,0.09052652,0.00306991,0.84187543,0.04237554,1.51e-06,22663,6,0.12728091,0.9986957
250,1,25021171,0.99944944,0.00169704,0.01519652,0.0,0.00049751,0.31617878,0.0,0.66643015,30463,7,0.12801021,0.9997895
250,2,25021172,0.99928016,0.00163512,0.02715786,0.0,0.00041966,0.26209879,0.0,0.70868858,56135,6,0.16123254,0.9997645
250,3,25021173,0.9992123,0.00224688,0.01080801,0.0,0.00115436,0.17089725,0.0,0.8148935,48255,7,0.18111258,0.9997895
250,4,25021174,0.99969702,0.00093103,0.0037703,0.0,0.00015018,0.00453677,0.0,0.99061171,65463,7,0.23905728,0.9997921
250,5,25021175,0.99955028,0.00163295,0.00515007,0.0,0.00019308,0.08847242,0.0,0.90455148,64503,7,0.2420118,0.9997921
250,6,25021176,0.99968608,0.00111162,0.00292798,0.0,0.00016616,0.01505201,0.0,0.98074223,61391,7,0.17915691,0.9997895
250,7,25021177,0.99958645,0.00147126,0.00583842,0.0,0.00024238,0.11611876,0.0,0.87632918,38775,7,0.14405879,0.9998447
250,8,25021178,0.99951477,0.00133423,0.0139423,0.0,0.00048922,0.14446974,0.0,0.83976451,39839,7,0.1770763,0.9998421
250,9,25021179,0.99948581,0.00137534,0.00817674,0.0,0.00022387,0.16940528,0.0,0.82081876,7639,7,0.28727475,0.9996646
250,10,25021180,0.99956282,0.00138544,0.00706836,0.0,0.00055923,0.19250517,0.0,0.79848181,34295,7,0.14929439,0.9998614
251,1,25021201,0.99680018,0.00803109,0.0059015,0.0,0.001459,0.70778644,1.8e-07,0.2768218,24331,7,0.27675241,2.3777169
251,2,25021202,0.99917202,0.00129018,0.00112038,0.0,0.00081426,0.1445293,2.5e-07,0.85224563,20365,7,0.8522171,2.3773418
251,3,25021203,0.99707712,0.00517715,0.01380555,0.0,0.0012745,0.70729373,2e-07,0.27244888,24364,6,0.29812549,2.3776669
251,4,25021204,0.99217986,0.0257259,0.01063041,0.0,0.0052086,0.59109469,0.00010378,0.36723662,19202,7,0.32276472,2.377567
251,5,25021205,0.99702626,0.0168004,0.02409574,0.0,0.00192691,0.27195603,3.3e-07,0.6852206,19972,7,0.40169764,2.3770922
251,6,25021206,0.99938911,0.00084891,0.00047,0.0,5.662e-05,0.99855758,3.2e-07,6.658e-05,56843,6,0.99816097,2.3773916
251,7,25021207,0.99949551,0.00073536,0.00046897,0.0,2.37e-05,0.99865743,1.1e-07,0.00011443,22404,6,0.99849615,2.377642
251,8,25021208,0.99849751,0.00204199,0.00049495,0.0,0.00086923,0.31235749,3.5e-07,0.68423601,23298,7,0.68409004,2.3776419
251,9,25021209,0.99385914,0.04885027,0.01354016,0.0,0.00211045,0.52248661,1.5e-07,0.41301236,19972,7,0.30138555,2.3770922
251,10,25021210,0.98521032,0.06628205,0.00826501,0.0,0.01509715,0.82226789,0.00025548,0.08783242,52740,6,0.36874576,2.377192
252,1,25021231,0.99831272,0.00056308,0.0,2.163e-05,1.913e-05,0.99939239,1.57e-06,2.2e-06,27647,6,0.09769045,0.998974
252,2,25021232,0.998257,0.00036017,0.0,2.161e-05,1.055e-05,0.99960055,1.54e-06,5.58e-06,40217,6,0.18873967,0.999149
252,3,25021233,0.9984808,0.00048055,0.0,2.219e-05,1.144e-05,0.99946951,1.61e-06,1.471e-05,64791,6,0.32430697,0.9990991
252,4,25021234,0.99837778,0.00059348,0.0,2.151e-05,2.47e-05,0.99935838,1.57e-06,3.5e-07,57727,6,0.09491172,0.9986989
252,5,25021235,0.99840798,0.00045913,0.0,2.165e-05,1.594e-05,0.99950143,1.59e-06,2.7e-07,27307,6,0.14974692,0.9984485
252,6,25021236,0.9981185,0.00043009,0.0,2.143e-05,1.963e-05,0.99950315,1.56e-06,2.414e-05,34219,6,0.16729198,0.9982983
252,7,25021237,0.99845086,0.00043632,0.0,2.15e-05,1.344e-05,0.99952537,1.56e-06,1.81e-06,9727,6,0.21254214,0.9992991
252,8,25021238,0.99831412,0.00042927,0.0,2.148e-05,1.451e-05,0.99953315,1.57e-06,2e-08,29801,6,0.29069518,0.9991492
252,9,25021239,0.99841095,0.00043764,0.0,2.139e-05,1.832e-05,0.99952072,1.52e-06,4.1e-07,39529,6,0.21297749,0.998624
252,10,25021240,0.99839114,0.00034216,0.0,2.143e-05,7.03e-06,0.99962777,1.59e-06,1e-08,40857,6,0.16519982,0.998499
253,1,25021261,0.99948583,0.00084246,0.00038393,0.0,4.069e-05,0.73695882,0.0,0.26177409,55181,6,0.5350009,2.6842849
253,2,25021262,0.99782083,0.0076494,0.00077729,0.0,0.00127935,0.73933796,0.0,0.250956,16029,6,0.49902251,2.6838986
253,3,25021263,0.97888564,0.07660801,0.00475799,0.0,0.03792543,0.52122491,0.0,0.35948367,54932,6,0.5016504,2.684185
253,4,25021264,0.99926315,0.00092373,0.00296739,0.0,0.00052114,0.92350763,0.0,0.07208011,55181,6,0.35845903,2.6842849
253,5,25021265,0.99708281,0.00237452,0.00347789,0.0,0.00356755,0.33243471,0.0,0.65814532,16293,7,0.65808134,2.6838235
253,6,25021266,0.99731198,0.01004838,0.00057044,0.0,0.00147234,0.66069266,0.0,0.32721617,43789,6,0.41317594,2.6842849
253,7,25021267,0.99941394,0.00074616,5.377e-05,0.0,4.35e-05,0.83307414,0.0,0.16608243,48005,6,0.46358212,2.6838484
253,8,25021268,0.96210665,0.18860564,0.00152906,0.0,0.00348924,0.4285214,0.0,0.37785465,57101,7,0.37784009,2.6842849
253,9,25021269,0.99937707,0.00052909,0.00019379,0.0,1.274e-05,0.99926398,0.0,4e-07,47011,6,0.99874736,2.6838486
253,10,25021270,0.99951733,0.00057023,0.00016922,0.0,1.311e-05,0.99924715,0.0,2.8e-07,22165,6,0.64660742,2.684185
254,1,25021291,0.61353078,0.12610277,0.02905087,0.0,0.0930827,0.13250543,0.20419373,0.41506451,23183,7,0.41506243,0.9991257
254,2,25021292,0.95839065,0.01738986,0.00697802,0.0,0.01268616,0.00011486,0.01677893,0.94605217,24207,7,0.88090706,0.9989345
254,3,25021293,0.9826515,0.00709854,0.00379728,0.0,0.00541099,2.429e-05,0.00622804,0.97744086,19079,7,0.97743819,0.998976
254,4,25021294,0.89328967,0.04049238,0.00851789,0.0,0.03517065,0.25174897,0.04264147,0.62142865,23175,7,0.62142813,0.9990508
254,5,25021295,0.93597069,0.02865633,0.00766527,0.0,0.02113776,0.08246767,0.02621356,0.8338594,23183,7,0.65498188,0.9991257
254,6,25021296,0.74600661,0.08629948,0.02092278,0.0,0.06509718,3.5e-06,0.1283061,0.69937096,20103,7,0.699369,0.9987848
254,7,25021297,0.90907112,0.03815802,0.00746287,0.0,0.02452822,0.3627156,0.04011917,0.52701613,19087,7,0.52701596,0.9990758
254,8,25021298,0.79443933,0.08129976,0.01887128,0.0,0.05222188,0.75082351,0.09678274,8.2e-07,22919,6,0.29053003,0.9990508
254,9,25021299,0.99892638,0.00058479,0.0026493,0.0,9.13e-06,1.4e-06,9.6e-07,0.99675441,23183,7,0.99675098,0.9991257
254,10,25021300,0.89799669,0.0322275,0.0108324,0.0,0.01875969,2.123e-05,0.06064518,0.87751399,19079,7,0.8248924,0.998976
255,1,25021321,0.99892371,0.00064096,0.0,0.0,7.583e-05,0.54337159,0.0,0.45591162,40887,7,0.09883095,0.9993433
255,2,25021322,0.99886746,0.00067336,0.0,0.0,8.855e-05,0.47891702,0.0,0.52032107,12159,7,0.10244528,0.9995454
255,3,25021323,0.99884847,0.00061345,0.0,0.0,8.78e-05,0.64385904,0.0,0.3554397,54975,6,0.11922583,0.998989
255,4,25021324,0.99892027,0.00062951,0.0,0.0,7.957e-05,0.67278469,0.0,0.32650623,51159,6,0.13845794,0.9995621
255,5,25021325,0.99886852,0.00066679,0.0,0.0,7.996e-05,0.53769998,0.0,0.46155327,59207,6,0.08370493,0.9988916
255,6,25021326,0.9988914,0.00063259,0.0,0.0,8.853e-05,0.57732599,0.0,0.42195289,20383,7,0.22201657,0.9991411
255,7,25021327,0.99892325,0.00062368,0.0,0.0,8.104e-05,0.58150037,0.0,0.4177949,44927,7,0.13476964,0.9995954
255,8,25021328,0.99872851,0.00059197,0.0,0.0,7.159e-05,0.58846797,0.0,0.41086846,48743,6,0.1588322,0.9984629
255,9,25021329,0.99908824,0.00063379,0.0,0.0,8.8e-05,0.51668607,0.0,0.48259214,52607,7,0.14310486,0.9995954
255,10,25021330,0.99891823,0.00066732,0.0,0.0,8.274e-05,0.65292593,0.0,0.34632402,38655,6,0.23144995,0.9991912
256,1,25021351,0.99931992,0.00057111,7.071e-05,0.0,4.288e-05,0.99487916,0.0,0.00443615,48643,6,0.99456199,3.2151431
256,2,25021352,0.9993094,0.00094712,0.00026167,0.0,2.444e-05,0.00045562,0.0,0.99831116,19340,7,0.99805297,3.2150679
256,3,25021353,0.9994251,0.0006862,7.515e-05,0.0,2.43e-05,0.99921386,0.0,4.8e-07,15106,6,0.56675162,3.2156857
256,4,25021354,0.99794448,0.00494514,0.0013881,0.0,2.588e-05,0.99362119,0.0,1.968e-05,10757,6,0.32879887,3.2150183
256,5,25021355,0.99942387,0.00083587,0.00029644,0.0,2.424e-05,0.9988377,0.0,5.75e-06,11045,6,0.49944934,3.2156607
256,6,25021356,0.99071685,0.0375329,0.00068807,0.0,0.0021169,0.64751392,0.0,0.31214821,19332,7,0.31213734,3.2150679
256,7,25021357,0.99941855,0.0007801,0.00014967,0.0,4.587e-05,0.79717412,0.0,0.20185023,43557,6,0.35107794,3.2151016
256,8,25021358,0.99341026,0.02475308,0.00070838,0.0,0.00331043,0.9712177,0.0,1.04e-05,18979,6,0.77941634,3.2150184
256,9,25021359,0.9993586,0.00041604,4.94e-06,0.0,2.114e-05,0.99955765,0.0,2.2e-07,52437,6,0.47523262,3.2152348
256,10,25021360,0.99940673,0.00057849,0.00019464,0.0,3.593e-05,0.54168797,0.0,0.45750297,48667,6,0.54094319,3.2158106
257,1,25021381,0.99791563,0.00031553,0.0,2.053e-05,8.52e-06,0.99965358,1.82e-06,2e-08,61385,6,0.37606206,0.9984062
257,2,25021382,0.66524454,0.00025377,0.0,0.99972633,5.27e-06,1.261e-05,2.01e-06,1e-08,40556,2,0.63290125,0.6656044
257,3,25021383,0.99834398,0.00057722,0.0,2.417e-05,2.866e-05,0.999368,1.87e-06,9e-08,44425,6,0.11993327,0.9976103
257,4,25021384,0.99855204,0.00059288,0.0,2.35e-05,1.922e-05,0.9993622,1.87e-06,3.3e-07,23967,6,0.16803501,0.9994023
257,5,25021385,0.99828082,0.0004451,0.0,2.199e-05,1.179e-05,0.99951731,1.79e-06,2.02e-06,23785,6,0.13191203,0.9983065
257,6,25021386,0.99819817,0.00058267,0.0,2.287e-05,2.012e-05,0.99937193,1.85e-06,5.6e-07,64719,6,0.1113759,0.9986058
257,7,25021387,0.99824494,0.00062155,0.0,2.432e-05,2.58e-05,0.99213405,1.95e-06,0.00719232,63807,6,0.08376408,0.9991041
257,8,25021388,0.99837955,0.00026244,0.0,1.921e-05,9.55e-06,0.99970699,1.76e-06,4e-08,32847,6,0.60280734,0.9990027
257,9,25021389,0.99787171,0.00047347,0.0,2.133e-05,1.743e-05,0.99948568,1.82e-06,2.7e-07,19143,6,0.20560033,0.9983564
257,10,25021390,0.99860129,0.00047902,0.0,2.202e-05,1.712e-05,0.99947527,1.81e-06,4.77e-06,31339,6,0.20939456,0.9989037
258,1,25021411,0.9835623,0.02220133,0.01732813,5e-08,0.03033361,0.0,0.02399595,0.90614095,44837,7,0.48967261,1.4439584
258,2,25021412,0.99950676,0.00083203,0.00062355,2e-08,5.688e-05,0.0,3.06e-06,0.99848446,12205,7,0.99846437,1.4438197
258,3,25021413,0.99676744,0.00947332,0.00085643,2e-08,0.00906517,0.0,0.00127597,0.97932909,16173,7,0.59820081,1.4440084
258,4,25021414,0.98917291,0.01436079,0.0029389,1e-08,0.02178047,0.0,0.01935167,0.94156816,44813,7,0.39060759,1.4440583
258,5,25021415,0.99959519,0.00076972,0.00102562,2e-08,4.093e-05,0.0,3.13e-06,0.99816058,12045,7,0.99803705,1.4439584
258,6,25021416,0.99380276,0.01429084,0.00966379,3e-08,0.00471775,0.0,0.00790769,0.9634199,24077,7,0.5990535,1.4437698
258,7,25021417,0.99317192,0.00911955,0.00258329,1e-08,0.00887926,0.0,0.01268225,0.96673564,16269,7,0.76498167,1.4439197
258,8,25021418,0.99952151,0.00123045,0.00115243,2e-08,5.577e-05,0.0,3.12e-06,0.99755821,52781,7,0.94364984,1.4438696
258,9,25021419,0.99963313,0.0012739,0.0011183,1e-08,4.419e-05,0.0,3.07e-06,0.99756054,53005,7,0.99754847,1.4440583
258,10,25021420,0.99176232,0.01414375,0.00237566,2e-08,0.02691506,0.0,0.00792483,0.94864068,44813,7,0.89182323,1.4440583
259,1,25021441,0.98917393,0.03038009,0.00233762,0.0,0.01179453,0.02089293,0.00018361,0.93441122,24322,7,0.49287169,1.6079303
259,2,25021442,0.99288479,0.00708292,0.00272759,0.0,0.00725986,0.00018407,0.00255801,0.98018756,24324,7,0.71480504,1.6079303
259,3,25021443,0.98416696,0.0422719,0.00328764,0.0,0.0162547,0.02681129,0.00326358,0.9081109,19210,7,0.36109785,1.6078553
259,4,25021444,0.98527219,0.03035852,0.0024255,0.0,0.0163775,0.06482425,0.00224524,0.88376899,24333,7,0.3398036,1.6080053
259,5,25021445,0.98720704,0.02627696,0.00253056,0.0,0.0085093,0.02682384,0.00314301,0.93271633,20355,7,0.80882762,1.6077339
259,6,25021446,0.99919265,0.00124532,0.00105468,0.0,8.91e-05,0.00028577,4.5e-07,0.99732468,24331,7,0.37513697,1.6080053
259,7,25021447,0.99586651,0.01054399,0.00189116,0.0,0.00243676,0.03487091,0.00108113,0.94917605,23308,7,0.5124833,1.6079553
259,8,25021448,0.99129078,0.01287841,0.00146082,0.0,0.00656421,0.19487205,0.0019566,0.78226791,18954,7,0.5079658,1.6075342
259,9,25021449,0.99350212,0.02777235,0.00111082,0.0,0.0157371,0.05670992,0.00026181,0.898408,19341,7,0.43064633,1.6077838
259,10,25021450,0.98982804,0.02489318,0.00494475,0.0,0.00346005,0.01606903,0.00320597,0.94742702,18946,7,0.66939688,1.6075342
260,1,25021471,0.99839712,0.00029157,0.0,1.879e-05,2.596e-05,0.94384155,0.0,0.05582214,15737,6,0.34664399,0.9991814
260,2,25021472,0.99835741,0.00040694,0.0,1.862e-05,4.135e-05,0.72831451,0.0,0.27121857,32815,6,0.13377109,0.9986728
260,3,25021473,0.99858363,0.00057022,0.0,1.85e-05,8.061e-05,0.66091758,0.0,0.3384131,27071,6,0.24425567,0.9990226
260,4,25021474,0.99852144,0.00049686,0.0,1.863e-05,6.852e-05,0.65955675,0.0,0.33985925,31881,6,0.16524831,0.9991816
260,5,25021475,0.99830319,0.00052993,0.0,1.867e-05,6.713e-05,0.55854617,0.0,0.44083811,19439,6,0.1090457,0.9984047
260,6,25021476,0.99836618,0.00047381,0.0,1.86e-05,4.547e-05,0.6495082,0.0,0.34995392,15321,6,0.10509362,0.9991816
260,7,25021477,0.99851461,0.00044329,0.0,1.857e-05,4.283e-05,0.8994415,0.0,0.10005382,31753,6,0.34925745,0.9991815
260,8,25021478,0.99871845,0.00054586,0.0,1.854e-05,8.313e-05,0.46634893,0.0,0.53300354,25919,6,0.21242941,0.9993316
260,9,25021479,0.99834639,0.0004744,0.0,1.876e-05,4.346e-05,0.58162916,0.0,0.41783422,31373,6,0.23770298,0.9988724
260,10,25021480,0.99850393,0.00048246,0.0,1.862e-05,5.206e-05,0.91419017,0.0,0.08525669,37599,6,0.1881627,0.998364
261,1,25021501,0.96835892,0.24949351,0.12997213,0.0,0.01175067,0.60876882,0.0,1.488e-05,48045,6,0.25618707,3.21976
261,2,25021502,0.9854535,0.11118337,0.27949405,0.0,0.00935877,0.50914009,0.0,0.09082372,48789,6,0.22414976,3.21966
261,3,25021503,0.94099399,0.48133839,0.29111611,0.0,1.295e-05,0.22753215,0.0,3.9e-07,51899,6,0.2275261,3.21976
261,4,25021504,0.95327085,0.38992275,0.23597288,0.0,3.372e-05,0.37406172,0.0,8.92e-06,10722,4,0.16946031,3.21946
261,5,25021505,0.99936094,0.00074713,0.00013813,0.0,4.395e-05,0.99906739,0.0,3.41e-06,52098,6,0.36072384,3.2195598
261,6,25021506,0.99747361,0.03604057,8.299e-05,0.0,0.00627338,0.95752363,0.0,7.943e-05,43916,6,0.32667522,3.2196098
261,7,25021507,0.93763347,0.49854289,0.29906705,0.0,0.02775903,0.17463009,0.0,9.4e-07,18557,4,0.12828113,3.2201035
261,8,25021508,0.9398651,0.50765809,0.49231862,0.0,1.735e-05,5.75e-06,0.0,1.9e-07,12991,0,0.50716475,2.4804969
261,9,25021509,0.92798942,0.60891487,0.39105884,0.0,2.085e-05,5.26e-06,0.0,1.8e-07,47355,4,0.39102706,3.21976
261,10,25021510,0.93997643,0.50782797,0.4921493,0.0,1.697e-05,5.6e-06,0.0,1.7e-07,45819,4,0.49212205,3.2202034
262,1,25021531,0.87055385,0.0356016,0.01664364,0.03702624,0.00932857,0.83911631,0.06228315,5e-07,36937,6,0.55515273,0.9992169
262,2,25021532,0.90451695,0.01365225,0.01344218,0.05493327,0.00622826,0.86259362,0.04915024,1.7e-07,33293,6,0.17168308,0.9990255
262,3,25021533,0.92377841,0.01220547,0.01512299,0.01206142,0.00806798,0.90052808,0.05192063,9.343e-05,22663,6,0.56169404,0.9988593
262,4,25021534,0.87176826,0.02140131,0.02018449,0.06299401,0.01339495,0.29382371,0.06792913,0.5202724,23175,7,0.52027229,0.9984769
262,5,25021535,0.8563645,0.02271764,0.01267626,0.01339018,0.01701762,0.83899197,0.09520381,2.53e-06,20431,6,0.20442866,0.9991839
262,6,25021536,0.89179251,0.0230316,0.01504402,0.02171883,0.0077068,0.86171981,0.07077887,8e-08,34379,6,0.21186215,0.9992169
262,7,25021537,0.92961019,0.01799091,0.00904614,0.00857335,0.0036236,0.9191855,0.04158018,3.1e-07,55879,6,0.45148365,0.9985268
262,8,25021538,0.67707196,0.00984277,0.00581629,0.69857017,0.00388139,0.15923276,0.02077729,0.10187934,8008,2,0.35299373,0.6659561
262,9,25021539,0.81959286,0.03361184,0.01348071,0.14128007,0.01070128,0.73112075,0.06980529,7e-08,34825,6,0.33491641,0.9992168
262,10,25021540,0.79885614,0.01660994,0.01097709,0.32807835,0.00774736,0.58516554,0.05142082,9e-07,22663,6,0.4671656,0.9988593
263,1,25021561,0.99922668,0.0011236,0.02344082,0.0,0.0001777,0.25106211,0.0,0.72419576,8039,7,0.16371891,0.9994167
263,2,25021562,0.99936246,0.00083852,0.00878478,0.0,0.00012093,0.2018877,0.0,0.78836807,28031,7,0.28007403,0.9997207
263,3,25021563,0.9994559,0.00079526,0.00633444,0.0,0.00010273,0.38657757,0.0,0.60619001,21887,7,0.23973831,0.9997706
263,4,25021564,0.99925588,0.00115228,0.00412867,0.0,0.00010701,0.23390314,0.0,0.7607089,60287,7,0.17159207,0.9996561
263,5,25021565,0.99926272,0.00091807,0.01270418,0.0,0.00019235,0.40688946,0.0,0.57929594,19903,6,0.22487668,0.9997207
263,6,25021566,0.99905953,0.00154229,0.00616729,0.0,0.00030911,0.42944078,0.0,0.56254054,54711,6,0.12698226,0.9997456
263,7,25021567,0.99902088,0.00155184,0.00853638,0.0,0.00017387,0.43250367,0.0,0.55723424,53623,6,0.12129628,0.9990432
263,8,25021568,0.99928318,0.00108854,0.007057,0.0,0.00012179,0.12326065,0.0,0.86847202,19839,7,0.2239321,0.9997207
263,9,25021569,0.99918765,0.00118516,0.02590938,0.0,0.00016685,0.44426265,0.0,0.52847596,36247,6,0.20018202,0.9996041
263,10,25021570,0.99935621,0.00090228,0.00276378,0.0,0.00012452,0.29198914,0.0,0.70422028,36351,7,0.25864882,0.9997707
264,1,25021591,0.99933435,0.00041965,3.862e-05,0.0,2.383e-05,0.99951755,0.0,3.5e-07,24010,6,0.98986458,2.8824266
264,2,25021592,0.99313942,0.01158124,0.00479749,0.0,0.00360138,0.98000584,0.0,1.405e-05,15874,6,0.57620436,2.8822601
264,3,25021593,0.99460877,0.0196859,0.0070165,0.0,0.00138827,0.75331122,0.0,0.21859811,23042,7,0.21857086,2.88226
264,4,25021594,0.99710618,0.00468855,0.01227046,0.0,7.804e-05,0.71081101,0.0,0.27215193,52738,6,0.5877119,2.8822601
264,5,25021595,0.99882295,0.00136237,0.00039807,0.0,0.0001611,0.99805972,0.0,1.874e-05,8892,6,0.71914305,2.8827361
264,6,25021596,0.99939773,0.00076932,0.00026182,0.0,5.443e-05,0.74970586,0.0,0.24920857,57124,6,0.43926007,2.882836
264,7,25021597,0.99934614,0.00055771,0.01181631,0.0,3.921e-05,0.98758467,0.0,2.1e-06,56533,6,0.81384498,2.8824599
264,8,25021598,0.99918402,0.00187841,0.00218224,0.0,5.892e-05,0.57953538,0.0,0.41634505,55842,6,0.53677354,2.88231
264,9,25021599,0.99951338,0.00015289,8.398e-05,0.0,1.032e-05,0.9997527,0.0,1.2e-07,8884,6,0.99973986,2.8827361
264,10,25021600,0.99935269,0.00046441,0.00322646,0.0,2.682e-05,0.9962776,0.0,4.71e-06,54725,6,0.52227217,2.882861
265,1,25021621,0.99821114,0.00048864,0.0,2.219e-05,1.893e-05,0.99946858,1.6e-06,7e-08,36491,6,0.21456257,0.9982492
265,2,25021622,0.99767726,0.00039038,0.0,2.195e-05,1.806e-05,0.99956799,1.58e-06,3e-08,13145,6,0.19032254,0.997664
265,3,25021623,0.99858206,0.00064846,0.0,2.264e-05,2.731e-05,0.99911261,1.58e-06,0.0001874,40287,6,0.15029434,0.9986495
265,4,25021624,0.9985084,0.00038845,0.0,2.197e-05,1.49e-05,0.99957304,1.59e-06,5e-08,6137,6,0.26581206,0.9991245
265,5,25021625,0.99810626,0.00038059,0.0,2.174e-05,1.098e-05,0.99958502,1.55e-06,1.2e-07,35465,6,0.22147183,0.9985873
265,6,25021626,0.99830746,0.00051783,0.0,2.214e-05,2.263e-05,0.99943545,1.61e-06,3.4e-07,26479,6,0.11704376,0.9985997
265,7,25021627,0.99794724,0.00057096,0.0,2.208e-05,2.352e-05,0.9993805,1.61e-06,1.31e-06,35687,6,0.12896044,0.9981791
265,8,25021628,0.99834666,0.00059605,0.0,2.219e-05,2.373e-05,0.99935632,1.64e-06,7e-08,34239,6,0.16523347,0.9993245
265,9,25021629,0.99800495,0.00026724,0.0,2.162e-05,5.57e-06,0.99970399,1.56e-06,1e-08,15529,6,0.33684981,0.9981505
265,10,25021630,0.99817197,0.00052625,0.0,2.225e-05,2.095e-05,0.99942376,1.6e-06,5.19e-06,3031,6,0.19683746,0.9991746
266,1,25021651,0.99890393,0.00217289,0.00074834,0.0,0.0004145,0.38624172,6.51e-06,0.61041604,16165,7,0.4163674,2.3576554
266,2,25021652,0.99256664,0.01547786,0.00175538,0.0,0.00925467,0.51282408,0.00030397,0.46038405,43789,6,0.26129212,2.3577553
266,3,25021653,0.99955169,0.00069791,9.67e-05,0.0,1.805e-05,0.99918619,7.6e-07,4e-07,50845,6,0.99903499,2.3577554
266,4,25021654,0.99942963,0.0008771,0.00077629,0.0,9.054e-05,0.99816883,2.36e-06,8.489e-05,48940,6,0.45753095,2.3576887
266,5,25021655,0.99906039,0.00235842,0.00091527,0.0,4.839e-05,0.95958421,1.08e-06,0.03709263,56069,6,0.87279339,2.3576804
266,6,25021656,0.99933735,0.00073883,0.0001525,0.0,2.554e-05,0.99908177,7.1e-07,6.4e-07,22157,6,0.99886389,2.3572843
266,7,25021657,0.9930513,0.01954544,0.00726948,0.0,0.01307449,0.723618,0.00106818,0.23542441,15141,6,0.46221272,2.3576554
266,8,25021658,0.99846594,0.00850129,0.00851286,0.0,4.457e-05,0.1738373,1.25e-06,0.80910274,24109,7,0.80909351,2.3572841
266,9,25021659,0.99953577,0.00065791,0.00053231,0.0,3.023e-05,0.00016314,7.6e-07,0.99861564,16133,7,0.99857685,2.3576554
266,10,25021660,0.99674848,0.00399825,0.00138186,0.0,0.00086113,0.89791851,0.00301555,0.09282471,24101,6,0.43674771,2.3572093
267,1,25021681,0.91279507,0.05051776,0.00761642,0.0,0.03685413,0.0,0.04665835,0.85835333,23175,7,0.49865421,0.9994149
267,2,25021682,0.99915634,0.00118671,0.00259596,0.0,1.451e-05,0.0,9.1e-07,0.99620191,20111,7,0.99615745,0.9993699
267,3,25021683,0.99924813,0.00064193,0.00134572,0.0,1.083e-05,0.0,8.9e-07,0.99800062,23175,7,0.99800031,0.9994149
267,4,25021684,0.99924856,0.00092102,0.00263456,0.0,1.481e-05,0.0,9.1e-07,0.9964287,19087,7,0.99618551,0.9994399
267,5,25021685,0.99924679,0.000571,0.00184287,0.0,1.481e-05,0.0,9.1e-07,0.99757041,23175,7,0.99756916,0.9994149
267,6,25021686,0.91696326,0.05288518,0.00754646,0.0,0.03491816,0.0,0.04557823,0.85907197,24207,7,0.84619531,0.9994198
267,7,25021687,0.90933542,0.05321399,0.00770956,0.0,0.04330054,0.0,0.05442136,0.84135456,19079,7,0.84135342,0.9993401
267,8,25021688,0.87395441,0.06592386,0.01022716,0.0,0.04595173,0.0,0.10886337,0.76903389,23183,7,0.66241909,0.9994898
267,9,25021689,0.99913647,0.00101729,0.00311383,0.0,1.131e-05,0.0,9.6e-07,0.99585662,24199,7,0.99585503,0.999345
267,10,25021690,0.89246338,0.06340352,0.00877883,0.0,0.05109607,0.0,0.06082265,0.81589893,24199,7,0.81589824,0.999345
268,1,25021711,0.9986038,0.00063033,0.0,1.11e-05,5.795e-05,0.37935158,0.0,0.61994905,52975,7,0.11111231,0.9987634
268,2,25021712,0.99827516,0.00025385,0.0,1.174e-05,1.695e-05,0.99420455,0.0,0.00551291,52153,6,0.2698914,0.9985632
268,3,25021713,0.99867622,0.00056155,0.0,1.078e-05,6.016e-05,0.56468648,0.0,0.43468102,53111,7,0.12719995,0.999448
268,4,25021714,0.99876658,0.0006143,0.0,1.071e-05,9.726e-05,0.45943282,0.0,0.5398449,12247,7,0.2118218,0.9994313
268,5,25021715,0.99843623,0.00053335,0.0,1.095e-05,6.556e-05,0.62442702,0.0,0.37496312,27723,6,0.14056536,0.9980654
268,6,25021716,0.99868402,0.00045313,0.0,1.138e-05,5.071e-05,0.85570241,0.0,0.14378236,30681,6,0.28182899,0.9992811
268,7,25021717,0.99845801,0.00048423,0.0,1.09e-05,4.199e-05,0.78497542,0.0,0.21448746,31375,6,0.110323,0.9990222
268,8,25021718,0.99867813,0.00046956,0.0,1.099e-05,5.399e-05,0.65150757,0.0,0.3479579,38441,6,0.18120877,0.9988223
268,9,25021719,0.99875946,0.00053935,0.0,1.111e-05,6.106e-05,0.57694451,0.0,0.42244397,60011,6,0.15251117,0.9990218
268,10,25021720,0.99869365,0.00058472,0.0,1.08e-05,7.251e-05,0.56081107,0.0,0.4385209,55799,7,0.1283542,0.9989379
269,1,25021741,0.99939465,0.00027275,0.00021879,0.0,5.31e-06,0.99950304,0.0,1.2e-07,8876,6,0.51279246,3.4467631
269,2,25021742,0.99215571,0.04208523,0.03517281,0.0,0.00069214,0.3743738,0.0,0.54767602,19973,7,0.43430762,3.446813
269,3,25021743,0.96526046,0.20455336,0.11374318,0.0,6.88e-05,0.131241,0.0,0.55039366,18947,7,0.34349608,3.4468129
269,4,25021744,0.98858677,0.06521075,0.05032044,0.0,0.00083682,0.88363145,0.0,5.4e-07,8876,6,0.59501693,3.4467631
269,5,25021745,0.99707577,0.01521801,0.00775722,0.0,0.00010036,0.85640703,0.0,0.12051739,51738,6,0.32630208,3.4469128
269,6,25021746,0.98869881,0.06170421,0.05473393,0.0,0.0007459,0.88279477,0.0,2.12e-05,22412,6,0.52129332,3.4475516
269,7,25021747,0.99931168,0.00048113,7.091e-05,0.0,2.549e-05,0.99941939,0.0,3.09e-06,20122,6,0.5182724,3.4468626
269,8,25021748,0.99930904,0.0007899,7.169e-05,0.0,4.786e-05,0.99900356,0.0,8.698e-05,18986,6,0.57684529,3.4467631
269,9,25021749,0.99950171,0.0002348,0.00031051,0.0,5.23e-06,0.99944935,0.0,1.2e-07,8884,6,0.99943743,3.4474516
269,10,25021750,0.99932783,0.00090488,0.00042758,0.0,5.967e-05,0.87994169,0.0,0.11866617,56874,6,0.69395372,3.4469624
270,1,25021771,0.99816079,0.00071153,0.0,1.607e-05,2.586e-05,0.99924321,3.05e-06,2.8e-07,18879,6,0.13027423,0.9991234
270,2,25021772,0.99836043,0.00045577,0.0,9.67e-06,1.198e-05,0.99951998,2.57e-06,2e-08,56137,6,0.1760925,0.9986981
270,3,25021773,0.99822441,0.00045954,0.0,1.193e-05,1.673e-05,0.99950924,2.55e-06,2e-08,37085,6,0.25521991,0.9984983
270,4,25021774,0.99829178,0.00057319,0.0,1.213e-05,1.569e-05,0.99939589,2.92e-06,1.8e-07,30249,6,0.2371338,0.9989736
270,5,25021775,0.99830864,0.00060455,0.0,1.265e-05,1.684e-05,0.99936292,3.01e-06,4e-08,37997,6,0.23365398,0.9990489
270,6,25021776,0.99784811,0.00040069,0.0,1.169e-05,1.34e-05,0.99956934,2.54e-06,2.35e-06,47241,6,0.21918722,0.9984986
270,7,25021777,0.99841818,0.00026131,0.0,8.83e-06,3.97e-06,0.99972363,2.24e-06,1e-08,37145,6,0.40146243,0.9992489
270,8,25021778,0.99828804,0.00074252,0.0,1.548e-05,2.118e-05,0.99921732,2.7e-06,8e-07,20335,6,0.14574233,0.9988481
270,9,25021779,0.99828998,0.00043301,0.0,1.105e-05,1.403e-05,0.9995389,2.96e-06,6e-08,33753,6,0.30213792,0.9990489
270,10,25021780,0.99833124,0.00038051,0.0,9.53e-06,7.96e-06,0.99959956,2.42e-06,2e-08,32777,6,0.35303532,0.999049
271,1,25021801,0.9996736,0.00211232,0.00622789,0.0,0.00107494,2.22e-06,0.0,0.99058263,63231,7,0.198622,0.9999473
271,2,25021802,0.99953797,0.00255381,0.04770596,0.0,0.0013866,3.77e-06,0.0,0.94834986,24535,7,0.20006815,0.9999486
271,3,25021803,0.99963316,0.00254677,0.00645222,0.0,0.00137993,2.64e-06,0.0,0.98961843,13815,7,0.23853737,0.9999486
271,4,25021804,0.99964731,0.00207402,0.00779507,0.0,0.0003475,5.34e-06,0.0,0.98977807,60975,7,0.1852421,0.9997343
271,5,25021805,0.99962326,0.00265918,0.0113417,0.0,0.00088962,9.146e-05,0.0,0.98501805,14847,7,0.16483134,0.9999472
271,6,25021806,0.99979334,0.00166634,0.00923508,0.0,0.00025693,5.19e-06,0.0,0.98883646,57111,7,0.54471048,0.9998893
271,7,25021807,0.99960427,0.00263361,0.03269888,0.0,0.00293632,4.67e-06,0.0,0.96172652,52735,7,0.14379685,0.9999736
271,8,25021808,0.99983677,0.00170459,0.01740529,0.0,0.00031424,1.59e-06,0.0,0.9805743,19455,7,0.30012161,0.9999105
271,9,25021809,0.9996925,0.00217086,0.0097128,0.0,0.00027509,2.44e-06,0.0,0.9878388,58991,7,0.27499541,0.9997737
271,10,25021810,0.99970841,0.00209817,0.00568583,0.0,0.00044715,0.11956583,0.0,0.87220302,28159,7,0.15056002,0.9999236
272,1,25021831,0.99307513,0.01961646,0.0024113,0.0,0.00488834,0.31235812,3.666e-05,0.66068911,23301,7,0.39803511,2.2278245
272,2,25021832,0.99937155,0.00071142,0.00108447,0.0,3.62e-05,0.9981596,3.3e-07,7.97e-06,23076,6,0.77263796,2.2273795
272,3,25021833,0.99783346,0.00911342,0.00061576,0.0,0.00463959,0.98543843,5.6e-07,0.00019223,24355,6,0.78512934,2.2278245
272,4,25021834,0.99699787,0.00749278,0.00052209,0.0,0.00123307,0.45941712,0.00012245,0.5312125,18954,7,0.26707524,2.2272796
272,5,25021835,0.98808603,0.02072714,0.00402573,0.0,0.00803764,0.96465793,0.00254333,8.24e-06,23333,6,0.41669314,2.2278246
272,6,25021836,0.99936917,0.00059416,0.00022026,0.0,3.396e-05,0.99912975,3.2e-07,2.155e-05,23075,6,0.66494364,2.2274045
272,7,25021837,0.9995007,0.00098937,0.00090018,0.0,3.302e-05,0.26726798,4.89e-06,0.73080457,24324,7,0.73068504,2.2277996
272,8,25021838,0.99657466,0.00496815,0.0007929,0.0,0.002241,0.49932865,0.00031119,0.49235812,20364,7,0.49176453,2.2273794
272,9,25021839,0.99858121,0.00329341,0.00094172,0.0,0.00028204,0.29884719,3.4e-07,0.69663529,23309,7,0.69661169,2.2278745
272,10,25021840,0.99874765,0.00212856,0.00057494,0.0,0.00101147,0.58258024,3.2e-07,0.41370447,23298,7,0.41369798,2.2277995
273,1,25021861,0.99844532,0.00053372,0.0,2.293e-05,7.343e-05,0.40009425,0.0,0.59927566,60247,7,0.11470123,0.999214
273,2,25021862,0.99820878,0.00050582,0.0,2.305e-05,6.378e-05,0.58539554,0.0,0.41401181,11703,6,0.12100085,0.9992639
273,3,25021863,0.99819553,0.00049077,0.0,2.304e-05,4.703e-05,0.74153607,0.0,0.2579031,47247,6,0.12193361,0.9984287
273,4,25021864,0.99848359,0.00050521,0.0,2.277e-05,6.738e-05,0.45205746,0.0,0.54734718,30763,6,0.15986245,0.9987711
273,5,25021865,0.99842262,0.00046159,0.0,2.282e-05,5.646e-05,0.56041745,0.0,0.43904168,35703,7,0.13200336,0.9989046
273,6,25021866,0.99830904,0.00040954,0.0,2.296e-05,2.979e-05,0.89643363,0.0,0.10310408,58383,6,0.23128758,0.999114
273,7,25021867,0.99832853,0.00047457,0.0,2.287e-05,6.714e-05,0.56778457,0.0,0.43165084,33503,6,0.11053994,0.9982289
273,8,25021868,0.99832419,0.00055609,0.0,2.286e-05,7.253e-05,0.59705998,0.0,0.40228854,18847,6,0.12838759,0.9992638
273,9,25021869,0.99817053,0.00048434,0.0,2.283e-05,5.916e-05,0.6010157,0.0,0.39841798,52927,7,0.17055059,0.9982858
273,10,25021870,0.99838343,0.00046203,0.0,2.255e-05,3.356e-05,0.8934589,0.0,0.10602297,35885,6,0.46711089,0.9989138
274,1,25021891,0.90787878,0.35090106,0.00251881,0.0,0.00068834,0.20828904,0.0,0.43760276,44813,7,0.4375947,3.0947653
274,2,25021892,0.90988347,0.29369668,0.01565694,0.0,0.00409535,0.41918525,0.0,0.26736577,57250,6,0.27032412,3.0941969
274,3,25021893,0.99950007,0.0003908,3.85e-06,0.0,1.701e-05,0.9995881,0.0,2.4e-07,56405,6,0.95163506,3.0946903
274,4,25021894,0.99942793,0.00074653,1.061e-05,0.0,5.19e-05,0.99916683,0.0,2.413e-05,51082,6,0.55212331,3.0946654
274,5,25021895,0.99083551,0.0282741,0.00293332,0.0,0.00156105,0.73445285,0.0,0.23277867,47877,6,0.45646738,3.0946903
274,6,25021896,0.97146158,0.09525891,0.00084232,0.0,0.00063219,0.90326634,0.0,2.4e-07,51387,6,0.83734625,3.0943467
274,7,25021897,0.96548351,0.10804444,0.01789653,0.0,0.00232851,0.87173035,0.0,1.8e-07,53499,6,0.6193452,3.0947653
274,8,25021898,0.97777646,0.06375703,0.00225586,0.0,0.00154321,0.93223353,0.0,0.00021038,24484,6,0.27133115,3.0941719
274,9,25021899,0.99940803,0.0005716,0.00017432,0.0,3.081e-05,0.99917132,0.0,5.196e-05,14212,6,0.3703846,3.0946404
274,10,25021900,0.92665661,0.28719287,0.00292873,0.0,0.10155197,0.50898168,0.0,0.09934475,24332,6,0.34142554,3.0946654
275,1,25021921,0.82923292,0.0358985,0.00880923,0.0,0.02190809,0.73366937,0.12304535,0.07666945,18895,6,0.37652228,0.9985397
275,2,25021922,0.79498715,0.0408189,0.01531551,0.0,0.02331462,0.76243485,0.15810715,8.96e-06,18831,6,0.25896443,0.9988171
275,3,25021923,0.77635565,0.04086272,0.00896275,0.0,0.02365593,0.57232553,0.16607855,0.18811452,19599,6,0.22880006,0.9990944
275,4,25021924,0.79150844,0.0375456,0.01056203,0.0,0.03727193,0.77313548,0.14148447,5e-07,22663,6,0.19912589,0.9990695
275,5,25021925,0.94977073,0.01280345,0.0067955,0.0,0.00898022,0.79049274,0.03074359,0.15018448,4039,6,0.27591358,0.9992943
275,6,25021926,0.98359492,0.00419983,0.00229144,0.0,0.00158157,0.98089043,0.01103552,1.21e-06,19591,6,0.70012067,0.9989946
275,7,25021927,0.85096813,0.02944833,0.00853891,0.0,0.0142093,0.52594493,0.11019889,0.31165965,19087,7,0.21498962,0.998817
275,8,25021928,0.91899127,0.01616036,0.0065092,0.0,0.01214685,0.9056872,0.05945614,4.026e-05,19599,6,0.32937778,0.9990944
275,9,25021929,0.87083853,0.02308161,0.00650509,0.0,0.01199247,0.85859902,0.09982067,1.14e-06,19855,6,0.19694177,0.998817
275,10,25021930,0.81654434,0.0360379,0.00765279,0.0,0.01803451,0.66573167,0.13681585,0.13572728,17223,6,0.35225383,0.9977039
276,1,25021951,0.99900906,0.00075729,0.00262437,0.0,8.958e-05,0.26041753,0.0,0.73611123,63479,7,0.17177177,0.9996155
276,2,25021952,0.99901701,0.00082385,0.00264478,0.0,0.00011395,0.61545905,0.0,0.38095836,19903,6,0.17043816,0.9995904
276,3,25021953,0.99898902,0.00069684,0.0021283,0.0,8.637e-05,0.41268619,0.0,0.58440231,61303,7,0.12937589,0.9996071
276,4,25021954,0.99902968,0.00066988,0.0015426,0.0,6.878e-05,0.50561382,0.0,0.49210493,46263,6,0.19127951,0.999256
276,5,25021955,0.99905383,0.0008526,0.00281671,0.0,0.00010852,0.29967464,0.0,0.69654754,10111,7,0.16365053,0.9994806
276,6,25021956,0.99917956,0.00067045,0.00227837,0.0,9.174e-05,0.42089642,0.0,0.57606303,58271,7,0.09400605,0.9994608
276,7,25021957,0.99901186,0.00068969,0.00187284,0.0,0.0002198,0.38477401,0.0,0.61244364,63223,6,0.21679417,0.9992062
276,8,25021958,0.99892905,0.00074558,0.00197569,0.0,8.553e-05,0.45155572,0.0,0.54563748,19895,6,0.10058106,0.9995904
276,9,25021959,0.99892877,0.00067228,0.00202253,0.0,8.918e-05,0.47236371,0.0,0.5248523,63359,7,0.1494066,0.9996405
276,10,25021960,0.9990151,0.00076358,0.00096516,0.0,9.298e-05,0.4820119,0.0,0.51616637,10175,6,0.24765765,0.9994108
277,1,25021981,0.99943799,0.00059945,0.00021324,0.0,3.08e-05,0.3382428,0.0,0.66091371,19203,7,0.56591919,3.3176706
277,2,25021982,0.99826917,0.00478775,0.00039019,0.0,4.735e-05,0.99476755,0.0,7.16e-06,43539,6,0.62988809,3.3170912
277,3,25021983,0.99125703,0.03480772,0.00076764,0.0,0.00016362,0.44242115,0.0,0.52183988,23043,7,0.26244869,3.3170827
277,4,25021984,0.96109492,0.09434999,0.00189454,0.0,0.00760763,0.76592773,0.0,0.13022011,51757,6,0.33305988,3.3172575
277,5,25021985,0.99932313,0.00088454,0.00038258,0.0,3.454e-05,0.99869058,0.0,7.76e-06,24452,6,0.60067135,3.3171827
277,6,25021986,0.99936688,0.00048674,0.0001112,0.0,2.856e-05,0.87214843,0.0,0.12722507,55827,6,0.65164182,3.3171327
277,7,25021987,0.99680424,0.00788752,0.00087403,0.0,8.631e-05,0.99110584,0.0,4.63e-05,56101,6,0.42698874,3.3177457
277,8,25021988,0.99942806,0.00060441,0.00045607,0.0,4.38e-05,0.9983738,0.0,0.00052192,48899,6,0.60496105,3.3177457
277,9,25021989,0.99815593,0.00353708,0.0001222,0.0,3.984e-05,0.84000295,0.0,0.15629792,51085,6,0.23162161,3.3178206
277,10,25021990,0.99945059,0.00081231,8.984e-05,0.0,5.168e-05,0.99901574,0.0,3.043e-05,48906,6,0.53962049,3.317754
278,1,25022011,0.99824973,0.00040997,0.0,2.037e-05,1.096e-05,0.99955703,1.62e-06,6e-08,32921,6,0.22987343,0.9982548
278,2,25022012,0.99834169,0.00049117,0.0,2.181e-05,2.079e-05,0.99946433,1.7e-06,2.1e-07,37751,6,0.14955,0.9988908
278,3,25022013,0.99816531,0.00040956,0.0,2.065e-05,1.489e-05,0.99955277,1.64e-06,5e-07,28811,6,0.19784435,0.9991269
278,4,25022014,0.99821145,0.00040077,0.0,2.054e-05,1.065e-05,0.99956638,1.63e-06,2e-08,58415,6,0.19253343,0.9991271
278,5,25022015,0.99817466,0.00045242,0.0,2.081e-05,1.345e-05,0.99951159,1.66e-06,8e-08,39785,6,0.13782579,0.9981186
278,6,25022016,0.99814805,0.00033106,0.0,2e-05,1.664e-05,0.99962985,1.65e-06,8.1e-07,34219,6,0.29281969,0.998254
278,7,25022017,0.99834798,0.0005067,0.0,2.145e-05,1.683e-05,0.99945324,1.68e-06,1e-07,62185,6,0.1867982,0.9981186
278,8,25022018,0.99782875,0.0005546,0.0,2.127e-05,2.222e-05,0.99939785,1.7e-06,2.36e-06,31901,6,0.16457716,0.9977821
278,9,25022019,0.99849121,0.00059277,0.0,2.213e-05,1.757e-05,0.99936578,1.69e-06,7e-08,48023,6,0.11611877,0.9989656
278,10,25022020,0.99834696,0.00061287,0.0,2.142e-05,2.398e-05,0.99933887,1.66e-06,1.21e-06,46463,6,0.21697841,0.9993269
279,1,25022041,0.98185634,0.03770933,0.02798595,0.0,0.04142971,0.35348622,0.00848276,0.53090603,53005,7,0.36455839,1.9004188
279,2,25022042,0.99959534,0.00068456,0.00114586,0.0,2.876e-05,5.4e-07,1.15e-06,0.99813914,16141,7,0.99812702,1.9003688
279,3,25022043,0.9854103,0.02256422,0.01479039,0.0,0.01887496,0.63026863,0.00808703,0.30541477,11813,6,0.63026587,1.8998892
279,4,25022044,0.98869826,0.02877796,0.02051996,0.0,0.01631342,1.247e-05,0.00535265,0.92902354,44973,7,0.82254952,1.9002389
279,5,25022045,0.98955589,0.02874872,0.02378745,0.0,0.01227653,0.38680541,0.00407882,0.54430307,20237,7,0.23391409,1.9003188
279,6,25022046,0.98332813,0.03813762,0.01283946,0.0,0.01988,0.07779689,0.00794798,0.84339805,44973,7,0.61963558,1.9002389
279,7,25022047,0.98112823,0.06191965,0.03461346,0.0,0.03917708,0.22232424,0.00314493,0.63882064,44805,7,0.41931449,1.9003188
279,8,25022048,0.97434497,0.07033586,0.09134804,0.0,0.04180148,6.2e-07,0.00687463,0.78963937,15885,7,0.49097905,1.900039
279,9,25022049,0.99632556,0.00532729,0.00107565,0.0,0.00140867,1.28e-06,0.00332135,0.98886576,24357,7,0.52308229,1.9003188
279,10,25022050,0.99270678,0.01512752,0.02467794,0.0,0.01075524,0.29103048,0.00179166,0.65661716,48901,7,0.54396248,1.9003438
280,1,25022071,0.99939917,0.00072293,0.00110833,0.0,3.279e-05,0.0,1.8e-06,0.99813415,23045,7,0.84006209,1.3129139
280,2,25022072,0.99487812,0.00773814,0.00325202,0.0,0.00602731,0.0,0.00053978,0.98244275,19213,7,0.37104638,1.3131513
280,3,25022073,0.9911858,0.00940622,0.00423488,0.0,0.00538781,0.0,0.00237525,0.97859584,20228,7,0.45933983,1.3130514
280,4,25022074,0.99537506,0.00533366,0.00148979,0.0,0.00104221,0.0,0.00255044,0.9895839,24324,7,0.62984888,1.3131263
280,5,25022075,0.9996523,0.00092764,0.00094566,0.0,4.553e-05,0.0,5.5e-07,0.99808062,23307,7,0.99797149,1.3132013
280,6,25022076,0.99950502,0.00080487,0.00065533,0.0,3.181e-05,0.0,5.3e-07,0.99850745,19331,7,0.98555172,1.3129888
280,7,25022077,0.99959445,0.0013815,0.0009451,0.0,6.535e-05,0.0,5.5e-07,0.9976075,23308,7,0.89471562,1.3131513
280,8,25022078,0.99197175,0.00753667,0.00115137,0.0,0.00552263,0.0,0.00176484,0.9840245,20229,7,0.6722633,1.3131014
280,9,25022079,0.98758013,0.01773796,0.00314854,0.0,0.01191632,0.0,0.00369104,0.96350615,18955,7,0.81530367,1.3129389
280,10,25022080,0.99906315,0.00126756,0.00138338,0.0,8.108e-05,0.0,0.00024713,0.99702084,20362,7,0.64085608,1.312889
281,1,25022101,0.99835331,0.00045624,0.0,1.556e-05,6.746e-05,0.6097955,0.0,0.38966524,40937,6,0.1969091,0.9985542
281,2,25022102,0.99842039,0.00059062,0.0,1.555e-05,7.396e-05,0.46137304,0.0,0.53794683,41983,7,0.24505904,0.9987538
281,3,25022103,0.99833879,0.00039236,0.0,1.566e-05,3.624e-05,0.80760452,0.0,0.19195122,36523,6,0.17963004,0.998665
281,4,25022104,0.99845423,0.00049077,0.0,1.537e-05,6.196e-05,0.56211798,0.0,0.43731391,7543,7,0.14931433,0.9993516
281,5,25022105,0.99850057,0.00039698,0.0,1.57e-05,3.52e-05,0.90648154,0.0,0.09307058,37721,6,0.49501806,0.9991768
281,6,25022106,0.99823011,0.00056211,0.0,1.548e-05,5.419e-05,0.77765391,0.0,0.22171431,38287,6,0.11288391,0.9983539
281,7,25022107,0.99821986,0.00050238,0.0,1.555e-05,4.57e-05,0.6562379,0.0,0.34319847,24687,6,0.19918054,0.9985041
281,8,25022108,0.99842379,0.00056299,0.0,1.546e-05,6.576e-05,0.39648534,0.0,0.60287046,27423,7,0.15056981,0.9988595
281,9,25022109,0.99860378,0.00052465,0.0,1.542e-05,5.7e-05,0.50217372,0.0,0.49722921,3487,6,0.10927627,0.9991268
281,10,25022110,0.99852355,0.0004945,0.0,1.553e-05,5.634e-05,0.68236569,0.0,0.31706794,29591,6,0.11496807,0.9988653
282,1,25022131,0.99940896,0.00071763,5.774e-05,0.0,3.948e-05,0.99913159,0.0,5.357e-05,16290,6,0.37202695,3.5514171
282,2,25022132,0.99937494,0.00094942,0.00547421,0.0,5.374e-05,0.20966151,0.0,0.78386113,53125,7,0.78384536,3.5514589
282,3,25022133,0.99942286,0.00109201,0.20138824,0.0,5.573e-05,0.79736591,0.0,9.81e-05,52133,6,0.24926092,3.5514589
282,4,25022134,0.99933009,0.00104436,0.99888197,0.0,6.865e-05,4.65e-06,0.0,3.7e-07,23012,4,0.99885482,3.5514172
282,5,25022135,0.99947902,0.00096844,0.29167122,0.0,3.627e-05,0.70732392,0.0,1.6e-07,21179,6,0.70729038,3.5520519
282,6,25022136,0.99945981,0.00072806,0.03779154,0.0,2.931e-05,0.96144754,0.0,3.55e-06,24091,6,0.42791155,3.5520519
282,7,25022137,0.99938187,0.00161714,0.45513256,0.0,7.448e-05,0.54316577,0.0,1.005e-05,51773,4,0.2810591,3.5521019
282,8,25022138,0.99938217,0.0015575,0.99834952,0.0,8.814e-05,4.71e-06,0.0,1.4e-07,43771,4,0.9758038,3.5515921
282,9,25022139,0.99935142,0.00139029,0.99851163,0.0,9.301e-05,4.74e-06,0.0,3.3e-07,55781,4,0.99834728,3.5514922
282,10,25022140,0.99939835,0.00072102,0.01250468,0.0,1.883e-05,0.98671764,0.0,3.783e-05,14251,6,0.52383557,3.5515422
283,1,25022161,0.74544656,0.00236466,0.0012373,0.49411292,0.00010846,0.49749063,0.00468603,1e-08,8016,2,0.49410977,0.4994475
283,2,25022162,0.89368461,0.00573701,0.00409973,0.17148642,0.00055559,0.80730871,0.01081253,2e-08,33433,6,0.18872859,0.9984091
283,3,25022163,0.91255704,0.01321996,0.00627072,0.03932423,0.00339542,0.90410516,0.03368432,2e-07,39119,6,0.22959224,0.9991236
283,4,25022164,0.97678899,0.00364721,0.00214764,0.0058199,0.00342617,0.97542909,0.00952976,2.3e-07,37163,6,0.22530747,0.9984092
283,5,25022165,0.91929268,0.0097329,0.00530095,0.03277752,0.00290313,0.91160753,0.03767696,1.01e-06,33163,6,0.29097692,0.9986471
283,6,25022166,0.98424362,0.0055868,0.00390287,0.00192668,0.00395352,0.97715002,0.00747947,6.5e-07,37583,6,0.39872511,0.9991233
283,7,25022167,0.97476006,0.00336353,0.00220553,0.00933963,0.0003606,0.8467914,0.01442677,0.12351255,36973,6,0.66351529,0.9986471
283,8,25022168,0.80182533,0.00468002,0.00367101,0.3063827,0.00099815,0.59987239,0.0315349,0.05286083,23361,2,0.26935597,0.4992967
283,9,25022169,0.98819503,0.00604877,0.00471191,0.00077594,0.00074269,0.98324413,0.00447651,5e-08,23943,6,0.48064935,0.9981964
283,10,25022170,0.92765968,0.01003284,0.00641718,0.04748782,0.0037219,0.89682686,0.0355132,1.9e-07,22489,6,0.31113554,0.9993231
284,1,25022191,0.99916302,0.00174305,0.01711035,0.0,0.00064608,0.16750951,0.0,0.812991,43967,7,0.16802321,0.9996847
284,2,25022192,0.99937323,0.00116078,0.00944595,0.0,0.00013374,0.25452896,0.0,0.73473056,7295,7,0.16960326,0.9995847
284,3,25022193,0.99927109,0.00145709,0.03314041,0.0,0.00037401,0.18612596,0.0,0.77890254,23543,7,0.17345084,0.9997385
284,4,25022194,0.99925725,0.00159577,0.02003573,0.0,0.00023968,0.09353996,0.0,0.88458886,21887,7,0.16860832,0.9998422
284,5,25022195,0.9994888,0.00113869,0.00935444,0.0,0.00015406,0.03180561,0.0,0.95754721,10231,7,0.24995653,0.9997923
284,6,25022196,0.99926955,0.0013708,0.01101338,0.0,0.00043347,0.07572819,0.0,0.91145416,52191,7,0.13275324,0.9998422
284,7,25022197,0.99947445,0.00101501,0.00501446,0.0,0.00013912,0.18176043,0.0,0.81207097,64639,7,0.16800457,0.9996847
284,8,25022198,0.99942407,0.00139908,0.01013938,0.0,0.00030086,0.05708026,0.0,0.93108043,61439,7,0.29822679,0.9998423
284,9,25022199,0.99934017,0.00134556,0.0239023,0.0,0.00026285,0.10367608,0.0,0.8708132,18295,7,0.21869903,0.999653
284,10,25022200,0.99939004,0.00126836,0.02101089,0.0,0.0001852,0.03886287,0.0,0.93867268,58751,7,0.11675543,0.9998423
285,1,25022221,0.98505905,0.01755485,0.00338916,0.0,0.00872629,0.80945284,0.0,0.16087685,16141,6,0.3607497,2.8248038
285,2,25022222,0.99703607,0.01566116,0.00035323,0.0,0.00065769,0.91653958,0.0,0.06678834,51747,6,0.37175794,2.8242228
285,3,25022223,0.99947748,0.00061971,0.00058239,0.0,5.364e-05,0.99872329,0.0,2.096e-05,53003,6,0.60700016,2.8248537
285,4,25022224,0.99932156,0.0006192,0.00036728,0.0,3.473e-05,0.9983906,0.0,0.00058818,24099,6,0.6281498,2.8242143
285,5,25022225,0.9975662,0.00700676,0.00010699,0.0,0.0012112,0.63347887,0.0,0.35819618,11587,6,0.42445509,2.8247038
285,6,25022226,0.99544766,0.0051279,0.00145799,0.0,0.00412053,0.43701959,0.0,0.55227399,24330,7,0.5522343,2.8247538
285,7,25022227,0.99933765,0.00062963,0.00023439,0.0,3.243e-05,0.00030621,0.0,0.99879734,23044,7,0.99849812,2.8241894
285,8,25022228,0.99871463,0.00277912,0.00070757,0.0,0.00173048,0.0138618,0.0,0.98092103,18954,7,0.98089819,2.8240896
285,9,25022229,0.9994963,0.00063052,0.00016411,0.0,3.442e-05,0.24552543,0.0,0.75364552,24331,7,0.75340668,2.8248038
285,10,25022230,0.99324024,0.01508552,0.00160504,0.0,0.00386225,0.72923546,0.0,0.25021173,55853,6,0.4314593,2.8243891
286,1,25022251,0.99850244,0.00039131,0.0,2.132e-05,1.265e-05,0.99957317,1.54e-06,2e-08,60585,6,0.23755989,0.9990696
286,2,25022252,0.99843949,0.00018406,0.0,2.107e-05,2.62e-06,0.99979068,1.55e-06,2e-08,34649,6,0.56699847,0.9988698
286,3,25022253,0.99839595,0.0004276,0.0,2.149e-05,1.711e-05,0.99953225,1.52e-06,2e-08,25099,6,0.17214555,0.9986547
286,4,25022254,0.99799359,0.00053473,0.0,2.152e-05,1.641e-05,0.99942505,1.59e-06,7e-07,33087,6,0.16290151,0.9989046
286,5,25022255,0.99839719,0.00055246,0.0,2.15e-05,1.926e-05,0.99928725,1.59e-06,0.00011794,52183,6,0.20334582,0.9992362
286,6,25022256,0.99829594,0.00048561,0.0,2.141e-05,1.956e-05,0.99946688,1.56e-06,4.97e-06,28747,6,0.14476495,0.9990696
286,7,25022257,0.99803066,0.00047949,0.0,2.132e-05,1.683e-05,0.99948058,1.55e-06,2.3e-07,38633,6,0.31542397,0.9988696
286,8,25022258,0.99839,0.00044635,0.0,2.134e-05,2.128e-05,0.99950653,1.54e-06,2.97e-06,60011,6,0.3843156,0.9987042
286,9,25022259,0.9980717,0.00020592,0.0,2.125e-05,3.73e-06,0.99976755,1.54e-06,1e-08,38713,6,0.55070327,0.9987047
286,10,25022260,0.99817888,0.00037295,0.0,2.135e-05,1.091e-05,0.99959326,1.53e-06,1e-08,60459,6,0.26925711,0.9990694
287,1,25022281,0.99758818,0.00207485,0.00087457,0.0,0.00294461,0.30204138,0.0,0.69206459,24365,7,0.69202463,2.8228514
287,2,25022282,0.99871632,0.00242503,0.00080262,0.0,9.724e-05,0.59725157,0.0,0.39942354,53947,6,0.48187549,2.8229014
287,3,25022283,0.96966418,0.03656482,0.00122262,0.0,0.03909863,0.92294337,0.0,0.00017056,15140,6,0.33782579,2.8227765
287,4,25022284,0.98684003,0.06068686,0.00123435,0.0,0.0125933,0.9157071,0.0,0.00977839,23645,6,0.35143519,2.8228514
287,5,25022285,0.99940952,0.00045818,3.455e-05,0.0,4.136e-05,0.99946326,0.0,2.65e-06,14252,6,0.5467775,2.822404
287,6,25022286,0.9989933,0.00226885,0.00024814,0.0,0.00037078,0.99697187,0.0,0.00014036,19372,6,0.46714861,2.8222374
287,7,25022287,0.99861288,0.00447414,0.00181265,0.0,3.538e-05,0.1903569,0.0,0.80332094,16141,7,0.80328096,2.8228514
287,8,25022288,0.99674066,0.01622206,0.00166703,0.0,0.00047236,0.82307493,0.0,0.15856363,52892,6,0.22563631,2.8223873
287,9,25022289,0.99806068,0.00090788,0.00041284,0.0,0.00243888,0.99620324,0.0,3.716e-05,15148,6,0.6483878,2.8228014
287,10,25022290,0.99730898,0.00556745,0.00113817,0.0,0.00211444,0.99115658,0.0,2.335e-05,19340,6,0.38639504,2.8222372
288,1,25022311,0.99898661,0.0004737,0.00129234,0.0,1.08e-05,0.0,9.8e-07,0.99822218,23175,7,0.99822147,0.9991679
288,2,25022312,0.86882077,0.05877643,0.00957725,0.0,0.03132045,0.0,0.06404166,0.83628422,23175,7,0.8362837,0.9991679
288,3,25022313,0.40894974,0.25799578,0.04255367,0.0,0.15099084,0.0,0.28279172,0.265668,19079,7,0.22481914,0.999093
288,4,25022314,0.65409662,0.15632082,0.03039992,0.0,0.08901425,0.0,0.16121172,0.56305328,24199,7,0.52752572,0.9990157
288,5,25022315,0.87561781,0.05775794,0.01130067,0.0,0.03223569,0.0,0.05641832,0.84228738,23175,7,0.42474337,0.9991679
288,6,25022316,0.78663193,0.09732449,0.0130883,0.0,0.05892762,0.0,0.09613347,0.73452612,20111,7,0.60885539,0.9990407
288,7,25022317,0.99882276,0.00087359,0.00383414,0.0,7.77e-06,0.0,1.09e-06,0.99528341,20111,7,0.99528293,0.9990407
288,8,25022318,0.99898298,0.00046872,0.00164419,0.0,8.13e-06,0.0,1.52e-06,0.99787744,23175,7,0.9978667,0.9991679
288,9,25022319,0.79084,0.08576327,0.01668899,0.0,0.04568677,0.0,0.1082129,0.74364807,24199,7,0.56194955,0.9990157
288,10,25022320,0.62000003,0.16390068,0.02987662,0.0,0.09532792,0.0,0.18501514,0.52587963,20111,7,0.37818782,0.9990407
289,1,25022341,0.99839904,0.00057579,0.0,9.9e-07,5.094e-05,0.67550261,0.0,0.32386967,65519,7,0.12202556,0.9990194
289,2,25022342,0.99882333,0.00060801,0.0,9.3e-07,8.154e-05,0.27978181,0.0,0.71952771,27511,7,0.13071869,0.9991644
289,3,25022343,0.99893583,0.00061066,0.0,9.4e-07,8.155e-05,0.3490019,0.0,0.65030495,30015,6,0.18288184,0.9995095
289,4,25022344,0.99879856,0.00056266,0.0,9.2e-07,7.403e-05,0.71585552,0.0,0.28350687,27695,6,0.17847088,0.9992595
289,5,25022345,0.99867519,0.00059609,0.0,9.4e-07,8.952e-05,0.56550852,0.0,0.43380494,3327,7,0.19786242,0.9988695
289,6,25022346,0.99850913,0.00049745,0.0,9.5e-07,5.777e-05,0.84730206,0.0,0.15214177,63721,6,0.1148435,0.9988195
289,7,25022347,0.99879594,0.00062099,0.0,9.1e-07,7.262e-05,0.38169701,0.0,0.61760847,56959,7,0.12662823,0.9990193
289,8,25022348,0.99865981,0.00054794,0.0,9e-07,8.05e-05,0.64536967,0.0,0.35400098,27967,6,0.24272841,0.9994595
289,9,25022349,0.99886804,0.00062627,0.0,9.1e-07,6.97e-05,0.43617108,0.0,0.56313204,43007,7,0.15115922,0.9995095
289,10,25022350,0.99847031,0.00053026,0.0,1e-06,6.155e-05,0.79200825,0.0,0.20739894,30939,6,0.14411752,0.9988193
290,1,25022371,0.99930709,0.00018801,0.00016025,0.0,5.65e-06,0.99964597,0.0,1.2e-07,8420,6,0.99958306,3.6541582
290,2,25022372,0.98860689,0.03633842,0.00155495,0.0,6.11e-06,0.9621004,0.0,1.3e-07,8365,6,0.55361735,3.6543077
290,3,25022373,0.99493397,0.01856494,0.00484133,0.0,0.0006588,0.97379145,0.0,0.00214348,13981,6,0.44544242,3.6550381
290,4,25022374,0.9994047,0.00034461,4.17e-06,0.0,9.36e-06,0.99964168,0.0,1.9e-07,44109,6,0.54567272,3.6544575
290,5,25022375,0.9993318,0.00063177,5.266e-05,0.0,3.994e-05,0.99927449,0.0,1.14e-06,24218,6,0.40170394,3.6544244
290,6,25022376,0.76996065,0.83406503,0.1659104,0.0,1.992e-05,4.53e-06,0.0,1.2e-07,8881,0,0.82827685,2.4372417
290,7,25022377,0.99934486,0.00035276,4.49e-06,0.0,2.29e-05,0.99961967,0.0,1.8e-07,52445,6,0.37716132,3.6545578
290,8,25022378,0.97861674,0.10219845,0.00324683,0.0,0.00181843,0.89272336,0.0,1.293e-05,8884,6,0.29214872,3.6548882
290,9,25022379,0.99426751,0.02077346,0.00926908,0.0,0.00024906,0.96966726,0.0,4.114e-05,48666,6,0.41921028,3.6550214
290,10,25022380,0.99571081,0.02424692,0.00553198,0.0,0.00105341,0.96906025,0.0,0.00010744,56069,6,0.51983413,3.655013
291,1,25022401,0.99813421,0.00053633,0.0,1.744e-05,1.938e-05,0.99942164,1.92e-06,3.29e-06,52063,6,0.20137592,0.9993591
291,2,25022402,0.99835309,0.00063692,0.0,1.921e-05,2.422e-05,0.99930801,2.06e-06,9.57e-06,61271,6,0.12074843,0.9993258
291,3,25022403,0.99839876,0.00037597,0.0,1.583e-05,7.06e-06,0.99959926,1.85e-06,3e-08,39193,6,0.31850368,0.9991591
291,4,25022404,0.99824612,0.00042856,0.0,1.662e-05,1.29e-05,0.99953997,1.92e-06,3e-08,37273,6,0.2731409,0.9991591
291,5,25022405,0.99838172,0.00030561,0.0,1.486e-05,1.489e-05,0.99966236,1.83e-06,4.4e-07,37007,6,0.46299185,0.9989591
291,6,25022406,0.99758356,0.00030774,0.0,1.53e-05,4.29e-06,0.99967067,1.95e-06,6e-08,33769,6,0.29768707,0.9967208
291,7,25022407,0.99794955,0.00047951,0.0,1.658e-05,1.516e-05,0.99948651,1.87e-06,3.6e-07,15591,6,0.1697668,0.9983446
291,8,25022408,0.99793377,0.00021055,0.0,1.514e-05,4.46e-06,0.99976802,1.81e-06,1e-08,33145,6,0.78954458,0.9983193
291,9,25022409,0.99798953,0.00047937,0.0,1.774e-05,1.843e-05,0.99947966,1.96e-06,2.84e-06,24233,6,0.24566297,0.9975803
291,10,25022410,0.99823985,0.00050364,0.0,1.627e-05,1.227e-05,0.99946565,1.9e-06,2.6e-07,37593,6,0.23859448,0.9983193
292,1,25022431,0.98166744,0.03306747,0.00423909,3e-08,0.05849702,0.0,0.02502142,0.87917496,57253,7,0.47640817,1.3228486
292,2,25022432,0.99096592,0.0128396,0.00223324,2e-08,0.01637709,0.0,0.02025703,0.94829303,24325,7,0.88244941,1.3229131
292,3,25022433,0.99853595,0.00359408,0.00149596,4e-08,0.00519728,0.0,1.628e-05,0.98969636,52997,7,0.67718123,1.3229131
292,4,25022434,0.99944157,0.0012634,0.00060795,5e-08,4.851e-05,0.0,7.83e-06,0.99807227,24109,7,0.99796797,1.3227486
292,5,25022435,0.99957075,0.00083675,0.00047368,2e-08,6.873e-05,0.0,4.91e-06,0.9986159,57253,7,0.9986002,1.3228486
292,6,25022436,0.99957268,0.00110666,0.00096356,2e-08,6.102e-05,0.0,4.47e-06,0.99786427,48685,7,0.99782343,1.3228484
292,7,25022437,0.99740096,0.00468925,0.00104667,4e-08,0.01885533,0.0,0.00184508,0.97356363,44589,7,0.70558542,1.3228484
292,8,25022438,0.99004418,0.0189956,0.00790716,4e-08,0.02823027,0.0,0.01469475,0.93017217,48941,7,0.49456243,1.323013
292,9,25022439,0.99960443,0.00131622,0.000662,3e-08,5.06e-05,0.0,4.38e-06,0.99796678,53133,7,0.88541264,1.3229485
292,10,25022440,0.99949337,0.00109856,0.00046179,3e-08,9.303e-05,0.0,4.51e-06,0.99834208,12197,7,0.84802651,1.3227486
293,1,25022461,0.99764863,0.00335797,0.00094138,0.0,0.0008978,0.61105087,3.17e-06,0.38374881,20226,7,0.33961655,2.0066217
293,2,25022462,0.9995339,0.0006971,0.0006948,0.0,3.236e-05,0.00020078,4.1e-07,0.99837455,24323,7,0.8483118,2.0067216
293,3,25022463,0.99350244,0.00873068,0.00230772,0.0,0.0048701,0.7697654,0.0006285,0.21369761,20269,6,0.42464699,2.0067216
293,4,25022464,0.98523339,0.02654597,0.00195453,0.0,0.01075455,0.75703753,0.00149231,0.2022151,57093,6,0.65098375,2.0067466
293,5,25022465,0.99381907,0.02826488,0.01411411,0.0,0.0047859,0.59547327,0.00118739,0.35617445,18946,7,0.35615817,2.0062208
293,6,25022466,0.98458142,0.02973747,0.00162182,0.0,0.0188793,0.69604074,0.00137914,0.25234152,55813,6,0.47910049,2.0063955
293,7,25022467,0.99760467,0.00237494,0.00950899,0.0,0.00135931,0.98658482,6.596e-05,0.00010597,24362,6,0.43215746,2.0067216
293,8,25022468,0.99937447,0.00086373,0.00131373,0.0,3.77e-05,0.99766648,4.1e-07,0.00011795,18987,6,0.48352661,2.0063706
293,9,25022469,0.99325801,0.02395614,0.02163647,0.0,0.01072708,0.84169185,7.802e-05,0.10191044,55810,6,0.46513526,2.0063706
293,10,25022470,0.99628717,0.00340312,0.0063246,0.0,0.00202472,0.77863143,0.00095671,0.20865942,19234,6,0.34071343,2.0066217
294,1,25022491,0.9985099,0.00058493,0.0,2.017e-05,6.797e-05,0.23364715,0.0,0.76567977,15191,7,0.48037794,0.9992627
294,2,25022492,0.99824953,0.00034015,0.0,1.948e-05,2.949e-05,0.73949047,0.0,0.2601204,44025,6,0.18899327,0.9985322
294,3,25022493,0.99810984,0.00052558,0.0,1.989e-05,5.178e-05,0.51106848,0.0,0.48833427,48815,7,0.11212863,0.9976656
294,4,25022494,0.99811326,0.00032367,0.0,1.962e-05,2.765e-05,0.86258895,0.0,0.13704011,59337,6,0.16750861,0.9981763
294,5,25022495,0.998413,0.00040256,0.0,1.942e-05,5.192e-05,0.89249234,0.0,0.10703377,58537,6,0.29998104,0.9990877
294,6,25022496,0.99822245,0.0002563,0.0,1.955e-05,1.431e-05,0.99936454,0.0,0.0003453,39385,6,0.21020827,0.9990878
294,7,25022497,0.99823354,0.00046781,0.0,1.961e-05,5.771e-05,0.80217439,0.0,0.19728048,57241,6,0.13222717,0.9983763
294,8,25022498,0.99814935,0.00038767,0.0,1.967e-05,2.906e-05,0.75926668,0.0,0.24029692,36679,7,0.16196214,0.9984763
294,9,25022499,0.99821671,0.0004946,0.0,1.952e-05,7.857e-05,0.70708715,0.0,0.29232015,36599,6,0.1498415,0.9984764
294,10,25022500,0.99836663,0.00050283,0.0,1.938e-05,6.388e-05,0.58739597,0.0,0.41201794,42431,6,0.15745692,0.9992877
295,1,25022521,0.99398779,0.02582363,0.01482095,0.0,0.00177033,0.9575325,0.0,5.259e-05,24324,6,0.43403894,3.5119539
295,2,25022522,0.99956424,0.00028417,0.00031789,0.0,7.76e-06,0.99939004,0.0,1.4e-07,49403,6,0.53655781,3.5120788
295,3,25022523,0.99921404,0.00345822,0.02615731,0.0,0.00098549,0.6689558,0.0,0.30044318,24460,6,0.38232672,3.5114438
295,4,25022524,0.99951771,0.00032353,4.1e-06,0.0,6.87e-06,0.99966534,0.0,1.6e-07,52555,6,0.99951576,3.5120788
295,5,25022525,0.99940396,0.00068447,4.916e-05,0.0,2.646e-05,0.99920354,0.0,3.637e-05,18307,6,0.52764584,3.511929
295,6,25022526,0.99954626,0.00027443,5.624e-05,0.0,7.38e-06,0.99966179,0.0,1.6e-07,21179,6,0.99964531,3.5120289
295,7,25022527,0.99943206,0.00059327,4.686e-05,0.0,4.513e-05,0.99913679,0.0,0.00017795,46986,6,0.59092809,3.5120122
295,8,25022528,0.99614275,0.01791867,0.0189321,0.0,0.0004789,0.96259385,0.0,7.649e-05,53124,6,0.32919051,3.5113771
295,9,25022529,0.92752187,0.31051594,0.01202495,0.0,5.518e-05,0.67096263,0.0,0.00644129,63739,0,0.29215883,2.6751657
295,10,25022530,0.99007887,0.04550381,0.02265206,0.0,0.00083277,0.93101,0.0,1.36e-06,16163,6,0.56495125,3.5119789
296,1,25022551,0.92392121,0.00751158,0.00282504,0.00014423,0.0021968,0.92100812,0.06631358,6.5e-07,32779,6,0.66485088,0.999225
296,2,25022552,0.86069036,0.022935,0.00728068,0.01059552,0.00856825,0.84820275,0.10241755,2.6e-07,37193,6,0.55533516,0.998476
296,3,25022553,0.84913519,0.02171032,0.00616917,0.10518588,0.00512937,0.78913967,0.07266436,1.23e-06,22351,6,0.3934897,0.999025
296,4,25022554,0.83396806,0.03061601,0.014294,0.00090703,0.01601254,0.67399957,0.12481548,0.13935537,17223,6,0.16267647,0.9972676
296,5,25022555,0.82427801,0.02103833,0.01090487,0.25674997,0.00710267,0.58568565,0.06218822,0.05633028,22215,6,0.32802243,0.9981266
296,6,25022556,0.98170899,0.00427406,0.0040204,2.4e-07,0.00034128,0.86624485,0.01304941,0.11206975,22663,6,0.47204272,0.9988753
296,7,25022557,0.88023662,0.01843412,0.00653654,0.00281131,0.00808956,0.87146907,0.09265008,9.31e-06,21447,6,0.3374144,0.9982364
296,8,25022558,0.88002391,0.01587938,0.00514436,0.07112712,0.00309226,0.77956273,0.06632391,0.05887024,22671,6,0.205097,0.9989502
296,9,25022559,0.88031055,0.01196337,0.00475497,0.01365069,0.00299282,0.86810168,0.09853359,2.88e-06,19591,6,0.46058752,0.9988004
296,10,25022560,0.84976705,0.021931,0.00777169,0.01303718,0.01224049,0.53354216,0.10865429,0.30282318,23183,7,0.30282287,0.9985757
297,1,25022581,0.99904374,0.00081105,0.00444879,0.0,9.752e-05,0.45792031,0.0,0.53672232,9599,7,0.12468433,0.9995499
297,2,25022582,0.99926952,0.00076215,0.00195665,0.0,0.00010058,0.09318476,0.0,0.90399587,59071,7,0.20918476,0.9992502
297,3,25022583,0.99932636,0.00073782,0.00511808,0.0,0.00011087,0.20774656,0.0,0.78628667,15743,7,0.20323898,0.9996999
297,4,25022584,0.99916161,0.0009242,0.00766054,0.0,0.00013906,0.28218084,0.0,0.70909536,15479,7,0.16099457,0.9993749
297,5,25022585,0.99935923,0.00081418,0.00605152,0.0,0.00013129,0.00640676,0.0,0.98659625,13687,7,0.25206355,0.9996099
297,6,25022586,0.99935586,0.0007965,0.00541592,0.0,0.00010233,0.01262516,0.0,0.98106009,15871,7,0.21377546,0.9996999
297,7,25022587,0.99915163,0.00084867,0.00853236,0.0,0.0001327,0.12852541,0.0,0.86196086,61335,7,0.13674269,0.9993001
297,8,25022588,0.99882438,0.00141326,0.02615032,0.0,0.00035214,0.21767459,0.0,0.7544097,31743,7,0.31826478,0.99955
297,9,25022589,0.99900244,0.00117959,0.01241529,0.0,0.00017032,0.46117772,0.0,0.52505708,47607,7,0.24026223,0.999375
297,10,25022590,0.99892482,0.00099865,0.00482183,0.0,0.00030192,0.33829005,0.0,0.65558755,7799,7,0.18977872,0.9992752
298,1,25022611,0.99900783,0.00106166,0.00046478,0.0,0.00048115,0.06940741,0.0,0.928585,24066,7,0.50336449,3.3653688
298,2,25022612,0.99924693,0.0008999,0.00025442,0.0,3.896e-05,0.99878797,0.0,1.875e-05,18988,6,0.44460124,3.365269
298,3,25022613,0.93020793,0.12980331,0.00483948,0.0,7.165e-05,0.20546507,0.0,0.65982048,24067,7,0.43825562,3.3653937
298,4,25022614,0.99265858,0.03425987,0.00136057,0.0,0.00254881,0.86799678,0.0,0.09383396,10773,6,0.28749094,3.3653189
298,5,25022615,0.99931384,0.00078141,0.00039858,0.0,2.853e-05,0.78909372,0.0,0.20969776,18971,6,0.55308596,3.3654187
298,6,25022616,0.99928896,0.00072914,0.00013121,0.0,1.507e-05,0.99911956,0.0,5.02e-06,10756,6,0.40906257,3.3652689
298,7,25022617,0.98778085,0.0421905,0.0006341,0.0,0.00362453,0.26789295,0.0,0.68565791,24332,7,0.50774811,3.3660412
298,8,25022618,0.99842696,0.00462812,0.00112709,0.0,0.00033722,0.81534672,0.0,0.17856084,56107,6,0.31908342,3.3661411
298,9,25022619,0.99719806,0.00813826,0.00107728,0.0,0.00032104,0.99045787,0.0,5.56e-06,57131,6,0.49383114,3.3661411
298,10,25022620,0.99948709,0.00069011,0.00072739,0.0,2.205e-05,0.99855079,0.0,9.66e-06,18306,6,0.72345028,3.3659413
299,1,25022641,0.99791867,0.00052004,0.0,2.173e-05,1.699e-05,0.9994386,1.58e-06,1.06e-06,45887,6,0.1352695,0.9979415
299,2,25022642,0.99811244,0.00048361,0.0,2.204e-05,1.789e-05,0.99947483,1.6e-06,4e-08,57625,6,0.32562269,0.998853
299,3,25022643,0.99823878,0.00056678,0.0,2.228e-05,2.312e-05,0.9993855,1.63e-06,6.9e-07,36015,6,0.25423485,0.998853
299,4,25022644,0.99829761,0.0004407,0.0,2.184e-05,1.951e-05,0.99951629,1.58e-06,9e-08,54655,6,0.15133974,0.9992525
299,5,25022645,0.99827074,0.0006146,0.0,2.236e-05,3.104e-05,0.99932968,1.64e-06,6.7e-07,19415,6,0.18703456,0.9992025
299,6,25022646,0.99813094,0.00030699,0.0,2.129e-05,1.477e-05,0.99965533,1.61e-06,2e-08,26667,6,0.41493777,0.998629
299,7,25022647,0.99831399,0.00039606,0.0,2.166e-05,1.562e-05,0.99956206,1.59e-06,3.02e-06,34379,6,0.20681319,0.9988525
299,8,25022648,0.99816304,0.00042999,0.0,2.181e-05,1.897e-05,0.99952737,1.57e-06,2.8e-07,33359,6,0.17672774,0.9988528
299,9,25022649,0.99803536,0.00052826,0.0,2.193e-05,2.643e-05,0.99942056,1.6e-06,1.21e-06,40173,6,0.16342481,0.9988522
299,10,25022650,0.99795349,0.00042225,0.0,2.195e-05,1.552e-05,0.99953867,1.59e-06,3e-08,31993,6,0.19044279,0.998306
300,1,25022671,0.99922707,0.001813,0.00105109,0.0,3.872e-05,0.99708082,7.8e-07,1.558e-05,47877,6,0.99693793,2.4025843
300,2,25022672,0.99936263,0.00065975,0.00015379,0.0,3.794e-05,0.97358545,8.4e-07,0.02556222,22445,6,0.55182526,2.4023292
300,3,25022673,0.99818904,0.00332369,0.0011191,0.0,0.00087305,0.99465498,2.58e-06,2.66e-05,19973,6,0.51770956,2.4020295
300,4,25022674,0.99432605,0.01396655,0.00126281,0.0,0.00367154,0.92190313,0.00230873,0.05688724,51085,6,0.41911758,2.4026593
300,5,25022675,0.99535741,0.01020547,0.00452659,0.0,0.0035836,0.07725871,0.00179415,0.90263148,16301,7,0.48794421,2.4023291
300,6,25022676,0.98755416,0.04038861,0.00238141,0.0,0.01364127,0.28210554,0.0009108,0.66057237,20389,7,0.26017835,2.4021792
300,7,25022677,0.98934667,0.02712759,0.00620069,0.0,0.01251707,0.91724773,0.0019921,0.03491483,48661,6,0.62036921,2.4025844
300,8,25022678,0.98427803,0.03020641,0.00281686,0.0,0.02063742,0.91398594,0.00280518,0.02954819,19365,6,0.41157569,2.4021792
300,9,25022679,0.99380202,0.01235918,0.00442429,0.0,0.00432748,0.78618533,0.00205181,0.19065191,23333,6,0.57502185,2.4025594
300,10,25022680,0.99228634,0.01589394,0.0021791,0.0,0.0068508,0.53522549,0.00169757,0.43815311,19365,6,0.50999561,2.4021792
301,1,25022701,0.99938873,0.00218818,0.00196447,0.0,2.354e-05,0.0,3.8e-06,0.99582002,20111,7,0.99581967,0.9996071
301,2,25022702,0.99949112,0.00162556,0.00160246,0.0,3.153e-05,0.0,1.57e-06,0.99673888,23183,7,0.99673598,0.9996678
301,3,25022703,0.90406319,0.06518199,0.00714297,0.0,0.17686775,0.0,0.42050354,0.33030373,24322,3,0.33159828,0.9455976
301,4,25022704,0.99943891,0.00166477,0.00192163,0.0,2.369e-05,0.0,1.91e-06,0.996388,19087,7,0.99638772,0.9996178
301,5,25022705,0.99944349,0.00171515,0.00192072,0.0,2.499e-05,0.0,1.25e-06,0.99633789,19087,7,0.99632872,0.9996178
301,6,25022706,0.97236441,0.02233101,0.00257728,0.0,0.04591772,0.0,0.10118651,0.82798748,19087,7,0.82798541,0.9996178
301,7,25022707,0.99589566,0.00365965,0.00205952,0.0,0.00049523,0.0,0.02450128,0.96928432,19087,7,0.96928405,0.9996178
301,8,25022708,0.99949128,0.00175785,0.00211595,0.0,2.627e-05,0.0,1.95e-06,0.99609797,23183,7,0.99609601,0.9996678
301,9,25022709,0.87922413,0.0891904,0.00851467,0.0,0.33955517,0.0,0.32169322,0.24104654,19079,7,0.2410464,0.999518
301,10,25022710,0.99929824,0.00192945,0.00151459,0.0,2.667e-05,0.0,1.78e-06,0.99652752,20103,7,0.99555135,0.9995073
302,1,25022731,0.99854639,0.00054541,0.0,1.263e-05,8.389e-05,0.27361053,0.0,0.72574754,18399,7,0.1554497,0.9993344
302,2,25022732,0.99843846,0.00053302,0.0,1.263e-05,7.587e-05,0.48880619,0.0,0.51057229,30719,7,0.16373671,0.9993845
302,3,25022733,0.99861082,0.00055039,0.0,1.245e-05,8.056e-05,0.50756364,0.0,0.49179296,59391,7,0.10418528,0.9993845
302,4,25022734,0.99872109,0.000541,0.0,1.249e-05,7.548e-05,0.56691588,0.0,0.43245515,16383,7,0.13377445,0.9993845
302,5,25022735,0.99831022,0.00045932,0.0,1.275e-05,4.185e-05,0.73427508,0.0,0.265211,62297,6,0.16204001,0.9991846
302,6,25022736,0.99830782,0.00043002,0.0,1.286e-05,3.788e-05,0.65562599,0.0,0.34389325,60311,7,0.1728176,0.9989437
302,7,25022737,0.99855559,0.00043676,0.0,1.287e-05,4.739e-05,0.71326054,0.0,0.28624244,61913,6,0.20543522,0.9991844
302,8,25022738,0.99854914,0.00047328,0.0,1.272e-05,5.399e-05,0.71707548,0.0,0.28238453,61037,6,0.13431111,0.9991842
302,9,25022739,0.99875976,0.0005335,0.0,1.26e-05,7.482e-05,0.36409773,0.0,0.63528135,26157,7,0.1016432,0.9988269
302,10,25022740,0.99856514,0.00056928,0.0,1.249e-05,7.548e-05,0.35357484,0.0,0.6457679,48895,7,0.08306178,0.9987695
303,1,25022761,0.97167969,0.28846987,0.28728094,0.0,0.00222539,0.42202139,0.0,2.41e-06,22412,6,0.303799,3.8668175
303,2,25022762,0.99937871,0.0007016,0.00011762,0.0,2.472e-05,0.78120512,0.0,0.21795094,14876,6,0.40474477,3.8660783
303,3,25022763,0.99929337,0.00027913,6.287e-05,0.0,4.96e-06,0.99965291,0.0,1.3e-07,8420,6,0.99964653,3.8659453
303,4,25022764,0.95340034,0.49620626,0.48797811,0.0,9.33e-06,0.0110951,0.0,0.0047112,17324,4,0.48418033,3.8667176
303,5,25022765,0.9658661,0.35494856,0.53335745,0.0,2.272e-05,0.11167109,0.0,1.7e-07,8419,4,0.31285441,3.8659951
303,6,25022766,0.99461795,0.05533581,0.04929898,0.0,4.258e-05,0.89521131,0.0,0.00011131,52005,6,0.51845765,3.8668175
303,7,25022767,0.99739861,0.02256227,0.01821934,0.0,2.615e-05,0.95917535,0.0,1.688e-05,24082,6,0.92669241,3.8667925
303,8,25022768,0.98943783,0.10585455,0.14105948,0.0,5.443e-05,0.75302563,0.0,5.91e-06,47651,6,0.32839387,3.8661198
303,9,25022769,0.95645828,0.42853056,0.57145354,0.0,1.143e-05,4.25e-06,0.0,2.1e-07,47212,4,0.23672677,3.8661448
303,10,25022770,0.97645088,0.23494194,0.33120306,0.0,1.735e-05,0.43362527,0.0,0.00021239,47203,4,0.28233239,3.8661198
304,1,25022791,0.94067761,0.00858402,0.00668066,0.04045636,7.851e-05,0.93224941,0.01195101,2e-08,33071,6,0.31257207,0.9981574
304,2,25022792,0.95848936,0.00427515,0.00722823,0.03802757,0.00069824,0.93777279,0.01199787,1.5e-07,37129,6,0.47494247,0.9984458
304,3,25022793,0.9866908,0.0019464,0.00593073,0.00938593,0.00025773,0.98152587,0.00095332,1e-08,58061,6,0.55254555,0.9992223
304,4,25022794,0.82087943,0.00850186,0.00583358,0.24853679,0.00035543,0.71654629,0.02022599,5e-08,19015,6,0.23394876,0.9978193
304,5,25022795,0.98821682,0.00062773,0.00330782,0.00057045,0.00081935,0.98583244,0.00884218,4e-08,37453,6,0.72374339,0.9990225
304,6,25022796,0.91951473,0.00637473,0.00579745,0.1774736,0.00134292,0.79373293,0.01527828,8e-08,57417,6,0.34042607,0.9992224
304,7,25022797,0.98830996,0.00325183,0.00777089,0.00680573,0.00045222,0.98171195,7.25e-06,1.2e-07,38957,6,0.1873499,0.9987337
304,8,25022798,0.88436982,0.00271002,0.0064283,0.32463133,0.00018347,0.6617778,0.00426883,2.5e-07,37067,6,0.47957927,0.9990223
304,9,25022799,0.78230005,0.00532212,0.00951726,0.50719675,3.082e-05,0.46028613,0.01764682,9e-08,8008,2,0.36248476,0.6655674
304,10,25022800,0.90784491,0.00825524,0.0116121,0.12801381,0.00057635,0.83545558,0.01608667,2.4e-07,36893,6,0.29745575,0.9984456
305,1,25022821,0.99955926,0.0013939,0.01761154,0.0,0.00100674,0.06364159,0.0,0.91634622,20311,7,0.14882203,0.9998781
305,2,25022822,0.99954321,0.00147432,0.01512072,0.0,0.00039755,0.15421452,0.0,0.82879289,12095,7,0.173653,0.9997704
305,3,25022823,0.99962278,0.00156838,0.00588258,0.0,0.00025236,6.822e-05,0.0,0.99222847,16335,7,0.15301483,0.9998563
305,4,25022824,0.99936579,0.00209018,0.00745496,0.0,0.00148405,3.845e-05,0.0,0.98893236,37759,7,0.11998935,0.9998922
305,5,25022825,0.99962998,0.00141552,0.0139966,0.0,0.00032253,3.855e-05,0.0,0.9842268,10239,7,0.23666577,0.9998781
305,6,25022826,0.99946828,0.00212328,0.00716108,0.0,0.00058068,5.12e-06,0.0,0.99012984,57119,7,0.21499341,0.9997845
305,7,25022827,0.99962503,0.00135712,0.01763669,0.0,0.00041779,6.59e-05,0.0,0.98052249,44407,7,0.30762519,0.9998948
305,8,25022828,0.99952683,0.00257005,0.01888348,0.0,0.00031183,0.00984246,0.0,0.96839218,28511,7,0.1453126,0.9998781
305,9,25022829,0.99953116,0.00216396,0.00835205,0.0,0.00076021,0.01775225,0.0,0.97097153,53119,7,0.16683674,0.9999281
305,10,25022830,0.9995824,0.00152872,0.00693204,0.0,0.00056908,2.629e-05,0.0,0.99094387,15135,7,0.16969456,0.9997844
306,1,25022851,0.98667477,0.05694999,0.01082537,0.0,0.00446888,0.60990563,0.00018674,0.31766339,57090,6,0.2458937,2.6973633
306,2,25022852,0.9984596,0.00233636,0.00126805,0.0,0.00085811,0.94251421,5.9e-07,0.05302267,19245,6,0.6965944,2.6973633
306,3,25022853,0.99904472,0.00271585,0.00111676,0.0,0.00015744,0.66703821,2.1e-07,0.32897154,24364,6,0.44235624,2.6973633
306,4,25022854,0.99485243,0.01637302,0.00399768,0.0,0.00201038,0.63908412,0.00046049,0.33807432,20363,7,0.2569685,2.6969743
306,5,25022855,0.99403478,0.02365829,0.00222928,0.0,0.00394423,0.34816423,2.6e-07,0.62200371,24076,7,0.62197505,2.6968578
306,6,25022856,0.99951535,0.00076182,0.00045781,0.0,6.634e-05,0.99870793,5.4e-07,5.56e-06,56075,6,0.88650201,2.6974632
306,7,25022857,0.99821833,0.00520346,0.00187073,0.0,0.00069388,0.79596636,9.9e-07,0.19626458,20259,6,0.39197029,2.6973133
306,8,25022858,0.99762143,0.01052291,0.00230289,0.0,0.00056257,0.81141883,8.2e-07,0.17519197,52747,6,0.46172971,2.6970241
306,9,25022859,0.99944927,0.00076891,0.00128457,0.0,3.456e-05,0.34268085,2.3e-07,0.65523089,24322,7,0.51283957,2.6973383
306,10,25022860,0.99860124,0.00147084,0.00312084,0.0,0.00078252,0.36192125,9e-07,0.63270364,18947,7,0.58606222,2.6967745
307,1,25022881,0.99858065,0.00050185,0.0,2.118e-05,2.548e-05,0.99944974,1.51e-06,2.4e-07,34303,6,0.26063271,0.9992205
307,2,25022882,0.9984829,0.00037062,0.0,2.109e-05,1.839e-05,0.99958807,1.64e-06,1.8e-07,22937,6,0.4353476,0.9990204
307,3,25022883,0.99797718,0.00016237,0.0,2.086e-05,5.68e-06,0.99980956,1.53e-06,1e-08,34297,6,0.47497109,0.9988204
307,4,25022884,0.99822917,0.00050075,0.0,2.113e-05,1.678e-05,0.99945975,1.53e-06,6e-08,57387,6,0.1400702,0.9986311
307,5,25022885,0.99833165,0.00055983,0.0,2.137e-05,2.289e-05,0.99939402,1.54e-06,3.4e-07,19967,6,0.1479028,0.9991705
307,6,25022886,0.99841612,0.00036319,0.0,2.111e-05,1.415e-05,0.99959998,1.54e-06,2e-08,64345,6,0.54401072,0.9990205
307,7,25022887,0.99822132,0.00047804,0.0,2.117e-05,2.037e-05,0.99947553,1.56e-06,3.32e-06,61035,6,0.28214901,0.9990202
307,8,25022888,0.99783458,0.00046157,0.0,2.106e-05,1.927e-05,0.99949654,1.52e-06,5e-08,26671,6,0.11357605,0.998581
307,9,25022889,0.99803565,0.00051609,0.0,2.112e-05,2.37e-05,0.99942695,1.52e-06,1.061e-05,60231,6,0.22316988,0.9982752
307,10,25022890,0.99816509,0.00048814,0.0,2.094e-05,2.187e-05,0.99943983,1.54e-06,2.767e-05,31593,6,0.25179554,0.9978527
308,1,25022911,0.99871301,0.00243689,0.00444469,0.0,0.00015576,0.99294998,0.0,1.268e-05,56197,6,0.54363218,3.3123776
308,2,25022912,0.9431662,0.20560162,0.00166204,0.0,0.07801416,0.71466467,0.0,5.75e-05,48899,6,0.20307596,3.3128648
308,3,25022913,0.99286254,0.01141741,0.00113443,0.0,0.00669849,0.3679971,0.0,0.61275256,24365,7,0.37284122,3.3128897
308,4,25022914,0.99434036,0.02131169,0.00201966,0.0,0.00370282,0.97296522,0.0,6e-07,50845,6,0.58278276,3.3129397
308,5,25022915,0.99134806,0.02173313,0.00293749,0.0,0.0012621,0.97404138,0.0,2.59e-05,19195,6,0.4819748,3.3123277
308,6,25022916,0.99879059,0.00211416,0.00291804,0.0,0.00048908,0.33688131,0.0,0.6575974,12165,7,0.39701801,3.3122778
308,7,25022917,0.99948102,0.00103274,0.00027034,0.0,7.952e-05,0.99858581,0.0,3.16e-05,51980,6,0.98218869,3.3128398
308,8,25022918,0.99939257,0.00060897,7.369e-05,0.0,4.446e-05,0.99925396,0.0,1.892e-05,42884,6,0.52935875,3.3128065
308,9,25022919,0.9567946,0.071474,0.00537003,0.0,0.03646488,0.81290342,0.0,0.07378766,54011,6,0.3445607,3.3129397
308,10,25022920,0.99941465,0.00078956,0.00077882,0.0,5.079e-05,0.99768814,0.0,0.00069269,12036,6,0.30244515,3.3127399
309,1,25022941,0.75333244,0.0503027,0.01132932,0.0,0.04193695,0.63574836,0.16479382,0.09588885,23695,6,0.25793109,0.9992037
309,2,25022942,0.65117768,0.08099643,0.01528036,0.0,0.05999546,0.6204268,0.2233005,4.5e-07,18831,6,0.36217923,0.998906
309,3,25022943,0.99832832,0.00066635,0.00309756,0.0,5.37e-06,2.29e-06,1.45e-06,0.99622699,20103,7,0.99622689,0.9985586
309,4,25022944,0.81652722,0.0436676,0.01016531,0.0,0.03400439,0.79536558,0.11679668,4.3e-07,18575,6,0.37716275,0.9991538
309,5,25022945,0.95322852,0.01076007,0.00437399,0.0,0.00630802,0.20892712,0.03354993,0.73608087,19079,7,0.43795497,0.9988062
309,6,25022946,0.75126196,0.07611049,0.01362689,0.0,0.03263143,0.33270728,0.16423138,0.38069254,20111,7,0.20256695,0.9986583
309,7,25022947,0.81034946,0.04114605,0.01363315,0.0,0.02649012,0.53499874,0.12835484,0.2553771,24207,7,0.25537517,0.9987082
309,8,25022948,0.76211792,0.05883025,0.01089918,0.0,0.05052769,0.22536357,0.14961964,0.50475968,19087,7,0.34932614,0.998906
309,9,25022949,0.73622683,0.05347257,0.00984869,0.0,0.04273538,0.71329681,0.18064481,1.74e-06,18567,6,0.49194313,0.999054
309,10,25022950,0.83457743,0.0325083,0.00891902,0.0,0.0174118,0.81956963,0.12159108,1.7e-07,22671,6,0.42211492,0.9992038
310,1,25022971,0.99883421,0.00064778,0.00109152,0.0,9.311e-05,0.35838679,0.0,0.6397808,12287,7,0.12216429,0.9995024
310,2,25022972,0.99891179,0.00062605,0.00376979,0.0,8.635e-05,0.35184103,0.0,0.64367679,61215,7,0.11804487,0.999105
310,3,25022973,0.99892699,0.00061993,0.00287156,0.0,9.64e-05,0.16078287,0.0,0.83562924,61183,7,0.13494493,0.9991051
310,4,25022974,0.99864692,0.00063802,0.00137168,0.0,8.615e-05,0.31843701,0.0,0.67946715,25535,7,0.08048319,0.9989433
310,5,25022975,0.99870162,0.00081997,0.00261382,0.0,6.854e-05,0.36948851,0.0,0.62700916,29631,7,0.24321183,0.999105
310,6,25022976,0.99888476,0.00067754,0.0029182,0.0,8.934e-05,0.49809404,0.0,0.49822089,45047,7,0.09634549,0.9995191
310,7,25022977,0.9988981,0.00062521,0.00352918,0.0,7.809e-05,0.39349231,0.0,0.60227521,40311,7,0.11167814,0.9995273
310,8,25022978,0.9988717,0.00093372,0.00218993,0.0,8.861e-05,0.51996471,0.0,0.47682303,62783,6,0.31817099,0.9995524
310,9,25022979,0.99875808,0.00095309,0.00158074,0.0,8.543e-05,0.38598326,0.0,0.61139748,60927,7,0.1216909,0.9995523
310,10,25022980,0.99856513,0.00093623,0.00177411,0.0,9.818e-05,0.57066643,0.0,0.42652505,40247,6,0.19185808,0.9994023
311,1,25023001,0.99719081,0.01114577,3.36e-06,0.0,1.181e-05,0.9888389,0.0,1.5e-07,17605,6,0.98869891,3.8196362
311,2,25023002,0.99947057,0.00027556,3.62e-06,0.0,6.47e-06,0.99971419,0.0,1.6e-07,11355,6,0.71796616,3.8204493
311,3,25023003,0.99948253,0.00021823,3.56e-06,0.0,5.25e-06,0.99977282,0.0,1.3e-07,11595,6,0.99975476,3.8204493
311,4,25023004,0.99942485,0.00030804,3.85e-06,0.0,4.86e-06,0.99968312,0.0,1.3e-07,15444,6,0.71454194,3.8204243
311,5,25023005,0.99940349,0.00079982,7.145e-05,0.0,3.467e-05,0.79952559,0.0,0.19956847,20122,6,0.44467337,3.8196859
311,6,25023006,0.99932093,0.00075111,0.00011246,0.0,1.717e-05,0.61987044,0.0,0.37924882,24461,6,0.55085724,3.8199359
311,7,25023007,0.97986552,0.07686232,0.00153316,0.0,0.00308328,0.91852101,0.0,2.3e-07,42442,6,0.91840386,3.8204493
311,8,25023008,0.92670105,0.18894364,0.02069228,0.0,8.11e-06,0.79035583,0.0,1.3e-07,8444,6,0.79032859,3.8203494
311,9,25023009,0.99909892,0.00355828,0.00032306,0.0,6.224e-05,0.99601562,0.0,4.08e-05,46981,6,0.34102796,3.8204743
311,10,25023010,0.99813963,0.00398573,0.00093112,0.0,0.00075353,0.79941989,0.0,0.19490973,22413,6,0.27731845,3.8204993
312,1,25023031,0.99783634,0.00025779,0.0,2.06e-05,6.4e-06,0.99971336,1.71e-06,1.5e-07,7801,6,0.2887333,0.9982345
312,2,25023032,0.99805432,0.0003647,0.0,2.137e-05,1.405e-05,0.99959811,1.68e-06,9e-08,5881,6,0.22305725,0.9982345
312,3,25023033,0.99786032,0.00053175,0.0,2.1e-05,1.989e-05,0.99940675,1.66e-06,1.895e-05,47503,6,0.14668015,0.9976024
312,4,25023034,0.99817819,0.0004809,0.0,2.098e-05,1.633e-05,0.9994616,1.67e-06,1.852e-05,28811,6,0.17192578,0.9990668
312,5,25023035,0.99782703,0.00039183,0.0,2.119e-05,9.63e-06,0.98983483,1.67e-06,0.00974086,14471,6,0.55918089,0.9981597
312,6,25023036,0.9979553,0.0003302,0.0,2.066e-05,1.045e-05,0.999637,1.67e-06,2e-08,59467,6,0.17267757,0.9990665
312,7,25023037,0.99816606,0.00042905,0.0,2.03e-05,1.045e-05,0.99953843,1.67e-06,1.1e-07,38927,6,0.46452028,0.9988667
312,8,25023038,0.99795904,0.00048149,0.0,2.133e-05,1.591e-05,0.99947427,1.68e-06,5.32e-06,35547,6,0.16422506,0.998134
312,9,25023039,0.99814605,0.00053575,0.0,2.177e-05,1.836e-05,0.99942179,1.71e-06,6.2e-07,30953,6,0.17851712,0.9983344
312,10,25023040,0.99807992,0.00043181,0.0,2.052e-05,1.804e-05,0.99952785,1.7e-06,9e-08,32927,6,0.22609923,0.9981346
313,1,25023061,0.99962627,0.00087917,0.00086659,0.0,3.161e-05,0.0,1.8e-06,0.99822082,44813,7,0.99818432,1.8389199
313,2,25023062,0.99960148,0.00071178,0.00111172,0.0,3.458e-05,0.0,4.1e-06,0.99813781,16141,7,0.99792147,1.83887
313,3,25023063,0.98510763,0.03197449,0.00878636,0.0,0.03174875,0.0,0.01196728,0.91552312,24365,7,0.54577231,1.8388699
313,4,25023064,0.99298239,0.03068258,0.00824183,0.0,0.02018014,0.0,0.00090047,0.93999498,56877,7,0.53260067,1.8386522
313,5,25023065,0.99948515,0.0007793,0.00060606,0.0,3.372e-05,0.0,1.75e-06,0.99857916,12205,7,0.56723055,1.8386024
313,6,25023066,0.99461759,0.00855185,0.01840371,0.0,0.00699014,0.0,0.00208515,0.96396915,12045,7,0.96393365,1.83882
313,7,25023067,0.99956348,0.00067135,0.00101334,0.0,4.176e-05,0.0,1.71e-06,0.99827183,12045,7,0.53566631,1.83882
313,8,25023068,0.99845178,0.00330645,0.00124598,0.0,0.00291419,0.0,0.00016901,0.99236436,53037,7,0.47015967,1.8389199
313,9,25023069,0.99940587,0.00067232,0.00075856,0.0,3.08e-05,0.0,1.78e-06,0.99853653,11821,7,0.98352602,1.8385025
313,10,25023070,0.99142169,0.03018164,0.00533188,0.0,0.02188245,0.0,0.00324603,0.93935801,57253,7,0.65288457,1.8386524
314,1,25023091,0.98654149,0.01282246,0.01075715,0.0,0.01158618,0.0,0.00185083,0.96298338,23300,7,0.51588183,1.7079879
314,2,25023092,0.99942166,0.00103539,0.00055308,0.0,2.387e-05,0.0,4.6e-07,0.99838721,20365,7,0.99836964,1.7078216
314,3,25023093,0.9867839,0.03025306,0.0150493,0.0,0.01593519,0.0,0.00127501,0.93748744,24332,7,0.3177762,1.7080129
314,4,25023094,0.9978341,0.00428336,0.00165262,0.0,0.00133317,0.0,4.9e-07,0.99273037,20364,7,0.58765604,1.7076716
314,5,25023095,0.99811346,0.00289937,0.00255583,0.0,0.00093744,0.0,9.397e-05,0.99351339,19202,7,0.72536328,1.707913
314,6,25023096,0.99796876,0.00273316,0.00104498,0.0,0.00107262,0.0,4.4e-06,0.99514483,23306,7,0.28817166,1.7080129
314,7,25023097,0.97136604,0.04638372,0.01715713,0.0,0.02265712,0.0,0.00689648,0.90690555,19972,7,0.27431647,1.7075719
314,8,25023098,0.99261155,0.00971401,0.01085274,0.0,0.00460472,0.0,0.00048571,0.97434282,20228,7,0.25821057,1.707913
314,9,25023099,0.9761293,0.03172436,0.01333434,0.0,0.01447675,0.0,0.00544043,0.93502412,19333,7,0.49347012,1.7077715
314,10,25023100,0.99671787,0.00425744,0.00283657,0.0,0.00143661,0.0,0.00087026,0.99059911,23052,7,0.44906398,1.7077049
315,1,25023121,0.99826396,0.00050692,0.0,1.941e-05,7.362e-05,0.23045567,0.0,0.76894439,26295,6,0.15433596,0.9979815
315,2,25023122,0.9979069,0.00043231,0.0,1.971e-05,5.258e-05,0.57227988,0.0,0.42721552,37535,6,0.10549475,0.9977817
315,3,25023123,0.9980845,0.00051982,0.0,1.954e-05,6.45e-05,0.51936791,0.0,0.48002823,40279,7,0.09957825,0.9980813
315,4,25023124,0.99818675,0.00042201,0.0,1.946e-05,3.874e-05,0.78819571,0.0,0.21132409,25197,6,0.20858515,0.9986584
315,5,25023125,0.99831071,0.00051964,0.0,1.937e-05,5.329e-05,0.5526419,0.0,0.4467658,37887,7,0.17093048,0.9989083
315,6,25023126,0.99834539,0.00056281,0.0,1.968e-05,5.935e-05,0.17293288,0.0,0.82642528,63463,7,0.20115127,0.9984699
315,7,25023127,0.99826737,0.00046722,0.0,1.955e-05,5.644e-05,0.82405883,0.0,0.17539797,26187,6,0.11582834,0.999022
315,8,25023128,0.99795924,0.00049405,0.0,1.939e-05,5.878e-05,0.73636404,0.0,0.26306374,29879,6,0.21610301,0.9984199
315,9,25023129,0.9980951,0.00044987,0.0,1.965e-05,4.686e-05,0.81263558,0.0,0.18684804,29551,6,0.1482579,0.9981813
315,10,25023130,0.99791208,0.00026084,0.0,1.966e-05,2.167e-05,0.87184589,0.0,0.12785195,22457,6,0.21407181,0.9987083
316,1,25023151,0.99122166,0.07743687,0.07855484,0.0,2.303e-05,0.00074669,0.0,0.84323856,48941,7,0.84321909,3.9293924
316,2,25023152,0.99939753,0.00077086,0.00015528,0.0,6.064e-05,0.9989946,0.0,1.862e-05,56196,6,0.5917167,3.9286571
316,3,25023153,0.9907971,0.05848473,0.05463096,0.0,0.01886376,0.41665197,0.0,0.45136857,12205,7,0.45136717,3.9286572
316,4,25023154,0.93190082,0.62021174,0.37976988,0.0,1.214e-05,5.59e-06,0.0,6.4e-07,19005,4,0.37972976,3.9292925
316,5,25023155,0.98586654,0.12456451,0.16756653,0.0,1.062e-05,0.7078582,0.0,1.4e-07,19131,6,0.70776011,3.9286573
316,6,25023156,0.95253109,0.43272216,0.56725803,0.0,1.442e-05,5.25e-06,0.0,1.4e-07,15099,4,0.56723612,3.9287572
316,7,25023157,0.98931641,0.08987921,0.09476971,0.0,0.00194746,0.81340322,0.0,4e-07,49403,6,0.55252383,3.9293924
316,8,25023158,0.98084867,0.16925782,0.12412943,0.0,2.089e-05,0.7065899,0.0,1.96e-06,22165,6,0.53854926,3.9292925
316,9,25023159,0.93646724,0.57182986,0.42815218,0.0,1.301e-05,4.69e-06,0.0,2.7e-07,2422,0,0.11817114,1.9652356
316,10,25023160,0.94777131,0.49136448,0.36443888,0.0,0.00177997,0.14241641,0.0,2.6e-07,18915,4,0.2637627,3.9286073
317,1,25023181,0.92935073,0.00444903,0.00550607,0.01714601,0.00250055,0.92415084,0.04624741,9e-08,36879,6,0.59192639,0.9991172
317,2,25023182,0.72489139,0.01838319,0.0088243,0.39020884,0.00272026,0.53455055,0.04531283,3e-08,36937,6,0.41896343,0.9991171
317,3,25023183,0.72581649,0.0129158,0.00598582,0.39260318,0.0080961,0.53864715,0.04175177,1.8e-07,22215,6,0.25423998,0.9976959
317,4,25023184,0.81036841,0.01359474,0.00871714,0.31726235,0.00283511,0.59977015,0.0578178,2.71e-06,23374,2,0.30103742,0.6658897
317,5,25023185,0.84293986,0.0212215,0.01523522,0.04013021,0.01295046,0.82337921,0.0870492,3.419e-05,6087,6,0.43023307,0.9989094
317,6,25023186,0.78561284,0.01598753,0.01040052,0.13646793,0.00272543,0.73619612,0.09822036,2.11e-06,19143,6,0.21065875,0.9985851
317,7,25023187,0.80197506,0.01421624,0.01039704,0.1371468,0.00511963,0.7421003,0.09101994,4e-08,23369,6,0.48828035,0.9988343
317,8,25023188,0.84928281,0.01904185,0.0131355,0.03392043,0.00746525,0.82807361,0.09835506,8.31e-06,19591,6,0.30937186,0.9985848
317,9,25023189,0.92560322,0.00612328,0.00907123,0.03056188,0.00179322,0.91640066,0.03604903,7e-07,23375,6,0.53454902,0.9990342
317,10,25023190,0.77134335,0.00886989,0.00336127,0.46590487,0.00081753,0.46191311,0.05913308,2.5e-07,23368,2,0.45820353,0.6658231
318,1,25023211,0.99925816,0.00105129,0.00475891,0.0,0.0001157,0.40721838,0.0,0.58685572,42959,6,0.19420411,0.9995507
318,2,25023212,0.99943047,0.00090014,0.00512722,0.0,0.00012625,0.16362665,0.0,0.83021974,61303,7,0.3296464,0.999742
318,3,25023213,0.99920562,0.00101429,0.00983151,0.0,0.00043874,0.22322404,0.0,0.76549142,34303,7,0.19691799,0.9997753
318,4,25023214,0.99939582,0.00080145,0.00328439,0.0,0.00012642,0.3633125,0.0,0.63247524,57727,6,0.16231048,0.9995508
318,5,25023215,0.99918465,0.00111026,0.00637063,0.0,0.00013194,0.22626671,0.0,0.76612045,11191,7,0.12203847,0.9995007
318,6,25023216,0.99914701,0.00099578,0.00402063,0.0,0.00021999,0.48541915,0.0,0.50934444,17911,7,0.22419226,0.9997253
318,7,25023217,0.99923662,0.00112751,0.00323266,0.0,0.00021153,0.11610144,0.0,0.87932686,55263,7,0.20409975,0.9997753
318,8,25023218,0.99924688,0.00108318,0.00375321,0.0,0.00020178,0.34022419,0.0,0.65473763,48111,6,0.14891011,0.9994385
318,9,25023219,0.99913192,0.00128721,0.0031999,0.0,0.00031086,0.34539952,0.0,0.64980251,12103,7,0.11661482,0.9995007
318,10,25023220,0.99934451,0.001159,0.00622779,0.0,0.00012137,0.19372226,0.0,0.79876958,42879,7,0.19865291,0.9997753
319,1,25023241,0.97689869,0.04382434,0.01003495,0.0,0.01611105,0.65950372,0.0,0.27052594,8380,6,0.3896139,3.3522748
319,2,25023242,0.99822797,0.00187913,0.0021458,0.0,0.00101044,0.41333973,0.0,0.5816249,20363,7,0.58122633,3.3518549
319,3,25023243,0.99463777,0.01190029,0.00215113,0.0,0.00409727,0.96936616,0.0,0.01248515,56842,6,0.51043878,3.3518049
319,4,25023244,0.99909949,0.00119914,0.02805643,0.0,0.00021181,0.97046053,0.0,7.209e-05,24355,6,0.36155235,3.3523747
319,5,25023245,0.99541215,0.01337745,0.00274838,0.0,0.00131041,0.87242906,0.0,0.1101347,53026,6,0.43500005,3.3523414
319,6,25023246,0.98120046,0.03237221,0.0046611,0.0,0.01524387,0.86122756,0.0,0.08649526,52011,6,0.37606601,3.3524747
319,7,25023247,0.99933698,0.0006472,0.00083101,0.0,4.567e-05,0.95131129,0.0,0.04716482,23074,6,0.73215275,3.3517051
319,8,25023248,0.99871793,0.00236713,0.00895298,0.0,2.049e-05,0.98858458,0.0,7.483e-05,18309,6,0.91721263,3.3523248
319,9,25023249,0.9982161,0.00251831,0.00113881,0.0,0.00120775,0.43188139,0.0,0.56325373,19979,7,0.5632217,3.351755
319,10,25023250,0.99679315,0.00126223,0.00094019,0.0,0.00315156,0.93842966,0.0,0.05621637,51756,6,0.31402644,3.351755
320,1,25023271,0.99811867,0.0005276,0.0,2.135e-05,1.961e-05,0.99942712,1.55e-06,2.77e-06,51679,6,0.1206378,0.9991803
320,2,25023272,0.99751201,0.00040132,0.0,2.12e-05,1.214e-05,0.99956378,1.53e-06,3e-08,63503,6,0.14584135,0.9989805
320,3,25023273,0.99810882,0.00043005,0.0,2.122e-05,1.361e-05,0.99953341,1.53e-06,1.9e-07,35947,6,0.17661155,0.9987796
320,4,25023274,0.99809743,0.00053704,0.0,2.126e-05,2.023e-05,0.99941956,1.53e-06,3.8e-07,61005,6,0.17317695,0.9989801
320,5,25023275,0.99812912,0.0005313,0.0,2.124e-05,1.879e-05,0.99942698,1.56e-06,1.3e-07,33247,6,0.16454171,0.9991805
320,6,25023276,0.99820473,0.00036742,0.0,2.121e-05,1.118e-05,0.99959855,1.54e-06,1e-07,36943,6,0.25079992,0.9987807
320,7,25023277,0.99825287,0.00045595,0.0,2.15e-05,1.923e-05,0.99950109,1.54e-06,6.9e-07,32185,6,0.27233062,0.9989807
320,8,25023278,0.99743487,0.00036845,0.0,2.112e-05,1.031e-05,0.9995946,1.52e-06,4e-06,37405,6,0.21950637,0.997553
320,9,25023279,0.99813107,0.00041478,0.0,2.133e-05,1.638e-05,0.99954564,1.58e-06,3e-07,35403,6,0.32922206,0.9987801
320,10,25023280,0.99789015,0.00055419,0.0,2.166e-05,2.48e-05,0.99939688,1.56e-06,9.1e-07,60855,6,0.18869006,0.9990807
321,1,25023301,0.99909141,0.00096819,0.0005798,0.0,0.00044753,0.8599939,1.13e-06,0.13800945,51116,6,0.36097697,2.9482884
321,2,25023302,0.98967813,0.1063362,0.00085677,0.0,0.01380753,0.4080981,1.02e-06,0.47090039,49061,7,0.47089602,2.9483383
321,3,25023303,0.99259472,0.01843483,0.00393642,0.0,0.01316371,0.83562525,0.00049851,0.12834127,55180,6,0.18894105,2.948761
321,4,25023304,0.99814383,0.0027612,0.00149722,0.0,0.00199227,0.99319473,0.00052319,3.14e-05,52765,6,0.60417043,2.9488276
321,5,25023305,0.99534483,0.01111365,0.02578939,0.0,0.00269375,0.48803503,0.00068775,0.47168042,20397,7,0.27273364,2.9482883
321,6,25023306,0.98997183,0.03695384,0.00642246,0.0,0.00341777,0.51403725,0.00045841,0.43871028,53125,7,0.41145863,2.948305
321,7,25023307,0.99805809,0.00415051,0.00079024,0.0,0.0002388,0.89919002,9.609e-05,0.09553434,48044,6,0.29940045,2.9483384
321,8,25023308,0.9993887,0.00081202,0.00031273,0.0,3.255e-05,0.2611614,5.7e-07,0.73768072,56845,7,0.73762816,2.9483382
321,9,25023309,0.98896646,0.04941987,0.00894078,0.0,0.00724042,0.71489595,0.00460184,0.21490115,57220,6,0.16691433,2.9482884
321,10,25023310,0.99895738,0.00382128,0.00462197,0.0,0.00033644,0.40581521,0.00017205,0.58523305,56861,6,0.40553948,2.9488276
322,1,25023331,0.99189891,0.00391268,0.00204136,0.0,0.00139774,0.0,0.00415018,0.98849803,19079,7,0.9797289,0.9992505
322,2,25023332,0.94879411,0.02583402,0.003968,0.0,0.01091254,0.0,0.02634578,0.93293967,23175,7,0.70039123,0.9993254
322,3,25023333,0.99901257,0.00092037,0.00354541,0.0,9.56e-06,0.0,9.5e-07,0.99552371,24199,7,0.99552243,0.9992256
322,4,25023334,0.9992135,0.00078313,0.00283228,0.0,1.1e-05,0.0,9.6e-07,0.99637262,23183,7,0.99635025,0.9994002
322,5,25023335,0.78189507,0.0868478,0.01043076,0.0,0.08811573,0.0,0.11632708,0.69827863,23175,7,0.45927713,0.9993254
322,6,25023336,0.99908501,0.00101975,0.00324166,0.0,1.037e-05,0.0,9.6e-07,0.99572725,24207,7,0.99572174,0.9993005
322,7,25023337,0.99914931,0.00056533,0.00181838,0.0,1.257e-05,0.0,9.6e-07,0.99760275,23175,7,0.99760231,0.9993254
322,8,25023338,0.99915954,0.00078853,0.00324757,0.0,8.83e-06,0.0,9.7e-07,0.9959541,19087,7,0.99595322,0.9993503
322,9,25023339,0.99906915,0.00057798,0.00169864,0.0,1.826e-05,0.0,1.32e-06,0.99770381,19079,7,0.99770316,0.9992505
322,10,25023340,0.99908143,0.00102824,0.00281692,0.0,1.15e-05,0.0,9.4e-07,0.9961424,24207,7,0.99613956,0.9993005
323,1,25023361,0.99841402,0.00056302,0.0,5.36e-06,8.442e-05,0.6211948,0.0,0.37815241,36439,6,0.14243346,0.9980534
323,2,25023362,0.9981242,0.00044283,0.0,5.66e-06,3.833e-05,0.96571398,0.0,0.0337992,52207,6,0.13451339,0.9985162
323,3,25023363,0.99866526,0.00056139,0.0,5.37e-06,7.227e-05,0.52827424,0.0,0.47108673,44319,6,0.11033873,0.9984818
323,4,25023364,0.99841727,0.00051305,0.0,5.53e-06,6.75e-05,0.60578584,0.0,0.39362809,11391,7,0.19002585,0.9987626
323,5,25023365,0.99869341,0.00051413,0.0,5.42e-06,7.387e-05,0.39791174,0.0,0.60149484,33567,6,0.152523,0.9991094
323,6,25023366,0.99867766,0.00055384,0.0,5.28e-06,6.959e-05,0.55523182,0.0,0.44413948,8183,7,0.25096497,0.9993812
323,7,25023367,0.99851701,0.00053731,0.0,5.37e-06,5.807e-05,0.48290486,0.0,0.5164944,58751,7,0.11534664,0.9994061
323,8,25023368,0.99864117,0.00055614,0.0,5.4e-06,6.298e-05,0.37857816,0.0,0.62079732,28535,7,0.14266045,0.9993562
323,9,25023369,0.99831803,0.00047563,0.0,5.54e-06,4.557e-05,0.94911317,0.0,0.05036008,28043,6,0.42843506,0.9985627
323,10,25023370,0.99854852,0.00054851,0.0,5.39e-06,7.782e-05,0.54157797,0.0,0.45779032,21751,6,0.23789612,0.9987877
324,1,25023391,0.99653177,0.02329705,0.00488469,0.0,0.00012401,0.94426759,0.0,0.02742667,56074,6,0.64988351,4.1557976
324,2,25023392,0.89371245,0.55733453,0.42059624,0.0,1.142e-05,0.02205766,0.0,1.5e-07,8864,0,0.55133191,2.7711815
324,3,25023393,0.98678797,0.06616396,0.04129654,0.0,0.00157809,0.89094836,0.0,1.306e-05,50820,6,0.33795339,4.1549342
324,4,25023394,0.99945059,0.00061885,0.00075813,0.0,3.123e-05,0.92453185,0.0,0.07405994,43819,6,0.42748762,4.1558643
324,5,25023395,0.99345601,0.0294648,0.01186652,0.0,0.00194578,0.95671102,0.0,1.188e-05,8365,6,0.44533863,4.1549839
324,6,25023396,0.8861821,0.59748701,0.40248767,0.0,2.145e-05,3.73e-06,0.0,1.3e-07,178,0,0.27381037,2.7710892
324,7,25023397,0.98780132,0.06401893,0.01802099,0.0,0.00100882,0.90758948,0.0,0.00936178,10764,6,0.36610046,4.1548344
324,8,25023398,0.98811654,0.06654852,0.03869432,0.0,2.092e-05,0.55303357,0.0,0.34170268,11011,6,0.43728804,4.1557144
324,9,25023399,0.92617616,0.38470366,0.18822586,0.0,1.095e-05,0.42705941,0.0,1.3e-07,8956,6,0.42689089,4.1556644
324,10,25023400,0.98688387,0.07084419,0.03031789,0.0,0.00138568,0.89743753,0.0,1.47e-05,52748,6,0.37047454,4.1549841
325,1,25023421,0.99785944,0.00048536,0.0,1.648e-05,1.415e-05,0.99948186,2.09e-06,6e-08,37325,6,0.1534874,0.9975463
325,2,25023422,0.99784483,0.00051522,0.0,2.016e-05,1.626e-05,0.99944612,2.21e-06,4e-08,35535,6,0.21387115,0.9989153
325,3,25023423,0.99797882,0.00051247,0.0,1.765e-05,1.805e-05,0.99944535,2.21e-06,4.27e-06,39567,6,0.14346034,0.998573
325,4,25023424,0.99783289,0.00052433,0.0,1.919e-05,1.548e-05,0.99943885,2.12e-06,3e-08,18111,6,0.08823363,0.9982379
325,5,25023425,0.9981734,0.0003016,0.0,1.587e-05,1.158e-05,0.9996689,1.98e-06,6e-08,34825,6,0.38902451,0.9989148
325,6,25023426,0.99804423,0.00041578,0.0,1.713e-05,8.5e-06,0.9995564,1.95e-06,2.4e-07,62475,6,0.34905952,0.9991149
325,7,25023427,0.99809652,0.00060185,0.0,1.887e-05,1.995e-05,0.999357,2.18e-06,1.4e-07,14727,6,0.15665246,0.9975719
325,8,25023428,0.99808168,0.00045411,0.0,1.739e-05,9.49e-06,0.99951608,2.06e-06,8.6e-07,38987,6,0.18839282,0.9989144
325,9,25023429,0.9979371,0.00052313,0.0,1.953e-05,1.463e-05,0.99944065,2.03e-06,4e-08,20295,6,0.14362364,0.9985801
325,10,25023430,0.99833003,0.0005154,0.0,1.909e-05,2.045e-05,0.99944214,2.36e-06,5.4e-07,38063,6,0.13052043,0.998915
326,1,25023451,0.99691866,0.00801262,0.0011354,4e-08,0.02800644,0.0,0.00281698,0.96002853,16261,7,0.65732403,1.1447078
326,2,25023452,0.9996509,0.00142375,0.00042071,3e-08,9.058e-05,0.0,1.005e-05,0.99805488,53133,7,0.55948836,1.1448326
326,3,25023453,0.99958064,0.00153287,0.00042449,2e-08,9.574e-05,0.0,9.79e-06,0.99793708,12205,7,0.57348005,1.1446828
326,4,25023454,0.99959194,0.00143656,0.00053538,5e-08,8.972e-05,0.0,9.25e-06,0.99792904,24461,7,0.99788535,1.1447827
326,5,25023455,0.99956538,0.00164856,0.00040866,7e-08,0.00017631,0.0,1.094e-05,0.99775546,44933,7,0.99761834,1.1446994
326,6,25023456,0.99957653,0.00117195,0.00037865,2e-08,0.0001265,0.0,1.021e-05,0.99831266,16261,7,0.99826979,1.1447078
326,7,25023457,0.99970201,0.00167987,0.00106035,7e-08,7.107e-05,0.0,1.005e-05,0.99717859,53037,7,0.99712396,1.1448616
326,8,25023458,0.99962556,0.00130594,0.00068058,2e-08,8.959e-05,0.0,1.097e-05,0.99791291,48685,7,0.99779023,1.1447327
326,9,25023459,0.99460436,0.00401292,0.00113316,4.8e-07,0.0046035,0.0,0.03460654,0.9556434,16301,7,0.68558944,1.1447827
326,10,25023460,0.99972903,0.00103133,0.00095672,6e-08,0.00010456,0.0,9.79e-06,0.99789755,49069,7,0.99784192,1.1448326
327,1,25023481,0.98925915,0.03896116,0.00476165,0.0,0.02258146,0.87934971,0.00071736,0.05362865,24107,6,0.37272957,2.4934329
327,2,25023482,0.99734436,0.00397784,0.00175455,0.0,0.00058175,0.61814442,0.00032125,0.37522018,52996,6,0.49897023,2.4937981
327,3,25023483,0.99883648,0.00184842,0.00097947,0.0,0.00018257,8.902e-05,3.8e-07,0.99690014,19970,7,0.85439871,2.4932335
327,4,25023484,0.99930626,0.00109778,0.00091834,0.0,2.49e-05,0.99786371,3.8e-07,9.488e-05,24451,6,0.51116268,2.4935081
327,5,25023485,0.99616201,0.0196931,0.00147985,0.0,0.0046961,0.39169721,5.1e-07,0.58243323,20237,7,0.27444381,2.4938315
327,6,25023486,0.99300215,0.01708788,0.00635097,0.0,0.00467748,0.58411168,0.00086557,0.38690643,51715,6,0.27295408,2.4933664
327,7,25023487,0.99638434,0.01553712,0.00206838,0.0,0.00097145,0.98064008,0.00075717,2.579e-05,56844,6,0.55974624,2.4934331
327,8,25023488,0.99267908,0.01581571,0.00488363,0.0,0.00678998,0.97181289,0.00063842,5.937e-05,52995,6,0.43781764,2.4938315
327,9,25023489,0.99050306,0.01934661,0.00192569,0.0,0.0030246,0.82083531,0.00329348,0.15157431,23331,6,0.71113013,2.4938315
327,10,25023490,0.99055056,0.03486532,0.00391774,0.0,0.01053114,0.75781312,1.11e-06,0.19287156,22149,6,0.38327301,2.4933582
328,1,25023511,0.99823818,0.00048333,0.0,2.28e-05,6.141e-05,0.44150084,0.0,0.55793162,8063,7,0.12449684,0.9991792
328,2,25023512,0.99833344,0.00050999,0.0,2.236e-05,7.448e-05,0.40066998,0.0,0.59872319,29087,6,0.15154799,0.9991791
328,3,25023513,0.99812726,0.00047709,0.0,2.243e-05,6.584e-05,0.5555196,0.0,0.44391504,13439,6,0.13095407,0.9979856
328,4,25023514,0.99831453,0.00047521,0.0,2.267e-05,5.26e-05,0.84664865,0.0,0.15280086,35287,6,0.14137339,0.9990125
328,5,25023515,0.99818236,0.00053765,0.0,2.247e-05,6.209e-05,0.3675975,0.0,0.63178029,35743,7,0.17059866,0.998769
328,6,25023516,0.99833503,0.00046488,0.0,2.232e-05,5.222e-05,0.65272703,0.0,0.34673355,59405,6,0.28429775,0.9989791
328,7,25023517,0.99786019,0.0003163,0.0,2.24e-05,2.732e-05,0.92967772,0.0,0.06995627,29657,6,0.20422769,0.9989791
328,8,25023518,0.99792423,0.00044249,0.0,2.238e-05,3.867e-05,0.83068759,0.0,0.16880888,32031,6,0.15919271,0.9991791
328,9,25023519,0.99833969,0.00044959,0.0,2.23e-05,4.416e-05,0.56987722,0.0,0.42960673,62505,6,0.38878057,0.9989792
328,10,25023520,0.99781805,0.00037273,0.0,2.245e-05,3.075e-05,0.92682017,0.0,0.07275391,63723,6,0.17690457,0.9981586
329,1,25023541,0.99937889,0.0006007,1e-05,0.0,8.81e-06,0.99938014,0.0,3.5e-07,49035,6,0.99907164,3.8248658
329,2,25023542,0.98517607,0.04807364,0.01090809,0.0,3.906e-05,0.76620218,0.0,0.17477703,51115,6,0.27803146,3.8248658
329,3,25023543,0.84222544,0.51144935,0.08317513,0.0,2.596e-05,0.40534924,0.0,3.2e-07,13307,0,0.45923736,2.4133029
329,4,25023544,0.99932387,0.00026645,3.86e-06,0.0,1.365e-05,0.99971589,0.0,1.6e-07,11483,6,0.74486702,3.8247158
329,5,25023545,0.99934663,0.00053133,7.088e-05,0.0,2.56e-05,0.99937199,0.0,1.9e-07,20123,6,0.69911054,3.8247158
329,6,25023546,0.99951465,0.00047471,4.83e-06,0.0,9.31e-06,0.99951076,0.0,3.9e-07,42891,6,0.99935098,3.8254301
329,7,25023547,0.99939231,0.0006734,6.081e-05,0.0,5.952e-05,0.95265984,0.0,0.04654642,15882,6,0.29139064,3.8245992
329,8,25023548,0.95521077,0.14273858,0.00077069,0.0,0.01069171,0.84576313,0.0,3.588e-05,48908,6,0.39214751,3.8253635
329,9,25023549,0.99950574,0.0005233,1.548e-05,0.0,2.445e-05,0.99943492,0.0,1.85e-06,46749,6,0.77517943,3.8254301
329,10,25023550,0.9988081,0.00217157,0.00093312,0.0,0.00028528,0.99660984,0.0,1.9e-07,15818,6,0.72785588,3.8247324
330,1,25023571,0.80900839,0.02283527,0.00762182,0.01792177,0.01662932,0.7440607,0.14061359,0.05031752,18383,6,0.25497971,0.9992336
330,2,25023572,0.97305588,0.00250157,0.00207496,1e-07,0.00063576,0.97152793,0.02325888,8e-07,23111,6,0.32543279,0.9985515
330,3,25023573,0.77907703,0.02846717,0.00622353,0.00251049,0.02086864,0.76869857,0.17323131,2.9e-07,22919,6,0.27376104,0.9985515
330,4,25023574,0.83653017,0.01669057,0.00365256,0.00416314,0.01762895,0.82972003,0.1281229,2.186e-05,6985,6,0.31767312,0.998884
330,5,25023575,0.83746858,0.02639625,0.00915791,0.00051638,0.01614356,0.7736721,0.1223102,0.0518036,20039,6,0.17864678,0.9984768
330,6,25023576,0.92834486,0.00982341,0.00400506,2.5e-07,0.0038171,0.92301931,0.05932821,6.65e-06,22671,6,0.73164234,0.998984
330,7,25023577,0.97636391,0.00666685,0.00206396,4e-07,0.00332254,0.97435993,0.01357563,1.069e-05,18567,6,0.53974761,0.9988342
330,8,25023578,0.88138149,0.00855491,0.00493293,0.07992636,0.00229132,0.822901,0.08139176,1.72e-06,19847,6,0.36356013,0.9984766
330,9,25023579,0.95409044,0.00536452,0.00416667,1.9e-07,0.00104259,0.95036503,0.0390603,7e-07,18639,6,0.47961594,0.998934
330,10,25023580,0.84779635,0.0246376,0.00654936,0.00776668,0.00821281,0.83348549,0.11934729,7.7e-07,19279,6,0.24169196,0.9992336
331,1,25023601,0.99876519,0.00168346,0.00515321,0.0,0.00012332,0.4399664,0.0,0.55307361,58807,6,0.19420982,0.9995117
331,2,25023602,0.99915935,0.00069515,0.01590783,0.0,0.00010465,0.16254448,0.0,0.82074789,32127,7,0.21561181,0.9996117
331,3,25023603,0.9989946,0.00089657,0.03041756,0.0,9.696e-05,0.12619708,0.0,0.84239183,44887,7,0.17956447,0.9995784
331,4,25023604,0.99874209,0.00109869,0.0168845,0.0,0.00013064,0.14000626,0.0,0.8418799,35807,7,0.14082799,0.9996117
331,5,25023605,0.99902295,0.00068314,0.00399251,0.0,9.082e-05,0.19390297,0.0,0.80133056,15223,7,0.21183193,0.9993927
331,6,25023606,0.99899683,0.00081602,0.01499258,0.0,8.454e-05,0.38275134,0.0,0.60135552,11679,6,0.20846074,0.9995616
331,7,25023607,0.99886853,0.00076879,0.01503394,0.0,9.514e-05,0.27807669,0.0,0.70602546,7295,7,0.15735811,0.9991238
331,8,25023608,0.99900662,0.00080673,0.042378,0.0,0.0002322,0.14886711,0.0,0.80771596,56703,7,0.36317861,0.9996117
331,9,25023609,0.9990308,0.0007495,0.00714774,0.0,9.247e-05,0.25963786,0.0,0.73237243,65375,7,0.13357874,0.9996117
331,10,25023610,0.99887618,0.00075009,0.006561,0.0,9.466e-05,0.46056923,0.0,0.53202502,61815,6,0.2021215,0.9990739
332,1,25023631,0.9994519,0.00034807,1.528e-05,0.0,5.26e-06,0.99963127,0.0,1.2e-07,11356,6,0.99943877,3.9360258
332,2,25023632,0.99935242,0.00055521,0.00027708,0.0,2.187e-05,0.99914416,0.0,1.69e-06,10771,6,0.38303077,3.9352895
332,3,25023633,0.99943977,0.00077804,0.00045589,0.0,4.443e-05,0.35112011,0.0,0.64760153,20228,7,0.42949328,3.9360258
332,4,25023634,0.99680318,0.00983472,0.00535859,0.0,0.00056798,0.98420795,0.0,3.075e-05,53004,6,0.32039827,3.9361257
332,5,25023635,0.99109006,0.10052635,0.0009193,0.0,0.01269667,0.8256167,0.0,0.06024099,51725,6,0.35503359,3.9355388
332,6,25023636,0.99940879,0.00050655,5.675e-05,0.0,3.874e-05,0.97614089,0.0,0.02325707,50843,6,0.63815331,3.9362256
332,7,25023637,0.99939886,0.00052467,3.233e-05,0.0,4.106e-05,0.99939785,0.0,4.09e-06,56859,6,0.50232835,3.9362256
332,8,25023638,0.9992921,0.00039787,1.923e-05,0.0,3.013e-05,0.9995525,0.0,2.7e-07,54466,6,0.99944774,3.9353893
332,9,25023639,0.99834521,0.00430652,0.00043548,0.0,0.00020125,0.68358748,0.0,0.31146928,44587,6,0.33258466,3.9355386
332,10,25023640,0.95690806,0.18612171,5.728e-05,0.0,0.0013481,0.56497483,0.0,0.24749808,22146,6,0.48977957,3.9353394
333,1,25023661,0.99793837,0.00046636,0.0,2.195e-05,2.004e-05,0.99949005,1.57e-06,2e-08,57271,6,0.10662309,0.9987342
333,2,25023662,0.99801627,0.00044015,0.0,2.19e-05,2.064e-05,0.99951561,1.61e-06,1e-07,60123,6,0.20319493,0.9981455
333,3,25023663,0.99792236,0.00053991,0.0,2.197e-05,2.128e-05,0.99941322,1.59e-06,2.02e-06,43423,6,0.13225332,0.9991724
333,4,25023664,0.99832365,0.00037094,0.0,2.189e-05,9.32e-06,0.99959603,1.6e-06,2.2e-07,32781,6,0.2812949,0.9987728
333,5,25023665,0.99771085,0.00023549,0.0,2.16e-05,6.39e-06,0.99973487,1.64e-06,1e-08,14473,6,0.44610407,0.9978466
333,6,25023666,0.99784683,0.00048371,0.0,2.191e-05,2.328e-05,0.99946944,1.57e-06,1e-07,27245,6,0.25096561,0.9985086
333,7,25023667,0.99790975,0.00034022,0.0,2.166e-05,9.5e-06,0.99962702,1.59e-06,2e-08,27691,6,0.32962616,0.9989224
333,8,25023668,0.99840633,0.000488,0.0,2.2e-05,1.905e-05,0.9994693,1.6e-06,4e-08,34103,6,0.19927834,0.9988728
333,9,25023669,0.99789028,0.00037066,0.0,2.179e-05,1.239e-05,0.99959354,1.58e-06,5e-08,40681,6,0.40890419,0.9987729
333,10,25023670,0.99802829,0.00046223,0.0,2.178e-05,1.725e-05,0.99949709,1.59e-06,7e-08,63691,6,0.20493969,0.9989724
334,1,25023691,0.98235002,0.03145548,0.00450397,0.0,0.01733728,0.26222051,0.00761652,0.67686624,16301,7,0.46640103,2.4189207
334,2,25023692,0.99026703,0.0247078,0.00178515,0.0,0.01064526,0.31341735,0.00286759,0.64657685,16173,7,0.6127489,2.4192042
334,3,25023693,0.98838486,0.0386563,0.0221407,0.0,0.0159945,0.05720581,0.00309811,0.86290457,53029,7,0.85179169,2.4191543
334,4,25023694,0.99639557,0.0098068,0.0560022,0.0,0.0050016,0.07311569,0.00134548,0.85472823,57133,7,0.39416101,2.4192542
334,5,25023695,0.98723324,0.02616301,0.00996385,0.0,0.025071,0.18574587,0.00200418,0.75105207,20013,7,0.28757216,2.4187208
334,6,25023696,0.98532439,0.03257635,0.0010592,0.0,0.01876985,0.21478647,0.00261748,0.73019065,16165,7,0.67181557,2.4191543
334,7,25023697,0.98599616,0.02120649,0.00273131,0.0,0.01124409,0.11322003,0.00780499,0.84379308,16173,7,0.47089136,2.4192042
334,8,25023698,0.98476381,0.03540228,0.00960355,0.0,0.01039079,0.29287326,0.00638635,0.64534377,24109,7,0.31347861,2.4187707
334,9,25023699,0.99103188,0.02045052,0.00860253,0.0,0.01205856,0.19487884,0.00486445,0.7591451,12069,7,0.40531387,2.4191043
334,10,25023700,0.99049221,0.03899083,0.00408379,0.0,0.02018811,0.25609547,0.00301602,0.67762578,44845,7,0.30351255,2.4192542
335,1,25023721,0.99959105,0.00126173,0.00070406,0.0,4.029e-05,0.0,6.7e-07,0.99799325,24333,7,0.99797496,1.3249154
335,2,25023722,0.98917942,0.0104854,0.00434028,0.0,0.00404031,0.0,0.00376457,0.97736944,18957,7,0.64360332,1.3246506
335,3,25023723,0.99950855,0.00124121,0.00111224,0.0,5.663e-05,0.0,7e-07,0.99758922,20228,7,0.89909137,1.3247655
335,4,25023724,0.99936867,0.00111321,0.00106896,0.0,3.909e-05,0.0,6.8e-07,0.99777806,18956,7,0.71377844,1.3245009
335,5,25023725,0.99939609,0.00058212,0.00079907,0.0,2.586e-05,0.0,6.6e-07,0.99859228,18947,7,0.9985119,1.3245508
335,6,25023726,0.99454578,0.00583895,0.00156127,0.0,0.00819809,0.0,0.00190813,0.98249355,20354,7,0.97451215,1.3246007
335,7,25023727,0.99211184,0.01125232,0.00292937,0.0,0.0116076,0.0,0.0014366,0.97277411,23051,7,0.61286087,1.3247005
335,8,25023728,0.99942558,0.00103591,0.00093492,0.0,2.288e-05,0.0,6.8e-07,0.99800561,18957,7,0.99799218,1.3246506
335,9,25023729,0.9961039,0.00680908,0.00251864,0.0,0.01260521,0.0,2.611e-05,0.97804097,24067,7,0.77762142,1.3246257
335,10,25023730,0.99609157,0.00915975,0.00077126,0.0,0.0085522,0.0,0.00146278,0.980054,18948,7,0.95302783,1.3245008
336,1,25023751,0.99810116,0.00052059,0.0,1.52e-05,6.682e-05,0.64847197,0.0,0.35092542,43855,6,0.13983858,0.9985371
336,2,25023752,0.99843145,0.00050572,0.0,1.539e-05,7.241e-05,0.54832764,0.0,0.45107883,22463,6,0.18765491,0.9989028
336,3,25023753,0.99834233,0.00055046,0.0,1.524e-05,6.804e-05,0.32928937,0.0,0.67007689,4039,7,0.18115453,0.9983876
336,4,25023754,0.9979688,0.00032095,0.0,1.538e-05,3.4e-05,0.9465187,0.0,0.05311096,14073,6,0.12265967,0.9983374
336,5,25023755,0.99837961,0.00050339,0.0,1.535e-05,6.948e-05,0.51399701,0.0,0.48541477,50559,7,0.16210214,0.9992682
336,6,25023756,0.99800843,0.00021217,0.0,1.546e-05,1.778e-05,0.98401497,0.0,0.01573962,5625,6,0.4301348,0.9990683
336,7,25023757,0.99852036,0.00050618,0.0,1.519e-05,4.239e-05,0.90213641,0.0,0.09729984,63053,6,0.36332239,0.9990683
336,8,25023758,0.99790173,0.00050478,0.0,1.517e-05,6.19e-05,0.60997085,0.0,0.38944731,40783,7,0.10745176,0.9985373
336,9,25023759,0.99831561,0.00030633,0.0,1.541e-05,1.83e-05,0.91344679,0.0,0.08621318,40169,6,0.36657312,0.9988686
336,10,25023760,0.99818455,0.00048878,0.0,1.534e-05,6.571e-05,0.70742534,0.0,0.29200483,65143,6,0.13360633,0.9984625
337,1,25023781,0.9993892,0.00153242,0.98531212,0.0,5.899e-05,0.01308884,0.0,7.64e-06,8939,4,0.3718464,4.3428594
337,2,25023782,0.99939831,0.00083748,0.00010294,0.0,3.816e-05,0.95253295,0.0,0.04648848,23074,6,0.20456787,4.3428098
337,3,25023783,0.99944659,0.00139016,0.99855542,0.0,4.753e-05,6.68e-06,0.0,2.1e-07,8675,4,0.44379926,4.3436276
337,4,25023784,0.99936199,0.00118116,0.99874422,0.0,3.134e-05,4.304e-05,0.0,2.4e-07,51309,4,0.36954881,4.3430093
337,5,25023785,0.99939278,0.00122444,0.93620444,0.0,4.754e-05,0.06250049,0.0,2.309e-05,21421,4,0.45698906,4.3437275
337,6,25023786,0.99932514,0.00151516,0.77697775,0.0,4.181e-05,0.22146505,0.0,2.3e-07,8931,4,0.27433371,4.3427596
337,7,25023787,0.99930474,0.00160104,0.99830939,0.0,4.436e-05,4.368e-05,0.0,1.52e-06,17068,4,0.48773791,4.3427101
337,8,25023788,0.9992991,0.00071284,0.05256562,0.0,2.124e-05,0.8913516,0.0,0.0553487,24109,6,0.48385774,4.3429093
337,9,25023789,0.99933679,0.00144559,0.9072169,0.0,4.632e-05,3.267e-05,0.0,0.09125852,16619,4,0.49042809,4.3428597
337,10,25023790,0.99933399,0.00142916,0.97454466,0.0,4.005e-05,0.0239859,0.0,2.3e-07,18676,4,0.48672493,4.3428095
338,1,25023811,0.92135286,0.00638186,0.00296127,0.05007978,0.0028631,0.9178167,0.01989728,1e-08,35209,6,0.14095629,0.9983972
338,2,25023812,0.95479468,0.0075262,0.00498431,0.01217696,0.00679547,0.9478003,0.02071667,9e-08,39119,6,0.28541985,0.9989984
338,3,25023813,0.99803028,0.00020928,0.00035964,2.89e-06,4.36e-06,0.99942025,3.57e-06,1e-08,37417,6,0.66374073,0.9983969
338,4,25023814,0.99130226,0.00069626,0.00130625,1.679e-05,1.824e-05,0.99161226,0.00634603,4.17e-06,39051,6,0.42081848,0.998998
338,5,25023815,0.93827402,0.00774155,0.00263999,0.01383827,0.00624387,0.93258858,0.03516489,0.00178286,38473,6,0.27454265,0.9989982
338,6,25023816,0.81369227,0.0146482,0.00401942,0.13796913,0.00794471,0.76338188,0.07203658,8e-08,7001,6,0.41602478,0.999098
338,7,25023817,0.99315737,0.00049101,0.00187801,3.89e-06,1.641e-05,0.99239999,0.00521038,3.2e-07,35531,6,0.61696875,0.9989979
338,8,25023818,0.96937475,0.00205486,0.00252639,0.0225488,0.00088827,0.96801583,0.00396546,3.9e-07,39115,6,0.39701154,0.998998
338,9,25023819,0.95843767,0.00862585,0.00422864,0.01150431,0.00047985,0.94746069,0.0277006,4e-08,32971,6,0.4608805,0.9989979
338,10,25023820,0.99846292,0.00024415,0.00051897,2.67e-06,3.75e-06,0.9992276,2.85e-06,1e-08,33113,6,0.90019267,0.9989983
339,1,25023841,0.99935341,0.00133389,0.02832473,0.0,0.00024493,0.03053431,0.0,0.93956214,48599,7,0.21557984,0.9997106
339,2,25023842,0.99938383,0.00172922,0.00835644,0.0,0.00041863,8.405e-05,0.0,0.98941166,51071,7,0.21899871,0.9998677
339,3,25023843,0.99944503,0.00142506,0.01043937,0.0,0.00036544,0.04127086,0.0,0.94649927,24423,7,0.16029857,0.9997106
339,4,25023844,0.99921706,0.00198899,0.01212317,0.0,0.00092,1.307e-05,0.0,0.98495477,63991,7,0.26857257,0.9996607
339,5,25023845,0.99952252,0.00116938,0.01194791,0.0,0.00018573,9.51e-06,0.0,0.98668747,36727,7,0.31437467,0.9998344
339,6,25023846,0.99950932,0.00136007,0.00546093,0.0,0.00048314,0.0399607,0.0,0.95273517,52223,7,0.16826111,0.9998017
339,7,25023847,0.99937313,0.00131512,0.0184878,0.0,0.00047016,0.16454113,0.0,0.81518579,32223,7,0.11530526,0.9997356
339,8,25023848,0.99915766,0.00219916,0.03863085,0.0,0.00055528,0.13150152,0.0,0.8271132,46911,6,0.0929897,0.9997448
339,9,25023849,0.99937985,0.00129737,0.0127572,0.0,0.00038362,0.08808612,0.0,0.89747569,4087,7,0.16087731,0.9998178
339,10,25023850,0.99928707,0.00147203,0.01022117,0.0,0.00053783,0.00020721,0.0,0.98756176,62991,7,0.18771057,0.9995358
340,1,25023871,0.98785032,0.05261346,0.01744608,0.0,0.003393,0.51146675,1.08e-06,0.41507963,20364,7,0.34963536,3.2677709
340,2,25023872,0.99473015,0.02935942,0.0258145,0.0,0.00259059,0.87424418,0.00029193,0.06769938,51980,6,0.41682345,3.2684239
340,3,25023873,0.99656139,0.01275118,0.02113128,0.0,0.00118628,0.96449574,0.00029632,0.00013921,56067,6,0.68666015,3.2684489
340,4,25023874,0.99895783,0.00181801,0.00237844,0.0,0.00014912,0.88814458,3e-07,0.10750955,23082,6,0.35354131,3.2678043
340,5,25023875,0.98674691,0.03143712,0.02383323,0.0,0.00817239,0.93512327,0.00137372,6.028e-05,56100,6,0.32338546,3.268424
340,6,25023876,0.99693435,0.00551389,0.00256007,0.0,0.00135474,0.60673106,2e-07,0.38384004,19971,7,0.38380899,3.2677212
340,7,25023877,0.99270153,0.0123981,0.00334315,0.0,0.00329433,0.9808338,2.4e-07,0.00013038,56067,6,0.38601522,3.2684489
340,8,25023878,0.99914735,0.00153676,0.00312304,0.0,0.00046805,0.99480591,1.8e-07,6.606e-05,20005,6,0.53565812,3.267721
340,9,25023879,0.98896272,0.0602256,0.00947185,0.0,0.00644165,0.4557439,2.8e-07,0.46811671,20226,7,0.43744429,3.2683241
340,10,25023880,0.99757449,0.01024364,0.00201746,0.0,0.00046988,0.43802097,3.7e-07,0.54924768,20363,7,0.51674713,3.2679209
341,1,25023901,0.99701063,0.00015056,0.0,2.096e-05,3.55e-06,0.99982336,1.55e-06,1e-08,5817,6,0.91532676,0.9974317
341,2,25023902,0.99824717,0.00050367,0.0,2.093e-05,1.644e-05,0.99945735,1.56e-06,5e-08,36159,6,0.24055192,0.999112
341,3,25023903,0.99797873,0.00017759,0.0,2.095e-05,4.16e-06,0.99979575,1.53e-06,1e-08,36281,6,0.43549176,0.9987123
341,4,25023904,0.99780986,0.00042462,0.0,2.102e-05,1.535e-05,0.99953712,1.52e-06,3.7e-07,39903,6,0.14736408,0.9991121
341,5,25023905,0.99811592,0.00054272,0.0,2.104e-05,1.971e-05,0.99941471,1.53e-06,3e-07,61007,6,0.18657644,0.998912
341,6,25023906,0.99796529,0.00055523,0.0,2.095e-05,1.826e-05,0.99940392,1.59e-06,5e-08,21887,6,0.16124899,0.9991119
341,7,25023907,0.99810544,0.0003723,0.0,2.104e-05,1.253e-05,0.99959245,1.55e-06,1.3e-07,63567,6,0.24925734,0.9989117
341,8,25023908,0.99814938,0.00053424,0.0,2.095e-05,2.39e-05,0.99941886,1.57e-06,4.9e-07,21943,6,0.215646,0.9990869
341,9,25023909,0.99765192,0.00038904,0.0,2.087e-05,1.814e-05,0.99956891,1.54e-06,1.5e-06,34895,6,0.13069651,0.9987114
341,10,25023910,0.99804882,0.00050166,0.0,2.102e-05,2.667e-05,0.99944646,1.52e-06,2.68e-06,36079,6,0.37058484,0.9987124
342,1,25023931,0.99439086,0.03387416,0.00077493,0.0,0.00158779,0.9637422,0.0,2.092e-05,15572,6,0.39038653,3.5397055
342,2,25023932,0.99794487,0.01857335,0.00030269,0.0,2.584e-05,0.98109778,0.0,3.4e-07,11589,6,0.58077785,3.5402379
342,3,25023933,0.99791306,0.00176268,0.00064453,0.0,0.00219949,0.99534492,0.0,4.838e-05,47884,6,0.38842225,3.5403212
342,4,25023934,0.99835998,0.00277884,0.00244188,0.0,0.00045057,0.69770128,0.0,0.29662743,57133,7,0.29662223,3.5403878
342,5,25023935,0.99944908,0.00071185,0.00056024,0.0,3.117e-05,0.5926771,0.0,0.40601965,16021,6,0.44328008,3.5397555
342,6,25023936,0.95797107,0.03432479,0.0021636,0.0,0.04450227,0.8450094,0.0,0.07399994,18315,6,0.65929365,3.5402879
342,7,25023937,0.99574749,0.00261875,0.00031939,0.0,0.0058488,0.99119456,0.0,1.85e-05,15236,6,0.46365889,3.5397052
342,8,25023938,0.99934472,0.00072862,0.00022372,0.0,3.983e-05,0.99899193,0.0,1.589e-05,51115,6,0.50913654,3.5398805
342,9,25023939,0.99844363,0.002424,0.00130639,0.0,0.00079858,0.61453516,0.0,0.38093587,53499,6,0.45790265,3.5403878
342,10,25023940,0.99914911,0.0027199,0.00375197,0.0,0.00069938,0.73456893,0.0,0.25825982,48668,6,0.73423369,3.5403212
343,1,25023961,0.99887948,0.0005933,0.00244829,0.0,5.87e-06,0.0,1.45e-06,0.99695109,23183,7,0.99694331,0.9990824
343,2,25023962,0.99860861,0.00077017,0.00260073,0.0,8.36e-06,0.0,1.99e-06,0.99661875,20111,7,0.99661838,0.9988269
343,3,25023963,0.9351083,0.02002626,0.00659537,0.0,0.01409348,0.0,0.03440081,0.92488407,24207,7,0.65354913,0.9988768
343,4,25023964,0.8008149,0.04558578,0.00642487,0.0,0.03001514,0.0,0.13712781,0.78084639,24199,7,0.34617412,0.9988019
343,5,25023965,0.99858072,0.00067888,0.00232676,0.0,7.91e-06,0.0,1.48e-06,0.99698497,24199,7,0.99698427,0.9988019
343,6,25023966,0.99873828,0.00045644,0.00184062,0.0,9.25e-06,0.0,1.43e-06,0.99769225,19079,7,0.99768988,0.9989326
343,7,25023967,0.72058927,0.07722909,0.01276654,0.0,0.04609679,0.0,0.17624466,0.68766292,20111,7,0.46432366,0.9988269
343,8,25023968,0.99882897,0.00062005,0.0030878,0.0,5.73e-06,0.0,1.4e-06,0.99628501,19087,7,0.99628364,0.9990325
343,9,25023969,0.99881267,0.00041596,0.00185635,0.0,6.49e-06,0.0,1.49e-06,0.99771971,23175,7,0.99771906,0.9990075
343,10,25023970,0.89566993,0.02730127,0.00658873,0.0,0.01957445,0.0,0.06517232,0.88136323,23175,7,0.88136253,0.9990075
344,1,25023991,0.99857513,0.00064735,0.0,0.0,8.052e-05,0.32422046,0.0,0.67505167,32695,7,0.15639307,0.9991159
344,2,25023992,0.9986681,0.00063266,0.0,0.0,8.406e-05,0.65953574,0.0,0.33974754,34623,6,0.14001664,0.9991658
344,3,25023993,0.99870187,0.00100791,0.0,0.0,6.8e-05,0.70126627,0.0,0.29765782,32151,6,0.41778992,0.9993188
344,4,25023994,0.99830546,0.00106976,0.0,0.0,7.676e-05,0.54243844,0.0,0.45641504,34615,6,0.14322502,0.998966
344,5,25023995,0.99855006,0.00076823,0.0,0.0,0.00010914,0.31419009,0.0,0.68493254,10231,7,0.13369835,0.9993938
344,6,25023996,0.99836224,0.0008456,0.0,0.0,6.631e-05,0.46717788,0.0,0.53191021,47095,7,0.14229262,0.9994188
344,7,25023997,0.99818369,0.00116171,0.0,0.0,0.00010452,0.58504981,0.0,0.41368395,48311,6,0.16756375,0.9988629
344,8,25023998,0.99867942,0.00097336,0.0,0.0,8.426e-05,0.23609529,0.0,0.76284709,58871,7,0.11027521,0.9994104
344,9,25023999,0.99867392,0.0006347,0.0,0.0,8.292e-05,0.44029708,0.0,0.55898531,38863,6,0.17116407,0.998888
344,10,25024000,0.99876562,0.00062547,0.0,0.0,7.701e-05,0.23099964,0.0,0.76829788,15743,7,0.25068376,0.9994437
345,1,25024021,0.83428953,0.85640424,0.00223856,0.0,7.131e-05,0.14128553,0.0,3.5e-07,20180,0,0.21218829,2.848952
345,2,25024022,0.99826112,0.00559303,0.00259267,0.0,0.00026078,0.99143911,0.0,0.00011441,52762,6,0.46749233,4.4139619
345,3,25024023,0.92243275,0.28862365,0.00459103,0.0,2.437e-05,0.70675998,0.0,9.7e-07,52997,6,0.29976612,4.4139619
345,4,25024024,0.99931747,0.00057275,3.76e-05,0.0,5.624e-05,0.99932424,0.0,9.16e-06,51738,6,0.807667,4.41313
345,5,25024025,0.99865315,0.00388607,0.00167969,0.0,7.985e-05,0.75453752,0.0,0.23981687,18314,6,0.27215007,4.413862
345,6,25024026,0.99826341,0.00271456,0.00057929,0.0,0.00162228,0.99508373,0.0,1.5e-07,8437,6,0.42640342,4.4139119
345,7,25024027,0.99815915,0.00599842,0.00301595,0.0,3.125e-05,0.50321802,0.0,0.48773636,20357,7,0.48769882,4.4131799
345,8,25024028,0.9993644,0.00064903,0.0002135,0.0,6.26e-05,0.99906201,0.0,1.286e-05,55812,6,0.32441612,4.4131299
345,9,25024029,0.97983433,0.06168361,0.02926774,0.0,0.01127591,0.89776556,0.0,7.18e-06,8933,6,0.45276918,4.41303
345,10,25024030,0.99194469,0.03878636,0.00254117,0.0,0.00128139,0.69861162,0.0,0.25877946,19970,7,0.25872888,4.4129804
346,1,25024051,0.99818329,0.00047489,0.0,2.158e-05,1.504e-05,0.99948667,1.73e-06,1e-07,62303,6,0.1797685,0.9992005
346,2,25024052,0.99795999,0.00035409,0.0,2.069e-05,1.314e-05,0.99961022,1.69e-06,1.7e-07,31339,6,0.23344919,0.9986006
346,3,25024053,0.99826356,0.00050816,0.0,2.112e-05,2.058e-05,0.99944792,1.69e-06,5.2e-07,24779,6,0.12934987,0.9989504
346,4,25024054,0.99789751,0.00039218,0.0,2.104e-05,1.633e-05,0.99956779,1.71e-06,9.5e-07,30813,6,0.23714894,0.9982015
346,5,25024055,0.99758465,0.00033186,0.0,2.047e-05,1.025e-05,0.99963565,1.69e-06,9e-08,52185,6,0.25560095,0.9988007
346,6,25024056,0.99800014,0.00032255,0.0,1.934e-05,8.5e-06,0.9996479,1.69e-06,2e-08,33081,6,0.3436447,0.9984014
346,7,25024057,0.99796509,0.00025314,0.0,2.077e-05,7.57e-06,0.99971683,1.68e-06,1e-08,38441,6,0.16813761,0.9984013
346,8,25024058,0.99815194,0.00041448,0.0,2.07e-05,1.155e-05,0.99954851,1.66e-06,3.1e-06,30859,6,0.18466933,0.9990004
346,9,25024059,0.99817298,0.00037989,0.0,2.091e-05,1.136e-05,0.99958609,1.71e-06,4e-08,63497,6,0.42366467,0.9990005
346,10,25024060,0.99812034,0.00053157,0.0,2.22e-05,1.711e-05,0.99942729,1.72e-06,1.2e-07,31437,6,0.21074892,0.9990004
347,1,25024081,0.99948645,0.0010152,0.00058778,1e-08,4.922e-05,0.0,3.75e-06,0.99834403,44965,7,0.62548883,1.7302856
347,2,25024082,0.99610609,0.00773699,0.00228505,1e-08,0.0107982,0.0,0.00254738,0.97663237,44813,7,0.56610212,1.7305648
347,3,25024083,0.9984584,0.00357611,0.00084202,1e-08,0.00072832,0.0,0.00041935,0.99443419,12037,7,0.65943653,1.7304149
347,4,25024084,0.95871987,0.08360421,0.01367917,2e-08,0.10259932,0.0,0.02857753,0.77153974,12197,7,0.57729228,1.730219
347,5,25024085,0.999573,0.0007889,0.00085629,1e-08,4.874e-05,0.0,6.06e-06,0.9983,44973,7,0.56318139,1.7304189
347,6,25024086,0.9994754,0.00073095,0.00065774,1e-08,5.066e-05,0.0,2.02e-06,0.99855863,16261,7,0.99841188,1.730294
347,7,25024087,0.99957499,0.00072913,0.00072133,1e-08,5.224e-05,0.0,3.74e-06,0.99849356,16165,7,0.99848381,1.7304649
347,8,25024088,0.99940285,0.00102177,0.00089768,0.0,4.602e-05,0.0,1.87e-06,0.99803266,20357,7,0.95182409,1.7302191
347,9,25024089,0.99739841,0.00247753,0.0036351,1e-08,0.00143368,0.0,0.00318501,0.98926867,48941,7,0.31269486,1.7305648
347,10,25024090,0.99265582,0.00844927,0.00218968,4e-08,0.00871029,0.0,0.00804218,0.97260854,44941,7,0.97259335,1.7304189
348,1,25024111,0.99940988,0.00060703,0.00046029,0.0,2.791e-05,6.656e-05,4.4e-07,0.99883776,20355,7,0.99869112,2.2040559
348,2,25024112,0.99071924,0.01484273,0.01667936,0.0,0.00334982,0.08376288,0.00231256,0.87905266,20227,7,0.64369867,2.2043465
348,3,25024113,0.98648068,0.02306894,0.00340198,0.0,0.01146362,0.14965615,0.00078361,0.8116257,20226,7,0.44959329,2.2042965
348,4,25024114,0.97853266,0.03545921,0.00474075,0.0,0.0157152,0.07956059,0.00535523,0.85916902,19971,7,0.44772036,2.2039062
348,5,25024115,0.97998784,0.03241076,0.00814879,0.0,0.01828648,0.43694622,0.0014581,0.50274965,19340,7,0.37006628,2.2039558
348,6,25024116,0.99402776,0.01654426,0.00772051,0.0,0.00647787,0.22890584,2.675e-05,0.74032478,19971,7,0.40599865,2.2039062
348,7,25024117,0.99952483,0.00078609,0.00099863,0.0,2.805e-05,6.181e-05,4.3e-07,0.99812498,19202,7,0.99811031,2.2042965
348,8,25024118,0.98559414,0.02619234,0.01218847,0.0,0.01568908,0.07257661,0.0030456,0.8703079,19339,7,0.85431317,2.2041057
348,9,25024119,0.99940442,0.00077443,0.00050612,0.0,3.688e-05,0.00045572,4.5e-07,0.9982264,23051,7,0.99820471,2.2040558
348,10,25024120,0.99951617,0.00088631,0.00078017,0.0,2.138e-05,2.456e-05,4.4e-07,0.99828714,20237,7,0.99810985,2.2043964
349,1,25024141,0.99798481,0.00046862,0.0,2.24e-05,6.756e-05,0.6414219,0.0,0.35801951,63415,7,0.07800036,0.9986701
349,2,25024142,0.99784676,0.00040578,0.0,2.246e-05,3.631e-05,0.80130592,0.0,0.19822953,33357,6,0.27598816,0.9987466
349,3,25024143,0.99729709,0.00031549,0.0,2.243e-05,1.981e-05,0.85636052,0.0,0.14328174,64313,6,0.16324892,0.9972419
349,4,25024144,0.99813165,0.00051341,0.0,2.264e-05,6.413e-05,0.41307531,0.0,0.58632452,40831,7,0.1202347,0.9991466
349,5,25024145,0.99833143,0.0004766,0.0,2.239e-05,6.314e-05,0.4963769,0.0,0.50306097,32491,6,0.18478133,0.9989463
349,6,25024146,0.99841208,0.00043911,0.0,2.243e-05,6.13e-05,0.64008429,0.0,0.35939287,25707,6,0.26819816,0.9988964
349,7,25024147,0.9978967,0.00045484,0.0,2.274e-05,6.747e-05,0.84568702,0.0,0.15376794,50007,6,0.10358505,0.9981647
349,8,25024148,0.99786757,0.00045751,0.0,2.224e-05,5.877e-05,0.66749686,0.0,0.33196462,22383,6,0.13614295,0.9979097
349,9,25024149,0.99794662,0.00037641,0.0,2.221e-05,3.846e-05,0.77800315,0.0,0.22155976,38297,6,0.26040415,0.9989462
349,10,25024150,0.99802761,0.00045543,0.0,2.238e-05,6.501e-05,0.56651623,0.0,0.43294096,6015,7,0.15057077,0.9990666
350,1,25024171,0.9781943,0.10871282,0.02359438,0.0,0.00219825,0.86520222,0.0,0.00029234,49403,6,0.38342505,4.3589081
350,2,25024172,0.99936009,0.00069575,1.996e-05,0.0,1.859e-05,0.99926402,0.0,1.68e-06,52893,6,0.75770993,4.3582373
350,3,25024173,0.99954805,0.00028167,0.000372,0.0,6.89e-06,0.99933932,0.0,1.3e-07,49403,6,0.9993051,4.3589081
350,4,25024174,0.83829472,0.99996593,5.97e-06,0.0,2.102e-05,6.75e-06,0.0,3.3e-07,56925,0,0.13045275,3.0160165
350,5,25024175,0.99932519,0.00080047,0.00035581,0.0,3.313e-05,0.63136451,0.0,0.36744607,52781,7,0.36730669,4.3581366
350,6,25024176,0.99701028,0.01846995,0.01195086,0.0,0.00305207,0.68554684,0.0,0.28098028,20013,7,0.28094263,4.357987
350,7,25024177,0.85368006,0.75315617,0.24681787,0.0,2.084e-05,4.98e-06,0.0,1.4e-07,64251,0,0.75250725,3.239869
350,8,25024178,0.99734052,0.0149334,0.00320281,0.0,0.00030487,0.61066838,0.0,0.37089053,44557,7,0.37078504,4.3581369
350,9,25024179,0.99879826,0.00352574,0.00167236,0.0,3.908e-05,0.90848129,0.0,0.08628154,55204,6,0.25217188,4.3580872
350,10,25024180,0.9995481,0.0002923,0.00076224,0.0,6.72e-06,0.99893861,0.0,1.4e-07,49403,6,0.9989301,4.3589081
351,1,25024201,0.87647263,0.00867252,0.00582216,0.09060639,0.00639354,0.83083338,0.05767185,1.6e-07,18831,6,0.39262869,0.9982012
351,2,25024202,0.87535732,0.02079961,0.00747559,0.03802787,0.00517196,0.81577577,0.07318383,0.03956538,24271,6,0.49529097,0.9987339
351,3,25024203,0.79612024,0.01529243,0.00620287,0.16502441,0.00515298,0.61101755,0.09414881,0.10316095,18383,6,0.30113966,0.9989833
351,4,25024204,0.81513638,0.00764978,0.00355885,0.3101447,0.00405843,0.6237752,0.05081257,4.8e-07,22663,6,0.3233614,0.9986588
351,5,25024205,0.85359076,0.01030143,0.00561857,0.14804699,0.00317949,0.77482929,0.05802284,1.39e-06,1999,6,0.307576,0.9988834
351,6,25024206,0.96075278,0.00711098,0.00336497,7.608e-05,0.00121835,0.95732548,0.03090375,3.9e-07,18631,6,0.79136742,0.9985839
351,7,25024207,0.73555779,0.01628734,0.00406851,0.28955876,0.00850743,0.5955907,0.08598643,8.3e-07,23366,2,0.26418173,0.4993706
351,8,25024208,0.47722298,0.02667077,0.00399382,0.72733224,0.00721604,0.10410567,0.13068129,1.7e-07,23377,2,0.41096135,0.4994748
351,9,25024209,0.71439724,0.03051007,0.00836815,0.14624869,0.00829687,0.46447987,0.16798664,0.17410972,19079,7,0.15887672,0.9981014
351,10,25024210,0.74940552,0.01231442,0.00782887,0.2463264,0.00863207,0.47945824,0.09945328,0.14598672,4039,6,0.25448048,0.9988836
352,1,25024231,0.99927545,0.00077234,0.00462172,0.0,9.09e-05,0.04456428,0.0,0.94995075,35671,7,0.16683842,0.9995892
352,2,25024232,0.9993599,0.0007667,0.00255757,0.0,0.00010144,0.23771688,0.0,0.7588574,40311,7,0.2758899,0.9996641
352,3,25024233,0.99894278,0.00096167,0.00477203,0.0,0.00020791,0.34056101,0.0,0.65349738,43887,6,0.1672353,0.9992232
352,4,25024234,0.99910631,0.00088143,0.00239598,0.0,0.00012605,0.29896447,0.0,0.69763208,40831,7,0.14214606,0.9996892
352,5,25024235,0.99922255,0.00068163,0.00217175,0.0,0.00010229,0.47265926,0.0,0.52438506,40375,6,0.26765568,0.9996142
352,6,25024236,0.99915784,0.00082591,0.0025598,0.0,0.00011063,0.15699024,0.0,0.83951342,64895,7,0.29474702,0.9996892
352,7,25024237,0.99910559,0.00096138,0.00442785,0.0,0.00010272,0.40558329,0.0,0.58892476,55287,7,0.15959239,0.9996642
352,8,25024238,0.99933486,0.00074267,0.00239005,0.0,0.00011433,0.08461052,0.0,0.91214243,20415,7,0.12722245,0.9994839
352,9,25024239,0.99902751,0.00097507,0.00781758,0.0,0.00010771,0.19727673,0.0,0.79382291,28045,6,0.10275207,0.9991285
352,10,25024240,0.99910364,0.00077126,0.00370623,0.0,9.353e-05,0.31256685,0.0,0.68286212,36191,7,0.13084149,0.9993785
353,1,25024261,0.99920462,0.00166425,0.00467126,0.0,3.744e-05,0.99356337,0.0,6.368e-05,15882,6,0.44899703,3.9944193
353,2,25024262,0.93737386,0.10011797,0.00715848,0.0,0.00512365,0.88713981,0.0,0.00046009,17613,6,0.50643429,3.9944359
353,3,25024263,0.99941989,0.00033083,1.403e-05,0.0,1.385e-05,0.99964102,0.0,2.7e-07,56643,6,0.61492721,3.9952091
353,4,25024264,0.99257668,0.02856202,0.00128293,0.0,0.00699083,0.96316208,0.0,2.14e-06,54916,6,0.2586502,3.9944359
353,5,25024265,0.99950756,0.00015034,0.00016448,0.0,8.62e-06,0.99967642,0.0,1.3e-07,8372,6,0.99964512,3.9950841
353,6,25024266,0.9990001,0.00099243,0.00044942,0.0,4.233e-05,0.99851302,0.0,2.8e-06,56532,6,0.61271281,3.9945358
353,7,25024267,0.99756778,0.01261962,0.00460488,0.0,0.00244134,0.74841213,0.0,0.23192203,24322,7,0.23186442,3.9951591
353,8,25024268,0.99396164,0.02038139,0.00326726,0.0,0.00302196,0.97326522,0.0,6.417e-05,18978,6,0.57243037,3.9942863
353,9,25024269,0.9982273,0.00275208,0.00067059,0.0,0.00013187,0.99643997,0.0,5.5e-06,52676,6,0.58521732,3.9944858
353,10,25024270,0.99949655,0.0002051,0.00019162,0.0,8.98e-06,0.99959418,0.0,1.1e-07,8956,6,0.9994901,3.9950841
354,1,25024291,0.99737547,0.00033993,0.0,2.126e-05,1.194e-05,0.99962525,1.6e-06,1e-08,62859,6,0.20247908,0.9979543
354,2,25024292,0.99767983,0.00049203,0.0,2.124e-05,1.847e-05,0.99946664,1.52e-06,9e-08,26895,6,0.23460397,0.9979048
354,3,25024293,0.99818448,0.00047864,0.0,2.134e-05,1.395e-05,0.99948296,1.59e-06,1.53e-06,10647,6,0.32287238,0.9990267
354,4,25024294,0.99798182,0.00045868,0.0,2.126e-05,1.376e-05,0.9995047,1.53e-06,6e-08,57549,6,0.13349469,0.9988767
354,5,25024295,0.99799714,0.00050534,0.0,2.121e-05,2.186e-05,0.99945001,1.55e-06,3e-08,21887,6,0.16992652,0.9990767
354,6,25024296,0.99818925,0.00056989,0.0,2.123e-05,2.801e-05,0.9993789,1.55e-06,4.2e-07,60655,6,0.29085786,0.998877
354,7,25024297,0.99792654,0.00039512,0.0,2.114e-05,1.923e-05,0.99956291,1.54e-06,5e-08,26665,6,0.2118419,0.9983155
354,8,25024298,0.99809958,0.00046741,0.0,2.115e-05,2.161e-05,0.99948817,1.54e-06,1.3e-07,57551,6,0.23771873,0.9988767
354,9,25024299,0.99768078,0.00045643,0.0,2.133e-05,1.97e-05,0.9995009,1.54e-06,1.1e-07,28087,6,0.16455455,0.998927
354,10,25024300,0.9975594,0.00037758,0.0,2.11e-05,1.341e-05,0.99958632,1.57e-06,1e-08,34409,6,0.2039229,0.9986771
355,1,25024321,0.99252908,0.01277081,0.01544194,0.0,0.0076239,0.77019881,0.00098482,0.19297971,47877,6,0.39083442,3.0678456
355,2,25024322,0.99882126,0.00255824,0.00109899,0.0,0.0001996,0.75672253,2.36e-06,0.23941827,53004,6,0.75623568,3.0678206
355,3,25024323,0.99545305,0.0275734,0.00078039,0.0,0.00869041,0.06258276,3.148e-05,0.90034155,16173,7,0.72875445,3.0678706
355,4,25024324,0.99952449,0.00064147,0.00035484,0.0,2.728e-05,0.79649338,6.1e-07,0.20248242,15901,6,0.56369206,3.0678706
355,5,25024325,0.99935294,0.00053086,0.0001104,0.0,1.506e-05,0.9993427,6.1e-07,3.7e-07,24213,6,0.9992604,3.0673826
355,6,25024326,0.9934092,0.01324764,0.00223619,0.0,0.00133285,0.98108272,0.00198403,0.00011657,47021,6,0.46594153,3.0675076
355,7,25024327,0.99636024,0.00659259,0.00173017,0.0,0.0020784,0.03790003,0.0006367,0.95106211,24461,7,0.35509332,3.0674576
355,8,25024328,0.98395645,0.0255453,0.00551151,0.0,0.01608101,0.39690257,0.00332091,0.55263869,20237,7,0.55261358,3.0678206
355,9,25024329,0.99321753,0.01170148,0.00484189,0.0,0.00166413,0.58450607,0.00447383,0.3928126,57261,7,0.37067645,3.0675075
355,10,25024330,0.99865917,0.00227978,0.00090233,0.0,0.00046474,0.995851,0.0004725,2.965e-05,56861,6,0.75245701,3.0679206
356,1,25024351,0.80153257,0.12929631,0.00995696,0.0,0.16390888,0.0,0.13261478,0.56422307,19087,7,0.56342671,0.9995587
356,2,25024352,0.99930544,0.00083465,0.00121339,0.0,2.317e-05,0.0,1.06e-06,0.99792772,19079,7,0.99792754,0.9994589
356,3,25024353,0.95479267,0.01622391,0.00242991,0.0,0.01534788,0.0,0.12715972,0.83883859,23175,7,0.83883467,0.9995338
356,4,25024354,0.99935746,0.00164635,0.00182504,0.0,1.751e-05,0.0,1.14e-06,0.99650996,24207,7,0.99650861,0.9995782
356,5,25024355,0.99852402,0.00261758,0.0017381,0.0,0.00019692,0.0,1.32e-06,0.99544608,24199,7,0.71845513,0.9995034
356,6,25024356,0.989575,0.00772909,0.00256327,0.0,0.00511452,0.0,0.00402878,0.98056434,24207,7,0.71565642,0.9995782
356,7,25024357,0.99930939,0.00158837,0.00181639,0.0,1.714e-05,0.0,1.06e-06,0.99657704,20111,7,0.99638599,0.9995283
356,8,25024358,0.99929493,0.00128717,0.00190359,0.0,1.827e-05,0.0,3.3e-06,0.99678768,24199,7,0.99678742,0.9995034
356,9,25024359,0.99922286,0.00132312,0.00171774,0.0,1.859e-05,0.0,1.11e-06,0.99693944,20103,7,0.99692178,0.9994285
356,10,25024360,0.99922056,0.00136079,0.00170859,0.0,1.367e-05,0.0,1.23e-06,0.99691572,20103,7,0.99691429,0.9994285
357,1,25024381,0.99850368,0.00047464,0.0,1.081e-05,5.357e-05,0.55469888,0.0,0.44476211,28397,6,0.14447528,0.9990284
357,2,25024382,0.9985819,0.00045798,0.0,1.105e-05,4.728e-05,0.658667,0.0,0.34081669,61401,6,0.32296516,0.9988788
357,3,25024383,0.99833194,0.00029746,0.0,1.156e-05,3.108e-05,0.89851171,0.0,0.10114819,33961,6,0.36328473,0.9988785
357,4,25024384,0.99822257,0.00023233,0.0,1.125e-05,1.548e-05,0.99972435,0.0,1.658e-05,14329,6,0.40929741,0.9990786
357,5,25024385,0.99815039,0.00053112,0.0,1.069e-05,6.997e-05,0.55594435,0.0,0.44344387,6119,6,0.23314112,0.998433
357,6,25024386,0.99845324,0.00054727,0.0,1.098e-05,7.18e-05,0.30303487,0.0,0.69633509,23551,7,0.25203095,0.9989182
357,7,25024387,0.99817063,0.00052147,0.0,1.093e-05,5.726e-05,0.64276396,0.0,0.35664639,1511,6,0.0824885,0.997588
357,8,25024388,0.99853687,0.00058189,0.0,1.069e-05,7.377e-05,0.72256341,0.0,0.27677023,9663,6,0.18915631,0.9992285
357,9,25024389,0.99839807,0.00054524,0.0,1.091e-05,6.04e-05,0.71233496,0.0,0.28704848,43487,6,0.1703074,0.9992784
357,10,25024390,0.9981838,0.00052838,0.0,1.07e-05,7.514e-05,0.56904525,0.0,0.43034054,40055,6,0.11901678,0.9984828
358,1,25024411,0.9504874,0.43572691,0.44242196,0.0,1.627e-05,0.12183427,0.0,5.8e-07,47155,0,0.37977281,3.4652258
358,2,25024412,0.93540381,0.5762204,0.42376302,0.0,1.055e-05,5.4e-06,0.0,6.2e-07,49517,0,0.47436187,3.5366837
358,3,25024413,0.99475512,0.04057104,0.05016188,0.0,2.96e-05,0.90898866,0.0,0.00024882,53034,6,0.29122607,4.7502531
358,4,25024414,0.99465887,0.04107838,0.03786424,0.0,3.792e-05,0.79684968,0.0,0.12416978,51083,6,0.30069763,4.7503531
358,5,25024415,0.99930586,0.00035585,8.89e-06,0.0,2.178e-05,0.99960254,0.0,1.095e-05,20115,6,0.78194491,4.749404
358,6,25024416,0.94762735,0.45459155,0.36476155,0.0,0.00014064,0.18049204,0.0,1.423e-05,49266,0,0.2655299,3.1332795
358,7,25024417,0.99329558,0.09296361,0.00928535,0.0,0.00084312,0.48232065,0.0,0.41458728,20364,7,0.39312151,4.7493039
358,8,25024418,0.94330145,0.49314631,0.37989472,0.0,0.00010416,0.12685444,0.0,3.6e-07,8930,4,0.37464797,4.7492042
358,9,25024419,0.99822623,0.01158613,0.01779882,0.0,0.00014131,0.97046408,0.0,9.66e-06,14212,6,0.26637819,4.7502282
358,10,25024420,0.99243858,0.06010852,0.05728713,0.0,3.902e-05,0.88229865,0.0,0.00026668,53027,6,0.32694208,4.7502531
359,1,25024441,0.9976947,0.00039797,0.0,6.3e-06,1.098e-05,0.99958213,2.51e-06,1e-07,46135,6,0.19595112,0.9973499
359,2,25024442,0.99782651,0.00019853,0.0,4.95e-06,2.85e-06,0.99979163,2.03e-06,1e-08,33289,6,0.59879909,0.9985012
359,3,25024443,0.99834807,0.00033399,0.0,6.06e-06,8.95e-06,0.99964838,2.58e-06,3e-08,39049,6,0.44847347,0.9988674
359,4,25024444,0.99773831,0.0003395,0.0,6.8e-06,8.78e-06,0.99964235,2.56e-06,1e-08,61289,6,0.30625443,0.9981352
359,5,25024445,0.99800672,0.00031167,0.0,5.92e-06,1.164e-05,0.99966797,2.22e-06,5.8e-07,34959,6,0.34517609,0.9988675
359,6,25024446,0.99783611,0.00034842,0.0,7.46e-06,1.153e-05,0.99962911,3.14e-06,3.5e-07,36523,6,0.19758223,0.9985006
359,7,25024447,0.99802132,0.00049944,0.0,8.23e-06,1.223e-05,0.99947668,3.2e-06,2.1e-07,13817,6,0.3757072,0.999067
359,8,25024448,0.99779163,0.00038997,0.0,6.37e-06,1.333e-05,0.99958771,2.32e-06,3e-07,33227,6,0.26892556,0.9974032
359,9,25024449,0.99794301,0.00024239,0.0,5.12e-06,4.52e-06,0.99974575,2.21e-06,1e-08,32815,6,0.5552179,0.9985012
359,10,25024450,0.99731521,0.00024398,0.0,5.93e-06,5.2e-06,0.99974192,2.96e-06,1e-08,37037,6,0.22588651,0.9970375
360,1,25024471,0.99974821,0.00232605,0.00811007,0.0,0.00109622,0.00020884,0.0,0.98825882,54527,7,0.16090724,0.9999586
360,2,25024472,0.99982761,0.00211228,0.00444344,0.0,0.00067822,1.09e-05,0.0,0.99275515,64479,7,0.18120324,0.9999793
360,3,25024473,0.99983031,0.00186571,0.01586779,0.0,0.00050798,1.747e-05,0.0,0.98174105,56823,7,0.18437089,0.9999543
360,4,25024474,0.99966766,0.00269937,0.00445081,0.0,0.00201593,4.95e-06,0.0,0.99082894,32759,7,0.16880576,0.9999543
360,5,25024475,0.99976959,0.00278921,0.00716414,0.0,0.0003296,9.841e-05,0.0,0.98961864,35679,7,0.26529027,0.9999792
360,6,25024476,0.99974185,0.00231353,0.00892298,0.0,0.00030444,5.316e-05,0.0,0.9884059,48927,7,0.18109265,0.9999379
360,7,25024477,0.99981433,0.00176252,0.00516111,0.0,0.00161556,1.38e-06,0.0,0.99145943,32383,7,0.28661631,0.9999586
360,8,25024478,0.99978652,0.00209589,0.00648437,0.0,0.00041958,1.723e-05,0.0,0.99098293,61423,7,0.1654407,0.9999586
360,9,25024479,0.99973435,0.00196656,0.00739477,0.0,0.00065065,0.0153325,0.0,0.97465552,4023,7,0.296871,0.999869
360,10,25024480,0.99971036,0.00215711,0.00543021,0.0,0.00090987,5.551e-05,0.0,0.9914473,43831,7,0.25309142,0.9998977
361,1,25024501,0.99732603,0.00465466,0.00214937,0.0,0.00262326,0.79914396,3.022e-05,0.19139853,18058,6,0.30514615,3.1041952
361,2,25024502,0.98936303,0.03429127,0.00171439,0.0,0.00616472,0.8636043,0.00123995,0.09298536,53003,6,0.5565519,3.1050151
361,3,25024503,0.98879561,0.0632956,0.00301791,0.0,0.01189611,0.5898068,0.00111212,0.33087145,20005,6,0.49163992,3.1042448
361,4,25024504,0.9922372,0.01430288,0.00690232,0.0,0.00522466,0.78761557,0.00045599,0.18549858,20004,6,0.35088317,3.1041949
361,5,25024505,0.99742712,0.00847305,0.00928499,0.0,0.0014705,0.24816119,0.00046855,0.73214173,23301,7,0.73192851,3.1049151
361,6,25024506,0.99611176,0.00539551,0.00109622,0.0,0.00116554,0.49294881,0.00125201,0.49814191,19333,7,0.49807414,3.1043945
361,7,25024507,0.99692619,0.00967306,0.00076573,0.0,0.0006292,0.98867825,0.00025209,1.67e-06,18061,6,0.64765714,3.1043448
361,8,25024508,0.99464722,0.03801972,0.00490735,0.0,0.01011048,0.78662153,4.9e-07,0.16034042,24364,6,0.30941648,3.1049151
361,9,25024509,0.99703469,0.01530114,0.0042385,0.0,0.00031675,0.9792231,0.00058263,0.00033788,23075,6,0.70625251,3.1043199
361,10,25024510,0.9993688,0.00077457,0.00081486,0.0,2.95e-05,0.58982793,3.4e-07,0.40855279,24101,6,0.43771899,3.1043197
362,1,25024531,0.99777793,0.00045122,0.0,2.238e-05,5.568e-05,0.63702689,0.0,0.36244384,13439,6,0.20988645,0.9976796
362,2,25024532,0.99796192,0.00050094,0.0,2.235e-05,6.433e-05,0.44609761,0.0,0.55331477,27819,6,0.2089955,0.9987976
362,3,25024533,0.99792357,0.00051091,0.0,2.242e-05,6.704e-05,0.44507227,0.0,0.55432737,60855,6,0.14278958,0.998948
362,4,25024534,0.99748072,0.00029423,0.0,2.239e-05,1.969e-05,0.98775651,0.0,0.01190717,45913,6,0.22983797,0.9976974
362,5,25024535,0.99802645,0.00045701,0.0,2.24e-05,5.296e-05,0.61184085,0.0,0.38762678,31007,6,0.25631095,0.9990479
362,6,25024536,0.99832597,0.00052474,0.0,2.239e-05,7.504e-05,0.30417411,0.0,0.69520371,1527,7,0.17364909,0.9989978
362,7,25024537,0.99799854,0.00045503,0.0,2.245e-05,4.905e-05,0.62139885,0.0,0.37807463,55255,7,0.20486884,0.9990228
362,8,25024538,0.997735,0.00048186,0.0,2.241e-05,6.637e-05,0.5796155,0.0,0.41981386,10455,6,0.1203232,0.9966968
362,9,25024539,0.99791989,0.00038096,0.0,2.236e-05,2.946e-05,0.75303605,0.0,0.24653116,29657,6,0.17528461,0.9988478
362,10,25024540,0.99791376,0.00046336,0.0,2.243e-05,5.25e-05,0.47996127,0.0,0.51950043,61581,6,0.20693003,0.9988478
363,1,25024561,0.90791952,0.24347073,0.00330305,0.0,0.0071827,0.74601036,0.0,3.316e-05,24491,6,0.27936648,4.1805593
363,2,25024562,0.99939617,0.00032775,3.813e-05,0.0,2.074e-05,0.99961299,0.0,3.9e-07,21964,6,0.51892094,4.1811449
363,3,25024563,0.99932019,0.00065237,0.00015771,0.0,5.235e-05,0.99913219,0.0,5.38e-06,42924,6,0.77139929,4.1804594
363,4,25024564,0.99864385,0.00368699,0.00162365,0.0,0.002036,0.27798574,0.0,0.71466762,56877,7,0.71460278,4.1805089
363,5,25024565,0.99942122,0.00031624,3.628e-05,0.0,1.313e-05,0.99963411,0.0,2.3e-07,15685,6,0.44060397,4.1811449
363,6,25024566,0.99694229,0.00647804,0.0019706,0.0,0.00342921,0.9880756,0.0,4.656e-05,11021,6,0.62912979,4.1811448
363,7,25024567,0.99931058,0.00070883,0.0002099,0.0,5.864e-05,0.99884511,0.0,0.00017752,44938,6,0.43610165,4.1804594
363,8,25024568,0.99939082,0.00072481,0.00033291,0.0,2.683e-05,0.99888271,0.0,3.274e-05,56075,6,0.47157159,4.1812447
363,9,25024569,0.99936032,0.00034394,2.186e-05,0.0,2.323e-05,0.99961076,0.0,2.2e-07,15581,6,0.55113879,4.1805594
363,10,25024570,0.66086696,0.89948283,0.00315959,0.0,0.00746284,0.08989399,0.0,7.5e-07,47611,0,0.56946022,2.5912586
364,1,25024591,0.81511936,0.01976244,0.00461036,7.5e-07,0.02220533,0.5473138,0.14581007,0.26029724,18567,6,0.43030477,0.9988885
364,2,25024592,0.93223606,0.00717107,0.0024264,8e-08,0.0055499,0.01915108,0.05505515,0.91064631,23175,7,0.77122472,0.9986329
364,3,25024593,0.99831688,0.00040871,0.00220176,3e-08,7.02e-06,6.406e-05,2.15e-06,0.99731627,19079,7,0.99731439,0.998558
364,4,25024594,0.81539149,0.02708724,0.00524944,1.1e-07,0.0172798,0.09194728,0.14929088,0.70914524,20111,7,0.44432274,0.9983275
364,5,25024595,0.47233087,0.0659785,0.00748614,0.00957984,0.0540635,0.44768001,0.41521145,5.5e-07,18887,6,0.11475837,0.9982278
364,6,25024596,0.95189071,0.00888263,0.00187228,5e-08,0.00386229,0.94997849,0.03539804,6.23e-06,18567,6,0.83702769,0.9988885
364,7,25024597,0.68782954,0.03383231,0.00663307,0.00512009,0.02408235,0.51321379,0.25483972,0.16227867,19855,6,0.17702649,0.9986578
364,8,25024598,0.86659737,0.01881917,0.00472721,1.1e-07,0.01540555,0.39766079,0.10050901,0.46287816,20103,7,0.46287784,0.9982278
364,9,25024599,0.81704083,0.0278209,0.00561822,7.4e-07,0.01887512,0.2660856,0.14032921,0.54127022,24199,7,0.5412673,0.9983026
364,10,25024600,0.62893801,0.05366777,0.00772624,0.00185964,0.05008549,0.35430093,0.2765085,0.25585143,19087,7,0.24386969,0.9986578
365,1,25024621,0.99868201,0.00072689,0.00198418,0.0,7.278e-05,0.48892245,0.0,0.5082937,19431,6,0.25262947,0.9986982
365,2,25024622,0.99867858,0.00097744,0.00484982,0.0,0.00016172,0.25003925,0.0,0.74397176,48375,6,0.12395288,0.9989734
365,3,25024623,0.99874167,0.00059976,0.00103608,0.0,7.602e-05,0.39488602,0.0,0.60340212,22463,6,0.16323214,0.9992487
365,4,25024624,0.99884303,0.00088719,0.00160865,0.0,9.857e-05,0.05281725,0.0,0.94458834,4055,7,0.22851905,0.999449
365,5,25024625,0.99866608,0.00082823,0.00108922,0.0,7.711e-05,0.24509744,0.0,0.752908,41983,7,0.21374736,0.9989984
365,6,25024626,0.99858308,0.00108663,0.00521034,0.0,8.486e-05,0.28250406,0.0,0.71111412,60791,7,0.17701101,0.9994656
365,7,25024627,0.9988906,0.00075386,0.00216901,0.0,9.45e-05,0.28636656,0.0,0.71061608,39903,7,0.26010844,0.999499
365,8,25024628,0.99902793,0.00064545,0.00065429,0.0,9.449e-05,0.05074942,0.0,0.94785635,60799,7,0.14493232,0.999499
365,9,25024629,0.99867385,0.00068543,0.00153912,0.0,0.00010724,0.2084113,0.0,0.7892569,32607,7,0.2042887,0.999499
365,10,25024630,0.99873067,0.00065592,0.00130175,0.0,8.648e-05,0.32362708,0.0,0.67432878,56191,7,0.10670008,0.9992487
366,1,25024651,0.99939282,0.00023928,3.32e-06,0.0,9.14e-06,0.99974798,0.0,2.8e-07,23635,6,0.57469798,4.6350649
366,2,25024652,0.99912472,0.00128392,0.00030131,0.0,6.829e-05,0.99831121,0.0,3.527e-05,56204,6,0.39599943,4.6343384
366,3,25024653,0.99916934,0.00091569,0.0003417,0.0,2.268e-05,0.99871553,0.0,4.39e-06,23772,6,0.73376079,4.6343054
366,4,25024654,0.99947999,0.00054623,7.025e-05,0.0,1.948e-05,0.99934749,0.0,1.655e-05,18076,6,0.46034627,4.634965
366,5,25024655,0.97152163,0.11232696,0.00122215,0.0,0.01312727,0.87308372,0.0,0.00023991,43538,6,0.34293513,4.634139
366,6,25024656,0.99935049,0.00051937,0.00020185,0.0,4.467e-05,0.99917948,0.0,5.463e-05,55844,6,0.47064096,4.6341888
366,7,25024657,0.99941456,0.0003323,3.82e-06,0.0,1.883e-05,0.99964475,0.0,2.9e-07,21722,6,0.75243855,4.6350649
366,8,25024658,0.9993662,0.00082075,0.0001117,0.0,4.405e-05,0.99901045,0.0,1.304e-05,20002,6,0.38017658,4.6340389
366,9,25024659,0.86887137,0.62269177,0.00103879,0.0,0.01036518,0.28223427,0.0,0.08366999,52253,0,0.19270537,2.5685661
366,10,25024660,0.99943513,0.00060688,3.701e-05,0.0,8.97e-06,0.99934609,0.0,1.05e-06,11805,6,0.71439441,4.6350649
367,1,25024681,0.99772497,0.00026087,0.0,2.107e-05,8.93e-06,0.99970754,1.56e-06,3e-08,32777,6,0.36407512,0.998679
367,2,25024682,0.99757793,0.00045265,0.0,2.196e-05,1.516e-05,0.99950279,1.58e-06,5.85e-06,36287,6,0.12364667,0.9990788
367,3,25024683,0.99794184,0.0004441,0.0,2.195e-05,1.875e-05,0.99951334,1.54e-06,3.3e-07,60011,6,0.35693313,0.998418
367,4,25024684,0.99736759,0.00036814,0.0,2.164e-05,1.617e-05,0.99959236,1.61e-06,9e-08,63883,6,0.26132162,0.9979583
367,5,25024685,0.99793997,0.00043217,0.0,2.189e-05,2.265e-05,0.99943903,1.58e-06,8.268e-05,24589,6,0.19320191,0.998829
367,6,25024686,0.99783975,0.00031213,0.0,2.134e-05,9.52e-06,0.99965545,1.55e-06,1e-08,59433,6,0.35777087,0.9984185
367,7,25024687,0.99781438,0.0004659,0.0,2.209e-05,1.79e-05,0.99949244,1.58e-06,9e-08,58777,6,0.13698154,0.9986784
367,8,25024688,0.99793261,0.00039373,0.0,2.152e-05,9.51e-06,0.99957315,1.56e-06,5.4e-07,62473,6,0.29974645,0.9988789
367,9,25024689,0.99770558,0.00030402,0.0,2.144e-05,1.1e-05,0.99966198,1.55e-06,2e-08,32877,6,0.38858404,0.9977586
367,10,25024690,0.99767828,0.0003473,0.0,2.202e-05,1.199e-05,0.99961675,1.59e-06,3.5e-07,22201,6,0.24706154,0.9974983
368,1,25024711,0.99156269,0.00896706,0.00599373,0.0,0.01030812,1.49e-06,0.00245976,0.97226984,44805,7,0.51685729,2.4074402
368,2,25024712,0.99945693,0.00097908,0.00106775,0.0,2.759e-05,1.66e-06,9.3e-07,0.997923,53133,7,0.99779083,2.407259
368,3,25024713,0.99960515,0.00074075,0.00109628,0.0,3.862e-05,5.14e-06,1.21e-06,0.998118,48941,7,0.99789271,2.4075401
368,4,25024714,0.99192848,0.02159866,0.00695585,0.0,0.0096808,5.7e-07,0.00338481,0.95837931,53029,7,0.41010402,2.4074402
368,5,25024715,0.99871481,0.00182822,0.00119597,0.0,0.00082403,1.75e-06,3.744e-05,0.99611259,52749,7,0.43945054,2.4071589
368,6,25024716,0.98657668,0.02791608,0.01607746,0.0,0.02285663,8.4e-07,0.00088429,0.9322647,48933,7,0.35767594,2.4074652
368,7,25024717,0.99818776,0.00217042,0.00537361,0.0,0.00083644,2.901e-05,0.00053056,0.99105997,44589,7,0.54831755,2.4071588
368,8,25024718,0.99917035,0.00178941,0.00175259,0.0,0.00147447,1.346e-05,9.2e-07,0.99496914,53005,7,0.99491608,2.4075401
368,9,25024719,0.99072737,0.01437607,0.00549614,0.0,0.01194258,0.00792732,0.00293722,0.95732068,48653,7,0.68420959,2.4071589
368,10,25024720,0.96535592,0.06757821,0.06331019,0.0,0.04182788,0.00428343,0.00791195,0.81508834,16301,7,0.31328961,2.407209
369,1,25024741,0.98937655,0.02780586,0.00458558,0.0,0.00777336,0.0,0.00165823,0.95817698,19331,7,0.48570162,1.8170809
369,2,25024742,0.99769478,0.00293956,0.00314506,0.0,0.00047903,0.0,0.00069357,0.99274278,20365,7,0.84595716,1.817131
369,3,25024743,0.99951538,0.00105221,0.00098368,0.0,3.244e-05,0.0,5.4e-07,0.99793113,19212,7,0.99790445,1.8172443
369,4,25024744,0.96972324,0.0381021,0.00400349,0.0,0.02258073,0.0,0.00786985,0.92744383,24323,7,0.32229452,1.8173442
369,5,25024745,0.98746144,0.01602655,0.00261988,0.0,0.00497352,0.0,0.00325426,0.97312577,24333,7,0.40435885,1.8173942
369,6,25024746,0.99955388,0.00103114,0.00078998,0.0,3.634e-05,0.0,5.4e-07,0.99814201,24333,7,0.99808436,1.8173942
369,7,25024747,0.99930809,0.00092009,0.00096686,0.0,3.102e-05,0.0,5.4e-07,0.99808149,19973,7,0.99677946,1.8169312
369,8,25024748,0.99890534,0.00168424,0.00189156,0.0,0.00059308,0.0,0.0001489,0.99568223,19333,7,0.60500273,1.8170809
369,9,25024749,0.99797425,0.00257345,0.00089301,0.0,0.00055625,0.0,0.00019561,0.99578168,20355,7,0.56648029,1.817081
369,10,25024750,0.99188487,0.00851785,0.00197599,0.0,0.00407891,0.0,0.00203759,0.98338966,18946,7,0.65815159,1.8168813
370,1,25024771,0.99807583,0.00050967,0.0,1.921e-05,6.6e-05,0.26014229,0.0,0.73926283,45567,7,0.13500424,0.9973749
370,2,25024772,0.99788032,0.00027032,0.0,1.951e-05,2.66e-05,0.7601422,0.0,0.23954137,53241,6,0.46825313,0.9987246
370,3,25024773,0.99772424,0.00044407,0.0,1.963e-05,4.816e-05,0.830051,0.0,0.16943714,2031,6,0.2671385,0.9980996
370,4,25024774,0.99802472,0.0004836,0.0,1.932e-05,6.439e-05,0.64071184,0.0,0.35872085,42967,6,0.11820689,0.9990909
370,5,25024775,0.99842936,0.00051133,0.0,1.942e-05,6.044e-05,0.49358782,0.0,0.50582099,58815,6,0.17631377,0.9991244
370,6,25024776,0.99809628,0.00048316,0.0,1.923e-05,5.703e-05,0.34093571,0.0,0.65850487,28631,7,0.18296076,0.9990743
370,7,25024777,0.9978311,0.00032841,0.0,1.923e-05,2.474e-05,0.98772276,0.0,0.01190486,29417,6,0.34292917,0.9976123
370,8,25024778,0.9980198,0.0005207,0.0,1.957e-05,5.635e-05,0.43007138,0.0,0.569332,12151,7,0.0872873,0.9990744
370,9,25024779,0.99824004,0.00047778,0.0,1.938e-05,6.607e-05,0.63625915,0.0,0.36317762,26583,6,0.1897924,0.9990742
370,10,25024780,0.9979464,0.00051086,0.0,1.938e-05,6.287e-05,0.46732513,0.0,0.53208175,18295,7,0.21370695,0.9987557
371,1,25024801,0.93844452,0.58028189,0.41913866,0.0,0.00057456,4.52e-06,0.0,3.7e-07,47588,4,0.18346451,4.9143942
371,2,25024802,0.9993879,0.00079269,0.00016065,0.0,3.322e-05,0.99874346,0.0,0.00026998,43941,6,0.65007127,4.9144108
371,3,25024803,0.95233983,0.49721542,0.50277179,0.0,8.23e-06,4.36e-06,0.0,1.9e-07,18787,4,0.47360217,4.9151763
371,4,25024804,0.99924016,0.00154261,0.00198952,0.0,1.947e-05,0.70989894,0.0,0.28654947,51387,6,0.51228213,4.9145439
371,5,25024805,0.96447269,0.36071966,0.63925911,0.0,1.685e-05,4.26e-06,0.0,1.2e-07,47867,4,0.63923863,4.9145441
371,6,25024806,0.98353857,0.16187462,0.20944081,0.0,5.55e-05,0.51432891,0.0,0.11430016,51978,6,0.19426774,4.9152262
371,7,25024807,0.9994714,0.00052192,2.906e-05,0.0,4.234e-05,0.99940542,0.0,1.27e-06,50834,6,0.99925974,4.915193
371,8,25024808,0.99781031,0.01648405,0.01181811,0.0,6.67e-06,0.97169101,0.0,1.6e-07,51963,6,0.65894521,4.9145441
371,9,25024809,0.94308319,0.54577574,0.45324461,0.0,0.00097356,5.36e-06,0.0,7.3e-07,18997,4,0.32135609,4.9151763
371,10,25024810,0.94270833,0.53595731,0.46398644,0.0,5.116e-05,4.73e-06,0.0,3.6e-07,51773,4,0.16975022,4.9153262
372,1,25024831,0.71362999,0.01843128,0.00450969,0.36979615,0.00686255,0.51683741,0.06840775,0.01515517,8001,2,0.27082669,0.4989487
372,2,25024832,0.78427322,0.00471554,0.00430068,0.39631942,0.00216936,0.55832312,0.01051634,0.02365553,8006,2,0.39579296,0.4990361
372,3,25024833,0.72516979,0.01390245,0.0066682,0.56409488,0.00674696,0.32665015,0.04231866,0.0396187,24136,2,0.40876991,0.6650323
372,4,25024834,0.78716561,0.00917812,0.00604701,0.32901466,0.00301444,0.5864431,0.06630261,6e-08,23369,6,0.24422631,0.9985487
372,5,25024835,0.94216941,0.00314171,0.00529083,0.13267791,0.00067895,0.85075777,0.00745269,1.4e-07,24135,6,0.44100723,0.9977497
372,6,25024836,0.94693799,0.00523985,0.00368549,0.01810713,0.01336304,0.90555953,0.01558109,0.03846387,33295,6,0.37057056,0.9986617
372,7,25024837,0.82148923,0.03335432,0.00946549,0.29950095,0.00204066,0.61253658,0.04310193,6e-08,22471,6,0.3305777,0.9987236
372,8,25024838,0.72114717,0.00874208,0.00769755,0.44605001,0.00297526,0.45341447,0.0411171,0.04000354,7760,2,0.21982917,0.4986487
372,9,25024839,0.94285727,0.00356169,0.00509266,0.05014745,0.0020843,0.92776178,0.01134254,9.57e-06,33293,6,0.47704111,0.9986616
372,10,25024840,0.81185791,0.00463207,0.00958671,0.45473731,0.00232129,0.50508568,0.02363517,1.77e-06,23368,2,0.44063634,0.6655374
373,1,25024861,0.99918781,0.00134872,0.0079361,0.0,0.00016852,0.21260459,0.0,0.77794207,11199,7,0.15911761,0.9995248
373,2,25024862,0.99917551,0.00109963,0.01552749,0.0,0.00031125,0.01918064,0.0,0.96388099,28127,7,0.13041683,0.9995248
373,3,25024863,0.99919156,0.00135863,0.00656382,0.0,0.00035499,0.08049995,0.0,0.91122261,53015,7,0.12370091,0.9992582
373,4,25024864,0.99921807,0.00119468,0.02827529,0.0,0.00022652,0.03824845,0.0,0.93205506,32663,7,0.14266158,0.9994998
373,5,25024865,0.9994102,0.00104854,0.00697967,0.0,0.00019525,0.00559662,0.0,0.98617992,38775,7,0.19090894,0.9997373
373,6,25024866,0.999143,0.00143105,0.02456389,0.0,0.00029821,0.03648813,0.0,0.93721872,12015,7,0.10446167,0.9992253
373,7,25024867,0.99918136,0.00146377,0.01103058,0.0,0.00022462,0.14543077,0.0,0.84185027,42487,7,0.15981523,0.999754
373,8,25024868,0.99930476,0.0011034,0.00551683,0.0,0.00016795,0.01197876,0.0,0.98123307,16383,7,0.22604162,0.9997873
373,9,25024869,0.99930653,0.00129539,0.01012134,0.0,0.00011203,0.01272632,0.0,0.97574492,65439,7,0.30902726,0.9995748
373,10,25024870,0.99920504,0.00117566,0.01100183,0.0,0.00011679,0.04524932,0.0,0.9424564,42871,7,0.14958752,0.9996858
374,1,25024891,0.99922658,0.00068757,0.00083771,0.0,3.312e-05,0.99844108,0.0,5.2e-07,10754,6,0.81857615,3.9874543
374,2,25024892,0.99621564,0.01290258,0.00276477,0.0,0.01044492,0.67542445,0.0,0.29846327,52741,6,0.29969263,3.9875874
374,3,25024893,0.99863105,0.00464605,0.00279935,0.0,0.00031381,0.62437474,0.0,0.36786605,23306,7,0.36777389,3.9883508
374,4,25024894,0.96882497,0.01630104,0.00043868,0.0,0.02079019,0.96242093,0.0,4.916e-05,8877,6,0.41650399,3.987604
374,5,25024895,0.98842019,0.01680918,0.03823715,0.0,0.0094176,0.71567944,0.0,0.21985662,51725,6,0.33925291,3.9877535
374,6,25024896,0.9994357,0.00091807,0.00047814,0.0,4.575e-05,0.83563186,0.0,0.16292617,52013,6,0.72710336,3.9884508
374,7,25024897,0.99935019,0.00059168,0.00042088,0.0,2.27e-05,0.99895321,0.0,1.152e-05,23427,6,0.99875192,3.9877287
374,8,25024898,0.99827354,0.00638582,0.00218034,0.0,0.00185593,0.9893819,0.0,0.000196,52005,6,0.29341407,3.9883509
374,9,25024899,0.99574336,0.00281737,0.00104982,0.0,0.00367678,0.99245126,0.0,4.77e-06,56067,6,0.40686811,3.9883758
374,10,25024900,0.99074332,0.01860171,0.00591703,0.0,0.00591069,0.96950712,0.0,6.345e-05,55170,6,0.39598379,3.9883509
375,1,25024921,0.99781084,0.00043302,0.0,2.094e-05,1.248e-05,0.99953198,1.5e-06,8e-08,58635,6,0.231422,0.99776
375,2,25024922,0.99760594,0.00030242,0.0,2.083e-05,1.054e-05,0.99966445,1.51e-06,2.5e-07,39625,6,0.32261812,0.9985798
375,3,25024923,0.99768677,0.00051625,0.0,2.083e-05,2.177e-05,0.99943945,1.54e-06,1.7e-07,60671,6,0.12553696,0.9979599
375,4,25024924,0.99754574,0.00030958,0.0,2.075e-05,1.206e-05,0.99965605,1.53e-06,2e-08,35883,6,0.19222326,0.9985792
375,5,25024925,0.99815532,0.00026127,0.0,2.094e-05,1.019e-05,0.99970605,1.54e-06,1e-08,30681,6,0.57638618,0.9987792
375,6,25024926,0.99787297,0.00041906,0.0,2.084e-05,1.059e-05,0.99954793,1.51e-06,7e-08,37935,6,0.23096565,0.9985798
375,7,25024927,0.99774273,0.00046442,0.0,2.092e-05,1.863e-05,0.99949442,1.52e-06,9e-08,62637,6,0.10742904,0.9987791
375,8,25024928,0.99768245,0.00036454,0.0,2.082e-05,1.341e-05,0.9995997,1.5e-06,3e-08,28991,6,0.30702467,0.9984697
375,9,25024929,0.99764357,0.00049782,0.0,2.111e-05,1.969e-05,0.99945978,1.53e-06,7e-08,38605,6,0.29674641,0.9985782
375,10,25024930,0.99771077,0.00022972,0.0,2.078e-05,4.85e-06,0.9997431,1.51e-06,4e-08,36009,6,0.38676166,0.9985797
376,1,25024951,0.99943163,0.00081414,4.893e-05,0.0,7.52e-05,0.99901874,0.0,4.299e-05,55180,6,0.64585997,3.7955902
376,2,25024952,0.99934184,0.00054009,5.941e-05,0.0,1.619e-05,0.9993558,0.0,2.851e-05,46733,6,0.70375215,3.7949982
376,3,25024953,0.97710423,0.0581798,0.00362106,0.0,0.02003463,0.91803951,0.0,0.00012498,51109,6,0.27589127,3.7949651
376,4,25024954,0.99533,0.01665246,0.00062092,0.0,0.00119242,0.41256112,0.0,0.56897308,12037,7,0.42963505,3.7955069
376,5,25024955,0.99882767,0.0013786,0.00057578,0.0,0.00113788,0.79177748,0.0,0.20513026,18317,6,0.32080009,3.7955569
376,6,25024956,0.9973151,0.00841475,0.00057788,0.0,0.00123403,0.95138575,0.0,0.03838759,57252,6,0.43816812,3.7949484
376,7,25024957,0.99032778,0.02122399,0.00089235,0.0,0.00658498,0.63867163,0.0,0.33262705,12173,7,0.32464899,3.7949485
376,8,25024958,0.99916947,0.00132053,0.00167531,0.0,3.054e-05,0.23042763,0.0,0.76654599,20229,7,0.49067609,3.7955069
376,9,25024959,0.99845757,0.00303184,0.00044266,0.0,0.00126101,0.99525211,0.0,1.237e-05,56853,6,0.84324333,3.7955819
376,10,25024960,0.99771165,0.00800813,0.00039032,0.0,0.00260204,0.46971271,0.0,0.51928681,53133,7,0.31783883,3.7950985
377,1,25024981,0.80917066,0.06453988,0.00747067,0.0,0.03868823,0.0,0.11372227,0.77557895,23183,7,0.77557403,0.9992577
377,2,25024982,0.88097775,0.0500169,0.00612479,0.0,0.03400249,0.0,0.05506667,0.85478915,24199,7,0.79951874,0.9990356
377,3,25024983,0.99892432,0.00051032,0.00167786,0.0,7.84e-06,0.0,2.57e-06,0.99780141,19079,7,0.9977857,0.999108
377,4,25024984,0.71472895,0.12231966,0.01307822,0.0,0.07347127,0.0,0.13714616,0.65398469,19087,7,0.26685699,0.9992078
377,5,25024985,0.99901849,0.00067298,0.00216883,0.0,8.46e-06,0.0,9.7e-07,0.99714876,19087,7,0.99714464,0.9992078
377,6,25024986,0.9988901,0.00088387,0.00316459,0.0,1.154e-05,0.0,1e-06,0.99593901,24207,7,0.99593839,0.9991105
377,7,25024987,0.99893057,0.00050229,0.00147011,0.0,7.85e-06,0.0,1.25e-06,0.99801849,19079,7,0.99801817,0.999108
377,8,25024988,0.87039672,0.05319196,0.00661255,0.0,0.03240325,0.0,0.06240556,0.84538668,19087,7,0.84538579,0.9992078
377,9,25024989,0.86311971,0.05757472,0.00678544,0.0,0.03511089,0.0,0.06708725,0.8334417,20111,7,0.83344042,0.9990606
377,10,25024990,0.96825678,0.01432631,0.00300688,0.0,0.00930608,0.0,0.01390133,0.95945939,23175,7,0.73737763,0.9991828
378,1,25025011,0.9984624,0.00057637,0.0,9.7e-07,6.624e-05,0.4750253,0.0,0.52433112,30687,7,0.16725311,0.9993047
378,2,25025012,0.99843377,0.00052655,0.0,9.3e-07,6.495e-05,0.33494204,0.0,0.66446554,63287,7,0.25678616,0.9988574
378,3,25025013,0.99846232,0.00056602,0.0,9e-07,7.053e-05,0.33312356,0.0,0.66623899,65375,7,0.16687414,0.9993047
378,4,25025014,0.99832647,0.00053445,0.0,9.4e-07,5.556e-05,0.65245707,0.0,0.34695197,10207,7,0.14854817,0.9992546
378,5,25025015,0.99850896,0.00059104,0.0,9.3e-07,7.907e-05,0.47138561,0.0,0.52794335,16247,7,0.1462655,0.9992797
378,6,25025016,0.99863243,0.00060477,0.0,9.2e-07,8.932e-05,0.18884287,0.0,0.81046213,2943,7,0.17965228,0.9988573
378,7,25025017,0.99820615,0.00042869,0.0,9.5e-07,4.367e-05,0.73121606,0.0,0.26831062,57017,6,0.22992725,0.998063
378,8,25025018,0.99856161,0.0005144,0.0,9.3e-07,6.901e-05,0.74866365,0.0,0.250752,21751,6,0.19440851,0.9985848
378,9,25025019,0.9985823,0.0005657,0.0,9.3e-07,7.702e-05,0.45708861,0.0,0.54226774,23967,6,0.20350587,0.9993045
378,10,25025020,0.99843462,0.0005711,0.0,9.3e-07,6.931e-05,0.46111399,0.0,0.53824466,10103,7,0.23720842,0.9989811
379,1,25025041,0.99931751,0.00045008,4.053e-05,0.0,3.08e-05,0.99946299,0.0,1.559e-05,46731,6,0.46454701,5.1491663
379,2,25025042,0.99846567,0.00484974,0.00298318,0.0,0.00088763,0.99127911,0.0,3.5e-07,22157,6,0.50234449,5.1490666
379,3,25025043,0.92691476,0.34427292,0.20027703,0.0,9.93e-06,0.45543999,0.0,1.3e-07,8436,6,0.45543228,5.1498957
379,4,25025044,0.99938535,0.00047513,2.176e-05,0.0,2.391e-05,0.99946339,0.0,1.581e-05,22171,6,0.51621864,5.1500456
379,5,25025045,0.99755337,0.01032698,0.00145512,0.0,0.00311392,0.98470138,0.0,0.0004026,44572,6,0.52853872,5.1499957
379,6,25025046,0.99946061,0.00049606,0.00012834,0.0,1.545e-05,0.99934708,0.0,1.308e-05,18307,6,0.89869411,5.1499457
379,7,25025047,0.99840601,0.01461769,0.06005554,0.0,6.149e-05,0.9212791,0.0,0.00398619,52107,6,0.44867822,5.1492664
379,8,25025048,0.99939567,0.00064106,6.279e-05,0.0,3.835e-05,0.91103753,0.0,0.08822027,52764,6,0.41871176,5.1499957
379,9,25025049,0.95770612,0.19515192,0.064836,0.0,2.299e-05,0.73998864,0.0,4.6e-07,11789,6,0.38018608,5.1490167
379,10,25025050,0.95291567,0.21717007,0.11583615,0.0,0.00398145,0.54685544,0.0,0.11615689,44579,6,0.22730792,5.1489997
380,1,25025071,0.99755875,0.00044154,0.0,2.107e-05,1.096e-05,0.99952465,1.75e-06,3e-08,38927,6,0.16468834,0.9987223
380,2,25025072,0.99803464,0.0005646,0.0,2.402e-05,1.858e-05,0.99937532,1.87e-06,1.561e-05,52639,6,0.12262968,0.9991221
380,3,25025073,0.99784636,0.00043025,0.0,2.088e-05,1.549e-05,0.99953083,1.77e-06,7.8e-07,26845,6,0.25483958,0.9979952
380,4,25025074,0.9980688,0.00049371,0.0,2.111e-05,2.2e-05,0.99946122,1.79e-06,1.8e-07,38475,6,0.2293234,0.9987223
380,5,25025075,0.99787738,0.00045884,0.0,2.155e-05,1.64e-05,0.99950117,1.81e-06,2.4e-07,22999,6,0.14876013,0.9990971
380,6,25025076,0.99731846,0.00049934,0.0,2.251e-05,1.39e-05,0.99946217,1.86e-06,2.3e-07,15023,6,0.1522561,0.9961942
380,7,25025077,0.99784538,0.00041624,0.0,1.95e-05,1.306e-05,0.9995263,1.79e-06,2.31e-05,33935,6,0.1674996,0.9987218
380,8,25025078,0.99803147,0.00042213,0.0,2.062e-05,1.72e-05,0.99953825,1.77e-06,4e-08,33805,6,0.14471465,0.9987225
380,9,25025079,0.99770759,0.00030533,0.0,1.995e-05,8.24e-06,0.9996643,1.78e-06,3.9e-07,37259,6,0.20364225,0.9978457
380,10,25025080,0.99750636,0.00053384,0.0,2.288e-05,1.87e-05,0.99639899,1.88e-06,0.00302371,45471,6,0.15375731,0.9978201
381,1,25025101,0.96956239,0.03361049,0.0048982,1e-08,0.07713232,0.0,0.02893817,0.85542081,53133,7,0.4556777,1.5640148
381,2,25025102,0.99966845,0.00089266,0.00078701,1e-08,3.82e-05,0.0,2.71e-06,0.99827941,48909,7,0.99821719,1.5641275
381,3,25025103,0.99953723,0.00104129,0.0012677,1e-08,5.946e-05,0.0,2.66e-06,0.99762888,24325,7,0.99742918,1.5640276
381,4,25025104,0.99778293,0.00415545,0.00118871,1e-08,0.00578454,0.0,9.805e-05,0.98877325,11789,7,0.35372084,1.563765
381,5,25025105,0.98696011,0.04762321,0.00120934,1e-08,0.07141015,0.0,0.00289448,0.87686281,12165,7,0.50644439,1.563815
381,6,25025106,0.99944614,0.00092566,0.00067138,0.0,4.405e-05,0.0,4.15e-06,0.99835476,20389,7,0.83788689,1.5638149
381,7,25025107,0.99946175,0.00091034,0.00069768,2e-08,3.633e-05,0.0,2.57e-06,0.99835306,20397,7,0.998319,1.5638649
381,8,25025108,0.99967093,0.00094703,0.00080103,1e-08,4.153e-05,0.0,4.02e-06,0.99820638,44845,7,0.99817467,1.5641275
381,9,25025109,0.97976301,0.02191408,0.0043202,1e-08,0.04328343,0.0,0.02383595,0.90664632,57133,7,0.67552655,1.5641275
381,10,25025110,0.99184797,0.01495584,0.00174884,0.0,0.0270688,0.0,0.00688801,0.94933851,44813,7,0.4643484,1.5641275
382,1,25025131,0.99211073,0.0135797,0.00224681,0.0,0.0046136,0.2314117,0.001298,0.74685019,24330,7,0.54256626,2.84867
382,2,25025132,0.99935825,0.00075815,0.0008585,0.0,3.386e-05,0.69184238,1.02e-06,0.30650609,18988,6,0.41705057,2.8480012
382,3,25025133,0.99424755,0.01426038,0.00168238,0.0,0.00958428,0.47217608,0.00108202,0.50121485,19204,7,0.50110776,2.84857
382,4,25025134,0.99664522,0.00510576,0.00140357,0.0,0.00116247,0.22422168,0.00048226,0.76762427,18955,7,0.46192362,2.8481507
382,5,25025135,0.98972239,0.03948605,0.00242228,0.0,0.01046058,0.32562837,0.00031546,0.62168726,24324,7,0.45839764,2.848645
382,6,25025136,0.99422621,0.00506516,0.00149404,0.0,0.00665797,0.92472226,0.00105423,0.06100634,23339,6,0.42781449,2.84872
382,7,25025137,0.9936002,0.00848751,0.0007846,0.0,0.00459559,0.43737996,9.1e-07,0.54875142,23306,7,0.47865785,2.8486699
382,8,25025138,0.99659004,0.00557083,0.00102546,0.0,0.00081356,0.58524435,0.00129337,0.40605243,18317,6,0.57536053,2.84867
382,9,25025139,0.99843649,0.00156241,0.0027572,0.0,9.121e-05,0.9586623,0.00058295,0.03634394,55820,6,0.49908699,2.8482006
382,10,25025140,0.99415405,0.00850413,0.0030673,0.0,0.00150886,4.815e-05,0.00253305,0.98433852,23299,7,0.71358491,2.8486699
383,1,25025161,0.99776774,0.00033901,0.0,2.233e-05,2.303e-05,0.87154138,0.0,0.12807425,61161,6,0.25751674,0.9987885
383,2,25025162,0.99814013,0.00022263,0.0,2.206e-05,1.425e-05,0.99947545,0.0,0.0002656,37337,6,0.76495961,0.9987883
383,3,25025163,0.99769139,0.0004623,0.0,2.232e-05,5.224e-05,0.59187726,0.0,0.40758588,26495,7,0.0971061,0.9989386
383,4,25025164,0.99804759,0.00035291,0.0,2.248e-05,3.77e-05,0.76204508,0.0,0.23754182,62745,6,0.32142359,0.9987886
383,5,25025165,0.99807734,0.00047098,0.0,2.225e-05,6.934e-05,0.49285263,0.0,0.5065848,58871,7,0.16242157,0.9989551
383,6,25025166,0.99807098,0.00043631,0.0,2.239e-05,5.645e-05,0.61181157,0.0,0.38767327,56151,7,0.19486394,0.9989633
383,7,25025167,0.9973887,0.00045075,0.0,2.254e-05,5.155e-05,0.72833463,0.0,0.27114053,59207,6,0.15718807,0.9976785
383,8,25025168,0.99810151,0.00041929,0.0,2.233e-05,5.302e-05,0.67298892,0.0,0.32651644,34539,6,0.19526788,0.9985877
383,9,25025169,0.99776931,0.00047111,0.0,2.252e-05,5.467e-05,0.68805819,0.0,0.31139351,31433,6,0.1934116,0.9987886
383,10,25025170,0.99802306,0.00034626,0.0,2.231e-05,2.22e-05,0.77458832,0.0,0.22502091,32489,6,0.33870753,0.9987886
384,1,25025191,0.99942979,0.00053871,3.33e-05,0.0,3.006e-05,0.99939771,0.0,2.2e-07,54938,6,0.72133751,4.8801174
384,2,25025192,0.99935282,0.00051826,8.24e-06,0.0,5.139e-05,0.99939146,0.0,3.065e-05,47020,6,0.99866921,4.879309
384,3,25025193,0.99941111,0.00063156,0.00013128,0.0,1.802e-05,0.99921835,0.0,7.9e-07,19202,6,0.28658557,4.8799841
384,4,25025194,0.99355354,0.02114532,0.00447095,0.0,8.489e-05,0.97418644,0.0,0.0001124,44932,6,0.57581836,4.8792089
384,5,25025195,0.99888023,0.00209604,0.00048223,0.0,3.223e-05,0.99738285,0.0,6.64e-06,51899,6,0.40693736,4.879409
384,6,25025196,0.91786667,0.44340781,5.11e-06,0.0,1.908e-05,0.55655936,0.0,8.65e-06,9885,6,0.30917839,4.8800841
384,7,25025197,0.99942118,0.00078379,0.00051853,0.0,3.611e-05,0.38647527,0.0,0.61218629,44805,7,0.36411716,4.8800841
384,8,25025198,0.91754076,0.45170387,0.00117291,0.0,0.00170566,0.54539353,0.0,2.403e-05,57092,6,0.20663948,4.8800841
384,9,25025199,0.99940838,0.00072193,0.00028047,0.0,3.547e-05,0.77186216,0.0,0.22709997,43812,6,0.36454523,4.8800508
384,10,25025200,0.99929403,0.00076107,0.00010355,0.0,3.082e-05,0.27397863,0.0,0.72512594,19981,7,0.72511652,4.8791591
385,1,25025221,0.87562226,0.01784774,0.00506219,2.55e-06,0.01088324,0.77847418,0.09636555,0.09136455,24519,6,0.27069584,0.9990187
385,2,25025222,0.75805073,0.02183292,0.00557593,0.15096994,0.00382579,0.6751999,0.14259517,3.5e-07,6087,6,0.3241357,0.9989188
385,3,25025223,0.97220723,0.00197795,0.00292771,0.00755355,0.00046179,0.97033352,0.01669593,4.954e-05,23247,6,0.74226774,0.9987442
385,4,25025224,0.77595561,0.02966287,0.00535363,0.11127539,0.00923175,0.71357453,0.13089804,3.79e-06,21327,6,0.32275023,0.9982667
385,5,25025225,0.75160984,0.00785289,0.00227103,0.48305932,0.00217037,0.45490755,0.04973843,4.1e-07,24142,2,0.31541339,0.6654921
385,6,25025226,0.97493272,0.00340638,0.0034888,0.00123735,0.00309983,0.96989998,0.01886419,3.45e-06,22735,6,0.38514617,0.998744
385,7,25025227,0.8934418,0.01281543,0.0054001,0.00151723,0.00301482,0.8885255,0.08872005,6.87e-06,24143,6,0.37950208,0.9982668
385,8,25025228,0.76738754,0.02268869,0.0035725,0.13816646,0.01750079,0.69260037,0.12547071,4.9e-07,23943,6,0.39050394,0.9981917
385,9,25025229,0.69459167,0.01515343,0.00221991,0.58358663,0.01220013,0.31958016,0.06725028,9.45e-06,24392,2,0.47991304,0.6658325
385,10,25025230,0.71429443,0.0224267,0.00446624,0.30950263,0.01692573,0.3687749,0.09174178,0.18616202,18575,6,0.26348393,0.9986941
386,1,25025251,0.99879633,0.00113709,0.00509369,0.0,0.00016858,0.31557554,0.0,0.6780251,30583,7,0.13882037,0.9995253
386,2,25025252,0.99858441,0.00097981,0.00900777,0.0,0.00012343,0.10481785,0.0,0.88507114,53119,7,0.14599449,0.9995753
386,3,25025253,0.99875258,0.00100758,0.00520399,0.0,9.866e-05,0.06245105,0.0,0.93123873,58879,7,0.14949847,0.9995753
386,4,25025254,0.99883841,0.00094472,0.00675926,0.0,8.999e-05,0.03532314,0.0,0.9568829,15735,7,0.25357674,0.9995503
386,5,25025255,0.99873531,0.00091703,0.00223911,0.0,9.338e-05,0.32562234,0.0,0.67112815,44351,6,0.14182264,0.9993131
386,6,25025256,0.99888461,0.00073097,0.00497855,0.0,7.662e-05,0.24263957,0.0,0.75157429,43511,7,0.19662662,0.9991176
386,7,25025257,0.99900914,0.00084903,0.01004425,0.0,0.00010956,0.08693149,0.0,0.90206567,52727,7,0.25720832,0.999542
386,8,25025258,0.99894443,0.00068331,0.00124051,0.0,9.137e-05,0.19392651,0.0,0.8040583,29951,7,0.17664793,0.9991509
386,9,25025259,0.99905293,0.00065912,0.00248341,0.0,9.222e-05,0.21821702,0.0,0.77854824,62815,7,0.16879869,0.999151
386,10,25025260,0.99871293,0.00112886,0.00278621,0.0,0.00010352,0.08043694,0.0,0.91554446,48503,7,0.17351531,0.9995503
387,1,25025281,0.99928595,0.0006567,0.00013985,0.0,4.007e-05,0.83360915,0.0,0.16555423,8428,6,0.42401186,4.814595
387,2,25025282,0.95043189,0.08833302,0.00072352,0.0,0.00153679,0.89359967,0.0,0.01580701,8372,6,0.7255719,4.8155567
387,3,25025283,0.99848082,0.00204011,0.00024456,0.0,0.00024518,0.99746759,0.0,2.56e-06,10754,6,0.62910654,4.8145948
387,4,25025284,0.9739832,0.10529332,0.01192125,0.0,0.00059324,0.88211687,0.0,7.533e-05,16130,6,0.28873821,4.8156317
387,5,25025285,0.99844943,0.00337987,0.0007176,0.0,4.362e-05,0.57548615,0.0,0.42037277,20226,7,0.35284938,4.8155568
387,6,25025286,0.99939669,0.00064835,0.00027158,0.0,5.381e-05,0.99890573,0.0,0.00012053,56075,6,0.46017244,4.8157566
387,7,25025287,0.99946123,0.00037764,6.376e-05,0.0,1.319e-05,0.99954441,0.0,1e-06,18075,6,0.99946131,4.8156567
387,8,25025288,0.9995013,0.00020632,0.00014223,0.0,7.34e-06,0.99964399,0.0,1.2e-07,8380,6,0.99951146,4.8155567
387,9,25025289,0.99935585,0.00059301,0.00021626,0.0,2.454e-05,0.34480001,0.0,0.65436618,18949,7,0.65431677,4.8146447
387,10,25025290,0.90504827,0.31060751,0.03468168,0.0,0.00097908,0.65373159,0.0,1.5e-07,8941,6,0.42936698,4.8147442
388,1,25025311,0.99763786,0.00049366,0.0,2.128e-05,1.897e-05,0.99946441,1.53e-06,1.6e-07,50007,6,0.18532206,0.9978079
388,2,25025312,0.99726027,0.00044056,0.0,2.116e-05,1.477e-05,0.99952182,1.53e-06,1.5e-07,28715,6,0.22567428,0.9982227
388,3,25025313,0.99772444,0.00049551,0.0,2.117e-05,2.768e-05,0.99945393,1.54e-06,1.7e-07,40319,6,0.3306283,0.9989481
388,4,25025314,0.99772374,0.00049405,0.0,2.11e-05,1.748e-05,0.99946183,1.56e-06,3.99e-06,37997,6,0.18068325,0.9985481
388,5,25025315,0.99766559,0.0005457,0.0,2.118e-05,1.738e-05,0.99941412,1.56e-06,6e-08,38911,6,0.11965062,0.9989482
388,6,25025316,0.99750787,0.00048038,0.0,2.101e-05,2.052e-05,0.99947604,1.56e-06,5e-07,36557,6,0.22485466,0.9985477
388,7,25025317,0.9977669,0.00049008,0.0,2.11e-05,1.808e-05,0.99946361,1.55e-06,5.58e-06,63839,6,0.17464042,0.9989481
388,8,25025318,0.99755333,0.00033718,0.0,2.084e-05,1.382e-05,0.99960216,1.55e-06,2.446e-05,34989,6,0.2726285,0.9980222
388,9,25025319,0.99716173,0.00039719,0.0,2.108e-05,1.609e-05,0.99956404,1.54e-06,7e-08,28781,6,0.34745355,0.9976972
388,10,25025320,0.99744545,0.0002916,0.0,2.13e-05,9.85e-06,0.99967553,1.55e-06,1.8e-07,54713,6,0.33085389,0.9987479
389,1,25025341,0.99729758,0.00621328,0.0025627,0.0,0.00094074,0.34958564,6.9e-07,0.64069694,53005,7,0.36224393,3.1923825
389,2,25025342,0.99687954,0.00491614,0.00372832,0.0,0.00241863,0.78953717,3.32e-06,0.19939641,16268,6,0.60090686,3.1918113
389,3,25025343,0.99561706,0.00851084,0.00210299,0.0,0.0030125,0.49849451,0.00184414,0.48603502,44557,7,0.48591884,3.1918444
389,4,25025344,0.9962908,0.01721621,0.00161307,0.0,0.00417015,0.90232715,0.00173816,0.07293526,52133,6,0.38057417,3.1918113
389,5,25025345,0.99152248,0.01692866,0.01035671,0.0,0.00494584,0.55635168,0.00262866,0.40878845,44941,7,0.2526787,3.1919446
389,6,25025346,0.98918622,0.01761105,0.00601747,0.0,0.00882545,0.70736356,0.00314511,0.25703737,56861,6,0.3200449,3.1923825
389,7,25025347,0.99798808,0.00199699,0.00124113,0.0,0.00065024,0.49635686,0.00096323,0.49879156,20269,7,0.49869159,3.1922825
389,8,25025348,0.99340891,0.02723401,0.00561215,0.0,0.01170088,0.92373522,4.77e-06,0.03171297,48005,6,0.92360173,3.1918444
389,9,25025349,0.99419321,0.00861984,0.00328999,0.0,0.00291778,0.47549802,0.00197452,0.50769985,12077,7,0.48822883,3.1922825
389,10,25025350,0.99920089,0.00127499,0.0010035,0.0,8.261e-05,0.90163133,4.49e-06,0.09600309,53124,6,0.85602267,3.1917447
390,1,25025371,0.99318515,0.00709644,0.00403504,0.0,0.0019595,0.0,0.00252772,0.9843813,23300,7,0.28035707,1.3160548
390,2,25025372,0.99934415,0.00103184,0.00071952,0.0,3.841e-05,0.0,7.6e-07,0.99820947,18956,7,0.99816063,1.3157171
390,3,25025373,0.99709396,0.00327394,0.00130805,0.0,0.00104633,0.0,0.00090387,0.99346781,20236,7,0.53623639,1.3159799
390,4,25025374,0.99934576,0.00097824,0.00064373,0.0,3.884e-05,0.0,7.8e-07,0.99833841,18956,7,0.99829123,1.3157171
390,5,25025375,0.99950975,0.00075552,0.00062479,0.0,2.582e-05,0.0,7.8e-07,0.9985931,19331,7,0.99855135,1.3159167
390,6,25025376,0.98529019,0.01911972,0.00271157,0.0,0.02270804,0.0,0.00443618,0.95102448,20362,7,0.65573868,1.3158169
390,7,25025377,0.99563394,0.00711557,0.0014622,0.0,0.00579991,0.0,2.504e-05,0.98559728,19205,7,0.88387868,1.3160299
390,8,25025378,0.99951754,0.00132512,0.00103601,0.0,2.598e-05,0.0,7.7e-07,0.99761211,20228,7,0.9975892,1.3159799
390,9,25025379,0.99965677,0.00089057,0.00072116,0.0,3.413e-05,0.0,8.5e-07,0.99835329,23307,7,0.99826819,1.3161298
390,10,25025380,0.98772202,0.01358346,0.00295637,0.0,0.00844616,0.0,0.00290954,0.97210448,20226,7,0.65316499,1.3159799
391,1,25025401,0.99829093,0.00049608,0.0,1.532e-05,6.552e-05,0.4730424,0.0,0.52638068,62871,6,0.1825302,0.9988632
391,2,25025402,0.99791447,0.00051535,0.0,1.53e-05,7.296e-05,0.41880282,0.0,0.58059357,5983,6,0.08038363,0.9989935
391,3,25025403,0.99808404,0.00051965,0.0,1.519e-05,6.692e-05,0.29904996,0.0,0.70034828,30207,7,0.25963121,0.9991135
391,4,25025404,0.99785914,0.00020402,0.0,1.541e-05,1.438e-05,0.99976069,0.0,5.51e-06,46585,6,0.45153995,0.9989134
391,5,25025405,0.99828582,0.00048682,0.0,1.503e-05,6.25e-05,0.53355141,0.0,0.46588425,31007,6,0.14459203,0.9991135
391,6,25025406,0.99835781,0.0004924,0.0,1.516e-05,5.806e-05,0.3961221,0.0,0.60331229,62155,6,0.18962797,0.9989133
391,7,25025407,0.9981822,0.00053514,0.0,1.529e-05,5.896e-05,0.41362069,0.0,0.58576992,20479,7,0.20508058,0.9990636
391,8,25025408,0.99808183,0.00043584,0.0,1.513e-05,3.971e-05,0.83179931,0.0,0.16771,59117,6,0.15871048,0.9989131
391,9,25025409,0.99810051,0.00051375,0.0,1.527e-05,6.622e-05,0.49048854,0.0,0.50891622,51199,7,0.10378823,0.9991135
391,10,25025410,0.99774768,0.00049663,0.0,1.519e-05,6.227e-05,0.59684207,0.0,0.40258384,18943,7,0.0981596,0.9981777
392,1,25025431,0.99914295,0.00493521,0.77295738,0.0,0.0005527,0.22155403,0.0,6.9e-07,55396,4,0.43921181,5.5013444
392,2,25025432,0.99945238,0.00070123,0.00027076,0.0,2.598e-05,0.99894408,0.0,5.795e-05,20258,6,0.95651221,5.5022937
392,3,25025433,0.99905985,0.00848646,0.69295684,0.0,0.00030515,0.29823638,0.0,1.517e-05,17316,4,0.3360569,5.5022938
392,4,25025434,0.99911992,0.00586453,0.99412489,0.0,6.62e-06,3.78e-06,0.0,1.9e-07,47213,4,0.99408441,5.501494
392,5,25025435,0.99933193,0.00157314,0.10400775,0.0,0.00014285,0.89424549,0.0,3.076e-05,55843,6,0.29466786,5.5013694
392,6,25025436,0.99905129,0.00756584,0.6003847,0.0,0.00064239,0.39126584,0.0,0.00014124,51299,4,0.31041317,5.5013278
392,7,25025437,0.99929991,0.00205625,0.06369592,0.0,0.00011319,0.74454198,0.0,0.18959266,51755,6,0.3153849,5.501494
392,8,25025438,0.9990436,0.00731917,0.99267266,0.0,4.54e-06,3.5e-06,0.0,1.4e-07,14443,4,0.99254952,5.5013943
392,9,25025439,0.99941769,0.00147601,0.04808074,0.0,3.393e-05,0.81115751,0.0,0.13925181,8892,6,0.68645216,5.5022939
392,10,25025440,0.99904036,0.00765327,0.78851964,0.0,0.00010741,0.20371773,0.0,1.94e-06,14444,4,0.34138101,5.5013278
393,1,25025461,0.98485769,0.0010067,0.0025423,3.88e-06,9.6e-06,0.98430847,0.01212896,1e-07,39051,6,0.3132748,0.9988109
393,2,25025462,0.91411336,0.01437138,0.00512389,0.05062918,0.00121042,0.88459476,0.04406991,4.5e-07,43655,6,0.27671658,0.9972688
393,3,25025463,0.97725644,0.00272276,0.00834622,0.00481683,0.00057569,0.96855727,0.01498115,7e-08,25161,6,0.21461535,0.9988612
393,4,25025464,0.92607407,0.00449437,0.00303327,0.07128994,8.93e-06,0.89926236,0.0219111,2e-08,33357,6,0.47664674,0.9988111
393,5,25025465,0.98361914,0.00043956,0.00056387,0.01262603,4.9e-06,0.98457154,0.00179408,1e-08,36937,6,0.94208999,0.9988111
393,6,25025466,0.96173602,0.00431856,0.00307944,0.01325102,0.00555046,0.95926241,0.01453809,3e-08,15055,6,0.23738179,0.9981231
393,7,25025467,0.9841711,0.00054961,0.00212699,1.216e-05,1.018e-05,0.98357768,0.01372335,3e-08,24409,6,0.33296345,0.9990109
393,8,25025468,0.85546726,0.00327423,0.00516426,0.30969186,0.00024257,0.6280989,0.03122915,0.02229902,37130,2,0.27071993,0.6652633
393,9,25025469,0.93458741,0.00368961,0.0032881,0.04238673,0.00045263,0.91644492,0.03357513,0.00016288,25131,6,0.26297735,0.9981726
393,10,25025470,0.89335393,0.00310211,0.0018075,0.16862466,0.00315416,0.78785258,0.01382577,0.02163323,60461,6,0.18714932,0.9990108
394,1,25025491,0.99952948,0.001666,0.00591965,0.0,0.00031185,8.17e-06,0.0,0.99209433,20311,7,0.13997213,0.9998601
394,2,25025492,0.99960718,0.0016039,0.00741162,0.0,0.00027591,6.557e-05,0.0,0.99064301,40927,7,0.2128888,0.99991
394,3,25025493,0.9996947,0.00118341,0.00397905,0.0,0.00019326,0.00027932,0.0,0.99436495,53191,7,0.26636352,0.9997868
394,4,25025494,0.99946501,0.0016504,0.02879668,0.0,0.00027646,8.38e-06,0.0,0.96926808,43991,7,0.17822626,0.9998767
394,5,25025495,0.99962231,0.00110169,0.01566613,0.0,0.00014661,0.0764982,0.0,0.90658737,60287,7,0.19123447,0.9998651
394,6,25025496,0.99969605,0.0011419,0.0039658,0.0,0.00040255,2.502e-05,0.0,0.99446474,53023,7,0.22896806,0.9997303
394,7,25025497,0.99956728,0.0014966,0.00636944,0.0,0.00048553,0.00033224,0.0,0.99131619,24407,7,0.14894721,0.9998851
394,8,25025498,0.99946224,0.00162554,0.00614394,0.0,0.00023021,0.00024872,0.0,0.99175158,11607,7,0.22016764,0.9996354
394,9,25025499,0.9996893,0.00119173,0.00419551,0.0,0.0002504,2.35e-06,0.0,0.99436001,19711,7,0.13386682,0.9997702
394,10,25025500,0.99969905,0.00123747,0.00885854,0.0,0.00020794,8.167e-05,0.0,0.98961439,40311,7,0.17626148,0.999885
395,1,25025521,0.99787298,0.01027411,0.00370285,0.0,0.00058468,0.10801304,1.597e-05,0.87740934,23300,7,0.4502637,3.9068155
395,2,25025522,0.99723583,0.02456036,0.00176901,0.0,0.00232395,0.97133184,7.1e-07,1.413e-05,55843,6,0.56044307,3.9061349
395,3,25025523,0.99654442,0.00775796,0.00216379,0.0,0.00123215,0.23285295,0.00016341,0.75582974,23298,7,0.66229454,3.9068155
395,4,25025524,0.99382026,0.01556336,0.01539007,0.0,0.00254352,0.39289127,0.00123438,0.5723774,23308,7,0.57225441,3.9068405
395,5,25025525,0.9980174,0.00680315,0.00410238,0.0,0.00239641,0.84169599,5.3e-07,0.14500154,52996,6,0.30123809,3.9068072
395,6,25025526,0.98545122,0.03288354,0.02313102,0.0,0.01489642,0.73650847,7.1e-07,0.19257983,20362,7,0.19241488,3.9060598
395,7,25025527,0.99696693,0.01139581,0.00566224,0.0,0.00200224,0.75154258,3.2e-07,0.22939681,24363,6,0.39443903,3.9068904
395,8,25025528,0.9919812,0.03105698,0.00097122,0.0,0.01361027,0.4600375,0.00036001,0.49396402,23052,7,0.49386435,3.9060932
395,9,25025529,0.99838844,0.00658721,0.00224484,0.0,0.00016802,0.47658872,1.9e-07,0.51441102,23330,6,0.39658168,3.9068155
395,10,25025530,0.9922707,0.04536757,0.01374696,0.0,0.00692434,0.74583593,8.3e-07,0.18812437,52995,6,0.25840143,3.9068405
396,1,25025551,0.9980197,0.00051508,0.0,2.102e-05,2.648e-05,0.99943576,1.52e-06,1.5e-07,59391,6,0.38772327,0.9988794
396,2,25025552,0.99752796,0.00043479,0.0,2.091e-05,2.623e-05,0.99951652,1.5e-06,5e-08,61257,6,0.2009453,0.9973599
396,3,25025553,0.99780563,0.00052667,0.0,2.082e-05,2.271e-05,0.99942574,1.52e-06,2.55e-06,61039,6,0.14208356,0.9986793
396,4,25025554,0.99789368,0.0005053,0.0,2.058e-05,2.454e-05,0.99944757,1.49e-06,5.2e-07,34175,6,0.24596941,0.9988793
396,5,25025555,0.9971321,0.00039157,0.0,2.068e-05,1.103e-05,0.99957502,1.53e-06,1.8e-07,39085,6,0.16418678,0.9979189
396,6,25025556,0.99718102,0.00034522,0.0,2.062e-05,1.771e-05,0.99961183,1.52e-06,3.11e-06,6143,6,0.34138261,0.9988794
396,7,25025557,0.99761826,0.00049125,0.0,2.096e-05,2.127e-05,0.99945055,1.5e-06,1.448e-05,49111,6,0.21607973,0.9988543
396,8,25025558,0.99773011,0.0004768,0.0,2.073e-05,1.963e-05,0.99947698,1.54e-06,4.31e-06,57215,6,0.12442986,0.9988794
396,9,25025559,0.99763832,0.000562,0.0,2.083e-05,3.048e-05,0.99938503,1.53e-06,1.3e-07,52087,6,0.14765282,0.998286
396,10,25025560,0.99767204,0.00040261,0.0,2.095e-05,1.762e-05,0.99955623,1.54e-06,1.04e-06,35849,6,0.16536372,0.998479
397,1,25025581,0.99937888,0.00061961,0.0001919,0.0,5.186e-05,0.99910812,0.0,2.851e-05,42644,6,0.52605744,4.6208771
397,2,25025582,0.99743915,0.00417229,0.00356705,0.0,0.00148765,0.71368057,0.0,0.27709243,48940,6,0.2888723,4.6209436
397,3,25025583,0.91797745,0.31297268,0.00067552,0.0,6.161e-05,0.68604686,0.0,0.00024332,10815,0,0.30925164,3.4146005
397,4,25025584,0.66278159,0.96979555,0.00160618,0.0,0.01444546,0.0141524,0.0,4.1e-07,22011,0,0.4314157,2.2077277
397,5,25025585,0.99871495,0.00604038,0.01077016,0.0,4.734e-05,0.8138799,0.0,0.1692622,12202,6,0.31199845,4.6199868
397,6,25025586,0.81949034,0.35071063,0.00116281,0.0,0.00853044,0.31677373,0.0,0.32282238,14331,0,0.32735444,2.2076472
397,7,25025587,0.99956162,0.0001696,3.714e-05,0.0,9.77e-06,0.99978337,0.0,1.2e-07,54011,6,0.99978005,4.6210103
397,8,25025588,0.98501662,0.01770152,0.00059032,0.0,0.01214554,0.93012356,0.0,0.03943906,42891,6,0.52544348,4.6210103
397,9,25025589,0.99949356,0.00035648,9.78e-06,0.0,2.453e-05,0.9995873,0.0,2.191e-05,14213,6,0.9994806,4.6209104
397,10,25025590,0.99514803,0.00572524,0.00265079,0.0,0.00371529,0.98790855,0.0,1.4e-07,51899,6,0.91473486,4.6202871
398,1,25025611,0.99859656,0.00052185,0.0030421,0.0,7.39e-06,0.0,1.72e-06,0.99642693,23183,7,0.99642677,0.9988292
398,2,25025612,0.89628896,0.00619155,0.00288961,0.0,0.0054949,0.0,0.09158429,0.89383966,20103,7,0.89377065,0.9983897
398,3,25025613,0.86180231,0.01290438,0.00350481,0.0,0.01431174,0.0,0.11245831,0.85682075,23183,7,0.74993989,0.9988292
398,4,25025614,0.88945842,0.01215571,0.00502092,0.0,0.0108769,0.0,0.08972628,0.88222018,19087,7,0.76954539,0.9987793
398,5,25025615,0.99860105,0.00054074,0.00314383,0.0,8.16e-06,0.0,1.49e-06,0.99630579,23183,7,0.99624317,0.9988292
398,6,25025616,0.11085363,0.12316075,0.02642257,0.0,0.1212568,0.0,0.66718382,0.06197606,20103,7,0.06197552,0.9983897
398,7,25025617,0.61709596,0.05409025,0.01003572,0.0,0.06572887,0.0,0.27095495,0.59919022,20103,7,0.38491143,0.9983897
398,8,25025618,0.858816,0.01783566,0.00609589,0.0,0.0141152,0.0,0.11271822,0.84923503,24207,7,0.53675043,0.9985393
398,9,25025619,0.82833262,0.03032006,0.01071999,0.0,0.02973693,0.0,0.11657661,0.81264642,23183,7,0.5020882,0.9988292
398,10,25025620,0.45154812,0.0798255,0.01499321,0.0,0.09244616,0.0,0.40357411,0.40916102,23183,7,0.26181797,0.9988292
399,1,25025641,0.99860565,0.00056895,0.00212013,0.0,6.901e-05,0.39028806,0.0,0.60695385,16383,7,0.19267121,0.9993492
399,2,25025642,0.99880089,0.00061483,0.00185633,0.0,6.484e-05,0.3628906,0.0,0.6345734,60525,6,0.20257904,0.9991486
399,3,25025643,0.99850369,0.00059145,0.00109445,0.0,7.05e-05,0.04173321,0.0,0.95651039,24191,7,0.16732259,0.9986987
399,4,25025644,0.99874229,0.00053618,0.00079931,0.0,7.834e-05,0.42250053,0.0,0.57608564,4095,7,0.22640801,0.9992992
399,5,25025645,0.99838455,0.00061059,0.0024033,0.0,6.876e-05,0.36607954,0.0,0.6308378,46591,7,0.11837175,0.9993491
399,6,25025646,0.99851304,0.00057012,0.00202061,0.0,6.673e-05,0.32538538,0.0,0.67195716,64383,7,0.23733351,0.999024
399,7,25025647,0.99860084,0.00061908,0.00140285,0.0,7.823e-05,0.06077844,0.0,0.93712141,32631,7,0.19989161,0.9993242
399,8,25025648,0.99837969,0.00058185,0.00177446,0.0,6.176e-05,0.70855542,0.0,0.28902651,64831,6,0.18867874,0.9993492
399,9,25025649,0.99878166,0.00054867,0.00121471,0.0,7.568e-05,0.47177061,0.0,0.52639032,30079,7,0.20925836,0.9993491
399,10,25025650,0.99861819,0.00056338,0.00187074,0.0,6.613e-05,0.16021087,0.0,0.83728887,40887,7,0.20761929,0.998974
400,1,25025671,0.9993366,0.0007217,0.0007663,0.0,4.536e-05,0.98150913,0.0,0.01695752,43554,6,0.48715927,5.5452136
400,2,25025672,0.99930241,0.00016945,6.406e-05,0.0,5.88e-06,0.99976049,0.0,1.2e-07,8420,6,0.9997493,5.5451139
400,3,25025673,0.99139169,0.02471458,0.00704403,0.0,5.98e-06,0.96823529,0.0,1.3e-07,8356,6,0.96792986,5.5451137
400,4,25025674,0.99929659,0.00050456,1.108e-05,0.0,1.103e-05,0.99947159,0.0,1.74e-06,11811,6,0.76512879,5.5451633
400,5,25025675,0.99946361,0.00038053,4.83e-06,0.0,6.75e-06,0.99960776,0.0,1.4e-07,13980,6,0.99943487,5.5463215
400,6,25025676,0.99937106,0.00061876,2.859e-05,0.0,4.339e-05,0.91403993,0.0,0.08526933,16019,6,0.45114015,5.5453883
400,7,25025677,0.99935704,0.00077198,0.00044349,0.0,4.023e-05,0.99873477,0.0,9.53e-06,23429,6,0.56110265,5.5453879
400,8,25025678,0.99718946,0.0084518,0.00309433,0.0,4.796e-05,0.9883941,0.0,1.181e-05,53004,6,0.27642455,5.5463215
400,9,25025679,0.93658464,0.27361512,0.0229071,0.0,0.01360563,0.68987191,0.0,2.4e-07,11149,6,0.47846911,5.5453629
400,10,25025680,0.99931729,0.00062988,0.00011511,0.0,5.975e-05,0.99917412,0.0,2.113e-05,43524,6,0.83623611,5.5452133
401,1,25025701,0.99773986,0.00028808,0.0,2.17e-05,9.14e-06,0.9996795,1.57e-06,1e-08,58409,6,0.22809861,0.9987599
401,2,25025702,0.99782873,0.00050695,0.0,2.243e-05,2.192e-05,0.99944192,1.6e-06,5.18e-06,35223,6,0.46365401,0.9987932
401,3,25025703,0.99785748,0.00050076,0.0,2.211e-05,2e-05,0.9994555,1.58e-06,6e-08,10951,6,0.16938705,0.9974715
401,4,25025704,0.99760701,0.00049215,0.0,2.216e-05,1.732e-05,0.99946658,1.64e-06,1.5e-07,38303,6,0.21572108,0.9989597
401,5,25025705,0.99743788,0.00039012,0.0,2.159e-05,1.05e-05,0.99957615,1.56e-06,7e-08,59997,6,0.26027603,0.9977198
401,6,25025706,0.99771067,0.00036541,0.0,2.188e-05,2.003e-05,0.99959104,1.58e-06,6e-08,29257,6,0.1532707,0.9987599
401,7,25025707,0.99784939,0.00028881,0.0,2.209e-05,8.29e-06,0.99967907,1.71e-06,3e-08,7001,6,0.46335024,0.9986597
401,8,25025708,0.99755525,0.000483,0.0,2.231e-05,1.908e-05,0.99947391,1.62e-06,8e-08,32063,6,0.15063031,0.9989598
401,9,25025709,0.99739576,0.00035692,0.0,2.187e-05,1.264e-05,0.99960639,1.59e-06,5.9e-07,28237,6,0.13387303,0.9987091
401,10,25025710,0.99807639,0.00048088,0.0,2.225e-05,1.318e-05,0.99948205,1.57e-06,7e-08,31851,6,0.44878851,0.998759
402,1,25025731,0.99940325,0.00084594,0.00062822,0.0,3.222e-05,0.0,1.24e-06,0.99849239,24461,7,0.66405007,2.366706
402,2,25025732,0.9911789,0.01634194,0.00503816,0.0,0.00626349,0.0,0.00592906,0.96642736,20365,7,0.59256372,2.3666061
402,3,25025733,0.97663834,0.04265711,0.00946202,0.0,0.02769295,0.0,0.01288457,0.90730335,24333,7,0.38581468,2.3669791
402,4,25025734,0.99631515,0.00890586,0.00199868,0.0,0.00592039,0.0,2.381e-05,0.98315127,52749,7,0.96530909,2.3666559
402,5,25025735,0.99953953,0.00067406,0.0005026,0.0,4.098e-05,0.0,1.29e-06,0.99878108,16133,7,0.87785685,2.3669291
402,6,25025736,0.98520901,0.03191123,0.00846191,0.0,0.03289079,0.0,0.00629416,0.92044191,53005,7,0.59848547,2.367029
402,7,25025737,0.98552707,0.02046266,0.00850707,0.0,0.01507967,0.0,0.00979397,0.94615662,48685,7,0.55490935,2.3666558
402,8,25025738,0.99100579,0.01695668,0.01124296,0.0,0.01179484,0.0,0.00271613,0.95728939,12045,7,0.44338015,2.3669291
402,9,25025739,0.9846753,0.0467656,0.02367128,0.0,0.03425481,0.0,0.00530653,0.89000178,12197,7,0.3179278,2.366556
402,10,25025740,0.99655595,0.01539684,0.00199413,0.0,0.0094365,0.0,0.00132823,0.97184431,48685,7,0.58418669,2.3666558
403,1,25025761,0.9709523,0.03870946,0.01954253,0.0,0.02231344,0.0,0.00679064,0.91264393,18954,7,0.28904403,2.4834736
403,2,25025762,0.99570539,0.00775787,0.00138818,0.0,0.00586271,0.0,0.00081627,0.98417497,24333,7,0.52746081,2.4841197
403,3,25025763,0.99952231,0.00070576,0.00073597,0.0,3.102e-05,0.0,4.7e-07,0.99852678,19210,7,0.99851824,2.4839698
403,4,25025764,0.98227955,0.04762396,0.03444091,0.0,0.01450141,0.0,0.00287793,0.90055579,19330,7,0.30002551,2.4835732
403,5,25025765,0.99784204,0.00602456,0.00721691,0.0,0.0017559,0.0,9.5e-07,0.98500167,19203,7,0.51467787,2.4840197
403,6,25025766,0.99465331,0.00885211,0.00651414,0.0,0.00314291,0.0,0.00059549,0.98089535,19332,7,0.64439014,2.4835732
403,7,25025767,0.9974204,0.00373841,0.0005016,0.0,0.00043041,0.0,0.00026818,0.99506141,19980,7,0.47955485,2.4834737
403,8,25025768,0.98519706,0.03332103,0.02526201,0.0,0.01544004,0.0,0.00194239,0.92403453,18949,7,0.28461285,2.4835235
403,9,25025769,0.99222617,0.01085201,0.00422212,0.0,0.00474688,0.0,0.0007925,0.9793865,23308,7,0.58907651,2.4840697
403,10,25025770,0.98164647,0.03325336,0.02992847,0.0,0.02313173,0.0,0.00190761,0.91177883,19204,7,0.38748879,2.4839698
404,1,25025791,0.99753931,0.00045201,0.0,2.213e-05,7.555e-05,0.50151357,0.0,0.49793674,57015,6,0.19305114,0.9973102
404,2,25025792,0.99772061,0.00048688,0.0,2.207e-05,6.621e-05,0.3392235,0.0,0.66020134,28415,7,0.20159617,0.9978181
404,3,25025793,0.99743705,0.00042299,0.0,2.216e-05,3.9e-05,0.69336226,0.0,0.30615359,64639,7,0.17202586,0.9978679
404,4,25025794,0.99701648,0.00027991,0.0,2.214e-05,2.709e-05,0.81875611,0.0,0.18091474,34553,6,0.47362222,0.9974684
404,5,25025795,0.99824564,0.00048399,0.0,2.273e-05,7.692e-05,0.66614641,0.0,0.33326994,22999,6,0.23235366,0.9989082
404,6,25025796,0.99765389,0.00045387,0.0,2.212e-05,6.059e-05,0.75613396,0.0,0.24332947,22975,6,0.18962246,0.9984005
404,7,25025797,0.99782624,0.00044279,0.0,2.205e-05,5.062e-05,0.65863212,0.0,0.34085243,60427,6,0.22132119,0.9987333
404,8,25025798,0.99715999,0.00029809,0.0,2.232e-05,3.079e-05,0.69477347,0.0,0.30487534,16121,6,0.50269699,0.9976683
404,9,25025799,0.99734164,0.00031297,0.0,2.215e-05,2.543e-05,0.86331593,0.0,0.13632352,30569,6,0.31413386,0.9976684
404,10,25025800,0.99755375,0.00040887,0.0,2.222e-05,5.492e-05,0.67905261,0.0,0.32046137,57611,6,0.22958983,0.9976681
405,1,25025821,0.99951643,0.00022261,0.0003428,0.0,6e-06,0.99942846,0.0,1.3e-07,53499,6,0.88773392,5.657217
405,2,25025822,0.99591979,0.01955943,0.01368183,0.0,6.25e-06,0.96675236,0.0,1.4e-07,55995,6,0.96666553,5.6562868
405,3,25025823,0.99953467,0.00022584,0.00014399,0.0,6.19e-06,0.99962384,0.0,1.3e-07,53499,6,0.99961188,5.657217
405,4,25025824,0.88521006,0.64440231,0.355579,0.0,1.431e-05,4.27e-06,0.0,1.2e-07,30907,0,0.64370714,4.1055355
405,5,25025825,0.9993314,0.00023521,0.00037469,0.0,6.07e-06,0.99938389,0.0,1.3e-07,19195,6,0.99937508,5.6561365
405,6,25025826,0.9993844,0.00051531,1.712e-05,0.0,2.611e-05,0.99942827,0.0,1.319e-05,15245,6,0.4605012,5.6562364
405,7,25025827,0.88513726,0.63814418,0.25546932,0.0,0.00276072,0.10362537,0.0,4e-07,43259,4,0.13930887,5.6562868
405,8,25025828,0.99934106,0.00074458,0.00028175,0.0,4.105e-05,0.99892236,0.0,1.026e-05,20005,6,0.5548814,5.6559367
405,9,25025829,0.99953594,0.00022605,8.412e-05,0.0,6.14e-06,0.99968356,0.0,1.2e-07,54011,6,0.99962714,5.6572169
405,10,25025830,0.99848044,0.00519871,0.00404543,0.0,0.00030766,0.990439,0.0,9.21e-06,48797,6,0.59689615,5.6562868
406,1,25025851,0.87512261,0.00455183,0.00300942,0.0726374,0.00612376,0.87318227,0.04049526,6e-08,24393,6,0.85955387,0.9984947
406,2,25025852,0.53982065,0.00902376,0.00178625,0.84842803,0.00421009,0.00185911,0.01518627,0.11950649,6976,2,0.43563714,0.4988322
406,3,25025853,0.9762271,0.00159623,0.00371281,0.01333958,0.00114526,0.97364164,0.00655697,7.51e-06,22671,6,0.56606821,0.998395
406,4,25025854,0.86601475,0.00510012,0.00377087,0.21795789,0.00130349,0.76043448,0.01143294,2e-07,24399,6,0.32731584,0.9986946
406,5,25025855,0.9889257,0.00088647,0.00294075,0.00507775,0.00123699,0.98720592,0.00264953,2.58e-06,22671,6,0.98661309,0.998395
406,6,25025856,0.77394846,0.01363954,0.00814422,0.24072232,0.0053643,0.67633221,0.05579512,2.28e-06,1999,6,0.30650091,0.9985447
406,7,25025857,0.78621974,0.00948339,0.00392068,0.36306539,0.00792276,0.480056,0.04023223,0.09531955,6095,6,0.27267322,0.9985947
406,8,25025858,0.71488597,0.01408571,0.00668405,0.35102292,0.00515835,0.53394261,0.08910631,5e-08,19855,6,0.38969569,0.9976933
406,9,25025859,0.94275755,0.00457585,0.00577984,0.01385879,0.00274204,0.75274152,0.03418406,0.18611789,18575,6,0.31867151,0.9983451
406,10,25025860,0.65674041,0.02955819,0.00828527,0.32705144,0.02051495,0.49216874,0.12239069,3.073e-05,24399,6,0.20756644,0.9986946
407,1,25025881,0.99861927,0.00148874,0.0051935,0.0,0.00040052,0.16331137,0.0,0.82960587,25855,7,0.08920282,0.999303
407,2,25025882,0.99897515,0.00110285,0.00334013,0.0,0.00010397,0.05409413,0.0,0.94135891,12127,7,0.15561388,0.9996264
407,3,25025883,0.99893763,0.00110103,0.0031097,0.0,0.00019042,0.04644966,0.0,0.94914919,40447,7,0.17300357,0.9996764
407,4,25025884,0.99890513,0.00095303,0.00442067,0.0,0.00010347,0.01835498,0.0,0.97616784,57199,7,0.12626848,0.999353
407,5,25025885,0.99906992,0.0010342,0.00429388,0.0,0.00010525,0.00675047,0.0,0.98781619,54263,7,0.18565679,0.9992472
407,6,25025886,0.99903723,0.00092268,0.00401891,0.0,9.632e-05,0.03148515,0.0,0.96347694,49079,7,0.33575041,0.9994897
407,7,25025887,0.99919796,0.00082648,0.00248685,0.0,0.00015465,0.03103846,0.0,0.96549355,36351,7,0.38098829,0.9996763
407,8,25025888,0.99891481,0.00106617,0.00509088,0.0,0.00010088,0.07219102,0.0,0.92155106,12143,7,0.12749939,0.999303
407,9,25025889,0.99928363,0.0008045,0.00288545,0.0,0.00011773,0.09902029,0.0,0.89717203,20319,7,0.27680779,0.9996264
407,10,25025890,0.99916568,0.00097674,0.01039937,0.0,0.00012482,0.04060042,0.0,0.94789864,15351,7,0.17299583,0.9994897
408,1,25025911,0.99941191,0.00062503,5.568e-05,0.0,2.804e-05,0.91339791,0.0,0.08589333,56404,6,0.33067878,4.9537851
408,2,25025912,0.99431636,0.00653317,0.00014466,0.0,0.00131122,0.99200939,0.0,1.57e-06,8365,6,0.72086827,4.9528451
408,3,25025913,0.99904941,0.00296732,0.00060941,0.0,5.411e-05,0.99635222,0.0,1.695e-05,54940,6,0.31545294,4.9538184
408,4,25025914,0.99939409,0.00051116,0.00012639,0.0,1.77e-05,0.99931882,0.0,2.593e-05,24084,6,0.38007523,4.9537601
408,5,25025915,0.99945754,0.00029055,2.482e-05,0.0,8.88e-06,0.99967558,0.0,1.8e-07,17859,6,0.50798226,4.9537351
408,6,25025916,0.99902816,0.00358373,0.00012679,0.0,2.223e-05,0.99626673,0.0,5.2e-07,56405,6,0.85257945,4.9538101
408,7,25025917,0.98009763,0.02973235,0.00061486,0.0,0.00908758,0.96056107,0.0,4.15e-06,43532,6,0.39333944,4.9528452
408,8,25025918,0.99688786,0.00415528,0.00169394,0.0,0.00049768,0.99346257,0.0,0.00019053,51723,6,0.28331703,4.9529947
408,9,25025919,0.95326371,0.14189343,0.00204371,0.0,0.00071824,0.85521912,0.0,0.00012549,57090,6,0.35302091,4.9537851
408,10,25025920,0.9973872,0.00308147,0.00103897,0.0,0.00124285,0.99461623,0.0,2.049e-05,10763,6,0.33018568,4.9528451
409,1,25025941,0.99706686,0.00030599,0.0,2.075e-05,1.173e-05,0.99965999,1.51e-06,3e-08,63017,6,0.22164897,0.9980072
409,2,25025942,0.99722484,0.00040134,0.0,2.075e-05,1.434e-05,0.9995616,1.53e-06,4.4e-07,39309,6,0.27632925,0.9972095
409,3,25025943,0.99790144,0.00045745,0.0,2.078e-05,1.956e-05,0.99950041,1.56e-06,2.4e-07,18847,6,0.16212079,0.9987542
409,4,25025944,0.99774546,0.00050387,0.0,2.102e-05,1.622e-05,0.99945724,1.59e-06,6e-08,5503,6,0.35277399,0.9986844
409,5,25025945,0.99775021,0.00045273,0.0,2.096e-05,1.786e-05,0.99950661,1.62e-06,2.3e-07,18839,6,0.31885341,0.9987542
409,6,25025946,0.99743623,0.00040856,0.0,2.081e-05,1.547e-05,0.99955343,1.53e-06,1.9e-07,61401,6,0.23428055,0.9984046
409,7,25025947,0.99757634,0.00052722,0.0,2.078e-05,2.314e-05,0.99941424,1.5e-06,1.312e-05,9727,6,0.12096942,0.9987543
409,8,25025948,0.9974938,0.0003559,0.0,2.081e-05,1.296e-05,0.99960877,1.53e-06,3e-08,65099,6,0.15939207,0.9986037
409,9,25025949,0.99717792,0.00039682,0.0,2.077e-05,2.387e-05,0.99955242,1.52e-06,4.6e-06,28331,6,0.39960608,0.9979565
409,10,25025950,0.997478,0.00046457,0.0,2.089e-05,1.393e-05,0.99949818,1.5e-06,9.2e-07,31887,6,0.34162288,0.9986045
410,1,25025971,0.99950232,0.00081137,0.00053562,0.0,2.902e-05,0.6997579,5.1e-07,0.29886559,51973,6,0.69866874,4.1167174
410,2,25025972,0.99766193,0.01084333,0.00254842,0.0,0.00283522,0.38473838,0.00031676,0.59871789,16173,7,0.48268302,4.1167674
410,3,25025973,0.99671033,0.0090507,0.00071128,0.0,0.0004706,0.32064106,0.00029806,0.6688283,44813,7,0.27114796,4.1168174
410,4,25025974,0.99564509,0.03392837,0.00188238,0.0,0.00118842,0.96166736,0.00130104,3.243e-05,43908,6,0.47125966,4.1159946
410,5,25025975,0.99639734,0.01207338,0.00036942,0.0,0.00113214,0.39840577,0.0007503,0.58726899,16133,7,0.58716225,4.1167175
410,6,25025976,0.99205273,0.01059457,0.00619163,0.0,0.00212026,0.87399577,0.00319864,0.10389913,20125,6,0.37727961,4.1160449
410,7,25025977,0.99945696,0.000564,0.00043028,0.0,1.477e-05,0.99899017,5.1e-07,2.7e-07,18077,6,0.98311987,4.1167175
410,8,25025978,0.99792468,0.00408632,0.00222931,0.0,0.00066736,0.07712076,6.42e-06,0.91588983,44813,7,0.64518687,4.1168174
410,9,25025979,0.99842824,0.00432892,0.00028308,0.0,0.00030955,0.51008512,3.47e-06,0.48498985,23468,6,0.32888702,4.1160616
410,10,25025980,0.99455166,0.02133849,0.00301699,0.0,0.00946337,0.36047029,0.00148518,0.60422567,16165,7,0.2839372,4.1167175
411,1,25026001,0.99917315,0.00122541,0.00250313,0.0,1.086e-05,0.0,1.02e-06,0.99625958,20111,7,0.99625898,0.9993914
411,2,25026002,0.99922328,0.00118661,0.00247673,0.0,1.173e-05,0.0,1.04e-06,0.99632388,24207,7,0.99632372,0.9994413
411,3,25026003,0.99927851,0.00085739,0.00214528,0.0,1.107e-05,0.0,1.02e-06,0.99698524,19087,7,0.99684851,0.999456
411,4,25026004,0.94834023,0.0204462,0.00329451,0.0,0.02772746,0.0,0.05327367,0.89525817,19087,7,0.86473117,0.999456
411,5,25026005,0.99927266,0.00059783,0.00150042,0.0,9.7e-06,0.0,1.01e-06,0.99789103,23175,7,0.99788959,0.999431
411,6,25026006,0.99932764,0.00090069,0.00208159,0.0,1.135e-05,0.0,1.07e-06,0.9970053,23183,7,0.99700215,0.9995059
411,7,25026007,0.99932825,0.00084651,0.00201185,0.0,1.284e-05,0.0,1.01e-06,0.99712778,23183,7,0.99712762,0.9995059
411,8,25026008,0.99917549,0.00118684,0.00250226,0.0,1.138e-05,0.0,1.1e-06,0.99629842,20111,7,0.99629799,0.9993914
411,9,25026009,0.99917142,0.00115211,0.00254197,0.0,1.467e-05,0.0,1.32e-06,0.99628994,20111,7,0.99628906,0.9993914
411,10,25026010,0.99927823,0.00084432,0.00196856,0.0,9.62e-06,0.0,1.05e-06,0.99717645,19087,7,0.99717611,0.999456
412,1,25026031,0.99803857,0.00046939,0.0,6.06e-06,5.607e-05,0.68486566,0.0,0.31460281,35979,6,0.27447762,0.9987153
412,2,25026032,0.99715523,0.0003358,0.0,6.02e-06,2.968e-05,0.87735684,0.0,0.12227165,64281,6,0.23974293,0.9975906
412,3,25026033,0.99802689,0.00037543,0.0,5.8e-06,4.862e-05,0.61085971,0.0,0.38871044,38911,7,0.21855096,0.9991156
412,4,25026034,0.99813537,0.00054187,0.0,5.76e-06,6.604e-05,0.10837867,0.0,0.89100767,28023,7,0.26281632,0.9990654
412,5,25026035,0.99763042,0.00034266,0.0,5.94e-06,3.136e-05,0.91290236,0.0,0.08671768,23529,6,0.21701683,0.9975903
412,6,25026036,0.99801793,0.00050164,0.0,5.85e-06,6.05e-05,0.58226334,0.0,0.41716866,11711,6,0.10376037,0.9990655
412,7,25026037,0.99829683,0.00052048,0.0,5.99e-06,6.673e-05,0.54527082,0.0,0.45413599,36703,7,0.20157385,0.9991155
412,8,25026038,0.99824563,0.00047957,0.0,5.78e-06,5.624e-05,0.44816718,0.0,0.55129124,14207,7,0.16484891,0.9991155
412,9,25026039,0.99825003,0.00051755,0.0,5.75e-06,7.439e-05,0.21548868,0.0,0.78391364,51191,7,0.109492,0.9990823
412,10,25026040,0.99807542,0.00049665,0.0,5.91e-06,6.215e-05,0.4403667,0.0,0.55906859,44415,7,0.17974026,0.9991155
413,1,25026061,0.93380119,0.47751138,0.48684317,0.0,1.306e-05,0.03563193,0.0,4.6e-07,8880,0,0.27141896,4.0935964
413,2,25026062,0.99817594,0.00849641,0.00847736,0.0,3.309e-05,0.98298953,0.0,3.61e-06,8932,6,0.54291152,6.1375315
413,3,25026063,0.99940823,0.00058505,0.00025077,0.0,3.516e-05,0.99912261,0.0,6.41e-06,8436,6,0.59189732,6.138758
413,4,25026064,0.92034771,0.59991531,0.40006908,0.0,1.063e-05,4.73e-06,0.0,2.4e-07,47155,0,0.41890061,4.4573201
413,5,25026065,0.98956001,0.06911214,0.03566784,0.0,6.17e-06,0.89521374,0.0,1.2e-07,8436,6,0.49597022,6.138758
413,6,25026066,0.99933324,0.00022822,0.00043567,0.0,5.01e-06,0.99933099,0.0,1.2e-07,8420,6,0.79233263,6.137532
413,7,25026067,0.92852716,0.5181071,0.48187673,0.0,1.192e-05,4.08e-06,0.0,1.7e-07,8419,4,0.27328286,6.1375818
413,8,25026068,0.94831452,0.35654065,0.18646152,0.0,8.66e-06,0.45698895,0.0,2.2e-07,8380,6,0.45691761,6.1387579
413,9,25026069,0.99948878,0.00022588,0.00019777,0.0,5.17e-06,0.99957106,0.0,1.2e-07,8948,6,0.99950268,6.1387579
413,10,25026070,0.99485327,0.03492691,0.01978827,0.0,0.00056604,0.94471402,0.0,4.76e-06,50842,6,0.57474943,6.138858
414,1,25026091,0.99770732,0.00054017,0.0,1.888e-05,2.241e-05,0.99941611,2.17e-06,2.5e-07,38127,6,0.19295869,0.9986199
414,2,25026092,0.99769313,0.00044302,0.0,1.648e-05,1.417e-05,0.99952325,1.98e-06,1.09e-06,34349,6,0.1688164,0.9981303
414,3,25026093,0.99743151,0.00039643,0.0,1.674e-05,1.101e-05,0.99957315,2.01e-06,6.6e-07,34191,6,0.194702,0.9976406
414,4,25026094,0.69340245,0.00032518,0.0,0.86821984,5.87e-06,0.1314464,2.67e-06,4e-08,13752,2,0.29164042,0.6654377
414,5,25026095,0.9977886,0.00029958,0.0,1.66e-05,6.63e-06,0.99967521,1.96e-06,1e-08,59471,6,0.39762619,0.9988196
414,6,25026096,0.99753795,0.00050144,0.0,1.822e-05,1.955e-05,0.99944968,2.05e-06,9.06e-06,33369,6,0.14447752,0.9976414
414,7,25026097,0.9977765,0.00058643,0.0,2.255e-05,2.196e-05,0.99936669,2.33e-06,5e-08,35799,6,0.14719733,0.99892
414,8,25026098,0.99770855,0.00040584,0.0,1.743e-05,1.648e-05,0.99955824,1.99e-06,2e-08,26699,6,0.50469663,0.9987695
414,9,25026099,0.99761352,0.0005545,0.0,1.871e-05,1.479e-05,0.99940951,2.14e-06,3.4e-07,2895,6,0.19523349,0.997791
414,10,25026100,0.99725957,0.00041583,0.0,1.673e-05,1.09e-05,0.99955451,1.97e-06,6e-08,57741,6,0.31025102,0.9978407
415,1,25026121,0.99959063,0.00130282,0.00075178,0.0,5.781e-05,0.0,5.63e-06,0.99788196,24333,7,0.72586522,1.3185702
415,2,25026122,0.99963408,0.00094101,0.00046522,0.0,5.93e-05,0.0,5.31e-06,0.99852916,44973,7,0.5870555,1.3185565
415,3,25026123,0.9995711,0.00095558,0.0007612,0.0,9.109e-05,0.0,4.83e-06,0.99818729,57253,7,0.83771797,1.3184567
415,4,25026124,0.99799571,0.00238945,0.00054266,0.0,0.00390967,0.0,0.00373661,0.9894216,16269,7,0.61669663,1.3185066
415,5,25026125,0.99963635,0.00104797,0.00035594,0.0,6.123e-05,0.0,4.75e-06,0.99853011,48941,7,0.65922882,1.3186202
415,6,25026126,0.99958917,0.00126348,0.00069852,0.0,7.394e-05,0.0,4.91e-06,0.99795916,53029,7,0.8908643,1.3185203
415,7,25026127,0.99966219,0.00125964,0.00050489,0.0,6.013e-05,0.0,4.49e-06,0.99817085,57101,7,0.99813691,1.3186202
415,8,25026128,0.99956709,0.00125025,0.00053223,0.0,6.737e-05,0.0,4.5e-06,0.99814564,53125,7,0.56524109,1.3184234
415,9,25026129,0.99587011,0.00493282,0.00138031,0.0,0.0258028,0.0,0.0018815,0.96600256,48901,7,0.96592798,1.3185453
415,10,25026130,0.99956628,0.0010977,0.00060784,0.0,7.3e-05,0.0,6.63e-06,0.99821483,12173,7,0.5090049,1.3184067
416,1,25026151,0.99576648,0.00540434,0.00211692,0.0,0.00284102,0.92731325,0.00012856,0.06219591,20010,6,0.64161644,3.737604
416,2,25026152,0.99945299,0.00074482,0.00085989,0.0,3.172e-05,0.99833829,5.5e-07,2.473e-05,19242,6,0.86477925,3.7383509
416,3,25026153,0.98330373,0.03363619,0.01009164,0.0,0.01298405,0.74277365,0.00230749,0.19820698,18987,6,0.58844795,3.7377539
416,4,25026154,0.99362468,0.02160409,0.00246411,0.0,0.0051076,0.45605123,1.488e-05,0.51475809,19205,7,0.42904081,3.7384008
416,5,25026155,0.9973191,0.01273686,0.00298276,0.0,0.00051812,0.60983132,0.00051969,0.37341125,23340,6,0.53382688,3.7384508
416,6,25026156,0.99350521,0.03003319,0.00172494,0.0,0.006942,0.19127725,8.1e-07,0.77002181,24333,7,0.31479694,3.7385008
416,7,25026157,0.99897171,0.00108926,0.00079255,0.0,6.507e-05,0.69673247,4e-07,0.30132025,18981,6,0.69640604,3.7376542
416,8,25026158,0.99749939,0.00727382,0.00096757,0.0,0.00191196,0.61259855,0.00037466,0.37687344,19235,6,0.5651904,3.7384009
416,9,25026159,0.9994078,0.00065948,0.00046647,0.0,5.614e-05,0.99880443,1.01e-06,1.247e-05,51715,6,0.52229513,3.7377371
416,10,25026160,0.99774695,0.00301868,0.00132852,0.0,0.00076801,0.29372866,0.0006406,0.70051553,24333,7,0.5852398,3.7385008
417,1,25026181,0.99798371,0.00041823,0.0,2.212e-05,3.677e-05,0.69982311,0.0,0.29969978,62477,6,0.54333267,0.9985728
417,2,25026182,0.99766346,0.00035236,0.0,2.236e-05,3.864e-05,0.68302418,0.0,0.31656246,46521,6,0.24990334,0.9985725
417,3,25026183,0.99763582,0.00041373,0.0,2.237e-05,5.934e-05,0.58367424,0.0,0.41583032,61719,6,0.16501571,0.998523
417,4,25026184,0.99744639,0.00041041,0.0,2.219e-05,3.24e-05,0.77199307,0.0,0.22754193,27821,6,0.27226319,0.9985225
417,5,25026185,0.99737306,0.00045113,0.0,2.228e-05,6.487e-05,0.62512913,0.0,0.37433259,27935,6,0.23974321,0.9987227
417,6,25026186,0.99754975,0.00026536,0.0,2.229e-05,2.383e-05,0.8937793,0.0,0.10590922,38985,6,0.73535022,0.9983719
417,7,25026187,0.99725228,0.00040955,0.0,2.24e-05,4.918e-05,0.58824895,0.0,0.41126991,31223,7,0.16527635,0.9974718
417,8,25026188,0.99695852,0.00032267,0.0,2.224e-05,3.55e-05,0.76518166,0.0,0.23443792,23449,6,0.1561503,0.9979595
417,9,25026189,0.99769756,0.00050655,0.0,2.228e-05,6.595e-05,0.12070678,0.0,0.87869845,19415,7,0.21771551,0.9987227
417,10,25026190,0.99767118,0.00044996,0.0,2.224e-05,6.221e-05,0.41323532,0.0,0.58623026,8063,7,0.1745458,0.9987729
418,1,25026211,0.99947991,0.00059449,0.00047552,0.0,4.009e-05,0.54879141,0.0,0.45009849,16165,7,0.45005498,5.5819517
418,2,25026212,0.99854703,0.0052132,0.00068498,0.0,0.00012648,0.66856483,0.0,0.32541051,57092,6,0.34187364,5.5819518
418,3,25026213,0.98261879,0.04318477,0.00824969,0.0,0.00010796,0.67761475,0.0,0.27084284,49029,7,0.27082504,5.5810365
418,4,25026214,0.99348987,0.02523721,0.00169892,0.0,0.00174355,0.55307509,0.0,0.41824524,55547,6,0.55269361,5.5811366
418,5,25026215,0.94716874,0.23505417,0.00595646,0.0,0.0041858,0.75479583,0.0,7.74e-06,15892,6,0.42107552,5.5819268
418,6,25026216,0.99690865,0.02039844,0.00725153,0.0,4.913e-05,0.90080853,0.0,0.07149237,56075,6,0.23773655,5.5820516
418,7,25026217,0.68476843,0.99996556,1.21e-05,0.0,1.783e-05,4.37e-06,0.0,1.5e-07,27323,0,0.53647275,4.0554655
418,8,25026218,0.99939853,0.00074474,0.00055925,0.0,4.666e-05,0.85951202,0.0,0.13913733,51076,6,0.33736378,5.5819185
418,9,25026219,0.86782927,0.37576095,0.04293998,0.0,0.00839792,0.57290096,0.0,1.8e-07,56059,6,0.40659705,5.5811364
418,10,25026220,0.99871455,0.00427738,0.0075473,0.0,3.488e-05,0.92628391,0.0,0.06185654,47877,6,0.67255347,5.5819767
419,1,25026241,0.99838088,0.00063824,0.00201935,1.5e-07,1.608e-05,0.9757071,2.17e-06,0.02161692,19599,6,0.97569575,0.9987157
419,2,25026242,0.93884574,0.00663723,0.00204377,1e-06,0.00179748,0.93715392,0.05236136,5.23e-06,18567,6,0.89357562,0.998616
419,3,25026243,0.89696103,0.01203419,0.00312112,0.00463029,0.01110229,0.68666133,0.07506623,0.20738455,22727,6,0.27495282,0.9986908
419,4,25026244,0.83237383,0.01426595,0.00281099,0.00043142,0.01000865,0.82891187,0.14356712,4e-06,18567,6,0.33801824,0.998616
419,5,25026245,0.83550631,0.0268491,0.00400761,0.00140232,0.01488256,0.69188188,0.1248043,0.13617224,17231,6,0.17128462,0.9980579
419,6,25026246,0.96379944,0.00379007,0.0016934,0.00209252,0.00133425,0.60156161,0.02785896,0.36166918,22663,6,0.59914857,0.9986908
419,7,25026247,0.71516828,0.02285843,0.00624472,0.01485012,0.01239751,0.70871375,0.23493501,4.6e-07,19591,6,0.15043543,0.9986159
419,8,25026248,0.82979524,0.02025533,0.00352597,0.00837217,0.01750036,0.48308263,0.12401045,0.34325308,20103,7,0.343253,0.9976832
419,9,25026249,0.81491881,0.02489127,0.00501861,0.00694483,0.02120519,0.79966849,0.14226854,3.07e-06,18575,6,0.25436833,0.9987158
419,10,25026250,0.97171363,0.0065042,0.0024043,0.00013621,0.0008489,0.96995049,0.02015481,1.09e-06,22671,6,0.69755344,0.9987657
420,1,25026271,0.998782,0.00061805,0.00286992,0.0,9.477e-05,0.6255029,0.0,0.37091435,14167,6,0.21781741,0.9992972
420,2,25026272,0.9987409,0.00069362,0.00278239,0.0,9.152e-05,0.13728285,0.0,0.85914962,51191,7,0.19925296,0.9993823
420,3,25026273,0.99869531,0.00062607,0.00238826,0.0,0.00012032,0.2734103,0.0,0.72345505,23935,7,0.13516861,0.9994156
420,4,25026274,0.99874471,0.00062226,0.00197778,0.0,8.636e-05,0.06582755,0.0,0.93148606,20471,7,0.2254802,0.9993657
420,5,25026275,0.99860233,0.00085896,0.00527215,0.0,7.734e-05,0.38225124,0.0,0.61154032,65527,7,0.16972628,0.9993907
420,6,25026276,0.99861447,0.00067596,0.00380658,0.0,8.46e-05,0.14292483,0.0,0.85250803,28239,7,0.3041339,0.9991656
420,7,25026277,0.99886617,0.00060319,0.00280443,0.0,8.622e-05,0.3590028,0.0,0.63750336,36863,7,0.14319756,0.9994157
420,8,25026278,0.99886486,0.00061115,0.00139246,0.0,8.02e-05,0.21915197,0.0,0.77876421,55231,6,0.19128868,0.9991236
420,9,25026279,0.99850382,0.00070341,0.00508184,0.0,7.259e-05,0.22656993,0.0,0.76757223,19383,7,0.10172986,0.9987817
420,10,25026280,0.99863799,0.00069476,0.00347748,0.0,8.866e-05,0.25039534,0.0,0.74534375,60799,7,0.15888439,0.9994156
421,1,25026301,0.99930314,0.00015667,2.665e-05,0.0,6.56e-06,0.99981,0.0,1.3e-07,8364,6,0.99980617,5.9516081
421,2,25026302,0.88913315,0.24940597,0.0053803,0.0,0.00055706,0.74465104,0.0,5.63e-06,56099,6,0.34738662,5.9529222
421,3,25026303,0.99573992,0.00825126,0.00052607,0.0,0.00127888,0.98989512,0.0,4.867e-05,55179,6,0.44564551,5.9529971
421,4,25026304,0.99920086,0.00200354,0.00182189,0.0,1.18e-05,0.99616243,0.0,3.5e-07,16172,6,0.3338009,5.9528971
421,5,25026305,0.99950587,0.00018581,0.00022729,0.0,6.48e-06,0.9995803,0.0,1.3e-07,8949,6,0.99957053,5.9528471
421,6,25026306,0.99930469,0.00016085,1.707e-05,0.0,6.62e-06,0.99981535,0.0,1.2e-07,8420,6,0.99980741,5.9516084
421,7,25026307,0.99930885,0.00016393,3.5e-05,0.0,6.59e-06,0.99979436,0.0,1.3e-07,8421,6,0.99971469,5.9516582
421,8,25026308,0.53359574,0.99993428,4.372e-05,0.0,1.723e-05,4.6e-06,0.0,1.7e-07,8290,0,0.72100246,2.9775891
421,9,25026309,0.99943486,0.00071194,0.00014459,0.0,3.989e-05,0.94051808,0.0,0.0585855,43821,6,0.4857446,5.9529971
421,10,25026310,0.99950502,0.00029172,0.00040779,0.0,6.89e-06,0.99929349,0.0,1.1e-07,8957,6,0.99927905,5.9528971
422,1,25026331,0.99762914,0.00029727,0.0,2.088e-05,9.08e-06,0.99967122,1.53e-06,1e-08,62601,6,0.34008379,0.9985708
422,2,25026332,0.99776828,0.00026794,0.0,2.081e-05,1.406e-05,0.99969522,1.52e-06,4.5e-07,35019,6,0.50781923,0.9983708
422,3,25026333,0.99732706,0.00047491,0.0,2.138e-05,1.74e-05,0.99947779,1.62e-06,6.9e-06,14535,6,0.18344881,0.9971688
422,4,25026334,0.99745563,0.00043887,0.0,2.149e-05,1.352e-05,0.99951519,1.59e-06,9.34e-06,14743,6,0.3211185,0.998746
422,5,25026335,0.9974752,0.00041601,0.0,2.109e-05,7.75e-06,0.99955356,1.55e-06,3e-08,36461,6,0.38689584,0.9983702
422,6,25026336,0.99709244,0.00044671,0.0,2.096e-05,1.406e-05,0.99951104,1.54e-06,5.69e-06,26767,6,0.23617788,0.9985214
422,7,25026337,0.99695338,0.00044721,0.0,2.097e-05,1.769e-05,0.9994865,1.51e-06,2.613e-05,38639,6,0.12230377,0.9983712
422,8,25026338,0.99725361,0.00053378,0.0,2.118e-05,2.214e-05,0.99942031,1.6e-06,9.9e-07,39767,6,0.10957874,0.9986962
422,9,25026339,0.99734965,0.00043352,0.0,2.135e-05,1.955e-05,0.9995239,1.58e-06,1.1e-07,53111,6,0.2080372,0.9987379
422,10,25026340,0.99750762,0.00044769,0.0,2.12e-05,2.069e-05,0.99950869,1.54e-06,1.8e-07,59735,6,0.25160178,0.9982706
423,1,25026361,0.99687516,0.00333681,0.00138603,0.0,0.00322713,1.3e-07,1.853e-05,0.99203138,16141,7,0.3733065,3.3499843
423,2,25026362,0.99567728,0.01023468,0.00846963,0.0,0.00536695,4.5e-07,0.00026673,0.97566156,16301,7,0.97292211,3.3495149
423,3,25026363,0.97532595,0.07658784,0.12751134,0.0,0.01585374,1.37e-06,0.00998683,0.77005888,44965,7,0.38244168,3.3494315
423,4,25026364,0.99928693,0.00072456,0.00083673,0.0,2.043e-05,0.99839517,1.48e-06,2.162e-05,24069,6,0.9983936,3.3492901
423,5,25026365,0.98134824,0.05208755,0.13683688,0.0,0.02788305,0.00020496,0.0052882,0.77769935,16301,7,0.4239916,3.3495149
423,6,25026366,0.99851086,0.00169751,0.00117274,0.0,0.00071123,1.76e-06,1.802e-05,0.99639874,20365,7,0.76870572,3.349415
423,7,25026367,0.99279777,0.0192322,0.05698587,0.0,0.00877668,2.565e-05,0.00077988,0.91419971,12069,7,0.65251999,3.3498843
423,8,25026368,0.98448488,0.04490967,0.05343948,0.0,0.01350372,0.60017882,0.00306872,0.2848996,52773,6,0.60015427,3.3492982
423,9,25026369,0.99684201,0.00381788,0.00150249,0.0,0.0021932,8.63e-06,0.00098243,0.99149537,49037,7,0.55157974,3.3495649
423,10,25026370,0.98408641,0.02774172,0.04270943,0.0,0.01764766,0.04167322,0.00203928,0.86818869,57093,7,0.63643535,3.3499593
424,1,25026391,0.98934387,0.0157443,0.00275926,0.0,0.00971555,0.0,0.00110299,0.9706779,24077,7,0.89595492,1.9844611
424,2,25026392,0.98985312,0.02306331,0.0034743,0.0,0.01418508,0.0,0.00090241,0.95837489,24333,7,0.72434033,1.9848077
424,3,25026393,0.99767829,0.00349268,0.00087771,0.0,0.00184867,0.0,0.00034342,0.99343752,19970,7,0.84390647,1.9842614
424,4,25026394,0.98665154,0.01555311,0.00639465,0.0,0.01093875,0.0,0.00302838,0.96408511,24330,7,0.41497557,1.9847577
424,5,25026395,0.99099472,0.01310336,0.00279318,0.0,0.00460594,0.0,0.00315281,0.97634471,24323,7,0.6316359,1.9847577
424,6,25026396,0.99470356,0.00479248,0.00251827,0.0,0.00283034,0.0,0.00132251,0.98853641,24322,7,0.48593646,1.9847327
424,7,25026397,0.99195663,0.00811653,0.00197686,0.0,0.00721746,0.0,0.00247309,0.98021607,23043,7,0.52309046,1.9843861
424,8,25026398,0.99577821,0.00405439,0.00148622,0.0,0.0028911,0.0,0.00086698,0.99070131,19341,7,0.42054227,1.9845109
424,9,25026399,0.99729131,0.00246487,0.00140948,0.0,0.00059735,0.0,0.00125157,0.99427673,18946,7,0.47907798,1.9842613
424,10,25026400,0.99793538,0.00168962,0.00388994,0.0,0.00210489,0.0,6.3e-07,0.99231493,18946,7,0.94989702,1.9842613
425,1,25026421,0.99743926,0.0003585,0.0,1.946e-05,4.749e-05,0.76335271,0.0,0.23622184,34073,6,0.17421532,0.9984814
425,2,25026422,0.99788781,0.00039079,0.0,1.925e-05,5.022e-05,0.64836452,0.0,0.35117522,60727,6,0.18867769,0.9985812
425,3,25026423,0.99751171,0.00046992,0.0,1.925e-05,5.724e-05,0.4667288,0.0,0.53272478,58743,7,0.09733093,0.9987812
425,4,25026424,0.99760691,0.00048713,0.0,1.932e-05,5.577e-05,0.46154987,0.0,0.53788791,36075,6,0.20939551,0.9984806
425,5,25026425,0.99692844,0.00025368,0.0,1.941e-05,2.162e-05,0.82850835,0.0,0.17119694,37085,6,0.78510078,0.9973633
425,6,25026426,0.997627,0.00040438,0.0,1.908e-05,4.257e-05,0.66256193,0.0,0.33697204,53207,7,0.26454391,0.9988478
425,7,25026427,0.99798648,0.00047528,0.0,1.94e-05,6.368e-05,0.4554669,0.0,0.54397474,30583,7,0.29031048,0.9988313
425,8,25026428,0.99745438,0.00035439,0.0,1.927e-05,3.814e-05,0.79361159,0.0,0.20597661,49015,7,0.1883144,0.9988562
425,9,25026429,0.99763793,0.00049957,0.0,1.917e-05,6.537e-05,0.28915669,0.0,0.7102592,45471,6,0.15726979,0.9972577
425,10,25026430,0.99756891,0.0004752,0.0,1.917e-05,6.725e-05,0.39307261,0.0,0.60636578,59263,7,0.21884097,0.9988812
426,1,25026451,0.98050228,0.19553034,0.23190509,0.0,2.167e-05,0.4936184,0.0,0.0789245,19237,6,0.38988582,6.5551454
426,2,25026452,0.97336338,0.3017978,0.69818229,0.0,1.576e-05,4.02e-06,0.0,1.2e-07,47355,4,0.69816457,6.5541858
426,3,25026453,0.999474,0.00066038,0.00026753,0.0,3.082e-05,0.79551399,0.0,0.20352728,22403,6,0.43617855,6.5551954
426,4,25026454,0.9574518,0.47991383,0.52007079,0.0,1.1e-05,4.22e-06,0.0,1.6e-07,47867,4,0.52004687,6.5541856
426,5,25026455,0.99927115,0.00139391,0.03552694,0.0,0.00026116,0.96280428,0.0,1.371e-05,14250,6,0.66611217,6.5540523
426,6,25026456,0.99935861,0.00056622,3.734e-05,0.0,2.127e-05,0.99937421,0.0,9.6e-07,48043,6,0.42377215,6.5541858
426,7,25026457,0.98157155,0.19598461,0.31001826,0.0,4.437e-05,0.49395195,0.0,8e-07,14250,6,0.49349683,6.5540523
426,8,25026458,0.95972649,0.42092491,0.57906197,0.0,8.73e-06,4.14e-06,0.0,2.6e-07,14818,4,0.57903006,6.5540106
426,9,25026459,0.95301304,0.4775773,0.48300686,0.0,0.00028691,0.03912811,0.0,8.2e-07,23100,4,0.09565203,6.5551954
426,10,25026460,0.99931089,0.00037728,7.97e-06,0.0,2.964e-05,0.99958286,0.0,2.24e-06,14244,6,0.99909239,6.5540106
427,1,25026481,0.77881395,0.02423817,0.02398352,0.19338195,0.00514605,0.6129994,0.09012646,0.05012444,23503,6,0.2020428,0.9982684
427,2,25026482,0.99812184,0.00018992,0.00195251,1.72e-06,4.61e-06,0.99784674,4.49e-06,1e-08,36879,6,0.99728128,0.9987341
427,3,25026483,0.81062051,0.0103829,0.01727179,0.10195181,0.00668204,0.78470189,0.06976725,0.00924232,22471,6,0.2991366,0.9982432
427,4,25026484,0.77113763,0.01181268,0.01578508,0.28002554,0.00329868,0.62751569,0.06156204,3e-07,23943,6,0.21943884,0.9970294
427,5,25026485,0.54443933,0.00632268,0.00541043,0.83883868,0.00033134,0.12711496,0.02198183,9e-08,23377,2,0.73139186,0.498901
427,6,25026486,0.85760047,0.01766718,0.02286348,0.0527742,0.00595645,0.83491508,0.06570295,0.00012065,24263,6,0.28629477,0.9978944
427,7,25026487,0.82971558,0.00486189,0.00438032,0.27720955,0.00018243,0.69699054,0.01631988,5.539e-05,8001,2,0.25920717,0.4984685
427,8,25026488,0.73419904,0.02109614,0.01358257,0.0868693,0.03724688,0.71879645,0.12240858,8e-08,20295,6,0.25346142,0.9982184
427,9,25026489,0.70364265,0.00476328,0.01523761,0.47419965,0.00022638,0.46951642,0.03605641,2.5e-07,24390,2,0.44126256,0.4986057
427,10,25026490,0.74429225,0.01201211,0.00939616,0.33556001,0.00222449,0.57779672,0.06301044,8e-08,22671,6,0.23519709,0.9979689
428,1,25026511,0.99951487,0.00109204,0.00527144,0.0,0.00014677,0.01003799,0.0,0.98345177,24543,7,0.20873676,0.9998096
428,2,25026512,0.99907976,0.00155343,0.0511089,0.0,0.00030805,1.796e-05,0.0,0.94701165,58143,7,0.19324521,0.9997144
428,3,25026513,0.99950402,0.00089955,0.00539303,0.0,0.00013787,1.036e-05,0.0,0.99355919,56703,7,0.18145924,0.9998096
428,4,25026514,0.99951139,0.00092307,0.00399359,0.0,0.0002291,1.309e-05,0.0,0.99484115,56695,7,0.20161675,0.9997846
428,5,25026515,0.99927866,0.00122606,0.00534903,0.0,0.00045035,2.865e-05,0.0,0.99294591,24055,7,0.12253734,0.9997846
428,6,25026516,0.99946736,0.00120977,0.01034525,0.0,0.00051859,0.0068096,0.0,0.98111679,25983,7,0.27609513,0.9997596
428,7,25026517,0.99933669,0.00120891,0.00723653,0.0,0.00036121,0.06819284,0.0,0.9230005,42367,7,0.20730569,0.9998095
428,8,25026518,0.99956043,0.00088262,0.00314205,0.0,0.00015151,8.456e-05,0.0,0.99573927,5623,7,0.4621932,0.9997845
428,9,25026519,0.99937981,0.00111329,0.00413349,0.0,0.00023334,1.545e-05,0.0,0.99450444,44999,7,0.31565311,0.9995859
428,10,25026520,0.99922865,0.00131396,0.00588924,0.0,0.0003591,9.69e-06,0.0,0.99242801,59343,7,0.23690706,0.9996193
429,1,25026541,0.98633005,0.01279557,0.00071884,0.0,0.01126007,0.92301777,0.0,0.05220774,8428,6,0.74501945,5.0517575
429,2,25026542,0.99946547,0.00072607,0.00052046,0.0,1.972e-05,0.99868965,0.0,4.41e-05,20261,6,0.75972782,5.0528165
429,3,25026543,0.99902242,0.00303736,0.00013262,0.0,0.0007066,0.2857909,0.0,0.71033252,19971,7,0.51453191,5.0518073
429,4,25026544,0.99940192,0.00085239,0.00166427,0.0,3.346e-05,0.24948303,0.0,0.74796686,19212,7,0.74795403,5.0527665
429,5,25026545,0.99217883,0.00882355,0.00629208,0.0,0.00665652,0.8790519,0.0,0.09917595,51748,6,0.21907434,5.0518572
429,6,25026546,0.99889264,0.00347503,0.00037265,0.0,7.171e-05,0.99607101,0.0,9.61e-06,8436,6,0.53449562,5.0527666
429,7,25026547,0.99932999,0.00053477,0.00053989,0.0,2.143e-05,0.00016828,0.0,0.99873562,20363,7,0.82079665,5.0520069
429,8,25026548,0.98027253,0.03107606,0.00117916,0.0,0.01704821,0.52091506,0.0,0.42978151,20234,7,0.42947298,5.0527666
429,9,25026549,0.99934252,0.00074289,0.00083596,0.0,3.503e-05,0.21020303,0.0,0.78818308,19338,7,0.78814567,5.0518564
429,10,25026550,0.99674085,0.01223824,0.00285784,0.0,0.00142233,0.53998235,0.0,0.44349925,24075,7,0.27030863,5.0519569
430,1,25026571,0.99726627,0.0003894,0.0,2.077e-05,1.267e-05,0.99957536,1.5e-06,3e-07,33055,6,0.33183695,0.998639
430,2,25026572,0.99726969,0.00045104,0.0,2.078e-05,2.026e-05,0.99950615,1.51e-06,2.7e-07,35799,6,0.25291689,0.9985391
430,3,25026573,0.99769732,0.00040777,0.0,2.061e-05,1.343e-05,0.99955663,1.55e-06,2e-08,65229,6,0.69801031,0.9984385
430,4,25026574,0.99717683,0.00033701,0.0,2.065e-05,1.724e-05,0.99962247,1.51e-06,1.11e-06,27787,6,0.36203759,0.9983887
430,5,25026575,0.99714541,0.00035036,0.0,2.061e-05,1.608e-05,0.99961139,1.52e-06,4e-08,40953,6,0.17034678,0.9984392
430,6,25026576,0.99689113,0.00039999,0.0,2.075e-05,1.686e-05,0.99955964,1.54e-06,1.23e-06,64959,6,0.18377566,0.9986391
430,7,25026577,0.99731092,0.00047497,0.0,2.066e-05,1.815e-05,0.99948401,1.52e-06,6.9e-07,3967,6,0.1686153,0.998589
430,8,25026578,0.99728141,0.00050022,0.0,2.111e-05,2.163e-05,0.99945542,1.5e-06,1.3e-07,26189,6,0.15134127,0.9983887
430,9,25026579,0.9971479,0.00048617,0.0,2.076e-05,1.733e-05,0.9994734,1.55e-06,8e-07,37879,6,0.10412375,0.9974391
430,10,25026580,0.99684838,0.00033114,0.0,2.078e-05,1.526e-05,0.99963089,1.54e-06,4e-07,28875,6,0.18165839,0.9984387
431,1,25026601,0.99939973,0.00048326,0.00026541,0.0,4.935e-05,0.99920175,0.0,2.4e-07,50388,6,0.99912887,5.2426987
431,2,25026602,0.99901495,0.00305371,0.00031067,0.0,0.00045324,0.99617918,0.0,3.19e-06,54011,6,0.45421399,5.2428318
431,3,25026603,0.96714143,0.0303662,0.00249671,0.0,0.03209701,0.61103151,0.0,0.32400857,52012,6,0.27082595,5.242732
431,4,25026604,0.95633596,0.02391699,0.00100371,0.0,0.04528354,0.92965059,0.0,0.00014518,57100,6,0.7194277,5.2427653
431,5,25026605,0.98541629,0.01472377,0.000627,0.0,0.01416229,0.97048667,0.0,2.8e-07,11597,6,0.31030718,5.242732
431,6,25026606,0.99950377,0.00062911,0.00041982,0.0,2.329e-05,0.02402529,0.0,0.97490249,12045,7,0.63840316,5.242732
431,7,25026607,0.99819374,0.00110058,0.00056733,0.0,0.00141989,0.99691175,0.0,4.5e-07,55995,6,0.43160176,5.2419846
431,8,25026608,0.99938677,0.00016298,8.912e-05,0.0,1.484e-05,0.99973293,0.0,1.3e-07,56059,6,0.99972576,5.2419844
431,9,25026609,0.9783754,0.06074739,0.00187588,0.0,0.01800332,0.76172011,0.0,0.15765331,10117,6,0.36416169,5.242682
431,10,25026610,0.99872535,0.00329022,0.00038517,0.0,5.268e-05,0.87518711,0.0,0.12108482,48013,6,0.37516263,5.2419842
432,1,25026631,0.96008979,0.007862,0.00301496,0.0,0.00397754,0.0,0.02847524,0.95667026,20103,7,0.95666994,0.9986296
432,2,25026632,0.99866115,0.00042198,0.00148701,0.0,6.47e-06,0.0,1.62e-06,0.99808292,19079,7,0.99808212,0.9988595
432,3,25026633,0.99873342,0.0003988,0.00151723,0.0,7.21e-06,0.0,1.47e-06,0.99807528,23175,7,0.9980587,0.9989343
432,4,25026634,0.87417505,0.0264975,0.00450442,0.0,0.02936009,0.0,0.0842902,0.85534779,24207,7,0.64403673,0.9987792
432,5,25026635,0.99865409,0.00043267,0.00162572,0.0,1.087e-05,0.0,1.45e-06,0.9979293,19079,7,0.99792757,0.9988595
432,6,25026636,0.99850102,0.00073758,0.00262919,0.0,8.56e-06,0.0,1.45e-06,0.99662322,20111,7,0.99662106,0.9987293
432,7,25026637,0.99865708,0.00042152,0.00161108,0.0,7.35e-06,0.0,1.53e-06,0.99795851,19079,7,0.99795552,0.9988595
432,8,25026638,0.99840804,0.00065358,0.00260258,0.0,5.33e-06,0.0,1.88e-06,0.99673663,20103,7,0.99673269,0.9986296
432,9,25026639,0.90683572,0.01714838,0.0037226,0.0,0.02078496,0.0,0.05892069,0.89942337,19087,7,0.89258179,0.9989593
432,10,25026640,0.68312723,0.06169809,0.00744394,0.0,0.04733192,0.0,0.22108616,0.66243989,24199,7,0.66095147,0.9987044
433,1,25026661,0.99830192,0.00056326,0.00128046,0.0,8.725e-05,0.0552412,0.0,0.94282783,34167,7,0.24929442,0.9990314
433,2,25026662,0.99781846,0.00084189,0.00121008,0.0,5.994e-05,0.33105999,0.0,0.66682809,36847,7,0.1220761,0.9982637
433,3,25026663,0.99769802,0.00063645,0.00107077,0.0,9.692e-05,0.56853471,0.0,0.42966115,29943,6,0.21599346,0.9981887
433,4,25026664,0.99776464,0.00067091,0.00547593,0.0,6.672e-05,0.47251676,0.0,0.52126967,11127,7,0.21652504,0.9986474
433,5,25026665,0.99820763,0.00055707,0.00121677,0.0,7.515e-05,0.23550301,0.0,0.76264801,38903,7,0.20122329,0.9991065
433,6,25026666,0.99841408,0.00053252,0.00098047,0.0,7.535e-05,0.20485376,0.0,0.79355789,22399,7,0.1993432,0.9991314
433,7,25026667,0.99829992,0.00054091,0.00086205,0.0,6.876e-05,0.61253742,0.0,0.38599086,58783,6,0.21986035,0.9991314
433,8,25026668,0.99832325,0.00055235,0.00145259,0.0,7.488e-05,0.49790255,0.0,0.50001764,56703,7,0.14032208,0.9991314
433,9,25026669,0.99775849,0.00098152,0.00213296,0.0,0.00018473,0.20787694,0.0,0.78882385,23519,7,0.11862814,0.9991314
433,10,25026670,0.99832382,0.00055304,0.00097526,0.0,8.289e-05,0.4542225,0.0,0.54416631,51159,6,0.28484869,0.9990981
434,1,25026691,0.99246158,0.03167806,0.01347618,0.0,2.223e-05,0.95481669,0.0,6.84e-06,19995,6,0.59975399,6.8670823
434,2,25026692,0.99941637,0.0006557,0.00033261,0.0,5.035e-05,0.9840059,0.0,0.01495544,43786,6,0.53984288,6.8670822
434,3,25026693,0.79977452,0.72296326,0.01717048,0.0,0.04231809,0.21754761,0.0,5.5e-07,49517,0,0.27864747,5.0490759
434,4,25026694,0.99798084,0.00622848,0.004627,0.0,2.422e-05,0.98911808,0.0,2.22e-06,8356,6,0.48686897,6.8656106
434,5,25026695,0.87989187,0.52381792,0.2292468,0.0,0.00118086,0.15417623,0.0,0.0915782,8881,0,0.45396537,4.5792088
434,6,25026696,0.99909617,0.00219091,0.00071009,0.0,0.0007641,0.99633402,0.0,8.8e-07,12044,6,0.52015948,6.8669824
434,7,25026697,0.99928322,0.00057449,1.155e-05,0.0,2.331e-05,0.99913524,0.0,0.00025541,18973,6,0.99875878,6.8657604
434,8,25026698,0.99894726,0.00216919,0.00058283,0.0,3.671e-05,0.71449761,0.0,0.28271366,10770,6,0.28728953,6.8656109
434,9,25026699,0.84258104,0.68591684,0.31406789,0.0,1.125e-05,3.89e-06,0.0,1.3e-07,8864,0,0.68408899,4.5792087
434,10,25026700,0.99946438,0.00023399,3.71e-06,0.0,6.41e-06,0.99975573,0.0,1.5e-07,13971,6,0.99963685,6.8670823
435,1,25026721,0.99682047,0.0003646,0.0,2.191e-05,1.495e-05,0.99959688,1.59e-06,7e-08,39055,6,0.21825734,0.9983877
435,2,25026722,0.99703867,0.00024006,0.0,2.139e-05,7.02e-06,0.99972953,1.61e-06,3.8e-07,37453,6,0.2583482,0.9983875
435,3,25026723,0.99768363,0.00022862,0.0,2.12e-05,4.91e-06,0.99974365,1.61e-06,2e-08,33803,6,0.44492064,0.9983874
435,4,25026724,0.6642375,0.0001835,0.0,0.99979869,4.39e-06,1.175e-05,1.66e-06,1e-08,39946,2,0.68303877,0.6649387
435,5,25026725,0.99764391,0.00025241,0.0,2.188e-05,5.87e-06,0.9997182,1.59e-06,4e-08,42489,6,0.4884652,0.998387
435,6,25026726,0.99749082,0.00038789,0.0,2.23e-05,8.18e-06,0.99957947,1.63e-06,5.3e-07,34381,6,0.28430322,0.9983872
435,7,25026727,0.99720661,0.00042703,0.0,2.231e-05,1.593e-05,0.9995232,1.62e-06,9.91e-06,59979,6,0.14635444,0.9985869
435,8,25026728,0.9974061,0.00041417,0.0,2.245e-05,1.693e-05,0.99954465,1.59e-06,2.2e-07,59597,6,0.21833421,0.9985871
435,9,25026729,0.99695831,0.00047148,0.0,2.224e-05,1.821e-05,0.99948635,1.63e-06,9e-08,37711,6,0.19136129,0.9975757
435,10,25026730,0.99763695,0.00020992,0.0,2.109e-05,9.99e-06,0.99975727,1.59e-06,1.4e-07,37929,6,0.32553466,0.9983876
436,1,25026751,0.99877761,0.00212916,0.00122999,0.0,0.00178912,0.0,1.45e-06,0.99485028,44845,7,0.62053278,2.3016254
436,2,25026752,0.99513181,0.01011462,0.00144685,0.0,0.01092507,0.0,0.00153155,0.97598192,48933,7,0.50314034,2.3015505
436,3,25026753,0.99174352,0.01324179,0.00373345,0.0,0.02094223,0.0,0.00108122,0.9610013,44805,7,0.74648426,2.3015256
436,4,25026754,0.99115578,0.01647488,0.00239281,0.0,0.02025518,0.0,0.00716516,0.95371197,57133,7,0.76192742,2.3016255
436,5,25026755,0.99028107,0.02068987,0.0018375,0.0,0.03269162,0.0,0.00181144,0.94296958,57101,7,0.53373846,2.3016255
436,6,25026756,0.9931464,0.01301087,0.00117113,0.0,0.01077671,0.0,0.00107669,0.9739646,16261,7,0.83156144,2.3012406
436,7,25026757,0.99398869,0.00610107,0.00217059,0.0,0.00686733,0.0,0.00341737,0.98144364,57101,7,0.44204177,2.3016255
436,8,25026758,0.99838465,0.00237232,0.00193447,0.0,0.00076918,0.0,0.00075313,0.9941709,52749,7,0.70817472,2.3012654
436,9,25026759,0.99945606,0.00076292,0.00147944,0.0,3.414e-05,0.0,1.64e-06,0.99772186,48685,7,0.99728766,2.3012653
436,10,25026760,0.99776947,0.00461794,0.00180096,0.0,0.00203355,0.0,0.00086994,0.99067761,53029,7,0.5990252,2.3015255
437,1,25026781,0.99503219,0.0152785,0.00118937,0.0,0.02202208,0.15725933,1.39e-06,0.80424934,20235,7,0.70486755,3.4675631
437,2,25026782,0.99480626,0.00555024,0.00217703,0.0,0.00703844,0.67196263,0.00042876,0.31284289,23341,6,0.29249331,3.4676131
437,3,25026783,0.99939674,0.00075027,0.00045924,0.0,3.393e-05,0.35522724,4.3e-07,0.64352889,19205,7,0.46592956,3.4675131
437,4,25026784,0.99463625,0.01733973,0.00073592,0.0,0.00316481,0.73280954,0.00112803,0.24482197,19235,6,0.27139328,3.4675131
437,5,25026785,0.9964941,0.0106331,0.00359756,0.0,0.00616165,0.21937891,0.00084171,0.75938707,19981,7,0.47797457,3.4669203
437,6,25026786,0.99442608,0.01071807,0.00220153,0.0,0.00416839,0.76196001,0.00069018,0.22026182,18988,6,0.35682296,3.4667707
437,7,25026787,0.9986068,0.00165512,0.00045438,0.0,0.00068027,0.99720615,4.3e-07,3.65e-06,18058,6,0.5614732,3.4667707
437,8,25026788,0.99930267,0.00071978,0.00075568,0.0,3.653e-05,5.63e-05,4.5e-07,0.99843126,19978,7,0.99829417,3.4667707
437,9,25026789,0.99372091,0.00608802,0.00264732,0.0,0.00355941,0.14981656,0.00117275,0.83671594,18954,7,0.66980181,3.4667705
437,10,25026790,0.99239083,0.01102847,0.00226267,0.0,0.00821211,0.11689247,0.00023216,0.86137212,20363,7,0.36023239,3.4670202
438,1,25026811,0.99746665,0.00012959,0.0,2.229e-05,4.71e-06,0.99984107,0.0,2.35e-06,44409,6,0.99907289,0.9982511
438,2,25026812,0.99711649,0.00033921,0.0,2.209e-05,3.486e-05,0.71679293,0.0,0.28281091,31007,6,0.14803594,0.998652
438,3,25026813,0.99729918,0.00037093,0.0,2.21e-05,3.028e-05,0.93548008,0.0,0.06409661,59597,6,0.22833899,0.9984517
438,4,25026814,0.99734549,0.00041169,0.0,2.228e-05,3.801e-05,0.60968847,0.0,0.38983955,59983,6,0.21777347,0.9984519
438,5,25026815,0.99743667,0.00044424,0.0,2.234e-05,5.111e-05,0.41621195,0.0,0.58327036,23511,7,0.33534625,0.9986269
438,6,25026816,0.99737473,0.00044397,0.0,2.217e-05,5.748e-05,0.50425931,0.0,0.49521707,24055,7,0.11951191,0.998627
438,7,25026817,0.9974696,0.00046977,0.0,2.22e-05,6.749e-05,0.14013585,0.0,0.85930469,12287,7,0.45577213,0.9986021
438,8,25026818,0.99672111,0.00040695,0.0,2.233e-05,3.628e-05,0.8088766,0.0,0.19065783,59051,6,0.29634109,0.9977777
438,9,25026819,0.99713551,0.00038456,0.0,2.209e-05,4.736e-05,0.49919271,0.0,0.50035328,47095,7,0.15696665,0.9986271
438,10,25026820,0.9975167,0.00046552,0.0,2.237e-05,6.283e-05,0.43023811,0.0,0.56921117,31711,7,0.18312062,0.9986521
439,1,25026841,0.99929667,0.00061109,0.00011586,0.0,4.571e-05,0.99915175,0.0,7.559e-05,55202,6,0.65386577,6.7545989
439,2,25026842,0.99932947,0.00060697,0.00010375,0.0,6.705e-05,0.79510388,0.0,0.20411836,55212,6,0.79455882,6.754649
439,3,25026843,0.99938592,0.00061746,7.236e-05,0.0,4.347e-05,0.99924006,0.0,2.664e-05,44572,6,0.54757475,6.7557987
439,4,25026844,0.99933283,0.00074238,0.00017817,0.0,3.326e-05,0.99903659,0.0,9.6e-06,52141,6,0.86465215,6.7547491
439,5,25026845,0.99943862,0.00040992,4.02e-06,0.0,3.498e-05,0.99953357,0.0,1.752e-05,9884,6,0.99921125,6.7556988
439,6,25026846,0.98089447,0.06493951,0.00159854,0.0,0.00135118,0.93211064,0.0,1.2e-07,53947,6,0.81056877,6.7558986
439,7,25026847,0.86949092,0.61768072,0.00051001,0.0,0.03777951,0.34402877,0.0,9.9e-07,15893,6,0.16880101,6.7557987
439,8,25026848,0.81340669,0.88417282,4.49e-06,0.0,0.11581524,7.14e-06,0.0,3.1e-07,15964,0,0.2616543,4.387983
439,9,25026849,0.9783131,0.09955384,0.00118659,0.0,0.01230599,0.88694613,0.0,7.45e-06,24069,6,0.81916248,6.7544741
439,10,25026850,0.99926211,0.00036085,5.07e-06,0.0,8.26e-06,0.99962563,0.0,1.9e-07,13955,6,0.92767219,6.7544741
440,1,25026871,0.8362368,0.01964054,0.00414852,0.07889952,0.00916698,0.80964981,0.07849429,3.4e-07,22727,6,0.31036703,0.99824
440,2,25026872,0.72296134,0.02255751,0.00345739,0.45652191,0.01139136,0.25701365,0.06262995,0.18642821,23368,2,0.39663161,0.6654033
440,3,25026873,0.76258745,0.0165919,0.00336707,0.45148789,0.00379993,0.46980097,0.05495211,1.3e-07,23118,2,0.43653577,0.66492
440,4,25026874,0.7135171,0.01602916,0.00326967,0.30790934,0.00789488,0.57030238,0.09459424,3.3e-07,19143,6,0.27156418,0.9981655
440,5,25026875,0.83769221,0.00350851,0.00227918,0.23515694,0.00133199,0.40910247,0.03806054,0.31056038,20103,7,0.31056018,0.9967824
440,6,25026876,0.81501716,0.00667238,0.00188148,0.26928343,0.00446502,0.29019566,0.06508692,0.36241511,19079,7,0.36241504,0.9974736
440,7,25026877,0.99787356,0.00041205,0.00244919,8.8e-07,1.334e-05,0.99712219,2.12e-06,2.3e-07,18575,6,0.99710734,0.9982651
440,8,25026878,0.79379821,0.03479817,0.00479255,0.04916086,0.01898747,0.78297387,0.10928696,1.2e-07,22471,6,0.45900611,0.9985894
440,9,25026879,0.87327838,0.00363318,0.00292658,0.24609898,0.00170453,0.32768764,0.02245653,0.39549256,23175,7,0.39549167,0.9975484
440,10,25026880,0.91414242,0.00893905,0.00276717,0.02588005,0.00460769,0.77295274,0.04614112,0.13871218,19015,6,0.27652014,0.9974736
441,1,25026901,0.9990305,0.00060366,0.00154574,0.0,8.797e-05,0.09702769,0.0,0.90073494,49151,7,0.20703506,0.9995103
441,2,25026902,0.9990559,0.00072258,0.0053129,0.0,0.00010189,0.05300466,0.0,0.94085796,58871,7,0.30527832,0.9994769
441,3,25026903,0.99916183,0.00063544,0.00198725,0.0,0.00010495,0.04398192,0.0,0.95329044,61439,7,0.62016741,0.9995103
441,4,25026904,0.99884759,0.00090234,0.00455146,0.0,8.892e-05,0.19849315,0.0,0.79596412,21879,7,0.18120973,0.9994013
441,5,25026905,0.99895113,0.00066028,0.00248648,0.0,8.65e-05,0.5504462,0.0,0.44632055,17855,6,0.33855506,0.9994602
441,6,25026906,0.99916161,0.00063785,0.00105962,0.0,9.779e-05,0.00139599,0.0,0.99680876,18431,7,0.24365812,0.9994603
441,7,25026907,0.99890857,0.00068376,0.00185241,0.0,8.547e-05,0.66276347,0.0,0.3346149,55231,6,0.36333969,0.9992655
441,8,25026908,0.99903402,0.000681,0.00430658,0.0,8.514e-05,0.11796454,0.0,0.87696274,5631,7,0.29569416,0.9995102
441,9,25026909,0.99878565,0.00082967,0.00600627,0.0,8.917e-05,0.22926495,0.0,0.76380993,25439,7,0.25429358,0.9994603
441,10,25026910,0.99902081,0.00067124,0.00248961,0.0,8.852e-05,0.05031783,0.0,0.94643279,30711,7,0.28789085,0.9994853
442,1,25026931,0.99929616,0.00052558,8.776e-05,0.0,3.529e-05,0.31842014,0.0,0.68093123,18947,7,0.50556248,6.4040233
442,2,25026932,0.99937644,0.0006154,0.00022354,0.0,1.941e-05,0.99914012,0.0,1.53e-06,11805,6,0.50185047,6.4053529
442,3,25026933,0.99874672,0.00307752,0.00010116,0.0,0.00063127,0.99618578,0.0,4.26e-06,11050,6,0.54123125,6.405253
442,4,25026934,0.9951114,0.01165384,0.00334167,0.0,0.00728266,0.97753151,0.0,0.00019032,20005,6,0.48468635,6.4040231
442,5,25026935,0.99668648,0.00599954,0.00035713,0.0,0.00373414,0.90300756,0.0,0.08690162,23060,6,0.32981189,6.4040734
442,6,25026936,0.99842955,0.00979031,0.00013994,0.0,0.00015732,0.98991213,0.0,3.2e-07,11787,6,0.89395367,6.4041232
442,7,25026937,0.99827725,0.00184264,0.00136945,0.0,0.00093003,0.99585564,0.0,2.24e-06,11019,6,0.55117584,6.4053528
442,8,25026938,0.9989963,0.00275308,0.00102569,0.0,0.00024317,0.58401723,0.0,0.41196082,52101,6,0.55435616,6.4042393
442,9,25026939,0.99938563,0.0003697,1.157e-05,0.0,1.422e-05,0.99960422,0.0,2.9e-07,56410,6,0.67792978,6.4053863
442,10,25026940,0.96838523,0.06495006,0.00131462,0.0,0.00276632,0.93096462,0.0,4.39e-06,8373,6,0.57781722,6.4053028
443,1,25026961,0.99726301,0.00029883,0.0,2.069e-05,8.99e-06,0.99966997,1.51e-06,2e-08,24651,6,0.39662828,0.9982898
443,2,25026962,0.99687331,0.00040819,0.0,2.072e-05,1.289e-05,0.99955642,1.51e-06,2.8e-07,39567,6,0.28544013,0.9974107
443,3,25026963,0.99700816,0.00047035,0.0,2.071e-05,1.757e-05,0.99948894,1.57e-06,8.7e-07,35981,6,0.15467754,0.9981393
443,4,25026964,0.99683879,0.0005233,0.0,2.094e-05,1.85e-05,0.99943549,1.62e-06,1.5e-07,62607,6,0.23786807,0.9983392
443,5,25026965,0.99693909,0.00033809,0.0,2.066e-05,9.34e-06,0.99963036,1.54e-06,2e-08,37175,6,0.38950391,0.9976103
443,6,25026966,0.99724733,0.00043167,0.0,2.082e-05,1.671e-05,0.99952896,1.52e-06,3.2e-07,51191,6,0.33068164,0.9985065
443,7,25026967,0.99686986,0.0004695,0.0,2.091e-05,1.764e-05,0.99948906,1.57e-06,1.32e-06,63647,6,0.17882778,0.9968814
443,8,25026968,0.9971783,0.00049476,0.0,2.081e-05,2.092e-05,0.99946157,1.52e-06,4.1e-07,35295,6,0.41362383,0.9985396
443,9,25026969,0.99715639,0.00026494,0.0,2.082e-05,7.58e-06,0.99970516,1.49e-06,1e-08,25611,6,0.23328643,0.9982898
443,10,25026970,0.99736008,0.00045794,0.0,2.068e-05,2.719e-05,0.99949247,1.5e-06,2.3e-07,36015,6,0.58513192,0.9981402
444,1,25026991,0.99382584,0.01238667,0.0199087,0.0,0.00644148,0.9610803,3.37e-06,0.00017948,43949,6,0.72746059,4.6066234
444,2,25026992,0.99175753,0.0230152,0.00432342,0.0,0.00336092,0.46080088,0.00072949,0.50777009,24333,7,0.50770453,4.607294
444,3,25026993,0.99929506,0.00074983,0.0006041,0.0,2.681e-05,0.50069261,5.1e-07,0.49792614,23461,6,0.50040816,4.6064984
444,4,25026994,0.97713248,0.07808163,0.00189599,0.0,0.02581771,0.79672363,0.00156858,0.09591246,19213,6,0.75738543,4.6072439
444,5,25026995,0.99764715,0.00367072,0.0024325,0.0,0.00250466,0.59687602,5.6e-07,0.39451554,52101,6,0.59674054,4.6064897
444,6,25026996,0.99857404,0.00351071,0.00127174,0.0,0.00091736,0.11081742,5.3e-07,0.88348223,48685,7,0.88344711,4.6065228
444,7,25026997,0.99591931,0.0065463,0.00417115,0.0,0.00376449,0.58795442,2.8e-05,0.39753565,19205,6,0.28185141,4.6071939
444,8,25026998,0.98939693,0.00998201,0.00163337,0.0,0.01081716,0.31718705,0.00010425,0.66027617,16269,7,0.6601894,4.6065734
444,9,25026999,0.99904208,0.00180873,0.0005895,0.0,0.00029859,0.42999675,7.7e-07,0.56730567,44941,7,0.56721831,4.6066234
444,10,25027000,0.99399725,0.01020364,0.01744747,0.0,0.00723056,0.2161988,8.3e-07,0.7489187,16293,7,0.31262066,4.6064983
445,1,25027021,0.99548346,0.00741103,0.00186543,0.0,0.0145916,0.0,7.237e-05,0.97605958,20365,7,0.57673912,1.3027911
445,2,25027022,0.9995381,0.00125658,0.00064289,0.0,3.556e-05,0.0,8.3e-07,0.99806414,19204,7,0.99797759,1.3028016
445,3,25027023,0.99945443,0.00111671,0.00116321,0.0,4.078e-05,0.0,9.7e-07,0.99767832,23053,7,0.72311554,1.3027411
445,4,25027024,0.99956023,0.00097869,0.00068558,0.0,3.621e-05,0.0,8e-07,0.99829871,19202,7,0.99824258,1.3028016
445,5,25027025,0.99961986,0.00120519,0.00069584,0.0,4.889e-05,0.0,8e-07,0.99804928,23309,7,0.99801379,1.3029515
445,6,25027026,0.99943643,0.00100957,0.00067722,0.0,2.594e-05,0.0,8.1e-07,0.99828645,19330,7,0.99819023,1.3026411
445,7,25027027,0.99962086,0.00074467,0.00074173,0.0,4.034e-05,0.0,7.9e-07,0.99847247,24323,7,0.99820562,1.3029015
445,8,25027028,0.99959421,0.00107797,0.00044106,0.0,5.223e-05,0.0,8.2e-07,0.99842793,23300,7,0.77710964,1.3028765
445,9,25027029,0.99774201,0.0030605,0.00091327,0.0,0.00133399,0.0,0.00092986,0.99376237,23306,7,0.73796092,1.3029015
445,10,25027030,0.99943674,0.00066201,0.00048438,0.0,3.023e-05,0.0,8.1e-07,0.99882257,23045,7,0.99880006,1.3026662
446,1,25027051,0.99735055,0.00040174,0.0,1.502e-05,4.258e-05,0.67899636,0.0,0.32054429,63289,6,0.1245834,0.9980396
446,2,25027052,0.99758013,0.00045985,0.0,1.492e-05,5.987e-05,0.23180681,0.0,0.76765855,36855,7,0.20569094,0.9987928
446,3,25027053,0.99769238,0.00019127,0.0,1.547e-05,1.345e-05,0.99974346,0.0,3.636e-05,57337,6,0.35473463,0.9986262
446,4,25027054,0.99737537,0.00046052,0.0,1.494e-05,6.468e-05,0.40609141,0.0,0.59336845,1215,6,0.16418909,0.9974033
446,5,25027055,0.99783922,0.00042673,0.0,1.515e-05,5.912e-05,0.59985,0.0,0.39964899,64799,6,0.16913407,0.9988259
446,6,25027056,0.99741147,0.00023694,0.0,1.53e-05,1.344e-05,0.99970697,0.0,2.735e-05,60825,6,0.2928911,0.9984262
446,7,25027057,0.99735217,0.00043712,0.0,1.502e-05,5.484e-05,0.66060341,0.0,0.33888961,40683,6,0.27858731,0.9984255
446,8,25027058,0.99701775,0.00047988,0.0,1.5e-05,5.965e-05,0.40928286,0.0,0.59016261,65271,6,0.14153097,0.9975782
446,9,25027059,0.99766645,0.00045288,0.0,1.504e-05,5.484e-05,0.50247401,0.0,0.49700323,65503,7,0.12022712,0.998826
446,10,25027060,0.99770041,0.00048967,0.0,1.492e-05,6.347e-05,0.43127147,0.0,0.56816046,63223,6,0.11750499,0.9975782
447,1,25027081,0.98285981,0.21998101,0.68397633,0.0,0.00019343,0.09584717,0.0,2.05e-06,8354,4,0.25775937,7.6634719
447,2,25027082,0.9970823,0.03360359,0.08346585,0.0,2.012e-05,0.88290934,0.0,1.1e-06,11013,6,0.51988619,7.6650529
447,3,25027083,0.97920692,0.27354112,0.55586384,0.0,1.27e-05,0.17058218,0.0,1.7e-07,8938,4,0.32050814,7.6634716
447,4,25027084,0.97907602,0.27771631,0.72225541,0.0,2.459e-05,3.55e-06,0.0,1.3e-07,8354,4,0.72223208,7.6634719
447,5,25027085,0.97507735,0.31516744,0.66788404,0.0,0.00085103,0.01609693,0.0,5.7e-07,17323,4,0.60536043,7.665103
447,6,25027086,0.99946015,0.0008269,0.0003732,0.0,2.724e-05,0.17647748,0.0,0.82229518,20228,7,0.82227975,7.6650031
447,7,25027087,0.98321229,0.21224354,0.38608368,0.0,3.018e-05,0.0945052,0.0,0.3071374,19978,7,0.30712768,7.6634722
447,8,25027088,0.98118576,0.25360324,0.74637642,0.0,1.665e-05,3.56e-06,0.0,1.3e-07,8418,4,0.74635352,7.6634722
447,9,25027089,0.97313958,0.36949401,0.63048919,0.0,9.83e-06,6.13e-06,0.0,8.3e-07,21413,4,0.63029686,7.665103
447,10,25027090,0.986157,0.18540996,0.81457917,0.0,6.69e-06,3.98e-06,0.0,2e-07,47212,4,0.81452236,7.6636714
448,1,25027111,0.99777639,0.00028197,0.0,4.74e-06,1.483e-05,0.99969296,1.97e-06,3.53e-06,35403,6,0.62929216,0.9984592
448,2,25027112,0.87571568,0.00338225,0.0,0.3091108,0.00263906,0.67468341,0.01018447,1e-08,8014,2,0.27589697,0.6645098
448,3,25027113,0.99716427,0.00031731,0.0,6.03e-06,1.408e-05,0.99965908,2.5e-06,9.9e-07,33483,6,0.34008362,0.9984596
448,4,25027114,0.66460993,0.00036976,0.0,0.99961147,4.3e-06,1.176e-05,2.69e-06,1e-08,37454,2,0.87497457,0.6653935
448,5,25027115,0.91933212,0.00069582,0.0,0.14877737,1.354e-05,0.8505082,5.04e-06,3e-08,61451,6,0.21980249,0.9986601
448,6,25027116,0.9975329,0.00036325,0.0,6.06e-06,1.271e-05,0.99961543,2.34e-06,2.1e-07,26765,6,0.56065921,0.9986098
448,7,25027117,0.99725671,0.0002811,0.0,6.24e-06,5.45e-06,0.99970408,3.11e-06,2e-08,38025,6,0.71329332,0.9984592
448,8,25027118,0.99735585,0.00021229,0.0,5.15e-06,3.3e-06,0.99977692,2.31e-06,3e-08,35017,6,0.3627417,0.9984601
448,9,25027119,0.99701405,0.0003773,0.0,6.96e-06,1.313e-05,0.99960016,2.4e-06,6e-08,25099,6,0.19606674,0.9980405
448,10,25027120,0.99714579,0.00041104,0.0,6.15e-06,8.55e-06,0.9995714,2.49e-06,3.7e-07,27789,6,0.25693026,0.9986097
449,1,25027141,0.99990425,0.00172132,0.00373998,0.0,0.00047479,0.0,0.0,0.99406391,16247,7,0.21918794,0.999964
449,2,25027142,0.99993424,0.00170882,0.00306674,0.0,0.00053247,0.0,0.0,0.99469196,65527,7,0.55662293,0.999964
449,3,25027143,0.99985098,0.00205993,0.00468556,0.0,0.00064971,0.0,0.0,0.99260479,12087,7,0.19514072,0.9999224
449,4,25027144,0.99982277,0.00241511,0.00488553,0.0,0.00110467,0.0,0.0,0.99159468,56671,7,0.2044897,0.9999669
449,5,25027145,0.99989707,0.00199985,0.00348107,0.0,0.00066661,0.0,0.0,0.99385248,49135,7,0.23521424,0.9999779
449,6,25027146,0.99979226,0.00207386,0.00355077,0.0,0.00351956,0.0,0.0,0.9908558,56695,7,0.32167914,0.999964
449,7,25027147,0.99985,0.00221884,0.00425286,0.0,0.0004281,0.0,0.0,0.9931002,48255,7,0.16022453,0.9999779
449,8,25027148,0.9999195,0.00193669,0.00255765,0.0,0.00038117,0.0,0.0,0.9951245,61271,7,0.34154422,0.9999556
449,9,25027149,0.99985149,0.00187845,0.00318768,0.0,0.00084106,0.0,0.0,0.99409281,39735,7,0.18135304,0.9998725
449,10,25027150,0.99986961,0.00178347,0.00300674,0.0,0.00066506,0.0,0.0,0.99454473,16383,7,0.19938428,0.999989
450,1,25027171,0.99808004,0.00684295,0.00069388,0.0,0.00024267,0.96371891,2.82e-06,0.02849878,51756,6,0.48412032,5.1255933
450,2,25027172,0.99606603,0.03210142,0.00116733,0.0,0.00071987,0.85616195,0.00092083,0.1089286,56067,6,0.37064094,5.1265924
450,3,25027173,0.99711364,0.01400443,0.00118531,0.0,0.00201255,0.73376755,3.9e-07,0.24902977,20266,6,0.6221875,5.1264675
450,4,25027174,0.9941638,0.01530637,0.00322122,0.0,0.0023129,0.82017875,0.00077776,0.158203,20011,6,0.72243084,5.1255929
450,5,25027175,0.99861379,0.00207885,0.00108702,0.0,0.00011038,0.07179712,4.5e-07,0.92492617,19339,7,0.92491875,5.1256928
450,6,25027176,0.99730705,0.00776833,0.00346613,0.0,0.00310502,0.642438,8.61e-06,0.34321391,24355,6,0.37178524,5.1265674
450,7,25027177,0.99650515,0.0142725,0.00798172,0.0,0.00238689,0.80977915,0.00013924,0.1654405,20268,6,0.38782665,5.1264675
450,8,25027178,0.99929006,0.00083912,0.00082993,0.0,3.34e-05,0.99825054,4.1e-07,4.659e-05,23436,6,0.88951931,5.1257095
450,9,25027179,0.99057427,0.02303003,0.00258448,0.0,0.00650447,0.72438885,0.00138051,0.24211165,18050,6,0.70462446,5.1254437
450,10,25027180,0.9948272,0.00771233,0.00214543,0.0,0.0030082,0.81455052,0.00130773,0.17127578,51756,6,0.36180884,5.1255933
451,1,25027201,0.99680553,0.00043725,0.0,2.233e-05,5.051e-05,0.39990444,0.0,0.59958547,55439,6,0.21274117,0.9966667
451,2,25027202,0.99707168,0.00047669,0.0,2.222e-05,5.08e-05,0.48654941,0.0,0.51290088,59871,6,0.25850933,0.9984325
451,3,25027203,0.99707569,0.0004273,0.0,2.213e-05,6.562e-05,0.30989899,0.0,0.68958596,13695,7,0.38224113,0.9984323
451,4,25027204,0.99681064,0.00017508,0.0,2.236e-05,1.221e-05,0.99972456,0.0,6.579e-05,22489,6,0.7614207,0.998232
451,5,25027205,0.99711666,0.00021884,0.0,2.204e-05,1.987e-05,0.9996951,0.0,4.415e-05,64953,6,0.6966177,0.9982328
451,6,25027206,0.99698336,0.00025541,0.0,2.21e-05,2.066e-05,0.90928564,0.0,0.09041619,50681,6,0.50929363,0.9980321
451,7,25027207,0.9974825,0.00047495,0.0,2.225e-05,6.284e-05,0.25838855,0.0,0.74105141,5503,7,0.2638367,0.9983125
451,8,25027208,0.99679566,0.00032108,0.0,2.205e-05,2.491e-05,0.99923395,0.0,0.00039801,62505,6,0.29839458,0.9982327
451,9,25027209,0.99736826,0.00043013,0.0,2.243e-05,4.567e-05,0.46714546,0.0,0.53235632,11223,7,0.32308159,0.9983825
451,10,25027210,0.99680855,0.0004408,0.0,2.224e-05,4.927e-05,0.6161942,0.0,0.38329349,47039,6,0.12265305,0.9976493
452,1,25027231,0.99764304,0.00506799,0.00041578,0.0,0.00047226,0.99404328,0.0,6.8e-07,46749,6,0.59562775,6.7036734
452,2,25027232,0.9916427,0.03556099,0.0020735,0.0,4.74e-05,0.80824563,0.0,0.15407248,20396,6,0.27771436,6.7022337
452,3,25027233,0.99932346,0.00024742,0.0002199,0.0,8.03e-06,0.99952453,0.0,1.2e-07,18619,6,0.99951481,6.7023836
452,4,25027234,0.99933863,0.00062574,1.275e-05,0.0,3.386e-05,0.99925713,0.0,7.053e-05,48013,6,0.99904707,6.7025338
452,5,25027235,0.99940864,0.00101001,0.00023363,0.0,2.593e-05,0.63618857,0.0,0.36254186,56109,6,0.62101355,6.7036734
452,6,25027236,0.95331458,0.17657903,0.00207354,0.0,0.00793625,0.81340396,0.0,7.22e-06,54916,6,0.31744705,6.7022842
452,7,25027237,0.99901616,0.0040735,0.00168088,0.0,5.761e-05,0.9941819,0.0,6.12e-06,53027,6,0.38959456,6.7035734
452,8,25027238,0.99808303,0.00871761,0.00096363,0.0,2.664e-05,0.99028169,0.0,1.043e-05,14210,6,0.73368287,6.7035485
452,9,25027239,0.99930334,0.00102573,0.00018126,0.0,3.534e-05,0.99873582,0.0,2.184e-05,21179,6,0.34812691,6.7036235
452,10,25027240,0.99940245,0.00059965,5.195e-05,0.0,4.473e-05,0.99927897,0.0,2.47e-05,18316,6,0.69136574,6.7034736
453,1,25027261,0.7174434,0.02742742,0.0183211,0.00227082,0.02673886,0.0,0.2276529,0.6975889,24199,7,0.69758848,0.9978149
453,2,25027262,0.4726841,0.04286739,0.01050261,0.01494962,0.04185143,0.0,0.43183137,0.45799759,24199,7,0.45799694,0.9978149
453,3,25027263,0.99752853,0.00048875,0.00290746,5e-08,5.4e-06,0.0,2.33e-06,0.996596,24199,7,0.99659334,0.9978149
453,4,25027264,0.95094086,0.0043795,0.00458965,9e-08,0.0030016,0.0,0.04151698,0.9465122,20111,7,0.94651182,0.9978399
453,5,25027265,0.76479331,0.02733329,0.01194527,0.00539375,0.02393322,0.0,0.18244957,0.74894491,19087,7,0.74894384,0.9982919
453,6,25027266,0.52178388,0.05412864,0.00863959,0.00662448,0.05100974,0.0,0.38708302,0.49251453,24207,7,0.49251424,0.9978897
453,7,25027267,0.38860099,0.05584719,0.02164811,0.01792943,0.04854859,0.0,0.49381466,0.36221202,20111,7,0.21294935,0.9978399
453,8,25027268,0.99643612,0.00086046,0.00273069,5e-08,0.00037222,0.0,0.00047224,0.99556434,20111,7,0.99553653,0.9978399
453,9,25027269,0.34984958,0.04659961,0.00906806,0.00612273,0.04727406,0.0,0.55160352,0.33933202,23183,7,0.33932803,0.9983418
453,10,25027270,0.95559971,0.00495907,0.002142,5.6e-07,0.00284466,0.0,0.03615569,0.95389802,23175,7,0.5023747,0.998267
454,1,25027291,0.99806502,0.0007006,0.0077084,0.0,0.00010278,0.4961317,0.0,0.49535652,15327,7,0.13769364,0.9991619
454,2,25027292,0.99814916,0.00053036,0.00356132,0.0,0.00012791,0.25915453,0.0,0.73662588,36351,7,0.21945465,0.9991619
454,3,25027293,0.99817942,0.00062023,0.00312298,0.0,0.00018173,0.05257775,0.0,0.94349731,10239,7,0.24084145,0.999112
454,4,25027294,0.99835593,0.00054587,0.00274512,0.0,7.241e-05,0.20388235,0.0,0.79275424,32255,7,0.22022878,0.9991619
454,5,25027295,0.99839983,0.0007092,0.00213904,0.0,7.634e-05,0.01503384,0.0,0.98204158,32759,7,0.31693314,0.999137
454,6,25027296,0.99830895,0.00067706,0.00311242,0.0,9.101e-05,0.01652235,0.0,0.97959716,22015,7,0.20283995,0.9991619
454,7,25027297,0.99839262,0.00060079,0.00279911,0.0,7.484e-05,0.04154465,0.0,0.95498061,55263,7,0.29508592,0.9991619
454,8,25027298,0.9982939,0.00066978,0.00161192,0.0,8.755e-05,0.00534366,0.0,0.99228709,38391,7,0.24765282,0.9991369
454,9,25027299,0.99842211,0.0005773,0.00200333,0.0,6.83e-05,0.05686679,0.0,0.94048429,4087,7,0.15676388,0.999112
454,10,25027300,0.99837116,0.00052643,0.002034,0.0,7.722e-05,0.40653052,0.0,0.59083183,1527,7,0.19613071,0.9991119
455,1,25027321,0.84857899,0.44694813,0.00112037,0.0,0.00042787,0.29380544,0.0,0.25769819,18947,7,0.25769665,7.7864948
455,2,25027322,0.99929837,0.00064943,0.00035289,0.0,3.559e-05,0.99894836,0.0,1.374e-05,47629,6,0.72164822,7.7867438
455,3,25027323,0.9993019,0.00031914,3.74e-06,0.0,2.012e-05,0.99965675,0.0,2.5e-07,52675,6,0.54565378,7.7867113
455,4,25027324,0.99932316,0.000515,0.00021197,0.0,3.087e-05,0.99921824,0.0,2.392e-05,47642,6,0.64805972,7.7866445
455,5,25027325,0.99856864,0.0032996,0.00043492,0.0,3.139e-05,0.9962033,0.0,3.079e-05,55180,6,0.50193058,7.788134
455,6,25027326,0.96019862,0.11188036,0.027229,0.0,0.00543484,0.8552452,0.0,0.0002106,51755,6,0.26690001,7.7867441
455,7,25027327,0.9992999,0.00215132,0.00363925,0.0,5.331e-05,0.99401688,0.0,0.00013924,48899,6,0.6207992,7.7881257
455,8,25027328,0.99942755,0.00019956,0.00011079,0.0,6.11e-06,0.99968342,0.0,1.3e-07,8956,6,0.66479616,7.7880006
455,9,25027329,0.99942449,0.00053424,0.00018282,0.0,3.602e-05,0.99910107,0.0,0.00014585,51085,6,0.30892706,7.7882006
455,10,25027330,0.99937121,0.00050866,3.511e-05,0.0,2.192e-05,0.99919771,0.0,0.00023661,15875,6,0.49112181,7.7865698
456,1,25027351,0.9967959,0.00042918,0.0,2.113e-05,1.644e-05,0.9995311,1.5e-06,6.6e-07,25229,6,0.20471288,0.9974723
456,2,25027352,0.99631368,0.00028748,0.0,2.154e-05,5.19e-06,0.99968415,1.62e-06,2e-08,14535,6,0.45772424,0.9965894
456,3,25027353,0.99657207,0.00031224,0.0,2.084e-05,7.41e-06,0.99965795,1.54e-06,2e-08,39629,6,0.44205999,0.9980809
456,4,25027354,0.99716826,0.00018435,0.0,2.066e-05,3.12e-06,0.99979036,1.5e-06,1e-08,32909,6,0.32117416,0.998081
456,5,25027355,0.99703589,0.00043036,0.0,2.1e-05,1.916e-05,0.99952778,1.52e-06,1.8e-07,26187,6,0.12806164,0.9982311
456,6,25027356,0.99692001,0.00034783,0.0,2.094e-05,1.879e-05,0.99961088,1.54e-06,1e-08,64201,6,0.42481178,0.9982815
456,7,25027357,0.99675945,0.00036346,0.0,2.079e-05,1.062e-05,0.99960356,1.52e-06,5e-08,58479,6,0.19386111,0.9982814
456,8,25027358,0.99740223,0.0005307,0.0,2.114e-05,2.193e-05,0.99941793,1.54e-06,6.75e-06,40655,6,0.40500296,0.9980817
456,9,25027359,0.99631082,0.00043586,0.0,2.119e-05,2.016e-05,0.99952116,1.53e-06,1e-07,30103,6,0.10354703,0.9982307
456,10,25027360,0.99692416,0.0002283,0.0,2.091e-05,6.22e-06,0.99974302,1.54e-06,1e-08,52633,6,0.63335507,0.9980812
457,1,25027381,0.98318748,0.0224158,0.01535044,0.0,0.01969004,0.0,0.00565032,0.9368934,44941,7,0.37422687,3.6296703
457,2,25027382,0.99947789,0.00072917,0.00172351,0.0,3.494e-05,0.0,7e-07,0.99751168,44845,7,0.5098181,3.6301956
457,3,25027383,0.98095951,0.04837999,0.0102294,0.0,0.02982229,0.0,0.00232424,0.90924408,16173,7,0.37900999,3.6301457
457,4,25027384,0.97507659,0.02248287,0.01498142,0.0,0.03155876,0.0,0.0016436,0.92933336,53125,7,0.38511528,3.629537
457,5,25027385,0.99942952,0.00080125,0.00077953,0.0,3.07e-05,0.0,6.6e-07,0.99838786,52781,7,0.52249452,3.6295699
457,6,25027386,0.98425779,0.0298191,0.04100906,0.0,0.01796379,0.0,0.00406747,0.90714058,11821,7,0.55674299,3.6294202
457,7,25027387,0.99426714,0.02702302,0.00854215,0.0,0.0081448,0.0,7.878e-05,0.95621125,12165,7,0.45810784,3.6294704
457,8,25027388,0.99841093,0.00164073,0.00089282,0.0,0.00120068,0.0,1.529e-05,0.99625048,16261,7,0.52382831,3.6295454
457,9,25027389,0.9684218,0.06493429,0.02672216,0.0,0.03127409,0.0,0.00399582,0.87307362,48933,7,0.51721168,3.6301207
457,10,25027390,0.99311908,0.00702576,0.00705579,0.0,0.00666763,0.0,7e-07,0.97925011,57253,7,0.81441139,3.6295703
458,1,25027411,0.98790813,0.02555866,0.00687668,0.0,0.01413248,0.0,0.00126582,0.95216637,19330,7,0.29178299,3.0652554
458,2,25027412,0.99562573,0.01276741,0.00193335,0.0,0.00601227,0.0,0.00016959,0.97911738,24074,7,0.50734559,3.0652891
458,3,25027413,0.99569245,0.00515722,0.00138776,0.0,0.00196145,0.0,0.0007071,0.99078647,20235,7,0.43975127,3.0658683
458,4,25027414,0.99100555,0.01351041,0.00555434,0.0,0.00724801,0.0,0.0017746,0.97191265,24325,7,0.40657504,3.0658683
458,5,25027415,0.99881055,0.00312693,0.00184452,0.0,0.00028016,0.0,6e-07,0.99474778,23308,7,0.36226333,3.0658682
458,6,25027416,0.99540901,0.00638317,0.0071777,0.0,0.00332035,0.0,8.388e-05,0.9830349,24075,7,0.54130703,3.0653556
458,7,25027417,0.9994984,0.00093316,0.00065103,0.0,2.681e-05,0.0,5.2e-07,0.99838847,19212,7,0.99836846,3.0657683
458,8,25027418,0.99328118,0.0260829,0.00200146,0.0,0.01932016,0.0,6.88e-06,0.9525886,18955,7,0.65766155,3.0653056
458,9,25027419,0.99064656,0.01174448,0.00744088,0.0,0.00600895,0.0,0.00178287,0.97302282,19971,7,0.40885515,3.0652059
458,10,25027420,0.98967943,0.01154984,0.00886325,0.0,0.0054509,0.0,0.00142702,0.972709,19212,7,0.61821405,3.0657683
459,1,25027441,0.99676349,0.00044936,0.0,2.213e-05,5.222e-05,0.54620806,0.0,0.45326824,63351,7,0.22641458,0.9984472
459,2,25027442,0.99668997,0.00044981,0.0,2.222e-05,4.174e-05,0.528336,0.0,0.47115023,39359,6,0.16428085,0.9977462
459,3,25027443,0.99744012,0.00017661,0.0,2.218e-05,1.03e-05,0.99978687,0.0,4.03e-06,16377,6,0.80751139,0.9982973
459,4,25027444,0.99739669,0.00046532,0.0,2.233e-05,5.986e-05,0.46823739,0.0,0.53121509,10231,7,0.18595189,0.9984472
459,5,25027445,0.99729505,0.00046465,0.0,2.199e-05,6.951e-05,0.16629448,0.0,0.83314937,24575,7,0.49048346,0.9984972
459,6,25027446,0.99691737,0.00044488,0.0,2.242e-05,6.619e-05,0.21516457,0.0,0.78430195,64383,7,0.19126404,0.9977463
459,7,25027447,0.99720847,0.0004241,0.0,2.198e-05,5.366e-05,0.60703316,0.0,0.3924671,63967,6,0.13182898,0.998497
459,8,25027448,0.99687521,0.00042975,0.0,2.212e-05,5.811e-05,0.54617685,0.0,0.45331318,52223,7,0.18579392,0.9977462
459,9,25027449,0.99765045,0.00048682,0.0,2.226e-05,7.036e-05,0.4647174,0.0,0.53470317,32631,7,0.18270402,0.9984722
459,10,25027450,0.99707066,0.00044746,0.0,2.213e-05,6.393e-05,0.53145093,0.0,0.46801555,64503,7,0.1238065,0.9976963
460,1,25027471,0.89147231,0.66860887,0.33137276,0.0,1.433e-05,3.89e-06,0.0,1.5e-07,57531,0,0.36371692,5.8851869
460,2,25027472,0.99943776,0.00067796,0.00125168,0.0,1.586e-05,0.96101939,0.0,0.03703511,53499,6,0.83658156,8.3260714
460,3,25027473,0.91174791,0.53133485,0.34663797,0.0,1.518e-05,0.12201186,0.0,1.3e-07,14587,4,0.23906279,8.3245582
460,4,25027474,0.99039045,0.05693962,0.0231708,0.0,1.125e-05,0.9198782,0.0,1.3e-07,51387,6,0.54272192,8.3246076
460,5,25027475,0.90612635,0.56320895,0.43677546,0.0,1.144e-05,4.03e-06,0.0,1.2e-07,29371,0,0.56193377,5.8853497
460,6,25027476,0.90575609,0.56578761,0.43419693,0.0,1.159e-05,3.74e-06,0.0,1.3e-07,28923,0,0.53269841,5.8853497
460,7,25027477,0.99948487,0.00032588,9.285e-05,0.0,7.06e-06,0.99957393,0.0,2.9e-07,44571,6,0.99947402,8.3260714
460,8,25027478,0.89577929,0.62601453,0.37396526,0.0,1.533e-05,4.6e-06,0.0,2.8e-07,55778,4,0.24039417,8.324458
460,9,25027479,0.99459368,0.02791922,0.0220341,0.0,6.77e-06,0.95003973,0.0,1.7e-07,51451,6,0.59339989,8.3246082
460,10,25027480,0.9051888,0.5666051,0.43337823,0.0,1.201e-05,4.51e-06,0.0,1.6e-07,45759,0,0.39734334,5.8853497
461,1,25027501,0.83924253,0.01662648,0.00500916,0.11197488,0.00238597,0.81278176,0.05118942,3.232e-05,19143,6,0.18433614,0.9975492
461,2,25027502,0.57452669,0.0087593,0.00184821,0.63840665,0.00326247,0.08812754,0.06237598,0.19721984,8017,2,0.33435346,0.4986733
461,3,25027503,0.49330804,0.00138492,1.198e-05,0.9985938,6.04e-06,1.8e-07,3.06e-06,1e-08,24390,2,0.88608018,0.4983353
461,4,25027504,0.9970117,0.00026694,0.00174123,1.26e-06,9e-06,0.9979773,2.11e-06,2.16e-06,18567,6,0.9979321,0.9975489
461,5,25027505,0.51299064,0.02178616,0.00520606,0.49800651,0.00649875,0.29836649,0.17013599,4e-08,23360,2,0.19945798,0.4982353
461,6,25027506,0.99676798,0.00054147,0.00421108,1.2e-06,1.06e-05,0.99523313,1.92e-06,6e-07,24271,6,0.58111065,0.9976989
461,7,25027507,0.96455139,0.00331483,0.00300259,0.00651404,0.00106425,0.96365786,0.02244544,9.8e-07,23239,6,0.48860702,0.997624
461,8,25027508,0.85851513,0.00309158,0.00306104,0.20142381,0.00070538,0.7749562,0.01676106,9.3e-07,19143,6,0.48977046,0.9975492
461,9,25027509,0.90749825,0.00836021,0.00511613,0.02243414,0.00412335,0.90412316,0.05576549,7.751e-05,20303,6,0.53378009,0.997948
461,10,25027510,0.59386327,0.02308657,0.00586013,0.40364183,0.00623038,0.44143075,0.11974986,4.9e-07,19655,6,0.29794526,0.9955504
462,1,25027531,0.9989674,0.00088105,0.00556759,0.0,0.00020476,0.02177232,0.0,0.97157428,21759,7,0.17422922,0.9992906
462,2,25027532,0.9990742,0.00084887,0.00766957,0.0,0.00011178,0.05803217,0.0,0.93333761,40439,7,0.24515203,0.9996202
462,3,25027533,0.99909546,0.00082461,0.00261115,0.0,9.449e-05,0.12539909,0.0,0.87107067,44031,7,0.30106746,0.9994679
462,4,25027534,0.9991045,0.00085804,0.00623717,0.0,0.00012039,0.00734641,0.0,0.98543799,32255,7,0.48723319,0.9996452
462,5,25027535,0.99890014,0.00109916,0.00489384,0.0,0.00020552,0.02803083,0.0,0.96577065,46975,7,0.20205027,0.9996452
462,6,25027536,0.9990247,0.00102638,0.01014993,0.0,0.00015734,0.01132792,0.0,0.97733844,24415,7,0.1512826,0.9996452
462,7,25027537,0.9989982,0.00089763,0.00473165,0.0,0.00014962,0.00036545,0.0,0.99385566,8151,7,0.22092894,0.9996202
462,8,25027538,0.99912435,0.00094959,0.00321411,0.0,0.00013492,0.00357235,0.0,0.99212904,53207,7,0.2958224,0.9996119
462,9,25027539,0.99915211,0.00089255,0.00441229,0.0,0.00018155,0.06966191,0.0,0.92485171,34687,7,0.3765577,0.9996452
462,10,25027540,0.99917054,0.00089767,0.00380053,0.0,0.00018097,0.02005942,0.0,0.9750614,11639,7,0.30744831,0.9995952
463,1,25027561,0.99945697,0.00062142,0.00036053,0.0,6.355e-05,0.9989253,0.0,2.92e-05,56099,6,0.79940821,6.9964501
463,2,25027562,0.9987313,0.00162913,0.00056597,0.0,0.00023498,0.65536075,0.0,0.34220917,19997,6,0.33903434,6.9964251
463,3,25027563,0.99929784,0.00072567,0.00069482,0.0,5.315e-05,0.98728749,0.0,0.01123887,44547,6,0.31311699,6.9950607
463,4,25027564,0.99516773,0.00242834,0.00072307,0.0,0.00436359,0.99248249,0.0,2.5e-06,8364,6,0.79054429,6.9949276
463,5,25027565,0.99262857,0.00688186,0.00045427,0.0,0.00658198,0.98606713,0.0,1.477e-05,18309,6,0.41305247,6.9963752
463,6,25027566,0.99483628,0.00600504,0.00099862,0.0,0.00390164,0.75794619,0.0,0.23114851,20267,6,0.7445903,6.996425
463,7,25027567,0.99515416,0.02704209,0.00423669,0.0,0.00076869,0.87536011,0.0,0.09259242,47634,6,0.2485728,6.9950773
463,8,25027568,0.99936797,0.0006673,0.00045488,0.0,2.071e-05,0.99885488,0.0,2.23e-06,20258,6,0.37511202,6.9963251
463,9,25027569,0.99370567,0.02304605,0.0003919,0.0,0.00333839,0.97322343,0.0,2.2e-07,18052,6,0.67496164,6.9949279
463,10,25027570,0.99130768,0.04167006,0.01448701,0.0,0.0062586,0.93689196,0.0,0.00069238,52012,6,0.40867546,6.9964251
464,1,25027591,0.9963112,0.00033216,0.0,2.062e-05,1.369e-05,0.99963171,1.54e-06,2.8e-07,30315,6,0.28137321,0.998023
464,2,25027592,0.99632926,0.00044751,0.0,2.071e-05,2.021e-05,0.99950972,1.52e-06,3.2e-07,24719,6,0.13442883,0.9979729
464,3,25027593,0.99663897,0.00035806,0.0,2.055e-05,1.359e-05,0.99960525,1.53e-06,1.02e-06,31341,6,0.29292271,0.9971343
464,4,25027594,0.99639411,0.00030709,0.0,2.061e-05,1.232e-05,0.99965677,1.49e-06,1.72e-06,65465,6,0.22073356,0.9971357
464,5,25027595,0.99690593,0.00043101,0.0,2.1e-05,1.41e-05,0.99953229,1.57e-06,3e-08,62743,6,0.20337783,0.9979732
464,6,25027596,0.9967598,0.00048543,0.0,2.06e-05,1.915e-05,0.99947306,1.57e-06,1.9e-07,32031,6,0.17982546,0.9982231
464,7,25027597,0.99682867,0.00031332,0.0,2.048e-05,1.116e-05,0.99964425,1.47e-06,9.32e-06,31881,6,0.25580393,0.9980232
464,8,25027598,0.99692702,0.00050926,0.0,2.064e-05,2.219e-05,0.99944606,1.5e-06,3.5e-07,59223,6,0.2408625,0.9981232
464,9,25027599,0.99650253,0.00033748,0.0,2.084e-05,1.169e-05,0.99962831,1.48e-06,1.9e-07,29081,6,0.40044973,0.998023
464,10,25027600,0.99695051,0.00027056,0.0,2.05e-05,7.46e-06,0.99969995,1.51e-06,1e-08,59977,6,0.46774158,0.9980229
465,1,25027621,0.99372316,0.01725523,0.00193593,0.0,0.00337661,0.96455445,0.00139109,0.01148668,43909,6,0.32412604,6.3559285
465,2,25027622,0.99939026,0.00069647,0.00080956,0.0,6.141e-05,0.66100415,1.13e-06,0.33742728,57260,6,0.51184368,6.3559621
465,3,25027623,0.99884632,0.00130141,0.00145706,0.0,0.00029236,0.03955295,4.5e-07,0.95739577,11789,7,0.95737629,6.3558123
465,4,25027624,0.99648768,0.00952883,0.00194621,0.0,0.00220296,0.53031218,0.00019603,0.45581379,15108,6,0.32173576,6.3570073
465,5,25027625,0.99949115,0.00056701,0.00063107,0.0,2.574e-05,0.96902694,4.6e-07,0.02974879,48661,6,0.96879871,6.3570574
465,6,25027626,0.99844749,0.00926446,0.00088928,0.0,0.00381067,0.91635218,5e-07,0.0696829,56205,6,0.64608354,6.356062
465,7,25027627,0.99944919,0.00079005,0.00057463,0.0,4.86e-05,0.99856201,1.19e-06,2.352e-05,24356,6,0.95973522,6.3570073
465,8,25027628,0.99773652,0.00206393,0.00084767,0.0,8.424e-05,0.99572152,0.00119279,8.986e-05,24460,6,0.38832602,6.3559289
465,9,25027629,0.99487184,0.00758814,0.00415558,0.0,0.00342272,0.98300248,0.00180128,2.981e-05,22404,6,0.3554079,6.3570074
465,10,25027630,0.99660629,0.03127895,0.00277779,0.0,0.00046526,0.51694317,2.194e-05,0.4485129,57125,7,0.44843103,6.3570573
466,1,25027651,0.99881062,0.00080901,0.00174759,0.0,9.06e-06,0.0,9.7e-07,0.99743337,20103,7,0.99742413,0.9990162
466,2,25027652,0.99890279,0.00089452,0.00190984,0.0,7.93e-06,0.0,1.01e-06,0.9971867,20111,7,0.99718635,0.999116
466,3,25027653,0.99905142,0.00045949,0.00168859,0.0,1.08e-05,0.0,1.81e-06,0.99783931,23175,7,0.99783869,0.9992244
466,4,25027654,0.99895005,0.00090667,0.00219,0.0,7.06e-06,0.0,1.19e-06,0.99689509,24207,7,0.99689412,0.9991659
466,5,25027655,0.99888629,0.00078591,0.00176189,0.0,1.266e-05,0.0,1.15e-06,0.99743839,24199,7,0.99743678,0.999091
466,6,25027656,0.99906602,0.00067069,0.00194285,0.0,8.06e-06,0.0,9.8e-07,0.99737741,19087,7,0.99737636,0.9992493
466,7,25027657,0.99770717,0.00120209,0.00142484,0.0,0.00028943,0.0,0.0005507,0.99653294,19079,7,0.99651225,0.9991495
466,8,25027658,0.86145534,0.05322059,0.00507742,0.0,0.03611652,0.0,0.07171726,0.83386821,19079,7,0.57181241,0.9991495
466,9,25027659,0.99906627,0.00069802,0.00166436,0.0,8.26e-06,0.0,1e-06,0.99762836,19087,7,0.99757268,0.9992493
466,10,25027660,0.99890215,0.00087311,0.00226459,0.0,9.16e-06,0.0,9.6e-07,0.99685218,20111,7,0.99685184,0.999116
467,1,25027681,0.99793858,0.00051899,0.0,0.0,6.449e-05,0.25476524,0.0,0.74465128,4063,7,0.24978214,0.9987025
467,2,25027682,0.99796098,0.00052071,0.0,0.0,7.342e-05,0.01962492,0.0,0.97978095,50551,7,0.61462104,0.9985216
467,3,25027683,0.99752902,0.0004748,0.0,0.0,6.669e-05,0.50914091,0.0,0.4903176,56639,6,0.21929181,0.9980793
467,4,25027684,0.99739368,0.00046057,0.0,0.0,5.535e-05,0.50675048,0.0,0.4927336,13631,6,0.17363877,0.9979795
467,5,25027685,0.99761842,0.00051329,0.0,0.0,6.842e-05,0.12685475,0.0,0.87256354,14207,7,0.14319429,0.9987526
467,6,25027686,0.99798625,0.00053829,0.0,0.0,7.681e-05,0.0473989,0.0,0.951986,53207,7,0.27523945,0.9987192
467,7,25027687,0.99772923,0.00050636,0.0,0.0,6.27e-05,0.56068704,0.0,0.4387439,58655,6,0.20493333,0.9987525
467,8,25027688,0.99775484,0.00048491,0.0,0.0,7.132e-05,0.23238995,0.0,0.76705383,54783,7,0.26558149,0.9987525
467,9,25027689,0.99765668,0.00051482,0.0,0.0,5.729e-05,0.30974374,0.0,0.68968415,12127,7,0.28446629,0.9987025
467,10,25027690,0.99792849,0.00049042,0.0,0.0,7.672e-05,0.17533567,0.0,0.82409719,40447,7,0.40548213,0.9987525
468,1,25027711,0.9970989,0.01337693,0.01478533,0.0,2.229e-05,0.97180782,0.0,7.62e-06,8868,6,0.66535227,9.2240596
468,2,25027712,0.99014483,0.05582777,0.03297902,0.0,0.00157853,0.90955886,0.0,5.581e-05,20124,6,0.34055291,9.2241585
468,3,25027713,0.90798304,0.64511245,0.35487243,0.0,1.067e-05,4.19e-06,0.0,2.7e-07,47203,4,0.35479915,9.2242338
468,4,25027714,0.99948573,0.0002089,0.00046378,0.0,5.14e-06,0.99932205,0.0,1.2e-07,8436,6,0.99931557,9.2259022
468,5,25027715,0.89551039,0.66916013,0.32941023,0.0,0.00142472,4.55e-06,0.0,3.7e-07,55394,4,0.32938938,9.2242089
468,6,25027716,0.99948514,0.00019565,5.641e-05,0.0,5.2e-06,0.99974261,0.0,1.3e-07,8948,6,0.99958221,9.225902
468,7,25027717,0.99931931,0.00051741,3.209e-05,0.0,1.848e-05,0.99935827,0.0,7.375e-05,11933,6,0.40407158,9.2243088
468,8,25027718,0.94690454,0.32560411,0.18978522,0.0,0.01155148,0.41467504,0.0,0.05838415,47914,6,0.29258965,9.2260354
468,9,25027719,0.99901462,0.00222692,0.00240324,0.0,0.00047796,0.99487028,0.0,2.16e-05,51747,6,0.51607336,9.2241923
468,10,25027720,0.99932863,0.00055473,4.712e-05,0.0,3.329e-05,0.99933268,0.0,3.218e-05,47642,6,0.30212624,9.2242587
469,1,25027741,0.99711366,0.00038883,0.0,2.043e-05,1.033e-05,0.9995788,1.6e-06,1e-08,58989,6,0.27724319,0.9982693
469,2,25027742,0.99660591,0.00026196,0.0,1.946e-05,4.4e-06,0.99971256,1.61e-06,1e-08,33805,6,0.30606244,0.9980696
469,3,25027743,0.9971699,0.0003096,0.0,1.963e-05,1.396e-05,0.99965217,1.61e-06,3.04e-06,39499,6,0.38025441,0.9980684
469,4,25027744,0.99702807,0.00031255,0.0,1.996e-05,8.25e-06,0.99965756,1.62e-06,7e-08,40521,6,0.50334039,0.9980691
469,5,25027745,0.99714667,0.00049073,0.0,2.056e-05,1.776e-05,0.99946726,1.67e-06,2.02e-06,22943,6,0.21126718,0.9984692
469,6,25027746,0.99608171,0.00032923,0.0,1.978e-05,9.53e-06,0.99963917,1.63e-06,6.7e-07,55433,6,0.37964889,0.996541
469,7,25027747,0.99676284,0.0002703,0.0,1.96e-05,5.74e-06,0.99970269,1.65e-06,3e-08,39947,6,0.30964824,0.998069
469,8,25027748,0.99680592,0.00022674,0.0,1.95e-05,6.15e-06,0.99974597,1.62e-06,2e-08,36937,6,0.64910485,0.9980696
469,9,25027749,0.99712326,0.00045565,0.0,2.049e-05,2.048e-05,0.99949911,1.68e-06,2.6e-06,62031,6,0.40271446,0.9982697
469,10,25027750,0.99682574,0.00022028,0.0,1.941e-05,1.018e-05,0.99973265,1.64e-06,1.583e-05,33961,6,0.44650472,0.9980691
470,1,25027771,0.99943829,0.00080739,0.00061786,0.0,4.002e-05,0.0,1.4e-06,0.99853333,24453,7,0.47318949,2.2378021
470,2,25027772,0.99951896,0.00091339,0.00043538,0.0,4.82e-05,0.0,2.11e-06,0.99860092,53037,7,0.44971803,2.2381743
470,3,25027773,0.99648176,0.00494009,0.00094186,0.0,0.00538158,0.0,0.00148259,0.98725389,24109,7,0.78173577,2.237727
470,4,25027774,0.9995696,0.00058964,0.00035659,0.0,3.115e-05,0.0,1.33e-06,0.99902129,12077,7,0.99897496,2.2380743
470,5,25027775,0.99940517,0.00077109,0.00078436,0.0,2.982e-05,0.0,1.35e-06,0.99841337,20397,7,0.99839955,2.237777
470,6,25027776,0.99947187,0.00061766,0.00063832,0.0,4.57e-05,0.0,1.38e-06,0.99869694,49061,7,0.86051026,2.237827
470,7,25027777,0.99940845,0.00063325,0.00063434,0.0,3.039e-05,0.0,1.38e-06,0.99870064,15885,7,0.99864157,2.2377271
470,8,25027778,0.98708321,0.00943621,0.00250056,0.0,0.01212696,0.0,0.01235718,0.96357909,12205,7,0.33225664,2.237777
470,9,25027779,0.99879974,0.00115509,0.00113259,0.0,0.00038652,0.0,0.00078474,0.99654105,24365,7,0.55555339,2.2381243
470,10,25027780,0.99940942,0.00080098,0.00053505,0.0,4.3e-05,0.0,1.4e-06,0.99861957,12197,7,0.99853203,2.237727
471,1,25027801,0.99694423,0.00337661,0.00666243,0.0,0.00213812,0.98781617,5.8e-07,6.09e-06,23429,6,0.53673622,5.2257555
471,2,25027802,0.99522156,0.01076212,0.00261278,0.0,0.00169911,0.36999308,0.0012658,0.61366712,18946,7,0.32090168,5.2254812
471,3,25027803,0.99786368,0.00251605,0.00222345,0.0,0.00080632,0.74129506,0.00056214,0.25259699,19234,6,0.74126395,5.2265252
471,4,25027804,0.9958437,0.0078174,0.00163435,0.0,0.00083046,0.2774517,0.00088685,0.71137925,20362,7,0.22925648,5.2255807
471,5,25027805,0.9897054,0.0214876,0.0019699,0.0,0.01202435,0.49225207,0.00010699,0.47215909,20362,7,0.29070796,5.2255807
471,6,25027806,0.99925833,0.00072676,0.00104598,0.0,7.589e-05,0.99812929,4.2e-07,2.166e-05,23429,6,0.89152893,5.2257555
471,7,25027807,0.99699718,0.01024178,0.00165586,0.0,0.0011704,0.53332377,0.00010627,0.45350193,23309,7,0.45349447,5.226675
471,8,25027808,0.99610019,0.03147185,0.001251,0.0,0.00239913,0.40555218,3.567e-05,0.55929017,19243,6,0.40527405,5.2266252
471,9,25027809,0.99904161,0.00143422,0.00061747,0.0,0.00029325,0.99731491,0.00012631,0.00021385,57093,6,0.53846454,5.2266501
471,10,25027810,0.98808431,0.09264642,0.00267019,0.0,0.00293278,0.87741713,0.00109594,0.02323754,23332,6,0.37244839,5.2266002
472,1,25027831,0.99643423,0.00034643,0.0,2.223e-05,3.552e-05,0.91571884,0.0,0.08387698,40375,6,0.23128039,0.9980572
472,2,25027832,0.99602953,0.00037703,0.0,2.222e-05,4.203e-05,0.6079052,0.0,0.39165353,39593,6,0.19415582,0.9958663
472,3,25027833,0.99669297,0.00015798,0.0,2.21e-05,6.79e-06,0.99981076,0.0,2.36e-06,58745,6,0.62200009,0.9977323
472,4,25027834,0.99686586,0.00015979,0.0,2.206e-05,1.033e-05,0.99980552,0.0,2.3e-06,30201,6,0.9982317,0.9979317
472,5,25027835,0.99675499,0.00038902,0.0,2.204e-05,4.697e-05,0.9056043,0.0,0.09393768,40651,6,0.64843765,0.9977311
472,6,25027836,0.9967813,0.00041172,0.0,2.201e-05,5.456e-05,0.57762882,0.0,0.42188289,5559,6,0.29331408,0.998007
472,7,25027837,0.99590059,0.00036331,0.0,2.194e-05,3.162e-05,0.80991912,0.0,0.18966401,31435,6,0.185204,0.9979317
472,8,25027838,0.99709686,0.00043781,0.0,2.228e-05,5.986e-05,0.6681865,0.0,0.33129355,25055,6,0.37106106,0.9980819
472,9,25027839,0.99622235,0.00034957,0.0,2.213e-05,3.826e-05,0.79320703,0.0,0.20638301,62361,6,0.24926593,0.9969987
472,10,25027840,0.99682654,0.0002929,0.0,2.214e-05,2.521e-05,0.92188526,0.0,0.07777449,24057,6,0.44509244,0.9979321
473,1,25027861,0.98525883,0.03613114,0.00190357,0.0,0.00158155,0.96038227,0.0,1.46e-06,17083,6,0.41497363,8.8491997
473,2,25027862,0.9704908,0.08161395,0.00036597,0.0,1.505e-05,0.91799583,0.0,9.21e-06,20731,6,0.6650212,8.8492497
473,3,25027863,0.99945902,0.00031751,3.36e-06,0.0,1.398e-05,0.99966011,0.0,5.04e-06,13973,6,0.99939442,8.8491997
473,4,25027864,0.99940192,0.00054827,4.674e-05,0.0,1.345e-05,0.99938788,0.0,3.66e-06,18307,6,0.82323854,8.8491497
473,5,25027865,0.99947604,0.00043742,4.76e-06,0.0,5.93e-06,0.99955175,0.0,1.3e-07,54939,6,0.99914251,8.8492996
473,6,25027866,0.99935391,0.00049834,0.00021518,0.0,3.492e-05,0.6830164,0.0,0.31623517,16301,7,0.31623098,8.8476816
473,7,25027867,0.99936599,0.00037603,5.47e-06,0.0,3.461e-05,0.99958127,0.0,2.63e-06,13970,6,0.56283947,8.8491747
473,8,25027868,0.67187978,0.99996558,1.151e-05,0.0,1.812e-05,4.66e-06,0.0,1.3e-07,24827,0,0.52837228,6.2342116
473,9,25027869,0.99929072,0.00077127,0.00047451,0.0,5.239e-05,0.80778483,0.0,0.190917,52098,6,0.28219835,8.8475309
473,10,25027870,0.99667045,0.0067996,0.00186614,0.0,0.00139104,0.33039911,0.0,0.65954411,20397,7,0.28964595,8.8475813
474,1,25027891,0.70858534,0.01437899,0.00312372,0.23437088,0.0090001,0.58871125,0.15041333,1.72e-06,18255,6,0.24342141,0.9978459
474,2,25027892,0.92522255,0.01582159,0.00236417,0.00195382,0.00572788,0.87001749,0.04995035,0.0541647,22671,6,0.44821816,0.9981366
474,3,25027893,0.91257628,0.00539048,0.00194085,0.16906903,0.00229753,0.23039773,0.02066209,0.57024228,19079,7,0.57024101,0.9972061
474,4,25027894,0.83623611,0.01478705,0.00234511,0.04500974,0.00505766,0.81899632,0.11380395,1.7e-07,23111,6,0.50149269,0.9972809
474,5,25027895,0.89120908,0.02018065,0.00259362,0.03919488,0.01365798,0.86953121,0.05484105,6.1e-07,23687,6,0.41644418,0.9980616
474,6,25027896,0.90604616,0.00922288,0.00205902,0.01892052,0.01101269,0.90292663,0.05585523,3.03e-06,18567,6,0.88162793,0.9979869
474,7,25027897,0.91662336,0.00121827,0.00094457,0.14479359,0.00090654,0.84526063,0.00681255,6.385e-05,18567,6,0.71775996,0.9979869
474,8,25027898,0.61674112,0.01474686,0.00140111,0.77661121,0.00430726,0.06236846,0.09564987,0.04491523,23112,2,0.67255568,0.6646156
474,9,25027899,0.67739248,0.01935256,0.00310202,0.33211081,0.01300498,0.2778197,0.15810606,0.19650387,23368,2,0.24238625,0.6652248
474,10,25027900,0.82516598,0.01586676,0.00306641,0.02394942,0.01200235,0.81326893,0.13184045,5.69e-06,22735,6,0.36546564,0.9981364
475,1,25027921,0.99842797,0.00050463,0.00152457,0.0,8.078e-05,0.34906783,0.0,0.64882219,40375,6,0.19218738,0.9991304
475,2,25027922,0.99820259,0.00085732,0.00366305,0.0,0.00011766,0.38757027,0.0,0.60779171,30143,6,0.2163906,0.9992053
475,3,25027923,0.99817661,0.00076857,0.00489287,0.0,7.774e-05,0.18864451,0.0,0.80561631,22519,7,0.31211096,0.9991803
475,4,25027924,0.99834178,0.00054616,0.00194831,0.0,8.108e-05,0.12844068,0.0,0.86898376,3575,7,0.49536126,0.9991553
475,5,25027925,0.99837319,0.00056017,0.00199894,0.0,7.978e-05,0.04756992,0.0,0.94979119,38271,7,0.16877518,0.9992053
475,6,25027926,0.99849535,0.00050908,0.00215919,0.0,7.574e-05,0.30932417,0.0,0.68793183,63359,7,0.40587416,0.9992053
475,7,25027927,0.99836666,0.00065353,0.00253335,0.0,0.00010294,0.23169124,0.0,0.76501894,14335,7,0.2216231,0.9992053
475,8,25027928,0.99817771,0.00095224,0.00618874,0.0,7.956e-05,0.13273261,0.0,0.86004685,53087,7,0.22014955,0.9992053
475,9,25027929,0.99828091,0.00066955,0.0067631,0.0,9.977e-05,0.45147437,0.0,0.54099322,58815,6,0.22219665,0.9992053
475,10,25027930,0.99834788,0.00062404,0.00639163,0.0,7.225e-05,0.23620069,0.0,0.7567114,38775,7,0.31686689,0.9991553
476,1,25027951,0.99943591,0.00070697,0.00047328,0.0,2.612e-05,0.73734394,0.0,0.26144969,24363,6,0.55814051,9.1884693
476,2,25027952,0.98601268,0.0273547,0.00077999,0.0,3.964e-05,0.97181459,0.0,1.108e-05,18053,6,0.52671046,9.1865343
476,3,25027953,0.99599254,0.00664897,0.00190852,0.0,0.00184291,0.9895897,0.0,9.9e-06,43778,6,0.42078016,9.188386
476,4,25027954,0.99616202,0.00565429,0.00199827,0.0,0.00227521,0.99004034,0.0,3.19e-05,53125,6,0.35419831,9.1867504
476,5,25027955,0.64467854,0.99997079,8.4e-06,0.0,1.658e-05,4.09e-06,0.0,1.3e-07,8292,0,0.50265613,4.5959973
476,6,25027956,0.99802362,0.0026842,0.00044539,0.0,0.00079744,0.99606796,0.0,5e-06,48899,6,0.37443186,9.1884445
476,7,25027957,0.99940405,0.00128446,4.014e-05,0.0,1.383e-05,0.99866131,0.0,2.6e-07,21956,6,0.99833678,9.1883945
476,8,25027958,0.99945568,0.00031223,1.008e-05,0.0,1.041e-05,0.99966708,0.0,2e-07,23645,6,0.77828045,9.1884695
476,9,25027959,0.8466886,0.31706815,0.0037924,0.0,0.00150111,0.67758479,0.0,5.355e-05,12077,6,0.37024309,9.1884193
476,10,25027960,0.99346324,0.05427059,0.01229299,0.0,0.00342715,0.92996499,0.0,4.428e-05,51715,6,0.42210992,9.1866168
477,1,25027981,0.99607535,0.00017635,0.0,2.062e-05,6.44e-06,0.99979106,1.5e-06,4.02e-06,34649,6,0.39673816,0.9976153
477,2,25027982,0.9966245,0.00042044,0.0,2.095e-05,1.068e-05,0.99954536,1.59e-06,9.8e-07,39191,6,0.36882645,0.9977648
477,3,25027983,0.99681018,0.00034433,0.0,2.061e-05,1.208e-05,0.99962147,1.51e-06,1e-08,30731,6,0.43581283,0.9978149
477,4,25027984,0.99609729,0.00045668,0.0,2.072e-05,1.893e-05,0.99949543,1.53e-06,6.7e-06,64207,6,0.13253,0.9978153
477,5,25027985,0.99608791,0.00033374,0.0,2.071e-05,1.636e-05,0.99962606,1.53e-06,1.6e-06,37583,6,0.34484671,0.9976146
477,6,25027986,0.99636556,0.00040268,0.0,2.048e-05,2.232e-05,0.99955272,1.51e-06,2.8e-07,34955,6,0.42800732,0.9976146
477,7,25027987,0.99606134,0.0002751,0.0,2.051e-05,8.19e-06,0.99969465,1.55e-06,1e-08,31755,6,0.59727962,0.9978147
477,8,25027988,0.99622462,0.00042818,0.0,2.077e-05,1.89e-05,0.99953002,1.54e-06,5.9e-07,37703,6,0.20289776,0.9957826
477,9,25027989,0.99662592,0.00037346,0.0,2.103e-05,1.696e-05,0.99958341,1.53e-06,3.62e-06,29015,6,0.36809195,0.9977651
477,10,25027990,0.99659686,0.00018281,0.0,2.079e-05,7.51e-06,0.99978735,1.53e-06,1e-08,65529,6,0.4476366,0.9978153
478,1,25028011,0.99368661,0.02090412,0.00150826,0.0,0.00521132,0.97224511,4.95e-06,0.00012625,11181,6,0.55628622,5.6576007
478,2,25028012,0.99453554,0.01218635,0.00464906,0.0,0.00719311,0.51781682,0.00023513,0.45791953,57260,6,0.51751372,5.6576505
478,3,25028013,0.99951088,0.00072243,0.00036813,0.0,3.215e-05,0.99871386,5.1e-07,0.00016292,43789,6,0.99816728,5.6586811
478,4,25028014,0.99741507,0.0058291,0.00178053,0.0,0.00179157,0.15658931,0.00045907,0.83355043,20389,7,0.83350047,5.6575504
478,5,25028015,0.98343244,0.01983434,0.00132502,0.0,0.01554192,0.16896872,0.00180712,0.79252287,49069,7,0.383539,5.6577506
478,6,25028016,0.99835959,0.00341473,0.00156321,0.0,0.0003152,0.35692601,0.00053989,0.63724097,48909,7,0.63719013,5.6586812
478,7,25028017,0.99915896,0.0006996,0.00141389,0.0,0.00035056,0.47963241,5.3e-07,0.51790301,44941,7,0.51789118,5.6577508
478,8,25028018,0.98542039,0.01550456,0.00175678,0.0,0.00869226,0.35865179,0.00623551,0.6091591,53005,7,0.60903339,5.6586812
478,9,25028019,0.98495653,0.02805017,0.02233774,0.0,0.00807853,0.93952247,0.00168135,0.00032973,16172,6,0.38676809,5.6585812
478,10,25028020,0.99923634,0.00081409,0.00060679,0.0,4.856e-05,0.56469338,2.11e-06,0.43383507,16260,6,0.37099706,5.6575756
479,1,25028041,0.99658486,0.00410751,0.00175025,0.0,0.00447201,0.0,0.00053667,0.98913357,20227,7,0.6318324,2.4732819
479,2,25028042,0.99877892,0.00101306,0.0007805,0.0,0.00027025,0.0,0.00032235,0.99761384,23299,7,0.60014705,2.4733318
479,3,25028043,0.99430122,0.01628389,0.00113116,0.0,0.01368598,0.0,0.00111158,0.9677874,24066,7,0.54632762,2.4728377
479,4,25028044,0.9994134,0.00075813,0.00089526,0.0,2.843e-05,0.0,7.1e-07,0.99831746,19978,7,0.52990243,2.472738
479,5,25028045,0.99946588,0.00082279,0.00103297,0.0,3.394e-05,0.0,7.2e-07,0.99810959,19204,7,0.74540467,2.4732319
479,6,25028046,0.99808356,0.0031554,0.00073116,0.0,0.00326943,0.0,0.0005309,0.99231311,18949,7,0.65778811,2.4727878
479,7,25028047,0.99919058,0.00102347,0.00110997,0.0,0.0002815,0.0,7.3e-07,0.99758432,19210,7,0.68510441,2.4732319
479,8,25028048,0.9888602,0.01173602,0.00198512,0.0,0.01257949,0.0,0.00295468,0.97074469,19330,7,0.56121224,2.4728374
479,9,25028049,0.99360932,0.0073083,0.00133671,0.0,0.0039017,0.0,0.00192437,0.98552892,24323,7,0.93138717,2.4733318
479,10,25028050,0.9993797,0.00068356,0.00063275,0.0,3.797e-05,0.0,7.2e-07,0.998645,24075,7,0.69455131,2.4729376
480,1,25028071,0.99681062,0.00035397,0.0,2.198e-05,4.431e-05,0.73346734,0.0,0.2661124,40247,6,0.3117388,0.9980971
480,2,25028072,0.99690809,0.00044129,0.0,2.217e-05,6.084e-05,0.26672684,0.0,0.73274887,7679,7,0.20357254,0.9982471
480,3,25028073,0.99672139,0.00046738,0.0,2.231e-05,6.541e-05,0.24127118,0.0,0.75817373,47959,7,0.1419526,0.9982219
480,4,25028074,0.99672518,0.00024093,0.0,2.228e-05,2.86e-05,0.765971,0.0,0.23373719,58809,6,0.74098677,0.9978469
480,5,25028075,0.99697918,0.00045522,0.0,2.205e-05,6.626e-05,0.48766308,0.0,0.5117934,50623,6,0.28950545,0.998247
480,6,25028076,0.99718334,0.00046982,0.0,2.216e-05,7.151e-05,0.15843918,0.0,0.84099733,8063,7,0.37747421,0.9982473
480,7,25028077,0.99686985,0.00047565,0.0,2.222e-05,6.67e-05,0.38778639,0.0,0.61164904,39895,7,0.27047857,0.9981723
480,8,25028078,0.99675539,0.00043501,0.0,2.209e-05,5.555e-05,0.48075769,0.0,0.51872965,14199,7,0.22760901,0.9980121
480,9,25028079,0.99665178,0.00023663,0.0,2.197e-05,2.501e-05,0.95224557,0.0,0.04747081,22521,6,0.6288587,0.9980471
480,10,25028080,0.99688954,0.00043305,0.0,2.219e-05,5.436e-05,0.4335829,0.0,0.56590749,52599,7,0.14314401,0.9982137
481,1,25028101,0.97342028,0.26878362,0.34098441,0.0,3.175e-05,0.39020006,0.0,1.7e-07,49403,6,0.39018823,10.8333694
481,2,25028102,0.95918825,0.48475623,0.51522912,0.0,9.23e-06,5.05e-06,0.0,3.6e-07,55869,4,0.43764896,10.8333694
481,3,25028103,0.95468467,0.50899237,0.49099257,0.0,1.068e-05,4.2e-06,0.0,1.8e-07,14587,4,0.49092491,10.8313553
481,4,25028104,0.97515498,0.26626184,0.25686691,0.0,2.379e-05,0.26223298,0.0,0.21461448,43771,4,0.23851982,10.831405
481,5,25028105,0.98888204,0.09886428,0.15673223,0.0,0.00021112,0.74419176,0.0,6.1e-07,53435,6,0.49567621,10.8333692
481,6,25028106,0.9542948,0.50103661,0.49894851,0.0,9.31e-06,5.14e-06,0.0,4.3e-07,43581,4,0.49883858,10.8333694
481,7,25028107,0.99937501,0.00059899,0.00010104,0.0,3.244e-05,0.99923079,0.0,3.674e-05,23330,6,0.49008614,10.8332445
481,8,25028108,0.99824595,0.01265342,0.01538515,0.0,2.948e-05,0.94426428,0.0,0.02766767,22164,6,0.61987991,10.8332445
481,9,25028109,0.93551562,0.58108046,0.4189054,0.0,9.43e-06,4.4e-06,0.0,3e-07,14820,4,0.41888843,10.8312299
481,10,25028110,0.95457611,0.52099855,0.47898747,0.0,9.41e-06,4.22e-06,0.0,3.5e-07,47588,4,0.47896904,10.831255
482,1,25028131,0.90254696,0.01585475,0.00475868,0.04113757,0.00111427,0.8569567,0.03904275,0.04113528,20303,6,0.42020348,0.9969661
482,2,25028132,0.80880357,0.00523687,0.00151343,0.33074051,2.953e-05,0.64807774,0.01440151,4.1e-07,19143,6,0.49027769,0.9965676
482,3,25028133,0.94336786,0.00638588,0.0024585,4.35e-06,0.0018314,0.94543599,0.04388321,6.9e-07,32809,6,0.17138623,0.9973622
482,4,25028134,0.96912521,0.00278097,0.00438812,0.00915315,0.00014706,0.96847758,0.0150518,1.32e-06,18831,6,0.5285917,0.9951772
482,5,25028135,0.85137236,0.00339551,0.00215345,0.38435709,0.00012301,0.59689418,0.01307548,1.28e-06,23112,2,0.38415993,0.662723
482,6,25028136,0.70080006,0.00198639,0.00114363,0.6229814,0.00251412,0.3704916,0.00088234,5.2e-07,6982,2,0.49225328,0.4972539
482,7,25028137,0.99710074,0.00032328,0.00059763,1.74e-06,4.5e-06,0.99906878,4.07e-06,1e-08,34829,6,0.82386316,0.9981072
482,8,25028138,0.91706881,0.00565177,0.00354023,0.02714334,0.00090821,0.91852863,0.04422773,1e-07,18375,6,0.31466659,0.9969658
482,9,25028139,0.73139558,0.0032299,0.00039165,0.71993927,0.00277875,0.25555622,0.01810332,9e-07,23374,2,0.71733341,0.6638714
482,10,25028140,0.5983788,0.00551635,0.00179691,0.71272622,0.00147346,0.25235651,0.02613012,4.5e-07,8006,2,0.6521562,0.4973037
483,1,25028161,0.99956504,0.00103382,0.00469958,0.0,0.00030143,0.0,0.0,0.99396517,63359,7,0.26127994,0.9998535
483,2,25028162,0.99956706,0.00104437,0.00394815,0.0,0.0001483,0.0,0.0,0.99485917,22399,7,0.22969411,0.9998535
483,3,25028163,0.99970872,0.00093214,0.00509708,0.0,0.00016321,0.0,0.0,0.99380757,36863,7,0.24115659,0.9998535
483,4,25028164,0.99960036,0.00091433,0.00384461,0.0,0.00023861,0.0,0.0,0.99500245,10111,7,0.15322718,0.9997292
483,5,25028165,0.99953304,0.00126947,0.00408685,0.0,0.00019213,0.0,0.0,0.99445155,25983,7,0.28125286,0.9998035
483,6,25028166,0.99947183,0.00135549,0.00340557,0.0,0.00021895,0.0,0.0,0.99501999,36735,7,0.34498746,0.9998535
483,7,25028167,0.99962659,0.00083119,0.00255137,0.0,0.0001624,0.0,0.0,0.99645505,9591,7,0.25074214,0.999667
483,8,25028168,0.99952343,0.00112172,0.00469601,0.0,0.00019035,0.0,0.0,0.99399191,38391,7,0.42360153,0.9998285
483,9,25028169,0.99968132,0.00086157,0.00273708,0.0,0.00017735,0.0,0.0,0.99622399,44927,7,0.2643466,0.9998535
483,10,25028170,0.99967876,0.00086256,0.00207661,0.0,0.00014913,0.0,0.0,0.99691171,19839,7,0.3722135,0.9998035
484,1,25028191,0.98920703,0.0293479,0.00591958,0.0,0.00703163,0.65393624,0.00036512,0.30339953,56106,6,0.20119297,8.0326651
484,2,25028192,0.99102482,0.01382963,0.00989994,0.0,0.00551789,0.96892468,0.0014938,0.00033405,51971,6,0.40403179,8.0326316
484,3,25028193,0.99300224,0.01424275,0.00223612,0.0,0.004354,0.43709383,0.0006084,0.54146489,18956,7,0.54138063,8.0309273
484,4,25028194,0.99946862,0.00077736,0.0004214,0.0,3.287e-05,0.99872549,1.8e-07,4.27e-05,23341,6,0.99858718,8.0326817
484,5,25028195,0.99904209,0.00127951,0.00051557,0.0,0.00042756,0.77137618,2.8e-07,0.2264009,23332,6,0.40654164,8.0326068
484,6,25028196,0.99810625,0.00191098,0.00217804,0.0,0.00065077,0.80704762,0.00067213,0.18754046,20010,6,0.39918515,8.030927
484,7,25028197,0.99825354,0.00222764,0.00129418,0.0,0.00041606,0.81623246,3.1e-07,0.17982935,24098,6,0.34799326,8.0310266
484,8,25028198,0.9884517,0.02245133,0.00382696,0.0,0.00167283,0.31258751,0.00221519,0.65724618,23301,7,0.46325827,8.0326316
484,9,25028199,0.99773559,0.01961045,0.00099905,0.0,0.00117959,0.60934342,4.6e-07,0.36886703,53036,6,0.57985294,8.0326316
484,10,25028200,0.99596001,0.00700637,0.00268743,0.0,0.00354654,0.98664118,7e-07,0.00011778,52002,6,0.86960258,8.0325985
485,1,25028221,0.99613768,0.00038888,0.0,2.201e-05,2.389e-05,0.92634864,0.0,0.07321657,32365,6,0.51416529,0.9974871
485,2,25028222,0.99605648,0.00048017,0.0,2.228e-05,6.536e-05,0.05931622,0.0,0.94011598,28535,7,0.48071467,0.9976383
485,3,25028223,0.99634278,0.00019486,0.0,2.213e-05,1.283e-05,0.99976157,0.0,8.6e-06,38297,6,0.9522283,0.9974873
485,4,25028224,0.99622772,0.00034044,0.0,2.223e-05,4.491e-05,0.5402458,0.0,0.45934662,35017,6,0.38630676,0.9972883
485,5,25028225,0.99572235,0.0003916,0.0,2.209e-05,4.565e-05,0.66633072,0.0,0.33320994,26763,6,0.23739636,0.9974379
485,6,25028226,0.99563964,0.00046088,0.0,2.217e-05,6.165e-05,0.41410378,0.0,0.58535153,26463,7,0.21295649,0.9976382
485,7,25028227,0.99575995,0.00043382,0.0,2.239e-05,5.653e-05,0.42084697,0.0,0.57864029,61911,6,0.1819209,0.9974377
485,8,25028228,0.99589515,0.00024898,0.0,2.206e-05,1.451e-05,0.77687225,0.0,0.2228422,59865,6,0.31133159,0.9972884
485,9,25028229,0.9962286,0.00038495,0.0,2.229e-05,4.889e-05,0.59684335,0.0,0.40270052,34807,7,0.38754979,0.997655
485,10,25028230,0.99566519,0.00045765,0.0,2.225e-05,5.728e-05,0.51786946,0.0,0.48159336,15191,7,0.18629549,0.9976629
486,1,25028251,0.99159411,0.02293304,0.00261628,0.0,0.00301372,0.9713019,0.0,0.00013506,20268,6,0.36498637,9.2927698
486,2,25028252,0.99781158,0.0069453,0.00161209,0.0,0.00010597,0.9033425,0.0,0.08799414,43789,6,0.31315609,9.2929697
486,3,25028253,0.99803753,0.00321752,0.00020242,0.0,0.00146828,0.99507829,0.0,3.349e-05,47013,6,0.43699871,9.2912134
486,4,25028254,0.99927996,0.00061253,0.00022002,0.0,9.73e-06,0.99915749,0.0,2.3e-07,20125,6,0.99885732,9.2911632
486,5,25028255,0.99781379,0.00504072,0.00157838,0.0,0.00103192,0.6339085,0.0,0.35844048,44565,6,0.49917008,9.2928699
486,6,25028256,0.99049123,0.01441374,0.00096211,0.0,0.00698477,0.97761021,0.0,2.917e-05,47019,6,0.53955291,9.2913136
486,7,25028257,0.98869704,0.00879055,0.00090917,0.0,0.01127038,0.78649255,0.0,0.19253735,57252,6,0.31278305,9.2911629
486,8,25028258,0.9994236,0.00032616,4.83e-05,0.0,2.393e-05,0.99960134,0.0,2.7e-07,44356,6,0.85824987,9.2928366
486,9,25028259,0.99927533,0.00067631,0.00066183,0.0,3.889e-05,0.523625,0.0,0.47499797,24100,6,0.47161908,9.2910128
486,10,25028260,0.99857366,0.00190373,0.00076984,0.0,0.00028539,0.93967892,0.0,0.05736213,44365,6,0.90210553,9.2929698
487,1,25028281,0.99802031,0.00047081,0.00177362,0.0,1.069e-05,0.0,1.78e-06,0.9977431,23183,7,0.9149105,0.9983497
487,2,25028282,0.79604364,0.0138441,0.00329384,0.0,0.0218069,0.0,0.16908735,0.79196781,24207,7,0.63809837,0.9979003
487,3,25028283,0.78172765,0.02032546,0.00326219,0.0,0.0193624,0.0,0.17870656,0.77834339,19087,7,0.40660294,0.9982998
487,4,25028284,0.57295317,0.02929665,0.00336499,0.0,0.04150009,0.0,0.36041318,0.5654251,23175,7,0.56524388,0.9982749
487,5,25028285,0.99756101,0.00058932,0.0029178,0.0,5.07e-06,0.0,2.34e-06,0.99648548,20111,7,0.99648408,0.9978504
487,6,25028286,0.99806095,0.00045187,0.00214011,0.0,5.71e-06,0.0,2.59e-06,0.9973997,23183,7,0.99739924,0.9983497
487,7,25028287,0.99806795,0.00046828,0.00187879,0.0,4.38e-06,0.0,2.15e-06,0.99764639,23183,7,0.99759493,0.9983497
487,8,25028288,0.20081795,0.07739358,0.00559625,0.0,0.06847978,0.0,0.66474808,0.18378231,20103,7,0.18378217,0.9977507
487,9,25028289,0.39882671,0.04276282,0.00456617,0.0,0.04951074,0.0,0.52113498,0.38202529,19087,7,0.38201092,0.9982998
487,10,25028290,0.99806662,0.00047033,0.00174478,0.0,5.21e-06,0.0,2.85e-06,0.99777684,23183,7,0.99776061,0.9983497
488,1,25028311,0.99745214,0.00053284,0.00265464,0.0,6.983e-05,0.09287573,0.0,0.90386697,22015,7,0.37778099,0.9986032
488,2,25028312,0.99701362,0.00083434,0.00204009,0.0,8.439e-05,0.20289137,0.0,0.79414981,40823,7,0.20483569,0.9985783
488,3,25028313,0.99705456,0.00048128,0.00345245,0.0,9.517e-05,0.17886912,0.0,0.81710199,36863,7,0.15250725,0.9986033
488,4,25028314,0.99726395,0.0006291,0.00346386,0.0,9.587e-05,0.08958713,0.0,0.90622404,54775,7,0.40840645,0.9985782
488,5,25028315,0.99789948,0.0005044,0.00152377,0.0,7.334e-05,0.00079921,0.0,0.99709927,24567,7,0.39927591,0.9985784
488,6,25028316,0.99728345,0.00061228,0.00290115,0.0,6.902e-05,0.15245287,0.0,0.84396467,3575,7,0.41729434,0.9985532
488,7,25028317,0.99713434,0.00073851,0.00521429,0.0,6.306e-05,0.1584867,0.0,0.83549744,14303,7,0.16288395,0.9986032
488,8,25028318,0.99727299,0.00050933,0.00165459,0.0,6.934e-05,0.26515719,0.0,0.73260956,46911,6,0.23888178,0.9975778
488,9,25028319,0.99668135,0.00095757,0.0019059,0.0,0.00010017,0.62508498,0.0,0.37195139,22463,6,0.20615194,0.9979053
488,10,25028320,0.99751981,0.00046895,0.00162179,0.0,6.366e-05,0.0007706,0.0,0.997075,40767,7,0.2972675,0.9979053
489,1,25028341,0.82406913,0.94670409,0.00078204,0.0,0.00054649,0.05196704,0.0,3.5e-07,50884,0,0.16981262,6.2398843
489,2,25028342,0.97843966,0.08865412,0.01860228,0.0,0.00136919,0.86974015,0.0,0.02163427,56077,6,0.34306493,12.0584651
489,3,25028343,0.99945717,0.00054525,2.471e-05,0.0,3.539e-05,0.99892222,0.0,0.00047243,48939,6,0.99807015,12.0584651
489,4,25028344,0.79687192,0.96500217,0.0170688,0.0,0.01792259,5.95e-06,0.0,4.9e-07,52492,0,0.085467,6.1566793
489,5,25028345,0.73083276,0.93374863,0.00153674,0.0,0.06470685,7.04e-06,0.0,7.4e-07,53613,0,0.32362409,8.7580461
489,6,25028346,0.99818393,0.00515248,0.00162845,0.0,0.0002042,0.99301476,0.0,1.2e-07,8421,6,0.64801997,12.0559069
489,7,25028347,0.83574134,0.70048184,0.29950423,0.0,1.045e-05,3.36e-06,0.0,1.3e-07,8416,0,0.69961766,8.0409867
489,8,25028348,0.99930839,0.00061568,7.329e-05,0.0,2.092e-05,0.99928879,0.0,1.32e-06,16028,6,0.59654383,12.0561229
489,9,25028349,0.99945523,0.00054175,8.632e-05,0.0,3.07e-05,0.2902202,0.0,0.70912103,20235,7,0.70907419,12.0583654
489,10,25028350,0.99948742,0.00021976,0.00026812,0.0,5.46e-06,0.99950655,0.0,1.1e-07,8956,6,0.99949816,12.0582652
490,1,25028371,0.9961773,0.00027173,0.0,2.075e-05,7.38e-06,0.99969862,1.51e-06,1e-08,63563,6,0.75288122,0.997569
490,2,25028372,0.99573097,0.00035886,0.0,2.099e-05,1.191e-05,0.99960656,1.52e-06,1.7e-07,37485,6,0.25380893,0.9962555
490,3,25028373,0.99610583,0.00026293,0.0,2.12e-05,1.138e-05,0.9997029,1.53e-06,6e-08,26185,6,0.79113074,0.9973201
490,4,25028374,0.99586481,0.0001795,0.0,2.07e-05,2.91e-06,0.99979536,1.51e-06,1e-08,37065,6,0.27278347,0.9973691
490,5,25028375,0.99601546,0.00029961,0.0,2.077e-05,7.75e-06,0.99967034,1.51e-06,2e-08,63625,6,0.77763447,0.9975701
490,6,25028376,0.99616901,0.00035581,0.0,2.07e-05,1.344e-05,0.99960846,1.55e-06,5e-08,24655,6,0.34969137,0.9975199
490,7,25028377,0.99634898,0.00027647,0.0,2.074e-05,6.75e-06,0.99969453,1.5e-06,1e-08,31309,6,0.26621194,0.997569
490,8,25028378,0.99612028,0.00021156,0.0,2.071e-05,2.57e-06,0.99976363,1.52e-06,1e-08,38923,6,0.75149456,0.9973693
490,9,25028379,0.99605727,0.00029668,0.0,2.077e-05,8.77e-06,0.99967225,1.51e-06,1e-08,63497,6,0.65381377,0.9975697
490,10,25028380,0.99640963,0.00031806,0.0,2.069e-05,1.098e-05,0.99964861,1.52e-06,1.3e-07,57417,6,0.59541099,0.9975699
491,1,25028401,0.9993838,0.0006642,0.00057398,0.0,2.447e-05,0.0,9e-07,0.99873644,53165,7,0.82421716,4.4943859
491,2,25028402,0.99335626,0.01304326,0.00142445,0.0,0.00715148,0.0,0.00108917,0.97729163,48941,7,0.58150328,4.4950841
491,3,25028403,0.99949765,0.00065248,0.00094586,0.0,3.495e-05,0.0,9e-07,0.9983658,12037,7,0.99835218,4.4949342
491,4,25028404,0.99559916,0.0020326,0.00253093,0.0,0.00095154,0.0,0.00437752,0.99010741,16165,7,0.91826837,4.4949841
491,5,25028405,0.99570411,0.00431896,0.00168709,0.0,0.00328962,0.0,0.00179504,0.9889093,49069,7,0.43109303,4.4943859
491,6,25028406,0.99324025,0.02443972,0.0061771,0.0,0.00418397,0.0,0.00154463,0.96365459,20229,7,0.66875746,4.4949342
491,7,25028407,0.98606159,0.02430447,0.00263555,0.0,0.00553528,0.0,0.00945829,0.95806641,44845,7,0.42802036,4.495084
491,8,25028408,0.98947653,0.01171303,0.00212087,0.0,0.00701545,0.0,0.00734551,0.97180514,12205,7,0.61130347,4.4942359
491,9,25028409,0.99926075,0.00068011,0.00057642,0.0,0.00034765,0.0,9.1e-07,0.99839491,44845,7,0.70147654,4.495084
491,10,25028410,0.99684581,0.00293714,0.0020061,0.0,0.0023695,0.0,0.00136682,0.99132044,44813,7,0.7391847,4.4950841
492,1,25028431,0.99645577,0.00455209,0.00175574,0.0,0.00345037,0.0,0.00021777,0.99002402,18948,7,0.80254055,5.575857
492,2,25028432,0.98796437,0.02136541,0.01058393,0.0,0.01026971,0.0,0.00213722,0.95564372,20228,7,0.47576819,5.576971
492,3,25028433,0.98981241,0.01895156,0.00403004,0.0,0.00948107,0.0,0.00061242,0.96692491,20236,7,0.63180807,5.576971
492,4,25028434,0.98958959,0.01823955,0.00725267,0.0,0.01087268,0.0,0.00087053,0.96276458,24069,7,0.37594691,5.5759818
492,5,25028435,0.99949371,0.00061464,0.00135654,0.0,3.081e-05,0.0,4.8e-07,0.99799754,23307,7,0.90321722,5.5771208
492,6,25028436,0.97091839,0.06621957,0.02930016,0.0,0.03135529,0.0,0.00189755,0.87122742,20356,7,0.27750186,5.5759564
492,7,25028437,0.98608968,0.03597144,0.03365963,0.0,0.01514196,0.0,0.00315616,0.91207081,24333,7,0.55628341,5.5771209
492,8,25028438,0.99771706,0.00785599,0.00097169,0.0,0.00331984,0.0,5.1e-07,0.98785197,19211,7,0.60158967,5.5770708
492,9,25028439,0.98751623,0.02033922,0.01995101,0.0,0.01036193,0.0,0.00236748,0.94698036,20237,7,0.6214352,5.5770709
492,10,25028440,0.98733936,0.03144736,0.01285043,0.0,0.01157133,0.0,0.00104344,0.94308744,24069,7,0.61147247,5.5759818
493,1,25028461,0.99592998,0.00044288,0.0,2.225e-05,6.218e-05,0.08328226,0.0,0.91619044,12119,7,0.16475559,0.9974846
493,2,25028462,0.99580511,0.0004263,0.0,2.218e-05,4.673e-05,0.61103227,0.0,0.38847252,29707,6,0.23727487,0.9973348
493,3,25028463,0.99621082,0.00046714,0.0,2.224e-05,6.905e-05,0.26673417,0.0,0.7327074,56151,7,0.22647027,0.9975094
493,4,25028464,0.99585511,0.00043355,0.0,2.217e-05,5.934e-05,0.43993937,0.0,0.55954558,58775,6,0.13993205,0.9970329
493,5,25028465,0.99615848,0.00044643,0.0,2.197e-05,7.019e-05,0.09439808,0.0,0.90506333,55159,7,0.30828554,0.9972796
493,6,25028466,0.99571471,0.00045226,0.0,2.212e-05,5.693e-05,0.48516069,0.0,0.514308,58775,6,0.1986261,0.9970329
493,7,25028467,0.99623649,0.00043948,0.0,2.223e-05,6.285e-05,0.22160131,0.0,0.77787412,9727,7,0.24551529,0.9974847
493,8,25028468,0.99558998,0.00030742,0.0,2.207e-05,3.224e-05,0.70493471,0.0,0.29470356,64825,6,0.49543481,0.9973346
493,9,25028469,0.99605896,0.00043353,0.0,2.21e-05,6.699e-05,0.0654823,0.0,0.93399508,14199,7,0.26716679,0.9972286
493,10,25028470,0.9956936,0.00043064,0.0,2.233e-05,6.09e-05,0.26748638,0.0,0.73199976,18295,7,0.28761524,0.9967693
494,1,25028491,0.99326364,0.03203405,0.00737036,0.0,0.00026265,0.93133339,0.0,0.02899955,11021,6,0.45616377,13.0242874
494,2,25028492,0.99940733,0.00053746,3.43e-05,0.0,2.887e-05,0.82927253,0.0,0.17012684,11011,6,0.35342102,13.0242374
494,3,25028493,0.99888862,0.0051892,0.00155763,0.0,3.618e-05,0.99314738,0.0,6.961e-05,24364,6,0.38808929,13.0242874
494,4,25028494,0.93324025,0.26307905,0.0513449,0.0,0.00019997,0.68531904,0.0,5.704e-05,11781,6,0.4304575,13.0216362
494,5,25028495,0.80881424,0.78684185,0.21313205,0.0,2.21e-05,3.88e-06,0.0,1.2e-07,30971,0,0.7861935,9.0183954
494,6,25028496,0.80890906,0.78665178,0.21332729,0.0,1.71e-05,3.71e-06,0.0,1.3e-07,63739,0,0.786105,9.0183954
494,7,25028497,0.99114947,0.03442192,0.00810904,0.0,0.00118309,0.95620899,0.0,7.697e-05,55173,6,0.60933867,13.0243126
494,8,25028498,0.99625039,0.01584758,0.0040931,0.0,0.00462029,0.9280992,0.0,0.04733983,16163,6,0.53133,13.0242874
494,9,25028499,0.92533843,0.27704113,0.00518372,0.0,1.73e-05,0.71775771,0.0,1.4e-07,55547,6,0.65917573,13.0219861
494,10,25028500,0.99944337,0.0006081,0.00017046,0.0,1.995e-05,0.99919841,0.0,3.08e-06,47875,6,0.6764645,13.0243124
495,1,25028521,0.89823659,0.00117862,0.00195846,0.17357553,0.00049573,0.81980072,0.00298608,4.85e-06,18575,6,0.81959664,0.9968384
495,2,25028522,0.44333734,0.02576574,0.00112259,0.90282518,0.00926129,6.5e-07,0.06102453,2e-08,23376,2,0.89066548,0.4980777
495,3,25028523,0.85590618,0.00771597,0.00451539,0.10400712,0.00699456,0.80130262,0.0754573,7.03e-06,22343,6,0.38410662,0.9962856
495,4,25028524,0.99522555,0.00191088,0.00254769,1.66e-06,1.281e-05,0.99551523,1.124e-05,4.9e-07,6087,6,0.80734502,0.9970626
495,5,25028525,0.99604945,0.00040672,0.00109879,1.17e-06,1.098e-05,0.99847978,1.77e-06,7.8e-07,19591,6,0.89301496,0.9967384
495,6,25028526,0.82154536,0.00555725,0.00207629,0.29575971,0.00194999,0.59348196,0.01790161,0.08327318,23360,2,0.29414365,0.4974248
495,7,25028527,0.99251039,0.00125953,0.00160842,1.089e-05,0.00133098,0.9945601,0.00122675,3.33e-06,18567,6,0.52388013,0.9967386
495,8,25028528,0.87961209,0.0093428,0.00447872,0.02098578,0.00469212,0.87777664,0.08272372,2.2e-07,22479,6,0.68879832,0.9971873
495,9,25028529,0.6786685,0.00369009,0.00163304,0.54239859,0.00411129,0.42166849,0.02649839,1.1e-07,23366,2,0.51837984,0.4975247
495,10,25028530,0.73409355,0.00631937,0.00146473,0.57727384,0.00094208,0.35612546,0.05787448,3e-08,6984,2,0.46310751,0.6638435
496,1,25028551,0.99855816,0.00067274,0.00300567,0.0,0.00010061,9.724e-05,0.0,0.99612374,53239,7,0.34266726,0.9992121
496,2,25028552,0.99825328,0.00082245,0.00300133,0.0,8.468e-05,0.01640421,0.0,0.97968733,31735,7,0.29796315,0.9988183
496,3,25028553,0.99824535,0.00065423,0.00322653,0.0,0.00013607,0.04152026,0.0,0.95446291,34167,7,0.17733112,0.9991453
496,4,25028554,0.9985462,0.00072749,0.00214147,0.0,0.00010462,6.711e-05,0.0,0.99695931,30207,7,0.64707786,0.9992453
496,5,25028555,0.99874029,0.00062895,0.00347783,0.0,8.9e-05,0.00023946,0.0,0.99556476,45047,7,0.71354476,0.9992121
496,6,25028556,0.99843506,0.00064607,0.00560424,0.0,7.833e-05,0.14638185,0.0,0.84728951,44543,7,0.23397787,0.9992453
496,7,25028557,0.99819404,0.00072198,0.01181186,0.0,0.00025995,0.00017484,0.0,0.98703137,56823,7,0.17295962,0.9992203
496,8,25028558,0.99836544,0.00076708,0.0044476,0.0,0.00010531,0.00260295,0.0,0.99207707,65023,7,0.32213218,0.9992453
496,9,25028559,0.99826493,0.00071027,0.00336083,0.0,8.718e-05,0.00019151,0.0,0.9956502,32631,7,0.16135256,0.9992204
496,10,25028560,0.99856559,0.00053195,0.00269789,0.0,7.888e-05,0.21819126,0.0,0.77850002,14271,6,0.21813603,0.9988682
497,1,25028581,0.99223106,0.00921543,0.00053512,0.0,0.0040339,0.70245537,0.0,0.28376017,52754,6,0.57045543,12.3214105
497,2,25028582,0.99731285,0.00474003,0.00067698,0.0,0.00023659,0.79649799,0.0,0.19784841,22154,6,0.41898284,12.3190156
497,3,25028583,0.96469414,0.05402188,0.00142389,0.0,0.0072415,0.93719573,0.0,0.00011701,55178,6,0.36489721,12.3214771
497,4,25028584,0.99525198,0.00711062,0.00145384,0.0,0.00372104,0.81074005,0.0,0.17697444,57101,6,0.21950215,12.3215437
497,5,25028585,0.99476277,0.01436713,0.00249028,0.0,0.00024111,0.89580439,0.0,0.08709709,51971,6,0.6468636,12.3214435
497,6,25028586,0.98356601,0.03093324,0.00421184,0.0,0.00520388,0.95963867,0.0,1.236e-05,18077,6,0.37315471,12.3214438
497,7,25028587,0.99940149,0.00083391,0.00070362,0.0,3.89e-05,0.54557542,0.0,0.45284815,19212,7,0.45251609,12.3213436
497,8,25028588,0.99928842,0.00056477,0.00013195,0.0,2.743e-05,0.99927406,0.0,1.79e-06,11779,6,0.45308276,12.3189327
497,9,25028589,0.99780889,0.00962891,0.00167253,0.0,0.00403733,0.84611024,0.0,0.13855099,23332,6,0.31213368,12.3214188
497,10,25028590,0.98972764,0.02064037,0.00035331,0.0,0.00842734,0.82903869,0.0,0.1415403,52762,6,0.4692507,12.3214438
498,1,25028611,0.99488531,0.00023182,0.0,2.053e-05,5.23e-06,0.99974085,1.52e-06,3e-08,38921,6,0.34430604,0.9966054
498,2,25028612,0.66118445,0.0001855,0.0,0.99979306,8.23e-06,1.169e-05,1.51e-06,1e-08,64750,2,0.56304582,0.6637173
498,3,25028613,0.99522454,0.00027904,0.0,2.054e-05,8.84e-06,0.99969006,1.5e-06,2e-08,59471,6,0.45877703,0.996805
498,4,25028614,0.9942508,0.00023614,0.0,2.058e-05,6.29e-06,0.9997355,1.48e-06,2e-08,37391,6,0.41247281,0.9951109
498,5,25028615,0.99513166,0.00048712,0.0,2.062e-05,2.294e-05,0.99946655,1.5e-06,1.28e-06,50551,6,0.38130862,0.9965569
498,6,25028616,0.99521618,0.00042423,0.0,2.064e-05,1.626e-05,0.99953701,1.51e-06,3.5e-07,38607,6,0.79042486,0.9966042
498,7,25028617,0.99560945,0.00048511,0.0,2.073e-05,1.54e-05,0.99947455,1.53e-06,2.68e-06,39327,6,0.34486588,0.9970064
498,8,25028618,0.99547934,0.00039309,0.0,2.038e-05,2.398e-05,0.99956068,1.5e-06,3.7e-07,33247,6,0.84081335,0.9970061
498,9,25028619,0.99520517,0.00027736,0.0,2.045e-05,6.87e-06,0.99969377,1.54e-06,2e-08,30285,6,0.29855032,0.9968056
498,10,25028620,0.99541274,0.00038775,0.0,2.07e-05,1.478e-05,0.99957511,1.51e-06,1.4e-07,30925,6,0.32931027,0.9968056
499,1,25028641,0.997541,0.01360629,0.00118808,0.0,0.00044915,0.47733414,7.542e-05,0.50734692,16269,7,0.27801346,9.9476081
499,2,25028642,0.99208846,0.01069499,0.00138096,0.0,0.00598466,0.74219251,8.6e-07,0.23974601,56109,6,0.3082292,9.9494456
499,3,25028643,0.98995549,0.0216997,0.00182724,0.0,0.00556423,0.46977151,0.00104266,0.50009465,48909,7,0.33757892,9.9494456
499,4,25028644,0.99935177,0.00069661,0.00056991,0.0,3.9e-05,0.65337431,1.29e-06,0.34531888,15109,6,0.36100768,9.9493454
499,5,25028645,0.99808058,0.00564719,0.00178384,0.0,0.00153077,0.96769312,1.04e-06,0.02334403,56109,6,0.56661607,9.9494456
499,6,25028646,0.99865068,0.00124263,0.00036857,0.0,0.00059369,0.41068338,4.6e-07,0.58711127,24493,7,0.45385807,9.9476077
499,7,25028647,0.99935815,0.00084036,0.00152218,0.0,3.995e-05,0.50883949,1.13e-06,0.48875689,56845,7,0.48866172,9.9475572
499,8,25028648,0.99110699,0.02266159,0.00488627,0.0,0.00786074,0.8280638,0.00041756,0.13611005,43917,6,0.41124828,9.9476574
499,9,25028649,0.99936191,0.00058428,0.00037,0.0,3.85e-05,0.70562296,8.9e-07,0.29338337,16268,6,0.37610141,9.9475245
499,10,25028650,0.99949007,0.00057088,0.00055011,0.0,2.164e-05,0.64737884,1.59e-06,0.35147694,11053,6,0.63731684,9.9493456
500,1,25028671,0.99934784,0.00072851,0.00040064,0.0,2.491e-05,0.0,8.2e-07,0.99884511,18948,7,0.99863613,1.4762653
500,2,25028672,0.99293142,0.00428121,0.00099104,0.0,0.00286247,0.0,0.00268352,0.98918177,24323,7,0.89522235,1.4766602
500,3,25028673,0.99959978,0.00089535,0.00054696,0.0,3.903e-05,0.0,8.4e-07,0.99851782,23299,7,0.70275313,1.4766601
500,4,25028674,0.99953873,0.00106412,0.0007197,0.0,3.346e-05,0.0,8.6e-07,0.99818187,19205,7,0.99814035,1.4766102
500,5,25028675,0.99498212,0.00783126,0.00104251,0.0,0.01305909,0.0,0.00148812,0.97657902,19338,7,0.82384441,1.476365
500,6,25028676,0.99960599,0.00109965,0.00056313,0.0,4.214e-05,0.0,8.5e-07,0.99829424,23309,7,0.99823427,1.4767101
500,7,25028677,0.99943933,0.00111998,0.00071908,0.0,2.787e-05,0.0,8.8e-07,0.99813219,19333,7,0.99805707,1.4764649
500,8,25028678,0.99941976,0.00090007,0.00059727,0.0,3.725e-05,0.0,8.9e-07,0.99846453,19338,7,0.99841378,1.476365
500,9,25028679,0.99961674,0.0006627,0.00051668,0.0,3.272e-05,0.0,1.16e-06,0.99878674,19211,7,0.99873007,1.4766601
500,10,25028680,0.99954903,0.00086321,0.000575,0.0,2.911e-05,0.0,2.32e-06,0.99853036,20234,7,0.99847022,1.4765602
501,1,25028701,0.99619273,0.00044796,0.0,1.234e-05,6.722e-05,0.20598162,0.0,0.79349086,54647,7,0.50729116,0.9973394
501,2,25028702,0.99634324,0.00045058,0.0,1.234e-05,6.642e-05,0.26803292,0.0,0.73143774,63487,7,0.2428199,0.9975905
501,3,25028703,0.99635774,0.00044382,0.0,1.236e-05,6.576e-05,0.11508124,0.0,0.88439682,15863,7,0.45487486,0.9975652
501,4,25028704,0.99641855,0.00044563,0.0,1.231e-05,5.879e-05,0.38941675,0.0,0.61006651,22015,7,0.54521996,0.9975902
501,5,25028705,0.99592445,0.00044426,0.0,1.262e-05,5.568e-05,0.05884071,0.0,0.94064673,23447,7,0.30461025,0.9963609
501,6,25028706,0.99558134,0.00040733,0.0,1.239e-05,5.482e-05,0.27939505,0.0,0.7201304,39767,7,0.17550069,0.9975153
501,7,25028707,0.995786,0.00041447,0.0,1.244e-05,5.915e-05,0.43616976,0.0,0.56334419,2943,7,0.14358821,0.9962863
501,8,25028708,0.99632771,0.000469,0.0,1.236e-05,7.69e-05,0.06135998,0.0,0.93808177,14327,7,0.35425172,0.9975654
501,9,25028709,0.99600218,0.00018456,0.0,1.304e-05,8.69e-06,0.99978959,0.0,4.12e-06,24409,6,0.89171489,0.9973898
501,10,25028710,0.99525136,0.00050133,0.0,1.249e-05,6.565e-05,0.09174327,0.0,0.90767727,12255,7,0.3635679,0.9975402
502,1,25028731,0.99417294,0.04093944,0.07858514,0.0,0.000841,0.87961833,0.0,1.608e-05,46724,6,0.34196059,17.0671605
502,2,25028732,0.95659612,0.43573704,0.56425227,0.0,6.54e-06,3.97e-06,0.0,1.7e-07,47213,4,0.28817812,17.0673093
502,3,25028733,0.99927177,0.00023278,0.00034157,0.0,4.97e-06,0.99942056,0.0,1.3e-07,8868,6,0.99931327,17.0670117
502,4,25028734,0.96859177,0.32725312,0.67273672,0.0,6.37e-06,3.64e-06,0.0,1.5e-07,43109,4,0.37113845,17.0671439
502,5,25028735,0.99870811,0.00784644,0.00545289,0.0,4.241e-05,0.98663129,0.0,2.697e-05,56850,6,0.25044412,17.0705209
502,6,25028736,0.93950042,0.48834379,0.5116449,0.0,7.35e-06,3.82e-06,0.0,1.4e-07,8930,4,0.51163437,17.0670103
502,7,25028737,0.99737311,0.0173723,0.02155129,0.0,2.322e-05,0.96105093,0.0,2.27e-06,8885,6,0.53510548,17.0704709
502,8,25028738,0.99673037,0.02324271,0.04342934,0.0,3.055e-05,0.93327759,0.0,1.981e-05,11818,6,0.33325133,17.0670103
502,9,25028739,0.99945279,0.00041404,3.757e-05,0.0,3.156e-05,0.9995145,0.0,2.32e-06,46746,6,0.9487047,17.0705542
502,10,25028740,0.98055607,0.19496462,0.32604447,0.0,2.234e-05,0.18327012,0.0,0.29569846,20234,7,0.29568955,17.070421
503,1,25028761,0.99564263,0.00027971,0.0,2.015e-05,1.198e-05,0.99968575,1.62e-06,7.8e-07,57931,6,0.9979627,0.9971077
503,2,25028762,0.99491633,0.00039208,0.0,2.017e-05,1.923e-05,0.99956673,1.7e-06,1e-07,33079,6,0.32287417,0.9955629
503,3,25028763,0.99536784,0.00019391,0.0,1.933e-05,2.98e-06,0.99978214,1.62e-06,1e-08,36939,6,0.70591062,0.9969078
503,4,25028764,0.99563028,0.00026433,0.0,2.026e-05,6.96e-06,0.99970682,1.62e-06,1e-08,31309,6,0.60762022,0.9971066
503,5,25028765,0.9950312,0.00021302,0.0,1.962e-05,3.4e-06,0.9997623,1.64e-06,1e-08,38987,6,0.30551183,0.9969056
503,6,25028766,0.99548428,0.0003169,0.0,1.959e-05,1.42e-05,0.99964273,1.62e-06,4.97e-06,39055,6,0.9981557,0.9969082
503,7,25028767,0.99539581,0.00024271,0.0,1.966e-05,1.323e-05,0.99972273,1.61e-06,6e-08,39051,6,0.89984629,0.996907
503,8,25028768,0.99569102,0.00034543,0.0,2.063e-05,1.169e-05,0.99950396,1.61e-06,0.00011668,30729,6,0.42713526,0.9971074
503,9,25028769,0.99550401,0.00031253,0.0,1.972e-05,1.136e-05,0.99964734,1.62e-06,7.42e-06,38925,6,0.46729421,0.996907
503,10,25028770,0.99558006,0.00042565,0.0,1.985e-05,1.478e-05,0.99953756,1.64e-06,5.2e-07,35983,6,0.84802821,0.9969079
504,1,25028791,0.9979687,0.00201047,0.00097653,0.0,0.00150542,0.0,0.00088024,0.99462733,48901,7,0.84131031,2.4987373
504,2,25028792,0.99948322,0.00067281,0.00041967,0.0,2.831e-05,0.0,1.41e-06,0.9988778,49037,7,0.94678351,2.4985129
504,3,25028793,0.99324193,0.00501467,0.00136298,0.0,0.00483942,0.0,0.00546139,0.98332154,12165,7,0.85074549,2.498313
504,4,25028794,0.99291135,0.00818466,0.00124396,0.0,0.01560463,0.0,0.00265309,0.97231366,53037,7,0.75860928,2.4988122
504,5,25028795,0.99947244,0.00060645,0.0008742,0.0,3.361e-05,0.0,1.63e-06,0.9984841,15917,7,0.59983716,2.4983128
504,6,25028796,0.99958951,0.00090664,0.00057089,0.0,3.421e-05,0.0,1.45e-06,0.99848682,53037,7,0.99847558,2.4988122
504,7,25028797,0.99730404,0.00148737,0.00073328,0.0,0.00176502,0.0,0.00202793,0.9939864,49069,7,0.6740986,2.4985128
504,8,25028798,0.99926734,0.00106665,0.00084703,0.0,3.357e-05,0.0,2.11e-06,0.99805064,44589,7,0.77883342,2.4984126
504,9,25028799,0.99938056,0.00057133,0.00074745,0.0,3.069e-05,0.0,1.44e-06,0.99864909,11821,7,0.99858407,2.4982629
504,10,25028800,0.9995568,0.00091301,0.00061384,0.0,2.748e-05,0.0,1.59e-06,0.99844409,57133,7,0.8183236,2.4988122
505,1,25028821,0.99744827,0.00684858,0.00330062,0.0,0.00211497,0.18648032,4.1e-07,0.8012551,20226,7,0.79558285,11.4793954
505,2,25028822,0.99570181,0.01920926,0.00448087,0.0,0.00325246,0.29186789,0.00056188,0.68062764,20235,7,0.68054282,11.4794954
505,3,25028823,0.9988317,0.00178211,0.00247039,0.0,0.00134834,0.53881819,4e-07,0.45558057,19234,6,0.53869087,11.4793954
505,4,25028824,0.99947579,0.00061556,0.00033457,0.0,5.192e-05,0.99889882,1.09e-06,9.804e-05,51971,6,0.70205463,11.4794951
505,5,25028825,0.99390899,0.00957223,0.0028489,0.0,0.00290983,0.05109268,0.00087763,0.93269873,23306,7,0.5952524,11.4794951
505,6,25028826,0.99659922,0.00714595,0.00797288,0.0,0.00056307,0.98387376,0.00043116,1.317e-05,52997,6,0.52855022,11.4794954
505,7,25028827,0.99947554,0.0005352,0.00037811,0.0,2.158e-05,0.9938128,4.2e-07,0.00525189,20267,6,0.99359125,11.4794951
505,8,25028828,0.99947571,0.0006657,0.00050195,0.0,6.297e-05,0.67913538,1.04e-06,0.31963296,52994,6,0.6789915,11.479462
505,9,25028829,0.99405197,0.00832595,0.00273999,0.0,0.00553008,0.79248995,0.00137774,0.18953629,53004,6,0.34533167,11.4794954
505,10,25028830,0.99799274,0.00633762,0.00249233,0.0,0.00037139,0.4683554,0.00021795,0.52222531,20229,7,0.33280938,11.4794454
506,1,25028851,0.99395344,0.00038712,0.0,2.261e-05,6.676e-05,0.85853201,0.0,0.14099151,5983,6,0.77735132,0.9959509
506,2,25028852,0.99416517,0.00043216,0.0,2.226e-05,5.955e-05,0.51451009,0.0,0.48497595,44447,6,0.42092287,0.9960701
506,3,25028853,0.99430979,0.00044853,0.0,2.2e-05,6.597e-05,0.59039298,0.0,0.40907052,10199,6,0.58871138,0.9960205
506,4,25028854,0.99382747,0.00042918,0.0,2.225e-05,6.339e-05,0.75029381,0.0,0.24919138,34647,6,0.56168331,0.9959709
506,5,25028855,0.99378702,0.00043095,0.0,2.245e-05,5.933e-05,0.601766,0.0,0.39772128,61855,6,0.34218337,0.9960712
506,6,25028856,0.99328735,0.00041129,0.0,2.224e-05,5.304e-05,0.44646855,0.0,0.55304488,39327,6,0.37121864,0.9960712
506,7,25028857,0.99369324,0.00041282,0.0,2.206e-05,5.974e-05,0.27974533,0.0,0.71976006,55167,7,0.22463662,0.9960711
506,8,25028858,0.99394917,0.00047022,0.0,2.196e-05,6.175e-05,0.00189875,0.0,0.99754732,29663,7,0.38255186,0.9960713
506,9,25028859,0.99279269,0.00025644,0.0,2.216e-05,3.763e-05,0.90646472,0.0,0.09321905,58601,6,0.50554071,0.9958701
506,10,25028860,0.99409947,0.00042293,0.0,2.243e-05,5.878e-05,0.30979486,0.0,0.689701,18271,7,0.30339675,0.9953163
507,1,25028881,0.9846178,0.02218228,0.00031899,0.0,0.00978893,0.92509516,0.0,0.04261464,16162,6,0.33042149,18.0920596
507,2,25028882,0.99942278,0.00050225,0.00020397,0.0,1.465e-05,0.99927633,0.0,2.8e-06,18077,6,0.87357303,18.092085
507,3,25028883,0.94994676,0.1024938,0.00344396,0.0,0.01495543,0.87909951,0.0,7.3e-06,10155,6,0.46948134,18.0886204
507,4,25028884,0.99913768,0.00120183,0.00017053,0.0,4.283e-05,0.99858404,0.0,7.6e-07,46748,6,0.56112078,18.0921183
507,5,25028885,0.95345402,0.12060952,0.00103982,0.0,0.00293345,0.87539961,0.0,1.759e-05,49915,6,0.30114102,18.0921845
507,6,25028886,0.99946606,0.00065624,0.00032684,0.0,5.511e-05,0.99877533,0.0,0.00018648,47916,6,0.61992557,18.0921183
507,7,25028887,0.93970556,0.26626815,0.10766228,0.0,5.578e-05,0.62598089,0.0,3.291e-05,57130,6,0.58002428,18.0921179
507,8,25028888,0.9994474,0.00049902,0.00025657,0.0,1.862e-05,0.9992227,0.0,3.08e-06,16131,6,0.79269733,18.092085
507,9,25028889,0.99931262,0.00083282,0.00023142,0.0,3.657e-05,0.80894606,0.0,0.18995314,22405,6,0.53159094,18.092085
507,10,25028890,0.99935399,0.00070131,0.00018144,0.0,3.656e-05,0.99907403,0.0,6.66e-06,53036,6,0.30639833,18.0920846
508,1,25028911,0.60679601,0.02223269,0.00355601,0.01208935,0.03086429,0.0,0.31632249,0.61493517,23175,7,0.56944917,0.9956375
508,2,25028912,0.21901911,0.03797416,0.01226913,0.03959746,0.05588715,0.0,0.64079902,0.21347309,23183,7,0.21347235,0.9957122
508,3,25028913,0.83898868,0.01637696,0.00385209,0.01177524,0.01447102,0.0,0.11633727,0.83718742,20103,7,0.60107991,0.9942354
508,4,25028914,0.00596022,0.10294734,0.00285503,0.02412853,0.42684539,0.0,0.44322364,8e-08,4881,1,0.38305415,-0.0015953
508,5,25028915,0.25589682,0.05157582,0.00955595,0.02827057,0.06748433,0.0,0.58111972,0.26199361,23175,7,0.26199339,0.9956375
508,6,25028916,0.99500253,0.00036727,0.0013431,3.6e-07,5.35e-06,0.0,2.3e-06,0.99828161,19087,7,0.99828069,0.9956624
508,7,25028917,0.16022163,0.06217436,0.00720513,0.02163484,0.13117853,0.0,0.61412012,0.16368701,20111,7,0.16364362,0.9943349
508,8,25028918,0.47914233,0.04445769,0.00656602,0.03361509,0.06115385,0.0,0.36791228,0.48629508,23183,7,0.31165576,0.9957122
508,9,25028919,0.97414215,0.00205149,0.00182658,2.09e-06,0.00149338,0.0,0.01700093,0.97762553,23183,7,0.9776232,0.9957122
508,10,25028920,0.67689888,0.01938268,0.0040448,0.01911682,0.02867334,0.0,0.25208517,0.67669719,20111,7,0.6065306,0.9943349
509,1,25028941,0.99670315,0.00043969,0.00050724,0.0,6.274e-05,0.00035495,0.0,0.99863538,40319,7,0.3134743,0.9978693
509,2,25028942,0.99664601,0.00045354,0.00114639,0.0,6.487e-05,0.00042664,0.0,0.99790856,1527,7,0.25584806,0.9978192
509,3,25028943,0.99652596,0.00055039,0.0010236,0.0,6.928e-05,0.10002937,0.0,0.89832735,22527,7,0.45791195,0.9978695
509,4,25028944,0.99632905,0.00044904,0.0010703,0.0,5.742e-05,0.00127015,0.0,0.99715309,59199,7,0.40698567,0.996805
509,5,25028945,0.99681034,0.00044091,0.00049665,0.0,6.479e-05,0.00060777,0.0,0.99838987,24567,7,0.52712521,0.9978446
509,6,25028946,0.99660291,0.00044294,0.00087182,0.0,7.054e-05,0.61443686,0.0,0.38417783,32191,6,0.61365606,0.9978695
509,7,25028947,0.9966585,0.00044154,0.00129261,0.0,5.85e-05,0.16717418,0.0,0.83103317,44407,7,0.24246676,0.9978359
509,8,25028948,0.9967575,0.00048855,0.00179537,0.0,6.684e-05,0.00039827,0.0,0.99725097,12255,7,0.33170229,0.9978193
509,9,25028949,0.99676834,0.00043974,0.00102232,0.0,7.253e-05,0.21828562,0.0,0.7801798,38399,7,0.54396432,0.9978693
509,10,25028950,0.99660066,0.00054443,0.000754,0.0,6.484e-05,0.00034753,0.0,0.9982892,61439,7,0.3852086,0.9978695
510,1,25028971,0.99944579,0.00058735,0.00020838,0.0,1.156e-05,0.99918782,0.0,4.88e-06,18317,6,0.99888346,23.6055048
510,2,25028972,0.99634589,0.00964094,0.00121377,0.0,6.921e-05,0.98906491,0.0,1.116e-05,11044,6,0.59288166,23.6054049
510,3,25028973,0.99940525,0.00060747,4.834e-05,0.0,3.026e-05,0.99930824,0.0,5.68e-06,22165,6,0.39191562,23.6055048
510,4,25028974,0.99791742,0.00422197,0.0037089,0.0,0.00385589,0.65870323,0.0,0.32951001,11803,6,0.4451141,23.6055048
510,5,25028975,0.99943038,0.00022835,3.6e-06,0.0,1.266e-05,0.99975517,0.0,2.1e-07,46291,6,0.63422024,23.6055298
510,6,25028976,0.99942236,0.00072025,0.0002127,0.0,2.4e-05,0.99899325,0.0,4.98e-05,20268,6,0.63631626,23.6054044
510,7,25028977,0.99783701,0.01953262,0.00067337,0.0,6.475e-05,0.70006231,0.0,0.27966695,57093,6,0.37896585,23.6055298
510,8,25028978,0.99760398,0.00456782,0.00026509,0.0,0.0003699,0.75223632,0.0,0.24256087,51715,6,0.19284046,23.6008214
510,9,25028979,0.99932051,0.00037606,8.209e-05,0.0,2.932e-05,0.99943858,0.0,7.394e-05,51731,6,0.75697514,23.6008223
510,10,25028980,0.99934852,0.00063973,0.00023507,0.0,3.38e-05,0.58783508,0.0,0.41125632,48002,6,0.53472373,23.6009369
511,1,25029001,0.99241825,0.00045016,0.0,2.07e-05,2.086e-05,0.99950669,1.52e-06,7e-08,29983,6,0.22004448,0.9948625
511,2,25029002,0.99200782,0.00036617,0.0,2.069e-05,1.359e-05,0.99959789,1.63e-06,3e-08,7583,6,0.49775469,0.9946627
511,3,25029003,0.99194551,0.00030994,0.0,2.06e-05,1.002e-05,0.99965784,1.52e-06,7e-08,62601,6,0.41114866,0.9946606
511,4,25029004,0.99215642,0.00030688,0.0,2.059e-05,1.262e-05,0.99965839,1.49e-06,2e-08,61579,6,0.26140654,0.9946621
511,5,25029005,0.99171119,0.00022302,0.0,2.051e-05,4.36e-06,0.99975059,1.51e-06,1e-08,34827,6,0.57284259,0.9944612
511,6,25029006,0.99174322,0.00026234,0.0,2.058e-05,4.26e-06,0.99971131,1.51e-06,1e-08,33901,6,0.63609637,0.9944617
511,7,25029007,0.99214515,0.00030779,0.0,2.059e-05,8.88e-06,0.99966118,1.54e-06,2e-08,63055,6,0.40334066,0.9946627
511,8,25029008,0.99224698,0.00039777,0.0,2.055e-05,2.144e-05,0.99955855,1.51e-06,1.8e-07,29871,6,0.50476184,0.9946622
511,9,25029009,0.99143678,0.00013768,0.0,2.054e-05,2.79e-06,0.99983708,1.54e-06,3.8e-07,33353,6,0.51667319,0.9944633
511,10,25029010,0.99169575,0.00026883,0.0,2.057e-05,8.16e-06,0.99970087,1.52e-06,5e-08,59977,6,0.47446078,0.9946621
