# replicates_f1_e4.csv -- memory-two Wright-Fisher run f1_e4 (parameters: runs.csv), one row per (game, replicate),
# 5120 rows, ipt order 0..511, replicates 1..10 within a game.
# Reduced by provenance/robustness/reduce.py from the packed files f1_e4.{idx,win,rep} and atoms512.bin.
# Columns:
#   ipt      the game (data/games/games.csv)
#   rep      the replicate, 1..10
#   seed     the replicate's seed: seed_base + (isl - 1)*10 + rep, seed_base = 8000000 (runs.csv), isl from games_f1_e4.csv
#   E        the replicate's realised efficiency over its sampled second half (the .rep, 8 decimals)
#   R_abc    the share of the replicate's sampled population in the atom abc (the .rep, 8 decimals); the ten
#            replicates of a game average to the pooled S_abc of games_f1_e4.csv within 6.7e-09
#   top          the replicate's most abundant strategy over its sampled half (the .win 'rank1'): its integer code
#                0..65535 of the Methods (the genome read as a binary number; ALLD = 0, ALLC = 65535)
#   top_atom     its atom at this game as the integer code 4*efficient + 2*stable + competitive (0..7; 101 = 5 never
#                occurs); e.g. 7 = 111 (a friendly rival), 6 = 110, 4 = 100
#   top_share    its share of the replicate's sampled population (the .win 'abund')
#   top_selfpay  its per-round payoff against itself at this game (the .win 'selfpay')
ipt,rep,seed,E,R_000,R_100,R_010,R_001,R_110,R_011,R_111,top,top_atom,top_share,top_selfpay
0,1,8013671,0.98338727,0.04031825,0.01681468,7.911e-05,0.00166915,0.94106357,2.902e-05,2.622e-05,59599,6,0.06682183,0.9996993
0,2,8013672,0.98310529,0.04304106,0.01854662,7.923e-05,0.00187143,0.93639492,2.972e-05,3.702e-05,28811,6,0.08691826,0.9996992
0,3,8013673,0.98497955,0.03241587,0.01426277,6.992e-05,0.00147795,0.95169757,2.597e-05,4.995e-05,32971,6,0.15964274,0.9994993
0,4,8013674,0.98419187,0.03711408,0.01569838,7.301e-05,0.00153774,0.94551552,2.712e-05,3.415e-05,51343,6,0.14291085,0.9995986
0,5,8013675,0.9837496,0.0393054,0.01721656,7.662e-05,0.00154225,0.94179267,2.749e-05,3.9e-05,38991,6,0.12111166,0.9994993
0,6,8013676,0.98240135,0.04445217,0.01827677,8.408e-05,0.00194481,0.93517759,3.221e-05,3.237e-05,28879,6,0.14867217,0.9996992
0,7,8013677,0.98416919,0.03927394,0.01678563,7.427e-05,0.00154508,0.94224639,2.617e-05,4.853e-05,34895,6,0.10361466,0.9994993
0,8,8013678,0.98565256,0.02890592,0.01307104,6.706e-05,0.00134236,0.95654764,2.505e-05,4.093e-05,32971,6,0.18568357,0.9994993
0,9,8013679,0.9833974,0.04103775,0.01774701,7.745e-05,0.00182385,0.93923583,3.052e-05,4.759e-05,39119,6,0.09259917,0.9994995
0,10,8013680,0.98563446,0.03165582,0.01517779,6.622e-05,0.00146232,0.95155346,2.487e-05,5.951e-05,37067,6,0.12613766,0.9994993
1,1,8013701,0.98188696,0.05667397,0.0,0.00029597,0.00204598,0.94093565,6.4e-07,4.778e-05,60831,6,0.03807096,0.9998803
1,2,8013702,0.98214313,0.05603101,0.0,0.00028451,0.00200331,0.94163685,5.8e-07,4.374e-05,36815,6,0.02981766,0.9997608
1,3,8013703,0.98204923,0.05660489,0.0,0.00029241,0.00199297,0.94107378,6e-07,3.535e-05,29535,6,0.03132962,0.9998804
1,4,8013704,0.98216718,0.05666526,0.0,0.00028515,0.00200226,0.94100287,6e-07,4.387e-05,30687,6,0.0380441,0.9998804
1,5,8013705,0.9818286,0.05707815,0.0,0.00029877,0.00206365,0.94052339,6.6e-07,3.538e-05,15311,6,0.03440781,0.9997608
1,6,8013706,0.98213524,0.05597802,0.0,0.00028384,0.00196365,0.94173572,5.9e-07,3.819e-05,35663,6,0.02434877,0.9997608
1,7,8013707,0.98232101,0.05551083,0.0,0.00027806,0.00193285,0.94223713,5.9e-07,4.054e-05,64927,6,0.03656794,0.9998803
1,8,8013708,0.98224162,0.05566174,0.0,0.00028584,0.001936,0.94206653,6.1e-07,4.929e-05,47071,6,0.03200221,0.9998804
1,9,8013709,0.98219447,0.05622829,0.0,0.00028463,0.001966,0.94147908,6.3e-07,4.137e-05,15327,6,0.02623991,0.9998803
1,10,8013710,0.98217894,0.05584133,0.0,0.00028247,0.00195236,0.94188814,5.8e-07,3.511e-05,42959,6,0.02430538,0.9997608
2,1,8013731,0.98431319,0.04333381,0.0161305,7.948e-05,0.00181601,0.93861663,6.9e-06,1.667e-05,47247,6,0.04442575,0.9996785
2,2,8013732,0.98505753,0.04003771,0.01587649,7.49e-05,0.00177944,0.94218858,6.82e-06,3.605e-05,32911,6,0.06807519,0.9995393
2,3,8013733,0.98532986,0.03884466,0.01586292,7.354e-05,0.00153005,0.94365728,6.68e-06,2.487e-05,39055,6,0.06066266,0.9995395
2,4,8013734,0.98375468,0.04621601,0.0163654,8.384e-05,0.00192845,0.93538377,7.15e-06,1.538e-05,57551,6,0.05969016,0.9997392
2,5,8013735,0.98482053,0.04113255,0.01503884,7.555e-05,0.0017674,0.94195158,6.74e-06,2.734e-05,37003,6,0.08834398,0.9995393
2,6,8013736,0.9857975,0.03570097,0.01458693,6.877e-05,0.00148473,0.94811579,6.64e-06,3.617e-05,35019,6,0.09344036,0.9995393
2,7,8013737,0.98508767,0.03963705,0.01546591,7.377e-05,0.00158336,0.94318663,6.63e-06,4.664e-05,37071,6,0.05265313,0.9995393
2,8,8013738,0.98581928,0.03557145,0.01478815,7.174e-05,0.00154525,0.9479835,6.54e-06,3.336e-05,43215,6,0.09156506,0.9996784
2,9,8013739,0.98459685,0.04325247,0.01635848,8.036e-05,0.00189024,0.93838704,7.55e-06,2.386e-05,55503,6,0.10236089,0.9996784
2,10,8013740,0.98436077,0.04663067,0.01735634,8.396e-05,0.00200638,0.93387621,8.22e-06,3.821e-05,51407,6,0.25330072,0.9996784
3,1,8013761,0.98027967,0.05380279,0.0,0.0003422,0.00190437,0.94386685,2.303e-05,6.077e-05,51615,6,0.04208272,0.9998616
3,2,8013762,0.97985911,0.0556982,0.0,0.00034661,0.00198087,0.94186201,2.434e-05,8.797e-05,55247,6,0.03577505,0.9997235
3,3,8013763,0.98003121,0.05444631,0.0,0.00033519,0.00196419,0.94318076,2.357e-05,4.998e-05,53199,6,0.0493404,0.9997235
3,4,8013764,0.97989754,0.05603179,0.0,0.00034865,0.00204606,0.94149792,2.386e-05,5.171e-05,36815,6,0.06022413,0.9997235
3,5,8013765,0.97983109,0.0550018,0.0,0.00035176,0.00195809,0.94261811,2.594e-05,4.43e-05,38879,6,0.05556719,0.9998617
3,6,8013766,0.97939137,0.05623726,0.0,0.0003651,0.00203493,0.94128856,2.46e-05,4.955e-05,40927,6,0.06333622,0.9998617
3,7,8013767,0.98001874,0.05582373,0.0,0.00034305,0.00194282,0.94182026,2.198e-05,4.815e-05,51151,6,0.0724916,0.9997235
3,8,8013768,0.97988737,0.05543849,0.0,0.00034427,0.00199103,0.94215624,2.294e-05,4.703e-05,52175,6,0.04244116,0.9997235
3,9,8013769,0.97972641,0.05605812,0.0,0.00034755,0.00202888,0.94149169,2.364e-05,5.012e-05,55247,6,0.06953657,0.9997235
3,10,8013770,0.97975101,0.05655751,0.0,0.00035572,0.00193587,0.94106613,2.262e-05,6.215e-05,53199,6,0.06124637,0.9997235
4,1,8013791,0.98416649,0.05864041,0.0,0.00019701,0.00206611,0.93905449,1.44e-06,4.055e-05,36831,6,0.02965826,0.9999115
4,2,8013792,0.98392763,0.05838025,0.0,0.00020211,0.00210741,0.93927269,1.48e-06,3.607e-05,45023,6,0.02249679,0.9999115
4,3,8013793,0.9841248,0.05878523,0.0,0.00019934,0.00206561,0.93891976,1.44e-06,2.863e-05,51167,6,0.02538697,0.9999115
4,4,8013794,0.98410133,0.05868152,0.0,0.00020155,0.00209855,0.9389784,1.43e-06,3.855e-05,52191,6,0.03293644,0.9999115
4,5,8013795,0.98418482,0.05886345,0.0,0.0001969,0.00207916,0.93882023,1.43e-06,3.883e-05,53087,6,0.02866014,0.9999115
4,6,8013796,0.98414081,0.05863401,0.0,0.00019703,0.002104,0.93903251,1.35e-06,3.111e-05,35679,6,0.02149718,0.9999115
4,7,8013797,0.98397241,0.05867911,0.0,0.00019977,0.00212339,0.93895184,1.41e-06,4.448e-05,63455,6,0.03850123,0.9999115
4,8,8013798,0.98400522,0.05846349,0.0,0.00019741,0.00208391,0.93921391,1.51e-06,3.977e-05,49119,6,0.04327614,0.9999115
4,9,8013799,0.98410845,0.05877167,0.0,0.00019583,0.00210303,0.93889149,1.42e-06,3.655e-05,51167,6,0.03115579,0.9999115
4,10,8013800,0.98406538,0.05856295,0.0,0.0001988,0.00205388,0.93915308,1.43e-06,2.986e-05,55775,6,0.0239109,0.9999115
5,1,8013821,0.98648736,0.02940178,0.01152204,4.358e-05,0.00158442,0.95736078,3.52e-05,5.22e-05,35023,6,0.11811549,0.9995296
5,2,8013822,0.98580174,0.03148064,0.01231865,4.7e-05,0.00160973,0.95446989,3.758e-05,3.651e-05,35019,6,0.07280486,0.9995294
5,3,8013823,0.98616609,0.03076056,0.0111991,4.591e-05,0.00159397,0.95632478,3.549e-05,4.019e-05,37003,6,0.1296726,0.9995294
5,4,8013824,0.98669449,0.02800647,0.01066239,4.344e-05,0.00142765,0.95976989,4.027e-05,4.989e-05,37067,6,0.16847326,0.9995294
5,5,8013825,0.98639613,0.0295217,0.01153553,4.421e-05,0.00126975,0.95755566,3.157e-05,4.159e-05,35019,6,0.11986343,0.9995294
5,6,8013826,0.9865205,0.02857597,0.0114417,4.466e-05,0.0013998,0.95847897,3.309e-05,2.581e-05,37007,6,0.097953,0.9995294
5,7,8013827,0.98665527,0.02761066,0.01103543,4.452e-05,0.00121059,0.96004638,3.096e-05,2.144e-05,32907,6,0.08395495,0.9995294
5,8,8013828,0.98574305,0.03264212,0.01203661,4.769e-05,0.00162375,0.95354542,3.534e-05,6.907e-05,35019,6,0.08218975,0.9995294
5,9,8013829,0.98641926,0.02851201,0.01097972,4.556e-05,0.00141369,0.95898156,3.392e-05,3.354e-05,37007,6,0.0973479,0.9995294
5,10,8013830,0.98569339,0.03287188,0.01217647,4.716e-05,0.00149024,0.9533455,3.424e-05,3.451e-05,39115,6,0.15115717,0.9995294
6,1,8013851,0.98208217,0.05070424,0.0,0.00079721,0.00180422,0.94664546,1.257e-05,3.63e-05,51167,6,0.06033164,0.9998391
6,2,8013852,0.98202891,0.05093269,0.0,0.0008049,0.00180493,0.9464046,1.261e-05,4.027e-05,51167,6,0.04975837,0.9998391
6,3,8013853,0.98191566,0.05096546,0.0,0.000814,0.00181606,0.94633613,1.285e-05,5.55e-05,29151,6,0.04803624,0.9998391
6,4,8013854,0.98175241,0.05165902,0.0,0.00082314,0.00187759,0.94558651,1.275e-05,4.098e-05,59359,6,0.05887723,0.9998391
6,5,8013855,0.98192214,0.05111372,0.0,0.00079799,0.00185223,0.94618201,1.28e-05,4.125e-05,51151,6,0.05701113,0.9996784
6,6,8013856,0.98197685,0.05139149,0.0,0.00080179,0.00185857,0.94588413,1.25e-05,5.152e-05,37855,6,0.04314362,0.9998391
6,7,8013857,0.98187062,0.05154603,0.0,0.00081958,0.00183936,0.94573719,1.261e-05,4.522e-05,35807,6,0.04664361,0.9998391
6,8,8013858,0.98197465,0.05112773,0.0,0.00080719,0.00178568,0.94622661,1.25e-05,4.029e-05,40927,6,0.03243328,0.9998392
6,9,8013859,0.9818545,0.05096028,0.0,0.00082288,0.00180237,0.94636211,1.271e-05,3.965e-05,55263,6,0.03706346,0.9998392
6,10,8013860,0.98192938,0.05141785,0.0,0.00081755,0.00177616,0.94594111,1.266e-05,3.467e-05,62607,6,0.07369562,0.9996391
7,1,8013881,0.98529757,0.04790229,0.01772114,0.0001045,0.00198223,0.93223631,8.07e-06,4.547e-05,35023,6,0.10286273,0.9995625
7,2,8013882,0.98509785,0.04929503,0.01807124,0.00010928,0.00204406,0.93044928,8.34e-06,2.277e-05,57547,6,0.103537,0.9997622
7,3,8013883,0.98550927,0.0450985,0.01697366,9.962e-05,0.00185755,0.93593827,7.77e-06,2.463e-05,59599,6,0.07773889,0.9997623
7,4,8013884,0.98497036,0.04946333,0.01674998,0.00011078,0.00202954,0.93162424,8.18e-06,1.395e-05,63695,6,0.05735076,0.9997623
7,5,8013885,0.98571974,0.04430541,0.01699239,9.836e-05,0.00184832,0.93672011,7.36e-06,2.805e-05,43215,6,0.07377656,0.9997245
7,6,8013886,0.98501023,0.04778208,0.01770269,0.00083633,0.00191771,0.93173458,7.91e-06,1.87e-05,59599,6,0.07391832,0.9997623
7,7,8013887,0.98559648,0.04600797,0.01704023,0.0001017,0.00198257,0.93483002,7.93e-06,2.958e-05,63631,6,0.10123978,0.9997623
7,8,8013888,0.98537547,0.04529407,0.01660631,0.00010086,0.0017497,0.93622542,7.5e-06,1.615e-05,30859,6,0.08318923,0.9997622
7,9,8013889,0.98534474,0.04715547,0.01743209,0.00010372,0.0019459,0.93333345,7.62e-06,2.174e-05,59599,6,0.05706241,0.9997623
7,10,8013890,0.98546446,0.04519657,0.01643087,0.00010053,0.00181442,0.93642336,7.78e-06,2.646e-05,37067,6,0.09747068,0.9995623
8,1,8013911,0.98382823,0.03030327,0.0121294,6.728e-05,0.00141932,0.9559303,4.705e-05,0.00010338,32971,6,0.20291299,0.9994721
8,2,8013912,0.98488903,0.02576292,0.01044397,6.257e-05,0.00111544,0.96253185,3.986e-05,4.339e-05,32911,6,0.13213556,0.9994721
8,3,8013913,0.98349659,0.03316858,0.01359067,6.787e-05,0.00139467,0.95168328,4.818e-05,4.676e-05,43207,6,0.11269178,0.9993777
8,4,8013914,0.98439903,0.03107581,0.01274791,6.5e-05,0.00129477,0.95473444,4.26e-05,3.947e-05,35023,6,0.26991435,0.9994723
8,5,8013915,0.98393494,0.02883379,0.01160561,6.686e-05,0.00124099,0.95814661,4.629e-05,5.984e-05,37065,6,0.10825105,0.9994721
8,6,8013916,0.98431194,0.02732381,0.01119258,6.606e-05,0.00122325,0.96011194,4.413e-05,3.823e-05,32911,6,0.07724038,0.9994721
8,7,8013917,0.98467973,0.02629794,0.01125607,6.353e-05,0.00125593,0.9610358,4.23e-05,4.842e-05,37003,6,0.18665091,0.9994721
8,8,8013918,0.98478554,0.02529607,0.01035341,6.395e-05,0.00102238,0.9631768,4.233e-05,4.507e-05,39113,6,0.07941672,0.9994722
8,9,8013919,0.98430132,0.03003631,0.01229456,6.508e-05,0.00111329,0.9564108,4.224e-05,3.772e-05,35023,6,0.10172224,0.9994723
8,10,8013920,0.98460944,0.02808374,0.01118746,6.235e-05,0.00146358,0.95909005,4.43e-05,6.852e-05,39051,6,0.16614392,0.9994721
9,1,8013941,0.98401223,0.052676,0.0,0.00060313,0.00184584,0.94483726,0.0,3.777e-05,35807,6,0.03476718,0.9998735
9,2,8013942,0.98396799,0.0526421,0.0,0.00061451,0.00185027,0.94485593,0.0,3.719e-05,36703,6,0.03611142,0.9998735
9,3,8013943,0.98393604,0.05263641,0.0,0.00061349,0.00182837,0.94488755,0.0,3.417e-05,36831,6,0.02904031,0.9998735
9,4,8013944,0.98395466,0.05261597,0.0,0.00061532,0.00188345,0.94485659,0.0,2.866e-05,61407,6,0.05480212,0.9998735
9,5,8013945,0.98393841,0.0522495,0.0,0.00060927,0.00184561,0.9452616,0.0,3.403e-05,29535,6,0.02930273,0.9998735
9,6,8013946,0.98394194,0.05260317,0.0,0.0006123,0.00184495,0.94490104,0.0,3.854e-05,48095,6,0.03143974,0.9998735
9,7,8013947,0.98401047,0.05229044,0.0,0.00060365,0.00186323,0.94520566,0.0,3.702e-05,26015,6,0.02374275,0.9998235
9,8,8013948,0.98401159,0.05251484,0.0,0.00060265,0.00182464,0.94502083,0.0,3.705e-05,43487,6,0.02434759,0.9998734
9,9,8013949,0.9838914,0.05252981,0.0,0.00061079,0.00185533,0.94497279,0.0,3.127e-05,52063,6,0.02891206,0.9998735
9,10,8013950,0.98398247,0.05269572,0.0,0.00061069,0.00184206,0.94482252,0.0,2.901e-05,51615,6,0.03494466,0.9998735
10,1,8013971,0.98800326,0.02745577,0.01673787,0.00093125,0.00174985,0.95307814,6.48e-06,4.065e-05,32971,6,0.08971803,0.9995723
10,2,8013972,0.98817563,0.02815263,0.01813866,0.00012683,0.00161207,0.95193707,7.05e-06,2.568e-05,32911,6,0.08393434,0.9995723
10,3,8013973,0.98840144,0.02825009,0.01646833,5.075e-05,0.00175793,0.95341038,7.2e-06,5.532e-05,32971,6,0.16357084,0.9995723
10,4,8013974,0.98833442,0.02756598,0.01758048,5.352e-05,0.00146186,0.953305,6.91e-06,2.625e-05,37007,6,0.12577775,0.9995723
10,5,8013975,0.98806751,0.02826321,0.01763549,0.00096332,0.0015605,0.95138643,6.83e-06,0.00018423,37067,6,0.14850115,0.9995723
10,6,8013976,0.98764295,0.02917709,0.01755793,7.931e-05,0.00188572,0.94822547,7.41e-06,0.00306707,32907,6,0.13561567,0.9995723
10,7,8013977,0.98845215,0.02721735,0.01754995,5.046e-05,0.00127571,0.95387225,6.37e-06,2.79e-05,32975,6,0.09465171,0.9995723
10,8,8013978,0.98815243,0.02790858,0.01772078,5.047e-05,0.00165673,0.95261421,6.81e-06,4.242e-05,32907,6,0.12046015,0.9995723
10,9,8013979,0.98833536,0.02739927,0.01892266,5.097e-05,0.0013344,0.9522554,6.24e-06,3.106e-05,32971,6,0.11906134,0.9995723
10,10,8013980,0.9884905,0.0266164,0.01642881,4.906e-05,0.00134716,0.95552693,6.28e-06,2.535e-05,37071,6,0.09574143,0.9995723
11,1,8014001,0.98073232,0.04922071,0.0,0.00047474,0.00166318,0.94855998,4.722e-05,3.418e-05,39391,6,0.10673602,0.9998175
11,2,8014002,0.98083509,0.04889096,0.0,0.00047863,0.00168572,0.94886103,4.574e-05,3.791e-05,23007,6,0.04795775,0.9998175
11,3,8014003,0.98063187,0.04969882,0.0,0.00047638,0.00178476,0.94795057,4.717e-05,4.23e-05,33631,6,0.07364224,0.9998175
11,4,8014004,0.98040993,0.04981716,0.0,0.00049524,0.0017072,0.94789394,4.794e-05,3.852e-05,39263,6,0.04453901,0.9998175
11,5,8014005,0.98065517,0.04938291,0.0,0.00048177,0.00170742,0.94833365,4.663e-05,4.762e-05,55711,6,0.06587538,0.9998175
11,6,8014006,0.98071442,0.04927159,0.0,0.00047155,0.00163852,0.94853057,4.73e-05,4.047e-05,56735,6,0.05704512,0.9998175
11,7,8014007,0.98056101,0.04980882,0.0,0.0004828,0.00174001,0.94788142,4.641e-05,4.055e-05,37727,6,0.08703595,0.9998175
11,8,8014008,0.98027682,0.05065294,0.0,0.00049,0.0016966,0.94707449,4.655e-05,3.942e-05,35679,6,0.07083338,0.9998175
11,9,8014009,0.98037949,0.05043891,0.0,0.00048371,0.00175375,0.94721576,4.772e-05,6.015e-05,39391,6,0.06209259,0.9998175
11,10,8014010,0.98034396,0.05010162,0.0,0.00049281,0.00178061,0.947536,4.85e-05,4.046e-05,33759,6,0.04424382,0.9998175
12,1,8014031,0.98757299,0.06123846,0.0,6.034e-05,0.0021779,0.93649194,1.77e-06,2.959e-05,58335,6,0.02142253,0.999948
12,2,8014032,0.98765122,0.06128703,0.0,5.942e-05,0.00214461,0.93647637,1.58e-06,3.1e-05,63967,6,0.02756848,0.999948
12,3,8014033,0.98774367,0.0614059,0.0,5.974e-05,0.00214092,0.93635777,1.58e-06,3.408e-05,31583,6,0.02193118,0.999948
12,4,8014034,0.98755134,0.0612096,0.0,6.029e-05,0.00214905,0.93654308,1.67e-06,3.63e-05,42975,6,0.0325894,0.999948
12,5,8014035,0.98755683,0.06115122,0.0,6.013e-05,0.00215785,0.93659171,1.63e-06,3.746e-05,57183,6,0.03507769,0.999948
12,6,8014036,0.98766964,0.06126686,0.0,5.995e-05,0.00215184,0.93649152,1.74e-06,2.809e-05,40927,6,0.01897483,0.999948
12,7,8014037,0.98764718,0.06128216,0.0,6.154e-05,0.00222155,0.93639892,1.75e-06,3.407e-05,42959,6,0.01782715,0.9998961
12,8,8014038,0.98759434,0.06126218,0.0,6.144e-05,0.00217223,0.93646688,1.56e-06,3.571e-05,43999,6,0.02952127,0.999948
12,9,8014039,0.9875978,0.06138101,0.0,6.001e-05,0.00214687,0.93637504,1.62e-06,3.545e-05,64927,6,0.03065271,0.999948
12,10,8014040,0.98755047,0.0611731,0.0,5.959e-05,0.00215711,0.9365789,1.61e-06,2.969e-05,61423,6,0.02654626,0.9998961
13,1,8014061,0.9864269,0.02431932,0.00903714,2.3e-05,0.00155707,0.96495121,5.955e-05,5.27e-05,32907,6,0.22574766,0.999516
13,2,8014062,0.98655467,0.02336787,0.00892437,2.267e-05,0.00120774,0.96639187,5.225e-05,3.322e-05,37003,6,0.07685819,0.999516
13,3,8014063,0.98625239,0.02519979,0.00969333,2.31e-05,0.00152686,0.96343661,5.838e-05,6.193e-05,32907,6,0.14052192,0.999516
13,4,8014064,0.98646477,0.02302517,0.0090373,2.291e-05,0.00110984,0.96671341,5.694e-05,3.443e-05,32905,6,0.19611787,0.999516
13,5,8014065,0.98653655,0.02352342,0.00903254,2.287e-05,0.0012303,0.96610103,5.347e-05,3.638e-05,37007,6,0.14972062,0.999516
13,6,8014066,0.98645252,0.02331033,0.00899842,2.355e-05,0.00115915,0.96643307,5.709e-05,1.839e-05,37065,6,0.11197316,0.999516
13,7,8014067,0.98638604,0.02467421,0.00900027,2.31e-05,0.00163332,0.96454887,6.256e-05,5.767e-05,37003,6,0.22599878,0.999516
13,8,8014068,0.98642567,0.0242275,0.00919629,2.333e-05,0.00151409,0.96493799,5.868e-05,4.212e-05,37071,6,0.19680687,0.999516
13,9,8014069,0.98640554,0.02451191,0.00928666,2.281e-05,0.00156117,0.96450511,5.88e-05,5.354e-05,32971,6,0.15522357,0.999516
13,10,8014070,0.98650227,0.02316651,0.00877158,2.294e-05,0.00123688,0.96672018,5.522e-05,2.668e-05,32971,6,0.2200002,0.999516
14,1,8014091,0.98358339,0.04767574,0.0,0.00133949,0.00171909,0.94920893,1.133e-05,4.542e-05,39775,6,0.04065358,0.9998239
14,2,8014092,0.98353708,0.04807858,0.0,0.00136145,0.00166666,0.9488454,1.134e-05,3.657e-05,11231,6,0.04934797,0.9997739
14,3,8014093,0.98350961,0.04752437,0.0,0.00136386,0.0016697,0.94940261,1.134e-05,2.812e-05,25567,6,0.03974167,0.9997739
14,4,8014094,0.98357446,0.047515,0.0,0.0013469,0.00167613,0.94940729,1.126e-05,4.341e-05,63903,6,0.03619301,0.9998239
14,5,8014095,0.98359352,0.04764026,0.0,0.00134274,0.00169852,0.94927031,1.131e-05,3.686e-05,58335,6,0.04148869,0.9998239
14,6,8014096,0.98349607,0.04830861,0.0,0.00136983,0.00170579,0.94856486,1.131e-05,3.96e-05,31711,6,0.03746943,0.9998239
14,7,8014097,0.98357991,0.04724898,0.0,0.00134875,0.00168869,0.94966023,1.129e-05,4.205e-05,56159,6,0.03970691,0.9998239
14,8,8014098,0.98352666,0.04780025,0.0,0.00135768,0.00165629,0.94913933,1.127e-05,3.519e-05,34783,6,0.02750706,0.9998239
14,9,8014099,0.98354854,0.04810322,0.0,0.00135171,0.00171013,0.94878826,1.126e-05,3.542e-05,56159,6,0.03799012,0.9998239
14,10,8014100,0.98348337,0.0475766,0.0,0.00136577,0.00165299,0.94935709,1.127e-05,3.629e-05,15327,6,0.06127847,0.9998239
15,1,8014121,0.98910842,0.05289452,0.01803863,0.000528,0.00207394,0.92640299,2.78e-05,3.411e-05,33423,6,0.22502386,0.9995989
15,2,8014122,0.98874959,0.05229376,0.01818832,0.00612583,0.00184551,0.92149068,2.552e-05,3.037e-05,33293,6,0.07746123,0.9995989
15,3,8014123,0.98797134,0.06274922,0.02070624,0.00189852,0.00243374,0.90800639,2.258e-05,0.00418332,37519,6,0.1289931,0.9995989
15,4,8014124,0.98782489,0.06745778,0.02074223,0.00541127,0.00260291,0.90372183,2.434e-05,3.964e-05,31375,6,0.09910938,0.9997988
15,5,8014125,0.98903383,0.05247904,0.017919,0.00067913,0.00325356,0.92559154,2.357e-05,5.416e-05,33423,6,0.38211129,0.9995989
15,6,8014126,0.98906039,0.05505532,0.01936486,0.00019719,0.00204765,0.92324403,2.903e-05,6.193e-05,37519,6,0.11767532,0.9995989
15,7,8014127,0.9885081,0.05766868,0.0188209,0.00017604,0.00191374,0.92128581,2.237e-05,0.00011246,33295,6,0.06189989,0.9995989
15,8,8014128,0.9884663,0.05723095,0.01935737,0.00097339,0.00206066,0.92031601,2.524e-05,3.638e-05,37391,6,0.15901359,0.9995989
15,9,8014129,0.98878174,0.0575163,0.01874619,0.00020606,0.00220279,0.9206562,0.00064884,2.362e-05,33295,6,0.09505854,0.9995989
15,10,8014130,0.98848886,0.066313,0.01978587,0.00023384,0.0023824,0.911206,2.747e-05,5.143e-05,55951,6,0.20169697,0.9997975
16,1,8014151,0.98301702,0.02790992,0.0135456,9.724e-05,0.00115756,0.95713533,7.172e-05,8.264e-05,32907,6,0.09315309,0.9994306
16,2,8014152,0.98219449,0.03058793,0.01433198,0.0001039,0.00128054,0.95356848,7.777e-05,4.94e-05,32971,6,0.10635618,0.9994305
16,3,8014153,0.98314283,0.02392289,0.01156392,9.741e-05,0.00089231,0.96341835,6.708e-05,3.804e-05,36941,6,0.14616849,0.9994306
16,4,8014154,0.98225275,0.03049769,0.01372105,0.00010482,0.00135053,0.95417385,8.196e-05,7.009e-05,32971,6,0.10348284,0.9994305
16,5,8014155,0.94479353,0.02593779,0.0104642,0.11356235,0.00108787,0.84883724,7.282e-05,3.774e-05,32911,6,0.12619735,0.9994306
16,6,8014156,0.98226869,0.02996969,0.01410062,0.00010144,0.00109792,0.9545948,7.619e-05,5.933e-05,39119,6,0.07202113,0.9994308
16,7,8014157,0.98306842,0.02500641,0.0129234,9.754e-05,0.00093361,0.96094673,6.757e-05,2.473e-05,37067,6,0.07621589,0.9994306
16,8,8014158,0.98297437,0.02952188,0.01460785,9.958e-05,0.00106465,0.95449486,7.094e-05,0.00014023,38989,6,0.06479261,0.9994305
16,9,8014159,0.98215488,0.0344658,0.01625321,0.00010604,0.00137671,0.94767353,8.123e-05,4.349e-05,39115,6,0.09895517,0.9994306
16,10,8014160,0.98324812,0.02632869,0.01234209,9.733e-05,0.0010346,0.96009669,6.8e-05,3.261e-05,32907,6,0.16626665,0.9994306
17,1,8014181,0.98639601,0.04921182,0.0,9.373e-05,0.00605056,0.22990049,0.0,0.7147434,64479,7,0.01985784,0.9999002
17,2,8014182,0.98644351,0.04912678,0.0,9.525e-05,0.00602575,0.1951961,0.0,0.74955613,61407,7,0.02764501,0.9999002
17,3,8014183,0.98643699,0.04915376,0.0,9.369e-05,0.00618802,0.1741675,0.0,0.77039702,39775,7,0.03110936,0.9999002
17,4,8014184,0.98641165,0.04891804,0.0,9.263e-05,0.00607495,0.23586712,0.0,0.70904726,16351,7,0.02179288,0.9999002
17,5,8014185,0.9864713,0.04933227,0.0,9.394e-05,0.00623554,0.19686251,0.0,0.74747574,30687,7,0.03609036,0.9999002
17,6,8014186,0.98644307,0.04917199,0.0,9.308e-05,0.00608209,0.20246537,0.0,0.74218746,56287,7,0.03227541,0.9999002
17,7,8014187,0.98647298,0.04936626,0.0,9.542e-05,0.0061397,0.19323204,0.0,0.75116659,31711,7,0.02622673,0.9999002
17,8,8014188,0.9864624,0.0494613,0.0,9.502e-05,0.00611934,0.24113608,0.0,0.70318826,61279,7,0.0224439,0.9999002
17,9,8014189,0.98639444,0.04899206,0.0,9.302e-05,0.00601223,0.21845904,0.0,0.72644365,28503,7,0.01371999,0.9998502
17,10,8014190,0.98640139,0.04920744,0.0,9.5e-05,0.00607517,0.23383448,0.0,0.7107879,14303,7,0.02129646,0.9999002
18,1,8014211,0.9888269,0.02582924,0.01422795,1.611e-05,0.00144561,0.95839334,4.185e-05,4.59e-05,32911,6,0.09911482,0.9995736
18,2,8014212,0.98864783,0.02732753,0.01427205,1.711e-05,0.00178008,0.95649294,4.475e-05,6.554e-05,32907,6,0.16147593,0.9995736
18,3,8014213,0.98885805,0.0249391,0.01438744,1.621e-05,0.00116862,0.95942965,4.267e-05,1.632e-05,36941,6,0.11840647,0.9995736
18,4,8014214,0.98880334,0.02679429,0.01450031,1.63e-05,0.0016036,0.95700512,4.173e-05,3.866e-05,32971,6,0.25971119,0.9995736
18,5,8014215,0.9887281,0.02559296,0.01436083,1.652e-05,0.00134343,0.95862889,4.166e-05,1.57e-05,32905,6,0.10954745,0.9995736
18,6,8014216,0.98867822,0.02664198,0.01465416,1.629e-05,0.00160494,0.957003,4.229e-05,3.734e-05,32975,6,0.20906994,0.9995736
18,7,8014217,0.98866771,0.02716256,0.01388222,1.706e-05,0.00179969,0.95705114,4.431e-05,4.303e-05,32907,6,0.2408264,0.9995736
18,8,8014218,0.98875027,0.0267498,0.01433608,1.671e-05,0.00168526,0.95712691,4.771e-05,3.752e-05,32971,6,0.33302777,0.9995736
18,9,8014219,0.98892582,0.02467419,0.01372129,1.778e-05,0.00120499,0.96031481,3.864e-05,2.831e-05,32905,6,0.09677071,0.9995736
18,10,8014220,0.98876048,0.02601731,0.01439888,1.661e-05,0.00148601,0.95799638,4.335e-05,4.146e-05,37007,6,0.13242918,0.9995736
19,1,8014241,0.98124041,0.04546216,0.0,0.001495,0.00157178,0.9513761,5.097e-05,4.4e-05,35295,6,0.06840177,0.9997883
19,2,8014242,0.98142703,0.04515263,0.0,0.001456,0.00152911,0.95177718,5.015e-05,3.493e-05,51679,6,0.07026325,0.9997883
19,3,8014243,0.98149502,0.04491388,0.0,0.00145488,0.00149643,0.95205035,4.993e-05,3.453e-05,37727,6,0.04676184,0.9997884
19,4,8014244,0.98127387,0.04565675,0.0,0.00147467,0.00159186,0.95119178,5.121e-05,3.373e-05,39903,6,0.04626986,0.9997884
19,5,8014245,0.98134557,0.04529718,0.0,0.0014639,0.0015843,0.95156598,5.05e-05,3.814e-05,39391,6,0.06143165,0.9997883
19,6,8014246,0.98150011,0.04432933,0.0,0.00145807,0.00148917,0.95264242,5.049e-05,3.053e-05,39391,6,0.04432937,0.9997883
19,7,8014247,0.98148473,0.04516022,0.0,0.00144248,0.00152629,0.95178152,5e-05,3.949e-05,57823,6,0.04522904,0.9997883
19,8,8014248,0.98143343,0.04442578,0.0,0.00145855,0.0015169,0.95251734,5.067e-05,3.075e-05,37855,6,0.04482049,0.9997884
19,9,8014249,0.98127289,0.04559568,0.0,0.00149168,0.0015415,0.95128778,5.024e-05,3.312e-05,60831,6,0.0553351,0.9997883
19,10,8014250,0.98141093,0.04506431,0.0,0.0014712,0.00153425,0.95185177,5.017e-05,2.831e-05,51615,6,0.07962617,0.9997883
20,1,8014271,0.98759073,0.05594383,0.02938482,0.00028659,0.00197513,0.91238398,8.21e-06,1.744e-05,57547,6,0.07139839,0.9997914
20,2,8014272,0.9876284,0.05593026,0.02924577,0.00010642,0.00196866,0.91271942,8.59e-06,2.088e-05,61647,6,0.05264356,0.9997915
20,3,8014273,0.98775248,0.05422368,0.02913398,0.00010211,0.00188519,0.91461906,8.11e-06,2.787e-05,51407,6,0.03880684,0.9997829
20,4,8014274,0.9876658,0.05276569,0.02822967,0.00010106,0.00191933,0.91693902,7.97e-06,3.726e-05,59535,6,0.03524153,0.9997915
20,5,8014275,0.9874653,0.05669289,0.02927624,0.00010452,0.00199355,0.91190192,8.54e-06,2.234e-05,61579,6,0.04896632,0.9997915
20,6,8014276,0.98766294,0.05726628,0.02947147,0.0001072,0.00206766,0.91105829,8.4e-06,2.07e-05,57739,6,0.03954049,0.9997829
20,7,8014277,0.98766649,0.05564098,0.02871381,0.00010583,0.00198438,0.91352556,8.54e-06,2.09e-05,57551,6,0.06005742,0.9997914
20,8,8014278,0.98757817,0.05662932,0.03001766,0.00021173,0.00200062,0.91111668,8.33e-06,1.567e-05,63691,6,0.06236335,0.9997915
20,9,8014279,0.98770479,0.05625827,0.02891462,0.00010735,0.00200642,0.91267681,8.59e-06,2.794e-05,55439,6,0.07084815,0.9997829
20,10,8014280,0.98772591,0.05708495,0.02874533,0.00010685,0.00204943,0.91198958,8.68e-06,1.518e-05,28879,6,0.02980803,0.9997914
21,1,8014301,0.98463493,0.02339927,0.00838841,5.133e-05,0.00103422,0.96700618,9.764e-05,2.295e-05,37069,6,0.10140166,0.9994793
21,2,8014302,0.98508022,0.02195512,0.00836399,4.976e-05,0.00085148,0.9686717,8.459e-05,2.337e-05,32845,6,0.162961,0.9994793
21,3,8014303,0.9848228,0.02344181,0.00828178,4.921e-05,0.00115351,0.96694663,9.812e-05,2.894e-05,37067,6,0.1764246,0.9994793
21,4,8014304,0.98493542,0.0233601,0.00859389,4.927e-05,0.00133309,0.96652529,9.642e-05,4.194e-05,37003,6,0.27137359,0.9994793
21,5,8014305,0.9848047,0.02432631,0.00911673,4.928e-05,0.00146405,0.96489978,0.00010221,4.165e-05,34955,6,0.13964241,0.9994793
21,6,8014306,0.98491573,0.02366859,0.00871552,4.906e-05,0.00131965,0.96610601,9.395e-05,4.721e-05,32971,6,0.23644028,0.9994793
21,7,8014307,0.98462324,0.02423751,0.00900043,4.916e-05,0.00123952,0.96533633,0.00010074,3.632e-05,35019,6,0.13305123,0.9994793
21,8,8014308,0.98500841,0.02266618,0.00819634,4.876e-05,0.00114515,0.96781303,9.278e-05,3.777e-05,32975,6,0.13218748,0.9994793
21,9,8014309,0.98493664,0.02338087,0.00900965,4.902e-05,0.0012731,0.96614337,9.499e-05,4.9e-05,37003,6,0.28018249,0.9994793
21,10,8014310,0.98500484,0.0222394,0.00791645,4.887e-05,0.00106289,0.96860246,9.901e-05,3.092e-05,37069,6,0.12698352,0.9994793
22,1,8014331,0.98508031,0.04241697,0.0,0.00060704,0.00603594,0.22789973,0.0,0.72304032,48095,7,0.02369739,0.9998355
22,2,8014332,0.98505973,0.04262511,0.0,0.0006119,0.0058697,0.21577876,0.0,0.73511454,63455,7,0.0308209,0.9998355
22,3,8014333,0.98508961,0.04262713,0.0,0.00061138,0.00605618,0.24434325,0.0,0.70636206,45023,7,0.02780253,0.9998355
22,4,8014334,0.98507243,0.04249931,0.0,0.00061145,0.00605527,0.20062418,0.0,0.75020978,31711,7,0.02356452,0.9998355
22,5,8014335,0.98512171,0.04312914,0.0,0.00061216,0.00605447,0.16966012,0.0,0.78054412,62431,7,0.02762525,0.9998355
22,6,8014336,0.98510633,0.04276431,0.0,0.00060968,0.00599385,0.1812584,0.0,0.76937376,49119,7,0.04563304,0.9998355
22,7,8014337,0.98509013,0.0426801,0.0,0.00061107,0.00601893,0.18888947,0.0,0.76180044,57311,7,0.02100542,0.9998355
22,8,8014338,0.98506918,0.04242463,0.0,0.00061011,0.00605476,0.20984149,0.0,0.74106901,52191,7,0.0229168,0.9998355
22,9,8014339,0.98508031,0.04262231,0.0,0.00061312,0.00594435,0.17329644,0.0,0.77752379,64351,7,0.02670802,0.9998355
22,10,8014340,0.98510938,0.04283816,0.0,0.00061056,0.00594211,0.19244891,0.0,0.75816026,16351,7,0.03346819,0.9998355
23,1,8014361,0.98734747,0.0569049,0.00473684,0.00026385,0.00410059,0.92749817,0.0,0.00649565,52010,6,0.15767332,1.0949769
23,2,8014362,0.98712542,0.06052758,0.00482872,0.00025105,0.00424688,0.91025569,0.0,0.01989008,57130,6,0.22018098,1.0950102
23,3,8014363,0.98727819,0.05836648,0.004655,0.00025014,0.00427741,0.93069771,0.0,0.00175327,52010,6,0.23756646,1.0949769
23,4,8014364,0.98705002,0.05853814,0.0049451,0.00023938,0.00405576,0.87113175,0.0,0.06108987,57098,6,0.21019962,1.0950102
23,5,8014365,0.98700661,0.04892895,0.00438408,0.00037725,0.00346875,0.92238982,0.0,0.02045116,51970,6,0.18837262,1.0949435
23,6,8014366,0.98760497,0.05731317,0.00489008,0.00024198,0.00397803,0.90361966,0.0,0.02995708,51978,6,0.31200869,1.0949769
23,7,8014367,0.98708749,0.05950845,0.00483138,0.00025639,0.00402149,0.92655667,0.0,0.00482562,51979,6,0.12421379,1.0950768
23,8,8014368,0.98728416,0.05684999,0.00473822,0.00023088,0.00419907,0.92786061,0.0,0.00612123,56098,6,0.16094914,1.0949769
23,9,8014369,0.98742316,0.05851367,0.00460084,0.00027341,0.00443226,0.92239391,0.0,0.0097859,52002,6,0.27593489,1.0949436
23,10,8014370,0.98676164,0.05426139,0.00496358,0.00025078,0.00353901,0.93442793,0.0,0.00255731,57098,6,0.20725532,1.0950102
24,1,8014391,0.98032464,0.04410484,0.0,0.00047569,0.00136354,0.95395505,6.861e-05,3.227e-05,23007,6,0.10891792,0.9997878
24,2,8014392,0.98011658,0.04448931,0.0,0.00046796,0.00153601,0.95336746,7.771e-05,6.154e-05,55711,6,0.07954758,0.9997878
24,3,8014393,0.97957275,0.04658191,0.0,0.00048194,0.00159153,0.95123204,7.222e-05,4.037e-05,33759,6,0.07987757,0.9997879
24,4,8014394,0.98019609,0.04107533,0.0,0.0004536,0.0014627,0.95689014,7.554e-05,4.269e-05,36255,6,0.06551245,0.9997878
24,5,8014395,0.98025945,0.0441532,0.0,0.0004587,0.00147254,0.95380209,7.238e-05,4.109e-05,33759,6,0.08698569,0.9997879
24,6,8014396,0.98035543,0.04139436,0.0,0.00045486,0.00130946,0.95673934,7.022e-05,3.176e-05,37727,6,0.11486874,0.9997879
24,7,8014397,0.98017225,0.04430317,0.0,0.00046508,0.00153419,0.95358401,7.394e-05,3.96e-05,33759,6,0.06589745,0.9997879
24,8,8014398,0.98003929,0.04258784,0.0,0.00047074,0.00141392,0.95542237,7.292e-05,3.221e-05,55711,6,0.0757305,0.9997878
24,9,8014399,0.9801751,0.04498856,0.0,0.00046035,0.00150098,0.9529319,7.103e-05,4.717e-05,37727,6,0.06950078,0.9997879
24,10,8014400,0.97980497,0.04528569,0.0,0.00047522,0.00153966,0.95258998,7.355e-05,3.59e-05,33759,6,0.06532349,0.9997879
25,1,8014421,0.98936634,0.05265139,0.0,0.0,0.00614134,0.21138878,0.0,0.72981849,53087,7,0.02635789,0.9999445
25,2,8014422,0.98944894,0.05249937,0.0,0.0,0.00614729,0.19721214,0.0,0.7441412,57183,7,0.02615618,0.9999445
25,3,8014423,0.98945005,0.05251092,0.0,0.0,0.00618682,0.17796748,0.0,0.76333478,31583,7,0.02306709,0.9999445
25,4,8014424,0.98950036,0.05331807,0.0,0.0,0.00620679,0.16464513,0.0,0.77583001,31711,7,0.03319956,0.9999445
25,5,8014425,0.98954377,0.05260521,0.0,0.0,0.0061585,0.1519442,0.0,0.78929209,59359,7,0.03158794,0.9999445
25,6,8014426,0.98944135,0.05280933,0.0,0.0,0.00624746,0.16891754,0.0,0.77202567,48095,7,0.02430197,0.9999445
25,7,8014427,0.98948178,0.05234629,0.0,0.0,0.00615461,0.19198498,0.0,0.74951412,53215,7,0.01784577,0.9999445
25,8,8014428,0.98950944,0.05276366,0.0,0.0,0.0062741,0.16765702,0.0,0.77330522,53215,7,0.02677821,0.9999445
25,9,8014429,0.98945877,0.05256506,0.0,0.0,0.00616223,0.18962941,0.0,0.7516433,32735,7,0.04943739,0.9999445
25,10,8014430,0.9894662,0.05308871,0.0,0.0,0.00616922,0.17667918,0.0,0.76406289,42975,7,0.04361311,0.9999445
26,1,8014451,0.98768831,0.02523526,0.0130856,1.051e-05,0.00168434,0.95983735,7.257e-05,7.437e-05,32907,6,0.1616082,0.9995499
26,2,8014452,0.98755611,0.02563832,0.01317555,1.068e-05,0.00176401,0.95929216,7.342e-05,4.586e-05,37007,6,0.2647875,0.9995499
26,3,8014453,0.9876954,0.02511959,0.01332372,1.048e-05,0.00166099,0.95976824,6.46e-05,5.238e-05,37003,6,0.24069605,0.9995499
26,4,8014454,0.98755588,0.02567954,0.01308693,1.148e-05,0.00175955,0.95934875,6.776e-05,4.599e-05,37003,6,0.28002842,0.9995499
26,5,8014455,0.98764193,0.02517801,0.01355835,1.006e-05,0.00157919,0.95896507,0.00024102,0.00046829,37071,6,0.12493207,0.9995499
26,6,8014456,0.98771829,0.02399364,0.01320902,1.055e-05,0.00139647,0.9612997,6.6e-05,2.461e-05,32905,6,0.24613484,0.9995499
26,7,8014457,0.98762806,0.02515909,0.01330993,1.062e-05,0.00165965,0.95974787,6.522e-05,4.761e-05,37003,6,0.2542024,0.9995499
26,8,8014458,0.98772263,0.02465035,0.01255287,1.061e-05,0.0015216,0.96114898,6.519e-05,5.04e-05,32911,6,0.12347679,0.9995499
26,9,8014459,0.98778462,0.02417659,0.01325025,1.009e-05,0.00143312,0.96100941,6.251e-05,5.804e-05,32969,6,0.13793817,0.9995499
26,10,8014460,0.9878014,0.02454127,0.01304349,1.021e-05,0.00151032,0.96078258,6.196e-05,5.018e-05,32971,6,0.16083141,0.9995499
27,1,8014481,0.98283611,0.04418483,0.0,0.00134656,0.00153781,0.95287294,2.227e-05,3.558e-05,40927,6,0.0463273,0.9997787
27,2,8014482,0.98283207,0.04368798,0.0,0.0013422,0.001525,0.95338952,2.227e-05,3.302e-05,58783,6,0.04949307,0.9997787
27,3,8014483,0.98286982,0.04367907,0.0,0.00133297,0.00150936,0.95342476,2.226e-05,3.158e-05,45023,6,0.03580021,0.9997787
27,4,8014484,0.98294543,0.04328333,0.0,0.0013074,0.00153448,0.95381572,2.227e-05,3.68e-05,60559,6,0.07555109,0.9995788
27,5,8014485,0.98280277,0.0436866,0.0,0.00134308,0.0015049,0.95341409,2.23e-05,2.902e-05,65503,6,0.05458663,0.9997787
27,6,8014486,0.98278892,0.04401655,0.0,0.00134658,0.00156945,0.95300715,2.23e-05,3.797e-05,35807,6,0.03474856,0.9997787
27,7,8014487,0.98285952,0.04309693,0.0,0.00132464,0.00150865,0.95400768,2.239e-05,3.973e-05,62879,6,0.05493284,0.9997787
27,8,8014488,0.98284182,0.04427309,0.0,0.00134777,0.00155121,0.95276948,2.226e-05,3.618e-05,40927,6,0.08576605,0.9997787
27,9,8014489,0.98283795,0.04394354,0.0,0.00133628,0.00152792,0.95312392,2.224e-05,4.61e-05,39903,6,0.03702866,0.9997787
27,10,8014490,0.98286985,0.04356835,0.0,0.00133338,0.00152061,0.9535204,2.227e-05,3.499e-05,57823,6,0.06998795,0.9997787
28,1,8014511,0.98620575,0.04242802,0.00179452,0.0003154,0.00244537,0.95250338,0.0,0.00051331,53026,6,0.15172335,1.1520496
28,2,8014512,0.98622831,0.03660922,0.00078081,0.00031952,0.00190806,0.9603469,0.0,3.549e-05,52546,6,0.39231412,1.1520496
28,3,8014513,0.98718686,0.05902538,0.00373331,0.00026929,0.00421387,0.92381432,0.0,0.00894383,53002,6,0.13650819,1.1520829
28,4,8014514,0.98718807,0.05907674,0.00370192,0.00028273,0.00407582,0.93145213,0.0,0.00141066,51978,6,0.22154171,1.1520829
28,5,8014515,0.98697806,0.0593466,0.00412112,0.00028646,0.00398019,0.93060808,0.0,0.00165756,53002,6,0.28348266,1.1520829
28,6,8014516,0.98699178,0.06056027,0.00397675,0.00029309,0.00390485,0.92281297,0.0,0.00845208,56074,6,0.16898999,1.1521162
28,7,8014517,0.98711202,0.05912982,0.00371558,0.00028088,0.00405332,0.88245948,0.0,0.05036093,53002,6,0.17719595,1.1520829
28,8,8014518,0.98666371,0.06303685,0.00405098,0.00037505,0.00404988,0.92515937,0.0,0.00332787,57130,6,0.19803395,1.1521162
28,9,8014519,0.98736469,0.05730193,0.00361771,0.00027407,0.00401402,0.93279039,0.0,0.00200187,51970,6,0.18036523,1.1520496
28,10,8014520,0.98704903,0.0592542,0.00383329,0.00028645,0.00411505,0.92251625,0.0,0.00999476,56106,6,0.19470161,1.1521163
29,1,8014541,0.98292025,0.02178951,0.00832858,7.088e-05,0.00089405,0.96881454,8.548e-05,1.695e-05,36937,6,0.1242142,0.9994301
29,2,8014542,0.98281863,0.02187444,0.00823401,7.039e-05,0.0010049,0.96869334,9.241e-05,3.052e-05,37069,6,0.14334099,0.9994301
29,3,8014543,0.98298212,0.02269563,0.00863814,7.07e-05,0.00092059,0.96756854,8.348e-05,2.292e-05,32975,6,0.11500363,0.9994301
29,4,8014544,0.98292358,0.02272137,0.00843571,7.04e-05,0.00086567,0.96779264,8.181e-05,3.24e-05,32777,6,0.11680118,0.9994301
29,5,8014545,0.98285772,0.02330637,0.00887936,7.16e-05,0.00097275,0.96662769,8.735e-05,5.489e-05,37003,6,0.11363706,0.9994301
29,6,8014546,0.98154378,0.02809148,0.00966197,7.335e-05,0.00111233,0.96095246,9.553e-05,1.288e-05,36873,6,0.08499572,0.9994301
29,7,8014547,0.98279509,0.02271981,0.00839902,7.041e-05,0.00097979,0.96771013,8.928e-05,3.156e-05,32969,6,0.12715418,0.9994301
29,8,8014548,0.982921,0.02271407,0.00867946,7.044e-05,0.00098333,0.96742841,8.937e-05,3.492e-05,32971,6,0.12587112,0.9994301
29,9,8014549,0.98276466,0.02234648,0.00818364,7.11e-05,0.00106759,0.96819846,9.425e-05,3.848e-05,37003,6,0.1472238,0.9994301
29,10,8014550,0.98286598,0.02306487,0.00853641,7.087e-05,0.00104698,0.96714868,8.934e-05,4.287e-05,37067,6,0.09443831,0.9994301
30,1,8014571,0.98723904,0.04362299,0.0,0.00010473,0.0060605,0.15972941,0.0,0.79048238,45023,7,0.02377572,0.9998699
30,2,8014572,0.98723989,0.04326616,0.0,0.00010362,0.00621285,0.17902525,0.0,0.77139211,58207,7,0.01965025,0.9998699
30,3,8014573,0.98718001,0.04393963,0.0,0.00010568,0.0061886,0.19449679,0.0,0.75526931,63455,7,0.02411234,0.9998699
30,4,8014574,0.98724947,0.04387559,0.0,0.00010492,0.00616539,0.15130303,0.0,0.79855107,55263,7,0.02741837,0.9998699
30,5,8014575,0.98723459,0.04362564,0.0,0.00010368,0.00617068,0.16424057,0.0,0.78585942,60255,7,0.01859832,0.9998699
30,6,8014576,0.98720292,0.044091,0.0,0.00010588,0.00619004,0.1937294,0.0,0.75588369,62303,7,0.02901045,0.9998699
30,7,8014577,0.9871948,0.04367742,0.0,0.00010451,0.00611554,0.21042985,0.0,0.73967267,39775,7,0.0163583,0.9998699
30,8,8014578,0.98722873,0.04374714,0.0,0.00010472,0.00617564,0.17597045,0.0,0.77400205,64927,6,0.02352906,0.9998699
30,9,8014579,0.98723088,0.04405343,0.0,0.00010569,0.00616779,0.14306129,0.0,0.80661181,30559,7,0.02319364,0.9998699
30,10,8014580,0.98723903,0.04377412,0.0,0.00010418,0.00625166,0.14444515,0.0,0.8054249,53215,7,0.01959295,0.9998699
31,1,8014601,0.98764652,0.05657142,0.00544517,6.287e-05,0.0044766,0.92852113,0.0,0.00492281,52002,6,0.16633764,1.0881104
31,2,8014602,0.98733561,0.05697386,0.00573157,6.509e-05,0.00453644,0.92921167,0.0,0.00348137,51970,6,0.24930305,1.0881103
31,3,8014603,0.98761171,0.05598671,0.00563735,6.56e-05,0.00441215,0.92619797,0.0,0.00770021,51970,6,0.18292656,1.0881103
31,4,8014604,0.9880571,0.05486145,0.00552335,6.35e-05,0.0043856,0.91580779,0.0,0.01935832,51970,6,0.33180862,1.0881103
31,5,8014605,0.98832305,0.05501205,0.00513919,5.68e-05,0.00444801,0.91168811,0.0,0.02365583,51970,6,0.50869069,1.0881103
31,6,8014606,0.98799752,0.0552669,0.00555597,6.3e-05,0.00454157,0.92961234,0.0,0.00496022,52002,6,0.31358281,1.0881104
31,7,8014607,0.98770667,0.05686408,0.00543589,6.262e-05,0.00448287,0.91512993,0.0,0.01802461,52010,6,0.21042265,1.0881437
31,8,8014608,0.98779616,0.05750748,0.0058032,6.097e-05,0.00447988,0.90031271,0.0,0.03183575,51978,6,0.14459811,1.0881437
31,9,8014609,0.98795119,0.05488793,0.00547904,6.979e-05,0.00437497,0.91953555,0.0,0.01565273,51979,6,0.26842326,1.0882436
31,10,8014610,0.98740796,0.05721477,0.00588509,0.00023788,0.00446022,0.92965198,0.0,0.00255006,52002,6,0.17573363,1.0881104
32,1,8014631,0.98017723,0.04253016,0.0,0.00141845,0.00143646,0.9545153,6.632e-05,3.331e-05,39391,6,0.0626699,0.9997546
32,2,8014632,0.98016282,0.04164121,0.0,0.00139369,0.00147908,0.95538241,6.723e-05,3.638e-05,33247,6,0.05786881,0.9997546
32,3,8014633,0.98028643,0.04118455,0.0,0.00139258,0.00149399,0.95582709,6.725e-05,3.454e-05,59871,6,0.07416253,0.9997546
32,4,8014634,0.9804979,0.04108914,0.0,0.00135392,0.00140886,0.95604888,6.656e-05,3.264e-05,55775,6,0.08409416,0.9997546
32,5,8014635,0.97994564,0.04290883,0.0,0.00143197,0.00150786,0.95404671,6.727e-05,3.736e-05,51615,6,0.05569053,0.9997546
32,6,8014636,0.98034869,0.0413326,0.0,0.00137667,0.00142491,0.95576157,6.642e-05,3.784e-05,33247,6,0.08816067,0.9997546
32,7,8014637,0.98030106,0.0421362,0.0,0.00139112,0.00142997,0.95494255,6.649e-05,3.367e-05,37855,6,0.12115068,0.9997547
32,8,8014638,0.9801619,0.04248208,0.0,0.0014073,0.00151212,0.95449113,6.709e-05,4.028e-05,51679,6,0.09012242,0.9997546
32,9,8014639,0.98010819,0.04285749,0.0,0.00142914,0.00150096,0.95410341,6.682e-05,4.218e-05,37855,6,0.10374978,0.9997547
32,10,8014640,0.9801965,0.04230412,0.0,0.00141154,0.001426,0.95475458,6.644e-05,3.732e-05,35295,6,0.08082648,0.9997546
33,1,8014661,0.99813139,0.05356776,0.01669764,0.0,0.00599312,0.00809536,0.0,0.91564612,51199,7,0.06195262,0.9999962
33,2,8014662,0.99812539,0.05353469,0.02005999,0.0,0.0059481,0.00787177,0.0,0.91258544,48127,7,0.05973062,0.9999943
33,3,8014663,0.99812258,0.05353564,0.01793024,0.0,0.00598525,0.00821637,0.0,0.9143325,57343,7,0.06887917,0.9999962
33,4,8014664,0.99813376,0.05359105,0.01835753,0.0,0.00595209,0.00804681,0.0,0.91405253,61439,7,0.05331921,0.9999962
33,5,8014665,0.99810675,0.05351051,0.02334495,0.0,0.00599513,0.00993148,0.0,0.90721793,36095,7,0.08079434,0.9999923
33,6,8014666,0.99812615,0.05349666,0.02410918,0.0,0.00588107,0.01115576,0.0,0.90535732,50431,7,0.08028119,0.9999923
33,7,8014667,0.99812345,0.05365275,0.01921875,0.0,0.00593806,0.01353683,0.0,0.90765362,59391,7,0.05343977,0.9999962
33,8,8014668,0.9981175,0.05348865,0.01863227,0.0,0.00593997,0.01103644,0.0,0.91090266,53247,7,0.05581295,0.9999962
33,9,8014669,0.99812355,0.05344192,0.01674494,0.0,0.00595777,0.00981209,0.0,0.91404329,51199,7,0.05596802,0.9999962
33,10,8014670,0.99813111,0.05334437,0.01884333,0.0,0.00599383,0.01370953,0.0,0.90810894,15359,7,0.06880393,0.9999943
34,1,8014691,0.98573936,0.02314457,0.0076349,0.0,0.00142721,0.96763355,0.00011934,4.044e-05,37005,6,0.2055613,0.999506
34,2,8014692,0.98583105,0.02222427,0.00747713,0.0,0.00118167,0.96897917,0.00011166,2.609e-05,37065,6,0.1826201,0.999506
34,3,8014693,0.98566702,0.02376184,0.00802909,0.0,0.00158511,0.9664588,0.00011724,4.792e-05,32907,6,0.27596703,0.999506
34,4,8014694,0.98590306,0.02175343,0.00732872,0.0,0.00107812,0.96969861,0.00010618,3.493e-05,37067,6,0.13490503,0.999506
34,5,8014695,0.98579658,0.02331936,0.00787752,0.0,0.00145224,0.96717305,0.00011542,6.241e-05,37007,6,0.13586633,0.999506
34,6,8014696,0.98583184,0.02255868,0.00740123,0.0,0.00129337,0.96860314,0.00011318,3.039e-05,32971,6,0.17462414,0.999506
34,7,8014697,0.98574745,0.02213068,0.00768034,0.0,0.00109524,0.96895599,0.00011706,2.069e-05,32973,6,0.2029249,0.999506
34,8,8014698,0.98569592,0.0238492,0.00809712,0.0,0.00153847,0.96634714,0.00011468,5.338e-05,37071,6,0.16460516,0.999506
34,9,8014699,0.98590339,0.02150343,0.00724667,0.0,0.00105589,0.97006124,0.00011024,2.253e-05,32971,6,0.14581706,0.999506
34,10,8014700,0.98589107,0.02230415,0.00765846,0.0,0.00121051,0.96867662,0.00010758,4.268e-05,37003,6,0.16584707,0.999506
35,1,8014721,0.9850095,0.03850824,0.0,0.00061688,0.00566236,0.18993416,0.0,0.76527837,56287,7,0.02146026,0.9997919
35,2,8014722,0.98502114,0.03839844,0.0,0.00061739,0.00564068,0.15916315,0.0,0.79618033,30559,7,0.0342317,0.9997919
35,3,8014723,0.98498888,0.03801466,0.0,0.0006155,0.0057332,0.19995707,0.0,0.75567956,36255,6,0.02327012,0.9997918
35,4,8014724,0.98502115,0.03832728,0.0,0.0006156,0.00577987,0.2091883,0.0,0.74608895,56287,7,0.03194304,0.9997919
35,5,8014725,0.98496951,0.03796129,0.0,0.00061831,0.00587727,0.11664896,0.0,0.83889417,53215,7,0.02772146,0.9997919
35,6,8014726,0.98501381,0.03851966,0.0,0.00061628,0.00576566,0.15244089,0.0,0.8026575,63455,7,0.02755186,0.9997919
35,7,8014727,0.98498919,0.03814959,0.0,0.00061696,0.00577728,0.17258301,0.0,0.78287317,55263,7,0.02924738,0.9997919
35,8,8014728,0.98496773,0.03786811,0.0,0.00061613,0.00579629,0.1837616,0.0,0.77195787,36831,7,0.01910459,0.9997919
35,9,8014729,0.98494021,0.03806153,0.0,0.0006175,0.00560416,0.22627984,0.0,0.72943696,51167,7,0.02309437,0.9997919
35,10,8014730,0.98508589,0.03875956,0.0,0.00061693,0.00574597,0.10424806,0.0,0.85062949,59231,7,0.05237836,0.9997919
36,1,8014751,0.98685781,0.05671955,0.00339593,0.00010067,0.00417536,0.93431565,0.0,0.00129284,56074,6,0.27160805,1.2780424
36,2,8014752,0.98636824,0.05743787,0.00377422,0.00010679,0.00419174,0.93274867,0.0,0.00174071,57098,6,0.23788204,1.2780425
36,3,8014753,0.98631822,0.05910313,0.00378074,0.00010447,0.00409661,0.92975583,0.0,0.0031592,57098,6,0.27172986,1.2780425
36,4,8014754,0.98647142,0.05898317,0.00364914,0.00010697,0.00428072,0.93083669,0.0,0.00214331,53034,6,0.42838612,1.2780091
36,5,8014755,0.98647396,0.05761,0.0036568,0.00010429,0.00414494,0.93275283,0.0,0.00173115,56074,6,0.12042604,1.2780424
36,6,8014756,0.98659578,0.05822112,0.00376175,0.00010087,0.00417732,0.93235354,0.0,0.00138541,52106,6,0.1285558,1.2779036
36,7,8014757,0.98668854,0.05669148,0.00360895,0.00010559,0.00417366,0.93294926,0.0,0.00247106,56106,6,0.14981587,1.2780425
36,8,8014758,0.98682413,0.05705142,0.00358969,0.00010455,0.00418253,0.90024496,0.0,0.03482685,52010,6,0.25517024,1.2780091
36,9,8014759,0.98676482,0.05638929,0.00372815,0.00010515,0.00415825,0.93379334,0.0,0.00182582,53034,6,0.2130533,1.2780091
36,10,8014760,0.98682099,0.0577549,0.00382749,0.00010503,0.00407576,0.93294331,0.0,0.00129351,56074,6,0.23055794,1.2780424
37,1,8014781,0.98119031,0.02907937,0.0,0.00032425,0.00092732,0.96951507,0.00012427,2.972e-05,39119,6,0.14725274,0.9993786
37,2,8014782,0.98107174,0.03325016,0.0,0.00034665,0.00113432,0.96508722,0.00014096,4.07e-05,33247,6,0.13606232,0.9997782
37,3,8014783,0.9814172,0.03792164,0.0,0.00037649,0.0016461,0.95984633,0.00015074,5.87e-05,37343,6,0.48933856,0.9997782
37,4,8014784,0.98138134,0.0349857,0.0,0.00034156,0.00117553,0.96330978,0.0001417,4.573e-05,37343,6,0.20457552,0.9997782
37,5,8014785,0.98125804,0.0286118,0.0,0.00031909,0.00073573,0.97018687,0.00012252,2.399e-05,33055,6,0.11664702,0.9997782
37,6,8014786,0.98119604,0.0289225,0.0,0.00032017,0.00090718,0.96969278,0.00012996,2.74e-05,37151,6,0.09538035,0.9997783
37,7,8014787,0.98078188,0.03184744,0.0,0.00033053,0.00103659,0.96660908,0.00013488,4.148e-05,33801,6,0.06492267,0.9993785
37,8,8014788,0.98126202,0.0301823,0.0,0.00033735,0.00085924,0.96846428,0.00012388,3.295e-05,33055,6,0.20572724,0.9997782
37,9,8014789,0.98085218,0.03555093,0.0,0.00033974,0.00139525,0.96252522,0.00013627,5.26e-05,38031,6,0.160266,0.9993783
37,10,8014790,0.98142135,0.03050953,0.0,0.00029744,0.00097331,0.96805964,0.00012466,3.543e-05,35023,6,0.10425387,0.9993786
38,1,8014811,0.99017825,0.04580567,0.0,0.0,0.00622357,0.1259939,0.0,0.82197687,64479,7,0.0204034,0.9999218
38,2,8014812,0.99010557,0.04639131,0.0,0.0,0.00617799,0.14287793,0.0,0.80455276,61407,7,0.02559446,0.9999218
38,3,8014813,0.99012777,0.0458342,0.0,0.0,0.00614155,0.10740621,0.0,0.84061804,24575,7,0.0136138,0.9999218
38,4,8014814,0.99012048,0.04625003,0.0,0.0,0.00624033,0.1134797,0.0,0.83402995,32735,7,0.02874323,0.9999218
38,5,8014815,0.99014496,0.04626718,0.0,0.0,0.00616182,0.11792263,0.0,0.82964837,60383,7,0.01975858,0.9999217
38,6,8014816,0.99025885,0.04571142,0.0,0.0,0.00619666,0.12722025,0.0,0.82087167,62943,7,0.02052388,0.9998436
38,7,8014817,0.99019481,0.04611443,0.0,0.0,0.00623828,0.12779765,0.0,0.81984964,49119,7,0.01998324,0.9999218
38,8,8014818,0.99007277,0.04593902,0.0,0.0,0.00622403,0.13179933,0.0,0.81603761,8191,7,0.03424895,0.9999218
38,9,8014819,0.99025863,0.04596617,0.0,0.0,0.0062152,0.09510417,0.0,0.85271445,57215,7,0.02141414,0.9999218
38,10,8014820,0.99012695,0.04618991,0.0,0.0,0.00613015,0.13138643,0.0,0.81629351,63327,7,0.02037083,0.9999218
39,1,8014841,0.986101,0.03640747,0.04700541,0.00032136,0.00476246,0.9022743,0.00144917,0.00777983,32777,6,0.13579772,0.9995927
39,2,8014842,0.98663808,0.03570859,0.04693781,0.00055646,0.00380645,0.89894661,0.00048825,0.01355583,32841,6,0.21707284,0.9995927
39,3,8014843,0.98733081,0.0336828,0.04348699,0.00087352,0.00330041,0.91647107,0.00069777,0.00148744,32781,6,0.1026859,0.9995927
39,4,8014844,0.98513078,0.03945204,0.04851028,0.00239599,0.00511248,0.89215583,0.00054618,0.01182719,36939,6,0.15910797,0.9995927
39,5,8014845,0.98448167,0.04269517,0.05265185,0.00261618,0.00572418,0.878561,0.00103697,0.01671465,32777,6,0.08009814,0.9995927
39,6,8014846,0.98612687,0.03906202,0.044225,0.00272479,0.00483604,0.9052332,0.00141779,0.00250116,36937,6,0.10474149,0.9995927
39,7,8014847,0.98612319,0.0390787,0.04928922,0.00114696,0.00403774,0.89056439,0.00024788,0.01563511,32779,6,0.11060792,0.9995927
39,8,8014848,0.9865213,0.03440971,0.04493943,0.00149231,0.00475048,0.91080719,0.0007186,0.00288226,36875,6,0.14849358,0.9995927
39,9,8014849,0.98585218,0.03806517,0.04711755,0.00197722,0.00631944,0.89797094,0.00076074,0.00778893,32779,6,0.12431776,0.9995927
39,10,8014850,0.98727087,0.0343877,0.04009579,0.00111945,0.00362423,0.91932289,0.00065116,0.00079878,32777,6,0.12847317,0.9995927
40,1,8014871,0.98174204,0.04096349,0.0,0.00142401,0.00139636,0.95612997,5.419e-05,3.197e-05,23007,6,0.04010026,0.999739
40,2,8014872,0.98171685,0.04145807,0.0,0.00143012,0.00140895,0.95562113,5.391e-05,2.781e-05,30111,6,0.05260547,0.9997391
40,3,8014873,0.9817441,0.04126495,0.0,0.00142883,0.0014324,0.95578597,5.416e-05,3.369e-05,51039,6,0.04543566,0.9997391
40,4,8014874,0.98179099,0.04105459,0.0,0.00141074,0.00135835,0.95609048,5.396e-05,3.187e-05,29151,6,0.03495823,0.9997391
40,5,8014875,0.98177783,0.04087774,0.0,0.00142325,0.00135129,0.95626132,5.403e-05,3.237e-05,39903,6,0.0391803,0.9997391
40,6,8014876,0.98177521,0.04139215,0.0,0.00141925,0.0014039,0.95569912,5.408e-05,3.151e-05,31711,6,0.08566467,0.9997392
40,7,8014877,0.98172857,0.04138864,0.0,0.00142704,0.00141516,0.95568375,5.415e-05,3.126e-05,59359,6,0.04317236,0.9997391
40,8,8014878,0.98173214,0.04134035,0.0,0.00141976,0.00143095,0.95572745,5.408e-05,2.741e-05,55263,6,0.06259611,0.9997392
40,9,8014879,0.98176126,0.0412836,0.0,0.00142501,0.00141605,0.95578329,5.408e-05,3.797e-05,43423,6,0.0397403,0.9997391
40,10,8014880,0.98166533,0.04134221,0.0,0.00143048,0.00140449,0.95572916,5.417e-05,3.949e-05,51167,6,0.04763698,0.9997391
41,1,8014901,0.98638488,0.05715988,0.00281463,0.0,0.00368158,0.93050236,0.0,0.00584155,55836,6,0.09412073,1.2256389
41,2,8014902,0.98638439,0.05888389,0.0030344,0.0,0.00372936,0.86959784,0.0,0.06475451,55850,6,0.13026131,1.2256389
41,3,8014903,0.98642413,0.05954024,0.00331695,0.0,0.00385935,0.92640569,0.0,0.00687777,55818,6,0.2144313,1.2256389
41,4,8014904,0.98645261,0.05939706,0.00318721,0.0,0.00383079,0.91759974,0.0,0.0159852,55818,6,0.20119926,1.2256389
41,5,8014905,0.98646606,0.05991965,0.00361241,0.0,0.00382459,0.90948941,0.0,0.02315394,55850,6,0.16483532,1.2256389
41,6,8014906,0.98627751,0.05675394,0.0031391,0.0,0.00372782,0.92943945,0.0,0.0069397,55851,6,0.10026477,1.2257388
41,7,8014907,0.98638115,0.05764291,0.00288988,0.0,0.00391889,0.93068091,0.0,0.00486742,55818,6,0.11886041,1.2256389
41,8,8014908,0.98622196,0.06389427,0.00477193,0.0,0.00388437,0.91573324,0.0,0.01171619,55818,6,0.14216273,1.2256389
41,9,8014909,0.98354426,0.0946757,0.01566743,0.0,0.00368219,0.87418092,0.0,0.01179376,55818,6,0.13849115,1.2256389
41,10,8014910,0.98633738,0.05780358,0.00284605,0.0,0.00378367,0.91030568,0.0,0.02526102,51722,6,0.18430561,1.2255889
42,1,8014931,0.98317263,0.02155391,0.00703441,2.136e-05,0.00119572,0.96998992,0.00015315,5.154e-05,32971,6,0.40971397,0.9994483
42,2,8014932,0.98334126,0.02078785,0.00688822,2.156e-05,0.00096115,0.97115894,0.00014123,4.105e-05,37003,6,0.10509092,0.9994483
42,3,8014933,0.98329149,0.02067915,0.00693446,2.119e-05,0.00086572,0.97134242,0.00014341,1.365e-05,36875,6,0.12080644,0.9994484
42,4,8014934,0.98324482,0.02112807,0.00719128,2.134e-05,0.00094988,0.97053738,0.00015047,2.157e-05,32911,6,0.12212321,0.9994483
42,5,8014935,0.98325715,0.02124282,0.00709531,2.143e-05,0.00107713,0.97038465,0.00014333,3.534e-05,37003,6,0.25678692,0.9994483
42,6,8014936,0.98326688,0.02101092,0.00677844,2.135e-05,0.00104814,0.97096576,0.00015506,2.033e-05,37007,6,0.17546603,0.9994483
42,7,8014937,0.98318808,0.02189833,0.00714033,2.122e-05,0.00125304,0.96948985,0.00015507,4.216e-05,32911,6,0.1912444,0.9994483
42,8,8014938,0.98318877,0.02276915,0.00753619,2.127e-05,0.00156354,0.96787346,0.00016183,7.456e-05,37003,6,0.22708946,0.9994483
42,9,8014939,0.98330462,0.02061642,0.00707659,2.164e-05,0.00094147,0.97118296,0.00013489,2.604e-05,36877,6,0.14577012,0.9994484
42,10,8014940,0.98336568,0.02078687,0.00691236,2.125e-05,0.00097553,0.97113866,0.0001374,2.793e-05,37071,6,0.14805197,0.9994483
43,1,8014961,0.98705899,0.03911979,0.0,0.00026485,0.00617132,0.13519786,0.0,0.81924617,51039,7,0.02561288,0.9998285
43,2,8014962,0.98700306,0.03927939,0.0,0.0002667,0.00611989,0.1631171,0.0,0.79121693,60383,7,0.03061329,0.9998285
43,3,8014963,0.98708436,0.03900122,0.0,0.00026426,0.00624654,0.15834679,0.0,0.79614119,48511,7,0.01637312,0.9998285
43,4,8014964,0.98706421,0.03932942,0.0,0.00026613,0.00616061,0.163238,0.0,0.79100583,12127,7,0.02175964,0.9997785
43,5,8014965,0.98709616,0.03885943,0.0,0.00026315,0.00608158,0.15543989,0.0,0.79935596,62431,7,0.02728968,0.9998285
43,6,8014966,0.98701749,0.03903211,0.0,0.00026508,0.00610002,0.16147518,0.0,0.7931276,59359,7,0.02762414,0.9998285
43,7,8014967,0.98707729,0.03887216,0.0,0.00026488,0.00602287,0.14058459,0.0,0.81425549,49023,7,0.01752796,0.9998285
43,8,8014968,0.98707159,0.03930402,0.0,0.00026501,0.00615529,0.14683572,0.0,0.80743996,60383,7,0.0412319,0.9998285
43,9,8014969,0.98703314,0.0389452,0.0,0.00026518,0.00612342,0.18496482,0.0,0.76970138,56159,7,0.02271002,0.9998285
43,10,8014970,0.98705885,0.03910318,0.0,0.00026488,0.0060465,0.19127839,0.0,0.76330705,60383,7,0.02140779,0.9998285
44,1,8014991,0.98599587,0.057697,0.00492683,0.00020069,0.00434406,0.93140972,0.0,0.0014217,56074,6,0.23487051,1.2995182
44,2,8014992,0.98605244,0.05832257,0.00460222,3.897e-05,0.00419015,0.8654335,0.0,0.0674126,51978,6,0.18039532,1.2994849
44,3,8014993,0.98697366,0.05573836,0.00438094,2.58e-05,0.00438471,0.91500324,0.0,0.02046695,51978,6,0.27873464,1.2994849
44,4,8014994,0.98574309,0.04722443,0.00401011,2.726e-05,0.00287437,0.94458197,0.0,0.00128186,52547,6,0.18792513,1.2994849
44,5,8014995,0.98600415,0.05940955,0.0046511,2.519e-05,0.00436049,0.93022016,0.0,0.00133352,57098,6,0.19640349,1.2995182
44,6,8014996,0.9864349,0.05641415,0.00437153,2.602e-05,0.0042555,0.91726766,0.0,0.01766513,52010,6,0.22449802,1.2994849
44,7,8014997,0.98661654,0.05578657,0.00449097,2.596e-05,0.00437248,0.93390697,0.0,0.00141705,56074,6,0.16634787,1.2995182
44,8,8014998,0.98677628,0.05640308,0.00444253,2.481e-05,0.0043575,0.93311813,0.0,0.00165395,51970,6,0.20462599,1.2994516
44,9,8014999,0.98665305,0.05537066,0.00441805,2.923e-05,0.00444608,0.93393178,0.0,0.0018042,51970,6,0.26585268,1.2994516
44,10,8015000,0.98633658,0.05678805,0.0044693,2.747e-05,0.00437313,0.92734669,0.0,0.00699536,52010,6,0.13467073,1.2994849
45,1,8015021,0.97968891,0.03504364,0.0,0.0012696,0.00122111,0.9623276,0.00011505,2.3e-05,30859,6,0.05470819,0.9995345
45,2,8015022,0.97957208,0.03190458,0.0,0.001248,0.00112412,0.96558552,0.00011531,2.247e-05,59531,6,0.05090456,0.9995345
45,3,8015023,0.97967685,0.03192489,0.0,0.00121871,0.00112412,0.96558501,0.00011821,2.904e-05,33247,6,0.27202132,0.9997344
45,4,8015024,0.97965869,0.03616678,0.0,0.00130791,0.00130828,0.96106073,0.0001205,3.582e-05,37343,6,0.18340736,0.9997344
45,5,8015025,0.97994212,0.03591982,0.0,0.00128358,0.0012901,0.96134041,0.0001171,4.9e-05,37343,6,0.23938083,0.9997344
45,6,8015026,0.97999368,0.03565225,0.0,0.00128605,0.00125991,0.96165729,0.00011742,2.707e-05,33247,6,0.22333356,0.9997344
45,7,8015027,0.97968928,0.03587177,0.0,0.00129942,0.00122825,0.96144952,0.00011661,3.443e-05,33247,6,0.24061423,0.9997344
45,8,8015028,0.97963798,0.03609324,0.0,0.00129585,0.00127374,0.96119077,0.00011688,2.952e-05,37279,6,0.15496795,0.9997344
45,9,8015029,0.97952475,0.03220335,0.0,0.00123263,0.00101579,0.96540116,0.0001153,3.178e-05,33055,6,0.18530213,0.9997344
45,10,8015030,0.97985473,0.0351279,0.0,0.00126487,0.00123815,0.96221857,0.00011806,3.244e-05,37343,6,0.3334484,0.9997344
46,1,8015051,0.99663086,0.04612011,0.01399723,0.0,0.00499919,0.00897789,0.0,0.92590557,40447,7,0.07944563,0.9999831
46,2,8015052,0.99663373,0.04619251,0.01432032,0.0,0.00500668,0.01238624,0.0,0.92209425,55295,7,0.07774862,0.9999831
46,3,8015053,0.99664103,0.04613419,0.01440646,0.0,0.00501341,0.00855621,0.0,0.92588973,65023,7,0.08920327,0.9999831
46,4,8015054,0.99663332,0.04623774,0.01456763,0.0,0.00496867,0.01024719,0.0,0.92397876,61439,7,0.07720655,0.9999831
46,5,8015055,0.9966293,0.04608403,0.01449318,0.0,0.00492283,0.01115261,0.0,0.92334736,52735,7,0.0618375,0.9999831
46,6,8015056,0.99663122,0.0462106,0.01435778,0.0,0.00502241,0.01259119,0.0,0.92181802,58879,7,0.11461877,0.9999831
46,7,8015057,0.99661762,0.04620276,0.01451093,0.0,0.00504665,0.00848372,0.0,0.92575594,45055,7,0.06085435,0.9999831
46,8,8015058,0.99663092,0.04616166,0.01465395,0.0,0.00503922,0.01489736,0.0,0.91924781,57343,7,0.10115715,0.9999831
46,9,8015059,0.99662034,0.04622946,0.01435115,0.0,0.00495372,0.01559502,0.0,0.91887065,49151,7,0.05128799,0.9999831
46,10,8015060,0.99663884,0.04617256,0.01433515,0.0,0.00498751,0.00840861,0.0,0.92609616,62463,7,0.11613538,0.9999746
47,1,8015081,0.98403581,0.02904272,0.03796465,5.916e-05,0.00258499,0.92617024,0.00095432,0.00322393,36939,6,0.17183003,0.9995456
47,2,8015082,0.98207955,0.03417156,0.04904622,0.00028857,0.00411432,0.88452109,0.00083156,0.02702669,36939,6,0.16507526,0.9995456
47,3,8015083,0.98225917,0.03241474,0.04648065,0.00029627,0.00401629,0.90112865,0.00089085,0.01477254,32777,6,0.18477303,0.9995456
47,4,8015084,0.98273239,0.03324426,0.04635812,0.00026845,0.00374293,0.91451677,0.00069122,0.00117826,32843,6,0.13161608,0.9995456
47,5,8015085,0.98309687,0.03080681,0.04418719,0.0002997,0.00349054,0.91032092,0.00075179,0.01014305,32843,6,0.13348685,0.9995456
47,6,8015086,0.98413712,0.02881847,0.03846452,0.00069155,0.00245282,0.9228389,0.00036482,0.0063689,32843,6,0.11134854,0.9995456
47,7,8015087,0.98145921,0.03518841,0.05153142,0.00027367,0.00365673,0.88545916,0.00099371,0.0228969,32779,6,0.08813016,0.9995456
47,8,8015088,0.98218072,0.03332803,0.04423955,0.00034045,0.00327539,0.91406527,0.00079351,0.0039578,32777,6,0.11392078,0.9995456
47,9,8015089,0.98482017,0.02657944,0.03616988,0.00020756,0.00225654,0.92544226,0.00072455,0.00861977,36875,6,0.343179,0.9995456
47,10,8015090,0.98210229,0.03200917,0.04825837,0.0005016,0.00341622,0.9101246,0.00140202,0.00428803,32779,6,0.30509686,0.9995456
48,1,8015111,0.98363961,0.04049184,0.0,0.00122157,0.00138955,0.95683885,2.347e-05,3.472e-05,30687,6,0.03485794,0.9997472
48,2,8015112,0.98359132,0.04019576,0.0,0.00122296,0.00139438,0.95712568,2.343e-05,3.779e-05,44895,6,0.02769012,0.9997471
48,3,8015113,0.98362074,0.04036123,0.0,0.00122022,0.00136474,0.95699999,2.331e-05,3.051e-05,58335,6,0.04794037,0.9997472
48,4,8015114,0.98361688,0.04025328,0.0,0.00122378,0.00134908,0.95712711,2.343e-05,2.332e-05,45023,6,0.0427837,0.9997471
48,5,8015115,0.98365787,0.04042724,0.0,0.00122192,0.00138961,0.95690858,2.336e-05,2.929e-05,16351,6,0.04080504,0.9997472
48,6,8015116,0.98361737,0.04028246,0.0,0.00122253,0.00137891,0.95706568,2.34e-05,2.702e-05,61407,6,0.05883542,0.9997471
48,7,8015117,0.98364242,0.04022846,0.0,0.00122206,0.00138491,0.95711434,2.352e-05,2.671e-05,63455,6,0.05013444,0.9997472
48,8,8015118,0.98364138,0.04039731,0.0,0.00122355,0.00139003,0.9569367,2.345e-05,2.896e-05,32159,6,0.05463405,0.9997471
48,9,8015119,0.98351702,0.03971726,0.0,0.00122018,0.0013775,0.95763415,2.335e-05,2.756e-05,51167,6,0.03167595,0.9997471
48,10,8015120,0.98364211,0.04065117,0.0,0.00122239,0.00137205,0.95669704,2.341e-05,3.395e-05,56159,6,0.03712164,0.9997471
49,1,8015141,0.98577567,0.05784293,0.00295622,0.0,0.00391607,0.91823722,0.0,0.01704757,52010,6,0.1355579,1.4068639
49,2,8015142,0.98588311,0.05759663,0.00287723,0.0,0.00382032,0.85681048,0.0,0.07889534,56106,6,0.2704002,1.4068972
49,3,8015143,0.98616115,0.0587413,0.00318343,0.0,0.00418928,0.93227757,0.0,0.00160842,56106,6,0.31881818,1.4068972
49,4,8015144,0.98615911,0.05725384,0.00295117,0.0,0.00402579,0.92098587,0.0,0.01478332,51978,6,0.22032654,1.4068638
49,5,8015145,0.98621005,0.05941386,0.0030427,0.0,0.00417544,0.93155824,0.0,0.00180977,56074,6,0.2894949,1.4068971
49,6,8015146,0.986108,0.05783407,0.0031125,0.0,0.0041105,0.91120888,0.0,0.02373404,56098,6,0.15657746,1.4068639
49,7,8015147,0.9861797,0.05723975,0.00298692,0.0,0.00407953,0.89853364,0.0,0.03716017,52002,6,0.22454523,1.4068305
49,8,8015148,0.98635692,0.05818099,0.00278208,0.0,0.00421039,0.93301127,0.0,0.00181528,51978,6,0.42007897,1.4068638
49,9,8015149,0.98634985,0.05843985,0.00288726,0.0,0.00412942,0.92561031,0.0,0.00893317,51978,6,0.41400706,1.4068638
49,10,8015150,0.98500521,0.06247589,0.00472791,0.0,0.00401002,0.92181691,0.0,0.00696927,56074,6,0.25944318,1.4068971
50,1,8015171,0.98055818,0.01973683,0.0067971,0.00010102,0.00073353,0.97244158,0.00015505,3.49e-05,32971,6,0.18214079,0.9993858
50,2,8015172,0.9806017,0.02033435,0.00702424,0.00010057,0.00082484,0.97152676,0.00016,2.924e-05,32907,6,0.24590611,0.9993858
50,3,8015173,0.98067042,0.02063873,0.00750644,0.00010112,0.00069062,0.97089448,0.00015257,1.605e-05,32847,6,0.1092117,0.9993859
50,4,8015174,0.98063531,0.02157053,0.00794579,0.00010088,0.00077209,0.96942321,0.00015724,3.027e-05,36875,6,0.10994349,0.9993859
50,5,8015175,0.98060416,0.0194815,0.00700602,0.00010055,0.00071771,0.97252613,0.00014882,1.926e-05,32907,6,0.10480792,0.9993858
50,6,8015176,0.98066304,0.02129182,0.00758997,0.0001015,0.00075122,0.97008227,0.00015812,2.51e-05,32905,6,0.11793274,0.9993858
50,7,8015177,0.98059261,0.0197477,0.00672173,0.00010126,0.00057116,0.97270539,0.00014437,8.4e-06,32779,6,0.10729823,0.9993859
50,8,8015178,0.98063175,0.01935442,0.00688994,0.00010094,0.00052587,0.97296537,0.00014969,1.377e-05,32909,6,0.15578408,0.9993858
50,9,8015179,0.98082343,0.02031691,0.00708377,0.00010134,0.00080612,0.97151479,0.00015223,2.484e-05,32843,6,0.13009457,0.9993859
50,10,8015180,0.98068307,0.02029724,0.00739839,0.00010149,0.00062887,0.97140744,0.00015255,1.402e-05,32847,6,0.14244565,0.9993859
51,1,8015201,0.98987818,0.04053354,0.0,0.0,0.00622395,0.14253138,0.0,0.81071112,30591,7,0.01770176,0.999885
51,2,8015202,0.9898876,0.04058645,0.0,0.0,0.00624313,0.14825948,0.0,0.80491095,45023,7,0.03503454,0.9998849
51,3,8015203,0.98987735,0.04093905,0.0,0.0,0.00621411,0.12415527,0.0,0.82869157,61279,7,0.0214272,0.9998849
51,4,8015204,0.98980523,0.04089484,0.0,0.0,0.00623966,0.14920421,0.0,0.80366128,63327,7,0.02166971,0.999885
51,5,8015205,0.98973272,0.04095068,0.0,0.0,0.00621762,0.13692839,0.0,0.81590331,55263,7,0.02105838,0.999885
51,6,8015206,0.98983603,0.0405427,0.0,0.0,0.00619767,0.15697168,0.0,0.79628795,52607,7,0.02435223,0.9998849
51,7,8015207,0.98990262,0.04098701,0.0,0.0,0.00620624,0.11235995,0.0,0.8404468,49119,7,0.04177137,0.999885
51,8,8015208,0.98982988,0.04096436,0.0,0.0,0.00622065,0.12453619,0.0,0.82827881,61279,7,0.03147045,0.9998849
51,9,8015209,0.98983359,0.04060466,0.0,0.0,0.00621813,0.13693387,0.0,0.81624334,57311,7,0.01515915,0.999885
51,10,8015210,0.98984899,0.04098308,0.0,0.0,0.00627272,0.11934743,0.0,0.83339676,61311,7,0.01667557,0.999885
52,1,8015231,0.98708379,0.05702912,0.0055186,3.052e-05,0.00452765,0.85314801,0.0,0.07974611,51978,6,0.2006571,1.1960107
52,2,8015232,0.98695773,0.05574312,0.0055213,3.449e-05,0.00444127,0.89861488,0.0,0.03564494,56074,6,0.18891456,1.196044
52,3,8015233,0.9868273,0.0573291,0.00553146,3.182e-05,0.00468436,0.910158,0.0,0.02226526,51978,6,0.37858034,1.1960107
52,4,8015234,0.98696855,0.05617004,0.00575748,3.327e-05,0.0045653,0.91857944,0.0,0.01489447,51970,6,0.33875603,1.1959774
52,5,8015235,0.98731589,0.05638901,0.00537654,3.127e-05,0.00477009,0.93131318,0.0,0.00211991,51978,6,0.57007712,1.1960107
52,6,8015236,0.98754307,0.05420199,0.00533551,3.044e-05,0.00444925,0.93401129,0.0,0.00197151,51978,6,0.45382528,1.1960107
52,7,8015237,0.98733879,0.05420597,0.00566185,3.205e-05,0.00460853,0.92997206,0.0,0.00551954,51970,6,0.24090076,1.1959774
52,8,8015238,0.98699043,0.05580625,0.00570628,3.371e-05,0.00491678,0.92438808,0.0,0.0091489,52002,6,0.286913,1.1959774
52,9,8015239,0.98765466,0.05424482,0.00523957,3.144e-05,0.0046869,0.93389729,0.0,0.00189998,51970,6,0.37462174,1.1959774
52,10,8015240,0.98723509,0.05461697,0.0053077,3.288e-05,0.00440895,0.86655075,0.0,0.06908275,51970,6,0.21119776,1.1959774
53,1,8015261,0.9799558,0.03876025,0.0,0.00152305,0.00134284,0.958278,6.674e-05,2.912e-05,38303,6,0.07326473,0.9997077
53,2,8015262,0.98001825,0.03940268,0.0,0.00151756,0.00134836,0.95760742,6.671e-05,5.727e-05,43487,6,0.06874489,0.9997077
53,3,8015263,0.97997822,0.03950796,0.0,0.00153191,0.00138793,0.95746997,6.667e-05,3.556e-05,40927,6,0.06758091,0.9997078
53,4,8015264,0.98002369,0.03896046,0.0,0.00152479,0.00132231,0.95809165,6.661e-05,3.419e-05,48543,6,0.04985571,0.9997077
53,5,8015265,0.9800056,0.03992204,0.0,0.00152864,0.00140236,0.95702245,6.672e-05,5.779e-05,59871,6,0.06246805,0.9997078
53,6,8015266,0.97994588,0.03923709,0.0,0.00153939,0.00139524,0.95773265,6.662e-05,2.9e-05,38303,6,0.06593469,0.9997077
53,7,8015267,0.97995993,0.03771515,0.0,0.00148587,0.00136005,0.9593378,6.656e-05,3.456e-05,37855,6,0.07928071,0.9997078
53,8,8015268,0.98017081,0.03991866,0.0,0.00149838,0.00141857,0.9570653,6.672e-05,3.237e-05,32463,6,0.09445138,0.9995079
53,9,8015269,0.97996528,0.03924864,0.0,0.00152814,0.00134613,0.95777356,6.665e-05,3.688e-05,60831,6,0.07816873,0.9997078
53,10,8015270,0.98002233,0.03951186,0.0,0.00152956,0.00133135,0.95752604,6.668e-05,3.451e-05,29151,6,0.06449369,0.9997078
54,1,8015291,0.98814435,0.05774705,0.00495442,0.0,0.00429294,0.77132439,0.0,0.1616812,49068,6,0.10374072,1.220371
54,2,8015292,0.98902909,0.05677215,0.00585043,0.0,0.00545825,0.90924937,0.0,0.0226698,56860,6,0.16801235,1.2204483
54,3,8015293,0.98899135,0.05653798,0.00312997,0.0,0.00352656,0.52200125,0.0,0.41480424,44973,7,0.20251142,1.2204708
54,4,8015294,0.98771906,0.05637986,0.01010115,0.0,0.00555107,0.70617941,0.0,0.22178852,49068,6,0.22109667,1.220371
54,5,8015295,0.98911717,0.05590161,0.00512473,0.0,0.0040731,0.828629,0.0,0.10627156,56059,6,0.09080129,1.2204709
54,6,8015296,0.98541523,0.10081662,0.00379415,0.0,0.01997009,0.78659405,0.0,0.0888251,48044,6,0.14546323,1.220371
54,7,8015297,0.98886855,0.05866747,0.00372805,0.0,0.00463822,0.81351222,0.0,0.11945405,49068,6,0.15773559,1.220371
54,8,8015298,0.98779126,0.06335964,0.00607578,0.0,0.0058014,0.62647193,0.0,0.29829125,44973,7,0.15916632,1.2204708
54,9,8015299,0.98800252,0.06265626,0.00538379,0.0,0.0062069,0.87777934,0.0,0.04797371,44972,6,0.14551337,1.220321
54,10,8015300,0.98702603,0.07860501,0.00470638,0.0,0.00621736,0.8567172,0.0,0.05375405,43948,6,0.19851257,1.220321
55,1,8015321,0.98462918,0.02108605,0.00675586,0.0,0.00108502,0.97087232,0.0001497,5.105e-05,32781,6,0.14327495,0.9994816
55,2,8015322,0.98468745,0.02076095,0.00664704,0.0,0.00096107,0.97145857,0.00014845,2.392e-05,37071,6,0.15709329,0.9994815
55,3,8015323,0.98453325,0.02173853,0.00670242,0.0,0.00126248,0.97010058,0.00015637,3.962e-05,32777,6,0.16542447,0.9994816
55,4,8015324,0.98463547,0.02126057,0.00666686,0.0,0.00112371,0.97077173,0.00015377,2.336e-05,37003,6,0.21518997,0.9994816
55,5,8015325,0.98454096,0.02113895,0.00691318,0.0,0.0010824,0.97068504,0.00015349,2.693e-05,36937,6,0.18018765,0.9994816
55,6,8015326,0.98466997,0.02042751,0.00660352,0.0,0.00081394,0.97199275,0.00014723,1.504e-05,36877,6,0.14070404,0.9994816
55,7,8015327,0.98440985,0.02179834,0.00657529,0.0,0.00121189,0.97020928,0.0001622,4.3e-05,32841,6,0.17189997,0.9994816
55,8,8015328,0.98447924,0.02171138,0.00682325,0.0,0.00122114,0.97005282,0.00016131,3.01e-05,37067,6,0.13414149,0.9994815
55,9,8015329,0.98456091,0.02076643,0.00650008,0.0,0.00094656,0.97160842,0.00015751,2.1e-05,32911,6,0.12024146,0.9994815
55,10,8015330,0.98443988,0.02241253,0.00683173,0.0,0.00140127,0.96914892,0.00016446,4.109e-05,32971,6,0.20335274,0.9994815
56,1,8015351,0.98561592,0.03562571,0.0,0.00053715,0.00581545,0.12005313,0.0,0.83796856,62303,7,0.02601672,0.9997806
56,2,8015352,0.98563471,0.03562404,0.0,0.00053711,0.00578907,0.11551212,0.0,0.84253766,47071,7,0.01776178,0.9997806
56,3,8015353,0.98560629,0.03564753,0.0,0.00053711,0.00583184,0.11406304,0.0,0.84392048,28639,7,0.02651603,0.9997306
56,4,8015354,0.98557215,0.03517716,0.0,0.00053692,0.00577223,0.1779315,0.0,0.78058219,43871,7,0.01928856,0.9997805
56,5,8015355,0.98562472,0.03576455,0.0,0.00053768,0.00588277,0.13467975,0.0,0.82313525,65375,7,0.02304141,0.9997806
56,6,8015356,0.98560454,0.03552477,0.0,0.00053856,0.00582078,0.11110057,0.0,0.84701533,65503,7,0.01920911,0.9997806
56,7,8015357,0.9856153,0.03562602,0.0,0.00053643,0.0058132,0.1549091,0.0,0.80311525,52063,7,0.02150835,0.9997805
56,8,8015358,0.98561112,0.03579935,0.0,0.00053812,0.00587939,0.12530225,0.0,0.83248089,62431,7,0.03062459,0.9997806
56,9,8015359,0.98562713,0.03561257,0.0,0.00053782,0.00586716,0.11715652,0.0,0.84082593,58335,7,0.02992587,0.9997805
56,10,8015360,0.98563367,0.03570664,0.0,0.0005386,0.00578513,0.09945147,0.0,0.85851816,22015,7,0.02079301,0.9997806
57,1,8015381,0.98656236,0.05458597,0.003457,2.396e-05,0.00398122,0.88735876,0.0,0.05059308,51970,6,0.29241167,1.48346
57,2,8015382,0.98662075,0.05497189,0.0034856,2.31e-05,0.00416086,0.92996583,0.0,0.00739272,52002,6,0.31117563,1.48346
57,3,8015383,0.98664855,0.05472293,0.00356591,2.271e-05,0.00419415,0.93582615,0.0,0.00166815,51970,6,0.27946579,1.48346
57,4,8015384,0.98645224,0.0544966,0.00344007,2.496e-05,0.00421355,0.93628678,0.0,0.00153805,51970,6,0.17658432,1.48346
57,5,8015385,0.98623397,0.05619513,0.00356372,2.304e-05,0.00422895,0.93437468,0.0,0.00161448,52994,6,0.22619657,1.48346
57,6,8015386,0.98656296,0.05536887,0.00330964,2.338e-05,0.00434747,0.93505682,0.0,0.00189382,53034,6,0.53236376,1.4834933
57,7,8015387,0.98621911,0.05536132,0.00361967,2.514e-05,0.00419206,0.92159844,0.0,0.01520337,44802,6,0.16834619,1.48346
57,8,8015388,0.98630997,0.05604142,0.00360799,2.45e-05,0.00390641,0.9346765,0.0,0.00174319,56074,6,0.35988203,1.4835267
57,9,8015389,0.98431576,0.03473074,0.00095007,3.055e-05,0.00217343,0.96208303,0.0,3.218e-05,42196,6,0.12567927,1.48346
57,10,8015390,0.97753354,0.09465447,0.00206408,3.084e-05,0.00289663,0.89978495,0.0,0.00056903,56074,6,0.30807404,1.4835267
58,1,8015411,0.97885374,0.02451857,0.0,0.00037329,0.00074703,0.97420102,0.00012415,3.594e-05,40079,6,0.11564396,0.999329
58,2,8015412,0.97908897,0.02447893,0.0,0.00039391,0.00076566,0.97421951,0.00011869,2.33e-05,33119,6,0.18530302,0.9997286
58,3,8015413,0.97897771,0.02991726,0.0,0.00043935,0.00097304,0.96852232,0.00012721,2.08e-05,37343,6,0.10067993,0.9997286
58,4,8015414,0.97893505,0.02758367,0.0,0.00040886,0.00106839,0.97077988,0.00012366,3.554e-05,33119,6,0.13615573,0.9997286
58,5,8015415,0.978673,0.0220033,0.0,0.000362,0.00067575,0.97680499,0.00011804,3.593e-05,32843,6,0.06992611,0.9993289
58,6,8015416,0.9787453,0.02234904,0.0,0.00037112,0.00074494,0.9763933,0.00012304,1.857e-05,37067,6,0.12198372,0.9993288
58,7,8015417,0.97879543,0.02439336,0.0,0.00039011,0.00089118,0.97416221,0.00012681,3.633e-05,37343,6,0.18434067,0.9997286
58,8,8015418,0.97891952,0.02321099,0.0,0.00036305,0.00075474,0.97552128,0.00011806,3.188e-05,39119,6,0.1129624,0.999329
58,9,8015419,0.97888778,0.02382928,0.0,0.00036835,0.00085807,0.9747863,0.00012267,3.533e-05,39119,6,0.10388356,0.999329
58,10,8015420,0.97834859,0.03087569,0.0,0.00043104,0.00108118,0.96743922,0.00012908,4.381e-05,32975,6,0.05750143,0.9993287
59,1,8015441,0.99472343,0.04058603,0.00500835,0.0,0.00497829,0.03754017,0.0,0.91188716,53247,7,0.0631461,0.9999544
59,2,8015442,0.99472696,0.04054229,0.00514799,0.0,0.00493906,0.0352998,0.0,0.91407086,61439,7,0.09657361,0.9999544
59,3,8015443,0.99468781,0.04054569,0.00520417,0.0,0.0049908,0.0260422,0.0,0.92321713,60927,7,0.0598581,0.9999544
59,4,8015444,0.99470331,0.04062924,0.00513125,0.0,0.00496177,0.0589558,0.0,0.89032194,40447,7,0.08272565,0.9999544
59,5,8015445,0.99470359,0.04058921,0.00509022,0.0,0.00496217,0.03147886,0.0,0.91787954,44543,7,0.05633437,0.9999544
59,6,8015446,0.99470189,0.0406339,0.00510495,0.0,0.00493275,0.03039281,0.0,0.91893559,40959,7,0.06337237,0.9999544
59,7,8015447,0.99471779,0.04059992,0.00517756,0.0,0.00496449,0.03024145,0.0,0.91901659,65023,7,0.08182042,0.9999544
59,8,8015448,0.9947295,0.04055154,0.00514348,0.0,0.00503798,0.0384403,0.0,0.91082671,56831,7,0.09999201,0.9999544
59,9,8015449,0.99468656,0.04060579,0.00509003,0.0,0.00499738,0.05444071,0.0,0.89486609,63487,7,0.06044231,0.9999544
59,10,8015450,0.99472746,0.04060287,0.00518644,0.0,0.0049742,0.02208314,0.0,0.92715335,52223,7,0.05194337,0.9999316
60,1,8015471,0.97989586,0.0645034,0.06010841,0.00203903,0.01556783,0.81737722,0.00292295,0.03748117,32777,6,0.13484901,0.9995937
60,2,8015472,0.98140421,0.05821529,0.05613966,0.00320163,0.01398925,0.83218674,0.00229303,0.03397441,32841,6,0.08121398,0.9995937
60,3,8015473,0.9808416,0.06225886,0.0608791,0.00130658,0.01469254,0.82907252,0.00357187,0.02821853,36937,6,0.12038387,0.9995937
60,4,8015474,0.98192149,0.05712923,0.05693153,0.0019417,0.01764844,0.83437589,0.00276065,0.02921255,36939,6,0.1395134,0.9995937
60,5,8015475,0.9824352,0.05263394,0.05380333,0.00378009,0.01179069,0.8453284,0.00162764,0.03103591,33293,6,0.06429963,0.9995905
60,6,8015476,0.9801715,0.06210094,0.06085385,0.00374076,0.01516089,0.8168521,0.00301177,0.03827968,36941,6,0.09637808,0.9995937
60,7,8015477,0.98386731,0.05151705,0.04983679,0.00174308,0.00908931,0.84014727,0.00186322,0.04580327,32843,6,0.14182238,0.9995937
60,8,8015478,0.98098273,0.06276549,0.05714508,0.00155731,0.01437059,0.82103491,0.0019008,0.04122582,36875,6,0.13127811,0.9995937
60,9,8015479,0.97959402,0.06490224,0.06241637,0.00376568,0.01549987,0.8162173,0.00236468,0.03483385,33291,6,0.06982149,0.9995905
60,10,8015480,0.98160635,0.05572505,0.05838135,0.00213947,0.01374861,0.8113018,0.00397408,0.05472964,32777,6,0.08578515,0.9995937
61,1,8015501,0.98199857,0.03809793,0.0,0.00152847,0.0012947,0.95899387,5.416e-05,3.087e-05,40919,6,0.04656638,0.9996803
61,2,8015502,0.98199555,0.03794751,0.0,0.00152531,0.00131165,0.9591322,5.412e-05,2.92e-05,63455,6,0.05973845,0.9997053
61,3,8015503,0.98201557,0.03790291,0.0,0.0015271,0.00129396,0.95918733,5.427e-05,3.444e-05,65503,6,0.06096055,0.9997053
61,4,8015504,0.98203678,0.0381177,0.0,0.00152381,0.00130036,0.95897474,5.429e-05,2.91e-05,58335,6,0.03595225,0.9997053
61,5,8015505,0.9821002,0.03849589,0.0,0.00153234,0.00132812,0.95855414,5.424e-05,3.527e-05,16351,6,0.07157573,0.9997053
61,6,8015506,0.98190746,0.03757912,0.0,0.00152994,0.00130279,0.95950951,5.417e-05,2.447e-05,65503,6,0.05187491,0.9997053
61,7,8015507,0.98194847,0.037628,0.0,0.00152861,0.00129114,0.95947135,5.394e-05,2.696e-05,40927,6,0.03881962,0.9997053
61,8,8015508,0.98200124,0.03809535,0.0,0.00152947,0.00127906,0.95901076,5.405e-05,3.131e-05,47071,6,0.03677506,0.9997053
61,9,8015509,0.98191315,0.03759837,0.0,0.00152633,0.00130871,0.95948567,5.419e-05,2.673e-05,65503,6,0.04226865,0.9997053
61,10,8015510,0.98198211,0.037757,0.0,0.00152044,0.00130123,0.95933217,5.411e-05,3.505e-05,16351,6,0.05922568,0.9997053
62,1,8015531,0.98575434,0.05786681,0.00316314,0.0,0.00373814,0.91562465,0.0,0.01960725,55852,6,0.11050926,1.4715851
62,2,8015532,0.98434881,0.06735866,0.01027666,0.0,0.00348437,0.91570655,0.0,0.00317377,55836,6,0.09331965,1.4715851
62,3,8015533,0.9814559,0.10597188,0.02858107,0.0,0.00335104,0.81489845,0.0,0.04719756,47658,6,0.07450411,1.4715851
62,4,8015534,0.9852197,0.05735852,0.00491899,0.0,0.00360732,0.9219971,0.0,0.01211808,47658,6,0.12864846,1.4715851
62,5,8015535,0.98574102,0.05297521,0.00294384,0.0,0.00379817,0.93584323,0.0,0.00443955,55810,6,0.25607646,1.4715351
62,6,8015536,0.9857311,0.05447101,0.00286671,0.0,0.00372986,0.93678191,0.0,0.0021505,47650,6,0.11380155,1.4715352
62,7,8015537,0.98579052,0.05383764,0.00276276,0.0,0.00377956,0.93480231,0.0,0.00481773,55850,6,0.11213148,1.4715851
62,8,8015538,0.98560892,0.05820916,0.00294873,0.0,0.00376541,0.91608615,0.0,0.01899055,55819,6,0.11637425,1.4716849
62,9,8015539,0.98575253,0.05709388,0.00298067,0.0,0.00374514,0.93115234,0.0,0.00502797,55818,6,0.1004075,1.4715851
62,10,8015540,0.98580393,0.05705922,0.00268121,0.0,0.00388795,0.9309028,0.0,0.00546883,55836,6,0.23400569,1.4715851
63,1,8015561,0.98123207,0.02049292,0.00632009,6.628e-05,0.00113158,0.97179772,0.0001549,3.65e-05,32971,6,0.18342776,0.9994089
63,2,8015562,0.98137287,0.01884364,0.00597158,6.673e-05,0.00053458,0.97445,0.00012769,5.79e-06,36877,6,0.12693065,0.999409
63,3,8015563,0.98119344,0.02140553,0.00659197,6.652e-05,0.00129895,0.97042634,0.00016365,4.704e-05,37067,6,0.22079291,0.9994089
63,4,8015564,0.98124433,0.01989216,0.00611643,6.657e-05,0.00088683,0.97286407,0.00014747,2.648e-05,32781,6,0.18471637,0.9994089
63,5,8015565,0.98128617,0.0200382,0.00655743,6.703e-05,0.00072283,0.97245309,0.00013626,2.516e-05,32971,6,0.17166122,0.9994089
63,6,8015566,0.98126844,0.01908056,0.00584623,6.678e-05,0.00065447,0.97420012,0.00014079,1.105e-05,32781,6,0.19306256,0.9994089
63,7,8015567,0.98128887,0.01983955,0.00618279,6.652e-05,0.00083035,0.97291485,0.00014569,2.026e-05,36877,6,0.12636986,0.999409
63,8,8015568,0.98122067,0.02009244,0.00603771,6.686e-05,0.00096264,0.9726603,0.00014299,3.705e-05,37003,6,0.22946571,0.9994089
63,9,8015569,0.98122453,0.02077786,0.00650324,6.738e-05,0.00112566,0.97132062,0.00015984,4.539e-05,37067,6,0.25091682,0.9994089
63,10,8015570,0.9812724,0.02004383,0.00623751,6.646e-05,0.00090877,0.97257288,0.00014938,2.117e-05,37071,6,0.18681831,0.9994089
64,1,8015591,0.98845398,0.03778361,0.0,0.0,0.00619791,0.1114458,0.0,0.84457268,62975,7,0.01620045,0.9998376
64,2,8015592,0.98838669,0.03760834,0.0,0.0,0.00622193,0.12757804,0.0,0.82859169,8063,7,0.01835344,0.9998376
64,3,8015593,0.98834979,0.03845319,0.0,0.0,0.00612834,0.11251287,0.0,0.8429056,40447,7,0.0210878,0.9998376
64,4,8015594,0.98838915,0.03803296,0.0,0.0,0.0063008,0.0995398,0.0,0.85612645,63455,7,0.02070804,0.9998376
64,5,8015595,0.98834686,0.03796424,0.0,0.0,0.00622531,0.12614199,0.0,0.82966846,40927,7,0.02363802,0.9998376
64,6,8015596,0.98838666,0.03815949,0.0,0.0,0.00620873,0.10693532,0.0,0.84869645,30559,7,0.02692376,0.9998376
64,7,8015597,0.98835836,0.03803824,0.0,0.0,0.00613302,0.1481502,0.0,0.80767854,65503,7,0.02161965,0.9998376
64,8,8015598,0.98838044,0.03802187,0.0,0.0,0.00624143,0.1148711,0.0,0.8408656,40823,7,0.01271867,0.9998126
64,9,8015599,0.98839913,0.03804668,0.0,0.0,0.00615075,0.12236784,0.0,0.83343474,42847,7,0.02436886,0.9998375
64,10,8015600,0.98833464,0.03814304,0.0,0.0,0.00618603,0.15546054,0.0,0.80021039,58783,6,0.02658901,0.9998375
65,1,8015621,0.98640562,0.05658828,0.00578817,1.507e-05,0.00410887,0.80404533,0.0,0.12945428,51978,6,0.15300045,1.4273634
65,2,8015622,0.98642338,0.05465912,0.00592881,1.687e-05,0.00435769,0.93167362,0.0,0.00336389,51978,6,0.19540488,1.4273634
65,3,8015623,0.98634725,0.05425298,0.00601342,1.81e-05,0.00411119,0.88079311,0.0,0.05481119,56106,6,0.1573722,1.4273968
65,4,8015624,0.98646185,0.05616734,0.00571217,1.562e-05,0.00448717,0.93142513,0.0,0.00219256,51978,6,0.14980254,1.4273634
65,5,8015625,0.98666716,0.05596578,0.00573539,1.557e-05,0.0043736,0.91848469,0.0,0.01542498,51970,6,0.21842439,1.4273301
65,6,8015626,0.98585283,0.05806423,0.00574995,3.061e-05,0.0049311,0.92807495,0.0,0.00314916,51978,6,0.29839806,1.4273634
65,7,8015627,0.98619684,0.05572613,0.00564073,1.609e-05,0.00449311,0.92198038,0.0,0.01214356,53034,6,0.1596311,1.4273635
65,8,8015628,0.98601167,0.05518741,0.00589631,1.683e-05,0.00427838,0.93199951,0.0,0.00262155,52010,6,0.13270399,1.4273635
65,9,8015629,0.98633777,0.05541375,0.00601497,1.729e-05,0.00430465,0.90882723,0.0,0.02542212,53002,6,0.13651539,1.4273635
65,10,8015630,0.98627322,0.05568816,0.00629826,1.563e-05,0.00465707,0.88156396,0.0,0.05177692,52002,6,0.2222036,1.4273302
66,1,8015651,0.97847862,0.03655516,0.0,0.00161751,0.00126222,0.96041823,0.00011834,2.854e-05,37343,6,0.09981477,0.9996874
66,2,8015652,0.97855551,0.03593558,0.0,0.00159535,0.00130121,0.96101853,0.00011872,3.061e-05,33247,6,0.18775186,0.9996874
66,3,8015653,0.97855832,0.03616137,0.0,0.00160506,0.00125459,0.96082612,0.00011786,3.5e-05,33247,6,0.11248629,0.9996874
66,4,8015654,0.97858895,0.03393136,0.0,0.00155767,0.00109096,0.96327772,0.00011683,2.548e-05,37279,6,0.09659606,0.9996874
66,5,8015655,0.97885923,0.03257648,0.0,0.00151204,0.00125456,0.96450308,0.00011938,3.447e-05,33247,6,0.3710663,0.9996874
66,6,8015656,0.97874904,0.03309017,0.0,0.00152825,0.00121982,0.96400362,0.00011819,3.995e-05,37343,6,0.28349459,0.9996874
66,7,8015657,0.97902517,0.0317021,0.0,0.00146873,0.00111689,0.96556694,0.00011666,2.867e-05,37279,6,0.23460897,0.9996874
66,8,8015658,0.97865793,0.0367153,0.0,0.00159535,0.00133362,0.96019694,0.00011847,4.032e-05,37343,6,0.15817057,0.9996874
66,9,8015659,0.97871516,0.03397315,0.0,0.00155049,0.00120767,0.96312197,0.0001184,2.832e-05,37343,6,0.13667089,0.9996874
66,10,8015660,0.97856917,0.03558254,0.0,0.0016103,0.00115108,0.96150874,0.00011782,2.953e-05,51679,6,0.07684587,0.9996874
67,1,8015681,0.99107252,0.05701864,0.01168329,7.146e-05,0.00280119,0.00281794,0.00026967,0.92533782,44973,7,0.64469757,1.1365368
67,2,8015682,0.99078632,0.05504909,0.01466341,7.304e-05,0.00305573,0.41435081,0.00036183,0.51244609,55213,6,0.40663787,1.1365368
67,3,8015683,0.99159076,0.05188283,0.009465,7.057e-05,0.00255779,0.07956582,0.00024622,0.85621178,49069,7,0.61152318,1.1365368
67,4,8015684,0.98993754,0.06121767,0.02024394,7.99e-05,0.00459471,0.14574139,0.00044501,0.76767739,44973,7,0.24091857,1.1365368
67,5,8015685,0.99147793,0.05603061,0.01007083,7.074e-05,0.00252391,0.00084845,0.00025329,0.93020216,44973,7,0.89817182,1.1365368
67,6,8015686,0.99036868,0.05843855,0.01853145,7.41e-05,0.00389359,0.07023423,0.00052356,0.84830452,49069,7,0.32896926,1.1365368
67,7,8015687,0.99032204,0.05684203,0.01520042,8.306e-05,0.00341641,0.04502186,0.00032561,0.87911062,44965,7,0.33709965,1.1364036
67,8,8015688,0.99053625,0.05436994,0.01227177,7.131e-05,0.00328761,0.00182631,0.00025683,0.92791623,49061,7,0.43933813,1.1364369
67,9,8015689,0.98973365,0.05983379,0.02052371,7.275e-05,0.00356161,0.28433078,0.00038401,0.63129335,53157,7,0.19532268,1.1364036
67,10,8015690,0.99069052,0.05569028,0.01345634,8.227e-05,0.00355388,0.19838064,0.00036247,0.72847412,49069,7,0.25915859,1.1365368
68,1,8015711,0.98190604,0.02930835,0.04135218,0.0,0.00389467,0.89204638,0.00063371,0.0327647,36875,6,0.11073597,0.999527
68,2,8015712,0.97994533,0.03461952,0.04670815,0.0,0.00463993,0.88541191,0.00067508,0.0279454,32779,6,0.15949598,0.999527
68,3,8015713,0.98109019,0.03176344,0.03900927,0.0,0.00393074,0.90121293,0.00092255,0.02316108,32783,6,0.12979107,0.999527
68,4,8015714,0.98194051,0.02944662,0.03821706,0.0,0.00378022,0.9069004,0.00067814,0.02097756,32841,6,0.17106146,0.999527
68,5,8015715,0.97914538,0.03509967,0.04618179,0.0,0.00508124,0.90588612,0.00110927,0.00664192,32843,6,0.13432491,0.999527
68,6,8015716,0.98147731,0.02990194,0.04132266,0.0,0.00365952,0.89911715,0.00097664,0.02502209,32841,6,0.22403666,0.999527
68,7,8015717,0.97845044,0.03706013,0.04910737,0.0,0.00568109,0.88509244,0.0010319,0.02202708,36873,6,0.24325122,0.999527
68,8,8015718,0.98054448,0.03306925,0.04306452,0.0,0.00480523,0.89590463,0.00081229,0.02234408,36873,6,0.08921335,0.999527
68,9,8015719,0.98190103,0.031965,0.04031111,0.0,0.00325805,0.90071729,0.0011372,0.02261135,36875,6,0.12092936,0.999527
68,10,8015720,0.98263759,0.02802488,0.0330308,0.0,0.00314098,0.9252374,0.00092077,0.00964517,32841,6,0.1939299,0.999527
69,1,8015741,0.98422915,0.03413538,0.0,0.00106242,0.00559348,0.09599487,0.0,0.86321386,49119,7,0.0555858,0.9997307
69,2,8015742,0.98411918,0.03381837,0.0,0.00106183,0.00553447,0.14981702,0.0,0.80976831,42975,7,0.03900743,0.9997306
69,3,8015743,0.98415304,0.03386365,0.0,0.00106169,0.00564627,0.1139884,0.0,0.84543999,61407,7,0.05857686,0.9997306
69,4,8015744,0.98414323,0.03396466,0.0,0.00106264,0.00556898,0.17211304,0.0,0.78729069,14303,7,0.0443312,0.9997307
69,5,8015745,0.98418272,0.03387998,0.0,0.00106131,0.0056496,0.10520934,0.0,0.85419977,61407,7,0.05347137,0.9997306
69,6,8015746,0.98421557,0.0342666,0.0,0.0010612,0.0056248,0.13330679,0.0,0.82574062,51167,7,0.03966703,0.9997306
69,7,8015747,0.98422682,0.03430672,0.0,0.00106157,0.00559112,0.09228044,0.0,0.86676015,63455,7,0.04734428,0.9997307
69,8,8015748,0.98416439,0.03380457,0.0,0.00106257,0.00555,0.10857352,0.0,0.85100935,65375,7,0.07527432,0.9997307
69,9,8015749,0.98412875,0.03394548,0.0,0.00106035,0.00561639,0.11760847,0.0,0.84176931,14303,7,0.04262313,0.9997307
69,10,8015750,0.98416127,0.03384445,0.0,0.00106491,0.00556514,0.14752584,0.0,0.81199966,60831,6,0.05952239,0.9997306
70,1,8015771,0.98466459,0.06132382,0.00507243,0.0,0.00387223,0.84147011,0.0,0.08826141,52010,6,0.15611436,1.6225979
70,2,8015772,0.98493069,0.05819623,0.00405712,0.0,0.00389009,0.91772143,0.0,0.01613513,51970,6,0.22331584,1.6225645
70,3,8015773,0.97823807,0.09029227,0.01659635,0.0,0.0037157,0.8080488,0.0,0.08134688,56066,6,0.13102342,1.6225979
70,4,8015774,0.98587053,0.05755547,0.00300382,0.0,0.0041466,0.92716382,0.0,0.00813028,56106,6,0.18209372,1.6226312
70,5,8015775,0.98598427,0.05758609,0.00297732,0.0,0.00408056,0.90652506,0.0,0.02883097,56074,6,0.31708887,1.6226312
70,6,8015776,0.98573797,0.05591769,0.00271489,0.0,0.00386437,0.93555396,0.0,0.00194909,52002,6,0.18183882,1.6225646
70,7,8015777,0.98581664,0.0565317,0.00286547,0.0,0.00407171,0.92027239,0.0,0.01625874,56074,6,0.34375613,1.6226312
70,8,8015778,0.98570159,0.05944363,0.00295381,0.0,0.0040298,0.90779044,0.0,0.02578231,52010,6,0.11950408,1.6225979
70,9,8015779,0.98599252,0.05783605,0.00298799,0.0,0.0041315,0.9326151,0.0,0.00242936,56106,6,0.38719803,1.6226312
70,10,8015780,0.98565761,0.05716555,0.00323676,0.0,0.00405107,0.9235226,0.0,0.01202402,52002,6,0.1702446,1.6225646
71,1,8015801,0.97852099,0.02041262,0.0,0.00030996,0.00067101,0.97835805,0.00015469,9.367e-05,36939,6,0.13983565,0.9993383
71,2,8015802,0.97871195,0.0208307,0.0,0.00031034,0.00077084,0.977903,0.00015742,2.769e-05,36943,6,0.19313567,0.9993383
71,3,8015803,0.97830305,0.01831604,0.0,0.00030879,0.00050983,0.98070443,0.00015014,1.078e-05,32845,6,0.11031683,0.9993383
71,4,8015804,0.97851422,0.02069458,0.0,0.0003113,0.00071956,0.97808544,0.00015814,3.098e-05,37003,6,0.1203609,0.9993383
71,5,8015805,0.97836866,0.01920926,0.0,0.00030932,0.00068638,0.97960328,0.00015714,3.462e-05,36873,6,0.13301801,0.9993384
71,6,8015806,0.97873277,0.02106846,0.0,0.00030818,0.00076423,0.9776681,0.00015746,3.357e-05,32971,6,0.18366401,0.9993382
71,7,8015807,0.97860138,0.0203522,0.0,0.00030855,0.00066686,0.97849613,0.00015566,2.06e-05,32975,6,0.10540885,0.9993382
71,8,8015808,0.97861073,0.02177282,0.0,0.0003098,0.00094594,0.97675592,0.00016413,5.138e-05,32907,6,0.12698399,0.9993382
71,9,8015809,0.9787152,0.0215076,0.0,0.00031156,0.00083042,0.97715141,0.00016253,3.648e-05,39115,6,0.14475691,0.9993382
71,10,8015810,0.9783649,0.02011681,0.0,0.00032391,0.00049084,0.97890064,0.00015193,1.586e-05,32845,6,0.18563943,0.9993383
72,1,8015831,0.99324274,0.03622027,0.00473009,0.0,0.00535619,0.02586934,0.0,0.92782412,44543,7,0.10130859,0.9999122
72,2,8015832,0.99322182,0.03631893,0.00490169,0.0,0.00532463,0.03375153,0.0,0.91970322,53247,7,0.06383279,0.9999122
72,3,8015833,0.99321213,0.0363367,0.00479299,0.0,0.00527993,0.02625425,0.0,0.92733614,57343,7,0.09248977,0.9999122
72,4,8015834,0.99320667,0.0363464,0.00490528,0.0,0.00534704,0.04427146,0.0,0.90912981,55295,7,0.04558282,0.9999122
72,5,8015835,0.99322178,0.03623475,0.00485946,0.0,0.00537608,0.02584154,0.0,0.92768818,30719,7,0.09223839,0.9999122
72,6,8015836,0.99323036,0.03626469,0.00486421,0.0,0.00536546,0.03189681,0.0,0.92160883,14335,7,0.07382072,0.9999122
72,7,8015837,0.99324002,0.03628542,0.00489444,0.0,0.00529682,0.03490582,0.0,0.9186175,40959,7,0.11405831,0.9999122
72,8,8015838,0.99322542,0.03634979,0.00485292,0.0,0.00528519,0.02847542,0.0,0.92503669,44543,7,0.0644073,0.9999122
72,9,8015839,0.99322406,0.03626407,0.00473836,0.0,0.00533688,0.02525475,0.0,0.92840593,65535,7,0.1012847,0.9999122
72,10,8015840,0.99322484,0.03632029,0.00494047,0.0,0.00532778,0.02815155,0.0,0.9252599,60927,7,0.09576327,0.9999122
73,1,8015861,0.98714163,0.05460685,0.00788433,2.762e-05,0.00473827,0.85787374,4.1e-05,0.07482819,51970,6,0.29784197,1.2306315
73,2,8015862,0.98673348,0.05397806,0.00785671,3.043e-05,0.00476558,0.91684849,4.864e-05,0.0164721,52010,6,0.15869121,1.2306648
73,3,8015863,0.98703063,0.05436157,0.0083949,2.95e-05,0.00482674,0.78890641,4.125e-05,0.14343963,52002,6,0.18054659,1.2306315
73,4,8015864,0.9870822,0.05482515,0.00802156,2.773e-05,0.00483932,0.89020152,3.919e-05,0.04204554,51978,6,0.41731472,1.2306648
73,5,8015865,0.98699558,0.05263791,0.0080106,2.737e-05,0.00486079,0.84174442,3.92e-05,0.0926797,51716,6,0.16554117,1.2304189
73,6,8015866,0.98726144,0.05302413,0.00756371,2.846e-05,0.00493935,0.90806285,4.446e-05,0.02633704,51978,6,0.30826726,1.2306648
73,7,8015867,0.98701001,0.05602777,0.00758287,2.735e-05,0.00494693,0.9221716,4.029e-05,0.00920318,51978,6,0.47274889,1.2306648
73,8,8015868,0.98705413,0.05380121,0.00804975,9.971e-05,0.00478346,0.8899626,3.85e-05,0.04326476,51970,6,0.13507758,1.2306315
73,9,8015869,0.98747522,0.05180997,0.00800809,2.697e-05,0.00462928,0.86217897,4.208e-05,0.07330463,51978,6,0.20348672,1.2306648
73,10,8015870,0.98723909,0.05384357,0.00732248,2.936e-05,0.00502086,0.93045624,3.744e-05,0.00329005,52002,6,0.25871882,1.2306315
74,1,8015891,0.98035519,0.03605536,0.0,0.00156775,0.00124747,0.96103361,6.898e-05,2.683e-05,60559,6,0.04675425,0.9994703
74,2,8015892,0.98038394,0.03618982,0.0,0.00159183,0.00124411,0.96087792,6.885e-05,2.747e-05,60383,6,0.04838423,0.9996702
74,3,8015893,0.98037924,0.03614747,0.0,0.00159252,0.00123006,0.96093471,6.872e-05,2.653e-05,40927,6,0.06940059,0.9996702
74,4,8015894,0.98047236,0.03689956,0.0,0.00159852,0.00125014,0.96015176,6.87e-05,3.132e-05,57311,6,0.08926805,0.9996702
74,5,8015895,0.98039616,0.03613955,0.0,0.00159004,0.00122876,0.96094502,6.873e-05,2.791e-05,63967,6,0.06148513,0.9996702
74,6,8015896,0.98035177,0.03633032,0.0,0.00158918,0.00125745,0.96073006,6.886e-05,2.413e-05,43487,6,0.05273105,0.9996701
74,7,8015897,0.9803493,0.03612541,0.0,0.00159126,0.00122319,0.96095998,6.868e-05,3.148e-05,44895,6,0.03352683,0.9996702
74,8,8015898,0.98040816,0.03613454,0.0,0.00159166,0.00124001,0.96093036,6.887e-05,3.455e-05,30687,6,0.07780101,0.9996702
74,9,8015899,0.98040251,0.03610244,0.0,0.00159021,0.00121121,0.96099473,6.884e-05,3.257e-05,44895,6,0.0425016,0.9996702
74,10,8015900,0.98044262,0.03680931,0.0,0.00159439,0.0012533,0.96024348,6.878e-05,3.075e-05,51679,6,0.05544816,0.9996701
75,1,8015921,0.98729993,0.0534653,0.00195235,0.0,0.00450313,0.92939857,0.0,0.01068065,48044,6,0.20812552,1.4643652
75,2,8015922,0.98704023,0.05287463,0.00191523,0.0,0.00393169,0.8174984,0.0,0.12378006,56234,6,0.20859317,1.4643652
75,3,8015923,0.93831876,0.5115893,0.00357093,0.0,0.0919994,0.28362902,0.0,0.10921135,48573,0,0.08382941,1.1549019
75,4,8015924,0.98645268,0.06026818,0.00377138,0.0,0.00422534,0.69967874,0.0,0.23205636,49068,6,0.12966992,1.4643652
75,5,8015925,0.98657199,0.05775416,0.00310424,0.0,0.00491012,0.85110781,0.0,0.08312368,48044,6,0.19479721,1.4643652
75,6,8015926,0.98691816,0.05575508,0.00228396,0.0,0.00390806,0.76526458,0.0,0.17278832,48042,6,0.15322085,1.4643652
75,7,8015927,0.98678362,0.05645362,0.00260646,0.0,0.00383564,0.84138858,0.0,0.0957157,52141,6,0.16253652,1.4644651
75,8,8015928,0.98712814,0.05723277,0.00208302,0.0,0.00447414,0.89955996,0.0,0.0366501,44964,6,0.20631273,1.4642653
75,9,8015929,0.98704792,0.05619641,0.00204282,0.0,0.00442514,0.84293809,0.0,0.09439755,55210,6,0.15550788,1.4643652
75,10,8015930,0.98702254,0.05569285,0.00220382,0.0,0.00434255,0.9300834,0.0,0.00767737,48044,6,0.16248947,1.4643652
76,1,8015951,0.9826323,0.02039372,0.00610347,0.0,0.0009882,0.97231332,0.0001868,1.45e-05,37067,6,0.20915966,0.9994467
76,2,8015952,0.98271562,0.02022107,0.00593965,0.0,0.00097468,0.97266704,0.000169,2.856e-05,32777,6,0.24762334,0.9994467
76,3,8015953,0.98271614,0.02086057,0.00615683,0.0,0.0011619,0.97160249,0.00017212,4.609e-05,37007,6,0.17181215,0.9994467
76,4,8015954,0.98278943,0.02006796,0.00605601,0.0,0.00095584,0.97273419,0.00016805,1.795e-05,32845,6,0.12889327,0.9994467
76,5,8015955,0.98266458,0.02052039,0.00625721,0.0,0.00099838,0.97203703,0.00017464,1.235e-05,36943,6,0.19175489,0.9994467
76,6,8015956,0.98274299,0.02045648,0.00614079,0.0,0.00104679,0.97215051,0.00017321,3.223e-05,32969,6,0.11857254,0.9994467
76,7,8015957,0.9826654,0.02038743,0.0061069,0.0,0.00100191,0.97230192,0.00017759,2.425e-05,32777,6,0.11034727,0.9994467
76,8,8015958,0.98268712,0.0208246,0.0061147,0.0,0.00113666,0.971703,0.00017368,4.735e-05,32975,6,0.16214678,0.9994467
76,9,8015959,0.98267283,0.0198132,0.00587279,0.0,0.00084097,0.97328232,0.00016714,2.358e-05,32779,6,0.25943136,0.9994467
76,10,8015960,0.9826679,0.02043469,0.00630779,0.0,0.00099748,0.97206496,0.00016728,2.78e-05,32841,6,0.239104,0.9994467
77,1,8015981,0.98659766,0.03450673,0.0,0.00025694,0.00593316,0.10607243,0.0,0.85323074,47071,7,0.02562309,0.9997835
77,2,8015982,0.9866012,0.03489017,0.0,0.00025725,0.00593274,0.10263788,0.0,0.85628195,55135,7,0.018064,0.9997835
77,3,8015983,0.98653948,0.03450467,0.0,0.00025665,0.00593269,0.12432828,0.0,0.83497771,59359,7,0.01653755,0.9997835
77,4,8015984,0.98656699,0.03437538,0.0,0.00025665,0.00583196,0.12501503,0.0,0.83452098,15863,7,0.01955534,0.9997585
77,5,8015985,0.98660561,0.0346959,0.0,0.00025688,0.0058865,0.11299068,0.0,0.84617004,60383,7,0.03504074,0.9997835
77,6,8015986,0.98658269,0.03440155,0.0,0.00025651,0.00586747,0.13774146,0.0,0.82173301,65503,7,0.03146071,0.9997835
77,7,8015987,0.98660253,0.0348011,0.0,0.00025659,0.00591106,0.11798837,0.0,0.84104288,35807,7,0.02482196,0.9997835
77,8,8015988,0.98658852,0.03481076,0.0,0.00025634,0.00593722,0.10219632,0.0,0.85679937,42847,7,0.02922869,0.9997834
77,9,8015989,0.98657798,0.03466525,0.0,0.0002569,0.0059555,0.11300487,0.0,0.84611748,63455,7,0.03263263,0.9997835
77,10,8015990,0.98659694,0.03446984,0.0,0.00025625,0.00590614,0.11057793,0.0,0.84878984,51167,7,0.02404502,0.9997835
78,1,8016011,0.98625104,0.05419299,0.00422036,9.4e-06,0.00437786,0.93579957,0.0,0.00139982,52010,6,0.25654341,1.6367524
78,2,8016012,0.98544731,0.05409629,0.00500652,1.034e-05,0.00418807,0.92517313,0.0,0.01152566,51074,6,0.18354422,1.6367191
78,3,8016013,0.98589162,0.05600221,0.00435077,9.56e-06,0.00424795,0.9339936,0.0,0.00139591,56106,6,0.41746142,1.6367857
78,4,8016014,0.98590551,0.05507684,0.0043164,9.65e-06,0.00427425,0.92600048,0.0,0.01032237,56074,6,0.17110437,1.6367857
78,5,8016015,0.98616724,0.05412225,0.00420119,9.2e-06,0.00412211,0.88148624,0.0,0.056059,53002,6,0.24327314,1.6367524
78,6,8016016,0.98606257,0.05490432,0.00435074,9.64e-06,0.00430543,0.92884425,0.0,0.00758563,57098,6,0.16246553,1.6367857
78,7,8016017,0.98543565,0.05451728,0.00445161,9.56e-06,0.00417222,0.93435426,0.0,0.00249506,56074,6,0.1538671,1.6367857
78,8,8016018,0.96841786,0.10152145,0.00416792,1.065e-05,0.00394313,0.84894248,0.0,0.04141437,53002,6,0.13649609,1.6367524
78,9,8016019,0.98620398,0.05486137,0.00422655,9.7e-06,0.00433144,0.93471101,0.0,0.00185993,52010,6,0.45897502,1.6367524
78,10,8016020,0.98603026,0.05426171,0.00439309,1.029e-05,0.00426343,0.93562724,0.0,0.00144424,51978,6,0.29337991,1.6367523
79,1,8016041,0.97749923,0.03215246,0.0,0.00131105,0.0011647,0.96519508,0.00015047,2.624e-05,37215,6,0.24001426,0.9996803
79,2,8016042,0.97586759,0.0182245,0.0,0.00104499,0.00070747,0.97985488,0.00013387,3.429e-05,37067,6,0.17086793,0.9992804
79,3,8016043,0.97655413,0.0230775,0.0,0.0011155,0.00083428,0.97480063,0.00013747,3.463e-05,32909,6,0.09353992,0.9992804
79,4,8016044,0.97632579,0.01964558,0.0,0.00104883,0.00064425,0.97850566,0.00013372,2.196e-05,32971,6,0.14532135,0.9992804
79,5,8016045,0.97716927,0.02740687,0.0,0.00118771,0.00089421,0.97035113,0.00013615,2.393e-05,29839,6,0.06777579,0.9994803
79,6,8016046,0.97584001,0.01755102,0.0,0.00102859,0.00047916,0.98079248,0.00013334,1.541e-05,37065,6,0.16205296,0.9992804
79,7,8016047,0.97702338,0.0245079,0.0,0.00114176,0.00075651,0.9734381,0.00013489,2.083e-05,33119,6,0.27053827,0.9996803
79,8,8016048,0.97742339,0.02717028,0.0,0.00119031,0.0008177,0.97066944,0.00013715,1.513e-05,33119,6,0.32722006,0.9996803
79,9,8016049,0.97797188,0.03079004,0.0,0.00125822,0.00129888,0.96645632,0.00015691,3.962e-05,37343,6,0.49098248,0.9996803
79,10,8016050,0.97626567,0.01836878,0.0,0.00102816,0.000548,0.97990948,0.00013158,1.4e-05,36943,6,0.14302563,0.9992805
80,1,8016071,0.99806298,0.0450415,0.01815471,0.0,0.00845693,0.02581653,0.0,0.90253033,55295,7,0.0295033,0.9999954
80,2,8016072,0.99800705,0.04515271,0.0185725,0.0,0.00844579,0.02317603,0.0,0.90465297,36343,7,0.02613199,0.9999621
80,3,8016073,0.99803351,0.04516079,0.01855354,0.0,0.00848379,0.02054285,0.0,0.90725903,60927,7,0.02498749,0.9999954
80,4,8016074,0.99800683,0.04520297,0.01785913,0.0,0.00848123,0.02438325,0.0,0.90407342,40831,7,0.01650275,0.9999954
80,5,8016075,0.99796596,0.04515283,0.01880727,0.0,0.00854082,0.0221116,0.0,0.90538749,47095,7,0.02579599,0.9999704
80,6,8016076,0.99797248,0.04516234,0.01851267,0.0,0.00861362,0.036098,0.0,0.89161336,54783,7,0.02489522,0.9999954
80,7,8016077,0.99796252,0.04521616,0.01795269,0.0,0.00858271,0.02378497,0.0,0.90446347,16383,7,0.02396296,0.9999954
80,8,8016078,0.9980443,0.04503391,0.0181458,0.0,0.00847103,0.0348051,0.0,0.89354417,53247,7,0.02966351,0.9999954
80,9,8016079,0.99803665,0.04511522,0.0181951,0.0,0.00837696,0.02700971,0.0,0.90130301,36863,7,0.02369078,0.9999954
80,10,8016080,0.99802223,0.04507994,0.01869395,0.0,0.00846266,0.0233191,0.0,0.90444435,30719,7,0.02845404,0.9999954
81,1,8016101,0.97502376,0.06475034,0.05841363,0.00264737,0.01558319,0.77153112,0.00431375,0.0827606,36937,6,0.10200285,0.9995812
81,2,8016102,0.97258675,0.07445601,0.06706365,0.0024459,0.02011577,0.7001852,0.00265625,0.13307723,32847,6,0.05968501,0.9995812
81,3,8016103,0.97352116,0.07030356,0.06619591,0.00204475,0.01856076,0.75802027,0.00499166,0.07988309,36879,6,0.08795324,0.9995812
81,4,8016104,0.9751383,0.06616052,0.06028508,0.00304725,0.01669815,0.77210505,0.00323017,0.07847378,36937,6,0.0622759,0.9995812
81,5,8016105,0.97490182,0.06412361,0.05862885,0.00296232,0.01788236,0.79699884,0.00327847,0.05612556,32845,6,0.10325438,0.9995812
81,6,8016106,0.96968135,0.08339901,0.07046303,0.00323333,0.02386884,0.70052857,0.00545191,0.1130553,32781,6,0.12066486,0.9995812
81,7,8016107,0.97329529,0.06785441,0.06647898,0.0040918,0.0180698,0.69550587,0.00450457,0.14349456,36941,6,0.07029845,0.9995812
81,8,8016108,0.97136391,0.07538087,0.07774294,0.00282051,0.02083159,0.64375646,0.00685755,0.17261006,32841,6,0.07283228,0.9995812
81,9,8016109,0.97172539,0.0749779,0.07696629,0.00341197,0.02064965,0.66411884,0.00494844,0.1549269,36875,6,0.09379214,0.9995812
81,10,8016110,0.97151557,0.07843972,0.06932098,0.00284994,0.02337562,0.72751,0.00442594,0.0940778,32843,6,0.04683877,0.9995812
82,1,8016131,0.98205177,0.03054653,0.0,0.00144751,0.00516528,0.161219,0.0,0.80162168,45023,7,0.03281656,0.9996827
82,2,8016132,0.98206763,0.03067564,0.0,0.00144743,0.00518454,0.10807021,0.0,0.85462218,63455,7,0.08181749,0.9996827
82,3,8016133,0.982122,0.03080562,0.0,0.00144879,0.00520535,0.13739688,0.0,0.82514336,63455,7,0.06089304,0.9996827
82,4,8016134,0.98200593,0.03038019,0.0,0.00144729,0.00517083,0.12851041,0.0,0.83449128,60383,7,0.03331778,0.9996827
82,5,8016135,0.98204168,0.03061354,0.0,0.00144655,0.00517827,0.09538399,0.0,0.86737766,32735,7,0.05709998,0.9996827
82,6,8016136,0.98213137,0.03080552,0.0,0.00144951,0.00516627,0.11275858,0.0,0.84982012,61407,7,0.05413742,0.9996827
82,7,8016137,0.9819671,0.03040921,0.0,0.00144583,0.00521781,0.14214565,0.0,0.8207815,39903,7,0.04157566,0.9996827
82,8,8016138,0.98200434,0.03038189,0.0,0.00144765,0.00518333,0.13279968,0.0,0.83018744,39903,7,0.02641051,0.9996827
82,9,8016139,0.9819463,0.03015996,0.0,0.00144787,0.00521451,0.16980064,0.0,0.79337702,58783,6,0.05666441,0.9996827
82,10,8016140,0.98193998,0.0302026,0.0,0.00144718,0.0051496,0.17363745,0.0,0.78956316,58783,6,0.02716733,0.9996827
83,1,8016161,0.9853187,0.05822551,0.00286324,0.0,0.00370535,0.86860246,0.0,0.06660344,57100,6,0.11781248,1.7017011
83,2,8016162,0.98513768,0.05565172,0.00371304,0.0,0.00360222,0.90667183,0.0,0.0303612,55850,6,0.13537273,1.7014277
83,3,8016163,0.98536725,0.05701895,0.00303602,0.0,0.00388293,0.92719681,0.0,0.00886529,51740,6,0.08815343,1.7013778
83,4,8016164,0.9852891,0.05661794,0.00297118,0.0,0.00372175,0.91710378,0.0,0.01958534,43540,6,0.12352799,1.7013279
83,5,8016165,0.98528003,0.05351425,0.0028904,0.0,0.00356884,0.93785917,0.0,0.00216734,55818,6,0.13490291,1.7014277
83,6,8016166,0.98537397,0.0568308,0.00281523,0.0,0.00389389,0.91351704,0.0,0.02294305,55850,6,0.15271549,1.7014277
83,7,8016167,0.98533445,0.05481869,0.00298501,0.0,0.00373384,0.91673951,0.0,0.02172295,47658,6,0.06996353,1.7014277
83,8,8016168,0.9850312,0.05906363,0.00453872,0.0,0.00381434,0.92839309,0.0,0.00419023,55850,6,0.11159315,1.7014277
83,9,8016169,0.98514818,0.05544102,0.00277785,0.0,0.00343866,0.93669643,0.0,0.00164604,47636,6,0.07485214,1.7013778
83,10,8016170,0.98534347,0.05616639,0.00295741,0.0,0.00383241,0.91418808,0.0,0.02285572,51754,6,0.12785138,1.7013778
84,1,8016191,0.97895487,0.0190221,0.00581399,8.576e-05,0.00073727,0.97413115,0.00019239,1.734e-05,32777,6,0.1523469,0.9993633
84,2,8016192,0.97896428,0.01938801,0.00587986,8.604e-05,0.0007966,0.973614,0.00020695,2.854e-05,37003,6,0.1465583,0.9993633
84,3,8016193,0.97891156,0.01880127,0.00580416,8.557e-05,0.00069465,0.97440058,0.00019546,1.831e-05,36937,6,0.27428709,0.9993633
84,4,8016194,0.97903206,0.01944526,0.0060691,8.583e-05,0.00080653,0.97336785,0.00020137,2.406e-05,32907,6,0.14711036,0.9993633
84,5,8016195,0.97915402,0.01982349,0.00617394,8.594e-05,0.00067607,0.97301831,0.00020194,2.032e-05,32909,6,0.13003195,0.9993633
84,6,8016196,0.97905365,0.0198128,0.0063624,8.575e-05,0.00066453,0.97285334,0.00019696,2.422e-05,37007,6,0.1738777,0.9993633
84,7,8016197,0.97909036,0.01968752,0.00600703,8.598e-05,0.00079333,0.97320685,0.00019213,2.716e-05,37003,6,0.23274879,0.9993633
84,8,8016198,0.97889026,0.01938923,0.00598505,8.555e-05,0.00077759,0.97353053,0.00021198,2.006e-05,37067,6,0.10325851,0.9993632
84,9,8016199,0.97898021,0.01909567,0.00574566,8.568e-05,0.0007676,0.97408134,0.00020131,2.274e-05,32907,6,0.17047188,0.9993633
84,10,8016200,0.97891763,0.01916215,0.00583874,8.592e-05,0.0006979,0.97399572,0.00019615,2.341e-05,32843,6,0.18247182,0.9993633
85,1,8016221,0.99075141,0.03492968,0.005426,0.0,0.00567944,0.05045781,0.0,0.90350707,54783,7,0.07626158,0.9998592
85,2,8016222,0.99071569,0.0350397,0.00546098,0.0,0.00569765,0.03197596,0.0,0.92182571,44543,7,0.10383844,0.9998592
85,3,8016223,0.99073557,0.03502299,0.00523554,0.0,0.0056544,0.03318423,0.0,0.92090284,51199,7,0.13230993,0.9998592
85,4,8016224,0.99074569,0.03504043,0.00530385,0.0,0.00560771,0.05792084,0.0,0.89612718,40447,7,0.06624103,0.9998592
85,5,8016225,0.99073489,0.0350376,0.00531344,0.0,0.00570459,0.04181758,0.0,0.91212679,45055,7,0.16301917,0.9998592
85,6,8016226,0.99070236,0.03512398,0.00516246,0.0,0.00564949,0.04461381,0.0,0.90945027,32255,7,0.06492387,0.9998592
85,7,8016227,0.99075415,0.03507073,0.00522907,0.0,0.00563332,0.04301457,0.0,0.91105232,59391,7,0.11512623,0.9998592
85,8,8016228,0.99073773,0.03510199,0.00514223,0.0,0.00562625,0.03688093,0.0,0.91724859,45055,7,0.09234569,0.9998592
85,9,8016229,0.9907231,0.03503051,0.00533396,0.0,0.0056214,0.03582563,0.0,0.9181885,16383,7,0.06708945,0.9998592
85,10,8016230,0.99070314,0.03523966,0.00524674,0.0,0.00563016,0.045096,0.0,0.90878744,50687,7,0.05591961,0.9998592
86,1,8016251,0.9863095,0.05592882,0.00549308,1.584e-05,0.00470784,0.92873323,0.0,0.00512118,52010,6,0.26119773,1.4961836
86,2,8016252,0.98631058,0.05745496,0.00581728,1.525e-05,0.00446361,0.93032617,0.0,0.00192273,51978,6,0.24381437,1.4961836
86,3,8016253,0.98648584,0.05387505,0.00558159,1.54e-05,0.00452783,0.92533791,0.0,0.01066221,51970,6,0.25878723,1.4961503
86,4,8016254,0.98640474,0.0563919,0.00563239,1.539e-05,0.00460133,0.93168382,0.0,0.00167516,56074,6,0.16333529,1.4962169
86,5,8016255,0.98637759,0.05706336,0.00576138,1.504e-05,0.00442292,0.93076605,0.0,0.00197124,56074,6,0.24215829,1.4962169
86,6,8016256,0.98533719,0.05214421,0.00581007,0.00015138,0.00378605,0.85221753,0.0,0.08589078,52554,6,0.12812991,1.4961836
86,7,8016257,0.98659941,0.05421295,0.00585855,1.497e-05,0.00438001,0.92296793,0.0,0.0125656,51978,6,0.34407518,1.4961836
86,8,8016258,0.98624566,0.05809827,0.00577138,1.544e-05,0.00448983,0.91838035,0.0,0.01324473,51978,6,0.26025878,1.4961836
86,9,8016259,0.98631924,0.05702345,0.00568225,1.573e-05,0.00459865,0.92554728,0.0,0.00713264,52002,6,0.33183106,1.4961503
86,10,8016260,0.98631845,0.05657214,0.00566272,2.766e-05,0.00443603,0.93150488,0.0,0.00179658,51978,6,0.26631781,1.4961836
87,1,8016281,0.9786519,0.03494167,0.0,0.00181597,0.00123152,0.96186733,0.00011343,3.008e-05,40927,6,0.04901403,0.9996454
87,2,8016282,0.97872077,0.03510568,0.0,0.00183295,0.00121233,0.96169583,0.00011351,3.97e-05,59871,6,0.09310394,0.9996454
87,3,8016283,0.97867612,0.03447694,0.0,0.00183178,0.00115172,0.96239312,0.00011378,3.266e-05,55711,6,0.06448985,0.9996453
87,4,8016284,0.97869923,0.03490466,0.0,0.00181915,0.00118387,0.96194968,0.00011357,2.908e-05,36703,6,0.05037664,0.9996454
87,5,8016285,0.97868759,0.0346768,0.0,0.00181838,0.00116957,0.96217953,0.00011346,4.226e-05,55775,6,0.09877884,0.9996453
87,6,8016286,0.97868608,0.03514752,0.0,0.0018367,0.00120765,0.96165768,0.00011383,3.662e-05,36823,6,0.04585085,0.9996121
87,7,8016287,0.97871021,0.0353737,0.0,0.00183826,0.00125775,0.96138618,0.00011364,3.047e-05,48991,6,0.05468895,0.9996454
87,8,8016288,0.97872946,0.03480015,0.0,0.00180505,0.00120126,0.96205237,0.00011339,2.777e-05,56735,6,0.04599433,0.9996453
87,9,8016289,0.97872134,0.03388094,0.0,0.0017926,0.00117947,0.96300603,0.00011285,2.811e-05,30415,6,0.05976129,0.9994454
87,10,8016290,0.97864556,0.0345647,0.0,0.00182263,0.00117392,0.96229883,0.00011364,2.628e-05,64927,6,0.0645219,0.9996454
88,1,8016311,0.98818513,0.05251854,0.00493131,8.174e-05,0.00372434,0.70723054,0.00025998,0.23125354,48045,6,0.22259469,1.3790672
88,2,8016312,0.98804832,0.05394533,0.00472278,0.00018244,0.00414595,0.56268763,0.0002581,0.37405777,44965,7,0.1643052,1.3789339
88,3,8016313,0.98829343,0.05336578,0.0046819,9.063e-05,0.00364493,0.42890731,0.00023863,0.50907083,49069,7,0.28797946,1.3790671
88,4,8016314,0.98810698,0.05437182,0.00499122,6.954e-05,0.00434337,0.77024705,0.00025039,0.1657266,44972,6,0.20639333,1.3789173
88,5,8016315,0.98814829,0.05317668,0.00490489,7.309e-05,0.00442123,0.78464908,0.0003219,0.15245312,49068,6,0.16315807,1.3789672
88,6,8016316,0.98774069,0.05589835,0.00549129,6.898e-05,0.00391976,0.78642775,0.00025989,0.14793398,55213,6,0.12578145,1.3790672
88,7,8016317,0.98749866,0.05502798,0.00556057,8.643e-05,0.00425065,0.60237241,0.0003765,0.33232545,49061,7,0.16372804,1.3789672
88,8,8016318,0.98829322,0.05303423,0.00501815,6.991e-05,0.00392227,0.76125947,0.00025856,0.17643741,56236,6,0.19133527,1.3789673
88,9,8016319,0.98782923,0.05560614,0.00547527,0.0001023,0.00453428,0.74700462,0.00028503,0.18699236,49068,6,0.19263793,1.3789672
88,10,8016320,0.9878114,0.05587179,0.00530281,6.709e-05,0.00415128,0.68120616,0.00037645,0.25302441,43941,6,0.12981118,1.3789339
89,1,8016341,0.98090978,0.0304332,0.04979176,0.0,0.00297961,0.90074978,0.00041755,0.0156281,36873,6,0.10022769,0.999497
89,2,8016342,0.98005357,0.02956461,0.03954802,0.0,0.00363204,0.91600937,0.00056915,0.01067681,32843,6,0.12131572,0.999497
89,3,8016343,0.98164638,0.02735495,0.03821668,0.0,0.00275052,0.91362942,0.0004817,0.01756673,18567,6,0.17520177,0.9993442
89,4,8016344,0.97852548,0.03283482,0.05238564,0.0,0.00379255,0.85095478,0.0006581,0.0593741,36937,6,0.17123381,0.999497
89,5,8016345,0.97994826,0.03267628,0.061067,0.0,0.00348468,0.85635283,0.00067328,0.04574592,22663,6,0.12401795,0.9994191
89,6,8016346,0.98143211,0.02668323,0.04158348,0.0,0.00273649,0.91318195,0.00037612,0.01543874,36873,6,0.11107488,0.999497
89,7,8016347,0.97670236,0.03556934,0.06325511,0.0,0.00513532,0.86531342,0.00101138,0.02971542,32841,6,0.17939762,0.999497
89,8,8016348,0.97545602,0.03880258,0.06756605,0.0,0.00609278,0.81350988,0.00100362,0.07302509,36879,6,0.08960829,0.999497
89,9,8016349,0.98141527,0.02887361,0.03963721,0.0,0.00290596,0.91413681,0.00051448,0.01393193,32843,6,0.22571216,0.999497
89,10,8016350,0.98292267,0.02305542,0.0298647,0.0,0.00207783,0.94342094,0.00035302,0.00122809,32777,6,0.47995339,0.999497
90,1,8016371,0.98398785,0.0316574,0.0,0.00057543,0.00559358,0.11988733,0.0,0.84228627,61279,7,0.02708944,0.9997263
90,2,8016372,0.98400787,0.03144991,0.0,0.00057474,0.00569198,0.07954267,0.0,0.88274071,14207,7,0.01792523,0.9997263
90,3,8016373,0.98401969,0.03171897,0.0,0.00057559,0.00561814,0.13852398,0.0,0.82356332,42495,7,0.02017323,0.9997263
90,4,8016374,0.98402769,0.03172974,0.0,0.00057589,0.00561024,0.11522359,0.0,0.84686054,57335,7,0.01768764,0.9997014
90,5,8016375,0.98402924,0.03167479,0.0,0.00057553,0.00558966,0.108086,0.0,0.85407401,50687,7,0.02963435,0.9997263
90,6,8016376,0.98399329,0.03148746,0.0,0.00057544,0.00563266,0.09315998,0.0,0.86914446,22399,7,0.01997938,0.9997263
90,7,8016377,0.98399704,0.03150263,0.0,0.00057448,0.00564684,0.12939344,0.0,0.83288261,56703,7,0.02057322,0.9997264
90,8,8016378,0.98397627,0.03143073,0.0,0.00057549,0.00563007,0.09890244,0.0,0.86346128,57215,7,0.02623432,0.9997264
90,9,8016379,0.98401776,0.03167042,0.0,0.00057469,0.00570288,0.09231037,0.0,0.86974163,16351,7,0.02663,0.9997264
90,10,8016380,0.98400529,0.03148641,0.0,0.00057566,0.00565247,0.1270709,0.0,0.83521456,63487,7,0.02019004,0.9997264
91,1,8016401,0.98540068,0.05658696,0.00296601,0.0,0.00416318,0.91599844,0.0,0.02028541,52010,6,0.17035752,1.804654
91,2,8016402,0.98582566,0.05671641,0.0028564,0.0,0.0040044,0.93423934,0.0,0.00218344,56074,6,0.49672661,1.8046873
91,3,8016403,0.98553954,0.05607805,0.00268911,0.0,0.00411017,0.91535212,0.0,0.02177055,52002,6,0.19118352,1.8046207
91,4,8016404,0.98553671,0.05662937,0.00293253,0.0,0.00422991,0.93356799,0.0,0.0026402,56074,6,0.38046491,1.8046873
91,5,8016405,0.98524613,0.05870646,0.00330572,0.0,0.00417479,0.90752566,0.0,0.02628737,56074,6,0.37674799,1.8046873
91,6,8016406,0.98592841,0.05647261,0.00282446,0.0,0.00420172,0.89769983,0.0,0.03880137,56106,6,0.32677843,1.8046873
91,7,8016407,0.98546042,0.05520259,0.00292917,0.0,0.00405748,0.92418913,0.0,0.01362164,56074,6,0.21791024,1.8046873
91,8,8016408,0.9861972,0.05597019,0.00301489,0.0,0.00424857,0.9344811,0.0,0.00228525,56074,6,0.38395679,1.8046873
91,9,8016409,0.9857775,0.05590955,0.00301297,0.0,0.00433384,0.93454603,0.0,0.00219761,51978,6,0.5093708,1.8046539
91,10,8016410,0.98572785,0.05602763,0.00296603,0.0,0.00411897,0.90789687,0.0,0.02899049,52004,6,0.13139802,1.8046207
92,1,8016431,0.97600641,0.01845762,0.0,0.00040044,0.00059137,0.98037214,0.0001518,2.664e-05,32843,6,0.12880947,0.9992887
92,2,8016432,0.97595267,0.01799186,0.0,0.00039552,0.00057771,0.98087434,0.0001443,1.628e-05,36879,6,0.09593508,0.9992888
92,3,8016433,0.97604386,0.01920744,0.0,0.00040081,0.00065213,0.97956584,0.00015244,2.134e-05,32905,6,0.13300389,0.9992886
92,4,8016434,0.97585771,0.01815691,0.0,0.00040133,0.0006295,0.98064087,0.00015189,1.95e-05,32971,6,0.18502322,0.9992886
92,5,8016435,0.97594713,0.01794795,0.0,0.00039703,0.00071321,0.98076521,0.00014716,2.944e-05,37003,6,0.16988057,0.9992886
92,6,8016436,0.97585971,0.017576,0.0,0.00039792,0.00065494,0.98119766,0.00014846,2.502e-05,37071,6,0.19828581,0.9992886
92,7,8016437,0.97603578,0.01829075,0.0,0.0003983,0.00056991,0.98057399,0.00014875,1.832e-05,32909,6,0.15230596,0.9992886
92,8,8016438,0.97624369,0.01989147,0.0,0.00039873,0.00075793,0.97876553,0.00015081,3.552e-05,37003,6,0.12534975,0.9992886
92,9,8016439,0.97655485,0.02105609,0.0,0.00042546,0.00071019,0.97764141,0.00014821,1.864e-05,37215,6,0.17342895,0.9996885
92,10,8016440,0.97625334,0.02190856,0.0,0.00042965,0.00085463,0.97662334,0.000161,2.283e-05,33183,6,0.11160558,0.9996885
93,1,8016461,0.99536501,0.03657877,0.01783095,0.0,0.00577288,0.02068964,0.0,0.91912775,49015,7,0.02625749,0.9999244
93,2,8016462,0.99544027,0.03667161,0.01770331,0.0,0.00572566,0.02000364,0.0,0.91989577,57215,7,0.03981431,0.9999494
93,3,8016463,0.99544264,0.03666421,0.01888168,0.0,0.00573544,0.01760101,0.0,0.92111766,30719,7,0.05399407,0.9999494
93,4,8016464,0.99540619,0.03664174,0.01824321,0.0,0.00574257,0.02005836,0.0,0.91931411,62975,7,0.02772955,0.9999494
93,5,8016465,0.99538268,0.03670159,0.0179135,0.0,0.00580273,0.02050212,0.0,0.91908006,32767,7,0.04350407,0.9999494
93,6,8016466,0.99538488,0.03670842,0.01854042,0.0,0.00581421,0.02470878,0.0,0.91422817,59391,7,0.04079641,0.9999494
93,7,8016467,0.99539046,0.03672536,0.01817831,0.0,0.00576021,0.03129458,0.0,0.90804153,48631,7,0.02898541,0.9999244
93,8,8016468,0.99545375,0.03665254,0.01816271,0.0,0.00573389,0.01781241,0.0,0.92163845,30719,7,0.04112472,0.9999494
93,9,8016469,0.99541095,0.03668522,0.01774458,0.0,0.00571509,0.02625991,0.0,0.91359521,59391,7,0.02281904,0.9999494
93,10,8016470,0.9954183,0.03675555,0.01893471,0.0,0.00584277,0.01567144,0.0,0.92279552,36863,7,0.03354128,0.9999494
94,1,8016491,0.98705766,0.05126024,0.01588672,0.0005369,0.00540449,0.81588814,0.00011504,0.11090848,51714,6,0.20728888,1.2030915
94,2,8016492,0.98706252,0.05255984,0.01174521,2.849e-05,0.00533634,0.92592527,7.932e-05,0.00432553,51978,6,0.50324461,1.203332
94,3,8016493,0.98702467,0.05400839,0.01655938,2.69e-05,0.00525661,0.87015092,7.988e-05,0.05391792,51978,6,0.23905625,1.203332
94,4,8016494,0.98671791,0.05041551,0.01912558,2.912e-05,0.00531817,0.85527544,0.00012084,0.06971535,51714,6,0.19601942,1.2030915
94,5,8016495,0.98669197,0.05283221,0.01978509,0.0002053,0.00518935,0.81770712,0.00010988,0.10417104,51978,6,0.15695003,1.203332
94,6,8016496,0.98700687,0.05326692,0.01622293,2.705e-05,0.00523749,0.8564389,0.00011803,0.06868867,51970,6,0.22028676,1.2032986
94,7,8016497,0.98644739,0.05404951,0.01830767,2.634e-05,0.00546297,0.86344699,0.00010973,0.0585968,53002,6,0.20538339,1.203332
94,8,8016498,0.98712431,0.05262831,0.01342799,9.547e-05,0.00555152,0.89003105,8.259e-05,0.03818306,52994,6,0.16270768,1.2032987
94,9,8016499,0.98756607,0.04977638,0.01418624,2.567e-05,0.00509155,0.86499258,7.515e-05,0.06585243,51978,6,0.20292545,1.203332
94,10,8016500,0.98744038,0.05148498,0.01475723,2.571e-05,0.00509709,0.82174726,0.00011366,0.10677407,51970,6,0.27845336,1.2032986
95,1,8016521,0.98045131,0.03382534,0.0,0.00149108,0.00120859,0.96337815,6.867e-05,2.816e-05,60255,6,0.05034895,0.9996408
95,2,8016522,0.98025177,0.03322905,0.0,0.00149115,0.00120665,0.96397974,6.85e-05,2.492e-05,31711,6,0.05669533,0.9996408
95,3,8016523,0.9803148,0.03349835,0.0,0.00149033,0.00118081,0.96373226,6.852e-05,2.972e-05,65503,6,0.05031927,0.9996408
95,4,8016524,0.98024091,0.03332434,0.0,0.00149104,0.00121469,0.96386871,6.854e-05,3.268e-05,47071,6,0.03622278,0.9996408
95,5,8016525,0.9802838,0.03323234,0.0,0.00149034,0.00121715,0.96396103,6.835e-05,3.079e-05,48543,6,0.07638704,0.9996407
95,6,8016526,0.98046235,0.03391368,0.0,0.00149026,0.001199,0.96330576,6.847e-05,2.283e-05,31711,6,0.09382604,0.9996408
95,7,8016527,0.98025632,0.03322325,0.0,0.00149054,0.00119863,0.96399128,6.851e-05,2.779e-05,45023,6,0.03442629,0.9996408
95,8,8016528,0.98043647,0.03377398,0.0,0.00149093,0.001203,0.96344061,6.868e-05,2.279e-05,31711,6,0.07848331,0.9996408
95,9,8016529,0.98047407,0.03388738,0.0,0.00149079,0.00117821,0.96334569,6.85e-05,2.942e-05,43999,6,0.0506511,0.9996408
95,10,8016530,0.98012716,0.03308472,0.0,0.00148873,0.00119157,0.96413803,6.865e-05,2.829e-05,61135,6,0.03931602,0.9994409
96,1,8016551,0.98577118,0.05612192,0.00253074,0.0,0.00370716,0.8284543,0.0,0.10918588,51117,6,0.09476522,1.7089474
96,2,8016552,0.98596182,0.05538514,0.00344526,0.0,0.00401853,0.86276316,0.0,0.07438791,56860,6,0.15353571,1.7090224
96,3,8016553,0.98348214,0.08503433,0.02201041,0.0,0.00373166,0.76268987,0.0,0.12653373,48042,6,0.09475756,1.7088475
96,4,8016554,0.95701288,0.51256365,0.48472686,0.0,0.00200203,0.00067933,0.0,2.814e-05,47355,4,0.25684119,1.7089474
96,5,8016555,0.98617713,0.05471316,0.00252475,0.0,0.00445497,0.87988989,0.0,0.05841723,44972,6,0.1719659,1.7087975
96,6,8016556,0.98597635,0.05425772,0.00194133,0.0,0.00434541,0.8427477,0.0,0.09670783,54940,6,0.15184372,1.7090224
96,7,8016557,0.98615811,0.05346733,0.00241911,0.0,0.00414194,0.91627022,0.0,0.0237014,43948,6,0.10998179,1.7087975
96,8,8016558,0.96971624,0.31173604,0.27058096,0.0,0.0028798,0.37967928,0.0,0.03512392,47355,4,0.24774194,1.7089474
96,9,8016559,0.98614068,0.05414926,0.00206473,0.0,0.00427895,0.88039365,0.0,0.0591134,55212,6,0.16556044,1.7088475
96,10,8016560,0.98613862,0.05488597,0.00232375,0.0,0.00402418,0.74980314,0.0,0.18896296,44964,6,0.11289789,1.7087475
97,1,8016581,0.98037282,0.02196325,0.00610122,1.02e-06,0.00168691,0.96998107,0.00020501,6.152e-05,32907,6,0.46211282,0.9994035
97,2,8016582,0.98049937,0.0192128,0.00562489,9.7e-07,0.00084628,0.974118,0.00017955,1.751e-05,32845,6,0.19772868,0.9994036
97,3,8016583,0.98046734,0.01872282,0.0055362,9.3e-07,0.00068105,0.97488777,0.0001634,7.82e-06,36879,6,0.22411729,0.9994036
97,4,8016584,0.98038315,0.01914729,0.00560812,9.4e-07,0.00083624,0.97420629,0.00017444,2.667e-05,36875,6,0.37348357,0.9994036
97,5,8016585,0.98041652,0.01962691,0.00549082,9.5e-07,0.00100391,0.97366987,0.00017893,2.862e-05,32907,6,0.11469935,0.9994035
97,6,8016586,0.9805429,0.02072082,0.00599687,1e-06,0.00129506,0.9717596,0.00019195,3.47e-05,37007,6,0.17489445,0.9994035
97,7,8016587,0.98048468,0.01873697,0.00539256,9.5e-07,0.00069811,0.97498796,0.00017433,9.12e-06,32779,6,0.15138042,0.9994036
97,8,8016588,0.98047173,0.01922153,0.00575106,9.2e-07,0.00083378,0.97399468,0.00017622,2.181e-05,36875,6,0.17835018,0.9994036
97,9,8016589,0.98046681,0.0191628,0.00558434,9.9e-07,0.00082412,0.97422899,0.00018088,1.789e-05,37003,6,0.1616627,0.9994035
97,10,8016590,0.98058694,0.01855941,0.00548349,9.4e-07,0.00064905,0.97513938,0.00016089,6.84e-06,36879,6,0.17793184,0.9994036
98,1,8016611,0.98752364,0.03444017,0.0,0.0,0.00605143,0.1154712,0.0,0.8440372,52735,7,0.03301909,0.9997984
98,2,8016612,0.98753496,0.03457547,0.0,0.0,0.00605669,0.11363705,0.0,0.84573079,53119,7,0.02507936,0.9997984
98,3,8016613,0.98756988,0.03475956,0.0,0.0,0.00602321,0.08108194,0.0,0.87813529,36351,7,0.0206959,0.9997984
98,4,8016614,0.98757362,0.03484068,0.0,0.0,0.00604435,0.0799657,0.0,0.87914928,30559,7,0.02056927,0.9997984
98,5,8016615,0.98754218,0.03476898,0.0,0.0,0.00603656,0.11543526,0.0,0.84375921,35679,7,0.01922605,0.9997984
98,6,8016616,0.98753118,0.03474371,0.0,0.0,0.00604597,0.11635238,0.0,0.84285794,42847,7,0.0199404,0.9997984
98,7,8016617,0.98756079,0.03459773,0.0,0.0,0.00597998,0.09618489,0.0,0.8632374,65023,7,0.02638185,0.9997984
98,8,8016618,0.98754749,0.03462038,0.0,0.0,0.00604961,0.09036677,0.0,0.86896324,58335,7,0.02541793,0.9997984
98,9,8016619,0.98751015,0.03456218,0.0,0.0,0.00605828,0.11747468,0.0,0.84190486,53247,7,0.01620842,0.9997984
98,10,8016620,0.98755018,0.03439463,0.0,0.0,0.00597155,0.1084973,0.0,0.85113652,57311,7,0.02723464,0.9997984
99,1,8016641,0.98555501,0.05378368,0.0045719,9.96e-06,0.00419342,0.93355831,0.0,0.00388274,51978,6,0.20243922,1.742667
99,2,8016642,0.98612215,0.05421989,0.00422459,9.8e-06,0.0043358,0.88001946,0.0,0.05719046,51978,6,0.46180894,1.742667
99,3,8016643,0.98599323,0.0536559,0.00445559,9.56e-06,0.00423841,0.8516128,0.0,0.08602774,53034,6,0.20448192,1.742667
99,4,8016644,0.98602036,0.0541298,0.00426747,9.56e-06,0.00437128,0.87562687,0.0,0.06159502,52002,6,0.2427545,1.7426337
99,5,8016645,0.98623438,0.05297173,0.004039,9.9e-06,0.00435216,0.82563398,0.0,0.11299323,51978,6,0.15528091,1.742667
99,6,8016646,0.98592683,0.05478591,0.00438425,9.58e-06,0.00417703,0.8683202,0.0,0.06832304,56074,6,0.22460359,1.7427003
99,7,8016647,0.9858231,0.05524143,0.00418966,9.71e-06,0.00441798,0.93448205,0.0,0.00165917,52010,6,0.19785743,1.742667
99,8,8016648,0.9862861,0.05349598,0.00412738,9.47e-06,0.00432291,0.91145995,0.0,0.02658431,51978,6,0.2447901,1.742667
99,9,8016649,0.98609564,0.05375039,0.00430303,9.63e-06,0.00433736,0.93602433,0.0,0.00157526,51970,6,0.25054854,1.7426337
99,10,8016650,0.98499079,0.04804755,0.00450203,1.076e-05,0.00360877,0.92083949,0.0,0.0229914,56106,6,0.15172977,1.7427004
100,1,8016671,0.974651,0.02125581,0.0,0.00135267,0.00065769,0.97656946,0.00013389,3.048e-05,33183,6,0.15047024,0.9996338
100,2,8016672,0.97637496,0.03177418,0.0,0.00153878,0.00116092,0.96536167,0.00013923,2.522e-05,33247,6,0.235248,0.9996338
100,3,8016673,0.97638526,0.03000074,0.0,0.00148069,0.0010684,0.9672786,0.00013695,3.463e-05,37215,6,0.11660916,0.9996338
100,4,8016674,0.97462857,0.0251607,0.0,0.00142986,0.00099997,0.97223681,0.00013445,3.82e-05,32907,6,0.2684687,0.9992339
100,5,8016675,0.97636548,0.03447082,0.0,0.00157206,0.001197,0.96258789,0.00013911,3.312e-05,36431,6,0.09535795,0.9992341
100,6,8016676,0.97495519,0.02607776,0.0,0.00143973,0.00105221,0.97124795,0.00013549,4.686e-05,55775,6,0.20202922,0.9996338
100,7,8016677,0.97381356,0.01813546,0.0,0.00127438,0.00091952,0.97949049,0.00013113,4.902e-05,32907,6,0.29222606,0.9992339
100,8,8016678,0.97507455,0.02737351,0.0,0.00147384,0.00108314,0.96990043,0.00013587,3.322e-05,37003,6,0.13544256,0.9992339
100,9,8016679,0.97653203,0.0320527,0.0,0.00152858,0.00115916,0.96508701,0.00013745,3.511e-05,18911,6,0.16368955,0.9995838
100,10,8016680,0.97638885,0.0296338,0.0,0.00150434,0.00103327,0.96766635,0.00013874,2.35e-05,33119,6,0.30476198,0.9996338
101,1,8016701,0.99057869,0.05168708,0.01421696,0.00011951,0.00277488,0.0710621,0.00038293,0.85975654,44973,7,0.29847118,1.215103
101,2,8016702,0.98940166,0.05770029,0.02204472,0.0001366,0.00355396,0.27376091,0.00052959,0.64227395,57261,7,0.27396542,1.215103
101,3,8016703,0.99111481,0.04963236,0.01223463,0.00011444,0.0025457,0.00138035,0.00036579,0.93372673,49069,7,0.66732327,1.215103
101,4,8016704,0.99047953,0.05294386,0.01729615,0.00012095,0.00312002,0.05730372,0.00047707,0.86873822,44973,7,0.39243684,1.215103
101,5,8016705,0.98979656,0.05390056,0.0153734,0.00012768,0.00338896,0.12522317,0.0004684,0.80151781,49061,7,0.46242109,1.2150031
101,6,8016706,0.99081492,0.04931379,0.01346251,0.00011967,0.00250587,0.25236351,0.00038586,0.68184878,44973,7,0.40247331,1.215103
101,7,8016707,0.9915811,0.04768715,0.01083251,0.00011484,0.00239239,0.00149038,0.00036393,0.93711881,49069,7,0.92894039,1.215103
101,8,8016708,0.99057146,0.05261931,0.01558933,0.00011366,0.00252058,0.03218599,0.00038287,0.89658827,49069,7,0.38410031,1.215103
101,9,8016709,0.99001548,0.05577375,0.01807459,0.00011691,0.00309695,0.02407132,0.00043569,0.89843078,44973,7,0.26036954,1.215103
101,10,8016710,0.99155723,0.04800863,0.01065229,0.00011579,0.00246426,0.00099838,0.00035621,0.93740444,49069,7,0.91697021,1.215103
102,1,8016731,0.97369502,0.05421124,0.07642134,0.0,0.01408338,0.62729962,0.00280545,0.22517898,32841,6,0.0949035,0.9995572
102,2,8016732,0.96657347,0.06989165,0.09536697,0.0,0.02257783,0.5656,0.0038479,0.24271566,19087,7,0.06744807,0.9995215
102,3,8016733,0.96265687,0.08032801,0.10735999,0.0,0.02562032,0.49455221,0.00495791,0.28718156,32841,6,0.08425323,0.9995572
102,4,8016734,0.9674349,0.06956163,0.09028517,0.0,0.02199333,0.54617706,0.00414185,0.26784095,32845,6,0.12474976,0.9995572
102,5,8016735,0.96295787,0.07810514,0.09867526,0.0,0.02634524,0.54319414,0.00646451,0.24721572,23175,7,0.06435795,0.9994966
102,6,8016736,0.96906455,0.06480704,0.08558008,0.0,0.0200989,0.60776459,0.00240109,0.2193483,32779,6,0.06561116,0.9995572
102,7,8016737,0.96561723,0.07365697,0.1092276,0.0,0.02203382,0.4739134,0.00425401,0.3169142,19087,7,0.08879803,0.9995215
102,8,8016738,0.96753258,0.06897421,0.08703782,0.0,0.02080369,0.59218574,0.00575893,0.22523961,23175,7,0.06217935,0.9994966
102,9,8016739,0.9699711,0.06332541,0.0872767,0.0,0.01740525,0.58073538,0.00344598,0.24781127,36943,6,0.08779211,0.9995572
102,10,8016740,0.96886409,0.06490835,0.09309351,0.0,0.01874355,0.5781382,0.00405679,0.24105959,23175,7,0.11208294,0.9994966
103,1,8016761,0.98167825,0.02896475,0.0,0.00115105,0.00517584,0.08924461,0.0,0.87546374,44927,7,0.02762166,0.9996705
103,2,8016762,0.98155871,0.02856889,0.0,0.00115019,0.00517967,0.09203531,0.0,0.87306594,53119,7,0.02334227,0.9996705
103,3,8016763,0.9816652,0.02914003,0.0,0.00115143,0.00521398,0.09183525,0.0,0.87265932,61279,7,0.01881144,0.9996705
103,4,8016764,0.98179679,0.02933696,0.0,0.00115024,0.00522733,0.08067552,0.0,0.88360995,36831,7,0.03374061,0.9996705
103,5,8016765,0.98159119,0.02880423,0.0,0.00115013,0.00520514,0.09938382,0.0,0.86545667,63455,7,0.02988061,0.9996705
103,6,8016766,0.98156879,0.02868544,0.0,0.00115023,0.00518764,0.07531146,0.0,0.88966524,60927,7,0.0341229,0.9996705
103,7,8016767,0.98166289,0.02898052,0.0,0.00115196,0.00514369,0.09133125,0.0,0.87339257,49119,7,0.02749188,0.9996705
103,8,8016768,0.98161941,0.02872993,0.0,0.00115204,0.00521099,0.08801309,0.0,0.87689396,43999,7,0.04520095,0.9996705
103,9,8016769,0.98179194,0.02936632,0.0,0.00115035,0.0051276,0.0844069,0.0,0.87994883,16351,7,0.06683364,0.9996705
103,10,8016770,0.98167835,0.02886203,0.0,0.00114995,0.00512922,0.16068249,0.0,0.80417631,58815,6,0.02950636,0.9996705
104,1,8016791,0.9851172,0.05625612,0.00286481,0.0,0.00392491,0.91292048,0.0,0.02403368,55818,6,0.08567198,1.9127267
104,2,8016792,0.98506423,0.05546906,0.00239516,0.0,0.00374685,0.93564518,0.0,0.00274375,55818,6,0.11789783,1.9127267
104,3,8016793,0.98486528,0.05476701,0.00272885,0.0,0.00366273,0.9289228,0.0,0.0099186,47626,6,0.12914735,1.9127267
104,4,8016794,0.98537597,0.05665531,0.00259465,0.0,0.00394519,0.92701432,0.0,0.00979053,55818,6,0.1681941,1.9127267
104,5,8016795,0.98512764,0.05782052,0.00277763,0.0,0.00390727,0.92126603,0.0,0.01422857,51980,6,0.09074291,1.913009
104,6,8016796,0.98511471,0.05667265,0.00288533,0.0,0.00392958,0.9308722,0.0,0.00564024,51740,6,0.07837368,1.9126768
104,7,8016797,0.9849673,0.0549599,0.00283761,0.0,0.00381319,0.93608754,0.0,0.00230176,47626,6,0.06644026,1.9127267
104,8,8016798,0.98501806,0.05678919,0.00281342,0.0,0.00375148,0.91397525,0.0,0.02267065,56074,6,0.08714811,1.9130424
104,9,8016799,0.9851439,0.0566492,0.00289665,0.0,0.00400098,0.91881367,0.0,0.01763951,55850,6,0.2043177,1.9127267
104,10,8016800,0.9847458,0.05566126,0.00292826,0.0,0.00360152,0.92707001,0.0,0.01073895,44844,6,0.08379658,1.913009
105,1,8016821,0.97639516,0.01761196,0.00528622,0.00011539,0.00050269,0.9762873,0.00019071,5.74e-06,32909,6,0.12423401,0.9993128
105,2,8016822,0.97647643,0.01866017,0.00565822,0.00011502,0.0008123,0.97453191,0.00019345,2.892e-05,37003,6,0.20846349,0.9993129
105,3,8016823,0.97641389,0.01829405,0.00559371,0.00011629,0.00055497,0.97523379,0.00019492,1.228e-05,37065,6,0.13816998,0.9993128
105,4,8016824,0.97641074,0.01740996,0.00545319,0.00011427,0.0004168,0.9764235,0.00017195,1.032e-05,36873,6,0.17923403,0.999313
105,5,8016825,0.97646528,0.01752212,0.00556328,0.00011499,0.00043412,0.97618397,0.0001746,6.91e-06,36877,6,0.19196595,0.999313
105,6,8016826,0.97640329,0.0185567,0.00569364,0.00011614,0.00067008,0.97474642,0.00020075,1.627e-05,37067,6,0.12027497,0.9993128
105,7,8016827,0.97653678,0.01867786,0.00571049,0.00011356,0.00061169,0.9746884,0.00018097,1.703e-05,32777,6,0.15481494,0.999313
105,8,8016828,0.9765424,0.01852673,0.00578131,0.00011449,0.00062747,0.97474658,0.00018729,1.613e-05,32783,6,0.12941856,0.999313
105,9,8016829,0.97649531,0.01748482,0.00526646,0.00011358,0.00046269,0.97649907,0.00016746,5.92e-06,36879,6,0.19140937,0.999313
105,10,8016830,0.97661914,0.01879897,0.00563801,0.00011563,0.00074507,0.97447943,0.00019402,2.886e-05,32975,6,0.12001498,0.9993128
106,1,8016851,0.99272206,0.03418361,0.00467471,0.0,0.00549883,0.04586987,0.0,0.90977297,50687,7,0.05626847,0.9998916
106,2,8016852,0.99274841,0.03430843,0.00471671,0.0,0.005512,0.03755681,0.0,0.91790605,49151,7,0.05378014,0.9998916
106,3,8016853,0.99271294,0.03421687,0.00477002,0.0,0.0054839,0.0443847,0.0,0.91114451,16255,7,0.05292087,0.9998916
106,4,8016854,0.99274054,0.0341922,0.00475807,0.0,0.00547479,0.03584341,0.0,0.91973153,14335,7,0.04938088,0.9998916
106,5,8016855,0.9927227,0.03438741,0.00468411,0.0,0.00548105,0.02866684,0.0,0.92678058,40959,7,0.03234137,0.9998916
106,6,8016856,0.99275438,0.03420179,0.00460055,0.0,0.00548426,0.02581542,0.0,0.92989799,49151,7,0.05023846,0.9998916
106,7,8016857,0.99269844,0.03430889,0.00469822,0.0,0.00547385,0.0448476,0.0,0.91067145,62975,7,0.05884602,0.9998916
106,8,8016858,0.9927005,0.03420669,0.00470053,0.0,0.00551284,0.03792957,0.0,0.91765037,61311,7,0.04594803,0.9998916
106,9,8016859,0.99272049,0.03427929,0.00474034,0.0,0.00551717,0.04769909,0.0,0.90776411,36855,7,0.05624292,0.9998583
106,10,8016860,0.99275385,0.03413918,0.00476014,0.0,0.00547509,0.03690651,0.0,0.91871908,61311,7,0.05594935,0.9998916
107,1,8016881,0.98647834,0.05432861,0.00848326,0.0,0.00474339,0.91081061,3.439e-05,0.02159974,51978,6,0.5066396,1.5088738
107,2,8016882,0.98678907,0.05318279,0.00851187,0.0,0.00489367,0.93000626,3.513e-05,0.00337029,51970,6,0.38047555,1.5088405
107,3,8016883,0.98659365,0.0529875,0.00822258,0.0,0.00470269,0.91507879,5.502e-05,0.01895343,51978,6,0.22550092,1.5088738
107,4,8016884,0.98638245,0.05376398,0.00841181,0.0,0.0047974,0.88599419,9.441e-05,0.04693822,51978,6,0.47435542,1.5088738
107,5,8016885,0.98702449,0.05167282,0.00818454,0.0,0.00463298,0.88268124,3.293e-05,0.05279549,51970,6,0.33949704,1.5088405
107,6,8016886,0.98683428,0.05003439,0.00795742,0.0,0.0046957,0.87363299,3.88e-05,0.06364069,51970,6,0.29510059,1.5088405
107,7,8016887,0.98661947,0.05323428,0.00772842,0.0,0.00480389,0.91485945,3.602e-05,0.01933794,51978,6,0.39792572,1.5088738
107,8,8016888,0.98660262,0.05406853,0.00885217,0.0,0.00484802,0.88322132,3.284e-05,0.04897712,51978,6,0.56574341,1.5088738
107,9,8016889,0.9863845,0.05349358,0.00840125,0.0,0.00470702,0.90731382,4.801e-05,0.02603632,52002,6,0.15554781,1.5088405
107,10,8016890,0.98636172,0.05385555,0.00986701,0.0,0.00473124,0.87861375,4.463e-05,0.05288781,51970,6,0.24282246,1.5088405
108,1,8016911,0.97889564,0.03262982,0.0,0.00173247,0.00110672,0.96438991,0.00011201,2.907e-05,35295,6,0.05381224,0.9996089
108,2,8016912,0.97899018,0.03288533,0.0,0.00173199,0.00112716,0.96411762,0.00011205,2.586e-05,48543,6,0.06808368,0.9996089
108,3,8016913,0.9788973,0.03271967,0.0,0.00172909,0.00110233,0.96430806,0.00011205,2.88e-05,36255,6,0.06200101,0.9996089
108,4,8016914,0.97887021,0.03226023,0.0,0.00172974,0.00113313,0.96473993,0.00011195,2.502e-05,61855,6,0.10687655,0.999609
108,5,8016915,0.97895085,0.03299215,0.0,0.00172973,0.00113979,0.96399389,0.00011188,3.255e-05,22495,6,0.05735054,0.999609
108,6,8016916,0.97886178,0.03250705,0.0,0.00173078,0.00110877,0.9645106,0.00011165,3.115e-05,62879,6,0.10235126,0.9996089
108,7,8016917,0.97899377,0.03290968,0.0,0.00173446,0.00114323,0.96407448,0.00011188,2.626e-05,58783,6,0.08728296,0.9996089
108,8,8016918,0.97894622,0.032883,0.0,0.00173298,0.00115153,0.96407903,0.00011162,4.184e-05,55775,6,0.08468048,0.9996089
108,9,8016919,0.97893157,0.03283836,0.0,0.00173237,0.00112607,0.96416422,0.00011213,2.685e-05,45023,6,0.06173574,0.999609
108,10,8016920,0.97895224,0.03286713,0.0,0.00173394,0.00112255,0.96413358,0.00011181,3.099e-05,48095,6,0.07041054,0.999609
109,1,8016941,0.98705527,0.05536491,0.00393783,0.0,0.00501017,0.85553027,0.0,0.08015681,44972,6,0.31891825,1.6365752
109,2,8016942,0.97871878,0.09427305,0.00603578,0.0,0.00565634,0.73574926,0.0,0.15828557,57258,6,0.13827016,1.6366252
109,3,8016943,0.9866095,0.05620896,0.00397151,0.0,0.00389218,0.61626651,0.0,0.31966085,48044,6,0.15466555,1.6366252
109,4,8016944,0.98597776,0.05868766,0.00626049,0.0,0.00479809,0.80176811,0.0,0.12848565,49068,6,0.09509985,1.6366252
109,5,8016945,0.98343411,0.06975523,0.00607397,0.0,0.0055666,0.86178561,0.0,0.05681859,44972,6,0.08628797,1.6365752
109,6,8016946,0.98625462,0.05563594,0.0050887,0.0,0.00480037,0.85365836,0.0,0.08081662,55212,6,0.07541096,1.6366252
109,7,8016947,0.98617659,0.05441228,0.00443499,0.0,0.00423998,0.89650887,0.0,0.04040388,50844,6,0.15445862,1.6367524
109,8,8016948,0.98662793,0.05193298,0.00536312,0.0,0.00410445,0.93517966,0.0,0.00341979,44572,6,0.10703514,1.6367524
109,9,8016949,0.98635567,0.05293008,0.00542531,0.0,0.00363464,0.80206537,0.0,0.1359446,53499,6,0.1607188,1.6368523
109,10,8016950,0.98701449,0.05205441,0.00453155,0.0,0.00432603,0.85446105,0.0,0.08462695,52764,6,0.1571136,1.6367524
110,1,8016971,0.98036059,0.0287403,0.04617582,0.0,0.00202571,0.83014806,0.00044784,0.09246228,32777,6,0.11884165,0.9994573
110,2,8016972,0.98034062,0.02490027,0.02821064,0.0,0.00202233,0.93346737,0.00042482,0.01097458,32779,6,0.1706706,0.9994573
110,3,8016973,0.98027121,0.03081296,0.03656009,0.0,0.00206347,0.92019965,0.00033021,0.01003362,22663,6,0.1858341,0.9993397
110,4,8016974,0.9809025,0.02506602,0.03000538,0.0,0.00187319,0.93337497,0.00040231,0.00927812,36937,6,0.16747651,0.9994573
110,5,8016975,0.98143963,0.02459192,0.02334297,0.0,0.00140899,0.93843124,0.00027641,0.01194848,36875,6,0.14117448,0.9994573
110,6,8016976,0.98142884,0.02283277,0.02356599,0.0,0.00131447,0.94029864,0.0003488,0.01163932,32843,6,0.19222008,0.9994573
110,7,8016977,0.97973491,0.02676693,0.02739038,0.0,0.00265062,0.94054796,0.00041131,0.00223281,32841,6,0.11392882,0.9994573
110,8,8016978,0.97956741,0.02976746,0.03751802,0.0,0.00225255,0.92328891,0.00053684,0.00663621,36877,6,0.10312856,0.9994573
110,9,8016979,0.97918032,0.03116279,0.03937139,0.0,0.0025277,0.90555727,0.00048096,0.02089989,36873,6,0.11189194,0.9994573
110,10,8016980,0.98188701,0.02230647,0.03033354,0.0,0.00121598,0.92465832,0.00027776,0.02120793,32843,6,0.2033528,0.9994573
111,1,8017001,0.98465322,0.03124657,0.0,0.00025534,0.00572844,0.08045313,0.0,0.88231651,30207,7,0.02290245,0.9997336
111,2,8017002,0.98467384,0.03122394,0.0,0.00025579,0.00572128,0.1168686,0.0,0.84593039,58751,7,0.02138569,0.9997336
111,3,8017003,0.98469506,0.03143895,0.0,0.00025578,0.00559995,0.12298865,0.0,0.83971667,53247,7,0.02341803,0.9997336
111,4,8017004,0.98467178,0.03131864,0.0,0.00025618,0.00568663,0.09337413,0.0,0.86936442,64895,7,0.02574538,0.9997336
111,5,8017005,0.98467187,0.03137165,0.0,0.00025595,0.00567666,0.11406289,0.0,0.84863286,58335,7,0.01774598,0.9997336
111,6,8017006,0.9846359,0.03125421,0.0,0.00025638,0.00565037,0.11842708,0.0,0.84441196,50679,7,0.02517308,0.9997003
111,7,8017007,0.98465638,0.03131009,0.0,0.00025622,0.00568335,0.09415356,0.0,0.86859677,16223,7,0.02043171,0.9997336
111,8,8017008,0.98463917,0.03122523,0.0,0.00025575,0.00566628,0.11411144,0.0,0.84874129,32639,7,0.02188432,0.9997336
111,9,8017009,0.98466991,0.03125163,0.0,0.00025613,0.00569598,0.09259952,0.0,0.87019674,23935,7,0.02845035,0.9997336
111,10,8017010,0.98465147,0.03114859,0.0,0.00025533,0.00570846,0.1294286,0.0,0.83345901,24063,7,0.03015507,0.9997336
112,1,8017031,0.98475985,0.05902414,0.00285129,0.0,0.00415627,0.92865008,0.0,0.00531822,56074,6,0.29255864,1.9501369
112,2,8017032,0.98547243,0.05539196,0.0028854,0.0,0.00410814,0.9357702,0.0,0.00184429,56074,6,0.43703147,1.9501369
112,3,8017033,0.98556393,0.05603778,0.00289518,0.0,0.00432057,0.91953201,0.0,0.01721446,56074,6,0.22519162,1.9501369
112,4,8017034,0.98593301,0.05404903,0.00281815,0.0,0.00426602,0.93638177,0.0,0.00248504,51978,6,0.32682647,1.9501036
112,5,8017035,0.98609204,0.05398493,0.00269946,0.0,0.00417379,0.88167339,0.0,0.05746842,51978,6,0.34267646,1.9501036
112,6,8017036,0.98555233,0.05614864,0.00300257,0.0,0.00420923,0.93452741,0.0,0.00211215,56106,6,0.38969092,1.9501369
112,7,8017037,0.98568893,0.05487592,0.00295888,0.0,0.00412225,0.89945207,0.0,0.03859087,51978,6,0.2238637,1.9501036
112,8,8017038,0.98301714,0.06226109,0.00290461,0.0,0.00412302,0.90261507,0.0,0.02809621,51978,6,0.41789649,1.9501036
112,9,8017039,0.98575167,0.05406992,0.00285012,0.0,0.0041053,0.87861887,0.0,0.06035578,51978,6,0.22755132,1.9501036
112,10,8017040,0.98549669,0.05555678,0.00294678,0.0,0.00420272,0.92751097,0.0,0.00978275,52010,6,0.20150698,1.9501036
113,1,8017061,0.97338173,0.01594811,0.0,0.00106366,0.00058359,0.98222681,0.00015586,2.196e-05,36941,6,0.19107405,0.999238
113,2,8017062,0.9736758,0.01741765,0.0,0.00106269,0.00062781,0.98071264,0.00015451,2.469e-05,37003,6,0.10088853,0.9992379
113,3,8017063,0.97337415,0.01582055,0.0,0.00106528,0.00040425,0.98254514,0.00015711,7.67e-06,37005,6,0.23032305,0.9992379
113,4,8017064,0.9732946,0.01581608,0.0,0.00106611,0.00039726,0.9825564,0.00015717,6.97e-06,37069,6,0.215425,0.9992379
113,5,8017065,0.97378059,0.01792242,0.0,0.00106477,0.0004931,0.98035265,0.00015497,1.21e-05,37069,6,0.11616666,0.9992379
113,6,8017066,0.97360285,0.01768795,0.0,0.00106508,0.0007456,0.9803123,0.00015743,3.164e-05,32911,6,0.19758262,0.9992379
113,7,8017067,0.97371945,0.0172799,0.0,0.00107141,0.00062927,0.98084515,0.00015557,1.87e-05,32971,6,0.15125221,0.9992379
113,8,8017068,0.97342229,0.01611904,0.0,0.00106233,0.00053629,0.98211077,0.00015521,1.636e-05,32781,6,0.15323848,0.9992381
113,9,8017069,0.97354458,0.01768898,0.0,0.0010637,0.00082851,0.9802219,0.00015654,4.038e-05,32971,6,0.24681916,0.9992379
113,10,8017070,0.97366333,0.01777238,0.0,0.00106411,0.00083323,0.98013271,0.0001571,4.048e-05,32907,6,0.18479751,0.9992379
114,1,8017091,0.99815424,0.04253153,0.02042162,0.0,0.01045913,0.02727326,0.0,0.89931446,55167,7,0.02007425,0.9999952
114,2,8017092,0.99812756,0.04268908,0.01954211,0.0,0.01047296,0.03110774,0.0,0.8961881,57215,7,0.01607503,0.9999952
114,3,8017093,0.99817085,0.04258873,0.01962914,0.0,0.01067243,0.02892442,0.0,0.89818529,58879,7,0.03304545,0.9999952
114,4,8017094,0.99810751,0.04263927,0.02006402,0.0,0.01074471,0.03137227,0.0,0.89517971,17919,7,0.02230576,0.9999452
114,5,8017095,0.99819105,0.04256855,0.01981443,0.0,0.01053837,0.03290229,0.0,0.89417635,51071,7,0.02193103,0.9999952
114,6,8017096,0.99813494,0.04258276,0.02025928,0.0,0.01062797,0.02951358,0.0,0.8970164,32255,7,0.01983862,0.9999952
114,7,8017097,0.99811199,0.04243764,0.01947272,0.0,0.01074675,0.02340503,0.0,0.90393786,39935,7,0.015476,0.9999928
114,8,8017098,0.9981047,0.04243737,0.0193395,0.0,0.01069056,0.03042562,0.0,0.89710694,59391,7,0.0200442,0.9999952
114,9,8017099,0.99815186,0.04241572,0.01894085,0.0,0.01052299,0.0221211,0.0,0.90599933,55295,7,0.01988966,0.9999952
114,10,8017100,0.99817091,0.04266592,0.01997481,0.0,0.01056472,0.02826542,0.0,0.89852914,14335,7,0.02016838,0.9999952
115,1,8017121,0.98703199,0.0532438,0.01538136,0.0,0.005066,0.68114601,0.00017219,0.24499064,52994,6,0.16964599,1.1188598
115,2,8017122,0.98767862,0.05115763,0.0145425,0.0,0.00497897,0.68261061,0.00012855,0.24658173,51714,6,0.2430366,1.1186695
115,3,8017123,0.98775331,0.05015208,0.01201705,0.0,0.00522085,0.76975423,0.00012112,0.16273466,51714,6,0.19338552,1.1186695
115,4,8017124,0.98732557,0.05263052,0.01530416,0.0,0.00486404,0.71720681,0.00014765,0.20984681,51978,6,0.07631425,1.1188931
115,5,8017125,0.98783074,0.04718025,0.00998411,0.0,0.00563604,0.90599093,0.00015544,0.03105322,51715,6,0.22319576,1.1187028
115,6,8017126,0.98786024,0.04973352,0.01212824,0.0,0.00492773,0.71370345,0.00014117,0.2193659,51970,6,0.21892638,1.1188598
115,7,8017127,0.98752191,0.05051851,0.01305989,0.0,0.00523422,0.81415208,0.0001623,0.11687299,51714,6,0.2320616,1.1186695
115,8,8017128,0.98735382,0.05040877,0.01370845,0.0,0.00499331,0.72281554,0.00017859,0.20789534,51714,6,0.18774215,1.1186695
115,9,8017129,0.9879289,0.04811292,0.01217948,0.0,0.00487301,0.73640755,0.00013926,0.19828777,51714,6,0.26688038,1.1186695
115,10,8017130,0.98779685,0.05126142,0.01103538,0.0,0.00496502,0.66634904,0.00015083,0.26623832,51970,6,0.31224943,1.1188598
116,1,8017151,0.97958023,0.02769933,0.0,0.00152929,0.00463601,0.12141875,0.0,0.84471663,14175,7,0.03548874,0.9996199
116,2,8017152,0.97966846,0.02794855,0.0,0.00152846,0.00467724,0.10593196,0.0,0.85991379,43999,7,0.04538312,0.99962
116,3,8017153,0.97952961,0.02761602,0.0,0.00152967,0.00470255,0.11947776,0.0,0.84667401,30687,7,0.03404312,0.99962
116,4,8017154,0.97945621,0.02744069,0.0,0.00152967,0.00468587,0.14489563,0.0,0.82144814,32159,6,0.02865924,0.99962
116,5,8017155,0.97969583,0.02788263,0.0,0.00152917,0.00475383,0.09379628,0.0,0.8720381,42975,7,0.03727715,0.99962
116,6,8017156,0.97961052,0.02770112,0.0,0.00152891,0.00470574,0.08917697,0.0,0.87688726,63455,7,0.04074065,0.99962
116,7,8017157,0.97968903,0.02795285,0.0,0.00152926,0.0046999,0.09315841,0.0,0.87265957,60383,7,0.04067786,0.99962
116,8,8017158,0.97950687,0.02759715,0.0,0.00152924,0.00463767,0.10511682,0.0,0.86111912,39903,7,0.03051108,0.99962
116,9,8017159,0.97979595,0.02818852,0.0,0.00152922,0.00469695,0.13091047,0.0,0.83467484,15327,7,0.03948169,0.99962
116,10,8017160,0.97949568,0.027411,0.0,0.00152952,0.0047085,0.09648927,0.0,0.86986171,14175,7,0.0346444,0.9996199
117,1,8017181,0.98585964,0.07904683,0.7595437,0.0,0.00363957,0.15758464,0.0,0.00018527,47355,4,0.60873752,1.9490378
117,2,8017182,0.98526226,0.071415,0.37190846,0.0,0.00288547,0.55306398,0.0,0.00072709,55869,4,0.13075262,1.9492274
117,3,8017183,0.98555148,0.07891674,0.79506621,0.0,0.00309528,0.09524762,0.0,0.02767415,47867,4,0.31102925,1.9490378
117,4,8017184,0.98552851,0.08104295,0.88398143,0.0,0.00326677,0.03153157,0.0,0.00017728,51773,4,0.31950387,1.9492274
117,5,8017185,0.98566689,0.0771554,0.91867322,0.0,0.00359056,0.00054108,0.0,3.974e-05,47588,4,0.91453742,1.9488879
117,6,8017186,0.98596327,0.07970195,0.91578047,0.0,0.00384583,0.00064706,0.0,2.469e-05,47867,4,0.85865834,1.9490378
117,7,8017187,0.98595954,0.07968402,0.91575765,0.0,0.00388292,0.00065052,0.0,2.489e-05,47867,4,0.85341413,1.9490378
117,8,8017188,0.98533837,0.07732276,0.651263,0.0,0.0029433,0.22674856,0.0,0.04172238,47805,4,0.14876768,1.9490378
117,9,8017189,0.98592469,0.0817057,0.88789077,0.0,0.00361331,0.0267575,0.0,3.272e-05,47355,4,0.73137691,1.9490378
117,10,8017190,0.98566739,0.07721616,0.91869422,0.0,0.00350834,0.00054179,0.0,3.949e-05,47588,4,0.91466816,1.9488879
118,1,8017211,0.97798607,0.01801884,0.00510349,3.705e-05,0.00062734,0.97595513,0.00024271,1.543e-05,32783,6,0.2090388,0.9993534
118,2,8017212,0.97775003,0.0180068,0.00504252,3.675e-05,0.00062402,0.97602218,0.00025138,1.634e-05,36939,6,0.16807292,0.9993534
118,3,8017213,0.97777361,0.01752938,0.00493438,3.654e-05,0.00047824,0.97677315,0.0002457,2.61e-06,32779,6,0.14058636,0.9993534
118,4,8017214,0.97777934,0.01816124,0.0051105,3.645e-05,0.00067871,0.97574758,0.00024885,1.668e-05,32841,6,0.21266284,0.9993534
118,5,8017215,0.9779518,0.01899892,0.00539115,3.668e-05,0.00090763,0.97435509,0.00027867,3.186e-05,32911,6,0.17529019,0.9993533
118,6,8017216,0.97779245,0.01784539,0.00496013,3.642e-05,0.00056001,0.97633807,0.00024587,1.411e-05,36875,6,0.15772694,0.9993534
118,7,8017217,0.97769947,0.01800706,0.00508848,3.662e-05,0.00062267,0.97597677,0.00025629,1.212e-05,36939,6,0.20908869,0.9993534
118,8,8017218,0.97788967,0.01825759,0.00498286,3.693e-05,0.00063629,0.97581301,0.00025992,1.34e-05,36877,6,0.18036498,0.9993534
118,9,8017219,0.97781703,0.01776016,0.00493388,3.705e-05,0.00053869,0.97647578,0.00024603,8.41e-06,36877,6,0.17853481,0.9993534
118,10,8017220,0.97773293,0.01853494,0.00512516,3.706e-05,0.00075169,0.97526401,0.00026444,2.27e-05,32905,6,0.14003584,0.9993533
119,1,8017241,0.98958229,0.03263121,0.00452184,0.0,0.00554265,0.02366145,0.0,0.93364285,52735,7,0.09498503,0.9998246
119,2,8017242,0.98959603,0.03244768,0.00450258,0.0,0.00553711,0.02565298,0.0,0.93185966,16383,7,0.07104822,0.9998246
119,3,8017243,0.98956516,0.03255421,0.00461051,0.0,0.00549503,0.04793592,0.0,0.90940433,54783,7,0.09239972,0.9998246
119,4,8017244,0.98953919,0.03264803,0.00443584,0.0,0.00555582,0.0423279,0.0,0.91503241,55295,7,0.06873803,0.9998246
119,5,8017245,0.98956799,0.0325163,0.00454308,0.0,0.00550308,0.03211818,0.0,0.92531936,59391,7,0.11707937,0.9998246
119,6,8017246,0.98958,0.03255081,0.00454967,0.0,0.00552887,0.03438804,0.0,0.92298261,56831,7,0.11804562,0.9998246
119,7,8017247,0.98959475,0.03258136,0.00440254,0.0,0.00546537,0.03638451,0.0,0.92116622,54783,7,0.09024828,0.9998246
119,8,8017248,0.98959248,0.03247448,0.0044984,0.0,0.00551285,0.03632986,0.0,0.92118441,61439,7,0.09503174,0.9998246
119,9,8017249,0.98957827,0.03258428,0.00448299,0.0,0.0054854,0.04571352,0.0,0.91173382,45055,7,0.10407645,0.9998246
119,10,8017250,0.98959955,0.03254804,0.00445906,0.0,0.00554788,0.02662284,0.0,0.93082218,61439,7,0.20566687,0.9998246
120,1,8017271,0.98583074,0.05424539,0.00606762,0.0,0.00452472,0.9301847,0.0,0.00497756,52994,6,0.19004859,1.8002279
120,2,8017272,0.98610911,0.05381016,0.00587029,0.0,0.0044323,0.93157805,0.0,0.0043092,56074,6,0.24866019,1.8002945
120,3,8017273,0.98604527,0.05440344,0.00574377,0.0,0.00448096,0.91167413,0.0,0.0236977,52010,6,0.17056366,1.8002612
120,4,8017274,0.98583118,0.05421415,0.00594248,0.0,0.0043977,0.91673596,0.0,0.01870971,53002,6,0.1708942,1.8002612
120,5,8017275,0.98444557,0.06111264,0.00555546,0.0,0.00467433,0.91779034,0.0,0.01086722,51978,6,0.20307284,1.8002612
120,6,8017276,0.98582246,0.05488357,0.00629444,0.0,0.00437201,0.93241344,0.0,0.00203654,56074,6,0.51027453,1.8002945
120,7,8017277,0.98396818,0.04640503,0.00535863,0.0,0.00355469,0.93948701,0.0,0.00519465,57098,6,0.21117034,1.8002945
120,8,8017278,0.9859623,0.04912978,0.00557269,0.0,0.0039711,0.9370247,0.0,0.00430173,51970,6,0.17402138,1.8002279
120,9,8017279,0.98569586,0.05430187,0.00584639,0.0,0.00440946,0.90772195,0.0,0.02772033,56074,6,0.158947,1.8002945
120,10,8017280,0.98471506,0.05197448,0.00615138,0.0,0.00440577,0.93540261,0.0,0.00206576,56074,6,0.28766963,1.8002945
121,1,8017301,0.97673222,0.03247688,0.0,0.00188412,0.00111331,0.96436801,0.00013283,2.485e-05,47583,6,0.08045114,0.9995902
121,2,8017302,0.97674507,0.03325399,0.0,0.00189363,0.00116404,0.96352651,0.00013248,2.934e-05,32735,6,0.058572,0.9995903
121,3,8017303,0.97672775,0.03268728,0.0,0.00188991,0.0011104,0.96415036,0.00013246,2.959e-05,39903,6,0.05656697,0.9995903
121,4,8017304,0.97667072,0.03208093,0.0,0.001874,0.00109819,0.96478206,0.00013261,3.22e-05,39391,6,0.18518916,0.9995902
121,5,8017305,0.97677405,0.03237508,0.0,0.00188271,0.00106182,0.96451954,0.00013225,2.86e-05,23007,6,0.06715211,0.9995902
121,6,8017306,0.97681213,0.03257839,0.0,0.00186559,0.00111391,0.96427683,0.00013187,3.341e-05,59087,6,0.11643166,0.9993903
121,7,8017307,0.97671267,0.03224752,0.0,0.00188138,0.00112688,0.96458499,0.00013248,2.674e-05,64927,6,0.07422799,0.9995903
121,8,8017308,0.97667788,0.03191478,0.0,0.00187132,0.00109626,0.96495664,0.00013249,2.851e-05,55711,6,0.05543982,0.9995902
121,9,8017309,0.97678,0.03226758,0.0,0.00188458,0.00106527,0.96461926,0.00013235,3.095e-05,23007,6,0.07855631,0.9995902
121,10,8017310,0.97667714,0.03242608,0.0,0.00188281,0.00113601,0.96439496,0.00013244,2.769e-05,47519,6,0.09025769,0.9995902
122,1,8017331,0.98760343,0.05439965,0.00889946,7.68e-06,0.00333334,0.70267422,0.00027986,0.23040578,52765,6,0.20452933,1.4796886
122,2,8017332,0.98757553,0.05429273,0.0103024,1.844e-05,0.00357037,0.43072123,0.0003549,0.50073994,49069,7,0.14552234,1.4795928
122,3,8017333,0.98656576,0.06012034,0.01239549,2.175e-05,0.00531991,0.66844046,0.00044104,0.25326101,44965,7,0.08146967,1.4794596
122,4,8017334,0.98805751,0.05338943,0.00871598,7.44e-06,0.00342385,0.36546236,0.00027844,0.5687225,44973,7,0.29505246,1.4795928
122,5,8017335,0.98698597,0.05644364,0.00982956,8.06e-06,0.00394009,0.73081997,0.00039944,0.19855925,55213,6,0.10566616,1.4795928
122,6,8017336,0.98761702,0.05354974,0.01060153,7.7e-06,0.00431522,0.59560412,0.00041474,0.33550694,44973,7,0.19780718,1.4795928
122,7,8017337,0.98687468,0.05845948,0.00954219,7.15e-06,0.0040274,0.67969903,0.00045154,0.24781321,52141,6,0.12315514,1.4795928
122,8,8017338,0.98749738,0.0531196,0.00966913,1.139e-05,0.00479036,0.76680294,0.0003436,0.16526299,49068,6,0.09700992,1.4794929
122,9,8017339,0.98794669,0.05174374,0.00873066,7.58e-06,0.00401899,0.82299618,0.00037477,0.11212809,49068,6,0.19281416,1.4794929
122,10,8017340,0.98735925,0.05505988,0.01015214,7.53e-06,0.00412545,0.67077045,0.00044678,0.25943776,44972,6,0.09665357,1.4794429
123,1,8017361,0.97070023,0.05213413,0.08073691,0.0,0.01289889,0.73992421,0.002615,0.11169086,22663,6,0.13071768,0.9994701
123,2,8017362,0.97520707,0.04343779,0.07273567,0.0,0.00948004,0.77670214,0.00154335,0.096101,36937,6,0.11831669,0.9995225
123,3,8017363,0.97312407,0.04511942,0.06977923,0.0,0.01201924,0.78005963,0.00213254,0.09088994,18567,6,0.10167891,0.9993952
123,4,8017364,0.97276824,0.04543754,0.09342125,0.0,0.01171157,0.74676228,0.00159523,0.10107214,22663,6,0.08625422,0.9994701
123,5,8017365,0.97270537,0.04772776,0.08523942,0.0,0.01154624,0.71070526,0.00219277,0.14258856,22663,6,0.08381951,0.9994701
123,6,8017366,0.9736127,0.0444273,0.08108289,0.0,0.01077495,0.72971092,0.00249726,0.13150668,22663,6,0.10754293,0.9994701
123,7,8017367,0.97285697,0.04503185,0.07146384,0.0,0.01177383,0.78520944,0.00222736,0.08429368,36875,6,0.11232254,0.9995225
123,8,8017368,0.96705014,0.05631529,0.103637,0.0,0.01635753,0.66602682,0.00368773,0.15397563,18567,6,0.08360425,0.9993952
123,9,8017369,0.97491898,0.04401444,0.08678197,0.0,0.00857216,0.74020615,0.00153873,0.11888655,18567,6,0.07914184,0.9993952
123,10,8017370,0.97225579,0.04953862,0.08941928,0.0,0.01240548,0.7296227,0.00178592,0.117228,22727,6,0.05372472,0.9994701
124,1,8017391,0.9819496,0.02853257,0.0,0.00104942,0.00524326,0.06730138,0.0,0.89787337,30687,7,0.03850991,0.9996687
124,2,8017392,0.98185778,0.02836775,0.0,0.00105052,0.00522445,0.08209659,0.0,0.88326068,51199,7,0.02137156,0.9996688
124,3,8017393,0.98184408,0.02829204,0.0,0.00105072,0.00527514,0.08416965,0.0,0.88121245,59359,7,0.02997844,0.9996687
124,4,8017394,0.98182544,0.02825069,0.0,0.001049,0.00532852,0.08599845,0.0,0.87937334,53247,7,0.02510043,0.9996688
124,5,8017395,0.98187668,0.02834041,0.0,0.00104963,0.0052863,0.07669402,0.0,0.88862963,16351,7,0.03589702,0.9996687
124,6,8017396,0.98190062,0.02834051,0.0,0.00104959,0.00528665,0.09653286,0.0,0.86879039,14303,7,0.02208015,0.9996687
124,7,8017397,0.98184377,0.02818,0.0,0.00105012,0.00528193,0.08568846,0.0,0.87979949,42975,7,0.03363668,0.9996687
124,8,8017398,0.98201197,0.02872626,0.0,0.00105028,0.00527283,0.06570575,0.0,0.89924488,16351,7,0.03778276,0.9996687
124,9,8017399,0.98185513,0.02826071,0.0,0.00104814,0.00520274,0.13467875,0.0,0.83080965,57311,7,0.03634219,0.9996687
124,10,8017400,0.98187031,0.02834761,0.0,0.00104948,0.00523173,0.11245042,0.0,0.85292076,14303,7,0.02192778,0.9996687
125,1,8017421,0.98507837,0.05445942,0.00270783,0.0,0.0038417,0.91929132,0.0,0.01969973,56108,6,0.06880768,2.0999793
125,2,8017422,0.98495912,0.05411819,0.00288559,0.0,0.00369997,0.9111038,0.0,0.02819244,47658,6,0.08045948,2.0996264
125,3,8017423,0.98367334,0.06359477,0.00489703,0.0,0.00405302,0.915963,0.0,0.01149218,56074,6,0.06350203,2.0999793
125,4,8017424,0.97775871,0.09008992,0.02124089,0.0,0.00364645,0.86655287,0.0,0.01846986,47658,6,0.05469814,2.0996264
125,5,8017425,0.98457914,0.05676681,0.0044073,0.0,0.0038724,0.93036031,0.0,0.00459317,51754,6,0.12964326,2.0995764
125,6,8017426,0.98494982,0.05864035,0.00324979,0.0,0.00417635,0.91988828,0.0,0.01404523,57100,6,0.0740009,2.0999793
125,7,8017427,0.98512887,0.05858972,0.00302757,0.0,0.00398826,0.92981361,0.0,0.00458083,57132,6,0.12260398,2.0999793
125,8,8017428,0.98473236,0.0571471,0.00321339,0.0,0.00376673,0.9107803,0.0,0.02509249,57100,6,0.08035997,2.0999793
125,9,8017429,0.98179396,0.07261589,0.01035507,0.0,0.00393268,0.90987724,0.0,0.00321912,51722,6,0.08131877,2.0995764
125,10,8017430,0.98030781,0.07814677,0.01493946,0.0,0.00357584,0.88722939,0.0,0.01610854,51981,6,0.08841452,2.1000459
126,1,8017451,0.97392655,0.01778492,0.0,0.00037857,0.00069924,0.98091656,0.00018074,3.997e-05,32969,6,0.15384753,0.9992589
126,2,8017452,0.97427493,0.0175634,0.0,0.00037699,0.00062642,0.98122643,0.00017831,2.845e-05,32911,6,0.15574349,0.9992589
126,3,8017453,0.97414239,0.01763256,0.0,0.00037553,0.00056274,0.98123499,0.00017504,1.912e-05,32905,6,0.10063645,0.9992589
126,4,8017454,0.97375874,0.0164575,0.0,0.00037654,0.00047021,0.98250892,0.00017313,1.37e-05,37003,6,0.15828936,0.9992589
126,5,8017455,0.97415964,0.01720065,0.0,0.00037613,0.00056526,0.98165854,0.00017413,2.53e-05,32847,6,0.25608585,0.999259
126,6,8017456,0.97385569,0.01700659,0.0,0.00038092,0.00060608,0.9818065,0.00018166,1.824e-05,37071,6,0.14273968,0.9992589
126,7,8017457,0.97388825,0.01717971,0.0,0.00037895,0.00069108,0.98153774,0.00018217,3.035e-05,37071,6,0.19112039,0.9992589
126,8,8017458,0.9742887,0.01846085,0.0,0.00037996,0.00074547,0.98020464,0.00018241,2.666e-05,32907,6,0.22493351,0.9992589
126,9,8017459,0.97434615,0.01802285,0.0,0.00038159,0.00068249,0.98070016,0.00018158,3.133e-05,37007,6,0.21573529,0.9992589
126,10,8017460,0.97454255,0.01875086,0.0,0.00037613,0.00050739,0.98018429,0.00017006,1.126e-05,32847,6,0.12036988,0.999259
127,1,8017481,0.99488897,0.03499712,0.01825974,0.0,0.00613338,0.02052042,0.0,0.92008934,51199,7,0.02774227,0.9999338
127,2,8017482,0.99488838,0.03490385,0.01789946,0.0,0.00614903,0.01832647,0.0,0.92272121,54783,7,0.03951299,0.9999338
127,3,8017483,0.99490779,0.0348902,0.01825666,0.0,0.00613276,0.01746804,0.0,0.92325234,14335,7,0.02701149,0.9999338
127,4,8017484,0.9948861,0.03487712,0.01781414,0.0,0.0060894,0.02044708,0.0,0.92077225,30719,7,0.03412675,0.9999338
127,5,8017485,0.99486718,0.03486649,0.01819332,0.0,0.0061183,0.02472198,0.0,0.91609991,22519,7,0.02578565,0.9999088
127,6,8017486,0.99488505,0.03486449,0.01824307,0.0,0.00607568,0.01909941,0.0,0.92171735,56831,7,0.02342644,0.9999338
127,7,8017487,0.99487763,0.0348883,0.01814713,0.0,0.00614233,0.02044155,0.0,0.92038069,26495,7,0.02515203,0.9998838
127,8,8017488,0.99488929,0.03499172,0.01788972,0.0,0.00610371,0.02108496,0.0,0.91992988,56831,7,0.02971388,0.9999338
127,9,8017489,0.99486794,0.03480796,0.01786099,0.0,0.00606597,0.0197172,0.0,0.92154789,7671,7,0.02846378,0.9999088
127,10,8017490,0.99493584,0.03503129,0.01808415,0.0,0.00610748,0.01698389,0.0,0.9237932,32255,7,0.03489697,0.9999338
128,1,8017511,0.98663173,0.05274697,0.00730532,0.0,0.00474147,0.86254606,6.458e-05,0.07259559,51971,6,0.17909882,1.4668984
128,2,8017512,0.98620061,0.05328101,0.00844126,0.0,0.0049666,0.84861884,6.233e-05,0.08462996,52010,6,0.19676136,1.4668984
128,3,8017513,0.98662876,0.05230081,0.00738525,0.0,0.0047637,0.86899973,5.661e-05,0.0664939,51970,6,0.22000648,1.4668651
128,4,8017514,0.98687229,0.05262305,0.00825636,0.0,0.00488915,0.88032516,5.713e-05,0.05384915,51970,6,0.31584614,1.4668651
128,5,8017515,0.98661302,0.05222362,0.00766584,0.0,0.00496902,0.83434099,6.687e-05,0.10073365,52002,6,0.16384821,1.4668651
128,6,8017516,0.98631462,0.05139994,0.00733025,0.0,0.00483855,0.89115457,6.005e-05,0.04521664,51979,6,0.28752888,1.4669983
128,7,8017517,0.98665194,0.05360774,0.00773382,0.0,0.00494166,0.88126464,5.974e-05,0.0523924,51978,6,0.58373228,1.4668984
128,8,8017518,0.98689797,0.05295773,0.00755969,0.0,0.0048154,0.8471797,5.814e-05,0.08742934,51970,6,0.32559839,1.4668651
128,9,8017519,0.98654961,0.05291875,0.00773087,0.0,0.00496888,0.89251631,6.619e-05,0.041799,51978,6,0.32608885,1.4668984
128,10,8017520,0.98676036,0.05208889,0.00820901,0.0,0.00453403,0.76476439,5.225e-05,0.17035143,51978,6,0.14842504,1.4668984
129,1,8017541,0.97831786,0.03106931,0.0,0.00170785,0.00104667,0.96604163,0.00011205,2.25e-05,62879,6,0.05987002,0.999579
129,2,8017542,0.97830656,0.03114249,0.0,0.00170869,0.00106273,0.96594972,0.0001118,2.458e-05,62879,6,0.08236766,0.999579
129,3,8017543,0.97831276,0.03106382,0.0,0.00170533,0.00106458,0.96602989,0.00011193,2.444e-05,38751,6,0.0619154,0.999579
129,4,8017544,0.97832104,0.03120249,0.0,0.00170793,0.00108063,0.96587066,0.00011178,2.65e-05,35679,6,0.045873,0.999579
129,5,8017545,0.97809122,0.03060229,0.0,0.00170772,0.00104034,0.96651394,0.00011177,2.394e-05,43871,6,0.07210044,0.9995789
129,6,8017546,0.97823397,0.03063714,0.0,0.0017055,0.00106923,0.96645235,0.00011166,2.412e-05,30111,6,0.11150515,0.999579
129,7,8017547,0.97829148,0.03120053,0.0,0.00170681,0.00107143,0.96588069,0.00011192,2.863e-05,51167,6,0.04832043,0.999579
129,8,8017548,0.97828526,0.03106433,0.0,0.00170584,0.00105712,0.96603465,0.00011203,2.603e-05,56735,6,0.05782044,0.9995789
129,9,8017549,0.97833777,0.03120732,0.0,0.0017081,0.00106431,0.96588241,0.00011175,2.61e-05,51167,6,0.08457463,0.999579
129,10,8017550,0.97830242,0.03123189,0.0,0.00171105,0.00108874,0.96583192,0.00011201,2.439e-05,49119,6,0.06520695,0.999579
130,1,8017571,0.98590776,0.05520921,0.00213792,0.0,0.00420934,0.81517131,0.0,0.12327223,49068,6,0.16856398,1.900627
130,2,8017572,0.98566756,0.05450373,0.00248501,0.0,0.00412407,0.82168713,0.0,0.11720006,48042,6,0.07848754,1.900627
130,3,8017573,0.98587416,0.05493782,0.0023628,0.0,0.00420895,0.80994291,0.0,0.12854752,48036,6,0.0946038,1.900577
130,4,8017574,0.98564754,0.05582899,0.00245742,0.0,0.00439653,0.85761163,0.0,0.07970544,48036,6,0.15405189,1.900577
130,5,8017575,0.98631869,0.05414388,0.00206567,0.0,0.00436741,0.80866692,0.0,0.13075612,44964,6,0.12082898,1.900527
130,6,8017576,0.87922928,0.99391603,0.00062494,0.0,0.00468395,0.00073192,0.0,4.315e-05,48733,0,0.23722618,1.5407243
130,7,8017577,0.9460835,0.39854402,0.00241634,0.0,0.00790846,0.50861843,0.0,0.08251274,57090,6,0.05810745,1.9008069
130,8,8017578,0.98514641,0.05771376,0.00267451,0.0,0.00416197,0.73855741,0.0,0.19689235,57258,6,0.10314765,1.900627
130,9,8017579,0.98311733,0.06895938,0.0040555,0.0,0.00543123,0.80712602,0.0,0.11442786,51116,6,0.09082719,1.900577
130,10,8017580,0.98516883,0.05832186,0.002792,0.0,0.00413304,0.69113399,0.0,0.24361911,49061,7,0.08616948,1.900627
131,1,8017601,0.97864313,0.02575409,0.03702489,0.0,0.00161489,0.93442434,0.00033819,0.00084359,32841,6,0.14515727,0.9994088
131,2,8017602,0.97969411,0.02385946,0.02741916,0.0,0.00105316,0.94446423,0.00028541,0.00291858,32779,6,0.15787132,0.9994089
131,3,8017603,0.9771051,0.03283042,0.03368311,0.0,0.00277032,0.92973336,0.00045254,0.00053025,36875,6,0.15108676,0.9994089
131,4,8017604,0.97812677,0.02692008,0.03394107,0.0,0.00187616,0.9313269,0.00039037,0.00554543,22927,6,0.21811782,0.9991269
131,5,8017605,0.97940657,0.02528654,0.02530506,0.0,0.00114161,0.94782716,0.00026483,0.0001748,32841,6,0.22210408,0.9994088
131,6,8017606,0.97884831,0.02016848,0.01979727,0.0,0.00115882,0.95290616,0.00030283,0.00566644,32777,6,0.32167175,0.9994089
131,7,8017607,0.97945712,0.02201992,0.02234969,0.0,0.00143361,0.95025146,0.0003088,0.00363653,22663,6,0.1739429,0.9992429
131,8,8017608,0.97805641,0.02622817,0.0319241,0.0,0.00184479,0.90900109,0.00042626,0.0305756,36939,6,0.21034438,0.9994088
131,9,8017609,0.9790006,0.02067379,0.02562729,0.0,0.00143222,0.95188622,0.00033946,4.102e-05,36937,6,0.23164221,0.9994088
131,10,8017610,0.97984552,0.02188854,0.02289202,0.0,0.00130974,0.95117751,0.00028384,0.00244834,32843,6,0.18750653,0.9994088
132,1,8017631,0.98572856,0.03226386,0.0,0.0,0.00586238,0.08418072,0.0,0.87769304,65375,7,0.02873323,0.999752
132,2,8017632,0.98567477,0.03187547,0.0,0.0,0.00588569,0.09209292,0.0,0.87014593,60383,7,0.01896515,0.999752
132,3,8017633,0.98567108,0.03203822,0.0,0.0,0.00577263,0.0940338,0.0,0.86815535,23927,7,0.01916071,0.999727
132,4,8017634,0.98567377,0.03198402,0.0,0.0,0.00584812,0.08447004,0.0,0.87769782,32639,7,0.02658956,0.9997521
132,5,8017635,0.98566433,0.03196938,0.0,0.0,0.005848,0.09634233,0.0,0.86584029,53215,7,0.02000319,0.999752
132,6,8017636,0.98567384,0.03194591,0.0,0.0,0.00579716,0.10201694,0.0,0.86024,45055,7,0.02420076,0.9997521
132,7,8017637,0.98571592,0.0321073,0.0,0.0,0.00592763,0.09181385,0.0,0.87015123,13823,7,0.01965156,0.999752
132,8,8017638,0.98562668,0.03174564,0.0,0.0,0.00580828,0.11256358,0.0,0.8498825,54655,7,0.01680129,0.999752
132,9,8017639,0.9856965,0.03196671,0.0,0.0,0.00579768,0.10437143,0.0,0.85786418,45023,7,0.02514615,0.999752
132,10,8017640,0.98568131,0.03192301,0.0,0.0,0.00582657,0.10270487,0.0,0.85954555,16383,7,0.02704327,0.9997521
133,1,8017661,0.98592738,0.05413774,0.00466337,0.0,0.00436127,0.92196769,0.0,0.01486993,51978,6,0.4054125,2.0565063
133,2,8017662,0.98595744,0.05360584,0.00438856,0.0,0.00431247,0.93572405,0.0,0.00196907,56074,6,0.25437587,2.0565396
133,3,8017663,0.96176096,0.11838996,0.00442356,0.0,0.00410552,0.87024657,0.0,0.00283439,56074,6,0.44098353,2.0565396
133,4,8017664,0.98606979,0.05332439,0.00441505,0.0,0.00432096,0.93616241,0.0,0.0017772,56074,6,0.32241409,2.0565396
133,5,8017665,0.98629661,0.05301495,0.00423749,0.0,0.00438639,0.93621301,0.0,0.00214816,52002,6,0.31826987,2.0564731
133,6,8017666,0.98625063,0.05309195,0.0043799,0.0,0.00445354,0.93610261,0.0,0.00197201,51970,6,0.29781729,2.056473
133,7,8017667,0.98631673,0.05229868,0.00424334,0.0,0.0043676,0.93617341,0.0,0.00291698,52002,6,0.25992393,2.0564731
133,8,8017668,0.9858609,0.05199797,0.00441679,0.0,0.00430147,0.93664773,0.0,0.00263605,51978,6,0.16332082,2.0565063
133,9,8017669,0.98573434,0.05400151,0.00485386,0.0,0.00425711,0.9311077,0.0,0.00577982,56066,6,0.22896642,2.0565063
133,10,8017670,0.98584576,0.05419858,0.00472285,0.0,0.00438854,0.9346892,0.0,0.00200083,56074,6,0.28662075,2.0565396
134,1,8017691,0.97101179,0.01620661,0.0,0.00131249,0.00073824,0.98155703,0.0001552,3.043e-05,32911,6,0.13887337,0.9991879
134,2,8017692,0.97107648,0.01593757,0.0,0.00131207,0.00081941,0.98174064,0.00015562,3.471e-05,37071,6,0.18901421,0.9991879
134,3,8017693,0.97442841,0.03050473,0.0,0.00156109,0.00105044,0.96668445,0.00016745,3.184e-05,37343,6,0.16065502,0.9995878
134,4,8017694,0.97143812,0.01678688,0.0,0.0013181,0.00073271,0.98097006,0.0001565,3.574e-05,37071,6,0.13197762,0.9991879
134,5,8017695,0.97072507,0.01490952,0.0,0.00131153,0.00043441,0.98317925,0.00015537,9.91e-06,32781,6,0.25256037,0.9991881
134,6,8017696,0.97434772,0.02669216,0.0,0.00145265,0.00092942,0.97073965,0.00015779,2.833e-05,33055,6,0.14278728,0.9995878
134,7,8017697,0.97233418,0.02149817,0.0,0.00139697,0.00096891,0.97593908,0.00015853,3.834e-05,32975,6,0.15674992,0.9991879
134,8,8017698,0.97422572,0.02824879,0.0,0.00154228,0.00102345,0.96899119,0.00016622,2.807e-05,37343,6,0.28738833,0.9995878
134,9,8017699,0.97129458,0.01616755,0.0,0.00131155,0.0007327,0.98160544,0.00015509,2.767e-05,37067,6,0.17310244,0.9991879
134,10,8017700,0.64160039,0.01140293,0.0,0.98699122,0.00027184,0.00117643,0.00015636,1.22e-06,36878,2,0.2830186,0.6661213
135,1,8017721,0.99160127,0.04932048,0.01029603,2.017e-05,0.00240052,0.00093916,0.00036969,0.93665394,49069,7,0.44814206,1.2399904
135,2,8017722,0.9918861,0.04529866,0.00921468,1.882e-05,0.00244287,0.00073506,0.00035793,0.94193198,49069,7,0.88270463,1.2399904
135,3,8017723,0.99162639,0.04607065,0.01181336,1.908e-05,0.00258924,0.01299356,0.0003803,0.92613381,49069,7,0.66268614,1.2399904
135,4,8017724,0.99198841,0.04514299,0.00877531,1.916e-05,0.00242478,0.00080904,0.00035822,0.94247051,49069,7,0.9405929,1.2399904
135,5,8017725,0.99174998,0.04816966,0.00948365,1.955e-05,0.00243731,0.00102942,0.00036228,0.93849813,49069,7,0.45603462,1.2399904
135,6,8017726,0.99198948,0.04503321,0.00810607,1.882e-05,0.00241414,0.00078891,0.00036138,0.94327747,49069,7,0.9408446,1.2399904
135,7,8017727,0.99124243,0.04853436,0.01120837,1.902e-05,0.00272948,0.03334388,0.00038722,0.90377766,44973,7,0.3869717,1.2399904
135,8,8017728,0.99198265,0.04522372,0.00841483,1.872e-05,0.00238144,0.00078154,0.00035836,0.94282138,49069,7,0.94057756,1.2399904
135,9,8017729,0.99165548,0.04833605,0.01005964,2.068e-05,0.00249913,0.01706001,0.0003771,0.9216474,49069,7,0.571218,1.2399904
135,10,8017730,0.99196978,0.04509175,0.00817292,1.864e-05,0.00240616,0.00076279,0.00036205,0.94318569,49069,7,0.9289815,1.2399904
136,1,8017751,0.98918584,0.04937607,0.0428705,0.0,0.00130908,0.0,7.96e-05,0.90636475,19079,7,0.63729449,0.9995379
136,2,8017752,0.98949197,0.0453539,0.0371115,0.0,0.00124884,0.0,7.123e-05,0.91621453,23175,7,0.86431259,0.9996128
136,3,8017753,0.98953541,0.04454539,0.03574411,0.0,0.00126231,0.0,7.748e-05,0.91837071,23175,7,0.91784219,0.9996128
136,4,8017754,0.98932553,0.04634243,0.03780905,0.0,0.00129733,0.0,8.09e-05,0.9144703,19079,7,0.74371615,0.9995379
136,5,8017755,0.98948372,0.04548752,0.03687711,0.0,0.00127755,0.0,7.654e-05,0.91628128,23175,7,0.75893773,0.9996128
136,6,8017756,0.98867573,0.04943034,0.03974626,0.0,0.00870022,0.0,0.00077432,0.90134886,23175,7,0.66154119,0.9996128
136,7,8017757,0.9892697,0.04697584,0.03823635,0.0,0.0034274,0.0,9.332e-05,0.91126708,23175,7,0.62733138,0.9996128
136,8,8017758,0.98899445,0.04779463,0.0365041,0.0,0.00484412,0.0,0.00028171,0.91057544,23175,7,0.5178972,0.9996128
136,9,8017759,0.98932808,0.0480689,0.03995837,0.0,0.00128463,0.0,7.66e-05,0.9106115,23175,7,0.52396459,0.9996128
136,10,8017760,0.98955273,0.04448489,0.03531563,0.0,0.00126702,0.0,7.373e-05,0.91885872,23175,7,0.91830104,0.9996128
137,1,8017781,0.97910518,0.02629498,0.0,0.00141358,0.00452715,0.06345039,0.0,0.90431389,60383,7,0.0502509,0.9996084
137,2,8017782,0.97900325,0.02619889,0.0,0.00141372,0.00457835,0.07978895,0.0,0.88802008,63455,7,0.02461477,0.9996084
137,3,8017783,0.97905186,0.02609253,0.0,0.00141407,0.00458358,0.0654397,0.0,0.90247012,15871,7,0.02350116,0.9996084
137,4,8017784,0.97922397,0.02660338,0.0,0.00141373,0.00457672,0.09808164,0.0,0.86932452,29663,7,0.05661924,0.9996084
137,5,8017785,0.97903102,0.02621452,0.0,0.0014148,0.00454345,0.10752679,0.0,0.86030044,16223,7,0.02018958,0.9996084
137,6,8017786,0.97903346,0.02609665,0.0,0.00141377,0.00454876,0.1088162,0.0,0.85912462,48991,7,0.02268472,0.9996084
137,7,8017787,0.97919671,0.0264877,0.0,0.00141455,0.00453434,0.07634108,0.0,0.89122233,55263,7,0.03685689,0.9996084
137,8,8017788,0.9788816,0.02591094,0.0,0.00141407,0.00455712,0.11295394,0.0,0.85516394,26623,7,0.01601585,0.9995584
137,9,8017789,0.97907422,0.02622135,0.0,0.00141434,0.00459396,0.06324155,0.0,0.90452881,11231,7,0.02765771,0.9995584
137,10,8017790,0.97919999,0.02661171,0.0,0.0014139,0.00455753,0.073283,0.0,0.89413385,47071,7,0.03343688,0.9996084
138,1,8017811,0.98502726,0.05634409,0.00316866,0.0,0.00373579,0.91593738,0.0,0.02081407,55850,6,0.05966343,2.1757526
138,2,8017812,0.98504138,0.05973567,0.00328169,0.0,0.0038489,0.92011423,0.0,0.01301951,51980,6,0.12005391,2.1760874
138,3,8017813,0.9849906,0.05491423,0.00312943,0.0,0.00390299,0.92772474,0.0,0.0103286,55850,6,0.11790824,2.1757526
138,4,8017814,0.98485168,0.05815739,0.00339596,0.0,0.00367403,0.92026879,0.0,0.01450383,53036,6,0.14967473,2.1760874
138,5,8017815,0.98145212,0.09363833,0.0228916,0.0,0.0033744,0.83882626,0.0,0.0412694,56100,6,0.0709135,2.1760874
138,6,8017816,0.98509748,0.05992289,0.00329195,0.0,0.00397418,0.91838165,0.0,0.01442932,56108,6,0.26829594,2.1761208
138,7,8017817,0.98487022,0.05698244,0.00340102,0.0,0.00367639,0.93193047,0.0,0.00400969,52010,6,0.0829297,2.1760874
138,8,8017818,0.98499169,0.05539728,0.00315218,0.0,0.00364268,0.93290571,0.0,0.00490214,56076,6,0.06502192,2.1761207
138,9,8017819,0.98488559,0.05787335,0.00346595,0.0,0.00365202,0.90827869,0.0,0.02672998,56108,6,0.09741646,2.1761208
138,10,8017820,0.98502149,0.05917809,0.00358683,0.0,0.00391866,0.9230364,0.0,0.01028001,51980,6,0.1065555,2.1760874
139,1,8017841,0.97510093,0.01661823,0.0046877,9.801e-05,0.00039365,0.977974,0.00022326,5.15e-06,36875,6,0.23279779,0.9992977
139,2,8017842,0.97538235,0.01711496,0.00499322,9.857e-05,0.00051631,0.97702553,0.00023774,1.368e-05,36877,6,0.17021578,0.9992977
139,3,8017843,0.97509812,0.01676166,0.00479013,9.824e-05,0.00038137,0.97772653,0.00023882,3.23e-06,36873,6,0.25250501,0.9992977
139,4,8017844,0.97514573,0.01748617,0.00499203,9.842e-05,0.0005815,0.97658582,0.00023892,1.714e-05,37003,6,0.15224971,0.9992976
139,5,8017845,0.97502174,0.01728964,0.00487176,9.928e-05,0.0005552,0.97692218,0.00024812,1.382e-05,36879,6,0.13266619,0.9992977
139,6,8017846,0.97495883,0.01702114,0.00466504,9.942e-05,0.00047201,0.97748081,0.00025259,8.98e-06,36873,6,0.19138026,0.9992977
139,7,8017847,0.97508931,0.01773382,0.00503377,9.972e-05,0.00068288,0.9761577,0.00027113,2.098e-05,36875,6,0.2147353,0.9992977
139,8,8017848,0.97507303,0.01803611,0.00507274,9.93e-05,0.00068727,0.97581841,0.00026359,2.257e-05,32911,6,0.15201193,0.9992976
139,9,8017849,0.97504839,0.01735684,0.00488454,9.926e-05,0.00056065,0.97684298,0.00024428,1.146e-05,32843,6,0.16658677,0.9992977
139,10,8017850,0.97522734,0.01780432,0.00503522,9.954e-05,0.000572,0.97622646,0.00024577,1.67e-05,32847,6,0.15883655,0.9992977
140,1,8017871,0.99146573,0.03256233,0.00459473,0.0,0.00554625,0.03008799,0.0,0.9272087,30207,7,0.03637375,0.9998615
140,2,8017872,0.99145025,0.03262162,0.00460138,0.0,0.00552226,0.03735411,0.0,0.91990063,59263,7,0.04274533,0.9998615
140,3,8017873,0.99146627,0.03269249,0.00437528,0.0,0.00550025,0.03131142,0.0,0.92612055,30591,7,0.0300815,0.9998615
140,4,8017874,0.99147405,0.03257529,0.00451783,0.0,0.00552866,0.036503,0.0,0.92087521,48639,7,0.05077638,0.9998615
140,5,8017875,0.99147815,0.03266624,0.00448271,0.0,0.00552013,0.04246641,0.0,0.91486451,16383,7,0.03913275,0.9998615
140,6,8017876,0.99148057,0.03267289,0.00452273,0.0,0.00553205,0.03228742,0.0,0.92498492,30207,7,0.030589,0.9998615
140,7,8017877,0.99144042,0.03256027,0.00451574,0.0,0.00560062,0.04494197,0.0,0.91238139,51199,7,0.03916212,0.9998615
140,8,8017878,0.99146931,0.03260949,0.00442883,0.0,0.00557834,0.03814576,0.0,0.91923758,40439,7,0.03437979,0.9998365
140,9,8017879,0.99146235,0.03256064,0.00443029,0.0,0.00552433,0.02649096,0.0,0.93099378,57343,7,0.03604426,0.9998615
140,10,8017880,0.99144339,0.03262508,0.00459384,0.0,0.00555075,0.03327427,0.0,0.92395606,40951,7,0.04646835,0.9998365
141,1,8017901,0.98600026,0.05484414,0.00580259,0.0,0.00449018,0.89832471,0.0,0.03653838,56074,6,0.2753305,1.8076158
141,2,8017902,0.98566186,0.05527227,0.00634216,0.0,0.00450852,0.90261364,0.0,0.03126341,51978,6,0.13630992,1.8075825
141,3,8017903,0.98633315,0.05290301,0.00540773,0.0,0.00456912,0.91959455,0.0,0.0175256,52994,6,0.17480088,1.8075492
141,4,8017904,0.98613135,0.05246977,0.00584321,0.0,0.00449628,0.91761123,0.0,0.01957951,52994,6,0.16102907,1.8075492
141,5,8017905,0.9861802,0.05308683,0.00560107,0.0,0.00452111,0.91196747,0.0,0.02482352,51970,6,0.23163143,1.8075491
141,6,8017906,0.98490721,0.05239192,0.00604458,0.0,0.00454184,0.92311669,0.0,0.01390497,56074,6,0.17140278,1.8076158
141,7,8017907,0.98635323,0.0534099,0.00552119,0.0,0.00460129,0.92225006,0.0,0.01421756,52010,6,0.17505047,1.8075825
141,8,8017908,0.98601732,0.0549835,0.00580683,0.0,0.00457502,0.90652569,0.0,0.02810896,56074,6,0.41837437,1.8076158
141,9,8017909,0.98580353,0.0542706,0.0057582,0.0,0.00485669,0.91092585,0.0,0.02418867,53034,6,0.25975513,1.8075825
141,10,8017910,0.98541889,0.05191233,0.00597365,0.0,0.00471343,0.9359168,0.0,0.00148379,51978,6,0.14845805,1.8075825
142,1,8017931,0.9767656,0.03083995,0.0,0.00181388,0.00107033,0.9661176,0.00013022,2.801e-05,30111,6,0.0505933,0.9995512
142,2,8017932,0.97677242,0.03088276,0.0,0.00181675,0.00106648,0.9660746,0.00013041,2.9e-05,40799,6,0.07171252,0.9995513
142,3,8017933,0.97687907,0.03128721,0.0,0.00181914,0.00108498,0.96564913,0.00013015,2.939e-05,39903,6,0.0692287,0.9995513
142,4,8017934,0.97692079,0.03115219,0.0,0.00181941,0.00108743,0.96578046,0.00013016,3.035e-05,32735,6,0.05830788,0.9995513
142,5,8017935,0.97675883,0.03038295,0.0,0.0018178,0.00104379,0.9665999,0.00013,2.555e-05,32159,6,0.11516161,0.9995512
142,6,8017936,0.97685062,0.03101923,0.0,0.00181861,0.00107627,0.96592879,0.00013032,2.678e-05,35295,6,0.06050692,0.9995512
142,7,8017937,0.97679297,0.03099309,0.0,0.00181344,0.00105143,0.96598535,0.00013,2.668e-05,56159,6,0.03737531,0.9995512
142,8,8017938,0.97684968,0.03130915,0.0,0.00181588,0.0010903,0.96562654,0.00013045,2.768e-05,23391,6,0.07457542,0.9995512
142,9,8017939,0.97685656,0.03087703,0.0,0.00181713,0.00107455,0.96607755,0.00013002,2.372e-05,55263,6,0.11282928,0.9995513
142,10,8017940,0.97687769,0.03114928,0.0,0.00181514,0.00109529,0.96578273,0.00012985,2.771e-05,57311,6,0.0885812,0.9995513
143,1,8017961,0.98629402,0.053489,0.00401092,0.0,0.0040251,0.79736244,0.0,0.14111255,55211,6,0.07123352,1.7631141
143,2,8017962,0.98553759,0.05826753,0.00431783,0.0,0.00647453,0.8382254,0.0,0.09271471,48044,6,0.07806899,1.7630142
143,3,8017963,0.98635999,0.05252612,0.00361476,0.0,0.00583149,0.77669116,0.0,0.16133647,49068,6,0.24797414,1.7630142
143,4,8017964,0.98525568,0.06052347,0.00424836,0.0,0.006691,0.79722796,0.0,0.13130922,44964,6,0.10895825,1.7629142
143,5,8017965,0.98589013,0.05404852,0.00392056,0.0,0.00525331,0.75098747,0.0,0.18579014,57260,6,0.10745006,1.7630142
143,6,8017966,0.9868606,0.05256996,0.0034482,0.0,0.00421325,0.72957298,0.0,0.2101956,44965,7,0.08375506,1.7629809
143,7,8017967,0.98531265,0.05736463,0.00400308,0.0,0.00580544,0.69367853,0.0,0.23914832,44972,6,0.07199051,1.7629642
143,8,8017968,0.98551459,0.05585407,0.0042863,0.0,0.00570572,0.76789182,0.0,0.16626209,43948,6,0.10083177,1.7629643
143,9,8017969,0.98684589,0.05216118,0.00343946,0.0,0.00418952,0.90083977,0.0,0.03937008,55212,6,0.12262787,1.7630142
143,10,8017970,0.98686965,0.05342603,0.00340909,0.0,0.00413501,0.64441455,0.0,0.29461532,49068,6,0.15106331,1.7630142
144,1,8017991,0.97828063,0.03721481,0.05693446,0.0,0.00525147,0.86865945,0.00058376,0.03135604,18567,6,0.15133297,0.999306
144,2,8017992,0.97385943,0.04179097,0.0791953,0.0,0.00816376,0.75917924,0.00096457,0.11070616,18567,6,0.17320451,0.999306
144,3,8017993,0.97778514,0.03482566,0.07440603,0.0,0.0051509,0.75659104,0.00061515,0.12841122,22663,6,0.30728653,0.9993809
144,4,8017994,0.97717266,0.03709615,0.06471037,0.0,0.00584539,0.8347195,0.00067299,0.05695558,18567,6,0.12097067,0.999306
144,5,8017995,0.97823763,0.03781133,0.05529746,0.0,0.00452042,0.86872132,0.00079844,0.03285103,18567,6,0.20280691,0.999306
144,6,8017996,0.97837733,0.03672318,0.05806025,0.0,0.00549443,0.83223537,0.00055924,0.06692753,22663,6,0.19349495,0.9993809
144,7,8017997,0.9748264,0.03960861,0.06152454,0.0,0.00714618,0.82202696,0.00097059,0.06872313,18575,6,0.12341351,0.9994058
144,8,8017998,0.97398521,0.0380331,0.06360214,0.0,0.00824911,0.82260543,0.0008042,0.06670602,18823,6,0.1328171,0.9991841
144,9,8017999,0.97697857,0.0359675,0.06335023,0.0,0.00556131,0.78250073,0.00074411,0.11187611,22663,6,0.21267249,0.9993809
144,10,8018000,0.97808189,0.03499217,0.05601385,0.0,0.0053753,0.87888164,0.00062291,0.02411414,18567,6,0.26034906,0.999306
145,1,8018021,0.98223171,0.0285009,0.0,0.00041824,0.00537286,0.07284248,0.0,0.89286552,16351,7,0.02354678,0.9996779
145,2,8018022,0.98219341,0.02829772,0.0,0.00041791,0.0054007,0.0787032,0.0,0.88718048,52599,7,0.02795535,0.9996446
145,3,8018023,0.98218992,0.02831993,0.0,0.00041791,0.00538595,0.086518,0.0,0.87935821,57343,7,0.03954087,0.999678
145,4,8018024,0.98213816,0.02823189,0.0,0.00041748,0.00529269,0.08829543,0.0,0.87776251,8191,7,0.02612825,0.9996779
145,5,8018025,0.98219718,0.02825478,0.0,0.00041779,0.00536721,0.085644,0.0,0.88031622,32127,7,0.02546108,0.9996779
145,6,8018026,0.98224867,0.02843212,0.0,0.00041741,0.00529123,0.0683926,0.0,0.89746663,22527,7,0.02801047,0.999678
145,7,8018027,0.98221393,0.02838236,0.0,0.000418,0.00535372,0.0765219,0.0,0.88932402,46975,7,0.03742132,0.9996779
145,8,8018028,0.98219073,0.02842116,0.0,0.00041809,0.00531325,0.08702884,0.0,0.87881866,40447,7,0.02144549,0.9996779
145,9,8018029,0.98215923,0.02831569,0.0,0.00041754,0.00529019,0.09168562,0.0,0.87429095,53247,7,0.02587969,0.9996779
145,10,8018030,0.98215956,0.02827034,0.0,0.00041788,0.00534042,0.08630651,0.0,0.87966486,51071,7,0.02298603,0.9996779
146,1,8018051,0.98492056,0.05841895,0.00294677,0.0,0.00411975,0.93012823,0.0,0.0043863,51981,6,0.10633277,2.2576977
146,2,8018052,0.98450806,0.05532619,0.00264184,0.0,0.00377601,0.93523223,0.0,0.00302374,44562,6,0.08850205,2.2575645
146,3,8018053,0.98484008,0.0560433,0.00302611,0.0,0.00411873,0.92466132,0.0,0.01215054,52010,6,0.12417263,2.2575978
146,4,8018054,0.98486078,0.05627376,0.00302184,0.0,0.00406599,0.93295513,0.0,0.00368327,56106,6,0.13489621,2.2576311
146,5,8018055,0.98326972,0.03338853,0.00046692,0.0,0.00163662,0.96447888,0.0,2.905e-05,50386,6,0.12426668,2.2575645
146,6,8018056,0.98465705,0.05487429,0.00304829,0.0,0.00399831,0.93459049,0.0,0.00348862,52754,6,0.06458671,2.2575645
146,7,8018057,0.98416059,0.05700013,0.00303844,0.0,0.00392003,0.92214663,0.0,0.01389477,56108,6,0.07145215,2.2576311
146,8,8018058,0.98481751,0.05730445,0.00310051,0.0,0.00405665,0.91693838,0.0,0.01860001,53036,6,0.1041986,2.2575978
146,9,8018059,0.98462578,0.05604714,0.00269109,0.0,0.00383901,0.89539341,0.0,0.04202935,56108,6,0.08497966,2.2576311
146,10,8018060,0.98366266,0.032568,0.00044681,0.0,0.00167702,0.96527852,0.0,2.965e-05,52306,6,0.08700574,2.2575645
147,1,8018081,0.97135912,0.01550523,0.0,0.00065764,0.0005473,0.98311714,0.00015798,1.471e-05,32973,6,0.13605355,0.9992032
147,2,8018082,0.9710911,0.01654227,0.0,0.00066195,0.00070176,0.98190253,0.00016246,2.903e-05,32907,6,0.18350001,0.9992032
147,3,8018083,0.97170485,0.01684095,0.0,0.00066111,0.00062489,0.9816959,0.00016055,1.659e-05,32975,6,0.17587153,0.9992032
147,4,8018084,0.97145468,0.01639672,0.0,0.00065837,0.00077966,0.981977,0.0001597,2.856e-05,32975,6,0.33948988,0.9992032
147,5,8018085,0.97124496,0.01596455,0.0,0.00066127,0.00065787,0.98252357,0.00016107,3.167e-05,37071,6,0.22089014,0.9992032
147,6,8018086,0.97156993,0.01686184,0.0,0.00066032,0.00077832,0.98150592,0.00016134,3.225e-05,32971,6,0.24488446,0.9992032
147,7,8018087,0.971289,0.0159519,0.0,0.00065899,0.00061766,0.98259233,0.00015856,2.056e-05,32911,6,0.16415391,0.9992032
147,8,8018088,0.97126344,0.01624556,0.0,0.00065871,0.00070368,0.9822093,0.00016061,2.214e-05,37003,6,0.2352628,0.9992033
147,9,8018089,0.97127725,0.01602727,0.0,0.00065754,0.00065105,0.98248354,0.00015895,2.166e-05,32975,6,0.13477058,0.9992032
147,10,8018090,0.97130705,0.01571114,0.0,0.00066374,0.00056055,0.98288235,0.00016279,1.943e-05,37005,6,0.14910369,0.9992033
148,1,8018111,0.99774683,0.03800558,0.03295111,0.0,0.00867104,0.006206,0.0,0.91416628,44927,7,0.02452504,0.9999847
148,2,8018112,0.99775606,0.03805849,0.03085636,0.0,0.00881006,0.00777544,0.0,0.91449965,57215,7,0.02302057,0.9999848
148,3,8018113,0.99771427,0.03793368,0.02956977,0.0,0.00876392,0.01243236,0.0,0.91130027,46975,7,0.02169409,0.9999847
148,4,8018114,0.99775981,0.03792519,0.03057681,0.0,0.00871269,0.0078993,0.0,0.91488602,56823,7,0.02556949,0.9999598
148,5,8018115,0.99774437,0.03803819,0.03117387,0.0,0.00878178,0.00700008,0.0,0.91500607,13823,7,0.02935387,0.9999848
148,6,8018116,0.99767578,0.0380529,0.02978332,0.0,0.00874498,0.00980465,0.0,0.91361415,36215,7,0.0195206,0.9999514
148,7,8018117,0.9977037,0.03812885,0.03003307,0.0,0.00884996,0.00640045,0.0,0.91658767,44543,7,0.02297655,0.9999847
148,8,8018118,0.99774543,0.03803397,0.03085844,0.0,0.00889187,0.01002199,0.0,0.91219374,51199,7,0.02702694,0.9999847
148,9,8018119,0.99772345,0.03811489,0.03341992,0.0,0.00880427,0.01060139,0.0,0.90905953,54783,7,0.02573631,0.9999848
148,10,8018120,0.99772045,0.03807368,0.02928144,0.0,0.00867365,0.00713908,0.0,0.91683215,51199,7,0.02649452,0.9999847
149,1,8018141,0.98655702,0.0497384,0.01606133,0.0,0.00530451,0.7887358,0.00015677,0.14000319,51714,6,0.22235945,1.3694956
149,2,8018142,0.98664848,0.05305936,0.01356182,0.0,0.00487258,0.82761955,0.00014022,0.10074648,51978,6,0.3630529,1.3697693
149,3,8018143,0.98695756,0.05029214,0.01342795,0.0,0.00494439,0.76262822,0.00017973,0.16852757,51970,6,0.18772974,1.369736
149,4,8018144,0.98705806,0.05103672,0.01353561,0.0,0.00487791,0.83724211,0.00012439,0.09318327,51970,6,0.26560205,1.369736
149,5,8018145,0.98704387,0.04931526,0.01254791,0.0,0.00517206,0.83528769,0.00013989,0.0975372,51714,6,0.29259192,1.3694956
149,6,8018146,0.98702729,0.05072609,0.01540516,0.0,0.0051042,0.84159969,0.00017105,0.08699381,51970,6,0.24919663,1.369736
149,7,8018147,0.98705899,0.05050669,0.01273718,0.0,0.00505208,0.84926088,0.0001299,0.08231327,52994,6,0.36085959,1.369736
149,8,8018148,0.98732443,0.04859946,0.01169365,0.0,0.0047379,0.81701787,0.0001173,0.11783382,52994,6,0.21185375,1.369736
149,9,8018149,0.98683229,0.05245405,0.01478218,0.0,0.00516061,0.89160494,0.00014504,0.03585319,51970,6,0.23757783,1.369736
149,10,8018150,0.98650946,0.05269919,0.01381425,0.0,0.00529372,0.84571621,0.00014213,0.08233449,53002,6,0.1780646,1.3697693
150,1,8018171,0.97782036,0.02677339,0.0,0.00181992,0.00411859,0.12205762,0.0,0.84523048,59871,6,0.06255389,0.9995566
150,2,8018172,0.97778306,0.02668196,0.0,0.00182127,0.00408304,0.18883872,0.0,0.77857501,32735,7,0.05308654,0.9995566
150,3,8018173,0.97768703,0.02664434,0.0,0.00182126,0.00405623,0.20333418,0.0,0.764144,45023,7,0.07458003,0.9995566
150,4,8018174,0.97784125,0.02687687,0.0,0.00181978,0.00412177,0.16386856,0.0,0.80331302,56159,7,0.0662804,0.9995566
150,5,8018175,0.97787307,0.02686157,0.0,0.00182086,0.00413768,0.11782263,0.0,0.84935726,22367,7,0.04508594,0.9995566
150,6,8018176,0.97789893,0.02695781,0.0,0.00181916,0.00411814,0.07680523,0.0,0.89029966,30559,7,0.05383496,0.9995566
150,7,8018177,0.97784603,0.02686765,0.0,0.00182171,0.00415038,0.07296417,0.0,0.89419609,62303,7,0.04718389,0.9995567
150,8,8018178,0.97781983,0.02688967,0.0,0.00181779,0.00398974,0.20307703,0.0,0.76422578,48543,6,0.08771039,0.9995565
150,9,8018179,0.97779515,0.0267791,0.0,0.00182008,0.00405889,0.17748332,0.0,0.78985861,43999,7,0.06803312,0.9995566
150,10,8018180,0.97783941,0.02688823,0.0,0.00182236,0.00415146,0.08237941,0.0,0.88475855,23391,7,0.03312063,0.9995566
151,1,8018201,0.98531971,0.05622352,0.0025873,0.0,0.00434828,0.82358709,0.0,0.11325381,49068,6,0.10737526,2.1651167
151,2,8018202,0.98539575,0.05466586,0.00257366,0.0,0.00379227,0.89448498,0.0,0.04448322,57100,6,0.07152662,2.1653829
151,3,8018203,0.98332993,0.06995306,0.01022123,0.0,0.00388245,0.82222338,0.0,0.09371988,49068,6,0.08997609,2.1651167
151,4,8018204,0.97523595,0.15615122,0.07747398,0.0,0.00333687,0.70838082,0.0,0.05465711,47355,4,0.07394981,2.1652167
151,5,8018205,0.93080318,0.60419119,0.39357332,0.0,0.00161834,0.0005957,0.0,2.144e-05,47355,4,0.22597855,2.1652167
151,6,8018206,0.98535182,0.05499812,0.00255336,0.0,0.00385531,0.8473034,0.0,0.0912898,55202,6,0.08027568,2.1650668
151,7,8018207,0.98544038,0.05479289,0.0026405,0.0,0.0041987,0.84237676,0.0,0.09599115,44972,6,0.10770394,2.1650667
151,8,8018208,0.98533265,0.05408021,0.00244944,0.0,0.00410315,0.88609536,0.0,0.05327184,55212,6,0.0978547,2.1651168
151,9,8018209,0.93071707,0.60461535,0.39314327,0.0,0.0016224,0.00059756,0.0,2.142e-05,47867,4,0.3224585,2.1652167
151,10,8018210,0.98536309,0.055107,0.00257758,0.0,0.00389028,0.7595815,0.0,0.17884364,43948,6,0.08163191,2.1650668
152,1,8018231,0.9772371,0.0184118,0.00474474,6.37e-06,0.00081168,0.97571013,0.00029858,1.67e-05,37003,6,0.17546028,0.9993531
152,2,8018232,0.9774309,0.01746059,0.00459076,6.01e-06,0.00054281,0.97711731,0.00027521,7.31e-06,36941,6,0.18733694,0.9993532
152,3,8018233,0.97732776,0.01723802,0.00462087,5.89e-06,0.00048174,0.97738421,0.00026725,2.03e-06,36937,6,0.2563851,0.9993532
152,4,8018234,0.97724517,0.01730027,0.00465483,5.99e-06,0.00048555,0.9772832,0.0002658,4.36e-06,36937,6,0.18183077,0.9993532
152,5,8018235,0.9769481,0.01754751,0.00460321,6.14e-06,0.00054791,0.97700088,0.00029078,3.57e-06,32777,6,0.17438256,0.9993532
152,6,8018236,0.97713004,0.01796052,0.00471945,6.27e-06,0.00065031,0.97633489,0.00030936,1.92e-05,36941,6,0.16349768,0.9993532
152,7,8018237,0.97704033,0.01794975,0.0047565,6.27e-06,0.00066229,0.97630006,0.00031672,8.41e-06,36937,6,0.12210256,0.9993532
152,8,8018238,0.97706785,0.01811999,0.00480977,6.34e-06,0.00073336,0.97600542,0.00030041,2.471e-05,36939,6,0.15091549,0.9993532
152,9,8018239,0.97710255,0.01782042,0.00467892,6.2e-06,0.00062563,0.97656486,0.00028544,1.852e-05,36875,6,0.22662583,0.9993532
152,10,8018240,0.9769611,0.0184575,0.00485505,6.57e-06,0.00080246,0.97551857,0.00032793,3.191e-05,32971,6,0.18215692,0.9993531
153,1,8018261,0.98760256,0.03041242,0.00406168,0.0,0.00533818,0.02488615,0.0,0.93530157,54783,7,0.09637936,0.9997815
153,2,8018262,0.98760955,0.03040116,0.00404367,0.0,0.00528842,0.02308317,0.0,0.93718358,53247,7,0.08754823,0.9997815
153,3,8018263,0.98761897,0.0303244,0.00410917,0.0,0.00529953,0.04141,0.0,0.9188569,51199,7,0.132857,0.9997815
153,4,8018264,0.98761274,0.03042564,0.00404236,0.0,0.00530229,0.04002697,0.0,0.92020275,30207,7,0.08323746,0.9997815
153,5,8018265,0.987614,0.0304237,0.00397125,0.0,0.00532431,0.04615869,0.0,0.91412206,49151,7,0.12209428,0.9997816
153,6,8018266,0.98758977,0.03044117,0.00412988,0.0,0.0052617,0.05785655,0.0,0.9023107,14335,7,0.11852903,0.9997816
153,7,8018267,0.98762724,0.03037161,0.00401091,0.0,0.0052699,0.04252986,0.0,0.91781772,44543,7,0.07806966,0.9997815
153,8,8018268,0.98761019,0.03039652,0.00416488,0.0,0.00525915,0.03011209,0.0,0.93006736,50687,7,0.10842097,0.9997815
153,9,8018269,0.9876072,0.03042349,0.0039897,0.0,0.00527706,0.03927303,0.0,0.92103671,48639,7,0.07673341,0.9997815
153,10,8018270,0.98760574,0.03042643,0.00405706,0.0,0.00526073,0.03654098,0.0,0.92371481,62975,7,0.07314333,0.9997815
154,1,8018291,0.98540963,0.05338811,0.00442216,0.0,0.00466652,0.92406021,0.0,0.01346299,51978,6,0.18007653,2.1184933
154,2,8018292,0.98578595,0.05294213,0.00456815,0.0,0.00426464,0.93303293,0.0,0.00519216,56066,6,0.24637114,2.1184933
154,3,8018293,0.98586701,0.05378301,0.00410854,0.0,0.00444215,0.93580198,0.0,0.00186432,53002,6,0.35131016,2.1184933
154,4,8018294,0.98608089,0.05094871,0.00441335,0.0,0.00428375,0.9248705,0.0,0.01548369,52994,6,0.18562698,2.11846
154,5,8018295,0.98572144,0.05348614,0.00423642,0.0,0.00448882,0.91754815,0.0,0.02024047,52994,6,0.16867978,2.11846
154,6,8018296,0.98551384,0.05309411,0.00440961,0.0,0.00422959,0.86923915,0.0,0.06902754,56106,6,0.26590201,2.1185266
154,7,8018297,0.98610627,0.05278376,0.00421259,0.0,0.00441278,0.93667725,0.0,0.00191362,51978,6,0.38697229,2.1184933
154,8,8018298,0.9829419,0.05517768,0.00457512,0.0,0.00437526,0.92073301,0.0,0.01513892,57098,6,0.17938303,2.1185266
154,9,8018299,0.98604075,0.05223309,0.00450217,0.0,0.00437997,0.93672447,0.0,0.0021603,51970,6,0.23231013,2.1184599
154,10,8018300,0.98547604,0.05415276,0.00447039,0.0,0.00452663,0.93433285,0.0,0.00251738,56074,6,0.18126307,2.1185266
155,1,8018321,0.97372111,0.02669049,0.0,0.00192431,0.00095639,0.97025318,0.00015409,2.154e-05,58511,6,0.22168412,0.9993396
155,2,8018322,0.97458255,0.02926799,0.0,0.00197598,0.00106555,0.96750524,0.00015541,2.984e-05,59087,6,0.08250326,0.9993397
155,3,8018323,0.97406734,0.02853311,0.0,0.00201373,0.00101109,0.96825863,0.00015671,2.673e-05,63967,6,0.09764628,0.9995397
155,4,8018324,0.97453649,0.0301071,0.0,0.00204158,0.00103485,0.96662213,0.00015636,3.797e-05,33119,6,0.06993817,0.9995396
155,5,8018325,0.97441028,0.02935207,0.0,0.00203171,0.0010011,0.96743651,0.00015645,2.216e-05,11679,6,0.0656545,0.9994896
155,6,8018326,0.97397004,0.02651271,0.0,0.00189836,0.00103298,0.97037082,0.00015368,3.145e-05,28239,6,0.10243139,0.9992898
155,7,8018327,0.97467444,0.0302547,0.0,0.00206287,0.00100641,0.96649533,0.00015743,2.326e-05,52639,6,0.08588305,0.9995396
155,8,8018328,0.97462359,0.02936742,0.0,0.00199212,0.0010141,0.96744297,0.0001555,2.788e-05,32335,6,0.0701953,0.9993398
155,9,8018329,0.97459306,0.03101296,0.0,0.00206282,0.00107261,0.96566289,0.00015719,3.153e-05,30687,6,0.05302678,0.9995397
155,10,8018330,0.97469602,0.03053771,0.0,0.00204182,0.00104946,0.96618052,0.00015677,3.372e-05,26975,6,0.09757104,0.9994897
156,1,8018351,0.98681378,0.05518695,0.0082844,1.568e-05,0.00427933,0.57494292,0.00057645,0.35671427,52893,6,0.28517478,1.5337595
156,2,8018352,0.98673696,0.05720615,0.01128372,2.202e-05,0.0048987,0.44653414,0.00054884,0.47950643,49069,7,0.21014043,1.5337595
156,3,8018353,0.98709091,0.05628774,0.01028369,7.76e-05,0.00412166,0.37894542,0.00069613,0.54958775,49069,7,0.16916946,1.5337595
156,4,8018354,0.98749035,0.05543907,0.00925446,6.88e-06,0.00396169,0.45753324,0.00056245,0.47324221,44973,7,0.29437249,1.5337595
156,5,8018355,0.98818441,0.05327081,0.00871106,2.091e-05,0.00285154,0.3861918,0.0002705,0.54868338,44973,7,0.19654363,1.5337595
156,6,8018356,0.98649876,0.05593109,0.00970535,8.1e-06,0.00523176,0.64998799,0.00047347,0.27866224,50845,6,0.21664948,1.5338661
156,7,8018357,0.98682808,0.05582398,0.01076701,8.06e-06,0.00409467,0.49433377,0.00058639,0.43438612,53165,7,0.11544864,1.5337595
156,8,8018358,0.98806608,0.05401811,0.01036919,6.62e-06,0.0041061,0.16045836,0.00051458,0.77052703,44973,7,0.37908848,1.5337595
156,9,8018359,0.98691705,0.05719094,0.0100542,8.09e-06,0.00390296,0.51440734,0.00059609,0.41384038,44845,7,0.1191979,1.5338661
156,10,8018360,0.98724627,0.05620315,0.01073267,1.326e-05,0.00410325,0.42008508,0.00049839,0.50836419,44973,7,0.25229777,1.5337595
157,1,8018381,0.98711148,0.03924045,0.03895849,0.0,0.00093573,0.0,7.391e-05,0.92079142,23175,7,0.47485606,0.9994969
157,2,8018382,0.98601455,0.04339298,0.04345681,0.0,0.00225611,0.0,0.00011841,0.91077569,23183,7,0.37373462,0.9995718
157,3,8018383,0.98726604,0.03746892,0.03706479,0.0,0.00092789,0.0,7.473e-05,0.92446366,23175,7,0.69050474,0.9994969
157,4,8018384,0.98688881,0.03885997,0.04091169,0.0,0.00124495,0.0,8.303e-05,0.91890036,19079,7,0.78834654,0.999422
157,5,8018385,0.98733009,0.03692406,0.03541061,0.0,0.00096725,0.0,7.76e-05,0.92662048,23175,7,0.92594143,0.9994969
157,6,8018386,0.98736036,0.03686407,0.03571301,0.0,0.00093883,0.0,7.343e-05,0.92641065,23175,7,0.9257945,0.9994969
157,7,8018387,0.98714258,0.03802725,0.03794652,0.0,0.00096939,0.0,7.412e-05,0.92298272,23175,7,0.85204369,0.9994969
157,8,8018388,0.98732003,0.03728464,0.03640987,0.0,0.00093028,0.0,7.146e-05,0.92530375,23175,7,0.88717711,0.9994969
157,9,8018389,0.98721312,0.03790491,0.03698366,0.0,0.00092111,0.0,7.098e-05,0.92411934,23175,7,0.52661126,0.9994969
157,10,8018390,0.98734848,0.03680108,0.03680055,0.0,0.00094239,0.0,6.985e-05,0.92538613,23175,7,0.92486743,0.9994969
158,1,8018411,0.97874236,0.02549122,0.0,0.0011439,0.00449882,0.06094742,0.0,0.90791865,24447,7,0.03076227,0.9996067
158,2,8018412,0.97881608,0.02549872,0.0,0.00114345,0.00453418,0.05778751,0.0,0.91103613,15871,7,0.02573531,0.9996066
158,3,8018413,0.97892668,0.02562869,0.0,0.00114361,0.00451769,0.07295397,0.0,0.89575604,51071,7,0.02604871,0.9996066
158,4,8018414,0.97884498,0.02548485,0.0,0.00114428,0.00453484,0.06464931,0.0,0.90418673,44543,7,0.03188708,0.9996066
158,5,8018415,0.97876656,0.02539373,0.0,0.00114367,0.00459114,0.08043068,0.0,0.88844078,30711,7,0.03149664,0.9995817
158,6,8018416,0.97894473,0.0256382,0.0,0.00114372,0.00455243,0.07896758,0.0,0.88969808,16255,7,0.03935644,0.9996067
158,7,8018417,0.97879445,0.02553441,0.0,0.00114367,0.00451567,0.0744303,0.0,0.89437595,58751,7,0.02579773,0.9996066
158,8,8018418,0.97886571,0.02556828,0.0,0.00114357,0.00452929,0.05946479,0.0,0.90929408,61311,7,0.04675389,0.9996067
158,9,8018419,0.97884877,0.02549872,0.0,0.00114508,0.00453675,0.05941569,0.0,0.90940375,52727,7,0.03047295,0.9995733
158,10,8018420,0.97885382,0.02555588,0.0,0.00114293,0.00453293,0.08434721,0.0,0.88442105,58751,7,0.02453824,0.9996066
159,1,8018441,0.98493384,0.05631418,0.00301164,0.0,0.00385575,0.90713051,0.0,0.02968793,55818,6,0.11497671,2.3836356
159,2,8018442,0.98514252,0.05513051,0.00295003,0.0,0.00397881,0.93097006,0.0,0.0069706,51082,6,0.08622179,2.3840121
159,3,8018443,0.98401536,0.05803024,0.00416459,0.0,0.00360951,0.91734158,0.0,0.01685407,55836,6,0.08208248,2.3836357
159,4,8018444,0.98500398,0.05606875,0.00295789,0.0,0.00391835,0.92165113,0.0,0.01540387,52996,6,0.09999806,2.3839788
159,5,8018445,0.98472072,0.05858323,0.00314272,0.0,0.00384718,0.91763576,0.0,0.01679111,53037,6,0.11100475,2.384112
159,6,8018446,0.98485721,0.05939818,0.00299847,0.0,0.00398019,0.92638857,0.0,0.00723459,51980,6,0.07905125,2.3840121
159,7,8018447,0.98490782,0.05612766,0.00294308,0.0,0.00388259,0.92208852,0.0,0.01495815,51981,6,0.06507596,2.384112
159,8,8018448,0.97778275,0.1190581,0.01893124,0.0,0.00348217,0.84814691,0.0,0.01038158,56076,6,0.10438633,2.3840454
159,9,8018449,0.98465835,0.05677101,0.00295627,0.0,0.00377882,0.92251421,0.0,0.01397969,56076,6,0.10698027,2.3840454
159,10,8018450,0.98481324,0.05851856,0.00313342,0.0,0.00373999,0.91807835,0.0,0.01652968,56076,6,0.23044275,2.3840454
160,1,8018471,0.97234603,0.01693906,0.00501984,0.00019719,0.00070921,0.97689701,0.0002162,2.149e-05,32975,6,0.1508712,0.9992376
160,2,8018472,0.97222955,0.0167485,0.00485346,0.0002082,0.00064644,0.97729205,0.00023339,1.795e-05,37007,6,0.18264925,0.9992376
160,3,8018473,0.97204883,0.01608568,0.00471498,0.00019473,0.00047703,0.9783146,0.00020303,9.95e-06,32843,6,0.37039896,0.9992377
160,4,8018474,0.97211141,0.01653683,0.00492187,0.00020021,0.00055258,0.9775607,0.0002138,1.401e-05,32971,6,0.13740011,0.9992376
160,5,8018475,0.97196109,0.01598331,0.00482077,0.00019504,0.00039531,0.97839682,0.00020349,5.24e-06,32969,6,0.14003933,0.9992376
160,6,8018476,0.97222286,0.01640639,0.00486976,0.00020444,0.00057282,0.97770819,0.00022382,1.458e-05,36941,6,0.1908098,0.9992377
160,7,8018477,0.97213048,0.01620063,0.00481762,0.00019786,0.00049138,0.97807187,0.00021017,1.048e-05,32909,6,0.10089181,0.9992376
160,8,8018478,0.97210449,0.01657068,0.00476835,0.00020139,0.00059569,0.97762667,0.00021934,1.789e-05,32907,6,0.19501003,0.9992376
160,9,8018479,0.9724051,0.01674988,0.00503219,0.00020386,0.00064224,0.97711876,0.00022885,2.423e-05,32975,6,0.27278172,0.9992376
160,10,8018480,0.97222035,0.01688305,0.0050774,0.00020172,0.00064572,0.97694608,0.00022133,2.47e-05,32911,6,0.18595458,0.9992376
161,1,8018501,0.99382433,0.03344719,0.01896437,0.0,0.0060348,0.02085048,0.0,0.92070316,59263,7,0.02845892,0.9999084
161,2,8018502,0.9938253,0.0333619,0.01918866,0.0,0.00610134,0.0175291,0.0,0.923819,43007,7,0.04759461,0.9999084
161,3,8018503,0.99381972,0.03335078,0.01851913,0.0,0.00603317,0.01554763,0.0,0.9265493,49151,7,0.03155496,0.9999084
161,4,8018504,0.99383049,0.03342201,0.01920856,0.0,0.00604616,0.01931589,0.0,0.92200738,16383,7,0.02929952,0.9999084
161,5,8018505,0.99383823,0.03346663,0.01904064,0.0,0.00603899,0.01614071,0.0,0.92531304,38911,7,0.03140517,0.9999084
161,6,8018506,0.99378659,0.03340289,0.01938056,0.0,0.00604693,0.01805818,0.0,0.92311144,54655,7,0.0247391,0.9999084
161,7,8018507,0.99382809,0.0333485,0.01910185,0.0,0.0060656,0.01771318,0.0,0.92377087,62975,7,0.02386784,0.9999084
161,8,8018508,0.99388384,0.0334176,0.01817868,0.0,0.00604289,0.02209586,0.0,0.92026498,60927,7,0.02899331,0.9999084
161,9,8018509,0.99381175,0.03350569,0.02012176,0.0,0.00600808,0.02473533,0.0,0.91562913,24567,7,0.03302758,0.9998834
161,10,8018510,0.99383903,0.03343946,0.01925411,0.0,0.00604743,0.01794626,0.0,0.92331273,52727,7,0.04306082,0.9998751
162,1,8018531,0.98671857,0.05119822,0.00766464,0.0,0.00468869,0.90522681,3.413e-05,0.03118752,51970,6,0.36145915,1.7616691
162,2,8018532,0.98614166,0.05267977,0.00844745,0.0,0.00483632,0.88634537,3.669e-05,0.0476544,51978,6,0.19205354,1.7617024
162,3,8018533,0.98571902,0.05502473,0.00923846,0.0,0.00491071,0.80269049,4.475e-05,0.12809086,56074,6,0.14082662,1.7617357
162,4,8018534,0.98589927,0.05268368,0.00925485,0.0,0.00488065,0.8790533,6.722e-05,0.0540603,51970,6,0.20417203,1.7616691
162,5,8018535,0.98615964,0.05295007,0.00849026,0.0,0.00454965,0.83834763,3.295e-05,0.09562944,51978,6,0.25088094,1.7617024
162,6,8018536,0.98627626,0.0510687,0.00815168,0.0,0.00472106,0.86796191,4.675e-05,0.0680499,51978,6,0.26602908,1.7617024
162,7,8018537,0.98631375,0.05342659,0.00749627,0.0,0.00491408,0.90410445,3.835e-05,0.03002027,51978,6,0.40308379,1.7617024
162,8,8018538,0.98624736,0.05170501,0.00840159,0.0,0.0047117,0.8580916,3.714e-05,0.07705295,51970,6,0.18534705,1.7616691
162,9,8018539,0.98657583,0.05237909,0.00773938,0.0,0.00470499,0.81832309,4.507e-05,0.11680839,51970,6,0.27321101,1.7616691
162,10,8018540,0.98614416,0.05246861,0.00898909,0.0,0.00505601,0.89119453,4.035e-05,0.04225142,51978,6,0.18749614,1.7617024
163,1,8018561,0.97613672,0.02983627,0.0,0.0018107,0.00103987,0.9671571,0.00012954,2.652e-05,55263,6,0.09176299,0.9995177
163,2,8018562,0.97611775,0.02979415,0.0,0.00181178,0.00102628,0.96721222,0.00012996,2.56e-05,53215,6,0.0427188,0.9995177
163,3,8018563,0.97593359,0.02907737,0.0,0.00181166,0.00097743,0.96797985,0.00012937,2.431e-05,36255,6,0.13118648,0.9995176
163,4,8018564,0.97606183,0.0294801,0.0,0.00181221,0.00103556,0.96752068,0.00012957,2.187e-05,32607,6,0.06293074,0.9995177
163,5,8018565,0.97595801,0.02907174,0.0,0.00181051,0.00096144,0.96800427,0.0001294,2.263e-05,60703,6,0.06183175,0.9995176
163,6,8018566,0.97616678,0.02973141,0.0,0.00181122,0.00102712,0.967277,0.00012962,2.364e-05,30111,6,0.0572634,0.9995176
163,7,8018567,0.97610327,0.02975383,0.0,0.00181277,0.00104203,0.96723591,0.00012937,2.609e-05,65503,6,0.05558925,0.9995177
163,8,8018568,0.97601933,0.02970063,0.0,0.00181278,0.00102739,0.96730255,0.00012965,2.7e-05,14175,6,0.067586,0.9995176
163,9,8018569,0.97617265,0.02991383,0.0,0.00181196,0.00106285,0.96705357,0.00012956,2.822e-05,15327,6,0.04437952,0.9995176
163,10,8018570,0.97574621,0.02937833,0.0,0.00181062,0.00101303,0.96764471,0.00012936,2.395e-05,60831,6,0.06370002,0.9995176
164,1,8018591,0.98581015,0.05493301,0.00320629,0.0,0.00438898,0.8773358,0.0,0.06013592,44972,6,0.06112992,2.0577093
164,2,8018592,0.98590792,0.05378462,0.00296931,0.0,0.00426915,0.79811958,0.0,0.14085735,44972,6,0.07451157,2.0577093
164,3,8018593,0.98629617,0.05262481,0.00284263,0.0,0.00407525,0.71573321,0.0,0.2247241,49069,7,0.08285348,2.0578592
164,4,8018594,0.9860356,0.05377849,0.00307263,0.0,0.00444854,0.88200005,0.0,0.05670029,57100,6,0.08727784,2.0580039
164,5,8018595,0.98596372,0.04896225,0.0027792,0.0,0.00361546,0.74225648,0.0,0.20238661,48461,6,0.07064887,2.0580706
164,6,8018596,0.98602023,0.05502862,0.00290067,0.0,0.00433261,0.81990238,0.0,0.11783572,56076,6,0.05739411,2.0580039
164,7,8018597,0.98565778,0.05545166,0.00288417,0.0,0.00403367,0.72686575,0.0,0.21076475,44972,6,0.09748588,2.0577093
164,8,8018598,0.98547464,0.04923449,0.00325557,0.0,0.00392164,0.88859634,0.0,0.05499196,44125,6,0.15543134,2.0580705
164,9,8018599,0.98546715,0.05658173,0.00330525,0.0,0.00442749,0.83382702,0.0,0.10185851,57100,6,0.14779138,2.0580039
164,10,8018600,0.98620028,0.05221401,0.00300448,0.0,0.00414939,0.7939301,0.0,0.14670202,48044,6,0.07261955,2.0577593
165,1,8018621,0.97773772,0.02497345,0.0248499,0.0,0.00257658,0.94355552,0.00049333,0.00355121,36873,6,0.17352219,0.9994242
165,2,8018622,0.97996901,0.02825386,0.03566214,0.0,0.00205146,0.91643294,0.00034219,0.01725741,22663,6,0.20539759,0.9992735
165,3,8018623,0.97947306,0.0320099,0.04848486,0.0,0.00241123,0.90557173,0.00031698,0.01120531,18567,6,0.16866517,0.9991986
165,4,8018624,0.97794922,0.02940868,0.03963542,0.0,0.00258059,0.86779297,0.00050228,0.06008005,22919,6,0.12604839,0.999098
165,5,8018625,0.97523609,0.02922771,0.03272547,0.0,0.00464163,0.91363396,0.00060259,0.01916864,36873,6,0.14907477,0.9994242
165,6,8018626,0.97797052,0.02441179,0.02560381,0.0,0.00259485,0.9377386,0.00045172,0.00919924,36939,6,0.40118213,0.9994242
165,7,8018627,0.9782769,0.02818847,0.02997382,0.0,0.00264326,0.9180072,0.00045505,0.0207322,32843,6,0.11443169,0.9994242
165,8,8018628,0.97975356,0.03038579,0.03539795,0.0,0.00179095,0.91632883,0.00031867,0.01577782,36939,6,0.20280842,0.9994242
165,9,8018629,0.97792827,0.02823304,0.02833259,0.0,0.00254581,0.9290108,0.00039188,0.0114859,36873,6,0.26394598,0.9994242
165,10,8018630,0.97894749,0.03186394,0.0335679,0.0,0.00221574,0.89224047,0.00033165,0.03978029,6095,6,0.2046545,0.9995482
166,1,8018651,0.98322426,0.02913643,0.0,9.199e-05,0.00551712,0.0951236,0.0,0.87013085,44543,7,0.03065142,0.999698
166,2,8018652,0.98322101,0.02901382,0.0,9.2e-05,0.00549252,0.08023546,0.0,0.8851662,40319,7,0.02436533,0.999698
166,3,8018653,0.98323373,0.02910715,0.0,9.199e-05,0.00550003,0.08269902,0.0,0.88260182,52735,7,0.02457353,0.999698
166,4,8018654,0.98327935,0.02922826,0.0,9.197e-05,0.0055326,0.0799813,0.0,0.88516587,49119,7,0.02932738,0.999698
166,5,8018655,0.98318235,0.02894363,0.0,9.157e-05,0.00551681,0.10492995,0.0,0.86051803,65527,7,0.0190993,0.9996731
166,6,8018656,0.98322959,0.02909624,0.0,9.197e-05,0.00555268,0.08414577,0.0,0.88111333,36223,7,0.02260907,0.999698
166,7,8018657,0.98316867,0.02892689,0.0,9.18e-05,0.00551144,0.08896435,0.0,0.87650551,46975,7,0.02179041,0.999698
166,8,8018658,0.98323024,0.02913949,0.0,9.188e-05,0.00549274,0.11563881,0.0,0.84963708,10239,7,0.02925475,0.9996481
166,9,8018659,0.98319749,0.02912188,0.0,9.199e-05,0.00553942,0.08542232,0.0,0.87982439,26623,7,0.03598684,0.9996481
166,10,8018660,0.98321884,0.02905923,0.0,9.211e-05,0.00557335,0.08099334,0.0,0.88428197,65535,7,0.03116724,0.9996981
167,1,8018681,0.9851926,0.05419827,0.00279375,0.0,0.00401638,0.9351946,0.0,0.00379699,51978,6,0.1451576,2.378155
167,2,8018682,0.98562092,0.05467745,0.00287419,0.0,0.00428197,0.92898644,0.0,0.00917994,56106,6,0.28408645,2.3781884
167,3,8018683,0.98546487,0.05282889,0.00262262,0.0,0.00400898,0.93809334,0.0,0.00244616,52002,6,0.24937798,2.3781217
167,4,8018684,0.98525368,0.05495109,0.00283545,0.0,0.00385018,0.83610484,0.0,0.10225844,56106,6,0.23709159,2.3781884
167,5,8018685,0.9857436,0.05254123,0.00293098,0.0,0.00422801,0.89176638,0.0,0.04853341,51978,6,0.20484714,2.378155
167,6,8018686,0.98482671,0.0553208,0.00318867,0.0,0.00431414,0.92974353,0.0,0.00743286,52010,6,0.14908657,2.3781551
167,7,8018687,0.98653584,0.05218064,0.00266703,0.0,0.00447779,0.93693202,0.0,0.00374252,51978,6,0.39848265,2.378155
167,8,8018688,0.98596187,0.05311361,0.00278997,0.0,0.004196,0.89747058,0.0,0.04242984,56074,6,0.32699492,2.3781883
167,9,8018689,0.98578933,0.05406894,0.0028333,0.0,0.00413899,0.87799031,0.0,0.06096846,56074,6,0.19014896,2.3781883
167,10,8018690,0.98567083,0.05324945,0.00274578,0.0,0.00427636,0.93599051,0.0,0.0037379,51970,6,0.18500551,2.3781217
168,1,8018711,0.96929946,0.01837825,0.0,0.00138417,0.00082179,0.97922822,0.00015953,2.804e-05,37071,6,0.2003822,0.999147
168,2,8018712,0.96827531,0.01506262,0.0,0.00131343,0.00068042,0.98276048,0.00015511,2.794e-05,36873,6,0.16524791,0.9991473
168,3,8018713,0.96878149,0.01579176,0.0,0.00131814,0.00065834,0.98204677,0.00015611,2.887e-05,32911,6,0.12069911,0.9991471
168,4,8018714,0.96875106,0.01604165,0.0,0.00131376,0.0007954,0.98165474,0.00015569,3.875e-05,37003,6,0.37132475,0.9991471
168,5,8018715,0.9684539,0.01524438,0.0,0.00131255,0.00075909,0.98248794,0.00015627,3.978e-05,32975,6,0.20066805,0.999147
168,6,8018716,0.96839427,0.01522579,0.0,0.0013129,0.00070443,0.98256886,0.00015589,3.214e-05,37067,6,0.51834471,0.999147
168,7,8018717,0.96843755,0.01496496,0.0,0.00131397,0.00062447,0.98290992,0.00015631,3.037e-05,37071,6,0.22393079,0.999147
168,8,8018718,0.96878746,0.01698797,0.0,0.00134488,0.00086694,0.98060174,0.00015843,4.005e-05,37067,6,0.22465889,0.999147
168,9,8018719,0.97185722,0.02789221,0.0,0.00158,0.00087866,0.96945965,0.00016465,2.483e-05,37215,6,0.08420586,0.999547
168,10,8018720,0.9680311,0.01396981,0.0,0.00131299,0.00038957,0.98416372,0.00015554,8.38e-06,32973,6,0.15037739,0.999147
169,1,8018741,0.99274314,0.04371399,0.00783936,1.96e-05,0.00247353,0.00014571,0.00037212,0.94543568,49069,7,0.84109986,1.2175429
169,2,8018742,0.99282241,0.04349718,0.00733951,1.933e-05,0.00237768,0.00015568,0.00037389,0.94623673,49069,7,0.94444437,1.2175429
169,3,8018743,0.99282222,0.04349532,0.00774093,1.934e-05,0.00241818,0.00016233,0.00037331,0.94579059,49069,7,0.94391413,1.2175429
169,4,8018744,0.99275064,0.04405347,0.00800525,2.007e-05,0.00234748,0.00016238,0.00037488,0.94503648,49069,7,0.8826182,1.2175429
169,5,8018745,0.99271491,0.04419771,0.00804636,1.946e-05,0.00242906,0.00016535,0.00038225,0.94475981,49069,7,0.85000992,1.2175429
169,6,8018746,0.99282876,0.04345423,0.00754671,1.975e-05,0.00241607,0.00016011,0.00037042,0.94603269,49069,7,0.94428388,1.2175429
169,7,8018747,0.9927334,0.0442865,0.00788109,1.98e-05,0.00241726,0.00020084,0.00037183,0.94482268,49069,7,0.86862099,1.2175429
169,8,8018748,0.99260323,0.04542935,0.00815965,2.002e-05,0.00243124,0.0001573,0.00037987,0.94342257,49069,7,0.76530587,1.2175429
169,9,8018749,0.99235392,0.04504368,0.00895266,2.036e-05,0.00274646,0.00020299,0.00038279,0.94265106,49069,7,0.58665038,1.2175429
169,10,8018750,0.99282155,0.04343671,0.00772981,2.007e-05,0.00244501,0.00016755,0.00037034,0.9458305,49069,7,0.94385622,1.2175429
170,1,8018771,0.98722007,0.04832067,0.0123816,0.0,0.00423099,0.47668694,0.0001712,0.4582086,19210,7,0.10973967,1.2159223
170,2,8018772,0.98621549,0.05131776,0.01379403,0.0,0.00573043,0.62612108,0.00019548,0.30284121,51970,6,0.15630478,1.2159889
170,3,8018773,0.9876862,0.04994701,0.01284519,0.0,0.00374328,0.35278989,0.00014325,0.58053137,19202,7,0.22896419,1.2159223
170,4,8018774,0.98607908,0.05099637,0.016472,0.0,0.00588318,0.50195319,0.00021887,0.42447638,51715,6,0.1183113,1.2158125
170,5,8018775,0.98610344,0.05047323,0.01871065,0.0,0.00511465,0.6161205,0.00026056,0.30932042,51970,6,0.06885692,1.2159889
170,6,8018776,0.98751205,0.04842974,0.01652117,0.0,0.00410376,0.34303501,0.00015735,0.58775297,19210,7,0.21756838,1.2159223
170,7,8018777,0.98700839,0.04831883,0.01426471,0.0,0.00451622,0.50704323,0.000196,0.42566102,51714,6,0.22244853,1.2157792
170,8,8018778,0.98666347,0.04931766,0.013414,0.0,0.00547335,0.60461195,0.00018963,0.3269934,51714,6,0.16439801,1.2157792
170,9,8018779,0.98643341,0.05116303,0.01950752,0.0,0.00524043,0.46478279,0.0002466,0.45905963,19210,7,0.10783225,1.2159223
170,10,8018780,0.98690927,0.04904749,0.01114397,0.0,0.00490646,0.53898144,0.00020301,0.39571763,51970,6,0.25324164,1.2159889
171,1,8018801,0.97634668,0.02519283,0.0,0.00151186,0.00397632,0.11852807,0.0,0.85079092,59359,7,0.03443182,0.9995429
171,2,8018802,0.97620965,0.02496361,0.0,0.00151352,0.00406668,0.12036072,0.0,0.84909548,16351,7,0.0414302,0.9995429
171,3,8018803,0.97632291,0.02510426,0.0,0.00151323,0.00409041,0.07043901,0.0,0.89885309,27487,7,0.02841565,0.9994929
171,4,8018804,0.9763549,0.02523137,0.0,0.00151182,0.00405471,0.08659438,0.0,0.88260772,32735,7,0.07469614,0.9995429
171,5,8018805,0.97617893,0.02499386,0.0,0.00151255,0.00400298,0.13302461,0.0,0.83646601,57343,7,0.03977086,0.9995429
171,6,8018806,0.97623652,0.02506727,0.0,0.00151149,0.00407648,0.06729997,0.0,0.90204479,16351,7,0.05109314,0.9995429
171,7,8018807,0.97619552,0.02505477,0.0,0.00151206,0.004064,0.07250725,0.0,0.89686193,30559,7,0.02456345,0.9995429
171,8,8018808,0.97620025,0.02495895,0.0,0.00151228,0.00407637,0.09991875,0.0,0.86953364,55295,7,0.02549451,0.9995429
171,9,8018809,0.9761776,0.0249755,0.0,0.00151083,0.00406408,0.07806864,0.0,0.89138096,38911,7,0.03782749,0.9995429
171,10,8018810,0.97599162,0.02472247,0.0,0.00151336,0.00408672,0.09384425,0.0,0.87583319,61439,7,0.03368455,0.9995429
172,1,8018831,0.98495272,0.05556677,0.00371069,0.0,0.00393515,0.84333529,0.0,0.09345209,53036,6,0.06333985,2.4211066
172,2,8018832,0.94202712,0.61400772,0.38411761,0.0,0.00124356,0.00060345,0.0,2.765e-05,47867,4,0.33917245,2.4209227
172,3,8018833,0.96876825,0.2678883,0.14837158,0.0,0.00269878,0.49066527,0.0,0.09037607,47867,4,0.14495517,2.4209227
172,4,8018834,0.98483297,0.05772511,0.00341098,0.0,0.00399968,0.89376996,0.0,0.04109427,51980,6,0.09845024,2.4211066
172,5,8018835,0.98465434,0.05935162,0.00786859,0.0,0.00424024,0.88413713,0.0,0.04440242,57124,6,0.0831979,2.4211066
172,6,8018836,0.98490955,0.05738055,0.00311938,0.0,0.00410317,0.78570122,0.0,0.14969569,56108,6,0.07160325,2.4211399
172,7,8018837,0.98497715,0.05662577,0.00349405,0.0,0.00409376,0.83177892,0.0,0.10400749,53036,6,0.09576279,2.4211066
172,8,8018838,0.9819304,0.08846012,0.03477261,0.0,0.00384889,0.79303102,0.0,0.07988736,43948,6,0.05093627,2.4207728
172,9,8018839,0.96679326,0.29061794,0.16613798,0.0,0.0026404,0.44951693,0.0,0.09108675,47867,4,0.15263991,2.4209227
172,10,8018840,0.98461543,0.05978708,0.00674092,0.0,0.00377068,0.88082283,0.0,0.04887849,56861,6,0.06522086,2.4212066
173,1,8018861,0.97386182,0.01658325,0.00451935,2.03e-05,0.00050258,0.97807791,0.00028421,1.241e-05,32779,6,0.22104324,0.9992911
173,2,8018862,0.97419395,0.01693813,0.00447342,2.206e-05,0.00053843,0.97771613,0.0003029,8.94e-06,36877,6,0.26719272,0.9992911
173,3,8018863,0.97388504,0.01660157,0.00436064,2.112e-05,0.00046465,0.97825373,0.00029152,6.78e-06,36875,6,0.18194292,0.9992911
173,4,8018864,0.97410657,0.01649842,0.00446924,2.108e-05,0.00043898,0.97827345,0.00029331,5.51e-06,36879,6,0.1563073,0.9992911
173,5,8018865,0.97395089,0.01657626,0.0044354,2.066e-05,0.00046933,0.9782029,0.00028894,6.52e-06,32777,6,0.16984908,0.9992911
173,6,8018866,0.97396686,0.01652436,0.00445053,2.076e-05,0.00044402,0.9782638,0.00028938,7.16e-06,32843,6,0.15308454,0.9992911
173,7,8018867,0.97402076,0.01676691,0.00449386,2.131e-05,0.00053568,0.97787273,0.00029663,1.287e-05,32779,6,0.26173637,0.9992911
173,8,8018868,0.97384537,0.01677688,0.00442916,2.131e-05,0.00050292,0.97796703,0.00029586,6.83e-06,32777,6,0.36454325,0.9992911
173,9,8018869,0.97406927,0.01728751,0.00466404,2.171e-05,0.00064962,0.97705276,0.00030518,1.917e-05,36875,6,0.23584718,0.9992911
173,10,8018870,0.97379965,0.01638078,0.00444181,2.084e-05,0.00039584,0.97846144,0.00029705,2.25e-06,32779,6,0.14607848,0.9992911
174,1,8018891,0.98961882,0.0311478,0.00402064,0.0,0.00555165,0.03988421,0.0,0.9193957,36351,7,0.03350538,0.9998221
174,2,8018892,0.98958666,0.03120369,0.00409824,0.0,0.00553477,0.04763585,0.0,0.91152745,45055,7,0.04173443,0.9998221
174,3,8018893,0.98958682,0.03111585,0.00409711,0.0,0.00554808,0.03012499,0.0,0.92911397,61439,7,0.04349267,0.9998221
174,4,8018894,0.98961613,0.03103998,0.00417044,0.0,0.00554916,0.0358856,0.0,0.92335481,38911,7,0.03100442,0.9998221
174,5,8018895,0.98958724,0.03100818,0.00406268,0.0,0.00557711,0.03517159,0.0,0.92418045,65015,7,0.03103981,0.9997971
174,6,8018896,0.98960007,0.03111023,0.00416929,0.0,0.00552824,0.02781001,0.0,0.93138223,44543,7,0.04813699,0.9998221
174,7,8018897,0.98958504,0.03108312,0.00415786,0.0,0.00554525,0.03224265,0.0,0.92697112,61439,7,0.04388283,0.9998221
174,8,8018898,0.98960554,0.03110512,0.00407805,0.0,0.00552511,0.02640526,0.0,0.93288646,36863,7,0.04095048,0.9998221
174,9,8018899,0.98959363,0.03110806,0.00405928,0.0,0.00560084,0.03116048,0.0,0.92807134,54783,7,0.04028597,0.9998221
174,10,8018900,0.98958355,0.03111281,0.00401538,0.0,0.00550815,0.03182152,0.0,0.92754214,7679,7,0.04345655,0.999822
175,1,8018921,0.98594715,0.05344369,0.00592988,0.0,0.00447006,0.92914819,0.0,0.00700819,56074,6,0.30152049,2.132193
175,2,8018922,0.98569288,0.05200465,0.00561517,0.0,0.00426343,0.92357604,0.0,0.01454072,56074,6,0.21230865,2.132193
175,3,8018923,0.98518834,0.05298238,0.00648477,0.0,0.00434408,0.86485551,0.0,0.07133325,57130,6,0.11622068,2.132193
175,4,8018924,0.98504427,0.05428729,0.00561875,0.0,0.00476515,0.93333158,0.0,0.00199724,56106,6,0.11416899,2.132193
175,5,8018925,0.98532946,0.05039955,0.00561377,0.0,0.00405825,0.92290765,0.0,0.01702078,52010,6,0.18368753,2.1321597
175,6,8018926,0.98575597,0.05403653,0.00566981,0.0,0.00453333,0.9338473,0.0,0.00191303,56106,6,0.38121314,2.132193
175,7,8018927,0.98618411,0.05244857,0.00553425,0.0,0.00441676,0.89336855,0.0,0.04423186,51978,6,0.3206556,2.1321597
175,8,8018928,0.98517513,0.05159112,0.00581168,0.0,0.00466578,0.90351854,0.0,0.03441287,51970,6,0.12482187,2.1321263
175,9,8018929,0.9854966,0.05292659,0.00575194,0.0,0.00458256,0.9027714,0.0,0.03396752,56074,6,0.16418801,2.132193
175,10,8018930,0.98562397,0.05325393,0.00587052,0.0,0.00433996,0.78766225,0.0,0.14887334,43778,6,0.13908205,2.1321263
176,1,8018951,0.97415933,0.02866573,0.0,0.00193415,0.00096567,0.96825159,0.00015342,2.944e-05,34207,6,0.11908104,0.999495
176,2,8018952,0.97257266,0.02607153,0.0,0.00190623,0.00088283,0.97096595,0.00015288,2.058e-05,31439,6,0.07627593,0.9992953
176,3,8018953,0.97376925,0.02885718,0.0,0.00192003,0.00109244,0.96795212,0.00015295,2.529e-05,63183,6,0.0972431,0.999295
176,4,8018954,0.97443785,0.0297836,0.0,0.00193913,0.00105415,0.96704093,0.00015358,2.861e-05,51167,6,0.08262084,0.9994951
176,5,8018955,0.97418087,0.02849041,0.0,0.00193757,0.00096807,0.96842803,0.00015333,2.259e-05,35295,6,0.07456749,0.999495
176,6,8018956,0.97418094,0.028685,0.0,0.00193595,0.0009707,0.96823284,0.00015329,2.221e-05,39327,6,0.0863466,0.9994951
176,7,8018957,0.97436179,0.02897595,0.0,0.00194205,0.00099358,0.96790788,0.00015346,2.708e-05,55135,6,0.07968252,0.9994951
176,8,8018958,0.97318288,0.02830917,0.0,0.00191147,0.00079266,0.96881407,0.00015324,1.939e-05,35951,6,0.10483469,0.9990951
176,9,8018959,0.97439394,0.02900404,0.0,0.00193906,0.00097896,0.96789565,0.00015373,2.856e-05,24415,6,0.06739071,0.9994951
176,10,8018960,0.97424208,0.02884595,0.0,0.00193873,0.00098669,0.96805194,0.00015347,2.322e-05,31135,6,0.05638026,0.9994951
177,1,8018981,0.98648837,0.05518637,0.00645955,6.5e-06,0.00371604,0.74672953,0.00019337,0.18770864,43949,6,0.11415517,1.8509521
177,2,8018982,0.9865548,0.05595147,0.00619031,6.87e-06,0.00430386,0.7071212,0.00017171,0.22625459,57132,6,0.13787915,1.8510554
177,3,8018983,0.98672993,0.05395138,0.00600035,3.841e-05,0.00419264,0.8575314,0.00022269,0.07806314,43949,6,0.131179,1.8509521
177,4,8018984,0.98670689,0.05354195,0.00620074,6.76e-06,0.00445803,0.70155708,0.00018733,0.23404809,44973,7,0.14108684,1.850952
177,5,8018985,0.98648971,0.05557685,0.00641239,6.18e-06,0.0039429,0.6276541,0.00018891,0.30621868,49068,6,0.09399789,1.8508521
177,6,8018986,0.98637492,0.05557622,0.00643798,7.17e-06,0.00437882,0.78482351,0.0002123,0.14856399,53164,6,0.08184477,1.8508021
177,7,8018987,0.98608286,0.05404712,0.00811648,6.13e-06,0.00323268,0.7408099,0.00016091,0.19362677,52765,6,0.20301893,1.8511221
177,8,8018988,0.98710068,0.05204897,0.00520524,6.93e-06,0.00412649,0.76050926,0.00018904,0.17791406,56237,6,0.10124858,1.8509521
177,9,8018989,0.98696722,0.05183638,0.00556086,6.56e-06,0.00396102,0.6110532,0.00018463,0.32739733,56236,6,0.07069457,1.8508522
177,10,8018990,0.98723025,0.05129065,0.0056168,7.34e-06,0.00441983,0.73148471,0.00019187,0.2069888,49069,7,0.13957348,1.8509521
178,1,8019011,0.98373215,0.03663843,0.04517392,0.0,0.00218396,0.0,0.0007196,0.91528408,23175,7,0.40744198,0.9993494
178,2,8019012,0.9855919,0.03275886,0.04031373,0.0,0.00075743,0.0,8.497e-05,0.92608501,23175,7,0.6489044,0.9993494
178,3,8019013,0.98421403,0.03665505,0.04369908,0.0,0.00206889,0.0,0.00017338,0.91740359,23175,7,0.54553626,0.9993494
178,4,8019014,0.98501986,0.03702303,0.04485957,0.0,0.00077214,0.0,9.053e-05,0.91725473,19087,7,0.43876119,0.9993743
178,5,8019015,0.98452346,0.03721173,0.0461453,0.0,0.00124626,0.0,0.00011492,0.9152818,23175,7,0.41192206,0.9993494
178,6,8019016,0.98551894,0.03409644,0.03780795,0.0,0.00074785,0.0,8.535e-05,0.9272624,23175,7,0.63204796,0.9993494
178,7,8019017,0.98575379,0.03175429,0.03663146,0.0,0.00075875,0.0,8.219e-05,0.93077331,23175,7,0.92968437,0.9993494
178,8,8019018,0.98535046,0.0345885,0.04231069,0.0,0.00080418,0.0,9.796e-05,0.92219868,23175,7,0.58395853,0.9993494
178,9,8019019,0.9853346,0.03508351,0.04106875,0.0,0.00077272,0.0,9.358e-05,0.92298143,23183,7,0.34194959,0.9994242
178,10,8019020,0.9848054,0.03849876,0.04782583,0.0,0.0008342,0.0,0.00010635,0.91273485,23183,7,0.59608762,0.9994242
179,1,8019041,0.97919114,0.02593203,0.0,0.00057339,0.00469401,0.07610437,0.0,0.8926962,40447,7,0.01937721,0.9996155
179,2,8019042,0.97921163,0.02599498,0.0,0.0005742,0.00466719,0.07117366,0.0,0.89758998,49151,7,0.03321171,0.9996156
179,3,8019043,0.97918299,0.02592845,0.0,0.00057464,0.00467893,0.07226077,0.0,0.89655721,57343,7,0.0260895,0.9996156
179,4,8019044,0.97923109,0.02586218,0.0,0.00057383,0.00467838,0.07026255,0.0,0.89862306,47095,7,0.03962411,0.9995906
179,5,8019045,0.97916273,0.02594805,0.0,0.00057369,0.00470662,0.06869374,0.0,0.90007789,60919,7,0.02441118,0.9995822
179,6,8019046,0.9792317,0.02590984,0.0,0.00057303,0.0046894,0.06900552,0.0,0.89982221,56823,7,0.03953843,0.9995905
179,7,8019047,0.9792172,0.02590129,0.0,0.00057402,0.00468057,0.09104162,0.0,0.87780249,56823,7,0.02448726,0.9995905
179,8,8019048,0.97922499,0.02593701,0.0,0.00057461,0.00466065,0.05743707,0.0,0.91139066,51199,7,0.03274095,0.9996155
179,9,8019049,0.97919242,0.02587468,0.0,0.00057408,0.00467829,0.08204185,0.0,0.8868311,46975,7,0.02564819,0.9996155
179,10,8019050,0.9792022,0.02593082,0.0,0.00057374,0.0046649,0.0644302,0.0,0.90440034,42879,7,0.03683781,0.9996155
180,1,8019071,0.98436098,0.05591202,0.00342436,0.0,0.00374082,0.92127142,0.0,0.01565138,51076,6,0.10427535,2.5650587
180,2,8019072,0.98451801,0.05607215,0.00318894,0.0,0.00371832,0.92012879,0.0,0.0168918,56076,6,0.07345955,2.5651253
180,3,8019073,0.97533365,0.10050323,0.02322457,0.0,0.00367173,0.84522029,0.0,0.02738017,57100,6,0.07502341,2.5651253
180,4,8019074,0.98448293,0.0558773,0.0031684,0.0,0.00380382,0.92074384,0.0,0.01640665,56076,6,0.10458604,2.5651253
180,5,8019075,0.98449978,0.05603566,0.00336613,0.0,0.0037945,0.90304691,0.0,0.0337568,52012,6,0.09670823,2.565092
180,6,8019076,0.98455964,0.05736728,0.00301827,0.0,0.00392514,0.93107448,0.0,0.00461482,51980,6,0.06571284,2.565092
180,7,8019077,0.98431435,0.05814759,0.00337585,0.0,0.00397901,0.93208907,0.0,0.00240848,57132,6,0.10844868,2.5651253
180,8,8019078,0.98277352,0.0641485,0.00496731,0.0,0.00377521,0.90465247,0.0,0.02245651,56074,6,0.08221595,2.5651253
180,9,8019079,0.98459191,0.05697176,0.00313433,0.0,0.00401122,0.92865813,0.0,0.00722457,56106,6,0.06214978,2.5651253
180,10,8019080,0.98333103,0.05871236,0.00424571,0.0,0.00347759,0.92071089,0.0,0.01285345,53004,6,0.11558597,2.565092
181,1,8019101,0.96949734,0.01565217,0.0,0.00045287,0.0005989,0.98310863,0.00016817,1.926e-05,32971,6,0.20764337,0.9991749
181,2,8019102,0.96984925,0.01603823,0.0,0.00045535,0.00055033,0.98277298,0.00016973,1.339e-05,37071,6,0.165517,0.9991749
181,3,8019103,0.9693738,0.01574925,0.0,0.00045682,0.00056732,0.98303494,0.0001717,1.997e-05,37001,6,0.09076031,0.9991749
181,4,8019104,0.96927773,0.01551817,0.0,0.00045759,0.00049423,0.98334984,0.00017101,9.17e-06,32843,6,0.16919621,0.999175
181,5,8019105,0.96981027,0.01660109,0.0,0.00046206,0.00087455,0.98184265,0.00017805,4.16e-05,32911,6,0.43116083,0.9991749
181,6,8019106,0.96950051,0.0152081,0.0,0.00044976,0.00039036,0.9837781,0.00016458,9.1e-06,32845,6,0.15679551,0.999175
181,7,8019107,0.96965144,0.016106,0.0,0.00045666,0.00073098,0.98251072,0.00017231,2.333e-05,37007,6,0.21384502,0.9991749
181,8,8019108,0.96959142,0.01596171,0.0,0.00045974,0.00064543,0.98273883,0.00017329,2.099e-05,32971,6,0.15403012,0.9991749
181,9,8019109,0.96931605,0.01542281,0.0,0.00045611,0.00053401,0.98339732,0.00017165,1.811e-05,32909,6,0.21051677,0.9991749
181,10,8019110,0.96907162,0.01552127,0.0,0.00045272,0.00056366,0.98327815,0.00016784,1.636e-05,37003,6,0.25320948,0.9991749
182,1,8019131,0.99677416,0.03535529,0.02962032,0.0,0.0078663,0.01224548,0.0,0.9149126,43007,7,0.03692085,0.9999648
182,2,8019132,0.9968004,0.0352473,0.02817662,0.0,0.0079196,0.00619846,0.0,0.92245802,48639,7,0.04620576,0.9999648
182,3,8019133,0.99678231,0.0353405,0.03138221,0.0,0.00791867,0.0091906,0.0,0.91616802,65023,7,0.04125998,0.9999648
182,4,8019134,0.99679439,0.03532394,0.02976805,0.0,0.00792503,0.01200704,0.0,0.91497594,50687,7,0.02632513,0.9999648
182,5,8019135,0.99679322,0.03537296,0.02874465,0.0,0.00788378,0.00890731,0.0,0.9190913,16375,7,0.03060092,0.9999398
182,6,8019136,0.9967843,0.03533331,0.02874639,0.0,0.00794037,0.00848779,0.0,0.91949214,34815,7,0.02312546,0.9999648
182,7,8019137,0.99677964,0.03534319,0.03123049,0.0,0.00796087,0.0142403,0.0,0.91122515,50687,7,0.02314631,0.9999648
182,8,8019138,0.99676634,0.03530382,0.03051053,0.0,0.00782829,0.0198508,0.0,0.90650656,40959,7,0.02098367,0.9999648
182,9,8019139,0.99678403,0.03538954,0.028445,0.0,0.00781642,0.01381543,0.0,0.91453361,36351,7,0.02238114,0.9999648
182,10,8019140,0.99676829,0.03534556,0.02973231,0.0,0.00784365,0.00691326,0.0,0.92016523,45055,7,0.02955128,0.9999648
183,1,8019161,0.98594153,0.0540616,0.01518244,0.0,0.00519217,0.89636666,0.00013395,0.02906318,51970,6,0.16852615,1.6596591
183,2,8019162,0.9861044,0.05329912,0.0141202,0.0,0.00488348,0.71539206,0.00010994,0.21219519,51978,6,0.26173182,1.6596924
183,3,8019163,0.9864551,0.05336851,0.01143352,0.0,0.00521375,0.91793597,0.00012462,0.01192362,51970,6,0.42472945,1.6596591
183,4,8019164,0.98618389,0.0507211,0.01537561,0.0,0.0046228,0.78043681,0.00014203,0.14870164,51971,6,0.22489921,1.6596924
183,5,8019165,0.98615442,0.05291663,0.01723491,0.0,0.0048055,0.68860168,0.00014148,0.2362998,51978,6,0.20993003,1.6596924
183,6,8019166,0.98652386,0.05145257,0.01548193,0.0,0.00490386,0.74342819,0.00012146,0.184612,51970,6,0.35541489,1.6596591
183,7,8019167,0.98636534,0.05255134,0.01314371,0.0,0.00488512,0.80177194,0.00013646,0.12751144,51978,6,0.40450395,1.6596924
183,8,8019168,0.98555481,0.05403575,0.01618324,0.0,0.0051806,0.82570353,0.00014674,0.09875014,51978,6,0.18860389,1.6596924
183,9,8019169,0.98607083,0.05267769,0.01499806,0.0,0.00522166,0.70705897,9.876e-05,0.21994485,51978,6,0.19229256,1.6596924
183,10,8019170,0.98646443,0.05161376,0.01242523,0.0,0.00479764,0.82381393,0.00010965,0.10723978,51978,6,0.21503517,1.6596924
184,1,8019191,0.97503388,0.02573467,0.0,0.00192599,0.00381327,0.16752153,0.0,0.80100454,51039,7,0.06834063,0.999491
184,2,8019192,0.97515472,0.02587663,0.0,0.00192769,0.00382183,0.13885375,0.0,0.8295201,47071,7,0.05177303,0.9994911
184,3,8019193,0.9752486,0.02595521,0.0,0.00192752,0.0038371,0.12697382,0.0,0.84130635,30687,7,0.06820386,0.9994911
184,4,8019194,0.97513652,0.0259792,0.0,0.00192973,0.0038194,0.1115227,0.0,0.85674897,30687,7,0.03954695,0.9994911
184,5,8019195,0.97522337,0.02584947,0.0,0.00192893,0.00381717,0.08373366,0.0,0.88467078,51167,7,0.07525726,0.9994911
184,6,8019196,0.97523485,0.02602784,0.0,0.00192881,0.00384171,0.15645645,0.0,0.81174519,29663,7,0.0836551,0.9994911
184,7,8019197,0.97528379,0.02595125,0.0,0.00192801,0.00375619,0.17989655,0.0,0.788468,58783,6,0.09784694,0.9994911
184,8,8019198,0.97520563,0.02609834,0.0,0.00192674,0.00385572,0.12860209,0.0,0.83951712,29663,7,0.07950711,0.9994911
184,9,8019199,0.9752261,0.0259356,0.0,0.00192749,0.00385912,0.10941854,0.0,0.85885925,32735,7,0.04245813,0.9994911
184,10,8019200,0.97518526,0.02582354,0.0,0.00192749,0.00380182,0.19854748,0.0,0.76989967,32159,6,0.09625611,0.9994911
185,1,8019221,0.97898174,0.08416352,0.0029507,0.0,0.00456753,0.82417549,0.0,0.08414275,57132,6,0.09584104,2.3572006
185,2,8019222,0.98531733,0.05448509,0.0025487,0.0,0.00438129,0.83248916,0.0,0.10609575,55210,6,0.09315842,2.3568963
185,3,8019223,0.98530213,0.05567031,0.00255389,0.0,0.00435832,0.81277654,0.0,0.12464094,53036,6,0.08321462,2.3571673
185,4,8019224,0.9823548,0.06814355,0.0033569,0.0,0.00426174,0.81196739,0.0,0.11227041,43820,6,0.08243701,2.3571674
185,5,8019225,0.98290521,0.06631308,0.00407669,0.0,0.0048469,0.77795137,0.0,0.14681196,57100,6,0.09896692,2.3572007
185,6,8019226,0.98515476,0.05562352,0.00243956,0.0,0.00408131,0.79019131,0.0,0.1476643,57132,6,0.12555758,2.3572006
185,7,8019227,0.98460388,0.05909778,0.00277589,0.0,0.00436103,0.862414,0.0,0.0713513,57132,6,0.11598098,2.3572006
185,8,8019228,0.98512996,0.05701188,0.00258952,0.0,0.00429887,0.8154931,0.0,0.12060662,53028,6,0.09016321,2.357134
185,9,8019229,0.98519329,0.05251717,0.00237238,0.0,0.0041294,0.89971724,0.0,0.04126381,48938,6,0.11259205,2.3572006
185,10,8019230,0.98511562,0.05659895,0.00267681,0.0,0.00409884,0.84169144,0.0,0.09493397,57100,6,0.11586191,2.3572007
186,1,8019251,0.97706907,0.02870727,0.03359863,1e-06,0.00230607,0.93351494,0.00076101,0.00111108,22663,6,0.28804546,0.9991496
186,2,8019252,0.97781146,0.0273803,0.03656942,1.65e-06,0.00166214,0.93079194,0.00070449,0.00289006,22663,6,0.44502957,0.9991496
186,3,8019253,0.97416738,0.02516497,0.03186974,1.98e-06,0.00273524,0.91489352,0.00097191,0.02436264,36873,6,0.22875735,0.9993622
186,4,8019254,0.97535821,0.0209629,0.01800066,9.8e-07,0.00129685,0.9588838,0.00080776,4.705e-05,32779,6,0.19089661,0.9993622
186,5,8019255,0.97601757,0.02376813,0.0200616,9.7e-07,0.00136918,0.95327635,0.00051177,0.00101201,32779,6,0.18862585,0.9993622
186,6,8019256,0.97524548,0.02235156,0.02084556,9.4e-07,0.00213468,0.95376338,0.00080637,9.752e-05,32777,6,0.37852582,0.9993622
186,7,8019257,0.9786022,0.03039515,0.02953444,9.5e-07,0.00129573,0.9366026,0.00031252,0.00185861,6095,6,0.13438488,0.9994242
186,8,8019258,0.97492826,0.02506941,0.02562783,9.8e-07,0.00215662,0.94403567,0.00094076,0.00216873,36875,6,0.17018829,0.9993622
186,9,8019259,0.97405664,0.03157435,0.03686999,0.00030022,0.0032509,0.92368031,0.00119659,0.00312765,22663,6,0.18447092,0.9991496
186,10,8019260,0.97621477,0.02002596,0.01813627,9.6e-07,0.00135036,0.95773705,0.00046169,0.00228771,32841,6,0.43828234,0.9993622
187,1,8019281,0.98502954,0.02857545,0.00385833,0.0,0.00520394,0.02356756,0.0,0.93879472,32767,7,0.09160666,0.9997296
187,2,8019282,0.98502866,0.02858157,0.00387352,0.0,0.00516355,0.02362152,0.0,0.93875984,61439,7,0.09866786,0.9997296
187,3,8019283,0.98503258,0.02847813,0.00389936,0.0,0.00516703,0.04478911,0.0,0.91766637,55295,7,0.11688307,0.9997296
187,4,8019284,0.98503118,0.02860806,0.00383688,0.0,0.00515551,0.02894455,0.0,0.93345501,48639,7,0.14108464,0.9997296
187,5,8019285,0.98501382,0.02866407,0.00385036,0.0,0.00510891,0.03640756,0.0,0.92596911,63487,7,0.07850687,0.9997296
187,6,8019286,0.98503163,0.0285707,0.00382736,0.0,0.00515603,0.02310036,0.0,0.93934556,30207,7,0.13762956,0.9997296
187,7,8019287,0.98503434,0.02854108,0.00393199,0.0,0.00514596,0.0262397,0.0,0.93614127,62975,7,0.13893206,0.9997296
187,8,8019288,0.98500749,0.02866356,0.00393419,0.0,0.00519418,0.02756594,0.0,0.93464213,65535,7,0.12790972,0.9997296
187,9,8019289,0.98502375,0.0285656,0.00393319,0.0,0.00513811,0.03158979,0.0,0.9307733,32767,7,0.1173586,0.9997296
187,10,8019290,0.98502522,0.02857735,0.00378732,0.0,0.0051367,0.02696648,0.0,0.93553214,45055,7,0.07445468,0.9997296
188,1,8019311,0.9852023,0.05455839,0.00371919,0.0,0.00454952,0.90702002,0.0,0.03015288,51970,6,0.17438783,2.4567036
188,2,8019312,0.98630199,0.05139788,0.00330726,0.0,0.00453973,0.93493423,0.0,0.0058209,51970,6,0.47111236,2.4567036
188,3,8019313,0.98569613,0.05323465,0.00369054,0.0,0.00436721,0.93430673,0.0,0.00440087,56074,6,0.33719827,2.4567702
188,4,8019314,0.98485877,0.0554541,0.0037301,0.0,0.00427131,0.90453384,0.0,0.03201065,51978,6,0.13503175,2.4567369
188,5,8019315,0.9848521,0.05410187,0.00435033,0.0,0.00416168,0.85242797,0.0,0.08495815,56074,6,0.17211812,2.4567702
188,6,8019316,0.98553463,0.05224993,0.00387952,0.0,0.00429741,0.93110278,0.0,0.00847036,51970,6,0.18512293,2.4567036
188,7,8019317,0.98268788,0.05868655,0.00399454,0.0,0.00415256,0.85523802,0.0,0.07792833,56074,6,0.24799406,2.4567702
188,8,8019318,0.98566935,0.05277148,0.00364366,0.0,0.00438354,0.9272955,0.0,0.01190581,51978,6,0.4026354,2.4567369
188,9,8019319,0.98555878,0.05357816,0.00382869,0.0,0.00433051,0.91243332,0.0,0.02582933,56074,6,0.37503747,2.4567702
188,10,8019320,0.98274284,0.05838565,0.00427396,0.0,0.00449787,0.93082595,0.0,0.00201657,56074,6,0.4693699,2.4567702
189,1,8019341,0.97229748,0.02914196,0.0,0.00204901,0.00100666,0.96761441,0.00015804,2.991e-05,35231,6,0.05951761,0.999492
189,2,8019342,0.97183442,0.02710484,0.0,0.00201727,0.00093823,0.96975904,0.00015786,2.277e-05,33183,6,0.16206856,0.999492
189,3,8019343,0.97071618,0.02403164,0.0,0.00190489,0.00084715,0.97303845,0.00015436,2.351e-05,37999,6,0.09824299,0.9990923
189,4,8019344,0.97219451,0.0284852,0.0,0.00204165,0.00096102,0.96833326,0.00015734,2.154e-05,39391,6,0.0913835,0.999492
189,5,8019345,0.97214158,0.0280566,0.0,0.00203658,0.00099687,0.96872799,0.00015775,2.421e-05,38303,6,0.16394462,0.999492
189,6,8019346,0.97130067,0.02671194,0.0,0.00199055,0.00101296,0.97009774,0.0001562,3.061e-05,39115,6,0.0879587,0.999092
189,7,8019347,0.97250654,0.02961941,0.0,0.00205344,0.00102378,0.96711398,0.00015788,3.15e-05,37855,6,0.08677892,0.9994921
189,8,8019348,0.97258999,0.02890371,0.0,0.00203071,0.00093086,0.96794833,0.00015679,2.959e-05,19871,6,0.11751366,0.9994419
189,9,8019349,0.97231734,0.02905232,0.0,0.00205039,0.00097328,0.96773716,0.00015792,2.893e-05,29087,6,0.10311778,0.9994921
189,10,8019350,0.97205107,0.02908036,0.0,0.00202711,0.00104125,0.9676685,0.00015698,2.58e-05,57183,6,0.05393943,0.9994921
190,1,8019371,0.98928196,0.04818062,0.02502184,6.04e-06,0.00272618,0.00136725,0.00022865,0.92246943,49069,7,0.54613785,1.5464472
190,2,8019372,0.98917432,0.04929816,0.01911194,7.06e-06,0.00299204,0.00092267,0.00018602,0.92748211,49061,7,0.262786,1.5463473
190,3,8019373,0.98956009,0.04572067,0.01886851,6.8e-06,0.00275409,0.10702661,0.00019316,0.82543014,49069,7,0.63270667,1.5464472
190,4,8019374,0.9900104,0.04652086,0.01512266,9.48e-06,0.00247152,0.00074466,0.00017678,0.93495405,49069,7,0.43941457,1.5464472
190,5,8019375,0.9883886,0.05187622,0.02203172,5.59e-06,0.00300336,0.26203917,0.00027428,0.66076965,48941,7,0.29255893,1.5465564
190,6,8019376,0.98958215,0.04594852,0.0193336,5.92e-06,0.00368515,0.03868458,0.00019209,0.89215014,49069,7,0.70983416,1.5464472
190,7,8019377,0.99002374,0.04447683,0.01474571,7.31e-06,0.00255945,0.00097709,0.00018385,0.93704975,49069,7,0.6641851,1.5464472
190,8,8019378,0.98867624,0.05141697,0.02054514,7.81e-06,0.00281633,0.42787298,0.00019543,0.49714533,55213,6,0.42523563,1.5464472
190,9,8019379,0.98954719,0.04919774,0.01583684,6e-06,0.00259756,0.06010703,0.00018718,0.87206764,44973,7,0.40801299,1.5464472
190,10,8019380,0.98883671,0.0507505,0.02075713,5e-06,0.0026988,0.17700241,0.0002173,0.74856885,44845,7,0.21290293,1.5465564
191,1,8019401,0.98917474,0.05396126,0.03110119,0.0,0.00417524,0.0,7.185e-05,0.91069046,19202,7,0.23095873,1.0065334
191,2,8019402,0.98972231,0.04988117,0.02473816,0.0,0.00333569,0.0,6.404e-05,0.92198094,19202,7,0.25903761,1.0065334
191,3,8019403,0.98924463,0.0491015,0.03390452,0.0,0.00460027,0.0,8.189e-05,0.91231183,18947,7,0.16163861,1.0063822
191,4,8019404,0.98964908,0.05073209,0.02113401,0.0,0.00328238,0.0,6.109e-05,0.92479043,18948,7,0.20204504,1.0063323
191,5,8019405,0.98977743,0.04916908,0.02413659,0.0,0.00297576,0.0,6.442e-05,0.92365415,19203,7,0.18766445,1.0065833
191,6,8019406,0.98973519,0.0502992,0.02314497,0.0,0.00307666,0.0,6.459e-05,0.92341458,19202,7,0.2282389,1.0065334
191,7,8019407,0.98886159,0.05303711,0.03657501,0.0,0.0059453,0.0,8.001e-05,0.90436257,18947,7,0.1515181,1.0063822
191,8,8019408,0.98928535,0.0522208,0.03039041,0.0,0.00317277,0.0,8.096e-05,0.91413506,18948,7,0.2423028,1.0063323
191,9,8019409,0.98963506,0.05029151,0.0267773,0.0,0.00391134,0.0,7.719e-05,0.91894266,19203,7,0.26416508,1.0065833
191,10,8019410,0.98936662,0.05175005,0.02330939,0.0,0.00338381,0.0,7.962e-05,0.92147712,19211,7,0.25065858,1.0066333
192,1,8019431,0.97564002,0.02419478,0.0,0.0014118,0.00403266,0.04895527,0.0,0.92140549,59263,7,0.03127957,0.9995389
192,2,8019432,0.97561682,0.02404624,0.0,0.00141012,0.00404955,0.05626294,0.0,0.91423115,57215,7,0.0388554,0.9995389
192,3,8019433,0.97563766,0.02415348,0.0,0.00140987,0.00407981,0.05660591,0.0,0.91375093,65535,7,0.02748577,0.9995389
192,4,8019434,0.97561287,0.02406943,0.0,0.00141098,0.0040894,0.05731301,0.0,0.91311717,59391,7,0.02698246,0.9995389
192,5,8019435,0.97559795,0.02413399,0.0,0.00141068,0.00405415,0.04083967,0.0,0.92956151,60927,7,0.02766311,0.9995388
192,6,8019436,0.97574881,0.02418013,0.0,0.00141011,0.00400926,0.0581316,0.0,0.9122689,43999,7,0.03545842,0.9995388
192,7,8019437,0.97562147,0.0241199,0.0,0.00140964,0.0040756,0.04489893,0.0,0.92549593,65407,7,0.05259403,0.9995389
192,8,8019438,0.97567908,0.0241387,0.0,0.0014118,0.00400601,0.04955217,0.0,0.92089132,61311,7,0.03636718,0.9995389
192,9,8019439,0.97562948,0.02408595,0.0,0.00140998,0.00406894,0.0436556,0.0,0.92677953,7551,7,0.03310339,0.9995388
192,10,8019440,0.97552104,0.02409401,0.0,0.00141121,0.00403989,0.0487137,0.0,0.9217412,36735,7,0.03599919,0.9995389
193,1,8019461,0.98469424,0.05699185,0.00341515,0.0,0.00384771,0.92486829,0.0,0.010877,56108,6,0.07779714,2.6622544
193,2,8019462,0.98463368,0.05493162,0.00328265,0.0,0.00371401,0.92747941,0.0,0.01059231,57100,6,0.06943036,2.6622544
193,3,8019463,0.9846264,0.05547574,0.00308328,0.0,0.00386186,0.9205613,0.0,0.01701782,53028,6,0.05715015,2.6621878
193,4,8019464,0.98450954,0.05445736,0.00295391,0.0,0.0036383,0.9315258,0.0,0.00742463,53036,6,0.08877323,2.6622211
193,5,8019465,0.98467379,0.05588435,0.00311371,0.0,0.00374602,0.90982297,0.0,0.02743295,55818,6,0.08174151,2.661789
193,6,8019466,0.98435566,0.05596896,0.00377986,0.0,0.00348359,0.90536172,0.0,0.03140587,43812,6,0.08579292,2.6621878
193,7,8019467,0.98449254,0.05775727,0.00335127,0.0,0.0038157,0.92463955,0.0,0.0104362,52004,6,0.06638491,2.6621878
193,8,8019468,0.98450832,0.05632441,0.00329049,0.0,0.00355431,0.93354812,0.0,0.00328268,51085,6,0.12090299,2.6623211
193,9,8019469,0.98454649,0.05831779,0.00343348,0.0,0.00375958,0.93012484,0.0,0.0043643,56108,6,0.12025214,2.6622544
193,10,8019470,0.98456404,0.05846159,0.00334597,0.0,0.00375018,0.91900783,0.0,0.01543442,53036,6,0.08667746,2.6622211
194,1,8019491,0.97071445,0.01558961,0.00423778,0.00018573,0.00039561,0.97935717,0.00022988,4.22e-06,32783,6,0.10223159,0.9992237
194,2,8019492,0.97074909,0.01728278,0.00466651,0.00019503,0.00087021,0.9766868,0.00026849,3.018e-05,32907,6,0.31769965,0.9992236
194,3,8019493,0.97079607,0.01632842,0.004505,0.00018898,0.00059101,0.97813111,0.00024236,1.311e-05,32843,6,0.22520339,0.9992237
194,4,8019494,0.97111315,0.01653417,0.00453609,0.00019213,0.00063572,0.97784226,0.00024645,1.316e-05,37007,6,0.11429646,0.9992236
194,5,8019495,0.97102896,0.01601958,0.0043337,0.00018363,0.00050168,0.97872277,0.00022768,1.095e-05,32783,6,0.18274812,0.9992237
194,6,8019496,0.9711128,0.01580737,0.00433151,0.00018844,0.00041601,0.97901887,0.00023197,5.83e-06,32847,6,0.26007243,0.9992237
194,7,8019497,0.97115375,0.01773627,0.00475251,0.00020069,0.00099019,0.97600588,0.00028301,3.145e-05,37071,6,0.17335521,0.9992235
194,8,8019498,0.97095746,0.0159016,0.00431166,0.00019045,0.00045543,0.97888664,0.00024217,1.205e-05,32909,6,0.16599399,0.9992236
194,9,8019499,0.97098934,0.01656872,0.00455292,0.00019405,0.00068767,0.9777054,0.00025997,3.127e-05,37003,6,0.13112729,0.9992236
194,10,8019500,0.97106927,0.01654733,0.00439604,0.00018997,0.0006505,0.9779496,0.00024717,1.939e-05,36937,6,0.13728618,0.9992237
195,1,8019521,0.9921714,0.03174246,0.01204805,0.0,0.0057706,0.03505378,0.0,0.91538511,32767,7,0.04225296,0.9998732
195,2,8019522,0.99219731,0.03174249,0.01229116,0.0,0.00579995,0.03113151,0.0,0.91903489,40951,7,0.03255934,0.9998483
195,3,8019523,0.99219316,0.03178297,0.01218589,0.0,0.00577421,0.03573347,0.0,0.91452345,63479,7,0.04486264,0.9998482
195,4,8019524,0.99221489,0.0318313,0.01176009,0.0,0.00574419,0.02609691,0.0,0.9245675,63479,7,0.05339601,0.9998482
195,5,8019525,0.99216205,0.03185013,0.01223679,0.0,0.00578034,0.03505035,0.0,0.91508239,38903,7,0.02467683,0.9998482
195,6,8019526,0.99218203,0.03184103,0.01246408,0.0,0.00581606,0.03926174,0.0,0.91061709,52607,7,0.0306304,0.9998732
195,7,8019527,0.99218156,0.03187485,0.0119863,0.0,0.00571368,0.04132529,0.0,0.90909988,65023,7,0.03349302,0.9998732
195,8,8019528,0.99220737,0.03187644,0.01173156,0.0,0.00578849,0.04052242,0.0,0.91008109,36223,7,0.02922485,0.9998732
195,9,8019529,0.99218684,0.03179031,0.01236589,0.0,0.00579497,0.03104986,0.0,0.91899898,44543,7,0.03933513,0.9998732
195,10,8019530,0.99220467,0.03176711,0.01208266,0.0,0.00577287,0.03490649,0.0,0.91547086,65023,7,0.03171843,0.9998732
196,1,8019551,0.98637137,0.05281848,0.00535548,0.0,0.00454595,0.89482154,0.0,0.04245856,51978,6,0.26002721,2.0911604
196,2,8019552,0.98542869,0.05291279,0.00565623,0.0,0.00489625,0.89604658,0.0,0.04048815,51978,6,0.19260621,2.0911604
196,3,8019553,0.98591585,0.05437663,0.00557851,0.0,0.00476124,0.91661294,0.0,0.01867068,51978,6,0.25639681,2.0911604
196,4,8019554,0.98589756,0.05149858,0.00581343,0.0,0.00444824,0.93554227,0.0,0.00269748,51970,6,0.26107632,2.0911271
196,5,8019555,0.9862888,0.05017276,0.00531907,0.0,0.00449604,0.93562623,0.0,0.0043859,51970,6,0.20192272,2.0911271
196,6,8019556,0.98585217,0.05416592,0.00557074,0.0,0.00463718,0.88032904,0.0,0.05529712,51970,6,0.23181212,2.0911271
196,7,8019557,0.98622998,0.05064923,0.00532949,0.0,0.00450874,0.91156933,0.0,0.02794321,51970,6,0.28954885,2.0911271
196,8,8019558,0.98581859,0.05254719,0.00545041,0.0,0.00417566,0.78586138,0.0,0.15196537,23306,7,0.12189971,2.0911604
196,9,8019559,0.98630794,0.05208813,0.00525216,0.0,0.00463911,0.90278149,0.0,0.03523911,52010,6,0.19920118,2.0911605
196,10,8019560,0.98595874,0.05398317,0.00571054,0.0,0.0047353,0.92750601,0.0,0.00806498,51978,6,0.29750638,2.0911604
197,1,8019581,0.97358558,0.02841088,0.0,0.00208097,0.00097789,0.96834863,0.00015246,2.916e-05,35807,6,0.06323287,0.9994555
197,2,8019582,0.9734983,0.02837971,0.0,0.0020828,0.00100958,0.96834351,0.0001521,3.229e-05,47071,6,0.07546352,0.9994555
197,3,8019583,0.97356663,0.02794189,0.0,0.00208103,0.00094429,0.96885793,0.00015265,2.221e-05,23967,6,0.06488292,0.9994553
197,4,8019584,0.97364406,0.02852237,0.0,0.00208049,0.0009603,0.96825517,0.00015227,2.94e-05,22487,6,0.08574593,0.9994304
197,5,8019585,0.9733702,0.02804226,0.0,0.00208017,0.00095899,0.96873851,0.00015243,2.763e-05,36255,6,0.08920049,0.9994554
197,6,8019586,0.97359175,0.02850823,0.0,0.00208094,0.00100255,0.96823364,0.00015256,2.208e-05,34655,6,0.11352311,0.9994554
197,7,8019587,0.97337292,0.02813643,0.0,0.0020811,0.00098799,0.96861787,0.00015237,2.422e-05,56735,6,0.14329167,0.9994553
197,8,8019588,0.97358229,0.02835723,0.0,0.00208366,0.00100359,0.96837785,0.0001522,2.547e-05,60831,6,0.05038551,0.9994554
197,9,8019589,0.97350197,0.02826712,0.0,0.00208186,0.00098864,0.96848442,0.00015233,2.563e-05,40927,6,0.06836568,0.9994555
197,10,8019590,0.97352327,0.02806875,0.0,0.0020804,0.00095255,0.96872336,0.00015245,2.249e-05,16351,6,0.05212909,0.9994555
198,1,8019611,0.98646351,0.05272676,0.00401594,0.0,0.00420769,0.70832937,0.0,0.23072023,48940,6,0.11010191,2.1853944
198,2,8019612,0.98548291,0.05714705,0.0043417,0.0,0.00503859,0.86178351,0.0,0.07168915,57132,6,0.20245202,2.1853944
198,3,8019613,0.98347508,0.05982552,0.00478048,0.0,0.0061167,0.71251818,0.0,0.21675912,56109,6,0.07936152,2.185461
198,4,8019614,0.9820725,0.05761882,0.00483576,0.0,0.00895782,0.8604061,0.0,0.0681815,53499,6,0.10282914,2.185461
198,5,8019615,0.98635016,0.05274559,0.00379082,0.0,0.00383805,0.59787274,0.0,0.3417528,53005,7,0.06936426,2.185461
198,6,8019616,0.98613504,0.05381893,0.00451479,0.0,0.00399013,0.71700149,0.0,0.22067466,57132,6,0.11395629,2.1853944
198,7,8019617,0.98582223,0.05279202,0.00492588,0.0,0.00447052,0.74613598,0.0,0.19167561,44972,6,0.0908154,2.1850743
198,8,8019618,0.98435117,0.04754645,0.00404758,0.0,0.004731,0.85430888,0.0,0.08936609,56651,6,0.15475315,2.185461
198,9,8019619,0.98591992,0.05537656,0.00384389,0.0,0.00465662,0.78009524,0.0,0.15602768,57132,6,0.08866086,2.1853944
198,10,8019620,0.98532386,0.05393837,0.00542077,0.0,0.00520782,0.69639559,0.0,0.23903745,44972,6,0.07067944,2.1850743
199,1,8019641,0.97678256,0.03628135,0.06309648,0.0,0.00474843,0.74413702,0.00081417,0.15092256,18823,6,0.11575791,0.9990974
199,2,8019642,0.97717067,0.03780393,0.05172513,0.0,0.00524284,0.83748042,0.00054181,0.06720587,22927,6,0.21707242,0.9992472
199,3,8019643,0.98005066,0.03469757,0.04478802,0.0,0.00365243,0.87350018,0.00026682,0.04309498,18831,6,0.25686704,0.9991973
199,4,8019644,0.97989983,0.03459311,0.04750773,0.0,0.00355946,0.78065299,0.00037679,0.13330992,18831,6,0.15073522,0.9991973
199,5,8019645,0.97757059,0.03863826,0.04248301,0.0,0.00430333,0.8749438,0.00054202,0.03908959,18831,6,0.22696888,0.9991973
199,6,8019646,0.98042285,0.03251745,0.04249053,0.0,0.00302775,0.87033184,0.00028426,0.05134817,22663,6,0.25672692,0.9993231
199,7,8019647,0.977187,0.03611564,0.04925522,0.0,0.0053955,0.80439554,0.00046568,0.10437242,22663,6,0.17390054,0.9993231
199,8,8019648,0.97593842,0.03705941,0.04572556,0.0,0.00591781,0.89443692,0.00058042,0.01627987,22663,6,0.30080951,0.9993231
199,9,8019649,0.97853502,0.03597529,0.04073676,0.0,0.00406028,0.89884698,0.00036597,0.02001473,22919,6,0.33473677,0.9991723
199,10,8019650,0.97780055,0.03632861,0.04525247,0.0,0.00469696,0.82260471,0.00044041,0.09067684,18823,6,0.15653504,0.9990974
200,1,8019671,0.98025816,0.02654427,0.0,9.212e-05,0.00497776,0.06696873,0.0,0.90141712,13823,7,0.02014558,0.9996357
200,2,8019672,0.98023187,0.02655983,0.0,9.208e-05,0.00496453,0.06121076,0.0,0.9071728,46583,7,0.02503385,0.9996107
200,3,8019673,0.98026902,0.02663721,0.0,9.179e-05,0.00496646,0.04557953,0.0,0.92272502,32631,7,0.03387266,0.9996108
200,4,8019674,0.98031569,0.02657996,0.0,9.158e-05,0.0050084,0.06543295,0.0,0.90288711,23935,7,0.03777304,0.9996357
200,5,8019675,0.9802453,0.0266101,0.0,9.187e-05,0.00498732,0.067634,0.0,0.90067671,53247,7,0.0236576,0.9996358
200,6,8019676,0.98023042,0.02648092,0.0,9.184e-05,0.0050467,0.06618814,0.0,0.90219241,22399,7,0.0298873,0.9996357
200,7,8019677,0.98023232,0.0264746,0.0,9.204e-05,0.00499499,0.07246528,0.0,0.89597309,52735,7,0.02504096,0.9996357
200,8,8019678,0.98024368,0.02665798,0.0,9.199e-05,0.00498098,0.06602097,0.0,0.90224808,44543,7,0.0228015,0.9996357
200,9,8019679,0.98026403,0.02654972,0.0,9.202e-05,0.0050178,0.06592694,0.0,0.90241352,36855,7,0.02830161,0.9996024
200,10,8019680,0.98025309,0.02651272,0.0,9.181e-05,0.00497648,0.04749798,0.0,0.920921,32639,7,0.03271687,0.9996358
201,1,8019701,0.98293684,0.03103783,0.00043705,0.0,0.00142451,0.9670751,0.0,2.55e-05,44114,6,0.15926258,2.7129488
201,2,8019702,0.98385472,0.05610716,0.00316101,0.0,0.00376388,0.91579491,0.0,0.02117304,51972,6,0.08563042,2.7129487
201,3,8019703,0.98424091,0.05609569,0.00318084,0.0,0.00390312,0.92782284,0.0,0.00899752,56108,6,0.09782636,2.7130154
201,4,8019704,0.9838564,0.05613125,0.00301815,0.0,0.00350671,0.92363472,0.0,0.01370918,56108,6,0.0622306,2.7130154
201,5,8019705,0.98275378,0.06372617,0.00352396,0.0,0.0039963,0.91894128,0.0,0.00981229,51980,6,0.15373466,2.712982
201,6,8019706,0.98373198,0.0581484,0.0030444,0.0,0.00374972,0.92910924,0.0,0.00594824,52012,6,0.20197133,2.7129821
201,7,8019707,0.98398459,0.05337452,0.00294695,0.0,0.00367581,0.92957407,0.0,0.01042865,48666,6,0.07090026,2.7130154
201,8,8019708,0.98430781,0.05781284,0.00329332,0.0,0.00424127,0.88078923,0.0,0.05386333,53004,6,0.1265901,2.7129821
201,9,8019709,0.98452241,0.05776784,0.00317781,0.0,0.00414697,0.9206924,0.0,0.01421498,56108,6,0.10517427,2.7130154
201,10,8019710,0.9831523,0.03164505,0.00044451,0.0,0.00143204,0.96645215,0.0,2.625e-05,52306,6,0.10130224,2.7129488
202,1,8019731,0.96590568,0.01436864,0.0,0.00131501,0.00060565,0.98353279,0.00015609,2.183e-05,32911,6,0.14952668,0.9991107
202,2,8019732,0.96628848,0.01548003,0.0,0.00131538,0.00081185,0.98219775,0.00015635,3.863e-05,32971,6,0.47693029,0.9991107
202,3,8019733,0.96599108,0.01441373,0.0,0.00131403,0.00061644,0.98347721,0.0001556,2.299e-05,37003,6,0.21997983,0.9991107
202,4,8019734,0.96634457,0.01509681,0.0,0.00131652,0.00077769,0.98262506,0.0001569,2.704e-05,32911,6,0.22618632,0.9991107
202,5,8019735,0.96692829,0.01647264,0.0,0.00131673,0.00093072,0.98108671,0.00015716,3.604e-05,35019,6,0.20599579,0.9991107
202,6,8019736,0.96618624,0.01477701,0.0,0.00131645,0.00072893,0.98299678,0.0001569,2.394e-05,32907,6,0.19625426,0.9991107
202,7,8019737,0.96658953,0.01525431,0.0,0.00131552,0.00083562,0.98240622,0.00015696,3.138e-05,32907,6,0.20140352,0.9991107
202,8,8019738,0.9659713,0.01448574,0.0,0.00131501,0.00065656,0.98336389,0.0001561,2.27e-05,37003,6,0.36582051,0.9991107
202,9,8019739,0.9664123,0.01438472,0.0,0.00131624,0.00059143,0.98352855,0.00015662,2.243e-05,37007,6,0.20611076,0.9991107
202,10,8019740,0.96610579,0.01454505,0.0,0.00131537,0.00066604,0.98329481,0.00015596,2.277e-05,32971,6,0.23620899,0.9991107
203,1,8019761,0.99379874,0.04300884,0.00749462,2.203e-05,0.00248273,0.0,0.00042582,0.94656596,49069,7,0.44810029,1.1502005
203,2,8019762,0.99416532,0.04257178,0.00678663,2.237e-05,0.00242227,0.0,0.00042139,0.94777556,49069,7,0.94521598,1.1502005
203,3,8019763,0.99416519,0.04249266,0.00685974,2.206e-05,0.00244696,0.0,0.00041856,0.94776001,49069,7,0.94287468,1.1502005
203,4,8019764,0.99416934,0.04245374,0.00714053,2.269e-05,0.0024596,0.0,0.00042309,0.94750035,49069,7,0.94506459,1.1502005
203,5,8019765,0.99415338,0.04268885,0.00682686,2.237e-05,0.00244332,0.0,0.00042051,0.94759809,49069,7,0.9015164,1.1502005
203,6,8019766,0.99329395,0.04849382,0.00872247,2.33e-05,0.0026225,0.0,0.00043931,0.93969861,49069,7,0.36330636,1.1502005
203,7,8019767,0.9939273,0.04466537,0.00709158,2.259e-05,0.00249417,0.0,0.00042298,0.94530331,49069,7,0.73820858,1.1502005
203,8,8019768,0.99416766,0.04248639,0.0068254,2.26e-05,0.00243514,0.0,0.00042281,0.94780765,49069,7,0.9448219,1.1502005
203,9,8019769,0.99386272,0.04465966,0.00738217,2.252e-05,0.00250501,0.0,0.00042655,0.94500409,49069,7,0.72896996,1.1502005
203,10,8019770,0.99414172,0.04258989,0.00693528,2.26e-05,0.00248374,0.0,0.0004213,0.94754718,49069,7,0.92086815,1.1502005
204,1,8019791,0.98650559,0.05091696,0.01215019,0.0,0.00488953,0.62789675,0.00017006,0.30397651,53002,6,0.14276275,1.4991121
204,2,8019792,0.98645213,0.04959005,0.01423923,0.0,0.00502137,0.74619115,0.00020081,0.18475738,52994,6,0.18150899,1.4990788
204,3,8019793,0.98716135,0.04784336,0.01206536,0.0,0.00439174,0.69734533,0.00012261,0.23823159,51970,6,0.11120371,1.4990788
204,4,8019794,0.9872549,0.04887223,0.01066019,0.0,0.00461924,0.70048776,0.00015504,0.23520554,51970,6,0.19691662,1.4990788
204,5,8019795,0.98655382,0.0500995,0.01403575,0.0,0.00484944,0.7220841,0.00019718,0.20873404,52994,6,0.14047471,1.4990788
204,6,8019796,0.9867341,0.04913885,0.01349885,0.0,0.00520179,0.68709508,0.00015934,0.24490608,51970,6,0.10714427,1.4990788
204,7,8019797,0.98680879,0.04954114,0.01432635,0.0,0.00487981,0.6346483,0.00015689,0.29644751,51970,6,0.13083874,1.4990788
204,8,8019798,0.98663916,0.04968085,0.01321738,0.0,0.00558237,0.74586633,0.00020356,0.18544952,51970,6,0.20185135,1.4990788
204,9,8019799,0.98669549,0.04920377,0.01356756,0.0,0.00504704,0.79093498,0.00019336,0.1410533,51970,6,0.17452315,1.4990788
204,10,8019800,0.98669088,0.04963483,0.01291269,0.0,0.00502592,0.75591657,0.00018127,0.17632871,51970,6,0.1853202,1.4990788
205,1,8019821,0.97454113,0.02530304,0.0,0.00181805,0.00381525,0.08041423,0.0,0.88864943,28639,7,0.05715891,0.9994229
205,2,8019822,0.97436988,0.02499066,0.0,0.00181569,0.00380503,0.11369948,0.0,0.85568914,65503,7,0.05355266,0.9994728
205,3,8019823,0.97465807,0.02535517,0.0,0.00181661,0.0037621,0.12277919,0.0,0.84628692,63455,7,0.11224735,0.9994728
205,4,8019824,0.9743493,0.02508669,0.0,0.00181623,0.0038109,0.07814926,0.0,0.89113692,40799,7,0.04111476,0.9994728
205,5,8019825,0.97456553,0.02540397,0.0,0.00181564,0.00378535,0.06927391,0.0,0.89972114,16351,7,0.04470225,0.9994728
205,6,8019826,0.97430977,0.02503766,0.0,0.00181565,0.00375342,0.0956115,0.0,0.87378178,15327,7,0.05645211,0.9994728
205,7,8019827,0.97448742,0.02532479,0.0,0.00181675,0.00384809,0.0668187,0.0,0.90219168,61407,7,0.06100827,0.9994728
205,8,8019828,0.97463291,0.02539291,0.0,0.00181674,0.0037567,0.07324322,0.0,0.89579043,16351,7,0.05868265,0.9994728
205,9,8019829,0.97449484,0.02521033,0.0,0.00181671,0.00377317,0.13673246,0.0,0.83246734,11231,7,0.0497044,0.9994228
205,10,8019830,0.97472992,0.02538781,0.0,0.00182026,0.00382056,0.06776897,0.0,0.90120241,59359,7,0.066869,0.9994728
206,1,8019851,0.98500534,0.05536661,0.00258285,0.0,0.00407985,0.7059377,0.0,0.23203299,44965,7,0.07041182,2.6530719
206,2,8019852,0.92256513,0.60500466,0.39308373,0.0,0.00135978,0.00053425,0.0,1.758e-05,47867,4,0.26923003,2.6532052
206,3,8019853,0.92249682,0.60807201,0.38994615,0.0,0.00143433,0.00053011,0.0,1.74e-05,47867,4,0.37521733,2.6532052
206,4,8019854,0.98475593,0.05620161,0.0029426,0.0,0.00406811,0.84405736,0.0,0.09273032,52012,6,0.07219007,2.6534356
206,5,8019855,0.98487396,0.05417219,0.00266895,0.0,0.0040274,0.80653319,0.0,0.13259827,55180,6,0.05710174,2.6534689
206,6,8019856,0.98473638,0.05800858,0.00305091,0.0,0.00420982,0.80296298,0.0,0.13176772,57132,6,0.13410744,2.6534689
206,7,8019857,0.9851041,0.05512002,0.00270927,0.0,0.00421327,0.7588539,0.0,0.17910354,48908,6,0.07293486,2.6534689
206,8,8019858,0.98488423,0.05452372,0.00275116,0.0,0.00415613,0.92077784,0.0,0.01779115,47884,6,0.13455151,2.6534689
206,9,8019859,0.98480715,0.05647579,0.00291297,0.0,0.00409907,0.84158308,0.0,0.09492908,57132,6,0.06177584,2.6534689
206,10,8019860,0.93132978,0.52738629,0.33989974,0.0,0.0016788,0.13086507,0.0,0.0001701,47867,4,0.30419405,2.6532052
207,1,8019881,0.97121862,0.01864181,0.01673506,0.00144611,0.00062405,0.96126082,0.00128183,1.032e-05,36873,6,0.5027595,0.9992928
207,2,8019882,0.96983432,0.02532873,0.0247351,0.00156265,0.00154594,0.9425311,0.0030532,0.00124328,36941,6,0.22814632,0.9992927
207,3,8019883,0.9718899,0.02268668,0.02125768,0.00062787,0.00096554,0.95283031,0.00155533,7.66e-05,32777,6,0.23872453,0.9992927
207,4,8019884,0.97276301,0.02398475,0.0262088,0.00013607,0.00131803,0.94643964,0.00179848,0.00011423,36939,6,0.29844436,0.9992927
207,5,8019885,0.97085271,0.02022471,0.02049171,0.00323098,0.00086926,0.95393068,0.00122013,3.252e-05,32779,6,0.15262615,0.9992927
207,6,8019886,0.9686424,0.02230327,0.02063368,0.00394395,0.00133301,0.94802081,0.0023905,0.00137479,32843,6,0.37401353,0.9992927
207,7,8019887,0.97342998,0.02117907,0.02329694,2.399e-05,0.00126853,0.95070189,0.00153097,0.00199862,32783,6,0.15164303,0.9992927
207,8,8019888,0.96902978,0.01952498,0.0173471,0.00444049,0.00098946,0.95490887,0.00190148,0.00088761,36939,6,0.25035982,0.9992927
207,9,8019889,0.97050949,0.02330635,0.02670128,0.00155977,0.00124198,0.94373244,0.00214708,0.0013111,36873,6,0.1352623,0.9992928
207,10,8019890,0.97119278,0.02626178,0.02724863,0.00033142,0.00122125,0.93556283,0.00358154,0.00579254,1991,6,0.16736456,0.9992354
208,1,8019911,0.98716748,0.02910663,0.00380749,0.0,0.00534051,0.03354456,0.0,0.92820081,14207,7,0.03673726,0.9997727
208,2,8019912,0.98720513,0.02922327,0.00384045,0.0,0.00526342,0.03706406,0.0,0.92460879,47103,7,0.05068403,0.9997728
208,3,8019913,0.98718664,0.02915245,0.00379645,0.0,0.00527133,0.02588976,0.0,0.93589001,32639,7,0.05252261,0.9997728
208,4,8019914,0.98717601,0.02918809,0.00383594,0.0,0.0052936,0.03561026,0.0,0.9260721,44927,7,0.03979658,0.9997728
208,5,8019915,0.98716867,0.02915655,0.00396298,0.0,0.00525757,0.03565811,0.0,0.92596479,22527,7,0.04764886,0.9997728
208,6,8019916,0.98719255,0.02923031,0.00381491,0.0,0.0052879,0.03540045,0.0,0.92626643,48639,7,0.06853023,0.9997727
208,7,8019917,0.98719195,0.02914246,0.00377088,0.0,0.00531318,0.03264951,0.0,0.92912398,50687,7,0.03672611,0.9997727
208,8,8019918,0.98718065,0.02919407,0.00387064,0.0,0.00529025,0.02595848,0.0,0.93568656,30591,7,0.03100063,0.9997728
208,9,8019919,0.98719654,0.02911928,0.00381612,0.0,0.0053095,0.0374464,0.0,0.9243087,59263,7,0.04399217,0.9997728
208,10,8019920,0.98718479,0.02919569,0.0038882,0.0,0.00529749,0.0334919,0.0,0.92812672,32767,7,0.04206539,0.9997728
209,1,8019941,0.98561005,0.05309958,0.00547808,0.0,0.00453485,0.93444288,0.0,0.00244462,56074,6,0.22535227,2.4870315
209,2,8019942,0.98583241,0.05219039,0.00533663,0.0,0.0043386,0.88766775,0.0,0.05046663,51978,6,0.26327131,2.4869982
209,3,8019943,0.98415537,0.05568044,0.00672985,0.0,0.00481648,0.91646406,0.0,0.01630917,56074,6,0.14498035,2.4870315
209,4,8019944,0.98538645,0.05036445,0.00572906,0.0,0.00437133,0.93710027,0.0,0.00243488,53002,6,0.18017803,2.4869982
209,5,8019945,0.98560719,0.0528116,0.00549743,0.0,0.00459088,0.93452357,0.0,0.00257652,51978,6,0.36077058,2.4869982
209,6,8019946,0.98561608,0.05214415,0.00555975,0.0,0.00430417,0.9225166,0.0,0.01547533,51978,6,0.17512312,2.4869982
209,7,8019947,0.98567631,0.05316749,0.00537214,0.0,0.00446044,0.93470865,0.0,0.00229128,56074,6,0.36031634,2.4870315
209,8,8019948,0.98566473,0.05228331,0.00562963,0.0,0.00443475,0.93219071,0.0,0.0054616,56074,6,0.18141592,2.4870315
209,9,8019949,0.98555005,0.05261637,0.00578444,0.0,0.00444769,0.93212404,0.0,0.00502744,56074,6,0.17658299,2.4870315
209,10,8019950,0.98562721,0.05234185,0.00565365,0.0,0.00444531,0.9237804,0.0,0.01377879,56074,6,0.21170574,2.4870315
210,1,8019971,0.97156773,0.02699649,0.0,0.00192985,0.00094172,0.96995446,0.00015426,2.321e-05,33247,6,0.0758076,0.9994395
210,2,8019972,0.97202861,0.02853175,0.0,0.00193662,0.00097085,0.96838473,0.00015363,2.242e-05,22495,6,0.09288572,0.9994396
210,3,8019973,0.97014705,0.02597674,0.0,0.00191152,0.0010022,0.9709302,0.00015301,2.632e-05,63691,6,0.1002615,0.9992396
210,4,8019974,0.97190026,0.02798521,0.0,0.00193645,0.00095439,0.96894746,0.00015339,2.31e-05,60831,6,0.07741007,0.9994396
210,5,8019975,0.97164844,0.0273758,0.0,0.00192994,0.00092104,0.96959611,0.00015377,2.335e-05,38879,6,0.07977751,0.9994396
210,6,8019976,0.97186927,0.02831919,0.0,0.00193466,0.00097661,0.96858734,0.00015348,2.872e-05,18911,6,0.09455505,0.9993895
210,7,8019977,0.97169675,0.02814921,0.0,0.00193324,0.00095048,0.96878745,0.00015351,2.61e-05,35167,6,0.11714726,0.9994395
210,8,8019978,0.97183269,0.0282627,0.0,0.00193389,0.00098661,0.96863605,0.00015346,2.729e-05,34207,6,0.11444611,0.9994395
210,9,8019979,0.97188796,0.02828873,0.0,0.00193238,0.00095754,0.96864353,0.00015343,2.44e-05,51679,6,0.05223646,0.9994395
210,10,8019980,0.97185867,0.02844395,0.0,0.00193461,0.00100651,0.96843713,0.00015372,2.408e-05,33759,6,0.07969386,0.9994396
211,1,8020001,0.98638521,0.05417994,0.01139858,0.0,0.00380708,0.70447871,0.00033335,0.22580233,48940,6,0.24315828,1.9037687
211,2,8020002,0.98627217,0.05466157,0.01271669,0.0,0.00522176,0.59596683,0.00034565,0.33108749,48940,6,0.19895586,1.9037687
211,3,8020003,0.98656948,0.05375105,0.01113341,0.0,0.00441151,0.63837195,0.00039682,0.29193527,44973,7,0.09109845,1.9036548
211,4,8020004,0.98633785,0.05566332,0.01124416,0.0,0.00472687,0.62989644,0.00038873,0.29808049,48940,6,0.15257018,1.9037687
211,5,8020005,0.9858805,0.05370653,0.01057061,0.0,0.00262319,0.84549028,0.00021927,0.08739012,52765,6,0.53046098,1.9038354
211,6,8020006,0.98569693,0.05626308,0.01119114,0.0,0.00440141,0.6289872,0.00027809,0.29887907,50845,6,0.12819409,1.9038354
211,7,8020007,0.98672256,0.05410449,0.01272891,0.0,0.00439695,0.60886804,0.00043325,0.31946836,44844,6,0.16485922,1.9037354
211,8,8020008,0.98673482,0.05385597,0.01014732,0.0,0.00346174,0.42318563,0.00021845,0.50913089,44844,6,0.13891951,1.9037354
211,9,8020009,0.98601754,0.05452475,0.01248627,0.0,0.00537033,0.73653267,0.00036562,0.19072035,44837,7,0.10152719,1.9037354
211,10,8020010,0.98644057,0.05394605,0.01014999,0.0,0.0046249,0.62754548,0.00037313,0.30336045,44973,7,0.11523997,1.9036548
212,1,8020031,0.98720641,0.03541146,0.02776456,0.0,0.00089775,0.0,8.142e-05,0.93584481,19079,7,0.52001214,0.9993951
212,2,8020032,0.98733359,0.03473338,0.02642429,0.0,0.00088854,0.0,8.025e-05,0.93787354,23175,7,0.93702808,0.99947
212,3,8020033,0.98733948,0.03471298,0.02573486,0.0,0.00088955,0.0,7.992e-05,0.93858269,23175,7,0.93779436,0.99947
212,4,8020034,0.98728473,0.0350447,0.02691222,0.0,0.00088704,0.0,8.024e-05,0.93707581,23175,7,0.84243253,0.99947
212,5,8020035,0.98722626,0.03536772,0.02768504,0.0,0.00088642,0.0,8.098e-05,0.93597984,23175,7,0.56513612,0.99947
212,6,8020036,0.98729897,0.03489389,0.02716936,0.0,0.00089888,0.0,8.023e-05,0.93695763,23175,7,0.80019382,0.99947
212,7,8020037,0.98717477,0.03588912,0.02773142,0.0,0.00090692,0.0,8.245e-05,0.9353901,23175,7,0.52458221,0.99947
212,8,8020038,0.98704907,0.03703511,0.03002784,0.0,0.00091596,0.0,8.194e-05,0.93193915,23175,7,0.40463971,0.99947
212,9,8020039,0.9871284,0.03572628,0.02938122,0.0,0.00090069,0.0,8.726e-05,0.93390455,19079,7,0.79320877,0.9993951
212,10,8020040,0.98703424,0.03702511,0.02931016,0.0,0.00090014,0.0,8.197e-05,0.93268262,23175,7,0.47009826,0.99947
213,1,8020061,0.97584855,0.02392876,0.0,0.00106002,0.00411885,0.05313977,0.0,0.91775259,46463,7,0.02516432,0.9995455
213,2,8020062,0.97587472,0.02404877,0.0,0.00106039,0.00406489,0.05446831,0.0,0.91635764,32255,7,0.03310143,0.9995456
213,3,8020063,0.97592929,0.02411248,0.0,0.00106057,0.00406357,0.04634097,0.0,0.92442241,24447,7,0.02277264,0.9995456
213,4,8020064,0.97591695,0.02408608,0.0,0.00105993,0.00410683,0.04949827,0.0,0.9212489,30207,7,0.03788272,0.9995456
213,5,8020065,0.97591634,0.02406972,0.0,0.0010596,0.00409908,0.06828313,0.0,0.90248848,16247,7,0.0276239,0.9995206
213,6,8020066,0.97592965,0.02416359,0.0,0.00106106,0.00407123,0.05214574,0.0,0.91855837,65407,7,0.03237707,0.9995456
213,7,8020067,0.97591167,0.02403008,0.0,0.00105947,0.00408688,0.0516219,0.0,0.91920166,46583,7,0.03930989,0.9995206
213,8,8020068,0.9759017,0.0240489,0.0,0.00106005,0.00407036,0.04763654,0.0,0.92318415,51071,7,0.03208499,0.9995456
213,9,8020069,0.97589191,0.02400957,0.0,0.00105986,0.00408066,0.04105046,0.0,0.92979945,48639,7,0.03691018,0.9995456
213,10,8020070,0.97587825,0.02403403,0.0,0.00105971,0.00406916,0.05242249,0.0,0.91841461,15735,7,0.02668087,0.9995206
214,1,8020091,0.98415169,0.05424364,0.00305831,0.0,0.0035269,0.92619755,0.0,0.0129736,48940,6,0.04637679,2.8804289
214,2,8020092,0.98441007,0.05679487,0.0031428,0.0,0.00366869,0.92400511,0.0,0.01238853,56076,6,0.08568403,2.8804289
214,3,8020093,0.98442156,0.05862843,0.0032282,0.0,0.00387384,0.92947882,0.0,0.00479071,52012,6,0.15801071,2.8803956
214,4,8020094,0.98440688,0.05565801,0.00328649,0.0,0.00385598,0.90141632,0.0,0.0357832,52764,6,0.07371875,2.8803956
214,5,8020095,0.98391108,0.05866784,0.0045779,0.0,0.00368978,0.89056976,0.0,0.04249472,51980,6,0.12076947,2.8803955
214,6,8020096,0.98427716,0.05760104,0.00315102,0.0,0.00368935,0.91093132,0.0,0.02462726,52012,6,0.08414199,2.8803956
214,7,8020097,0.98438556,0.05642646,0.00305776,0.0,0.00381225,0.92341474,0.0,0.01328879,57100,6,0.07701242,2.8804289
214,8,8020098,0.98457876,0.05566437,0.0031435,0.0,0.00386995,0.9259401,0.0,0.01138208,53034,6,0.07974642,2.8803956
214,9,8020099,0.98434451,0.05772779,0.00315327,0.0,0.00371456,0.90151358,0.0,0.0338908,57132,6,0.08543278,2.8804289
214,10,8020100,0.98334868,0.06279153,0.00608514,0.0,0.00374571,0.90793803,0.0,0.01943959,56108,6,0.08554865,2.8804289
215,1,8020121,0.96800328,0.01592739,0.0,0.00042451,0.0007516,0.98267737,0.00019301,2.611e-05,32911,6,0.22416115,0.9991522
215,2,8020122,0.96798684,0.01621543,0.0,0.00042393,0.00071689,0.98242439,0.00019163,2.773e-05,37071,6,0.14641527,0.9991521
215,3,8020123,0.96784259,0.01623911,0.0,0.00042727,0.00079851,0.98231308,0.00019547,2.655e-05,32911,6,0.19715061,0.9991522
215,4,8020124,0.9679681,0.01594893,0.0,0.00042042,0.00070127,0.98271238,0.00018903,2.798e-05,32971,6,0.18962886,0.9991521
215,5,8020125,0.96792031,0.0161166,0.0,0.00043288,0.00073667,0.98249326,0.00020052,2.007e-05,32911,6,0.1205191,0.9991522
215,6,8020126,0.967783,0.01571363,0.0,0.00042512,0.00070796,0.98293845,0.00019446,2.038e-05,32907,6,0.25850354,0.9991522
215,7,8020127,0.96789283,0.01592889,0.0,0.00043013,0.00074606,0.9826705,0.00019776,2.666e-05,32911,6,0.22263402,0.9991522
215,8,8020128,0.96768774,0.01592882,0.0,0.00042618,0.00072465,0.9827011,0.00019628,2.297e-05,32971,6,0.41990177,0.9991521
215,9,8020129,0.9677246,0.01507161,0.0,0.0004248,0.00046694,0.9838371,0.00018855,1.099e-05,32969,6,0.17056687,0.9991521
215,10,8020130,0.96798053,0.0165692,0.0,0.00043067,0.00093452,0.98182415,0.00020112,4.034e-05,37071,6,0.2460462,0.9991521
216,1,8020151,0.99538519,0.03345505,0.02382485,0.0,0.00722934,0.01510772,0.0,0.92038303,50687,7,0.03747151,0.999935
216,2,8020152,0.99535655,0.03347899,0.02404309,0.0,0.0073413,0.00919008,0.0,0.92594655,60927,7,0.04028303,0.999935
216,3,8020153,0.99536245,0.03350443,0.02373816,0.0,0.00731639,0.0124749,0.0,0.92296612,32767,7,0.03224432,0.9999351
216,4,8020154,0.99537907,0.0334723,0.02389185,0.0,0.00722909,0.00944214,0.0,0.92596461,60919,7,0.04272434,0.9999017
216,5,8020155,0.9953235,0.03336986,0.02400157,0.0,0.00730596,0.01133092,0.0,0.92399168,44543,7,0.02837703,0.999935
216,6,8020156,0.99538278,0.03341551,0.02373073,0.0,0.00727714,0.00904078,0.0,0.92653584,57343,7,0.03275557,0.9999351
216,7,8020157,0.99536512,0.03343554,0.02412477,0.0,0.00731252,0.00717056,0.0,0.9279566,55295,7,0.05324905,0.9999351
216,8,8020158,0.99535149,0.03344995,0.02384972,0.0,0.00727308,0.0138074,0.0,0.92161986,32767,7,0.02454976,0.9999351
216,9,8020159,0.99536057,0.03355625,0.02401943,0.0,0.00726323,0.01134145,0.0,0.92381964,46591,7,0.04392039,0.999935
216,10,8020160,0.9953401,0.03341899,0.02376954,0.0,0.00720019,0.01078108,0.0,0.9248302,61439,7,0.02986045,0.999935
217,1,8020181,0.98586296,0.05241465,0.00825497,0.0,0.00473286,0.83147228,6.699e-05,0.10305824,51978,6,0.34490284,1.9930551
217,2,8020182,0.98539957,0.0528432,0.00992993,0.0,0.00501542,0.75973902,7.384e-05,0.17239859,53002,6,0.11792711,1.9930552
217,3,8020183,0.98580444,0.05230154,0.00841715,0.0,0.00537603,0.88584331,9.009e-05,0.04797188,51978,6,0.313515,1.9930551
217,4,8020184,0.98646156,0.05038496,0.00741994,0.0,0.00481835,0.85419574,6.798e-05,0.08311304,51970,6,0.39362008,1.9930218
217,5,8020185,0.98543524,0.05348053,0.00918811,0.0,0.00485253,0.81940579,6.904e-05,0.11300401,52002,6,0.13116126,1.9930219
217,6,8020186,0.98575882,0.05541957,0.00761381,0.0,0.00491822,0.8885989,6.697e-05,0.04338253,51970,6,0.23427719,1.9930218
217,7,8020187,0.98611058,0.05209858,0.00782839,0.0,0.00473545,0.87390748,5.62e-05,0.06137391,51978,6,0.35963508,1.9930551
217,8,8020188,0.98638035,0.05230115,0.00699271,0.0,0.00499605,0.93100539,5.802e-05,0.00464668,51978,6,0.43093334,1.9930551
217,9,8020189,0.98599278,0.05202612,0.00751731,0.0,0.00494591,0.77401892,5.932e-05,0.16143242,51978,6,0.28973931,1.9930551
217,10,8020190,0.98602896,0.05260677,0.00770576,0.0,0.00499871,0.89289628,7.218e-05,0.0417203,51978,6,0.30284267,1.9930551
218,1,8020211,0.97227163,0.02755528,0.0,0.00207318,0.0009706,0.96922515,0.00015247,2.332e-05,64479,6,0.09957334,0.9994224
218,2,8020212,0.9723328,0.02761957,0.0,0.00207421,0.00095759,0.96917394,0.00015246,2.223e-05,62431,6,0.06596502,0.9994224
218,3,8020213,0.97241488,0.02792248,0.0,0.00207144,0.00100341,0.96882981,0.00015183,2.103e-05,16223,6,0.06043774,0.9994224
218,4,8020214,0.97245843,0.02788687,0.0,0.0020723,0.00098215,0.9688847,0.00015207,2.192e-05,64479,6,0.06245296,0.9994224
218,5,8020215,0.97240444,0.02776512,0.0,0.00207371,0.00097393,0.96901118,0.0001522,2.385e-05,38871,6,0.05363875,0.9993973
218,6,8020216,0.97236877,0.02786192,0.0,0.00207289,0.00100386,0.96888661,0.00015218,2.254e-05,29663,6,0.07913608,0.9994224
218,7,8020217,0.97215079,0.02728385,0.0,0.00207173,0.00096445,0.96950358,0.00015223,2.416e-05,60383,6,0.13873412,0.9994224
218,8,8020218,0.97232217,0.02764801,0.0,0.00207359,0.00099495,0.969108,0.00015251,2.293e-05,31711,6,0.06126602,0.9994224
218,9,8020219,0.97247278,0.02768678,0.0,0.00207174,0.00096313,0.96910263,0.00015229,2.343e-05,22367,6,0.05891749,0.9994223
218,10,8020220,0.97238488,0.02789963,0.0,0.00207323,0.00098571,0.96886745,0.00015241,2.157e-05,29663,6,0.05826018,0.9994224
219,1,8020241,0.9852961,0.04990578,0.00371033,0.0,0.00357306,0.87540851,0.0,0.06740232,57132,6,0.06290042,2.529495
219,2,8020242,0.98159892,0.06394604,0.0030416,0.0,0.00333969,0.65403571,0.0,0.27563696,48941,7,0.07121058,2.5295616
219,3,8020243,0.98545916,0.05199686,0.00319881,0.0,0.00400646,0.8330244,0.0,0.10777348,48940,6,0.08819253,2.529495
219,4,8020244,0.98454236,0.05649299,0.0038541,0.0,0.00408687,0.90008755,0.0,0.0354785,53004,6,0.08800176,2.5294617
219,5,8020245,0.98522509,0.05497578,0.00342592,0.0,0.00362407,0.69364856,0.0,0.24432566,53036,6,0.06095764,2.5294617
219,6,8020246,0.98366923,0.05940097,0.00303883,0.0,0.00591683,0.76489982,0.0,0.16674356,57101,7,0.0708224,2.5295617
219,7,8020247,0.98505669,0.0542437,0.00315575,0.0,0.00339767,0.74631971,0.0,0.19288317,57132,6,0.08774873,2.529495
219,8,8020248,0.98478862,0.05522343,0.00309851,0.0,0.00454896,0.81982929,0.0,0.1172998,55212,6,0.06855951,2.5291562
219,9,8020249,0.98522936,0.05303374,0.00300308,0.0,0.00409634,0.76861663,0.0,0.17125021,49066,6,0.06931393,2.5291562
219,10,8020250,0.98539479,0.05374025,0.00339735,0.0,0.00417654,0.74274623,0.0,0.19593963,47916,6,0.08282426,2.529495
220,1,8020271,0.97538555,0.03827037,0.03526081,0.0,0.00292828,0.91700427,0.00096288,0.0055734,1991,6,0.33088657,0.9994106
220,2,8020272,0.97577151,0.03109586,0.03209713,0.0,0.00264291,0.93314055,0.00079882,0.00022473,6095,6,0.26928993,0.9994605
220,3,8020273,0.97856589,0.02925522,0.04618183,0.0,0.00154944,0.91725492,0.00048836,0.00527023,22927,6,0.34891264,0.9990414
220,4,8020274,0.97167181,0.03345152,0.04134279,0.0,0.00537336,0.89204682,0.00151754,0.02626797,22663,6,0.2809667,0.9991859
220,5,8020275,0.97470909,0.0296643,0.031341,0.0,0.00344976,0.93362654,0.00073498,0.0011834,22663,6,0.19408742,0.9991859
220,6,8020276,0.97694464,0.03542796,0.02782361,0.0,0.00201033,0.93380831,0.0005834,0.00034638,6087,6,0.27379044,0.9994356
220,7,8020277,0.97625258,0.04160741,0.03644812,0.0,0.00247988,0.91467754,0.00056444,0.0042226,6087,6,0.54318488,0.9994356
220,8,8020278,0.97377762,0.03090657,0.03636337,0.0,0.00370757,0.91186276,0.00123707,0.01592264,22671,6,0.08559948,0.9992608
220,9,8020279,0.97880345,0.03755076,0.02809507,0.0,0.00133626,0.93251101,0.00021941,0.0002875,1999,6,0.45277305,0.9994106
220,10,8020280,0.97784911,0.04054555,0.03427212,0.0,0.00190481,0.92268394,0.00034386,0.00024972,6087,6,0.32717159,0.9994356
221,1,8020301,0.98187005,0.02679347,0.0,0.0,0.00510938,0.06517333,0.0,0.90292382,59391,7,0.05222495,0.999668
221,2,8020302,0.98187656,0.02687642,0.0,0.0,0.00507343,0.06971555,0.0,0.8983346,49151,7,0.08898582,0.999668
221,3,8020303,0.98187838,0.02686928,0.0,0.0,0.00505618,0.05302707,0.0,0.91504747,30207,7,0.10577466,0.999668
221,4,8020304,0.98186712,0.02689502,0.0,0.0,0.00509948,0.05756377,0.0,0.91044174,58879,7,0.0457632,0.9996679
221,5,8020305,0.98186052,0.02686413,0.0,0.0,0.00510867,0.05086827,0.0,0.91715893,32255,7,0.04834765,0.999668
221,6,8020306,0.98187007,0.02686196,0.0,0.0,0.00507022,0.06458903,0.0,0.90347878,57343,7,0.055301,0.999668
221,7,8020307,0.98187709,0.02678332,0.0,0.0,0.00506242,0.06630704,0.0,0.90184723,59391,7,0.03993744,0.999668
221,8,8020308,0.98184939,0.02683457,0.0,0.0,0.00512815,0.06764587,0.0,0.9003914,54783,7,0.08056615,0.999668
221,9,8020309,0.9818861,0.02680855,0.0,0.0,0.00506074,0.04012861,0.0,0.9280021,47103,7,0.12573286,0.999668
221,10,8020310,0.98188372,0.02675128,0.0,0.0,0.00510702,0.05953733,0.0,0.90860438,30207,7,0.06261437,0.999668
222,1,8020331,0.98393044,0.05561936,0.00303653,0.0,0.00412791,0.91438746,0.0,0.02282874,51978,6,0.12824872,2.8198729
222,2,8020332,0.98432836,0.05693242,0.00307457,0.0,0.00400038,0.89537308,0.0,0.04061955,53004,6,0.15324979,2.8198729
222,3,8020333,0.98501098,0.05177947,0.00336204,0.0,0.00393449,0.9339268,0.0,0.0069972,43778,6,0.12708745,2.8198396
222,4,8020334,0.98528264,0.05266124,0.00254584,0.0,0.00404116,0.91093615,0.0,0.02981561,56074,6,0.15759885,2.8199062
222,5,8020335,0.98600884,0.05231631,0.00277901,0.0,0.00435818,0.91846425,0.0,0.02208224,51970,6,0.23288627,2.8198396
222,6,8020336,0.98518266,0.0535688,0.00270767,0.0,0.00411584,0.89599191,0.0,0.04361579,52010,6,0.15527633,2.8198729
222,7,8020337,0.98559956,0.05185865,0.00279922,0.0,0.00421858,0.89995226,0.0,0.04117129,43778,6,0.15370489,2.8198396
222,8,8020338,0.98560001,0.05337866,0.00288343,0.0,0.00425298,0.93613861,0.0,0.00334632,56074,6,0.32149795,2.8199062
222,9,8020339,0.98319667,0.05667406,0.00277113,0.0,0.00393332,0.93170035,0.0,0.00492114,51978,6,0.11702195,2.8198729
222,10,8020340,0.98489004,0.05448937,0.00293243,0.0,0.00405788,0.88975827,0.0,0.04876206,56074,6,0.17302019,2.8199062
223,1,8020361,0.96920948,0.02536635,0.0,0.00191548,0.00087409,0.97166452,0.00015792,2.163e-05,37215,6,0.13273298,0.9994465
223,2,8020362,0.9698658,0.02743581,0.0,0.00194018,0.00096246,0.96947088,0.00015868,3.199e-05,33247,6,0.13787694,0.9994465
223,3,8020363,0.96664739,0.02076426,0.0,0.00178614,0.00086666,0.97638386,0.00015389,4.52e-05,34959,6,0.2667309,0.9990469
223,4,8020364,0.96850073,0.02429047,0.0,0.00184036,0.00081651,0.97286267,0.00015536,3.464e-05,36559,6,0.20893479,0.999047
223,5,8020365,0.96799332,0.02347957,0.0,0.00181307,0.00101479,0.97350142,0.00015415,3.7e-05,30859,6,0.16449788,0.9992466
223,6,8020366,0.96807174,0.02285562,0.0,0.00180695,0.00093888,0.97422218,0.00015446,2.191e-05,30415,6,0.12313302,0.9992465
223,7,8020367,0.96839245,0.02316607,0.0,0.00177718,0.00100359,0.9738576,0.00015421,4.135e-05,38607,6,0.12765334,0.9990465
223,8,8020368,0.96672024,0.02035,0.0,0.00177513,0.00079314,0.97689286,0.00015408,3.479e-05,32911,6,0.19223087,0.9990466
223,9,8020369,0.96829773,0.02484224,0.0,0.00191025,0.00088035,0.97218574,0.00015738,2.404e-05,39327,6,0.10832961,0.9994465
223,10,8020370,0.96885468,0.02493106,0.0,0.00187644,0.00088877,0.97212529,0.00015535,2.31e-05,61583,6,0.11989388,0.9992466
224,1,8020391,0.9901711,0.04721415,0.01390887,0.0,0.00245642,0.00019833,0.00024256,0.93597967,44845,7,0.39212137,1.5172712
224,2,8020392,0.9905096,0.04392805,0.01255168,0.0,0.00238614,0.00028781,0.00023847,0.94060785,49069,7,0.66227068,1.5171679
224,3,8020393,0.99076071,0.04414844,0.01311445,0.0,0.00234188,0.00028695,0.00023531,0.93987299,49069,7,0.59325495,1.5171679
224,4,8020394,0.99014548,0.04714452,0.01426565,0.0,0.00252148,0.00028809,0.00023897,0.93554129,48941,7,0.30720503,1.5172712
224,5,8020395,0.99030298,0.04446416,0.01603869,0.0,0.00259292,0.00330875,0.0002657,0.93332977,49069,7,0.41501022,1.5171679
224,6,8020396,0.9910275,0.04113861,0.0109811,0.0,0.0023284,0.00027914,0.00023104,0.94504172,49069,7,0.94185254,1.5171679
224,7,8020397,0.9903389,0.04558695,0.01374388,0.0,0.0024958,0.00019713,0.00024054,0.93773569,49069,7,0.39439063,1.5171679
224,8,8020398,0.99039582,0.04717594,0.01387805,0.0,0.00242512,0.00018308,0.00024693,0.93609087,44845,7,0.34640398,1.5172712
224,9,8020399,0.99097159,0.04183234,0.01029707,0.0,0.00232567,0.00020337,0.00022795,0.9451136,49069,7,0.89133523,1.5171679
224,10,8020400,0.99016169,0.0476961,0.01332748,0.0,0.00246095,0.00018094,0.00024722,0.93608731,44845,7,0.32191739,1.5172712
225,1,8020421,0.9884499,0.04503181,0.03374192,0.0,0.00277049,0.0,7.591e-05,0.91837987,19210,7,0.18451499,1.2783973
225,2,8020422,0.98891021,0.0437841,0.0292773,0.0,0.00228029,0.0,6.033e-05,0.92459798,19203,7,0.31497466,1.2784472
225,3,8020423,0.98832007,0.04626433,0.03882029,0.0,0.00273051,0.0,7.959e-05,0.91210528,20234,7,0.35934658,1.2783973
225,4,8020424,0.98795224,0.045884,0.04532083,0.0,0.00317122,0.0,9.679e-05,0.90552715,19203,7,0.20110674,1.2784472
225,5,8020425,0.98881546,0.04324681,0.03028659,0.0,0.00242339,0.0,7.567e-05,0.92396755,19203,7,0.17860194,1.2784472
225,6,8020426,0.98756254,0.04670949,0.04270509,0.0,0.00500464,0.0,0.00012428,0.90545651,23042,7,0.17386413,1.2782418
225,7,8020427,0.98881606,0.04555974,0.02834267,0.0,0.00245563,0.0,6.212e-05,0.92357985,19202,7,0.30259346,1.2783973
225,8,8020428,0.98860541,0.04698895,0.03158445,0.0,0.00284039,0.0,6.94e-05,0.91851682,19210,7,0.42322086,1.2783973
225,9,8020429,0.98861733,0.0446446,0.02690433,0.0,0.00273506,0.0,7.386e-05,0.92564214,19210,7,0.30961897,1.2783973
225,10,8020430,0.98843271,0.0453671,0.0365243,0.0,0.00266679,0.0,7.407e-05,0.91536774,19203,7,0.20875861,1.2784472
226,1,8020451,0.97255801,0.02368519,0.0,0.00151065,0.00377072,0.05338293,0.0,0.91765051,47071,7,0.03334362,0.9994643
226,2,8020452,0.97245852,0.02358242,0.0,0.00151228,0.00377109,0.06660635,0.0,0.90452785,40447,7,0.03449743,0.9994643
226,3,8020453,0.97234506,0.02349581,0.0,0.0015107,0.00377398,0.0543451,0.0,0.91687442,7551,7,0.03945711,0.9994643
226,4,8020454,0.9722995,0.02346983,0.0,0.00151171,0.0037572,0.0951653,0.0,0.87609596,36351,7,0.0405443,0.9994643
226,5,8020455,0.97232856,0.02345535,0.0,0.00151152,0.00375704,0.06234218,0.0,0.90893391,46975,7,0.0384078,0.9994644
226,6,8020456,0.97235259,0.0234584,0.0,0.00151276,0.00378066,0.06791242,0.0,0.90333576,44895,7,0.03386758,0.9994643
226,7,8020457,0.97236702,0.02349892,0.0,0.00151139,0.00374253,0.06507643,0.0,0.90617073,45023,7,0.04568732,0.9994643
226,8,8020458,0.97248404,0.02355279,0.0,0.00151078,0.00376682,0.09997472,0.0,0.87119488,62975,7,0.03239995,0.9994643
226,9,8020459,0.97207,0.02328612,0.0,0.00151268,0.00376071,0.06542479,0.0,0.90601571,54783,7,0.02084616,0.9994643
226,10,8020460,0.97275026,0.02375301,0.0,0.00151282,0.0037522,0.07146583,0.0,0.89951614,65375,7,0.03547962,0.9994643
227,1,8020481,0.98456775,0.05607406,0.00382375,0.0,0.00415,0.88631124,0.0,0.04964095,53036,6,0.08898155,2.9389659
227,2,8020482,0.98444962,0.05739845,0.00333982,0.0,0.00398195,0.89023905,0.0,0.04504072,56076,6,0.14067196,2.9389992
227,3,8020483,0.93785241,0.6219274,0.37635676,0.0,0.00113594,0.0005563,0.0,2.361e-05,47867,4,0.36673883,2.9386785
227,4,8020484,0.9844787,0.0559394,0.00373711,0.0,0.00353617,0.80923217,0.0,0.12755514,53036,6,0.14958744,2.9389659
227,5,8020485,0.98452003,0.05637682,0.00381779,0.0,0.00388301,0.83947015,0.0,0.09645224,56108,6,0.09554958,2.9389992
227,6,8020486,0.98279255,0.07769041,0.021484,0.0,0.00358665,0.75672241,0.0,0.14051654,52765,6,0.09625171,2.9390658
227,7,8020487,0.98441555,0.05649199,0.00378645,0.0,0.00393869,0.83445054,0.0,0.10133234,57100,6,0.09266327,2.9389992
227,8,8020488,0.98444953,0.05308716,0.00376069,0.0,0.00358533,0.90453823,0.0,0.0350286,44573,6,0.20637485,2.9390658
227,9,8020489,0.98453618,0.0550793,0.00366226,0.0,0.00390466,0.85409321,0.0,0.08326057,48044,6,0.06203037,2.9385786
227,10,8020490,0.98167899,0.08466966,0.02548075,0.0,0.00377931,0.75426889,0.0,0.13180139,57100,6,0.12212378,2.9389992
228,1,8020511,0.96984947,0.01708942,0.00435594,0.00015131,0.00086622,0.97717557,0.00033905,2.25e-05,37067,6,0.34654783,0.9992165
228,2,8020512,0.96970614,0.0162115,0.00408576,0.00014813,0.00063648,0.97858163,0.00032172,1.478e-05,37003,6,0.23385207,0.9992165
228,3,8020513,0.96918888,0.01532983,0.00383285,0.00014428,0.00039695,0.9799831,0.00030943,3.56e-06,32779,6,0.21083873,0.9992167
228,4,8020514,0.96949689,0.01547048,0.00395882,0.00013338,0.00042821,0.97971379,0.00029054,4.77e-06,32779,6,0.16344309,0.9992167
228,5,8020515,0.96960938,0.01560714,0.0040495,0.00014646,0.00045132,0.97942786,0.00031296,4.76e-06,32843,6,0.15824289,0.9992166
228,6,8020516,0.96960789,0.01579228,0.00411778,0.00014357,0.00050856,0.97911899,0.00031087,7.96e-06,37069,6,0.1420929,0.9992165
228,7,8020517,0.96959882,0.01674751,0.00428909,0.00015716,0.00075675,0.97768864,0.00034127,1.958e-05,32975,6,0.18253877,0.9992165
228,8,8020518,0.96951974,0.01582171,0.00411265,0.00014131,0.00053523,0.9790663,0.00031139,1.14e-05,32843,6,0.14497874,0.9992166
228,9,8020519,0.96951498,0.01635325,0.00411371,0.00015753,0.00064035,0.97837365,0.00033943,2.208e-05,32779,6,0.15780248,0.9992167
228,10,8020520,0.96960065,0.01586328,0.0040767,0.00013911,0.00054909,0.97904705,0.000308,1.677e-05,32783,6,0.18223531,0.9992167
229,1,8020541,0.98993203,0.03019526,0.01121314,0.0,0.00570675,0.03711694,0.0,0.9157679,36855,7,0.03460403,0.9997945
229,2,8020542,0.98994716,0.03030265,0.01107953,0.0,0.00565651,0.03587476,0.0,0.91708656,52735,7,0.0545383,0.9998278
229,3,8020543,0.98992924,0.03035683,0.01107682,0.0,0.00565839,0.02848633,0.0,0.92442163,53247,7,0.05301019,0.9998278
229,4,8020544,0.98991406,0.03035945,0.01118657,0.0,0.00566324,0.02769712,0.0,0.92509362,62975,7,0.04237395,0.9998278
229,5,8020545,0.98990402,0.03032859,0.01101553,0.0,0.00561584,0.05567792,0.0,0.89736212,30207,7,0.02627485,0.9998278
229,6,8020546,0.98991788,0.03033756,0.01102688,0.0,0.00565964,0.02720633,0.0,0.92576959,36863,7,0.04519938,0.9998278
229,7,8020547,0.98990671,0.03036027,0.01098423,0.0,0.00561261,0.02778148,0.0,0.92526141,53239,7,0.05965648,0.9997945
229,8,8020548,0.98993074,0.03019548,0.01081658,0.0,0.00563286,0.04956469,0.0,0.9037904,30719,7,0.05277215,0.9998278
229,9,8020549,0.98994137,0.03027434,0.01114963,0.0,0.00568254,0.02548689,0.0,0.9274066,38911,7,0.03926394,0.9998278
229,10,8020550,0.98992243,0.0303283,0.01100917,0.0,0.00562897,0.03777233,0.0,0.91526123,65023,7,0.02936427,0.9998278
230,1,8020571,0.98543886,0.05246964,0.00544933,0.0,0.00469103,0.85364195,0.0,0.08374804,51978,6,0.18121487,2.4621058
230,2,8020572,0.98474843,0.04737623,0.00491074,0.0,0.00410426,0.93892619,0.0,0.00468257,51978,6,0.2447302,2.4621058
230,3,8020573,0.9857159,0.05152556,0.00539301,0.0,0.00467858,0.89709158,0.0,0.04131127,52002,6,0.20183084,2.4620725
230,4,8020574,0.98599235,0.05148704,0.00555181,0.0,0.00420636,0.81183636,0.0,0.12691844,51970,6,0.20037314,2.4620725
230,5,8020575,0.98543664,0.05415264,0.00565295,0.0,0.00454861,0.91874206,0.0,0.01690374,51978,6,0.14655857,2.4621058
230,6,8020576,0.98594265,0.05205734,0.005355,0.0,0.00452005,0.93538092,0.0,0.00268669,56074,6,0.25075715,2.4621391
230,7,8020577,0.98563576,0.05104717,0.00551143,0.0,0.00460809,0.92475902,0.0,0.01407429,52994,6,0.12691841,2.4620725
230,8,8020578,0.98507835,0.05204179,0.00530647,0.0,0.00510863,0.9233085,0.0,0.01423461,53002,6,0.22687765,2.4621059
230,9,8020579,0.98543295,0.05330827,0.00567821,0.0,0.00443976,0.91790128,0.0,0.01867248,57098,6,0.12393797,2.4621392
230,10,8020580,0.98583037,0.05229561,0.0053182,0.0,0.00452405,0.88910122,0.0,0.04876092,52002,6,0.21339226,2.4620725
231,1,8020601,0.97070208,0.02736609,0.0,0.00207798,0.00095895,0.96942403,0.00015255,2.04e-05,65503,6,0.07749529,0.9993915
231,2,8020602,0.97093028,0.02754265,0.0,0.002082,0.00099064,0.96920992,0.00015249,2.229e-05,49119,6,0.04531415,0.9993915
231,3,8020603,0.97070653,0.02736347,0.0,0.00208108,0.00094573,0.96943155,0.00015249,2.567e-05,55775,6,0.05733877,0.9993913
231,4,8020604,0.97072655,0.02747951,0.0,0.00207894,0.00097439,0.96928846,0.0001531,2.559e-05,16351,6,0.06289929,0.9993915
231,5,8020605,0.97082093,0.02751638,0.0,0.00207893,0.00097698,0.96924921,0.00015249,2.601e-05,55263,6,0.12124438,0.9993915
231,6,8020606,0.97077174,0.02675917,0.0,0.0020782,0.00091239,0.97007789,0.00015276,1.959e-05,28063,6,0.10684381,0.9993415
231,7,8020607,0.96963218,0.02607433,0.0,0.00207724,0.00098112,0.97069205,0.00015221,2.305e-05,64655,6,0.09301147,0.9991916
231,8,8020608,0.97076641,0.02752899,0.0,0.00207871,0.00098473,0.96922708,0.00015278,2.771e-05,44447,6,0.09705655,0.9993913
231,9,8020609,0.97081965,0.02724091,0.0,0.00207708,0.00094151,0.96956505,0.00015279,2.265e-05,23391,6,0.06175714,0.9993914
231,10,8020610,0.97108939,0.02774848,0.0,0.0020789,0.00098314,0.9690128,0.00015291,2.378e-05,55135,6,0.05567895,0.9993914
232,1,8020631,0.9859786,0.05601095,0.00726534,0.0,0.00460333,0.84272747,0.00014286,0.08925005,56108,6,0.18764573,2.2849639
232,2,8020632,0.98607316,0.05468235,0.00733439,0.0,0.00410225,0.62989371,0.00018219,0.30380511,53036,6,0.06228764,2.2849306
232,3,8020633,0.98645374,0.05235022,0.00679232,0.0,0.00432405,0.77788031,0.00019425,0.15845886,49068,6,0.09529229,2.2846739
232,4,8020634,0.98594781,0.05476076,0.00667128,0.0,0.00428181,0.70988355,0.00013215,0.22427045,48909,7,0.08812133,2.2850306
232,5,8020635,0.98630331,0.05186039,0.00753893,0.0,0.0035624,0.69708683,0.00020387,0.23974759,54941,6,0.07690885,2.2850306
232,6,8020636,0.98621859,0.05386364,0.00662535,0.0,0.00429257,0.80293408,0.0001309,0.13215345,57260,6,0.08795898,2.2846739
232,7,8020637,0.98580934,0.05681845,0.0080481,0.0,0.00462465,0.80558242,0.00016422,0.12476216,57100,6,0.09532745,2.2849639
232,8,8020638,0.98592445,0.05416568,0.00747716,0.0,0.0039764,0.74173427,0.00022982,0.19241667,57100,6,0.0842783,2.2849639
232,9,8020639,0.98560552,0.05708418,0.00768289,0.0,0.00417686,0.69350022,0.00015731,0.23739854,51981,6,0.0859395,2.2850305
232,10,8020640,0.98591736,0.05499341,0.00690481,0.0,0.00373706,0.71446736,0.00015199,0.21974537,47917,6,0.07135019,2.2850306
233,1,8020661,0.98564582,0.02965536,0.02685402,0.0,0.00067305,0.0,8.344e-05,0.94273413,23175,7,0.83208658,0.9992768
233,2,8020662,0.98175811,0.03366714,0.02987699,0.0,0.00471675,0.0,0.00042513,0.93131399,19079,7,0.6314174,0.9992019
233,3,8020663,0.98558953,0.02994299,0.02795675,0.0,0.00068188,0.0,8.457e-05,0.94133381,23175,7,0.66056024,0.9992768
233,4,8020664,0.9850776,0.03566414,0.03457447,0.0,0.0006947,0.0,8.799e-05,0.9289787,23183,7,0.78082255,0.9993517
233,5,8020665,0.98511287,0.03269807,0.0300042,0.0,0.00091025,0.0,9.665e-05,0.93629084,23175,7,0.54817997,0.9992768
233,6,8020666,0.98559589,0.03006779,0.02793485,0.0,0.00066814,0.0,8.46e-05,0.94124461,23175,7,0.83026505,0.9992768
233,7,8020667,0.98531152,0.03271567,0.03130882,0.0,0.00068202,0.0,8.877e-05,0.93520473,23175,7,0.29968635,0.9992768
233,8,8020668,0.98559911,0.02973775,0.02863007,0.0,0.00067681,0.0,8.395e-05,0.94087141,23175,7,0.62482959,0.9992768
233,9,8020669,0.98511527,0.03087383,0.03056361,0.0,0.00116128,0.0,9.786e-05,0.93730343,19079,7,0.65195006,0.9992019
233,10,8020670,0.98540221,0.03182932,0.03058867,0.0,0.00068259,0.0,8.794e-05,0.93681148,23175,7,0.53555289,0.9992768
234,1,8020691,0.97681133,0.02460919,0.0,0.00041799,0.0041684,0.0621934,0.0,0.90861102,22519,7,0.0469199,0.9995392
234,2,8020692,0.97677835,0.02459749,0.0,0.00041831,0.00421213,0.05797162,0.0,0.91280046,63479,7,0.03234261,0.9995392
234,3,8020693,0.97679681,0.0245844,0.0,0.00041766,0.00417604,0.07148374,0.0,0.89933815,30591,7,0.04522663,0.9995642
234,4,8020694,0.97677196,0.02455131,0.0,0.00041805,0.00421435,0.0422867,0.0,0.92852959,49015,7,0.03223595,0.9995392
234,5,8020695,0.9767803,0.02458116,0.0,0.00041706,0.00419186,0.04273742,0.0,0.9280725,22527,7,0.03603078,0.9995642
234,6,8020696,0.97679602,0.02462884,0.0,0.00041753,0.00420202,0.04424155,0.0,0.92651006,55295,7,0.02957143,0.9995642
234,7,8020697,0.97676869,0.02458465,0.0,0.00041789,0.00419211,0.06359797,0.0,0.90720738,53239,7,0.03548092,0.9995309
234,8,8020698,0.976767,0.02458627,0.0,0.00041798,0.00419017,0.08532478,0.0,0.8854808,40831,7,0.02273562,0.9995642
234,9,8020699,0.97679385,0.02459528,0.0,0.00041769,0.00418147,0.04769239,0.0,0.92311317,15743,7,0.03223132,0.9995642
234,10,8020700,0.97679822,0.02465326,0.0,0.00041732,0.00419299,0.05321695,0.0,0.91751948,55167,7,0.02695422,0.9995642
235,1,8020721,0.98456367,0.05597712,0.00305279,0.0,0.00389912,0.91399947,0.0,0.0230715,56074,6,0.11324124,3.0673658
235,2,8020722,0.9839863,0.05552003,0.00333163,0.0,0.00360999,0.9313718,0.0,0.00616655,57092,6,0.0748306,3.0673325
235,3,8020723,0.98433355,0.05928969,0.00296808,0.0,0.00388609,0.91932742,0.0,0.01452872,52012,6,0.13217699,3.0673325
235,4,8020724,0.98416987,0.05693738,0.00446842,0.0,0.00376191,0.91360376,0.0,0.02122852,57100,6,0.07927491,3.0673659
235,5,8020725,0.98213343,0.06946787,0.00665958,0.0,0.0040379,0.89460675,0.0,0.02522788,52004,6,0.13181413,3.0672992
235,6,8020726,0.98423601,0.0570417,0.00320961,0.0,0.00373704,0.91694151,0.0,0.01907013,56108,6,0.14628626,3.0673659
235,7,8020727,0.98439897,0.05643475,0.00333184,0.0,0.00385269,0.90794353,0.0,0.0284372,52012,6,0.08695491,3.0673325
235,8,8020728,0.98448139,0.05575172,0.00287204,0.0,0.00372622,0.91760366,0.0,0.02004636,51980,6,0.09333504,3.0673325
235,9,8020729,0.98402478,0.05162533,0.00238716,0.0,0.00332583,0.91795222,0.0,0.02470946,50836,6,0.15596383,3.0672992
235,10,8020730,0.98409013,0.05678435,0.00299765,0.0,0.00365689,0.9021911,0.0,0.03437,51980,6,0.14339478,3.0673325
236,1,8020751,0.96420969,0.01471589,0.0,0.00108864,0.00065052,0.98336009,0.00016075,2.411e-05,32907,6,0.22906544,0.9990781
236,2,8020752,0.9636473,0.01336655,0.0,0.00108384,0.00033468,0.9850542,0.00015659,4.14e-06,32843,6,0.10764035,0.9990783
236,3,8020753,0.96388486,0.0141173,0.0,0.00108825,0.00055607,0.98405842,0.00015945,2.051e-05,32971,6,0.15653353,0.9990781
236,4,8020754,0.96329063,0.01355662,0.0,0.00108474,0.00040914,0.98478423,0.00015759,7.68e-06,32779,6,0.2258734,0.9990783
236,5,8020755,0.9639503,0.0150766,0.0,0.00108848,0.00082473,0.98282014,0.00016038,2.967e-05,32907,6,0.2823263,0.9990781
236,6,8020756,0.96455333,0.01527512,0.0,0.00108816,0.0008825,0.98255445,0.00015993,3.984e-05,37007,6,0.20073104,0.9990781
236,7,8020757,0.96392145,0.01418928,0.0,0.00108613,0.0005769,0.98396976,0.000159,1.893e-05,32907,6,0.22709712,0.9990781
236,8,8020758,0.96391986,0.01395101,0.0,0.00108714,0.00049982,0.98428993,0.00015882,1.328e-05,32971,6,0.17181614,0.9990781
236,9,8020759,0.96379569,0.01434212,0.0,0.00108673,0.00055206,0.98384096,0.0001585,1.962e-05,36875,6,0.23820459,0.9990783
236,10,8020760,0.96394819,0.01413951,0.0,0.00108692,0.0005561,0.98404121,0.00015905,1.721e-05,32779,6,0.23102638,0.9990783
237,1,8020781,0.99575152,0.04639278,0.00583025,2.99e-06,0.00351069,0.0,0.00052569,0.9437376,16301,7,0.355956,1.0349853
237,2,8020782,0.99622101,0.0450279,0.00574366,2.74e-06,0.00336693,0.0,0.00052171,0.94533706,49069,7,0.93847846,1.0350352
237,3,8020783,0.99622903,0.04489639,0.00577641,2.58e-06,0.00337594,0.0,0.00052002,0.94542867,49069,7,0.94258275,1.0350352
237,4,8020784,0.99610065,0.04585152,0.0056009,2.67e-06,0.00346506,0.0,0.00052642,0.94455343,49069,7,0.83646734,1.0350352
237,5,8020785,0.99623053,0.04490897,0.00547364,2.83e-06,0.00346592,0.0,0.00052268,0.94562597,49069,7,0.9428869,1.0350352
237,6,8020786,0.99591717,0.04739784,0.00575887,2.94e-06,0.00347305,0.0,0.00053237,0.94283493,49069,7,0.66864781,1.0350352
237,7,8020787,0.99614645,0.04522279,0.00561674,3.04e-06,0.00333919,0.0,0.00052463,0.9452936,49069,7,0.84389709,1.0350352
237,8,8020788,0.99622888,0.04499088,0.00555398,2.74e-06,0.00336022,0.0,0.00051955,0.94557262,49069,7,0.9431173,1.0350352
237,9,8020789,0.99622867,0.04491154,0.00542736,2.88e-06,0.00344717,0.0,0.0005184,0.94569265,49069,7,0.94167986,1.0350352
237,10,8020790,0.99594931,0.04625857,0.00577284,2.88e-06,0.00342715,0.0,0.00052616,0.94401241,49069,7,0.58867033,1.0350352
238,1,8020811,0.98557709,0.05222921,0.01449083,0.0,0.00542581,0.83803662,0.00015458,0.08966295,51970,6,0.15165275,1.8329296
238,2,8020812,0.98587735,0.05168772,0.01541096,0.0,0.00501897,0.80303169,0.00013587,0.12471479,51716,6,0.12325858,1.8325967
238,3,8020813,0.98598296,0.05078105,0.01265953,0.0,0.00502006,0.80060689,0.00014009,0.13079239,51970,6,0.2879671,1.8329296
238,4,8020814,0.98586479,0.05158691,0.0153736,0.0,0.00503184,0.82785861,0.00013844,0.10001059,51978,6,0.30157717,1.8329629
238,5,8020815,0.98647771,0.0505971,0.01425925,0.0,0.00478736,0.73465158,0.00012599,0.19557872,51978,6,0.38358731,1.8329629
238,6,8020816,0.98606017,0.05139832,0.01150939,0.0,0.00517496,0.88910537,0.00014496,0.04266701,51970,6,0.24875406,1.8329296
238,7,8020817,0.98585102,0.05099609,0.01752015,0.0,0.00503283,0.81189139,0.00014659,0.11441294,51978,6,0.25443502,1.8329629
238,8,8020818,0.98641567,0.04912913,0.01196439,0.0,0.00505439,0.84366738,0.00012758,0.09005713,51978,6,0.3811699,1.8329629
238,9,8020819,0.98645054,0.05045665,0.01362907,0.0,0.0049886,0.80808107,0.00013006,0.12271454,52994,6,0.30061405,1.8329296
238,10,8020820,0.98626073,0.04935613,0.01188627,0.0,0.0050652,0.84445998,0.00015242,0.08907999,51970,6,0.15391349,1.8329296
239,1,8020841,0.97120833,0.02419256,0.0,0.00192683,0.00361177,0.10431348,0.0,0.86595535,30687,7,0.10081368,0.9993972
239,2,8020842,0.97122874,0.02418391,0.0,0.00192478,0.00357695,0.15107948,0.0,0.81923487,59359,7,0.05664406,0.9993971
239,3,8020843,0.97115884,0.02426601,0.0,0.00192456,0.00362144,0.10616534,0.0,0.86402265,65503,7,0.04852308,0.9993972
239,4,8020844,0.9713613,0.02419435,0.0,0.00192623,0.00360657,0.07790624,0.0,0.89236661,55263,7,0.06283496,0.9993972
239,5,8020845,0.97137047,0.02421589,0.0,0.00192826,0.00368023,0.04873581,0.0,0.92143981,56159,7,0.051849,0.9993971
239,6,8020846,0.97116804,0.02412668,0.0,0.00192749,0.0036733,0.08937509,0.0,0.88089744,14175,7,0.0430234,0.9993971
239,7,8020847,0.97101341,0.02396391,0.0,0.00192759,0.00367052,0.03874658,0.0,0.9316914,42847,7,0.03171637,0.9993971
239,8,8020848,0.9709423,0.02369492,0.0,0.00192622,0.00365024,0.1476252,0.0,0.82310342,23967,6,0.04573281,0.999397
239,9,8020849,0.97115519,0.02423256,0.0,0.00192319,0.00363934,0.0610163,0.0,0.90918861,32735,7,0.05374216,0.9993972
239,10,8020850,0.97117709,0.02410233,0.0,0.00192613,0.00360101,0.10017201,0.0,0.87019852,30559,7,0.05579494,0.9993972
240,1,8020871,0.98374653,0.05984964,0.00322515,0.0,0.00391026,0.91681076,0.0,0.01620419,56108,6,0.25179911,2.8770123
240,2,8020872,0.98478623,0.05374965,0.00247427,0.0,0.00375774,0.7601959,0.0,0.17982245,52012,6,0.09115923,2.876979
240,3,8020873,0.98469442,0.0560986,0.00255721,0.0,0.003986,0.83208041,0.0,0.10527778,57132,6,0.09615981,2.8770123
240,4,8020874,0.9846581,0.0562703,0.00282686,0.0,0.00365956,0.71069706,0.0,0.22654622,53036,6,0.06490826,2.8769789
240,5,8020875,0.98497053,0.05349529,0.00268987,0.0,0.00401314,0.86115019,0.0,0.07865151,57132,6,0.07323024,2.8770123
240,6,8020876,0.98489582,0.05392962,0.00266375,0.0,0.00393503,0.74363296,0.0,0.19583864,47916,6,0.05840253,2.8770123
240,7,8020877,0.98489602,0.0531716,0.00269171,0.0,0.00387277,0.81305343,0.0,0.12721048,47914,6,0.07165357,2.8770123
240,8,8020878,0.98456046,0.05594481,0.00279114,0.0,0.00394686,0.82118803,0.0,0.11612916,57100,6,0.06445627,2.8770123
240,9,8020879,0.98468941,0.05410155,0.00299433,0.0,0.00385939,0.84709495,0.0,0.09194978,53004,6,0.04656151,2.876979
240,10,8020880,0.98457551,0.05598775,0.00322152,0.0,0.00415908,0.87128187,0.0,0.06534978,57132,6,0.09010091,2.8770123
241,1,8020901,0.9718734,0.02328187,0.02968797,0.00014225,0.00186459,0.94020067,0.00155969,0.00326296,22663,6,0.19045859,0.9990311
241,2,8020902,0.97323551,0.02554824,0.03315068,9.99e-06,0.00253095,0.91244889,0.00185777,0.02445347,22663,6,0.30271538,0.9990311
241,3,8020903,0.97272851,0.02785811,0.0398303,6.541e-05,0.00195595,0.88770472,0.0021601,0.0404254,22927,6,0.1632133,0.9988093
241,4,8020904,0.97373875,0.02581737,0.030988,0.00062597,0.00135939,0.90900779,0.00161951,0.03058198,22663,6,0.13124577,0.9990311
241,5,8020905,0.97347605,0.02761488,0.03390218,0.00044407,0.00142395,0.93114182,0.0016708,0.00380229,22927,6,0.2893681,0.9988093
241,6,8020906,0.97274698,0.03427064,0.03509836,0.00010803,0.00264127,0.92542362,0.00204486,0.00041323,1999,6,0.4387464,0.9992557
241,7,8020907,0.97179737,0.02566912,0.02564587,0.00114553,0.00191231,0.94285619,0.00257485,0.00019612,22663,6,0.23576434,0.9990311
241,8,8020908,0.97543687,0.02751482,0.02944207,2.144e-05,0.00127651,0.93668856,0.00136473,0.00369187,6095,6,0.17566125,0.9993057
241,9,8020909,0.97418048,0.02738816,0.03802124,3.774e-05,0.00166481,0.91930755,0.00187765,0.01170285,22663,6,0.20719339,0.9990311
241,10,8020910,0.97421877,0.02816094,0.03592195,0.00139729,0.00192291,0.92459751,0.0013776,0.0066218,18567,6,0.20743961,0.9989562
242,1,8020931,0.98423857,0.02712509,0.00343928,0.0,0.00514069,0.02502065,0.0,0.9392743,53247,7,0.04766619,0.9997128
242,2,8020932,0.9842639,0.02720697,0.00348529,0.0,0.00510574,0.02117725,0.0,0.94302474,65407,7,0.04339419,0.9997128
242,3,8020933,0.98423837,0.02717763,0.00335491,0.0,0.00508956,0.0222747,0.0,0.94210321,57335,7,0.04553737,0.9996878
242,4,8020934,0.98425488,0.02707773,0.00346587,0.0,0.00515386,0.02571505,0.0,0.93858749,59391,7,0.04082854,0.9997128
242,5,8020935,0.98423171,0.02722737,0.00347966,0.0,0.00506967,0.02249092,0.0,0.94173238,52735,7,0.0322826,0.9997128
242,6,8020936,0.98424351,0.02715075,0.00342956,0.0,0.00503768,0.0379119,0.0,0.9264701,55287,7,0.03707118,0.9996878
242,7,8020937,0.98426089,0.02720389,0.00340749,0.0,0.00504599,0.02388348,0.0,0.94045914,30719,7,0.0604491,0.9997128
242,8,8020938,0.98423229,0.02709158,0.00343202,0.0,0.00517643,0.03364815,0.0,0.93065183,45055,7,0.04182368,0.9997128
242,9,8020939,0.98422678,0.02715871,0.00342055,0.0,0.00511677,0.02924051,0.0,0.93506348,55295,7,0.06316867,0.9997128
242,10,8020940,0.98422711,0.02715378,0.00344143,0.0,0.0051048,0.03231313,0.0,0.93198686,40959,7,0.04742387,0.9997128
243,1,8020961,0.98459877,0.05359052,0.00394989,0.0,0.00427136,0.93539649,0.0,0.00279174,43778,6,0.2639094,2.878898
243,2,8020962,0.98492138,0.05307683,0.00375942,0.0,0.00441278,0.89465284,0.0,0.04409813,56074,6,0.16998329,2.8789646
243,3,8020963,0.98505248,0.05311817,0.00390999,0.0,0.00441724,0.93510603,0.0,0.00344857,51978,6,0.21009407,2.8789313
243,4,8020964,0.98529904,0.05274902,0.00379446,0.0,0.00441008,0.93653088,0.0,0.00251556,56074,6,0.27682452,2.8789646
243,5,8020965,0.98423943,0.05354679,0.00387904,0.0,0.0042502,0.89638598,0.0,0.041938,51978,6,0.09380176,2.8789313
243,6,8020966,0.97986307,0.07348802,0.00383833,0.0,0.00452422,0.88816362,0.0,0.02998582,51978,6,0.27932875,2.8789313
243,7,8020967,0.98081909,0.07323571,0.00371621,0.0,0.00487025,0.89868443,0.0,0.0194934,56106,6,0.15823418,2.8789646
243,8,8020968,0.9844727,0.05492696,0.0038332,0.0,0.00451393,0.93402742,0.0,0.0026985,56074,6,0.2012605,2.8789646
243,9,8020969,0.98549023,0.05085768,0.00342575,0.0,0.00417754,0.86157705,0.0,0.07996198,56074,6,0.20688288,2.8789646
243,10,8020970,0.98412203,0.05631056,0.00398003,0.0,0.00447038,0.93192607,0.0,0.00331295,51980,6,0.14390113,2.8789313
244,1,8020991,0.96849039,0.02578833,0.0,0.00192675,0.00092575,0.97117984,0.00015377,2.556e-05,22367,6,0.06938426,0.999384
244,2,8020992,0.96748403,0.02465335,0.0,0.00191364,0.0008913,0.97235662,0.00015375,3.133e-05,35023,6,0.11864498,0.9989844
244,3,8020993,0.96641375,0.02328045,0.0,0.00189708,0.00092553,0.9737241,0.00015291,1.994e-05,31887,6,0.08252916,0.9991842
244,4,8020994,0.96550826,0.02259883,0.0,0.00189927,0.00087577,0.97444393,0.00015324,2.895e-05,40175,6,0.14833528,0.9989845
244,5,8020995,0.96909234,0.02629601,0.0,0.00193379,0.00092838,0.97065786,0.00015408,2.988e-05,55775,6,0.12431832,0.9993839
244,6,8020996,0.96547897,0.02315883,0.0,0.00188741,0.00082928,0.97394006,0.00015328,3.113e-05,36079,6,0.18326073,0.9989845
244,7,8020997,0.96959166,0.02735675,0.0,0.00193909,0.0009364,0.96959028,0.00015414,2.334e-05,37727,6,0.11222783,0.9993841
244,8,8020998,0.96822534,0.02568525,0.0,0.00192132,0.00096906,0.97125304,0.0001536,1.773e-05,26319,6,0.12177598,0.9991339
244,9,8020999,0.96918597,0.0261042,0.0,0.00193696,0.00086448,0.97092197,0.00015392,1.847e-05,38303,6,0.21979347,0.999384
244,10,8021000,0.96976158,0.02702474,0.0,0.0019379,0.00089579,0.96996577,0.00015403,2.177e-05,23967,6,0.17310656,0.9993839
245,1,8021021,0.98569312,0.05571451,0.0108585,0.0,0.0047078,0.56841482,0.00055335,0.35975101,44845,7,0.10267848,1.9209183
245,2,8021022,0.9859158,0.0517169,0.01050351,0.0,0.0043896,0.54985278,0.00033051,0.38320669,54941,6,0.11091614,1.9209184
245,3,8021023,0.98633228,0.05224714,0.01192282,0.0,0.00393069,0.43170267,0.00035161,0.49984506,44845,7,0.22241562,1.9209183
245,4,8021024,0.98673217,0.05047963,0.00962466,0.0,0.00396747,0.43087596,0.00044687,0.50460541,57261,7,0.18908665,1.9207344
245,5,8021025,0.98601432,0.05334069,0.01056091,0.0,0.00419624,0.68389464,0.00044443,0.24756308,49068,6,0.11416449,1.9206345
245,6,8021026,0.98612087,0.05306517,0.00999784,0.0,0.00519749,0.46099195,0.00049192,0.47025564,49069,7,0.09449401,1.9207344
245,7,8021027,0.98595317,0.0534217,0.00950548,0.0,0.00374712,0.72669209,0.00027295,0.20636065,52765,6,0.23473974,1.9209184
245,8,8021028,0.98668767,0.05265984,0.00988401,0.0,0.00425351,0.38494033,0.00043269,0.54782963,49069,7,0.16438313,1.9207344
245,9,8021029,0.98615926,0.0539447,0.00923611,0.0,0.0048067,0.48840791,0.00046466,0.44313993,48941,7,0.10894862,1.9209184
245,10,8021030,0.98571682,0.05472213,0.0111789,0.0,0.0056118,0.51555551,0.00049821,0.41243344,49068,6,0.10068317,1.9206345
246,1,8021051,0.9899286,0.05559136,0.01453155,0.0,0.00276751,0.0,0.00020707,0.92690251,19079,7,0.92596364,0.9995479
246,2,8021052,0.99015595,0.05262426,0.01379223,0.0,0.00264817,0.0,0.00018711,0.93074824,23175,7,0.92999079,0.9996227
246,3,8021053,0.99001318,0.05461124,0.01436921,0.0,0.00280108,0.0,0.00018989,0.92802858,19079,7,0.55163047,0.9995479
246,4,8021054,0.98998014,0.05506694,0.0143175,0.0,0.0026999,0.0,0.00019883,0.92771684,19079,7,0.73885675,0.9995479
246,5,8021055,0.99007567,0.05358988,0.01431082,0.0,0.00268743,0.0,0.00019112,0.92922075,23175,7,0.61450852,0.9996227
246,6,8021056,0.99002153,0.05502194,0.01476774,0.0,0.0027393,0.0,0.00019905,0.92727199,23175,7,0.79028217,0.9996227
246,7,8021057,0.9900514,0.05408787,0.01399622,0.0,0.00266566,0.0,0.00019876,0.92905149,23175,7,0.48612389,0.9996227
246,8,8021058,0.99011979,0.05322013,0.01397678,0.0,0.00265532,0.0,0.00018507,0.9299627,23175,7,0.78416505,0.9996227
246,9,8021059,0.98999845,0.05453535,0.01424798,0.0,0.00274613,0.0,0.0002178,0.92825274,19079,7,0.66662603,0.9995479
246,10,8021060,0.99006747,0.05413642,0.01438109,0.0,0.00266061,0.0,0.00021177,0.92861011,23175,7,0.65803521,0.9996227
247,1,8021081,0.97206093,0.02284657,0.0,0.00141035,0.00371493,0.04405152,0.0,0.92797663,63479,7,0.02901016,0.9994418
247,2,8021082,0.97208931,0.02289342,0.0,0.00141116,0.00372387,0.03770717,0.0,0.93426439,22015,7,0.03146759,0.9994668
247,3,8021083,0.97203227,0.02291048,0.0,0.00140979,0.00370699,0.03408419,0.0,0.93788855,65407,7,0.04397915,0.9994668
247,4,8021084,0.97212339,0.02291913,0.0,0.00141046,0.00374118,0.03756269,0.0,0.93436654,51199,7,0.03301187,0.9994668
247,5,8021085,0.97203537,0.02284646,0.0,0.00141157,0.0037462,0.03498763,0.0,0.93700815,8191,7,0.03391211,0.9994668
247,6,8021086,0.97213043,0.02298278,0.0,0.00141097,0.00376897,0.03236234,0.0,0.93947494,44415,7,0.02929348,0.9994668
247,7,8021087,0.97222286,0.02306705,0.0,0.00141113,0.00377613,0.03115532,0.0,0.94059037,59359,7,0.05294658,0.9994668
247,8,8021088,0.97208619,0.0228333,0.0,0.00141043,0.00376487,0.03487056,0.0,0.93712084,61439,7,0.04495213,0.9994668
247,9,8021089,0.97208548,0.02290533,0.0,0.00141161,0.00372198,0.026266,0.0,0.94569507,8063,7,0.0633694,0.9994668
247,10,8021090,0.97203595,0.02291616,0.0,0.00140955,0.00375042,0.0349687,0.0,0.93695517,30207,7,0.05507302,0.9994668
248,1,8021111,0.93843111,0.52191312,0.27774391,0.0,0.00149969,0.19832701,0.0,0.00051628,55394,4,0.15889903,3.2058464
248,2,8021112,0.9843045,0.05509398,0.00325352,0.0,0.00373778,0.90813365,0.0,0.02978107,53004,6,0.08163441,3.2064371
248,3,8021113,0.98438815,0.05646435,0.00361189,0.0,0.00377209,0.9158795,0.0,0.02027217,52012,6,0.10468409,3.2064371
248,4,8021114,0.98394464,0.05994089,0.00571983,0.0,0.0037591,0.90090715,0.0,0.02967302,53036,6,0.12169424,3.206437
248,5,8021115,0.96612636,0.24472069,0.12046378,0.0,0.00285547,0.61989392,0.0,0.01206614,55394,4,0.10244275,3.2058464
248,6,8021116,0.98429853,0.05746322,0.00328241,0.0,0.00381756,0.92372467,0.0,0.01171215,56860,6,0.10914287,3.2064704
248,7,8021117,0.9843518,0.05674557,0.00338007,0.0,0.00372344,0.92744148,0.0,0.00870945,56076,6,0.12771623,3.2064703
248,8,8021118,0.98373836,0.06188345,0.00793394,0.0,0.00360316,0.92045882,0.0,0.00612063,51980,6,0.12191749,3.206437
248,9,8021119,0.97177239,0.18597658,0.08101833,0.0,0.00302414,0.68875361,0.0,0.04122734,56076,6,0.09176611,3.2064703
248,10,8021120,0.98427214,0.05566335,0.00341044,0.0,0.00360997,0.93286289,0.0,0.00445336,57100,6,0.13555672,3.2064704
249,1,8021141,0.96597365,0.01518286,0.00398808,0.00022803,0.00055879,0.97980334,0.00022772,1.118e-05,32845,6,0.23644548,0.9991351
249,2,8021142,0.96604162,0.01553896,0.00420817,0.00023677,0.00065068,0.97910415,0.00024329,1.798e-05,32973,6,0.1026602,0.9991349
249,3,8021143,0.96627391,0.01595639,0.00425854,0.0002447,0.00074226,0.97852198,0.00025449,2.165e-05,37067,6,0.19007278,0.9991349
249,4,8021144,0.96599895,0.01549817,0.00420439,0.00023847,0.00060435,0.97919747,0.00024318,1.397e-05,37067,6,0.23424797,0.9991349
249,5,8021145,0.96583527,0.01505207,0.00399998,0.00021955,0.00051474,0.97998296,0.00021665,1.404e-05,36937,6,0.25936968,0.9991351
249,6,8021146,0.96595535,0.01530549,0.00413422,0.00022499,0.00060528,0.97948592,0.00022623,1.788e-05,36941,6,0.13798111,0.9991351
249,7,8021147,0.96581771,0.01448272,0.00386949,0.00021671,0.00035812,0.98086249,0.00020739,3.07e-06,32843,6,0.19833936,0.9991351
249,8,8021148,0.96610646,0.01530681,0.00403041,0.0002282,0.00060186,0.97958492,0.0002316,1.62e-05,32975,6,0.17603166,0.9991349
249,9,8021149,0.96583782,0.01504937,0.00406489,0.00022301,0.00049667,0.97993648,0.00021944,1.014e-05,32907,6,0.14856758,0.999135
249,10,8021150,0.9659993,0.0164988,0.00427477,0.00024776,0.00091989,0.97775888,0.0002649,3.501e-05,32971,6,0.37929939,0.9991349
250,1,8021171,0.99333971,0.03158376,0.02066621,0.0,0.00664566,0.0121977,0.0,0.92890666,51199,7,0.03205689,0.9998947
250,2,8021172,0.99337399,0.03170743,0.02043487,0.0,0.00657235,0.01150431,0.0,0.92978104,63359,7,0.04334155,0.9998947
250,3,8021173,0.99338186,0.03157151,0.02023385,0.0,0.00659869,0.00878142,0.0,0.93281453,36351,7,0.0369823,0.9998947
250,4,8021174,0.99335927,0.03165851,0.02063329,0.0,0.00661459,0.01097189,0.0,0.93012172,46591,7,0.0437021,0.9998947
250,5,8021175,0.99332785,0.03162538,0.02037887,0.0,0.00661137,0.0102677,0.0,0.93111667,57215,7,0.03097326,0.9998947
250,6,8021176,0.99336258,0.03164566,0.0201252,0.0,0.00664967,0.00758442,0.0,0.93399506,56831,7,0.05721346,0.9998947
250,7,8021177,0.99335408,0.0316954,0.02034743,0.0,0.00657055,0.00825893,0.0,0.9331277,15871,7,0.03797063,0.9998947
250,8,8021178,0.99339355,0.03161503,0.02015728,0.0,0.00656486,0.00851684,0.0,0.93314599,62975,7,0.05169991,0.9998947
250,9,8021179,0.99339858,0.03167796,0.02021373,0.0,0.00659937,0.01004493,0.0,0.93146401,63487,7,0.07095862,0.9998947
250,10,8021180,0.99333859,0.03154749,0.0204387,0.0,0.00660143,0.01318638,0.0,0.92822599,62975,7,0.03535464,0.9998947
251,1,8021201,0.98554078,0.05278948,0.00772969,0.0,0.00473686,0.88797458,4.468e-05,0.04672471,51978,6,0.18937421,2.3776669
251,2,8021202,0.98595583,0.05063516,0.00788977,0.0,0.00456278,0.81289253,3.353e-05,0.12398623,51970,6,0.16406834,2.3776336
251,3,8021203,0.98601042,0.05152379,0.00859799,0.0,0.00422445,0.64251007,3.024e-05,0.29311346,51978,6,0.19831006,2.3776669
251,4,8021204,0.98559195,0.05312521,0.00809274,0.0,0.00484012,0.85442335,4.646e-05,0.07947212,51978,6,0.28343018,2.3776669
251,5,8021205,0.9856519,0.05216504,0.00825582,0.0,0.00451701,0.80158224,4.565e-05,0.13343424,51978,6,0.24982139,2.3776669
251,6,8021206,0.98599213,0.05096652,0.00828708,0.0,0.00434956,0.76144999,3.065e-05,0.1749162,52994,6,0.17864668,2.3776337
251,7,8021207,0.98582048,0.05253938,0.00780094,0.0,0.00489519,0.88682284,5.397e-05,0.04788767,51978,6,0.54583496,2.3776669
251,8,8021208,0.98564157,0.05081762,0.00936532,0.0,0.00448651,0.80685847,3.338e-05,0.1284387,51970,6,0.08825784,2.3776336
251,9,8021209,0.98616964,0.05059617,0.00757504,0.0,0.00478464,0.86351116,3.413e-05,0.07349886,51970,6,0.30233938,2.3776336
251,10,8021210,0.98617092,0.05136711,0.00810441,0.0,0.00463952,0.79542163,4.644e-05,0.14042088,51970,6,0.4204455,2.3776336
252,1,8021231,0.96937294,0.02643674,0.0,0.00207472,0.00092218,0.9703876,0.00015245,2.63e-05,14815,6,0.06278636,0.9993489
252,2,8021232,0.96948685,0.02673314,0.0,0.00207655,0.00098402,0.97003391,0.00015233,2.006e-05,16351,6,0.08916989,0.9993491
252,3,8021233,0.96935998,0.02628899,0.0,0.00207638,0.00091101,0.97054884,0.00015258,2.221e-05,22495,6,0.12288096,0.9993491
252,4,8021234,0.96923799,0.02679391,0.0,0.00207398,0.000965,0.96999145,0.00015237,2.33e-05,39775,6,0.05389787,0.9993491
252,5,8021235,0.96934843,0.02676335,0.0,0.00207728,0.00095831,0.97002517,0.00015235,2.354e-05,30679,6,0.05457433,0.9993241
252,6,8021236,0.96941744,0.02659423,0.0,0.00207421,0.00092127,0.97023826,0.00015212,1.991e-05,64927,6,0.11018824,0.9993491
252,7,8021237,0.96922262,0.02645647,0.0,0.00207366,0.00095043,0.97034293,0.00015234,2.417e-05,59359,6,0.05854743,0.9993491
252,8,8021238,0.96922034,0.02680733,0.0,0.00207468,0.00098394,0.9699594,0.00015217,2.248e-05,40927,6,0.04856865,0.9993491
252,9,8021239,0.96936946,0.0269313,0.0,0.00207465,0.00099385,0.96983028,0.00015238,1.753e-05,31711,6,0.06460894,0.9993492
252,10,8021240,0.96934294,0.02653398,0.0,0.00207619,0.00093336,0.97028271,0.00015242,2.134e-05,57303,6,0.0595098,0.9993241
253,1,8021261,0.98430503,0.0573271,0.00571026,0.0,0.00512761,0.81258804,0.0,0.11924698,57132,6,0.16542677,2.6842183
253,2,8021262,0.98496016,0.05549498,0.00488147,0.0,0.00470979,0.803293,0.0,0.13162076,56108,6,0.08510325,2.6842183
253,3,8021263,0.98146038,0.05668772,0.00388802,0.0,0.00602266,0.79095288,0.0,0.14244872,44125,6,0.39282124,2.6842849
253,4,8021264,0.98381956,0.05797565,0.00434101,0.0,0.00412204,0.71467039,0.0,0.21889091,53036,6,0.12903326,2.684185
253,5,8021265,0.98403051,0.05516872,0.00495959,0.0,0.00523074,0.70855734,0.0,0.22608361,53028,6,0.05591205,2.6841517
253,6,8021266,0.98473538,0.05551868,0.00496289,0.0,0.00420183,0.7095231,0.0,0.2257935,53028,6,0.07721546,2.6841517
253,7,8021267,0.98470901,0.05465016,0.00479291,0.0,0.00476264,0.82576764,0.0,0.11002665,57260,6,0.06403381,2.6838485
253,8,8021268,0.98488911,0.054657,0.00477642,0.0,0.00399018,0.77083509,0.0,0.16574131,57132,6,0.08842254,2.6842183
253,9,8021269,0.98555491,0.05346976,0.00457582,0.0,0.0039081,0.64730329,0.0,0.29074303,57132,6,0.09991465,2.6842183
253,10,8021270,0.98443765,0.05429723,0.00462521,0.0,0.004857,0.73443815,0.0,0.20178241,53037,7,0.07344651,2.6842849
254,1,8021291,0.97438229,0.03726677,0.02581646,0.0,0.00611097,0.90165001,0.00042721,0.02872859,18831,6,0.19020331,0.9990758
254,2,8021292,0.98002711,0.03492483,0.02485359,0.0,0.00195373,0.85202193,0.00023085,0.08601507,22927,6,0.38964851,0.9991257
254,3,8021293,0.97963984,0.0314604,0.02226285,0.0,0.00246009,0.89068152,0.00022955,0.05290558,18567,6,0.41676861,0.9991672
254,4,8021294,0.97485151,0.03322327,0.01940413,0.0,0.00603823,0.89005073,0.00064894,0.05063469,22663,6,0.45014481,0.9992421
254,5,8021295,0.97825269,0.0322699,0.02351839,0.0,0.00367305,0.91671945,0.00034098,0.02347823,18567,6,0.34370319,0.9991672
254,6,8021296,0.977864,0.03413152,0.02428232,0.0,0.00372518,0.91547271,0.00036325,0.02202503,22663,6,0.15896384,0.9992421
254,7,8021297,0.97915225,0.03354904,0.02475075,0.0,0.00263871,0.82998426,0.00023305,0.10884419,22927,6,0.32528696,0.9991257
254,8,8021298,0.97840566,0.03370884,0.0236609,0.0,0.00296492,0.8874391,0.00028364,0.0519426,22919,6,0.25585386,0.9990508
254,9,8021299,0.97927838,0.03473259,0.02338112,0.0,0.00242617,0.90884862,0.00018666,0.03042484,18823,6,0.15005105,0.998976
254,10,8021300,0.97832028,0.03445859,0.02302615,0.0,0.00339238,0.88522718,0.00028187,0.05361384,22919,6,0.28247319,0.9990508
255,1,8021321,0.97840316,0.02533131,0.0,0.0,0.00450232,0.05967151,0.0,0.91049486,3967,7,0.02675717,0.9995454
255,2,8021322,0.9783964,0.0253393,0.0,0.0,0.00448767,0.08186561,0.0,0.88830742,46967,7,0.02774568,0.9995117
255,3,8021323,0.9783816,0.02525134,0.0,0.0,0.00451078,0.08775235,0.0,0.88248554,50687,7,0.03475806,0.9995954
255,4,8021324,0.97835116,0.02533708,0.0,0.0,0.0045185,0.07049702,0.0,0.8996474,40959,7,0.03060592,0.9995954
255,5,8021325,0.97843105,0.0253351,0.0,0.0,0.00454666,0.05196369,0.0,0.91815455,14207,7,0.02825502,0.9995954
255,6,8021326,0.97837757,0.02528958,0.0,0.0,0.00447371,0.06957014,0.0,0.90066656,28023,7,0.02253468,0.9995453
255,7,8021327,0.97836946,0.02528711,0.0,0.0,0.00451784,0.09645875,0.0,0.8737363,34303,7,0.02610713,0.9995954
255,8,8021328,0.97832798,0.02523835,0.0,0.0,0.00450623,0.0798684,0.0,0.89038703,30207,7,0.06136388,0.9995954
255,9,8021329,0.97836487,0.02527576,0.0,0.0,0.00456009,0.04400561,0.0,0.92615855,42495,7,0.03214734,0.9995954
255,10,8021330,0.97834087,0.02530949,0.0,0.0,0.00451284,0.09083916,0.0,0.87933851,16383,7,0.02973069,0.9995954
256,1,8021351,0.98153035,0.06314814,0.00329004,0.0,0.00423721,0.90140788,0.0,0.02791672,53036,6,0.09250523,3.2157107
256,2,8021352,0.98197913,0.0613091,0.004678,0.0,0.00380267,0.87658808,0.0,0.05362215,57130,6,0.0687053,3.215744
256,3,8021353,0.9824367,0.06240601,0.00335866,0.0,0.00413626,0.90716633,0.0,0.02293275,51980,6,0.11413636,3.2157106
256,4,8021354,0.98388528,0.05626921,0.00292781,0.0,0.00391472,0.9151836,0.0,0.02170465,44572,6,0.10237039,3.2157107
256,5,8021355,0.98447176,0.05515234,0.00286769,0.0,0.00407269,0.91202554,0.0,0.02588174,51980,6,0.10648944,3.2157106
256,6,8021356,0.97998151,0.06863719,0.0036142,0.0,0.00396966,0.89009263,0.0,0.03368632,52012,6,0.10147027,3.2157107
256,7,8021357,0.97999808,0.06645808,0.00263378,0.0,0.00377083,0.90069266,0.0,0.02644465,51980,6,0.07542021,3.2157106
256,8,8021358,0.9830598,0.03006517,0.00042081,0.0,0.00148316,0.96800579,0.0,2.506e-05,52314,6,0.12593242,3.2157107
256,9,8021359,0.98418255,0.05370134,0.0029282,0.0,0.00383294,0.889536,0.0,0.05000152,52762,6,0.07074966,3.2157107
256,10,8021360,0.98455486,0.05581265,0.0030818,0.0,0.00404629,0.92197256,0.0,0.0150867,56076,6,0.0892508,3.215744
257,1,8021381,0.96560248,0.02254833,0.0,0.00184427,0.00089855,0.97453191,0.00015641,2.053e-05,58959,6,0.09575073,0.9992026
257,2,8021382,0.96147521,0.01451575,0.0,0.00177477,0.00056048,0.98297583,0.00015452,1.866e-05,37071,6,0.15837258,0.9990025
257,3,8021383,0.96430418,0.01935436,0.0,0.0018109,0.00075415,0.97790449,0.00015629,1.981e-05,39053,6,0.08844327,0.9990025
257,4,8021384,0.96276484,0.01671947,0.0,0.00177615,0.00071522,0.98060693,0.00015456,2.767e-05,35019,6,0.10494241,0.9990024
257,5,8021385,0.96561556,0.02201539,0.0,0.00184671,0.00080079,0.97516958,0.00015522,1.23e-05,33055,6,0.21126252,0.9994025
257,6,8021386,0.96533332,0.02185171,0.0,0.00187126,0.00073754,0.97536184,0.00015647,2.117e-05,33119,6,0.13249597,0.9994024
257,7,8021387,0.96338997,0.01842362,0.0,0.00177801,0.00069368,0.97892046,0.00015489,2.934e-05,36559,6,0.18772879,0.9990029
257,8,8021388,0.96424846,0.02011169,0.0,0.00178111,0.00078978,0.97712065,0.00015481,4.196e-05,40079,6,0.15423212,0.9990028
257,9,8021389,0.9653069,0.02170044,0.0,0.00182236,0.00087277,0.97542066,0.00015552,2.824e-05,38607,6,0.18909136,0.9990025
257,10,8021390,0.9631323,0.01805887,0.0,0.0017776,0.00082751,0.97913758,0.00015439,4.405e-05,34959,6,0.19834973,0.9990029
258,1,8021411,0.99082124,0.04429325,0.01109286,1.98e-06,0.00245224,0.0,0.00033786,0.94182181,49069,7,0.52131479,1.4439696
258,2,8021412,0.99123799,0.04105612,0.00929863,2.02e-06,0.00235009,0.0,0.00032573,0.94696743,49069,7,0.9439424,1.4439696
258,3,8021413,0.99092096,0.04398519,0.0100327,2.12e-06,0.00240079,0.0,0.00033141,0.94324779,49069,7,0.60433006,1.4439696
258,4,8021414,0.9906865,0.0444688,0.01289051,2.02e-06,0.00263438,0.0,0.00034307,0.93966122,44973,7,0.37298392,1.4439696
258,5,8021415,0.99110851,0.04237569,0.0097698,1.88e-06,0.00239306,0.0,0.00032728,0.94513228,49069,7,0.77482612,1.4439696
258,6,8021416,0.99100215,0.04299139,0.00968109,2.1e-06,0.00240169,0.0,0.00032845,0.94459528,49069,7,0.72514789,1.4439696
258,7,8021417,0.9911806,0.04152077,0.00970635,2.13e-06,0.00238918,0.0,0.00032628,0.94605529,49069,7,0.89048471,1.4439696
258,8,8021418,0.99091077,0.04445963,0.00991082,1.98e-06,0.00240319,0.0,0.00032833,0.94289606,49069,7,0.52386125,1.4439696
258,9,8021419,0.99103199,0.04296559,0.00929674,1.99e-06,0.00238869,0.0,0.00032691,0.94502008,49069,7,0.73532225,1.4439696
258,10,8021420,0.9912376,0.04095663,0.00873772,1.96e-06,0.00240381,0.0,0.00032286,0.94757701,49069,7,0.94356572,1.4439696
259,1,8021441,0.98588546,0.04783039,0.01669514,0.0,0.0055091,0.77033229,0.00018208,0.159451,51970,6,0.30100142,1.607922
259,2,8021442,0.98638643,0.04865408,0.01392765,0.0,0.00470406,0.55851096,0.00018571,0.37401754,19210,7,0.21016654,1.6078553
259,3,8021443,0.98615705,0.0498906,0.01157848,0.0,0.0049358,0.6143402,0.00021793,0.319037,51970,6,0.19969954,1.607922
259,4,8021444,0.98618613,0.04893356,0.01563906,0.0,0.00472875,0.61070233,0.00022647,0.31976983,51970,6,0.20468937,1.607922
259,5,8021445,0.98656648,0.04919981,0.01279956,0.0,0.00460742,0.57309688,0.00016777,0.36012856,51970,6,0.34552475,1.607922
259,6,8021446,0.98608311,0.04940901,0.01482785,0.0,0.00494322,0.58218136,0.00017504,0.34846351,51971,6,0.18094633,1.6079553
259,7,8021447,0.98714088,0.04723591,0.01544524,0.0,0.00365345,0.32052584,0.0001502,0.61298936,19210,7,0.3281844,1.6078553
259,8,8021448,0.9865077,0.04704426,0.01260526,0.0,0.00437262,0.49711309,0.00018083,0.43868394,19211,7,0.16640779,1.6079553
259,9,8021449,0.98661345,0.04780928,0.01496845,0.0,0.00402687,0.48359125,0.00015081,0.44945334,19210,7,0.22179689,1.6078553
259,10,8021450,0.98608512,0.04850379,0.01182401,0.0,0.00516001,0.6096041,0.00018463,0.32472345,51978,6,0.12347703,1.6079553
260,1,8021471,0.97034288,0.02370607,0.0,0.00181632,0.00354591,0.07976148,0.0,0.89117022,63455,7,0.06312873,0.9993815
260,2,8021472,0.97060075,0.02386047,0.0,0.00181344,0.0035606,0.04794958,0.0,0.9228159,32735,7,0.07272099,0.9993815
260,3,8021473,0.9707702,0.02381099,0.0,0.00181468,0.00356728,0.09075891,0.0,0.88004814,47071,7,0.06053951,0.9993815
260,4,8021474,0.97051586,0.0236739,0.0,0.00181652,0.00358314,0.06374616,0.0,0.90718028,59359,7,0.05784998,0.9993815
260,5,8021475,0.97033723,0.02370279,0.0,0.00181661,0.00356288,0.06251916,0.0,0.90839856,65503,7,0.05819023,0.9993815
260,6,8021476,0.97042602,0.02376641,0.0,0.00181518,0.00356534,0.0923638,0.0,0.87848926,64479,7,0.11136768,0.9993816
260,7,8021477,0.97021222,0.02365219,0.0,0.00181562,0.00354432,0.1146381,0.0,0.85634977,45023,7,0.11209895,0.9993815
260,8,8021478,0.97060053,0.02369573,0.0,0.00181839,0.00358395,0.03229534,0.0,0.93860659,45023,7,0.03523606,0.9993815
260,9,8021479,0.97025184,0.02352628,0.0,0.00181712,0.0035704,0.07918066,0.0,0.89190553,47071,7,0.04669911,0.9993815
260,10,8021480,0.97042304,0.0236707,0.0,0.00181938,0.0035954,0.05222826,0.0,0.91868626,16351,7,0.05100978,0.9993815
261,1,8021501,0.98450846,0.05621817,0.00259007,0.0,0.00408025,0.85870094,0.0,0.07841056,57100,6,0.13089155,3.2201368
261,2,8021502,0.9844866,0.05737544,0.00298027,0.0,0.00407714,0.85624458,0.0,0.07932258,57100,6,0.1882946,3.2201368
261,3,8021503,0.98464464,0.05391561,0.00293532,0.0,0.0037598,0.75939951,0.0,0.17998976,52012,6,0.05154111,3.2201035
261,4,8021504,0.92787882,0.53813373,0.3686312,0.0,0.00164453,0.09157037,0.0,2.016e-05,47867,4,0.36121401,3.2197599
261,5,8021505,0.98449607,0.05610366,0.0029152,0.0,0.00372691,0.77362757,0.0,0.16362665,52012,6,0.11566713,3.2201035
261,6,8021506,0.98471648,0.05228263,0.00283927,0.0,0.00358501,0.83952786,0.0,0.10176524,56109,6,0.05458017,3.2202034
261,7,8021507,0.9845833,0.05249415,0.0025509,0.0,0.00362391,0.91732711,0.0,0.02400392,57100,6,0.10440077,3.2201368
261,8,8021508,0.98387373,0.06128548,0.00650992,0.0,0.00403405,0.81830234,0.0,0.1098682,57132,6,0.07737129,3.2201367
261,9,8021509,0.98460794,0.05333013,0.00256945,0.0,0.00379432,0.90324361,0.0,0.03706248,22170,6,0.05711949,3.2201035
261,10,8021510,0.98460407,0.05374249,0.00264864,0.0,0.00350817,0.80355266,0.0,0.13654803,57133,7,0.04758763,3.2202034
262,1,8021531,0.9691154,0.02808696,0.02922154,0.00384146,0.00135165,0.92737659,0.00250581,0.00761599,21327,6,0.26045634,0.9985518
262,2,8021532,0.96592058,0.02032793,0.02393252,0.00177682,0.00144952,0.94880369,0.00281364,0.00089588,22663,6,0.19315578,0.9988593
262,3,8021533,0.96481755,0.02469873,0.02493941,0.00202906,0.00166267,0.93637295,0.00438622,0.00591096,22735,6,0.11767053,0.9989341
262,4,8021534,0.96231016,0.02365851,0.02592792,0.00260616,0.00171261,0.93566315,0.00605724,0.0043744,36937,6,0.25085913,0.9992169
262,5,8021535,0.9696037,0.02762213,0.02382047,0.00345822,0.00113905,0.94217955,0.00171344,6.714e-05,1991,6,0.45950414,0.9990839
262,6,8021536,0.9686555,0.02444049,0.02590836,0.01070584,0.00111703,0.93519283,0.00137095,0.00126451,22671,6,0.25440398,0.9989342
262,7,8021537,0.97099797,0.02786326,0.02389473,0.00681425,0.0009556,0.93966388,0.00069722,0.00011106,21327,6,0.26675819,0.9985518
262,8,8021538,0.97632264,0.03140538,0.02769568,2.104e-05,0.00092831,0.93968012,0.00016442,0.00010504,1991,6,0.4809798,0.9990839
262,9,8021539,0.96203466,0.02005733,0.01764538,0.00378189,0.00112333,0.95241661,0.00496181,1.365e-05,36877,6,0.15948911,0.999217
262,10,8021540,0.97418706,0.02842322,0.02648287,2.184e-05,0.00100525,0.94262201,0.00048429,0.00096051,6095,6,0.69048722,0.9991339
263,1,8021561,0.98709636,0.02823825,0.00990469,0.0,0.005409,0.04320373,0.0,0.91324434,30207,7,0.03055154,0.9997707
263,2,8021562,0.98711933,0.02822218,0.01001071,0.0,0.00534167,0.02803816,0.0,0.92838728,36863,7,0.05199065,0.9997707
263,3,8021563,0.9871089,0.0282598,0.01013446,0.0,0.00537591,0.03258155,0.0,0.92364829,53247,7,0.03810732,0.9997707
263,4,8021564,0.98709251,0.02827125,0.01002848,0.0,0.00540422,0.03334019,0.0,0.92295586,15863,7,0.05354195,0.9997457
263,5,8021565,0.98710598,0.02830885,0.0100586,0.0,0.00530357,0.03086485,0.0,0.92546413,30719,7,0.04316251,0.9997707
263,6,8021566,0.98710212,0.02826738,0.01005569,0.0,0.00533149,0.04410447,0.0,0.91224097,56831,7,0.03842046,0.9997707
263,7,8021567,0.98711936,0.02822841,0.00996037,0.0,0.00535571,0.05157713,0.0,0.90487837,62975,7,0.03409083,0.9997707
263,8,8021568,0.98709168,0.02829138,0.01010335,0.0,0.0053663,0.03867467,0.0,0.91756431,58879,7,0.02383341,0.9997707
263,9,8021569,0.98713171,0.02823262,0.01008539,0.0,0.00543029,0.05154246,0.0,0.90470924,49151,7,0.05693188,0.9997707
263,10,8021570,0.98710028,0.028295,0.00995252,0.0,0.0053738,0.02364611,0.0,0.93273257,36351,7,0.03482799,0.9997707
264,1,8021591,0.98536943,0.05191578,0.00598161,0.0,0.00469756,0.90138605,0.0,0.036019,51978,6,0.26038749,2.882836
264,2,8021592,0.98509793,0.05165727,0.00581198,0.0,0.00467335,0.92449277,0.0,0.01336463,51970,6,0.15690159,2.8828027
264,3,8021593,0.98416304,0.05444999,0.00579607,0.0,0.00470285,0.91639109,0.0,0.01866,56074,6,0.45999758,2.8828693
264,4,8021594,0.98505632,0.04391115,0.00547736,0.0,0.00364767,0.94292949,0.0,0.00403433,56074,6,0.11488788,2.8828693
264,5,8021595,0.98530569,0.05015749,0.00632842,0.0,0.00445382,0.90619653,0.0,0.03286374,51978,6,0.23827493,2.882836
264,6,8021596,0.98578628,0.05136295,0.0054985,0.0,0.0044786,0.93636044,0.0,0.00229952,56074,6,0.26459912,2.8828693
264,7,8021597,0.9849496,0.05110528,0.00592211,0.0,0.00454356,0.92689623,0.0,0.01153281,52994,6,0.25338804,2.8828027
264,8,8021598,0.98546385,0.05208345,0.00550792,0.0,0.00447529,0.93406406,0.0,0.00386928,56074,6,0.21264613,2.8828693
264,9,8021599,0.98562368,0.05131155,0.0056779,0.0,0.00450508,0.9182073,0.0,0.02029817,51970,6,0.16799278,2.8828027
264,10,8021600,0.98582725,0.05078595,0.00524826,0.0,0.00454514,0.93664623,0.0,0.00277442,52994,6,0.21575211,2.8828027
265,1,8021621,0.96682495,0.02512118,0.0,0.00208207,0.00092603,0.97168922,0.00015282,2.868e-05,25743,6,0.10161535,0.9990742
265,2,8021622,0.96811299,0.02662323,0.0,0.00208299,0.00094085,0.97017306,0.00015286,2.701e-05,40927,6,0.07532917,0.9993245
265,3,8021623,0.96815764,0.02656368,0.0,0.00208231,0.0009271,0.97024945,0.00015303,2.444e-05,31135,6,0.06290801,0.9993245
265,4,8021624,0.96493283,0.02495581,0.0,0.00208074,0.00104938,0.97174366,0.00015236,1.805e-05,63183,6,0.16968174,0.9991244
265,5,8021625,0.96805505,0.02633627,0.0,0.00208208,0.00089461,0.97051364,0.00015303,2.037e-05,60831,6,0.09415314,0.9993245
265,6,8021626,0.9682709,0.02681282,0.0,0.00208101,0.00093023,0.96999478,0.00015331,2.783e-05,22495,6,0.06935665,0.9993245
265,7,8021627,0.96837533,0.0266975,0.0,0.00208248,0.00093421,0.97010847,0.00015312,2.422e-05,2007,6,0.09241902,0.9992744
265,8,8021628,0.96807124,0.02688877,0.0,0.00208357,0.00097837,0.96987003,0.00015285,2.64e-05,48543,6,0.05919899,0.9993243
265,9,8021629,0.96820965,0.02671807,0.0,0.00208393,0.00095382,0.97006467,0.00015297,2.654e-05,23007,6,0.0653331,0.9993243
265,10,8021630,0.9681384,0.02673036,0.0,0.0020838,0.00096358,0.97004671,0.00015293,2.263e-05,48095,6,0.06952961,0.9993245
266,1,8021651,0.98637933,0.05481576,0.00656394,0.0,0.00417685,0.68001939,0.0001593,0.25426476,44844,6,0.22096017,2.3576554
266,2,8021652,0.98636204,0.05419116,0.00636809,0.0,0.00413191,0.68396584,0.00015905,0.25118396,44844,6,0.092993,2.3576554
266,3,8021653,0.98570681,0.05598571,0.00686086,0.0,0.00428326,0.74801849,0.00020913,0.18464255,47916,6,0.07793561,2.3576888
266,4,8021654,0.98645964,0.05330688,0.00626997,0.0,0.00406153,0.64869094,0.0001514,0.28751929,48940,6,0.17694118,2.3576887
266,5,8021655,0.98580495,0.05659939,0.00716693,0.0,0.00440206,0.68746332,0.00023645,0.24413184,53036,6,0.16550953,2.3576554
266,6,8021656,0.98608135,0.05282925,0.00644478,0.0,0.0042432,0.77484338,0.00019323,0.16144616,48932,6,0.21595338,2.3576554
266,7,8021657,0.98629166,0.05381062,0.00690192,0.0,0.00460526,0.7642975,0.00019293,0.17019178,48940,6,0.23077981,2.3576887
266,8,8021658,0.98604204,0.0546628,0.00735345,0.0,0.00470343,0.75392078,0.00025249,0.17910705,44844,6,0.12788678,2.3576554
266,9,8021659,0.98656149,0.05302567,0.00635552,0.0,0.00450694,0.74947215,0.00016077,0.18647894,44844,6,0.1563461,2.3576554
266,10,8021660,0.9862697,0.05322436,0.00771945,0.0,0.00348611,0.62816641,0.0001477,0.30725597,48941,7,0.18875765,2.3577554
267,1,8021681,0.98676383,0.03270921,0.02420871,0.0,0.00085312,0.0,9.055e-05,0.94213841,23175,7,0.58846728,0.9994149
267,2,8021682,0.98677285,0.03254228,0.02398888,0.0,0.00083755,0.0,8.836e-05,0.94254294,23175,7,0.51760143,0.9994149
267,3,8021683,0.98664655,0.03421946,0.02489975,0.0,0.000856,0.0,8.966e-05,0.93993513,23175,7,0.72528801,0.9994149
267,4,8021684,0.98670946,0.03344974,0.02444836,0.0,0.00084101,0.0,8.908e-05,0.94117181,23175,7,0.74251696,0.9994149
267,5,8021685,0.98685533,0.03227279,0.02269126,0.0,0.00083839,0.0,8.601e-05,0.94411156,23175,7,0.94335847,0.9994149
267,6,8021686,0.98662617,0.03441456,0.02518811,0.0,0.00085501,0.0,9.014e-05,0.93945218,23175,7,0.70623782,0.9994149
267,7,8021687,0.98685173,0.03207044,0.02374745,0.0,0.00082735,0.0,8.717e-05,0.94326759,23175,7,0.94239919,0.9994149
267,8,8021688,0.98633548,0.0364491,0.02713439,0.0,0.0008687,0.0,9.123e-05,0.93545659,23175,7,0.47084563,0.9994149
267,9,8021689,0.98672015,0.03287525,0.02436932,0.0,0.00084014,0.0,9.011e-05,0.94182518,19079,7,0.66414685,0.9993401
267,10,8021690,0.98661809,0.03409575,0.02541087,0.0,0.00084775,0.0,8.984e-05,0.93955579,23175,7,0.74371549,0.9994149
268,1,8021711,0.97281966,0.02294796,0.0,0.00104719,0.00377262,0.03423427,0.0,0.93799796,48511,7,0.03030553,0.9994812
268,2,8021712,0.97279593,0.02297475,0.0,0.00104518,0.00375958,0.0253383,0.0,0.94688218,36343,7,0.02774447,0.9994479
268,3,8021713,0.97275765,0.0229266,0.0,0.00104662,0.00373672,0.02540555,0.0,0.94688451,55295,7,0.04125427,0.9994813
268,4,8021714,0.9727741,0.02300389,0.0,0.00104656,0.00373783,0.0435977,0.0,0.92861402,55287,7,0.04168889,0.9994563
268,5,8021715,0.97276421,0.02292961,0.0,0.00104744,0.00375163,0.02713768,0.0,0.94513364,61311,7,0.0397981,0.9994813
268,6,8021716,0.97278065,0.0229473,0.0,0.00104605,0.00379588,0.02926316,0.0,0.94294761,61431,7,0.0301827,0.999448
268,7,8021717,0.97278528,0.02287541,0.0,0.00104645,0.00376615,0.02818781,0.0,0.94412419,36223,7,0.02734406,0.9994812
268,8,8021718,0.97278309,0.02293502,0.0,0.00104802,0.00376947,0.02906853,0.0,0.94317896,44927,7,0.04359388,0.9994813
268,9,8021719,0.97279705,0.02294578,0.0,0.00104638,0.00374917,0.03523431,0.0,0.93702436,32767,7,0.0460286,0.9994813
268,10,8021720,0.97279904,0.02292277,0.0,0.00104653,0.00376633,0.02550792,0.0,0.94675644,16247,7,0.0364894,0.9994563
269,1,8021741,0.98419406,0.05628941,0.00309142,0.0,0.00377145,0.92306435,0.0,0.01378337,51084,6,0.09961821,3.4475516
269,2,8021742,0.98364311,0.05506563,0.00518377,0.0,0.00454447,0.9271959,0.0,0.00801023,53002,6,0.05555099,3.4475516
269,3,8021743,0.98403062,0.05723875,0.00461232,0.0,0.00383799,0.91018763,0.0,0.02412331,53029,6,0.08459974,3.4475515
269,4,8021744,0.98417281,0.0577939,0.00394675,0.0,0.00376584,0.90652948,0.0,0.02796404,57132,6,0.08650241,3.4475848
269,5,8021745,0.98422515,0.05502061,0.00311442,0.0,0.00383411,0.91195499,0.0,0.02607586,53034,6,0.08395931,3.4475515
269,6,8021746,0.98434579,0.05630674,0.00351215,0.0,0.00397399,0.90912654,0.0,0.02708058,57132,6,0.12591436,3.4475848
269,7,8021747,0.98415278,0.05742357,0.00303647,0.0,0.00378021,0.93182493,0.0,0.00393482,56108,6,0.07614572,3.4475849
269,8,8021748,0.98416041,0.05508969,0.00309845,0.0,0.00369802,0.90917157,0.0,0.02894227,56860,6,0.06877792,3.4475849
269,9,8021749,0.98450196,0.0538486,0.00330219,0.0,0.00382058,0.93273065,0.0,0.00629798,56074,6,0.15451111,3.4475848
269,10,8021750,0.9842651,0.05650237,0.00312785,0.0,0.00370244,0.91940109,0.0,0.01726625,52996,6,0.06597671,3.4475183
270,1,8021771,0.96247272,0.01441274,0.0,0.00070156,0.00057787,0.98412052,0.00016996,1.734e-05,37007,6,0.22661545,0.9990488
270,2,8021772,0.96232825,0.01468962,0.0,0.00070038,0.00063466,0.98378343,0.00017031,2.16e-05,37007,6,0.31549218,0.9990488
270,3,8021773,0.96252065,0.01511712,0.0,0.00070998,0.00076166,0.98321308,0.00017795,2.022e-05,32971,6,0.16647685,0.9990487
270,4,8021774,0.96215543,0.01470997,0.0,0.00070059,0.0006461,0.98375336,0.00016895,2.104e-05,32779,6,0.17931992,0.999049
270,5,8021775,0.96241093,0.01471392,0.0,0.0007006,0.00063278,0.98376545,0.00016986,1.739e-05,37003,6,0.21296648,0.9990488
270,6,8021776,0.96260254,0.01529718,0.0,0.00070362,0.0007723,0.98302648,0.0001729,2.752e-05,37007,6,0.23293236,0.9990488
270,7,8021777,0.96230749,0.01499431,0.0,0.00070488,0.00075006,0.98334879,0.00017503,2.692e-05,37067,6,0.56447411,0.9990488
270,8,8021778,0.96218026,0.01485455,0.0,0.00070112,0.00070516,0.98353881,0.00017075,2.961e-05,32911,6,0.25205369,0.9990488
270,9,8021779,0.96179582,0.01421074,0.0,0.00069583,0.00053281,0.98437624,0.00016614,1.824e-05,32907,6,0.20371856,0.9990488
270,10,8021780,0.96209443,0.01401412,0.0,0.00069616,0.00042232,0.98469363,0.00016525,8.53e-06,37071,6,0.12564319,0.9990488
271,1,8021801,0.99758871,0.03416719,0.026847,0.0,0.00821331,0.00092216,0.0,0.92985034,54783,7,0.05459161,0.9999736
271,2,8021802,0.99754826,0.03422102,0.02668731,0.0,0.00818083,0.00059238,0.0,0.93031845,32255,7,0.02710176,0.9999736
271,3,8021803,0.99753537,0.03422037,0.02690045,0.0,0.00824442,0.00049963,0.0,0.93013513,32639,7,0.02964132,0.9999736
271,4,8021804,0.99759308,0.03422662,0.02666752,0.0,0.00827457,0.00051004,0.0,0.93032125,65023,7,0.04520372,0.9999736
271,5,8021805,0.99764569,0.03427219,0.02646589,0.0,0.00810205,0.00042539,0.0,0.93073448,40959,7,0.04854207,0.9999736
271,6,8021806,0.99756784,0.03426559,0.02737752,0.0,0.00823112,0.00058713,0.0,0.92953863,36863,7,0.05336088,0.9999736
271,7,8021807,0.9976191,0.03414593,0.02684737,0.0,0.00823233,0.00046142,0.0,0.93031294,30207,7,0.05355862,0.9999736
271,8,8021808,0.9975597,0.03419625,0.02721268,0.0,0.00835033,0.00068242,0.0,0.92955831,32767,7,0.03622858,0.9999736
271,9,8021809,0.99756779,0.03419239,0.02688171,0.0,0.00832283,0.00066827,0.0,0.9299348,59391,7,0.05082898,0.9999736
271,10,8021810,0.99758836,0.0341722,0.02650234,0.0,0.00820828,0.00071924,0.0,0.93039793,56831,7,0.06110342,0.9999736
272,1,8021831,0.98612345,0.05067212,0.00670413,0.0,0.00509305,0.89550902,0.0001211,0.04190058,51978,6,0.56955185,2.2278245
272,2,8021832,0.98569617,0.05216044,0.00736907,0.0,0.00512848,0.91767805,0.0001199,0.01754406,51978,6,0.36689527,2.2278245
272,3,8021833,0.98608726,0.05149974,0.00701505,0.0,0.00499823,0.91004839,0.00011414,0.02632445,51970,6,0.37946482,2.2277912
272,4,8021834,0.98602336,0.0512803,0.00701571,0.0,0.00495774,0.91111043,0.00011587,0.02551995,51978,6,0.43956562,2.2278245
272,5,8021835,0.98634539,0.04982834,0.00697612,0.0,0.0046577,0.80553336,0.00012675,0.13287773,51970,6,0.3315266,2.2277912
272,6,8021836,0.98558081,0.0531947,0.0081898,0.0,0.00509345,0.84964812,0.00010929,0.08376464,51970,6,0.39040896,2.2277912
272,7,8021837,0.98598017,0.05017908,0.00695834,0.0,0.00524048,0.9040753,0.00021621,0.0333306,51970,6,0.55469672,2.2277912
272,8,8021838,0.9848688,0.05386015,0.00873673,0.0,0.00502471,0.76123979,0.00014569,0.17099292,56074,6,0.13446795,2.2278578
272,9,8021839,0.98541812,0.0532081,0.0086666,0.0,0.00514497,0.85989347,0.00015102,0.07293584,51970,6,0.17511023,2.2277912
272,10,8021840,0.98551042,0.05173771,0.00826383,0.0,0.00487717,0.89320211,0.00014724,0.04177194,51978,6,0.45197007,2.2278245
273,1,8021861,0.96784099,0.02355165,0.0,0.00222161,0.00347737,0.12093236,0.0,0.849817,32735,7,0.07049706,0.999314
273,2,8021862,0.96790162,0.02329141,0.0,0.00222208,0.00337421,0.21389414,0.0,0.75721815,60383,7,0.05266344,0.999314
273,3,8021863,0.96774543,0.02337666,0.0,0.0022254,0.00354648,0.12872134,0.0,0.84213012,59359,7,0.05494575,0.9993139
273,4,8021864,0.96768445,0.0232994,0.0,0.00222574,0.00347759,0.15578743,0.0,0.81520984,56735,6,0.0604294,0.9993138
273,5,8021865,0.96807691,0.02348478,0.0,0.00222389,0.00348189,0.16391259,0.0,0.80689685,47583,6,0.06357438,0.9993138
273,6,8021866,0.9678164,0.02334072,0.0,0.00222493,0.00348528,0.10378902,0.0,0.86716004,29663,7,0.06100106,0.999314
273,7,8021867,0.96794627,0.02340991,0.0,0.00222205,0.00344646,0.17782292,0.0,0.79309865,26463,7,0.05715259,0.999264
273,8,8021868,0.96788479,0.02335004,0.0,0.00222327,0.00342147,0.15506195,0.0,0.81594327,43999,7,0.07481031,0.9993139
273,9,8021869,0.96797606,0.02321436,0.0,0.0022243,0.00349102,0.19139019,0.0,0.77968014,60831,6,0.04325018,0.9993139
273,10,8021870,0.96771863,0.02347812,0.0,0.00222392,0.00350081,0.07969671,0.0,0.89110045,59359,7,0.12296193,0.9993139
274,1,8021891,0.98486497,0.05612419,0.00275809,0.0,0.00442891,0.85433989,0.0,0.08234892,57132,6,0.11090131,3.0946986
274,2,8021892,0.984975,0.05276285,0.00290545,0.0,0.00401193,0.80327293,0.0,0.13704685,57132,6,0.06747122,3.0946986
274,3,8021893,0.98486014,0.05567463,0.00303514,0.0,0.00451966,0.87111888,0.0,0.06565169,57100,6,0.12703781,3.0946987
274,4,8021894,0.98430627,0.05586415,0.00314905,0.0,0.00425551,0.80303249,0.0,0.1336988,57132,6,0.07098319,3.0946986
274,5,8021895,0.98037311,0.07125805,0.00372547,0.0,0.00381575,0.87037218,0.0,0.05082855,56108,6,0.08798403,3.0946987
274,6,8021896,0.98470999,0.05538807,0.00280752,0.0,0.003698,0.7317502,0.0,0.20635621,57101,7,0.0890433,3.0947653
274,7,8021897,0.98492038,0.05244379,0.00263571,0.0,0.00402864,0.85685251,0.0,0.08403936,52012,6,0.07427069,3.0946654
274,8,8021898,0.98381192,0.05827061,0.00275253,0.0,0.00419394,0.78061251,0.0,0.15417042,53028,6,0.05385047,3.094632
274,9,8021899,0.98495346,0.04960242,0.00219526,0.0,0.00278999,0.74461558,0.0,0.20079674,54939,6,0.12049087,3.0947653
274,10,8021900,0.98478652,0.02706386,0.0004009,0.0,0.00114824,0.97136637,0.0,2.063e-05,46299,6,0.20918197,3.0947653
275,1,8021921,0.97558073,0.03158504,0.02951968,0.0,0.00173275,0.93617111,0.000825,0.00016642,18567,6,0.31923212,0.9989946
275,2,8021922,0.97522999,0.03760116,0.0270815,0.0,0.00147313,0.93276145,0.0009413,0.00014146,1999,6,0.65549925,0.9992942
275,3,8021923,0.97515698,0.03780843,0.03206319,0.0,0.00167577,0.91334602,0.00074383,0.01436276,6095,6,0.46377368,0.9993442
275,4,8021924,0.976883,0.03251955,0.02567868,0.0,0.00150572,0.93980721,0.00030333,0.00018552,1991,6,0.37793642,0.9992942
275,5,8021925,0.97591629,0.03386815,0.03031598,0.0,0.00169193,0.92709041,0.00076758,0.00626594,22927,6,0.37050516,0.998867
275,6,8021926,0.97653196,0.0374428,0.02625106,0.0,0.00143212,0.93392713,0.00018029,0.0007666,6095,6,0.52850745,0.9993442
275,7,8021927,0.97661131,0.03282697,0.02529189,0.0,0.00133222,0.93957471,0.00076921,0.000205,6095,6,0.43181394,0.9993442
275,8,8021928,0.97709665,0.03321275,0.02662605,0.0,0.00118033,0.93062452,0.00029605,0.00806029,6087,6,0.38454784,0.9993192
275,9,8021929,0.97686603,0.03558504,0.02929808,0.0,0.00119537,0.92968279,0.00040325,0.00383547,1999,6,0.42865102,0.9992942
275,10,8021930,0.97508374,0.03264431,0.04624295,0.0,0.00181116,0.91189659,0.00091181,0.00649317,1999,6,0.25420473,0.9992942
276,1,8021951,0.98068147,0.02506821,0.00317614,0.0,0.00453775,0.01996058,0.0,0.94725731,56831,7,0.04032388,0.9996404
276,2,8021952,0.98070932,0.02500022,0.00317465,0.0,0.00452883,0.02596836,0.0,0.94132795,46975,7,0.08229894,0.9996404
276,3,8021953,0.9807019,0.02494101,0.00318515,0.0,0.00456204,0.02824074,0.0,0.93907106,63479,7,0.05446713,0.9996155
276,4,8021954,0.9806797,0.02502377,0.00314703,0.0,0.00455657,0.01947466,0.0,0.94779796,32255,7,0.04940575,0.9996404
276,5,8021955,0.98069034,0.02506227,0.00313563,0.0,0.0045232,0.02180648,0.0,0.94547243,56831,7,0.0831646,0.9996404
276,6,8021956,0.98068143,0.02501892,0.00318249,0.0,0.00455299,0.02905697,0.0,0.93818862,57335,7,0.04045408,0.9996155
276,7,8021957,0.98068572,0.02507056,0.00315152,0.0,0.00454889,0.02959253,0.0,0.93763649,60919,7,0.05653046,0.9996071
276,8,8021958,0.98066952,0.02504651,0.00318298,0.0,0.00451686,0.02691311,0.0,0.94034054,36855,7,0.04483444,0.9996071
276,9,8021959,0.98069848,0.02503663,0.00316823,0.0,0.00456249,0.01743154,0.0,0.94980111,58879,7,0.0638052,0.9996404
276,10,8021960,0.98070628,0.02504348,0.0032099,0.0,0.00452948,0.01963511,0.0,0.94758203,32255,7,0.06316061,0.9996404
277,1,8021981,0.9832312,0.05435171,0.0032091,0.0,0.00394382,0.91837248,0.0,0.02012289,43818,6,0.08224238,3.3177207
277,2,8021982,0.97440873,0.08219126,0.00284772,0.0,0.00446227,0.90398215,0.0,0.00651661,56106,6,0.19288342,3.317754
277,3,8021983,0.98307876,0.05698354,0.00302697,0.0,0.00426099,0.92151479,0.0,0.01421371,56074,6,0.31993712,3.3177539
277,4,8021984,0.98513401,0.05129358,0.00263162,0.0,0.00421643,0.8765697,0.0,0.06528867,51970,6,0.12019827,3.3176873
277,5,8021985,0.98303743,0.02895912,0.00038739,0.0,0.00142997,0.96919552,0.0,2.801e-05,48210,6,0.23176953,3.3177207
277,6,8021986,0.98141452,0.05945539,0.00383583,0.0,0.00428834,0.89365883,0.0,0.03876162,43778,6,0.06953696,3.3176873
277,7,8021987,0.98470011,0.05241913,0.00287155,0.0,0.00410856,0.92156867,0.0,0.01903209,52002,6,0.11118269,3.3176874
277,8,8021988,0.98275305,0.05708296,0.00352259,0.0,0.00411913,0.92065937,0.0,0.01461596,51970,6,0.11622256,3.3176873
277,9,8021989,0.98424021,0.05395728,0.00296633,0.0,0.0042383,0.90856016,0.0,0.03027794,51970,6,0.14687823,3.3176873
277,10,8021990,0.98393375,0.05563847,0.00289828,0.0,0.00449484,0.92748451,0.0,0.00948391,51978,6,0.17463409,3.3177206
278,1,8022011,0.96568504,0.02516189,0.0,0.00192708,0.00092646,0.97180942,0.00015442,2.073e-05,33119,6,0.21582228,0.9993269
278,2,8022012,0.96744432,0.02767716,0.0,0.0019495,0.00097038,0.96922366,0.00015474,2.456e-05,2007,6,0.05744882,0.9992769
278,3,8022013,0.96316416,0.02239226,0.0,0.00189874,0.00079833,0.97473499,0.00015372,2.196e-05,35019,6,0.21184493,0.9989268
278,4,8022014,0.96413115,0.02396016,0.0,0.00189526,0.00094483,0.97301248,0.00015341,3.384e-05,36559,6,0.18078064,0.9989273
278,5,8022015,0.96472366,0.02497485,0.0,0.00192215,0.00097054,0.97195742,0.00015377,2.128e-05,57547,6,0.06742929,0.9991269
278,6,8022016,0.96658306,0.02527101,0.0,0.00192832,0.00088086,0.97174164,0.00015443,2.374e-05,37343,6,0.2046597,0.9993269
278,7,8022017,0.96712819,0.0269117,0.0,0.00194628,0.00098067,0.96998173,0.00015476,2.485e-05,6111,6,0.09190298,0.9993269
278,8,8022018,0.96253053,0.02211557,0.0,0.00189218,0.00078412,0.97502707,0.00015364,2.742e-05,34895,6,0.16983222,0.9989266
278,9,8022019,0.96285387,0.02208845,0.0,0.00188839,0.00084293,0.97499541,0.00015354,3.127e-05,36559,6,0.22569202,0.9989273
278,10,8022020,0.96368331,0.02329083,0.0,0.00190268,0.00095889,0.97367378,0.00015328,2.053e-05,59087,6,0.09108714,0.9991268
279,1,8022041,0.98797902,0.04805086,0.02415316,0.0,0.002989,0.00022558,0.00027032,0.92431108,48941,7,0.24895837,1.9004187
279,2,8022042,0.98817468,0.04589602,0.02796164,0.0,0.00306775,0.0075023,0.00027009,0.91530218,49069,7,0.37988347,1.9002389
279,3,8022043,0.98857394,0.04614719,0.02205038,0.0,0.00246479,0.00020298,0.00017962,0.92895503,48941,7,0.38003141,1.9004187
279,4,8022044,0.98835371,0.04882173,0.01928645,0.0,0.00252165,0.00021211,0.00021336,0.9289447,44845,7,0.53841139,1.9004187
279,5,8022045,0.98776989,0.05083563,0.02355138,0.0,0.00306955,0.00022184,0.00031033,0.92201127,44845,7,0.60360849,1.9004187
279,6,8022046,0.98729057,0.05173871,0.03491476,0.0,0.0038246,0.00080493,0.00023611,0.90848089,44845,7,0.2401078,1.9004187
279,7,8022047,0.98739807,0.04885705,0.03017296,0.0,0.00393007,0.0014725,0.00030048,0.91526694,49069,7,0.41340237,1.9002389
279,8,8022048,0.98666468,0.0538631,0.03714744,0.0,0.00409529,0.0011838,0.00025592,0.90345445,53165,7,0.19612684,1.9002389
279,9,8022049,0.98825183,0.04733831,0.02656759,0.0,0.00259544,0.0007396,0.00020968,0.92254938,44845,7,0.50287011,1.9004187
279,10,8022050,0.9884922,0.04768724,0.01902545,0.0,0.0025667,0.00021897,0.00019291,0.93030874,44845,7,0.32445826,1.9004187
280,1,8022071,0.98868865,0.04331651,0.02551803,0.0,0.0027152,0.0,7.655e-05,0.92837372,20226,7,0.23802765,1.3130514
280,2,8022072,0.9886621,0.04411984,0.02882328,0.0,0.00238785,0.0,6.475e-05,0.92460429,19210,7,0.20817834,1.3130514
280,3,8022073,0.98887634,0.04215767,0.0265147,0.0,0.00239879,0.0,7.142e-05,0.92885743,19202,7,0.26144654,1.3130514
280,4,8022074,0.98905072,0.04358618,0.02350181,0.0,0.00233513,0.0,6.385e-05,0.93051303,19210,7,0.30233973,1.3130514
280,5,8022075,0.98925703,0.04022599,0.01815109,0.0,0.00202812,0.0,6.239e-05,0.93953241,19211,7,0.30975632,1.3131513
280,6,8022076,0.98875521,0.04298654,0.02744239,0.0,0.00248041,0.0,7.781e-05,0.92701285,19202,7,0.34504107,1.3130514
280,7,8022077,0.98922174,0.04190363,0.02093707,0.0,0.0020584,0.0,5.797e-05,0.93504293,19210,7,0.36335392,1.3130514
280,8,8022078,0.98856334,0.04346466,0.03476942,0.0,0.00257435,0.0,8.119e-05,0.91911039,19211,7,0.20113074,1.3131513
280,9,8022079,0.98916617,0.04151139,0.01853326,0.0,0.00217624,0.0,6.06e-05,0.93771851,19210,7,0.33208001,1.3130514
280,10,8022080,0.98803938,0.04434672,0.03524824,0.0,0.00294542,0.0,9.364e-05,0.91736598,18948,7,0.25842916,1.3127891
281,1,8022101,0.96812199,0.02228569,0.0,0.00151141,0.0035368,0.04602311,0.0,0.92664299,44895,7,0.03107711,0.9993766
281,2,8022102,0.96815369,0.0223931,0.0,0.00151058,0.00355862,0.03437606,0.0,0.93816164,44543,7,0.03613917,0.9993766
281,3,8022103,0.96815347,0.02230167,0.0,0.0015122,0.00353464,0.05856035,0.0,0.91409115,55287,7,0.02141361,0.9993517
281,4,8022104,0.96805698,0.02227114,0.0,0.00151112,0.00354551,0.03485041,0.0,0.93782181,8063,7,0.04001619,0.9993767
281,5,8022105,0.96782839,0.02223303,0.0,0.00151176,0.00355148,0.05829053,0.0,0.91441319,44543,7,0.03156988,0.9993766
281,6,8022106,0.96807145,0.02233418,0.0,0.00151064,0.00355222,0.05025455,0.0,0.92234841,65399,7,0.04117216,0.9993517
281,7,8022107,0.9680109,0.02231661,0.0,0.00151023,0.00353716,0.06343654,0.0,0.90919947,55295,7,0.06019247,0.9993767
281,8,8022108,0.96797429,0.02227878,0.0,0.00151087,0.00351168,0.02934563,0.0,0.94335305,58879,7,0.04665616,0.9993766
281,9,8022109,0.96830233,0.0225331,0.0,0.00151121,0.00350765,0.06708576,0.0,0.90536227,45055,7,0.05054297,0.9993767
281,10,8022110,0.96817081,0.02233636,0.0,0.0015117,0.0035365,0.03217102,0.0,0.94044442,36735,7,0.05574347,0.9993767
282,1,8022131,0.98427868,0.05564773,0.00473414,0.0,0.0035551,0.74584146,0.0,0.19022157,51972,6,0.08038264,3.5519686
282,2,8022132,0.98436185,0.05622932,0.00425645,0.0,0.0036474,0.74798029,0.0,0.18788653,53036,6,0.07659732,3.5520019
282,3,8022133,0.98440693,0.05361893,0.00458584,0.0,0.00376175,0.8482716,0.0,0.08976188,43788,6,0.06277516,3.5520019
282,4,8022134,0.98434801,0.0566771,0.00382259,0.0,0.00411465,0.8863216,0.0,0.04906406,56108,6,0.16552851,3.5520353
282,5,8022135,0.98423748,0.05146001,0.00313651,0.0,0.00358105,0.88076208,0.0,0.06106035,56076,6,0.1398957,3.5520352
282,6,8022136,0.96909069,0.22755919,0.13107298,0.0,0.00266258,0.50434129,0.0,0.13436396,47355,4,0.07334664,3.5515922
282,7,8022137,0.98437671,0.05539789,0.00422481,0.0,0.00371027,0.82481762,0.0,0.11184941,56076,6,0.09840945,3.5520352
282,8,8022138,0.98430487,0.05515172,0.00432124,0.0,0.00356061,0.65657042,0.0,0.28039601,53005,7,0.0905749,3.5521019
282,9,8022139,0.98434889,0.05704574,0.00353867,0.0,0.00363566,0.7321157,0.0,0.20366423,52012,6,0.08797445,3.552002
282,10,8022140,0.98124332,0.08742938,0.02439019,0.0,0.0037423,0.80884253,0.0,0.0755956,56074,6,0.11717448,3.5520352
283,1,8022161,0.96441747,0.01487423,0.00377236,0.00018379,0.00051666,0.98034136,0.00030268,8.92e-06,32847,6,0.17745879,0.9991234
283,2,8022162,0.96434467,0.01541299,0.00383227,0.00019801,0.00065153,0.9795635,0.00032288,1.881e-05,36943,6,0.22957633,0.9991234
283,3,8022163,0.96427114,0.01527425,0.00380132,0.0001902,0.00062574,0.97977741,0.00031652,1.455e-05,37007,6,0.17189538,0.9991232
283,4,8022164,0.96402417,0.01470971,0.00366466,0.00018547,0.00046577,0.9806619,0.00030705,5.45e-06,36875,6,0.19140587,0.9991234
283,5,8022165,0.96395968,0.01551049,0.00382232,0.0002017,0.00068392,0.97942677,0.00033494,1.987e-05,32907,6,0.30459365,0.9991232
283,6,8022166,0.96392829,0.01629446,0.00403064,0.00020825,0.00089756,0.97819762,0.00034574,2.573e-05,37003,6,0.42691508,0.9991232
283,7,8022167,0.96417747,0.0154921,0.00384504,0.0001989,0.00067973,0.97944209,0.00032483,1.731e-05,32971,6,0.16298104,0.9991232
283,8,8022168,0.964127,0.01453866,0.00358809,0.00017482,0.00042793,0.98097574,0.00028991,4.86e-06,32845,6,0.22507052,0.9991234
283,9,8022169,0.96410345,0.01553814,0.00386748,0.00019861,0.00070483,0.97934594,0.00032777,1.723e-05,37067,6,0.15196938,0.9991232
283,10,8022170,0.96423302,0.01521856,0.00381345,0.00020227,0.00060405,0.97981841,0.0003299,1.336e-05,37067,6,0.14771001,0.9991232
284,1,8022191,0.99075525,0.02974379,0.01860458,0.0,0.00610793,0.00854488,0.0,0.93699882,40951,7,0.05000979,0.9998173
284,2,8022192,0.99072532,0.02963673,0.01860415,0.0,0.00616143,0.00646197,0.0,0.93913572,36855,7,0.03609021,0.999809
284,3,8022193,0.99070795,0.02968708,0.0186753,0.0,0.00618356,0.01567935,0.0,0.92977471,60919,7,0.03713759,0.9998089
284,4,8022194,0.99071381,0.02967583,0.01833879,0.0,0.00620432,0.00843037,0.0,0.93735068,32255,7,0.04312726,0.9998423
284,5,8022195,0.99073598,0.02965826,0.0185439,0.0,0.00624125,0.01019781,0.0,0.93535879,50687,7,0.03591699,0.9998423
284,6,8022196,0.99073604,0.0297126,0.01897238,0.0,0.00619726,0.00930075,0.0,0.93581701,45047,7,0.04351784,0.999809
284,7,8022197,0.99074318,0.02970705,0.01851189,0.0,0.00618772,0.00652173,0.0,0.9390716,59391,7,0.04620613,0.9998423
284,8,8022198,0.99069537,0.02958296,0.01865285,0.0,0.00618394,0.00774934,0.0,0.93783092,58879,7,0.03304356,0.9998423
284,9,8022199,0.99070702,0.02961883,0.01829203,0.0,0.00618546,0.00735127,0.0,0.93855241,36223,7,0.06828196,0.9998423
284,10,8022200,0.99070245,0.0297263,0.01852708,0.0,0.00614071,0.010993,0.0,0.93461291,15863,7,0.05398535,0.9998173
285,1,8022221,0.98604272,0.05107204,0.00509789,0.0,0.00461733,0.93624679,0.0,0.00296595,53002,6,0.1738889,2.8247538
285,2,8022222,0.98569471,0.0516655,0.00542257,0.0,0.00451309,0.89429369,0.0,0.04410515,56074,6,0.29991238,2.824787
285,3,8022223,0.98579832,0.05122139,0.00554713,0.0,0.00457261,0.92285453,0.0,0.01580434,51978,6,0.31518137,2.8247537
285,4,8022224,0.98507486,0.04821386,0.00526094,0.0,0.00422125,0.93694379,0.0,0.00536017,56074,6,0.19841798,2.824787
285,5,8022225,0.98378623,0.05166009,0.0057879,0.0,0.00613396,0.90721743,0.0,0.02920061,51978,6,0.30934082,2.8247537
285,6,8022226,0.98514012,0.05186607,0.00569143,0.0,0.0048777,0.92045456,0.0,0.01711024,51978,6,0.1337032,2.8247537
285,7,8022227,0.98587509,0.05140718,0.0054402,0.0,0.00456334,0.91488081,0.0,0.02370847,56074,6,0.21943254,2.824787
285,8,8022228,0.98455061,0.05422094,0.00575133,0.0,0.00532945,0.9277283,0.0,0.00696998,57098,6,0.28786882,2.8247871
285,9,8022229,0.98603247,0.05110219,0.00524836,0.0,0.0046202,0.90257015,0.0,0.03645911,51970,6,0.26815447,2.8247204
285,10,8022230,0.98482128,0.05084759,0.00642548,0.0,0.00469045,0.91424422,0.0,0.02379226,51970,6,0.11552851,2.8247204
286,1,8022251,0.96623743,0.02593266,0.0,0.00208361,0.00095352,0.97085863,0.00015225,1.934e-05,55263,6,0.05295844,0.9992695
286,2,8022252,0.96630926,0.02609924,0.0,0.00207852,0.00094866,0.9707028,0.0001524,1.838e-05,64479,6,0.06080504,0.9992696
286,3,8022253,0.96635465,0.0260678,0.0,0.00208002,0.00092289,0.97075207,0.00015313,2.409e-05,3927,6,0.05071255,0.9992195
286,4,8022254,0.96613575,0.02601369,0.0,0.0020786,0.00094471,0.97078784,0.00015301,2.216e-05,23391,6,0.11262168,0.9992694
286,5,8022255,0.96611981,0.02573894,0.0,0.00207784,0.00091331,0.97109486,0.00015273,2.233e-05,36255,6,0.08427175,0.9992694
286,6,8022256,0.96616984,0.02600042,0.0,0.00207821,0.00092901,0.97081834,0.0001526,2.142e-05,51039,6,0.05056499,0.9992694
286,7,8022257,0.96624537,0.02590472,0.0,0.00207771,0.00092285,0.97092026,0.00015265,2.181e-05,30687,6,0.07984978,0.9992695
286,8,8022258,0.96631114,0.02608783,0.0,0.00207826,0.00092672,0.9707333,0.00015257,2.132e-05,32735,6,0.04617522,0.9992695
286,9,8022259,0.96606005,0.02614645,0.0,0.00207868,0.00095252,0.97064523,0.00015264,2.448e-05,51039,6,0.05530383,0.9992694
286,10,8022260,0.96597117,0.02563904,0.0,0.00207781,0.00090589,0.97120393,0.00015248,2.085e-05,56735,6,0.10338912,0.9992693
287,1,8022281,0.98511845,0.05436786,0.00438852,0.0,0.00444273,0.83076597,0.0,0.10603492,56860,6,0.13922392,2.8228348
287,2,8022282,0.98454642,0.05393262,0.00454302,0.0,0.00527298,0.75871523,0.0,0.17753615,48940,6,0.09273016,2.8228347
287,3,8022283,0.98429018,0.05558467,0.00455373,0.0,0.00513703,0.79033825,0.0,0.14438632,48932,6,0.06728228,2.8228014
287,4,8022284,0.98363588,0.05560711,0.00452145,0.0,0.00613678,0.73044361,0.0,0.20329105,57100,6,0.09106407,2.8228348
287,5,8022285,0.98280766,0.05884467,0.00538046,0.0,0.00583196,0.73338021,0.0,0.19656271,57100,6,0.07870194,2.8228348
287,6,8022286,0.98517895,0.05456415,0.00435806,0.0,0.00387149,0.62831335,0.0,0.30889294,52013,6,0.06820463,2.8229014
287,7,8022287,0.98328258,0.05455206,0.00473673,0.0,0.00657634,0.75770158,0.0,0.17643329,57132,6,0.04779296,2.8228347
287,8,8022288,0.98463272,0.05435024,0.00450192,0.0,0.00425271,0.79761461,0.0,0.13928051,57100,6,0.09811219,2.8228348
287,9,8022289,0.9852295,0.05049949,0.00450256,0.0,0.00368211,0.71376068,0.0,0.22755517,56059,6,0.11369983,2.8225372
287,10,8022290,0.98502737,0.05312404,0.00372816,0.0,0.00443019,0.55104921,0.0,0.3876684,57133,7,0.14569276,2.8229013
288,1,8022311,0.98477292,0.02717607,0.02345562,0.0,0.00064952,0.0,8.719e-05,0.9486316,23175,7,0.93332119,0.9991679
288,2,8022312,0.98470295,0.02826682,0.02487384,0.0,0.00061849,0.0,8.792e-05,0.94615293,23175,7,0.77668534,0.9991679
288,3,8022313,0.98455788,0.02815905,0.02572492,0.0,0.00061271,0.0,8.819e-05,0.94541513,19079,7,0.83274441,0.999093
288,4,8022314,0.98456764,0.02920329,0.02509448,0.0,0.00062311,0.0,8.839e-05,0.94499072,23175,7,0.41926781,0.9991679
288,5,8022315,0.98442779,0.03043736,0.02671514,0.0,0.0006223,0.0,8.908e-05,0.94213613,19079,7,0.50681116,0.999093
288,6,8022316,0.9846482,0.02864304,0.02539437,0.0,0.00063204,0.0,8.923e-05,0.94524132,23175,7,0.64105114,0.9991679
288,7,8022317,0.98470038,0.02843173,0.02406613,0.0,0.00062192,0.0,8.754e-05,0.94679268,23175,7,0.76962226,0.9991679
288,8,8022318,0.98463358,0.0288364,0.02498855,0.0,0.00064973,0.0,8.814e-05,0.94543718,23175,7,0.54670215,0.9991679
288,9,8022319,0.98456365,0.02992032,0.02664428,0.0,0.00062005,0.0,8.809e-05,0.94272725,23175,7,0.39866182,0.9991679
288,10,8022320,0.98476429,0.02721463,0.02345266,0.0,0.00061078,0.0,8.69e-05,0.94863503,23175,7,0.8583008,0.9991679
289,1,8022341,0.9741591,0.02394817,0.0,9.192e-05,0.00395958,0.05051084,0.0,0.92148949,45055,7,0.02264882,0.9995095
289,2,8022342,0.9741203,0.02398368,0.0,9.181e-05,0.00395755,0.0421358,0.0,0.92983116,36863,7,0.03878016,0.9995095
289,3,8022343,0.97413098,0.02398703,0.0,9.199e-05,0.0039494,0.04462941,0.0,0.92734216,57343,7,0.03285629,0.9995095
289,4,8022344,0.97412041,0.02397871,0.0,9.182e-05,0.00395802,0.0350088,0.0,0.93696265,16383,7,0.05744718,0.9995095
289,5,8022345,0.9741422,0.02397828,0.0,9.192e-05,0.00398693,0.0452521,0.0,0.92669076,53119,7,0.03821394,0.9995095
289,6,8022346,0.97414563,0.02401963,0.0,9.177e-05,0.00395276,0.02597819,0.0,0.94595765,61439,7,0.0320139,0.9995095
289,7,8022347,0.97413961,0.02392368,0.0,9.203e-05,0.00395859,0.03662612,0.0,0.93539958,50687,7,0.0382734,0.9995095
289,8,8022348,0.97417915,0.02398814,0.0,9.199e-05,0.00396391,0.03489921,0.0,0.93705675,24575,7,0.03673165,0.9995095
289,9,8022349,0.9742007,0.02393662,0.0,9.194e-05,0.0039705,0.03689823,0.0,0.93510271,51191,7,0.02408659,0.9994762
289,10,8022350,0.97418495,0.02388606,0.0,9.208e-05,0.00393586,0.05679436,0.0,0.91529164,40951,7,0.03884387,0.9994845
290,1,8022371,0.97672091,0.08498527,0.01882065,0.0,0.00330761,0.88684337,0.0,0.00604309,56076,6,0.04126731,3.6550214
290,2,8022372,0.98433736,0.05447003,0.00310284,0.0,0.0038261,0.91226548,0.0,0.02633556,56076,6,0.07669477,3.6550214
290,3,8022373,0.97627256,0.09237004,0.02058985,0.0,0.00376493,0.8716803,0.0,0.01159487,52012,6,0.09895563,3.6549881
290,4,8022374,0.97254032,0.11006768,0.03079913,0.0,0.00363144,0.82428718,0.0,0.03121456,52012,6,0.08372129,3.6549881
290,5,8022375,0.98423732,0.05477685,0.00300135,0.0,0.00383235,0.90266924,0.0,0.03572021,57100,6,0.06460907,3.6550214
290,6,8022376,0.98422358,0.05361153,0.0032257,0.0,0.00381577,0.9231453,0.0,0.0162017,56074,6,0.07956477,3.6550214
290,7,8022377,0.98424625,0.05507245,0.00321629,0.0,0.00376855,0.92260127,0.0,0.01534144,57132,6,0.08761619,3.6550214
290,8,8022378,0.98112876,0.06839156,0.01060284,0.0,0.00370934,0.9023391,0.0,0.01495716,52996,6,0.05667179,3.6549548
290,9,8022379,0.98321379,0.02965229,0.00042985,0.0,0.00169167,0.96820205,0.0,2.413e-05,48221,6,0.05889589,3.6550881
290,10,8022380,0.98400972,0.05126094,0.00234339,0.0,0.00330181,0.92857339,0.0,0.01452048,50845,6,0.08188438,3.6550881
291,1,8022401,0.95765128,0.01381239,0.0,0.00131201,0.00069704,0.98399547,0.00015547,2.763e-05,37003,6,0.22452443,0.9989591
291,2,8022402,0.95781932,0.01374394,0.0,0.00131246,0.0006603,0.98410466,0.00015541,2.323e-05,32911,6,0.35245187,0.9989591
291,3,8022403,0.95727779,0.01343234,0.0,0.00131271,0.00055226,0.98453111,0.0001556,1.598e-05,32907,6,0.19784514,0.9989591
291,4,8022404,0.95783465,0.01379947,0.0,0.00131243,0.00068286,0.98402684,0.0001559,2.249e-05,32975,6,0.28674309,0.9989591
291,5,8022405,0.9583729,0.01446688,0.0,0.00131344,0.00072592,0.98331522,0.00015598,2.255e-05,32911,6,0.20075381,0.9989591
291,6,8022406,0.95770212,0.01379755,0.0,0.0013123,0.00057339,0.98414286,0.00015534,1.855e-05,32783,6,0.12739767,0.9989594
291,7,8022407,0.95685548,0.01261191,0.0,0.00131164,0.00034773,0.98556957,0.00015495,4.2e-06,36941,6,0.18688597,0.9989593
291,8,8022408,0.95757729,0.01340561,0.0,0.0013135,0.0005602,0.9845503,0.00015522,1.516e-05,32975,6,0.14285429,0.9989591
291,9,8022409,0.95798997,0.01382135,0.0,0.00131239,0.00060066,0.98408882,0.00015598,2.08e-05,36943,6,0.14603633,0.9989593
291,10,8022410,0.95749462,0.01419364,0.0,0.00131271,0.00075342,0.98355445,0.0001559,2.989e-05,37067,6,0.29996244,0.9989591
292,1,8022431,0.99151283,0.04547516,0.00820596,2.35e-06,0.00266101,0.0,0.00040658,0.94324892,49069,7,0.38677416,1.3229485
292,2,8022432,0.99236166,0.04130761,0.00785334,2.29e-06,0.00251504,0.0,0.00039585,0.94792586,49069,7,0.80132182,1.3229485
292,3,8022433,0.99193776,0.04442627,0.00882135,2.37e-06,0.00256174,0.0,0.00040296,0.94378531,49069,7,0.51500872,1.3229485
292,4,8022434,0.99248645,0.04056929,0.00708565,2.3e-06,0.00249301,0.0,0.0003908,0.94945894,49069,7,0.94549273,1.3229485
292,5,8022435,0.99248815,0.04052085,0.00676974,2.29e-06,0.00246142,0.0,0.0003901,0.9498556,49069,7,0.94571552,1.3229485
292,6,8022436,0.99236171,0.0413566,0.00721752,2.24e-06,0.00251582,0.0,0.00039573,0.94851209,49069,7,0.86217973,1.3229485
292,7,8022437,0.9921694,0.04062898,0.00860053,2.25e-06,0.00249964,0.0,0.0003952,0.94787341,49069,7,0.42616329,1.3229485
292,8,8022438,0.9920353,0.04376568,0.00838098,2.21e-06,0.00253794,0.0,0.00040168,0.94491152,49069,7,0.40962393,1.3229485
292,9,8022439,0.99240662,0.04097907,0.0075577,2.33e-06,0.00247657,0.0,0.0003951,0.94858923,49069,7,0.88398766,1.3229485
292,10,8022440,0.99247737,0.04059781,0.00696255,2.26e-06,0.00244457,0.0,0.00039004,0.94960277,49069,7,0.93912192,1.3229485
293,1,8022461,0.98608007,0.04811504,0.01275178,0.0,0.00511285,0.72213816,0.00020218,0.21168,52994,6,0.27331828,2.0066883
293,2,8022462,0.9861817,0.0502099,0.01408737,0.0,0.0051955,0.75880038,0.00017066,0.1715362,51970,6,0.35132017,2.0066882
293,3,8022463,0.98683502,0.04660288,0.01154578,0.0,0.00455092,0.73810265,0.00013622,0.19906154,51970,6,0.31580892,2.0066882
293,4,8022464,0.98664908,0.04641862,0.01389678,0.0,0.00470742,0.71154344,0.00018503,0.22324871,51970,6,0.23156928,2.0066882
293,5,8022465,0.98624686,0.0478874,0.01240929,0.0,0.00501469,0.74980508,0.00019254,0.18469099,52994,6,0.20013901,2.0066883
293,6,8022466,0.98617082,0.04853495,0.01326595,0.0,0.00497174,0.69725347,0.0001713,0.23580259,53002,6,0.16858318,2.0067216
293,7,8022467,0.98590938,0.04665811,0.01698018,0.0,0.00575995,0.75262394,0.00028028,0.17769754,51714,6,0.309052,2.0063206
293,8,8022468,0.98585347,0.05009417,0.01903522,0.0,0.00463086,0.71054914,0.00019436,0.21549626,52994,6,0.09272142,2.0066883
293,9,8022469,0.9865307,0.04725817,0.01330193,0.0,0.00440158,0.55342701,0.00013744,0.38147387,19210,7,0.19431061,2.0066216
293,10,8022470,0.98611002,0.04920361,0.01130332,0.0,0.00543428,0.72280756,0.00018548,0.21106574,51970,6,0.21590141,2.0066882
294,1,8022491,0.96567876,0.02247198,0.0,0.00192459,0.00345013,0.09127305,0.0,0.88088025,55135,7,0.03381865,0.9992877
294,2,8022492,0.96601758,0.02261822,0.0,0.001929,0.00351298,0.07607379,0.0,0.89586601,49111,7,0.05126554,0.9992628
294,3,8022493,0.9661273,0.02277812,0.0,0.00192485,0.00343855,0.10257367,0.0,0.8692848,62431,7,0.05875838,0.9992878
294,4,8022494,0.96627423,0.02289478,0.0,0.00192267,0.00341849,0.09323243,0.0,0.87853162,14303,7,0.07230308,0.9992878
294,5,8022495,0.96551651,0.02235004,0.0,0.00192626,0.00344856,0.13415205,0.0,0.83812308,16223,7,0.04068243,0.9992878
294,6,8022496,0.96632226,0.02278749,0.0,0.00192587,0.0034462,0.05642834,0.0,0.9154121,43999,7,0.0589147,0.9992878
294,7,8022497,0.96611724,0.02279994,0.0,0.00192701,0.00347668,0.04795493,0.0,0.92384144,65503,7,0.05287307,0.9992878
294,8,8022498,0.96561094,0.02260135,0.0,0.00192455,0.00341776,0.1113792,0.0,0.86067715,58783,6,0.0489086,0.9992877
294,9,8022499,0.96592652,0.02268849,0.0,0.00192498,0.00342985,0.12083092,0.0,0.85112577,47071,7,0.04523926,0.9992878
294,10,8022500,0.96557928,0.02259371,0.0,0.00192366,0.00348253,0.10192833,0.0,0.87007178,59359,7,0.05502262,0.9992878
295,1,8022521,0.96205156,0.19487955,0.08195712,0.0,0.00318384,0.67722783,0.0,0.04275165,57132,6,0.08264226,3.5120122
295,2,8022522,0.98462747,0.05456736,0.0025998,0.0,0.0043265,0.7979589,0.0,0.14054743,57100,6,0.13849707,3.5120122
295,3,8022523,0.98456435,0.05474591,0.00312487,0.0,0.00392649,0.73507152,0.0,0.20313121,53036,6,0.07389907,3.5119789
295,4,8022524,0.984393,0.05582986,0.00295381,0.0,0.00404662,0.79384675,0.0,0.14332296,53036,6,0.17233166,3.5119789
295,5,8022525,0.98442447,0.05466115,0.00281731,0.0,0.00385647,0.74628877,0.0,0.19237629,56860,6,0.13905616,3.5120122
295,6,8022526,0.98438452,0.05577497,0.00293912,0.0,0.00406341,0.86460713,0.0,0.07261536,57132,6,0.16030823,3.5120122
295,7,8022527,0.98453019,0.05510447,0.00254218,0.0,0.00347742,0.73761095,0.0,0.20126498,52012,6,0.08294343,3.5119789
295,8,8022528,0.98442061,0.05486679,0.00313936,0.0,0.00405911,0.82397616,0.0,0.11395858,53036,6,0.06473079,3.5119789
295,9,8022529,0.98402149,0.05723449,0.00359135,0.0,0.00380245,0.76838058,0.0,0.16699112,52012,6,0.07000879,3.5119789
295,10,8022530,0.94183517,0.33810801,0.16820572,0.0,0.00277215,0.46642172,0.0,0.0244924,47867,4,0.15671961,3.511577
296,1,8022551,0.96864463,0.02279461,0.02220002,0.00083719,0.00195035,0.94341361,0.00376249,0.00504171,22663,6,0.34407576,0.9988753
296,2,8022552,0.97605052,0.03178501,0.02797877,1.842e-05,0.00096214,0.93897126,0.00017603,0.00010838,6087,6,0.53004858,0.9991249
296,3,8022553,0.97076427,0.02415043,0.02943573,0.00082726,0.00088847,0.94260792,0.00196452,0.00012567,22927,6,0.33498288,0.9985757
296,4,8022554,0.97590222,0.03194011,0.02610399,1.881e-05,0.00099054,0.94067319,0.00016877,0.00010458,1999,6,0.56304538,0.9990999
296,5,8022555,0.97262886,0.02242669,0.02439174,5.234e-05,0.00097174,0.95072265,0.00130391,0.00013093,22663,6,0.3480781,0.9988753
296,6,8022556,0.97610217,0.03192584,0.02425153,1.899e-05,0.00096924,0.94256661,0.00016911,9.868e-05,6087,6,0.54925107,0.9991249
296,7,8022557,0.97447608,0.02381846,0.03507303,2.022e-05,0.00085172,0.9396091,0.0002783,0.00034918,22663,6,0.35207525,0.9988753
296,8,8022558,0.9723111,0.03049359,0.02846616,0.00126678,0.0015854,0.93659694,0.00149555,9.558e-05,6095,6,0.38161729,0.9991499
296,9,8022559,0.97223598,0.03267705,0.02890751,0.00062198,0.00131968,0.93383582,0.00252332,0.00011464,6095,6,0.59862233,0.9991499
296,10,8022560,0.97587195,0.03030578,0.02207548,1.832e-05,0.00099689,0.94628459,0.0002138,0.00010514,6087,6,0.57573228,0.9991249
297,1,8022581,0.98360334,0.02614555,0.00905126,0.0,0.00503614,0.03268924,0.0,0.92707781,16255,7,0.03736078,0.9996999
297,2,8022582,0.98360976,0.0261739,0.00923009,0.0,0.00496275,0.03377989,0.0,0.92585336,57343,7,0.04124254,0.9996999
297,3,8022583,0.98361023,0.02610938,0.00908619,0.0,0.00497927,0.05157023,0.0,0.90825493,55295,7,0.06288445,0.9996999
297,4,8022584,0.9836206,0.0261062,0.00903768,0.0,0.00503282,0.01948271,0.0,0.9403406,54783,7,0.0390129,0.9996999
297,5,8022585,0.98364458,0.02613577,0.0091747,0.0,0.0050131,0.02533768,0.0,0.93433875,50687,7,0.04014373,0.9996999
297,6,8022586,0.98363519,0.02608916,0.00899002,0.0,0.00502603,0.02941286,0.0,0.93048193,40447,7,0.04323821,0.9996999
297,7,8022587,0.98363154,0.02617992,0.00893766,0.0,0.00500081,0.01908224,0.0,0.94079937,61439,7,0.0503536,0.9996999
297,8,8022588,0.98360356,0.02617935,0.00904366,0.0,0.00500857,0.02593759,0.0,0.93383083,47103,7,0.05054454,0.9996999
297,9,8022589,0.98364661,0.02613931,0.00900464,0.0,0.00500285,0.01727333,0.0,0.94257987,54783,7,0.06216375,0.9996999
297,10,8022590,0.98364298,0.02612368,0.00912179,0.0,0.00499713,0.0233568,0.0,0.9364006,40319,7,0.04536002,0.9996999
298,1,8022611,0.98476203,0.05388906,0.00383517,0.0,0.00435073,0.92878543,0.0,0.00913961,51978,6,0.20818325,3.3660411
298,2,8022612,0.98536669,0.05074557,0.00344134,0.0,0.0044586,0.93364941,0.0,0.00770508,51978,6,0.20849524,3.3660411
298,3,8022613,0.98514002,0.05250162,0.00362842,0.0,0.00466255,0.92965029,0.0,0.00955712,51978,6,0.3260095,3.3660411
298,4,8022614,0.98479788,0.05283698,0.00375519,0.0,0.00428915,0.92400577,0.0,0.0151129,51978,6,0.15641447,3.3660411
298,5,8022615,0.98512815,0.05186809,0.00354255,0.0,0.00426235,0.87996948,0.0,0.06035753,51978,6,0.15298665,3.3660411
298,6,8022616,0.98554037,0.05205472,0.00361318,0.0,0.00460799,0.90831479,0.0,0.03140933,51970,6,0.37349387,3.3660078
298,7,8022617,0.98568637,0.0511804,0.0032915,0.0,0.00457221,0.9178664,0.0,0.02308949,51978,6,0.46659299,3.3660411
298,8,8022618,0.98493609,0.0497567,0.00394406,0.0,0.00431166,0.93081279,0.0,0.01117479,52002,6,0.13863472,3.3660079
298,9,8022619,0.98366613,0.0477686,0.00381161,0.0,0.00336155,0.91668928,0.0,0.02836896,51076,6,0.15867886,3.3660079
298,10,8022620,0.98470424,0.05187818,0.00355728,0.0,0.00415702,0.8927819,0.0,0.04762562,56074,6,0.26099203,3.3660745
299,1,8022641,0.96487055,0.02613329,0.0,0.00208606,0.00092533,0.97067984,0.00015329,2.218e-05,40351,6,0.05838011,0.9992524
299,2,8022642,0.96380698,0.02595805,0.0,0.0020851,0.00097992,0.97079666,0.00015273,2.754e-05,28367,6,0.42795314,0.9990027
299,3,8022643,0.96483281,0.02615459,0.0,0.00208605,0.00093934,0.97064337,0.00015306,2.358e-05,59743,6,0.07056726,0.9992525
299,4,8022644,0.96527774,0.02591809,0.0,0.00208989,0.00091711,0.9708944,0.00015335,2.716e-05,22999,6,0.05585424,0.9992273
299,5,8022645,0.96518279,0.02628212,0.0,0.00208458,0.00094911,0.97050641,0.00015324,2.455e-05,6103,6,0.05766293,0.9992275
299,6,8022646,0.96220981,0.02356636,0.0,0.00208423,0.00103333,0.97313782,0.00015214,2.614e-05,62159,6,0.19494859,0.9990525
299,7,8022647,0.96217712,0.02424132,0.0,0.00208134,0.00097375,0.97252657,0.00015247,2.455e-05,31887,6,0.17963057,0.9990526
299,8,8022648,0.96465277,0.02599626,0.0,0.00208844,0.00096737,0.97077609,0.00015278,1.905e-05,32463,6,0.19717431,0.9990527
299,9,8022649,0.96380859,0.02584666,0.0,0.00208475,0.00097324,0.9709181,0.000153,2.426e-05,28367,6,0.1420076,0.9990027
299,10,8022650,0.96486197,0.02605857,0.0,0.00208477,0.00094602,0.97073058,0.00015312,2.694e-05,8159,6,0.05418671,0.9992525
300,1,8022671,0.98628294,0.05211659,0.01263897,0.0,0.00487774,0.61979101,0.00033878,0.31023691,44844,6,0.17196914,2.4025593
300,2,8022672,0.98592592,0.05522468,0.01207112,0.0,0.00424467,0.47194673,0.00029608,0.45621672,44837,7,0.12097534,2.4025593
300,3,8022673,0.98699511,0.05041064,0.0115659,0.0,0.00289086,0.37781919,0.00018285,0.55713057,48941,7,0.21875378,2.4026593
300,4,8022674,0.98661911,0.05190304,0.01281205,0.0,0.00394904,0.48411562,0.00030384,0.44691641,48941,7,0.11704594,2.4026593
300,5,8022675,0.98578041,0.05390967,0.01489954,0.0,0.00520586,0.67484115,0.00045827,0.2506855,44845,7,0.09777739,2.4026593
300,6,8022676,0.98679234,0.05221136,0.01242009,0.0,0.00401011,0.52962325,0.0002282,0.40150699,44844,6,0.21000787,2.4025593
300,7,8022677,0.98701751,0.05316196,0.01097801,0.0,0.00353176,0.31331568,0.00018797,0.61882462,44845,7,0.34939635,2.4026593
300,8,8022678,0.9864425,0.05108943,0.01335429,0.0,0.00455067,0.62328343,0.00021669,0.30750548,48940,6,0.14743005,2.4025926
300,9,8022679,0.98614939,0.05424919,0.01213872,0.0,0.00421262,0.70641144,0.00023933,0.2227487,48940,6,0.28841885,2.4025926
300,10,8022680,0.98661097,0.0519098,0.0117992,0.0,0.00436381,0.5566274,0.00024363,0.37505616,48940,6,0.27220558,2.4025926
301,1,8022701,0.98988253,0.03677637,0.0208214,0.0,0.0011691,0.0,8.843e-05,0.9411447,23175,7,0.94033634,0.9995929
301,2,8022702,0.98987026,0.03683842,0.02104093,0.0,0.00114556,0.0,8.905e-05,0.94088604,23175,7,0.94045984,0.9995929
301,3,8022703,0.98987765,0.03662169,0.02126612,0.0,0.00116045,0.0,8.847e-05,0.94086326,23175,7,0.94021539,0.9995929
301,4,8022704,0.98981398,0.03718186,0.02200089,0.0,0.00114155,0.0,8.886e-05,0.93958684,23175,7,0.51108025,0.9995929
301,5,8022705,0.98971706,0.03871748,0.02277736,0.0,0.00116032,0.0,8.979e-05,0.93725505,19079,7,0.59471874,0.999518
301,6,8022706,0.98987603,0.03677537,0.02097992,0.0,0.00116071,0.0,8.99e-05,0.94099411,23175,7,0.94028901,0.9995929
301,7,8022707,0.98984319,0.03702011,0.02138926,0.0,0.00114306,0.0,8.877e-05,0.94035879,23175,7,0.68888272,0.9995929
301,8,8022708,0.98974198,0.03803446,0.02262993,0.0,0.00117501,0.0,8.964e-05,0.93807096,19079,7,0.48258745,0.999518
301,9,8022709,0.98988388,0.03682109,0.02074316,0.0,0.00112354,0.0,8.846e-05,0.94122375,23175,7,0.89776232,0.9995929
301,10,8022710,0.98988116,0.03676713,0.02087804,0.0,0.00114631,0.0,8.854e-05,0.94111998,23175,7,0.9406748,0.9995929
302,1,8022731,0.96792779,0.02196768,0.0,0.001238,0.00346463,0.02631301,0.0,0.94701668,3959,7,0.04246089,0.9993345
302,2,8022732,0.96796313,0.02191871,0.0,0.00123709,0.00346456,0.0324525,0.0,0.94092713,44543,7,0.03998652,0.9993845
302,3,8022733,0.96794344,0.0219802,0.0,0.0012376,0.00346977,0.02178965,0.0,0.95152278,58879,7,0.0644356,0.9993845
302,4,8022734,0.96803087,0.02197419,0.0,0.00123711,0.00342085,0.02666093,0.0,0.94670692,15743,7,0.07051267,0.9993845
302,5,8022735,0.96786565,0.02193933,0.0,0.00123705,0.0034519,0.02198441,0.0,0.95138732,22519,7,0.03387445,0.9993595
302,6,8022736,0.96795168,0.02194431,0.0,0.00123774,0.00344019,0.03366903,0.0,0.93970873,65535,7,0.06009237,0.9993845
302,7,8022737,0.9678835,0.02194976,0.0,0.00123795,0.00348019,0.02410993,0.0,0.94922218,57343,7,0.05409376,0.9993845
302,8,8022738,0.96803445,0.02198511,0.0,0.00123719,0.00347694,0.02624742,0.0,0.94705334,24447,7,0.05031575,0.9993845
302,9,8022739,0.96802806,0.0219201,0.0,0.00123766,0.00345087,0.02415926,0.0,0.94923211,32759,7,0.03043879,0.9993595
302,10,8022740,0.96790848,0.02193139,0.0,0.00123711,0.00349382,0.02195815,0.0,0.95137953,52735,7,0.04892097,0.9993845
303,1,8022761,0.98425092,0.05723703,0.00322222,0.0,0.00372095,0.91529975,0.0,0.02052005,56076,6,0.20549432,3.8668507
303,2,8022762,0.98420848,0.05667157,0.00358734,0.0,0.00377601,0.86294019,0.0,0.07302488,53036,6,0.08482251,3.8668174
303,3,8022763,0.98433368,0.0550984,0.00300559,0.0,0.003853,0.93143725,0.0,0.00660576,57100,6,0.10470005,3.8668508
303,4,8022764,0.98420472,0.05660049,0.00335983,0.0,0.00376844,0.91983599,0.0,0.01643525,52004,6,0.09403305,3.8667842
303,5,8022765,0.98416716,0.05187907,0.00357057,0.0,0.00361893,0.92927526,0.0,0.01165617,48938,6,0.06064027,3.8668507
303,6,8022766,0.98428252,0.05553599,0.00359366,0.0,0.00382516,0.92938909,0.0,0.00765611,53036,6,0.06333216,3.8668174
303,7,8022767,0.9842848,0.05574801,0.00316892,0.0,0.00378373,0.91145388,0.0,0.02584547,53028,6,0.07691522,3.8667841
303,8,8022768,0.983877,0.05668578,0.00466046,0.0,0.00363843,0.92506883,0.0,0.0099465,43812,6,0.07757703,3.8667842
303,9,8022769,0.98429684,0.05480338,0.00325085,0.0,0.00387342,0.92609627,0.0,0.01197609,57100,6,0.07236261,3.8668508
303,10,8022770,0.98430416,0.05639473,0.00310495,0.0,0.00381341,0.89985213,0.0,0.03683479,53004,6,0.08847046,3.8668175
304,1,8022791,0.95977491,0.01476451,0.00374744,0.00023049,0.00058287,0.98045365,0.00020885,1.22e-05,37071,6,0.20941878,0.9990223
304,2,8022792,0.9598158,0.01490907,0.00376324,0.0002303,0.0006569,0.98021026,0.00020829,2.193e-05,32907,6,0.15168013,0.9990223
304,3,8022793,0.96010015,0.01478681,0.00374868,0.00022686,0.00057963,0.98044076,0.00020237,1.489e-05,37003,6,0.20156215,0.9990223
304,4,8022794,0.95962976,0.01438664,0.00363811,0.00022273,0.00047089,0.98107538,0.00019548,1.078e-05,36939,6,0.18254252,0.9990225
304,5,8022795,0.95977308,0.01490519,0.00372887,0.00023262,0.00063676,0.98026181,0.00021062,2.413e-05,37003,6,0.14553371,0.9990223
304,6,8022796,0.95966311,0.01479061,0.00374581,0.00022756,0.00059516,0.98042061,0.00020339,1.686e-05,36875,6,0.21820448,0.9990226
304,7,8022797,0.95956081,0.01415666,0.00360715,0.00021893,0.00042263,0.9813978,0.00018918,7.65e-06,32779,6,0.16961162,0.9990226
304,8,8022798,0.95941831,0.01456756,0.00360861,0.00022279,0.00053096,0.98086187,0.00019649,1.173e-05,32841,6,0.31475863,0.9990225
304,9,8022799,0.95962972,0.01369819,0.0035016,0.00022286,0.00028587,0.98209638,0.00019385,1.26e-06,36879,6,0.25663277,0.9990226
304,10,8022800,0.95994972,0.01474579,0.00366604,0.00023131,0.00057819,0.98055403,0.00020693,1.771e-05,32911,6,0.1318113,0.9990223
305,1,8022821,0.99521065,0.03171195,0.02268507,0.0,0.00726267,0.00341114,0.0,0.93492916,54775,7,0.0332004,0.9999031
305,2,8022822,0.99528318,0.03169854,0.02311991,0.0,0.00723715,0.00260612,0.0,0.93533828,36863,7,0.04225842,0.9999281
305,3,8022823,0.9951899,0.03161004,0.02342809,0.0,0.00729695,0.00454388,0.0,0.93312104,65535,7,0.04404693,0.9999281
305,4,8022824,0.99520232,0.03164748,0.02364458,0.0,0.0072474,0.00459184,0.0,0.9328687,58879,7,0.05961746,0.9999281
305,5,8022825,0.99528184,0.03168654,0.02309367,0.0,0.00731979,0.00245884,0.0,0.93544116,53247,7,0.06187762,0.9999281
305,6,8022826,0.99519923,0.03158094,0.02366531,0.0,0.00731244,0.00455617,0.0,0.93288513,48639,7,0.04115695,0.9999281
305,7,8022827,0.99522815,0.03169674,0.0230938,0.0,0.00727268,0.00192321,0.0,0.93601357,49151,7,0.04926815,0.9999281
305,8,8022828,0.99518322,0.03167217,0.02326192,0.0,0.00723691,0.00206391,0.0,0.93576509,32767,7,0.03802645,0.9999281
305,9,8022829,0.99523525,0.03164561,0.02329509,0.0,0.00720637,0.00608298,0.0,0.93176994,30207,7,0.04426992,0.9999281
305,10,8022830,0.99520016,0.03172076,0.02352539,0.0,0.00730366,0.00730626,0.0,0.93014393,30719,7,0.04383882,0.9999281
306,1,8022851,0.98614763,0.04877179,0.00711378,0.0,0.00479354,0.88075189,6.565e-05,0.05850335,51970,6,0.29584656,2.69733
306,2,8022852,0.98562607,0.0514314,0.00826823,0.0,0.00504745,0.91589331,6.172e-05,0.0192979,51970,6,0.23593522,2.69733
306,3,8022853,0.98602624,0.05042449,0.00757605,0.0,0.00489383,0.87260721,6.122e-05,0.06443718,51978,6,0.47917445,2.6973633
306,4,8022854,0.98561736,0.05156175,0.00843104,0.0,0.00474582,0.82302341,7.058e-05,0.11216741,56074,6,0.21311522,2.6973966
306,5,8022855,0.98597959,0.05034238,0.00729741,0.0,0.00493441,0.90283072,5.954e-05,0.03453553,51978,6,0.32389488,2.6973633
306,6,8022856,0.98539799,0.05161516,0.00781947,0.0,0.00490546,0.90075377,6.083e-05,0.03484531,51978,6,0.27648943,2.6973633
306,7,8022857,0.98570373,0.05135772,0.00743847,0.0,0.00522157,0.89155046,8.074e-05,0.04435105,52010,6,0.24640345,2.6973633
306,8,8022858,0.98548485,0.05144867,0.00817862,0.0,0.00475667,0.80228702,6.336e-05,0.13326567,51978,6,0.23065333,2.6973633
306,9,8022859,0.9857773,0.05127621,0.00739382,0.0,0.00480232,0.84220294,6.121e-05,0.09426351,51978,6,0.40103113,2.6973633
306,10,8022860,0.98605693,0.05105233,0.00644932,0.0,0.00501917,0.93063705,6.123e-05,0.00678091,51978,6,0.77511196,2.6973633
307,1,8022881,0.96381418,0.02501414,0.0,0.00207184,0.00090663,0.97183781,0.00015246,1.712e-05,65503,6,0.07333642,0.9992205
307,2,8022882,0.96415183,0.02545444,0.0,0.00207108,0.0009316,0.97137165,0.00015218,1.905e-05,59359,6,0.11866768,0.9992205
307,3,8022883,0.9640078,0.02510494,0.0,0.00207462,0.00091701,0.97173384,0.00015199,1.76e-05,16351,6,0.05844602,0.9992205
307,4,8022884,0.96381872,0.02539075,0.0,0.00207117,0.00093945,0.97142736,0.00015218,1.908e-05,39775,6,0.04787908,0.9992205
307,5,8022885,0.96410308,0.02530686,0.0,0.0020737,0.00091663,0.97153117,0.00015245,1.919e-05,16351,6,0.08666477,0.9992205
307,6,8022886,0.96414828,0.0254521,0.0,0.00206981,0.00092807,0.9713781,0.0001522,1.971e-05,59359,6,0.05018165,0.9992205
307,7,8022887,0.96425683,0.02545218,0.0,0.00207238,0.00093118,0.97137348,0.0001524,1.837e-05,45023,6,0.05034245,0.9992205
307,8,8022888,0.96411575,0.02524936,0.0,0.00207284,0.00092276,0.97158605,0.00015226,1.674e-05,51167,6,0.07379915,0.9992205
307,9,8022889,0.96386889,0.02528038,0.0,0.00207347,0.00092101,0.97154951,0.00015236,2.327e-05,51167,6,0.05331701,0.9992205
307,10,8022890,0.96378698,0.02531465,0.0,0.00207142,0.00092707,0.97151782,0.00015206,1.697e-05,59359,6,0.06427357,0.9992205
308,1,8022911,0.98494039,0.05312401,0.00317047,0.0,0.00380903,0.74525972,0.0,0.19463677,56109,6,0.09443127,3.3129398
308,2,8022912,0.98488464,0.05395588,0.00333628,0.0,0.00419875,0.76427728,0.0,0.17423182,52012,6,0.09383026,3.3128398
308,3,8022913,0.98357453,0.05809847,0.00351119,0.0,0.00453143,0.7918666,0.0,0.14199232,57132,6,0.1233522,3.3128731
308,4,8022914,0.9849195,0.0544423,0.00356744,0.0,0.00393821,0.81678822,0.0,0.12126383,44844,6,0.07767228,3.3128398
308,5,8022915,0.98406564,0.04157914,0.00310833,0.0,0.00236988,0.8932195,0.0,0.05972315,46539,6,0.10920783,3.3129398
308,6,8022916,0.98489405,0.05241797,0.00365611,0.0,0.00381709,0.71889636,0.0,0.22121246,57132,6,0.09848271,3.3128731
308,7,8022917,0.98486102,0.05085953,0.00336123,0.0,0.0036109,0.87632669,0.0,0.06584166,57100,6,0.10419412,3.3128731
308,8,8022918,0.98391638,0.05549379,0.00350637,0.0,0.00458353,0.83349037,0.0,0.10292594,53036,6,0.09382502,3.3128398
308,9,8022919,0.98454374,0.05452218,0.00362622,0.0,0.0036416,0.74119121,0.0,0.19701879,53005,7,0.07252284,3.3129397
308,10,8022920,0.98483812,0.05329388,0.00333429,0.0,0.00368689,0.54083821,0.0,0.39884673,57133,7,0.17110339,3.3129397
309,1,8022941,0.96959404,0.03291847,0.02134002,0.0,0.00647037,0.92967103,0.00206561,0.00753452,22663,6,0.23783323,0.9991289
309,2,8022942,0.97433938,0.03061059,0.02016969,0.0,0.00359036,0.92794753,0.00135176,0.01633008,22663,6,0.44531645,0.9991289
309,3,8022943,0.97658148,0.02993986,0.01894282,0.0,0.00247395,0.94326631,0.00051466,0.00486239,18831,6,0.27380648,0.998906
309,4,8022944,0.97014607,0.03416942,0.02011987,0.0,0.00579863,0.9273032,0.00189422,0.01071465,18831,6,0.27587739,0.998906
309,5,8022945,0.97353141,0.03318791,0.02211547,0.0,0.00415763,0.88390787,0.00130729,0.05532383,22919,6,0.26432839,0.9988811
309,6,8022946,0.97704107,0.02871361,0.02107767,0.0,0.00193207,0.92899026,0.00048688,0.01879952,22663,6,0.33865343,0.9991289
309,7,8022947,0.97214795,0.03431466,0.02564202,0.0,0.00519004,0.90761779,0.00130592,0.02592956,22927,6,0.18882474,0.9989559
309,8,8022948,0.96998806,0.03629532,0.02441589,0.0,0.0060776,0.87725951,0.00175981,0.05419188,22927,6,0.34457849,0.9989559
309,9,8022949,0.97618187,0.03020402,0.01867934,0.0,0.0029419,0.94399734,0.00049891,0.00367849,22663,6,0.39498207,0.9991289
309,10,8022950,0.97104221,0.03208484,0.02083781,0.0,0.0058005,0.89775055,0.00149496,0.04203134,22727,6,0.30477797,0.9991288
310,1,8022971,0.97627765,0.02349585,0.00291968,0.0,0.00386164,0.02427137,0.0,0.94545146,59391,7,0.07009384,0.9995524
310,2,8022972,0.97626791,0.02347602,0.00298889,0.0,0.00385673,0.01625229,0.0,0.95342608,32255,7,0.07392242,0.9995523
310,3,8022973,0.976254,0.02347626,0.00296417,0.0,0.00383597,0.02376917,0.0,0.94595443,32767,7,0.06086281,0.9995524
310,4,8022974,0.97628385,0.0234289,0.00293118,0.0,0.0038454,0.02503848,0.0,0.94475604,59391,7,0.07425519,0.9995524
310,5,8022975,0.97630385,0.02341528,0.00290096,0.0,0.0038648,0.03465833,0.0,0.93516062,45055,7,0.06481984,0.9995524
310,6,8022976,0.97632334,0.0234025,0.00289987,0.0,0.0038433,0.01840054,0.0,0.95145379,58879,7,0.07897454,0.9995523
310,7,8022977,0.97628529,0.0234429,0.00292935,0.0,0.0038397,0.02153689,0.0,0.94825117,48639,7,0.15789887,0.9995523
310,8,8022978,0.97624662,0.02351293,0.00299634,0.0,0.00386715,0.01623329,0.0,0.95339029,53247,7,0.1102407,0.9995524
310,9,8022979,0.97626984,0.02343461,0.00295437,0.0,0.00386353,0.01541244,0.0,0.95433505,57343,7,0.10804124,0.9995524
310,10,8022980,0.97627273,0.023411,0.0029961,0.0,0.00385129,0.01638197,0.0,0.95335964,44543,7,0.14915128,0.9995523
311,1,8023001,0.9846023,0.0534586,0.00291704,0.0,0.00407916,0.92450324,0.0,0.01504196,56106,6,0.06986568,3.8204826
311,2,8023002,0.96890816,0.1037622,0.00352914,0.0,0.00403832,0.86054528,0.0,0.02812506,51980,6,0.0857625,3.8204492
311,3,8023003,0.97920777,0.07114109,0.00365306,0.0,0.00388315,0.89401887,0.0,0.02730383,56108,6,0.08675463,3.8204826
311,4,8023004,0.98384089,0.05430841,0.00292572,0.0,0.00388013,0.91536201,0.0,0.02352374,53036,6,0.08938077,3.8204492
311,5,8023005,0.98409881,0.0507122,0.00256488,0.0,0.00369183,0.92529748,0.0,0.01773361,44562,6,0.21747631,3.820416
311,6,8023006,0.98457978,0.05293122,0.00281707,0.0,0.00397285,0.9166104,0.0,0.02366846,53002,6,0.09952259,3.8204493
311,7,8023007,0.96386721,0.10856354,0.00353334,0.0,0.00387165,0.87072593,0.0,0.01330555,53004,6,0.09294646,3.8204493
311,8,8023008,0.98381925,0.05576861,0.00297443,0.0,0.00388079,0.91766375,0.0,0.01971241,53004,6,0.09345001,3.8204493
311,9,8023009,0.98199283,0.058229,0.0031061,0.0,0.00374345,0.92541018,0.0,0.00951128,44562,6,0.14988491,3.820416
311,10,8023010,0.98360735,0.05532461,0.00288038,0.0,0.00393381,0.89244459,0.0,0.04541661,44572,6,0.07100808,3.8204493
312,1,8023031,0.95728203,0.01831556,0.0,0.00188986,0.00071392,0.97889671,0.00015376,3.02e-05,39055,6,0.37419861,0.9988672
312,2,8023032,0.95573254,0.01695238,0.0,0.00188636,0.00075266,0.98021444,0.00015417,4e-05,39119,6,0.24116062,0.9988671
312,3,8023033,0.96396712,0.0265155,0.0,0.00195678,0.00095039,0.97039979,0.00015525,2.228e-05,35295,6,0.12185684,0.9992667
312,4,8023034,0.95660018,0.01749339,0.0,0.0018884,0.00071772,0.97972217,0.00015403,2.429e-05,39119,6,0.17231067,0.9988671
312,5,8023035,0.95758308,0.01795934,0.0,0.00189249,0.00076695,0.97919645,0.00015368,3.11e-05,39119,6,0.12456697,0.9988671
312,6,8023036,0.95962743,0.02140964,0.0,0.00189845,0.00089671,0.975608,0.00015386,3.333e-05,35023,6,0.27750572,0.9988671
312,7,8023037,0.95906434,0.02124204,0.0,0.00189093,0.00086047,0.97582308,0.00015366,2.983e-05,40655,6,0.17573243,0.9988672
312,8,8023038,0.96120543,0.02277397,0.0,0.00189661,0.00093704,0.97420778,0.00015383,3.077e-05,38607,6,0.45243279,0.9988666
312,9,8023039,0.95949336,0.02176438,0.0,0.00189295,0.00093701,0.97522326,0.00015389,2.85e-05,34031,6,0.24511668,0.9988669
312,10,8023040,0.9570534,0.01780624,0.0,0.00188952,0.00067869,0.97944814,0.00015391,2.35e-05,34383,6,0.15344506,0.998867
313,1,8023061,0.98865899,0.04687554,0.02016814,0.0,0.00323984,0.0,0.0002705,0.92944597,44845,7,0.28023347,1.8389199
313,2,8023062,0.98938841,0.0435637,0.01417663,0.0,0.00232372,0.0,0.00022702,0.93970893,49069,7,0.35639479,1.8387523
313,3,8023063,0.98941282,0.04302063,0.01504001,0.0,0.00232852,0.0,0.00023012,0.93938073,49069,7,0.43999466,1.8387523
313,4,8023064,0.98906075,0.0465013,0.01318311,0.0,0.0023056,0.0,0.00022147,0.93778852,48941,7,0.93476456,1.8389199
313,5,8023065,0.98911143,0.04391843,0.01849109,0.0,0.00240525,0.0,0.00023827,0.93494696,49069,7,0.26063965,1.8387523
313,6,8023066,0.98893581,0.04542318,0.02205859,0.0,0.00270774,0.0,0.00024271,0.92956777,49069,7,0.27853088,1.8387523
313,7,8023067,0.98936669,0.04280777,0.01615782,0.0,0.00239098,0.0,0.00022959,0.93841384,48941,7,0.39839464,1.8389199
313,8,8023068,0.98926264,0.0450356,0.01343766,0.0,0.00229527,0.0,0.00021967,0.93901179,44845,7,0.37205318,1.8389199
313,9,8023069,0.98954427,0.04265321,0.01268297,0.0,0.0023069,0.0,0.00021725,0.94213966,49069,7,0.51663558,1.8387523
313,10,8023070,0.98942995,0.04368766,0.01353806,0.0,0.00227247,0.0,0.00022191,0.9402799,49069,7,0.40261934,1.8387523
314,1,8023091,0.98695631,0.04426649,0.05587463,0.0,0.00288181,0.0,0.00015442,0.89682264,19210,7,0.18182572,1.707913
314,2,8023092,0.98693669,0.04731019,0.0495515,0.0,0.00340611,0.0,0.00012044,0.89961177,19210,7,0.46396727,1.707913
314,3,8023093,0.98683332,0.04801127,0.05080775,0.0,0.00357768,0.0,0.00012038,0.89748293,19210,7,0.17530682,1.707913
314,4,8023094,0.98806354,0.04354183,0.03578711,0.0,0.00269221,0.0,8.579e-05,0.91789306,19202,7,0.49881134,1.707913
314,5,8023095,0.98698399,0.04570822,0.04865398,0.0,0.00343433,0.0,0.00010673,0.90209674,19202,7,0.37417606,1.707913
314,6,8023096,0.98733121,0.04494622,0.04494372,0.0,0.00314481,0.0,0.00012807,0.90683718,19210,7,0.19413616,1.707913
314,7,8023097,0.9867148,0.04658441,0.05543962,0.0,0.0029942,0.0,0.00014634,0.89483543,19204,7,0.17969953,1.707913
314,8,8023098,0.98731074,0.04531495,0.04534049,0.0,0.00286943,0.0,0.00011647,0.90635866,19202,7,0.35299506,1.707913
314,9,8023099,0.9862621,0.04554768,0.06359372,0.0,0.0035733,0.0,0.00014331,0.88714199,19203,7,0.19767065,1.7079629
314,10,8023100,0.98730945,0.04654733,0.0459961,0.0,0.00307898,0.0,0.00010256,0.90427503,19202,7,0.16801736,1.707913
315,1,8023121,0.96413935,0.02172734,0.0,0.00192361,0.00346886,0.10810339,0.0,0.8647768,32159,6,0.04217277,0.999272
315,2,8023122,0.96505054,0.02201346,0.0,0.00192585,0.00349355,0.05567045,0.0,0.91689668,59231,7,0.05889345,0.9992721
315,3,8023123,0.96368413,0.02159469,0.0,0.00192334,0.00347233,0.06089509,0.0,0.91211454,49119,7,0.03849528,0.9992721
315,4,8023124,0.96509003,0.02200881,0.0,0.00192439,0.00343182,0.05132698,0.0,0.92130799,14303,7,0.05452174,0.9992721
315,5,8023125,0.96452896,0.0217923,0.0,0.00192616,0.00345465,0.0525,0.0,0.92032689,30687,7,0.04052134,0.9992721
315,6,8023126,0.96543822,0.02221643,0.0,0.00192357,0.00342927,0.06203339,0.0,0.91039735,16223,7,0.05475766,0.9992721
315,7,8023127,0.96424533,0.02170678,0.0,0.00192356,0.00345838,0.05233847,0.0,0.92057281,11231,7,0.02979796,0.9992221
315,8,8023128,0.96453715,0.02180934,0.0,0.00192666,0.00344297,0.08650351,0.0,0.88631752,30687,7,0.07716572,0.9992721
315,9,8023129,0.96407489,0.02164739,0.0,0.00192555,0.00346137,0.07148453,0.0,0.90148116,61407,7,0.04388583,0.9992721
315,10,8023130,0.96460012,0.02187414,0.0,0.00192374,0.00343429,0.06318825,0.0,0.90957959,29663,7,0.03070101,0.9992721
316,1,8023151,0.9833683,0.06171761,0.00659265,0.0,0.00393134,0.81656988,0.0,0.11118851,53036,6,0.09984222,3.9292924
316,2,8023152,0.98428842,0.05558432,0.00308384,0.0,0.00380366,0.78977234,0.0,0.14775583,57132,6,0.10799171,3.9293257
316,3,8023153,0.9842455,0.05735241,0.00287331,0.0,0.00383346,0.8345005,0.0,0.10144032,52012,6,0.09756238,3.9292925
316,4,8023154,0.98420024,0.0527038,0.0031791,0.0,0.00373414,0.84096817,0.0,0.0994148,57100,6,0.07075173,3.9293258
316,5,8023155,0.98442365,0.05375105,0.00289485,0.0,0.00416507,0.85431613,0.0,0.08487291,47916,6,0.08105932,3.9293258
316,6,8023156,0.98411584,0.05535102,0.00315499,0.0,0.003857,0.85265419,0.0,0.0849828,56076,6,0.06641115,3.9293257
316,7,8023157,0.97107034,0.16831398,0.08642027,0.0,0.00314774,0.69889412,0.0,0.04322389,56861,6,0.06687669,3.9293924
316,8,8023158,0.98431608,0.05358738,0.00263793,0.0,0.00362869,0.78350217,0.0,0.15664383,56108,6,0.10268452,3.9293258
316,9,8023159,0.9843009,0.05473398,0.00300899,0.0,0.0036122,0.73173018,0.0,0.20691464,51980,6,0.0771518,3.9292924
316,10,8023160,0.98420827,0.05479898,0.00273607,0.0,0.00370269,0.85407747,0.0,0.08468478,51085,6,0.08150806,3.9293924
317,1,8023181,0.97296239,0.02880215,0.02718854,8.591e-05,0.00087343,0.94278996,0.00016973,9.027e-05,6087,6,0.4813869,0.9989094
317,2,8023182,0.96163929,0.02278232,0.02278165,0.02398647,0.00079668,0.92853827,0.00082035,0.00029425,22663,6,0.27453693,0.9986598
317,3,8023183,0.96780048,0.02414163,0.02654806,0.00014231,0.00090982,0.94499777,0.00313738,0.00012302,1991,6,0.43999431,0.9988844
317,4,8023184,0.9688429,0.02839093,0.02637065,0.00119186,0.00095259,0.94072903,0.00229484,7.01e-05,1999,6,0.51502965,0.9988844
317,5,8023185,0.95726687,0.02688946,0.02238508,0.00637276,0.00139979,0.93579159,0.00707502,8.63e-05,1999,6,0.36913876,0.9988844
317,6,8023186,0.96205055,0.02602647,0.02619984,0.00615472,0.00106329,0.93608442,0.00422418,0.00024707,1991,6,0.17431426,0.9988844
317,7,8023187,0.97001368,0.02089294,0.02801111,9.803e-05,0.00079303,0.94987459,0.00021105,0.00011926,22663,6,0.3950565,0.9986598
317,8,8023188,0.96902032,0.02855791,0.02551602,0.00189408,0.00112611,0.94087552,0.00162124,0.00040912,6095,6,0.7204463,0.9989344
317,9,8023189,0.95084629,0.02394186,0.03152884,0.00660512,0.00134137,0.92413494,0.0123149,0.00013298,22927,6,0.17583392,0.9982526
317,10,8023190,0.97154261,0.02737637,0.02444193,8.775e-05,0.00084366,0.9469679,0.00019721,8.518e-05,1991,6,0.55526792,0.9988844
318,1,8023211,0.98743001,0.02728918,0.00890247,0.0,0.00536015,0.02732647,0.0,0.93112173,51199,7,0.04667596,0.9997753
318,2,8023212,0.98741765,0.02725766,0.00903443,0.0,0.00532465,0.02242547,0.0,0.93595779,50687,7,0.04188791,0.9997753
318,3,8023213,0.98744784,0.02723827,0.00895408,0.0,0.00537861,0.03013957,0.0,0.92828946,40447,7,0.04699773,0.9997753
318,4,8023214,0.987436,0.02730377,0.00893929,0.0,0.00537014,0.02553597,0.0,0.93285083,60927,7,0.04395075,0.9997753
318,5,8023215,0.98744121,0.02720778,0.00897671,0.0,0.00536805,0.03028047,0.0,0.92816698,54783,7,0.06126353,0.9997753
318,6,8023216,0.98744036,0.02721742,0.00895522,0.0,0.00537028,0.02582111,0.0,0.93263597,61311,7,0.0332075,0.9997753
318,7,8023217,0.98741438,0.02722149,0.00890551,0.0,0.00537886,0.0365938,0.0,0.92190034,22015,7,0.04209709,0.9997753
318,8,8023218,0.98743753,0.02724783,0.0089508,0.0,0.00538683,0.01951435,0.0,0.93890019,56823,7,0.05123628,0.9997503
318,9,8023219,0.98743703,0.02726404,0.008944,0.0,0.00541734,0.02456112,0.0,0.9338135,52735,7,0.05715132,0.9997753
318,10,8023220,0.98740864,0.02716981,0.00903046,0.0,0.00542725,0.02248841,0.0,0.93588408,48639,7,0.04815252,0.9997753
319,1,8023241,0.98499258,0.0489274,0.00526675,0.0,0.00418058,0.93473902,0.0,0.00688626,56074,6,0.20979893,3.352408
319,2,8023242,0.98381448,0.05239512,0.00588424,0.0,0.00574161,0.90663599,0.0,0.02934304,51970,6,0.13887262,3.3523414
319,3,8023243,0.98552971,0.05023971,0.00551794,0.0,0.00461292,0.90862291,0.0,0.03100652,53002,6,0.15487712,3.3523748
319,4,8023244,0.98488657,0.05159905,0.0068078,0.0,0.00483255,0.92392795,0.0,0.01283266,53002,6,0.14347099,3.3523748
319,5,8023245,0.98504847,0.047617,0.0060649,0.0,0.00420247,0.9324802,0.0,0.00963543,51978,6,0.2674083,3.3523747
319,6,8023246,0.98531855,0.04957967,0.00599292,0.0,0.00436821,0.89470619,0.0,0.04535301,56074,6,0.18027227,3.352408
319,7,8023247,0.9844524,0.0530858,0.00664083,0.0,0.00496823,0.88142265,0.0,0.05388249,51978,6,0.28988893,3.3523747
319,8,8023248,0.98530284,0.04907073,0.00557837,0.0,0.00452658,0.91703379,0.0,0.02379053,51970,6,0.19690806,3.3523414
319,9,8023249,0.98532558,0.05121063,0.00542403,0.0,0.00451035,0.93263439,0.0,0.0062206,53002,6,0.17950398,3.3523748
319,10,8023250,0.98528782,0.04899013,0.00726712,0.0,0.00465228,0.91263323,0.0,0.02645724,51970,6,0.12585992,3.3523414
320,1,8023271,0.96254319,0.02549467,0.0,0.00207975,0.00092434,0.97132886,0.00015236,2.002e-05,43871,6,0.05378643,0.9991804
320,2,8023272,0.9624013,0.02489489,0.0,0.00208209,0.00089212,0.97195852,0.00015288,1.95e-05,65229,6,0.06948453,0.9989803
320,3,8023273,0.96287448,0.02506987,0.0,0.00208067,0.00088393,0.97179093,0.00015322,2.137e-05,22367,6,0.11190873,0.9991804
320,4,8023274,0.96245034,0.02518209,0.0,0.00208134,0.00091168,0.97164946,0.00015325,2.218e-05,19287,6,0.05350177,0.9991304
320,5,8023275,0.95950274,0.02453165,0.0,0.00207977,0.00101492,0.97220148,0.00015235,1.983e-05,59087,6,0.21084988,0.9989804
320,6,8023276,0.96281443,0.02519952,0.0,0.00208217,0.00089455,0.97164806,0.00015316,2.253e-05,22367,6,0.10772665,0.9991804
320,7,8023277,0.96246489,0.02510495,0.0,0.00208222,0.00090389,0.97173656,0.00015298,1.94e-05,24535,6,0.07365945,0.9991556
320,8,8023278,0.96247891,0.02519979,0.0,0.00208248,0.00089218,0.97165242,0.0001532,1.992e-05,24535,6,0.07525339,0.9991556
320,9,8023279,0.96241901,0.02530676,0.0,0.00208357,0.00092167,0.97151682,0.00015312,1.806e-05,14807,6,0.04621042,0.9991553
320,10,8023280,0.96230247,0.02519419,0.0,0.00207973,0.00092639,0.97162744,0.00015264,1.961e-05,58783,6,0.12467649,0.9991805
321,1,8023301,0.98607526,0.05221409,0.00651011,0.0,0.00405441,0.75253913,0.00016119,0.18452107,48940,6,0.21749446,2.9487609
321,2,8023302,0.98582155,0.05315526,0.00717505,0.0,0.0042098,0.7554222,0.00013757,0.17990013,44844,6,0.1414288,2.9487276
321,3,8023303,0.98540026,0.0547354,0.00684961,0.0,0.00451155,0.76794127,0.00014605,0.16581612,53036,6,0.1363712,2.9487276
321,4,8023304,0.98599571,0.0531743,0.00632956,0.0,0.00414701,0.76297041,0.00012392,0.1732548,48940,6,0.1808001,2.9487609
321,5,8023305,0.98580546,0.05378668,0.00653512,0.0,0.00429688,0.8297576,0.00013716,0.10548656,48940,6,0.17303447,2.9487609
321,6,8023306,0.9857918,0.05250575,0.0066361,0.0,0.00378368,0.72088523,0.00011458,0.21607466,48940,6,0.07846674,2.9487609
321,7,8023307,0.9859234,0.05263012,0.00657838,0.0,0.00442446,0.70290598,0.00017027,0.2332908,48940,6,0.2340071,2.9487609
321,8,8023308,0.9857549,0.05329263,0.0067969,0.0,0.0038406,0.62704664,0.0001303,0.30889293,48941,7,0.21978016,2.9488275
321,9,8023309,0.98599302,0.05215596,0.00669249,0.0,0.0041862,0.72219745,0.0001407,0.21462721,48940,6,0.13753786,2.9487609
321,10,8023310,0.98597534,0.05212106,0.00728853,0.0,0.00395233,0.59925154,0.00013004,0.3372565,44844,6,0.18790266,2.9487276
322,1,8023331,0.98595997,0.0306719,0.02198213,0.0,0.00073304,0.0,9.303e-05,0.9465199,23175,7,0.80456484,0.9993254
322,2,8023332,0.98593982,0.03079045,0.0221339,0.0,0.0007599,0.0,9.205e-05,0.94622371,23175,7,0.49911921,0.9993254
322,3,8023333,0.98594501,0.03083254,0.02190215,0.0,0.00074767,0.0,9.122e-05,0.94642642,23175,7,0.58671268,0.9993254
322,4,8023334,0.98599379,0.03035618,0.02211288,0.0,0.00073461,0.0,9.054e-05,0.9467058,23175,7,0.77928542,0.9993254
322,5,8023335,0.98610694,0.02946552,0.02041698,0.0,0.00074093,0.0,8.973e-05,0.94928684,23175,7,0.94756666,0.9993254
322,6,8023336,0.98610588,0.02957029,0.0205632,0.0,0.00073899,0.0,8.998e-05,0.94903754,23175,7,0.94807133,0.9993254
322,7,8023337,0.98558952,0.03416228,0.02489871,0.0,0.00072792,0.0,9.439e-05,0.9401167,23183,7,0.55282953,0.9994002
322,8,8023338,0.98567077,0.03378425,0.02422995,0.0,0.00074417,0.0,9.468e-05,0.94114694,23183,7,0.52112811,0.9994002
322,9,8023339,0.98586135,0.03180657,0.02233829,0.0,0.00073667,0.0,9.144e-05,0.94502703,23175,7,0.66406463,0.9993254
322,10,8023340,0.9859917,0.03052807,0.02169613,0.0,0.00075729,0.0,9.082e-05,0.94692769,23175,7,0.81231752,0.9993254
323,1,8023361,0.96897742,0.02247819,0.0,0.00052793,0.00351513,0.03045768,0.0,0.94302107,44543,7,0.05562638,0.9994061
323,2,8023362,0.96900987,0.02246787,0.0,0.00052763,0.00353828,0.02891313,0.0,0.94455309,15863,7,0.04129616,0.9993812
323,3,8023363,0.96911335,0.02244322,0.0,0.00052785,0.00352718,0.02316829,0.0,0.95033345,12159,7,0.03360109,0.9993562
323,4,8023364,0.969024,0.02241191,0.0,0.00052803,0.00347295,0.02278818,0.0,0.95079892,45047,7,0.04474757,0.9993729
323,5,8023365,0.96904621,0.0224621,0.0,0.00052777,0.00351268,0.02129415,0.0,0.9522033,40447,7,0.03456886,0.9994061
323,6,8023366,0.9690137,0.02243438,0.0,0.00052748,0.00355943,0.02150411,0.0,0.95197461,53247,7,0.04102384,0.9994062
323,7,8023367,0.96903826,0.02244196,0.0,0.00052828,0.00352306,0.03146872,0.0,0.94203798,45055,7,0.03637763,0.9994062
323,8,8023368,0.9691102,0.02244517,0.0,0.00052834,0.00353739,0.02183841,0.0,0.9516507,51199,7,0.07422533,0.9994062
323,9,8023369,0.96907183,0.0224538,0.0,0.00052838,0.00352016,0.02261969,0.0,0.95087798,46975,7,0.04247368,0.9994062
323,10,8023370,0.96898941,0.02249991,0.0,0.00052832,0.00352143,0.02889067,0.0,0.94455968,60927,7,0.04725564,0.9994061
324,1,8023391,0.98423834,0.05532942,0.00335995,0.0,0.00370484,0.89898819,0.0,0.0386176,51980,6,0.18192562,4.1557643
324,2,8023392,0.96867464,0.14124611,0.06235461,0.0,0.00348859,0.77811385,0.0,0.01479685,51980,6,0.08161378,4.1557643
324,3,8023393,0.98365981,0.05681088,0.00414725,0.0,0.00372043,0.91680105,0.0,0.01852039,51980,6,0.07916732,4.1557643
324,4,8023394,0.98400196,0.05134235,0.00368771,0.0,0.0035104,0.92882679,0.0,0.01263275,43812,6,0.07679839,4.1557311
324,5,8023395,0.98412945,0.05570483,0.00288651,0.0,0.00370371,0.92558794,0.0,0.01211701,51980,6,0.09247617,4.1557643
324,6,8023396,0.98430843,0.05348586,0.00328833,0.0,0.00381702,0.90711026,0.0,0.03229853,52004,6,0.05201028,4.1557311
324,7,8023397,0.98419608,0.05536542,0.00307631,0.0,0.00374304,0.89860371,0.0,0.03921153,52012,6,0.12006723,4.1557644
324,8,8023398,0.98420054,0.05456096,0.00312189,0.0,0.00381425,0.92191208,0.0,0.01659083,53036,6,0.08292796,4.1557643
324,9,8023399,0.98412753,0.05477206,0.00321501,0.0,0.00357986,0.92346429,0.0,0.01496878,53036,6,0.0519607,4.1557643
324,10,8023400,0.98421145,0.0555678,0.00317949,0.0,0.00383582,0.91639538,0.0,0.02102151,53004,6,0.07689054,4.1557644
325,1,8023421,0.95515413,0.01306596,0.0,0.00131866,0.00053938,0.98490746,0.00015693,1.159e-05,36873,6,0.22588379,0.9989151
325,2,8023422,0.95418704,0.01276345,0.0,0.00131895,0.0004367,0.98531346,0.00015685,1.06e-05,32971,6,0.22370964,0.9989147
325,3,8023423,0.95511032,0.01288464,0.0,0.00131876,0.00047402,0.98515367,0.00015682,1.209e-05,36941,6,0.28081225,0.998915
325,4,8023424,0.95498707,0.01280926,0.0,0.00132028,0.00047259,0.98523074,0.00015773,9.39e-06,32847,6,0.23894583,0.998915
325,5,8023425,0.95475387,0.01298971,0.0,0.00132003,0.00051883,0.9849999,0.00015795,1.358e-05,32971,6,0.16985239,0.9989147
325,6,8023426,0.95516105,0.01326051,0.0,0.00131908,0.00061458,0.98463279,0.00015697,1.608e-05,37007,6,0.15124213,0.9989148
325,7,8023427,0.95416493,0.01303441,0.0,0.00132209,0.00054008,0.98493136,0.00015796,1.411e-05,32971,6,0.25077359,0.9989147
325,8,8023428,0.95474926,0.01319738,0.0,0.00131917,0.0005895,0.98472016,0.00015653,1.725e-05,36937,6,0.1265519,0.998915
325,9,8023429,0.95471082,0.01357267,0.0,0.00132063,0.00067947,0.98425009,0.00015752,1.961e-05,37003,6,0.24799053,0.9989148
325,10,8023430,0.95480748,0.01296006,0.0,0.00132077,0.0005023,0.98504674,0.00015783,1.23e-05,32909,6,0.13485204,0.9989148
326,1,8023451,0.99419834,0.04387043,0.00757021,2.49e-06,0.00287228,0.0,0.00044458,0.94524001,49069,7,0.37848192,1.1448326
326,2,8023452,0.99424031,0.04259348,0.007866,2.45e-06,0.00278442,0.0,0.00043886,0.94631478,16301,7,0.27766741,1.1447827
326,3,8023453,0.99483093,0.04028013,0.00639526,2.25e-06,0.0026401,0.0,0.00043202,0.95025024,49069,7,0.94098418,1.1448326
326,4,8023454,0.99415378,0.04304099,0.00844878,2.28e-06,0.00289743,0.0,0.00044213,0.9451684,49069,7,0.31890737,1.1448326
326,5,8023455,0.99469274,0.04119979,0.00669494,2.32e-06,0.00262987,0.0,0.00043371,0.94903937,49069,7,0.60862306,1.1448326
326,6,8023456,0.99388396,0.04458099,0.00703733,2.32e-06,0.00281985,0.0,0.00044561,0.94511391,57261,7,0.41136022,1.1448326
326,7,8023457,0.99463521,0.04050709,0.00671302,2.43e-06,0.00276025,0.0,0.00043239,0.94958482,49069,7,0.84186305,1.1448326
326,8,8023458,0.99339196,0.04645963,0.0078206,2.48e-06,0.00297228,0.0,0.00045149,0.94229353,57261,7,0.50996264,1.1448326
326,9,8023459,0.99415863,0.04451378,0.00794879,2.32e-06,0.00294261,0.0,0.00044486,0.94414764,49069,7,0.38565069,1.1448326
326,10,8023460,0.99406787,0.04253129,0.00678431,2.31e-06,0.00305057,0.0,0.00043981,0.9471917,49069,7,0.52800193,1.1448326
327,1,8023481,0.98593659,0.04900577,0.0163627,0.0,0.00497468,0.8135553,0.00014304,0.11595851,51971,6,0.22249751,2.4938314
327,2,8023482,0.9857239,0.05167373,0.01403017,0.0,0.00537942,0.84473121,0.00015347,0.084032,51970,6,0.48970275,2.4937981
327,3,8023483,0.98533709,0.05205894,0.01494395,0.0,0.00512435,0.79529025,0.0001412,0.13244131,51978,6,0.37896965,2.4938314
327,4,8023484,0.98485257,0.05297313,0.01679458,0.0,0.00477883,0.63161106,0.00022047,0.29362193,51971,6,0.14317431,2.4938314
327,5,8023485,0.98598175,0.04890856,0.01354978,0.0,0.00557047,0.88712255,0.00019063,0.04465801,51970,6,0.61155776,2.4937981
327,6,8023486,0.98621849,0.04960766,0.01094048,0.0,0.00493971,0.83802635,0.00016068,0.09632511,51970,6,0.45842055,2.4937981
327,7,8023487,0.98598743,0.04993356,0.01539711,0.0,0.00454231,0.66442241,0.00014462,0.26555999,51970,6,0.19188801,2.4937981
327,8,8023488,0.98569768,0.04986054,0.01493428,0.0,0.00512534,0.70886589,0.00019353,0.22102043,51970,6,0.34535205,2.4937981
327,9,8023489,0.98540579,0.05189819,0.01760087,0.0,0.00512151,0.72420084,0.0001886,0.20099,51978,6,0.14780849,2.4938314
327,10,8023490,0.98522182,0.05246887,0.01585536,0.0,0.0049739,0.71058072,0.00019664,0.2159245,51978,6,0.17485468,2.4938314
328,1,8023511,0.96220291,0.02199362,0.0,0.00222305,0.0032769,0.07732927,0.0,0.89517716,8031,7,0.07047182,0.9991791
328,2,8023512,0.96213497,0.02200555,0.0,0.00222145,0.0032932,0.0718376,0.0,0.90064219,57311,7,0.05708875,0.9991791
328,3,8023513,0.96230537,0.02217332,0.0,0.00222044,0.0032999,0.07693326,0.0,0.89537308,35807,7,0.06785263,0.9991791
328,4,8023514,0.96211115,0.02221218,0.0,0.002221,0.00328985,0.04852706,0.0,0.92374991,32735,7,0.07035119,0.9991791
328,5,8023515,0.96187637,0.0219609,0.0,0.00222238,0.00327233,0.18749905,0.0,0.78504534,48095,7,0.0547458,0.9991791
328,6,8023516,0.96180017,0.02211503,0.0,0.00222175,0.00328354,0.09142718,0.0,0.88095249,28639,7,0.06666399,0.9991291
328,7,8023517,0.96195425,0.02189827,0.0,0.00222179,0.00323005,0.1949134,0.0,0.7777365,23391,7,0.05922619,0.999179
328,8,8023518,0.96210217,0.02210777,0.0,0.00222058,0.00330474,0.06778947,0.0,0.90457745,27615,7,0.0627119,0.9991292
328,9,8023519,0.96258748,0.02216375,0.0,0.00222308,0.00328422,0.09451849,0.0,0.87781046,14303,7,0.0494878,0.9991791
328,10,8023520,0.96232722,0.02217962,0.0,0.00222097,0.00329426,0.0512047,0.0,0.92110045,43999,7,0.11000343,0.9991791
329,1,8023541,0.98428242,0.05364045,0.00305232,0.0,0.00372898,0.75181854,0.0,0.18775971,53037,7,0.08994565,3.82543
329,2,8023542,0.95884309,0.14750424,0.00370033,0.0,0.00395897,0.69748648,0.0,0.14734997,57101,7,0.06517351,3.8254301
329,3,8023543,0.97056887,0.12904941,0.00297722,0.0,0.0044579,0.78466377,0.0,0.0788517,57132,6,0.15071813,3.8253634
329,4,8023544,0.98443111,0.05524039,0.00268637,0.0,0.00388344,0.69380629,0.0,0.24438352,56108,6,0.1003973,3.8253635
329,5,8023545,0.98426638,0.05419735,0.00282462,0.0,0.00375558,0.71469504,0.0,0.22452741,57125,7,0.10457104,3.8253551
329,6,8023546,0.98453527,0.05377138,0.00285466,0.0,0.00402814,0.81832935,0.0,0.12101647,47882,6,0.0700687,3.8253634
329,7,8023547,0.95527439,0.15480975,0.00403984,0.0,0.00364068,0.78616091,0.0,0.05134883,53499,6,0.08286397,3.8254301
329,8,8023548,0.98454829,0.05393785,0.0027428,0.0,0.00394232,0.77316078,0.0,0.16621625,48940,6,0.06032537,3.8253634
329,9,8023549,0.98408012,0.05374226,0.00295816,0.0,0.00374891,0.80123225,0.0,0.13831842,53004,6,0.10038614,3.8253302
329,10,8023550,0.98415729,0.05381242,0.00273541,0.0,0.00401132,0.81616825,0.0,0.1232726,47916,6,0.04791578,3.8253635
330,1,8023571,0.97247964,0.0323119,0.02569246,7.53e-06,0.00134355,0.93899539,0.00150889,0.00014028,1999,6,0.27148182,0.9991337
330,2,8023572,0.97455007,0.03107505,0.02282216,7.31e-06,0.00103856,0.94202494,0.00036195,0.00267003,6087,6,0.53186239,0.9991587
330,3,8023573,0.97413784,0.03112325,0.02195918,0.0001187,0.00112582,0.94470937,0.00025286,0.00071083,6095,6,0.25638875,0.9991837
330,4,8023574,0.97141345,0.02972456,0.02348983,0.00109014,0.00117868,0.9406772,0.00234846,0.00149114,22927,6,0.33121611,0.9986264
330,5,8023575,0.97271291,0.02529197,0.0233937,8.14e-06,0.00115831,0.94816202,0.00168193,0.00030393,22663,6,0.34016593,0.9989091
330,6,8023576,0.97309396,0.03218335,0.02850149,7.71e-06,0.00094949,0.93756862,0.000645,0.00014434,21327,6,0.48713956,0.9986264
330,7,8023577,0.97444034,0.03285998,0.0224891,7.1e-06,0.00104397,0.94331346,0.00017833,0.00010806,1991,6,0.66930398,0.9991337
330,8,8023578,0.97452357,0.03291515,0.02311128,7.17e-06,0.00106052,0.94258669,0.00017695,0.00014224,1991,6,0.4029502,0.9991337
330,9,8023579,0.97227754,0.03287418,0.02889923,7.56e-06,0.001227,0.93618618,0.00067177,0.00013408,21327,6,0.63819616,0.9986264
330,10,8023580,0.97205777,0.03379826,0.03048527,8.86e-06,0.00131881,0.93362361,0.00036367,0.00040151,21327,6,0.61425421,0.9986264
331,1,8023601,0.97926948,0.02420379,0.00827507,0.0,0.00439478,0.02229679,0.0,0.94082957,60927,7,0.04593199,0.9996117
331,2,8023602,0.97930898,0.02417066,0.00822485,0.0,0.00438045,0.01988693,0.0,0.94333712,36735,7,0.0638008,0.9996117
331,3,8023603,0.97926587,0.0241124,0.00829058,0.0,0.00438424,0.04018056,0.0,0.92303222,48639,7,0.0435414,0.9996117
331,4,8023604,0.97927447,0.02414523,0.00825824,0.0,0.00445105,0.01776053,0.0,0.94538495,36863,7,0.04401305,0.9996117
331,5,8023605,0.97930033,0.02410867,0.00836215,0.0,0.00441484,0.02343123,0.0,0.93968312,57215,7,0.03335553,0.9996117
331,6,8023606,0.9792873,0.0241562,0.00825273,0.0,0.00438088,0.0160696,0.0,0.94714059,40959,7,0.04032178,0.9996117
331,7,8023607,0.97927726,0.02413377,0.00833113,0.0,0.00441013,0.02537102,0.0,0.93775395,44927,7,0.04206952,0.9996117
331,8,8023608,0.9792812,0.02410247,0.00831189,0.0,0.00439113,0.01448652,0.0,0.94870799,30711,7,0.04120777,0.9995867
331,9,8023609,0.97928879,0.02415086,0.00832684,0.0,0.00442053,0.01849477,0.0,0.944607,15871,7,0.03965228,0.9996117
331,10,8023610,0.97926494,0.024089,0.00842611,0.0,0.00436908,0.03296685,0.0,0.93014896,28151,7,0.03915088,0.9995617
332,1,8023631,0.98542093,0.05118017,0.00368414,0.0,0.00445695,0.90330138,0.0,0.03737735,56074,6,0.30081977,3.9361589
332,2,8023632,0.98464186,0.05013275,0.00405319,0.0,0.00432745,0.92931137,0.0,0.01217524,43778,6,0.31714021,3.9360923
332,3,8023633,0.98068903,0.06475885,0.00427578,0.0,0.00512337,0.87663636,0.0,0.04920565,56066,6,0.14284834,3.9361256
332,4,8023634,0.9522584,0.14049151,0.00360668,0.0,0.0040728,0.83173819,0.0,0.02009081,51978,6,0.21966187,3.9361256
332,5,8023635,0.98385563,0.05113127,0.00407012,0.0,0.00441082,0.92151576,0.0,0.01887203,56066,6,0.18602763,3.9361256
332,6,8023636,0.98479041,0.05167959,0.00392991,0.0,0.00430871,0.89703433,0.0,0.04304746,56074,6,0.12596347,3.9361589
332,7,8023637,0.9846542,0.05213674,0.00392721,0.0,0.00430577,0.92473916,0.0,0.01489111,56074,6,0.21519273,3.9361589
332,8,8023638,0.98435327,0.05071321,0.00379859,0.0,0.00420382,0.9265428,0.0,0.01474158,56074,6,0.27402408,3.9361589
332,9,8023639,0.9849708,0.04995445,0.00381586,0.0,0.00434494,0.92430068,0.0,0.01758407,51970,6,0.22907294,3.9360923
332,10,8023640,0.98516362,0.05220265,0.00368141,0.0,0.00437889,0.89302654,0.0,0.04671052,56074,6,0.32444322,3.9361589
333,1,8023661,0.96113734,0.02495216,0.0,0.00208777,0.00089345,0.97189277,0.00015341,2.044e-05,59743,6,0.12582054,0.9991725
333,2,8023662,0.96259484,0.02512415,0.0,0.00208664,0.00083822,0.97177242,0.00015395,2.463e-05,6111,6,0.14294921,0.9991725
333,3,8023663,0.95787886,0.02288517,0.0,0.00207933,0.00068365,0.97417048,0.00015383,2.755e-05,38479,6,0.31899802,0.9987728
333,4,8023664,0.96209762,0.02575196,0.0,0.00209065,0.00092027,0.97106243,0.00015408,2.061e-05,22487,6,0.07498611,0.9991475
333,5,8023665,0.96180559,0.02566199,0.0,0.00209112,0.00094734,0.97112433,0.00015366,2.156e-05,8023,6,0.07289202,0.9991475
333,6,8023666,0.96152343,0.02543364,0.0,0.00209327,0.00092483,0.97137099,0.00015375,2.352e-05,48535,6,0.04914941,0.9991473
333,7,8023667,0.95867055,0.02389052,0.0,0.00208791,0.00098795,0.97285877,0.00015294,2.19e-05,61135,6,0.15252328,0.9989727
333,8,8023668,0.96164,0.0252404,0.0,0.00208917,0.0009332,0.9715617,0.00015359,2.194e-05,14815,6,0.11022454,0.9991723
333,9,8023669,0.95903272,0.02403873,0.0,0.0020872,0.00097598,0.972724,0.00015268,2.142e-05,59087,6,0.25754092,0.9989723
333,10,8023670,0.96110219,0.02517177,0.0,0.00208871,0.00092748,0.97163859,0.0001537,1.975e-05,36703,6,0.0726921,0.9991725
334,1,8023691,0.98446876,0.05455901,0.01811179,0.0,0.00681957,0.41022229,0.00065877,0.50962857,48941,7,0.19628012,2.4192542
334,2,8023692,0.98510065,0.05336336,0.01651703,0.0,0.00492954,0.34808329,0.00053515,0.57657162,44837,7,0.10981505,2.4191543
334,3,8023693,0.98653509,0.04995526,0.01284835,0.0,0.00390866,0.2388817,0.00041558,0.69399044,48941,7,0.26962983,2.4192542
334,4,8023694,0.98395155,0.05821904,0.01930608,0.0,0.00648831,0.41643655,0.00078777,0.49876224,48941,7,0.20545495,2.4192542
334,5,8023695,0.98573789,0.05183235,0.01929652,0.0,0.00455632,0.30965742,0.00044572,0.61421167,44845,7,0.10581197,2.4192542
334,6,8023696,0.98577127,0.05100477,0.01761532,0.0,0.00486582,0.37201412,0.00049104,0.55400894,48941,7,0.27627543,2.4192542
334,7,8023697,0.98394816,0.05430621,0.01460466,0.0,0.00665495,0.63802512,0.00099266,0.2854164,43821,6,0.14259828,2.4192542
334,8,8023698,0.98573511,0.05342745,0.01656445,0.0,0.00429037,0.27313785,0.00053582,0.65204405,48941,7,0.26707388,2.4192542
334,9,8023699,0.98604237,0.05071893,0.01603707,0.0,0.00439143,0.22106372,0.0004484,0.70734045,44845,7,0.37869189,2.4192542
334,10,8023700,0.98517642,0.05366196,0.01415218,0.0,0.00554866,0.34039412,0.00066038,0.5855827,44845,7,0.25426193,2.4192542
335,1,8023721,0.98921934,0.03967056,0.01884312,0.0,0.00224349,0.0,7.168e-05,0.93917116,19203,7,0.29547805,1.3248154
335,2,8023722,0.98923201,0.04080743,0.01985581,0.0,0.00231101,0.0,7.098e-05,0.93695477,19202,7,0.36272745,1.3247654
335,3,8023723,0.98870898,0.04274524,0.02643988,0.0,0.00238729,0.0,8.136e-05,0.92834622,20235,7,0.16901102,1.3248654
335,4,8023724,0.98886697,0.04229851,0.02269513,0.0,0.002736,0.0,7.3e-05,0.93219737,19210,7,0.1934844,1.3247655
335,5,8023725,0.98903627,0.04124342,0.0223604,0.0,0.00233051,0.0,7.291e-05,0.93399276,19210,7,0.18713398,1.3247655
335,6,8023726,0.98883564,0.04223393,0.03444702,0.0,0.00241996,0.0,9.164e-05,0.92080746,19210,7,0.61285439,1.3247655
335,7,8023727,0.98903614,0.03983986,0.02348437,0.0,0.00217623,0.0,7.668e-05,0.93442286,19211,7,0.23925287,1.3248654
335,8,8023728,0.98917104,0.04236555,0.01974392,0.0,0.00219377,0.0,7.152e-05,0.93562524,20234,7,0.52747468,1.3247655
335,9,8023729,0.98929509,0.04102407,0.0172912,0.0,0.0021074,0.0,6.943e-05,0.9395079,19210,7,0.41017088,1.3247655
335,10,8023730,0.98931881,0.04137805,0.01679869,0.0,0.00219666,0.0,6.996e-05,0.93955664,19210,7,0.37909947,1.3247655
336,1,8023751,0.96221589,0.02098668,0.0,0.00151033,0.00339959,0.02259784,0.0,0.95150555,32247,7,0.03866722,0.9992434
336,2,8023752,0.96221769,0.02097838,0.0,0.00151,0.0033746,0.04651308,0.0,0.92762394,15871,7,0.03274361,0.9992683
336,3,8023753,0.96216783,0.02109614,0.0,0.00150984,0.00337534,0.05114898,0.0,0.9228697,63487,7,0.03361888,0.9992684
336,4,8023754,0.96219846,0.02099639,0.0,0.00151049,0.00335671,0.0511445,0.0,0.9229919,45055,7,0.03535733,0.9992684
336,5,8023755,0.96242116,0.02106091,0.0,0.00151064,0.00339063,0.0345938,0.0,0.93944402,22527,7,0.03802575,0.9992684
336,6,8023756,0.9623921,0.02110957,0.0,0.00151061,0.00337533,0.02743455,0.0,0.94656995,61439,7,0.04030666,0.9992684
336,7,8023757,0.96241931,0.02109435,0.0,0.00151008,0.003419,0.02793296,0.0,0.94604362,45055,7,0.02670743,0.9992684
336,8,8023758,0.9620846,0.02100909,0.0,0.00151002,0.00335981,0.03703603,0.0,0.93708505,36351,7,0.03278099,0.9992683
336,9,8023759,0.96224395,0.02098854,0.0,0.00151089,0.0033921,0.0233796,0.0,0.95072887,8063,7,0.03933871,0.9992684
336,10,8023760,0.9622932,0.02105983,0.0,0.00151035,0.00338586,0.03983041,0.0,0.93421355,7671,7,0.04418565,0.9992433
337,1,8023781,0.98495075,0.06731142,0.92952892,0.0,0.00229275,0.00085397,0.0,1.295e-05,8354,4,0.51556862,4.3427099
337,2,8023782,0.98477097,0.06626402,0.9271926,0.0,0.00205812,0.00447266,0.0,1.261e-05,8354,4,0.74077388,4.3427099
337,3,8023783,0.98484917,0.06799778,0.92764937,0.0,0.00222116,0.00211898,0.0,1.271e-05,8418,4,0.40655526,4.3427101
337,4,8023784,0.984501,0.05999948,0.34902784,0.0,0.00306391,0.57513662,0.0,0.01277215,8354,4,0.26417302,4.3427099
337,5,8023785,0.98480872,0.06865727,0.9275062,0.0,0.00219183,0.00163094,0.0,1.376e-05,8418,4,0.3933875,4.3427101
337,6,8023786,0.98476383,0.06465734,0.63398643,0.0,0.00297118,0.28800136,0.0,0.01038368,8370,4,0.30063326,4.3435775
337,7,8023787,0.98475449,0.06558331,0.93198474,0.0,0.00205718,0.00036243,0.0,1.235e-05,8354,4,0.83557688,4.3427099
337,8,8023788,0.98397072,0.08342043,0.91155831,0.0,0.00458053,0.00041147,0.0,2.925e-05,55394,4,0.90753418,4.3428597
337,9,8023789,0.98398377,0.08308547,0.91183042,0.0,0.00464153,0.00041323,0.0,2.935e-05,55394,4,0.90796626,4.3428597
337,10,8023790,0.98474296,0.06624265,0.84689841,0.0,0.00234565,0.08297457,0.0,0.00153872,8354,4,0.40626238,4.3427099
338,1,8023811,0.95710411,0.0141139,0.00315725,0.00022182,0.00047921,0.98177163,0.00024784,8.34e-06,32779,6,0.13876058,0.9989982
338,2,8023812,0.9574422,0.01415927,0.00321509,0.00022321,0.00050046,0.98164047,0.00025222,9.27e-06,32845,6,0.12483263,0.9989982
338,3,8023813,0.95721287,0.01415828,0.00314538,0.0002399,0.00047694,0.98169804,0.00027584,5.62e-06,32783,6,0.21064302,0.9989982
338,4,8023814,0.95714594,0.01425377,0.00316943,0.00023501,0.00049339,0.98157158,0.00026871,8.11e-06,32907,6,0.17376058,0.998998
338,5,8023815,0.95666634,0.01545188,0.00338875,0.00026237,0.00085111,0.97970407,0.00032209,1.973e-05,37003,6,0.35479099,0.998998
338,6,8023816,0.95697163,0.01458247,0.00323801,0.00025169,0.00059584,0.98101424,0.0003014,1.635e-05,37007,6,0.17231749,0.998998
338,7,8023817,0.95728369,0.01440865,0.00322707,0.00023181,0.00056269,0.98128865,0.0002675,1.364e-05,36879,6,0.16788939,0.9989983
338,8,8023818,0.95745234,0.01470159,0.00323332,0.00024086,0.00064023,0.9808865,0.00028059,1.691e-05,32911,6,0.11343861,0.998998
338,9,8023819,0.95682047,0.01386581,0.00305509,0.0002161,0.00040138,0.98222066,0.00023668,4.29e-06,32841,6,0.1923655,0.9989982
338,10,8023820,0.95687246,0.01523243,0.00335034,0.00024703,0.00081068,0.98004314,0.00029801,1.838e-05,32907,6,0.32991397,0.998998
339,1,8023841,0.99210625,0.02923129,0.02101666,0.0,0.00658201,0.00346667,0.0,0.93970337,64895,7,0.045162,0.9998678
339,2,8023842,0.99210411,0.02910708,0.0206207,0.0,0.00659423,0.0048121,0.0,0.9388659,45055,7,0.03059073,0.9998678
339,3,8023843,0.99213214,0.02913378,0.02090455,0.0,0.00656059,0.00219803,0.0,0.94120304,48639,7,0.04159453,0.9998678
339,4,8023844,0.99212423,0.02912991,0.02107235,0.0,0.00654601,0.00277112,0.0,0.9404806,48639,7,0.04686782,0.9998678
339,5,8023845,0.99207594,0.02913388,0.02135279,0.0,0.00660251,0.0067668,0.0,0.93614401,65527,7,0.0331908,0.9998428
339,6,8023846,0.99215619,0.02915048,0.02088516,0.0,0.00653186,0.00144648,0.0,0.94198601,55295,7,0.04486911,0.9998678
339,7,8023847,0.99209289,0.02917951,0.02081535,0.0,0.00658259,0.00354115,0.0,0.93988141,36855,7,0.02682164,0.9998344
339,8,8023848,0.99211498,0.02918435,0.02122143,0.0,0.00649969,0.00128771,0.0,0.94180683,40959,7,0.03738863,0.9998678
339,9,8023849,0.99215948,0.0291469,0.02077999,0.0,0.0065517,0.00181233,0.0,0.94170907,40959,7,0.07678634,0.9998678
339,10,8023850,0.99212667,0.02923391,0.0215764,0.0,0.00653593,0.0023073,0.0,0.94034646,61439,7,0.04438181,0.9998678
340,1,8023871,0.9854814,0.05042945,0.00859214,0.0,0.00473742,0.89964441,4.365e-05,0.03655292,51970,6,0.22792663,3.2683906
340,2,8023872,0.98553905,0.05052972,0.00807445,0.0,0.00471731,0.88398562,3.177e-05,0.05266113,51978,6,0.19298577,3.2684239
340,3,8023873,0.98526266,0.05165611,0.00830972,0.0,0.00478986,0.91028947,3.263e-05,0.0249222,56074,6,0.17698985,3.2684572
340,4,8023874,0.9852777,0.05188654,0.00868506,0.0,0.00481046,0.88281956,3.371e-05,0.05176468,52010,6,0.32654956,3.268424
340,5,8023875,0.98482475,0.05329774,0.00965659,0.0,0.00478572,0.88618771,4.125e-05,0.04603098,56074,6,0.206627,3.2684572
340,6,8023876,0.98545509,0.0508088,0.00895472,0.0,0.00470409,0.90121625,3.169e-05,0.03428445,56066,6,0.18442717,3.2684239
340,7,8023877,0.98536541,0.05227304,0.00895146,0.0,0.00497221,0.91166146,3.221e-05,0.02210964,51970,6,0.23885827,3.2683906
340,8,8023878,0.985936,0.04957131,0.00780305,0.0,0.00480226,0.89740307,3.154e-05,0.04038877,51978,6,0.29503478,3.2684239
340,9,8023879,0.98549239,0.05053696,0.00815143,0.0,0.0048795,0.91409367,3.166e-05,0.02230678,51970,6,0.28811051,3.2683906
340,10,8023880,0.98557889,0.05082122,0.00806271,0.0,0.0047015,0.86227291,3.103e-05,0.07411062,51978,6,0.32134966,3.2684239
341,1,8023901,0.95992819,0.02430173,0.0,0.00207854,0.00087227,0.97257729,0.00015279,1.739e-05,22367,6,0.05407237,0.9991119
341,2,8023902,0.9599781,0.02457168,0.0,0.0020806,0.00088714,0.97228819,0.00015275,1.964e-05,19415,6,0.04651658,0.999062
341,3,8023903,0.95980595,0.02449614,0.0,0.00207982,0.00088779,0.97236284,0.00015274,2.066e-05,48095,6,0.06801197,0.999112
341,4,8023904,0.9597745,0.02461735,0.0,0.00207554,0.00088421,0.97225106,0.00015272,1.912e-05,48991,6,0.05866417,0.999112
341,5,8023905,0.95976639,0.02433927,0.0,0.00207602,0.00089264,0.97252218,0.00015266,1.722e-05,32159,6,0.11676291,0.999112
341,6,8023906,0.9595859,0.02406601,0.0,0.00207527,0.00085512,0.97283311,0.00015241,1.807e-05,28063,6,0.09951479,0.999062
341,7,8023907,0.95977357,0.02459172,0.0,0.00207545,0.00087732,0.97228302,0.00015305,1.943e-05,61407,6,0.06380878,0.999112
341,8,8023908,0.95968292,0.02426604,0.0,0.00207916,0.00086491,0.97261744,0.00015248,1.996e-05,57311,6,0.06415694,0.999112
341,9,8023909,0.95981771,0.02424651,0.0,0.00207689,0.00086122,0.97264576,0.00015284,1.679e-05,23007,6,0.0938856,0.9991118
341,10,8023910,0.96003822,0.02442604,0.0,0.00207903,0.0008846,0.97243929,0.00015297,1.808e-05,8023,6,0.06645862,0.999087
342,1,8023931,0.98214867,0.05922434,0.0054924,0.0,0.0044666,0.70399156,0.0,0.22682511,57132,6,0.09999472,3.5403212
342,2,8023932,0.98495224,0.05278409,0.00405975,0.0,0.00373922,0.64519532,0.0,0.29422161,53037,7,0.09696753,3.5403878
342,3,8023933,0.98426428,0.05626842,0.00499349,0.0,0.00463809,0.74800915,0.0,0.18609084,53036,6,0.13711522,3.5402879
342,4,8023934,0.98316629,0.05438413,0.00610725,0.0,0.00545921,0.68039265,0.0,0.25365676,57101,7,0.08830193,3.5403878
342,5,8023935,0.98336571,0.05409351,0.00470416,0.0,0.00601831,0.73200439,0.0,0.20317963,53037,7,0.06664911,3.5403878
342,6,8023936,0.98458212,0.05388708,0.00451354,0.0,0.00409359,0.69610859,0.0,0.2413972,56108,6,0.08110144,3.5403212
342,7,8023937,0.98380554,0.0534218,0.00472245,0.0,0.00528906,0.82810529,0.0,0.10846139,44844,6,0.09204237,3.5402879
342,8,8023938,0.9840836,0.04634064,0.00435985,0.0,0.003547,0.84363216,0.0,0.10212035,50397,6,0.09373882,3.5403878
342,9,8023939,0.98453092,0.05179122,0.00496025,0.0,0.00432169,0.61592297,0.0,0.32300387,48941,7,0.09523662,3.5403878
342,10,8023940,0.98482682,0.05421414,0.00447357,0.0,0.00452413,0.79920442,0.0,0.13758374,57132,6,0.14015001,3.5403212
343,1,8023961,0.98262324,0.02714088,0.02588286,0.0,0.00055762,0.0,0.00014275,0.94627589,23175,7,0.66031633,0.9990075
343,2,8023962,0.98264451,0.02565233,0.02517156,0.0,0.00054858,0.0,0.00014264,0.94848489,23175,7,0.66407925,0.9990075
343,3,8023963,0.98273921,0.02568752,0.02347991,0.0,0.00054083,0.0,0.00013792,0.95015383,23175,7,0.89035234,0.9990075
343,4,8023964,0.9825853,0.02688245,0.02548597,0.0,0.00053742,0.0,0.00014307,0.94695108,23175,7,0.49970756,0.9990075
343,5,8023965,0.98247312,0.02556374,0.02491489,0.0,0.00079976,0.0,0.00016947,0.94855213,23175,7,0.94402084,0.9990075
343,6,8023966,0.98206851,0.02600834,0.02407441,0.0,0.0009262,0.0,0.00021213,0.94877893,23175,7,0.92390523,0.9990075
343,7,8023967,0.98265555,0.02570362,0.02409101,0.0,0.00054734,0.0,0.00014064,0.94951739,23175,7,0.65643954,0.9990075
343,8,8023968,0.97992865,0.02946668,0.02766165,0.0,0.00237126,0.0,0.00037584,0.94012458,19079,7,0.53813994,0.9989326
343,9,8023969,0.98256225,0.0258817,0.02466741,0.0,0.00071638,0.0,0.00014192,0.94859259,23175,7,0.89857099,0.9990075
343,10,8023970,0.98272353,0.02548186,0.02421494,0.0,0.00053474,0.0,0.00013887,0.94962959,23175,7,0.9040426,0.9990075
344,1,8023991,0.97078082,0.02265774,0.0,0.0,0.00356873,0.01927429,0.0,0.95449924,30719,7,0.07342173,0.9994438
344,2,8023992,0.97075586,0.02265649,0.0,0.0,0.00356011,0.01917121,0.0,0.9546122,56831,7,0.10920917,0.9994437
344,3,8023993,0.97074233,0.02264525,0.0,0.0,0.00354794,0.02227089,0.0,0.95153592,58879,7,0.08443277,0.9994437
344,4,8023994,0.97073515,0.02266702,0.0,0.0,0.00356543,0.02316628,0.0,0.95060126,30719,7,0.08247325,0.9994438
344,5,8023995,0.97070087,0.02266593,0.0,0.0,0.00351704,0.04984187,0.0,0.92397517,50687,7,0.10756152,0.9994437
344,6,8023996,0.97078868,0.02265702,0.0,0.0,0.00353682,0.02454869,0.0,0.94925747,65023,7,0.09316073,0.9994437
344,7,8023997,0.97077901,0.02261667,0.0,0.0,0.00351149,0.02171419,0.0,0.95215765,53247,7,0.06263957,0.9994438
344,8,8023998,0.97074315,0.02267973,0.0,0.0,0.00351792,0.08311434,0.0,0.89068801,44543,7,0.06001293,0.9994437
344,9,8023999,0.97079193,0.02265006,0.0,0.0,0.00357085,0.01968404,0.0,0.95409504,62975,7,0.09232046,0.9994437
344,10,8024000,0.97074831,0.02266027,0.0,0.0,0.00353602,0.02743375,0.0,0.94636995,44543,7,0.07273731,0.9994437
345,1,8024021,0.98375505,0.05045902,0.00295305,0.0,0.00315887,0.91408869,0.0,0.02934036,48666,6,0.04696109,4.4139952
345,2,8024022,0.98309252,0.03036752,0.00060635,0.0,0.00129378,0.96770063,0.0,3.172e-05,52547,6,0.05963035,4.4139619
345,3,8024023,0.98401896,0.05370162,0.00318126,0.0,0.00364699,0.89991333,0.0,0.0395568,51972,6,0.0820187,4.4139285
345,4,8024024,0.97162702,0.10939994,0.03219272,0.0,0.00350264,0.80752679,0.0,0.04737791,57100,6,0.1024614,4.4139952
345,5,8024025,0.98434626,0.05268198,0.00292613,0.0,0.00378174,0.90993109,0.0,0.03067906,56074,6,0.0594672,4.4139951
345,6,8024026,0.98429661,0.05315182,0.00308098,0.0,0.00394511,0.91879322,0.0,0.02102887,51980,6,0.08704378,4.4139618
345,7,8024027,0.98440871,0.05275057,0.00306652,0.0,0.0038208,0.90719782,0.0,0.03316429,51970,6,0.07330776,4.4139285
345,8,8024028,0.98437673,0.05319875,0.0032889,0.0,0.00380324,0.91142829,0.0,0.02828082,56076,6,0.05714166,4.4139951
345,9,8024029,0.98321511,0.05937339,0.00370719,0.0,0.00380788,0.91508197,0.0,0.01802957,51980,6,0.16759835,4.4139618
345,10,8024030,0.98407229,0.05554625,0.00343372,0.0,0.00395432,0.92104842,0.0,0.01601729,56108,6,0.0850343,4.4139952
346,1,8024051,0.95417163,0.01783403,0.0,0.00184836,0.00052027,0.97962268,0.00015442,2.024e-05,36431,6,0.20456065,0.9988005
346,2,8024052,0.9530732,0.01689784,0.0,0.00184893,0.00075933,0.98031357,0.00015447,2.585e-05,37071,6,0.16316225,0.9988003
346,3,8024053,0.95736606,0.0209262,0.0,0.00191401,0.00083545,0.97615278,0.00015696,1.46e-05,37215,6,0.27548212,0.9992004
346,4,8024054,0.95107225,0.01477563,0.0,0.00184611,0.00071365,0.98248545,0.00015468,2.448e-05,37071,6,0.20438077,0.9988003
346,5,8024055,0.95054874,0.01396955,0.0,0.0018453,0.00073709,0.98326753,0.00015444,2.609e-05,32911,6,0.33853848,0.9988004
346,6,8024056,0.9504775,0.01378557,0.0,0.00184507,0.00065725,0.9835378,0.00015456,1.975e-05,32911,6,0.22355654,0.9988004
346,7,8024057,0.95263067,0.01584336,0.0,0.00184677,0.0007111,0.9814198,0.00015452,2.444e-05,35023,6,0.16238777,0.9988008
346,8,8024058,0.95178368,0.0154999,0.0,0.00184622,0.00071819,0.98175556,0.00015441,2.573e-05,32911,6,0.13331557,0.9988004
346,9,8024059,0.95303753,0.01602904,0.0,0.0018482,0.00052625,0.98142796,0.00015484,1.371e-05,34383,6,0.11941033,0.9988007
346,10,8024060,0.95096645,0.0138673,0.0,0.0018451,0.00057,0.9835465,0.00015444,1.665e-05,37071,6,0.23489694,0.9988003
347,1,8024081,0.99003352,0.04325131,0.00986376,7.2e-07,0.0023346,0.0,0.00022014,0.94432946,44845,7,0.47586339,1.7305648
347,2,8024082,0.99002153,0.04304045,0.00961233,6.9e-07,0.00234082,0.0,0.00022082,0.94478489,48941,7,0.35130321,1.7305648
347,3,8024083,0.99020917,0.04160679,0.0101751,7.2e-07,0.00232118,0.0,0.00022109,0.94567512,49069,7,0.50886386,1.7304189
347,4,8024084,0.99039175,0.04042068,0.00915383,7e-07,0.00232375,0.0,0.00021961,0.94788144,49069,7,0.64619007,1.7304189
347,5,8024085,0.99035799,0.0406669,0.0090236,7.4e-07,0.00233442,0.0,0.00021817,0.94775617,49069,7,0.61295516,1.7304189
347,6,8024086,0.99028646,0.04094017,0.00935448,6.9e-07,0.00232659,0.0,0.00021862,0.94715944,49069,7,0.61837316,1.7304189
347,7,8024087,0.98986633,0.04331135,0.01235047,7e-07,0.00238141,0.0,0.00022386,0.94173221,48909,7,0.41898637,1.7305648
347,8,8024088,0.9904675,0.03864947,0.01015725,7e-07,0.00228508,0.0,0.00022207,0.94868541,49069,7,0.6049572,1.7304189
347,9,8024089,0.99012645,0.04231985,0.0101175,7.2e-07,0.00237965,0.0,0.00022421,0.94495807,49069,7,0.44519892,1.7304189
347,10,8024090,0.99011762,0.04230834,0.01075436,7.3e-07,0.00238022,0.0,0.00022476,0.94433159,48941,7,0.42524182,1.7305648
348,1,8024111,0.98626578,0.04730056,0.01329882,0.0,0.0051152,0.73138549,0.00018247,0.20271746,51970,6,0.27980167,2.2043631
348,2,8024112,0.98638225,0.04723479,0.01276504,0.0,0.00485898,0.65196815,0.0001471,0.28302594,52994,6,0.17398496,2.2043631
348,3,8024113,0.98633789,0.04768724,0.01094866,0.0,0.00499263,0.63860504,0.00017347,0.29759295,51970,6,0.3125547,2.2043631
348,4,8024114,0.98633951,0.04635215,0.01653759,0.0,0.00468838,0.59188568,0.00018505,0.34035115,52994,6,0.15366018,2.2043631
348,5,8024115,0.98607967,0.04711831,0.0132762,0.0,0.00477603,0.63618264,0.00015984,0.29848698,19210,7,0.10593889,2.2042965
348,6,8024116,0.98601008,0.04828766,0.01771341,0.0,0.00449668,0.63646443,0.00017662,0.2928612,52994,6,0.14390403,2.2043631
348,7,8024117,0.98653816,0.04648199,0.01482625,0.0,0.00453085,0.62488594,0.00015246,0.30912252,51970,6,0.33199094,2.2043631
348,8,8024118,0.98622596,0.0481215,0.01563463,0.0,0.00460817,0.61405744,0.00018611,0.31739215,51970,6,0.29441575,2.2043631
348,9,8024119,0.98618169,0.04689437,0.0111839,0.0,0.00487148,0.6297503,0.0001694,0.30713055,51970,6,0.11819207,2.2043631
348,10,8024120,0.98615451,0.04716207,0.0129908,0.0,0.00476036,0.70273583,0.00017148,0.23217946,52994,6,0.18753747,2.2043631
349,1,8024141,0.95989455,0.02130935,0.0,0.00221968,0.00326142,0.10188939,0.0,0.87132016,32159,6,0.05975103,0.9991464
349,2,8024142,0.96015294,0.02134108,0.0,0.00221882,0.00323088,0.15886953,0.0,0.8143397,16351,7,0.03937922,0.9991465
349,3,8024143,0.9600441,0.02134639,0.0,0.00222138,0.00327494,0.05408873,0.0,0.91906856,32735,7,0.0590491,0.9991465
349,4,8024144,0.96073652,0.02155288,0.0,0.00222056,0.00324493,0.04876401,0.0,0.92421762,16351,7,0.07185583,0.9991465
349,5,8024145,0.96083902,0.02158347,0.0,0.00222086,0.00324109,0.10924743,0.0,0.86370714,16351,7,0.07927299,0.9991465
349,6,8024146,0.96014799,0.02143218,0.0,0.00221977,0.00321818,0.10387854,0.0,0.86925132,16351,7,0.06670823,0.9991465
349,7,8024147,0.96015023,0.02136717,0.0,0.00222147,0.00323123,0.12137743,0.0,0.8518027,60831,6,0.04999602,0.9991464
349,8,8024148,0.96039962,0.0214982,0.0,0.00222078,0.00326751,0.04840259,0.0,0.92461092,59359,7,0.08403068,0.9991465
349,9,8024149,0.96044322,0.02140577,0.0,0.00222153,0.00326931,0.06473571,0.0,0.90836768,16223,7,0.06741299,0.9991465
349,10,8024150,0.96050216,0.02162395,0.0,0.00222013,0.00321671,0.08097323,0.0,0.89196599,49119,7,0.08683285,0.9991465
350,1,8024171,0.98438587,0.05129839,0.00259027,0.0,0.00357756,0.79866847,0.0,0.14386531,51082,6,0.09296404,4.3588082
350,2,8024172,0.98416478,0.05396549,0.00319086,0.0,0.00387744,0.84071457,0.0,0.09825164,52012,6,0.0909073,4.3588082
350,3,8024173,0.98423403,0.0539589,0.00293855,0.0,0.00379921,0.80353112,0.0,0.13577221,56108,6,0.1144483,4.3588415
350,4,8024174,0.90423046,0.55369003,0.25606622,0.0,0.00160436,0.18169305,0.0,0.00694634,47867,4,0.15681735,4.3582371
350,5,8024175,0.98420864,0.05026854,0.0025425,0.0,0.00343557,0.86510414,0.0,0.07864925,44564,6,0.04496549,4.3587749
350,6,8024176,0.98425496,0.05339769,0.00285666,0.0,0.00350083,0.80142839,0.0,0.13881644,56108,6,0.10250484,4.3588415
350,7,8024177,0.88481109,0.67510118,0.32265239,0.0,0.00113735,0.00109519,0.0,1.388e-05,47867,4,0.21581821,4.3582371
350,8,8024178,0.98417101,0.05376648,0.00342328,0.0,0.00365125,0.70211634,0.0,0.23704265,51980,6,0.07522157,4.3588081
350,9,8024179,0.98422428,0.05302146,0.00294153,0.0,0.00386067,0.86871217,0.0,0.07146417,52996,6,0.06654584,4.3587749
350,10,8024180,0.98453554,0.05139511,0.00303116,0.0,0.00362068,0.76176993,0.0,0.18018313,56108,6,0.07566612,4.3588415
351,1,8024201,0.9727488,0.02859109,0.0225929,8.004e-05,0.00090657,0.9476004,0.00016641,6.258e-05,6095,6,0.60981255,0.9989334
351,2,8024202,0.96351478,0.02281404,0.02871666,0.00018337,0.00130017,0.94074159,0.00543472,0.00080944,22663,6,0.43227577,0.9986588
351,3,8024203,0.97273913,0.02859444,0.02233433,8.005e-05,0.0009079,0.94784783,0.00016719,6.826e-05,1999,6,0.66216654,0.9988834
351,4,8024204,0.97277551,0.02847969,0.02277214,7.963e-05,0.00089744,0.94750259,0.00016965,9.886e-05,1999,6,0.66072411,0.9988834
351,5,8024205,0.96373145,0.02670189,0.02954386,0.00438519,0.00177157,0.93349933,0.00300654,0.00109162,6087,6,0.48903398,0.9989084
351,6,8024206,0.97265663,0.02845953,0.02210341,7.981e-05,0.00088448,0.94822757,0.0001677,7.75e-05,6095,6,0.50049117,0.9989334
351,7,8024207,0.97277746,0.02850334,0.02352145,7.984e-05,0.00090293,0.94674251,0.00016895,8.099e-05,6087,6,0.44454934,0.9989084
351,8,8024208,0.95689371,0.02202122,0.02493275,0.00343655,0.00153101,0.93919253,0.00849977,0.00038617,18567,6,0.18714632,0.998584
351,9,8024209,0.97175927,0.02754511,0.02116769,8.769e-05,0.00099223,0.94989745,0.00023566,7.416e-05,1991,6,0.82705602,0.9988834
351,10,8024210,0.97047109,0.01879402,0.01501291,8.053e-05,0.00087565,0.96489484,0.00017305,0.00016901,22663,6,0.75804109,0.9986588
352,1,8024231,0.98315868,0.02502182,0.00820213,0.0,0.00483784,0.02100036,0.0,0.94093785,59391,7,0.05445688,0.9996892
352,2,8024232,0.98315194,0.02506945,0.00824556,0.0,0.00484232,0.02163258,0.0,0.94021009,32767,7,0.07071497,0.9996892
352,3,8024233,0.98315166,0.02501293,0.00809006,0.0,0.00485084,0.01743024,0.0,0.94461593,16383,7,0.04504577,0.9996892
352,4,8024234,0.98316445,0.02502686,0.00808163,0.0,0.00481512,0.03234875,0.0,0.92972765,32639,7,0.04389624,0.9996892
352,5,8024235,0.98315277,0.02508442,0.00799705,0.0,0.0048347,0.03683127,0.0,0.92525255,15871,7,0.04117079,0.9996892
352,6,8024236,0.98317001,0.0250238,0.00816857,0.0,0.00482365,0.0233245,0.0,0.93865948,52727,7,0.05666206,0.9996558
352,7,8024237,0.98319255,0.02504468,0.00811234,0.0,0.00485749,0.01310408,0.0,0.94888141,40831,7,0.04105704,0.9996892
352,8,8024238,0.98315817,0.02505629,0.00811193,0.0,0.00481253,0.01763622,0.0,0.94438303,50687,7,0.05840662,0.9996891
352,9,8024239,0.98318694,0.02502298,0.00814432,0.0,0.00483335,0.01603475,0.0,0.94596459,46975,7,0.06710179,0.9996892
352,10,8024240,0.98317133,0.02498459,0.00804246,0.0,0.004834,0.01685557,0.0,0.94528338,32767,7,0.04201773,0.9996892
353,1,8024261,0.98430266,0.05265689,0.00576988,0.0,0.00476181,0.8737131,0.0,0.06309832,51970,6,0.16285885,3.9951507
353,2,8024262,0.98455148,0.05233693,0.00505113,0.0,0.0046872,0.89621049,0.0,0.04171425,51970,6,0.26562714,3.9951507
353,3,8024263,0.98408826,0.05359899,0.00578774,0.0,0.00450866,0.88103032,0.0,0.0550743,51978,6,0.17023964,3.995184
353,4,8024264,0.98519034,0.04952092,0.00526216,0.0,0.00424743,0.86521608,0.0,0.0757534,51978,6,0.18557885,3.995184
353,5,8024265,0.98269872,0.05610096,0.0055212,0.0,0.00561509,0.92119303,0.0,0.01156972,51978,6,0.1802473,3.995184
353,6,8024266,0.98413995,0.05425399,0.0060477,0.0,0.00472194,0.90415417,0.0,0.0308222,51980,6,0.12125068,3.995184
353,7,8024267,0.98268547,0.05491284,0.00725719,0.0,0.0047036,0.90781143,0.0,0.02531495,51970,6,0.20252777,3.9951507
353,8,8024268,0.98264006,0.06039618,0.00633523,0.0,0.00491116,0.90849785,0.0,0.01985957,51978,6,0.22393773,3.995184
353,9,8024269,0.98382977,0.05423533,0.00688186,0.0,0.00477014,0.92297572,0.0,0.01113695,43778,6,0.10438159,3.9951507
353,10,8024270,0.98475436,0.05122006,0.00539643,0.0,0.00444396,0.89942544,0.0,0.03951412,56106,6,0.11940905,3.9952174
354,1,8024291,0.95313834,0.02367513,0.0,0.0020785,0.00077156,0.97328515,0.00015252,3.712e-05,40559,6,0.46263139,0.998677
354,2,8024292,0.95816136,0.02446988,0.0,0.00208478,0.00088823,0.972386,0.0001533,1.78e-05,22367,6,0.05280078,0.9990767
354,3,8024293,0.95848551,0.02460652,0.0,0.00208342,0.00089482,0.97224259,0.00015338,1.927e-05,2015,6,0.05816245,0.9990267
354,4,8024294,0.95801776,0.02435343,0.0,0.00208469,0.00088698,0.97249967,0.00015306,2.218e-05,20447,6,0.05758112,0.9990269
354,5,8024295,0.95833023,0.02475741,0.0,0.00208306,0.00090365,0.97208221,0.00015321,2.046e-05,23519,6,0.07786937,0.9990768
354,6,8024296,0.95830937,0.02455124,0.0,0.00208351,0.0008862,0.97230647,0.00015363,1.894e-05,23519,6,0.07099452,0.9990768
354,7,8024297,0.95843169,0.02458592,0.0,0.00208489,0.00088422,0.97227309,0.00015348,1.84e-05,8023,6,0.12875501,0.9990518
354,8,8024298,0.9587329,0.02460861,0.0,0.00208406,0.00086957,0.97226318,0.00015363,2.095e-05,8023,6,0.12050684,0.9990518
354,9,8024299,0.95838593,0.02458531,0.0,0.00208365,0.00087733,0.97227958,0.00015394,2.018e-05,23391,6,0.09350683,0.9990767
354,10,8024300,0.95830452,0.02424157,0.0,0.00208466,0.00088799,0.97261307,0.00015352,1.919e-05,22999,6,0.05817678,0.9990516
355,1,8024321,0.985936,0.05208792,0.01538423,0.0,0.00391801,0.60387961,0.00023748,0.32449275,48940,6,0.14413773,3.0678539
355,2,8024322,0.98646169,0.04983845,0.01737216,0.0,0.00411317,0.51175831,0.0003114,0.41660651,48940,6,0.23378931,3.0678539
355,3,8024323,0.9860305,0.05274164,0.01455482,0.0,0.00468809,0.67053409,0.00026063,0.25722073,44844,6,0.19253641,3.0678206
355,4,8024324,0.98541351,0.05373419,0.01535722,0.0,0.00502887,0.68120269,0.00042384,0.2442532,48940,6,0.16891186,3.0678539
355,5,8024325,0.98557644,0.05248824,0.01837499,0.0,0.00453338,0.60829188,0.00026587,0.31604564,44845,7,0.16007384,3.0679205
355,6,8024326,0.98567976,0.05249821,0.01863956,0.0,0.00497657,0.68606138,0.00026303,0.23756125,48940,6,0.20214318,3.0678539
355,7,8024327,0.98573432,0.05263176,0.01804889,0.0,0.00406015,0.48292734,0.00025565,0.4420762,44845,7,0.16248869,3.0679205
355,8,8024328,0.98543087,0.05403726,0.01592501,0.0,0.00454347,0.60087518,0.00030814,0.32431094,48940,6,0.24959572,3.0678539
355,9,8024329,0.98577151,0.05320606,0.01687008,0.0,0.00439657,0.63928718,0.00024633,0.28599379,44836,6,0.10882462,3.0677873
355,10,8024330,0.98502873,0.05524949,0.01874652,0.0,0.00517023,0.69114662,0.00037025,0.22931688,48940,6,0.18985232,3.0678539
356,1,8024351,0.9887328,0.03362001,0.01888383,0.0,0.00105477,0.0,9.468e-05,0.94634671,23175,7,0.62270655,0.9995338
356,2,8024352,0.98880999,0.03330902,0.01774297,0.0,0.00105363,0.0,9.402e-05,0.94780035,23175,7,0.94660347,0.9995338
356,3,8024353,0.98880157,0.03334899,0.01832504,0.0,0.00104364,0.0,9.427e-05,0.94718806,23175,7,0.94645691,0.9995338
356,4,8024354,0.98879932,0.0333892,0.01830457,0.0,0.00100906,0.0,9.478e-05,0.94720239,23175,7,0.9459465,0.9995338
356,5,8024355,0.9886862,0.03435565,0.0188349,0.0,0.00103227,0.0,9.416e-05,0.94568302,23175,7,0.58382873,0.9995338
356,6,8024356,0.98879485,0.03320137,0.01868166,0.0,0.00101512,0.0,9.448e-05,0.94700737,23175,7,0.94671057,0.9995338
356,7,8024357,0.98877944,0.03344089,0.01822057,0.0,0.00104857,0.0,9.455e-05,0.94719542,23175,7,0.80469931,0.9995338
356,8,8024358,0.98869514,0.03371128,0.01869062,0.0,0.00105154,0.0,9.489e-05,0.94645166,19079,7,0.54718162,0.9994589
356,9,8024359,0.98874536,0.03384583,0.0186442,0.0,0.00107144,0.0,9.473e-05,0.9463438,23175,7,0.89448439,0.9995338
356,10,8024360,0.98881527,0.03326133,0.01799949,0.0,0.00105352,0.0,9.312e-05,0.94759253,23175,7,0.94698439,0.9995338
357,1,8024381,0.96280801,0.02103793,0.0,0.00106015,0.00331387,0.02167584,0.0,0.95291221,61311,7,0.03273447,0.9992787
357,2,8024382,0.96266333,0.02103622,0.0,0.0010613,0.00331505,0.0268075,0.0,0.94777994,14207,7,0.05476819,0.9992786
357,3,8024383,0.96291376,0.02101627,0.0,0.00106052,0.00334929,0.02273352,0.0,0.9518404,15743,7,0.04907016,0.9992786
357,4,8024384,0.96273381,0.02106561,0.0,0.00106034,0.00330009,0.02304765,0.0,0.95152631,65535,7,0.04942559,0.9992787
357,5,8024385,0.96287734,0.02100943,0.0,0.00106023,0.00330265,0.03014571,0.0,0.94448198,24447,7,0.03437504,0.9992787
357,6,8024386,0.96278534,0.02098958,0.0,0.00106116,0.00333787,0.02170538,0.0,0.95290601,48639,7,0.04717945,0.9992786
357,7,8024387,0.96275394,0.02102516,0.0,0.0010597,0.00334373,0.02596907,0.0,0.94860233,30591,7,0.03722281,0.9992787
357,8,8024388,0.96271197,0.02104552,0.0,0.00105994,0.0033432,0.02232456,0.0,0.95222678,53247,7,0.06260631,0.9992787
357,9,8024389,0.96264417,0.02101952,0.0,0.00105988,0.00332227,0.03319467,0.0,0.94140366,59391,7,0.06754468,0.9992787
357,10,8024390,0.96273068,0.02102275,0.0,0.00106009,0.0033244,0.02622234,0.0,0.94837042,15743,7,0.04792006,0.9992786
358,1,8024411,0.98425452,0.0546123,0.00312826,0.0,0.00377456,0.91680129,0.0,0.02168359,56108,6,0.07550847,4.7502865
358,2,8024412,0.98434069,0.05312611,0.00303392,0.0,0.00382818,0.90555257,0.0,0.03445923,56108,6,0.07078524,4.7502865
358,3,8024413,0.98412207,0.05127018,0.00364165,0.0,0.0033745,0.90084436,0.0,0.04086932,51980,6,0.05261992,4.7502531
358,4,8024414,0.98436079,0.05511539,0.00306223,0.0,0.00394782,0.9211797,0.0,0.01669487,57100,6,0.11436773,4.7502865
358,5,8024415,0.98424399,0.05271181,0.00326038,0.0,0.00370361,0.90302317,0.0,0.03730103,56076,6,0.08303143,4.7502864
358,6,8024416,0.98416923,0.05325075,0.00309042,0.0,0.00360963,0.91676173,0.0,0.02328747,57100,6,0.05564963,4.7502865
358,7,8024417,0.98431971,0.05325215,0.00311209,0.0,0.00375972,0.92600729,0.0,0.01386874,52013,6,0.08544942,4.7503531
358,8,8024418,0.98415697,0.05068416,0.00272283,0.0,0.00334375,0.92055764,0.0,0.02269163,50844,6,0.09104871,4.7502532
358,9,8024419,0.98343095,0.05521554,0.00589048,0.0,0.00322034,0.92433361,0.0,0.01134002,48668,6,0.0580225,4.7502865
358,10,8024420,0.98423719,0.05293273,0.00306827,0.0,0.00372543,0.92037257,0.0,0.019901,56076,6,0.06448813,4.7502864
359,1,8024441,0.95080567,0.01298367,0.0,0.00045599,0.00031962,0.98606994,0.00016661,4.18e-06,36877,6,0.16169686,0.9988673
359,2,8024442,0.95185298,0.01404965,0.0,0.00046115,0.00063333,0.98466418,0.00017418,1.751e-05,36879,6,0.26438999,0.9988673
359,3,8024443,0.95178356,0.01385767,0.0,0.00046102,0.00057474,0.98491882,0.0001737,1.405e-05,36941,6,0.20650266,0.9988672
359,4,8024444,0.95156963,0.0146516,0.0,0.000467,0.00078514,0.98389513,0.00017927,2.187e-05,32971,6,0.27054316,0.9988669
359,5,8024445,0.9515959,0.01391932,0.0,0.00046163,0.00057192,0.98485726,0.00017328,1.66e-05,37067,6,0.18651497,0.9988669
359,6,8024446,0.95147262,0.01317021,0.0,0.00045737,0.00037248,0.98582749,0.00016801,4.44e-06,32911,6,0.1380651,0.998867
359,7,8024447,0.95141576,0.01377958,0.0,0.00046738,0.00054817,0.98501524,0.00017811,1.153e-05,37001,6,0.1487566,0.998867
359,8,8024448,0.95150957,0.01382027,0.0,0.00046272,0.00055652,0.98497287,0.00017592,1.17e-05,32911,6,0.18126738,0.998867
359,9,8024449,0.95112919,0.01374762,0.0,0.00046373,0.00054507,0.98505532,0.00017556,1.271e-05,37003,6,0.18645144,0.998867
359,10,8024450,0.9514584,0.01315602,0.0,0.00045617,0.0003753,0.98583769,0.00016702,7.79e-06,32843,6,0.2255009,0.9988672
360,1,8024471,0.9979411,0.03197592,0.0234313,0.0,0.00808285,0.00060935,0.0,0.93590058,55295,7,0.05995282,0.9999793
360,2,8024472,0.99788408,0.03182758,0.02384766,0.0,0.00796047,0.00046227,0.0,0.93590201,54775,7,0.02754874,0.9999543
360,3,8024473,0.99794111,0.03193802,0.02339066,0.0,0.00797367,0.00046811,0.0,0.93622953,46975,7,0.04261145,0.9999793
360,4,8024474,0.99787023,0.03181821,0.02307697,0.0,0.00802042,0.000349,0.0,0.9367354,44927,7,0.05708364,0.9999793
360,5,8024475,0.99788918,0.03187149,0.02327214,0.0,0.00794304,0.00042465,0.0,0.93648869,63487,7,0.04520064,0.9999793
360,6,8024476,0.99787774,0.03195776,0.02327237,0.0,0.00804538,0.00039261,0.0,0.93633188,52735,7,0.02695023,0.9999793
360,7,8024477,0.99788192,0.03184709,0.02328611,0.0,0.00803055,0.0004741,0.0,0.93636215,24567,7,0.04531877,0.9999543
360,8,8024478,0.99791694,0.03200994,0.02328836,0.0,0.00803486,0.00029798,0.0,0.93636886,44535,7,0.03853457,0.999946
360,9,8024479,0.99796708,0.03195879,0.02332568,0.0,0.00801849,0.00041295,0.0,0.9362841,59391,7,0.03138868,0.9999793
360,10,8024480,0.99786889,0.0318933,0.02342292,0.0,0.00807231,0.00047465,0.0,0.93613682,15871,7,0.05139869,0.9999793
361,1,8024501,0.98517197,0.05146911,0.00828396,0.0,0.00482559,0.7903672,0.00010968,0.14494445,51978,6,0.24715841,3.1049151
361,2,8024502,0.98580967,0.04896869,0.00698026,0.0,0.00496141,0.89385273,0.00010686,0.04513006,51970,6,0.36314219,3.1048818
361,3,8024503,0.98572127,0.04946461,0.00733524,0.0,0.00491113,0.864075,0.00011415,0.07409988,51978,6,0.46437019,3.1049151
361,4,8024504,0.98563902,0.04941726,0.00756051,0.0,0.00494551,0.84389696,0.00011594,0.09406381,51978,6,0.32860695,3.1049151
361,5,8024505,0.98585696,0.04822469,0.00763607,0.0,0.0049762,0.86994283,0.00010767,0.06911253,51978,6,0.30496907,3.1049151
361,6,8024506,0.98552904,0.04958338,0.00941131,0.0,0.0049358,0.84283743,0.00012961,0.09310247,51978,6,0.25577238,3.1049151
361,7,8024507,0.98581395,0.04895066,0.00751777,0.0,0.00485994,0.85851102,0.00012436,0.08003625,51978,6,0.31385378,3.1049151
361,8,8024508,0.98602611,0.04914298,0.00680018,0.0,0.00524692,0.92588122,0.00011082,0.01281789,51970,6,0.48139079,3.1048818
361,9,8024509,0.98546205,0.05068505,0.00720029,0.0,0.00512643,0.89968002,0.00012719,0.03718101,51978,6,0.45463371,3.1049151
361,10,8024510,0.9854349,0.04867388,0.00696194,0.0,0.00548109,0.860096,0.00012089,0.07866619,51970,6,0.38849016,3.1048818
362,1,8024531,0.95522511,0.02220821,0.0,0.00222624,0.00223037,0.17388494,0.0,0.79945024,59087,7,0.228701,0.9988476
362,2,8024532,0.9570149,0.02149498,0.0,0.00222769,0.00312753,0.21605625,0.0,0.75709356,26015,6,0.08362844,0.9989977
362,3,8024533,0.95660842,0.02158116,0.0,0.00222651,0.00315826,0.12644398,0.0,0.84659008,53215,7,0.06641144,0.9990478
362,4,8024534,0.95694472,0.02131704,0.0,0.00222794,0.00313021,0.15847443,0.0,0.81485038,44447,6,0.06832608,0.9990476
362,5,8024535,0.95713166,0.02165195,0.0,0.00222563,0.00318909,0.07094158,0.0,0.90199175,24543,7,0.05711767,0.9990478
362,6,8024536,0.95700576,0.02156984,0.0,0.00222665,0.00318533,0.08664747,0.0,0.88637072,51167,7,0.07039865,0.9990478
362,7,8024537,0.95704807,0.02148917,0.0,0.00223109,0.00318802,0.09107649,0.0,0.88201524,30679,7,0.06027465,0.9990228
362,8,8024538,0.95685702,0.02159578,0.0,0.00222725,0.00322798,0.04093477,0.0,0.93201422,62431,7,0.05301352,0.9990479
362,9,8024539,0.95683208,0.02153299,0.0,0.00222572,0.00315029,0.1167681,0.0,0.8563229,51167,7,0.06190227,0.9990478
362,10,8024540,0.95660384,0.02151702,0.0,0.00222847,0.00315021,0.11523018,0.0,0.85787412,64479,7,0.11649998,0.9990479
363,1,8024561,0.96402932,0.12138222,0.00375578,0.0,0.00464395,0.7433993,0.0,0.12681874,57100,6,0.04868179,4.1811782
363,2,8024562,0.98358233,0.05469117,0.00393597,0.0,0.00427721,0.78410516,0.0,0.15299049,48940,6,0.09617975,4.1811781
363,3,8024563,0.98390544,0.0531023,0.00333422,0.0,0.00457099,0.82068333,0.0,0.11830917,57100,6,0.06323092,4.1811782
363,4,8024564,0.98448549,0.05310447,0.00375507,0.0,0.00391482,0.83426043,0.0,0.10496522,57132,6,0.07581475,4.1811781
363,5,8024565,0.98420172,0.05236482,0.00359054,0.0,0.00390788,0.75295062,0.0,0.18718614,57100,6,0.13193769,4.1811782
363,6,8024566,0.98298005,0.05318905,0.00296013,0.0,0.00310876,0.63424482,0.0,0.30649725,57133,7,0.09266275,4.1812447
363,7,8024567,0.94343769,0.18686374,0.00315719,0.0,0.00338174,0.71742769,0.0,0.08916964,51085,6,0.05369299,4.1812448
363,8,8024568,0.98404477,0.05375184,0.00433689,0.0,0.00429729,0.85580265,0.0,0.08181133,53036,6,0.1670251,4.1811448
363,9,8024569,0.98487264,0.05176547,0.00346545,0.0,0.00405521,0.75489224,0.0,0.18582163,57101,7,0.06561646,4.1812448
363,10,8024570,0.98231311,0.05979886,0.00371578,0.0,0.0039913,0.808015,0.0,0.12447906,57100,6,0.1330067,4.1811782
364,1,8024591,0.96909777,0.03128923,0.02206089,4.83e-06,0.00227836,0.9411334,0.00302632,0.00020698,21327,6,0.22038461,0.9987078
364,2,8024592,0.96915425,0.02976507,0.01977544,1.001e-05,0.00169135,0.908804,0.00423178,0.03572235,18823,6,0.14559382,0.9985581
364,3,8024593,0.97173882,0.03004543,0.01970807,1.324e-05,0.00149998,0.94631432,0.00212552,0.00029344,22927,6,0.23823756,0.9987077
364,4,8024594,0.97044471,0.03176125,0.02012701,3.517e-05,0.00140476,0.92963269,0.00317626,0.01386285,22927,6,0.34707957,0.9987077
364,5,8024595,0.97105131,0.02777824,0.01811719,8.42e-06,0.0016597,0.94958371,0.00257028,0.00028246,22919,6,0.2890475,0.9986329
364,6,8024596,0.97360935,0.02888538,0.01860019,3.18e-06,0.00102073,0.9499676,0.00130345,0.00021948,22927,6,0.43787072,0.9987077
364,7,8024597,0.97075504,0.03392446,0.02187208,5.55e-06,0.00174358,0.94020844,0.00175342,0.00049247,1991,6,0.37060346,0.999188
364,8,8024598,0.97285727,0.03263972,0.02501764,3.45e-06,0.00109603,0.93862613,0.00033147,0.00228556,17231,6,0.41167279,0.9985005
364,9,8024599,0.96531983,0.03296976,0.02189756,6.4e-06,0.00386742,0.9030508,0.00495208,0.03325597,18823,6,0.18411242,0.9985581
364,10,8024600,0.96640721,0.03305545,0.02215574,7.62e-06,0.00275536,0.93690884,0.00490186,0.00021512,18823,6,0.17383613,0.9985581
365,1,8024621,0.97382933,0.02247179,0.00277172,0.0,0.00364721,0.01904652,0.0,0.95206277,14207,7,0.04005975,0.999499
365,2,8024622,0.97375328,0.02245349,0.00286419,0.0,0.0036926,0.02530108,0.0,0.94568863,32639,7,0.04397583,0.9994991
365,3,8024623,0.97379213,0.02245432,0.00275164,0.0,0.00368893,0.01950161,0.0,0.95160349,15871,7,0.04180588,0.999499
365,4,8024624,0.97370339,0.02246169,0.0027613,0.0,0.00369407,0.01694621,0.0,0.95413674,46591,7,0.05627339,0.999499
365,5,8024625,0.97378034,0.02247572,0.00279757,0.0,0.00368691,0.01769589,0.0,0.95334392,44535,7,0.04542914,0.9994657
365,6,8024626,0.97377661,0.02244797,0.00279462,0.0,0.00369331,0.01954022,0.0,0.95152388,32247,7,0.05448475,0.999474
365,7,8024627,0.97378919,0.02242461,0.00278234,0.0,0.00369865,0.0215432,0.0,0.94955119,24567,7,0.04996164,0.9994741
365,8,8024628,0.97376311,0.02248553,0.00279245,0.0,0.0036712,0.0152078,0.0,0.95584301,59391,7,0.06581055,0.9994991
365,9,8024629,0.97377954,0.02253129,0.00272798,0.0,0.00366203,0.01651787,0.0,0.95456083,14335,7,0.05090835,0.9994991
365,10,8024630,0.97376523,0.02250118,0.00279662,0.0,0.00366669,0.0162601,0.0,0.95477541,49151,7,0.04527484,0.9994991
366,1,8024651,0.98386329,0.05186163,0.00265568,0.0,0.00356854,0.90849275,0.0,0.03342139,56076,6,0.10262668,4.6350981
366,2,8024652,0.98397217,0.05314355,0.00321709,0.0,0.00383935,0.91171276,0.0,0.02808725,57100,6,0.05785493,4.6350982
366,3,8024653,0.98406113,0.05046558,0.00283974,0.0,0.00366408,0.91565593,0.0,0.02737466,44562,6,0.08323918,4.6350316
366,4,8024654,0.98387241,0.05175881,0.00302739,0.0,0.00376871,0.89235039,0.0,0.04909469,51981,6,0.07016941,4.6351647
366,5,8024655,0.98441403,0.05334708,0.00286251,0.0,0.00400654,0.87498814,0.0,0.06479573,51972,6,0.16980829,4.6350315
366,6,8024656,0.98394183,0.05088297,0.00260687,0.0,0.00370261,0.89133318,0.0,0.05147438,44572,6,0.06882614,4.6350649
366,7,8024657,0.98385441,0.05374844,0.0029367,0.0,0.00381926,0.90701845,0.0,0.03247715,57100,6,0.08673739,4.6350982
366,8,8024658,0.9743274,0.08735974,0.00341705,0.0,0.00452425,0.8698988,0.0,0.03480015,57100,6,0.09559791,4.6350982
366,9,8024659,0.98424144,0.05264274,0.00267941,0.0,0.00390146,0.92380227,0.0,0.01697412,56076,6,0.09795713,4.6350981
366,10,8024660,0.98387394,0.05239322,0.00308428,0.0,0.00397171,0.9221785,0.0,0.01837229,56074,6,0.07101663,4.6350981
367,1,8024681,0.95096206,0.02056438,0.0,0.00208337,0.00099234,0.97617242,0.00015414,3.336e-05,35535,6,0.1989054,0.9986792
367,2,8024682,0.95249906,0.02144065,0.0,0.00208142,0.00062826,0.9756774,0.00015367,1.86e-05,37999,6,0.2424424,0.998679
367,3,8024683,0.95453993,0.02333088,0.0,0.00209147,0.00096209,0.97343885,0.00015347,2.323e-05,60559,6,0.25630936,0.9988789
367,4,8024684,0.95751311,0.02435266,0.0,0.00209057,0.00086752,0.97251505,0.00015445,1.975e-05,2015,6,0.08968831,0.9990287
367,5,8024685,0.95784647,0.02442856,0.0,0.00209303,0.00086761,0.9724363,0.00015457,1.993e-05,14815,6,0.10857112,0.9990786
367,6,8024686,0.95814699,0.02406166,0.0,0.00209813,0.00083603,0.97282856,0.00015472,2.089e-05,14815,6,0.16669871,0.9990786
367,7,8024687,0.95520585,0.02315356,0.0,0.00209222,0.00093631,0.97364277,0.00015359,2.156e-05,61135,6,0.21360471,0.9988789
367,8,8024688,0.9533963,0.0212239,0.0,0.00208634,0.000754,0.97575219,0.0001536,2.998e-05,39503,6,0.31884328,0.9986789
367,9,8024689,0.95286478,0.02207889,0.0,0.00209079,0.00102221,0.97461008,0.00015359,4.444e-05,64687,6,0.14816174,0.998879
367,10,8024690,0.95107513,0.01987726,0.0,0.00208247,0.00089343,0.97696744,0.00015378,2.562e-05,34511,6,0.16514773,0.9986785
368,1,8024711,0.98805954,0.04385644,0.03346194,0.0,0.00292129,0.00157515,0.00015075,0.91803443,49069,7,0.279045,2.407259
368,2,8024712,0.98768188,0.04709688,0.02943039,0.0,0.00269774,0.00059267,0.00012662,0.92005569,48941,7,0.66273772,2.4075401
368,3,8024713,0.98809093,0.04509716,0.02795343,0.0,0.00303302,0.00050074,0.00015429,0.92326136,44845,7,0.48260479,2.4075401
368,4,8024714,0.98824851,0.04426345,0.02825279,0.0,0.00374164,0.00018928,0.00013623,0.9234166,48941,7,0.45909758,2.4075401
368,5,8024715,0.9885322,0.04522966,0.01740902,0.0,0.00246539,0.00016414,9.708e-05,0.93463471,48941,7,0.48725602,2.4075401
368,6,8024716,0.98846658,0.0451026,0.02516366,0.0,0.00250456,0.00026284,0.000141,0.92682534,48941,7,0.49010071,2.4075401
368,7,8024717,0.98867043,0.04443191,0.01812371,0.0,0.00234917,0.0002101,0.00010697,0.93477814,44845,7,0.42766888,2.4075401
368,8,8024718,0.98885923,0.04411127,0.01654615,0.0,0.00216104,0.00016841,9.411e-05,0.93691901,48941,7,0.51000963,2.4075401
368,9,8024719,0.98858206,0.04504637,0.02162997,0.0,0.00230585,0.00017433,0.00010592,0.93073755,44845,7,0.67912865,2.4075401
368,10,8024720,0.98820198,0.04375753,0.03185632,0.0,0.00350555,0.00149546,0.00017317,0.91921197,49069,7,0.36620607,2.407259
369,1,8024741,0.98845379,0.04201387,0.02250563,0.0,0.00213074,0.0,6.601e-05,0.93328375,20234,7,0.5261626,1.8172443
369,2,8024742,0.98785323,0.04321228,0.03568014,0.0,0.00250739,0.0,7.802e-05,0.91852217,19202,7,0.2404303,1.8172442
369,3,8024743,0.98802347,0.04291094,0.03204216,0.0,0.00227788,0.0,6.832e-05,0.92270071,20234,7,0.23321147,1.8172443
369,4,8024744,0.98735895,0.04381278,0.03581706,0.0,0.00331841,0.0,0.00010354,0.91694821,19202,7,0.2409259,1.8172442
369,5,8024745,0.98791672,0.04211067,0.02636494,0.0,0.00243353,0.0,7.345e-05,0.92901742,19210,7,0.20321354,1.8172443
369,6,8024746,0.98829879,0.04028146,0.0254158,0.0,0.0022809,0.0,7.198e-05,0.93194986,20226,7,0.30478121,1.8172443
369,7,8024747,0.98739351,0.04482809,0.03346067,0.0,0.00419015,0.0,0.00010182,0.91741928,20234,7,0.1488187,1.8172443
369,8,8024748,0.98841374,0.04159185,0.0208283,0.0,0.00218345,0.0,6.553e-05,0.93533087,19210,7,0.38666346,1.8172443
369,9,8024749,0.98812372,0.04179883,0.02613176,0.0,0.00235417,0.0,7.61e-05,0.92963913,20234,7,0.22079773,1.8172443
369,10,8024750,0.98797899,0.04314131,0.03145153,0.0,0.00263417,0.0,7.653e-05,0.92269646,19210,7,0.68788412,1.8172443
370,1,8024771,0.95719226,0.02044851,0.0,0.00192091,0.00322637,0.04905903,0.0,0.92534517,7551,7,0.0397506,0.9991243
370,2,8024772,0.95672751,0.02035438,0.0,0.00192272,0.00320976,0.07093945,0.0,0.90357367,47071,7,0.05304782,0.9991243
370,3,8024773,0.95663795,0.02033776,0.0,0.00192321,0.0032493,0.047891,0.0,0.92659873,58879,7,0.03626367,0.9991243
370,4,8024774,0.95678503,0.02045624,0.0,0.00192278,0.00323245,0.04443593,0.0,0.92995261,61407,7,0.04369299,0.9991243
370,5,8024775,0.95610681,0.02022673,0.0,0.00192298,0.00326159,0.04173378,0.0,0.93285491,14303,7,0.02509013,0.9991243
370,6,8024776,0.95644598,0.02031983,0.0,0.00192206,0.00324169,0.05865434,0.0,0.91586209,32735,7,0.04729909,0.9991243
370,7,8024777,0.95636163,0.02030119,0.0,0.00192243,0.00324954,0.05547613,0.0,0.9190507,22015,7,0.03278392,0.9991243
370,8,8024778,0.95692859,0.02045522,0.0,0.00192454,0.00322935,0.03343158,0.0,0.94095931,16223,7,0.02706141,0.9991243
370,9,8024779,0.95685042,0.02041529,0.0,0.00192165,0.00324645,0.037968,0.0,0.93644861,14303,7,0.05117124,0.9991243
370,10,8024780,0.95712233,0.02045259,0.0,0.00192253,0.00325789,0.05578367,0.0,0.91858332,24439,7,0.03861513,0.9990994
371,1,8024801,0.98423383,0.05336149,0.00286248,0.0,0.00363619,0.89922297,0.0,0.04091688,51980,6,0.09507661,4.9152262
371,2,8024802,0.98435416,0.05295879,0.00295334,0.0,0.003952,0.87312171,0.0,0.06701415,44836,6,0.07752654,4.9151929
371,3,8024803,0.98432645,0.0535372,0.00273012,0.0,0.00399251,0.85151808,0.0,0.08822209,56076,6,0.09791435,4.9152595
371,4,8024804,0.9843937,0.04969084,0.00279629,0.0,0.00361564,0.85401902,0.0,0.08987821,55178,6,0.08510137,4.9152596
371,5,8024805,0.98440194,0.04904347,0.00285731,0.0,0.00332537,0.83388645,0.0,0.1108874,57132,6,0.0520603,4.9152595
371,6,8024806,0.98439504,0.05258488,0.00290489,0.0,0.00379587,0.7454001,0.0,0.19531426,57132,6,0.08384517,4.9152595
371,7,8024807,0.98434966,0.05281827,0.00312942,0.0,0.00376237,0.78336014,0.0,0.1569298,53004,6,0.05555297,4.9152263
371,8,8024808,0.98432775,0.05273285,0.00321577,0.0,0.00356507,0.7649372,0.0,0.1755491,53005,7,0.08205561,4.9153262
371,9,8024809,0.98428029,0.05188464,0.00319475,0.0,0.00337884,0.79791775,0.0,0.14362402,52012,6,0.05796665,4.9152263
371,10,8024810,0.9803938,0.08749952,0.03088405,0.0,0.00349192,0.78252384,0.0,0.09560067,51972,6,0.0632234,4.9151929
372,1,8024831,0.9675265,0.02662805,0.02470402,0.00011711,0.00083605,0.94748173,0.00016833,6.47e-05,1991,6,0.40869927,0.9985987
372,2,8024832,0.96771693,0.02677967,0.02164105,0.00011458,0.00083546,0.95038887,0.00016518,7.52e-05,6095,6,0.5240573,0.9986488
372,3,8024833,0.96410381,0.01817517,0.01400224,0.00011434,0.00080116,0.966643,0.00016396,0.00010014,22663,6,0.69258373,0.9983742
372,4,8024834,0.96001576,0.01922719,0.01498065,0.0002226,0.00089758,0.95930445,0.00373344,0.00163409,22663,6,0.37901332,0.9983742
372,5,8024835,0.95873367,0.01780705,0.01034142,0.0072379,0.00091918,0.96289722,0.00066993,0.0001273,22663,6,0.56067198,0.9983742
372,6,8024836,0.96375406,0.01738999,0.01136732,0.00011913,0.00084636,0.96959081,0.00057497,0.00011142,22663,6,0.90170057,0.9983742
372,7,8024837,0.95846733,0.02704955,0.0225936,0.01370174,0.00088346,0.93327699,0.00243935,5.532e-05,1999,6,0.43420707,0.9985988
372,8,8024838,0.96383188,0.02409247,0.02343531,0.00012985,0.00077916,0.95063966,0.00087819,4.537e-05,1991,6,0.37527999,0.9985987
372,9,8024839,0.96502412,0.02540526,0.02592235,0.00013826,0.00105819,0.94625818,0.00114833,6.944e-05,6087,6,0.2623059,0.9986238
372,10,8024840,0.92942916,0.02786137,0.02695928,0.0377503,0.00140733,0.89454584,0.01140572,7.016e-05,22727,6,0.17077612,0.9983741
373,1,8024861,0.98811862,0.02635142,0.01607829,0.0,0.005703,0.00430781,0.0,0.94755947,15871,7,0.03567017,0.9997873
373,2,8024862,0.98811023,0.02639989,0.01607042,0.0,0.00568424,0.006187,0.0,0.94565845,60927,7,0.0453413,0.9997873
373,3,8024863,0.98810565,0.02641449,0.01633071,0.0,0.00565128,0.00619234,0.0,0.94541119,45055,7,0.03713137,0.9997873
373,4,8024864,0.9881107,0.02639089,0.01636375,0.0,0.00566958,0.00355253,0.0,0.94802325,8191,7,0.03649757,0.9997873
373,5,8024865,0.98811444,0.02637835,0.01621901,0.0,0.00566914,0.00348563,0.0,0.94824786,65023,7,0.04830402,0.9997873
373,6,8024866,0.98812842,0.02637881,0.01614458,0.0,0.00561052,0.00359635,0.0,0.94826975,56823,7,0.04381151,0.9997623
373,7,8024867,0.98810743,0.0264025,0.01620497,0.0,0.00570931,0.00346703,0.0,0.94821618,59263,7,0.0577383,0.9997873
373,8,8024868,0.98809555,0.02645082,0.01666573,0.0,0.00567197,0.00383313,0.0,0.94737836,48511,7,0.04374077,0.9997873
373,9,8024869,0.98812395,0.02647541,0.01641349,0.0,0.00570969,0.00339038,0.0,0.94801104,56831,7,0.04422924,0.9997873
373,10,8024870,0.98811801,0.02639738,0.01622869,0.0,0.00562847,0.00337327,0.0,0.9483722,65407,7,0.05221684,0.9997873
374,1,8024891,0.98508358,0.04743676,0.0054624,0.0,0.00465977,0.87919639,0.0,0.06324468,51978,6,0.12140329,3.9883508
374,2,8024892,0.98362975,0.05265862,0.00572288,0.0,0.00550952,0.88347292,0.0,0.05263605,56074,6,0.1608151,3.9883841
374,3,8024893,0.98427559,0.05102902,0.00690435,0.0,0.00498446,0.85292608,0.0,0.08415609,57098,6,0.13795579,3.9883842
374,4,8024894,0.98418016,0.05167146,0.00613522,0.0,0.00477869,0.91129738,0.0,0.02611725,56074,6,0.13121936,3.9883841
374,5,8024895,0.98166265,0.05745329,0.00641785,0.0,0.00480673,0.88538731,0.0,0.04593482,51970,6,0.14335612,3.9883175
374,6,8024896,0.9831198,0.0477025,0.00654167,0.0,0.00532805,0.92054469,0.0,0.01988309,56074,6,0.16080069,3.9883841
374,7,8024897,0.98596428,0.0467895,0.0051822,0.0,0.00452234,0.90347971,0.0,0.04002625,51978,6,0.28563855,3.9883508
374,8,8024898,0.98579567,0.04328608,0.00553152,0.0,0.00417758,0.94277761,0.0,0.0042272,52994,6,0.1807574,3.9883176
374,9,8024899,0.98427085,0.05123249,0.00599108,0.0,0.00519813,0.8445974,0.0,0.09298089,51970,6,0.11189902,3.9883175
374,10,8024900,0.98525465,0.04948533,0.00531672,0.0,0.00478943,0.93052773,0.0,0.00988078,52010,6,0.1383154,3.9883509
375,1,8024921,0.95453096,0.02388081,0.0,0.00207869,0.00087129,0.97299589,0.00015331,2e-05,8023,6,0.12207093,0.9989544
375,2,8024922,0.95432489,0.02397052,0.0,0.00208172,0.00085269,0.97292463,0.00015317,1.728e-05,51039,6,0.07424505,0.9989794
375,3,8024923,0.95444033,0.02401682,0.0,0.00207913,0.0008725,0.97285921,0.00015299,1.935e-05,65503,6,0.06651303,0.9989795
375,4,8024924,0.95423138,0.02376861,0.0,0.00208091,0.00087165,0.97310818,0.00015315,1.749e-05,23391,6,0.10989906,0.9989794
375,5,8024925,0.9543447,0.02389751,0.0,0.00207843,0.00085834,0.97299458,0.00015309,1.804e-05,24407,6,0.04712208,0.9989545
375,6,8024926,0.95436692,0.02374626,0.0,0.00208056,0.00085988,0.97314071,0.00015346,1.913e-05,57183,6,0.05649915,0.9989795
375,7,8024927,0.95390315,0.02367422,0.0,0.00207947,0.00085371,0.97322084,0.00015264,1.912e-05,22367,6,0.06913228,0.9989794
375,8,8024928,0.95424147,0.02360486,0.0,0.00208088,0.00084402,0.97330018,0.00015326,1.68e-05,19295,6,0.06144954,0.9989293
375,9,8024929,0.95438812,0.02372916,0.0,0.00208101,0.0008576,0.973162,0.00015322,1.7e-05,52063,6,0.04809843,0.9989794
375,10,8024930,0.95454901,0.02390017,0.0,0.00208004,0.00087255,0.97297684,0.00015329,1.712e-05,24415,6,0.10598577,0.9989795
376,1,8024951,0.98364048,0.05455781,0.00419666,0.0,0.00541483,0.67632701,0.0,0.2595037,44844,6,0.07658085,3.7955568
376,2,8024952,0.98448224,0.05439714,0.00412377,0.0,0.00462913,0.71855962,0.0,0.21829034,57101,7,0.08088563,3.7956568
376,3,8024953,0.98572135,0.05060401,0.00388802,0.0,0.00442188,0.69889385,0.0,0.24219223,44844,6,0.17596835,3.7955568
376,4,8024954,0.985531,0.05047421,0.00399697,0.0,0.00437141,0.71651637,0.0,0.22464104,48940,6,0.25948769,3.7955902
376,5,8024955,0.98318291,0.05375714,0.00426419,0.0,0.00734849,0.77741167,0.0,0.15721852,48940,6,0.29681776,3.7955902
376,6,8024956,0.9849454,0.0520431,0.00428028,0.0,0.00523736,0.76952378,0.0,0.16891548,48940,6,0.25479254,3.7955902
376,7,8024957,0.98445921,0.05260254,0.00382869,0.0,0.00451696,0.63968062,0.0,0.29937119,57133,7,0.18820337,3.7956568
376,8,8024958,0.98569059,0.05019651,0.00399464,0.0,0.00429305,0.70100985,0.0,0.24050594,48940,6,0.2907376,3.7955902
376,9,8024959,0.98558837,0.05088054,0.0038651,0.0,0.0038609,0.59761912,0.0,0.34377434,44845,7,0.13765262,3.7956568
376,10,8024960,0.98538772,0.05183668,0.00413465,0.0,0.00453494,0.69874745,0.0,0.24074629,48940,6,0.17541175,3.7955902
377,1,8024981,0.98478478,0.027527,0.01978778,0.0,0.00068017,0.0,9.207e-05,0.95191299,23175,7,0.80105747,0.9991828
377,2,8024982,0.98472594,0.02791295,0.01971763,0.0,0.00067592,0.0,9.088e-05,0.95160263,23175,7,0.60459648,0.9991828
377,3,8024983,0.98487564,0.02651781,0.01847614,0.0,0.00066494,0.0,9.116e-05,0.95424995,23175,7,0.95125712,0.9991828
377,4,8024984,0.98464582,0.02922331,0.02135667,0.0,0.00067611,0.0,9.485e-05,0.94864906,23175,7,0.43457767,0.9991828
377,5,8024985,0.98485282,0.02667875,0.01909463,0.0,0.00067883,0.0,9.149e-05,0.95345631,23175,7,0.94288691,0.9991828
377,6,8024986,0.98472557,0.02705324,0.01895508,0.0,0.00065924,0.0,9.062e-05,0.95324182,19079,7,0.76576641,0.999108
377,7,8024987,0.98475528,0.02684541,0.01892603,0.0,0.00066571,0.0,9.122e-05,0.95347163,19079,7,0.56715664,0.999108
377,8,8024988,0.98486835,0.02661369,0.01887744,0.0,0.00066975,0.0,9.055e-05,0.95374857,23175,7,0.9527831,0.9991828
377,9,8024989,0.98486051,0.02658924,0.01869443,0.0,0.00065087,0.0,9.082e-05,0.95397464,23175,7,0.88290772,0.9991828
377,10,8024990,0.98487276,0.02659881,0.01833049,0.0,0.00066562,0.0,9.066e-05,0.95431442,23175,7,0.95374892,0.9991828
378,1,8025011,0.96401626,0.02177023,0.0,9.187e-05,0.00333503,0.01936846,0.0,0.95543441,49023,7,0.0313766,0.9993047
378,2,8025012,0.9640646,0.02177731,0.0,9.207e-05,0.00330817,0.02753988,0.0,0.94728256,57343,7,0.03025792,0.9993047
378,3,8025013,0.96405677,0.02176118,0.0,9.187e-05,0.00329536,0.03304078,0.0,0.94181081,36223,7,0.04410813,0.9993047
378,4,8025014,0.96413072,0.02170694,0.0,9.205e-05,0.00332867,0.02288516,0.0,0.95198718,16255,7,0.04065929,0.9993047
378,5,8025015,0.96429879,0.0217615,0.0,9.179e-05,0.00330462,0.03042807,0.0,0.94441403,8063,7,0.04448465,0.9993047
378,6,8025016,0.96402606,0.02178721,0.0,9.205e-05,0.00329958,0.02133891,0.0,0.95348225,63487,7,0.03497772,0.9993047
378,7,8025017,0.96405711,0.02177324,0.0,9.174e-05,0.00330831,0.0314709,0.0,0.94335582,50687,7,0.0317959,0.9993047
378,8,8025018,0.96408882,0.02182119,0.0,9.21e-05,0.00332363,0.02782522,0.0,0.94693786,52735,7,0.02941181,0.9993047
378,9,8025019,0.96408875,0.02175631,0.0,9.204e-05,0.00332332,0.04403061,0.0,0.93079772,44919,7,0.04586553,0.9992714
378,10,8025020,0.96405639,0.02175607,0.0,9.199e-05,0.003314,0.02446975,0.0,0.95036818,49151,7,0.04357607,0.9993047
379,1,8025041,0.98434543,0.05221177,0.00297516,0.0,0.00382997,0.88081902,0.0,0.06016407,51981,6,0.0550443,5.1500955
379,2,8025042,0.98412609,0.05336418,0.00285829,0.0,0.00370669,0.90343199,0.0,0.03663885,56076,6,0.11031452,5.1500289
379,3,8025043,0.9840632,0.05269484,0.00312035,0.0,0.00370097,0.92387625,0.0,0.01660759,44564,6,0.07200039,5.1499623
379,4,8025044,0.98192591,0.06406861,0.00991874,0.0,0.00356175,0.87862322,0.0,0.04382768,56076,6,0.12161011,5.1500289
379,5,8025045,0.98415589,0.05384359,0.00309965,0.0,0.00385063,0.90653343,0.0,0.0326727,57132,6,0.11988123,5.1500289
379,6,8025046,0.98366711,0.05418818,0.00429044,0.0,0.00355527,0.90867986,0.0,0.02928624,56074,6,0.07855983,5.1500289
379,7,8025047,0.98414789,0.05154797,0.00320281,0.0,0.00369924,0.91614928,0.0,0.02540069,56076,6,0.11065743,5.1500289
379,8,8025048,0.96800445,0.12983583,0.04644503,0.0,0.00298582,0.80515652,0.0,0.0155768,44564,6,0.13463012,5.1499623
379,9,8025049,0.98431789,0.05146347,0.00298777,0.0,0.00375424,0.91470824,0.0,0.02708628,57098,6,0.12026928,5.150029
379,10,8025050,0.98420625,0.05247443,0.0034876,0.0,0.00383732,0.90313795,0.0,0.03706271,57100,6,0.10872003,5.150029
380,1,8025071,0.94592899,0.01288499,0.0,0.00177608,0.00062285,0.98454387,0.00015541,1.68e-05,32911,6,0.15131648,0.9987222
380,2,8025072,0.9460038,0.01361087,0.0,0.00177463,0.00073524,0.98370086,0.00015492,2.348e-05,37071,6,0.24032968,0.9987222
380,3,8025073,0.94533224,0.01295099,0.0,0.00177413,0.00065988,0.98443956,0.00015481,2.063e-05,32975,6,0.18676741,0.9987222
380,4,8025074,0.94444148,0.01286986,0.0,0.00177362,0.00075432,0.98442383,0.00015493,2.343e-05,32971,6,0.43026638,0.9987222
380,5,8025075,0.9456013,0.01333647,0.0,0.00177541,0.00064652,0.98406945,0.00015527,1.688e-05,35019,6,0.15883447,0.9987222
380,6,8025076,0.94601292,0.01375771,0.0,0.001775,0.00071377,0.98357342,0.00015542,2.468e-05,37007,6,0.15494227,0.9987223
380,7,8025077,0.94596045,0.01339983,0.0,0.00177485,0.00067667,0.98397497,0.00015512,1.856e-05,32975,6,0.18751454,0.9987222
380,8,8025078,0.9453259,0.01295914,0.0,0.00177448,0.00054457,0.98455447,0.00015508,1.227e-05,32847,6,0.17025676,0.9987225
380,9,8025079,0.94563257,0.01346597,0.0,0.0017746,0.00082074,0.98375804,0.00015508,2.557e-05,32911,6,0.30894674,0.9987222
380,10,8025080,0.94494441,0.01316278,0.0,0.00177448,0.00071425,0.98417282,0.00015488,2.078e-05,37067,6,0.37814102,0.9987222
381,1,8025101,0.99151587,0.03801206,0.00722102,7e-07,0.00250593,0.0,0.00025173,0.95200856,49069,7,0.64553397,1.5640148
381,2,8025102,0.99134297,0.04008746,0.00730125,7.4e-07,0.00241211,0.0,0.00025435,0.94994409,49069,7,0.51369607,1.5640148
381,3,8025103,0.99110462,0.04091797,0.00802058,7.4e-07,0.00244885,0.0,0.00025602,0.94835585,44845,7,0.40578147,1.5641275
381,4,8025104,0.99144263,0.03884504,0.00727391,7e-07,0.00247875,0.0,0.0002528,0.9511488,49069,7,0.69610274,1.5640148
381,5,8025105,0.99163495,0.03792243,0.00692911,7.1e-07,0.00235704,0.0,0.00025121,0.9525395,49069,7,0.8553597,1.5640148
381,6,8025106,0.99080463,0.04107461,0.00740877,7.8e-07,0.00249907,0.0,0.00025509,0.94876167,57261,7,0.47480176,1.5640148
381,7,8025107,0.99147726,0.03982916,0.00762681,7.4e-07,0.00241,0.0,0.00025321,0.94988007,49069,7,0.53971423,1.5640148
381,8,8025108,0.9917483,0.03698726,0.00660587,7.6e-07,0.002426,0.0,0.00024976,0.95373034,49069,7,0.95071501,1.5640148
381,9,8025109,0.99128311,0.04147244,0.00797073,8.1e-07,0.00246518,0.0,0.00025452,0.94783632,49069,7,0.39791351,1.5640148
381,10,8025110,0.99073683,0.04211792,0.00900417,8e-07,0.00250427,0.0,0.00025892,0.94611392,57261,7,0.23677093,1.5640148
382,1,8025131,0.98495278,0.05002192,0.01680076,0.0,0.00514894,0.66906198,0.00023916,0.25872725,51970,6,0.15618822,2.8486366
382,2,8025132,0.98511353,0.05067091,0.01553594,0.0,0.00556396,0.77407462,0.00020201,0.15395256,51970,6,0.33465052,2.8486366
382,3,8025133,0.98575,0.04782081,0.01625259,0.0,0.00518274,0.77371551,0.00022018,0.15680817,51970,6,0.51519378,2.8486366
382,4,8025134,0.98433157,0.05081826,0.01638459,0.0,0.00568244,0.65877628,0.00020282,0.26813562,51970,6,0.23740799,2.8486366
382,5,8025135,0.98587621,0.04801335,0.0148953,0.0,0.00566611,0.85804583,0.00022569,0.07315373,51970,6,0.70686566,2.8486366
382,6,8025136,0.98483184,0.05016189,0.02134822,0.0,0.00518861,0.70605607,0.00020119,0.21704402,51970,6,0.13938727,2.8486366
382,7,8025137,0.98509847,0.05115033,0.01705444,0.0,0.00496988,0.62942634,0.00017072,0.2972283,23306,7,0.10943302,2.8486699
382,8,8025138,0.98527481,0.05069128,0.01648932,0.0,0.00537174,0.70438506,0.00019693,0.22286568,51970,6,0.25484185,2.8486366
382,9,8025139,0.98498689,0.05094913,0.0164592,0.0,0.00510548,0.75010501,0.00016031,0.17722087,51972,6,0.22159841,2.8486366
382,10,8025140,0.98473578,0.0514671,0.01705618,0.0,0.00540796,0.73839951,0.00021915,0.18745011,52994,6,0.16965197,2.8486367
383,1,8025161,0.95462474,0.0209848,0.0,0.00222407,0.00305825,0.19238019,0.0,0.78135269,15327,7,0.05456841,0.9989884
383,2,8025162,0.95431304,0.02090801,0.0,0.00222649,0.00313507,0.06837776,0.0,0.90535267,31711,7,0.06037537,0.9989885
383,3,8025163,0.95411584,0.02090473,0.0,0.00222527,0.00312293,0.0977596,0.0,0.87598747,62431,7,0.05109515,0.9989885
383,4,8025164,0.95375185,0.02075478,0.0,0.00222349,0.0030903,0.12039032,0.0,0.85354111,65503,7,0.06026419,0.9989885
383,5,8025165,0.9537571,0.02086791,0.0,0.00222513,0.00314076,0.05181227,0.0,0.92195393,27615,7,0.05940553,0.9989386
383,6,8025166,0.95444177,0.02088574,0.0,0.00222414,0.00310346,0.10466246,0.0,0.8691242,23511,7,0.05508243,0.9989634
383,7,8025167,0.95415721,0.02093267,0.0,0.00222492,0.00313342,0.05036788,0.0,0.92334111,16351,7,0.06791501,0.9989885
383,8,8025168,0.95449799,0.02101579,0.0,0.0022265,0.00310631,0.06968112,0.0,0.90397027,16351,7,0.08444741,0.9989885
383,9,8025169,0.95418638,0.02089228,0.0,0.00222423,0.00303845,0.21788965,0.0,0.75595539,26015,6,0.05244278,0.9989383
383,10,8025170,0.95416375,0.02100047,0.0,0.00222435,0.00308387,0.11182298,0.0,0.86186833,12255,7,0.05860131,0.9989385
384,1,8025191,0.9831049,0.05556116,0.00291978,0.0,0.00379348,0.8255863,0.0,0.11213928,53036,6,0.08950364,4.880084
384,2,8025192,0.98398601,0.05147203,0.00264987,0.0,0.00369587,0.7798629,0.0,0.16231933,53029,7,0.06645914,4.880084
384,3,8025193,0.98439005,0.05202034,0.00260017,0.0,0.00397578,0.79140998,0.0,0.14999373,53036,6,0.06622723,4.880084
384,4,8025194,0.98408578,0.04851418,0.0023743,0.0,0.00336592,0.84654965,0.0,0.09919596,55178,6,0.06020119,4.8801174
384,5,8025195,0.98405488,0.02785735,0.00040845,0.0,0.00181163,0.96990109,0.0,2.148e-05,54490,6,0.17526253,4.8801174
384,6,8025196,0.98347865,0.05278037,0.00303877,0.0,0.00380665,0.8903019,0.0,0.05007231,52012,6,0.07139926,4.8800841
384,7,8025197,0.98423385,0.05121596,0.00281224,0.0,0.00375634,0.83729733,0.0,0.10491812,56108,6,0.11205107,4.8801174
384,8,8025198,0.98058624,0.06359837,0.00344888,0.0,0.00348401,0.82976753,0.0,0.09970122,52013,6,0.05725058,4.880184
384,9,8025199,0.98284781,0.05686316,0.00275229,0.0,0.00409047,0.8011711,0.0,0.13512297,53036,6,0.05204582,4.880084
384,10,8025200,0.98427248,0.04852359,0.0019488,0.0,0.00324874,0.79036281,0.0,0.15591606,55180,6,0.11853145,4.8801174
385,1,8025221,0.97188029,0.02902032,0.02063233,2.338e-05,0.00095642,0.94911513,0.00017202,8.041e-05,6087,6,0.55368925,0.9989188
385,2,8025222,0.97176821,0.02880944,0.0214843,2.333e-05,0.00095812,0.94847606,0.0001726,7.614e-05,1999,6,0.49473737,0.9988938
385,3,8025223,0.97173575,0.02888454,0.01922309,2.316e-05,0.00095036,0.95067558,0.00016992,7.336e-05,1991,6,0.61471342,0.9988938
385,4,8025224,0.97190296,0.02913704,0.02149534,2.342e-05,0.00096024,0.94814088,0.00017277,7.03e-05,6087,6,0.72815201,0.9989188
385,5,8025225,0.97167581,0.02874921,0.01981681,2.309e-05,0.00094338,0.95023196,0.00017016,6.539e-05,1991,6,0.8703643,0.9988938
385,6,8025226,0.97179969,0.0291757,0.02224865,2.363e-05,0.00095835,0.9473256,0.00017466,9.341e-05,6095,6,0.94441084,0.9989438
385,7,8025227,0.96989386,0.02959102,0.02307812,3.024e-05,0.00098235,0.94524895,0.00099289,7.643e-05,6095,6,0.53282774,0.9989438
385,8,8025228,0.9692205,0.02924568,0.02856435,2.304e-05,0.00074893,0.9411614,0.00017857,7.804e-05,21327,6,0.93901508,0.9982667
385,9,8025229,0.97188939,0.02909511,0.01985535,2.329e-05,0.00096025,0.94982222,0.000172,7.177e-05,6087,6,0.51060297,0.9989188
385,10,8025230,0.96609045,0.02386796,0.01599247,0.00190189,0.00118287,0.95247463,0.00279194,0.00178825,22927,6,0.28501203,0.9982666
386,1,8025251,0.97749564,0.02282889,0.00727363,0.0,0.00393112,0.01546873,0.0,0.95049763,48639,7,0.05016499,0.9995753
386,2,8025252,0.97753072,0.02281657,0.00716529,0.0,0.00394058,0.01118703,0.0,0.95489053,30719,7,0.05985662,0.9995753
386,3,8025253,0.97752257,0.02283375,0.00724801,0.0,0.00402927,0.01321288,0.0,0.95267608,48639,7,0.05134255,0.9995753
386,4,8025254,0.97752367,0.02278204,0.00734972,0.0,0.0039859,0.01762613,0.0,0.94825621,56823,7,0.0447542,0.9995503
386,5,8025255,0.97754627,0.02280523,0.00732594,0.0,0.00398099,0.01964476,0.0,0.94624309,52727,7,0.03466265,0.999542
386,6,8025256,0.97753296,0.02279433,0.00717898,0.0,0.00400096,0.01128653,0.0,0.9547392,30719,7,0.05559346,0.9995753
386,7,8025257,0.97754976,0.0228334,0.00731811,0.0,0.00397562,0.01426624,0.0,0.95160663,47103,7,0.05575838,0.9995753
386,8,8025258,0.97755659,0.02280536,0.00742512,0.0,0.00401489,0.01561494,0.0,0.95013968,32767,7,0.04814207,0.9995753
386,9,8025259,0.97752038,0.02280368,0.00738137,0.0,0.00398476,0.01165386,0.0,0.95417632,60927,7,0.05216159,0.9995753
386,10,8025260,0.97750494,0.02280918,0.00730322,0.0,0.00397212,0.0109759,0.0,0.95493958,14335,7,0.05445065,0.9995753
387,1,8025281,0.98421485,0.05006994,0.00388824,0.0,0.00414164,0.92839427,0.0,0.01350591,51978,6,0.13742551,4.8156566
387,2,8025282,0.98450632,0.05122577,0.00380343,0.0,0.00441722,0.91004663,0.0,0.03050695,56074,6,0.17773556,4.8156899
387,3,8025283,0.98302131,0.04969332,0.00409978,0.0,0.00444171,0.92296624,0.0,0.01879895,43786,6,0.09204681,4.8156566
387,4,8025284,0.98393081,0.04938046,0.00420612,0.0,0.00445172,0.91403128,0.0,0.02793042,51978,6,0.12583039,4.8156566
387,5,8025285,0.98191678,0.05656451,0.00422472,0.0,0.00428311,0.90660733,0.0,0.02832033,51978,6,0.16125664,4.8156566
387,6,8025286,0.98541604,0.04786661,0.00360454,0.0,0.00452803,0.9308422,0.0,0.01315863,51970,6,0.29279172,4.8156233
387,7,8025287,0.97526181,0.07227067,0.00461628,0.0,0.00411045,0.88072509,0.0,0.03827752,56074,6,0.09998081,4.8156899
387,8,8025288,0.98472396,0.04931039,0.00367876,0.0,0.00448706,0.88950777,0.0,0.05301602,51978,6,0.21525865,4.8156566
387,9,8025289,0.98389519,0.05072118,0.00351636,0.0,0.0042584,0.83924787,0.0,0.10225619,51978,6,0.14664363,4.8156566
387,10,8025290,0.9844681,0.05137454,0.00402325,0.0,0.00420731,0.90489855,0.0,0.03549635,56074,6,0.14645759,4.8156899
388,1,8025311,0.95346677,0.02398375,0.0,0.00208718,0.0008566,0.97289765,0.00015412,2.07e-05,22367,6,0.12560862,0.998948
388,2,8025312,0.9531052,0.02401345,0.0,0.00208685,0.00087893,0.97284483,0.00015429,2.165e-05,6103,6,0.07616316,0.9989231
388,3,8025313,0.95336238,0.02397953,0.0,0.00208624,0.00085753,0.97290291,0.00015407,1.973e-05,8023,6,0.07160383,0.9989231
388,4,8025314,0.94671281,0.023836,0.0,0.00208312,0.00108065,0.97281755,0.00015275,2.992e-05,36079,6,0.77945074,0.9985485
388,5,8025315,0.95282832,0.02436279,0.0,0.00208825,0.00091614,0.9724552,0.00015401,2.361e-05,42975,6,0.06081216,0.9989481
388,6,8025316,0.94834087,0.02298651,0.0,0.0020872,0.00096773,0.97378775,0.00015227,1.853e-05,59087,6,0.1746207,0.9987478
388,7,8025317,0.95282886,0.02391433,0.0,0.00208841,0.00086094,0.9729606,0.00015392,2.179e-05,8159,6,0.06231255,0.9989481
388,8,8025318,0.94827144,0.02237525,0.0,0.00208607,0.00091791,0.97445396,0.0001525,1.431e-05,59087,6,0.1937297,0.9987478
388,9,8025319,0.95288955,0.0238646,0.0,0.00208812,0.00087527,0.97299867,0.0001542,1.915e-05,43999,6,0.10165105,0.9989481
388,10,8025320,0.94849832,0.02237592,0.0,0.00208576,0.00086977,0.97449944,0.00015311,1.601e-05,58511,6,0.15425722,0.9987478
389,1,8025341,0.98536948,0.05251691,0.01673486,0.0,0.00488636,0.54367069,0.00039398,0.38179721,44837,7,0.13976485,3.1922825
389,2,8025342,0.98612384,0.05038664,0.01326063,0.0,0.00455376,0.6138208,0.00027,0.31770817,48940,6,0.23556118,3.1923158
389,3,8025343,0.98634117,0.04956915,0.01403357,0.0,0.00453986,0.52877334,0.0002871,0.40279697,48940,6,0.17048899,3.1923158
389,4,8025344,0.98523561,0.05190057,0.02146165,0.0,0.00454402,0.50452076,0.00035633,0.41721666,44845,7,0.16132673,3.1923824
389,5,8025345,0.98657327,0.04806993,0.01210927,0.0,0.00448817,0.50631938,0.00019145,0.4288218,44844,6,0.27057237,3.1922825
389,6,8025346,0.98653864,0.04957277,0.01367037,0.0,0.00406525,0.53459994,0.000206,0.39788568,48940,6,0.23807107,3.1923158
389,7,8025347,0.98453298,0.05482868,0.02395322,0.0,0.00615941,0.56552151,0.00035764,0.34917954,48940,6,0.1783201,3.1923158
389,8,8025348,0.98460829,0.05405387,0.0177066,0.0,0.00671008,0.72445918,0.00036972,0.19670055,44844,6,0.13463433,3.1922825
389,9,8025349,0.98582593,0.05040389,0.01525935,0.0,0.00457405,0.64582605,0.00034224,0.28359444,48941,7,0.18188385,3.1923825
389,10,8025350,0.98587787,0.05110591,0.01849452,0.0,0.00448443,0.53117274,0.00028409,0.3944583,48941,7,0.1599719,3.1923825
390,1,8025371,0.98933375,0.0386929,0.01305653,0.0,0.00227021,0.0,8.069e-05,0.94589968,19203,7,0.22508746,1.3160299
390,2,8025372,0.98936298,0.03954781,0.01274744,0.0,0.0022521,0.0,8.049e-05,0.94537217,19210,7,0.36361973,1.3159799
390,3,8025373,0.98934353,0.0390926,0.01459782,0.0,0.00226892,0.0,8.055e-05,0.94396012,19210,7,0.4719641,1.3159799
390,4,8025374,0.98918888,0.03913367,0.01531363,0.0,0.00220847,0.0,8.342e-05,0.94326081,19211,7,0.43782581,1.3160798
390,5,8025375,0.98941674,0.03683269,0.01235146,0.0,0.00212465,0.0,7.961e-05,0.94861158,19211,7,0.5061706,1.3160798
390,6,8025376,0.98927819,0.03952362,0.01457544,0.0,0.00229274,0.0,8.176e-05,0.94352644,20226,7,0.28078277,1.3159799
390,7,8025377,0.9891385,0.0375295,0.02108012,0.0,0.0023841,0.0,8.453e-05,0.93892175,20227,7,0.24948548,1.3160299
390,8,8025378,0.98915628,0.04071036,0.0158156,0.0,0.00225576,0.0,8.168e-05,0.94113661,19202,7,0.2179878,1.3159799
390,9,8025379,0.98877992,0.04336371,0.01484616,0.0,0.00222366,0.0,8.101e-05,0.93948545,18948,7,0.48976274,1.315717
390,10,8025380,0.98878001,0.04347758,0.01656918,0.0,0.00253932,0.0,8.318e-05,0.93733074,19204,7,0.17475874,1.3159799
391,1,8025401,0.95460093,0.01979685,0.0,0.00151042,0.00314091,0.03416477,0.0,0.94138705,24447,7,0.04484967,0.9991136
391,2,8025402,0.95453043,0.01982604,0.0,0.00151013,0.00312745,0.038612,0.0,0.93692438,49023,7,0.04744451,0.9991136
391,3,8025403,0.95458066,0.01980649,0.0,0.00151079,0.00315397,0.03457258,0.0,0.94095617,40831,7,0.03840653,0.9991136
391,4,8025404,0.95454887,0.01987051,0.0,0.00151009,0.0031491,0.03125875,0.0,0.94421155,26111,7,0.03222994,0.9990634
391,5,8025405,0.95470094,0.01988058,0.0,0.00151027,0.00316243,0.02484301,0.0,0.95060371,49023,7,0.05856011,0.9991136
391,6,8025406,0.95462225,0.01984235,0.0,0.00151141,0.00312373,0.02446335,0.0,0.95105915,40447,7,0.04510524,0.9991135
391,7,8025407,0.95459481,0.0198532,0.0,0.00150957,0.00314346,0.03185239,0.0,0.94364139,8063,7,0.05248731,0.9991135
391,8,8025408,0.9545518,0.01979485,0.0,0.00150905,0.0031411,0.03389068,0.0,0.94166432,8063,7,0.054878,0.9991135
391,9,8025409,0.95472313,0.01979938,0.0,0.0015106,0.00315389,0.04330604,0.0,0.93223009,49023,7,0.02436903,0.9991136
391,10,8025410,0.95457071,0.01978457,0.0,0.00150887,0.00313293,0.02529509,0.0,0.95027854,32767,7,0.04631273,0.9991136
392,1,8025431,0.98406844,0.05028519,0.00490523,0.0,0.00324828,0.92307935,0.0,0.01848194,43820,6,0.08359621,5.5023938
392,2,8025432,0.9840718,0.05121351,0.0038229,0.0,0.00338955,0.91253553,0.0,0.02903851,51980,6,0.06565589,5.5023937
392,3,8025433,0.98415248,0.05112358,0.00348878,0.0,0.00349871,0.92756735,0.0,0.01432157,57132,6,0.08410496,5.502427
392,4,8025434,0.98410395,0.05127854,0.00395148,0.0,0.00343978,0.88954077,0.0,0.05178942,51980,6,0.06260608,5.5023937
392,5,8025435,0.98414528,0.05082284,0.00352419,0.0,0.00365803,0.9086029,0.0,0.03339204,51980,6,0.08468073,5.5023937
392,6,8025436,0.98405173,0.05050772,0.00367347,0.0,0.00324922,0.91580181,0.0,0.02676778,44572,6,0.09102798,5.5023938
392,7,8025437,0.92977041,0.6178356,0.37052168,0.0,0.00098237,0.01062963,0.0,3.072e-05,55394,4,0.19860452,5.5013444
392,8,8025438,0.9841448,0.05282582,0.0036938,0.0,0.00364732,0.90812262,0.0,0.03171044,57132,6,0.10498746,5.502427
392,9,8025439,0.98412595,0.05225046,0.00355878,0.0,0.00344938,0.91874683,0.0,0.02199455,57132,6,0.05455345,5.502427
392,10,8025440,0.98401773,0.05013611,0.00391708,0.0,0.00317199,0.91826948,0.0,0.02450533,57132,6,0.04216026,5.502427
393,1,8025461,0.94666471,0.013986,0.00293275,0.00023263,0.00059057,0.98201226,0.00023488,1.091e-05,32843,6,0.22177286,0.9988111
393,2,8025462,0.94704899,0.01369619,0.00292144,0.00022793,0.00049714,0.98242243,0.00022643,8.43e-06,37071,6,0.17864185,0.9988108
393,3,8025463,0.94666225,0.01403736,0.00296335,0.00023564,0.00061181,0.98189696,0.00024121,1.367e-05,32907,6,0.14091536,0.9988108
393,4,8025464,0.94683012,0.01404574,0.0030199,0.00023249,0.00061294,0.98183498,0.00023799,1.597e-05,32971,6,0.16797844,0.9988108
393,5,8025465,0.94656708,0.01353545,0.00282575,0.00022496,0.00047225,0.98271174,0.00022205,7.8e-06,32781,6,0.24791058,0.9988112
393,6,8025466,0.94626737,0.01348127,0.00289537,0.00023224,0.00044978,0.9827003,0.00023348,7.56e-06,36937,6,0.22937424,0.9988111
393,7,8025467,0.94684412,0.01377645,0.00289589,0.00022757,0.00054513,0.98231315,0.00022944,1.237e-05,32779,6,0.16769669,0.9988112
393,8,8025468,0.94645592,0.01301245,0.00280024,0.00021354,0.00033778,0.98342668,0.00020481,4.5e-06,32779,6,0.46216313,0.9988112
393,9,8025469,0.9465807,0.01415048,0.00298353,0.00024392,0.00065131,0.98169785,0.00025704,1.586e-05,32911,6,0.2439294,0.9988108
393,10,8025470,0.94681263,0.01347505,0.00289055,0.00023555,0.00044163,0.98271235,0.0002379,6.97e-06,32973,6,0.17328556,0.9988108
394,1,8025491,0.99438619,0.02868178,0.02010921,0.0,0.00679109,0.00131535,0.0,0.94310257,53119,7,0.04721641,0.99991
394,2,8025492,0.99432213,0.02854613,0.02018187,0.0,0.00692971,0.0018388,0.0,0.94250349,53247,7,0.05612745,0.99991
394,3,8025493,0.99435617,0.02853802,0.02021257,0.0,0.00684052,0.00152699,0.0,0.94288191,63487,7,0.05015238,0.9999101
394,4,8025494,0.99437797,0.02863676,0.02042071,0.0,0.00688144,0.00191048,0.0,0.94215061,57343,7,0.05757431,0.9999101
394,5,8025495,0.99439041,0.02855875,0.02034358,0.0,0.00686401,0.00097176,0.0,0.9432619,58879,7,0.04613268,0.99991
394,6,8025496,0.99439453,0.02851195,0.02030572,0.0,0.0068898,0.001932,0.0,0.94236053,48639,7,0.03375076,0.99991
394,7,8025497,0.99435033,0.02863049,0.02024085,0.0,0.00684725,0.00238736,0.0,0.94189406,53247,7,0.03373941,0.99991
394,8,8025498,0.9943875,0.02864243,0.02033594,0.0,0.00674115,0.00088875,0.0,0.94339173,58879,7,0.04460728,0.99991
394,9,8025499,0.99435892,0.0286277,0.01986561,0.0,0.00681912,0.00099495,0.0,0.94369261,47103,7,0.04038691,0.9999101
394,10,8025500,0.99439614,0.0286411,0.01993599,0.0,0.00683656,0.00202763,0.0,0.94255871,50687,7,0.0323948,0.99991
395,1,8025521,0.984827,0.05155083,0.00854391,0.0,0.00496974,0.88188975,7.571e-05,0.05297006,51978,6,0.20034518,3.9068405
395,2,8025522,0.98496682,0.05161294,0.00812767,0.0,0.00486744,0.82234914,5.329e-05,0.11298952,56074,6,0.17919813,3.9068738
395,3,8025523,0.98498985,0.05066499,0.0089216,0.0,0.00487987,0.83775624,6.306e-05,0.09771424,52994,6,0.11897108,3.9068072
395,4,8025524,0.98473011,0.05149145,0.00875807,0.0,0.00484216,0.84160414,6.475e-05,0.09323943,56066,6,0.15476175,3.9068405
395,5,8025525,0.98500067,0.05066736,0.00833186,0.0,0.00464525,0.77168367,5.056e-05,0.1646213,23306,7,0.09812469,3.9068405
395,6,8025526,0.98489429,0.05179992,0.00876925,0.0,0.00488837,0.88380432,5.532e-05,0.05068282,56074,6,0.26666352,3.9068738
395,7,8025527,0.98494504,0.05084498,0.01106879,0.0,0.00477889,0.82838343,6.155e-05,0.10486236,53002,6,0.16231429,3.9068405
395,8,8025528,0.98531924,0.05010516,0.00874009,0.0,0.00435872,0.70053733,5.942e-05,0.23619927,51978,6,0.09972589,3.9068405
395,9,8025529,0.98529967,0.05066392,0.00790528,0.0,0.0046444,0.7663588,6.447e-05,0.17036313,51970,6,0.18440354,3.9068071
395,10,8025530,0.98503501,0.05044337,0.00789777,0.0,0.00510506,0.91682456,5.669e-05,0.01967256,56074,6,0.34962281,3.9068738
396,1,8025551,0.9496929,0.02310697,0.0,0.00207498,0.0008491,0.9738008,0.00015244,1.57e-05,23391,6,0.05391589,0.9988791
396,2,8025552,0.95051558,0.02290615,0.0,0.00207564,0.00081804,0.97403112,0.00015326,1.579e-05,23007,6,0.10026693,0.998879
396,3,8025553,0.95041816,0.02325506,0.0,0.00207698,0.00084136,0.97365813,0.00015299,1.548e-05,63455,6,0.07245267,0.9988793
396,4,8025554,0.95023069,0.02318162,0.0,0.00207635,0.00083467,0.97373859,0.00015315,1.562e-05,40799,6,0.04659675,0.9988793
396,5,8025555,0.95026278,0.023063,0.0,0.0020773,0.0008113,0.97387758,0.00015297,1.785e-05,51039,6,0.07315627,0.9988791
396,6,8025556,0.94970014,0.02324872,0.0,0.00207652,0.0008538,0.97365204,0.00015268,1.623e-05,45023,6,0.04016014,0.9988793
396,7,8025557,0.94993527,0.02335232,0.0,0.00207527,0.00086916,0.97353463,0.00015252,1.61e-05,22495,6,0.06119197,0.9988793
396,8,8025558,0.94999803,0.02322717,0.0,0.00207627,0.00084549,0.97368248,0.00015286,1.573e-05,8151,6,0.04560043,0.9988543
396,9,8025559,0.95011498,0.02312981,0.0,0.0020764,0.00083318,0.97379099,0.00015274,1.688e-05,22495,6,0.03794645,0.9988793
396,10,8025560,0.95017607,0.02307191,0.0,0.00207681,0.00083579,0.97384746,0.00015272,1.531e-05,40927,6,0.06811343,0.9988793
397,1,8025581,0.98347302,0.0538138,0.00537045,0.0,0.00541753,0.74482551,0.0,0.19057271,48940,6,0.09156988,4.6209436
397,2,8025582,0.98347481,0.04698233,0.00481982,0.0,0.00422368,0.83111181,0.0,0.11286236,53036,6,0.1013912,4.6209103
397,3,8025583,0.98420053,0.05173417,0.00535816,0.0,0.00445999,0.78035298,0.0,0.15809469,57132,6,0.06371734,4.6209436
397,4,8025584,0.98384214,0.05338899,0.00479536,0.0,0.00476886,0.80419297,0.0,0.13285381,57132,6,0.11179663,4.6209436
397,5,8025585,0.98522828,0.04848555,0.00501407,0.0,0.00351919,0.68594897,0.0,0.25703222,57132,6,0.0990622,4.6209436
397,6,8025586,0.98436387,0.05197231,0.00550441,0.0,0.00442843,0.7953418,0.0,0.14275305,48940,6,0.12327628,4.6209436
397,7,8025587,0.98447924,0.05228954,0.00604152,0.0,0.00445877,0.76155035,0.0,0.17565982,53036,6,0.1221084,4.6209103
397,8,8025588,0.98482488,0.05167928,0.00471642,0.0,0.0041192,0.70828522,0.0,0.23119988,53036,6,0.06039913,4.6209103
397,9,8025589,0.98261611,0.05674604,0.00545697,0.0,0.00507061,0.70686541,0.0,0.22586097,57101,7,0.07101398,4.6210103
397,10,8025590,0.9828675,0.05260182,0.00564912,0.0,0.00521401,0.6979951,0.0,0.23853995,57133,7,0.06999303,4.6210103
398,1,8025611,0.95577839,0.03366183,0.03031758,0.0,0.01198179,0.0,0.00923215,0.91480665,23175,7,0.44546672,0.9987543
398,2,8025612,0.95198228,0.03685298,0.03561583,0.0,0.0140929,0.0,0.01032919,0.9031091,23183,7,0.33291473,0.9988292
398,3,8025613,0.97556943,0.0253473,0.02569216,0.0,0.00196233,0.0,0.0016251,0.94537312,23175,7,0.79844461,0.9987543
398,4,8025614,0.96855684,0.0267509,0.02514898,0.0,0.00562507,0.0,0.00402906,0.93844599,23175,7,0.76080125,0.9987543
398,5,8025615,0.97793186,0.0239279,0.02527769,0.0,0.0008128,0.0,0.00056011,0.94942151,23175,7,0.58118597,0.9987543
398,6,8025616,0.9719235,0.02809938,0.02674834,0.0,0.0049167,0.0,0.00225236,0.93798322,23175,7,0.43264344,0.9987543
398,7,8025617,0.97888837,0.0234671,0.02403868,0.0,0.00059842,0.0,0.00017889,0.95171691,23175,7,0.7384522,0.9987543
398,8,8025618,0.97741706,0.02573547,0.02605834,0.0,0.00141539,0.0,0.00046086,0.94632995,19079,7,0.35768051,0.9986795
398,9,8025619,0.97610367,0.0264704,0.02772193,0.0,0.00221931,0.0,0.00086294,0.94272543,23175,7,0.48659483,0.9987543
398,10,8025620,0.96509479,0.02936614,0.02918663,0.0,0.00714084,0.0,0.00570886,0.92859753,23175,7,0.39207473,0.9987543
399,1,8025641,0.96627885,0.02111576,0.00251293,0.0,0.00318482,0.01462618,0.0,0.95856031,58879,7,0.05338195,0.9993491
399,2,8025642,0.96627528,0.02110575,0.00249315,0.0,0.0031792,0.01385842,0.0,0.95936348,40447,7,0.05442103,0.9993491
399,3,8025643,0.96639502,0.02113202,0.00249171,0.0,0.00318689,0.01273783,0.0,0.96045155,63359,7,0.05479826,0.9993492
399,4,8025644,0.96632394,0.02114011,0.00250165,0.0,0.00319634,0.01519428,0.0,0.95796763,56831,7,0.06094308,0.9993491
399,5,8025645,0.9663451,0.02109678,0.00248768,0.0,0.00319156,0.01290472,0.0,0.96031926,14335,7,0.04208506,0.9993492
399,6,8025646,0.96631619,0.02110326,0.00250112,0.0,0.00319025,0.01530158,0.0,0.95790379,30719,7,0.07720107,0.9993492
399,7,8025647,0.96633523,0.02108425,0.00247579,0.0,0.00319611,0.01888436,0.0,0.9543595,8191,7,0.04563502,0.9993492
399,8,8025648,0.96629155,0.02109312,0.00253218,0.0,0.00317003,0.01383087,0.0,0.9593738,16255,7,0.05231972,0.9993492
399,9,8025649,0.96626589,0.0211259,0.00251121,0.0,0.00315648,0.01784449,0.0,0.95536193,59391,7,0.04928869,0.9993492
399,10,8025650,0.96626001,0.02107775,0.00253052,0.0,0.00316932,0.01312692,0.0,0.96009549,65023,7,0.05065621,0.9993491
400,1,8025671,0.9834186,0.05160908,0.0032467,0.0,0.00364984,0.91238227,0.0,0.02911211,51980,6,0.08112752,5.5463214
400,2,8025672,0.98418649,0.04930064,0.00277698,0.0,0.00382785,0.91251109,0.0,0.03158344,51972,6,0.05310982,5.5462881
400,3,8025673,0.98403642,0.05263757,0.00281477,0.0,0.00383956,0.91069614,0.0,0.03001195,52004,6,0.07582087,5.5462882
400,4,8025674,0.98378454,0.0502065,0.00283011,0.0,0.00372604,0.91542134,0.0,0.02781601,51980,6,0.07416094,5.5463214
400,5,8025675,0.98176275,0.05159472,0.00301435,0.0,0.00328702,0.92969186,0.0,0.01241204,44572,6,0.18363125,5.5463215
400,6,8025676,0.98379142,0.05022674,0.00256689,0.0,0.00359102,0.90250015,0.0,0.0411152,56108,6,0.06007008,5.5463548
400,7,8025677,0.9841079,0.05049593,0.00293755,0.0,0.00375194,0.89982469,0.0,0.0429899,51980,6,0.06040997,5.5463214
400,8,8025678,0.98299068,0.05258031,0.00312708,0.0,0.00376725,0.90392122,0.0,0.03660414,51973,6,0.07622057,5.5463214
400,9,8025679,0.98313783,0.05238057,0.00292901,0.0,0.00401286,0.89512462,0.0,0.04555295,51972,6,0.07302983,5.5462881
400,10,8025680,0.98323406,0.05352131,0.00300276,0.0,0.00387912,0.90338792,0.0,0.0362089,56076,6,0.12563031,5.5463547
401,1,8025701,0.94199976,0.01635958,0.0,0.00208137,0.00057225,0.98082014,0.00015422,1.243e-05,34543,6,0.12557883,0.9985598
401,2,8025702,0.95234185,0.02472251,0.0,0.00210467,0.00089587,0.97209799,0.00015521,2.375e-05,24415,6,0.0799926,0.9989598
401,3,8025703,0.94606109,0.0220244,0.0,0.00208607,0.00088526,0.97482278,0.00015445,2.705e-05,40527,6,0.19750567,0.9985597
401,4,8025704,0.94476352,0.01930304,0.0,0.00208259,0.00081314,0.97762226,0.00015468,2.429e-05,39119,6,0.15118828,0.9985601
401,5,8025705,0.94723893,0.02214795,0.0,0.00208431,0.00098033,0.97460222,0.0001543,3.088e-05,34383,6,0.20238597,0.99856
401,6,8025706,0.95125373,0.02427458,0.0,0.0021004,0.00095696,0.97248781,0.0001546,2.565e-05,63183,6,0.1155651,0.9987595
401,7,8025707,0.94981117,0.02261332,0.0,0.00209188,0.00071366,0.97440018,0.00015466,2.63e-05,36431,6,0.15137313,0.9985597
401,8,8025708,0.94549046,0.02100818,0.0,0.00208295,0.00105942,0.97566486,0.00015422,3.038e-05,40655,6,0.25357633,0.9985602
401,9,8025709,0.95267669,0.02394175,0.0,0.00209967,0.00086222,0.97291729,0.00015529,2.378e-05,23007,6,0.11442753,0.9989595
401,10,8025710,0.94470048,0.01829652,0.0,0.00207814,0.0006589,0.97878477,0.00015416,2.751e-05,34383,6,0.28518345,0.99856
402,1,8025731,0.98929783,0.04152083,0.01236981,0.0,0.00219552,0.0,0.00012423,0.9437896,48941,7,0.76896193,2.367029
402,2,8025732,0.98938966,0.04080819,0.01458878,0.0,0.00212433,0.0,0.0001251,0.9423536,44845,7,0.40049666,2.367029
402,3,8025733,0.98933035,0.04089748,0.01889012,0.0,0.00229358,0.0,0.00012862,0.9377902,44845,7,0.42236231,2.367029
402,4,8025734,0.98927334,0.04144831,0.01158082,0.0,0.00215709,0.0,0.00012371,0.94469006,44845,7,0.56577269,2.367029
402,5,8025735,0.98928199,0.04026308,0.02206728,0.0,0.00222425,0.0,0.00013131,0.93531408,49069,7,0.42618559,2.3667559
402,6,8025736,0.98942386,0.04093402,0.01528717,0.0,0.00216598,0.0,0.00012478,0.94148805,44845,7,0.3940671,2.367029
402,7,8025737,0.98902019,0.04242236,0.02132196,0.0,0.00262434,0.0,0.00016017,0.93347117,44845,7,0.40039468,2.367029
402,8,8025738,0.98879545,0.04292829,0.01436934,0.0,0.00228439,0.0,0.00012476,0.94029322,57261,7,0.6406637,2.3667559
402,9,8025739,0.98929231,0.04131508,0.01405311,0.0,0.0021994,0.0,0.00012613,0.94230627,48941,7,0.68830266,2.367029
402,10,8025740,0.98949407,0.04065761,0.01215605,0.0,0.00212996,0.0,0.0001234,0.94493298,44845,7,0.42846425,2.367029
403,1,8025761,0.98515277,0.04738757,0.06357816,0.0,0.00504348,0.0,0.0002082,0.88378259,19210,7,0.50031207,2.4839698
403,2,8025762,0.98529593,0.04573943,0.07948396,0.0,0.00455843,0.0,0.00022092,0.86999726,19210,7,0.35859255,2.4839698
403,3,8025763,0.98575261,0.04525995,0.06821437,0.0,0.00351226,0.0,0.00020196,0.88281147,20226,7,0.14493021,2.4839698
403,4,8025764,0.98396631,0.04919614,0.08400617,0.0,0.00557968,0.0,0.00028311,0.86093491,23298,7,0.13432282,2.4840447
403,5,8025765,0.98499052,0.04950561,0.07021559,0.0,0.00416859,0.0,0.00021126,0.87589894,19210,7,0.23785738,2.4839698
403,6,8025766,0.98585074,0.04364687,0.06094123,0.0,0.00378773,0.0,0.0001604,0.89146376,19202,7,0.37828447,2.4839698
403,7,8025767,0.98759214,0.04198642,0.03551492,0.0,0.0023627,0.0,6.975e-05,0.9200662,19210,7,0.44926477,2.4839698
403,8,8025768,0.98603753,0.04472104,0.06237902,0.0,0.00315033,0.0,0.00015352,0.88959608,19210,7,0.30401639,2.4839698
403,9,8025769,0.98612968,0.04429217,0.05967509,0.0,0.00347345,0.0,0.00016564,0.89239365,19202,7,0.25994499,2.4839698
403,10,8025770,0.98708774,0.04354346,0.04101358,0.0,0.00264882,0.0,0.00010202,0.91269213,19210,7,0.50626003,2.4839698
404,1,8025791,0.95028835,0.02000699,0.0,0.0022207,0.00306432,0.05989748,0.0,0.91481051,61407,7,0.05081976,0.9989335
404,2,8025792,0.95017403,0.01996767,0.0,0.00221978,0.00305336,0.1141005,0.0,0.8606587,12255,7,0.0466809,0.9988835
404,3,8025793,0.95077918,0.02011936,0.0,0.00222066,0.00304144,0.07748623,0.0,0.89713231,64479,7,0.06201123,0.9989336
404,4,8025794,0.95050227,0.02030038,0.0,0.00221717,0.00306302,0.03807516,0.0,0.93634427,65503,7,0.10551627,0.9989335
404,5,8025795,0.95031672,0.02011067,0.0,0.00221815,0.00306127,0.02934589,0.0,0.94526403,49119,7,0.06707099,0.9989335
404,6,8025796,0.95011123,0.02016329,0.0,0.00221823,0.00306976,0.03743872,0.0,0.93710999,60383,7,0.0610158,0.9989336
404,7,8025797,0.95045297,0.02018792,0.0,0.00221981,0.00307446,0.03254535,0.0,0.94197247,65503,7,0.05769976,0.9989335
404,8,8025798,0.95091755,0.02017504,0.0,0.00221944,0.00304683,0.07083894,0.0,0.90371975,30559,7,0.04570479,0.9989335
404,9,8025799,0.95034106,0.01995219,0.0,0.00221889,0.00306982,0.0711903,0.0,0.9035688,47071,7,0.06408644,0.9989335
404,10,8025800,0.9508523,0.02023309,0.0,0.00221815,0.0030571,0.04488896,0.0,0.92960269,61407,7,0.05444218,0.9989335
405,1,8025821,0.98399718,0.05263524,0.00335642,0.0,0.00375237,0.8272161,0.0,0.11303987,52012,6,0.07929434,5.657117
405,2,8025822,0.98413831,0.04910928,0.00246386,0.0,0.00318398,0.81820382,0.0,0.12703905,53036,6,0.06772946,5.6571169
405,3,8025823,0.98405707,0.04905671,0.00306551,0.0,0.00332961,0.87619804,0.0,0.06835013,52012,6,0.0842743,5.657117
405,4,8025824,0.98418049,0.04921258,0.0027611,0.0,0.00354074,0.79058085,0.0,0.15390474,56108,6,0.04906491,5.6571504
405,5,8025825,0.98349517,0.05388541,0.00452246,0.0,0.00383801,0.83425916,0.0,0.10349496,53036,6,0.07525061,5.6571169
405,6,8025826,0.97273836,0.1216571,0.04611711,0.0,0.00327549,0.73957782,0.0,0.08937249,57124,6,0.06747302,5.6571169
405,7,8025827,0.98400314,0.05000943,0.0030262,0.0,0.00353406,0.83810566,0.0,0.10532465,52012,6,0.05527304,5.657117
405,8,8025828,0.98422411,0.04967656,0.00315944,0.0,0.00349103,0.82131479,0.0,0.12235818,57132,6,0.05346732,5.6571503
405,9,8025829,0.98408158,0.05066042,0.00286293,0.0,0.00367065,0.82394437,0.0,0.11886162,57133,7,0.04988792,5.6572169
405,10,8025830,0.98422314,0.05098215,0.00254798,0.0,0.00373832,0.82823883,0.0,0.11449273,53036,6,0.08767593,5.6571169
406,1,8025851,0.95806453,0.01862495,0.01232019,0.00026741,0.00098963,0.96470838,0.00296014,0.0001293,18567,6,0.37443611,0.9982453
406,2,8025852,0.9638675,0.02212192,0.01541532,0.00018893,0.00086768,0.95937315,0.00098607,0.00104694,22663,6,0.44288456,0.9983202
406,3,8025853,0.96643455,0.02641897,0.01987973,0.00011302,0.00086294,0.95250349,0.00016562,5.622e-05,6095,6,0.50075318,0.9985947
406,4,8025854,0.96641565,0.02619977,0.01871832,0.00011236,0.00084759,0.95391044,0.00016343,4.809e-05,1991,6,0.47054605,0.9985447
406,5,8025855,0.96665355,0.02628303,0.01954488,0.00011248,0.00087135,0.95293697,0.00016395,8.734e-05,6087,6,0.65724462,0.9985697
406,6,8025856,0.96650383,0.02624925,0.01999313,0.00011378,0.00086817,0.95253761,0.00016383,7.424e-05,6095,6,0.43387373,0.9985947
406,7,8025857,0.96647661,0.02639454,0.02147076,0.00011291,0.00085377,0.95094375,0.00016474,5.953e-05,6095,6,0.93916296,0.9985947
406,8,8025858,0.96040025,0.02261886,0.01934235,0.00019959,0.00096781,0.95319799,0.00359265,8.076e-05,22727,6,0.28991405,0.99832
406,9,8025859,0.94917806,0.02167808,0.02055787,0.00395748,0.00153059,0.94242391,0.00892067,0.00093141,22663,6,0.25687277,0.9983202
406,10,8025860,0.95734208,0.02153182,0.02406662,0.00216633,0.0012599,0.947172,0.00368126,0.00012207,22663,6,0.25002899,0.9983202
407,1,8025881,0.98263409,0.02380804,0.00870416,0.0,0.00473386,0.00844424,0.0,0.95430971,14335,7,0.0412933,0.9996764
407,2,8025882,0.98260348,0.02380545,0.00862607,0.0,0.00470984,0.00851195,0.0,0.95434669,61311,7,0.04720501,0.9996764
407,3,8025883,0.98260387,0.02376226,0.00869994,0.0,0.00471762,0.00894108,0.0,0.9538791,49151,7,0.04947413,0.9996764
407,4,8025884,0.98261308,0.02379864,0.00860441,0.0,0.00471324,0.00833934,0.0,0.95454436,51199,7,0.06270954,0.9996764
407,5,8025885,0.98260035,0.02378409,0.00865044,0.0,0.0047055,0.00884384,0.0,0.95401612,40959,7,0.06796553,0.9996764
407,6,8025886,0.98261058,0.02380449,0.00878911,0.0,0.00474862,0.00843154,0.0,0.95422625,14335,7,0.05119804,0.9996764
407,7,8025887,0.98259659,0.02379701,0.00889246,0.0,0.0047637,0.00905408,0.0,0.95349276,49151,7,0.05875035,0.9996764
407,8,8025888,0.98260271,0.02377459,0.00858527,0.0,0.00477857,0.0088235,0.0,0.95403807,65535,7,0.0610585,0.9996764
407,9,8025889,0.98261212,0.02374854,0.00878468,0.0,0.00479582,0.0094076,0.0,0.95326337,50687,7,0.05813498,0.9996763
407,10,8025890,0.98260929,0.0237932,0.00862213,0.0,0.00476446,0.00880264,0.0,0.95401758,62975,7,0.05776783,0.9996764
408,1,8025911,0.9839334,0.05015029,0.00600993,0.0,0.00520462,0.90466091,0.0,0.03397426,51978,6,0.21286917,4.953785
408,2,8025912,0.98184957,0.05481129,0.00612517,0.0,0.00518869,0.87158245,0.0,0.0622924,56106,6,0.06788288,4.9538184
408,3,8025913,0.98498697,0.04931549,0.00650337,0.0,0.00447631,0.86961453,0.0,0.0700903,51978,6,0.17743368,4.953785
408,4,8025914,0.9827932,0.05156338,0.00543321,0.0,0.00556605,0.87787826,0.0,0.05955911,56074,6,0.19191496,4.9538183
408,5,8025915,0.98473918,0.05027769,0.00446216,0.0,0.00460209,0.89868519,0.0,0.04197287,56074,6,0.15158667,4.9538183
408,6,8025916,0.98487868,0.05014812,0.00471042,0.0,0.00468184,0.89271747,0.0,0.04774215,51970,6,0.16138881,4.9537517
408,7,8025917,0.98337376,0.05223461,0.00659525,0.0,0.0046351,0.83761668,0.0,0.09891836,51970,6,0.11447357,4.9537517
408,8,8025918,0.98465259,0.04790789,0.00543209,0.0,0.00422488,0.90478204,0.0,0.0376531,8436,6,0.09731756,4.9536851
408,9,8025919,0.98234325,0.05203254,0.00664583,0.0,0.00547911,0.88642529,0.0,0.04941723,51972,6,0.09774165,4.9537517
408,10,8025920,0.98080402,0.05485294,0.00693678,0.0,0.00604581,0.9043542,0.0,0.02781027,51978,6,0.10334948,4.953785
409,1,8025941,0.94680409,0.02321987,0.0,0.00208237,0.00086176,0.97366623,0.00015356,1.622e-05,24407,6,0.04584548,0.9987794
409,2,8025942,0.94716011,0.02309563,0.0,0.0020813,0.00084459,0.97380899,0.0001535,1.599e-05,60831,6,0.10573485,0.9988043
409,3,8025943,0.94678024,0.02328135,0.0,0.00208416,0.00085703,0.9736075,0.00015287,1.708e-05,49119,6,0.05347511,0.9988044
409,4,8025944,0.94664492,0.02327779,0.0,0.00208196,0.0008633,0.97360685,0.00015311,1.699e-05,20447,6,0.07621102,0.9987544
409,5,8025945,0.94722604,0.02328768,0.0,0.00208319,0.00083542,0.97361941,0.00015356,2.075e-05,24415,6,0.11661884,0.9988044
409,6,8025946,0.94689469,0.02345317,0.0,0.00208471,0.00086669,0.97342425,0.00015355,1.764e-05,22495,6,0.06808236,0.9988044
409,7,8025947,0.94761378,0.02314998,0.0,0.00208183,0.00082633,0.9737685,0.00015388,1.948e-05,22495,6,0.10587663,0.9988044
409,8,8025948,0.94740119,0.02327502,0.0,0.00208344,0.00085684,0.97361265,0.00015363,1.842e-05,20439,6,0.05138983,0.9987544
409,9,8025949,0.9470767,0.02337858,0.0,0.00208425,0.00086493,0.97349984,0.00015365,1.874e-05,43999,6,0.04979322,0.9988044
409,10,8025950,0.94756952,0.02289384,0.0,0.00208189,0.00082986,0.97402299,0.00015379,1.763e-05,6111,6,0.09724824,0.9988044
410,1,8025971,0.98588467,0.05002004,0.00664394,0.0,0.00427345,0.64136105,0.00012151,0.29758,44844,6,0.16914403,4.1167175
410,2,8025972,0.98529587,0.05131549,0.00707694,0.0,0.00461269,0.71669876,0.00015465,0.22014146,48940,6,0.18098948,4.1167508
410,3,8025973,0.98487083,0.05438057,0.00725672,0.0,0.00502414,0.75969995,0.00017662,0.17346199,44844,6,0.19534541,4.1167175
410,4,8025974,0.98468228,0.05420311,0.00743538,0.0,0.00414769,0.7289226,0.00012406,0.20516717,57132,6,0.20345128,4.1167508
410,5,8025975,0.98523894,0.05135082,0.00694526,0.0,0.00395191,0.6440205,0.00016281,0.29356869,48940,6,0.0937293,4.1167508
410,6,8025976,0.98598437,0.0483695,0.00746599,0.0,0.00390502,0.55624764,0.00010924,0.38390261,44845,7,0.15189145,4.1168174
410,7,8025977,0.98548136,0.05119027,0.00669101,0.0,0.00450972,0.75227207,0.00014246,0.18519447,44844,6,0.16343229,4.1167175
410,8,8025978,0.98572831,0.05116088,0.00784743,0.0,0.00413983,0.6290746,0.00012183,0.30765543,48940,6,0.21099382,4.1167508
410,9,8025979,0.98581997,0.05024784,0.006519,0.0,0.00459596,0.74093113,0.00013433,0.19757175,48940,6,0.19280203,4.1167508
410,10,8025980,0.98515232,0.05236605,0.00687863,0.0,0.00417339,0.70305674,0.00015987,0.23336533,57100,6,0.0857994,4.1167508
411,1,8026001,0.98708526,0.02990161,0.01563468,0.0,0.00094355,0.0,9.84e-05,0.95342177,23175,7,0.95230385,0.999431
411,2,8026002,0.98708321,0.02990672,0.01577066,0.0,0.00095904,0.0,9.814e-05,0.95326544,23175,7,0.94815025,0.999431
411,3,8026003,0.98707245,0.02990852,0.01581772,0.0,0.00094377,0.0,9.897e-05,0.95323101,23175,7,0.87271097,0.999431
411,4,8026004,0.98694169,0.03026369,0.01638779,0.0,0.0009406,0.0,9.914e-05,0.95230878,19079,7,0.72812887,0.9993561
411,5,8026005,0.98706749,0.02994123,0.01592712,0.0,0.00092328,0.0,9.87e-05,0.95310968,23175,7,0.81750822,0.999431
411,6,8026006,0.98670425,0.0322221,0.01841912,0.0,0.00095557,0.0,0.00010229,0.94830093,19079,7,0.69478533,0.9993561
411,7,8026007,0.98707562,0.0299383,0.01583948,0.0,0.0009283,0.0,9.899e-05,0.95319493,23175,7,0.89310679,0.999431
411,8,8026008,0.98691949,0.03116244,0.01703988,0.0,0.00096509,0.0,0.00010059,0.95073201,23175,7,0.77735053,0.999431
411,9,8026009,0.98701063,0.03011036,0.01597811,0.0,0.00093928,0.0,9.904e-05,0.9528732,23175,7,0.51380061,0.999431
411,10,8026010,0.98690199,0.03070681,0.016541,0.0,0.00094495,0.0,0.00010064,0.9517066,19079,7,0.51859076,0.9993561
412,1,8026031,0.95463947,0.02021042,0.0,0.000575,0.00304998,0.01902974,0.0,0.95713485,24575,7,0.03512579,0.9991156
412,2,8026032,0.95470011,0.02020778,0.0,0.00057461,0.00306548,0.02326426,0.0,0.95288787,53119,7,0.05876037,0.9991156
412,3,8026033,0.95453735,0.02019634,0.0,0.00057518,0.00302629,0.02000678,0.0,0.9561954,47103,7,0.06583421,0.9991156
412,4,8026034,0.95463977,0.02020212,0.0,0.00057386,0.0030348,0.01968252,0.0,0.95650669,24575,7,0.05037195,0.9991156
412,5,8026035,0.95472809,0.02019089,0.0,0.00057452,0.00305036,0.0318075,0.0,0.94437673,54783,7,0.03975751,0.9991155
412,6,8026036,0.95462715,0.02027102,0.0,0.00057439,0.00303918,0.02063912,0.0,0.95547628,16383,7,0.04641197,0.9991156
412,7,8026037,0.9546682,0.02023378,0.0,0.00057409,0.00306935,0.01897138,0.0,0.9571514,16383,7,0.03399882,0.9991156
412,8,8026038,0.95480995,0.02017943,0.0,0.00057395,0.00305501,0.0226979,0.0,0.95349371,22015,7,0.06291299,0.9991155
412,9,8026039,0.95476195,0.02021362,0.0,0.00057444,0.00305767,0.02141233,0.0,0.95474194,45055,7,0.04510145,0.9991156
412,10,8026040,0.95459721,0.02018533,0.0,0.00057376,0.00306359,0.03218473,0.0,0.94399258,15871,7,0.0490317,0.9991155
413,1,8026061,0.98419084,0.04615859,0.00309146,0.0,0.00338588,0.92245623,0.0,0.02490784,51972,6,0.0506098,6.1388245
413,2,8026062,0.98415602,0.04936488,0.00283858,0.0,0.00354862,0.91352476,0.0,0.03072317,52004,6,0.06651057,6.1388247
413,3,8026063,0.98424435,0.04856605,0.00302484,0.0,0.00349897,0.8894745,0.0,0.05543563,56076,6,0.13011666,6.1388912
413,4,8026064,0.98392124,0.04619994,0.00377069,0.0,0.00288991,0.92627685,0.0,0.0208626,51972,6,0.07119409,6.1388245
413,5,8026065,0.98417918,0.05069594,0.0028665,0.0,0.0035468,0.91415814,0.0,0.02873262,52012,6,0.09195885,6.138858
413,6,8026066,0.98423156,0.04972168,0.00304324,0.0,0.003603,0.90738759,0.0,0.03624449,52004,6,0.05760741,6.1388247
413,7,8026067,0.98419723,0.04946987,0.00293092,0.0,0.00347461,0.89398287,0.0,0.05014173,52012,6,0.06417064,6.138858
413,8,8026068,0.98408971,0.04485757,0.00260019,0.0,0.00306546,0.92802553,0.0,0.02145125,52754,6,0.08530599,6.1388247
413,9,8026069,0.98398244,0.04636131,0.00321305,0.0,0.00322753,0.92914249,0.0,0.01805562,56076,6,0.06293436,6.1388912
413,10,8026070,0.98408701,0.04795696,0.00293738,0.0,0.00328608,0.91948801,0.0,0.02633157,56108,6,0.07864344,6.1388913
414,1,8026091,0.93941923,0.01309372,0.0,0.00131704,0.0008127,0.9845941,0.00015746,2.498e-05,37007,6,0.40115713,0.9986198
414,2,8026092,0.93778707,0.01222611,0.0,0.00131582,0.0005578,0.98572945,0.00015691,1.392e-05,32777,6,0.12544945,0.9986202
414,3,8026093,0.93809488,0.01207412,0.0,0.00131571,0.00050415,0.98593803,0.00015677,1.123e-05,36937,6,0.13059848,0.9986201
414,4,8026094,0.93803135,0.01265201,0.0,0.00131718,0.00069967,0.98515218,0.0001572,2.176e-05,32911,6,0.31877613,0.9986198
414,5,8026095,0.93848225,0.01227244,0.0,0.00131656,0.0005785,0.985659,0.00015696,1.654e-05,32975,6,0.13293303,0.9986197
414,6,8026096,0.93805694,0.01252688,0.0,0.00131591,0.00064949,0.98533367,0.00015689,1.716e-05,32971,6,0.18223421,0.9986197
414,7,8026097,0.93852701,0.01299383,0.0,0.00131933,0.00079517,0.98471196,0.00015804,2.166e-05,37007,6,0.23122424,0.9986198
414,8,8026098,0.93844812,0.012433,0.0,0.00131696,0.00061701,0.98545938,0.00015722,1.642e-05,32975,6,0.19855425,0.9986197
414,9,8026099,0.93766544,0.01250697,0.0,0.00131615,0.00064363,0.98536191,0.00015676,1.457e-05,32971,6,0.42332829,0.9986197
414,10,8026100,0.93835927,0.01303037,0.0,0.00131705,0.00078725,0.98468507,0.00015756,2.271e-05,37007,6,0.36838491,0.9986198
415,1,8026121,0.99279306,0.03755297,0.0055972,0.0,0.00262731,0.0,0.00040874,0.95381378,49069,7,0.80400115,1.3185566
415,2,8026122,0.99139633,0.04331398,0.00586427,0.0,0.00281397,0.0,0.00042774,0.94758004,57261,7,0.88828594,1.3185566
415,3,8026123,0.99139288,0.04338923,0.00595133,0.0,0.00281424,0.0,0.00042708,0.94741812,57261,7,0.94167728,1.3185566
415,4,8026124,0.99248659,0.04026653,0.00634685,0.0,0.00274807,0.0,0.0004168,0.95022174,49069,7,0.38836933,1.3185566
415,5,8026125,0.99273776,0.03780341,0.00590272,0.0,0.00266991,0.0,0.00041173,0.95321223,49069,7,0.80097134,1.3185566
415,6,8026126,0.99272377,0.03793555,0.00581094,0.0,0.00271116,0.0,0.00041271,0.95312963,49069,7,0.75798838,1.3185566
415,7,8026127,0.99267616,0.03893045,0.00583422,0.0,0.00269742,0.0,0.00041405,0.95212386,49069,7,0.44229836,1.3185566
415,8,8026128,0.99268921,0.03680952,0.00529444,0.0,0.00260424,0.0,0.00041102,0.95488079,49069,7,0.48466569,1.3185566
415,9,8026129,0.99229472,0.04001518,0.00729975,0.0,0.00307423,0.0,0.0004219,0.94918893,49069,7,0.42409374,1.3185566
415,10,8026130,0.99236932,0.03927526,0.00644486,0.0,0.00274265,0.0,0.00042091,0.95111633,16301,7,0.26636113,1.3185066
416,1,8026151,0.98546094,0.04761337,0.0151323,0.0,0.00503846,0.72923142,0.00014317,0.20284128,51970,6,0.40948814,3.7384175
416,2,8026152,0.98501884,0.04915642,0.01849276,0.0,0.00550651,0.84267838,0.00016646,0.08399946,51970,6,0.51728465,3.7384175
416,3,8026153,0.98532302,0.0477902,0.01821868,0.0,0.00514895,0.84501551,0.0001684,0.08365827,51970,6,0.35447389,3.7384175
416,4,8026154,0.98478196,0.05033775,0.01715746,0.0,0.00573255,0.83046339,0.00018267,0.09612618,51978,6,0.25378223,3.7384508
416,5,8026155,0.9850104,0.04802594,0.02059589,0.0,0.00527322,0.80663385,0.00021349,0.11925761,51970,6,0.32145607,3.7384175
416,6,8026156,0.98523112,0.04936464,0.01965013,0.0,0.00481183,0.71021551,0.00017113,0.21578676,51978,6,0.21776363,3.7384508
416,7,8026157,0.98562796,0.04803646,0.01764034,0.0,0.00549888,0.7921873,0.00015186,0.13648517,51970,6,0.42136205,3.7384175
416,8,8026158,0.98394906,0.05089129,0.03155996,0.0,0.00494846,0.55101345,0.00027269,0.36131415,51970,6,0.08735448,3.7384175
416,9,8026159,0.98500967,0.04966378,0.01988459,0.0,0.00530544,0.71630773,0.00022101,0.20861745,51970,6,0.24130275,3.7384175
416,10,8026160,0.98553783,0.04734623,0.01393595,0.0,0.00508405,0.81756502,0.00019077,0.11587797,51970,6,0.42140552,3.7384175
417,1,8026181,0.94553629,0.0203548,0.0,0.00222615,0.00298352,0.05371554,0.0,0.92071999,24415,7,0.11004168,0.9987727
417,2,8026182,0.94572821,0.02028713,0.0,0.00222778,0.00297986,0.08251145,0.0,0.89199377,22367,7,0.05939068,0.9987726
417,3,8026183,0.94476677,0.02023996,0.0,0.00222689,0.00298076,0.05419992,0.0,0.92035247,43999,7,0.04047379,0.9987727
417,4,8026184,0.94544485,0.02010039,0.0,0.00223007,0.00295949,0.16662504,0.0,0.80808502,24415,7,0.04761158,0.9987727
417,5,8026185,0.9449549,0.02031157,0.0,0.00222591,0.00295767,0.06823736,0.0,0.90626748,30687,7,0.05941004,0.9987727
417,6,8026186,0.94451131,0.02025525,0.0,0.00222819,0.00298428,0.06517338,0.0,0.9093589,49119,7,0.08195275,0.9987727
417,7,8026187,0.94573114,0.02035346,0.0,0.00222643,0.00295556,0.07910361,0.0,0.89536094,24415,7,0.04427764,0.9987727
417,8,8026188,0.94610506,0.02031906,0.0,0.00222891,0.00298802,0.04204389,0.0,0.93242012,15327,7,0.05998777,0.9987727
417,9,8026189,0.94452748,0.02005196,0.0,0.0022281,0.00297752,0.12394333,0.0,0.8507991,8031,7,0.04520846,0.9987727
417,10,8026190,0.94523964,0.02027981,0.0,0.00222802,0.00298546,0.11994302,0.0,0.85456369,55263,7,0.05254948,0.9987727
418,1,8026211,0.9838278,0.04735177,0.0037363,0.0,0.00376622,0.84764726,0.0,0.09749846,48908,6,0.04825583,5.5819851
418,2,8026212,0.98089304,0.05741453,0.0041129,0.0,0.00524692,0.79411407,0.0,0.13911157,57132,6,0.08322336,5.581985
418,3,8026213,0.98423228,0.04824236,0.00350465,0.0,0.00380502,0.86379899,0.0,0.08064897,57132,6,0.11988342,5.581985
418,4,8026214,0.98425698,0.04913313,0.00371814,0.0,0.00392805,0.76121337,0.0,0.18200731,53028,6,0.06546964,5.5819184
418,5,8026215,0.98199565,0.05492364,0.00329499,0.0,0.00376861,0.79277254,0.0,0.14524022,53028,6,0.07942407,5.5819184
418,6,8026216,0.98431875,0.04800804,0.00416747,0.0,0.00375623,0.84612777,0.0,0.09794049,57130,6,0.05929201,5.581985
418,7,8026217,0.98369488,0.04906117,0.00354733,0.0,0.00383761,0.77698897,0.0,0.16656493,56108,6,0.06018903,5.5819851
418,8,8026218,0.98419301,0.04956376,0.00371591,0.0,0.00383154,0.83312015,0.0,0.10976864,56860,6,0.11696368,5.5819851
418,9,8026219,0.97980126,0.06391131,0.00420565,0.0,0.00592532,0.86406261,0.0,0.06189512,47884,6,0.04681975,5.581985
418,10,8026220,0.98410504,0.04712822,0.00349119,0.0,0.00339004,0.88201688,0.0,0.06397367,55178,6,0.07472351,5.5819851
419,1,8026241,0.96732793,0.03046883,0.01920526,1.294e-05,0.00108299,0.94893274,0.00019389,0.00010335,1991,6,0.81475328,0.9989154
419,2,8026242,0.96502088,0.03002286,0.01939887,1.528e-05,0.00180931,0.94470645,0.00233146,0.00171578,1999,6,0.67938567,0.9989154
419,3,8026243,0.96086581,0.03161983,0.02160014,2.644e-05,0.00243364,0.93514858,0.00434619,0.00482518,6087,6,0.2890605,0.9989404
419,4,8026244,0.9647539,0.03125802,0.01931844,1.554e-05,0.0014619,0.94557514,0.00223454,0.00013641,6095,6,0.6031162,0.9989654
419,5,8026245,0.96720249,0.02977393,0.01946661,1.29e-05,0.00118668,0.94898404,0.00043294,0.0001429,6087,6,0.7944859,0.9989404
419,6,8026246,0.96283993,0.0308106,0.01941451,1.455e-05,0.00159716,0.93073254,0.00394204,0.0134886,1999,6,0.5829231,0.9989154
419,7,8026247,0.96313946,0.03085801,0.02524994,7.481e-05,0.00174305,0.93977857,0.00220418,9.144e-05,21327,6,0.46522687,0.9982992
419,8,8026248,0.9577383,0.02798589,0.01832606,0.00011975,0.00294092,0.93091762,0.00804992,0.01165983,18831,6,0.18271489,0.9982492
419,9,8026249,0.96302233,0.03098773,0.01999862,5.688e-05,0.00157724,0.94389728,0.00337108,0.00011118,6095,6,0.32945193,0.9989654
419,10,8026250,0.9626605,0.02727082,0.01920923,4.893e-05,0.00161219,0.93309613,0.00509141,0.0136713,1999,6,0.27031497,0.9989154
420,1,8026271,0.96950367,0.02120268,0.00646798,0.0,0.00337152,0.01327582,0.0,0.95568201,28663,7,0.05447742,0.9993657
420,2,8026272,0.96960616,0.02112369,0.0064926,0.0,0.00336972,0.01015775,0.0,0.95885625,63487,7,0.04073747,0.9994157
420,3,8026273,0.96953865,0.02114103,0.0063441,0.0,0.00338612,0.0092647,0.0,0.95986406,36351,7,0.07184622,0.9994156
420,4,8026274,0.96961583,0.02118129,0.00638355,0.0,0.00336492,0.00981248,0.0,0.95925777,59263,7,0.04146837,0.9994157
420,5,8026275,0.96953909,0.0211377,0.00648066,0.0,0.00339561,0.0105307,0.0,0.95845533,16383,7,0.05136043,0.9994157
420,6,8026276,0.96950961,0.02116299,0.00647418,0.0,0.00339093,0.01774563,0.0,0.95122626,65535,7,0.0451753,0.9994157
420,7,8026277,0.96961385,0.02120351,0.00644515,0.0,0.00338622,0.0119473,0.0,0.95701781,63359,7,0.03894118,0.9994157
420,8,8026278,0.96956537,0.02117416,0.00643886,0.0,0.00338946,0.00937899,0.0,0.95961853,40447,7,0.0422599,0.9994156
420,9,8026279,0.9695523,0.02114673,0.0063726,0.0,0.00340559,0.01134029,0.0,0.95773479,61431,7,0.04362756,0.9993823
420,10,8026280,0.96953264,0.02115378,0.00641941,0.0,0.00336415,0.01025384,0.0,0.95880883,36351,7,0.06953403,0.9994156
421,1,8026301,0.98412211,0.04911047,0.00268948,0.0,0.00356894,0.88613638,0.0,0.05849474,56076,6,0.10771642,5.9529304
421,2,8026302,0.97199937,0.08160252,0.00419628,0.0,0.00361368,0.8789743,0.0,0.03161322,51980,6,0.10191748,5.9528971
421,3,8026303,0.97870234,0.06228528,0.0027168,0.0,0.00358517,0.89519483,0.0,0.03621793,56108,6,0.052156,5.9529305
421,4,8026304,0.98341364,0.04661117,0.00242315,0.0,0.00343068,0.91971989,0.0,0.02781511,48658,6,0.03982369,5.9528972
421,5,8026305,0.98305668,0.05131227,0.00318407,0.0,0.00355667,0.8963675,0.0,0.04557949,56106,6,0.05568868,5.9529305
421,6,8026306,0.97487619,0.07433913,0.00307473,0.0,0.00400599,0.88801213,0.0,0.03056801,51980,6,0.05974027,5.9528971
421,7,8026307,0.98074172,0.05701108,0.00286113,0.0,0.00397075,0.87696899,0.0,0.05918805,51972,6,0.09554662,5.9528638
421,8,8026308,0.98304688,0.02576127,0.00036754,0.0,0.0012934,0.97255141,0.0,2.639e-05,52314,6,0.09549607,5.9528972
421,9,8026309,0.98350664,0.04975036,0.00249799,0.0,0.00377455,0.92254484,0.0,0.02143226,51980,6,0.07267985,5.9528971
421,10,8026310,0.98398937,0.04873836,0.00270027,0.0,0.00351072,0.90738322,0.0,0.03766743,51980,6,0.07524745,5.9528971
422,1,8026331,0.93942527,0.02070376,0.0,0.00208214,0.00089606,0.9761256,0.00015323,3.922e-05,34511,6,0.43536977,0.9983706
422,2,8026332,0.94531835,0.02299803,0.0,0.00209311,0.00084005,0.97389908,0.00015418,1.555e-05,2007,6,0.09016329,0.998721
422,3,8026333,0.93972866,0.02111238,0.0,0.00209041,0.0008716,0.97574409,0.0001534,2.814e-05,30415,6,0.17742024,0.9985708
422,4,8026334,0.94147132,0.02193041,0.0,0.00209093,0.00088062,0.97492507,0.00015311,1.986e-05,26319,6,0.19333288,0.9985207
422,5,8026335,0.93957493,0.02227495,0.0,0.00209283,0.00103176,0.97443156,0.00015294,1.596e-05,62639,6,0.16826762,0.9985712
422,6,8026336,0.94544335,0.02330424,0.0,0.00209178,0.00085518,0.97357348,0.00015443,2.09e-05,24543,6,0.14741619,0.9987712
422,7,8026337,0.94545992,0.02337555,0.0,0.00209332,0.00086647,0.97349227,0.00015444,1.795e-05,24535,6,0.05186778,0.9987462
422,8,8026338,0.94498184,0.02321538,0.0,0.00209283,0.00086526,0.97365581,0.00015422,1.649e-05,29151,6,0.08678379,0.9987711
422,9,8026339,0.94576824,0.02367338,0.0,0.00209351,0.0008775,0.9731827,0.00015479,1.812e-05,8031,6,0.05821468,0.9987712
422,10,8026340,0.9459869,0.02350781,0.0,0.0020935,0.0008535,0.9733714,0.00015503,1.876e-05,3935,6,0.063993,0.9987211
423,1,8026361,0.98641008,0.04581792,0.04138011,0.0,0.00475096,0.00148962,0.00026489,0.90629649,44845,7,0.53099021,3.3500342
423,2,8026362,0.9848395,0.05092333,0.0659016,0.0,0.00489941,0.00131675,0.00036306,0.87659586,53037,7,0.23300343,3.3500342
423,3,8026363,0.98576181,0.04834087,0.05822905,0.0,0.00406577,0.00361598,0.0003039,0.88544442,48941,7,0.27343454,3.3500342
423,4,8026364,0.98448322,0.0533767,0.06777798,0.0,0.00414226,0.00073823,0.00037759,0.87358723,57133,7,0.22237602,3.3500342
423,5,8026365,0.98630342,0.0471018,0.04189143,0.0,0.00378767,0.00049417,0.00027052,0.90645441,48941,7,0.50898229,3.3500342
423,6,8026366,0.9851517,0.05173534,0.05228491,0.0,0.00397648,0.00360625,0.0002802,0.88811681,48941,7,0.37835198,3.3500342
423,7,8026367,0.98394364,0.05287333,0.07436003,0.0,0.0062817,0.00481838,0.00042892,0.86123765,44845,7,0.22843314,3.3500342
423,8,8026368,0.98609314,0.0495688,0.04094261,0.0,0.00383459,0.00032198,0.00025717,0.90507485,48941,7,0.35295155,3.3500342
423,9,8026369,0.98448084,0.04989923,0.07657312,0.0,0.00490081,0.00361192,0.00034797,0.86466695,44845,7,0.31190611,3.3500342
423,10,8026370,0.98676321,0.04652313,0.03602234,0.0,0.00420064,0.00044215,0.00016515,0.91264658,44845,7,0.59325813,3.3500342
424,1,8026391,0.98841029,0.0396916,0.019758,0.0,0.00215146,0.0,7.205e-05,0.93832688,19210,7,0.28605609,1.9846578
424,2,8026392,0.98812742,0.04131069,0.02703625,0.0,0.00222946,0.0,7.86e-05,0.92934501,19210,7,0.34214038,1.9846578
424,3,8026393,0.98786434,0.04380644,0.02552681,0.0,0.00222447,0.0,7.713e-05,0.92836515,19202,7,0.34865449,1.9846577
424,4,8026394,0.9881798,0.0404031,0.0283812,0.0,0.00238391,0.0,9.745e-05,0.92873434,19202,7,0.23216397,1.9846577
424,5,8026395,0.98760596,0.04478076,0.02766709,0.0,0.00229176,0.0,7.814e-05,0.92518225,18948,7,0.31154666,1.9842613
424,6,8026396,0.98737432,0.04699556,0.02461902,0.0,0.00251433,0.0,8.199e-05,0.92578909,19204,7,0.3536045,1.9846577
424,7,8026397,0.9884649,0.03970067,0.01706217,0.0,0.00205975,0.0,6.935e-05,0.94110806,19202,7,0.36036348,1.9846577
424,8,8026398,0.98817419,0.03920701,0.02813228,0.0,0.00227977,0.0,8.723e-05,0.93029372,19210,7,0.14310036,1.9846578
424,9,8026399,0.98828513,0.03938177,0.02511216,0.0,0.00217379,0.0,7.367e-05,0.93325861,20226,7,0.1930785,1.9846578
424,10,8026400,0.98828852,0.03944089,0.02442091,0.0,0.00225381,0.0,7.538e-05,0.93380901,19202,7,0.36546762,1.9846577
425,1,8026421,0.94351542,0.01885687,0.0,0.00192267,0.00301021,0.02879764,0.0,0.94741261,60927,7,0.03568108,0.9988811
425,2,8026422,0.94478159,0.01911887,0.0,0.00192152,0.00299542,0.01928845,0.0,0.95667574,40319,7,0.03338387,0.9988811
425,3,8026423,0.94467238,0.01909696,0.0,0.00192378,0.00299656,0.03351097,0.0,0.94247173,54783,7,0.03542052,0.9988811
425,4,8026424,0.9439455,0.01893589,0.0,0.00192189,0.00299658,0.03797311,0.0,0.93817253,32639,7,0.04456497,0.9988813
425,5,8026425,0.94372413,0.01881125,0.0,0.00192244,0.0030086,0.05013004,0.0,0.92612767,8063,7,0.03763341,0.9988812
425,6,8026426,0.94382389,0.01893551,0.0,0.00192274,0.00303602,0.02645083,0.0,0.94965491,43007,7,0.0371456,0.9988812
425,7,8026427,0.94381313,0.01888177,0.0,0.00192223,0.00303697,0.03766753,0.0,0.93849149,65023,7,0.03928177,0.9988811
425,8,8026428,0.94344968,0.01883113,0.0,0.00192217,0.00302022,0.02581034,0.0,0.95041615,46975,7,0.03878797,0.9988812
425,9,8026429,0.94437397,0.01907243,0.0,0.00192207,0.00302112,0.02321688,0.0,0.9527675,22527,7,0.03779551,0.9988813
425,10,8026430,0.94451468,0.01901769,0.0,0.00192283,0.0030309,0.04516517,0.0,0.93086341,7551,7,0.03709564,0.9988811
426,1,8026451,0.98427619,0.04708153,0.00273888,0.0,0.00333115,0.84574909,0.0,0.10109934,57132,6,0.05813137,6.5552286
426,2,8026452,0.98436188,0.04557799,0.00265436,0.0,0.00336032,0.83195357,0.0,0.11645377,53004,6,0.04098805,6.5551954
426,3,8026453,0.98427642,0.04863013,0.00270787,0.0,0.0035073,0.81414759,0.0,0.13100711,57132,6,0.07874661,6.5552286
426,4,8026454,0.98410914,0.04735318,0.00300736,0.0,0.00304875,0.90552436,0.0,0.04106635,52012,6,0.08463316,6.5551954
426,5,8026455,0.98418,0.04718018,0.00283276,0.0,0.00318752,0.87936849,0.0,0.06743104,56074,6,0.09315727,6.5552285
426,6,8026456,0.98422215,0.04801526,0.00255125,0.0,0.00343842,0.81099928,0.0,0.13499579,56108,6,0.09502838,6.5552287
426,7,8026457,0.96914102,0.20241522,0.10406609,0.0,0.00277068,0.60893044,0.0,0.08181757,47867,4,0.08216977,6.5541856
426,8,8026458,0.98410856,0.04534631,0.00273797,0.0,0.00307387,0.88696841,0.0,0.06187344,53034,6,0.04328934,6.5551952
426,9,8026459,0.98417584,0.04605439,0.00260337,0.0,0.00303356,0.85821316,0.0,0.09009553,55178,6,0.05230613,6.5552287
426,10,8026460,0.9842623,0.04697226,0.00276187,0.0,0.00351029,0.83856142,0.0,0.10819416,57132,6,0.08170148,6.5552286
427,1,8026481,0.95014316,0.01890547,0.01328039,0.00048719,0.00095344,0.96296544,0.00329529,0.00011279,22727,6,0.58083833,0.9978939
427,2,8026482,0.93271874,0.02104158,0.01998489,0.00261897,0.00153283,0.93686577,0.01657696,0.00137899,22663,6,0.42615839,0.9978941
427,3,8026483,0.9405549,0.02403601,0.01995909,0.00142423,0.00149028,0.94219373,0.01084861,4.805e-05,6087,6,0.34316351,0.9981435
427,4,8026484,0.95843396,0.0247513,0.02230432,0.00011422,0.00078277,0.95182542,0.00016205,5.992e-05,6087,6,0.51006288,0.9981435
427,5,8026485,0.95347422,0.02466221,0.0263683,0.00017262,0.00080977,0.94576292,0.00218674,3.745e-05,6087,6,0.49635237,0.9981435
427,6,8026486,0.94566131,0.02235193,0.0175068,0.01234831,0.00078682,0.94513067,0.00183821,3.727e-05,1991,6,0.31861714,0.9981185
427,7,8026487,0.92831924,0.0271041,0.02173047,0.02269051,0.00098367,0.91359862,0.01384505,4.759e-05,1999,6,0.36106384,0.9981185
427,8,8026488,0.92424954,0.01892993,0.01382312,0.00562788,0.00124075,0.94318377,0.01713556,5.899e-05,22663,6,0.1803708,0.9978941
427,9,8026489,0.95173025,0.01682272,0.0077019,0.00014079,0.00090001,0.97291982,0.00140546,0.00010929,22663,6,0.66355224,0.9978941
427,10,8026490,0.93105875,0.02390162,0.02996513,0.00798211,0.00095683,0.91963272,0.01731113,0.00025046,1991,6,0.47715172,0.9981185
428,1,8026511,0.98926298,0.02572445,0.01703099,0.0,0.00604146,0.00140262,0.0,0.94980049,30711,7,0.03302657,0.9997846
428,2,8026512,0.98928086,0.02563602,0.01724953,0.0,0.00603793,0.00115024,0.0,0.94992628,57343,7,0.04960249,0.9998096
428,3,8026513,0.98930718,0.02564034,0.0168823,0.0,0.00597776,0.00205281,0.0,0.94944679,63487,7,0.079738,0.9998096
428,4,8026514,0.98927148,0.02563136,0.0168685,0.0,0.00604287,0.00128174,0.0,0.95017553,30207,7,0.0429135,0.9998096
428,5,8026515,0.98930681,0.02568343,0.01691533,0.0,0.00596521,0.00144939,0.0,0.94998664,60919,7,0.04948625,0.9997762
428,6,8026516,0.9892722,0.02572627,0.01700294,0.0,0.00607462,0.00173623,0.0,0.94945994,58879,7,0.04703999,0.9998096
428,7,8026517,0.98925218,0.02568771,0.01716163,0.0,0.00597574,0.00452032,0.0,0.94665461,32255,7,0.03203232,0.9998096
428,8,8026518,0.98922732,0.02566522,0.01702279,0.0,0.00602355,0.00130324,0.0,0.9499852,65407,7,0.04341794,0.9998096
428,9,8026519,0.98926908,0.02562678,0.01675864,0.0,0.00609715,0.00130804,0.0,0.95020939,44927,7,0.03196549,0.9998096
428,10,8026520,0.98926771,0.02564424,0.016986,0.0,0.00608057,0.00132732,0.0,0.94996188,56831,7,0.03900984,0.9998096
429,1,8026541,0.98537188,0.04673837,0.0049729,0.0,0.00457841,0.86471187,0.0,0.07899844,51978,6,0.27824008,5.0528664
429,2,8026542,0.98247241,0.04737717,0.00661128,0.0,0.00537945,0.87588859,0.0,0.06474351,56074,6,0.09310127,5.0528998
429,3,8026543,0.98479688,0.04630417,0.00505363,0.0,0.0052407,0.85829939,0.0,0.08510212,51970,6,0.15985026,5.0528331
429,4,8026544,0.98453995,0.04855664,0.00550385,0.0,0.00475762,0.87408893,0.0,0.06709296,51970,6,0.16330657,5.0528331
429,5,8026545,0.98700063,0.02865255,0.00443807,0.0,0.00253207,0.93247713,0.0,0.03190019,8436,6,0.48958695,5.0527666
429,6,8026546,0.9845607,0.04888375,0.0057509,0.0,0.00505874,0.90073001,0.0,0.0395766,51978,6,0.14747538,5.0528664
429,7,8026547,0.98441012,0.0483485,0.00585927,0.0,0.00499155,0.8638385,0.0,0.07696218,56074,6,0.16046846,5.0528998
429,8,8026548,0.98346359,0.04353505,0.00592433,0.0,0.00465498,0.89347442,0.0,0.05241122,51970,6,0.20046988,5.0528331
429,9,8026549,0.98282383,0.05108339,0.00675729,0.0,0.00597674,0.89192563,0.0,0.04425695,56074,6,0.16040271,5.0528998
429,10,8026550,0.98229403,0.03557593,0.00269517,0.0,0.00273584,0.94007316,0.0,0.01891991,56650,6,0.21364974,5.0528998
430,1,8026571,0.9402223,0.02234959,0.0,0.00208017,0.000817,0.97458503,0.00015311,1.511e-05,8151,6,0.05608467,0.9986139
430,2,8026572,0.94031552,0.02240413,0.0,0.00207799,0.00081012,0.97453897,0.00015359,1.521e-05,43871,6,0.06784457,0.9986388
430,3,8026573,0.93992538,0.02223644,0.0,0.00207903,0.00080844,0.97470855,0.00015339,1.415e-05,24415,6,0.07603038,0.998639
430,4,8026574,0.94027917,0.02241967,0.0,0.00208032,0.0008227,0.97450729,0.00015356,1.647e-05,32735,6,0.08584719,0.998639
430,5,8026575,0.94006764,0.02233218,0.0,0.00208014,0.00081649,0.97460199,0.00015318,1.601e-05,20447,6,0.04751454,0.998589
430,6,8026576,0.9399592,0.02226389,0.0,0.00208218,0.00083169,0.97465473,0.00015329,1.423e-05,29663,6,0.07573626,0.9986391
430,7,8026577,0.9400381,0.02248902,0.0,0.00207925,0.00083657,0.97442618,0.00015342,1.556e-05,58335,6,0.04688471,0.9986391
430,8,8026578,0.93956198,0.02224481,0.0,0.00207867,0.00082514,0.97468264,0.00015343,1.531e-05,22487,6,0.07314296,0.9986139
430,9,8026579,0.94013122,0.0224191,0.0,0.00207837,0.00081115,0.97452346,0.0001533,1.462e-05,20439,6,0.10330962,0.998589
430,10,8026580,0.93993467,0.02241596,0.0,0.00208118,0.00082947,0.97450392,0.00015292,1.654e-05,8159,6,0.05455218,0.9986389
431,1,8026601,0.98459858,0.04842555,0.00423559,0.0,0.00500475,0.70142617,0.0,0.24090795,44844,6,0.24437984,5.2427319
431,2,8026602,0.98374539,0.05022607,0.00411421,0.0,0.00438884,0.78011306,0.0,0.16115782,57100,6,0.0901718,5.2427653
431,3,8026603,0.98537007,0.04511511,0.00450336,0.0,0.00437951,0.80150527,0.0,0.14449675,44844,6,0.1826861,5.2427319
431,4,8026604,0.98419392,0.04935226,0.00406958,0.0,0.00488644,0.67887971,0.0,0.262812,48940,6,0.13887137,5.2427652
431,5,8026605,0.98677045,0.03408223,0.00412231,0.0,0.00343624,0.87608171,0.0,0.08227751,54011,6,0.37827359,5.2428318
431,6,8026606,0.98443094,0.04796596,0.0042919,0.0,0.00440067,0.68526309,0.0,0.25807838,44844,6,0.11251359,5.2427319
431,7,8026607,0.98479542,0.04867508,0.00394441,0.0,0.00453504,0.75083043,0.0,0.19201504,48940,6,0.18535973,5.2427652
431,8,8026608,0.98546206,0.04300123,0.003887,0.0,0.00427358,0.83340762,0.0,0.11543056,53499,6,0.16041877,5.2428319
431,9,8026609,0.98450769,0.04964502,0.00434139,0.0,0.00430248,0.7166441,0.0,0.22506702,44844,6,0.09600673,5.2427319
431,10,8026610,0.98493857,0.04677653,0.00428913,0.0,0.00400644,0.74768351,0.0,0.19724439,44836,6,0.09947769,5.2426986
432,1,8026631,0.98139303,0.0258031,0.01974547,0.0,0.00056417,0.0,0.00014227,0.953745,19079,7,0.668463,0.9988595
432,2,8026632,0.98170884,0.02408129,0.01712415,0.0,0.00055314,0.0,0.00013661,0.95810481,23175,7,0.95764385,0.9989343
432,3,8026633,0.9816341,0.0253606,0.01853147,0.0,0.00056284,0.0,0.0001407,0.95540439,23175,7,0.75747359,0.9989343
432,4,8026634,0.98171506,0.02405931,0.01665426,0.0,0.00055939,0.0,0.00013663,0.95859041,23175,7,0.95790803,0.9989343
432,5,8026635,0.98171221,0.02407264,0.01701664,0.0,0.0005524,0.0,0.00013614,0.95822217,23175,7,0.95778477,0.9989343
432,6,8026636,0.98136779,0.02452836,0.01830831,0.0,0.00056474,0.0,0.00014029,0.95645829,19079,7,0.95563548,0.9988595
432,7,8026637,0.98161105,0.02422479,0.01737027,0.0,0.00054354,0.0,0.00013856,0.95772285,23175,7,0.71248751,0.9989343
432,8,8026638,0.98170397,0.02401533,0.01724399,0.0,0.00056203,0.0,0.00013674,0.95804191,23175,7,0.95759322,0.9989343
432,9,8026639,0.98170384,0.02406488,0.01751069,0.0,0.00054797,0.0,0.00013614,0.95774032,23175,7,0.95721104,0.9989343
432,10,8026640,0.98171769,0.02401456,0.01712962,0.0,0.00056179,0.0,0.00013513,0.95815889,23175,7,0.95777003,0.9989343
433,1,8026661,0.95508666,0.01980967,0.00226581,0.0,0.00285466,0.01067614,0.0,0.96439372,45055,7,0.06730008,0.9991315
433,2,8026662,0.95515798,0.01983685,0.00224609,0.0,0.00282945,0.01039377,0.0,0.96469384,63359,7,0.09107015,0.9991315
433,3,8026663,0.95522335,0.01984054,0.00223014,0.0,0.00285867,0.01107468,0.0,0.96399598,49151,7,0.05212844,0.9991315
433,4,8026664,0.95510085,0.01983789,0.00223624,0.0,0.00285321,0.0103777,0.0,0.96469497,54783,7,0.0958946,0.9991314
433,5,8026665,0.95515083,0.0198145,0.00224968,0.0,0.00282736,0.0315662,0.0,0.94354226,32255,7,0.09624333,0.9991314
433,6,8026666,0.9551879,0.01987646,0.0022154,0.0,0.00282805,0.01059963,0.0,0.96448046,54783,7,0.07492969,0.9991314
433,7,8026667,0.95508875,0.01986713,0.00222428,0.0,0.0028557,0.02115442,0.0,0.95389848,57343,7,0.06539953,0.9991315
433,8,8026668,0.95510246,0.01986289,0.00226455,0.0,0.00285402,0.01061502,0.0,0.96440352,65535,7,0.05747491,0.9991315
433,9,8026669,0.95505361,0.01985228,0.00229074,0.0,0.00282376,0.01141813,0.0,0.96361509,30719,7,0.09351023,0.9991315
433,10,8026670,0.95518677,0.0198458,0.00225694,0.0,0.00287313,0.01074383,0.0,0.9642803,59391,7,0.12095741,0.9991315
434,1,8026691,0.98393499,0.04365584,0.00266331,0.0,0.00296763,0.92116775,0.0,0.02954548,51972,6,0.05281136,6.8670489
434,2,8026692,0.9800571,0.06752807,0.00760055,0.0,0.00331435,0.90229552,0.0,0.01926151,56108,6,0.09028161,6.8671156
434,3,8026693,0.98419156,0.0464216,0.00283079,0.0,0.00340473,0.88530424,0.0,0.06203864,53004,6,0.05570991,6.8670823
434,4,8026694,0.97306601,0.10144025,0.03040635,0.0,0.00322398,0.80682911,0.0,0.05810031,51980,6,0.0686211,6.8670822
434,5,8026695,0.98424724,0.04527892,0.00252945,0.0,0.00346222,0.9192435,0.0,0.02948591,53004,6,0.06009937,6.8670823
434,6,8026696,0.98388606,0.04548477,0.00243264,0.0,0.00306321,0.9065992,0.0,0.04242019,51981,6,0.0483074,6.8671821
434,7,8026697,0.98280631,0.04742902,0.00447106,0.0,0.00290669,0.92097842,0.0,0.0242148,51973,6,0.03710106,6.8670822
434,8,8026698,0.96244059,0.14882336,0.05332083,0.0,0.00287772,0.75766191,0.0,0.03731619,8354,4,0.05129763,6.8656106
434,9,8026699,0.98447641,0.04601314,0.00265141,0.0,0.00367688,0.90665488,0.0,0.04100369,53004,6,0.06492465,6.8670823
434,10,8026700,0.98424606,0.04399025,0.0022832,0.0,0.00327916,0.91339051,0.0,0.03705688,52764,6,0.0436228,6.8670823
435,1,8026721,0.93285047,0.01609978,0.0,0.00208211,0.0007365,0.98090384,0.00015494,2.284e-05,35023,6,0.11634226,0.9983876
435,2,8026722,0.93774991,0.01923615,0.0,0.00208459,0.00069434,0.97780777,0.00015499,2.216e-05,34415,6,0.21418412,0.9983876
435,3,8026723,0.93935991,0.02181082,0.0,0.0020862,0.00084618,0.97507139,0.00015472,3.069e-05,36559,6,0.60371377,0.9983877
435,4,8026724,0.93621011,0.01774739,0.0,0.00208312,0.00072796,0.97926026,0.00015491,2.637e-05,36559,6,0.24833779,0.9983877
435,5,8026725,0.93386725,0.01627732,0.0,0.00208,0.00080682,0.98065879,0.00015488,2.219e-05,38607,6,0.31545919,0.9983867
435,6,8026726,0.93527304,0.01795704,0.0,0.0020829,0.00068648,0.97909717,0.00015481,2.16e-05,40655,6,0.35326608,0.9983877
435,7,8026727,0.93628654,0.0187839,0.0,0.00208466,0.00087225,0.97807487,0.00015465,2.967e-05,35023,6,0.23386669,0.9983876
435,8,8026728,0.93370724,0.01794722,0.0,0.00208686,0.00105166,0.97873569,0.00015474,2.383e-05,34031,6,0.28140893,0.9983872
435,9,8026729,0.94007024,0.02005812,0.0,0.00208498,0.00083629,0.9768361,0.00015515,2.936e-05,38607,6,0.50937344,0.9983867
435,10,8026730,0.93995836,0.02124967,0.0,0.00210416,0.0009326,0.97552138,0.0001547,3.749e-05,58511,6,0.14122905,0.9985869
436,1,8026751,0.98978157,0.03907835,0.01004532,0.0,0.00217706,0.0,0.00012773,0.94857155,48941,7,0.273313,2.3016255
436,2,8026752,0.98980907,0.0388048,0.01030371,0.0,0.002192,0.0,0.00012735,0.94857214,44845,7,0.42739082,2.3016254
436,3,8026753,0.9894533,0.0406464,0.01095031,0.0,0.00222792,0.0,0.00012844,0.94604693,48941,7,0.37632273,2.3016255
436,4,8026754,0.98950892,0.04078054,0.01035598,0.0,0.00223676,0.0,0.00012762,0.94649909,48941,7,0.38696788,2.3016255
436,5,8026755,0.9896303,0.04047147,0.01008271,0.0,0.00221157,0.0,0.00012715,0.9471071,44845,7,0.71151551,2.3016254
436,6,8026756,0.99011092,0.03715576,0.00848023,0.0,0.00216521,0.0,0.00012513,0.95207367,49069,7,0.5751938,2.3013655
436,7,8026757,0.98941137,0.04100959,0.01284284,0.0,0.00223447,0.0,0.0001288,0.9437843,44813,7,0.51719227,2.3016255
436,8,8026758,0.98972169,0.03975192,0.00991392,0.0,0.00220682,0.0,0.00012697,0.94800037,44845,7,0.51721773,2.3016254
436,9,8026759,0.98967185,0.03954721,0.00976045,0.0,0.00221211,0.0,0.00012747,0.94835276,44813,7,0.33658482,2.3016255
436,10,8026760,0.99005854,0.03624752,0.00969369,0.0,0.00217917,0.0,0.00012606,0.95175354,49069,7,0.51646695,2.3013655
437,1,8026781,0.98609288,0.04390149,0.01552752,0.0,0.00426706,0.50803936,0.00019931,0.42806526,51970,6,0.29421602,3.4675297
437,2,8026782,0.98572516,0.04493054,0.01609495,0.0,0.00457281,0.55255227,0.00024719,0.38160225,51970,6,0.13678215,3.4675297
437,3,8026783,0.98569094,0.04617613,0.01445853,0.0,0.00528061,0.71028642,0.00022444,0.22357388,51970,6,0.35333613,3.4675297
437,4,8026784,0.98496482,0.046761,0.01701841,0.0,0.00593983,0.64740962,0.00024779,0.28262335,19210,7,0.16663538,3.4674631
437,5,8026785,0.98594768,0.04469965,0.01371306,0.0,0.00539519,0.698874,0.00019164,0.23712646,51970,6,0.3935295,3.4675297
437,6,8026786,0.9854992,0.04714415,0.0128532,0.0,0.00464805,0.51466226,0.00018732,0.42050501,19210,7,0.22490835,3.4674631
437,7,8026787,0.98571387,0.04510159,0.01723217,0.0,0.00443585,0.57733681,0.000192,0.35570158,51970,6,0.1942255,3.4675297
437,8,8026788,0.98561276,0.0462842,0.01481394,0.0,0.00493598,0.65792996,0.00021631,0.27581961,51970,6,0.2229095,3.4675297
437,9,8026789,0.98545336,0.04655556,0.01362071,0.0,0.00494923,0.67580296,0.00021592,0.25885563,51970,6,0.19107898,3.4675297
437,10,8026790,0.98563278,0.04544927,0.01822134,0.0,0.00461149,0.60495649,0.00022404,0.32653737,51970,6,0.23476807,3.4675297
438,1,8026811,0.93965058,0.01955176,0.0,0.00222423,0.00291134,0.04443533,0.0,0.93087734,30559,7,0.06364982,0.9986519
438,2,8026812,0.93986357,0.01956353,0.0,0.0022254,0.00292951,0.08240329,0.0,0.89287828,53215,7,0.08150169,0.9986519
438,3,8026813,0.93867172,0.01946118,0.0,0.00222418,0.00295273,0.04724278,0.0,0.92811913,48991,7,0.06845473,0.9986519
438,4,8026814,0.93898942,0.01929149,0.0,0.00222676,0.00287302,0.11954093,0.0,0.85606779,63319,7,0.03529802,0.9986019
438,5,8026815,0.93995002,0.01959128,0.0,0.0022239,0.0028691,0.19354383,0.0,0.78177188,60831,6,0.08224191,0.9986519
438,6,8026816,0.93833237,0.01933644,0.0,0.00222386,0.00285115,0.13808199,0.0,0.83750656,44895,7,0.06455731,0.9986519
438,7,8026817,0.93969668,0.01959083,0.0,0.00222487,0.0028762,0.09533736,0.0,0.87997075,16351,7,0.11350381,0.9986519
438,8,8026818,0.93961111,0.01964117,0.0,0.00222215,0.00288204,0.12095092,0.0,0.85430372,30687,7,0.11523737,0.9986519
438,9,8026819,0.93921534,0.01967128,0.0,0.00222368,0.00289461,0.0445653,0.0,0.93064513,15327,7,0.04108346,0.9986519
438,10,8026820,0.9395431,0.01953672,0.0,0.00222406,0.00289358,0.07371335,0.0,0.90163228,23391,7,0.07200263,0.9986518
439,1,8026841,0.98407117,0.04691377,0.00260357,0.0,0.00328852,0.8292909,0.0,0.11790324,56108,6,0.06729713,6.755832
439,2,8026842,0.98371979,0.04923457,0.00315928,0.0,0.00379134,0.84162436,0.0,0.10219044,57132,6,0.12451503,6.7558319
439,3,8026843,0.98428205,0.047244,0.00250073,0.0,0.00340405,0.74865698,0.0,0.19819423,52012,6,0.0641971,6.7557987
439,4,8026844,0.98431463,0.04530588,0.00227385,0.0,0.00316712,0.78001915,0.0,0.169234,55178,6,0.07880499,6.755832
439,5,8026845,0.98361114,0.04734972,0.00270858,0.0,0.00338322,0.79006738,0.0,0.15649109,53004,6,0.07480329,6.7557987
439,6,8026846,0.98416848,0.04759358,0.0026017,0.0,0.00358751,0.81733174,0.0,0.12888547,57132,6,0.12964963,6.7558319
439,7,8026847,0.98335361,0.02476574,0.00037288,0.0,0.00125146,0.97358754,0.0,2.237e-05,50397,6,0.06110772,6.7558986
439,8,8026848,0.98394083,0.04610988,0.00237155,0.0,0.00315986,0.84013941,0.0,0.1082193,57132,6,0.07508097,6.7558319
439,9,8026849,0.98384053,0.04062579,0.00181914,0.0,0.00262277,0.8874707,0.0,0.06746161,55178,6,0.08717094,6.755832
439,10,8026850,0.98435341,0.04607774,0.00236249,0.0,0.00358226,0.82368746,0.0,0.12429006,53036,6,0.0797625,6.7557986
440,1,8026871,0.96458001,0.02604041,0.01748945,8.535e-05,0.00088824,0.9552655,0.00017067,6.038e-05,6087,6,0.32029139,0.9984896
440,2,8026872,0.96470111,0.02609582,0.01752998,8.557e-05,0.00086588,0.95519408,0.00016981,5.887e-05,6087,6,0.76739997,0.9984896
440,3,8026873,0.96457601,0.02605441,0.01686095,8.504e-05,0.00089632,0.95587254,0.00017079,5.995e-05,1999,6,0.5756004,0.9984646
440,4,8026874,0.96460231,0.02623702,0.01719137,8.53e-05,0.00088751,0.95537283,0.00016969,5.628e-05,6095,6,0.74922447,0.9985146
440,5,8026875,0.96403967,0.02637203,0.01947066,8.561e-05,0.00086153,0.95298834,0.00017177,5.007e-05,1999,6,0.71659622,0.9984646
440,6,8026876,0.96451431,0.02619496,0.01661674,8.503e-05,0.00087681,0.95599082,0.00016817,6.746e-05,6095,6,0.72651971,0.9985146
440,7,8026877,0.96452465,0.02625864,0.01760363,8.531e-05,0.00088105,0.95493154,0.00017098,6.885e-05,6095,6,0.9171446,0.9985146
440,8,8026878,0.96462896,0.02619001,0.01684733,8.546e-05,0.00087991,0.9557735,0.00016865,5.514e-05,6095,6,0.49810444,0.9985146
440,9,8026879,0.96442087,0.02598851,0.01693847,8.502e-05,0.00086889,0.95589244,0.00017052,5.614e-05,1991,6,0.6887586,0.9984646
440,10,8026880,0.96457963,0.02610908,0.01744437,8.543e-05,0.00087701,0.95525914,0.00017065,5.432e-05,1999,6,0.79108888,0.9984646
441,1,8026901,0.97436744,0.02123051,0.00749124,0.0,0.00364296,0.0083119,0.0,0.9593234,59391,7,0.04818302,0.9995103
441,2,8026902,0.97434996,0.02123007,0.00765802,0.0,0.00362932,0.0130392,0.0,0.95444339,53247,7,0.05035211,0.9995103
441,3,8026903,0.97440935,0.02122233,0.00760381,0.0,0.00363121,0.01016024,0.0,0.9573824,53247,7,0.05823432,0.9995103
441,4,8026904,0.97437174,0.02120439,0.00743802,0.0,0.00367504,0.01218757,0.0,0.95549499,32767,7,0.05675973,0.9995103
441,5,8026905,0.97438276,0.02121803,0.00750776,0.0,0.00367171,0.01060677,0.0,0.95699572,55295,7,0.04852751,0.9995103
441,6,8026906,0.97443719,0.02117851,0.0074093,0.0,0.00364939,0.00854501,0.0,0.9592178,40447,7,0.03421257,0.9995102
441,7,8026907,0.97437299,0.02121886,0.00747349,0.0,0.00366207,0.00934108,0.0,0.9583045,36351,7,0.04886461,0.9995102
441,8,8026908,0.97439623,0.02120003,0.00758354,0.0,0.00364322,0.00773948,0.0,0.95983373,16383,7,0.03532497,0.9995103
441,9,8026909,0.97437675,0.0212246,0.00757124,0.0,0.00366103,0.01186844,0.0,0.95567469,50687,7,0.04983465,0.9995102
441,10,8026910,0.97439495,0.0211325,0.00750494,0.0,0.00364355,0.00808155,0.0,0.95963745,49023,7,0.03978091,0.9995103
442,1,8026931,0.98273804,0.04648723,0.00416587,0.0,0.00376598,0.8885893,0.0,0.05699162,43780,6,0.08452374,6.4053195
442,2,8026932,0.98472328,0.04399891,0.00325541,0.0,0.0040652,0.92368174,0.0,0.02499873,51978,6,0.1926173,6.4053528
442,3,8026933,0.98069029,0.05219331,0.00358696,0.0,0.00441097,0.8778361,0.0,0.06197267,51978,6,0.13957798,6.4053528
442,4,8026934,0.98386681,0.04593693,0.00413717,0.0,0.00407683,0.89055987,0.0,0.0552892,51970,6,0.09276929,6.4053195
442,5,8026935,0.98430604,0.04315332,0.00332378,0.0,0.00378364,0.90584284,0.0,0.04389641,44562,6,0.06649045,6.4053196
442,6,8026936,0.98445473,0.04300854,0.00334651,0.0,0.00379148,0.8988308,0.0,0.05102267,51978,6,0.07931523,6.4053528
442,7,8026937,0.98334481,0.04441775,0.00431265,0.0,0.00365818,0.9254626,0.0,0.02214882,56074,6,0.10405606,6.4053861
442,8,8026938,0.98420861,0.04411811,0.00380085,0.0,0.00395435,0.90839783,0.0,0.03972885,51978,6,0.12682485,6.4053528
442,9,8026939,0.98238323,0.04903093,0.00399191,0.0,0.0040761,0.89223501,0.0,0.05066605,56074,6,0.07592741,6.4053861
442,10,8026940,0.98301701,0.04520175,0.00339575,0.0,0.00376078,0.88877236,0.0,0.05886937,51978,6,0.07057392,6.4053528
443,1,8026961,0.93060353,0.02100866,0.0,0.002086,0.00087723,0.97585813,0.00015249,1.749e-05,29839,6,0.19011755,0.9983392
443,2,8026962,0.93590922,0.02241161,0.0,0.00208872,0.00081131,0.97451779,0.00015398,1.659e-05,8159,6,0.09001737,0.9985397
443,3,8026963,0.92912931,0.02091703,0.0,0.00208698,0.00090683,0.97592338,0.00015253,1.325e-05,60655,6,0.22170918,0.9983399
443,4,8026964,0.93608353,0.0222862,0.0,0.00208656,0.00080502,0.97465164,0.00015382,1.677e-05,23007,6,0.07075092,0.9985394
443,5,8026965,0.93537345,0.02259887,0.0,0.00208744,0.00084417,0.97430001,0.00015372,1.579e-05,24543,6,0.15463774,0.9985397
443,6,8026966,0.93595559,0.02242592,0.0,0.00208827,0.00083169,0.97448238,0.00015423,1.75e-05,8031,6,0.06265179,0.9985397
443,7,8026967,0.93620095,0.02214944,0.0,0.00208531,0.00080731,0.97478797,0.00015421,1.576e-05,23007,6,0.21759173,0.9985394
443,8,8026968,0.93582053,0.02252085,0.0,0.00208774,0.00084361,0.97437782,0.00015401,1.597e-05,53207,6,0.05790813,0.9985064
443,9,8026969,0.93606058,0.02249703,0.0,0.00208712,0.00083887,0.97440506,0.00015418,1.775e-05,61919,6,0.08967487,0.9985397
443,10,8026970,0.93610159,0.02240057,0.0,0.00208802,0.00081727,0.97452324,0.00015437,1.654e-05,24543,6,0.08659518,0.9985397
444,1,8026991,0.9841149,0.05054787,0.03372454,0.0,0.00559806,0.59656214,0.00033322,0.31323417,48940,6,0.11993284,4.6072772
444,2,8026992,0.98385865,0.05199952,0.03224478,0.0,0.00647029,0.63878643,0.00044786,0.27005112,48940,6,0.11288761,4.6072772
444,3,8026993,0.98461326,0.05080071,0.03073042,0.0,0.00514664,0.64284392,0.00027989,0.27019842,44844,6,0.18845273,4.6072439
444,4,8026994,0.9844866,0.05122482,0.02525063,0.0,0.00520354,0.73925981,0.00029771,0.17876349,48940,6,0.23287137,4.6072772
444,5,8026995,0.98400533,0.05163713,0.0306491,0.0,0.00546368,0.63791449,0.00037198,0.27396362,48908,6,0.07425038,4.6072773
444,6,8026996,0.98446462,0.05153556,0.0244118,0.0,0.00582382,0.65813997,0.00037487,0.25971398,48940,6,0.14658526,4.6072772
444,7,8026997,0.9836043,0.05379066,0.02695085,0.0,0.00724891,0.5548389,0.00030141,0.35686927,44837,7,0.16119355,4.6072439
444,8,8026998,0.98411071,0.0520782,0.02827601,0.0,0.00541445,0.60725539,0.00044892,0.30652703,44845,7,0.13987927,4.6073438
444,9,8026999,0.98489166,0.04949357,0.02774308,0.0,0.00455928,0.53173065,0.00027657,0.38619684,44812,6,0.11197117,4.607244
444,10,8027000,0.98312392,0.05508927,0.03131817,0.0,0.00567471,0.5707404,0.0003834,0.33679404,57132,6,0.09962965,4.6072772
445,1,8027021,0.98935815,0.03572794,0.00907618,0.0,0.00210084,0.0,8.619e-05,0.95300884,19210,7,0.33940577,1.3028016
445,2,8027022,0.98904865,0.03908803,0.00785179,0.0,0.00223153,0.0,8.467e-05,0.95074398,18948,7,0.43139332,1.3025413
445,3,8027023,0.98939264,0.03515317,0.00785795,0.0,0.00211971,0.0,8.322e-05,0.95478595,18946,7,0.21995573,1.3025413
445,4,8027024,0.98898771,0.04096164,0.00982023,0.0,0.00234743,0.0,8.667e-05,0.94678403,20226,7,0.22631311,1.3028016
445,5,8027025,0.9894429,0.03666711,0.00783319,0.0,0.00222873,0.0,8.345e-05,0.95318752,19202,7,0.33874491,1.3028016
445,6,8027026,0.98933942,0.03800888,0.00958039,0.0,0.00235473,0.0,8.654e-05,0.94996945,19202,7,0.36528326,1.3028016
445,7,8027027,0.98924025,0.03727185,0.00759924,0.0,0.00225208,0.0,8.361e-05,0.95279322,18948,7,0.40981234,1.3025413
445,8,8027028,0.9894319,0.03556482,0.00817432,0.0,0.00211158,0.0,8.386e-05,0.95406542,19211,7,0.38641765,1.3029015
445,9,8027029,0.98909986,0.04010736,0.00850328,0.0,0.00226319,0.0,8.518e-05,0.94904099,20226,7,0.17165457,1.3028016
445,10,8027030,0.98905717,0.03952871,0.0086486,0.0,0.00232661,0.0,8.485e-05,0.94941123,18946,7,0.19839073,1.3025413
446,1,8027051,0.94024356,0.01841864,0.0,0.00149542,0.00284444,0.01838883,0.0,0.95885267,16255,7,0.04878403,0.9988261
446,2,8027052,0.94040398,0.01843417,0.0,0.00149572,0.00285199,0.02369809,0.0,0.95352002,24447,7,0.04657246,0.9988261
446,3,8027053,0.94052706,0.01841889,0.0,0.00149544,0.00284692,0.01629705,0.0,0.9609417,44543,7,0.05769031,0.998826
446,4,8027054,0.9404409,0.01839058,0.0,0.00149583,0.00286733,0.01779954,0.0,0.95944672,44927,7,0.05137412,0.9988261
446,5,8027055,0.94034134,0.01842229,0.0,0.00149563,0.00283392,0.02128654,0.0,0.95596162,15871,7,0.04030161,0.998826
446,6,8027056,0.94039682,0.01839288,0.0,0.0014962,0.00286534,0.02118473,0.0,0.95606084,40951,7,0.05987846,0.9988011
446,7,8027057,0.94029509,0.01843534,0.0,0.00149522,0.00286547,0.01989251,0.0,0.95731146,57215,7,0.04836984,0.9988261
446,8,8027058,0.94032918,0.01842213,0.0,0.00149516,0.00285494,0.01965812,0.0,0.95756965,49151,7,0.04743087,0.9988261
446,9,8027059,0.94023737,0.01839041,0.0,0.00149573,0.00286424,0.02807019,0.0,0.94917943,16383,7,0.0314441,0.9988261
446,10,8027060,0.94030789,0.0184067,0.0,0.00149646,0.00284738,0.02002709,0.0,0.95722238,57215,7,0.0458114,0.9988261
447,1,8027081,0.98414402,0.04351382,0.00268321,0.0,0.00288549,0.91414696,0.0,0.03677052,51980,6,0.0491737,7.6651028
447,2,8027082,0.98421049,0.0475758,0.00271086,0.0,0.00339333,0.90069425,0.0,0.04562576,51980,6,0.08100483,7.6651028
447,3,8027083,0.98423215,0.04347414,0.002715,0.0,0.00326048,0.91550871,0.0,0.03504167,57098,6,0.06044763,7.6651363
447,4,8027084,0.98414741,0.04368112,0.00285848,0.0,0.00298775,0.9106446,0.0,0.03982806,56076,6,0.04855082,7.6651362
447,5,8027085,0.98413498,0.042542,0.00360104,0.0,0.0028281,0.91355067,0.0,0.03747819,47884,6,0.04194215,7.6651362
447,6,8027086,0.98414527,0.04446846,0.00298727,0.0,0.00302279,0.92133275,0.0,0.02818873,53004,6,0.06843199,7.665103
447,7,8027087,0.98410107,0.04279676,0.00351275,0.0,0.00269879,0.91292352,0.0,0.03806819,43788,6,0.05156975,7.6651028
447,8,8027088,0.98410059,0.04192054,0.00302542,0.0,0.00271955,0.92151717,0.0,0.03081732,57098,6,0.0414908,7.6651363
447,9,8027089,0.98424024,0.04753825,0.00263125,0.0,0.00340731,0.90342323,0.0,0.04299995,51980,6,0.15268394,7.6651028
447,10,8027090,0.98423962,0.04350391,0.00267114,0.0,0.00328984,0.90954828,0.0,0.04098683,53002,6,0.04393569,7.665103
448,1,8027111,0.92819432,0.01303811,0.0,0.00046216,0.00061548,0.98568657,0.00018338,1.43e-05,37003,6,0.23669738,0.9984598
448,2,8027112,0.92871344,0.01345918,0.0,0.00046734,0.00072066,0.98514415,0.00019138,1.73e-05,37071,6,0.27481926,0.9984597
448,3,8027113,0.92710844,0.01260038,0.0,0.00045805,0.00048343,0.98627264,0.00017876,6.74e-06,32841,6,0.16321406,0.9984601
448,4,8027114,0.92791407,0.01301465,0.0,0.00046058,0.0006063,0.9857252,0.00018205,1.121e-05,32975,6,0.1529588,0.9984596
448,5,8027115,0.92816858,0.01386813,0.0,0.00047034,0.00086798,0.98457509,0.00019427,2.419e-05,32907,6,0.28908186,0.9984598
448,6,8027116,0.9278485,0.01275197,0.0,0.00046391,0.00052013,0.9860703,0.00018324,1.046e-05,37005,6,0.11247663,0.9984598
448,7,8027117,0.92710398,0.01313934,0.0,0.00046642,0.00062866,0.98556402,0.00018704,1.452e-05,37067,6,0.14042934,0.9984597
448,8,8027118,0.92756033,0.01300152,0.0,0.0004631,0.00059906,0.98573781,0.0001848,1.371e-05,32907,6,0.25266898,0.9984598
448,9,8027119,0.92869844,0.01294644,0.0,0.00046208,0.00057881,0.98581705,0.00018375,1.188e-05,37071,6,0.15184854,0.9984597
448,10,8027120,0.92742985,0.01327725,0.0,0.0004648,0.00066652,0.98538969,0.00018698,1.476e-05,32971,6,0.33006133,0.9984596
449,1,8027141,0.99850779,0.0279582,0.01976479,0.0,0.00804475,0.0,0.0,0.94423226,49151,7,0.02963615,0.999989
449,2,8027142,0.99840209,0.0279662,0.02022579,0.0,0.0081356,0.0,0.0,0.94367241,8183,7,0.04413708,0.999964
449,3,8027143,0.99849718,0.0279774,0.01991984,0.0,0.00800223,0.0,0.0,0.94410054,44927,7,0.03506454,0.9999889
449,4,8027144,0.99839552,0.0278466,0.02052429,0.0,0.00801801,0.0,0.0,0.9436111,65399,7,0.0424198,0.999964
449,5,8027145,0.99849238,0.02777715,0.0200975,0.0,0.0080545,0.0,0.0,0.94407085,61439,7,0.0341072,0.9999889
449,6,8027146,0.99844951,0.02785211,0.02043715,0.0,0.00801794,0.0,0.0,0.9436928,58879,7,0.05036887,0.9999889
449,7,8027147,0.99849548,0.0278574,0.02015484,0.0,0.00801589,0.0,0.0,0.94397186,32639,7,0.06721453,0.999989
449,8,8027148,0.99845479,0.02778913,0.02016181,0.0,0.00806503,0.0,0.0,0.94398403,59263,7,0.03836804,0.9999889
449,9,8027149,0.998397,0.02792855,0.02027062,0.0,0.00800556,0.0,0.0,0.94379528,30591,7,0.03291947,0.999989
449,10,8027150,0.99848887,0.02801621,0.02012544,0.0,0.00816166,0.0,0.0,0.94369669,14207,7,0.02892445,0.9999889
450,1,8027171,0.98510109,0.04729592,0.00853191,0.0,0.00462603,0.80961576,0.00010738,0.129823,51978,6,0.18852753,5.1265674
450,2,8027172,0.98531587,0.04723659,0.0066514,0.0,0.00442007,0.73004621,9.724e-05,0.21154848,51972,6,0.18475631,5.1265341
450,3,8027173,0.98555262,0.04605316,0.00767795,0.0,0.00450897,0.75528503,0.00010022,0.18637468,51970,6,0.21468593,5.1265341
450,4,8027174,0.98543799,0.04631745,0.00738617,0.0,0.00494715,0.84029376,0.00011794,0.10093752,51978,6,0.24582725,5.1265674
450,5,8027175,0.98523874,0.04553079,0.0097614,0.0,0.00487045,0.82534582,0.00011653,0.11437502,51970,6,0.32103208,5.1265341
450,6,8027176,0.98513193,0.04696299,0.0076619,0.0,0.00469013,0.80846754,0.00011642,0.13210102,51978,6,0.2149532,5.1265674
450,7,8027177,0.98557952,0.04445899,0.00861675,0.0,0.00503435,0.85066058,0.00013548,0.09109385,51970,6,0.33042608,5.1265341
450,8,8027178,0.98518984,0.04702875,0.00716375,0.0,0.00507381,0.84313234,0.00011204,0.0974893,51978,6,0.28013122,5.1265674
450,9,8027179,0.98574198,0.0443241,0.00613998,0.0,0.00499195,0.83019442,0.00010701,0.11424254,51970,6,0.18792025,5.1265341
450,10,8027180,0.9855033,0.04466161,0.00652961,0.0,0.00468742,0.81182316,0.00010832,0.13218987,51970,6,0.23641866,5.1265341
451,1,8027201,0.93114378,0.01934299,0.0,0.00222823,0.00281958,0.18438051,0.0,0.79122869,22495,7,0.06157461,0.9984325
451,2,8027202,0.93178465,0.01938484,0.0,0.00222985,0.00286793,0.19152597,0.0,0.78399141,24543,7,0.06689471,0.9984325
451,3,8027203,0.93141474,0.01960106,0.0,0.00222707,0.00287624,0.04575214,0.0,0.92954349,63455,7,0.10336623,0.9984325
451,4,8027204,0.93202139,0.01955144,0.0,0.00223075,0.00289873,0.0800595,0.0,0.89525958,8151,7,0.08493354,0.9984075
451,5,8027205,0.93164882,0.01962073,0.0,0.00222804,0.00286042,0.08270845,0.0,0.89258236,23383,7,0.04354108,0.9984073
451,6,8027206,0.93109534,0.019321,0.0,0.00222907,0.00284045,0.16965123,0.0,0.80595825,23391,7,0.05914254,0.9984323
451,7,8027207,0.93126085,0.01941147,0.0,0.0022276,0.00282567,0.17199067,0.0,0.80354459,62879,6,0.07916261,0.9984325
451,8,8027208,0.93122835,0.0195534,0.0,0.00222897,0.00279848,0.1285829,0.0,0.84683625,48095,7,0.07197731,0.9984325
451,9,8027209,0.93241142,0.01944853,0.0,0.00223004,0.00287416,0.08064272,0.0,0.89480454,24543,7,0.06996262,0.9984325
451,10,8027210,0.93084198,0.01928628,0.0,0.00222996,0.00286153,0.11546696,0.0,0.86015527,20447,7,0.06821092,0.9983825
452,1,8027231,0.96534496,0.09905741,0.00330241,0.0,0.0041844,0.77107136,0.0,0.12238442,53036,6,0.07821337,6.7035734
452,2,8027232,0.98440284,0.04142544,0.00286617,0.0,0.00311101,0.82428875,0.0,0.12830863,46987,6,0.09081073,6.7036734
452,3,8027233,0.98480509,0.04275422,0.00299575,0.0,0.00355561,0.80013461,0.0,0.15055981,48940,6,0.07594092,6.7036067
452,4,8027234,0.98343782,0.04577571,0.00335231,0.0,0.00379971,0.78534685,0.0,0.16172542,56108,6,0.06985187,6.7036068
452,5,8027235,0.98467814,0.04336397,0.00286789,0.0,0.00365811,0.81493284,0.0,0.13517719,57132,6,0.08291442,6.7036067
452,6,8027236,0.98473261,0.04229545,0.00316004,0.0,0.00328823,0.7650841,0.0,0.18617218,48940,6,0.03944146,6.7036067
452,7,8027237,0.97981544,0.05617244,0.00425583,0.0,0.0043229,0.8354637,0.0,0.09978512,53499,6,0.15857854,6.7036734
452,8,8027238,0.98413563,0.04353077,0.00317428,0.0,0.00336545,0.81291869,0.0,0.1370108,44844,6,0.07777595,6.7035734
452,9,8027239,0.98433646,0.04443195,0.00280707,0.0,0.00350878,0.81706314,0.0,0.13218905,57132,6,0.08473113,6.7036067
452,10,8027240,0.98329014,0.04904027,0.00288212,0.0,0.00340911,0.78574614,0.0,0.15892236,53028,6,0.10460312,6.7035401
453,1,8027261,0.59178711,0.07706699,0.0501856,0.00219,0.1229386,0.0,0.21902921,0.5285896,23175,7,0.28426268,0.998267
453,2,8027262,0.66164863,0.06336374,0.04429364,0.00126586,0.09053583,0.0,0.18950453,0.6110364,23175,7,0.36806288,0.998267
453,3,8027263,0.60893221,0.07141858,0.0499078,0.00179178,0.10905074,0.0,0.21971765,0.54811344,23175,7,0.28828702,0.998267
453,4,8027264,0.62737084,0.07228469,0.04820089,0.00081566,0.1087648,0.0,0.19892722,0.57100674,23175,7,0.18663128,0.998267
453,5,8027265,0.54375157,0.08350624,0.0444147,0.00140591,0.15832944,0.0,0.22404409,0.48829961,23175,7,0.19477145,0.998267
453,6,8027266,0.6303536,0.0643119,0.04461602,0.0012743,0.08623782,0.0,0.22438632,0.57917364,23175,7,0.23478637,0.998267
453,7,8027267,0.62883158,0.06873832,0.04660253,0.00146143,0.10294493,0.0,0.20757512,0.57267767,23175,7,0.26569395,0.998267
453,8,8027268,0.52726516,0.08727398,0.04639288,0.00171084,0.16327501,0.0,0.23067399,0.4706733,23175,7,0.1392141,0.998267
453,9,8027269,0.6281286,0.06914373,0.04917324,0.00136904,0.10864734,0.0,0.20172275,0.5699439,23175,7,0.18880462,0.998267
453,10,8027270,0.62964652,0.07139296,0.04180153,0.00083232,0.12790058,0.0,0.17634548,0.58172713,23175,7,0.27595223,0.998267
454,1,8027291,0.95687628,0.01945192,0.00549111,0.0,0.0028687,0.0079358,0.0,0.96425247,40831,7,0.05085997,0.999162
454,2,8027292,0.95683991,0.01947415,0.00552478,0.0,0.00287295,0.00731856,0.0,0.96480956,52735,7,0.05337402,0.9991619
454,3,8027293,0.95679067,0.01947334,0.00554388,0.0,0.00284924,0.00728819,0.0,0.96484535,40831,7,0.0528787,0.999162
454,4,8027294,0.95689086,0.01946529,0.00553492,0.0,0.00288129,0.00738536,0.0,0.96473315,49151,7,0.05663854,0.999162
454,5,8027295,0.95689486,0.0194271,0.00555841,0.0,0.00286172,0.01880436,0.0,0.95334841,40447,7,0.06238679,0.9991619
454,6,8027296,0.95690405,0.01944901,0.00548916,0.0,0.00286198,0.01095634,0.0,0.96124351,58879,7,0.04972669,0.9991619
454,7,8027297,0.95678749,0.01951864,0.00553388,0.0,0.00286559,0.0112855,0.0,0.96079638,32767,7,0.04632612,0.999162
454,8,8027298,0.95692126,0.01950301,0.0055033,0.0,0.002856,0.02175218,0.0,0.9503855,30719,7,0.07885207,0.999162
454,9,8027299,0.95673382,0.01947616,0.00550909,0.0,0.00285953,0.00708748,0.0,0.96506773,40447,7,0.05068081,0.9991619
454,10,8027300,0.95674677,0.01948057,0.00558858,0.0,0.00287677,0.00742606,0.0,0.96462801,46591,7,0.06930261,0.9991619
455,1,8027321,0.98409041,0.04405614,0.00272376,0.0,0.00342752,0.89366776,0.0,0.05612482,51980,6,0.10805478,7.7881005
455,2,8027322,0.98337653,0.04043571,0.00212324,0.0,0.00279291,0.93746984,0.0,0.01717831,44564,6,0.07431575,7.7880674
455,3,8027323,0.98425339,0.04202753,0.00232738,0.0,0.00325992,0.89714956,0.0,0.05523562,42652,6,0.04647207,7.7881007
455,4,8027324,0.9843266,0.04245258,0.00244642,0.0,0.00334685,0.88733752,0.0,0.06441663,56076,6,0.05703633,7.7881338
455,5,8027325,0.98459643,0.04112806,0.00222619,0.0,0.00346106,0.89809219,0.0,0.05509249,53004,6,0.06811783,7.7881007
455,6,8027326,0.9838531,0.04308541,0.00238213,0.0,0.00313186,0.8885626,0.0,0.06283801,56077,6,0.04420549,7.7882005
455,7,8027327,0.9840861,0.04564698,0.00231183,0.0,0.00354412,0.89831128,0.0,0.05018579,56076,6,0.12628588,7.7881338
455,8,8027328,0.98199781,0.04854308,0.0036447,0.0,0.00344986,0.90581193,0.0,0.03855043,56076,6,0.06482172,7.7881338
455,9,8027329,0.98035875,0.05271326,0.00239396,0.0,0.0031133,0.88605369,0.0,0.05572579,51980,6,0.05883723,7.7881005
455,10,8027330,0.98354852,0.04622595,0.0026688,0.0,0.00347435,0.87110058,0.0,0.07653031,51980,6,0.0678353,7.7881005
456,1,8027351,0.92452879,0.02127761,0.0,0.00209168,0.00101496,0.97543793,0.00015421,2.361e-05,40175,6,0.20592596,0.9980817
456,2,8027352,0.9274837,0.02123951,0.0,0.00208575,0.00070552,0.97579033,0.00015402,2.488e-05,40655,6,0.35955822,0.9980817
456,3,8027353,0.93345489,0.0222458,0.0,0.00210059,0.0007964,0.97468433,0.00015515,1.772e-05,23959,6,0.09970094,0.998456
456,4,8027354,0.92431385,0.02096234,0.0,0.00209469,0.00104392,0.97572491,0.00015404,2.009e-05,40175,6,0.26824786,0.9980817
456,5,8027355,0.92588867,0.02069411,0.0,0.00209182,0.00081547,0.97622339,0.00015409,2.112e-05,40687,6,0.2028043,0.9980819
456,6,8027356,0.93369318,0.02257417,0.0,0.00210038,0.00083142,0.97432111,0.00015512,1.78e-05,62879,6,0.13418489,0.9984813
456,7,8027357,0.92662153,0.0209521,0.0,0.00209728,0.00092276,0.97585438,0.00015366,1.982e-05,26319,6,0.12459407,0.9982307
456,8,8027358,0.93365816,0.02300621,0.0,0.00210094,0.00085772,0.97386071,0.00015535,1.907e-05,8031,6,0.11018525,0.9984813
456,9,8027359,0.93295673,0.02287788,0.0,0.00210149,0.00087101,0.97397761,0.00015503,1.697e-05,15327,6,0.09821608,0.9984813
456,10,8027360,0.93363755,0.02284342,0.0,0.00209936,0.00084188,0.97404258,0.0001551,1.767e-05,19423,6,0.05753862,0.9984313
457,1,8027381,0.98837955,0.0392533,0.02423934,0.0,0.00208507,0.0,7.688e-05,0.93434541,48941,7,0.50606412,3.6301956
457,2,8027382,0.98820219,0.04000883,0.02980695,0.0,0.00201914,0.0,7.612e-05,0.92808897,48909,7,0.49325617,3.6301957
457,3,8027383,0.98807692,0.04002182,0.02516107,0.0,0.00231197,0.0,8.478e-05,0.93242035,48941,7,0.9029568,3.6301956
457,4,8027384,0.98832585,0.03859348,0.02696621,0.0,0.00205364,0.0,7.444e-05,0.93231223,48941,7,0.37900678,3.6301956
457,5,8027385,0.98851258,0.03898446,0.01971763,0.0,0.00199676,0.0,7.262e-05,0.93922854,48941,7,0.74623008,3.6301956
457,6,8027386,0.98698714,0.04532839,0.04611912,0.0,0.00233174,0.0,8.608e-05,0.90613466,48909,7,0.33391596,3.6301957
457,7,8027387,0.9882952,0.03955464,0.02864581,0.0,0.00209467,0.0,7.826e-05,0.92962661,48941,7,0.65619736,3.6301956
457,8,8027388,0.98780902,0.04145143,0.04152675,0.0,0.00228155,0.0,8.433e-05,0.91465594,48941,7,0.43911323,3.6301956
457,9,8027389,0.98764012,0.04154853,0.047269,0.0,0.00230521,0.0,8.902e-05,0.90878824,48941,7,0.21917181,3.6301956
457,10,8027390,0.98847306,0.03928324,0.01978391,0.0,0.00206102,0.0,7.353e-05,0.93879831,48941,7,0.46862057,3.6301956
458,1,8027411,0.98647837,0.04126351,0.05451576,0.0,0.00323384,0.0,0.00012988,0.900857,19210,7,0.30482104,3.0657683
458,2,8027412,0.98645892,0.04374062,0.04905328,0.0,0.00292084,0.0,0.00013481,0.90415045,19210,7,0.49990186,3.0657683
458,3,8027413,0.98741161,0.03895237,0.03306474,0.0,0.00241491,0.0,8.794e-05,0.92548004,19210,7,0.30855238,3.0657683
458,4,8027414,0.98671848,0.04127647,0.05700721,0.0,0.00316526,0.0,0.00011966,0.8984314,19202,7,0.26971012,3.0657683
458,5,8027415,0.98627904,0.04117122,0.06352135,0.0,0.00358687,0.0,0.000131,0.89158955,19202,7,0.24979454,3.0657683
458,6,8027416,0.98533108,0.04511707,0.07396284,0.0,0.00380796,0.0,0.00018201,0.87693012,19202,7,0.2194885,3.0657683
458,7,8027417,0.98569497,0.04745288,0.06972878,0.0,0.00310405,0.0,0.00011379,0.8796005,19212,7,0.25952611,3.0657683
458,8,8027418,0.98568459,0.04744573,0.06457772,0.0,0.00312696,0.0,0.00011349,0.8847361,19204,7,0.38811155,3.0657683
458,9,8027419,0.98585679,0.0443373,0.06819556,0.0,0.00355012,0.0,0.00015853,0.88375848,19210,7,0.15544532,3.0657683
458,10,8027420,0.98642287,0.04175901,0.04939681,0.0,0.00326075,0.0,0.00013536,0.90544807,19210,7,0.61018163,3.0657683
459,1,8027441,0.93097793,0.01858717,0.0,0.00222397,0.0028436,0.02686914,0.0,0.94947613,24543,7,0.05875743,0.9984971
459,2,8027442,0.93040377,0.01858091,0.0,0.0022227,0.00284407,0.03575673,0.0,0.94059558,49119,7,0.05407862,0.9984971
459,3,8027443,0.93207275,0.01878037,0.0,0.0022261,0.00282371,0.04523147,0.0,0.93093835,61407,7,0.16595979,0.9984971
459,4,8027444,0.93125078,0.01871141,0.0,0.0022238,0.00283344,0.02301397,0.0,0.95321738,45023,7,0.06516155,0.9984971
459,5,8027445,0.93032244,0.01843874,0.0,0.00222307,0.00286137,0.04862364,0.0,0.92785318,24407,7,0.03871641,0.998472
459,6,8027446,0.93130182,0.01858517,0.0,0.00222342,0.00283628,0.04446955,0.0,0.93188558,43999,7,0.04713017,0.998497
459,7,8027447,0.93087409,0.01869019,0.0,0.00222195,0.00281213,0.05683086,0.0,0.91944488,26591,7,0.06039532,0.9984469
459,8,8027448,0.93209668,0.01876386,0.0,0.00222162,0.00276542,0.08923733,0.0,0.88701176,28639,7,0.06479314,0.9984471
459,9,8027449,0.9316459,0.01858976,0.0,0.00222425,0.00284306,0.04118714,0.0,0.9351558,12255,7,0.04365508,0.9984471
459,10,8027450,0.92945279,0.01840995,0.0,0.00222131,0.00284546,0.0445271,0.0,0.93199619,11231,7,0.03978578,0.9984471
460,1,8027471,0.98436101,0.03702215,0.00151413,0.0,0.00263101,0.89709371,0.0,0.06173901,46747,6,0.04407845,8.3260714
460,2,8027472,0.9841337,0.04402473,0.00268392,0.0,0.0030814,0.84048929,0.0,0.10972065,53004,6,0.07162586,8.3259715
460,3,8027473,0.98412695,0.0431471,0.00264852,0.0,0.00300247,0.85686904,0.0,0.09433287,57132,6,0.13119026,8.3260047
460,4,8027474,0.98438648,0.04247937,0.00215027,0.0,0.0031529,0.86320145,0.0,0.08901602,53036,6,0.05662624,8.3259713
460,5,8027475,0.98429075,0.04451861,0.00237464,0.0,0.00321928,0.84442814,0.0,0.10545934,56108,6,0.07630218,8.3260048
460,6,8027476,0.98396567,0.04221429,0.00236346,0.0,0.00269944,0.8873257,0.0,0.0653971,53036,6,0.09268733,8.3259713
460,7,8027477,0.98443017,0.04084458,0.00223638,0.0,0.00304737,0.8294171,0.0,0.12445457,48908,6,0.0483814,8.3260048
460,8,8027478,0.98433896,0.04204581,0.00257119,0.0,0.0029437,0.85947122,0.0,0.09296807,52012,6,0.07683552,8.3259715
460,9,8027479,0.9842532,0.04201869,0.00266875,0.0,0.00291732,0.87139227,0.0,0.08100297,52012,6,0.05235432,8.3259715
460,10,8027480,0.98411408,0.04370365,0.00250922,0.0,0.00285906,0.87327094,0.0,0.07765713,57132,6,0.0789362,8.3260047
461,1,8027501,0.94755135,0.01780525,0.0101729,0.00011406,0.00080496,0.97084494,0.00016092,9.697e-05,22727,6,0.57511756,0.9976235
461,2,8027502,0.95291297,0.0241985,0.01774618,0.00011539,0.00081335,0.95691755,0.00016458,4.445e-05,6095,6,0.88623035,0.9978981
461,3,8027503,0.95328846,0.02413174,0.01724922,0.00011541,0.00080199,0.95749143,0.0001645,4.571e-05,6087,6,0.87291674,0.9978731
461,4,8027504,0.94734182,0.01898602,0.012646,0.0001138,0.00082113,0.96646332,0.00020235,0.00076737,22727,6,0.56683751,0.9976235
461,5,8027505,0.95302202,0.02416228,0.01828172,0.00011587,0.00079189,0.95642382,0.00016557,5.885e-05,1999,6,0.36301256,0.9978481
461,6,8027506,0.95289049,0.02419709,0.01728288,0.00011581,0.00080198,0.95738768,0.00016482,4.974e-05,6095,6,0.87310019,0.9978981
461,7,8027507,0.95320162,0.02415949,0.01720449,0.00011543,0.00080903,0.95750956,0.00016479,3.722e-05,1999,6,0.50318823,0.9978481
461,8,8027508,0.95300395,0.02406981,0.01819905,0.00011615,0.00080278,0.95660518,0.00016559,4.144e-05,1999,6,0.36205459,0.9978481
461,9,8027509,0.95287861,0.02409442,0.01740981,0.0001153,0.00081002,0.95736383,0.00016446,4.216e-05,6095,6,0.71312728,0.9978981
461,10,8027510,0.95315727,0.02422442,0.01778896,0.00011567,0.00081501,0.95684011,0.00016573,5.009e-05,6087,6,0.6183948,0.9978731
462,1,8027531,0.98113536,0.02197805,0.01381122,0.0,0.00462076,0.00181834,0.0,0.95777163,14327,7,0.03142954,0.9996202
462,2,8027532,0.98115367,0.02200236,0.01369112,0.0,0.00461233,0.00190869,0.0,0.95778549,50687,7,0.02951306,0.9996452
462,3,8027533,0.98114855,0.02198135,0.01391552,0.0,0.00461272,0.00145743,0.0,0.95803297,46975,7,0.02955216,0.9996452
462,4,8027534,0.98116653,0.02196156,0.01383179,0.0,0.00458095,0.00150503,0.0,0.95812068,44543,7,0.04513898,0.9996452
462,5,8027535,0.981126,0.02201205,0.01387174,0.0,0.00458564,0.00162871,0.0,0.95790186,56823,7,0.03486049,0.9996202
462,6,8027536,0.98116254,0.02203092,0.01370672,0.0,0.0045688,0.00166701,0.0,0.95802655,65535,7,0.05283087,0.9996452
462,7,8027537,0.98114481,0.02193141,0.01425848,0.0,0.00461233,0.00132523,0.0,0.95787255,65399,7,0.0332406,0.9996202
462,8,8027538,0.98114031,0.02201111,0.01383692,0.0,0.00460706,0.0054314,0.0,0.95411352,40831,7,0.04634874,0.9996452
462,9,8027539,0.9811339,0.02198356,0.01354696,0.0,0.00461143,0.00141296,0.0,0.95844509,40831,7,0.04777833,0.9996452
462,10,8027540,0.98112368,0.02202912,0.01400129,0.0,0.00457329,0.00159496,0.0,0.95780134,51191,7,0.02950098,0.9996119
463,1,8027561,0.98177208,0.046415,0.00627195,0.0,0.00502822,0.84134119,0.0,0.10094363,51978,6,0.10237831,6.996425
463,2,8027562,0.9835445,0.04039389,0.00601264,0.0,0.00452043,0.89630827,0.0,0.05276477,8372,6,0.17768426,6.9963251
463,3,8027563,0.98341004,0.04493417,0.00765151,0.0,0.00465495,0.89552297,0.0,0.0472364,56074,6,0.13410915,6.9964583
463,4,8027564,0.98387199,0.04594381,0.00513935,0.0,0.00445677,0.86881208,0.0,0.07564799,51978,6,0.11485679,6.996425
463,5,8027565,0.98428148,0.0434218,0.00569255,0.0,0.00397999,0.88259714,0.0,0.06430851,8436,6,0.09785485,6.9963252
463,6,8027566,0.98431552,0.04324915,0.00582197,0.0,0.00463804,0.87709755,0.0,0.0691933,51970,6,0.14332117,6.9963917
463,7,8027567,0.98316133,0.04472183,0.00480876,0.0,0.00477951,0.89490416,0.0,0.05078575,51970,6,0.22554223,6.9963917
463,8,8027568,0.98404354,0.04355023,0.00629081,0.0,0.00474647,0.88516617,0.0,0.06024631,51978,6,0.19250014,6.996425
463,9,8027569,0.98465689,0.04256982,0.00525797,0.0,0.00406729,0.85660043,0.0,0.09150449,56074,6,0.08899814,6.9964583
463,10,8027570,0.98351206,0.04039425,0.00520494,0.0,0.00494447,0.89706055,0.0,0.05239579,8372,6,0.15729789,6.9963251
464,1,8027591,0.92253436,0.0214512,0.0,0.00208185,0.0007935,0.97550714,0.0001531,1.321e-05,64927,6,0.05491799,0.9982231
464,2,8027592,0.92202158,0.0213061,0.0,0.00208541,0.00078624,0.97565713,0.00015302,1.21e-05,64927,6,0.0779126,0.9982231
464,3,8027593,0.92294794,0.02123067,0.0,0.00208179,0.00076674,0.9757523,0.00015391,1.46e-05,22495,6,0.1025154,0.9982231
464,4,8027594,0.92373372,0.02091231,0.0,0.00207968,0.00075385,0.97608581,0.00015383,1.452e-05,24407,6,0.09418691,0.9981981
464,5,8027595,0.91794977,0.02042331,0.0,0.00208236,0.00082178,0.97650331,0.00015196,1.728e-05,32463,6,0.2426842,0.9980233
464,6,8027596,0.92309784,0.0215803,0.0,0.00208141,0.00080482,0.97536535,0.00015344,1.468e-05,23519,6,0.06933687,0.9982231
464,7,8027597,0.92240507,0.02164897,0.0,0.00208227,0.00080965,0.97529298,0.00015305,1.308e-05,35807,6,0.05956348,0.9982233
464,8,8027598,0.92215525,0.02125091,0.0,0.00208113,0.00078594,0.97571462,0.00015395,1.344e-05,8159,6,0.06114986,0.9982231
464,9,8027599,0.92191446,0.02114219,0.0,0.00208466,0.0007837,0.97582336,0.00015355,1.253e-05,60831,6,0.04862617,0.9982231
464,10,8027600,0.92376897,0.02154267,0.0,0.00208294,0.0007861,0.97541902,0.00015369,1.558e-05,8023,6,0.11348135,0.9981981
465,1,8027621,0.98514629,0.04569329,0.00696144,0.0,0.0037562,0.65063306,0.00010061,0.2928554,48940,6,0.14737071,6.3570656
465,2,8027622,0.98528136,0.04533033,0.00617058,0.0,0.00414935,0.71611034,0.00011481,0.22812458,48940,6,0.157239,6.3570656
465,3,8027623,0.98510125,0.04673337,0.00615968,0.0,0.00435127,0.74041562,0.00011435,0.20222572,48940,6,0.14449752,6.3570656
465,4,8027624,0.98560634,0.04364038,0.00593711,0.0,0.00382153,0.6404994,0.00010409,0.30599749,44844,6,0.15199999,6.3570323
465,5,8027625,0.98495593,0.04753646,0.00699363,0.0,0.00392147,0.70640716,0.00010576,0.23503552,48940,6,0.15459548,6.3570656
465,6,8027626,0.98527073,0.04611144,0.00631171,0.0,0.00412322,0.66651466,0.00013789,0.27680109,44844,6,0.13205916,6.3570323
465,7,8027627,0.98523146,0.04617781,0.00639708,0.0,0.00348933,0.56978655,9.705e-05,0.37405219,57132,6,0.16784106,6.3570656
465,8,8027628,0.98543039,0.04400896,0.00553304,0.0,0.00387176,0.67723886,0.00010555,0.26924183,48940,6,0.13930394,6.3570656
465,9,8027629,0.98540961,0.04440315,0.00603802,0.0,0.00437274,0.78442857,0.0001128,0.16064473,44844,6,0.18469579,6.3570323
465,10,8027630,0.9854811,0.04500649,0.00582028,0.0,0.00418902,0.7071824,0.00012079,0.23768102,44844,6,0.26223978,6.3570323
466,1,8027651,0.98526315,0.02534331,0.01289288,0.0,0.00070757,0.0,9.108e-05,0.96096516,19079,7,0.50615536,0.9991495
466,2,8027652,0.98514322,0.02588753,0.01366416,0.0,0.00076692,0.0,9.195e-05,0.95958944,19079,7,0.85790422,0.9991495
466,3,8027653,0.98532075,0.02540907,0.01252997,0.0,0.00076954,0.0,9.104e-05,0.96120039,23175,7,0.96064978,0.9992244
466,4,8027654,0.98532573,0.02539218,0.01261237,0.0,0.00075011,0.0,9.142e-05,0.96115392,23175,7,0.96072132,0.9992244
466,5,8027655,0.98512329,0.02685227,0.01446215,0.0,0.000792,0.0,9.259e-05,0.95780099,19079,7,0.47548292,0.9991495
466,6,8027656,0.98532049,0.02547643,0.012653,0.0,0.00072415,0.0,9.078e-05,0.96105564,23175,7,0.96043883,0.9992244
466,7,8027657,0.98519536,0.02525361,0.01336361,0.0,0.00074309,0.0,9.112e-05,0.96054857,19079,7,0.96015281,0.9991495
466,8,8027658,0.98528546,0.02540888,0.0128319,0.0,0.00073839,0.0,9.082e-05,0.96093001,23175,7,0.69883683,0.9992244
466,9,8027659,0.98530962,0.02549379,0.01300937,0.0,0.00073712,0.0,9.121e-05,0.96066851,23175,7,0.96033125,0.9992244
466,10,8027660,0.98526567,0.02518678,0.01290074,0.0,0.00074132,0.0,9.067e-05,0.96108048,19079,7,0.49333292,0.9991495
467,1,8027681,0.93669521,0.01911009,0.0,0.0,0.00267947,0.01589155,0.0,0.96231889,32639,7,0.0694475,0.9987527
467,2,8027682,0.93675138,0.01907808,0.0,0.0,0.00270094,0.0162993,0.0,0.96192168,14207,7,0.03788097,0.9987526
467,3,8027683,0.93677338,0.01906656,0.0,0.0,0.00270354,0.01381456,0.0,0.96441534,53247,7,0.04488057,0.9987526
467,4,8027684,0.93681065,0.01906243,0.0,0.0,0.00269802,0.01557112,0.0,0.96266843,53111,7,0.03533115,0.9987193
467,5,8027685,0.93649186,0.01910112,0.0,0.0,0.00270813,0.01340368,0.0,0.96478707,48639,7,0.04752728,0.9987525
467,6,8027686,0.93662761,0.01909201,0.0,0.0,0.00268606,0.01362676,0.0,0.96459517,65023,7,0.04081291,0.9987525
467,7,8027687,0.93670197,0.01905178,0.0,0.0,0.00271799,0.0181981,0.0,0.96003213,61303,7,0.0426186,0.9987193
467,8,8027688,0.93627944,0.01912431,0.0,0.0,0.00269866,0.02042128,0.0,0.95775575,44543,7,0.05790666,0.9987525
467,9,8027689,0.9368005,0.01904917,0.0,0.0,0.00268649,0.0140167,0.0,0.96424764,51071,7,0.05298967,0.9987525
467,10,8027690,0.93674358,0.01908859,0.0,0.0,0.00271955,0.01394109,0.0,0.96425077,57207,7,0.04040622,0.9987276
468,1,8027711,0.9841192,0.04248857,0.00245521,0.0,0.00291158,0.89420599,0.0,0.05793866,51980,6,0.07200252,9.226002
468,2,8027712,0.98493746,0.03695849,0.00226576,0.0,0.00325,0.86027218,0.0,0.09725357,56106,6,0.07758323,9.2260354
468,3,8027713,0.98463611,0.03735133,0.0023436,0.0,0.00309029,0.8935159,0.0,0.06369888,56074,6,0.0531931,9.2260353
468,4,8027714,0.98399458,0.04164976,0.00240757,0.0,0.00271464,0.91369707,0.0,0.03953097,52012,6,0.06423219,9.2260021
468,5,8027715,0.98395585,0.04123751,0.00245426,0.0,0.00273839,0.92485694,0.0,0.0287129,53004,6,0.06878213,9.2260021
468,6,8027716,0.9843036,0.04272139,0.00230066,0.0,0.00317367,0.87624818,0.0,0.07555609,52004,6,0.07556736,9.2259688
468,7,8027717,0.98388762,0.0387889,0.00275648,0.0,0.00249591,0.94211817,0.0,0.01384054,44804,6,0.0536944,9.2259688
468,8,8027718,0.9843316,0.04207496,0.00237391,0.0,0.00301266,0.87440096,0.0,0.07813751,56108,6,0.07486391,9.2260354
468,9,8027719,0.98410724,0.04252994,0.00233987,0.0,0.00295225,0.89825937,0.0,0.05391857,53004,6,0.06282322,9.2260021
468,10,8027720,0.98476834,0.03786383,0.00218907,0.0,0.00319935,0.861985,0.0,0.09476274,51970,6,0.06499519,9.2259686
469,1,8027741,0.91161845,0.01250745,0.0,0.00188686,0.00066943,0.98476407,0.00015564,1.656e-05,32975,6,0.21555506,0.998069
469,2,8027742,0.91542293,0.01581811,0.0,0.00189165,0.00070804,0.98140723,0.00015543,1.954e-05,40655,6,0.37651093,0.9980698
469,3,8027743,0.91296194,0.01325696,0.0,0.0018882,0.00070905,0.98397089,0.0001554,1.95e-05,39119,6,0.30245153,0.9980697
469,4,8027744,0.9078705,0.01137024,0.0,0.00188686,0.00050312,0.98607519,0.0001553,9.29e-06,36873,6,0.15699846,0.9980697
469,5,8027745,0.91027701,0.01213408,0.0,0.00188752,0.00060717,0.98520155,0.00015534,1.434e-05,32911,6,0.16478436,0.9980691
469,6,8027746,0.90938565,0.01237505,0.0,0.00188779,0.00074721,0.98481419,0.00015492,2.085e-05,32907,6,0.17779169,0.9980691
469,7,8027747,0.91022366,0.0123287,0.0,0.00188808,0.00067774,0.98493208,0.00015556,1.783e-05,37007,6,0.15945087,0.9980691
469,8,8027748,0.91015866,0.01209772,0.0,0.00188618,0.00079943,0.98504187,0.00015546,1.934e-05,32975,6,0.24016571,0.998069
469,9,8027749,0.9157119,0.01495512,0.0,0.00188901,0.00080485,0.9821676,0.00015555,2.787e-05,39119,6,0.46374385,0.9980697
469,10,8027750,0.90760145,0.01155873,0.0,0.00188552,0.00065396,0.98573309,0.00015493,1.377e-05,32907,6,0.23776197,0.9980691
470,1,8027771,0.98998638,0.03732562,0.00811191,0.0,0.00232471,0.0,0.00013192,0.95210584,49069,7,0.34131621,2.237927
470,2,8027772,0.98929395,0.04054285,0.00952204,0.0,0.00246052,0.0,0.00013424,0.94734036,48941,7,0.30927627,2.2381743
470,3,8027773,0.99020423,0.03577221,0.00710473,0.0,0.00234147,0.0,0.00013013,0.95465145,49069,7,0.37471771,2.237927
470,4,8027774,0.98980587,0.03877745,0.00739134,0.0,0.00232597,0.0,0.00013222,0.95137303,44845,7,0.5359606,2.2381743
470,5,8027775,0.98996673,0.03799544,0.00748266,0.0,0.00231251,0.0,0.00013129,0.9520781,44845,7,0.62551198,2.2381743
470,6,8027776,0.99003206,0.03645128,0.00957879,0.0,0.00233423,0.0,0.00013244,0.95150326,44845,7,0.24427241,2.2381743
470,7,8027777,0.9896962,0.03851026,0.0088074,0.0,0.00233414,0.0,0.00013295,0.95021525,48909,7,0.6793232,2.2381743
470,8,8027778,0.99015649,0.0364117,0.00782806,0.0,0.00233564,0.0,0.00013132,0.95329328,44845,7,0.39526669,2.2381743
470,9,8027779,0.98966184,0.03857745,0.00749884,0.0,0.00242018,0.0,0.00013096,0.95137258,57261,7,0.45343216,2.237927
470,10,8027780,0.98991297,0.0372802,0.00691152,0.0,0.00230786,0.0,0.00013068,0.95336974,57261,7,0.28699088,2.237927
471,1,8027801,0.98403583,0.04594373,0.03552127,0.0,0.00578789,0.6723078,0.00027977,0.24015954,51970,6,0.33556119,5.2265917
471,2,8027802,0.98438236,0.04745622,0.02795863,0.0,0.00525697,0.64095054,0.00021127,0.27816637,51970,6,0.11748981,5.2265917
471,3,8027803,0.98495904,0.04579182,0.02273366,0.0,0.00526981,0.71216129,0.00022781,0.21381562,51970,6,0.3252613,5.2265917
471,4,8027804,0.98457622,0.04654241,0.02569471,0.0,0.00506473,0.58949228,0.00020518,0.33300069,51970,6,0.17277284,5.2265917
471,5,8027805,0.9852529,0.0434217,0.02174856,0.0,0.00479025,0.52620174,0.00019806,0.4036397,51970,6,0.18199953,5.2265917
471,6,8027806,0.98447875,0.04519445,0.03226354,0.0,0.00454479,0.59069682,0.0003322,0.3269682,51970,6,0.10548682,5.2265917
471,7,8027807,0.98456761,0.04503966,0.03403197,0.0,0.00534922,0.67832196,0.0001819,0.23707528,51970,6,0.22196816,5.2265917
471,8,8027808,0.98452753,0.04604761,0.0345739,0.0,0.00537776,0.56597389,0.00020257,0.34782427,51978,6,0.11483085,5.2266251
471,9,8027809,0.98424877,0.04600648,0.03031927,0.0,0.00531073,0.66899913,0.00027907,0.24908532,51970,6,0.26732329,5.2265917
471,10,8027810,0.98477065,0.04622934,0.02106785,0.0,0.0052934,0.67089479,0.00020441,0.25631021,51978,6,0.21192028,5.2266251
472,1,8027831,0.91851943,0.01842027,0.0,0.00222619,0.00271244,0.16206408,0.0,0.81457702,23967,6,0.05598746,0.9981316
472,2,8027832,0.91897095,0.0185173,0.0,0.00222637,0.00270511,0.11498571,0.0,0.86156551,24415,7,0.07337542,0.998132
472,3,8027833,0.91850503,0.01859645,0.0,0.00222873,0.00273655,0.0457089,0.0,0.93072938,63447,7,0.06024907,0.9981069
472,4,8027834,0.92032468,0.01867245,0.0,0.00222672,0.00278353,0.04799256,0.0,0.92832474,19423,7,0.06700085,0.998082
472,5,8027835,0.91759842,0.01853631,0.0,0.0022295,0.0026723,0.1404734,0.0,0.83608849,49119,7,0.06112724,0.998132
472,6,8027836,0.91747965,0.01867546,0.0,0.00222605,0.00275617,0.04737988,0.0,0.92896244,30687,7,0.05694583,0.998132
472,7,8027837,0.91881163,0.01862149,0.0,0.00222696,0.00270978,0.16217618,0.0,0.81426559,62879,6,0.05606701,0.998132
472,8,8027838,0.91733735,0.01838281,0.0,0.00222672,0.00267181,0.18316741,0.0,0.79355126,32159,6,0.06612275,0.998132
472,9,8027839,0.91862157,0.01865593,0.0,0.002227,0.00274829,0.077796,0.0,0.89857278,46943,7,0.03937096,0.9981319
472,10,8027840,0.918699,0.01869196,0.0,0.00222955,0.00276236,0.03923297,0.0,0.93708316,22495,7,0.08014952,0.998132
473,1,8027861,0.98422561,0.04262891,0.0021413,0.0,0.00333082,0.81322158,0.0,0.13867739,53036,6,0.10793793,8.8491996
473,2,8027862,0.98315165,0.04386959,0.00243866,0.0,0.00310745,0.81661416,0.0,0.13397014,57130,6,0.04436603,8.8492329
473,3,8027863,0.98452195,0.03950846,0.00200632,0.0,0.00314754,0.84065043,0.0,0.11468725,44844,6,0.091699,8.8491996
473,4,8027864,0.98423015,0.03749261,0.00147113,0.0,0.00270662,0.88831048,0.0,0.07001916,54939,6,0.15176208,8.8492996
473,5,8027865,0.98148079,0.0516991,0.00209525,0.0,0.00307896,0.86121728,0.0,0.08190942,57132,6,0.04138519,8.8492329
473,6,8027866,0.98389577,0.03887759,0.00182477,0.0,0.0030497,0.90139912,0.0,0.05484881,53034,6,0.05789809,8.8491996
473,7,8027867,0.98446204,0.03861992,0.00185381,0.0,0.00310646,0.82391385,0.0,0.13250596,53028,6,0.0751252,8.8491662
473,8,8027868,0.98407476,0.04072036,0.00198502,0.0,0.00289681,0.82330414,0.0,0.13109366,53036,6,0.09954243,8.8491996
473,9,8027869,0.98430152,0.03815819,0.00173536,0.0,0.00288985,0.77660995,0.0,0.18060665,53004,6,0.04154539,8.8491997
473,10,8027870,0.98359264,0.03643309,0.00182712,0.0,0.00244258,0.91782388,0.0,0.04147332,51082,6,0.0762021,8.8491997
474,1,8027891,0.95405916,0.02683008,0.02432753,2.333e-05,0.0007161,0.94787039,0.00018274,4.982e-05,21327,6,0.9438025,0.9973559
474,2,8027892,0.95944543,0.02590995,0.01538234,2.386e-05,0.00099029,0.95746074,0.00017676,5.606e-05,6087,6,0.50669989,0.9983112
474,3,8027893,0.95476363,0.02390614,0.01729618,2.702e-05,0.00088481,0.95335931,0.00061663,0.00390991,21327,6,0.20926818,0.9973559
474,4,8027894,0.95927739,0.02557349,0.01530458,2.358e-05,0.00097009,0.95789197,0.00017609,6.02e-05,1991,6,0.77271823,0.9982862
474,5,8027895,0.95947146,0.02578863,0.01582181,2.367e-05,0.00096592,0.95715852,0.00017773,6.373e-05,6087,6,0.57831227,0.9983112
474,6,8027896,0.95933521,0.0256584,0.01517808,2.359e-05,0.00094777,0.95795701,0.0001762,5.896e-05,1991,6,0.67059889,0.9982862
474,7,8027897,0.95406105,0.02688623,0.024147,2.327e-05,0.00071495,0.94800443,0.00018273,4.138e-05,21327,6,0.94419613,0.9973559
474,8,8027898,0.95950822,0.02581146,0.01549156,2.342e-05,0.00096199,0.95747669,0.00017631,5.858e-05,1999,6,0.94397617,0.9982862
474,9,8027899,0.95007312,0.02696926,0.02327453,0.00023929,0.00148457,0.94459673,0.00334687,8.875e-05,21327,6,0.82446167,0.9973559
474,10,8027900,0.95942738,0.02591918,0.01571204,2.373e-05,0.00098993,0.95711013,0.00017786,6.713e-05,1999,6,0.69556217,0.9982862
475,1,8027921,0.95919225,0.01895209,0.006387,0.0,0.00293007,0.01423245,0.0,0.95749839,45055,7,0.04442693,0.9992053
475,2,8027922,0.95923934,0.01896669,0.00639702,0.0,0.00291294,0.00648633,0.0,0.96523703,36343,7,0.05449955,0.9991719
475,3,8027923,0.95913799,0.0189489,0.00635511,0.0,0.00291842,0.01012255,0.0,0.96165503,36863,7,0.04472075,0.9992053
475,4,8027924,0.95921261,0.01896958,0.00630485,0.0,0.00288718,0.00651032,0.0,0.96532807,55287,7,0.05973093,0.9991803
475,5,8027925,0.95912708,0.01895699,0.00638317,0.0,0.00290557,0.00850419,0.0,0.96325008,57335,7,0.04500648,0.9991804
475,6,8027926,0.95908561,0.01897687,0.00630966,0.0,0.00291633,0.01675309,0.0,0.95504405,30711,7,0.03757544,0.9991803
475,7,8027927,0.9592028,0.0189469,0.00639702,0.0,0.00291444,0.01121298,0.0,0.96052865,44543,7,0.04303973,0.9992053
475,8,8027928,0.95923018,0.01895139,0.0063664,0.0,0.00289476,0.01062362,0.0,0.96116382,52735,7,0.04856439,0.9992053
475,9,8027929,0.95926218,0.01895143,0.00624029,0.0,0.00290149,0.00659418,0.0,0.96531261,49151,7,0.05043041,0.9992053
475,10,8027930,0.95922195,0.01892927,0.00641242,0.0,0.00289351,0.00637822,0.0,0.96538659,62975,7,0.04341432,0.9992053
476,1,8027951,0.98335081,0.04180435,0.00380025,0.0,0.00313826,0.88878865,0.0,0.06246848,51973,6,0.07535047,9.1884193
476,2,8027952,0.98312301,0.03807313,0.0031624,0.0,0.00274481,0.93531606,0.0,0.02070359,43786,6,0.05423309,9.1884193
476,3,8027953,0.9848916,0.03791587,0.00230602,0.0,0.00361355,0.87879687,0.0,0.07736769,51978,6,0.08407542,9.1884193
476,4,8027954,0.98321558,0.03826801,0.00380525,0.0,0.00296304,0.91220074,0.0,0.04276297,52994,6,0.03808601,9.1883862
476,5,8027955,0.9829712,0.03930121,0.00230909,0.0,0.00344985,0.91771413,0.0,0.03722573,56850,6,0.09153135,9.1884195
476,6,8027956,0.98361706,0.03750847,0.00275198,0.0,0.00304016,0.91414153,0.0,0.04255786,44562,6,0.06321234,9.1883862
476,7,8027957,0.98365262,0.04154104,0.0032181,0.0,0.00315697,0.89026118,0.0,0.06182271,56076,6,0.16243737,9.1884526
476,8,8027958,0.98314713,0.03474858,0.00338205,0.0,0.00257802,0.95829581,0.0,0.00099555,43786,6,0.07563884,9.1884193
476,9,8027959,0.98385705,0.03924719,0.00603138,0.0,0.00315532,0.8897861,0.0,0.06178,51980,6,0.05558391,9.1884193
476,10,8027960,0.98343234,0.03860064,0.00392621,0.0,0.00283228,0.90398238,0.0,0.0506585,56076,6,0.05140278,9.1884526
477,1,8027981,0.9138415,0.02137946,0.0,0.00209071,0.00079061,0.97557006,0.00015501,1.415e-05,23007,6,0.15506793,0.9980146
477,2,8027982,0.91384388,0.02139302,0.0,0.00209245,0.00077289,0.97557435,0.00015425,1.305e-05,56735,6,0.11103351,0.9980146
477,3,8027983,0.90876762,0.01986766,0.0,0.00209169,0.00078863,0.97708101,0.00015305,1.796e-05,63183,6,0.3591707,0.9978144
477,4,8027984,0.91401699,0.02144072,0.0,0.00209115,0.00077442,0.97552405,0.00015485,1.482e-05,22367,6,0.06501423,0.9980148
477,5,8027985,0.91390998,0.02141553,0.0,0.00209198,0.0008001,0.97552341,0.00015491,1.407e-05,20447,6,0.06454108,0.997965
477,6,8027986,0.91209027,0.02154547,0.0,0.00209132,0.00082499,0.97536815,0.00015438,1.569e-05,22495,6,0.04796619,0.998015
477,7,8027987,0.91359002,0.02190437,0.0,0.00209215,0.00083586,0.97499854,0.00015424,1.483e-05,55263,6,0.06888843,0.998015
477,8,8027988,0.91328924,0.0217323,0.0,0.00209453,0.0008265,0.9751768,0.00015438,1.549e-05,15199,6,0.06015678,0.9980148
477,9,8027989,0.91229541,0.02178855,0.0,0.00209383,0.00085191,0.97509715,0.00015423,1.434e-05,48095,6,0.0510819,0.998015
477,10,8027990,0.91345964,0.02150116,0.0,0.00209105,0.00080224,0.97543614,0.00015448,1.493e-05,20319,6,0.07092859,0.9979649
478,1,8028011,0.98573664,0.04580363,0.03093695,0.0,0.0027202,0.18236721,0.00010108,0.73807093,53037,7,0.26959545,5.6586811
478,2,8028012,0.98583756,0.04442676,0.0254752,0.0,0.00329548,0.29417899,0.00015593,0.63246764,48941,7,0.12710912,5.6586811
478,3,8028013,0.98578547,0.04420916,0.03164398,0.0,0.00353837,0.24925536,0.00016123,0.67119189,48941,7,0.17073108,5.6586811
478,4,8028014,0.98597855,0.04314091,0.03120892,0.0,0.00332526,0.25511561,0.00016659,0.66704271,48941,7,0.2458127,5.6586811
478,5,8028015,0.98630762,0.04171703,0.03284481,0.0,0.0030291,0.25175621,0.00014621,0.67050664,48941,7,0.26138699,5.6586811
478,6,8028016,0.98589944,0.04280451,0.03297834,0.0,0.00336512,0.26130314,0.00012788,0.65942101,44845,7,0.24138943,5.6586811
478,7,8028017,0.98617119,0.04232973,0.03203741,0.0,0.00314436,0.2096145,0.00017471,0.71269929,48941,7,0.32626813,5.6586811
478,8,8028018,0.98671514,0.04121952,0.01570656,0.0,0.00289349,0.30469428,0.00010884,0.63537731,48941,7,0.35186151,5.6586811
478,9,8028019,0.98645284,0.04050137,0.02858895,0.0,0.0029124,0.32263529,0.00015092,0.60521107,48941,7,0.21420783,5.6586811
478,10,8028020,0.98557419,0.04406205,0.03540827,0.0,0.00259668,0.38454255,0.00011877,0.53327168,53037,7,0.18883964,5.6586811
479,1,8028041,0.98788531,0.03739874,0.0218866,0.0,0.0024147,0.0,8.791e-05,0.93821205,20226,7,0.28087487,2.4732319
479,2,8028042,0.98815188,0.03704093,0.01227937,0.0,0.00204788,0.0,8.121e-05,0.94855061,19202,7,0.36847257,2.4732319
479,3,8028043,0.98790299,0.03825642,0.01411994,0.0,0.00213129,0.0,8.168e-05,0.94541067,19203,7,0.30959292,2.4732818
479,4,8028044,0.98838468,0.0356892,0.01104523,0.0,0.00199802,0.0,8.034e-05,0.9511872,19202,7,0.69564157,2.4732319
479,5,8028045,0.98758454,0.04084695,0.02217184,0.0,0.00234038,0.0,8.83e-05,0.93455252,19204,7,0.2185212,2.4732319
479,6,8028046,0.98825076,0.03654519,0.0141545,0.0,0.00208376,0.0,8.273e-05,0.94713382,19202,7,0.51071563,2.4732319
479,7,8028047,0.98824094,0.03759511,0.01254168,0.0,0.00207928,0.0,8.154e-05,0.94770238,19210,7,0.67217717,2.4732319
479,8,8028048,0.98783207,0.03857106,0.0183374,0.0,0.00216777,0.0,8.71e-05,0.94083667,20226,7,0.2126969,2.4732319
479,9,8028049,0.98829853,0.0364376,0.01254097,0.0,0.00201548,0.0,8.209e-05,0.94892386,19202,7,0.34037335,2.4732319
479,10,8028050,0.98812762,0.03714276,0.01827371,0.0,0.00213388,0.0,8.33e-05,0.94236634,20226,7,0.43466659,2.4732319
480,1,8028071,0.91493489,0.01701629,0.0,0.00221719,0.00269371,0.03895015,0.0,0.93912267,7543,7,0.06073575,0.9982221
480,2,8028072,0.91492404,0.01696899,0.0,0.00221805,0.00271435,0.04300601,0.0,0.9350926,49119,7,0.02884375,0.9982472
480,3,8028073,0.91491963,0.01705169,0.0,0.00221748,0.00270837,0.02669521,0.0,0.95132725,49119,7,0.05146557,0.9982472
480,4,8028074,0.91524397,0.01692724,0.0,0.00221739,0.00268467,0.02739163,0.0,0.95077907,30559,7,0.04621769,0.9982472
480,5,8028075,0.91404966,0.01687337,0.0,0.00221703,0.0027283,0.02575826,0.0,0.95242305,8055,7,0.04952879,0.9982223
480,6,8028076,0.91318102,0.01685721,0.0,0.00221614,0.00272613,0.02561275,0.0,0.95258777,48639,7,0.04283915,0.9982472
480,7,8028077,0.91506472,0.01698542,0.0,0.00221918,0.00268414,0.03693875,0.0,0.94117251,47071,7,0.03668726,0.9982472
480,8,8028078,0.91551675,0.01710382,0.0,0.00221869,0.00270646,0.019617,0.0,0.95835403,59231,7,0.06491808,0.9982471
480,9,8028079,0.91481728,0.01697845,0.0,0.00221888,0.00271345,0.02628464,0.0,0.95180457,57215,7,0.0530025,0.9982473
480,10,8028080,0.91374944,0.01685372,0.0,0.00221749,0.00271165,0.03056245,0.0,0.94765469,15743,7,0.04464106,0.9982472
481,1,8028101,0.98461088,0.03579527,0.00209895,0.0,0.00305413,0.81567382,0.0,0.14337784,48940,6,0.1041198,10.8333026
481,2,8028102,0.98422872,0.04067176,0.00211897,0.0,0.00267895,0.7876508,0.0,0.16687951,53004,6,0.09649729,10.8332694
481,3,8028103,0.98446444,0.03746814,0.00207904,0.0,0.00293405,0.82003066,0.0,0.1374881,44804,6,0.06495872,10.8332361
481,4,8028104,0.98462496,0.03557535,0.00211424,0.0,0.00299458,0.83238776,0.0,0.12692807,44844,6,0.07086336,10.8332692
481,5,8028105,0.98447507,0.03775779,0.00214981,0.0,0.0031235,0.82475528,0.0,0.13221363,44804,6,0.06037859,10.8332361
481,6,8028106,0.98420379,0.0382235,0.00212082,0.0,0.00243548,0.86507403,0.0,0.09214617,57100,6,0.06718144,10.8333028
481,7,8028107,0.98425464,0.04183793,0.00213924,0.0,0.00301896,0.83417784,0.0,0.11882603,51980,6,0.06963669,10.8332692
481,8,8028108,0.98438737,0.03903284,0.00214474,0.0,0.00292102,0.84840263,0.0,0.10749877,57132,6,0.07902659,10.8333026
481,9,8028109,0.98440409,0.03691386,0.00174665,0.0,0.00288091,0.8485356,0.0,0.10992298,55180,6,0.08108838,10.8333028
481,10,8028110,0.98414557,0.03625189,0.00274932,0.0,0.00226749,0.95832997,0.0,0.00040133,53034,6,0.06297346,10.8332692
482,1,8028131,0.82028653,0.03300618,0.0068533,0.09366471,0.00229726,0.83717453,0.02698919,1.484e-05,32843,6,0.17460776,0.9981077
482,2,8028132,0.88133495,0.01613753,0.00443897,0.00088242,0.00093903,0.96073779,0.01684916,1.51e-05,36937,6,0.16548752,0.9981077
482,3,8028133,0.87600941,0.01550983,0.00335256,0.01906422,0.00064869,0.94759813,0.0129955,0.00083106,32905,6,0.17229663,0.9981072
482,4,8028134,0.87964494,0.02284645,0.00623011,0.02771842,0.00073505,0.93017744,0.01227502,1.75e-05,1991,6,0.18519106,0.9968662
482,5,8028135,0.8960714,0.01664402,0.00649225,0.00210623,0.00087654,0.96569882,0.00814206,4.008e-05,6095,6,0.1876141,0.9969162
482,6,8028136,0.87994768,0.02512385,0.01076839,0.05829181,0.00086999,0.89529675,0.00940281,0.0002464,6095,6,0.25006297,0.9969162
482,7,8028137,0.90947593,0.01973971,0.00864541,0.00712839,0.00104067,0.95636771,0.00703173,4.638e-05,6095,6,0.36388785,0.9969162
482,8,8028138,0.8428003,0.02613857,0.00753222,0.08451925,0.00118779,0.86187915,0.01872864,1.438e-05,6095,6,0.20608202,0.9969162
482,9,8028139,0.86364827,0.02119805,0.00581105,0.03604663,0.00114348,0.91348,0.02230182,1.898e-05,32843,6,0.30784009,0.9981077
482,10,8028140,0.86931793,0.02001199,0.00496254,0.03294515,0.00099211,0.92201765,0.01897564,9.492e-05,36875,6,0.11526959,0.9981078
483,1,8028161,0.99157721,0.02318881,0.01611313,0.0,0.00592802,0.0,0.0,0.95477004,30079,7,0.03231752,0.9998535
483,2,8028162,0.99158187,0.02319978,0.01603794,0.0,0.00586948,0.0,0.0,0.9548928,14335,7,0.02790698,0.9998535
483,3,8028163,0.99157824,0.02323597,0.01574925,0.0,0.00593992,0.0,0.0,0.95507486,65407,7,0.02879015,0.9998535
483,4,8028164,0.99162488,0.02326611,0.01607979,0.0,0.00594673,0.0,0.0,0.95470737,65015,7,0.02897108,0.9998285
483,5,8028165,0.99158916,0.02326272,0.01604827,0.0,0.00590381,0.0,0.0,0.9547852,63487,7,0.03921971,0.9998535
483,6,8028166,0.99163478,0.02320058,0.01563667,0.0,0.00589646,0.0,0.0,0.95526629,59391,7,0.0474953,0.9998535
483,7,8028167,0.99163711,0.02318472,0.016271,0.0,0.00588107,0.0,0.0,0.95466321,46975,7,0.0393325,0.9998535
483,8,8028168,0.99160533,0.0232376,0.01558461,0.0,0.00592876,0.0,0.0,0.95524903,36351,7,0.05365574,0.9998535
483,9,8028169,0.99158097,0.02318979,0.01559939,0.0,0.00587005,0.0,0.0,0.95534077,14207,7,0.03254824,0.9998535
483,10,8028170,0.99156655,0.02333002,0.01616736,0.0,0.0058867,0.0,0.0,0.95461591,59391,7,0.04729117,0.9998535
484,1,8028191,0.98522566,0.03850321,0.00760111,0.0,0.0041691,0.80485761,4.764e-05,0.14482133,51978,6,0.17358102,8.0326316
484,2,8028192,0.98511597,0.03926782,0.00569748,0.0,0.00401157,0.76607848,4.326e-05,0.18490139,51978,6,0.16461832,8.0326316
484,3,8028193,0.98536904,0.03747731,0.00517586,0.0,0.00421673,0.83047208,4.684e-05,0.12261119,51970,6,0.17214231,8.0325983
484,4,8028194,0.98513992,0.03828319,0.00515101,0.0,0.00400734,0.83044978,4.813e-05,0.12206055,51970,6,0.1126898,8.0325983
484,5,8028195,0.98546346,0.03707337,0.00476475,0.0,0.00402985,0.79163544,5.178e-05,0.1624448,51970,6,0.2053539,8.0325983
484,6,8028196,0.98490774,0.03940096,0.00577133,0.0,0.00390578,0.7994149,4.888e-05,0.15145815,53002,6,0.11205558,8.0326318
484,7,8028197,0.98498417,0.03882854,0.00607237,0.0,0.00382145,0.75146985,4.362e-05,0.19976417,51970,6,0.11922668,8.0325983
484,8,8028198,0.98524221,0.03828635,0.00518367,0.0,0.00403704,0.80855665,4.467e-05,0.14389162,51970,6,0.0826674,8.0325983
484,9,8028199,0.98499106,0.03911527,0.00696472,0.0,0.00441667,0.84351998,4.643e-05,0.10593694,56074,6,0.11598718,8.0326649
484,10,8028200,0.98496244,0.03886584,0.00640628,0.0,0.00390757,0.80310767,4.399e-05,0.14766864,51978,6,0.16880452,8.0326316
485,1,8028221,0.90123703,0.0183813,0.0,0.00223062,0.0027037,0.05640392,0.0,0.92028047,8159,7,0.06753921,0.9976882
485,2,8028222,0.90078955,0.01817859,0.0,0.00223209,0.00261629,0.24570159,0.0,0.73127144,32159,6,0.15481424,0.9976881
485,3,8028223,0.89954649,0.0182497,0.0,0.00223131,0.00272937,0.06298653,0.0,0.9138031,47071,7,0.06841874,0.9976882
485,4,8028224,0.90111032,0.01835679,0.0,0.00223119,0.00266455,0.1203705,0.0,0.85637697,25567,7,0.05395807,0.9976383
485,5,8028225,0.90007928,0.01832291,0.0,0.00223242,0.00271255,0.11636041,0.0,0.86037171,65503,7,0.04729615,0.9976882
485,6,8028226,0.90081901,0.01829407,0.0,0.00223101,0.00271629,0.08156313,0.0,0.8951955,22367,7,0.05409677,0.9976879
485,7,8028227,0.9010508,0.01817495,0.0,0.00223271,0.0026814,0.12642674,0.0,0.8504842,36695,7,0.03594085,0.9976548
485,8,8028228,0.90025591,0.0181737,0.0,0.00223425,0.00273567,0.05721197,0.0,0.91964441,8151,7,0.07534583,0.9976632
485,9,8028229,0.900111,0.01823444,0.0,0.00223074,0.0026372,0.23933817,0.0,0.73755946,32159,6,0.14426096,0.9976881
485,10,8028230,0.90201305,0.01833755,0.0,0.00223161,0.00271914,0.06266684,0.0,0.91404487,3935,7,0.05439728,0.9976381
486,1,8028251,0.98500328,0.03838146,0.00327824,0.0,0.00382629,0.7434092,0.0,0.21110481,48940,6,0.12034741,9.2929031
486,2,8028252,0.98531345,0.03789702,0.0033639,0.0,0.00378783,0.78622565,0.0,0.16872559,48940,6,0.16309322,9.2929031
486,3,8028253,0.98406807,0.03788729,0.00807426,0.0,0.00444231,0.77200988,0.0,0.17758626,44844,6,0.10664391,9.2928698
486,4,8028254,0.98414537,0.04067302,0.00331287,0.0,0.00364527,0.73971283,0.0,0.21265602,53036,6,0.10263255,9.2928698
486,5,8028255,0.98466183,0.03945996,0.002877,0.0,0.00381505,0.74778025,0.0,0.20606774,57132,6,0.09528938,9.2929031
486,6,8028256,0.98245287,0.03826367,0.00350017,0.0,0.00636451,0.778782,0.0,0.17308965,48940,6,0.11850121,9.2929031
486,7,8028257,0.98440396,0.04116407,0.00303756,0.0,0.00357022,0.74279731,0.0,0.20943084,53036,6,0.10871267,9.2928698
486,8,8028258,0.98457151,0.03847661,0.004061,0.0,0.00349253,0.78267041,0.0,0.17129945,48940,6,0.05790164,9.2929031
486,9,8028259,0.98179959,0.0478258,0.00440536,0.0,0.00504185,0.76656223,0.0,0.17616477,44836,6,0.07011089,9.2928364
486,10,8028260,0.98528086,0.03712257,0.00626059,0.0,0.00355338,0.74081333,0.0,0.21225014,44844,6,0.15175881,9.2928698
487,1,8028281,0.97173941,0.02012802,0.0150743,0.0,0.00045757,0.0,0.00017283,0.96416728,23175,7,0.9637784,0.9982749
487,2,8028282,0.97174034,0.02015319,0.01553906,0.0,0.00046117,0.0,0.00017289,0.96367369,23175,7,0.96336406,0.9982749
487,3,8028283,0.97150105,0.02013367,0.0156153,0.0,0.00044828,0.0,0.00017539,0.96362736,23175,7,0.60658514,0.9982749
487,4,8028284,0.9714001,0.0202011,0.01540754,0.0,0.00044625,0.0,0.00017415,0.96377097,19079,7,0.50501292,0.9982001
487,5,8028285,0.97174145,0.02014381,0.01514896,0.0,0.00045839,0.0,0.00017298,0.96407586,23175,7,0.9637243,0.9982749
487,6,8028286,0.96842626,0.02101085,0.0156758,0.0,0.00109561,0.0,0.00270936,0.95950838,23175,7,0.838428,0.9982749
487,7,8028287,0.97167056,0.02014896,0.01499542,0.0,0.00047751,0.0,0.00018638,0.96419173,23175,7,0.89345737,0.9982749
487,8,8028288,0.97112935,0.020373,0.01522434,0.0,0.00045348,0.0,0.00017409,0.96377509,19079,7,0.93633244,0.9982001
487,9,8028289,0.97174274,0.02019765,0.01523088,0.0,0.00045842,0.0,0.00017338,0.96393966,23175,7,0.96321374,0.9982749
487,10,8028290,0.97175079,0.02014317,0.01504208,0.0,0.00045714,0.0,0.00017343,0.96418417,23175,7,0.96399174,0.9982749
488,1,8028311,0.92868072,0.01754813,0.00516993,0.0,0.00239277,0.00482413,0.0,0.97006503,60927,7,0.08074877,0.9986032
488,2,8028312,0.92869988,0.01755966,0.00522859,0.0,0.00240876,0.00805859,0.0,0.9667444,32255,7,0.0500413,0.9986032
488,3,8028313,0.92873526,0.01756128,0.0052443,0.0,0.00238939,0.0048997,0.0,0.96990532,56831,7,0.09133067,0.9986032
488,4,8028314,0.92882452,0.01755453,0.00516264,0.0,0.00239505,0.00613575,0.0,0.96875203,32255,7,0.05625739,0.9986032
488,5,8028315,0.92861793,0.01754334,0.00513448,0.0,0.00239019,0.00485881,0.0,0.97007318,54783,7,0.07940553,0.9986032
488,6,8028316,0.92872146,0.01756235,0.00522162,0.0,0.00238439,0.00557366,0.0,0.96925798,36863,7,0.0670371,0.9986033
488,7,8028317,0.92847486,0.01752322,0.00520601,0.0,0.00238652,0.00497459,0.0,0.96990966,65535,7,0.12572557,0.9986034
488,8,8028318,0.92883131,0.01753425,0.00524598,0.0,0.00238181,0.0050355,0.0,0.96980245,16255,7,0.07118062,0.9986034
488,9,8028319,0.92864386,0.01752385,0.00520484,0.0,0.00240076,0.01294536,0.0,0.96192519,49151,7,0.06538228,0.9986034
488,10,8028320,0.92897918,0.01752109,0.00518868,0.0,0.00239111,0.00610777,0.0,0.96879134,32759,7,0.0396447,0.9985784
489,1,8028341,0.98375563,0.03337803,0.00207555,0.0,0.00221673,0.94990585,0.0,0.01242383,43778,6,0.06712224,12.0583318
489,2,8028342,0.98423754,0.04026482,0.0019904,0.0,0.00306454,0.86854557,0.0,0.08613467,56076,6,0.06957911,12.0583985
489,3,8028343,0.98523457,0.03350463,0.00181871,0.0,0.00310258,0.85301605,0.0,0.10855803,51970,6,0.09170352,12.0583318
489,4,8028344,0.98476362,0.03650157,0.00193383,0.0,0.00311203,0.87389471,0.0,0.08455786,53004,6,0.04732089,12.0583654
489,5,8028345,0.98424566,0.04054248,0.00197497,0.0,0.00314321,0.87555136,0.0,0.07878797,51972,6,0.08561256,12.0583318
489,6,8028346,0.98514219,0.03365301,0.00186886,0.0,0.00316949,0.87826881,0.0,0.08303983,51978,6,0.06389415,12.0583652
489,7,8028347,0.98426216,0.03729033,0.00182955,0.0,0.00276157,0.89918935,0.0,0.05892919,56076,6,0.08033107,12.0583985
489,8,8028348,0.98341061,0.03364637,0.00155307,0.0,0.00188513,0.96259652,0.0,0.00031891,50836,6,0.06260057,12.0583321
489,9,8028349,0.98464359,0.0330992,0.00156143,0.0,0.00274131,0.9037393,0.0,0.05885876,56861,6,0.07058555,12.0584653
489,10,8028350,0.98317305,0.03764218,0.00260735,0.0,0.00222028,0.95712177,0.0,0.00040842,43780,6,0.10153973,12.0583318
490,1,8028371,0.90326962,0.02184613,0.0,0.00210723,0.00083139,0.97504321,0.00015609,1.594e-05,23519,6,0.08690935,0.9977698
490,2,8028372,0.90234611,0.02182897,0.0,0.00210937,0.00084011,0.97504974,0.00015573,1.607e-05,39391,6,0.06748085,0.9977697
490,3,8028373,0.89557522,0.01979259,0.0,0.00210499,0.00085074,0.97708126,0.00015459,1.584e-05,63183,6,0.29365475,0.9975691
490,4,8028374,0.90480579,0.02110917,0.0,0.002105,0.00076208,0.97585328,0.00015622,1.424e-05,23519,6,0.25577513,0.9977698
490,5,8028375,0.90351582,0.02177688,0.0,0.00210967,0.0008437,0.9750972,0.00015631,1.625e-05,3927,6,0.08143904,0.9977197
490,6,8028376,0.90335554,0.02195741,0.0,0.00210947,0.0008474,0.97491385,0.00015595,1.592e-05,20439,6,0.07294575,0.9977198
490,7,8028377,0.90456392,0.0215654,0.0,0.00210702,0.00079132,0.97536595,0.00015618,1.414e-05,22367,6,0.11312725,0.9977696
490,8,8028378,0.90469789,0.02166503,0.0,0.00210715,0.00082156,0.97523614,0.00015605,1.407e-05,23519,6,0.06255659,0.9977698
490,9,8028379,0.90405265,0.02178854,0.0,0.00210729,0.00082169,0.97510967,0.00015655,1.627e-05,8031,6,0.07917852,0.9977698
490,10,8028380,0.8915868,0.0193921,0.0,0.00209811,0.00081481,0.97751778,0.00015487,2.233e-05,36591,6,0.48567463,0.9973704
491,1,8028401,0.98842255,0.03543173,0.01836184,0.0,0.00194828,0.0,0.00010078,0.94415738,48941,7,0.49583507,4.4950841
491,2,8028402,0.98672223,0.04181454,0.06118909,0.0,0.00281486,0.0,0.000177,0.8940045,53037,7,0.29490791,4.495084
491,3,8028403,0.98834143,0.03531772,0.02284214,0.0,0.00194831,0.0,0.00010245,0.93978938,44845,7,0.46454373,4.495084
491,4,8028404,0.98843546,0.03615994,0.02040453,0.0,0.00195942,0.0,0.00010191,0.9413742,44845,7,0.79614781,4.495084
491,5,8028405,0.98847363,0.0356261,0.01894472,0.0,0.00198382,0.0,0.000101,0.94334435,48941,7,0.57825811,4.4950841
491,6,8028406,0.9884489,0.03535753,0.0215026,0.0,0.0019715,0.0,0.00010229,0.94106608,48941,7,0.70268209,4.4950841
491,7,8028407,0.98841748,0.0364797,0.02095466,0.0,0.00199384,0.0,0.00010244,0.94046937,44845,7,0.90064573,4.495084
491,8,8028408,0.98846374,0.0362935,0.01790527,0.0,0.00194936,0.0,0.00010156,0.94375031,44845,7,0.77039061,4.495084
491,9,8028409,0.98848657,0.03519163,0.01748799,0.0,0.00196065,0.0,9.967e-05,0.94526005,48941,7,0.94106296,4.4950841
491,10,8028410,0.9883503,0.03576754,0.02235052,0.0,0.0020043,0.0,0.00010233,0.9397753,48941,7,0.44559322,4.4950841
492,1,8028431,0.97914299,0.04992752,0.22108955,0.0,0.00741794,0.0,0.00054838,0.72101661,20234,7,0.09722831,5.576971
492,2,8028432,0.97934058,0.04939713,0.2122401,0.0,0.00659032,0.0,0.00051578,0.73125667,19202,7,0.178624,5.5769709
492,3,8028433,0.97984332,0.04889775,0.21023237,0.0,0.00673949,0.0,0.0006586,0.73347178,19212,7,0.12087735,5.5769709
492,4,8028434,0.97944217,0.04978513,0.21419385,0.0,0.00726269,0.0,0.00051585,0.72824249,19202,7,0.19003289,5.5769709
492,5,8028435,0.98004928,0.04647648,0.20290713,0.0,0.00704464,0.0,0.00047677,0.74309498,19202,7,0.1481553,5.5769709
492,6,8028436,0.9793093,0.04920132,0.21451997,0.0,0.00711023,0.0,0.00052718,0.7286413,19210,7,0.14669548,5.5769709
492,7,8028437,0.97751122,0.05369579,0.24180559,0.0,0.0083934,0.0,0.00061044,0.69549478,19204,7,0.11834518,5.5769709
492,8,8028438,0.97867704,0.04935955,0.22675763,0.0,0.00844655,0.0,0.00055459,0.71488169,19210,7,0.15746959,5.5769709
492,9,8028439,0.97755101,0.05177935,0.25703017,0.0,0.00921168,0.0,0.0007521,0.68122671,20234,7,0.14959513,5.576971
492,10,8028440,0.97937999,0.04794531,0.20789352,0.0,0.00851616,0.0,0.00046779,0.73517723,19202,7,0.15746671,5.5769709
493,1,8028461,0.8910184,0.01707311,0.0,0.00222669,0.0025782,0.10670272,0.0,0.87141927,32607,7,0.04812766,0.9975348
493,2,8028462,0.89274132,0.0173168,0.0,0.00222408,0.00256938,0.06057535,0.0,0.91731438,31711,7,0.05514422,0.997535
493,3,8028463,0.89175889,0.01717252,0.0,0.00222459,0.0025624,0.08124664,0.0,0.89679384,40799,7,0.06090779,0.9975348
493,4,8028464,0.89374062,0.01733748,0.0,0.00222687,0.00257651,0.08187661,0.0,0.89598253,55135,7,0.04864509,0.9975346
493,5,8028465,0.89387771,0.01712389,0.0,0.00222577,0.00254451,0.10050414,0.0,0.87760169,22367,7,0.0514587,0.9975345
493,6,8028466,0.89030725,0.01709155,0.0,0.00222591,0.00256358,0.10830654,0.0,0.86981242,53215,7,0.07030559,0.9975347
493,7,8028467,0.89246463,0.01725472,0.0,0.00222533,0.00257533,0.09092872,0.0,0.88701591,20439,7,0.0600354,0.9974848
493,8,8028468,0.89233181,0.01722779,0.0,0.00222476,0.00253859,0.15572328,0.0,0.82228557,60831,6,0.06635607,0.9975347
493,9,8028469,0.8933531,0.01730573,0.0,0.00222744,0.00258011,0.04866829,0.0,0.92921844,20447,7,0.08801522,0.9974848
493,10,8028470,0.8916912,0.01708392,0.0,0.00222483,0.00251079,0.21127727,0.0,0.76690319,48543,6,0.0830322,0.9975342
494,1,8028491,0.98439476,0.03177397,0.00161497,0.0,0.00257388,0.9021655,0.0,0.06187168,43818,6,0.0520586,13.0242877
494,2,8028492,0.98429999,0.03854868,0.00191915,0.0,0.00283539,0.76983378,0.0,0.186863,53028,6,0.10052259,13.0242541
494,3,8028493,0.97726002,0.06309054,0.01545942,0.0,0.00231216,0.91862168,0.0,0.0005162,52756,6,0.17382338,13.0242543
494,4,8028494,0.98500815,0.02998162,0.00102839,0.0,0.00255568,0.9087727,0.0,0.05766161,46988,6,0.1353265,13.024321
494,5,8028495,0.98518556,0.03276251,0.00164882,0.0,0.00298691,0.80501319,0.0,0.15758857,44836,6,0.0824107,13.0242541
494,6,8028496,0.98434504,0.03865058,0.00186565,0.0,0.00283768,0.76505443,0.0,0.19159165,57132,6,0.07326744,13.0243207
494,7,8028497,0.98423161,0.03901235,0.00188249,0.0,0.00286476,0.80130121,0.0,0.15493919,52004,6,0.07148135,13.0242543
494,8,8028498,0.98435679,0.03868227,0.00184084,0.0,0.00295612,0.81852398,0.0,0.13799679,57132,6,0.20125197,13.0243207
494,9,8028499,0.98454141,0.03680165,0.00171415,0.0,0.00281012,0.79096822,0.0,0.16770586,57132,6,0.05930104,13.0243207
494,10,8028500,0.9843257,0.0388529,0.00193181,0.0,0.00297671,0.78967742,0.0,0.16656115,57132,6,0.08708281,13.0243207
495,1,8028521,0.93672616,0.02250976,0.01420535,0.00011659,0.0008304,0.96213273,0.00017146,3.371e-05,1991,6,0.96049693,0.9970376
495,2,8028522,0.93704761,0.02277409,0.01434688,0.00011632,0.00085219,0.96170306,0.00017072,3.673e-05,1999,6,0.95991658,0.9970376
495,3,8028523,0.93674277,0.02266321,0.01457533,0.00011698,0.0008347,0.96160166,0.00017079,3.733e-05,1991,6,0.4403252,0.9970376
495,4,8028524,0.93661434,0.02295009,0.01466148,0.00011653,0.00086663,0.96119663,0.00017047,3.818e-05,6095,6,0.932491,0.9970877
495,5,8028525,0.93579829,0.02274579,0.01495909,0.00011682,0.00087307,0.96108476,0.00017735,4.312e-05,6087,6,0.45266061,0.9970626
495,6,8028526,0.93693544,0.02278343,0.0148796,0.0001167,0.00086676,0.96114546,0.00017238,3.566e-05,1999,6,0.57009106,0.9970376
495,7,8028527,0.9371041,0.0228355,0.01441567,0.00011665,0.00084665,0.96157923,0.00017114,3.515e-05,6087,6,0.42040679,0.9970626
495,8,8028528,0.93704324,0.02275416,0.01448009,0.00011617,0.00085012,0.96158561,0.00017066,4.318e-05,6087,6,0.4281474,0.9970626
495,9,8028529,0.93701704,0.02289897,0.01464315,0.00011675,0.0008571,0.96127461,0.00017165,3.777e-05,6087,6,0.55612782,0.9970626
495,10,8028530,0.93722784,0.02288531,0.01483962,0.00011661,0.00087056,0.9610833,0.00017107,3.352e-05,6087,6,0.77807962,0.9970626
496,1,8028551,0.96135534,0.0182523,0.01086861,0.0,0.0030116,0.00135472,0.0,0.96651277,65023,7,0.03550363,0.9992453
496,2,8028552,0.96136026,0.01821537,0.01092835,0.0,0.00301059,0.00099958,0.0,0.96684611,57215,7,0.0413455,0.9992454
496,3,8028553,0.96145037,0.01825092,0.01105722,0.0,0.00301854,0.00101049,0.0,0.96666284,4095,7,0.0303119,0.9991954
496,4,8028554,0.96137038,0.01824308,0.01082733,0.0,0.00300592,0.00111324,0.0,0.96681043,30719,7,0.05037879,0.9992454
496,5,8028555,0.96146266,0.01821519,0.0106934,0.0,0.00299524,0.00112067,0.0,0.9669755,60927,7,0.08691226,0.9992453
496,6,8028556,0.96138155,0.01826263,0.01095997,0.0,0.00301002,0.00106897,0.0,0.96669841,52607,7,0.02473744,0.9992453
496,7,8028557,0.96134447,0.01826449,0.01104556,0.0,0.00300965,0.00127122,0.0,0.96640907,57335,7,0.04584554,0.9992204
496,8,8028558,0.9614454,0.01821933,0.01075513,0.0,0.00302083,0.00097957,0.0,0.96702514,12279,7,0.03233397,0.9991954
496,9,8028559,0.96140725,0.018235,0.01085655,0.0,0.0030325,0.0009685,0.0,0.96690744,45047,7,0.04581271,0.9992121
496,10,8028560,0.96145408,0.01821566,0.01086606,0.0,0.0030112,0.00099895,0.0,0.96690813,36735,7,0.07146846,0.9992454
497,1,8028581,0.98427436,0.0370015,0.00293437,0.0,0.00385001,0.8600075,0.0,0.09620663,56074,6,0.12325847,12.3214768
497,2,8028582,0.9856289,0.03224865,0.00339946,0.0,0.00369124,0.87714762,0.0,0.08351303,51970,6,0.20932136,12.3214102
497,3,8028583,0.98377751,0.03831448,0.0033748,0.0,0.00386087,0.8515556,0.0,0.10289426,56076,6,0.12507351,12.3214768
497,4,8028584,0.98581784,0.03190597,0.00207998,0.0,0.00338012,0.81302344,0.0,0.14961049,51978,6,0.13030683,12.3214435
497,5,8028585,0.98402062,0.03910566,0.00273667,0.0,0.00345518,0.84395071,0.0,0.11075178,51972,6,0.11742058,12.3214102
497,6,8028586,0.98470548,0.03662039,0.00269135,0.0,0.00354489,0.85221214,0.0,0.10493123,51978,6,0.09142172,12.3214435
497,7,8028587,0.98575046,0.03168609,0.00211608,0.0,0.00341588,0.84137407,0.0,0.12140788,51970,6,0.16738313,12.3214102
497,8,8028588,0.9838956,0.03983552,0.00269764,0.0,0.00351904,0.87583783,0.0,0.07810996,51980,6,0.14014029,12.3214435
497,9,8028589,0.98555937,0.03284948,0.00237868,0.0,0.00364026,0.8784778,0.0,0.08265378,51978,6,0.15334965,12.3214435
497,10,8028590,0.98435589,0.03714056,0.00288748,0.0,0.00346943,0.85967739,0.0,0.09682513,56076,6,0.10223982,12.3214768
498,1,8028611,0.8706529,0.01974159,0.0,0.00208524,0.00072893,0.97727938,0.00015369,1.117e-05,8031,6,0.06562942,0.9970061
498,2,8028612,0.87369327,0.01955817,0.0,0.00208798,0.00070623,0.97748206,0.00015457,1.1e-05,24407,6,0.05694602,0.9969811
498,3,8028613,0.87166242,0.01990782,0.0,0.00208652,0.00074723,0.9770939,0.00015391,1.062e-05,20319,6,0.06768319,0.996956
498,4,8028614,0.87108863,0.01972457,0.0,0.00208585,0.00074242,0.97728157,0.00015447,1.112e-05,51167,6,0.05732825,0.9970061
498,5,8028615,0.87210211,0.01981849,0.0,0.00208743,0.00074846,0.97717948,0.00015408,1.206e-05,3935,6,0.04732232,0.996956
498,6,8028616,0.8712465,0.01967399,0.0,0.00208495,0.00072132,0.97735592,0.00015373,1.007e-05,32159,6,0.09424245,0.9970061
498,7,8028617,0.86411312,0.01808432,0.0,0.00208725,0.00071829,0.97894108,0.00015258,1.648e-05,63183,6,0.18135955,0.9968051
498,8,8028618,0.87163942,0.01972037,0.0,0.00208752,0.00073722,0.97729018,0.00015427,1.043e-05,14303,6,0.08038671,0.9970061
498,9,8028619,0.87028555,0.01943358,0.0,0.00208767,0.00072,0.97759325,0.00015438,1.111e-05,23511,6,0.05582223,0.9969811
498,10,8028620,0.86957673,0.01956262,0.0,0.00208663,0.00072598,0.97746039,0.00015397,1.041e-05,32735,6,0.05506953,0.9970061
499,1,8028641,0.98490194,0.037196,0.00465602,0.0,0.00361623,0.72667474,0.00010854,0.22774847,57132,6,0.10139346,9.9493788
499,2,8028642,0.98583092,0.03390276,0.00385663,0.0,0.00382536,0.73574503,0.00011464,0.22255559,48940,6,0.14689926,9.9493788
499,3,8028643,0.98564878,0.03425679,0.00348936,0.0,0.00359876,0.70881332,0.00010868,0.24973308,48940,6,0.20365068,9.9493788
499,4,8028644,0.9853023,0.0358362,0.00413765,0.0,0.00360086,0.73497552,0.0001084,0.22134137,48940,6,0.16102327,9.9493788
499,5,8028645,0.98545793,0.03470578,0.00472888,0.0,0.00374031,0.7291012,0.00011451,0.22760931,44844,6,0.12355888,9.9493455
499,6,8028646,0.985638,0.03455153,0.00358141,0.0,0.00352969,0.69609538,0.00010221,0.26213979,48940,6,0.14237442,9.9493788
499,7,8028647,0.98521164,0.03610227,0.00419261,0.0,0.00303112,0.60734484,9.212e-05,0.34923705,44845,7,0.07632,9.9494454
499,8,8028648,0.98570054,0.03443649,0.00386131,0.0,0.00335287,0.65683598,9.855e-05,0.3014148,44844,6,0.11646865,9.9493455
499,9,8028649,0.985182,0.03597454,0.00433923,0.0,0.00362614,0.68945462,0.0001055,0.26649997,44844,6,0.13460182,9.9493455
499,10,8028650,0.98461485,0.03866664,0.00424171,0.0,0.00386447,0.7541071,0.00011173,0.19900834,53036,6,0.07906035,9.9493455
500,1,8028671,0.98888316,0.03480348,0.00641786,0.0,0.00232573,0.0,9.296e-05,0.95635997,20234,7,0.37608472,1.4765602
500,2,8028672,0.98921574,0.03238467,0.00545322,0.0,0.00212769,0.0,9.051e-05,0.95994392,19210,7,0.37261797,1.4765602
500,3,8028673,0.98911752,0.03229794,0.00631769,0.0,0.002201,0.0,9.209e-05,0.95909128,19210,7,0.45141495,1.4765602
500,4,8028674,0.98925603,0.03168639,0.00475566,0.0,0.00206336,0.0,8.975e-05,0.96140483,19202,7,0.6327775,1.4765602
500,5,8028675,0.98918986,0.03016354,0.00515604,0.0,0.00206766,0.0,8.919e-05,0.96252356,19203,7,0.52313408,1.4766102
500,6,8028676,0.98913511,0.03214622,0.00526994,0.0,0.00207533,0.0,9.035e-05,0.96041816,19210,7,0.25378861,1.4765602
500,7,8028677,0.98919383,0.03247912,0.0051543,0.0,0.00206679,0.0,9.008e-05,0.96020972,19210,7,0.3934397,1.4765602
500,8,8028678,0.98917121,0.03157157,0.00549832,0.0,0.00208298,0.0,9.031e-05,0.96075682,19203,7,0.24718895,1.4766102
500,9,8028679,0.98907564,0.03251323,0.00602822,0.0,0.00221501,0.0,9.061e-05,0.95915293,19203,7,0.37953094,1.4766102
500,10,8028680,0.98919352,0.03229394,0.00537882,0.0,0.00209992,0.0,9.028e-05,0.96013704,19202,7,0.51373653,1.4765602
501,1,8028701,0.87855633,0.01567777,0.0,0.00123923,0.00231221,0.01066946,0.0,0.97010132,15743,7,0.04405609,0.9975902
501,2,8028702,0.87858599,0.01568032,0.0,0.00123859,0.00232602,0.01870259,0.0,0.96205248,60927,7,0.0544181,0.9975902
501,3,8028703,0.87880607,0.0156741,0.0,0.00123854,0.00232262,0.01123246,0.0,0.96953227,65407,7,0.04857841,0.9975905
501,4,8028704,0.8792283,0.01564703,0.0,0.00123921,0.00232269,0.01728796,0.0,0.96350311,63487,7,0.04550233,0.9975905
501,5,8028705,0.87809193,0.01571393,0.0,0.00123845,0.00232877,0.01078602,0.0,0.96993284,14335,7,0.06146259,0.9975905
501,6,8028706,0.87854999,0.0156783,0.0,0.00123849,0.00232977,0.01373756,0.0,0.96701587,28159,7,0.06180802,0.9975402
501,7,8028707,0.87901525,0.01566633,0.0,0.0012392,0.00232321,0.01110767,0.0,0.96966361,8191,7,0.07473591,0.9975905
501,8,8028708,0.87936181,0.01565228,0.0,0.00123778,0.00232119,0.01123122,0.0,0.96955753,24439,7,0.04461436,0.9975654
501,9,8028709,0.87906871,0.01566257,0.0,0.00123896,0.00233179,0.01275445,0.0,0.96801223,61311,7,0.04437273,0.9975905
501,10,8028710,0.87924931,0.01567009,0.0,0.00123856,0.00233898,0.01210352,0.0,0.96864885,22527,7,0.05221486,0.9975905
502,1,8028731,0.98433214,0.03057995,0.00172252,0.0,0.00259161,0.87367246,0.0,0.09143347,51978,6,0.06147133,17.0705206
502,2,8028732,0.98395517,0.02784329,0.00178425,0.0,0.00163808,0.96850049,0.0,0.00023389,44842,6,0.06309549,17.0705206
502,3,8028733,0.98433929,0.03068374,0.00181799,0.0,0.00269767,0.86547892,0.0,0.09932168,51970,6,0.0816013,17.0704872
502,4,8028734,0.98422472,0.03477325,0.00191178,0.0,0.00250605,0.88014228,0.0,0.08066664,53036,6,0.06966169,17.0705206
502,5,8028735,0.9842279,0.03529281,0.00186539,0.0,0.00257267,0.87121707,0.0,0.08905205,51980,6,0.07416633,17.0705206
502,6,8028736,0.98382211,0.02344931,0.00047551,0.0,0.00115054,0.97485206,0.0,7.259e-05,44570,6,0.19199642,17.0705209
502,7,8028737,0.98386932,0.02349644,0.00047785,0.0,0.0011258,0.97482961,0.0,7.031e-05,44562,6,0.20235062,17.0704876
502,8,8028738,0.98435093,0.03069971,0.00194009,0.0,0.00257807,0.85918609,0.0,0.10559604,53002,6,0.05607906,17.0705209
502,9,8028739,0.98424611,0.03522994,0.00173481,0.0,0.0025759,0.87168418,0.0,0.08877516,57100,6,0.06162856,17.0705542
502,10,8028740,0.98424776,0.0349005,0.00188752,0.0,0.0025612,0.89029809,0.0,0.0703527,51980,6,0.06420294,17.0705206
503,1,8028761,0.84593713,0.01067394,0.0,0.00189187,0.00068392,0.98658292,0.00015593,1.141e-05,37071,6,0.24997,0.9969067
503,2,8028762,0.84750092,0.01162319,0.0,0.00189178,0.0007817,0.98553268,0.00015577,1.488e-05,37007,6,0.29077652,0.996907
503,3,8028763,0.84150901,0.01085617,0.0,0.00189009,0.00081689,0.98626679,0.00015551,1.455e-05,37067,6,0.25660311,0.9969067
503,4,8028764,0.50313092,0.00817394,0.0,0.99023532,0.00025728,0.00117627,0.00015594,1.25e-06,36874,2,0.72033222,0.6638413
503,5,8028765,0.84471067,0.01081183,0.0,0.00189289,0.00062849,0.98650022,0.00015599,1.058e-05,37067,6,0.18535622,0.9969067
503,6,8028766,0.84357886,0.01048394,0.0,0.00188937,0.00067484,0.98678547,0.00015562,1.076e-05,37067,6,0.21179465,0.9969067
503,7,8028767,0.84553756,0.01119742,0.0,0.00189083,0.00079849,0.98594343,0.00015574,1.409e-05,32907,6,0.2666656,0.996907
503,8,8028768,0.84625742,0.01158377,0.0,0.00189226,0.00076719,0.98558754,0.00015566,1.358e-05,37003,6,0.38274465,0.996907
503,9,8028769,0.84627756,0.0110404,0.0,0.00189148,0.00071,0.98619096,0.00015552,1.164e-05,32975,6,0.17323513,0.9969067
503,10,8028770,0.84429034,0.01090062,0.0,0.00189123,0.00067184,0.9863687,0.00015635,1.126e-05,32971,6,0.29807961,0.9969067
504,1,8028791,0.98928824,0.03391763,0.00420687,0.0,0.00229812,0.0,0.00014596,0.95943141,57261,7,0.79311497,2.4985128
504,2,8028792,0.9893699,0.03431092,0.00540216,0.0,0.00229106,0.0,0.00014763,0.95784822,44845,7,0.34571598,2.4988122
504,3,8028793,0.98950809,0.03274768,0.00447723,0.0,0.00223915,0.0,0.00014581,0.96039013,48941,7,0.68865814,2.4988122
504,4,8028794,0.98966882,0.03270314,0.00468721,0.0,0.00224805,0.0,0.00014611,0.96021549,44845,7,0.63203571,2.4988122
504,5,8028795,0.98943463,0.03341814,0.00471975,0.0,0.00226366,0.0,0.00014634,0.95945212,48941,7,0.63335698,2.4988122
504,6,8028796,0.98950629,0.0333165,0.00469658,0.0,0.0021343,0.0,0.00014615,0.95970648,48941,7,0.54462249,2.4988122
504,7,8028797,0.98875664,0.03712107,0.00574325,0.0,0.00249002,0.0,0.00014915,0.95449651,57261,7,0.47584348,2.4985128
504,8,8028798,0.98948826,0.03284278,0.00490091,0.0,0.00224255,0.0,0.00014627,0.95986749,48941,7,0.56472202,2.4988122
504,9,8028799,0.98977763,0.03164642,0.00437198,0.0,0.00218948,0.0,0.00014476,0.96164736,48941,7,0.44292913,2.4988122
504,10,8028800,0.98935751,0.03241917,0.00527187,0.0,0.00228802,0.0,0.00014651,0.95987443,48941,7,0.33951905,2.4988122
505,1,8028821,0.98506058,0.03261522,0.02891209,0.0,0.00434831,0.71522246,0.00012373,0.21877819,51978,6,0.20420067,11.4794951
505,2,8028822,0.98527739,0.03234463,0.03483599,0.0,0.00406459,0.69446635,0.00021361,0.23407482,51970,6,0.19937082,11.4794618
505,3,8028823,0.98571688,0.03139206,0.02687353,0.0,0.0038908,0.70739257,0.00017995,0.23027108,51970,6,0.2311051,11.4794618
505,4,8028824,0.98487208,0.03512624,0.02990765,0.0,0.00426774,0.75227561,0.00015382,0.17826893,51970,6,0.19804102,11.4794618
505,5,8028825,0.98545533,0.03367282,0.03022415,0.0,0.00382492,0.70794085,0.0001205,0.22421677,51978,6,0.19969358,11.4794951
505,6,8028826,0.98471341,0.03488935,0.0638749,0.0,0.00439614,0.63887332,0.00019021,0.25777608,51978,6,0.18409773,11.4794951
505,7,8028827,0.985408,0.031817,0.03124152,0.0,0.00388288,0.69424844,0.00018776,0.23862241,51970,6,0.23071921,11.4794618
505,8,8028828,0.98517761,0.03377938,0.02906385,0.0,0.00383367,0.67893818,0.00014255,0.25424238,51970,6,0.15024108,11.4794618
505,9,8028829,0.98481378,0.03377051,0.03172914,0.0,0.00404077,0.70283571,0.00015849,0.22746538,51970,6,0.15888033,11.4794618
505,10,8028830,0.98463664,0.03586523,0.02455814,0.0,0.00418223,0.73071735,0.00013224,0.20454481,51980,6,0.12220311,11.4794951
506,1,8028851,0.83173408,0.01603811,0.0,0.00223009,0.00236989,0.09726329,0.0,0.88209861,61407,7,0.05189207,0.9960709
506,2,8028852,0.835076,0.01619056,0.0,0.00222865,0.00238218,0.05244725,0.0,0.92675136,15327,7,0.08538407,0.9960709
506,3,8028853,0.81809355,0.01573125,0.0,0.00222975,0.0011313,0.32234482,0.0,0.65856288,59119,7,0.21576976,0.9958706
506,4,8028854,0.83058601,0.01595364,0.0,0.00222965,0.00240388,0.07278807,0.0,0.90662475,36831,7,0.05565079,0.9960709
506,5,8028855,0.83176408,0.0159061,0.0,0.002229,0.00230153,0.21836958,0.0,0.76119378,30111,6,0.09188728,0.9960708
506,6,8028856,0.83240292,0.01606558,0.0,0.00222828,0.00239625,0.0845596,0.0,0.89475028,57311,7,0.05147955,0.9960709
506,7,8028857,0.83149005,0.01601012,0.0,0.00222775,0.00239027,0.07122334,0.0,0.90814853,29663,7,0.05617279,0.9960713
506,8,8028858,0.83405249,0.01600266,0.0,0.00222872,0.00240037,0.10856486,0.0,0.87080338,8151,7,0.08591714,0.9960459
506,9,8028859,0.83427178,0.01604383,0.0,0.00223059,0.00238207,0.08934979,0.0,0.88999373,24415,7,0.04597101,0.9960709
506,10,8028860,0.83507306,0.0161382,0.0,0.00223101,0.00238614,0.06186068,0.0,0.91738397,23391,7,0.07861812,0.9960705
507,1,8028881,0.98563549,0.02707913,0.00126502,0.0,0.00269101,0.77623008,0.0,0.19273476,48932,6,0.08776097,18.0920846
507,2,8028882,0.984307,0.03345548,0.00162484,0.0,0.00272613,0.7625035,0.0,0.19969006,53036,6,0.10755446,18.0920846
507,3,8028883,0.98473807,0.02706507,0.00140652,0.0,0.00235295,0.86332411,0.0,0.10585135,48938,6,0.06259916,18.0921179
507,4,8028884,0.98357614,0.02692967,0.00158388,0.0,0.00206662,0.96912799,0.0,0.00029185,44834,6,0.08981298,18.0920513
507,5,8028885,0.98427708,0.03387151,0.00169197,0.0,0.00296642,0.78460971,0.0,0.1768604,53028,6,0.1267005,18.0920513
507,6,8028886,0.98575089,0.02701267,0.00125317,0.0,0.00259718,0.743363,0.0,0.22577399,44844,6,0.15270129,18.0920846
507,7,8028887,0.98550296,0.02764028,0.00131545,0.0,0.00275891,0.81339622,0.0,0.15488914,44844,6,0.11369979,18.0920846
507,8,8028888,0.98355133,0.02688482,0.00157118,0.0,0.00203944,0.96928858,0.0,0.00021598,48938,6,0.09541991,18.0921179
507,9,8028889,0.98428026,0.03280437,0.00166379,0.0,0.00246615,0.7465207,0.0,0.216545,53036,6,0.09937113,18.0920846
507,10,8028890,0.98565104,0.02690766,0.0012954,0.0,0.00260107,0.76499121,0.0,0.20420466,48932,6,0.09005603,18.0920846
508,1,8028911,0.14797475,0.0822318,0.03973621,0.00136195,0.19092987,0.0,0.5040644,0.18167577,23175,7,0.06289209,0.9956375
508,2,8028912,0.25023347,0.06223937,0.04003156,0.00126525,0.11721038,0.0,0.50245684,0.27679659,23175,7,0.116449,0.9956375
508,3,8028913,0.211171,0.07817438,0.03541514,0.00108206,0.18288094,0.0,0.45460758,0.2478399,23175,7,0.11031376,0.9956375
508,4,8028914,0.18420053,0.06186172,0.03662892,0.00152632,0.11514246,0.0,0.56566689,0.21917368,19079,7,0.11884915,0.9955627
508,5,8028915,0.1702679,0.06612081,0.0442122,0.00181655,0.11678038,0.0,0.58070849,0.19036157,23175,7,0.07882921,0.9956375
508,6,8028916,0.21742573,0.0736556,0.04150736,0.00165571,0.12734364,0.0,0.51957802,0.23625967,23183,7,0.07723792,0.9957122
508,7,8028917,0.17211778,0.06452278,0.03961585,0.00189277,0.11675249,0.0,0.57225534,0.20496077,23175,7,0.11067215,0.9956375
508,8,8028918,0.1224103,0.08949536,0.03188949,0.00168135,0.21836561,0.0,0.48358598,0.17498221,19087,7,0.07699077,0.9956624
508,9,8028919,0.24832739,0.06457983,0.03696329,0.00126518,0.12587061,0.0,0.49249193,0.27882917,19079,7,0.13445213,0.9955627
508,10,8028920,0.13296205,0.06440328,0.04302733,0.00159214,0.11649167,0.0,0.61253191,0.16195367,19079,7,0.08634453,0.9955627
509,1,8028941,0.89279101,0.01530688,0.00431948,0.0,0.00201725,0.00856781,0.0,0.96978858,15871,7,0.04466356,0.9978693
509,2,8028942,0.89313542,0.0152966,0.00446268,0.0,0.00201116,0.0054922,0.0,0.97273736,53111,7,0.03616916,0.9978361
509,3,8028943,0.89348051,0.01530888,0.00440432,0.0,0.00201302,0.00467482,0.0,0.97359897,54783,7,0.04700625,0.9978693
509,4,8028944,0.89290791,0.01531405,0.00432857,0.0,0.00198537,0.00670872,0.0,0.97166328,36855,7,0.05946245,0.9978362
509,5,8028945,0.89319075,0.01530427,0.00433801,0.0,0.00199803,0.00757415,0.0,0.97078554,14207,7,0.04910918,0.9978694
509,6,8028946,0.89294207,0.0152743,0.00438552,0.0,0.00201929,0.00450342,0.0,0.97381747,32255,7,0.0586456,0.9978693
509,7,8028947,0.89372292,0.01530574,0.00437352,0.0,0.00201965,0.00447786,0.0,0.97382323,7671,7,0.04026226,0.9978443
509,8,8028948,0.89341849,0.01528008,0.00433023,0.0,0.00199323,0.00540117,0.0,0.97299529,57215,7,0.03900313,0.9978695
509,9,8028949,0.89342751,0.01529001,0.00432078,0.0,0.00200576,0.00496858,0.0,0.97341487,7679,7,0.05675936,0.9978693
509,10,8028950,0.89312328,0.01530604,0.00441229,0.0,0.00201525,0.00465481,0.0,0.97361161,36863,7,0.08707414,0.9978695
510,1,8028971,0.98427065,0.02991135,0.00121718,0.0,0.0023204,0.84659365,0.0,0.11995742,56076,6,0.09788145,23.6055377
510,2,8028972,0.98431943,0.02980515,0.0011669,0.0,0.0023033,0.83111134,0.0,0.13561331,51980,6,0.10672647,23.6055043
510,3,8028973,0.98428035,0.02956268,0.00120336,0.0,0.00224896,0.8252979,0.0,0.1416871,51980,6,0.10329819,23.6055043
510,4,8028974,0.98431577,0.03009652,0.00122539,0.0,0.00229092,0.81600239,0.0,0.15038478,51980,6,0.15774867,23.6055043
510,5,8028975,0.98344583,0.02189837,0.0004256,0.0,0.00131362,0.97626478,0.0,9.763e-05,44562,6,0.18908976,23.6054715
510,6,8028976,0.98454612,0.02137092,0.00038888,0.0,0.00146364,0.97617581,0.0,0.00060075,52754,6,0.13478885,23.6054715
510,7,8028977,0.98380605,0.02469634,0.0009585,0.0,0.00172974,0.97248573,0.0,0.00012969,43778,6,0.0960285,23.605471
510,8,8028978,0.98250057,0.02906576,0.00129547,0.0,0.0016652,0.967834,0.0,0.00013957,43788,6,0.10093754,23.6055043
510,9,8028979,0.98252586,0.02929359,0.00126693,0.0,0.00176802,0.96755173,0.0,0.00011973,43788,6,0.08710594,23.6055043
510,10,8028980,0.98431681,0.03019365,0.00127917,0.0,0.00235789,0.84888802,0.0,0.11728127,51980,6,0.12271543,23.6055043
511,1,8029001,0.78308852,0.01843933,0.0,0.00210046,0.00069023,0.97860543,0.00015552,9.03e-06,8031,6,0.06802601,0.9948626
511,2,8029002,0.7811227,0.01830794,0.0,0.0021004,0.00069155,0.97873509,0.00015566,9.36e-06,24407,6,0.06189312,0.9948375
511,3,8029003,0.78187811,0.01854411,0.0,0.0021039,0.00071229,0.97847568,0.00015503,8.98e-06,14303,6,0.04082541,0.9948626
511,4,8029004,0.76259756,0.01540702,0.0,0.00209871,0.00067286,0.9816547,0.00015393,1.277e-05,63183,6,0.26798212,0.9946607
511,5,8029005,0.78211781,0.01851056,0.0,0.00210213,0.00071193,0.97851088,0.00015574,8.76e-06,23391,6,0.08863232,0.994862
511,6,8029006,0.40838457,0.01020468,0.0,0.98810054,0.00035562,0.00118254,0.00015538,1.24e-06,64472,2,0.25466539,0.6615964
511,7,8029007,0.7774566,0.01859959,0.0,0.00210409,0.00072136,0.97841077,0.00015474,9.44e-06,8159,6,0.05743798,0.9948626
511,8,8029008,0.78212694,0.01852502,0.0,0.00210182,0.00070244,0.97850613,0.00015537,9.22e-06,24543,6,0.09543873,0.9948626
511,9,8029009,0.78068649,0.01837476,0.0,0.00210185,0.0007021,0.97865638,0.00015535,9.56e-06,60383,6,0.06559944,0.9948631
511,10,8029010,0.78047738,0.01843208,0.0,0.00210085,0.00069732,0.97860464,0.0001553,9.81e-06,53215,6,0.05301691,0.9948626
