# replicates_lm_g05_e4.csv -- memory-two Wright-Fisher run lm_g05_e4 (parameters: runs.csv), one row per (game, replicate),
# 5120 rows, ipt order 0..511, replicates 1..10 within a game.
# Reduced by provenance/robustness/reduce.py from the packed files lm_g05_e4.{idx,win,rep} and atoms512.bin.
# Columns:
#   ipt      the game (data/games/games.csv)
#   rep      the replicate, 1..10
#   seed     the replicate's seed: seed_base + (isl - 1)*10 + rep, seed_base = 32000000 (runs.csv), isl from games_lm_g05_e4.csv
#   E        the replicate's realised efficiency over its sampled second half (the .rep, 8 decimals)
#   R_abc    the share of the replicate's sampled population in the atom abc (the .rep, 8 decimals); the ten
#            replicates of a game average to the pooled S_abc of games_lm_g05_e4.csv within 7.8e-09
#   top          the replicate's most abundant strategy over its sampled half (the .win 'rank1'): its integer code
#                0..65535 of the Methods (the genome read as a binary number; ALLD = 0, ALLC = 65535)
#   top_atom     its atom at this game as the integer code 4*efficient + 2*stable + competitive (0..7; 101 = 5 never
#                occurs); e.g. 7 = 111 (a friendly rival), 6 = 110, 4 = 100
#   top_share    its share of the replicate's sampled population (the .win 'abund')
#   top_selfpay  its per-round payoff against itself at this game (the .win 'selfpay')
ipt,rep,seed,E,R_000,R_100,R_010,R_001,R_110,R_011,R_111,top,top_atom,top_share,top_selfpay
0,1,32013671,0.98825652,0.03852422,0.04687388,5.566e-05,0.00189344,0.91258413,1.41e-05,5.457e-05,30863,6,0.00545303,0.9996993
0,2,32013672,0.98828371,0.03815676,0.04618752,6.054e-05,0.00188737,0.91367308,1.533e-05,1.941e-05,59535,6,0.00464912,0.9996993
0,3,32013673,0.98839229,0.03743986,0.05121791,7.35e-05,0.00181118,0.90940258,1.528e-05,3.968e-05,63631,6,0.00417005,0.9996993
0,4,32013674,0.988368,0.03767952,0.04953836,7.189e-05,0.00185067,0.91079725,1.368e-05,4.864e-05,28811,6,0.00452111,0.9996992
0,5,32013675,0.98803168,0.03872531,0.04663672,0.00030299,0.0018838,0.9123868,1.42e-05,5.018e-05,63627,6,0.00573747,0.9996993
0,6,32013676,0.98852328,0.03603977,0.05213468,9.197e-05,0.0016914,0.90997718,1.337e-05,5.163e-05,57487,6,0.00423682,0.9996992
0,7,32013677,0.98829294,0.03818863,0.04833571,6.119e-05,0.00191248,0.91142751,3.306e-05,4.142e-05,30923,6,0.00499743,0.9996992
0,8,32013678,0.98840943,0.03655137,0.05284624,8.034e-05,0.00172773,0.9086607,1.372e-05,0.0001199,57483,6,0.00479945,0.9996992
0,9,32013679,0.98826193,0.03825432,0.04475959,5.34e-05,0.00187913,0.91501923,1.388e-05,2.044e-05,63627,6,0.00558099,0.9996993
0,10,32013680,0.98818958,0.03886575,0.04646952,4.97e-05,0.00191712,0.91263293,2.611e-05,3.886e-05,63631,6,0.00620189,0.9996993
1,1,32013701,0.9885313,0.04350391,0.0,0.00015472,0.00096028,0.95536546,3.4e-07,1.529e-05,57311,6,0.00231625,0.9998804
1,2,32013702,0.9885027,0.04318292,0.0,0.00015534,0.00094697,0.95568789,3.2e-07,2.656e-05,40927,6,0.00274824,0.9998804
1,3,32013703,0.9885273,0.04344373,0.0,0.00015343,0.0009957,0.95539063,3.2e-07,1.619e-05,56287,6,0.00251089,0.9998803
1,4,32013704,0.98848542,0.04332257,0.0,0.00015815,0.00095431,0.95554963,2.9e-07,1.505e-05,53087,6,0.0024131,0.9998804
1,5,32013705,0.98850044,0.04344056,0.0,0.00015516,0.0009497,0.9554409,3e-07,1.338e-05,58335,6,0.00241989,0.9998803
1,6,32013706,0.98851192,0.04338153,0.0,0.00015406,0.00094629,0.95550387,2.7e-07,1.397e-05,35807,6,0.00243127,0.9998803
1,7,32013707,0.98851355,0.04315243,0.0,0.00015538,0.00092623,0.95575428,3.1e-07,1.136e-05,43999,6,0.00233775,0.9998803
1,8,32013708,0.98847042,0.04319979,0.0,0.00015524,0.00098054,0.95565068,3.3e-07,1.341e-05,36831,6,0.00256878,0.9998804
1,9,32013709,0.98849717,0.04299769,0.0,0.00015656,0.00100346,0.95582753,3.1e-07,1.445e-05,57183,6,0.0023039,0.9998804
1,10,32013710,0.98851416,0.04323961,0.0,0.00015636,0.00093538,0.95565288,3.1e-07,1.546e-05,40927,6,0.00264624,0.9998804
2,1,32013731,0.98907173,0.04244468,0.03695868,5.618e-05,0.00211983,0.91838405,3.1e-06,3.348e-05,59535,6,0.00418789,0.9997392
2,2,32013732,0.98904266,0.0428723,0.03493932,5.152e-05,0.00232153,0.91969967,3.19e-06,0.00011248,63627,6,0.00457325,0.9997392
2,3,32013733,0.9890184,0.04210781,0.03897546,0.00010975,0.00217627,0.91660227,3.09e-06,2.535e-05,61643,6,0.00402714,0.9997392
2,4,32013734,0.98902,0.04259596,0.03499429,0.00020264,0.0021693,0.91997929,4.537e-05,1.314e-05,61835,6,0.00469082,0.9996785
2,5,32013735,0.98902364,0.04325111,0.0333725,4.585e-05,0.00222143,0.92109314,3.27e-06,1.271e-05,57483,6,0.00465602,0.9997392
2,6,32013736,0.98898241,0.04216309,0.03955145,5.91e-05,0.00224221,0.91593287,3.23e-06,4.804e-05,63627,6,0.00445268,0.9997392
2,7,32013737,0.98917556,0.04108956,0.03997185,6.377e-05,0.00214664,0.91670871,3.16e-06,1.63e-05,63631,6,0.00394799,0.9997393
2,8,32013738,0.98903688,0.0423222,0.03731347,5.295e-05,0.0022589,0.91803158,3.27e-06,1.763e-05,30859,6,0.00471523,0.9997392
2,9,32013739,0.98907375,0.04268785,0.0356704,4.851e-05,0.00229481,0.91926866,3.16e-06,2.661e-05,61579,6,0.00521009,0.9997392
2,10,32013740,0.98898665,0.04278594,0.03583898,5.194e-05,0.00217124,0.91913979,3.31e-06,8.8e-06,59535,6,0.00478659,0.9997392
3,1,32013761,0.98710625,0.04112659,0.0,0.00028339,0.00131797,0.95719517,1.333e-05,6.354e-05,30863,6,0.00195228,0.9996618
3,2,32013762,0.98705251,0.04249297,0.0,0.00026056,0.0013936,0.95576669,1.293e-05,7.325e-05,57295,6,0.0026304,0.9997235
3,3,32013763,0.98710266,0.04237785,0.0,0.00027109,0.00131533,0.95597097,1.321e-05,5.155e-05,35791,6,0.00205666,0.9997235
3,4,32013764,0.98710269,0.04161641,0.0,0.00028345,0.00130025,0.95671199,1.339e-05,7.452e-05,61647,6,0.00190952,0.9996617
3,5,32013765,0.98707926,0.04266372,0.0,0.00026878,0.00134698,0.95565073,1.342e-05,5.638e-05,45007,6,0.00238207,0.9997235
3,6,32013766,0.98707329,0.04220721,0.0,0.00027536,0.00129679,0.95614342,1.331e-05,6.391e-05,52175,6,0.00222238,0.9997235
3,7,32013767,0.98710358,0.04141609,0.0,0.0002786,0.00134153,0.9568936,1.349e-05,5.668e-05,64463,6,0.00237424,0.9997235
3,8,32013768,0.98715159,0.04056672,0.0,0.00029708,0.00134063,0.95773679,1.337e-05,4.54e-05,28879,6,0.00219036,0.9996617
3,9,32013769,0.98714874,0.04224558,0.0,0.00027304,0.00132989,0.95607246,1.315e-05,6.587e-05,35791,6,0.00267287,0.9997235
3,10,32013770,0.98707274,0.04243771,0.0,0.00025907,0.00127475,0.95593233,1.31e-05,8.304e-05,53199,6,0.00218551,0.9997235
4,1,32013791,0.9901153,0.04489519,0.0,0.00010467,0.00097496,0.95400372,7.3e-07,2.072e-05,30687,6,0.00226147,0.9999115
4,2,32013792,0.99008281,0.04487786,0.0,0.00010563,0.00099332,0.95400653,7.8e-07,1.588e-05,52191,6,0.00208573,0.9999115
4,3,32013793,0.99005594,0.04454277,0.0,0.00010697,0.00098599,0.9543488,7.7e-07,1.471e-05,61407,6,0.00176724,0.9999115
4,4,32013794,0.99008164,0.04489296,0.0,0.00010489,0.0009933,0.95399607,7.1e-07,1.206e-05,65503,6,0.00198803,0.9999115
4,5,32013795,0.99010703,0.04463704,0.0,0.00010557,0.00097968,0.95426356,7.3e-07,1.342e-05,56159,6,0.00219023,0.9999115
4,6,32013796,0.9901091,0.04465548,0.0,0.00010469,0.00094732,0.95426949,7.1e-07,2.232e-05,65503,6,0.00201261,0.9999115
4,7,32013797,0.99007301,0.04486954,0.0,0.00010416,0.0009881,0.95402205,7.1e-07,1.542e-05,57311,6,0.00192868,0.9999115
4,8,32013798,0.99010408,0.04473794,0.0,0.00010467,0.0009744,0.95416942,7.4e-07,1.284e-05,62431,6,0.00194659,0.9999115
4,9,32013799,0.99013021,0.04474808,0.0,0.00010355,0.00095772,0.95417629,6.6e-07,1.368e-05,40927,6,0.00215514,0.9999115
4,10,32013800,0.99012582,0.04447389,0.0,0.00010477,0.00097571,0.95442826,7.4e-07,1.662e-05,56287,6,0.00211289,0.9999115
5,1,32013821,0.98897309,0.03492414,0.04651163,0.0001185,0.00154424,0.91683691,2.674e-05,3.784e-05,32777,6,0.00568139,0.9995294
5,2,32013822,0.9888011,0.03679567,0.04468607,0.0001164,0.00173938,0.91661939,3.466e-05,8.43e-06,37259,6,0.0045651,0.9994589
5,3,32013823,0.98902403,0.03503919,0.04594495,0.00011711,0.00158729,0.91725417,2.774e-05,2.955e-05,33163,6,0.00506835,0.9994589
5,4,32013824,0.9887583,0.03707912,0.04281316,9.593e-05,0.00173622,0.91804619,2.737e-05,0.000202,37259,6,0.00391571,0.9994589
5,5,32013825,0.98914825,0.03417758,0.04737053,0.00012256,0.00152962,0.91674918,3.326e-05,1.728e-05,32907,6,0.00716957,0.9995294
5,6,32013826,0.9892801,0.03269622,0.04914825,0.00013897,0.00137697,0.91656969,2.205e-05,4.785e-05,32907,6,0.00697372,0.9995294
5,7,32013827,0.98902617,0.0349696,0.04497483,0.00011778,0.00162716,0.91823068,2.036e-05,5.96e-05,32907,6,0.00546164,0.9995294
5,8,32013828,0.98922264,0.0334098,0.04609689,0.00013458,0.00142376,0.91885964,5.342e-05,2.191e-05,32907,6,0.00723111,0.9995294
5,9,32013829,0.98935576,0.03185864,0.04868017,0.0001499,0.00136236,0.91789543,2.367e-05,2.982e-05,37003,6,0.00739412,0.9995294
5,10,32013830,0.98916151,0.03241277,0.0484568,0.00027374,0.00143221,0.91738581,2.5e-05,1.368e-05,33163,6,0.00750836,0.9994589
6,1,32013851,0.98812301,0.04026483,0.0,0.00044492,0.00087113,0.95840012,6.66e-06,1.235e-05,60383,6,0.00281884,0.9998391
6,2,32013852,0.98809593,0.03974105,0.0,0.00044953,0.00084645,0.95894132,6.74e-06,1.491e-05,65503,6,0.00294517,0.9998392
6,3,32013853,0.98812135,0.03999576,0.0,0.00043873,0.0008366,0.95869827,6.71e-06,2.392e-05,56287,6,0.0032819,0.9998391
6,4,32013854,0.9881107,0.04020648,0.0,0.00044566,0.0008407,0.95848849,6.63e-06,1.204e-05,53215,6,0.00334382,0.9998391
6,5,32013855,0.98810965,0.03993491,0.0,0.00044616,0.00082235,0.9587719,6.71e-06,1.798e-05,32607,6,0.002892,0.9998392
6,6,32013856,0.9881329,0.03973315,0.0,0.00045063,0.00086583,0.95891967,6.63e-06,2.41e-05,65503,6,0.00295418,0.9998392
6,7,32013857,0.98811877,0.040121,0.0,0.00043898,0.00082687,0.95859247,6.59e-06,1.408e-05,60383,6,0.00300841,0.9998391
6,8,32013858,0.98812611,0.03986256,0.0,0.00044569,0.00084648,0.95881183,6.7e-06,2.675e-05,57311,6,0.00310839,0.9998392
6,9,32013859,0.98813354,0.03981992,0.0,0.00044774,0.00086363,0.95884552,6.65e-06,1.654e-05,53215,6,0.00302676,0.9998391
6,10,32013860,0.9881127,0.03976115,0.0,0.00044831,0.00081743,0.95894457,6.67e-06,2.187e-05,56287,6,0.00340077,0.9998391
7,1,32013881,0.98961322,0.0462041,0.03596409,5.593e-05,0.00236217,0.9153442,3.45e-06,6.607e-05,63627,6,0.004579,0.9997623
7,2,32013882,0.98987941,0.04564384,0.0372673,5.801e-05,0.00222009,0.91479734,4.97e-06,8.44e-06,63631,6,0.00421845,0.9997623
7,3,32013883,0.98977942,0.04617642,0.03597321,0.00026448,0.00231877,0.91525087,3.54e-06,1.27e-05,61579,6,0.00447131,0.9997623
7,4,32013884,0.98999921,0.04602606,0.03329871,5.163e-05,0.00230358,0.91830043,3.5e-06,1.609e-05,61579,6,0.00479423,0.9997623
7,5,32013885,0.99000767,0.0453843,0.03554059,5.464e-05,0.00224626,0.91676184,3.49e-06,8.87e-06,57483,6,0.00404511,0.9997622
7,6,32013886,0.98986365,0.04629867,0.03608024,5.823e-05,0.00222199,0.91529252,3.47e-06,4.487e-05,61643,6,0.00451523,0.9997622
7,7,32013887,0.98983806,0.04647649,0.03637782,5.851e-05,0.00222216,0.91484953,3.61e-06,1.187e-05,63627,6,0.00454534,0.9997623
7,8,32013888,0.98972964,0.04577603,0.03661808,5.983e-05,0.00217854,0.9153466,3.6e-06,1.732e-05,63883,6,0.00421873,0.9997245
7,9,32013889,0.99001951,0.04567811,0.03524361,5.36e-05,0.00223563,0.91676444,3.64e-06,2.097e-05,61643,6,0.00444579,0.9997622
7,10,32013890,0.98977645,0.04671728,0.03484569,0.00011769,0.00235062,0.91595296,3.47e-06,1.229e-05,57483,6,0.00436972,0.9997622
8,1,32013911,0.98746302,0.03490385,0.0384975,8.994e-05,0.00195565,0.92447461,2.653e-05,5.193e-05,61581,6,0.00409158,0.999672
8,2,32013912,0.98720871,0.03435645,0.04168661,0.00084687,0.00170112,0.92134103,2.785e-05,4.007e-05,57547,6,0.00405329,0.999672
8,3,32013913,0.9873013,0.03602811,0.03778394,7.096e-05,0.00210102,0.9239484,3.218e-05,3.54e-05,63631,6,0.00492421,0.9996721
8,4,32013914,0.98783325,0.03222183,0.04456218,0.00014292,0.00155574,0.92145325,2.575e-05,3.834e-05,36873,6,0.00423373,0.9994721
8,5,32013915,0.98764225,0.03339418,0.04431474,0.00013025,0.00161541,0.9203119,3.624e-05,0.00019728,37007,6,0.00424379,0.9994721
8,6,32013916,0.98769009,0.03316403,0.04308123,0.00011914,0.00171667,0.92187699,2.538e-05,1.655e-05,32777,6,0.00423656,0.9994721
8,7,32013917,0.98723631,0.03504177,0.04039943,0.00040243,0.00192549,0.92215836,2.59e-05,4.662e-05,30863,6,0.0042659,0.9996721
8,8,32013918,0.98756394,0.03370076,0.04262831,0.00010955,0.00179952,0.92170742,2.826e-05,2.618e-05,30863,6,0.00396518,0.9996721
8,9,32013919,0.98765009,0.03346016,0.04435523,0.00011284,0.00165768,0.92036322,2.711e-05,2.375e-05,63631,6,0.00408058,0.9996721
8,10,32013920,0.98754674,0.0337749,0.04148642,0.00013503,0.00179256,0.92275679,3.231e-05,2.2e-05,63631,6,0.00436251,0.9996721
9,1,32013941,0.98980465,0.04094042,0.0,0.00031114,0.00080551,0.9579313,0.0,1.163e-05,45023,6,0.00222032,0.9998735
9,2,32013942,0.98975885,0.04097021,0.0,0.00031312,0.00080545,0.95789745,0.0,1.377e-05,57311,6,0.00210511,0.9998735
9,3,32013943,0.98976983,0.0408636,0.0,0.0003133,0.00081845,0.95798948,0.0,1.518e-05,64479,6,0.00202267,0.9998735
9,4,32013944,0.98977795,0.04095138,0.0,0.00031165,0.00079811,0.95793039,0.0,8.47e-06,61407,6,0.00216734,0.9998735
9,5,32013945,0.98977942,0.04091729,0.0,0.00031196,0.00080906,0.95795111,0.0,1.059e-05,64479,6,0.00218484,0.9998735
9,6,32013946,0.989797,0.04081304,0.0,0.00031267,0.00081282,0.95804276,0.0,1.872e-05,64479,6,0.00249145,0.9998735
9,7,32013947,0.98977406,0.0408645,0.0,0.00031215,0.00080208,0.95801167,0.0,9.6e-06,48095,6,0.00207796,0.9998735
9,8,32013948,0.98980838,0.04072279,0.0,0.00030914,0.00082074,0.95813012,0.0,1.723e-05,56287,6,0.00204765,0.9998735
9,9,32013949,0.98977604,0.04087013,0.0,0.00031129,0.00081871,0.95798852,0.0,1.136e-05,60383,6,0.00200731,0.9998735
9,10,32013950,0.98977458,0.04085985,0.0,0.0003108,0.00079797,0.95801448,0.0,1.69e-05,45023,6,0.00200777,0.9998735
10,1,32013971,0.98531022,0.04072322,0.08620778,0.00146502,0.00397116,0.86659984,2.911e-05,0.00100388,32907,6,0.00924679,0.9995723
10,2,32013972,0.98592923,0.03854251,0.08076039,0.00313953,0.00367474,0.87303549,0.00019628,0.00065106,32905,6,0.01083411,0.9995723
10,3,32013973,0.9861069,0.03842799,0.08090445,0.0012605,0.00373882,0.87497615,0.00010905,0.00058304,33163,6,0.00990473,0.9995446
10,4,32013974,0.98654323,0.03775687,0.080676,0.00176267,0.0035087,0.87599783,3.652e-05,0.00026142,32905,6,0.01075718,0.9995723
10,5,32013975,0.98602204,0.03896789,0.082422,0.00094253,0.0037286,0.87358336,0.00011,0.00024562,32777,6,0.01090235,0.9995723
10,6,32013976,0.98633967,0.03822029,0.07969366,0.00237317,0.00351824,0.87601708,3.879e-05,0.00013877,32905,6,0.0107362,0.9995723
10,7,32013977,0.98488967,0.04145934,0.08217264,0.00321626,0.00406326,0.86884369,8.094e-05,0.00016387,33163,6,0.01043675,0.9995446
10,8,32013978,0.98530245,0.04022565,0.08394976,0.00195527,0.0040747,0.86921375,1.204e-05,0.00056883,32777,6,0.00982644,0.9995723
10,9,32013979,0.98542707,0.04000523,0.08376858,0.00227448,0.0039875,0.86898971,4.475e-05,0.00092975,32905,6,0.01033995,0.9995723
10,10,32013980,0.98575183,0.03967575,0.08402753,0.00314116,0.00358747,0.86920038,6.818e-05,0.00029953,33163,6,0.01123004,0.9995446
11,1,32014001,0.98711288,0.03890246,0.0,0.00027669,0.00091507,0.95985293,2.484e-05,2.801e-05,39903,6,0.00311419,0.9998175
11,2,32014002,0.98711145,0.03864437,0.0,0.00028704,0.0008784,0.96014486,2.468e-05,2.066e-05,52191,6,0.00290971,0.9998175
11,3,32014003,0.98705707,0.03954993,0.0,0.00026274,0.00086672,0.9592362,2.507e-05,5.934e-05,38879,6,0.00309119,0.9998176
11,4,32014004,0.98713904,0.03917318,0.0,0.00026932,0.00088089,0.95963221,2.485e-05,1.955e-05,36703,6,0.00282481,0.9998176
11,5,32014005,0.98717345,0.03804166,0.0,0.00029576,0.00098697,0.96063014,2.489e-05,2.058e-05,35807,6,0.00314751,0.9998175
11,6,32014006,0.98706532,0.03935153,0.0,0.00026777,0.00084329,0.95949553,2.487e-05,1.701e-05,39903,6,0.00365234,0.9998175
11,7,32014007,0.98710295,0.0392488,0.0,0.00026675,0.00086459,0.95957476,2.546e-05,1.965e-05,35807,6,0.00288145,0.9998175
11,8,32014008,0.9871235,0.03904914,0.0,0.00027643,0.00089899,0.959736,2.457e-05,1.488e-05,53215,6,0.00318116,0.9998176
11,9,32014009,0.9871072,0.03909695,0.0,0.00026612,0.00087398,0.95972196,2.498e-05,1.601e-05,56287,6,0.00303721,0.9998175
11,10,32014010,0.98708206,0.0391646,0.0,0.00026594,0.00086362,0.95965971,2.484e-05,2.13e-05,56159,6,0.00343998,0.9998175
12,1,32014031,0.99243495,0.04630385,0.0,3.187e-05,0.001035,0.95261321,8.7e-07,1.521e-05,60255,6,0.00205978,0.999948
12,2,32014032,0.9925201,0.04697836,0.0,3.111e-05,0.0010241,0.95194816,9e-07,1.737e-05,49119,6,0.00186363,0.999948
12,3,32014033,0.9924747,0.04661583,0.0,3.078e-05,0.0010156,0.9523223,8.1e-07,1.468e-05,36831,6,0.00177257,0.999948
12,4,32014034,0.99243735,0.04673355,0.0,3.179e-05,0.00102664,0.95218903,8.6e-07,1.814e-05,56287,6,0.00204104,0.999948
12,5,32014035,0.99250327,0.04651814,0.0,3.081e-05,0.00102365,0.95239765,9e-07,2.886e-05,53215,6,0.00212962,0.999948
12,6,32014036,0.99241415,0.04658143,0.0,3.305e-05,0.00105389,0.95231101,8.7e-07,1.975e-05,52191,6,0.00203747,0.999948
12,7,32014037,0.99248872,0.04658627,0.0,3.163e-05,0.00101214,0.95235669,7.7e-07,1.25e-05,48095,6,0.00198416,0.999948
12,8,32014038,0.99250647,0.04666703,0.0,3.204e-05,0.00102748,0.95225839,7.8e-07,1.428e-05,65503,6,0.00199581,0.999948
12,9,32014039,0.99249135,0.04649938,0.0,3.136e-05,0.00100567,0.9524436,8.9e-07,1.911e-05,61407,6,0.00207411,0.999948
12,10,32014040,0.9925073,0.04671838,0.0,3.113e-05,0.00102066,0.95221496,8e-07,1.408e-05,57311,6,0.00186002,0.999948
13,1,32014061,0.98904318,0.02657464,0.04524345,0.00014731,0.00116974,0.92681288,4.78e-05,4.18e-06,36873,6,0.01326818,0.9995161
13,2,32014062,0.98890224,0.02694081,0.04495204,0.00028059,0.00122062,0.92654922,3.592e-05,2.08e-05,32777,6,0.01247126,0.9995161
13,3,32014063,0.98905385,0.02677777,0.04515761,0.00021527,0.0011561,0.92662383,6.376e-05,5.66e-06,32779,6,0.01226503,0.9995161
13,4,32014064,0.98896728,0.02667409,0.04501403,0.00014084,0.00121445,0.92690828,4.506e-05,3.25e-06,32777,6,0.01468697,0.9995161
13,5,32014065,0.9889425,0.02681577,0.04653027,0.00014424,0.00120803,0.92523232,5.793e-05,1.144e-05,36873,6,0.012114,0.9995161
13,6,32014066,0.98897785,0.02648808,0.04388421,0.00014582,0.00117135,0.92824373,5.592e-05,1.089e-05,36873,6,0.01421032,0.9995161
13,7,32014067,0.98895137,0.02737413,0.04641547,0.00014624,0.00128003,0.92466111,5.693e-05,6.61e-05,36873,6,0.01299079,0.9995161
13,8,32014068,0.98894366,0.02707827,0.04484795,0.00019491,0.00117184,0.92663707,6.428e-05,5.67e-06,36873,6,0.01282714,0.9995161
13,9,32014069,0.98896192,0.02705867,0.04381669,0.00014666,0.00118147,0.92754511,0.00012229,0.00012911,32777,6,0.01456898,0.9995161
13,10,32014070,0.98905793,0.02642769,0.04431658,0.00014479,0.00116024,0.92776597,4.607e-05,0.00013865,32777,6,0.01287081,0.9995161
14,1,32014091,0.98910204,0.03747451,0.0,0.00091242,0.00073466,0.960859,5.77e-06,1.364e-05,53215,6,0.00285399,0.9998239
14,2,32014092,0.98909004,0.03761781,0.0,0.00091387,0.00073381,0.96072053,5.71e-06,8.28e-06,57311,6,0.00270237,0.9998239
14,3,32014093,0.98908106,0.03754698,0.0,0.00091487,0.00072735,0.96079457,5.75e-06,1.047e-05,65503,6,0.00249768,0.9998239
14,4,32014094,0.98911689,0.03749418,0.0,0.00090853,0.00075048,0.96082981,5.72e-06,1.129e-05,53087,6,0.00285183,0.9998239
14,5,32014095,0.98910623,0.03745786,0.0,0.00090982,0.00072764,0.96087811,5.68e-06,2.089e-05,56287,6,0.00297533,0.9998239
14,6,32014096,0.98911541,0.03741121,0.0,0.00090873,0.00075014,0.96091461,5.76e-06,9.55e-06,34783,6,0.00267527,0.9998239
14,7,32014097,0.98907401,0.03728645,0.0,0.00090731,0.00072713,0.96105415,5.62e-06,1.933e-05,64479,6,0.00251061,0.9998239
14,8,32014098,0.98908774,0.03756213,0.0,0.00089711,0.00075614,0.96076649,5.65e-06,1.249e-05,31711,6,0.00268676,0.9998239
14,9,32014099,0.9890859,0.03739135,0.0,0.00090763,0.00074253,0.96094353,5.75e-06,9.2e-06,56287,6,0.00297621,0.9998239
14,10,32014100,0.98907697,0.03754798,0.0,0.00091086,0.00072973,0.96078752,5.7e-06,1.821e-05,61407,6,0.00245908,0.9998239
15,1,32014121,0.98148534,0.11823874,0.05346905,0.00894584,0.00357348,0.81393137,0.00039918,0.00144234,33163,6,0.00251437,0.9995985
15,2,32014122,0.98182467,0.11944237,0.0568947,0.0131962,0.00359004,0.80631744,0.00029459,0.00026466,33163,6,0.00239641,0.9995985
15,3,32014123,0.98054827,0.11854916,0.05294563,0.01463308,0.00317671,0.81017555,0.00023775,0.00028211,57353,6,0.00266854,0.9997992
15,4,32014124,0.98216214,0.11667971,0.05399914,0.01048612,0.0034458,0.81456019,0.00019351,0.00063554,57353,6,0.00258643,0.9997992
15,5,32014125,0.98263232,0.11760699,0.05934104,0.0185981,0.00323878,0.80033774,0.00022541,0.00065193,1007,6,0.00312153,0.9995966
15,6,32014126,0.98422485,0.10941319,0.05655085,0.00752765,0.00306633,0.82280778,3.412e-05,0.00060008,57353,6,0.00278868,0.9997992
15,7,32014127,0.98328145,0.11333496,0.05130775,0.00645427,0.00349176,0.82460695,2.047e-05,0.00078385,57355,6,0.00261617,0.9997992
15,8,32014128,0.97974108,0.12222426,0.05552106,0.01142064,0.00371351,0.80618479,0.00023107,0.00070467,33163,6,0.00276948,0.9995985
15,9,32014129,0.9832198,0.11310999,0.05336328,0.01040876,0.00351448,0.81842329,0.0002916,0.00088859,28683,6,0.00234384,0.9997992
15,10,32014130,0.98054875,0.12218417,0.05605169,0.01933994,0.00361021,0.79741453,0.00011376,0.0012857,37145,6,0.00263587,0.9997991
16,1,32014151,0.98675673,0.03111826,0.05715576,0.00018658,0.00174414,0.90970674,6.412e-05,2.441e-05,63631,6,0.00402103,0.9996306
16,2,32014152,0.98692355,0.03017795,0.05667609,0.00012784,0.00162804,0.91127516,6.74e-05,4.753e-05,34959,6,0.00379744,0.9994308
16,3,32014153,0.98681948,0.03171252,0.0520625,9.775e-05,0.00183005,0.91408871,6.017e-05,0.00014831,59535,6,0.00448432,0.9996306
16,4,32014154,0.98684679,0.03177076,0.05311595,0.00011013,0.00173252,0.91318501,5.901e-05,2.661e-05,61579,6,0.00387522,0.9996305
16,5,32014155,0.98689238,0.0307936,0.05305081,0.00011115,0.00154011,0.9144177,6.8e-05,1.863e-05,59535,6,0.00389183,0.9996306
16,6,32014156,0.98588964,0.03167864,0.05159623,0.00210287,0.00168725,0.91285465,6.283e-05,1.754e-05,57483,6,0.00386053,0.9996305
16,7,32014157,0.98662359,0.03255658,0.05098661,0.00029602,0.00180093,0.9142456,5.369e-05,6.057e-05,57487,6,0.00494171,0.9996305
16,8,32014158,0.98689535,0.03112329,0.05451836,0.0001148,0.00163161,0.9124919,5.992e-05,6.012e-05,61647,6,0.00428595,0.9996305
16,9,32014159,0.98644179,0.03107854,0.05262171,0.00062016,0.00171871,0.9137797,6.531e-05,0.00011587,59535,6,0.00401107,0.9996306
16,10,32014160,0.9868217,0.03100156,0.05479543,0.00017672,0.00172653,0.91209037,6.17e-05,0.00014768,59535,6,0.00462366,0.9996306
17,1,32014181,0.99139879,0.03403138,0.0,4.483e-05,0.00841268,0.29037741,0.0,0.66713371,61407,7,0.00206684,0.9999002
17,2,32014182,0.99140748,0.03396555,0.0,4.461e-05,0.00836184,0.2860284,0.0,0.6715996,31711,7,0.00197315,0.9999002
17,3,32014183,0.99142939,0.03390243,0.0,4.446e-05,0.00836402,0.27898529,0.0,0.6787038,65503,7,0.00190723,0.9999002
17,4,32014184,0.99142167,0.03387775,0.0,4.437e-05,0.00830441,0.28299525,0.0,0.67477822,64479,7,0.00234618,0.9999002
17,5,32014185,0.99140879,0.03408183,0.0,4.441e-05,0.00840337,0.29166599,0.0,0.6658044,65503,7,0.00195634,0.9999002
17,6,32014186,0.9914131,0.03389368,0.0,4.49e-05,0.00827689,0.28654783,0.0,0.6712367,61407,7,0.00170469,0.9999002
17,7,32014187,0.99141599,0.03382741,0.0,4.438e-05,0.0085528,0.28181949,0.0,0.67575591,32607,7,0.00176431,0.9999002
17,8,32014188,0.99141183,0.03385325,0.0,4.464e-05,0.00848418,0.28300282,0.0,0.6746151,60383,7,0.00200042,0.9999002
17,9,32014189,0.99142463,0.03375016,0.0,4.471e-05,0.00833871,0.28874459,0.0,0.66912182,65503,7,0.00198307,0.9999002
17,10,32014190,0.99142513,0.03359861,0.0,4.464e-05,0.00856831,0.27117857,0.0,0.68660986,64351,7,0.00218102,0.9999002
18,1,32014211,0.99037883,0.0307643,0.06278671,8.29e-06,0.00158963,0.90481226,3.185e-05,6.95e-06,32905,6,0.01215941,0.9995736
18,2,32014212,0.99009247,0.03128264,0.06221929,0.0001313,0.00177713,0.90446575,6.085e-05,6.304e-05,32907,6,0.01387014,0.9995736
18,3,32014213,0.99016118,0.03112068,0.0605769,3.107e-05,0.00164354,0.90645365,5.964e-05,0.00011452,32905,6,0.01409487,0.9995736
18,4,32014214,0.9905492,0.03040346,0.0588177,9.579e-05,0.00144965,0.90914785,7.717e-05,8.38e-06,32907,6,0.01261126,0.9995736
18,5,32014215,0.99055676,0.03041537,0.0606888,8.32e-06,0.00147865,0.90735927,2.862e-05,2.097e-05,32777,6,0.01345115,0.9995736
18,6,32014216,0.99033346,0.03094073,0.06053763,8.73e-06,0.00164239,0.90680375,3.554e-05,3.123e-05,32905,6,0.01360638,0.9995736
18,7,32014217,0.99021484,0.030822,0.06293196,8.39e-06,0.001717,0.90445038,3.308e-05,3.719e-05,32907,6,0.01284054,0.9995736
18,8,32014218,0.99024679,0.03077445,0.06146053,8.44e-06,0.00172735,0.90597745,4.498e-05,6.8e-06,32905,6,0.01303586,0.9995736
18,9,32014219,0.99022595,0.03135456,0.06227933,8.56e-06,0.0016942,0.90446338,7.072e-05,0.00012925,32907,6,0.01192941,0.9995736
18,10,32014220,0.99031503,0.03074165,0.06115941,1.612e-05,0.00158302,0.90633831,0.00011721,4.428e-05,32905,6,0.0129273,0.9995736
19,1,32014241,0.98760267,0.03578917,0.0,0.00079521,0.00070516,0.96267246,2.598e-05,1.202e-05,56287,6,0.00272351,0.9997883
19,2,32014242,0.98758477,0.03671976,0.0,0.00076467,0.00069533,0.96178261,2.59e-05,1.174e-05,40799,6,0.00327814,0.9997884
19,3,32014243,0.98758532,0.03656943,0.0,0.0007728,0.00073248,0.96185239,2.583e-05,4.707e-05,31711,6,0.00328332,0.9997884
19,4,32014244,0.9875818,0.03601205,0.0,0.00078185,0.00073922,0.96243247,2.594e-05,8.47e-06,52191,6,0.00269464,0.9997883
19,5,32014245,0.98757347,0.03684531,0.0,0.00076719,0.00072186,0.96162731,2.567e-05,1.266e-05,61279,6,0.00312258,0.9997884
19,6,32014246,0.98756471,0.03590756,0.0,0.00079364,0.00075716,0.96250496,2.594e-05,1.074e-05,32735,6,0.00291341,0.9997884
19,7,32014247,0.98756459,0.03655852,0.0,0.0007731,0.00071759,0.96191359,2.588e-05,1.131e-05,56287,6,0.00310815,0.9997883
19,8,32014248,0.9875386,0.03664797,0.0,0.00077161,0.00071496,0.96182972,2.594e-05,9.8e-06,39903,6,0.00347945,0.9997884
19,9,32014249,0.98753909,0.03665464,0.0,0.00077223,0.00071548,0.96181928,2.59e-05,1.247e-05,53215,6,0.00305244,0.9997884
19,10,32014250,0.98756742,0.03660805,0.0,0.00076915,0.00069559,0.96189097,2.62e-05,1.004e-05,56287,6,0.00311853,0.9997883
20,1,32014271,0.99147852,0.0573277,0.06350858,5.383e-05,0.00215659,0.87693107,3.92e-06,1.831e-05,63883,6,0.00459679,0.9997829
20,2,32014272,0.9914929,0.05705253,0.06417512,0.00010534,0.0023045,0.8763232,4.41e-06,3.49e-05,61835,6,0.00466131,0.9997829
20,3,32014273,0.9916754,0.05592199,0.06315889,5.532e-05,0.00225949,0.878587,3.85e-06,1.345e-05,61835,6,0.00484404,0.9997829
20,4,32014274,0.99137223,0.05768316,0.06563218,9.502e-05,0.00218971,0.87433117,4.57e-06,6.419e-05,63883,6,0.00393122,0.9997829
20,5,32014275,0.99105401,0.0605239,0.06390023,8.893e-05,0.00222823,0.87318756,6.64e-06,6.453e-05,63883,6,0.00451677,0.9997829
20,6,32014276,0.99147165,0.05733221,0.06152515,0.00044321,0.00219153,0.87847724,3.88e-06,2.678e-05,61835,6,0.00436798,0.9997829
20,7,32014277,0.99112655,0.05971285,0.06342477,0.00048178,0.00216884,0.8741964,4.29e-06,1.108e-05,63883,6,0.00455531,0.9997829
20,8,32014278,0.99150518,0.05717335,0.06073659,5.397e-05,0.00230279,0.87971418,3.96e-06,1.516e-05,63883,6,0.00465891,0.9997829
20,9,32014279,0.99073319,0.06267859,0.06060346,0.00181283,0.00221302,0.87263813,8.36e-06,4.561e-05,61835,6,0.00506813,0.9997829
20,10,32014280,0.99171593,0.05631043,0.05968945,5.334e-05,0.00223131,0.88169663,3.94e-06,1.49e-05,63883,6,0.00461421,0.9997829
21,1,32014301,0.98780838,0.02660939,0.04286373,0.00027825,0.00111394,0.92885996,0.00026253,1.22e-05,32907,6,0.01064191,0.9994793
21,2,32014302,0.98797641,0.02545862,0.04418253,0.00025131,0.00096525,0.92887685,0.00025493,1.052e-05,32777,6,0.01155511,0.9994794
21,3,32014303,0.98760417,0.02759761,0.04124636,0.00027748,0.00114131,0.92945325,0.00021063,7.336e-05,37003,6,0.00973483,0.9994793
21,4,32014304,0.98794237,0.02599467,0.04173815,0.00023,0.00103277,0.93075594,0.0002404,8.07e-06,32907,6,0.01204357,0.9994793
21,5,32014305,0.98788217,0.02610213,0.04239392,0.00025714,0.00098555,0.92997218,0.00024461,4.447e-05,32905,6,0.01085771,0.9994793
21,6,32014306,0.98802691,0.02569843,0.04391942,0.00024348,0.00093434,0.92893653,0.00024007,2.773e-05,32907,6,0.01100299,0.9994793
21,7,32014307,0.98793157,0.02609105,0.04266894,0.00027045,0.00099335,0.92974268,0.00021484,1.868e-05,32907,6,0.01018453,0.9994793
21,8,32014308,0.98797267,0.02564093,0.04304176,0.00023762,0.00096314,0.92987029,0.00023967,6.58e-06,32969,6,0.0102149,0.9994793
21,9,32014309,0.98794289,0.02552871,0.04445017,0.00047392,0.00087725,0.92836632,0.00027578,2.785e-05,32905,6,0.01279843,0.9994793
21,10,32014310,0.98754179,0.02842457,0.0414995,0.00023853,0.00120823,0.92822031,0.00022539,0.00018347,36873,6,0.0092935,0.9994794
22,1,32014331,0.99029183,0.02959144,0.0,0.00032173,0.00825599,0.27922638,0.0,0.68260445,59391,7,0.00199291,0.9998355
22,2,32014332,0.99030523,0.02967637,0.0,0.00031852,0.00837948,0.27190399,0.0,0.68972165,64479,7,0.00247335,0.9998355
22,3,32014333,0.99029285,0.02968673,0.0,0.00031751,0.00839079,0.2699198,0.0,0.69168517,53087,7,0.00198509,0.9998355
22,4,32014334,0.99028604,0.02974903,0.0,0.00032034,0.00846797,0.27099374,0.0,0.69046891,36703,7,0.00203354,0.9998355
22,5,32014335,0.99031155,0.02966205,0.0,0.00031979,0.00837717,0.2742393,0.0,0.68740169,48991,7,0.00227802,0.9998355
22,6,32014336,0.9903025,0.02970683,0.0,0.00031648,0.00844461,0.26906631,0.0,0.69246576,32735,7,0.00189731,0.9998355
22,7,32014337,0.99029647,0.02980793,0.0,0.00031979,0.00846141,0.2755257,0.0,0.68588517,45023,7,0.00191867,0.9998355
22,8,32014338,0.99031025,0.0296417,0.0,0.00031781,0.00843257,0.27222351,0.0,0.68938441,40927,7,0.00210275,0.9998355
22,9,32014339,0.99029904,0.02978931,0.0,0.00031659,0.00827785,0.27729499,0.0,0.68432126,61407,7,0.00219351,0.9998355
22,10,32014340,0.99031366,0.02939332,0.0,0.0003162,0.00855729,0.26243626,0.0,0.69929693,63455,7,0.002255,0.9998355
23,1,32014361,0.99078281,0.05811527,0.0089476,0.00018505,0.00446899,0.87549597,0.0,0.05278713,50636,6,0.02214406,1.0949769
23,2,32014362,0.99149859,0.05393668,0.01372756,0.00012905,0.00479813,0.83511536,0.0,0.09229321,56075,6,0.01950784,1.0950768
23,3,32014363,0.99053349,0.06102684,0.00578836,0.00021702,0.00451402,0.89497954,0.0,0.03347422,50636,6,0.02369249,1.0949769
23,4,32014364,0.99058799,0.05584733,0.00076894,0.00014575,0.00435267,0.93886674,0.0,1.857e-05,52555,6,0.02474994,1.0950768
23,5,32014365,0.99063647,0.0540537,0.00154836,0.00016286,0.00413331,0.93926181,0.0,0.00083997,56651,6,0.03219659,1.0950768
23,6,32014366,0.99030099,0.06249065,0.00160206,0.00020609,0.00419834,0.92807922,0.0,0.00342363,50636,6,0.04158769,1.0949769
23,7,32014367,0.99086465,0.04940148,0.00094265,0.00014983,0.00435804,0.94512889,0.0,1.911e-05,56651,6,0.05107684,1.0950768
23,8,32014368,0.9905758,0.05488982,0.00157471,0.0001528,0.00447587,0.93632425,0.0,0.00258254,56651,6,0.02850888,1.0950768
23,9,32014369,0.99043784,0.0577777,0.0092486,0.00025256,0.0040151,0.89078389,0.0,0.03792216,50636,6,0.01768222,1.0949769
23,10,32014370,0.99088387,0.04791538,0.00072108,0.00014986,0.00457248,0.94662166,0.0,1.954e-05,56651,6,0.05336457,1.0950768
24,1,32014391,0.98634503,0.03725714,0.0,0.00030336,0.00094229,0.96144013,4.088e-05,1.62e-05,52191,6,0.003531,0.9997879
24,2,32014392,0.98636459,0.03652956,0.0,0.00031912,0.0009445,0.96214608,3.885e-05,2.189e-05,37727,6,0.00293857,0.9997879
24,3,32014393,0.98631004,0.03681894,0.0,0.00030727,0.00097047,0.96184839,3.847e-05,1.645e-05,35807,6,0.00314372,0.9997879
24,4,32014394,0.98629176,0.03646306,0.0,0.00030797,0.00093778,0.9622316,3.91e-05,2.049e-05,35807,6,0.00302578,0.9997879
24,5,32014395,0.98622595,0.03713512,0.0,0.00030083,0.00090349,0.96159278,3.91e-05,2.869e-05,57311,6,0.00277753,0.9997879
24,6,32014396,0.98632394,0.03641966,0.0,0.00032401,0.00095953,0.96221967,4.087e-05,3.626e-05,39903,6,0.00360292,0.9997879
24,7,32014397,0.98626447,0.03706351,0.0,0.00030966,0.00089295,0.96165387,4.031e-05,3.969e-05,56287,6,0.00301513,0.9997879
24,8,32014398,0.98623659,0.03864982,0.0,0.00027323,0.00091404,0.96010237,3.84e-05,2.213e-05,56159,6,0.00373811,0.9997878
24,9,32014399,0.98627526,0.03729346,0.0,0.00030079,0.00088067,0.96146715,4.003e-05,1.79e-05,37855,6,0.00319254,0.9997879
24,10,32014400,0.98626392,0.03719107,0.0,0.00030488,0.00091677,0.96148883,3.885e-05,5.96e-05,39391,6,0.00301758,0.9997878
25,1,32014421,0.9933941,0.03568515,0.0,0.0,0.00869376,0.26514303,0.0,0.69047807,61407,7,0.00193031,0.9999445
25,2,32014422,0.99342875,0.03558548,0.0,0.0,0.00857547,0.26861999,0.0,0.68721906,65535,7,0.00191841,0.9999445
25,3,32014423,0.99344287,0.03543713,0.0,0.0,0.00854127,0.26100521,0.0,0.69501639,49119,7,0.00211522,0.9999445
25,4,32014424,0.99341863,0.03568238,0.0,0.0,0.00858946,0.26851728,0.0,0.68721089,49119,7,0.00206079,0.9999445
25,5,32014425,0.99340832,0.03587008,0.0,0.0,0.00845511,0.26498939,0.0,0.69068542,49119,7,0.00207791,0.9999445
25,6,32014426,0.99340403,0.03578822,0.0,0.0,0.00864752,0.268709,0.0,0.68685526,24575,7,0.00178522,0.9999445
25,7,32014427,0.99342846,0.03553296,0.0,0.0,0.00846215,0.26972005,0.0,0.68628484,45023,7,0.00197735,0.9999445
25,8,32014428,0.99340833,0.03559135,0.0,0.0,0.0085965,0.26786022,0.0,0.68795193,61407,7,0.00197938,0.9999445
25,9,32014429,0.99341463,0.03560095,0.0,0.0,0.00852941,0.27409422,0.0,0.68177542,65503,7,0.00197001,0.9999445
25,10,32014430,0.99341249,0.03577,0.0,0.0,0.0084947,0.2709061,0.0,0.6848292,65503,7,0.00180585,0.9999445
26,1,32014451,0.98896869,0.02884547,0.06013646,5.467e-05,0.00188611,0.90878427,0.00010534,0.00018767,32777,6,0.0149053,0.9995499
26,2,32014452,0.98924129,0.02857506,0.05864135,1.804e-05,0.00173925,0.91050397,0.00013745,0.00038488,32777,6,0.0142342,0.9995499
26,3,32014453,0.98900795,0.0288259,0.05886993,6.01e-06,0.0019526,0.91018235,0.00010689,5.63e-05,32777,6,0.01424478,0.9995499
26,4,32014454,0.98897062,0.0287358,0.05941035,7.33e-06,0.0018929,0.90948749,0.00019177,0.00027436,32779,6,0.01413027,0.9995499
26,5,32014455,0.98933905,0.0282146,0.05856492,1.131e-05,0.00165317,0.91138326,8.598e-05,8.676e-05,36873,6,0.01425054,0.99955
26,6,32014456,0.98908406,0.02856865,0.06093405,0.00013673,0.00180993,0.90826782,7.833e-05,0.00020449,32777,6,0.01527407,0.9995499
26,7,32014457,0.9892536,0.02852977,0.05859105,3.873e-05,0.00169663,0.91084432,7.679e-05,0.00022272,32777,6,0.01548178,0.9995499
26,8,32014458,0.98916127,0.0284603,0.05777067,6.15e-06,0.00179014,0.9119197,5.041e-05,2.64e-06,32777,6,0.01574662,0.9995499
26,9,32014459,0.9890519,0.02893255,0.05950196,9.439e-05,0.00179466,0.90899819,0.00010767,0.00057058,32777,6,0.01460146,0.9995499
26,10,32014460,0.98909356,0.02863935,0.05825234,3.726e-05,0.00189115,0.91061794,5.946e-05,0.0005025,32777,6,0.01464675,0.9995499
27,1,32014481,0.988621,0.03496122,0.0,0.00085325,0.00067388,0.96349267,1.106e-05,7.92e-06,65503,6,0.00260476,0.9997787
27,2,32014482,0.98863676,0.03502182,0.0,0.00084881,0.00063976,0.96346976,1.118e-05,8.69e-06,32735,6,0.00267783,0.9997787
27,3,32014483,0.98862564,0.03495514,0.0,0.00085271,0.00064565,0.96352647,1.116e-05,8.87e-06,59359,6,0.00287728,0.9997787
27,4,32014484,0.98862092,0.03475227,0.0,0.00085518,0.00064085,0.96372947,1.11e-05,1.114e-05,64479,6,0.00278532,0.9997787
27,5,32014485,0.98862146,0.03486777,0.0,0.00085995,0.00063969,0.96361459,1.122e-05,6.78e-06,65503,6,0.00258606,0.9997787
27,6,32014486,0.98862618,0.03479539,0.0,0.00085417,0.00065246,0.96367205,1.116e-05,1.478e-05,57183,6,0.00263742,0.9997787
27,7,32014487,0.98862773,0.03472288,0.0,0.00086302,0.00065946,0.96372474,1.124e-05,1.866e-05,61407,6,0.0028492,0.9997787
27,8,32014488,0.98862284,0.03494146,0.0,0.00084914,0.00063327,0.96355482,1.11e-05,1.021e-05,32735,6,0.00238036,0.9997787
27,9,32014489,0.98860154,0.03478228,0.0,0.00086044,0.00063229,0.96370276,1.124e-05,1.1e-05,57311,6,0.00264898,0.9997787
27,10,32014490,0.98862776,0.03493052,0.0,0.00085936,0.00065267,0.96353625,1.117e-05,1.004e-05,60383,6,0.00288394,0.9997787
28,1,32014511,0.99046923,0.04663823,0.00057665,0.00016032,0.00460707,0.94799934,0.0,1.839e-05,52554,6,0.04340262,1.1520829
28,2,32014512,0.99016205,0.05977297,0.00047723,0.00015991,0.00421871,0.93535497,0.0,1.621e-05,50636,6,0.03330475,1.1520829
28,3,32014513,0.99002926,0.05534554,0.00051464,0.00015839,0.00204862,0.94191948,0.0,1.333e-05,44252,6,0.02764471,1.1520026
28,4,32014514,0.9915437,0.05415009,0.02045404,0.00015693,0.00516056,0.79258249,0.0,0.12749588,51978,6,0.02305574,1.1520829
28,5,32014515,0.99020368,0.03375641,0.00053275,0.00016644,0.00060854,0.96492312,0.0,1.273e-05,44362,6,0.05790308,1.1520829
28,6,32014516,0.98987138,0.05827715,0.00058537,0.00015696,0.00061806,0.94035118,0.0,1.128e-05,44252,6,0.04849024,1.1520026
28,7,32014517,0.9884024,0.06770378,0.01443393,0.00015324,0.00400247,0.86504878,0.0,0.0486578,50636,6,0.01616578,1.1520829
28,8,32014518,0.98913816,0.06203243,0.0035846,0.00018125,0.00074162,0.93050571,0.0,0.00295438,44252,6,0.04291033,1.1520026
28,9,32014519,0.9901978,0.05333124,0.00048329,0.00015939,0.00353729,0.94247244,0.0,1.635e-05,56412,6,0.02315992,1.1521163
28,10,32014520,0.99039049,0.04970166,0.00058482,0.00016009,0.00434178,0.94519382,0.0,1.783e-05,52554,6,0.03671143,1.1520829
29,1,32014541,0.98627056,0.03045358,0.03547849,0.00011798,0.0018732,0.93195416,0.00011343,9.17e-06,61451,6,0.00393725,0.99963
29,2,32014542,0.98409773,0.0309632,0.03551292,0.00508561,0.00183127,0.92645161,0.00013468,2.071e-05,32783,6,0.0048996,0.9994301
29,3,32014543,0.98671384,0.02768903,0.03808151,0.00017224,0.00143902,0.93245678,0.00012461,3.681e-05,32777,6,0.00713349,0.9994301
29,4,32014544,0.9867216,0.02728266,0.03961653,0.00018382,0.0015043,0.9311947,0.00013756,8.043e-05,32779,6,0.00752883,0.9994301
29,5,32014545,0.98709684,0.02501086,0.04155118,0.00023471,0.00108608,0.93193947,0.0001512,2.651e-05,32777,6,0.00878596,0.9994301
29,6,32014546,0.98580525,0.02592409,0.04188227,0.00319892,0.00108817,0.92775303,0.00014612,7.4e-06,36873,6,0.00854247,0.9994301
29,7,32014547,0.98692972,0.02611166,0.0387686,0.00021039,0.00122253,0.93352206,0.00014555,1.92e-05,36873,6,0.00830588,0.9994301
29,8,32014548,0.9855382,0.02589182,0.04367167,0.00383339,0.00107239,0.92533356,0.00014611,5.105e-05,37003,6,0.0084043,0.9994301
29,9,32014549,0.9867673,0.02722063,0.03903061,0.00018101,0.00142865,0.93200212,0.00013063,6.35e-06,32781,6,0.00657848,0.9994301
29,10,32014550,0.98665002,0.02794589,0.03795252,0.00017541,0.00158783,0.93206343,0.00013283,0.00014209,37007,6,0.00613444,0.9994301
30,1,32014571,0.99171096,0.03029703,0.0,5.086e-05,0.00863554,0.26050794,0.0,0.70050863,59391,7,0.0017443,0.9998699
30,2,32014572,0.99171925,0.03040215,0.0,5.113e-05,0.00868606,0.25355944,0.0,0.70730123,49119,7,0.00182712,0.9998699
30,3,32014573,0.99170522,0.03041805,0.0,5.073e-05,0.00848755,0.26092347,0.0,0.70012021,64351,7,0.00188426,0.9998699
30,4,32014574,0.99171907,0.03031409,0.0,5.118e-05,0.00874108,0.25790024,0.0,0.7029934,59359,7,0.00208069,0.9998699
30,5,32014575,0.99171908,0.03044408,0.0,5.082e-05,0.00862614,0.25777827,0.0,0.70310068,65503,7,0.00220756,0.9998699
30,6,32014576,0.99172089,0.03034897,0.0,5.077e-05,0.00859181,0.26172101,0.0,0.69928743,53087,7,0.00205533,0.9998699
30,7,32014577,0.99172622,0.03037933,0.0,5.091e-05,0.00865601,0.25437833,0.0,0.70653543,45023,7,0.00222964,0.9998699
30,8,32014578,0.99173347,0.03022692,0.0,5.071e-05,0.00874192,0.25993292,0.0,0.70104753,49119,7,0.00202712,0.9998699
30,9,32014579,0.99172183,0.03039592,0.0,5.091e-05,0.00844209,0.26358468,0.0,0.69752639,45055,7,0.00203066,0.9998699
30,10,32014580,0.99170976,0.03038154,0.0,5.077e-05,0.00853576,0.26291464,0.0,0.69811729,63455,7,0.00189435,0.9998699
31,1,32014601,0.99209713,0.05336339,0.01592047,3.21e-05,0.00565605,0.78676439,0.0,0.13826361,51979,6,0.02929038,1.0882436
31,2,32014602,0.99197862,0.05436335,0.01543388,4.775e-05,0.00545435,0.79597777,0.0,0.1287229,51979,6,0.02608121,1.0882436
31,3,32014603,0.9907837,0.04836023,0.00080895,4.099e-05,0.00482932,0.94594059,0.0,1.992e-05,56651,6,0.05336337,1.0882436
31,4,32014604,0.99202654,0.05416196,0.01643477,3.189e-05,0.00562126,0.78582415,0.0,0.13792598,51979,6,0.03117789,1.0882436
31,5,32014605,0.99076692,0.04812595,0.00079619,4.312e-05,0.0049369,0.94607799,0.0,1.985e-05,56651,6,0.0565455,1.0882436
31,6,32014606,0.99111875,0.057498,0.01114531,3.497e-05,0.00520935,0.84050317,0.0,0.08560921,51979,6,0.01880188,1.0882436
31,7,32014607,0.99163964,0.05610838,0.01311268,3.278e-05,0.00531004,0.82010963,0.0,0.10532649,51979,6,0.02272092,1.0882436
31,8,32014608,0.99126241,0.05704874,0.01190714,3.786e-05,0.00517421,0.83866795,0.0,0.0871641,51979,6,0.02100357,1.0882436
31,9,32014609,0.99201957,0.05399225,0.01630382,3.234e-05,0.00573736,0.7825433,0.0,0.14139093,51979,6,0.02972855,1.0882436
31,10,32014610,0.99090277,0.05295952,0.00472369,3.852e-05,0.00483664,0.90652688,0.0,0.03091475,56651,6,0.02861144,1.0882436
32,1,32014631,0.98669987,0.03507589,0.0,0.00076345,0.00075357,0.96335835,3.405e-05,1.468e-05,39903,6,0.00280199,0.9997547
32,2,32014632,0.98672933,0.03450891,0.0,0.00078075,0.00075329,0.96390876,3.393e-05,1.437e-05,52191,6,0.0027406,0.9997546
32,3,32014633,0.98669381,0.03518676,0.0,0.00077363,0.00074593,0.9632406,3.404e-05,1.904e-05,56287,6,0.00286112,0.9997547
32,4,32014634,0.98674518,0.03373962,0.0,0.00080246,0.00074939,0.96465985,3.434e-05,1.434e-05,57311,6,0.0026077,0.9997547
32,5,32014635,0.98669597,0.03553299,0.0,0.00074616,0.00072585,0.96293314,3.4e-05,2.785e-05,33759,6,0.00313659,0.9997547
32,6,32014636,0.98670552,0.03535869,0.0,0.00074787,0.00070595,0.9631348,3.469e-05,1.8e-05,39903,6,0.00333655,0.9997547
32,7,32014637,0.98666216,0.03560003,0.0,0.00074223,0.00070855,0.96289656,3.419e-05,1.844e-05,56287,6,0.00314173,0.9997547
32,8,32014638,0.98668848,0.03490801,0.0,0.00076715,0.00073451,0.96354419,3.431e-05,1.182e-05,39903,6,0.00332077,0.9997547
32,9,32014639,0.98668474,0.03524018,0.0,0.0007583,0.00072206,0.96323099,3.403e-05,1.445e-05,35807,6,0.00290581,0.9997547
32,10,32014640,0.98666509,0.03530241,0.0,0.00075766,0.00073127,0.96315712,3.438e-05,1.715e-05,56287,6,0.00261204,0.9997547
33,1,32014661,0.99839035,0.04486328,0.08476846,0.0,0.01361083,0.05977435,0.0,0.79698307,49151,7,0.0073103,0.9999962
33,2,32014662,0.99840168,0.04457683,0.08370734,0.0,0.01410451,0.06576561,0.0,0.79184571,65535,7,0.00772974,0.9999962
33,3,32014663,0.99839917,0.04489711,0.08426957,0.0,0.0138592,0.0611659,0.0,0.79580821,65535,7,0.00757688,0.9999962
33,4,32014664,0.9984016,0.04510398,0.08510334,0.0,0.01376464,0.06417986,0.0,0.79184818,63487,7,0.00782065,0.9999962
33,5,32014665,0.99838692,0.04457411,0.09051769,0.0,0.01403289,0.06543292,0.0,0.78544239,65535,7,0.00768805,0.9999962
33,6,32014666,0.99838501,0.04462267,0.08551094,0.0,0.01387909,0.06198438,0.0,0.79400292,65535,7,0.00868919,0.9999962
33,7,32014667,0.99840473,0.04461967,0.0870083,0.0,0.01400916,0.06186601,0.0,0.79249687,65535,7,0.00816605,0.9999962
33,8,32014668,0.99839283,0.04482442,0.09286017,0.0,0.0136715,0.06399838,0.0,0.78464553,63487,7,0.00691743,0.9999962
33,9,32014669,0.99838992,0.0446738,0.08977379,0.0,0.01394516,0.06334029,0.0,0.78826697,65535,7,0.00734087,0.9999962
33,10,32014670,0.99838164,0.04491104,0.08604691,0.0,0.01389893,0.06165234,0.0,0.79349078,49151,7,0.00694845,0.9999962
34,1,32014691,0.98832838,0.02561357,0.0379149,0.0,0.00103587,0.93506481,0.00036161,9.23e-06,32905,6,0.01422789,0.999506
34,2,32014692,0.98839963,0.02516729,0.03725955,0.0,0.00099692,0.93621868,0.00034095,1.661e-05,32969,6,0.0151883,0.999506
34,3,32014693,0.98831492,0.02513611,0.03757115,0.0,0.00108317,0.93578865,0.00038307,3.785e-05,32905,6,0.01549371,0.999506
34,4,32014694,0.98832499,0.02516596,0.03815446,0.0,0.001019,0.93526458,0.00038761,8.39e-06,32907,6,0.01438167,0.999506
34,5,32014695,0.98844959,0.02499024,0.03710724,0.0,0.00098001,0.9365673,0.00035209,3.12e-06,32905,6,0.01705103,0.999506
34,6,32014696,0.98844013,0.02533059,0.03773239,0.0,0.00100455,0.9355807,0.00034431,7.46e-06,32907,6,0.0154492,0.999506
34,7,32014697,0.98834887,0.02523878,0.03748853,0.0,0.00101937,0.93578083,0.00036973,0.00010276,32907,6,0.01429083,0.999506
34,8,32014698,0.98844122,0.02509567,0.03651526,0.0,0.00096818,0.93703773,0.00037924,3.92e-06,32907,6,0.01490783,0.999506
34,9,32014699,0.98852046,0.02498771,0.03700565,0.0,0.00095805,0.93666339,0.00034032,4.488e-05,32907,6,0.01431526,0.999506
34,10,32014700,0.98832561,0.02517858,0.03773401,0.0,0.00101127,0.93571229,0.00035882,5.03e-06,32905,6,0.01555262,0.999506
35,1,32014721,0.99007385,0.02681241,0.0,0.00031533,0.00843209,0.24939489,0.0,0.71504528,57311,7,0.0023066,0.9997919
35,2,32014722,0.9900746,0.02687186,0.0,0.0003158,0.00845715,0.24955661,0.0,0.71479858,32735,7,0.00233006,0.9997919
35,3,32014723,0.99007314,0.02697686,0.0,0.00031601,0.00834654,0.24982226,0.0,0.71453833,14303,7,0.00220144,0.9997919
35,4,32014724,0.99005983,0.02685164,0.0,0.00031445,0.00841301,0.2565371,0.0,0.70788379,31711,7,0.00207351,0.9997919
35,5,32014725,0.99005484,0.0270391,0.0,0.0003174,0.008135,0.26980273,0.0,0.69470576,35807,7,0.0019137,0.9997919
35,6,32014726,0.99005613,0.02687881,0.0,0.00031647,0.00829738,0.25517564,0.0,0.7093317,59359,7,0.0021845,0.9997919
35,7,32014727,0.99005973,0.02682851,0.0,0.00031622,0.00830303,0.25713987,0.0,0.70741237,45023,7,0.00254497,0.9997919
35,8,32014728,0.99007302,0.0267852,0.0,0.00031662,0.00837327,0.25531974,0.0,0.70920518,65503,7,0.00220839,0.9997919
35,9,32014729,0.99007863,0.02690527,0.0,0.00031508,0.00811795,0.25413691,0.0,0.71052478,24543,7,0.00217068,0.9997919
35,10,32014730,0.99006791,0.02660245,0.0,0.00031659,0.00857348,0.2501291,0.0,0.71437838,15327,7,0.00206242,0.9997919
36,1,32014751,0.98971896,0.04179954,0.00054059,6.352e-05,0.00361435,0.95396548,0.0,1.652e-05,52554,6,0.03694034,1.2780091
36,2,32014752,0.98973557,0.04240693,0.00058412,6.265e-05,0.00397884,0.95295096,0.0,1.65e-05,52554,6,0.03875908,1.2780091
36,3,32014753,0.98971175,0.04880921,0.00051323,6.104e-05,0.00439849,0.94620094,0.0,1.71e-05,52554,6,0.03654989,1.2780091
36,4,32014754,0.98939976,0.05813039,0.0004563,5.746e-05,0.00418491,0.9371554,0.0,1.555e-05,52316,6,0.03745612,1.2780091
36,5,32014755,0.98982713,0.04720333,0.00228928,7.504e-05,0.00463787,0.9341777,0.0,0.01161678,52554,6,0.04158589,1.2780091
36,6,32014756,0.98965356,0.04275666,0.00051557,6.337e-05,0.0033298,0.9533189,0.0,1.57e-05,56650,6,0.02938687,1.2780425
36,7,32014757,0.98975028,0.04251857,0.00049451,6.292e-05,0.00388446,0.95302255,0.0,1.698e-05,52554,6,0.038826,1.2780091
36,8,32014758,0.98938863,0.05140125,0.00051304,5.769e-05,0.00227915,0.94573513,0.0,1.374e-05,48348,6,0.02446382,1.2779536
36,9,32014759,0.98940086,0.05162147,0.00050051,5.887e-05,0.00260205,0.94520294,0.0,1.416e-05,44252,6,0.02377927,1.2779037
36,10,32014760,0.98936507,0.05608028,0.00270366,5.77e-05,0.00264483,0.92216348,0.0,0.01635006,44252,6,0.03039959,1.2779037
37,1,32014781,0.98584792,0.0308891,0.0,0.00046007,0.00143657,0.96709765,8.557e-05,3.105e-05,59469,6,0.00271666,0.9995783
37,2,32014782,0.9858026,0.03034633,0.0,0.00046644,0.00157369,0.96749682,8.175e-05,3.496e-05,28815,6,0.00323945,0.9995783
37,3,32014783,0.98595957,0.03047985,0.0,0.00046654,0.00135376,0.96758223,9.314e-05,2.449e-05,36879,6,0.00247103,0.9993785
37,4,32014784,0.9858648,0.03040639,0.0,0.00047106,0.00151142,0.96749711,8.227e-05,3.175e-05,57359,6,0.00309984,0.9995784
37,5,32014785,0.98590078,0.02820667,0.0,0.00050736,0.00148915,0.96968601,8.624e-05,2.456e-05,57355,6,0.00364065,0.9995784
37,6,32014786,0.98586687,0.03110875,0.0,0.00045884,0.00157722,0.96672065,8.304e-05,5.15e-05,28683,6,0.00310936,0.9995784
37,7,32014787,0.98591727,0.03079408,0.0,0.00044669,0.00150455,0.9671115,8.527e-05,5.791e-05,61583,6,0.00253898,0.9995783
37,8,32014788,0.98591456,0.03071787,0.0,0.00046305,0.001438,0.96725182,8.501e-05,4.425e-05,61449,6,0.00266649,0.9995784
37,9,32014789,0.98583485,0.02991435,0.0,0.00047398,0.00150496,0.96800099,8.379e-05,2.192e-05,57487,6,0.00338535,0.9995783
37,10,32014790,0.98585735,0.02988952,0.0,0.00048884,0.00174354,0.96777312,7.94e-05,2.559e-05,28811,6,0.00372598,0.9995783
38,1,32014811,0.99360761,0.03176792,0.0,0.0,0.00860289,0.2349434,0.0,0.7246858,63487,7,0.00232891,0.9999218
38,2,32014812,0.99359345,0.03194514,0.0,0.0,0.00869264,0.23595711,0.0,0.72340512,53247,7,0.00246822,0.9999218
38,3,32014813,0.99359962,0.03175968,0.0,0.0,0.00870882,0.22676996,0.0,0.73276153,57343,7,0.00252281,0.9999218
38,4,32014814,0.99358251,0.03191461,0.0,0.0,0.00878852,0.23978098,0.0,0.71951589,47103,7,0.0023008,0.9999218
38,5,32014815,0.99358644,0.03173226,0.0,0.0,0.00884706,0.22769913,0.0,0.73172155,49151,7,0.00245813,0.9999218
38,6,32014816,0.99359091,0.03169012,0.0,0.0,0.0088128,0.23696744,0.0,0.72252964,56831,7,0.00236873,0.9999218
38,7,32014817,0.9936094,0.03184521,0.0,0.0,0.00868771,0.23456951,0.0,0.72489757,63487,7,0.00235638,0.9999218
38,8,32014818,0.99361376,0.03168101,0.0,0.0,0.00890993,0.22306815,0.0,0.73634092,16383,7,0.00257623,0.9999218
38,9,32014819,0.99359774,0.03181759,0.0,0.0,0.00876906,0.22995956,0.0,0.72945379,62975,7,0.0023828,0.9999218
38,10,32014820,0.99362403,0.0317662,0.0,0.0,0.00872821,0.22987989,0.0,0.72962571,48639,7,0.00236466,0.9999218
39,1,32014841,0.97004209,0.07610128,0.28279276,0.00306945,0.01888087,0.60160608,0.00264682,0.01490275,32777,6,0.01737355,0.9995927
39,2,32014842,0.96876823,0.07781147,0.28508117,0.00347911,0.01970765,0.59428244,0.00230422,0.01733395,32777,6,0.01700958,0.9995927
39,3,32014843,0.96807383,0.07952926,0.28424795,0.0036176,0.02041666,0.59147747,0.00352942,0.01718166,32777,6,0.01710691,0.9995927
39,4,32014844,0.9683541,0.07977435,0.28567947,0.00311769,0.01961662,0.59155524,0.0026387,0.01761793,32779,6,0.01862526,0.9995927
39,5,32014845,0.96900571,0.0772735,0.28478342,0.00267656,0.01913333,0.59803265,0.00272879,0.01537175,32777,6,0.01757173,0.9995927
39,6,32014846,0.96924309,0.07798149,0.28603197,0.00292738,0.01863152,0.59754935,0.00239935,0.01447893,32777,6,0.01778988,0.9995927
39,7,32014847,0.96934973,0.07310322,0.28030716,0.00291214,0.01900506,0.60940577,0.00264332,0.01262333,32777,6,0.01660987,0.9995927
39,8,32014848,0.97028769,0.07422501,0.27927191,0.00198586,0.01851113,0.60787928,0.00273324,0.01539357,32779,6,0.0167554,0.9995927
39,9,32014849,0.96958612,0.07692946,0.27812489,0.00336442,0.01956343,0.60186123,0.00241537,0.0177412,32779,6,0.01645572,0.9995927
39,10,32014850,0.97008996,0.07415322,0.27814911,0.00225443,0.01832671,0.60987546,0.00240007,0.01484099,32777,6,0.01877216,0.9995927
40,1,32014871,0.98786579,0.03350309,0.0,0.0008812,0.00060055,0.96497897,2.721e-05,8.98e-06,31711,6,0.00364286,0.9997392
40,2,32014872,0.98782986,0.0335041,0.0,0.00087884,0.00058549,0.96499462,2.725e-05,9.7e-06,32735,6,0.00265219,0.9997392
40,3,32014873,0.98783493,0.03360568,0.0,0.00088114,0.00062306,0.96484986,2.731e-05,1.296e-05,45023,6,0.00268477,0.9997391
40,4,32014874,0.9878469,0.03357018,0.0,0.00089079,0.00060853,0.96488983,2.708e-05,1.359e-05,32735,6,0.00310774,0.9997392
40,5,32014875,0.98785063,0.03341649,0.0,0.00087864,0.00060277,0.96506488,2.706e-05,1.016e-05,57311,6,0.00288406,0.9997392
40,6,32014876,0.98785384,0.03343487,0.0,0.00088199,0.00060442,0.96504428,2.71e-05,7.34e-06,31711,6,0.00315841,0.9997392
40,7,32014877,0.98784966,0.03327551,0.0,0.00088204,0.00062697,0.96517815,2.714e-05,1.019e-05,36831,6,0.00293132,0.9997391
40,8,32014878,0.98785495,0.03340982,0.0,0.00088179,0.00062634,0.96504611,2.72e-05,8.74e-06,56287,6,0.00290811,0.9997391
40,9,32014879,0.98782199,0.03326082,0.0,0.0008767,0.00059472,0.96523203,2.732e-05,8.4e-06,35807,6,0.00252367,0.9997391
40,10,32014880,0.98781995,0.03349294,0.0,0.00087789,0.00059959,0.96499351,2.727e-05,8.8e-06,14303,6,0.00246484,0.9997392
41,1,32014901,0.98537192,0.12990115,0.05822792,0.0,0.0043946,0.70241421,0.0,0.10506213,55394,4,0.02240466,1.225589
41,2,32014902,0.98666258,0.11597864,0.04852139,0.0,0.0043209,0.72190183,0.0,0.10927725,55394,4,0.01587121,1.225589
41,3,32014903,0.99017731,0.06318239,0.02934245,0.0,0.00519979,0.7805294,0.0,0.12174597,55850,6,0.01495717,1.2256389
41,4,32014904,0.99083128,0.05870143,0.02124488,0.0,0.00499232,0.79160154,0.0,0.12345983,55818,6,0.00921853,1.2256389
41,5,32014905,0.99072452,0.06045459,0.02601033,0.0,0.00491673,0.78578799,0.0,0.12283036,56074,6,0.00805976,1.2258172
41,6,32014906,0.99072428,0.06266778,0.02212641,0.0,0.00471687,0.79013261,0.0,0.12035633,51980,6,0.01189038,1.2257839
41,7,32014907,0.99069959,0.05984789,0.02285909,0.0,0.00481016,0.79533524,0.0,0.11714762,55850,6,0.01037133,1.2256389
41,8,32014908,0.9908351,0.05738111,0.02193555,0.0,0.00528571,0.78585788,0.0,0.12953975,55818,6,0.01322906,1.2256389
41,9,32014909,0.99083674,0.05861152,0.01985861,0.0,0.00492823,0.79020566,0.0,0.12639599,55818,6,0.00832658,1.2256389
41,10,32014910,0.99068965,0.06001624,0.02401916,0.0,0.00492045,0.79182209,0.0,0.11922206,55850,6,0.01102521,1.2256389
42,1,32014931,0.98723124,0.02212522,0.03275565,0.00017409,0.00063575,0.94393652,0.00037071,2.05e-06,32777,6,0.01618872,0.9994484
42,2,32014932,0.98723587,0.02237573,0.03277621,0.00017859,0.00062608,0.94366588,0.00037333,4.18e-06,32777,6,0.01428458,0.9994484
42,3,32014933,0.98717996,0.02229087,0.03270523,0.00017118,0.00065508,0.94380115,0.00037447,2.01e-06,32777,6,0.01533695,0.9994484
42,4,32014934,0.98724846,0.02227374,0.03359027,0.00016982,0.00062469,0.94297655,0.00036248,2.45e-06,32779,6,0.01473937,0.9994484
42,5,32014935,0.98724971,0.02222703,0.03260037,0.00017887,0.00064264,0.94394493,0.00037529,3.087e-05,32777,6,0.01680349,0.9994484
42,6,32014936,0.98721167,0.02250217,0.03311272,0.00016928,0.00063847,0.94319412,0.00036322,2.002e-05,32905,6,0.01468248,0.9994483
42,7,32014937,0.98705998,0.02250966,0.0337346,0.00017407,0.00069005,0.94249935,0.00039028,1.99e-06,32777,6,0.01607952,0.9994484
42,8,32014938,0.98725874,0.02208976,0.03293985,0.00018147,0.000627,0.94379524,0.00036398,2.7e-06,32779,6,0.0151822,0.9994484
42,9,32014939,0.98710594,0.02244346,0.03337607,0.0002737,0.00066252,0.94285506,0.00038739,1.8e-06,32907,6,0.01600935,0.9994483
42,10,32014940,0.98718653,0.02241647,0.03311329,0.00017594,0.00065095,0.94327413,0.00036563,3.58e-06,32777,6,0.015609,0.9994484
43,1,32014961,0.99146676,0.02730409,0.0,0.00013151,0.00890295,0.23701462,0.0,0.72664684,45055,7,0.00193994,0.9998285
43,2,32014962,0.99147821,0.02728767,0.0,0.00013157,0.008883,0.24407723,0.0,0.71962053,61439,7,0.00193663,0.9998285
43,3,32014963,0.9914581,0.02747107,0.0,0.00013173,0.00877788,0.24137669,0.0,0.72224262,63455,7,0.00193988,0.9998285
43,4,32014964,0.99149202,0.02708401,0.0,0.00013134,0.00910358,0.23448136,0.0,0.7291997,48639,7,0.00224746,0.9998285
43,5,32014965,0.99145598,0.02743227,0.0,0.00013195,0.00885218,0.24679393,0.0,0.71678967,40831,7,0.00201855,0.9998285
43,6,32014966,0.9914622,0.02747299,0.0,0.00013164,0.00876284,0.2421167,0.0,0.72151582,61407,7,0.00185138,0.9998285
43,7,32014967,0.99144785,0.02748706,0.0,0.00013167,0.00875247,0.24550557,0.0,0.71812323,64479,7,0.00199588,0.9998285
43,8,32014968,0.99146483,0.02747788,0.0,0.00013163,0.00889823,0.2447578,0.0,0.71873445,57303,7,0.00191881,0.9998035
43,9,32014969,0.99145091,0.0273257,0.0,0.00013206,0.00879765,0.24480499,0.0,0.7189396,53119,7,0.00197704,0.9998285
43,10,32014970,0.9914506,0.02746599,0.0,0.00013164,0.00855762,0.2500157,0.0,0.71382905,43999,7,0.00193158,0.9998285
44,1,32014991,0.99125219,0.05157668,0.01739486,1.262e-05,0.00531167,0.79334665,0.0,0.13235752,56074,6,0.02314141,1.2995182
44,2,32014992,0.98974678,0.05020073,0.00623927,5.175e-05,0.0051217,0.90047376,0.0,0.03791279,52554,6,0.02749418,1.2994849
44,3,32014993,0.98957923,0.04322435,0.00471821,1.606e-05,0.00405735,0.94796759,0.0,1.643e-05,52554,6,0.03510464,1.2994849
44,4,32014994,0.98977488,0.0560471,0.00518665,1.407e-05,0.00466246,0.89769005,0.0,0.03639968,54732,6,0.02759446,1.2995182
44,5,32014995,0.98926007,0.05832229,0.0026613,1.431e-05,0.00465298,0.9278484,0.0,0.00650074,50636,6,0.04408604,1.2994849
44,6,32014996,0.9897309,0.04594608,0.00072815,1.555e-05,0.00482498,0.94846765,0.0,1.758e-05,52554,6,0.04569175,1.2994849
44,7,32014997,0.98978566,0.04459785,0.00073204,1.568e-05,0.00513893,0.94949683,0.0,1.868e-05,56650,6,0.05085456,1.2995182
44,8,32014998,0.98947676,0.05332924,0.00371902,1.533e-05,0.00471027,0.9226385,0.0,0.01558765,50636,6,0.03297694,1.2994849
44,9,32014999,0.99073924,0.05164541,0.01413203,3.454e-05,0.00497267,0.82437068,0.0,0.10484468,51978,6,0.01774234,1.2994849
44,10,32015000,0.98926694,0.05802343,0.00094153,1.411e-05,0.00447772,0.93652718,0.0,1.603e-05,50636,6,0.04124342,1.2994849
45,1,32015021,0.9861638,0.03000532,0.0,0.00094288,0.00102499,0.96794651,6.031e-05,2e-05,63625,6,0.00234671,0.9995345
45,2,32015022,0.98615798,0.03030602,0.0,0.00092226,0.00100308,0.96768745,6.065e-05,2.054e-05,59535,6,0.00224193,0.9995346
45,3,32015023,0.98607511,0.03343646,0.0,0.00082469,0.00090449,0.96475671,5.976e-05,1.789e-05,33247,6,0.00312459,0.9997344
45,4,32015024,0.98611341,0.03330492,0.0,0.00082831,0.00094954,0.96483889,6.051e-05,1.783e-05,40927,6,0.00280998,0.9997345
45,5,32015025,0.98614478,0.03244699,0.0,0.00086327,0.00099074,0.96561377,5.905e-05,2.618e-05,57311,6,0.00277551,0.9997345
45,6,32015026,0.98614809,0.03089379,0.0,0.00090487,0.00102069,0.96709399,6.103e-05,2.563e-05,39391,6,0.00219434,0.9997344
45,7,32015027,0.98614795,0.03080602,0.0,0.0009169,0.00100648,0.96718757,5.848e-05,2.455e-05,37855,6,0.0023935,0.9997344
45,8,32015028,0.98609205,0.03161977,0.0,0.00087452,0.00092544,0.96648712,6.248e-05,3.066e-05,37855,6,0.00260262,0.9997344
45,9,32015029,0.98608344,0.03315205,0.0,0.00082516,0.00092166,0.96502051,6.148e-05,1.914e-05,33759,6,0.00328243,0.9997344
45,10,32015030,0.9860973,0.03157212,0.0,0.00089803,0.00098526,0.96646527,5.858e-05,2.073e-05,33247,6,0.00229872,0.9997344
46,1,32015051,0.99757867,0.03400846,0.06230548,0.0,0.00964515,0.06300211,0.0,0.83103881,63487,7,0.00815377,0.9999831
46,2,32015052,0.9975633,0.03400677,0.06519675,0.0,0.00962368,0.06611931,0.0,0.82505349,65535,7,0.00775599,0.9999831
46,3,32015053,0.99757597,0.03405122,0.06417658,0.0,0.0096621,0.06714848,0.0,0.82496161,65535,7,0.00820944,0.9999831
46,4,32015054,0.99757616,0.03412382,0.06488566,0.0,0.00959378,0.06172057,0.0,0.82967617,65535,7,0.00749958,0.9999831
46,5,32015055,0.99758253,0.03401277,0.06671461,0.0,0.00962993,0.06524586,0.0,0.82439682,49151,7,0.00827605,0.9999831
46,6,32015056,0.99757093,0.03413149,0.06345652,0.0,0.0095653,0.0669668,0.0,0.8258799,65535,7,0.00745835,0.9999831
46,7,32015057,0.99757702,0.03402898,0.06214406,0.0,0.00961079,0.06254932,0.0,0.83166685,49151,7,0.00759227,0.9999831
46,8,32015058,0.99757221,0.03405849,0.06246257,0.0,0.00961477,0.06532982,0.0,0.82853435,65535,7,0.008027,0.9999831
46,9,32015059,0.99756681,0.03401577,0.06370292,0.0,0.00964059,0.066395,0.0,0.82624572,63487,7,0.00735954,0.9999831
46,10,32015060,0.99757849,0.03403145,0.06280612,0.0,0.00957617,0.06595234,0.0,0.82763392,61439,7,0.00773941,0.9999831
47,1,32015081,0.96305677,0.07052078,0.31488615,0.00091296,0.01502621,0.5727718,0.00557164,0.02031046,32779,6,0.01260367,0.9995456
47,2,32015082,0.96273846,0.07207685,0.31356516,0.00089952,0.01467867,0.57558142,0.00497778,0.01822061,32777,6,0.01273181,0.9995456
47,3,32015083,0.96275005,0.07113884,0.31171551,0.00096681,0.01549637,0.57560897,0.00463115,0.02044235,32777,6,0.01294663,0.9995456
47,4,32015084,0.9633931,0.06933267,0.30807876,0.00061956,0.01450038,0.58557818,0.00493623,0.01695422,32777,6,0.01312589,0.9995456
47,5,32015085,0.96321154,0.06973825,0.30927006,0.00095846,0.01443376,0.58218502,0.00451511,0.01889933,32777,6,0.01361624,0.9995456
47,6,32015086,0.96232645,0.0708346,0.30578719,0.00091363,0.01465468,0.5861776,0.00565075,0.01598154,32779,6,0.0140856,0.9995456
47,7,32015087,0.96247909,0.07120656,0.3122207,0.00113026,0.01432781,0.5811781,0.00478158,0.01515499,32777,6,0.01446947,0.9995456
47,8,32015088,0.96211348,0.07084139,0.31204793,0.00137582,0.01485245,0.57535891,0.00531307,0.02021042,32777,6,0.01357033,0.9995456
47,9,32015089,0.96314759,0.07134795,0.30349954,0.00130001,0.01499738,0.58775301,0.00469335,0.01640876,32777,6,0.01250832,0.9995456
47,10,32015090,0.96217619,0.07274058,0.31831209,0.00132311,0.01505922,0.5673419,0.00508262,0.02014047,36873,6,0.01232498,0.9995456
48,1,32015111,0.98911195,0.03255566,0.0,0.00075545,0.00056569,0.9661034,1.177e-05,8.03e-06,65503,6,0.0023548,0.9997472
48,2,32015112,0.98911921,0.03268034,0.0,0.00075714,0.00055515,0.96598501,1.178e-05,1.058e-05,64479,6,0.002682,0.9997472
48,3,32015113,0.9891176,0.03250036,0.0,0.00075423,0.0005643,0.96616129,1.17e-05,8.13e-06,61407,6,0.00261455,0.9997471
48,4,32015114,0.98911494,0.03272119,0.0,0.00075172,0.00055756,0.96594998,1.162e-05,7.93e-06,65503,6,0.00276423,0.9997472
48,5,32015115,0.9891321,0.0326211,0.0,0.0007542,0.00056681,0.96601612,1.177e-05,3.001e-05,63455,6,0.0025402,0.9997472
48,6,32015116,0.98912013,0.03257515,0.0,0.00075392,0.00057989,0.96607198,1.177e-05,7.28e-06,51167,6,0.00254133,0.9997471
48,7,32015117,0.98913712,0.03253612,0.0,0.00075876,0.000574,0.96611168,1.172e-05,7.72e-06,32735,6,0.0028441,0.9997472
48,8,32015118,0.98914419,0.03253835,0.0,0.00075475,0.00057187,0.96611535,1.168e-05,8.01e-06,63455,6,0.00261622,0.9997472
48,9,32015119,0.98911798,0.03257107,0.0,0.00075634,0.00056428,0.96608779,1.181e-05,8.72e-06,49119,6,0.00279309,0.9997472
48,10,32015120,0.98912701,0.03250086,0.0,0.00075178,0.00055585,0.9661721,1.17e-05,7.7e-06,30687,6,0.00262896,0.9997472
49,1,32015141,0.99044787,0.0551607,0.01268813,0.0,0.00520901,0.79458281,0.0,0.13235936,51978,6,0.01815681,1.4068638
49,2,32015142,0.99058045,0.0530431,0.01462766,0.0,0.00559619,0.78955556,0.0,0.13717749,51978,6,0.02793051,1.4068638
49,3,32015143,0.99050114,0.05451846,0.01289498,0.0,0.00531341,0.79593794,0.0,0.1313352,51978,6,0.02252325,1.4068638
49,4,32015144,0.98386464,0.08601256,0.02975664,0.0,0.00488821,0.76064118,0.0,0.11870141,56074,6,0.02030373,1.4068971
49,5,32015145,0.98428966,0.08405862,0.02801573,0.0,0.00496701,0.76003631,0.0,0.12292234,56074,6,0.01985423,1.4068971
49,6,32015146,0.98513955,0.0826583,0.02429224,0.0,0.00489911,0.77001251,0.0,0.11813784,56074,6,0.01211309,1.4068971
49,7,32015147,0.97827187,0.11299873,0.04319195,0.0,0.00484543,0.72079332,0.0,0.11817057,51978,6,0.01927386,1.4068638
49,8,32015148,0.98264713,0.0917637,0.03170664,0.0,0.00494062,0.74718482,0.0,0.12440422,56074,6,0.01762933,1.4068971
49,9,32015149,0.99055621,0.05419045,0.01283912,0.0,0.00532406,0.79514187,0.0,0.1325045,51978,6,0.02616793,1.4068638
49,10,32015150,0.98812877,0.06524021,0.01918478,0.0,0.00545921,0.77290568,0.0,0.13721011,51978,6,0.0240812,1.4068638
50,1,32015171,0.98612708,0.02231611,0.03644979,0.00026941,0.00091266,0.93981746,0.00021684,1.773e-05,32777,6,0.01134747,0.9993859
50,2,32015172,0.98593858,0.02359042,0.03594729,0.0002361,0.00114891,0.93887467,0.00019756,5.05e-06,32779,6,0.00918676,0.9993859
50,3,32015173,0.98561514,0.02604202,0.03223522,0.00017704,0.00159853,0.93975462,0.0001702,2.238e-05,32781,6,0.00713459,0.9993859
50,4,32015174,0.98628529,0.02063325,0.03933702,0.00029952,0.0005641,0.93892269,0.00023432,9.1e-06,32779,6,0.01231551,0.9993859
50,5,32015175,0.98599666,0.02298165,0.03686985,0.00024812,0.00101716,0.93867427,0.00020501,3.94e-06,32779,6,0.00949475,0.9993859
50,6,32015176,0.98614557,0.02203289,0.03690556,0.00026779,0.00076799,0.93978895,0.00022354,1.328e-05,32777,6,0.01251883,0.9993859
50,7,32015177,0.98592711,0.02354297,0.03464175,0.00023339,0.00116243,0.9402044,0.00020649,8.57e-06,32779,6,0.01100513,0.9993859
50,8,32015178,0.98623562,0.02140528,0.03867993,0.00027926,0.00059815,0.93880027,0.00023256,4.54e-06,32841,6,0.012188,0.9993859
50,9,32015179,0.9858572,0.02400924,0.03531369,0.00022005,0.00119752,0.93904506,0.00020268,1.176e-05,36873,6,0.00826018,0.9993859
50,10,32015180,0.98616231,0.02179128,0.03907273,0.00026167,0.00076664,0.93788257,0.00021495,1.015e-05,32777,6,0.01093054,0.9993859
51,1,32015201,0.99325048,0.02855915,0.0,0.0,0.00896953,0.22381842,0.0,0.7386529,57215,7,0.00203857,0.999885
51,2,32015202,0.99325313,0.02849904,0.0,0.0,0.00901133,0.22291162,0.0,0.73957801,45055,7,0.00243681,0.999885
51,3,32015203,0.99325574,0.02846981,0.0,0.0,0.00904998,0.23045398,0.0,0.73202623,65535,7,0.00222414,0.999885
51,4,32015204,0.99325368,0.02864312,0.0,0.0,0.00895144,0.23214284,0.0,0.7302626,57343,7,0.00227229,0.999885
51,5,32015205,0.99326343,0.02849148,0.0,0.0,0.00903571,0.22976537,0.0,0.73270743,56831,7,0.00224992,0.999885
51,6,32015206,0.99326186,0.02854373,0.0,0.0,0.0088174,0.23413526,0.0,0.7285036,53247,7,0.00199053,0.999885
51,7,32015207,0.99325824,0.02842783,0.0,0.0,0.00880269,0.22853954,0.0,0.73422994,61439,7,0.00261305,0.999885
51,8,32015208,0.99324883,0.02864643,0.0,0.0,0.0089492,0.23001964,0.0,0.73238472,48639,7,0.002164,0.999885
51,9,32015209,0.99325721,0.02834308,0.0,0.0,0.00894991,0.2262142,0.0,0.7364928,53247,7,0.00207955,0.999885
51,10,32015210,0.99324967,0.0285396,0.0,0.0,0.00882656,0.23460448,0.0,0.72802936,49151,7,0.00208908,0.999885
52,1,32015231,0.98980968,0.05171702,0.00373183,2.078e-05,0.00497976,0.91506758,0.0,0.02448302,52555,6,0.01751189,1.1961106
52,2,32015232,0.9892412,0.05657762,0.0007589,2.13e-05,0.00507095,0.93755408,0.0,1.716e-05,50636,6,0.03922031,1.1960107
52,3,32015233,0.9898284,0.05552335,0.00575652,1.995e-05,0.00510559,0.89599622,0.0,0.03759839,50636,6,0.02372055,1.1960107
52,4,32015234,0.98973315,0.04759701,0.00081482,2.244e-05,0.00551491,0.94603193,0.0,1.888e-05,52555,6,0.03922092,1.1961106
52,5,32015235,0.99042729,0.04799897,0.00699621,0.00010194,0.00552795,0.88828603,0.0,0.05108889,52555,6,0.0293973,1.1961106
52,6,32015236,0.99030136,0.04883095,0.01115232,1.879e-05,0.00467955,0.85115261,0.0,0.08416577,51978,6,0.02021215,1.1960107
52,7,32015237,0.98942617,0.05292499,0.00084112,2.153e-05,0.00507775,0.94111701,0.0,1.76e-05,50636,6,0.02250333,1.1960107
52,8,32015238,0.9901516,0.05205708,0.00697897,1.946e-05,0.00529223,0.88171103,0.0,0.05394123,56651,6,0.01708105,1.1961106
52,9,32015239,0.98966589,0.04898878,0.00079986,2.217e-05,0.00514622,0.9450243,0.0,1.866e-05,52555,6,0.0352561,1.1961106
52,10,32015240,0.98971651,0.05295188,0.00578433,1.97e-05,0.00488669,0.89499334,0.0,0.04136407,50636,6,0.02015471,1.1960107
53,1,32015261,0.98674729,0.03268946,0.0,0.00094128,0.00061084,0.96571718,3.353e-05,7.71e-06,56287,6,0.0032067,0.9997078
53,2,32015262,0.98677104,0.03259759,0.0,0.00093529,0.00059636,0.96582407,3.359e-05,1.31e-05,45023,6,0.002715,0.9997078
53,3,32015263,0.98675165,0.03209329,0.0,0.00094531,0.00062653,0.96628322,3.357e-05,1.809e-05,32735,6,0.00313708,0.9997078
53,4,32015264,0.98673692,0.03192874,0.0,0.00094932,0.00062715,0.96644398,3.341e-05,1.74e-05,65503,6,0.00257681,0.9997078
53,5,32015265,0.98677107,0.03273524,0.0,0.00093243,0.00060336,0.96568426,3.353e-05,1.118e-05,43999,6,0.00312434,0.9997078
53,6,32015266,0.98673189,0.03075829,0.0,0.00097163,0.00065939,0.96756357,3.364e-05,1.347e-05,64479,6,0.00258746,0.9997078
53,7,32015267,0.98677044,0.03234919,0.0,0.00094075,0.00062719,0.96603762,3.349e-05,1.176e-05,56287,6,0.00337469,0.9997078
53,8,32015268,0.98675012,0.03247275,0.0,0.00093627,0.00061472,0.96593187,3.346e-05,1.095e-05,56287,6,0.00300256,0.9997078
53,9,32015269,0.98674186,0.03195546,0.0,0.00095292,0.00062015,0.96642507,3.37e-05,1.271e-05,32735,6,0.00272842,0.9997078
53,10,32015270,0.98675968,0.03241714,0.0,0.00093908,0.00063261,0.96595769,3.346e-05,2.003e-05,48095,6,0.00293286,0.9997078
54,1,32015291,0.99157088,0.05617118,0.00866058,0.0,0.00893489,0.70651899,0.0,0.21971436,44972,6,0.01624561,1.220321
54,2,32015292,0.97357803,0.34064847,0.00660158,0.0,0.03673696,0.47461224,0.0,0.14140075,56925,0,0.02268803,1.1323531
54,3,32015293,0.9914685,0.05683533,0.00729655,0.0,0.00976349,0.69979052,0.0,0.22631412,44973,7,0.02256783,1.2204708
54,4,32015294,0.99167218,0.05535531,0.00727646,0.0,0.00929213,0.70026478,0.0,0.22781132,44973,7,0.02097137,1.2204708
54,5,32015295,0.99164888,0.05594327,0.00773571,0.0,0.00888894,0.70934592,0.0,0.21808617,44972,6,0.0184997,1.220321
54,6,32015296,0.99171752,0.05532438,0.00750473,0.0,0.00929576,0.70102677,0.0,0.22684836,44972,6,0.0230217,1.220321
54,7,32015297,0.99159015,0.05626812,0.0086853,0.0,0.00866175,0.71090623,0.0,0.21547859,44973,7,0.01558842,1.2204708
54,8,32015298,0.99159623,0.05630081,0.00861169,0.0,0.00849433,0.71271139,0.0,0.21388179,44973,7,0.01409786,1.2204708
54,9,32015299,0.99158609,0.05616543,0.00852397,0.0,0.00850057,0.71322826,0.0,0.21358176,44972,6,0.01284365,1.220321
54,10,32015300,0.99003292,0.05193416,0.00064392,0.0,0.0087195,0.93868354,0.0,1.888e-05,44493,6,0.02197909,1.2204709
55,1,32015321,0.98763971,0.02348875,0.03022415,0.0,0.00081981,0.94498061,0.00048433,2.35e-06,32905,6,0.01649395,0.9994815
55,2,32015322,0.98762817,0.02315441,0.02922976,0.0,0.00079225,0.94610476,0.00052274,0.00019608,36873,6,0.01727933,0.9994816
55,3,32015323,0.98765705,0.02311012,0.02937791,0.0,0.00077109,0.94624344,0.00049525,2.2e-06,32905,6,0.01776066,0.9994815
55,4,32015324,0.98762618,0.02326612,0.02979928,0.0,0.00077831,0.94564415,0.00049857,1.356e-05,32777,6,0.01722363,0.9994816
55,5,32015325,0.98762217,0.02330187,0.03010259,0.0,0.00079714,0.94531674,0.00047837,3.3e-06,32907,6,0.01676137,0.9994815
55,6,32015326,0.98761409,0.02340099,0.02902484,0.0,0.00078128,0.94621769,0.00049728,7.792e-05,32777,6,0.01963845,0.9994816
55,7,32015327,0.98765999,0.0233926,0.02939376,0.0,0.00077035,0.94594242,0.00049774,3.14e-06,36875,6,0.01669579,0.9994816
55,8,32015328,0.98759094,0.02343186,0.03023533,0.0,0.00079111,0.9450405,0.00049886,2.34e-06,32907,6,0.01696717,0.9994815
55,9,32015329,0.98765715,0.02331154,0.02966822,0.0,0.00076876,0.94576146,0.00048709,2.93e-06,32907,6,0.01780396,0.9994815
55,10,32015330,0.9876578,0.0232107,0.02939131,0.0,0.0007653,0.94613565,0.00049544,1.6e-06,32777,6,0.01707778,0.9994816
56,1,32015351,0.99056571,0.02534966,0.0,0.00027666,0.00872048,0.24259894,0.0,0.72305427,40959,7,0.00241058,0.9997806
56,2,32015352,0.99057151,0.02514771,0.0,0.00027662,0.00875479,0.23025894,0.0,0.73556194,59359,7,0.00219929,0.9997805
56,3,32015353,0.99056637,0.02517971,0.0,0.00027652,0.00871818,0.23188331,0.0,0.73394229,58879,7,0.00233645,0.9997805
56,4,32015354,0.99056499,0.02514227,0.0,0.00027576,0.0088643,0.22286691,0.0,0.74285075,8191,7,0.00224358,0.9997806
56,5,32015355,0.99057651,0.02526392,0.0,0.00027523,0.00877605,0.22584289,0.0,0.7398419,59263,7,0.00209624,0.9997806
56,6,32015356,0.99057448,0.02524812,0.0,0.000276,0.00876807,0.23128482,0.0,0.734423,49119,7,0.00210333,0.9997806
56,7,32015357,0.99057013,0.02522119,0.0,0.00027593,0.008716,0.23028411,0.0,0.73550277,49151,7,0.00232221,0.9997806
56,8,32015358,0.99056123,0.02533957,0.0,0.00027593,0.0086516,0.23163593,0.0,0.73409697,49151,7,0.00197138,0.9997806
56,9,32015359,0.99056053,0.02505922,0.0,0.00027773,0.00869537,0.23445224,0.0,0.73151544,49151,7,0.00254315,0.9997806
56,10,32015360,0.9905645,0.02526045,0.0,0.00027651,0.00879146,0.23158376,0.0,0.73408782,40447,7,0.00237444,0.9997806
57,1,32015381,0.98881254,0.05417837,0.00044944,1.303e-05,0.00319852,0.94214725,0.0,1.338e-05,52316,6,0.02147663,1.4834934
57,2,32015382,0.98873219,0.05207164,0.00607512,1.327e-05,0.00494706,0.899376,0.0,0.03751692,52554,6,0.02419578,1.4834934
57,3,32015383,0.98877979,0.0379596,0.00048627,1.565e-05,0.0011368,0.96039037,0.0,1.131e-05,44362,6,0.05746537,1.4834934
57,4,32015384,0.98903158,0.03731649,0.0005985,1.593e-05,0.00256644,0.9594889,0.0,1.375e-05,44362,6,0.04304026,1.4834934
57,5,32015385,0.98927011,0.04549236,0.00066031,1.411e-05,0.00490685,0.94890913,0.0,1.723e-05,52554,6,0.05186694,1.4834934
57,6,32015386,0.98884846,0.05271933,0.00061628,1.349e-05,0.00356113,0.94307579,0.0,1.397e-05,52316,6,0.02798542,1.4834934
57,7,32015387,0.98929206,0.04497271,0.0007141,1.445e-05,0.00513711,0.94914485,0.0,1.678e-05,52554,6,0.05914158,1.4834934
57,8,32015388,0.98891356,0.05458828,0.0005769,1.311e-05,0.0040533,0.94075354,0.0,1.487e-05,52316,6,0.03664516,1.4834934
57,9,32015389,0.98898558,0.05422092,0.00047398,1.291e-05,0.00452198,0.94075488,0.0,1.533e-05,52316,6,0.03045733,1.4834934
57,10,32015390,0.98812087,0.05435678,0.00120477,1.4e-05,0.00403432,0.93735694,0.0,0.0030332,56412,6,0.02199954,1.4835267
58,1,32015411,0.98520018,0.03096188,0.0,0.00038796,0.00111212,0.96744278,6.991e-05,2.534e-05,57545,6,0.00225117,0.9995287
58,2,32015412,0.98523984,0.02890138,0.0,0.00043004,0.00115345,0.96940186,7.721e-05,3.607e-05,57549,6,0.00254488,0.9995287
58,3,32015413,0.9852899,0.02948022,0.0,0.00041975,0.00121823,0.96876758,6.931e-05,4.492e-05,59599,6,0.00317274,0.9995288
58,4,32015414,0.98531772,0.0282626,0.0,0.00046328,0.0010979,0.97007118,8.386e-05,2.118e-05,39055,6,0.0023038,0.999329
58,5,32015415,0.98529687,0.02916924,0.0,0.00043357,0.0011627,0.96913348,7.603e-05,2.497e-05,57547,6,0.00295996,0.9995287
58,6,32015416,0.98520008,0.03104849,0.0,0.0003922,0.00126326,0.9671742,6.907e-05,5.278e-05,57487,6,0.00245526,0.9995287
58,7,32015417,0.98523202,0.02945341,0.0,0.00041755,0.00125404,0.96877956,6.851e-05,2.693e-05,26767,6,0.00350921,0.9994789
58,8,32015418,0.9852634,0.02999631,0.0,0.00040538,0.00111511,0.96836428,7.388e-05,4.504e-05,33247,6,0.00376229,0.9997286
58,9,32015419,0.98526912,0.02925917,0.0,0.0004258,0.00124886,0.96897304,7.388e-05,1.925e-05,57487,6,0.00320623,0.9995287
58,10,32015420,0.98524874,0.03075885,0.0,0.00039311,0.00118078,0.96757372,6.997e-05,2.358e-05,63631,6,0.00282644,0.9995288
59,1,32015441,0.99636689,0.02911093,0.00904136,0.0,0.00826628,0.13054818,0.0,0.82303325,49151,7,0.00651153,0.9999544
59,2,32015442,0.9963742,0.02902935,0.00853226,0.0,0.00839773,0.12546603,0.0,0.82857463,65535,7,0.00673313,0.9999544
59,3,32015443,0.99637064,0.02917922,0.00875647,0.0,0.00832863,0.13326435,0.0,0.82047133,59391,7,0.00632249,0.9999544
59,4,32015444,0.99636754,0.02919873,0.0088333,0.0,0.00833187,0.13333288,0.0,0.82030322,65535,7,0.00752945,0.9999544
59,5,32015445,0.99638432,0.02900386,0.00840961,0.0,0.00838107,0.13095964,0.0,0.82324583,65535,7,0.00832929,0.9999544
59,6,32015446,0.99636703,0.02931851,0.00867116,0.0,0.00842418,0.13041318,0.0,0.82317297,65535,7,0.00656578,0.9999544
59,7,32015447,0.99638299,0.02900386,0.00893916,0.0,0.00841383,0.12555248,0.0,0.82809068,49151,7,0.00690231,0.9999544
59,8,32015448,0.99637357,0.02912169,0.00915395,0.0,0.008313,0.13405692,0.0,0.81935445,65535,7,0.00654031,0.9999544
59,9,32015449,0.99637909,0.02900069,0.00841641,0.0,0.00849545,0.12987313,0.0,0.82421431,49151,7,0.00715302,0.9999544
59,10,32015450,0.99636919,0.02911715,0.00899211,0.0,0.00825021,0.13742216,0.0,0.81621837,49151,7,0.00746953,0.9999544
60,1,32015471,0.96071248,0.10783186,0.31193142,0.00550379,0.03232094,0.47941269,0.00622654,0.05677276,32779,6,0.01707706,0.9995937
60,2,32015472,0.95967588,0.11449386,0.31370405,0.00414609,0.03299155,0.45565519,0.00617879,0.07283048,19079,7,0.01816844,0.9995312
60,3,32015473,0.96100647,0.11105751,0.31421182,0.00440082,0.03112697,0.46624581,0.0056488,0.06730828,32779,6,0.016663,0.9995937
60,4,32015474,0.96099151,0.10545673,0.31433024,0.00377882,0.03173733,0.47749778,0.00543608,0.06176301,32777,6,0.01750609,0.9995937
60,5,32015475,0.95865859,0.11317438,0.31708125,0.00453448,0.03300979,0.45453839,0.0058441,0.07181761,23175,7,0.01718475,0.9996061
60,6,32015476,0.96126859,0.10797096,0.31565958,0.00410576,0.03180909,0.46808022,0.00571427,0.06666012,32779,6,0.0166397,0.9995937
60,7,32015477,0.96038915,0.11127205,0.31335826,0.00489043,0.03201932,0.47103446,0.00605876,0.06136672,32779,6,0.0162182,0.9995937
60,8,32015478,0.96247254,0.10645526,0.31379704,0.006588,0.030118,0.47549712,0.00627912,0.06126545,32777,6,0.01764685,0.9995937
60,9,32015479,0.96082144,0.10976137,0.3160797,0.00559869,0.03114401,0.47333411,0.0061386,0.05794352,32777,6,0.01587297,0.9995937
60,10,32015480,0.96035678,0.11144204,0.31473606,0.00533649,0.03178552,0.45758167,0.00677939,0.07233883,23175,7,0.01821482,0.9996061
61,1,32015501,0.98806036,0.03104639,0.0,0.00104761,0.000532,0.96733854,2.717e-05,8.29e-06,64479,6,0.00284126,0.9997053
61,2,32015502,0.98804209,0.03099595,0.0,0.00104856,0.00053902,0.96737699,2.725e-05,1.223e-05,45023,6,0.00277722,0.9997053
61,3,32015503,0.98806896,0.03092599,0.0,0.00105117,0.00054294,0.96743718,2.717e-05,1.554e-05,65503,6,0.00267466,0.9997053
61,4,32015504,0.98805131,0.03091372,0.0,0.00104831,0.00051906,0.96748373,2.718e-05,8e-06,63455,6,0.00244601,0.9997053
61,5,32015505,0.98807013,0.03124886,0.0,0.00105198,0.00052383,0.96714216,2.714e-05,6.04e-06,64479,6,0.00251574,0.9997053
61,6,32015506,0.98806051,0.03106545,0.0,0.00104402,0.00052575,0.9673317,2.73e-05,5.78e-06,45023,6,0.00259519,0.9997053
61,7,32015507,0.98806735,0.0311195,0.0,0.00104787,0.00053038,0.96726897,2.729e-05,5.99e-06,57311,6,0.00281033,0.9997053
61,8,32015508,0.98807622,0.03117076,0.0,0.00104696,0.00052256,0.96722602,2.732e-05,6.38e-06,32735,6,0.00298695,0.9997053
61,9,32015509,0.98806401,0.03105196,0.0,0.00104308,0.00052326,0.96734577,2.714e-05,8.8e-06,15327,6,0.00285789,0.9997052
61,10,32015510,0.98806515,0.03092801,0.0,0.00105414,0.00051774,0.96746191,2.711e-05,1.108e-05,64479,6,0.00243234,0.9997053
62,1,32015531,0.98238604,0.13796437,0.07761695,0.0,0.0044278,0.67731921,0.0,0.10267168,8930,4,0.01924211,1.4713853
62,2,32015532,0.98649831,0.10045259,0.04834151,0.0,0.00431412,0.73867304,0.0,0.10821874,55394,4,0.00985978,1.4715352
62,3,32015533,0.98435433,0.12828168,0.0559957,0.0,0.00444979,0.69647372,0.0,0.11479911,55394,4,0.02163806,1.4715352
62,4,32015534,0.98864742,0.07051565,0.0309565,0.0,0.00506897,0.7698904,0.0,0.12356848,55818,6,0.01867447,1.4715851
62,5,32015535,0.98800012,0.08044637,0.03763491,0.0,0.00461589,0.76331724,0.0,0.11398558,56076,6,0.00803499,1.4718126
62,6,32015536,0.98602444,0.10620859,0.04968233,0.0,0.00467147,0.72667437,0.0,0.11276324,55850,6,0.0140262,1.4715851
62,7,32015537,0.99009546,0.05818746,0.01815419,0.0,0.00483313,0.80075999,0.0,0.11806523,55850,6,0.0103757,1.4715851
62,8,32015538,0.98211091,0.14863426,0.08342185,0.0,0.00394884,0.67163766,0.0,0.09235739,55394,4,0.01990727,1.4715352
62,9,32015539,0.98822121,0.07637522,0.03333707,0.0,0.00532775,0.75368106,0.0,0.13127889,55850,6,0.01762503,1.4715851
62,10,32015540,0.98711608,0.09440253,0.04077239,0.0,0.00445921,0.74572367,0.0,0.1146422,55394,4,0.01003549,1.4715352
63,1,32015561,0.98592795,0.02103119,0.0313135,0.00034383,0.00066693,0.94626913,0.00037363,1.8e-06,32777,6,0.01556722,0.9994089
63,2,32015562,0.98602885,0.02082863,0.03078027,0.00033773,0.00058693,0.94708767,0.00037721,1.55e-06,32777,6,0.01762463,0.9994089
63,3,32015563,0.98610778,0.0209336,0.0308185,0.00033796,0.00058131,0.94697694,0.00034998,1.71e-06,32907,6,0.01705254,0.9994089
63,4,32015564,0.98598533,0.02122345,0.0305682,0.00036125,0.00063993,0.94672824,0.00037139,0.00010754,32777,6,0.01694694,0.9994089
63,5,32015565,0.98608102,0.02073868,0.03121466,0.0003381,0.00057749,0.94677406,0.00035506,1.96e-06,32779,6,0.01604648,0.9994089
63,6,32015566,0.98610873,0.02090897,0.03005184,0.00034406,0.00057642,0.94775906,0.00035695,2.71e-06,32843,6,0.01569973,0.9994089
63,7,32015567,0.98603803,0.02086609,0.03191893,0.00034211,0.00061644,0.94590271,0.00034928,4.45e-06,36873,6,0.01526226,0.999409
63,8,32015568,0.98606125,0.02087037,0.03053397,0.00034507,0.00056861,0.94731664,0.00036334,1.99e-06,32777,6,0.01612117,0.9994089
63,9,32015569,0.9860775,0.0209122,0.03087094,0.00034717,0.00055536,0.94695766,0.00035433,2.34e-06,32777,6,0.01565742,0.9994089
63,10,32015570,0.98607677,0.02075287,0.03193766,0.00034484,0.0005858,0.94602565,0.00035085,2.35e-06,32779,6,0.01726779,0.9994089
64,1,32015591,0.99232586,0.02665356,0.0,0.0,0.00884884,0.23501876,0.0,0.72947884,40831,7,0.00216766,0.9998376
64,2,32015592,0.99231872,0.02653472,0.0,0.0,0.00895339,0.22941278,0.0,0.73509911,38783,7,0.00210232,0.9998376
64,3,32015593,0.99233019,0.02636347,0.0,0.0,0.00905219,0.22974079,0.0,0.73484355,57343,7,0.00227633,0.9998376
64,4,32015594,0.99231611,0.02646129,0.0,0.0,0.00896745,0.22306201,0.0,0.74150925,45055,7,0.00232973,0.9998376
64,5,32015595,0.99231043,0.02647341,0.0,0.0,0.00922231,0.22449523,0.0,0.73980905,45055,7,0.00209713,0.9998376
64,6,32015596,0.99232617,0.02648516,0.0,0.0,0.0090889,0.22931887,0.0,0.73510707,32255,7,0.00196546,0.9998376
64,7,32015597,0.99229727,0.02655361,0.0,0.0,0.00902973,0.22668314,0.0,0.73773352,44927,7,0.00197536,0.9998376
64,8,32015598,0.99233036,0.02650179,0.0,0.0,0.00905059,0.23511373,0.0,0.72933389,45055,7,0.00218756,0.9998376
64,9,32015599,0.992319,0.02659583,0.0,0.0,0.00895045,0.22127647,0.0,0.74317725,59391,7,0.00206452,0.9998376
64,10,32015600,0.9923026,0.0266077,0.0,0.0,0.00898945,0.23049983,0.0,0.73390303,49151,7,0.00243809,0.9998376
65,1,32015621,0.98917165,0.05038354,0.00073685,9.63e-06,0.00486119,0.94399217,0.0,1.661e-05,56650,6,0.02326202,1.4273968
65,2,32015622,0.98942711,0.04508632,0.00070166,1.003e-05,0.00503407,0.94915017,0.0,1.774e-05,52554,6,0.04658002,1.4273635
65,3,32015623,0.98861719,0.05136658,0.00941831,6.193e-05,0.00454046,0.89453061,0.0,0.0400821,50636,6,0.02015273,1.4273635
65,4,32015624,0.98979046,0.05084957,0.00673722,9.15e-06,0.0050511,0.88751592,0.0,0.04983705,52554,6,0.01627284,1.4273635
65,5,32015625,0.98927998,0.04791661,0.00081592,9.7e-06,0.00491368,0.94632703,0.0,1.706e-05,56650,6,0.03463064,1.4273968
65,6,32015626,0.9894727,0.04400794,0.00070857,9.91e-06,0.00521078,0.95004489,0.0,1.792e-05,52554,6,0.0506489,1.4273635
65,7,32015627,0.98925685,0.05367989,0.00392498,9.05e-06,0.00476623,0.9169335,0.0,0.02068635,50636,6,0.02354569,1.4273635
65,8,32015628,0.9906288,0.05045411,0.01640441,1.905e-05,0.0056678,0.78464829,0.0,0.14280635,51978,6,0.02630028,1.4273634
65,9,32015629,0.98873232,0.04970426,0.00362389,9.68e-06,0.00462891,0.93876929,0.0,0.00326397,56650,6,0.02212742,1.4273968
65,10,32015630,0.98885715,0.05110919,0.00159692,2.917e-05,0.00506152,0.93834044,0.0,0.00386276,52554,6,0.02700226,1.4273635
66,1,32015651,0.98585462,0.02862397,0.0,0.00107811,0.00079725,0.96941676,5.834e-05,2.557e-05,40927,6,0.0023222,0.9996875
66,2,32015652,0.98583627,0.03229329,0.0,0.00101449,0.00066237,0.9659577,5.839e-05,1.376e-05,64479,6,0.00379991,0.9996875
66,3,32015653,0.9858538,0.03083341,0.0,0.00103478,0.0006655,0.96739612,5.829e-05,1.191e-05,39903,6,0.00310505,0.9996875
66,4,32015654,0.9858177,0.03088518,0.0,0.00104602,0.00065134,0.96734289,5.843e-05,1.615e-05,39391,6,0.00301842,0.9996874
66,5,32015655,0.98585305,0.03207859,0.0,0.00101352,0.00062544,0.96621097,5.835e-05,1.314e-05,35807,6,0.00315152,0.9996875
66,6,32015656,0.98583589,0.03126064,0.0,0.00103074,0.00066251,0.96697406,5.832e-05,1.372e-05,52191,6,0.00289807,0.9996875
66,7,32015657,0.98582238,0.03040449,0.0,0.00103652,0.00070839,0.96776602,5.973e-05,2.485e-05,56287,6,0.00291202,0.9996875
66,8,32015658,0.9858265,0.03041112,0.0,0.00103497,0.0006814,0.9677831,5.96e-05,2.982e-05,65503,6,0.00267758,0.9996875
66,9,32015659,0.98583918,0.02847535,0.0,0.00108727,0.00072968,0.96962643,5.799e-05,2.328e-05,64479,6,0.00249784,0.9996875
66,10,32015660,0.98582479,0.03026459,0.0,0.00104367,0.00073956,0.9678808,5.885e-05,1.253e-05,40927,6,0.00282852,0.9996875
67,1,32015681,0.99015352,0.06514202,0.39676696,0.00047928,0.02244997,0.10796494,0.00310364,0.40409318,44973,7,0.02951421,1.1365368
67,2,32015682,0.99004816,0.06489845,0.39428433,0.00073075,0.02274952,0.10381442,0.00374559,0.40977696,44973,7,0.02653153,1.1365368
67,3,32015683,0.98990165,0.06743902,0.38832031,0.00062099,0.02492993,0.10830475,0.00350326,0.40688175,44973,7,0.03265559,1.1365368
67,4,32015684,0.99024713,0.06370091,0.38736824,0.00046463,0.0231167,0.10835714,0.00339965,0.41359274,44973,7,0.03064159,1.1365368
67,5,32015685,0.98992731,0.0667062,0.38612971,0.00070096,0.02267771,0.12469987,0.00374189,0.39534368,44973,7,0.02690025,1.1365368
67,6,32015686,0.99002436,0.06487735,0.39377445,0.00061792,0.02302855,0.10578614,0.00374067,0.40817491,44973,7,0.03117418,1.1365368
67,7,32015687,0.99019898,0.06345379,0.39095534,0.00079856,0.02225857,0.11074359,0.00341526,0.40837488,44973,7,0.03016555,1.1365368
67,8,32015688,0.98995264,0.06518836,0.38669454,0.00056928,0.02332704,0.11618886,0.00407903,0.40395289,44973,7,0.02812208,1.1365368
67,9,32015689,0.99025287,0.06487488,0.39424243,0.00048864,0.02207819,0.10864578,0.00312698,0.40654309,44973,7,0.0264516,1.1365368
67,10,32015690,0.98997942,0.06617136,0.38831904,0.00042212,0.02371241,0.11701009,0.00333103,0.40103395,44973,7,0.02647794,1.1365368
68,1,32015711,0.95718632,0.0830988,0.33107493,0.0,0.0203835,0.52846844,0.00458361,0.03239071,22663,6,0.02002293,0.9994791
68,2,32015712,0.95526379,0.08247468,0.32494778,0.0,0.02169401,0.53297736,0.00479608,0.03311009,22663,6,0.01813785,0.9994791
68,3,32015713,0.95801362,0.08134236,0.32741151,0.0,0.01943417,0.5361617,0.00451097,0.0311393,22927,6,0.01870292,0.999481
68,4,32015714,0.95676831,0.08194597,0.33493745,0.0,0.0201495,0.53112615,0.00440455,0.02743638,22663,6,0.01732317,0.9994791
68,5,32015715,0.95371346,0.085385,0.32863998,0.0,0.02198276,0.52633709,0.00507085,0.03258432,22663,6,0.01865706,0.9994791
68,6,32015716,0.95815714,0.08052796,0.3300477,0.0,0.01913423,0.53201229,0.00422809,0.03404973,22663,6,0.01971464,0.9994791
68,7,32015717,0.95688379,0.08257302,0.3295815,0.0,0.02025877,0.5302162,0.00433965,0.03303087,22663,6,0.02010951,0.9994791
68,8,32015718,0.95784506,0.08097646,0.33312372,0.0,0.01898198,0.52991621,0.00481986,0.03218178,22663,6,0.02010123,0.9994791
68,9,32015719,0.95708582,0.08233408,0.31733327,0.0,0.02056972,0.54441462,0.00454036,0.03080794,22927,6,0.01882062,0.999481
68,10,32015720,0.95510067,0.08257341,0.32179446,0.0,0.02256223,0.53841317,0.00467548,0.02998125,22663,6,0.01614292,0.9994791
69,1,32015741,0.98955607,0.02320889,0.0,0.00063259,0.00861917,0.22195527,0.0,0.74558408,57311,7,0.00256542,0.9997307
69,2,32015742,0.9895554,0.02345371,0.0,0.00063253,0.00834801,0.2329194,0.0,0.73464635,63455,7,0.00252888,0.9997307
69,3,32015743,0.98956396,0.02332807,0.0,0.00063614,0.00846007,0.22765979,0.0,0.73991594,53215,7,0.00252555,0.9997306
69,4,32015744,0.98955499,0.02326988,0.0,0.00063551,0.00847984,0.23140952,0.0,0.73620525,60927,7,0.00223354,0.9997306
69,5,32015745,0.98955301,0.02314384,0.0,0.00063355,0.00862596,0.22035792,0.0,0.74723873,49119,7,0.00233474,0.9997307
69,6,32015746,0.9895577,0.02319054,0.0,0.00063119,0.00850015,0.22287537,0.0,0.74480275,45023,7,0.0025828,0.9997306
69,7,32015747,0.98952988,0.02334985,0.0,0.0006363,0.0084493,0.23606717,0.0,0.73149737,30687,7,0.00255056,0.9997307
69,8,32015748,0.98954721,0.02333198,0.0,0.0006308,0.00853281,0.22251562,0.0,0.74498879,49119,7,0.00240105,0.9997307
69,9,32015749,0.98953438,0.02325806,0.0,0.00063547,0.00847006,0.22883779,0.0,0.73879863,30687,7,0.00246638,0.9997307
69,10,32015750,0.98953782,0.02347158,0.0,0.00063502,0.00824441,0.2363185,0.0,0.73133049,61407,7,0.00271202,0.9997306
70,1,32015771,0.99004873,0.05620518,0.01070474,0.0,0.004934,0.79671413,0.0,0.13144195,51724,6,0.0103313,1.6223236
70,2,32015772,0.98516708,0.07701455,0.02216108,0.0,0.00514511,0.76335601,0.0,0.13232325,56074,6,0.01314623,1.6226312
70,3,32015773,0.97679919,0.11266795,0.03863547,0.0,0.00495643,0.71784795,0.0,0.1258922,51978,6,0.01853854,1.6225979
70,4,32015774,0.97686613,0.11319305,0.03904523,0.0,0.00522268,0.71637013,0.0,0.12616891,51978,6,0.01992105,1.6225979
70,5,32015775,0.99026278,0.05314639,0.01151616,0.0,0.00554719,0.78593793,0.0,0.14385233,51978,6,0.01939479,1.6225979
70,6,32015776,0.9836231,0.08277101,0.0253594,0.0,0.00512673,0.75791349,0.0,0.12882937,51978,6,0.01681434,1.6225979
70,7,32015777,0.99018914,0.05494377,0.01129448,0.0,0.00532478,0.79345221,0.0,0.13498475,56074,6,0.01662895,1.6226312
70,8,32015778,0.98556386,0.0738828,0.02071352,0.0,0.00531268,0.76615971,0.0,0.13393128,51978,6,0.02020563,1.6225979
70,9,32015779,0.99031095,0.05359769,0.01181009,0.0,0.00559953,0.79337231,0.0,0.13562038,56074,6,0.02403064,1.6226312
70,10,32015780,0.98786481,0.06430546,0.01734085,0.0,0.00545489,0.77791187,0.0,0.13498694,51978,6,0.02232379,1.6225979
71,1,32015801,0.98500233,0.02076481,0.0,0.00068806,0.00083563,0.97751077,0.00019112,9.61e-06,32777,6,0.00846923,0.9993383
71,2,32015802,0.98480275,0.02294151,0.0,0.00063311,0.0013364,0.9749084,0.00015797,2.262e-05,32909,6,0.00655597,0.9993382
71,3,32015803,0.98482687,0.02318809,0.0,0.00064091,0.00119637,0.97476017,0.00016295,5.152e-05,32841,6,0.00646187,0.9993383
71,4,32015804,0.98498769,0.02172119,0.0,0.00067793,0.00096199,0.97638268,0.00018603,7.017e-05,32969,6,0.00834592,0.9993382
71,5,32015805,0.98493165,0.02224898,0.0,0.00065999,0.00105542,0.97583846,0.00017072,2.644e-05,36879,6,0.00685376,0.9993384
71,6,32015806,0.98488263,0.02187145,0.0,0.00067397,0.00108673,0.9761749,0.00017606,1.689e-05,36937,6,0.00721085,0.9993383
71,7,32015807,0.98492577,0.02117804,0.0,0.0006703,0.00101775,0.97694948,0.00017292,1.152e-05,37007,6,0.00758124,0.9993383
71,8,32015808,0.98497647,0.02129424,0.0,0.00068878,0.00085417,0.97696441,0.00018613,1.227e-05,32911,6,0.00899864,0.9993382
71,9,32015809,0.984882,0.02207635,0.0,0.00067206,0.00113667,0.97592,0.00017541,1.951e-05,32779,6,0.00730141,0.9993383
71,10,32015810,0.98490105,0.02176214,0.0,0.00068052,0.00104346,0.97628984,0.00017956,4.447e-05,32843,6,0.0084304,0.9993383
72,1,32015831,0.99535746,0.02593696,0.00839575,0.0,0.00855257,0.13336678,0.0,0.82374794,65023,7,0.00710675,0.9999122
72,2,32015832,0.99535477,0.02588446,0.00827284,0.0,0.00855574,0.13378894,0.0,0.82349803,63487,7,0.00668871,0.9999122
72,3,32015833,0.99536228,0.02586583,0.00835399,0.0,0.00860718,0.13309741,0.0,0.82407558,65535,7,0.00683017,0.9999122
72,4,32015834,0.99535211,0.02581522,0.00828427,0.0,0.00868325,0.13485458,0.0,0.82236269,65535,7,0.00680427,0.9999122
72,5,32015835,0.99535514,0.02580189,0.00833099,0.0,0.00864711,0.13439082,0.0,0.8228292,65535,7,0.00676124,0.9999122
72,6,32015836,0.99535544,0.02597762,0.00826323,0.0,0.0084362,0.13283475,0.0,0.82448819,57343,7,0.00740709,0.9999122
72,7,32015837,0.99535581,0.02580928,0.00854009,0.0,0.00860219,0.13403861,0.0,0.82300982,65535,7,0.00674946,0.9999122
72,8,32015838,0.99535692,0.02588387,0.00819478,0.0,0.00855104,0.13375601,0.0,0.8236143,65535,7,0.00720519,0.9999122
72,9,32015839,0.99535574,0.02585374,0.00792099,0.0,0.00865843,0.13327378,0.0,0.82429306,65535,7,0.00679051,0.9999122
72,10,32015840,0.99535107,0.02584501,0.00858685,0.0,0.00870668,0.13013373,0.0,0.82672774,49151,7,0.0068818,0.9999122
73,1,32015861,0.98749666,0.05804835,0.08708739,0.00034575,0.00891601,0.66550796,0.00030513,0.17978941,51978,6,0.01964778,1.2306648
73,2,32015862,0.98780481,0.05755486,0.08584552,0.00028379,0.00894962,0.67113563,0.0002028,0.17602778,51978,6,0.02141281,1.2306648
73,3,32015863,0.98766484,0.05853904,0.08499884,0.00029052,0.00878017,0.67570927,0.00021265,0.17146951,51978,6,0.02040461,1.2306648
73,4,32015864,0.98771571,0.05786993,0.08326814,0.00022139,0.00880597,0.67586409,0.00021306,0.17375742,51978,6,0.02215086,1.2306648
73,5,32015865,0.98823186,0.05667571,0.08495725,0.00020388,0.00833159,0.67591798,0.00028174,0.17363185,51978,6,0.02038289,1.2306648
73,6,32015866,0.98839769,0.05640343,0.08265935,0.00017259,0.00820057,0.68184145,0.00021476,0.17050785,51978,6,0.02451141,1.2306648
73,7,32015867,0.98766628,0.05831748,0.08768878,0.00018959,0.00857126,0.66742528,0.0002778,0.17752981,51978,6,0.01578942,1.2306648
73,8,32015868,0.98805963,0.05633051,0.0811752,0.0002296,0.00851963,0.68064512,0.00023105,0.17286888,51970,6,0.02137162,1.2306315
73,9,32015869,0.98802607,0.05599022,0.08231064,0.0003291,0.00833679,0.67780245,0.00028953,0.17494127,51978,6,0.02150578,1.2306648
73,10,32015870,0.98853241,0.0563779,0.08142901,0.00014796,0.00815135,0.68043197,0.00020659,0.17325522,51978,6,0.01995742,1.2306648
74,1,32015891,0.98693889,0.02987572,0.0,0.00107534,0.00052343,0.96848073,3.451e-05,1.027e-05,48095,6,0.00291479,0.9996702
74,2,32015892,0.98696942,0.0300632,0.0,0.00108518,0.00050795,0.96830214,3.446e-05,7.08e-06,60383,6,0.00306078,0.9996702
74,3,32015893,0.9869941,0.03018814,0.0,0.00107818,0.00051387,0.96817837,3.444e-05,7e-06,61407,6,0.0036598,0.9996702
74,4,32015894,0.98700789,0.03011038,0.0,0.00108231,0.0005115,0.96825376,3.443e-05,7.61e-06,65503,6,0.00311824,0.9996702
74,5,32015895,0.98699748,0.03026027,0.0,0.00108511,0.00051618,0.96809668,3.464e-05,7.12e-06,65375,6,0.00284092,0.9996702
74,6,32015896,0.98700345,0.03034114,0.0,0.00108229,0.00051266,0.96802321,3.454e-05,6.17e-06,64479,6,0.00318572,0.9996702
74,7,32015897,0.98697506,0.02989874,0.0,0.00108076,0.0005185,0.96845941,3.445e-05,8.13e-06,45023,6,0.00298323,0.9996702
74,8,32015898,0.9869416,0.02981695,0.0,0.00108619,0.00052186,0.96853258,3.452e-05,7.9e-06,63455,6,0.00283898,0.9996702
74,9,32015899,0.98697673,0.03018617,0.0,0.00109235,0.00049865,0.96818118,3.443e-05,7.22e-06,57311,6,0.00308191,0.9996702
74,10,32015900,0.98695714,0.02984615,0.0,0.00108194,0.00051282,0.96851833,3.448e-05,6.28e-06,52063,6,0.00312068,0.9996701
75,1,32015921,0.99046007,0.05521201,0.00931014,0.0,0.00730997,0.72847916,0.0,0.19968871,53164,6,0.0115614,1.4643152
75,2,32015922,0.98956563,0.06481263,0.01312047,0.0,0.00780586,0.72006574,0.0,0.1941953,44972,6,0.01951441,1.4643152
75,3,32015923,0.98928319,0.06828887,0.01277909,0.0,0.00732716,0.72501163,0.0,0.18659324,53164,6,0.01095146,1.4643152
75,4,32015924,0.99018231,0.05885411,0.01138555,0.0,0.00713077,0.73325709,0.0,0.18937247,53164,6,0.01484551,1.4643152
75,5,32015925,0.99045998,0.05674032,0.00989455,0.0,0.00765314,0.73309341,0.0,0.19261857,43948,6,0.01093311,1.4643153
75,6,32015926,0.99041492,0.0562133,0.00934809,0.0,0.00747424,0.73079679,0.0,0.19616758,53164,6,0.01293005,1.4643152
75,7,32015927,0.9904544,0.05553782,0.0101231,0.0,0.00716491,0.73877508,0.0,0.1883991,53164,6,0.01213678,1.4643152
75,8,32015928,0.99050037,0.05526122,0.00855069,0.0,0.00767985,0.73464419,0.0,0.19386405,44972,6,0.01591178,1.4643152
75,9,32015929,0.99061897,0.05420785,0.007215,0.0,0.00832661,0.72435629,0.0,0.20589425,44972,6,0.02417813,1.4643152
75,10,32015930,0.98871722,0.07404299,0.01750402,0.0,0.00744359,0.71156305,0.0,0.18944636,44972,6,0.01238896,1.4643152
76,1,32015951,0.98645165,0.02207953,0.02690467,0.0,0.00069864,0.94979995,0.00051561,1.6e-06,32777,6,0.01871065,0.9994467
76,2,32015952,0.98645874,0.02221564,0.02736733,0.0,0.0007101,0.9491818,0.00050381,2.132e-05,32777,6,0.01819387,0.9994467
76,3,32015953,0.9864726,0.02194005,0.02691256,0.0,0.00068945,0.94994787,0.00050857,1.5e-06,32777,6,0.01867312,0.9994467
76,4,32015954,0.98639189,0.02209475,0.02726144,0.0,0.00072589,0.94933765,0.00051818,6.21e-05,36873,6,0.01874443,0.9994467
76,5,32015955,0.9863912,0.02193185,0.02689655,0.0,0.00072512,0.94992103,0.00052388,1.58e-06,32777,6,0.01887423,0.9994467
76,6,32015956,0.98642502,0.02218333,0.02679948,0.0,0.00070639,0.94960395,0.00051998,0.00018687,36875,6,0.01894414,0.9994467
76,7,32015957,0.98633414,0.02232164,0.02810049,0.0,0.00077555,0.94818995,0.00052882,8.355e-05,32777,6,0.01815731,0.9994467
76,8,32015958,0.98645805,0.02216366,0.02711614,0.0,0.00070832,0.94948986,0.00050783,1.419e-05,32777,6,0.01843209,0.9994467
76,9,32015959,0.98642978,0.02203091,0.02729042,0.0,0.00071151,0.94944341,0.00052158,2.16e-06,36939,6,0.0175455,0.9994467
76,10,32015960,0.98634733,0.02238218,0.0272344,0.0,0.0007415,0.94911604,0.00052345,2.43e-06,32779,6,0.01768121,0.9994467
77,1,32015981,0.99125445,0.02422245,0.0,0.0001287,0.0091036,0.22024051,0.0,0.74630474,65527,7,0.00238811,0.9997585
77,2,32015982,0.99125005,0.02434926,0.0,0.00012858,0.00901742,0.21598009,0.0,0.75052466,61439,7,0.00221069,0.9997835
77,3,32015983,0.9912406,0.02436311,0.0,0.00012851,0.00893566,0.22619303,0.0,0.74037969,57343,7,0.00235661,0.9997835
77,4,32015984,0.99124498,0.02437016,0.0,0.00012865,0.00888049,0.21852051,0.0,0.74810019,60927,7,0.00228982,0.9997835
77,5,32015985,0.9912598,0.02425408,0.0,0.00012889,0.00898845,0.2157851,0.0,0.75084348,30719,7,0.00261084,0.9997835
77,6,32015986,0.99124866,0.02422128,0.0,0.00012849,0.00908747,0.21713176,0.0,0.74943099,16255,7,0.00232196,0.9997835
77,7,32015987,0.9912455,0.02437262,0.0,0.00012861,0.00880187,0.22187421,0.0,0.74482268,59391,7,0.00248046,0.9997835
77,8,32015988,0.99124827,0.02429041,0.0,0.00012863,0.00906857,0.2160647,0.0,0.7504477,55295,7,0.00227083,0.9997835
77,9,32015989,0.99126234,0.02420257,0.0,0.00012859,0.00910744,0.20840761,0.0,0.75815379,65023,7,0.00229768,0.9997835
77,10,32015990,0.9912662,0.02432393,0.0,0.00012851,0.00898012,0.21680959,0.0,0.74975786,63487,7,0.00243158,0.9997835
78,1,32016011,0.98874139,0.05127889,0.00153045,5.13e-06,0.0048578,0.93960581,0.0,0.00272191,52554,6,0.02866926,1.6367524
78,2,32016012,0.99000424,0.05137018,0.01656379,4.48e-06,0.00544947,0.79079533,0.0,0.13581674,51978,6,0.03226102,1.6367523
78,3,32016013,0.988856,0.05528107,0.00626094,4.83e-06,0.00465586,0.90451499,0.0,0.02928231,52316,6,0.03001659,1.6367524
78,4,32016014,0.98892708,0.05538674,0.00912881,4.77e-06,0.00495983,0.86894287,0.0,0.06157699,52316,6,0.02096045,1.6367524
78,5,32016015,0.98868449,0.05456621,0.00065011,4.76e-06,0.00467211,0.94009186,0.0,1.495e-05,50636,6,0.03238848,1.6367524
78,6,32016016,0.98854339,0.05773474,0.00655439,9.31e-06,0.00488708,0.88306604,0.0,0.04774844,52316,6,0.02809276,1.6367524
78,7,32016017,0.98873025,0.05289148,0.00066763,5.02e-06,0.00462198,0.94179902,0.0,1.488e-05,52316,6,0.03073694,1.6367524
78,8,32016018,0.98902974,0.04364253,0.00092779,5.75e-06,0.00517464,0.95023278,0.0,1.651e-05,52554,6,0.06188469,1.6367524
78,9,32016019,0.98876417,0.05572741,0.01573953,4.97e-06,0.00539346,0.78997345,0.0,0.13316117,51978,6,0.03568842,1.6367523
78,10,32016020,0.98861481,0.05433911,0.00078597,4.97e-06,0.0046965,0.94015859,0.0,1.487e-05,50636,6,0.02971654,1.6367524
79,1,32016041,0.98479892,0.02772413,0.0,0.0009205,0.00083836,0.9704135,7.632e-05,2.719e-05,59599,6,0.00280075,0.9994805
79,2,32016042,0.98478224,0.02939877,0.0,0.00083241,0.00075373,0.96891296,8.361e-05,1.852e-05,33247,6,0.00326598,0.9996803
79,3,32016043,0.98485974,0.02555355,0.0,0.00101394,0.00098896,0.97235554,7.128e-05,1.674e-05,28879,6,0.00358657,0.9994803
79,4,32016044,0.98480494,0.02844268,0.0,0.00089933,0.00087839,0.96968866,7.608e-05,1.487e-05,33247,6,0.00252512,0.9996803
79,5,32016045,0.98479018,0.02643589,0.0,0.00092883,0.00076646,0.97174803,8.579e-05,3.5e-05,63631,6,0.00263006,0.9994805
79,6,32016046,0.98479936,0.0279563,0.0,0.00086827,0.00075656,0.97029437,8.691e-05,3.76e-05,33247,6,0.00282366,0.9996803
79,7,32016047,0.98476238,0.02710246,0.0,0.00091724,0.00081064,0.97105801,8.462e-05,2.703e-05,35295,6,0.00278979,0.9996803
79,8,32016048,0.98477574,0.026575,0.0,0.00093471,0.000815,0.97156215,8.307e-05,3.007e-05,32907,6,0.00243347,0.9992804
79,9,32016049,0.98481668,0.02621483,0.0,0.00097798,0.00091644,0.97177723,7.446e-05,3.906e-05,59599,6,0.00299317,0.9994805
79,10,32016050,0.98471948,0.03088766,0.0,0.00083044,0.00079,0.96739643,7.253e-05,2.296e-05,33247,6,0.00307982,0.9996803
80,1,32016071,0.99835699,0.03557982,0.05205442,0.0,0.01903615,0.07640726,0.0,0.81692235,49151,7,0.00353793,0.9999954
80,2,32016072,0.99836333,0.03550296,0.04954336,0.0,0.01949724,0.07577471,0.0,0.81968172,49151,7,0.00327116,0.9999954
80,3,32016073,0.99835305,0.03589877,0.04995282,0.0,0.01886681,0.0711882,0.0,0.82409339,65535,7,0.0035041,0.9999954
80,4,32016074,0.99836497,0.03548962,0.04882793,0.0,0.01925526,0.07647368,0.0,0.81995351,65535,7,0.00360099,0.9999954
80,5,32016075,0.99835581,0.03562505,0.04924355,0.0,0.01915317,0.07696731,0.0,0.81901092,45055,7,0.00339993,0.9999954
80,6,32016076,0.99835813,0.03561585,0.0507965,0.0,0.0189157,0.0765645,0.0,0.81810744,63487,7,0.00351069,0.9999954
80,7,32016077,0.99835854,0.03577457,0.04972061,0.0,0.01898248,0.07714195,0.0,0.81838039,32767,7,0.00353711,0.9999954
80,8,32016078,0.99836375,0.03565634,0.04889352,0.0,0.01889367,0.07638463,0.0,0.82017183,65535,7,0.00349215,0.9999954
80,9,32016079,0.9983672,0.03548271,0.0495655,0.0,0.01923899,0.07517487,0.0,0.82053793,65535,7,0.00344442,0.9999954
80,10,32016080,0.99835056,0.0354852,0.04946462,0.0,0.01920619,0.07859488,0.0,0.81724912,65535,7,0.00355435,0.9999954
81,1,32016101,0.94129138,0.13435752,0.32022544,0.00581827,0.0415005,0.31909272,0.01124923,0.16775632,23175,7,0.04203957,0.9995686
81,2,32016102,0.9440381,0.12876226,0.33210786,0.00469992,0.03991478,0.28412992,0.01050756,0.19987771,23175,7,0.04975862,0.9995686
81,3,32016103,0.94253975,0.13123593,0.34279306,0.00525324,0.04084553,0.2620334,0.00995064,0.20788821,23175,7,0.0481974,0.9995686
81,4,32016104,0.9415515,0.13389408,0.3261947,0.00373332,0.04059959,0.30325416,0.01058916,0.18173498,23175,7,0.04594791,0.9995686
81,5,32016105,0.94317366,0.12920562,0.3301339,0.00411058,0.04024921,0.3035946,0.00948738,0.18321871,23175,7,0.04571567,0.9995686
81,6,32016106,0.94121096,0.13148722,0.3290405,0.00511718,0.04188524,0.28746221,0.01138062,0.19362703,23175,7,0.05124773,0.9995686
81,7,32016107,0.94378406,0.12762908,0.33378976,0.00306726,0.03933243,0.29903765,0.00996386,0.18717996,23175,7,0.04610218,0.9995686
81,8,32016108,0.94314791,0.13022731,0.33270672,0.00408297,0.03996761,0.28771658,0.01024312,0.19505568,23175,7,0.04825379,0.9995686
81,9,32016109,0.94174663,0.13376001,0.33867578,0.00467048,0.04107132,0.27189805,0.01010271,0.19982164,23175,7,0.04947673,0.9995686
81,10,32016110,0.94308237,0.12670923,0.33170365,0.0049417,0.04111357,0.29353077,0.00993972,0.19206136,23175,7,0.04941138,0.9995686
82,1,32016131,0.98833409,0.02156438,0.0,0.00093818,0.0083657,0.22002081,0.0,0.74911093,65503,7,0.00259708,0.9996827
82,2,32016132,0.98832086,0.0214623,0.0,0.00094095,0.00844182,0.21613744,0.0,0.75301748,49119,7,0.0026088,0.9996827
82,3,32016133,0.98831537,0.02158606,0.0,0.00094039,0.00832337,0.22859684,0.0,0.74055335,45023,7,0.00244564,0.9996827
82,4,32016134,0.98832911,0.02155146,0.0,0.00093975,0.00832465,0.22062245,0.0,0.74856169,30719,7,0.00290817,0.9996827
82,5,32016135,0.98831844,0.02161912,0.0,0.00094211,0.00822023,0.22490658,0.0,0.74431196,61407,7,0.00254055,0.9996827
82,6,32016136,0.98832922,0.02153194,0.0,0.00093883,0.00833279,0.22332682,0.0,0.74586963,40927,7,0.00234324,0.9996827
82,7,32016137,0.98832657,0.0216583,0.0,0.00094334,0.00808759,0.22850334,0.0,0.74080743,57343,7,0.00236218,0.9996827
82,8,32016138,0.98830089,0.02168709,0.0,0.00093619,0.00817524,0.22565341,0.0,0.74354808,65503,7,0.00245599,0.9996827
82,9,32016139,0.98831607,0.02162118,0.0,0.00093932,0.00825813,0.22096682,0.0,0.74821455,61407,7,0.00234943,0.9996827
82,10,32016140,0.98830155,0.02155718,0.0,0.00093804,0.00841638,0.21878351,0.0,0.75030489,49151,7,0.00252775,0.9996827
83,1,32016161,0.97956285,0.14534319,0.07043013,0.0,0.00434213,0.67787415,0.0,0.10201039,55394,4,0.02168521,1.7013778
83,2,32016162,0.989779,0.05835663,0.01386845,0.0,0.00468661,0.80290094,0.0,0.12018737,51980,6,0.01152419,1.7016678
83,3,32016163,0.98976796,0.05984291,0.01406029,0.0,0.00451023,0.80794459,0.0,0.11364198,51980,6,0.01395143,1.7016678
83,4,32016164,0.98874355,0.06493912,0.02078547,0.0,0.00497399,0.78623387,0.0,0.12306755,55818,6,0.01417541,1.7014277
83,5,32016165,0.9877492,0.07393959,0.02608695,0.0,0.0049787,0.77329812,0.0,0.12169663,55850,6,0.01483592,1.7014277
83,6,32016166,0.98819688,0.06803178,0.02622279,0.0,0.00495948,0.77841166,0.0,0.12237429,55850,6,0.01458391,1.7014277
83,7,32016167,0.98974135,0.0545776,0.01464188,0.0,0.00543642,0.79306104,0.0,0.13228306,51722,6,0.02047497,1.7013777
83,8,32016168,0.98660702,0.08216752,0.03283135,0.0,0.00450272,0.77336388,0.0,0.10713454,55818,6,0.0127374,1.7014277
83,9,32016169,0.98565742,0.09020744,0.03839178,0.0,0.0046987,0.75013148,0.0,0.11657061,55818,6,0.01337532,1.7014277
83,10,32016170,0.98980118,0.05684017,0.0147404,0.0,0.00500994,0.79826484,0.0,0.12514465,55818,6,0.01065337,1.7014277
84,1,32016191,0.9848118,0.02009381,0.03391054,0.00041909,0.00055335,0.94463986,0.00037822,5.13e-06,32841,6,0.0142523,0.9993633
84,2,32016192,0.98453413,0.02186606,0.03171094,0.00027355,0.00106707,0.94466218,0.00036671,5.35e-05,32841,6,0.01258231,0.9993633
84,3,32016193,0.9848773,0.01992718,0.0334295,0.00031799,0.00051298,0.94543358,0.00037657,2.21e-06,32777,6,0.01383535,0.9993633
84,4,32016194,0.98439873,0.02147202,0.0325097,0.00076619,0.00086606,0.94400676,0.00033218,4.708e-05,32779,6,0.01188734,0.9993633
84,5,32016195,0.98497221,0.01984834,0.03396796,0.00032468,0.00050107,0.94500858,0.00034388,5.49e-06,36939,6,0.01445523,0.9993633
84,6,32016196,0.9846887,0.02152663,0.03196934,0.00028756,0.0009085,0.94496318,0.00032307,2.173e-05,32841,6,0.01231819,0.9993633
84,7,32016197,0.98492816,0.01975371,0.03407403,0.00032399,0.00049431,0.94499492,0.0003563,2.74e-06,32779,6,0.01454779,0.9993633
84,8,32016198,0.98473241,0.02079003,0.03251356,0.00030828,0.00082116,0.94522872,0.00033094,7.31e-06,32777,6,0.01311937,0.9993633
84,9,32016199,0.98440115,0.0205871,0.0333642,0.00092495,0.00066572,0.94408271,0.00036553,9.78e-06,32841,6,0.01392856,0.9993633
84,10,32016200,0.9848035,0.020736,0.03191338,0.0003061,0.00072349,0.94590397,0.00034494,7.212e-05,32779,6,0.0137428,0.9993633
85,1,32016221,0.99379819,0.02462976,0.01207474,0.0,0.00900635,0.14867558,0.0,0.80561357,36863,7,0.00544102,0.9998592
85,2,32016222,0.99379409,0.02453429,0.01159467,0.0,0.00901182,0.14662169,0.0,0.80823752,65023,7,0.00567401,0.9998592
85,3,32016223,0.99381351,0.02447701,0.01085599,0.0,0.00899236,0.14365483,0.0,0.81201982,65535,7,0.00624119,0.9998592
85,4,32016224,0.99380615,0.02459343,0.01198713,0.0,0.00908124,0.13896756,0.0,0.81537065,40959,7,0.00543165,0.9998592
85,5,32016225,0.99380465,0.02473445,0.01181151,0.0,0.00892573,0.14648457,0.0,0.80804374,61439,7,0.00569605,0.9998592
85,6,32016226,0.99379414,0.02469117,0.0118644,0.0,0.0089157,0.14823665,0.0,0.80629208,65535,7,0.00567588,0.9998592
85,7,32016227,0.99380493,0.02457189,0.01120436,0.0,0.00902216,0.14508334,0.0,0.81011825,65535,7,0.00587467,0.9998592
85,8,32016228,0.99379624,0.02464129,0.01192643,0.0,0.00904252,0.14220364,0.0,0.81218612,49151,7,0.00535414,0.9998592
85,9,32016229,0.99380454,0.02467003,0.01137739,0.0,0.00906697,0.14362089,0.0,0.81126472,65023,7,0.00566766,0.9998592
85,10,32016230,0.99381005,0.02471315,0.01128023,0.0,0.00895635,0.14570055,0.0,0.80934973,63487,7,0.00577214,0.9998592
86,1,32016251,0.98924131,0.05449297,0.00767569,9.12e-06,0.0052104,0.88444074,0.0,0.04817108,50636,6,0.02853271,1.4961836
86,2,32016252,0.98905983,0.05406724,0.00374393,2.965e-05,0.00484527,0.91007316,0.0,0.02724073,52316,6,0.02818556,1.4961836
86,3,32016253,0.9890485,0.05075794,0.00069593,9.61e-06,0.00519401,0.94332587,0.0,1.664e-05,52554,6,0.0272682,1.4961836
86,4,32016254,0.98897145,0.05622574,0.00250431,9e-06,0.00466603,0.92012458,0.0,0.01647033,50636,6,0.03680688,1.4961836
86,5,32016255,0.9911752,0.04846255,0.01523156,7.55e-06,0.00567793,0.78451841,0.0,0.14610199,51978,6,0.02885155,1.4961836
86,6,32016256,0.9904098,0.05054764,0.01200101,8.46e-06,0.00552068,0.81947166,0.0,0.11245055,51978,6,0.02063198,1.4961836
86,7,32016257,0.98930142,0.04470969,0.00075696,1.007e-05,0.00529746,0.94920848,0.0,1.735e-05,56650,6,0.05076994,1.4962169
86,8,32016258,0.99014892,0.05238136,0.01029667,8.32e-06,0.00522864,0.84574531,0.0,0.08633971,51978,6,0.01703751,1.4961836
86,9,32016259,0.98925791,0.04593942,0.0007811,9.8e-06,0.0052558,0.94799665,0.0,1.722e-05,52554,6,0.04548043,1.4961836
86,10,32016260,0.98857075,0.05638064,0.00089248,9.02e-06,0.00473669,0.93796561,0.0,1.557e-05,56412,6,0.03409519,1.4962169
87,1,32016281,0.98593999,0.02920168,0.0,0.00120656,0.00052463,0.96899856,5.665e-05,1.192e-05,65503,6,0.00345823,0.9996454
87,2,32016282,0.98594937,0.02903046,0.0,0.00120297,0.00055918,0.96913975,5.671e-05,1.094e-05,32735,6,0.00325924,0.9996454
87,3,32016283,0.98595149,0.0294152,0.0,0.0012065,0.00054463,0.96876428,5.651e-05,1.288e-05,65503,6,0.00352041,0.9996454
87,4,32016284,0.9859813,0.02959438,0.0,0.00121125,0.00052403,0.96858269,5.655e-05,3.111e-05,65503,6,0.003561,0.9996454
87,5,32016285,0.98592728,0.02893315,0.0,0.00121623,0.00052454,0.96925863,5.665e-05,1.08e-05,32735,6,0.00319982,0.9996454
87,6,32016286,0.98600619,0.02959591,0.0,0.00121344,0.0005137,0.96861044,5.66e-05,9.92e-06,32735,6,0.00391618,0.9996454
87,7,32016287,0.98598706,0.02953125,0.0,0.0012151,0.0005296,0.96866019,5.665e-05,7.22e-06,48095,6,0.00357838,0.9996454
87,8,32016288,0.98591327,0.02872285,0.0,0.00121203,0.00053867,0.9694576,5.665e-05,1.221e-05,48095,6,0.00334841,0.9996454
87,9,32016289,0.98595641,0.02894426,0.0,0.00121291,0.00051407,0.96924973,5.663e-05,2.239e-05,56287,6,0.00385735,0.9996454
87,10,32016290,0.98595982,0.02916951,0.0,0.0012135,0.00054328,0.96898911,5.649e-05,2.811e-05,49119,6,0.00330039,0.9996454
88,1,32016311,0.99079203,0.05477516,0.02020342,7.359e-05,0.00862229,0.7033657,0.00046903,0.21249082,44972,6,0.01560652,1.3789173
88,2,32016312,0.99101371,0.05381172,0.01700786,9.722e-05,0.00918144,0.69531824,0.00030346,0.22428006,44972,6,0.02201612,1.3789173
88,3,32016313,0.99087466,0.05442301,0.02355539,6.899e-05,0.00917517,0.68152164,0.0003735,0.23088229,44972,6,0.01700731,1.3789173
88,4,32016314,0.99115394,0.05316869,0.01892514,6.196e-05,0.00967608,0.68035544,0.00036205,0.23745064,44972,6,0.0239691,1.3789173
88,5,32016315,0.99099431,0.05395625,0.01806794,4.825e-05,0.00965894,0.68371185,0.00033616,0.2342206,44972,6,0.02228093,1.3789173
88,6,32016316,0.99079466,0.05416026,0.01987366,0.00015995,0.01009602,0.68002717,0.00045597,0.23522696,44972,6,0.02154587,1.3789173
88,7,32016317,0.99065785,0.05494812,0.02486982,5.586e-05,0.00941964,0.67960673,0.00044423,0.2306556,44972,6,0.01721218,1.3789173
88,8,32016318,0.99096611,0.0535906,0.01864731,6.06e-05,0.0094557,0.67990099,0.00027572,0.23806909,44972,6,0.0194494,1.3789173
88,9,32016319,0.99108082,0.05319226,0.01952413,7.665e-05,0.00946893,0.68253286,0.00040889,0.23479628,44972,6,0.02254212,1.3789173
88,10,32016320,0.99109282,0.05344269,0.01922334,5.013e-05,0.00906064,0.68581126,0.00025212,0.23215982,44973,7,0.01985643,1.3790671
89,1,32016341,0.96415642,0.07050426,0.36384879,0.0,0.01658965,0.51577719,0.00274,0.03054011,22663,6,0.02985315,0.9994191
89,2,32016342,0.96324179,0.07008324,0.35975681,0.0,0.01740106,0.51951412,0.0030881,0.03015667,22663,6,0.02881594,0.9994191
89,3,32016343,0.96102918,0.07324021,0.35459706,0.0,0.0183799,0.51596249,0.00292844,0.0348919,22663,6,0.02893496,0.9994191
89,4,32016344,0.95868037,0.07551783,0.36155115,0.0,0.01982505,0.50682253,0.00348086,0.03280259,22927,6,0.02855734,0.9993912
89,5,32016345,0.96132358,0.07311628,0.35689047,0.0,0.01827424,0.51509305,0.00323613,0.03338983,22663,6,0.03312781,0.9994191
89,6,32016346,0.95996948,0.07458123,0.36171038,0.0,0.019231,0.5074047,0.003158,0.03391469,22927,6,0.02755305,0.9993912
89,7,32016347,0.96340736,0.07148151,0.36173579,0.0,0.01679356,0.51529107,0.00313369,0.03156438,22663,6,0.02998728,0.9994191
89,8,32016348,0.96367557,0.07171491,0.3678994,0.0,0.0173038,0.50928884,0.00290985,0.03088319,22663,6,0.03321794,0.9994191
89,9,32016349,0.96404421,0.07000503,0.35807449,0.0,0.01725116,0.51769721,0.00266618,0.03430594,22663,6,0.02911858,0.9994191
89,10,32016350,0.96379874,0.07106696,0.36427495,0.0,0.01689768,0.51361231,0.00257439,0.03157372,22663,6,0.02921979,0.9994191
90,1,32016371,0.98976215,0.02243007,0.0,0.00029379,0.0090543,0.20278881,0.0,0.76543302,65407,7,0.00272063,0.9997264
90,2,32016372,0.98975879,0.02271304,0.0,0.00029458,0.00901033,0.20782746,0.0,0.76015459,40959,7,0.00254726,0.9997264
90,3,32016373,0.98976132,0.02266941,0.0,0.00029435,0.00884326,0.21254975,0.0,0.75564323,61439,7,0.0027057,0.9997264
90,4,32016374,0.98976424,0.0224833,0.0,0.00029406,0.0088217,0.21019073,0.0,0.7582102,49143,7,0.00256881,0.9997014
90,5,32016375,0.98977059,0.02244283,0.0,0.00029427,0.00891837,0.20897109,0.0,0.75937344,65535,7,0.00273861,0.9997264
90,6,32016376,0.98976271,0.0225751,0.0,0.00029456,0.00893178,0.21091428,0.0,0.75728427,40959,7,0.00270166,0.9997264
90,7,32016377,0.98976472,0.02252646,0.0,0.00029423,0.00885401,0.21200411,0.0,0.75632119,61439,7,0.00241298,0.9997264
90,8,32016378,0.98976709,0.02267755,0.0,0.00029437,0.00894614,0.20816962,0.0,0.75991232,65023,7,0.00254341,0.9997264
90,9,32016379,0.98978064,0.02242186,0.0,0.00029519,0.00906851,0.20454541,0.0,0.76366902,40959,7,0.00281924,0.9997264
90,10,32016380,0.98977612,0.02253754,0.0,0.00029457,0.00893475,0.20982049,0.0,0.75841265,32767,7,0.00253913,0.9997264
91,1,32016401,0.98880795,0.0546969,0.00457661,0.0,0.00354463,0.9004054,0.0,0.03677645,56412,6,0.01322276,1.8046873
91,2,32016402,0.98900082,0.06077363,0.01163977,0.0,0.00541626,0.78965698,0.0,0.13251335,56074,6,0.01702198,1.8046873
91,3,32016403,0.98843275,0.04475969,0.00024355,0.0,0.00198436,0.95300067,0.0,1.174e-05,44252,6,0.01398191,1.8044433
91,4,32016404,0.99009257,0.05283627,0.01203625,0.0,0.00555734,0.78525306,0.0,0.14431708,51978,6,0.02136339,1.8046539
91,5,32016405,0.99010906,0.05279463,0.01144686,0.0,0.00546005,0.78710962,0.0,0.14318884,56074,6,0.02044631,1.8046873
91,6,32016406,0.98823706,0.0567578,0.00261002,0.0,0.00479465,0.90650288,0.0,0.02933464,52316,6,0.02795693,1.804654
91,7,32016407,0.99029304,0.05097053,0.01106578,0.0,0.00562909,0.78939828,0.0,0.14293632,56074,6,0.03020735,1.8046873
91,8,32016408,0.99019298,0.05205577,0.01117253,0.0,0.00544174,0.79220069,0.0,0.13912926,51978,6,0.02611217,1.8046539
91,9,32016409,0.99013034,0.0524619,0.01174402,0.0,0.0054132,0.79403088,0.0,0.13635,51978,6,0.02196988,1.8046539
91,10,32016410,0.99007928,0.05419378,0.01195912,0.0,0.00527352,0.7957884,0.0,0.13278519,51978,6,0.02062115,1.8046539
92,1,32016431,0.98398559,0.02186216,0.0,0.00060116,0.00068948,0.97667239,0.00014551,2.931e-05,32905,6,0.00668034,0.9992886
92,2,32016432,0.98404184,0.02250293,0.0,0.00059075,0.00079424,0.97596023,0.00013749,1.436e-05,32971,6,0.00715603,0.9992886
92,3,32016433,0.98395346,0.02625164,0.0,0.0004886,0.00112738,0.97198526,9.718e-05,4.993e-05,30863,6,0.00351884,0.9994887
92,4,32016434,0.98400734,0.02618968,0.0,0.00051366,0.00103238,0.97212584,0.00010939,2.904e-05,39055,6,0.00414061,0.9992889
92,5,32016435,0.98398513,0.02463889,0.0,0.00053251,0.00087926,0.97380019,0.00012292,2.623e-05,32973,6,0.00479335,0.9992886
92,6,32016436,0.98398985,0.02481999,0.0,0.00052761,0.00092222,0.97356306,0.00011688,5.024e-05,32909,6,0.00413746,0.9992886
92,7,32016437,0.98393835,0.02518414,0.0,0.00052228,0.00097575,0.97318844,0.00011009,1.93e-05,39119,6,0.00362967,0.9992889
92,8,32016438,0.98402017,0.02353046,0.0,0.00056099,0.00068583,0.97506016,0.00014278,1.978e-05,32905,6,0.00659428,0.9992886
92,9,32016439,0.98394126,0.02567863,0.0,0.00052381,0.00106101,0.97260397,9.939e-05,3.32e-05,28745,6,0.00316555,0.9994886
92,10,32016440,0.98397162,0.02285965,0.0,0.00058859,0.0009361,0.97546823,0.00012298,2.446e-05,36939,6,0.00462301,0.9992887
93,1,32016461,0.99672989,0.02601483,0.05907084,0.0,0.00987343,0.07155659,0.0,0.83348432,49151,7,0.00386444,0.9999494
93,2,32016462,0.99670867,0.02615554,0.06131249,0.0,0.00989308,0.07353505,0.0,0.82910384,65535,7,0.00378797,0.9999494
93,3,32016463,0.99671212,0.02616921,0.05925797,0.0,0.0098649,0.07726405,0.0,0.82744386,49151,7,0.0043641,0.9999494
93,4,32016464,0.99672116,0.02594109,0.057606,0.0,0.00997469,0.07419934,0.0,0.83227889,49151,7,0.00423761,0.9999494
93,5,32016465,0.99671566,0.02623303,0.06038086,0.0,0.00988731,0.0712896,0.0,0.8322092,57343,7,0.00378505,0.9999494
93,6,32016466,0.99672643,0.02618475,0.0600856,0.0,0.00986088,0.07240231,0.0,0.83146645,32639,7,0.00394927,0.9999494
93,7,32016467,0.99672148,0.02602244,0.06096466,0.0,0.00995997,0.07375273,0.0,0.8293002,57343,7,0.00438545,0.9999494
93,8,32016468,0.99671405,0.0261113,0.05907807,0.0,0.00993644,0.07244627,0.0,0.83242793,49151,7,0.00397463,0.9999494
93,9,32016469,0.9967216,0.02615934,0.05823134,0.0,0.00981717,0.07254298,0.0,0.83324917,57343,7,0.00466826,0.9999494
93,10,32016470,0.99672607,0.02607895,0.05866628,0.0,0.01002176,0.0712948,0.0,0.83393821,65535,7,0.00438894,0.9999494
94,1,32016491,0.98553847,0.06073916,0.25865136,0.00035137,0.0109013,0.46233046,0.0005482,0.20647815,51978,6,0.01868038,1.203332
94,2,32016492,0.98583114,0.06064972,0.25416295,0.00038152,0.01055155,0.47474,0.00049718,0.19901709,51978,6,0.01906543,1.203332
94,3,32016493,0.98601616,0.05903058,0.25325585,0.00010326,0.01102981,0.46939886,0.00059065,0.20659098,51978,6,0.02172741,1.203332
94,4,32016494,0.98525805,0.06073629,0.25576396,0.00050207,0.01088808,0.47220707,0.0005712,0.19933132,51978,6,0.0183265,1.203332
94,5,32016495,0.98559854,0.0611436,0.25269184,0.00067516,0.01122478,0.46717812,0.00048257,0.20660393,51970,6,0.02005964,1.2032986
94,6,32016496,0.98566256,0.06057779,0.24701662,0.00030558,0.01092951,0.47581551,0.00058492,0.20477007,51978,6,0.01989979,1.203332
94,7,32016497,0.98502419,0.06244149,0.253716,0.00038802,0.01122964,0.46770081,0.00061484,0.20390921,51970,6,0.01703876,1.2032986
94,8,32016498,0.98554173,0.06103026,0.25346565,0.00050707,0.01086628,0.46960239,0.00059382,0.20393454,51978,6,0.02088646,1.203332
94,9,32016499,0.9852534,0.06110458,0.25295706,0.00041103,0.01106239,0.4716987,0.00057498,0.20219126,51978,6,0.01915702,1.203332
94,10,32016500,0.98588812,0.06065905,0.25521329,0.00041549,0.01043813,0.47353634,0.00049174,0.19924596,51970,6,0.01706626,1.2032986
95,1,32016521,0.9871133,0.02830328,0.0,0.00095517,0.00047733,0.97022137,3.453e-05,8.31e-06,61407,6,0.0024003,0.9996408
95,2,32016522,0.98708989,0.0281744,0.0,0.00096193,0.00046403,0.97035871,3.439e-05,6.55e-06,45023,6,0.00252097,0.9996408
95,3,32016523,0.98713292,0.02833292,0.0,0.00095894,0.00047929,0.97018912,3.445e-05,5.28e-06,65503,6,0.00269971,0.9996408
95,4,32016524,0.98714389,0.02825976,0.0,0.00095882,0.00046016,0.97027932,3.438e-05,7.56e-06,65503,6,0.00276409,0.9996408
95,5,32016525,0.98712976,0.02819117,0.0,0.00095768,0.00048274,0.9703277,3.43e-05,6.41e-06,30687,6,0.00247864,0.9996408
95,6,32016526,0.9871271,0.02827971,0.0,0.00096058,0.00047799,0.97024086,3.451e-05,6.34e-06,49119,6,0.0026639,0.9996408
95,7,32016527,0.9871404,0.02829475,0.0,0.00096171,0.00047991,0.97022389,3.448e-05,5.26e-06,65503,6,0.00271975,0.9996408
95,8,32016528,0.98710644,0.02814486,0.0,0.00095941,0.00048242,0.97037252,3.436e-05,6.44e-06,65375,6,0.00265742,0.9996408
95,9,32016529,0.98712104,0.02809266,0.0,0.00095897,0.00046473,0.97044437,3.422e-05,5.04e-06,64479,6,0.00270182,0.9996408
95,10,32016530,0.98712609,0.0281367,0.0,0.00095721,0.00047407,0.9703898,3.44e-05,7.81e-06,45023,6,0.00268951,0.9996408
96,1,32016551,0.96215339,0.49717926,0.50049591,0.0,0.00150542,0.00080562,0.0,1.379e-05,47867,4,0.30460626,1.7089474
96,2,32016552,0.96201334,0.49896429,0.49872259,0.0,0.00149731,0.00080214,0.0,1.367e-05,47867,4,0.30193563,1.7089474
96,3,32016553,0.96205433,0.49853909,0.49914869,0.0,0.00149776,0.00080056,0.0,1.391e-05,47867,4,0.30163172,1.7089474
96,4,32016554,0.96210955,0.49741944,0.50026922,0.0,0.0014932,0.00080427,0.0,1.388e-05,47867,4,0.3060145,1.7089474
96,5,32016555,0.96198863,0.49899344,0.49869086,0.0,0.00150313,0.00079898,0.0,1.359e-05,47867,4,0.29935953,1.7089474
96,6,32016556,0.96221045,0.49665835,0.5008963,0.0,0.00151336,0.00091826,0.0,1.374e-05,47867,4,0.3007118,1.7089474
96,7,32016557,0.98630817,0.11263118,0.07587599,0.0,0.00660675,0.639635,0.0,0.16525109,47867,4,0.03943689,1.7089474
96,8,32016558,0.98990758,0.05597901,0.01190534,0.0,0.00683353,0.73944373,0.0,0.18583839,53164,6,0.01241669,1.7087975
96,9,32016559,0.96211253,0.49770446,0.50000876,0.0,0.00146883,0.00080435,0.0,1.361e-05,47867,4,0.30447618,1.7089474
96,10,32016560,0.96368515,0.47230565,0.46993648,0.0,0.00179032,0.04656127,0.0,0.00940627,47867,4,0.28328635,1.7089474
97,1,32016581,0.98511918,0.02129798,0.02702732,4.7e-07,0.00061752,0.95054024,0.00049872,1.774e-05,32777,6,0.01922861,0.9994036
97,2,32016582,0.98507346,0.02129966,0.02725127,5e-07,0.00064023,0.95029163,0.00050211,1.46e-05,36937,6,0.01860856,0.9994036
97,3,32016583,0.98515461,0.02120143,0.0272642,4.9e-07,0.00060903,0.95043708,0.00048283,4.94e-06,32779,6,0.01903222,0.9994036
97,4,32016584,0.98508953,0.02123459,0.02798626,4.7e-07,0.00063519,0.9496529,0.00048853,2.06e-06,32777,6,0.01812932,0.9994036
97,5,32016585,0.98512663,0.02121554,0.02720737,4.8e-07,0.00061678,0.95046729,0.0004895,3.04e-06,32779,6,0.01924709,0.9994036
97,6,32016586,0.98462166,0.0219245,0.02872362,0.00021846,0.00080765,0.94768849,0.00052311,0.00011416,32777,6,0.0187715,0.9994036
97,7,32016587,0.98513115,0.02117831,0.02810632,4.9e-07,0.00061739,0.94959995,0.00049592,1.63e-06,36873,6,0.01722412,0.9994036
97,8,32016588,0.98513592,0.0211601,0.02759289,4.7e-07,0.0006064,0.95015042,0.00048545,4.25e-06,32777,6,0.01881977,0.9994036
97,9,32016589,0.98496933,0.02143679,0.02782498,4.9e-07,0.00068283,0.9494567,0.0005118,8.64e-05,36873,6,0.01785294,0.9994036
97,10,32016590,0.98494562,0.02155659,0.02811657,4.8e-07,0.00072916,0.9490053,0.00050241,8.949e-05,32777,6,0.01815627,0.9994036
98,1,32016611,0.99188721,0.02415897,0.0,0.0,0.00915345,0.2170272,0.0,0.74966038,49023,7,0.00245605,0.9997984
98,2,32016612,0.99189196,0.0240468,0.0,0.0,0.00919252,0.21675414,0.0,0.75000654,32767,7,0.00251249,0.9997984
98,3,32016613,0.99188878,0.02418717,0.0,0.0,0.00910824,0.21101005,0.0,0.75569454,45055,7,0.00233283,0.9997984
98,4,32016614,0.99190748,0.02407403,0.0,0.0,0.00937832,0.21023183,0.0,0.75631582,32767,7,0.00229725,0.9997984
98,5,32016615,0.99190505,0.02417889,0.0,0.0,0.00914535,0.2140957,0.0,0.75258007,49151,7,0.00267034,0.9997984
98,6,32016616,0.9918913,0.02408024,0.0,0.0,0.00919874,0.20600291,0.0,0.7607181,57343,7,0.00229211,0.9997984
98,7,32016617,0.99188538,0.02415635,0.0,0.0,0.0091403,0.21951348,0.0,0.74718986,52735,7,0.00237718,0.9997984
98,8,32016618,0.99189332,0.0239926,0.0,0.0,0.00932227,0.21284811,0.0,0.75383702,12279,7,0.0024772,0.9997485
98,9,32016619,0.99190078,0.02409017,0.0,0.0,0.00921538,0.20856359,0.0,0.75813086,57343,7,0.00254796,0.9997984
98,10,32016620,0.99189887,0.0242355,0.0,0.0,0.00922406,0.21067075,0.0,0.75586969,53247,7,0.00230816,0.9997984
99,1,32016641,0.98928385,0.05311428,0.01084014,2.327e-05,0.00508006,0.85905656,0.0,0.07188568,56412,6,0.01906711,1.7427004
99,2,32016642,0.98859302,0.0529649,0.00080449,5.02e-06,0.00479638,0.94141406,0.0,1.516e-05,52316,6,0.03353666,1.742667
99,3,32016643,0.9886173,0.0521147,0.00073,5.26e-06,0.00493114,0.94220354,0.0,1.535e-05,50636,6,0.02717122,1.742667
99,4,32016644,0.9891964,0.05343249,0.00599671,4.76e-06,0.00470456,0.88973661,0.0,0.04612487,52316,6,0.0269975,1.742667
99,5,32016645,0.98963224,0.05192112,0.0110848,4.7e-06,0.0049204,0.8509761,0.0,0.08109289,51978,6,0.01791485,1.742667
99,6,32016646,0.98849324,0.05584128,0.00234388,4.78e-06,0.00472341,0.92944816,0.0,0.00763848,50636,6,0.03349945,1.742667
99,7,32016647,0.98868621,0.04951335,0.00985797,5.06e-06,0.00553341,0.85171138,0.0,0.08337883,52554,6,0.02988414,1.742667
99,8,32016648,0.99019016,0.04932769,0.01535692,4.64e-06,0.00546883,0.79142131,0.0,0.13842061,51978,6,0.03246528,1.742667
99,9,32016649,0.98857038,0.05316194,0.00095727,4.97e-06,0.00471139,0.94114951,0.0,1.491e-05,52316,6,0.02955479,1.742667
99,10,32016650,0.99001498,0.0508532,0.01210067,4.45e-06,0.00534968,0.82901861,0.0,0.10267339,51978,6,0.02438326,1.742667
100,1,32016671,0.98446819,0.02682883,0.0,0.00104293,0.00069911,0.9713428,7.418e-05,1.214e-05,33247,6,0.00310488,0.9996338
100,2,32016672,0.98462388,0.02888256,0.0,0.00101849,0.00066527,0.96931989,6.785e-05,4.595e-05,33759,6,0.00354606,0.9996339
100,3,32016673,0.98443358,0.02711877,0.0,0.001037,0.00064215,0.97111221,7.608e-05,1.378e-05,52191,6,0.00262085,0.9996338
100,4,32016674,0.98450453,0.02679322,0.0,0.00105022,0.00067893,0.97138627,7.089e-05,2.046e-05,39391,6,0.00290122,0.9996338
100,5,32016675,0.9845303,0.0261728,0.0,0.00105826,0.00072933,0.9719473,6.936e-05,2.295e-05,30927,6,0.00241093,0.999434
100,6,32016676,0.98456992,0.02852106,0.0,0.00102553,0.00065845,0.96971231,7.026e-05,1.24e-05,57311,6,0.00305518,0.9996339
100,7,32016677,0.98456367,0.02691201,0.0,0.00105836,0.00071241,0.97122701,6.749e-05,2.271e-05,59599,6,0.0024296,0.999434
100,8,32016678,0.98450245,0.02673892,0.0,0.00104366,0.00068136,0.97144062,7.172e-05,2.372e-05,37855,6,0.00302978,0.9996339
100,9,32016679,0.98461337,0.02888722,0.0,0.00101418,0.00065527,0.96936297,6.781e-05,1.255e-05,56287,6,0.00319064,0.9996339
100,10,32016680,0.98456325,0.02757524,0.0,0.0010375,0.0006861,0.97061145,6.784e-05,2.187e-05,35807,6,0.0030107,0.9996339
101,1,32016701,0.98915296,0.06043879,0.37908035,0.00055917,0.02201771,0.08102458,0.00334888,0.45353052,44973,7,0.03402521,1.215103
101,2,32016702,0.98896339,0.06114892,0.3649853,0.00072891,0.02049989,0.12032202,0.003565,0.42874996,44973,7,0.02004375,1.215103
101,3,32016703,0.98880895,0.06070846,0.37508496,0.00069433,0.0221668,0.09100453,0.00428953,0.4460514,44973,7,0.03594157,1.215103
101,4,32016704,0.98912259,0.06067261,0.37014856,0.00049321,0.02118982,0.11126657,0.00351525,0.43271398,44973,7,0.02800253,1.215103
101,5,32016705,0.98921372,0.05952528,0.37240041,0.00047617,0.02121911,0.09176133,0.00340248,0.45121523,44973,7,0.03244002,1.215103
101,6,32016706,0.98889037,0.06115321,0.36801613,0.00072364,0.02157979,0.10243076,0.00367927,0.4424172,44973,7,0.02633012,1.215103
101,7,32016707,0.98919279,0.06079701,0.36319184,0.00071841,0.01908178,0.13362443,0.00327047,0.41931607,53165,7,0.0210701,1.215103
101,8,32016708,0.98909112,0.06021655,0.37333536,0.00062288,0.02127011,0.10266377,0.00334922,0.43854211,44973,7,0.0257137,1.215103
101,9,32016709,0.98918451,0.06018695,0.37824967,0.00058758,0.02027795,0.09870612,0.00351712,0.43847462,44973,7,0.02610872,1.215103
101,10,32016710,0.98888068,0.06141136,0.36738631,0.00054047,0.02178179,0.10028551,0.00395542,0.44463914,44973,7,0.02675268,1.215103
102,1,32016731,0.94220351,0.11388011,0.40521721,0.0,0.03548957,0.11966865,0.00920723,0.31653723,23175,7,0.07677462,0.9994966
102,2,32016732,0.94639809,0.10605121,0.40897253,0.0,0.03338883,0.10728275,0.00768237,0.3366223,23175,7,0.07849061,0.9994966
102,3,32016733,0.94490819,0.10871831,0.40722348,0.0,0.03486152,0.11361356,0.00851316,0.32706997,23175,7,0.07719503,0.9994966
102,4,32016734,0.94651097,0.10600653,0.40827869,0.0,0.03249496,0.11490342,0.00736913,0.33094728,23175,7,0.08449843,0.9994966
102,5,32016735,0.94761531,0.10374451,0.4087935,0.0,0.03126785,0.11514714,0.00827363,0.33277338,23175,7,0.07856774,0.9994966
102,6,32016736,0.94606505,0.10502835,0.4142116,0.0,0.03358065,0.10499839,0.00752099,0.33466001,23175,7,0.08460645,0.9994966
102,7,32016737,0.94505438,0.1073318,0.40872566,0.0,0.0335673,0.11327911,0.00865109,0.32844503,23175,7,0.08012547,0.9994966
102,8,32016738,0.94268657,0.11229612,0.4081701,0.0,0.03474565,0.11309378,0.0087159,0.32297845,23175,7,0.0773492,0.9994966
102,9,32016739,0.94415765,0.10694134,0.40292926,0.0,0.03481648,0.11760453,0.0091469,0.32856149,23175,7,0.08251618,0.9994966
102,10,32016740,0.94599266,0.10483429,0.40646102,0.0,0.03259805,0.11679558,0.00828496,0.3310261,23175,7,0.07780705,0.9994966
103,1,32016761,0.98833071,0.02070533,0.0,0.00067364,0.00858952,0.19403327,0.0,0.77599822,65535,7,0.00274028,0.9996705
103,2,32016762,0.98834256,0.02040855,0.0,0.00067211,0.00872638,0.19280346,0.0,0.7773895,65535,7,0.00290956,0.9996705
103,3,32016763,0.98832489,0.02089941,0.0,0.00067155,0.00839234,0.21354977,0.0,0.75648693,61439,7,0.00255816,0.9996705
103,4,32016764,0.98832494,0.02088069,0.0,0.00067338,0.00841022,0.21065646,0.0,0.75937925,53247,7,0.002353,0.9996705
103,5,32016765,0.98833266,0.02066178,0.0,0.0006735,0.00864345,0.20531642,0.0,0.76470485,64895,7,0.00264,0.9996705
103,6,32016766,0.98831717,0.02089317,0.0,0.00067039,0.00858389,0.2039406,0.0,0.76591194,32767,7,0.00258722,0.9996705
103,7,32016767,0.98835139,0.02053725,0.0,0.00067281,0.00860599,0.19645389,0.0,0.77373007,65535,7,0.0025576,0.9996705
103,8,32016768,0.98832112,0.02076074,0.0,0.00067227,0.00848598,0.21456161,0.0,0.7555194,47103,7,0.00276762,0.9996705
103,9,32016769,0.98832948,0.02069539,0.0,0.00067571,0.00861181,0.19868079,0.0,0.77133629,57343,7,0.00272449,0.9996705
103,10,32016770,0.98831807,0.02066843,0.0,0.00067358,0.00856314,0.20545808,0.0,0.76463677,65535,7,0.00254672,0.9996705
104,1,32016791,0.98872439,0.06275772,0.01583216,0.0,0.00489316,0.79104988,0.0,0.12546707,51980,6,0.01056299,1.913009
104,2,32016792,0.989742,0.0547457,0.01191229,0.0,0.00520561,0.79980914,0.0,0.12832725,55850,6,0.01304583,1.9127267
104,3,32016793,0.98986825,0.05230793,0.01127728,0.0,0.00552318,0.79239345,0.0,0.13849816,55818,6,0.01887923,1.9127267
104,4,32016794,0.98958451,0.05847236,0.01209559,0.0,0.00480169,0.80299142,0.0,0.12163895,51980,6,0.01218236,1.913009
104,5,32016795,0.98872022,0.06239182,0.01585513,0.0,0.00478555,0.79567236,0.0,0.12129514,51980,6,0.00972598,1.913009
104,6,32016796,0.98966918,0.05573173,0.01175617,0.0,0.00502205,0.7981479,0.0,0.12934215,55818,6,0.00918462,1.9127267
104,7,32016797,0.98977016,0.05403044,0.0126272,0.0,0.00529979,0.79563653,0.0,0.13240605,55850,6,0.01232314,1.9127267
104,8,32016798,0.98958018,0.05820083,0.01279161,0.0,0.00465241,0.80522251,0.0,0.11913263,51980,6,0.01325414,1.913009
104,9,32016799,0.98575738,0.08021883,0.02836302,0.0,0.00456827,0.76970632,0.0,0.11714358,51980,6,0.01297298,1.913009
104,10,32016800,0.98606026,0.07628015,0.02594178,0.0,0.00523602,0.76201753,0.0,0.13052451,55818,6,0.01382022,1.9127267
105,1,32016821,0.98397175,0.01847473,0.035594,0.00032093,0.00043332,0.94486695,0.00030571,4.36e-06,32779,6,0.01472927,0.999313
105,2,32016822,0.98396305,0.01836474,0.03468171,0.00031731,0.00038786,0.94594283,0.00030392,1.65e-06,32777,6,0.01557614,0.999313
105,3,32016823,0.98396893,0.01812032,0.03664848,0.00031834,0.00042491,0.94418862,0.0002971,2.23e-06,32907,6,0.01501059,0.9993128
105,4,32016824,0.98399355,0.01843636,0.03648948,0.00030542,0.00044303,0.94402624,0.00029551,3.96e-06,32783,6,0.01372947,0.999313
105,5,32016825,0.98386326,0.01886622,0.0353764,0.00031476,0.00051319,0.94461799,0.00030429,7.15e-06,32841,6,0.01478479,0.9993129
105,6,32016826,0.9839866,0.01815072,0.03504036,0.00032366,0.00038577,0.94579596,0.00030175,1.77e-06,32779,6,0.01575713,0.999313
105,7,32016827,0.98372128,0.02034723,0.03404491,0.00026558,0.00088466,0.94417836,0.00026686,1.241e-05,32841,6,0.01220772,0.9993129
105,8,32016828,0.98367601,0.0202129,0.03305028,0.00026859,0.00088127,0.94531628,0.00026653,4.15e-06,32841,6,0.01402111,0.9993129
105,9,32016829,0.98396194,0.01822445,0.0344308,0.00032397,0.00039773,0.94631575,0.0003041,3.2e-06,32841,6,0.01584638,0.9993129
105,10,32016830,0.98384262,0.01852725,0.03520556,0.00049979,0.00044929,0.94501951,0.00029449,4.1e-06,36943,6,0.01399613,0.9993129
106,1,32016851,0.9951293,0.02382588,0.00816087,0.0,0.00904166,0.13932371,0.0,0.81964788,61311,7,0.00468965,0.9998916
106,2,32016852,0.9951323,0.02383468,0.00820293,0.0,0.00919255,0.13579404,0.0,0.8229758,61439,7,0.00535751,0.9998916
106,3,32016853,0.99512867,0.02399325,0.00816887,0.0,0.00907613,0.13610773,0.0,0.82265401,65535,7,0.00496551,0.9998916
106,4,32016854,0.99512948,0.02387245,0.00824066,0.0,0.00902858,0.13739765,0.0,0.82146066,65023,7,0.00527966,0.9998916
106,5,32016855,0.9951291,0.02383487,0.0082297,0.0,0.00912735,0.13833497,0.0,0.82047311,65535,7,0.00560316,0.9998916
106,6,32016856,0.99513545,0.02387561,0.00832949,0.0,0.00901673,0.13618165,0.0,0.82259652,62975,7,0.00473241,0.9998916
106,7,32016857,0.9951207,0.02382986,0.00824914,0.0,0.00916104,0.14044829,0.0,0.81831166,55295,7,0.00474656,0.9998916
106,8,32016858,0.99512311,0.02390898,0.0083287,0.0,0.00907515,0.13853111,0.0,0.82015606,65535,7,0.00475298,0.9998916
106,9,32016859,0.99511811,0.02393621,0.00866136,0.0,0.00916913,0.14357409,0.0,0.81465921,65023,7,0.00497962,0.9998916
106,10,32016860,0.99512397,0.02387377,0.00829645,0.0,0.00905712,0.13833971,0.0,0.82043294,60927,7,0.00459092,0.9998916
107,1,32016881,0.98738684,0.05516234,0.09314688,0.0,0.00795874,0.68219092,0.00042962,0.1611115,51978,6,0.02105218,1.5088738
107,2,32016882,0.98743131,0.05568778,0.0959045,0.0,0.00798828,0.67462392,0.00046742,0.1653281,51978,6,0.02056371,1.5088738
107,3,32016883,0.98848218,0.05301267,0.08513968,0.0,0.00731237,0.6943447,0.00032326,0.15986731,51978,6,0.02348435,1.5088738
107,4,32016884,0.98689746,0.0558577,0.09179194,0.0,0.00818068,0.67398383,0.00052061,0.16966525,51978,6,0.02176042,1.5088738
107,5,32016885,0.98819489,0.05364908,0.08911768,0.0,0.0077583,0.68026238,0.00033024,0.16888232,51978,6,0.02457333,1.5088738
107,6,32016886,0.98772073,0.05505809,0.09351252,0.0,0.00766886,0.68012667,0.00034975,0.16328411,51978,6,0.02262565,1.5088738
107,7,32016887,0.98798331,0.05373033,0.08909953,0.0,0.00762647,0.68433741,0.00041551,0.16479075,51978,6,0.02395562,1.5088738
107,8,32016888,0.98830286,0.05452167,0.09237201,0.0,0.00756439,0.68343516,0.00033466,0.16177211,51978,6,0.02471828,1.5088738
107,9,32016889,0.98828538,0.05390317,0.09559559,0.0,0.00749713,0.66914438,0.00039838,0.17346135,51978,6,0.02429247,1.5088738
107,10,32016890,0.98848302,0.05409217,0.08535169,0.0,0.00750273,0.69177205,0.00032911,0.16095224,51978,6,0.02492592,1.5088738
108,1,32016911,0.98607042,0.02743902,0.0,0.00112554,0.00047108,0.97089936,5.601e-05,8.98e-06,64479,6,0.00369131,0.999609
108,2,32016912,0.98614146,0.02788416,0.0,0.00112386,0.00044695,0.97048166,5.613e-05,7.24e-06,64479,6,0.00346618,0.999609
108,3,32016913,0.98610039,0.02761112,0.0,0.00112235,0.00047267,0.97072901,5.591e-05,8.94e-06,64479,6,0.00343161,0.999609
108,4,32016914,0.98612805,0.02779487,0.0,0.00112094,0.00045292,0.97056802,5.603e-05,7.22e-06,65503,6,0.00359419,0.999609
108,5,32016915,0.98612027,0.02766369,0.0,0.00112498,0.0004565,0.97069051,5.593e-05,8.39e-06,47071,6,0.00354227,0.999609
108,6,32016916,0.98606582,0.02719946,0.0,0.00112209,0.00047543,0.97113562,5.614e-05,1.126e-05,63455,6,0.00312602,0.999609
108,7,32016917,0.98613476,0.02780402,0.0,0.00112187,0.00044632,0.97056324,5.594e-05,8.61e-06,40799,6,0.00351156,0.999609
108,8,32016918,0.98611978,0.02768145,0.0,0.00112113,0.00044936,0.97068533,5.613e-05,6.61e-06,53215,6,0.00355992,0.999609
108,9,32016919,0.98609832,0.02784458,0.0,0.00112165,0.00046021,0.97050989,5.613e-05,7.54e-06,57311,6,0.00357682,0.999609
108,10,32016920,0.98609523,0.02752212,0.0,0.00112407,0.00045663,0.97083429,5.604e-05,6.85e-06,65503,6,0.0036734,0.999609
109,1,32016941,0.99041336,0.05301706,0.00718802,0.0,0.00790617,0.72688454,0.0,0.20500421,44972,6,0.01413564,1.6365752
109,2,32016942,0.99033369,0.05357337,0.00806943,0.0,0.00838822,0.71650088,0.0,0.2134681,44973,7,0.01567528,1.6367251
109,3,32016943,0.99025328,0.05447134,0.00840901,0.0,0.00766897,0.73211069,0.0,0.19733999,44972,6,0.01231328,1.6365752
109,4,32016944,0.99068631,0.05096543,0.00665263,0.0,0.00908164,0.7020466,0.0,0.23125369,44972,6,0.025644,1.6365752
109,5,32016945,0.99037071,0.05345088,0.00721467,0.0,0.00772119,0.72508091,0.0,0.20653235,44972,6,0.01373215,1.6365752
109,6,32016946,0.9903846,0.05487149,0.00781387,0.0,0.00793483,0.73065938,0.0,0.19872042,44972,6,0.0135974,1.6365752
109,7,32016947,0.9898858,0.05690835,0.00845198,0.0,0.00786516,0.73053738,0.0,0.19623713,44972,6,0.0116509,1.6365752
109,8,32016948,0.98998339,0.05634944,0.00902337,0.0,0.00743666,0.72915911,0.0,0.19803142,53164,6,0.01524733,1.6365752
109,9,32016949,0.98996868,0.0557245,0.00852785,0.0,0.00797327,0.73026097,0.0,0.19751341,43948,6,0.01174573,1.6365752
109,10,32016950,0.99039497,0.05319233,0.00724791,0.0,0.00779165,0.72927314,0.0,0.20249497,43948,6,0.01277328,1.6365752
110,1,32016971,0.9666548,0.06382703,0.28939819,0.0,0.01316362,0.6147241,0.00278402,0.01610304,22927,6,0.02263416,0.9992721
110,2,32016972,0.96686621,0.06375253,0.27993051,0.0,0.0138938,0.62217789,0.0026043,0.01764097,22927,6,0.01867041,0.9992721
110,3,32016973,0.96772755,0.06315865,0.29900411,0.0,0.01317276,0.60109279,0.00256059,0.0210111,22927,6,0.02340642,0.9992721
110,4,32016974,0.9676516,0.06314983,0.28650265,0.0,0.01231849,0.61500297,0.00261464,0.02041143,22663,6,0.02040382,0.9993397
110,5,32016975,0.97044387,0.06023811,0.28656071,0.0,0.01214535,0.62176615,0.00214714,0.01714254,22663,6,0.02150106,0.9993397
110,6,32016976,0.96882828,0.06223703,0.28605177,0.0,0.01215015,0.62223017,0.00253891,0.01479197,22927,6,0.0195598,0.9992721
110,7,32016977,0.96852262,0.06120304,0.28946368,0.0,0.0123898,0.61639915,0.00257734,0.01796698,22927,6,0.02175388,0.9992721
110,8,32016978,0.96623441,0.06441271,0.28102191,0.0,0.01371325,0.62207018,0.00266342,0.01611853,22663,6,0.01668123,0.9993397
110,9,32016979,0.96686492,0.06396885,0.29188761,0.0,0.01338662,0.60934793,0.00265443,0.01875456,22927,6,0.02095033,0.9992721
110,10,32016980,0.96787035,0.06277345,0.28272884,0.0,0.01300027,0.62025275,0.00246716,0.01877752,22927,6,0.0202531,0.9992721
111,1,32017001,0.99025697,0.02222886,0.0,0.0001283,0.00906217,0.19724729,0.0,0.77133337,48639,7,0.00264045,0.9997336
111,2,32017002,0.99024988,0.02221485,0.0,0.0001285,0.00892278,0.2091093,0.0,0.75962457,57343,7,0.00263743,0.9997336
111,3,32017003,0.99025211,0.02218679,0.0,0.00012867,0.00909625,0.19918724,0.0,0.76940105,61439,7,0.00263325,0.9997336
111,4,32017004,0.99024602,0.02222432,0.0,0.00012846,0.00912436,0.20483303,0.0,0.76368983,47103,7,0.002501,0.9997336
111,5,32017005,0.99024645,0.02218273,0.0,0.00012824,0.00909152,0.1930072,0.0,0.77559031,65407,7,0.00245512,0.9997336
111,6,32017006,0.99024826,0.02232331,0.0,0.00012841,0.00925213,0.19902001,0.0,0.76927615,49023,7,0.00249676,0.9997336
111,7,32017007,0.99024708,0.02214404,0.0,0.00012848,0.00907755,0.19431039,0.0,0.77433954,40831,7,0.0024784,0.9997336
111,8,32017008,0.99024113,0.02229459,0.0,0.00012853,0.00906518,0.20555457,0.0,0.76295712,51199,7,0.0025466,0.9997336
111,9,32017009,0.99024625,0.02223135,0.0,0.0001281,0.00907197,0.20177042,0.0,0.76679815,61439,7,0.0026563,0.9997336
111,10,32017010,0.99025546,0.02210458,0.0,0.00012829,0.00921198,0.19791884,0.0,0.77063631,40447,7,0.00281573,0.9997336
112,1,32017031,0.98820808,0.03225663,0.00023101,0.0,0.00128327,0.96621855,0.0,1.055e-05,44362,6,0.04947839,1.9501036
112,2,32017032,0.98931584,0.04690624,0.00528386,0.0,0.00532652,0.87724467,0.0,0.06523871,52554,6,0.0238326,1.9501036
112,3,32017033,0.98813671,0.05886497,0.01230789,0.0,0.00540162,0.78305906,0.0,0.14036646,56074,6,0.01333248,1.9501369
112,4,32017034,0.98825233,0.05576816,0.01269623,0.0,0.00543998,0.78830884,0.0,0.13778678,51978,6,0.02795475,1.9501036
112,5,32017035,0.98907476,0.05910542,0.01136651,0.0,0.00495711,0.79628737,0.0,0.12828358,51980,6,0.01547209,1.9501036
112,6,32017036,0.98468659,0.06648562,0.01323425,0.0,0.00538619,0.77981573,0.0,0.13507821,51978,6,0.01755545,1.9501036
112,7,32017037,0.99001743,0.05319203,0.01113416,0.0,0.00513646,0.80156982,0.0,0.12896753,56074,6,0.02355203,1.9501369
112,8,32017038,0.98916811,0.05552545,0.01179184,0.0,0.00544308,0.79170084,0.0,0.13553878,51978,6,0.02441663,1.9501036
112,9,32017039,0.98826134,0.05392265,0.00024449,0.0,0.00305751,0.94276314,0.0,1.221e-05,52317,6,0.02440867,1.9502035
112,10,32017040,0.99000807,0.05358433,0.01179237,0.0,0.00552126,0.79043259,0.0,0.13866946,56074,6,0.02202733,1.9501369
113,1,32017061,0.98350049,0.0202572,0.0,0.00105438,0.00073424,0.97781233,0.00012636,1.55e-05,32911,6,0.00591727,0.9992379
113,2,32017062,0.98357713,0.02273446,0.0,0.00100028,0.0008143,0.97528944,0.00011515,4.637e-05,37007,6,0.00458974,0.9992379
113,3,32017063,0.98350015,0.02055359,0.0,0.00104808,0.00079859,0.97744248,0.00012292,3.433e-05,32911,6,0.00558574,0.9992379
113,4,32017064,0.98352069,0.02098158,0.0,0.00106429,0.00080141,0.97701546,0.00011545,2.181e-05,32911,6,0.00455943,0.9992379
113,5,32017065,0.9834883,0.02142259,0.0,0.00101881,0.00071478,0.97669487,0.00012507,2.388e-05,32905,6,0.00586031,0.9992379
113,6,32017066,0.98337949,0.02019191,0.0,0.00100646,0.00056595,0.97807992,0.00014244,1.332e-05,32969,6,0.00839031,0.9992379
113,7,32017067,0.98354488,0.022099,0.0,0.00100227,0.00077697,0.97597839,0.00011909,2.428e-05,32907,6,0.00501391,0.9992379
113,8,32017068,0.98353008,0.02289786,0.0,0.00098896,0.00079226,0.97516852,0.00011835,3.404e-05,32969,6,0.00566618,0.9992379
113,9,32017069,0.98353696,0.02182117,0.0,0.00101991,0.00080175,0.97620035,0.00011694,3.988e-05,32969,6,0.00469293,0.9992379
113,10,32017070,0.98346659,0.01875077,0.0,0.00111288,0.00081804,0.97917572,0.00012447,1.812e-05,32907,6,0.00573985,0.9992379
114,1,32017091,0.99846591,0.03356628,0.05011566,0.0,0.02132939,0.07595062,0.0,0.81903805,65535,7,0.00287768,0.9999952
114,2,32017092,0.998463,0.03352608,0.05083232,0.0,0.02118206,0.07585805,0.0,0.81860149,45055,7,0.00293217,0.9999952
114,3,32017093,0.99846441,0.03359823,0.04899482,0.0,0.02139094,0.0764176,0.0,0.81959842,24575,7,0.00278467,0.9999952
114,4,32017094,0.99845997,0.03329133,0.04921122,0.0,0.02119882,0.07738555,0.0,0.81891307,49151,7,0.00297459,0.9999952
114,5,32017095,0.99847322,0.03379083,0.0509654,0.0,0.02110895,0.0753804,0.0,0.81875441,47103,7,0.00321132,0.9999952
114,6,32017096,0.99846523,0.03344344,0.04983149,0.0,0.02113391,0.07693496,0.0,0.8186562,61439,7,0.00316103,0.9999952
114,7,32017097,0.99847162,0.03364263,0.049794,0.0,0.020944,0.07790775,0.0,0.81771161,65535,7,0.00313957,0.9999952
114,8,32017098,0.99845565,0.03350212,0.05031238,0.0,0.02132694,0.07774311,0.0,0.81711545,65535,7,0.00318442,0.9999952
114,9,32017099,0.99847186,0.03376478,0.04989398,0.0,0.02088743,0.07812545,0.0,0.81732837,61439,7,0.00289383,0.9999952
114,10,32017100,0.99845569,0.03367985,0.05066669,0.0,0.02113954,0.08046932,0.0,0.8140446,57343,7,0.00282621,0.9999952
115,1,32017121,0.98497445,0.06115207,0.17765804,0.0,0.01317297,0.48178441,0.00086973,0.26536277,51716,6,0.01939109,1.1186695
115,2,32017122,0.9855482,0.05925997,0.17684202,0.0,0.01311271,0.47473719,0.00075713,0.27529099,51970,6,0.01601784,1.1188598
115,3,32017123,0.9853022,0.05994443,0.18022079,0.0,0.01393872,0.46356718,0.00072734,0.28160154,51978,6,0.01619066,1.1188931
115,4,32017124,0.98505723,0.0607872,0.17757789,0.0,0.01345771,0.46466014,0.00079519,0.28272186,51970,6,0.015581,1.1188598
115,5,32017125,0.98504017,0.0604565,0.18100299,0.0,0.01375146,0.45764702,0.00083269,0.28630933,51716,6,0.01567755,1.1186695
115,6,32017126,0.98517482,0.06066256,0.17767153,0.0,0.01358577,0.47088377,0.00084624,0.27635013,51970,6,0.01471205,1.1188598
115,7,32017127,0.98533201,0.05969318,0.1791141,0.0,0.01334685,0.46919061,0.00088921,0.27776605,51978,6,0.01606433,1.1188931
115,8,32017128,0.98593381,0.05924965,0.17567619,0.0,0.0129176,0.47444621,0.00073124,0.27697911,51970,6,0.01386833,1.1188598
115,9,32017129,0.98526238,0.05932295,0.17449933,0.0,0.01378399,0.47266755,0.00079976,0.27892642,51970,6,0.01680091,1.1188598
115,10,32017130,0.98541755,0.06020465,0.17174411,0.0,0.01335863,0.46963402,0.00077114,0.28428746,51970,6,0.01483729,1.1188598
116,1,32017151,0.98699766,0.01966835,0.0,0.00096116,0.00803269,0.20889167,0.0,0.76244613,47103,7,0.00229369,0.99962
116,2,32017152,0.9870126,0.01936635,0.0,0.00096607,0.00817816,0.2006724,0.0,0.77081702,65023,7,0.00280932,0.99962
116,3,32017153,0.98702371,0.01964244,0.0,0.00096646,0.00801482,0.20242419,0.0,0.7689521,63487,7,0.00258208,0.99962
116,4,32017154,0.98700592,0.01962153,0.0,0.00096208,0.00789567,0.21318,0.0,0.75834072,61407,7,0.00275874,0.99962
116,5,32017155,0.98701014,0.01952462,0.0,0.00096663,0.0079791,0.20698968,0.0,0.76453997,65535,7,0.00260528,0.99962
116,6,32017156,0.98700271,0.01970025,0.0,0.00096071,0.00784462,0.21037352,0.0,0.76112089,59391,7,0.00229784,0.99962
116,7,32017157,0.98701704,0.01951383,0.0,0.00096647,0.00787721,0.20072513,0.0,0.77091736,49151,7,0.00268057,0.99962
116,8,32017158,0.9870265,0.01948444,0.0,0.00096331,0.00809398,0.19957257,0.0,0.77188569,49119,7,0.00254453,0.99962
116,9,32017159,0.98701442,0.01954202,0.0,0.00096515,0.00802938,0.20079,0.0,0.77067345,65503,7,0.00267648,0.99962
116,10,32017160,0.9870268,0.01955784,0.0,0.0009646,0.00789745,0.21435271,0.0,0.7572274,32735,7,0.00288795,0.99962
117,1,32017181,0.99137832,0.11967913,0.87816928,0.0,0.00178546,0.00035416,0.0,1.197e-05,47867,4,0.21642699,1.9490378
117,2,32017182,0.99136596,0.11947202,0.8777575,0.0,0.00177967,0.00097867,0.0,1.214e-05,47867,4,0.21447905,1.9490378
117,3,32017183,0.99137587,0.119823,0.87805146,0.0,0.00175977,0.00035384,0.0,1.194e-05,47867,4,0.21537931,1.9490378
117,4,32017184,0.99135847,0.11972206,0.87815533,0.0,0.00175651,0.00035416,0.0,1.193e-05,47867,4,0.20602187,1.9490378
117,5,32017185,0.99137775,0.11976151,0.87811875,0.0,0.001746,0.0003616,0.0,1.215e-05,47867,4,0.22408857,1.9490378
117,6,32017186,0.99137726,0.11989926,0.87796469,0.0,0.00176775,0.00035636,0.0,1.195e-05,47867,4,0.21596637,1.9490378
117,7,32017187,0.99132861,0.11956883,0.87828286,0.0,0.00178279,0.00035357,0.0,1.194e-05,47867,4,0.22023256,1.9490378
117,8,32017188,0.99136853,0.11989584,0.87796147,0.0,0.00177522,0.00035548,0.0,1.199e-05,47867,4,0.21764766,1.9490378
117,9,32017189,0.99137341,0.11983578,0.87801487,0.0,0.00178237,0.00035504,0.0,1.194e-05,47867,4,0.21438225,1.9490378
117,10,32017190,0.99136972,0.12005333,0.87784746,0.0,0.00172937,0.00035765,0.0,1.219e-05,47867,4,0.22271147,1.9490378
118,1,32017211,0.98367266,0.01966887,0.02662519,0.0002281,0.00048882,0.95246686,0.00051948,2.68e-06,36873,6,0.02072382,0.9993534
118,2,32017212,0.98368531,0.0198887,0.02716309,0.00022092,0.0004822,0.95173143,0.00051189,1.76e-06,32777,6,0.01902401,0.9993534
118,3,32017213,0.98370008,0.01959564,0.02750304,0.00022571,0.00049691,0.95166749,0.00050965,1.56e-06,32779,6,0.01791418,0.9993534
118,4,32017214,0.98360012,0.01981788,0.02784044,0.00022248,0.0005183,0.95097221,0.00053592,9.277e-05,32779,6,0.01847645,0.9993534
118,5,32017215,0.98368119,0.0198495,0.02687741,0.00022046,0.00049252,0.95204374,0.00051492,1.46e-06,36875,6,0.01871494,0.9993534
118,6,32017216,0.98343159,0.01992234,0.02605506,0.00048086,0.00049575,0.95252347,0.00052041,2.12e-06,32777,6,0.01972747,0.9993534
118,7,32017217,0.98368851,0.01969916,0.02762624,0.00022341,0.00048158,0.95145871,0.0005096,1.32e-06,32779,6,0.01830863,0.9993534
118,8,32017218,0.9831031,0.02014695,0.02708715,0.00069947,0.00050862,0.95095975,0.00059666,1.4e-06,32777,6,0.01986004,0.9993534
118,9,32017219,0.9835773,0.01992552,0.02728229,0.00023189,0.00050958,0.95152068,0.00052802,2.02e-06,36937,6,0.01988074,0.9993534
118,10,32017220,0.98365976,0.01980522,0.02718383,0.00022479,0.00051156,0.95174855,0.0005228,3.27e-06,32777,6,0.02035117,0.9993534
119,1,32017241,0.99321496,0.02276294,0.00892293,0.0,0.00905692,0.14638596,0.0,0.81287126,61439,7,0.00605043,0.9998246
119,2,32017242,0.9932269,0.02249763,0.00874479,0.0,0.00917639,0.13447629,0.0,0.8251049,61439,7,0.0068969,0.9998246
119,3,32017243,0.99322014,0.02254477,0.00847136,0.0,0.00930173,0.14035912,0.0,0.81932302,65535,7,0.00643076,0.9998246
119,4,32017244,0.99321835,0.0227182,0.00855686,0.0,0.00910486,0.13860146,0.0,0.82101862,65535,7,0.00703985,0.9998246
119,5,32017245,0.99322273,0.0224761,0.00875288,0.0,0.00919134,0.13703926,0.0,0.82254042,57343,7,0.00599688,0.9998246
119,6,32017246,0.99321904,0.02256771,0.00889283,0.0,0.009047,0.1421904,0.0,0.81730207,49151,7,0.00657604,0.9998246
119,7,32017247,0.9932295,0.02253356,0.00875197,0.0,0.0091939,0.1353515,0.0,0.82416907,62975,7,0.00645512,0.9998246
119,8,32017248,0.99321692,0.02266398,0.00916974,0.0,0.00914601,0.13912229,0.0,0.81989798,63487,7,0.00626224,0.9998246
119,9,32017249,0.99322491,0.02262239,0.00873413,0.0,0.00915071,0.13792255,0.0,0.82157022,65535,7,0.00659797,0.9998246
119,10,32017250,0.99322003,0.02259627,0.00876274,0.0,0.00918255,0.13516477,0.0,0.82429367,65535,7,0.00647175,0.9998246
120,1,32017271,0.98994147,0.05111952,0.01007649,0.0,0.0050345,0.84378226,0.0,0.08998723,51978,6,0.0227593,1.8002612
120,2,32017272,0.98900092,0.04728509,0.00508605,0.0,0.00530451,0.91922461,0.0,0.02309975,52554,6,0.03791692,1.8002612
120,3,32017273,0.9905618,0.04897593,0.01652499,0.0,0.00568667,0.78279921,0.0,0.1460132,51978,6,0.0288723,1.8002612
120,4,32017274,0.98951709,0.05193456,0.00778855,0.0,0.00509982,0.86525421,0.0,0.06992287,50636,6,0.02145218,1.8002612
120,5,32017275,0.99006836,0.04976517,0.01426667,0.0,0.00553289,0.80379595,0.0,0.12663932,51978,6,0.02740759,1.8002612
120,6,32017276,0.98902434,0.05347339,0.0058146,0.0,0.00500939,0.88565723,0.0,0.05004539,52316,6,0.02351099,1.8002612
120,7,32017277,0.98886256,0.04509881,0.00089297,0.0,0.00539186,0.94860026,0.0,1.61e-05,52554,6,0.05056713,1.8002612
120,8,32017278,0.98912656,0.04770699,0.00583457,0.0,0.00493257,0.9065768,0.0,0.03494907,52554,6,0.02487898,1.8002612
120,9,32017279,0.99063392,0.04794647,0.01482647,0.0,0.00563581,0.78797419,0.0,0.14361706,51978,6,0.02951449,1.8002612
120,10,32017280,0.99078803,0.04796451,0.01466408,0.0,0.00558851,0.78811244,0.0,0.14367046,51978,6,0.03042397,1.8002612
121,1,32017301,0.98483531,0.0274891,0.0,0.00123577,0.00046673,0.97073429,6.6e-05,8.11e-06,36831,6,0.00396743,0.9995903
121,2,32017302,0.98486361,0.0280693,0.0,0.00124238,0.000444,0.97017222,6.606e-05,6.04e-06,39903,6,0.00387726,0.9995903
121,3,32017303,0.9848045,0.02773379,0.0,0.0012404,0.00047204,0.97048088,6.6e-05,6.89e-06,39903,6,0.00345976,0.9995903
121,4,32017304,0.98472519,0.0269066,0.0,0.00124074,0.00048245,0.97128923,6.654e-05,1.445e-05,57311,6,0.00376272,0.9995903
121,5,32017305,0.98477461,0.027212,0.0,0.00124169,0.00047115,0.97098882,6.594e-05,2.04e-05,40927,6,0.00351659,0.9995903
121,6,32017306,0.98476365,0.02719922,0.0,0.00124025,0.00046401,0.97102139,6.549e-05,9.66e-06,39903,6,0.00407274,0.9995903
121,7,32017307,0.98464033,0.02612845,0.0,0.00123434,0.00050208,0.97205447,6.636e-05,1.431e-05,52191,6,0.0030924,0.9995903
121,8,32017308,0.98479024,0.02727108,0.0,0.0012385,0.00047543,0.97093845,6.575e-05,1.079e-05,52063,6,0.00340408,0.9995903
121,9,32017309,0.98475434,0.02716135,0.0,0.00123781,0.00050512,0.97101477,6.588e-05,1.506e-05,36831,6,0.00356161,0.9995903
121,10,32017310,0.98473945,0.0271384,0.0,0.00123531,0.00049498,0.97105544,6.615e-05,9.73e-06,53215,6,0.00353341,0.9995903
122,1,32017331,0.9866151,0.06365522,0.145963,8.849e-05,0.01510525,0.53266603,0.00310381,0.2394182,44973,7,0.01414974,1.4795928
122,2,32017332,0.98709018,0.062671,0.14579498,7.64e-05,0.01505107,0.51766671,0.00298201,0.25575782,44973,7,0.01722668,1.4795928
122,3,32017333,0.98720103,0.06062755,0.13912735,2.374e-05,0.01431613,0.52008394,0.0028842,0.26293709,44973,7,0.01195343,1.4795928
122,4,32017334,0.98730381,0.06165989,0.14515196,5.331e-05,0.01419223,0.5300284,0.00271676,0.24619746,44972,6,0.0121207,1.4794429
122,5,32017335,0.98685939,0.0640679,0.14435432,7.687e-05,0.01438358,0.52909841,0.00302569,0.24499323,44973,7,0.01227649,1.4795928
122,6,32017336,0.98730934,0.06242582,0.14472183,9.275e-05,0.0144351,0.51663557,0.00279478,0.25889415,44973,7,0.01511346,1.4795928
122,7,32017337,0.98702066,0.06220257,0.14730818,0.00010063,0.01478979,0.52107543,0.00300742,0.25151598,44973,7,0.01446722,1.4795928
122,8,32017338,0.98725111,0.06145995,0.14335301,7.376e-05,0.01402741,0.52300369,0.00276919,0.255313,44973,7,0.01217253,1.4795928
122,9,32017339,0.98691413,0.06311912,0.14718426,2.867e-05,0.01432856,0.52571541,0.00301242,0.24661155,44973,7,0.01255425,1.4795928
122,10,32017340,0.98703459,0.06317912,0.14519726,5.475e-05,0.01426345,0.53018925,0.00297756,0.24413862,44972,6,0.01249059,1.4794429
123,1,32017361,0.94897203,0.09515949,0.3079756,0.0,0.03477726,0.47191594,0.00481505,0.08535666,22663,6,0.03212054,0.9994701
123,2,32017362,0.95107049,0.09251614,0.310598,0.0,0.03041377,0.48234213,0.00523502,0.07889494,22663,6,0.03291635,0.9994701
123,3,32017363,0.94875856,0.09485196,0.31253687,0.0,0.03308892,0.47107175,0.00584237,0.08260813,22927,6,0.03053207,0.9994676
123,4,32017364,0.95216687,0.09275025,0.31346427,0.0,0.03139779,0.47866319,0.00468059,0.07904391,22927,6,0.03033941,0.9994676
123,5,32017365,0.95251492,0.09072221,0.31375061,0.0,0.03069207,0.48421364,0.00470382,0.07591766,22663,6,0.03054544,0.9994701
123,6,32017366,0.94901559,0.09437935,0.31424452,0.0,0.033184,0.47081489,0.00538201,0.08199523,22663,6,0.03201417,0.9994701
123,7,32017367,0.95418276,0.08948487,0.31317683,0.0,0.02810991,0.48276383,0.00534817,0.0811164,22663,6,0.03180852,0.9994701
123,8,32017368,0.94858983,0.09707166,0.31022252,0.0,0.03346787,0.4796843,0.00532785,0.0742258,22663,6,0.03100359,0.9994701
123,9,32017369,0.95287818,0.09057108,0.31292017,0.0,0.02976831,0.48309861,0.00450168,0.07914015,22663,6,0.03393413,0.9994701
123,10,32017370,0.95211467,0.09144996,0.31864872,0.0,0.03049806,0.47184194,0.00441905,0.08314228,22663,6,0.03289539,0.9994701
124,1,32017391,0.98856474,0.02001305,0.0,0.00061315,0.00889724,0.18871766,0.0,0.78175889,32639,7,0.00254238,0.9996688
124,2,32017392,0.98856412,0.02018793,0.0,0.00061243,0.0087715,0.19538061,0.0,0.77504753,65535,7,0.00287466,0.9996688
124,3,32017393,0.98857669,0.02009596,0.0,0.00061419,0.00877145,0.18923324,0.0,0.78128516,49023,7,0.00260065,0.9996688
124,4,32017394,0.98857551,0.01993662,0.0,0.00061651,0.008923,0.19153434,0.0,0.77898953,15871,7,0.00283336,0.9996687
124,5,32017395,0.98856282,0.0201827,0.0,0.00060964,0.00880614,0.19965116,0.0,0.77075036,36735,7,0.00233366,0.9996688
124,6,32017396,0.98856016,0.02004489,0.0,0.00061287,0.00884708,0.19875005,0.0,0.77174512,49151,7,0.00241233,0.9996688
124,7,32017397,0.98856206,0.0200893,0.0,0.00061133,0.00876124,0.19878795,0.0,0.77175017,57215,7,0.00235074,0.9996688
124,8,32017398,0.98854321,0.02022544,0.0,0.00061298,0.00867611,0.20287705,0.0,0.76760843,63359,7,0.00250321,0.9996688
124,9,32017399,0.98857179,0.02002619,0.0,0.00061094,0.00889153,0.19355905,0.0,0.77691229,63487,7,0.00267722,0.9996688
124,10,32017400,0.98856076,0.02010155,0.0,0.00061279,0.00880387,0.19072208,0.0,0.77975971,16383,7,0.0028692,0.9996688
125,1,32017421,0.98974766,0.05444305,0.01153799,0.0,0.0051626,0.79775696,0.0,0.1310994,55818,6,0.01014238,2.0996263
125,2,32017422,0.98972712,0.05543313,0.01190804,0.0,0.00533625,0.79623837,0.0,0.13108421,51722,6,0.01033775,2.0995764
125,3,32017423,0.98823541,0.03809223,0.0002331,0.0,0.00058334,0.96108189,0.0,9.44e-06,48458,6,0.02130035,2.0999793
125,4,32017424,0.9894932,0.05842063,0.01165019,0.0,0.00460994,0.80471205,0.0,0.12060718,51980,6,0.01664124,2.099946
125,5,32017425,0.98972787,0.05511765,0.01168699,0.0,0.00503486,0.79951101,0.0,0.12864949,51980,6,0.00996781,2.099946
125,6,32017426,0.98965315,0.05661306,0.01203306,0.0,0.00510906,0.7924957,0.0,0.13374912,51980,6,0.01274513,2.099946
125,7,32017427,0.96949249,0.15239897,0.06095999,0.0,0.00415443,0.68068335,0.0,0.10180325,8354,4,0.03063587,2.0994266
125,8,32017428,0.98971947,0.05489009,0.01148933,0.0,0.00522039,0.79326999,0.0,0.1351302,51722,6,0.00926575,2.0995764
125,9,32017429,0.95901229,0.19837422,0.08651277,0.0,0.00409741,0.61271837,0.0,0.09829723,8354,4,0.0442645,2.0994266
125,10,32017430,0.98997593,0.05066118,0.01076219,0.0,0.00567547,0.79011639,0.0,0.14278478,55818,6,0.02014364,2.0996263
126,1,32017451,0.9827986,0.01703531,0.0,0.00074711,0.00048324,0.98151691,0.00021197,5.46e-06,36939,6,0.01146471,0.999259
126,2,32017452,0.98285075,0.01654106,0.0,0.00074082,0.000448,0.98204563,0.0002181,6.39e-06,32907,6,0.01310234,0.9992589
126,3,32017453,0.98288962,0.01816165,0.0,0.00070256,0.00054861,0.98037054,0.00020006,1.657e-05,32909,6,0.0104009,0.9992589
126,4,32017454,0.98281752,0.01874262,0.0,0.00069019,0.00073551,0.97961252,0.00018942,2.973e-05,32975,6,0.00971612,0.9992589
126,5,32017455,0.98282341,0.01790856,0.0,0.00070433,0.00062341,0.98051623,0.00019852,4.894e-05,32911,6,0.00977599,0.9992589
126,6,32017456,0.98287764,0.01611765,0.0,0.00075559,0.00037944,0.98252006,0.00022234,4.93e-06,32911,6,0.01234733,0.9992589
126,7,32017457,0.98286581,0.01817252,0.0,0.00072011,0.00058261,0.98031192,0.00020567,7.16e-06,32905,6,0.01085415,0.9992589
126,8,32017458,0.9828648,0.01705501,0.0,0.00073157,0.00047047,0.98151106,0.0002139,1.799e-05,32781,6,0.01152566,0.9992591
126,9,32017459,0.98288655,0.01728512,0.0,0.00074157,0.0004828,0.9812628,0.00021425,1.346e-05,32911,6,0.01141498,0.9992589
126,10,32017460,0.9829187,0.01684651,0.0,0.00073135,0.00046199,0.98173545,0.00021747,7.21e-06,32845,6,0.01221458,0.999259
127,1,32017481,0.99643479,0.02444508,0.05322415,0.0,0.01045077,0.07361293,0.0,0.83826708,49151,7,0.0036741,0.9999338
127,2,32017482,0.99641484,0.02456164,0.05435455,0.0,0.01054763,0.07659627,0.0,0.83393991,61439,7,0.0035309,0.9999338
127,3,32017483,0.99641637,0.02460955,0.0538876,0.0,0.01047956,0.07241029,0.0,0.838613,65535,7,0.00368833,0.9999338
127,4,32017484,0.99642271,0.02453897,0.05281599,0.0,0.0105456,0.07634659,0.0,0.83575284,61439,7,0.00374342,0.9999338
127,5,32017485,0.99642286,0.02449646,0.05376858,0.0,0.01055643,0.07317906,0.0,0.83799947,30719,7,0.00389097,0.9999338
127,6,32017486,0.99641828,0.0246033,0.05293569,0.0,0.01053797,0.07442403,0.0,0.83749901,61439,7,0.00378706,0.9999338
127,7,32017487,0.99641725,0.02443217,0.05489939,0.0,0.01054401,0.07621978,0.0,0.83390466,16383,7,0.00326753,0.9999338
127,8,32017488,0.99642793,0.02461872,0.05613914,0.0,0.01046582,0.07573164,0.0,0.83304469,63487,7,0.00421476,0.9999338
127,9,32017489,0.99643021,0.02447996,0.05304856,0.0,0.01058727,0.07237278,0.0,0.83951143,65535,7,0.00349448,0.9999338
127,10,32017490,0.99641562,0.02470833,0.05545448,0.0,0.01041729,0.07747595,0.0,0.83194396,49151,7,0.00360286,0.9999338
128,1,32017511,0.98890457,0.051847,0.06920877,0.0,0.00796687,0.68621274,0.00019456,0.18457006,51978,6,0.02278313,1.4668984
128,2,32017512,0.98892568,0.05179283,0.0724669,0.0,0.00834653,0.67730901,0.00017326,0.18991145,51978,6,0.02476351,1.4668984
128,3,32017513,0.98928458,0.05121972,0.06924982,0.0,0.0078792,0.68978706,0.0001364,0.1817278,51978,6,0.02650036,1.4668984
128,4,32017514,0.9890869,0.05226331,0.068205,0.0,0.00817054,0.68404606,0.00015381,0.18716128,51978,6,0.02705369,1.4668984
128,5,32017515,0.98881886,0.05268768,0.06983581,0.0,0.00800698,0.69166684,0.00018374,0.17761895,51978,6,0.02276864,1.4668984
128,6,32017516,0.98935329,0.05063197,0.07248105,0.0,0.00803167,0.67870281,0.00022212,0.18993039,51978,6,0.02548066,1.4668984
128,7,32017517,0.98894173,0.05129144,0.06694255,0.0,0.00797947,0.69051125,0.00020395,0.18307135,51978,6,0.02691172,1.4668984
128,8,32017518,0.98889948,0.0521172,0.07438283,0.0,0.00808504,0.67819166,0.00017601,0.18704727,51978,6,0.02188585,1.4668984
128,9,32017519,0.98924969,0.05186694,0.068552,0.0,0.00762926,0.69261124,0.00014767,0.17919289,51978,6,0.02225533,1.4668984
128,10,32017520,0.98860775,0.0529026,0.07449788,0.0,0.00837002,0.67594071,0.00018424,0.18810454,51978,6,0.02272669,1.4668984
129,1,32017541,0.98591063,0.02649312,0.0,0.00109092,0.0004077,0.97194773,5.607e-05,4.45e-06,65503,6,0.00370604,0.999579
129,2,32017542,0.98587803,0.02628869,0.0,0.00109059,0.00040687,0.97215153,5.594e-05,6.38e-06,45023,6,0.00350943,0.999579
129,3,32017543,0.98588252,0.02623022,0.0,0.00108798,0.00040929,0.97221093,5.602e-05,5.57e-06,45023,6,0.00323493,0.999579
129,4,32017544,0.98593352,0.02623043,0.0,0.00108612,0.00041325,0.97220914,5.613e-05,4.93e-06,16351,6,0.00332874,0.999579
129,5,32017545,0.98588807,0.02640974,0.0,0.0010881,0.00040738,0.9720317,5.635e-05,6.73e-06,61407,6,0.00290339,0.999579
129,6,32017546,0.98588992,0.02628197,0.0,0.00108753,0.00041613,0.97215105,5.61e-05,7.22e-06,32735,6,0.00336805,0.999579
129,7,32017547,0.98588218,0.02624158,0.0,0.00109076,0.00040548,0.97220035,5.614e-05,5.69e-06,40927,6,0.00316275,0.999579
129,8,32017548,0.985925,0.02641711,0.0,0.00108737,0.00040463,0.97202957,5.606e-05,5.26e-06,49119,6,0.00348341,0.999579
129,9,32017549,0.98589629,0.02628658,0.0,0.00108834,0.00040303,0.97216095,5.638e-05,4.72e-06,64351,6,0.00345197,0.999579
129,10,32017550,0.98589107,0.02618402,0.0,0.0010913,0.00040885,0.97225485,5.62e-05,4.79e-06,65503,6,0.00348714,0.999579
130,1,32017571,0.9899428,0.05295828,0.00757383,0.0,0.00784938,0.73705996,0.0,0.19455855,44972,6,0.0168822,1.900577
130,2,32017572,0.98977452,0.05356288,0.00893322,0.0,0.00727219,0.7395701,0.0,0.19066161,43948,6,0.01129026,1.900577
130,3,32017573,0.98984701,0.05318012,0.0078053,0.0,0.00752191,0.73972778,0.0,0.19176489,44972,6,0.01519528,1.900577
130,4,32017574,0.98973651,0.05295778,0.00795769,0.0,0.00796395,0.728235,0.0,0.20288558,44972,6,0.02020569,1.900577
130,5,32017575,0.93510008,0.53373648,0.00447068,0.0,0.02359577,0.34975084,0.0,0.08844623,48733,0,0.01916859,1.5407243
130,6,32017576,0.98910614,0.05762541,0.00976993,0.0,0.00716028,0.73798109,0.0,0.18746328,52140,6,0.01107386,1.900577
130,7,32017577,0.98982906,0.05368733,0.00849311,0.0,0.00745199,0.73484662,0.0,0.19552095,44972,6,0.01084242,1.900577
130,8,32017578,0.98979405,0.05398714,0.00827522,0.0,0.0068643,0.7470521,0.0,0.18382124,53164,6,0.01150337,1.900577
130,9,32017579,0.98990891,0.05250707,0.00829842,0.0,0.00768148,0.72910932,0.0,0.20240371,44972,6,0.01561687,1.900577
130,10,32017580,0.98899438,0.05673653,0.01070607,0.0,0.00805431,0.71912972,0.0,0.20537337,44972,6,0.01962756,1.900577
131,1,32017601,0.96719037,0.0581803,0.28737379,0.0,0.01190076,0.62848556,0.00274363,0.01131596,22927,6,0.01941656,0.9991269
131,2,32017602,0.96597369,0.05731704,0.28704109,0.0,0.01243773,0.6255521,0.00307173,0.01458031,22927,6,0.02154645,0.9991269
131,3,32017603,0.96988837,0.05689851,0.2953595,0.0,0.01106012,0.61761281,0.0022693,0.01679977,22927,6,0.02225157,0.9991269
131,4,32017604,0.96914786,0.05493194,0.29960077,0.0,0.01085051,0.61349711,0.00254353,0.01857614,22927,6,0.02345882,0.9991269
131,5,32017605,0.96847827,0.05591909,0.28831758,0.0,0.01145361,0.62477388,0.00257731,0.01695852,22927,6,0.02249228,0.9991269
131,6,32017606,0.96945622,0.05661323,0.28328765,0.0,0.0112602,0.63171704,0.0024045,0.01471737,18831,6,0.0207266,0.999077
131,7,32017607,0.96897717,0.05562071,0.29264125,0.0,0.01151773,0.62107718,0.00248749,0.01665563,22927,6,0.02768111,0.9991269
131,8,32017608,0.97050633,0.05640322,0.28335855,0.0,0.01089735,0.63103601,0.0024117,0.01589318,22927,6,0.01939975,0.9991269
131,9,32017609,0.96843315,0.0576063,0.28347334,0.0,0.01153668,0.63005355,0.00247123,0.0148589,22927,6,0.02192586,0.9991269
131,10,32017610,0.9700475,0.05594836,0.29432884,0.0,0.01060653,0.61916997,0.00250538,0.01744092,22927,6,0.02479658,0.9991269
132,1,32017631,0.99088614,0.02230072,0.0,0.0,0.0093096,0.19843054,0.0,0.76995914,16383,7,0.00252433,0.9997521
132,2,32017632,0.99089095,0.02234166,0.0,0.0,0.00928146,0.19865961,0.0,0.76971726,65535,7,0.00266879,0.9997521
132,3,32017633,0.99089975,0.02222729,0.0,0.0,0.00940648,0.19675485,0.0,0.77161138,30719,7,0.00284675,0.9997521
132,4,32017634,0.99089267,0.02227438,0.0,0.0,0.00913731,0.20021547,0.0,0.76837284,30719,7,0.00255625,0.9997521
132,5,32017635,0.99090509,0.02242632,0.0,0.0,0.00912445,0.19710693,0.0,0.7713423,65535,7,0.00298222,0.9997521
132,6,32017636,0.99089571,0.02217307,0.0,0.0,0.00934084,0.19432338,0.0,0.77416271,40831,7,0.00248347,0.9997521
132,7,32017637,0.99089554,0.02230111,0.0,0.0,0.00926469,0.19608091,0.0,0.77235329,45055,7,0.00284177,0.9997521
132,8,32017638,0.99088724,0.02221943,0.0,0.0,0.00932493,0.19983663,0.0,0.76861901,63487,7,0.00288033,0.9997521
132,9,32017639,0.99089504,0.02226671,0.0,0.0,0.00935119,0.19930186,0.0,0.76908024,30719,7,0.00254986,0.9997521
132,10,32017640,0.99089466,0.02221348,0.0,0.0,0.00940761,0.19739532,0.0,0.77098358,56831,7,0.00271746,0.999752
133,1,32017661,0.98848762,0.05164265,0.00114707,0.0,0.00493921,0.94225685,0.0,1.423e-05,52316,6,0.02485208,2.0565064
133,2,32017662,0.98849317,0.05155016,0.00131452,0.0,0.00484784,0.942273,0.0,1.447e-05,52316,6,0.03165483,2.0565064
133,3,32017663,0.98694316,0.05864436,0.00489166,0.0,0.00489059,0.89645323,0.0,0.03512014,50636,6,0.02820006,2.0565064
133,4,32017664,0.98972477,0.04631,0.00943878,0.0,0.00552976,0.85491713,0.0,0.08380433,52554,6,0.03178762,2.0565064
133,5,32017665,0.98786462,0.05842685,0.00217315,0.0,0.00443903,0.93364841,0.0,0.00131257,56412,6,0.04236652,2.0565397
133,6,32017666,0.98837692,0.05619839,0.00057989,0.0,0.00437951,0.93882825,0.0,1.396e-05,52316,6,0.04723138,2.0565064
133,7,32017667,0.98834801,0.0557735,0.00068598,0.0,0.00446179,0.93906459,0.0,1.413e-05,52316,6,0.03942024,2.0565064
133,8,32017668,0.99003507,0.05006671,0.01504203,0.0,0.00553252,0.79645195,0.0,0.13290679,51978,6,0.03337675,2.0565063
133,9,32017669,0.98881265,0.04268156,0.00159641,0.0,0.00545873,0.95024812,0.0,1.518e-05,52554,6,0.06651277,2.0565064
133,10,32017670,0.98832947,0.0556699,0.00090124,0.0,0.00438726,0.93902765,0.0,1.395e-05,56412,6,0.03679371,2.0565397
134,1,32017691,0.98307521,0.02109849,0.0,0.00111248,0.00074471,0.97692616,9.838e-05,1.978e-05,37067,6,0.00343981,0.9991879
134,2,32017692,0.98339236,0.02395742,0.0,0.0010769,0.00081815,0.97403864,8.257e-05,2.632e-05,63631,6,0.00307083,0.999388
134,3,32017693,0.98309813,0.02184297,0.0,0.0010987,0.00068848,0.97625076,9.939e-05,1.97e-05,63631,6,0.00345729,0.999388
134,4,32017694,0.98330609,0.02297635,0.0,0.00108351,0.00080273,0.97501829,8.557e-05,3.355e-05,30927,6,0.00367705,0.999388
134,5,32017695,0.98276493,0.01895818,0.0,0.00113595,0.00063039,0.97913595,0.00011772,2.181e-05,32971,6,0.00549712,0.9991879
134,6,32017696,0.98289315,0.02058829,0.0,0.00110868,0.00061599,0.97753873,0.00011191,3.64e-05,37071,6,0.00585964,0.9991879
134,7,32017697,0.98327707,0.02219912,0.0,0.00109994,0.00087682,0.9757041,8.741e-05,3.261e-05,63631,6,0.00415626,0.999388
134,8,32017698,0.98318961,0.02207992,0.0,0.00109884,0.00073653,0.97597111,9.332e-05,2.028e-05,63695,6,0.00308183,0.999388
134,9,32017699,0.98325104,0.02259995,0.0,0.00109103,0.00080372,0.97538971,8.956e-05,2.602e-05,30863,6,0.00310034,0.999388
134,10,32017700,0.98333228,0.02200068,0.0,0.00110757,0.00084779,0.97594198,8.136e-05,2.062e-05,30927,6,0.00423836,0.999388
135,1,32017721,0.98962116,0.05444938,0.32696682,8.303e-05,0.02255262,0.08688606,0.00260747,0.50645462,49069,7,0.03433168,1.2399904
135,2,32017722,0.98992287,0.05365525,0.32833806,5.75e-05,0.02069482,0.10315205,0.00224678,0.49185554,49069,7,0.03211037,1.2399904
135,3,32017723,0.99013817,0.05178597,0.33288436,9.172e-05,0.02272036,0.06342422,0.0024163,0.52667707,49069,7,0.04743915,1.2399904
135,4,32017724,0.98982317,0.05355859,0.33307386,9.499e-05,0.02183188,0.08769122,0.00237066,0.50137879,49069,7,0.03768603,1.2399904
135,5,32017725,0.98986362,0.0534118,0.33410482,7.437e-05,0.02151814,0.08167608,0.00237037,0.50684442,49069,7,0.03700979,1.2399904
135,6,32017726,0.99006681,0.05262838,0.3344439,5.6e-05,0.02130551,0.08325848,0.00230471,0.50600302,49069,7,0.03934222,1.2399904
135,7,32017727,0.98976692,0.05428847,0.3258407,5.723e-05,0.02150551,0.09878041,0.00220723,0.49732045,49069,7,0.02973489,1.2399904
135,8,32017728,0.98988293,0.0535808,0.33277379,6.535e-05,0.02188091,0.08090547,0.00234248,0.5084512,49069,7,0.03719013,1.2399904
135,9,32017729,0.98982696,0.05404732,0.33340424,9.14e-05,0.02234155,0.07756457,0.00233938,0.51021154,49069,7,0.03964995,1.2399904
135,10,32017730,0.98979619,0.05399167,0.33285635,4.343e-05,0.02193086,0.09111052,0.00236071,0.49770645,49069,7,0.03640071,1.2399904
136,1,32017751,0.98259903,0.09240787,0.28103258,0.0,0.03605218,0.0,0.00307952,0.58742784,23175,7,0.16515123,0.9996128
136,2,32017752,0.98256621,0.09010588,0.28296415,0.0,0.03319028,0.0,0.0046339,0.58910578,23175,7,0.16835883,0.9996128
136,3,32017753,0.9823665,0.09046759,0.28240058,0.0,0.03545516,0.0,0.0033114,0.58836527,23175,7,0.16994814,0.9996128
136,4,32017754,0.98242921,0.09303056,0.2845243,0.0,0.03617189,0.0,0.00442455,0.58184871,23175,7,0.16356455,0.9996128
136,5,32017755,0.98150823,0.09554025,0.28234918,0.0,0.03862848,0.0,0.00288824,0.58059386,23175,7,0.16895128,0.9996128
136,6,32017756,0.98208429,0.09597011,0.28162832,0.0,0.04197806,0.0,0.00403401,0.5763895,23175,7,0.15882166,0.9996128
136,7,32017757,0.98287147,0.08963321,0.28361749,0.0,0.03399014,0.0,0.00308361,0.58967554,23175,7,0.1693529,0.9996128
136,8,32017758,0.98206143,0.09474389,0.28070487,0.0,0.03925243,0.0,0.00345878,0.58184002,23175,7,0.17217823,0.9996128
136,9,32017759,0.98226335,0.09438853,0.28375231,0.0,0.04035178,0.0,0.00352193,0.57798545,23175,7,0.16722657,0.9996128
136,10,32017760,0.98246088,0.09198684,0.28041208,0.0,0.03333559,0.0,0.00365758,0.59060791,23175,7,0.1699422,0.9996128
137,1,32017781,0.9869984,0.01856056,0.0,0.00089113,0.00823674,0.19023791,0.0,0.78207364,15871,7,0.00270577,0.9996084
137,2,32017782,0.98702495,0.01852535,0.0,0.00089188,0.00820245,0.18730915,0.0,0.78507117,32255,7,0.00270129,0.9996084
137,3,32017783,0.98700212,0.01841542,0.0,0.00089264,0.00837721,0.18516007,0.0,0.78715466,8191,7,0.00274242,0.9996084
137,4,32017784,0.98700414,0.01855662,0.0,0.00089202,0.00828924,0.19523443,0.0,0.77702769,61439,7,0.00284384,0.9996084
137,5,32017785,0.98701255,0.01855003,0.0,0.00089434,0.00823083,0.18485298,0.0,0.78747181,49023,7,0.00292351,0.9996084
137,6,32017786,0.98699233,0.0186441,0.0,0.00088947,0.00832531,0.18863301,0.0,0.78350812,65535,7,0.00284772,0.9996084
137,7,32017787,0.98699682,0.01856213,0.0,0.00088773,0.00834742,0.19215159,0.0,0.78005114,32767,7,0.00291737,0.9996084
137,8,32017788,0.9870052,0.01855782,0.0,0.00088937,0.00828964,0.18360468,0.0,0.78865849,59391,7,0.00279227,0.9996084
137,9,32017789,0.98698904,0.01857398,0.0,0.00089133,0.00826021,0.18740026,0.0,0.78487422,49151,7,0.00281734,0.9996084
137,10,32017790,0.9869962,0.01863328,0.0,0.00089075,0.00827278,0.18477146,0.0,0.78743173,45055,7,0.00287131,0.9996084
138,1,32017811,0.97697164,0.19856845,0.10677055,0.0,0.00356968,0.60618516,0.0,0.08490616,55394,4,0.06276674,2.1757026
138,2,32017812,0.98947414,0.05846862,0.01623796,0.0,0.00463002,0.79869567,0.0,0.12196774,51980,6,0.0152593,2.1760874
138,3,32017813,0.98953049,0.05591688,0.01596172,0.0,0.00498084,0.79573583,0.0,0.12740474,51722,6,0.00928224,2.1757026
138,4,32017814,0.98239193,0.13244173,0.07483603,0.0,0.00406394,0.68594755,0.0,0.10271076,8354,4,0.01784197,2.1755528
138,5,32017815,0.98943486,0.06039474,0.01661074,0.0,0.00446692,0.80497718,0.0,0.11355041,51980,6,0.01662313,2.1760874
138,6,32017816,0.98943216,0.05969684,0.01700213,0.0,0.00430969,0.81040322,0.0,0.10858811,51980,6,0.01511931,2.1760874
138,7,32017817,0.98947602,0.05786958,0.01620839,0.0,0.00482162,0.8023259,0.0,0.11877451,53036,6,0.01031262,2.1760874
138,8,32017818,0.98254532,0.13043161,0.07248092,0.0,0.00405321,0.68660169,0.0,0.10643258,8354,4,0.01385324,2.1755528
138,9,32017819,0.98951241,0.05551688,0.0165668,0.0,0.00486659,0.80004619,0.0,0.12300353,51978,6,0.00902688,2.1760874
138,10,32017820,0.97666841,0.18342429,0.13184902,0.0,0.00305115,0.61087366,0.0,0.07080187,8354,4,0.04278163,2.1755528
139,1,32017841,0.98253903,0.01801127,0.02953286,0.00035882,0.00047356,0.951152,0.00046799,3.49e-06,36873,6,0.01756701,0.9992977
139,2,32017842,0.9825892,0.01782176,0.02924719,0.00034446,0.00040024,0.95174526,0.00043976,1.32e-06,32779,6,0.01746134,0.9992977
139,3,32017843,0.98263964,0.01784811,0.03018656,0.00035605,0.00040868,0.95077501,0.00042329,2.29e-06,32779,6,0.01616598,0.9992977
139,4,32017844,0.98263444,0.01788138,0.02898832,0.00035914,0.00038564,0.95193661,0.00044682,2.09e-06,32841,6,0.0182439,0.9992977
139,5,32017845,0.98260099,0.01800559,0.02955279,0.00036044,0.00040108,0.95124378,0.00043451,1.82e-06,32777,6,0.0168778,0.9992977
139,6,32017846,0.9823267,0.018107,0.02938182,0.000464,0.00049548,0.95094399,0.00060484,2.89e-06,36875,6,0.01738021,0.9992977
139,7,32017847,0.98252999,0.01818741,0.0300138,0.00035065,0.0004189,0.95054593,0.00048174,1.58e-06,32841,6,0.01626541,0.9992977
139,8,32017848,0.98264415,0.01779306,0.02939796,0.00035771,0.00040088,0.95162496,0.00042375,1.68e-06,32779,6,0.01647632,0.9992977
139,9,32017849,0.98252134,0.01780379,0.02911707,0.00036274,0.00042634,0.95179061,0.00049614,3.31e-06,36875,6,0.01687443,0.9992977
139,10,32017850,0.982444,0.01782078,0.0302721,0.00034206,0.00043863,0.95061998,0.00050497,1.48e-06,32777,6,0.01650119,0.9992977
140,1,32017871,0.99443059,0.02238957,0.00779556,0.0,0.00956588,0.12989305,0.0,0.83035594,62975,7,0.00435213,0.9998615
140,2,32017872,0.9944271,0.02237281,0.00825582,0.0,0.00948015,0.13586137,0.0,0.82402986,16383,7,0.00457221,0.9998615
140,3,32017873,0.99443751,0.02227094,0.0074829,0.0,0.00950937,0.13399452,0.0,0.82674227,61439,7,0.00472899,0.9998615
140,4,32017874,0.99443437,0.0223721,0.00797043,0.0,0.00952623,0.13344993,0.0,0.82668132,57343,7,0.00488282,0.9998615
140,5,32017875,0.99442918,0.02234909,0.00779345,0.0,0.00945252,0.13581965,0.0,0.8245853,65535,7,0.00458941,0.9998615
140,6,32017876,0.99442587,0.02236747,0.00820673,0.0,0.00946874,0.13631893,0.0,0.82363812,65535,7,0.00428416,0.9998615
140,7,32017877,0.994428,0.02249215,0.00827351,0.0,0.00942195,0.13347228,0.0,0.82634011,65535,7,0.00506433,0.9998615
140,8,32017878,0.99443654,0.02222945,0.00794015,0.0,0.00951115,0.13236031,0.0,0.82795894,65527,7,0.00476181,0.9998365
140,9,32017879,0.9944355,0.0223365,0.00770573,0.0,0.00954109,0.12932362,0.0,0.83109306,65535,7,0.00449821,0.9998615
140,10,32017880,0.99443647,0.02234773,0.00790513,0.0,0.00949671,0.13687366,0.0,0.82337677,65535,7,0.00444182,0.9998615
141,1,32017901,0.98867659,0.04882224,0.00280445,0.0,0.00529321,0.9337326,0.0,0.0093475,52554,6,0.03424619,1.8075825
141,2,32017902,0.98953164,0.04887232,0.00744907,0.0,0.00550568,0.87746682,0.0,0.06070611,56650,6,0.01892965,1.8076158
141,3,32017903,0.98915732,0.05326949,0.00543895,0.0,0.00498737,0.88972718,0.0,0.04657701,52316,6,0.02585646,1.8075825
141,4,32017904,0.99089175,0.04727915,0.01464486,0.0,0.00559612,0.78725244,0.0,0.14522743,51978,6,0.03217476,1.8075825
141,5,32017905,0.99086474,0.04734018,0.01384401,0.0,0.00575499,0.7853019,0.0,0.14775892,51978,6,0.03225432,1.8075825
141,6,32017906,0.9887589,0.0473299,0.00083279,0.0,0.00532748,0.946494,0.0,1.582e-05,52554,6,0.0417365,1.8075825
141,7,32017907,0.99067121,0.04746242,0.0137722,0.0,0.00559627,0.7976244,0.0,0.13554471,51978,6,0.02923058,1.8075825
141,8,32017908,0.99029025,0.04916448,0.01033563,0.0,0.00554877,0.82218781,0.0,0.11276331,51978,6,0.02337857,1.8075825
141,9,32017909,0.9887879,0.0466763,0.0008144,0.0,0.00531714,0.94717626,0.0,1.59e-05,52554,6,0.04372321,1.8075825
141,10,32017910,0.98889817,0.05381191,0.00386846,0.0,0.00511006,0.90209184,0.0,0.03511773,52316,6,0.03046028,1.8075825
142,1,32017931,0.98486648,0.02563312,0.0,0.00115291,0.00041936,0.97271991,6.496e-05,9.74e-06,31711,6,0.00361702,0.9995513
142,2,32017932,0.98493174,0.02607772,0.0,0.00115419,0.00042014,0.9722761,6.489e-05,6.96e-06,36831,6,0.0032699,0.9995512
142,3,32017933,0.98478284,0.02535266,0.0,0.00115549,0.0004305,0.97298825,6.53e-05,7.8e-06,36831,6,0.00313546,0.9995512
142,4,32017934,0.98495077,0.02611813,0.0,0.00114942,0.00041561,0.97224665,6.507e-05,5.12e-06,32735,6,0.00341562,0.9995513
142,5,32017935,0.98492138,0.0260253,0.0,0.00115112,0.00040744,0.97234613,6.517e-05,4.83e-06,64351,6,0.00338445,0.9995513
142,6,32017936,0.98494839,0.02626892,0.0,0.00115157,0.0003961,0.97211313,6.52e-05,5.08e-06,40927,6,0.00422341,0.9995513
142,7,32017937,0.98471565,0.02513779,0.0,0.00116105,0.00045236,0.97317565,6.54e-05,7.75e-06,48095,6,0.00312288,0.9995512
142,8,32017938,0.98494083,0.0261381,0.0,0.00114947,0.00042097,0.97222139,6.511e-05,4.97e-06,63455,6,0.00392775,0.9995513
142,9,32017939,0.98492759,0.02602697,0.0,0.00115293,0.00041558,0.97233361,6.528e-05,5.63e-06,57311,6,0.00354236,0.9995513
142,10,32017940,0.98491716,0.02600518,0.0,0.00115174,0.00041369,0.97235497,6.515e-05,9.25e-06,65375,6,0.00366409,0.9995513
143,1,32017961,0.99046092,0.05147014,0.00696105,0.0,0.0084851,0.7073438,0.0,0.22573991,44972,6,0.01664103,1.7629642
143,2,32017962,0.99010856,0.05455451,0.00774824,0.0,0.00763855,0.73424426,0.0,0.19581444,53164,6,0.01358751,1.7629642
143,3,32017963,0.99043113,0.05220683,0.0072275,0.0,0.00818184,0.72058819,0.0,0.21179564,44972,6,0.01562485,1.7629642
143,4,32017964,0.99040687,0.05206758,0.00723418,0.0,0.00815452,0.71790997,0.0,0.21463374,44972,6,0.01537407,1.7629642
143,5,32017965,0.99014589,0.05504492,0.00858747,0.0,0.00758635,0.73274578,0.0,0.19603548,53164,6,0.01191895,1.7629642
143,6,32017966,0.9902011,0.05548336,0.00862554,0.0,0.00781483,0.7380269,0.0,0.19004937,53164,6,0.01136317,1.7629642
143,7,32017967,0.99007228,0.0533881,0.00734798,0.0,0.00769852,0.7137343,0.0,0.21783109,53164,6,0.01644257,1.7629642
143,8,32017968,0.99003773,0.05317776,0.00711979,0.0,0.0081449,0.7221638,0.0,0.20939375,53164,6,0.01074407,1.7629642
143,9,32017969,0.99047971,0.05118308,0.0069436,0.0,0.00842422,0.71164681,0.0,0.22180228,44972,6,0.01809005,1.7629642
143,10,32017970,0.9901416,0.05364256,0.00766847,0.0,0.0083855,0.72231107,0.0,0.20799239,44972,6,0.01540611,1.7629642
144,1,32017991,0.96433037,0.06933283,0.3266744,0.0,0.01904783,0.54795878,0.00218815,0.03479801,22919,6,0.04335627,0.9992589
144,2,32017992,0.96639439,0.06667887,0.32927198,0.0,0.0184392,0.55227854,0.00210582,0.03122559,22919,6,0.04386599,0.9992589
144,3,32017993,0.96826044,0.06546342,0.33453037,0.0,0.01759709,0.54792407,0.00172716,0.03275789,22927,6,0.04510427,0.9993338
144,4,32017994,0.96627572,0.06715562,0.33384663,0.0,0.01825855,0.54689924,0.00172084,0.03211912,22927,6,0.04356375,0.9993338
144,5,32017995,0.96578953,0.06727741,0.32576088,0.0,0.01886035,0.55613664,0.00206508,0.02989964,22927,6,0.04687696,0.9993338
144,6,32017996,0.96675546,0.06695062,0.33053702,0.0,0.01763477,0.54989622,0.00191391,0.03306745,22927,6,0.04394117,0.9993338
144,7,32017997,0.96553729,0.06829457,0.33253644,0.0,0.01872378,0.544535,0.00203502,0.03387519,22927,6,0.04424622,0.9993338
144,8,32017998,0.96843316,0.06546895,0.32829572,0.0,0.01707363,0.55441481,0.00179369,0.0329532,22927,6,0.04470401,0.9993338
144,9,32017999,0.96794694,0.06484812,0.32810017,0.0,0.01750142,0.55350238,0.00193746,0.03411046,22927,6,0.04644444,0.9993338
144,10,32018000,0.96931555,0.06454537,0.3316892,0.0,0.01601465,0.5519999,0.00176889,0.033982,22927,6,0.04286027,0.9993338
145,1,32018021,0.98895001,0.02004282,0.0,0.00021509,0.00921809,0.18431629,0.0,0.7862077,51199,7,0.00304395,0.9996779
145,2,32018022,0.98894899,0.02023154,0.0,0.00021466,0.00910221,0.19108765,0.0,0.77936394,65535,7,0.00280346,0.999678
145,3,32018023,0.98894714,0.02001055,0.0,0.00021518,0.00926211,0.1816729,0.0,0.78883925,32767,7,0.00299786,0.999678
145,4,32018024,0.98894764,0.02020888,0.0,0.00021469,0.00909228,0.18828482,0.0,0.78219932,60927,7,0.00292258,0.9996779
145,5,32018025,0.98894064,0.02016124,0.0,0.00021505,0.00916014,0.18862982,0.0,0.78183375,63359,7,0.00305025,0.999678
145,6,32018026,0.98894678,0.02025582,0.0,0.00021439,0.00914362,0.18801458,0.0,0.78237158,65535,7,0.00278197,0.999678
145,7,32018027,0.9889434,0.02012896,0.0,0.00021484,0.0091426,0.19464598,0.0,0.77586762,15871,7,0.00294498,0.9996779
145,8,32018028,0.98895064,0.0201164,0.0,0.00021487,0.00905441,0.18255525,0.0,0.78805907,49023,7,0.00310385,0.999678
145,9,32018029,0.98895062,0.02018011,0.0,0.00021498,0.00913023,0.18550782,0.0,0.78496685,65023,7,0.00298807,0.9996779
145,10,32018030,0.98894202,0.02018536,0.0,0.00021486,0.00928442,0.18738995,0.0,0.7829254,65023,7,0.00305091,0.9996779
146,1,32018051,0.98947831,0.05619664,0.01195123,0.0,0.00527787,0.79288058,0.0,0.13369369,51978,6,0.0100829,2.2575978
146,2,32018052,0.9897831,0.05285639,0.01111466,0.0,0.00520135,0.7962676,0.0,0.13456,56074,6,0.01261007,2.2576311
146,3,32018053,0.98957616,0.05620989,0.01185056,0.0,0.00514747,0.79863283,0.0,0.12815924,51980,6,0.0111993,2.2575978
146,4,32018054,0.98962336,0.05529379,0.01135675,0.0,0.0051005,0.7908728,0.0,0.13737615,51980,6,0.01308373,2.2575978
146,5,32018055,0.989612,0.05583279,0.01177812,0.0,0.00518705,0.79168366,0.0,0.13551837,51980,6,0.01116988,2.2575978
146,6,32018056,0.98099085,0.08260298,0.01718911,0.0,0.00460404,0.78352841,0.0,0.11207545,51980,6,0.01539058,2.2575978
146,7,32018057,0.9897873,0.05352892,0.01127677,0.0,0.00538149,0.79471829,0.0,0.13509453,51978,6,0.01386566,2.2575978
146,8,32018058,0.98711127,0.06210366,0.01227805,0.0,0.00521263,0.78981245,0.0,0.13059321,56076,6,0.01062072,2.2576311
146,9,32018059,0.98938077,0.05836036,0.01196974,0.0,0.00509847,0.79746645,0.0,0.12710498,51980,6,0.01579017,2.2575978
146,10,32018060,0.98947059,0.05857803,0.01201451,0.0,0.00492124,0.79652835,0.0,0.12795787,51980,6,0.01774746,2.2575978
147,1,32018081,0.98203461,0.01730821,0.0,0.00079548,0.00050552,0.9812106,0.00017167,8.51e-06,32841,6,0.0108149,0.9992034
147,2,32018082,0.98217931,0.02011179,0.0,0.0007571,0.00084743,0.97813976,0.0001283,1.563e-05,32911,6,0.00619168,0.9992032
147,3,32018083,0.98201921,0.01686148,0.0,0.0007948,0.00050381,0.9816699,0.0001636,6.41e-06,32911,6,0.0101878,0.9992032
147,4,32018084,0.98218485,0.01998654,0.0,0.0007646,0.00084941,0.97825616,0.0001292,1.409e-05,32907,6,0.00557541,0.9992032
147,5,32018085,0.98213323,0.01817095,0.0,0.0008005,0.00069866,0.98016404,0.00014648,1.937e-05,32905,6,0.00826096,0.9992032
147,6,32018086,0.98193939,0.01455683,0.0,0.00084679,0.00034825,0.98405194,0.00019322,2.97e-06,32907,6,0.01314043,0.9992032
147,7,32018087,0.98203645,0.01624058,0.0,0.00081947,0.00050662,0.98224932,0.00017595,8.06e-06,32971,6,0.01160236,0.9992032
147,8,32018088,0.98204539,0.01749179,0.0,0.00079515,0.0005642,0.98097659,0.00016509,7.18e-06,32975,6,0.01079094,0.9992032
147,9,32018089,0.98204114,0.01685913,0.0,0.00081331,0.0005799,0.98156937,0.00016513,1.316e-05,32907,6,0.01032494,0.9992032
147,10,32018090,0.98204246,0.01744721,0.0,0.0007899,0.00057477,0.98102139,0.00015796,8.77e-06,32975,6,0.00995102,0.9992032
148,1,32018111,0.99817412,0.02838506,0.0885989,0.0,0.01558607,0.02552859,0.0,0.84190138,57343,7,0.00330344,0.9999848
148,2,32018112,0.99816789,0.02812691,0.08687259,0.0,0.01557976,0.02565152,0.0,0.84376922,65535,7,0.00342686,0.9999848
148,3,32018113,0.99816744,0.02851082,0.08902838,0.0,0.01554232,0.02549695,0.0,0.84142153,57343,7,0.00303008,0.9999848
148,4,32018114,0.99817595,0.02850427,0.08761251,0.0,0.01527273,0.02681912,0.0,0.84179137,65407,7,0.0031005,0.9999848
148,5,32018115,0.99817307,0.02839392,0.08683872,0.0,0.01558211,0.02537562,0.0,0.84380963,32767,7,0.00311518,0.9999848
148,6,32018116,0.99817405,0.02831454,0.0880198,0.0,0.01565418,0.02558954,0.0,0.84242194,63487,7,0.00315908,0.9999848
148,7,32018117,0.99817443,0.02840334,0.08781559,0.0,0.01570756,0.02624339,0.0,0.84183012,61439,7,0.00368818,0.9999847
148,8,32018118,0.99817152,0.02852898,0.0896281,0.0,0.01562191,0.02555787,0.0,0.84066314,63487,7,0.00302758,0.9999848
148,9,32018119,0.99817216,0.02842275,0.08759734,0.0,0.01533054,0.02708359,0.0,0.84156578,57343,7,0.00333246,0.9999848
148,10,32018120,0.99817434,0.02827573,0.08954725,0.0,0.01562566,0.02570091,0.0,0.84085045,40959,7,0.00345043,0.9999848
149,1,32018141,0.98476549,0.05765993,0.21428554,0.0,0.01169696,0.47726729,0.00079877,0.23829151,51970,6,0.0173386,1.369736
149,2,32018142,0.98433356,0.05969545,0.22173734,0.0,0.01183149,0.478644,0.00085462,0.22723711,51978,6,0.01727723,1.3697693
149,3,32018143,0.98403583,0.06013749,0.21368383,0.0,0.01240808,0.48076658,0.00082858,0.23217543,51978,6,0.01896381,1.3697693
149,4,32018144,0.98476608,0.05750166,0.21426596,0.0,0.01180725,0.47347581,0.00082486,0.24212446,51978,6,0.01843182,1.3697693
149,5,32018145,0.98553283,0.05562277,0.21088047,0.0,0.01134442,0.4850569,0.00073837,0.23635706,51978,6,0.02036123,1.3697693
149,6,32018146,0.98422332,0.05874935,0.21456971,0.0,0.01221149,0.48462179,0.0008665,0.22898117,51978,6,0.02233514,1.3697693
149,7,32018147,0.98454595,0.05820827,0.21452284,0.0,0.01146217,0.47794336,0.00086944,0.23699392,51978,6,0.01761662,1.3697693
149,8,32018148,0.98484001,0.05694309,0.2121148,0.0,0.01172495,0.47968395,0.0008477,0.23868551,51978,6,0.02134019,1.3697693
149,9,32018149,0.98395081,0.06003469,0.21536949,0.0,0.0126714,0.47586583,0.00091191,0.23514668,51978,6,0.01986252,1.3697693
149,10,32018150,0.98436792,0.05896322,0.21680173,0.0,0.01214703,0.48188936,0.0007563,0.22944237,51978,6,0.02211633,1.3697693
150,1,32018171,0.98573007,0.0185538,0.0,0.0011221,0.00711684,0.22046592,0.0,0.75274133,30687,7,0.00298204,0.9995566
150,2,32018172,0.98572424,0.01840981,0.0,0.00112161,0.00710971,0.2171994,0.0,0.75615946,32735,7,0.00324793,0.9995566
150,3,32018173,0.98571859,0.01866123,0.0,0.00112083,0.00703132,0.22658492,0.0,0.74660171,65375,7,0.00314337,0.9995566
150,4,32018174,0.98573102,0.0186141,0.0,0.00112451,0.00700611,0.22707423,0.0,0.74618106,63455,7,0.00303381,0.9995566
150,5,32018175,0.98572215,0.01852386,0.0,0.00112369,0.00716367,0.22395685,0.0,0.74923192,65503,7,0.00321502,0.9995566
150,6,32018176,0.98572776,0.01849688,0.0,0.00112211,0.00714136,0.22011765,0.0,0.753122,63455,7,0.00335341,0.9995566
150,7,32018177,0.98570921,0.01841424,0.0,0.00112182,0.00704424,0.2214723,0.0,0.7519474,65375,7,0.00297981,0.9995566
150,8,32018178,0.98574182,0.01843871,0.0,0.00112453,0.00714406,0.2106136,0.0,0.7626791,65503,7,0.00328726,0.9995566
150,9,32018179,0.98573493,0.01836417,0.0,0.00112463,0.00719123,0.2146046,0.0,0.75871538,61407,7,0.00366579,0.9995566
150,10,32018180,0.98574314,0.01859373,0.0,0.00112246,0.0072053,0.21726094,0.0,0.75581756,32735,7,0.00330299,0.9995566
151,1,32018201,0.93540954,0.59299899,0.40459894,0.0,0.00123213,0.00115966,0.0,1.028e-05,47867,4,0.24072523,2.1652167
151,2,32018202,0.93536373,0.59346259,0.40427425,0.0,0.00125209,0.00100067,0.0,1.039e-05,47867,4,0.24684102,2.1652167
151,3,32018203,0.9354552,0.59250497,0.40433245,0.0,0.00124895,0.00190313,0.0,1.049e-05,47867,4,0.2418353,2.1652167
151,4,32018204,0.93538906,0.59327205,0.40448828,0.0,0.00121874,0.00101041,0.0,1.052e-05,47867,4,0.24112191,2.1652167
151,5,32018205,0.93539135,0.59323134,0.40450154,0.0,0.00125476,0.00100186,0.0,1.049e-05,47867,4,0.24374911,2.1652167
151,6,32018206,0.9353596,0.59328454,0.40447483,0.0,0.00122637,0.00100372,0.0,1.054e-05,47867,4,0.24262957,2.1652167
151,7,32018207,0.93571393,0.59023014,0.40298369,0.0,0.00121936,0.0055563,0.0,1.051e-05,47867,4,0.2444283,2.1652167
151,8,32018208,0.93546285,0.59256387,0.40483412,0.0,0.001251,0.00134051,0.0,1.051e-05,47867,4,0.23827884,2.1652167
151,9,32018209,0.93546569,0.59285322,0.40350837,0.0,0.00122963,0.00239833,0.0,1.044e-05,47867,4,0.23688803,2.1652167
151,10,32018210,0.93536451,0.59350432,0.40412624,0.0,0.00123645,0.00112256,0.0,1.042e-05,47867,4,0.23841011,2.1652167
152,1,32018231,0.98256808,0.02010186,0.02443329,3.07e-06,0.00056067,0.95416067,0.0007387,1.74e-06,32777,6,0.02262883,0.9993532
152,2,32018232,0.98229001,0.02032509,0.02419672,0.00018224,0.00069971,0.953872,0.00072287,1.36e-06,32777,6,0.02008697,0.9993532
152,3,32018233,0.98255989,0.02026953,0.02410436,3.17e-06,0.00056626,0.95432919,0.0007262,1.29e-06,32779,6,0.02182328,0.9993532
152,4,32018234,0.98260934,0.0201672,0.02406985,3.08e-06,0.00055959,0.95449662,0.00070214,1.52e-06,32841,6,0.02231615,0.9993532
152,5,32018235,0.98250186,0.02054287,0.02434961,3.24e-06,0.00061546,0.95370143,0.00077808,9.31e-06,32777,6,0.02097032,0.9993532
152,6,32018236,0.98249524,0.02031705,0.02453588,3.49e-06,0.00062851,0.95369998,0.00075863,5.646e-05,32843,6,0.02291666,0.9993532
152,7,32018237,0.98224232,0.02040888,0.0244679,0.00017354,0.00063639,0.95333495,0.00083222,0.00014612,32779,6,0.02186611,0.9993532
152,8,32018238,0.98237459,0.02053409,0.02536578,8.22e-05,0.0006227,0.95253313,0.00079626,6.583e-05,32779,6,0.02143446,0.9993532
152,9,32018239,0.9820386,0.02067137,0.02472018,0.00028442,0.00068806,0.9526639,0.00093752,3.455e-05,32777,6,0.0213658,0.9993532
152,10,32018240,0.98255418,0.02020487,0.02444877,3.09e-06,0.00062802,0.95399537,0.00071002,9.87e-06,32845,6,0.02000634,0.9993532
153,1,32018261,0.99215888,0.02101484,0.00742074,0.0,0.00923241,0.13407402,0.0,0.82825798,55295,7,0.00626235,0.9997816
153,2,32018262,0.99216411,0.02102185,0.00759298,0.0,0.00923351,0.13551169,0.0,0.82663997,53247,7,0.00655637,0.9997815
153,3,32018263,0.99216664,0.02083144,0.0077784,0.0,0.00926466,0.13314182,0.0,0.82898368,65535,7,0.00662074,0.9997816
153,4,32018264,0.99215518,0.02109321,0.00776328,0.0,0.00921013,0.13681849,0.0,0.82511489,65023,7,0.0059728,0.9997815
153,5,32018265,0.99216067,0.02096043,0.00753915,0.0,0.0093432,0.13024337,0.0,0.83191385,65535,7,0.00688051,0.9997816
153,6,32018266,0.99215771,0.02101293,0.00802649,0.0,0.0092647,0.13404284,0.0,0.82765304,65535,7,0.00644696,0.9997816
153,7,32018267,0.99216021,0.02099454,0.00773567,0.0,0.00919263,0.1347519,0.0,0.82732526,49151,7,0.00697576,0.9997816
153,8,32018268,0.99216074,0.02109019,0.00766866,0.0,0.00916772,0.13645762,0.0,0.82561581,56831,7,0.00657288,0.9997815
153,9,32018269,0.99216031,0.02110516,0.00800506,0.0,0.00921895,0.1325378,0.0,0.82913303,65535,7,0.0064804,0.9997816
153,10,32018270,0.99215994,0.0210437,0.00759137,0.0,0.00915894,0.14040882,0.0,0.82179717,53247,7,0.00617333,0.9997815
154,1,32018291,0.98917234,0.05167097,0.00849249,0.0,0.00518259,0.85982936,0.0,0.07482459,52316,6,0.01970779,2.1184933
154,2,32018292,0.98976608,0.0485827,0.01490771,0.0,0.00554314,0.79016289,0.0,0.14080356,51978,6,0.03401703,2.1184933
154,3,32018293,0.99046353,0.04663714,0.01442692,0.0,0.00537458,0.79427361,0.0,0.13928775,51978,6,0.03672527,2.1184933
154,4,32018294,0.9882667,0.05398562,0.00303656,0.0,0.00469962,0.93158432,0.0,0.00669388,52316,6,0.03585828,2.1184933
154,5,32018295,0.98936105,0.05174776,0.00789246,0.0,0.00520457,0.86650511,0.0,0.0686501,52316,6,0.01968974,2.1184933
154,6,32018296,0.98853625,0.0547586,0.00298415,0.0,0.00453968,0.91846688,0.0,0.01925069,56412,6,0.0398377,2.1185266
154,7,32018297,0.98853385,0.04935134,0.00063676,0.0,0.00497902,0.9450182,0.0,1.468e-05,52554,6,0.03907704,2.1184933
154,8,32018298,0.99056245,0.04727262,0.01453352,0.0,0.00550843,0.78717761,0.0,0.14550783,51978,6,0.03494046,2.1184933
154,9,32018299,0.98887624,0.05068263,0.0047559,0.0,0.00505838,0.91000609,0.0,0.029497,52554,6,0.02235766,2.1184933
154,10,32018300,0.98888416,0.05325071,0.00645392,0.0,0.00504653,0.87938151,0.0,0.05586733,50636,6,0.02289049,2.1184933
155,1,32018321,0.98329337,0.02330591,0.0,0.00134542,0.00061118,0.97464345,7.884e-05,1.52e-05,30927,6,0.0026693,0.9993398
155,2,32018322,0.98342854,0.02397901,0.0,0.00134044,0.00059291,0.97399143,7.76e-05,1.861e-05,39903,6,0.00273794,0.9995397
155,3,32018323,0.98360945,0.02589154,0.0,0.00135365,0.00050873,0.97214855,7.85e-05,1.903e-05,40927,6,0.00307968,0.9995397
155,4,32018324,0.98358317,0.02527008,0.0,0.00135534,0.0005255,0.97276153,7.803e-05,9.52e-06,35679,6,0.00343643,0.9995397
155,5,32018325,0.98345242,0.02472943,0.0,0.00135683,0.00057884,0.97324168,7.916e-05,1.406e-05,35295,6,0.00310106,0.9995396
155,6,32018326,0.98364603,0.02577119,0.0,0.00135663,0.00050191,0.97227971,7.821e-05,1.235e-05,65503,6,0.0032335,0.9995397
155,7,32018327,0.98354613,0.02521362,0.0,0.00135159,0.00053436,0.97281242,7.779e-05,1.021e-05,40927,6,0.00326856,0.9995397
155,8,32018328,0.98321141,0.02255095,0.0,0.00134759,0.00065263,0.97533487,7.829e-05,3.567e-05,30863,6,0.00322977,0.9993399
155,9,32018329,0.98348768,0.02483013,0.0,0.00135143,0.00054003,0.97318625,7.948e-05,1.267e-05,36831,6,0.00311794,0.9995397
155,10,32018330,0.98328165,0.02278628,0.0,0.00134371,0.00065205,0.9751039,7.818e-05,3.588e-05,35679,6,0.00268049,0.9995397
156,1,32018351,0.98512359,0.06524404,0.1199879,5.266e-05,0.01822097,0.5191756,0.00376767,0.27355116,44973,7,0.01257213,1.5337595
156,2,32018352,0.98555212,0.06338351,0.12562619,3.885e-05,0.01802676,0.51931928,0.00342485,0.27018057,44973,7,0.01385943,1.5337595
156,3,32018353,0.98536153,0.06380298,0.12721119,5.403e-05,0.01777807,0.51599105,0.00372328,0.2714394,44973,7,0.01146048,1.5337595
156,4,32018354,0.98466612,0.06531302,0.12242996,0.00010347,0.01910683,0.51154894,0.00384401,0.27765377,44973,7,0.01288767,1.5337595
156,5,32018355,0.98511903,0.06539573,0.12282429,0.00012064,0.01832849,0.51701822,0.00365217,0.27266046,44973,7,0.01313588,1.5337595
156,6,32018356,0.98544642,0.0639769,0.12142193,6.963e-05,0.0176838,0.51681299,0.00362807,0.27640669,44973,7,0.01386118,1.5337595
156,7,32018357,0.98559692,0.06315533,0.12380665,0.00011447,0.01791438,0.51283696,0.00355056,0.27862164,44973,7,0.01497531,1.5337595
156,8,32018358,0.98481103,0.06663751,0.13018251,7.254e-05,0.01855636,0.52706407,0.00365819,0.25382882,52765,6,0.01586493,1.5338661
156,9,32018359,0.98447509,0.0661965,0.12078661,0.00012351,0.0200101,0.50393743,0.0039903,0.28495555,44973,7,0.01501839,1.5337595
156,10,32018360,0.98549466,0.06354969,0.12477195,0.00010768,0.01805691,0.51164973,0.00343352,0.27843051,44973,7,0.01214418,1.5337595
157,1,32018381,0.98088687,0.06915367,0.32802417,0.0,0.01177046,0.0,0.00125992,0.58979178,23175,7,0.17369776,0.9994969
157,2,32018382,0.98048491,0.06976111,0.33334784,0.0,0.01260467,0.0,0.00110669,0.5831797,23175,7,0.17138717,0.9994969
157,3,32018383,0.98126611,0.06750449,0.33090337,0.0,0.01147549,0.0,0.00111771,0.58899895,23175,7,0.17294549,0.9994969
157,4,32018384,0.98009735,0.06993673,0.32801588,0.0,0.01329212,0.0,0.00109414,0.58766113,23175,7,0.16629295,0.9994969
157,5,32018385,0.98099054,0.06839289,0.32618827,0.0,0.01159512,0.0,0.00130711,0.5925166,23175,7,0.16742815,0.9994969
157,6,32018386,0.98071832,0.06846969,0.33110048,0.0,0.01236704,0.0,0.00155315,0.58650965,23175,7,0.17255414,0.9994969
157,7,32018387,0.980989,0.06828381,0.33149798,0.0,0.01192815,0.0,0.0012422,0.58704786,23175,7,0.17703258,0.9994969
157,8,32018388,0.9798054,0.07000041,0.32880866,0.0,0.01314538,0.0,0.00123453,0.58681102,23175,7,0.16989663,0.9994969
157,9,32018389,0.98154622,0.06765693,0.32994263,0.0,0.01119978,0.0,0.00136728,0.58983338,23175,7,0.17229478,0.9994969
157,10,32018390,0.98015319,0.07065516,0.33132113,0.0,0.01277758,0.0,0.00081023,0.58443589,23175,7,0.16559323,0.9994969
158,1,32018411,0.98710428,0.01800092,0.0,0.00065819,0.00866816,0.17418496,0.0,0.79848777,56831,7,0.00327546,0.9996066
158,2,32018412,0.98709815,0.01819241,0.0,0.00065833,0.0086525,0.17875731,0.0,0.79373945,32639,7,0.0028684,0.9996067
158,3,32018413,0.98710208,0.01808896,0.0,0.00066018,0.00859437,0.17526132,0.0,0.79739517,36863,7,0.00321555,0.9996067
158,4,32018414,0.98711009,0.01802948,0.0,0.00065738,0.00867597,0.16986449,0.0,0.80277268,54783,7,0.0031624,0.9996066
158,5,32018415,0.98709436,0.01820538,0.0,0.00066016,0.00848566,0.17946997,0.0,0.79317882,49151,7,0.00334188,0.9996067
158,6,32018416,0.98708972,0.0182104,0.0,0.00066212,0.00844808,0.17990407,0.0,0.79277533,63487,7,0.00317881,0.9996067
158,7,32018417,0.98710783,0.01816105,0.0,0.00066062,0.00852472,0.17649836,0.0,0.79615525,65535,7,0.00302137,0.9996067
158,8,32018418,0.98708791,0.01793728,0.0,0.0006593,0.00861766,0.1768167,0.0,0.79596906,57215,7,0.00328452,0.9996067
158,9,32018419,0.9870926,0.0181991,0.0,0.00065677,0.00854218,0.17960947,0.0,0.79299247,47103,7,0.00294833,0.9996067
158,10,32018420,0.98710782,0.01815434,0.0,0.00065819,0.00860048,0.16927151,0.0,0.80331548,30719,7,0.00300457,0.9996067
159,1,32018441,0.98941428,0.05845845,0.0125304,0.0,0.00470703,0.80364551,0.0,0.12065861,51980,6,0.01652728,2.3840121
159,2,32018442,0.97061728,0.17860763,0.09285374,0.0,0.00400332,0.63494234,0.0,0.08959298,8354,4,0.02813019,2.383436
159,3,32018443,0.98968362,0.04830044,0.01353645,0.0,0.00507939,0.80692637,0.0,0.12615735,55818,6,0.01647892,2.3836356
159,4,32018444,0.98962798,0.05324901,0.01321424,0.0,0.00506391,0.80176591,0.0,0.12670693,51722,6,0.01259979,2.3835857
159,5,32018445,0.98411571,0.09300358,0.03168058,0.0,0.00465731,0.76251023,0.0,0.1081483,56074,6,0.00876045,2.3840454
159,6,32018446,0.98960642,0.05271305,0.01270196,0.0,0.00532248,0.78933948,0.0,0.13992303,56074,6,0.01198512,2.3840454
159,7,32018447,0.98935728,0.05996929,0.01326463,0.0,0.00464626,0.80241747,0.0,0.11970236,51980,6,0.0204799,2.3840121
159,8,32018448,0.98948203,0.05602489,0.01273046,0.0,0.00508184,0.78916325,0.0,0.13699955,51980,6,0.01120194,2.3840121
159,9,32018449,0.98962766,0.05254014,0.01244832,0.0,0.005263,0.79354798,0.0,0.13620055,55818,6,0.01335346,2.3836356
159,10,32018450,0.98938136,0.05840346,0.01344276,0.0,0.00485968,0.79206065,0.0,0.13123345,51980,6,0.01731844,2.3840121
160,1,32018471,0.98122828,0.01634088,0.03343276,0.00062654,0.00036231,0.94879847,0.00043758,1.46e-06,32777,6,0.01758048,0.9992378
160,2,32018472,0.98152256,0.01632058,0.0337788,0.00039806,0.00036206,0.94882689,0.00031016,3.44e-06,32843,6,0.01768076,0.9992377
160,3,32018473,0.9815016,0.01666948,0.03431174,0.00038356,0.00038853,0.94794073,0.00030349,2.49e-06,32779,6,0.01607635,0.9992378
160,4,32018474,0.98154772,0.016189,0.0340388,0.00039056,0.00037088,0.948665,0.00031409,3.167e-05,36937,6,0.01759233,0.9992377
160,5,32018475,0.98125632,0.01647043,0.03350355,0.00079963,0.00035905,0.94851749,0.00031254,3.731e-05,32779,6,0.01730329,0.9992378
160,6,32018476,0.98153745,0.01631348,0.03433221,0.00038261,0.00037113,0.94827527,0.00032008,5.22e-06,32843,6,0.01862119,0.9992377
160,7,32018477,0.98155066,0.01620049,0.0326508,0.00039647,0.00033239,0.95010946,0.00030905,1.34e-06,32841,6,0.01747077,0.9992377
160,8,32018478,0.98145944,0.01686025,0.03281208,0.00037573,0.0004417,0.94921181,0.00029565,2.78e-06,32841,6,0.01665302,0.9992377
160,9,32018479,0.98143282,0.01642987,0.03492669,0.00039116,0.00036528,0.94749548,0.00037334,1.818e-05,32841,6,0.01880958,0.9992377
160,10,32018480,0.98151967,0.01632695,0.03314976,0.00038618,0.0003488,0.94945346,0.00033319,1.67e-06,32779,6,0.0167866,0.9992378
161,1,32018501,0.99581062,0.02300086,0.06437344,0.0,0.01041849,0.0709969,0.0,0.83121032,49151,7,0.00360126,0.9999084
161,2,32018502,0.99582393,0.02296759,0.06142251,0.0,0.01048053,0.06815297,0.0,0.8369764,65535,7,0.00375178,0.9999084
161,3,32018503,0.99581228,0.02313043,0.06062151,0.0,0.01050944,0.06593403,0.0,0.83980459,65535,7,0.00375686,0.9999084
161,4,32018504,0.99583092,0.0229169,0.06385166,0.0,0.01056413,0.06863385,0.0,0.83403346,65535,7,0.00391509,0.9999084
161,5,32018505,0.9958325,0.02297439,0.06475746,0.0,0.01047046,0.06715402,0.0,0.83464366,65023,7,0.0041573,0.9999084
161,6,32018506,0.99581832,0.02296107,0.06389061,0.0,0.01044884,0.06882607,0.0,0.8338734,53247,7,0.00400088,0.9999084
161,7,32018507,0.99581275,0.02305043,0.06266647,0.0,0.01044899,0.07229838,0.0,0.83153573,49151,7,0.00394418,0.9999084
161,8,32018508,0.99582401,0.02296886,0.06130581,0.0,0.0103828,0.07055811,0.0,0.83478441,65535,7,0.00398432,0.9999084
161,9,32018509,0.99581815,0.02302304,0.06135487,0.0,0.01049165,0.07038761,0.0,0.83474283,65407,7,0.00346953,0.9999084
161,10,32018510,0.9958231,0.02294752,0.06187554,0.0,0.01047369,0.06910418,0.0,0.83559906,36863,7,0.00358745,0.9999084
162,1,32018531,0.98837558,0.05216212,0.08139732,0.0,0.00779145,0.68436265,0.00014101,0.17414545,51978,6,0.02301961,1.7617024
162,2,32018532,0.98832217,0.05187456,0.07764169,0.0,0.00789817,0.67848575,0.0001538,0.18394603,51978,6,0.02401689,1.7617024
162,3,32018533,0.98849813,0.0517908,0.07832465,0.0,0.00785623,0.67493116,0.00013669,0.18696048,51978,6,0.02481849,1.7617024
162,4,32018534,0.98931507,0.04989512,0.07479785,0.0,0.00723035,0.6955953,0.00012222,0.17235915,51978,6,0.02862433,1.7617024
162,5,32018535,0.98853245,0.0514383,0.07666464,0.0,0.00794179,0.6809904,0.00014688,0.18281799,51978,6,0.02549172,1.7617024
162,6,32018536,0.98821024,0.05189572,0.07831511,0.0,0.00837031,0.67718509,0.00020059,0.18403319,51978,6,0.02458492,1.7617024
162,7,32018537,0.98829174,0.05131023,0.07522605,0.0,0.00806235,0.68221262,0.00019665,0.18299209,51978,6,0.02585068,1.7617024
162,8,32018538,0.98878758,0.05005606,0.0756355,0.0,0.00785994,0.67721331,0.00016178,0.18907341,51978,6,0.02597701,1.7617024
162,9,32018539,0.98836209,0.05179952,0.07567049,0.0,0.00800518,0.67906275,0.00018502,0.18527705,51978,6,0.02489698,1.7617024
162,10,32018540,0.98869597,0.05188411,0.08049124,0.0,0.0076154,0.68444605,0.00015505,0.17540815,51978,6,0.02557494,1.7617024
163,1,32018561,0.98464543,0.02431861,0.0,0.00112462,0.00039193,0.97409547,6.476e-05,4.61e-06,57183,6,0.00368817,0.9995177
163,2,32018562,0.98463375,0.02453484,0.0,0.00112186,0.0003831,0.9738904,6.513e-05,4.66e-06,15327,6,0.00356184,0.9995176
163,3,32018563,0.98462461,0.02451897,0.0,0.00112629,0.00039178,0.9738932,6.507e-05,4.69e-06,61407,6,0.00377394,0.9995177
163,4,32018564,0.98463141,0.02451443,0.0,0.00112504,0.0003822,0.9739042,6.486e-05,9.27e-06,32735,6,0.00405382,0.9995177
163,5,32018565,0.9846454,0.02468272,0.0,0.00112663,0.0003896,0.97373156,6.482e-05,4.67e-06,48095,6,0.00387696,0.9995176
163,6,32018566,0.98459175,0.02457699,0.0,0.00112789,0.00038674,0.97383771,6.515e-05,5.53e-06,40927,6,0.00361179,0.9995177
163,7,32018567,0.98463979,0.02478119,0.0,0.00112198,0.00038467,0.97364187,6.508e-05,5.2e-06,61407,6,0.00330676,0.9995177
163,8,32018568,0.98459721,0.02432953,0.0,0.00112679,0.00039048,0.97408066,6.477e-05,7.77e-06,32735,6,0.00321587,0.9995177
163,9,32018569,0.9846251,0.02463181,0.0,0.00112027,0.00038887,0.97378902,6.509e-05,4.94e-06,56287,6,0.00334994,0.9995176
163,10,32018570,0.98455961,0.02423905,0.0,0.00112606,0.00038607,0.97417819,6.518e-05,5.46e-06,32735,6,0.00358236,0.9995177
164,1,32018591,0.99011784,0.05120684,0.00764347,0.0,0.00786108,0.72609224,0.0,0.20719637,44972,6,0.01844457,2.0577093
164,2,32018592,0.98975934,0.05073031,0.00848896,0.0,0.00727008,0.73863593,0.0,0.19487473,44972,6,0.0119049,2.0577093
164,3,32018593,0.99012576,0.0506954,0.00774575,0.0,0.00830149,0.71513695,0.0,0.2181204,44972,6,0.01791492,2.0577093
164,4,32018594,0.98969187,0.05733599,0.0101448,0.0,0.00685313,0.76173347,0.0,0.16393261,53164,6,0.01468013,2.0577093
164,5,32018595,0.98997374,0.05164871,0.00788082,0.0,0.00765964,0.71578879,0.0,0.21702204,53164,6,0.0109279,2.0577093
164,6,32018596,0.9899337,0.05238221,0.00815495,0.0,0.00742485,0.72993038,0.0,0.20210761,53164,6,0.00988716,2.0577093
164,7,32018597,0.98776836,0.06309105,0.0065085,0.0,0.00711889,0.81736945,0.0,0.10591211,50636,6,0.01625022,2.0579706
164,8,32018598,0.99010479,0.05140568,0.00752477,0.0,0.00755111,0.73430717,0.0,0.19921126,44972,6,0.01921645,2.0577093
164,9,32018599,0.98983988,0.05441798,0.00924642,0.0,0.00708053,0.73675778,0.0,0.19249729,53164,6,0.0113848,2.0577093
164,10,32018600,0.98987808,0.05262799,0.00795431,0.0,0.00712992,0.7329053,0.0,0.19938248,53164,6,0.01185865,2.0577093
165,1,32018621,0.96855871,0.05945498,0.29689023,0.0,0.01398831,0.60504276,0.00195706,0.02266665,22927,6,0.0383095,0.9991728
165,2,32018622,0.97147089,0.05818015,0.2902368,0.0,0.01219114,0.61500512,0.00193248,0.02245431,22927,6,0.03613538,0.9991728
165,3,32018623,0.9725462,0.05703532,0.29066635,0.0,0.01162886,0.61251261,0.00174161,0.02641525,22927,6,0.03739461,0.9991728
165,4,32018624,0.96683598,0.06263427,0.27844709,0.0,0.01474445,0.62068142,0.00226545,0.02122733,22927,6,0.03279106,0.9991728
165,5,32018625,0.97191793,0.05849399,0.28246909,0.0,0.01191598,0.62268464,0.00173122,0.02270508,22927,6,0.03649276,0.9991728
165,6,32018626,0.97046363,0.05873167,0.27926168,0.0,0.01307665,0.62221805,0.00195915,0.02475281,22927,6,0.034141,0.9991728
165,7,32018627,0.96942291,0.05997069,0.28479273,0.0,0.01325331,0.61674284,0.00210361,0.02313683,22927,6,0.03503233,0.9991728
165,8,32018628,0.97084428,0.05912232,0.28368947,0.0,0.01282815,0.62132999,0.00185048,0.02117958,22927,6,0.03627842,0.9991728
165,9,32018629,0.96830611,0.06084303,0.27774432,0.0,0.01396423,0.62419851,0.00237836,0.02087155,22927,6,0.03077951,0.9991728
165,10,32018630,0.97147128,0.05841488,0.29025384,0.0,0.01228216,0.61251275,0.00162599,0.02491038,22919,6,0.03765208,0.999098
166,1,32018651,0.98956673,0.02047992,0.0,4.625e-05,0.009418,0.18883883,0.0,0.781217,30719,7,0.00299724,0.9996981
166,2,32018652,0.98957323,0.02045791,0.0,4.613e-05,0.00925246,0.19337471,0.0,0.77686879,55295,7,0.00290836,0.9996981
166,3,32018653,0.98958404,0.02036453,0.0,4.621e-05,0.0093387,0.18567679,0.0,0.78457378,65535,7,0.00280267,0.9996981
166,4,32018654,0.98957773,0.02047508,0.0,4.608e-05,0.00922442,0.18788218,0.0,0.78237223,49151,7,0.00304196,0.9996981
166,5,32018655,0.98958583,0.02040849,0.0,4.629e-05,0.00920665,0.18216174,0.0,0.78817683,49151,7,0.00337641,0.9996981
166,6,32018656,0.9895762,0.02024433,0.0,4.601e-05,0.00938429,0.18411943,0.0,0.78620594,57335,7,0.00294698,0.9996731
166,7,32018657,0.98958064,0.02034779,0.0,4.612e-05,0.00953055,0.18496274,0.0,0.78511281,44927,7,0.0030945,0.9996981
166,8,32018658,0.98958111,0.02046708,0.0,4.62e-05,0.00931578,0.18539665,0.0,0.78477428,59263,7,0.00281895,0.9996981
166,9,32018659,0.9895664,0.02048645,0.0,4.617e-05,0.00926951,0.19449092,0.0,0.77570695,57215,7,0.00285875,0.9996981
166,10,32018660,0.98957605,0.0203255,0.0,4.623e-05,0.00932079,0.18679716,0.0,0.78351033,65535,7,0.00303496,0.9996981
167,1,32018681,0.99005401,0.05059796,0.0107512,0.0,0.00571382,0.78554132,0.0,0.1473957,51978,6,0.02820657,2.378155
167,2,32018682,0.99004537,0.05018678,0.0110231,0.0,0.00563233,0.78392066,0.0,0.14923713,51978,6,0.02643566,2.378155
167,3,32018683,0.98821903,0.05002994,0.0002243,0.0,0.00255193,0.94718263,0.0,1.12e-05,42204,6,0.02216771,2.3781551
167,4,32018684,0.98974436,0.05512025,0.01146493,0.0,0.00526374,0.7917649,0.0,0.13638618,51978,6,0.01454583,2.378155
167,5,32018685,0.98909788,0.05351643,0.01158663,0.0,0.00529271,0.79502684,0.0,0.13457739,51978,6,0.02113842,2.378155
167,6,32018686,0.99006083,0.05225066,0.01183129,0.0,0.00553424,0.79575907,0.0,0.13462475,51978,6,0.02818747,2.378155
167,7,32018687,0.98629423,0.06063262,0.01158964,0.0,0.00538114,0.78371536,0.0,0.13868124,51978,6,0.02052637,2.378155
167,8,32018688,0.99024602,0.0479437,0.01062745,0.0,0.00576748,0.78077997,0.0,0.1548814,56074,6,0.03378101,2.3781883
167,9,32018689,0.98982635,0.0529762,0.01140864,0.0,0.00560251,0.78124318,0.0,0.14876947,56074,6,0.01609682,2.3781883
167,10,32018690,0.9897162,0.05479997,0.01101289,0.0,0.00509414,0.79735739,0.0,0.13173561,51980,6,0.01308214,2.378155
168,1,32018711,0.98107563,0.01610984,0.0,0.0011905,0.0005502,0.98199335,0.00014344,1.267e-05,37067,6,0.00939422,0.999147
168,2,32018712,0.98112213,0.01692532,0.0,0.00118305,0.00049299,0.98124684,0.00014202,9.78e-06,32975,6,0.00845499,0.999147
168,3,32018713,0.98130137,0.01752997,0.0,0.00118845,0.00067665,0.9804656,0.00012458,1.475e-05,32975,6,0.00729722,0.999147
168,4,32018714,0.9810497,0.01568749,0.0,0.00119211,0.00056665,0.98239546,0.00014563,1.266e-05,37071,6,0.00996148,0.999147
168,5,32018715,0.98125233,0.01672095,0.0,0.00119912,0.00065364,0.98128373,0.00012988,1.268e-05,32975,6,0.00763616,0.999147
168,6,32018716,0.98144778,0.01861323,0.0,0.00117259,0.00068644,0.9793866,0.00012037,2.076e-05,32779,6,0.00575253,0.9991473
168,7,32018717,0.98090824,0.01531989,0.0,0.00119545,0.00050344,0.98281502,0.00015444,1.176e-05,32907,6,0.01234519,0.9991471
168,8,32018718,0.98157016,0.01814287,0.0,0.0011994,0.00089803,0.97963863,0.00010544,1.562e-05,28815,6,0.00407696,0.9993471
168,9,32018719,0.98157554,0.01773708,0.0,0.00121222,0.00087732,0.98005202,0.0001023,1.906e-05,30859,6,0.00430184,0.9993471
168,10,32018720,0.98141075,0.01791448,0.0,0.00119686,0.00072944,0.98001423,0.00011909,2.59e-05,32907,6,0.00606052,0.9991471
169,1,32018741,0.99119071,0.04510776,0.28593348,8.856e-05,0.02554596,0.01652463,0.00194391,0.62485569,49069,7,0.06087892,1.2175429
169,2,32018742,0.99094435,0.04610934,0.29303085,8.401e-05,0.02546762,0.01723513,0.00199583,0.61607724,49069,7,0.05664289,1.2175429
169,3,32018743,0.99137295,0.04404793,0.2768258,7.819e-05,0.025913,0.01977473,0.00188338,0.63147697,49069,7,0.06128007,1.2175429
169,4,32018744,0.99087485,0.04662477,0.29557423,9.122e-05,0.0251581,0.01648162,0.00201467,0.61405538,49069,7,0.05374828,1.2175429
169,5,32018745,0.99103409,0.04567067,0.29144947,7.585e-05,0.02543623,0.01629555,0.00195473,0.61911751,49069,7,0.05650818,1.2175429
169,6,32018746,0.99074343,0.0471478,0.29440064,7.25e-05,0.02601683,0.01699014,0.0020692,0.6133029,49069,7,0.05864892,1.2175429
169,7,32018747,0.99081968,0.04711892,0.30122243,7.671e-05,0.02493177,0.01666677,0.00195278,0.60803063,49069,7,0.04858005,1.2175429
169,8,32018748,0.99108058,0.04509778,0.28910644,8.44e-05,0.02611772,0.01574685,0.00198604,0.62186078,49069,7,0.05980912,1.2175429
169,9,32018749,0.99082479,0.04671848,0.30016654,6.116e-05,0.02519388,0.01593976,0.00198818,0.609932,49069,7,0.04860051,1.2175429
169,10,32018750,0.99098267,0.04644463,0.28921085,7.03e-05,0.02547786,0.01764423,0.00193787,0.61921425,49069,7,0.05533744,1.2175429
170,1,32018771,0.98589748,0.0550028,0.15542529,0.0,0.01450837,0.44861828,0.00068222,0.32576305,51970,6,0.01677184,1.2159889
170,2,32018772,0.98570371,0.05364216,0.15578815,0.0,0.01423945,0.4577048,0.0008105,0.31781494,51970,6,0.02015479,1.2159889
170,3,32018773,0.98557794,0.0556256,0.15902722,0.0,0.01363798,0.4552059,0.00073088,0.31577241,51970,6,0.01570384,1.2159889
170,4,32018774,0.98556849,0.05516099,0.15875051,0.0,0.01407174,0.45421234,0.00081576,0.31698866,51970,6,0.0186776,1.2159889
170,5,32018775,0.98541573,0.0548949,0.1533468,0.0,0.01423662,0.45714375,0.0007999,0.31957804,51970,6,0.01683914,1.2159889
170,6,32018776,0.98557145,0.05550429,0.15738588,0.0,0.01402086,0.45193942,0.00083361,0.32031594,51970,6,0.01649822,1.2159889
170,7,32018777,0.9860626,0.05337651,0.14811023,0.0,0.0139794,0.4581829,0.0008043,0.32554667,51970,6,0.01728661,1.2159889
170,8,32018778,0.98608223,0.05428158,0.15510546,0.0,0.01311539,0.46759348,0.00072877,0.30917532,51970,6,0.01633678,1.2159889
170,9,32018779,0.9851694,0.05552873,0.15876496,0.0,0.01410454,0.45732606,0.00087187,0.31340384,51970,6,0.01578348,1.2159889
170,10,32018780,0.98555649,0.05514429,0.15464159,0.0,0.01412961,0.45215444,0.00081178,0.32311829,51970,6,0.01792622,1.2159889
171,1,32018801,0.98546446,0.01712402,0.0,0.0009394,0.00770181,0.18096753,0.0,0.79326723,45055,7,0.00336352,0.9995429
171,2,32018802,0.98549171,0.01695961,0.0,0.00094218,0.00772622,0.17316719,0.0,0.80120481,30719,7,0.0032967,0.9995429
171,3,32018803,0.98547599,0.01721426,0.0,0.00094101,0.00760532,0.18375602,0.0,0.79048339,57215,7,0.002813,0.9995429
171,4,32018804,0.98544362,0.01701231,0.0,0.00094273,0.0077526,0.18150922,0.0,0.79278315,65535,7,0.00328336,0.9995429
171,5,32018805,0.98546779,0.01708197,0.0,0.00094123,0.00768805,0.18107277,0.0,0.79321598,57343,7,0.00276425,0.9995429
171,6,32018806,0.98546156,0.01723568,0.0,0.00094121,0.00754254,0.18360098,0.0,0.79067958,40959,7,0.00267902,0.9995429
171,7,32018807,0.98548599,0.01708161,0.0,0.00094147,0.00768028,0.18042621,0.0,0.79387042,15871,7,0.00273291,0.9995429
171,8,32018808,0.98547132,0.01709389,0.0,0.00094048,0.00765556,0.17916817,0.0,0.7951419,65535,7,0.00321678,0.9995429
171,9,32018809,0.98546956,0.01724504,0.0,0.00094425,0.00750622,0.18324782,0.0,0.79105667,45055,7,0.00286315,0.9995429
171,10,32018810,0.98546069,0.01714371,0.0,0.0009452,0.00763605,0.18777695,0.0,0.7864981,57343,7,0.00303322,0.9995429
172,1,32018831,0.9528121,0.5581438,0.44046504,0.0,0.00104087,0.00033734,0.0,1.294e-05,47867,4,0.16708781,2.4209227
172,2,32018832,0.95406881,0.54118924,0.45727776,0.0,0.00116548,0.00035506,0.0,1.245e-05,47867,4,0.17916541,2.4209227
172,3,32018833,0.98919259,0.0570333,0.02358044,0.0,0.00640725,0.73676472,0.0,0.17621428,53036,6,0.01120764,2.4211066
172,4,32018834,0.97264497,0.28473033,0.21251467,0.0,0.00411011,0.40494493,0.0,0.09369995,47867,4,0.07682536,2.4209227
172,5,32018835,0.95447025,0.53549072,0.43714041,0.0,0.00112819,0.02622565,0.0,1.503e-05,47867,4,0.17468817,2.4209227
172,6,32018836,0.98940182,0.05203376,0.02184431,0.0,0.00705876,0.73471624,0.0,0.18434692,44972,6,0.01388474,2.4207727
172,7,32018837,0.97190355,0.29556103,0.2297481,0.0,0.00367942,0.38550077,0.0,0.08551068,47867,4,0.08470153,2.4209227
172,8,32018838,0.98940465,0.05350447,0.02071827,0.0,0.00661302,0.73286951,0.0,0.18629472,57132,6,0.00951639,2.4211399
172,9,32018839,0.98939311,0.05345584,0.02089921,0.0,0.00662054,0.735034,0.0,0.18399042,53004,6,0.00882031,2.4211066
172,10,32018840,0.98683209,0.09016374,0.06337891,0.0,0.00560071,0.68083183,0.0,0.16002482,47867,4,0.01601182,2.4209227
173,1,32018861,0.98126309,0.018627,0.02342831,1.028e-05,0.00041863,0.95691226,0.00059845,5.08e-06,32777,6,0.02355228,0.9992911
173,2,32018862,0.98121955,0.01867469,0.02433856,1.032e-05,0.00041535,0.95586779,0.00065758,3.57e-05,32779,6,0.02410134,0.9992911
173,3,32018863,0.98126896,0.01863568,0.02342973,1.035e-05,0.00041392,0.95688472,0.00062452,1.07e-06,32779,6,0.02332749,0.9992911
173,4,32018864,0.98126662,0.01851581,0.02350507,1.042e-05,0.00039527,0.9569646,0.00060747,1.36e-06,32777,6,0.0256151,0.9992911
173,5,32018865,0.98131888,0.01865611,0.02375125,1.02e-05,0.00039016,0.95660617,0.00058485,1.25e-06,32779,6,0.02364046,0.9992911
173,6,32018866,0.98123757,0.01869624,0.02468327,1.05e-05,0.0004392,0.95554638,0.00061934,5.08e-06,32779,6,0.023345,0.9992911
173,7,32018867,0.98131743,0.01855807,0.02400474,1.032e-05,0.00040662,0.95644015,0.00057897,1.12e-06,36939,6,0.02267518,0.9992911
173,8,32018868,0.98100245,0.01873505,0.02403835,0.00016329,0.0004056,0.95595192,0.00070478,1.01e-06,32841,6,0.02241488,0.9992911
173,9,32018869,0.98123255,0.01859129,0.02402093,1.028e-05,0.0004156,0.95634715,0.0006136,1.15e-06,32779,6,0.02428013,0.9992911
173,10,32018870,0.98129032,0.01863189,0.02347214,1.034e-05,0.00041604,0.95685858,0.00060639,4.62e-06,32779,6,0.02475549,0.9992911
174,1,32018891,0.99340075,0.02110984,0.0071717,0.0,0.00974674,0.12917695,0.0,0.83279477,65535,7,0.00439223,0.9998221
174,2,32018892,0.9934031,0.0211104,0.00688751,0.0,0.00976365,0.13021466,0.0,0.83202379,65535,7,0.00512514,0.9998221
174,3,32018893,0.9934055,0.02098657,0.00697685,0.0,0.0097413,0.12854346,0.0,0.83375181,57343,7,0.00511908,0.9998221
174,4,32018894,0.99339416,0.02116528,0.00708202,0.0,0.009752,0.13423812,0.0,0.82776257,32767,7,0.00448978,0.9998221
174,5,32018895,0.99340111,0.02110089,0.00713366,0.0,0.00974863,0.13117079,0.0,0.83084603,16383,7,0.00451511,0.9998221
174,6,32018896,0.99340298,0.02102537,0.00680265,0.0,0.00981572,0.12779345,0.0,0.83456281,65535,7,0.0043589,0.9998221
174,7,32018897,0.99340262,0.02091331,0.00728755,0.0,0.00987563,0.12756592,0.0,0.83435758,49151,7,0.00488491,0.9998221
174,8,32018898,0.9934021,0.02108943,0.00678966,0.0,0.00978577,0.131633,0.0,0.83070214,61439,7,0.00407764,0.9998221
174,9,32018899,0.99340115,0.02107439,0.00705625,0.0,0.00971368,0.12861583,0.0,0.83353985,65535,7,0.00454948,0.9998221
174,10,32018900,0.99339538,0.02116599,0.0072619,0.0,0.00984497,0.1295488,0.0,0.83217834,53247,7,0.00440692,0.9998221
175,1,32018921,0.98989168,0.04836909,0.01167626,0.0,0.00573293,0.82435005,0.0,0.10987168,51978,6,0.02553654,2.1321597
175,2,32018922,0.9886751,0.04599147,0.00084019,0.0,0.00513153,0.94802167,0.0,1.514e-05,52554,6,0.05240581,2.1321597
175,3,32018923,0.98874518,0.05163514,0.00300569,0.0,0.00508923,0.91372155,0.0,0.0265484,52316,6,0.02569911,2.1321597
175,4,32018924,0.99064055,0.04640244,0.01339084,0.0,0.00579337,0.78510966,0.0,0.14930369,51978,6,0.0351394,2.1321597
175,5,32018925,0.98833441,0.05332197,0.00124201,0.0,0.00492284,0.93443085,0.0,0.00608233,52316,6,0.03297507,2.1321597
175,6,32018926,0.98856945,0.04837991,0.00092037,0.0,0.00507291,0.94561188,0.0,1.493e-05,52554,6,0.04055889,2.1321597
175,7,32018927,0.99068285,0.04694608,0.01371453,0.0,0.00553723,0.78754026,0.0,0.14626189,51978,6,0.03300463,2.1321597
175,8,32018928,0.9882766,0.05541676,0.00081357,0.0,0.00451383,0.93885687,0.0,0.00039898,52316,6,0.04603057,2.1321597
175,9,32018929,0.98945916,0.04620351,0.01031241,0.0,0.00588675,0.83137283,0.0,0.1062245,51978,6,0.02411036,2.1321597
175,10,32018930,0.98937835,0.05140008,0.00721762,0.0,0.00506881,0.86726397,0.0,0.06904952,50636,6,0.02186139,2.1321597
176,1,32018951,0.98357061,0.02401353,0.0,0.00121909,0.00045299,0.97422987,7.669e-05,7.83e-06,36831,6,0.00301339,0.9994951
176,2,32018952,0.98378494,0.02485433,0.0,0.00120933,0.00040021,0.97345409,7.666e-05,5.38e-06,16223,6,0.0037981,0.9994951
176,3,32018953,0.98326982,0.02261617,0.0,0.00122516,0.00050458,0.97556227,7.645e-05,1.538e-05,45023,6,0.0030352,0.9994951
176,4,32018954,0.98358357,0.02388107,0.0,0.00121953,0.00045273,0.97436339,7.634e-05,6.93e-06,56287,6,0.00380448,0.9994951
176,5,32018955,0.98354032,0.02391732,0.0,0.00121769,0.00045461,0.97432382,7.683e-05,9.73e-06,49119,6,0.00337795,0.9994951
176,6,32018956,0.98323585,0.02249082,0.0,0.00122761,0.00055342,0.97563778,7.679e-05,1.358e-05,40927,6,0.00312081,0.9994951
176,7,32018957,0.98356802,0.02405426,0.0,0.00121833,0.00043956,0.9742045,7.671e-05,6.64e-06,57303,6,0.00362138,0.9994701
176,8,32018958,0.98344546,0.02355186,0.0,0.00122385,0.00048626,0.97465489,7.667e-05,6.46e-06,32735,6,0.00327376,0.9994951
176,9,32018959,0.98362575,0.02398873,0.0,0.00122015,0.0004348,0.97427247,7.71e-05,6.75e-06,65503,6,0.00367795,0.9994951
176,10,32018960,0.98351033,0.02362683,0.0,0.0012193,0.00047595,0.97459141,7.652e-05,1e-05,53087,6,0.00298184,0.9994951
177,1,32018981,0.99045893,0.04998361,0.01987492,1.069e-05,0.00899714,0.68312745,0.00014093,0.23786526,44972,6,0.01959861,1.8508021
177,2,32018982,0.99035192,0.04976173,0.02233728,5.23e-06,0.00938968,0.67260074,0.00016477,0.24574058,44972,6,0.02017143,1.8508021
177,3,32018983,0.98994999,0.05196418,0.0260992,3.63e-06,0.00835242,0.69016517,0.00026346,0.22315194,44972,6,0.01099426,1.8508021
177,4,32018984,0.99003372,0.05133356,0.02395174,8.95e-06,0.00875168,0.68115198,0.00020192,0.23460017,44972,6,0.01521898,1.8508021
177,5,32018985,0.99004516,0.05160608,0.0257781,3.47e-06,0.00874638,0.68212325,0.00014862,0.23159411,44972,6,0.01317489,1.8508021
177,6,32018986,0.9905226,0.04919531,0.02045168,3.83e-06,0.00926315,0.6797163,0.00015551,0.24121422,44972,6,0.02331906,1.8508021
177,7,32018987,0.99018683,0.05040817,0.01908457,3.89e-06,0.00920736,0.67669149,0.00032121,0.2442833,44972,6,0.01733476,1.8508021
177,8,32018988,0.99003158,0.05156205,0.02290964,3.55e-06,0.00898357,0.69238103,0.00020306,0.22395709,44972,6,0.01855087,1.8508021
177,9,32018989,0.99025635,0.05076745,0.01846132,3.78e-06,0.00924714,0.69666526,0.00024226,0.22461279,44972,6,0.02493476,1.8508021
177,10,32018990,0.99011451,0.05140045,0.02628837,9.1e-06,0.0086948,0.68336283,0.00020464,0.23003982,44972,6,0.01502083,1.8508021
178,1,32019011,0.95902064,0.07620634,0.40255146,0.0,0.02925435,0.0,0.00261289,0.48937496,23175,7,0.11913845,0.9993494
178,2,32019012,0.9607142,0.07564289,0.4055927,0.0,0.02762864,0.0,0.00248411,0.48865165,23175,7,0.12022951,0.9993494
178,3,32019013,0.96139194,0.07425163,0.39812298,0.0,0.02651554,0.0,0.0024927,0.49861715,23175,7,0.12542141,0.9993494
178,4,32019014,0.95939107,0.07647868,0.40212797,0.0,0.02860834,0.0,0.00297868,0.48980633,23175,7,0.1154621,0.9993494
178,5,32019015,0.96208533,0.07308806,0.40532615,0.0,0.02532632,0.0,0.00299266,0.4932668,23175,7,0.1188938,0.9993494
178,6,32019016,0.96495444,0.07096773,0.40443163,0.0,0.0225895,0.0,0.00210816,0.49990298,23175,7,0.12121142,0.9993494
178,7,32019017,0.96124558,0.07383647,0.40346796,0.0,0.02610976,0.0,0.0026945,0.49389131,23175,7,0.11895753,0.9993494
178,8,32019018,0.96431938,0.07128054,0.40599254,0.0,0.02363191,0.0,0.00201922,0.49707579,23175,7,0.12131624,0.9993494
178,9,32019019,0.95969138,0.07526315,0.39955437,0.0,0.02961817,0.0,0.00217019,0.49339412,23175,7,0.11938341,0.9993494
178,10,32019020,0.96227268,0.07319379,0.40375244,0.0,0.02548779,0.0,0.00246891,0.49509707,23175,7,0.12571684,0.9993494
179,1,32019041,0.98740778,0.01837472,0.0,0.00029333,0.00898791,0.17635745,0.0,0.79598659,65535,7,0.00329527,0.9996156
179,2,32019042,0.98740367,0.0183034,0.0,0.00029343,0.00897362,0.16938029,0.0,0.80304925,57343,7,0.00314323,0.9996156
179,3,32019043,0.98742436,0.01808966,0.0,0.00029332,0.00914294,0.16197159,0.0,0.8105025,40959,7,0.00337038,0.9996156
179,4,32019044,0.9874155,0.01823458,0.0,0.00029298,0.00900013,0.17555438,0.0,0.79691793,40959,7,0.00325241,0.9996156
179,5,32019045,0.98741582,0.01823487,0.0,0.00029279,0.00896105,0.16764968,0.0,0.8048616,47103,7,0.00330857,0.9996156
179,6,32019046,0.98740694,0.01809016,0.0,0.00029334,0.00908592,0.17503912,0.0,0.79749147,57343,7,0.00333661,0.9996156
179,7,32019047,0.98741559,0.01809717,0.0,0.00029318,0.00902974,0.17020984,0.0,0.80237007,48511,7,0.00371562,0.9996155
179,8,32019048,0.98740805,0.01822457,0.0,0.00029333,0.00901718,0.16835454,0.0,0.80411038,40959,7,0.00346812,0.9996156
179,9,32019049,0.98739683,0.01824756,0.0,0.00029308,0.0090725,0.1711844,0.0,0.80120246,65535,7,0.00342934,0.9996156
179,10,32019050,0.98738789,0.0183662,0.0,0.0002933,0.00896698,0.17420252,0.0,0.798171,65535,7,0.00358641,0.9996156
180,1,32019071,0.89240447,0.51810432,0.25050775,0.0,0.00174233,0.19765682,0.0,0.03198877,8354,4,0.14203922,2.5644797
180,2,32019072,0.94297774,0.27825166,0.12760035,0.0,0.003382,0.5140969,0.0,0.0766691,8354,4,0.06915947,2.5644797
180,3,32019073,0.98936001,0.05848906,0.01281355,0.0,0.00474873,0.80065866,0.0,0.12329,51980,6,0.01675373,2.565092
180,4,32019074,0.98956589,0.05390105,0.01219996,0.0,0.00490572,0.80171012,0.0,0.12728316,56074,6,0.01117674,2.5651253
180,5,32019075,0.90738205,0.44583912,0.21336607,0.0,0.00244039,0.29348469,0.0,0.04486973,8354,4,0.11812815,2.5644797
180,6,32019076,0.86559895,0.64429214,0.31498871,0.0,0.00097593,0.03367763,0.0,0.00606559,8354,4,0.17666122,2.5644797
180,7,32019077,0.92357938,0.37035853,0.17513397,0.0,0.00266128,0.39804557,0.0,0.05380065,8354,4,0.0978162,2.5644797
180,8,32019078,0.989324,0.05914894,0.01341664,0.0,0.00471968,0.80163585,0.0,0.12107889,51980,6,0.02068159,2.565092
180,9,32019079,0.91807583,0.39648515,0.18898947,0.0,0.00260321,0.36077062,0.0,0.05115154,8354,4,0.10325593,2.5644797
180,10,32019080,0.98952985,0.05508693,0.01195029,0.0,0.00513009,0.79268875,0.0,0.13514394,51980,6,0.01233616,2.565092
181,1,32019101,0.98057397,0.01441066,0.0,0.00077338,0.00033934,0.98425359,0.00022029,2.73e-06,36875,6,0.01504263,0.9991751
181,2,32019102,0.98056823,0.0139988,0.0,0.00077585,0.00031569,0.98468444,0.00021963,5.58e-06,37003,6,0.01588556,0.9991749
181,3,32019103,0.98060217,0.01484339,0.0,0.00076001,0.00038373,0.98379649,0.00021325,3.13e-06,32971,6,0.01385241,0.9991749
181,4,32019104,0.9805652,0.01416535,0.0,0.00077862,0.00032763,0.98450197,0.00022388,2.55e-06,37003,6,0.0147476,0.9991749
181,5,32019105,0.98059876,0.01427872,0.0,0.0007766,0.0003584,0.98436621,0.00021595,4.12e-06,36875,6,0.01473124,0.9991751
181,6,32019106,0.98059145,0.01447361,0.0,0.00076465,0.00037325,0.9841674,0.00021848,2.62e-06,32841,6,0.01485792,0.999175
181,7,32019107,0.9805603,0.01392382,0.0,0.00078309,0.00032492,0.98473533,0.00022211,1.074e-05,32841,6,0.01453885,0.999175
181,8,32019108,0.9806197,0.0149809,0.0,0.00074405,0.00041176,0.98365198,0.00020639,4.93e-06,32911,6,0.0147262,0.9991749
181,9,32019109,0.9806222,0.01419904,0.0,0.00076907,0.00034458,0.98446767,0.0002155,4.14e-06,37003,6,0.01336821,0.9991749
181,10,32019110,0.98058196,0.0139845,0.0,0.00078367,0.00032114,0.98468875,0.00021945,2.48e-06,36875,6,0.01490324,0.9991751
182,1,32019131,0.99757793,0.02540977,0.08640456,0.0,0.01341643,0.02591012,0.0,0.84885912,61439,7,0.00334771,0.9999648
182,2,32019132,0.99757235,0.02528647,0.08425699,0.0,0.01365775,0.02634942,0.0,0.85044937,49151,7,0.00339052,0.9999648
182,3,32019133,0.99757805,0.0252954,0.08562725,0.0,0.01360828,0.02472315,0.0,0.85074593,61439,7,0.00360282,0.9999648
182,4,32019134,0.99757058,0.0255039,0.08598353,0.0,0.01349706,0.02620323,0.0,0.84881228,49151,7,0.0032215,0.9999648
182,5,32019135,0.99756724,0.02533373,0.08671012,0.0,0.01356094,0.02814677,0.0,0.84624844,32767,7,0.00314744,0.9999648
182,6,32019136,0.99757799,0.02542251,0.08509253,0.0,0.01348449,0.02688278,0.0,0.84911769,61439,7,0.00326289,0.9999648
182,7,32019137,0.99757858,0.02523449,0.0851726,0.0,0.01322417,0.02630585,0.0,0.85006289,63487,7,0.00347962,0.9999648
182,8,32019138,0.99757412,0.0254374,0.08629507,0.0,0.01347952,0.02548464,0.0,0.84930337,53247,7,0.00352011,0.9999648
182,9,32019139,0.99757309,0.0254554,0.08660335,0.0,0.01344904,0.02623985,0.0,0.84825236,30719,7,0.00335407,0.9999648
182,10,32019140,0.99759177,0.02532563,0.08293931,0.0,0.01352153,0.0259898,0.0,0.85222373,65535,7,0.00342712,0.9999648
183,1,32019161,0.98611623,0.05517791,0.23155495,0.0,0.01031334,0.48727673,0.00060346,0.21507361,51978,6,0.02256425,1.6596924
183,2,32019162,0.98564998,0.05677624,0.2362052,0.0,0.01028826,0.48535973,0.00063408,0.2107365,51978,6,0.02128469,1.6596924
183,3,32019163,0.98530398,0.05680522,0.23663857,0.0,0.01019935,0.48475375,0.00066739,0.21093572,51978,6,0.02003042,1.6596924
183,4,32019164,0.98468705,0.05821519,0.23302808,0.0,0.01073117,0.48561456,0.00077113,0.21163987,51978,6,0.02287189,1.6596924
183,5,32019165,0.98589495,0.05527712,0.23307382,0.0,0.0099355,0.48590791,0.00082992,0.21497573,51978,6,0.02122673,1.6596924
183,6,32019166,0.9849763,0.05750846,0.23669292,0.0,0.01045075,0.48966911,0.00066299,0.20501576,51978,6,0.02361537,1.6596924
183,7,32019167,0.98589877,0.05604029,0.23099392,0.0,0.01003424,0.48970838,0.00064603,0.21257714,51978,6,0.01942194,1.6596924
183,8,32019168,0.98587555,0.05545783,0.23881704,0.0,0.01009068,0.48634925,0.00063619,0.20864902,51978,6,0.02238262,1.6596924
183,9,32019169,0.98583819,0.05651854,0.23055327,0.0,0.01015987,0.48657949,0.00070119,0.21548764,51978,6,0.0227302,1.6596924
183,10,32019170,0.98567307,0.05628877,0.22924993,0.0,0.01018144,0.48841103,0.00061472,0.21525411,51978,6,0.02236594,1.6596924
184,1,32019191,0.98427647,0.01721895,0.0,0.00117359,0.00626652,0.21405258,0.0,0.76128836,61407,7,0.00329855,0.9994911
184,2,32019192,0.98427507,0.0172856,0.0,0.00117711,0.00618639,0.21658838,0.0,0.75876252,65375,7,0.00374612,0.9994911
184,3,32019193,0.98430252,0.01742831,0.0,0.00117734,0.00617869,0.21705161,0.0,0.75816405,65503,7,0.00406239,0.9994911
184,4,32019194,0.98420949,0.01728848,0.0,0.00117456,0.00606808,0.23542386,0.0,0.74004502,28639,7,0.00318487,0.9994411
184,5,32019195,0.98424727,0.0172649,0.0,0.00117801,0.00612711,0.22771517,0.0,0.74771482,61407,7,0.00326531,0.9994911
184,6,32019196,0.98427744,0.01726318,0.0,0.00117774,0.00619106,0.21637359,0.0,0.75899443,49119,7,0.00329804,0.9994911
184,7,32019197,0.98427239,0.01728986,0.0,0.00117833,0.00612227,0.229852,0.0,0.74555756,32735,7,0.00406107,0.9994911
184,8,32019198,0.98429009,0.01744188,0.0,0.00117452,0.00613698,0.22752553,0.0,0.74772109,65503,7,0.00378057,0.9994911
184,9,32019199,0.98427416,0.01735618,0.0,0.00117863,0.00616859,0.22423048,0.0,0.75106612,63455,7,0.00342544,0.9994911
184,10,32019200,0.98428312,0.017306,0.0,0.00117364,0.00624821,0.2190525,0.0,0.75621964,32735,7,0.00356363,0.9994911
185,1,32019221,0.98969601,0.05125904,0.00870005,0.0,0.00732592,0.7337656,0.0,0.19894938,44972,6,0.01306429,2.3568462
185,2,32019222,0.98959365,0.05408259,0.00940952,0.0,0.00706854,0.74312236,0.0,0.18631699,44972,6,0.00991732,2.3568462
185,3,32019223,0.98865149,0.05352943,0.00443986,0.0,0.00703116,0.87083234,0.0,0.06416721,52316,6,0.02836292,2.3571674
185,4,32019224,0.98955489,0.054072,0.00875722,0.0,0.00688055,0.74546695,0.0,0.1848233,53164,6,0.01197307,2.3568462
185,5,32019225,0.98971373,0.05198626,0.00854546,0.0,0.00739084,0.73709143,0.0,0.194986,44972,6,0.01385613,2.3568462
185,6,32019226,0.98973807,0.05076539,0.00849517,0.0,0.00728899,0.73661852,0.0,0.19683194,44972,6,0.01529446,2.3568462
185,7,32019227,0.98877382,0.05660048,0.0100243,0.0,0.00723407,0.73218298,0.0,0.19395817,49068,6,0.00940072,2.3568962
185,8,32019228,0.98973995,0.05109487,0.0085564,0.0,0.00721702,0.73633852,0.0,0.19679319,44972,6,0.01372662,2.3568462
185,9,32019229,0.98980104,0.05099853,0.0088065,0.0,0.00767696,0.73798618,0.0,0.19453183,44972,6,0.02047591,2.3568462
185,10,32019230,0.86923301,0.95945531,0.00055458,0.0,0.03810228,0.00186766,0.0,2.018e-05,48733,0,0.03720031,1.8146318
186,1,32019251,0.96746157,0.05188268,0.27762363,0.0008871,0.00972485,0.64341624,0.00392855,0.01253696,22927,6,0.0277489,0.998987
186,2,32019252,0.96400256,0.05363404,0.27306764,0.000608,0.01073608,0.64363273,0.00562596,0.01269555,22927,6,0.02299921,0.998987
186,3,32019253,0.96575576,0.05199681,0.26218422,0.00076842,0.01033458,0.65678157,0.00525913,0.01267527,18831,6,0.02222997,0.9989371
186,4,32019254,0.96715443,0.05193655,0.2646897,0.00022475,0.01035893,0.65556657,0.00406597,0.01315754,18831,6,0.02557157,0.9989371
186,5,32019255,0.96654028,0.05291838,0.27384498,0.00021185,0.01015964,0.64381803,0.00537222,0.01367489,18831,6,0.02560076,0.9989371
186,6,32019256,0.9673256,0.05223257,0.26801709,0.00034536,0.00998671,0.65077577,0.00445363,0.01418887,22927,6,0.02446995,0.998987
186,7,32019257,0.96665151,0.05149633,0.26855308,0.00049954,0.01023206,0.64961948,0.00471983,0.01487968,22927,6,0.02468513,0.998987
186,8,32019258,0.96580847,0.05173387,0.26524018,0.00034856,0.01048314,0.65509973,0.00492349,0.01217103,22927,6,0.02785575,0.998987
186,9,32019259,0.96807057,0.05156496,0.26668478,0.00013495,0.00985914,0.65371714,0.00451535,0.01352368,22927,6,0.02474104,0.998987
186,10,32019260,0.96522234,0.05251755,0.27408073,0.00059767,0.01102126,0.64224322,0.00501253,0.01452704,22927,6,0.03284395,0.998987
187,1,32019281,0.99074134,0.01963931,0.0075029,0.0,0.00933456,0.13252967,0.0,0.83099357,49151,7,0.00705645,0.9997296
187,2,32019282,0.99074584,0.01978362,0.00740743,0.0,0.00908683,0.14314588,0.0,0.82057624,65023,7,0.00682995,0.9997296
187,3,32019283,0.99073592,0.01971741,0.00742266,0.0,0.00919914,0.13520795,0.0,0.82845284,63487,7,0.00677325,0.9997296
187,4,32019284,0.99074019,0.0197561,0.00768152,0.0,0.009161,0.13490244,0.0,0.82849894,57343,7,0.00663215,0.9997296
187,5,32019285,0.99073379,0.01976855,0.00788834,0.0,0.0090204,0.14221834,0.0,0.82110438,62975,7,0.00660683,0.9997296
187,6,32019286,0.9907357,0.01969348,0.00801299,0.0,0.00913087,0.14020571,0.0,0.82295695,65023,7,0.00673989,0.9997296
187,7,32019287,0.99073637,0.01977256,0.00706213,0.0,0.00933269,0.1353045,0.0,0.82852812,65535,7,0.00701187,0.9997296
187,8,32019288,0.99073381,0.01984728,0.00747169,0.0,0.00919009,0.1359855,0.0,0.82750544,63487,7,0.00708882,0.9997296
187,9,32019289,0.99074626,0.01969917,0.00760808,0.0,0.00924116,0.13574708,0.0,0.82770451,65023,7,0.00715484,0.9997296
187,10,32019290,0.99071884,0.01990133,0.00791834,0.0,0.00925123,0.14460957,0.0,0.81831953,60927,7,0.00640529,0.9997296
188,1,32019311,0.98817528,0.05583404,0.00039284,0.0,0.00438702,0.93937254,0.0,1.356e-05,52316,6,0.04859506,2.4567369
188,2,32019312,0.98951565,0.05579412,0.01273456,0.0,0.00546692,0.80060794,0.0,0.12539646,56074,6,0.0177302,2.4567702
188,3,32019313,0.98910648,0.05612344,0.01201977,0.0,0.00546086,0.78895063,0.0,0.1374453,56074,6,0.01790298,2.4567702
188,4,32019314,0.99010946,0.05059559,0.01209276,0.0,0.00554208,0.79226793,0.0,0.13950165,51978,6,0.03246082,2.4567369
188,5,32019315,0.99009268,0.04978312,0.01160107,0.0,0.00587606,0.78179565,0.0,0.1509441,51978,6,0.03304592,2.4567369
188,6,32019316,0.98933498,0.05425758,0.01256994,0.0,0.00519641,0.80133784,0.0,0.12663824,56074,6,0.01715192,2.4567702
188,7,32019317,0.98995035,0.05072464,0.0116674,0.0,0.0056568,0.7799555,0.0,0.15199566,51978,6,0.02574454,2.4567369
188,8,32019318,0.99002656,0.05225591,0.01224703,0.0,0.00578391,0.79014952,0.0,0.13956363,51978,6,0.02895591,2.4567369
188,9,32019319,0.9903404,0.04711911,0.01138383,0.0,0.00576803,0.78376433,0.0,0.1519647,51978,6,0.04013246,2.4567369
188,10,32019320,0.98989484,0.05291649,0.01160261,0.0,0.0054674,0.79340868,0.0,0.13660481,51978,6,0.02458311,2.4567369
189,1,32019341,0.98172938,0.01962175,0.0,0.00134185,0.00072818,0.97821069,7.747e-05,2.006e-05,30863,6,0.00450834,0.9992922
189,2,32019342,0.98155222,0.01889796,0.0,0.00134616,0.00085741,0.9788053,7.903e-05,1.414e-05,28879,6,0.00384156,0.999292
189,3,32019343,0.98173534,0.02071736,0.0,0.00134771,0.00061856,0.97722104,8.252e-05,1.281e-05,56287,6,0.00251331,0.9994921
189,4,32019344,0.98142248,0.01922446,0.0,0.00135106,0.00062957,0.97868081,8.985e-05,2.426e-05,35023,6,0.00277293,0.9990924
189,5,32019345,0.98190424,0.02200051,0.0,0.00135319,0.00053128,0.97601294,8.477e-05,1.731e-05,39391,6,0.00302904,0.999492
189,6,32019346,0.98183596,0.02104417,0.0,0.0013453,0.00061242,0.97689945,8.145e-05,1.721e-05,52191,6,0.00247216,0.999492
189,7,32019347,0.98154071,0.02039638,0.0,0.00135329,0.00056086,0.9775833,8.973e-05,1.643e-05,39119,6,0.00351767,0.9990924
189,8,32019348,0.98185755,0.02221857,0.0,0.00136176,0.00059334,0.97571358,8.667e-05,2.608e-05,53215,6,0.00316185,0.9994921
189,9,32019349,0.98159795,0.01996214,0.0,0.00134934,0.00063954,0.97794673,8.415e-05,1.811e-05,63631,6,0.00361027,0.9992922
189,10,32019350,0.98145906,0.01858587,0.0,0.00133993,0.00073079,0.97924002,8.281e-05,2.059e-05,30927,6,0.00389946,0.9992922
190,1,32019371,0.98497579,0.05911192,0.40720446,5.506e-05,0.02046449,0.08542297,0.00249284,0.42524826,44973,7,0.02018218,1.5464472
190,2,32019372,0.98431301,0.06086613,0.40741687,3.991e-05,0.02194287,0.07864433,0.00263667,0.42845323,44973,7,0.01941146,1.5464472
190,3,32019373,0.98453141,0.06090243,0.40524223,5.803e-05,0.02124016,0.09647415,0.00255189,0.41353112,44973,7,0.01788335,1.5464472
190,4,32019374,0.98466986,0.06060623,0.4123873,5.305e-05,0.0206954,0.08602596,0.00227185,0.41796023,57261,7,0.01724256,1.5464472
190,5,32019375,0.98493351,0.05905383,0.4110144,5.306e-05,0.02142979,0.07607001,0.00237815,0.43000076,44973,7,0.02294416,1.5464472
190,6,32019376,0.98411541,0.06124665,0.40635712,3.233e-05,0.02255669,0.07854095,0.00266263,0.42860363,44973,7,0.0208557,1.5464472
190,7,32019377,0.98458466,0.05988605,0.41085412,4.565e-05,0.02123096,0.07735752,0.00269358,0.42793212,44973,7,0.01882745,1.5464472
190,8,32019378,0.98533638,0.0569835,0.41902813,4.075e-05,0.02076135,0.06897452,0.00231469,0.43189705,49069,7,0.02241566,1.5464472
190,9,32019379,0.98449537,0.06005911,0.41104509,7.369e-05,0.02214592,0.07766688,0.00258014,0.42642917,44973,7,0.02253714,1.5464472
190,10,32019380,0.98503091,0.059436,0.41188399,3.854e-05,0.0200459,0.08427628,0.00240908,0.4219102,49069,7,0.01733301,1.5464472
191,1,32019401,0.98733105,0.0615398,0.35222535,0.0,0.03132477,0.0,0.00037826,0.55453182,19211,7,0.03279144,1.0066333
191,2,32019402,0.98717824,0.06027343,0.36096296,0.0,0.03074529,0.0,0.00039083,0.54762749,19211,7,0.03492508,1.0066333
191,3,32019403,0.98724158,0.06192163,0.35669751,0.0,0.03080301,0.0,0.0003581,0.55021975,19211,7,0.02992441,1.0066333
191,4,32019404,0.9869647,0.06100705,0.35426907,0.0,0.03119485,0.0,0.0003966,0.55313243,19211,7,0.03244577,1.0066333
191,5,32019405,0.98662499,0.06410262,0.35672661,0.0,0.03210858,0.0,0.00038626,0.54667593,19211,7,0.02890339,1.0066333
191,6,32019406,0.98650019,0.06275163,0.35883184,0.0,0.03206968,0.0,0.00040616,0.5459407,19211,7,0.02913545,1.0066333
191,7,32019407,0.98703372,0.06203735,0.3572037,0.0,0.03146547,0.0,0.00043608,0.5488574,19211,7,0.03402179,1.0066333
191,8,32019408,0.98691998,0.06181439,0.35848091,0.0,0.03091486,0.0,0.00039313,0.54839671,19211,7,0.02966902,1.0066333
191,9,32019409,0.98688176,0.06234215,0.36235247,0.0,0.03118318,0.0,0.00038855,0.54373364,19211,7,0.03024806,1.0066333
191,10,32019410,0.9870662,0.06205486,0.35789578,0.0,0.03152969,0.0,0.00039029,0.54812938,19211,7,0.02959412,1.0066333
192,1,32019431,0.98549132,0.01647905,0.0,0.00089138,0.00803887,0.15994588,0.0,0.81464482,30719,7,0.00364794,0.9995389
192,2,32019432,0.98548048,0.01634586,0.0,0.00089079,0.00809853,0.16512358,0.0,0.80954125,65535,7,0.00348365,0.9995389
192,3,32019433,0.98547897,0.01640765,0.0,0.00088739,0.00811179,0.16590083,0.0,0.80869234,47103,7,0.00348805,0.9995389
192,4,32019434,0.98551669,0.01634812,0.0,0.00089477,0.00818878,0.16030479,0.0,0.81426354,65407,7,0.003479,0.9995389
192,5,32019435,0.98550479,0.01642075,0.0,0.00089068,0.00807002,0.15548441,0.0,0.81913414,63487,7,0.00354689,0.9995389
192,6,32019436,0.98547022,0.01638047,0.0,0.00089194,0.00806618,0.16728376,0.0,0.80737766,32767,7,0.00359382,0.9995389
192,7,32019437,0.98549419,0.01653995,0.0,0.00089283,0.00801782,0.166989,0.0,0.80756039,55295,7,0.00377683,0.9995389
192,8,32019438,0.98548459,0.01643756,0.0,0.00089101,0.00811144,0.16479438,0.0,0.8097656,40959,7,0.00325229,0.9995389
192,9,32019439,0.98547919,0.01653473,0.0,0.00088831,0.00800857,0.17109603,0.0,0.80347237,58879,7,0.00323791,0.9995388
192,10,32019440,0.98548695,0.01636286,0.0,0.0008912,0.00809856,0.1635018,0.0,0.81114558,32255,7,0.00333491,0.9995389
193,1,32019461,0.98927941,0.05944319,0.01653423,0.0,0.00442843,0.80341357,0.0,0.11618058,52012,6,0.01884044,2.6622211
193,2,32019462,0.98384224,0.11260869,0.0663662,0.0,0.0043062,0.71012076,0.0,0.10659815,8354,4,0.0183818,2.6615894
193,3,32019463,0.98933908,0.05623896,0.015291,0.0,0.00483055,0.79907626,0.0,0.12456323,51980,6,0.0117137,2.6622211
193,4,32019464,0.9893193,0.05629126,0.01754219,0.0,0.00469596,0.80116244,0.0,0.12030816,51980,6,0.01224427,2.6622211
193,5,32019465,0.98927478,0.05980538,0.01704044,0.0,0.00468691,0.8052549,0.0,0.11321237,51980,6,0.01480417,2.6622211
193,6,32019466,0.97728455,0.18469176,0.11610865,0.0,0.00329423,0.61993942,0.0,0.07596594,8354,4,0.02664586,2.6615894
193,7,32019467,0.98665975,0.0881117,0.03398008,0.0,0.00424186,0.76055657,0.0,0.11310979,53004,6,0.01586108,2.6622211
193,8,32019468,0.96125119,0.34453499,0.26642812,0.0,0.00226609,0.34253942,0.0,0.04423138,8354,4,0.09096974,2.6615894
193,9,32019469,0.97926438,0.15792068,0.10803084,0.0,0.00389322,0.63753009,0.0,0.09262516,8354,4,0.030433,2.6615894
193,10,32019470,0.98928393,0.05923029,0.01580299,0.0,0.00445212,0.79868371,0.0,0.12183089,51980,6,0.01906214,2.6622211
194,1,32019491,0.98012585,0.01625756,0.02709581,0.00043375,0.00042882,0.95521614,0.00048328,8.464e-05,36875,6,0.02091267,0.9992237
194,2,32019492,0.98009271,0.01629297,0.02627914,0.0004262,0.00038465,0.95609216,0.00052341,1.48e-06,32843,6,0.01992221,0.9992237
194,3,32019493,0.98003597,0.01695145,0.02593564,0.00040301,0.00049632,0.95575528,0.00045565,2.65e-06,32841,6,0.01817212,0.9992237
194,4,32019494,0.98022581,0.01609164,0.02594502,0.00043797,0.00036719,0.95671098,0.0004451,2.11e-06,32841,6,0.01972361,0.9992237
194,5,32019495,0.97994848,0.0168493,0.02621403,0.00040116,0.00050863,0.95550377,0.0005183,4.8e-06,32841,6,0.01836867,0.9992237
194,6,32019496,0.98022974,0.01641071,0.0266101,0.00041229,0.00038981,0.95574794,0.0004254,3.75e-06,32777,6,0.01972286,0.9992237
194,7,32019497,0.97987818,0.01613783,0.02717565,0.00042212,0.00037788,0.95510397,0.00077787,4.68e-06,32779,6,0.01857953,0.9992237
194,8,32019498,0.98027934,0.0161346,0.02664699,0.00042427,0.00036564,0.95600103,0.0004257,1.77e-06,32841,6,0.01865691,0.9992237
194,9,32019499,0.97983605,0.01629871,0.02656829,0.00109098,0.00038503,0.95520002,0.0004548,2.17e-06,32841,6,0.01854245,0.9992237
194,10,32019500,0.98009024,0.01614496,0.02536485,0.0004458,0.00034605,0.95711698,0.00057906,2.3e-06,32843,6,0.021468,0.9992237
195,1,32019521,0.99490072,0.02187183,0.04355846,0.0,0.00996526,0.09799415,0.0,0.82661031,65023,7,0.00398086,0.9998732
195,2,32019522,0.99490515,0.0218386,0.04197804,0.0,0.01005162,0.09904046,0.0,0.82709128,32767,7,0.00404914,0.9998732
195,3,32019523,0.99490198,0.02176814,0.04430339,0.0,0.0099689,0.09720369,0.0,0.82675589,16383,7,0.00401398,0.9998732
195,4,32019524,0.99489539,0.02180507,0.04336446,0.0,0.00995882,0.10379769,0.0,0.82107395,65535,7,0.00423524,0.9998732
195,5,32019525,0.9948969,0.02176146,0.04292949,0.0,0.01010818,0.09948644,0.0,0.82571443,32767,7,0.00375315,0.9998732
195,6,32019526,0.99490834,0.02186049,0.04151518,0.0,0.0101042,0.09927748,0.0,0.82724264,61439,7,0.00415951,0.9998732
195,7,32019527,0.99489943,0.02179772,0.04385207,0.0,0.01004862,0.10074339,0.0,0.8235582,65535,7,0.00429696,0.9998732
195,8,32019528,0.99490301,0.02192984,0.04275055,0.0,0.01011621,0.09739294,0.0,0.82781046,63487,7,0.00419318,0.9998732
195,9,32019529,0.99490327,0.0217219,0.04238138,0.0,0.01017277,0.09501825,0.0,0.8307057,56831,7,0.00455841,0.9998732
195,10,32019530,0.99489907,0.02198008,0.0445933,0.0,0.00983844,0.10383841,0.0,0.81974977,61439,7,0.00429121,0.9998732
196,1,32019551,0.98795017,0.0481849,0.00130429,0.0,0.00505326,0.94544307,0.0,1.448e-05,52554,6,0.02289511,2.0911605
196,2,32019552,0.98867032,0.05033195,0.0037162,0.0,0.00550978,0.90261041,0.0,0.03783166,50637,6,0.02034105,2.0912604
196,3,32019553,0.99085256,0.04584463,0.01254319,0.0,0.00592304,0.77591966,0.0,0.15976948,51978,6,0.03522327,2.0911604
196,4,32019554,0.98788105,0.05570533,0.0006703,0.0,0.00477146,0.93883826,0.0,1.465e-05,52316,6,0.04104139,2.0911605
196,5,32019555,0.989537,0.05004363,0.00887049,0.0,0.00564664,0.83356361,0.0,0.10187563,51978,6,0.02138331,2.0911604
196,6,32019556,0.99085056,0.04594456,0.01271909,0.0,0.00579478,0.78030437,0.0,0.1552372,51978,6,0.03143974,2.0911604
196,7,32019557,0.98923612,0.05052636,0.00735477,0.0,0.0056104,0.85553795,0.0,0.08097052,52316,6,0.01731637,2.0911605
196,8,32019558,0.98927365,0.0490521,0.00768934,0.0,0.00573323,0.85554745,0.0,0.08197788,51978,6,0.01910826,2.0911604
196,9,32019559,0.99067648,0.04629262,0.01287198,0.0,0.00614001,0.77129226,0.0,0.16340313,51978,6,0.03368218,2.0911604
196,10,32019560,0.988537,0.04252839,0.00089032,0.0,0.006125,0.95044051,0.0,1.578e-05,52554,6,0.06898991,2.0911605
197,1,32019581,0.98326891,0.02251705,0.0,0.00130987,0.00038606,0.97570521,7.633e-05,5.48e-06,36831,6,0.0039843,0.9994554
197,2,32019582,0.98336773,0.02304307,0.0,0.00130919,0.00036639,0.97520023,7.631e-05,4.82e-06,61407,6,0.00396962,0.9994554
197,3,32019583,0.98338418,0.02303111,0.0,0.00130738,0.00037966,0.97519513,7.607e-05,1.065e-05,39903,6,0.00373863,0.9994555
197,4,32019584,0.98339953,0.02309719,0.0,0.001305,0.00037394,0.97514253,7.622e-05,5.12e-06,57303,6,0.00421586,0.9994305
197,5,32019585,0.98338092,0.0229182,0.0,0.00131121,0.00037314,0.97531608,7.641e-05,4.95e-06,40919,6,0.00374796,0.9994305
197,6,32019586,0.98322171,0.02247861,0.0,0.00131312,0.00038941,0.97572876,7.641e-05,1.369e-05,40927,6,0.00419648,0.9994555
197,7,32019587,0.98339648,0.02301014,0.0,0.00130616,0.00037248,0.97523048,7.628e-05,4.46e-06,65375,6,0.0045535,0.9994555
197,8,32019588,0.98327186,0.02276577,0.0,0.00131046,0.00038406,0.97545513,7.604e-05,8.53e-06,60383,6,0.00374094,0.9994555
197,9,32019589,0.98337405,0.02292921,0.0,0.00130631,0.00036652,0.97531737,7.633e-05,4.25e-06,32735,6,0.0037688,0.9994555
197,10,32019590,0.98338825,0.02307758,0.0,0.00130717,0.00037627,0.97515407,7.627e-05,8.63e-06,57311,6,0.0037754,0.9994555
198,1,32019611,0.98975107,0.0536052,0.008894,0.0,0.007319,0.73904937,0.0,0.19113243,53164,6,0.01189501,2.1850743
198,2,32019612,0.99025749,0.04943203,0.0079288,0.0,0.00802113,0.71792768,0.0,0.21669036,44972,6,0.01865022,2.1850743
198,3,32019613,0.98922689,0.05115523,0.00264594,0.0,0.00733311,0.858412,0.0,0.08045373,50636,6,0.03003477,2.1853611
198,4,32019614,0.99001336,0.05066406,0.00756258,0.0,0.00766204,0.71955633,0.0,0.21455499,44972,6,0.01353441,2.1850743
198,5,32019615,0.98993613,0.05223088,0.00814843,0.0,0.00725446,0.73422646,0.0,0.19813977,53164,6,0.01251747,2.1850743
198,6,32019616,0.98988311,0.05181126,0.00822419,0.0,0.00732165,0.72345523,0.0,0.20918767,53164,6,0.01257092,2.1850743
198,7,32019617,0.99002903,0.05159341,0.00803713,0.0,0.00775587,0.72594369,0.0,0.2066699,44972,6,0.01267462,2.1850743
198,8,32019618,0.98971511,0.05456219,0.00967916,0.0,0.00714431,0.73251791,0.0,0.19609642,53164,6,0.0145987,2.1850743
198,9,32019619,0.98968714,0.05450716,0.00924157,0.0,0.00681823,0.74154286,0.0,0.18789017,53164,6,0.01735915,2.1850743
198,10,32019620,0.98979735,0.05367359,0.00859618,0.0,0.00730665,0.73117149,0.0,0.19925209,53164,6,0.01458332,2.1850743
199,1,32019641,0.97367209,0.05888792,0.27749053,0.0,0.0146334,0.6220262,0.00111722,0.02584473,22919,6,0.06751191,0.9991723
199,2,32019642,0.97464009,0.05799447,0.28092211,0.0,0.01394872,0.61538889,0.0009057,0.03084012,22927,6,0.06137285,0.9992472
199,3,32019643,0.97124606,0.06033237,0.27567389,0.0,0.01648163,0.62015358,0.00126544,0.0260931,22927,6,0.0684402,0.9992472
199,4,32019644,0.97363498,0.05841604,0.27929277,0.0,0.0146588,0.61974264,0.00113851,0.02675124,22927,6,0.06442762,0.9992472
199,5,32019645,0.97767428,0.05549498,0.27846823,0.0,0.01227457,0.62414396,0.00069671,0.02892155,22919,6,0.06507234,0.9991723
199,6,32019646,0.97368857,0.05925433,0.2758507,0.0,0.01462728,0.62437397,0.001089,0.02480472,22919,6,0.06731836,0.9991723
199,7,32019647,0.97115548,0.06141848,0.27917125,0.0,0.01656926,0.61502465,0.00102727,0.02678908,22919,6,0.06421844,0.9991723
199,8,32019648,0.97390109,0.05874755,0.28245662,0.0,0.01456477,0.61362271,0.00101742,0.02959093,22919,6,0.066326,0.9991723
199,9,32019649,0.97757584,0.05570132,0.27629907,0.0,0.01237763,0.62745633,0.00070922,0.02745642,22927,6,0.06859973,0.9992472
199,10,32019650,0.97382178,0.05845925,0.27926032,0.0,0.01497495,0.62140948,0.00097846,0.02491753,22919,6,0.06704487,0.9991723
200,1,32019671,0.98804932,0.01856942,0.0,4.614e-05,0.00935477,0.17320562,0.0,0.79882404,30207,7,0.0032403,0.9996357
200,2,32019672,0.98807037,0.01842544,0.0,4.613e-05,0.00937925,0.16302192,0.0,0.80912726,24575,7,0.00301535,0.9996358
200,3,32019673,0.98805689,0.01851113,0.0,4.628e-05,0.00917029,0.16678858,0.0,0.80548372,49151,7,0.00319372,0.9996358
200,4,32019674,0.988073,0.01846792,0.0,4.617e-05,0.00934634,0.1678499,0.0,0.80428968,49023,7,0.00322505,0.9996358
200,5,32019675,0.98807637,0.01831775,0.0,4.622e-05,0.00937755,0.16364125,0.0,0.80861722,30591,7,0.00313283,0.9996358
200,6,32019676,0.98805407,0.01857857,0.0,4.606e-05,0.00933529,0.17382604,0.0,0.79821403,59391,7,0.00321073,0.9996358
200,7,32019677,0.98805912,0.01850288,0.0,4.62e-05,0.00931998,0.17163548,0.0,0.80049546,53247,7,0.00385827,0.9996358
200,8,32019678,0.98805604,0.01851765,0.0,4.591e-05,0.00943231,0.17193038,0.0,0.80007374,54783,7,0.00331097,0.9996357
200,9,32019679,0.98805732,0.01840696,0.0,4.609e-05,0.0093387,0.17095055,0.0,0.8012577,32639,7,0.00321162,0.9996358
200,10,32019680,0.98806013,0.01861596,0.0,4.627e-05,0.00923099,0.17026927,0.0,0.80183751,53119,7,0.00338757,0.9996358
201,1,32019701,0.98933843,0.05684148,0.01272276,0.0,0.00495963,0.81123591,0.0,0.11424022,56076,6,0.01379061,2.7130153
201,2,32019702,0.98818334,0.05651726,0.01271352,0.0,0.00542829,0.79403949,0.0,0.13130144,56074,6,0.01456751,2.7130153
201,3,32019703,0.9892737,0.05961072,0.01279647,0.0,0.00494283,0.80123093,0.0,0.12141904,51980,6,0.02017472,2.712982
201,4,32019704,0.98925874,0.05980613,0.01250635,0.0,0.00487074,0.8013941,0.0,0.12142268,51980,6,0.01948255,2.712982
201,5,32019705,0.98903744,0.05415089,0.01234309,0.0,0.0051887,0.79337577,0.0,0.13494155,51978,6,0.01059549,2.712982
201,6,32019706,0.98945526,0.05546024,0.0120686,0.0,0.00522731,0.79817003,0.0,0.12907382,51980,6,0.00993483,2.712982
201,7,32019707,0.98948969,0.05611823,0.01230223,0.0,0.00520928,0.80514755,0.0,0.12122271,51084,6,0.01171265,2.7129821
201,8,32019708,0.98927393,0.05850657,0.01228439,0.0,0.00488779,0.79430679,0.0,0.13001446,51980,6,0.02111266,2.712982
201,9,32019709,0.98881561,0.05488884,0.01105442,0.0,0.00493292,0.81958808,0.0,0.10953573,51978,6,0.00973013,2.712982
201,10,32019710,0.98958937,0.0530474,0.01143991,0.0,0.00532323,0.78936043,0.0,0.14082903,51980,6,0.01083112,2.712982
202,1,32019731,0.97933982,0.01268631,0.0,0.00122713,0.00031328,0.98557919,0.00019125,2.84e-06,37007,6,0.01565113,0.9991107
202,2,32019732,0.97924979,0.01258635,0.0,0.00124802,0.00027688,0.98568612,0.000201,1.64e-06,36939,6,0.01570164,0.9991109
202,3,32019733,0.9793071,0.01293564,0.0,0.00123798,0.00030511,0.98532241,0.00019663,2.23e-06,37067,6,0.01576103,0.9991107
202,4,32019734,0.97965433,0.014576,0.0,0.00125196,0.00055941,0.98344691,0.00015963,6.09e-06,32843,6,0.01140961,0.9991109
202,5,32019735,0.97928176,0.01255944,0.0,0.00123984,0.00028875,0.98571175,0.00019766,2.55e-06,32907,6,0.01557599,0.9991107
202,6,32019736,0.97951091,0.01370388,0.0,0.0012479,0.00045854,0.98440872,0.00017625,4.71e-06,32907,6,0.01322006,0.9991107
202,7,32019737,0.97959736,0.01404435,0.0,0.00124976,0.00048096,0.98405182,0.00016718,5.93e-06,32841,6,0.01155985,0.9991109
202,8,32019738,0.97924431,0.01248549,0.0,0.00124863,0.00028076,0.98577748,0.00020567,1.96e-06,32907,6,0.01606035,0.9991107
202,9,32019739,0.97997982,0.0161553,0.0,0.00124652,0.00072224,0.98173486,0.00013193,9.16e-06,32975,6,0.00821609,0.9991107
202,10,32019740,0.97951806,0.01370593,0.0,0.00125107,0.0004446,0.98441532,0.00017608,7.01e-06,32971,6,0.01350558,0.9991107
203,1,32019761,0.99340015,0.03969443,0.22095686,4.665e-05,0.02895776,0.0,0.0011401,0.7092042,48941,7,0.07312343,1.1502305
203,2,32019762,0.99338943,0.03987057,0.22251929,6.183e-05,0.02924465,0.0,0.00115373,0.70714993,48941,7,0.07072018,1.1502305
203,3,32019763,0.99326023,0.04064259,0.22557259,5.439e-05,0.02890165,0.0,0.00112787,0.70370091,48941,7,0.06792601,1.1502305
203,4,32019764,0.99339236,0.03965812,0.22179476,6.499e-05,0.02939623,0.0,0.00119128,0.70789461,48941,7,0.0734558,1.1502305
203,5,32019765,0.99327185,0.04071482,0.22761232,6.048e-05,0.02887333,0.0,0.00114688,0.70159217,48941,7,0.06907562,1.1502305
203,6,32019766,0.99343096,0.03942535,0.2199843,5.861e-05,0.02911392,0.0,0.0011203,0.71029752,48941,7,0.07156723,1.1502305
203,7,32019767,0.99342949,0.03964175,0.22184881,6.286e-05,0.02880767,0.0,0.00110988,0.70852902,48941,7,0.07429584,1.1502305
203,8,32019768,0.9934215,0.03949063,0.21991379,4.968e-05,0.0294751,0.0,0.00115675,0.70991406,48941,7,0.07629327,1.1502305
203,9,32019769,0.99343293,0.03930305,0.21973339,5.302e-05,0.0291304,0.0,0.00113634,0.71064379,48941,7,0.07270652,1.1502305
203,10,32019770,0.99340534,0.03956594,0.22246256,5.285e-05,0.02901007,0.0,0.00114203,0.70776656,48941,7,0.07583732,1.1502305
204,1,32019791,0.98518417,0.05482037,0.18089066,0.0,0.01255706,0.4735232,0.0008817,0.27732702,51970,6,0.01986566,1.4990788
204,2,32019792,0.98518426,0.05447045,0.17495614,0.0,0.01265137,0.47438191,0.00082105,0.28271908,51970,6,0.01965317,1.4990788
204,3,32019793,0.9854845,0.0536742,0.17863405,0.0,0.01241415,0.47742922,0.00079377,0.27705461,51970,6,0.0208115,1.4990788
204,4,32019794,0.98556933,0.05351869,0.17918302,0.0,0.01238939,0.47957677,0.00079472,0.2745374,51978,6,0.02114831,1.4991121
204,5,32019795,0.98580153,0.053165,0.17626522,0.0,0.01235228,0.46685668,0.00078825,0.29057257,51970,6,0.01834979,1.4990788
204,6,32019796,0.98528253,0.05415095,0.1758076,0.0,0.01301697,0.47413136,0.00081685,0.28207627,51970,6,0.020513,1.4990788
204,7,32019797,0.98517254,0.05578727,0.179041,0.0,0.0125903,0.47206074,0.00082076,0.27969992,51978,6,0.0184111,1.4991121
204,8,32019798,0.98481086,0.05511321,0.17842371,0.0,0.01286292,0.47254191,0.00086179,0.28019645,51978,6,0.01549397,1.4991121
204,9,32019799,0.98547338,0.05400489,0.17830144,0.0,0.01245239,0.47670248,0.00080367,0.27773512,51970,6,0.01785767,1.4990788
204,10,32019800,0.98462189,0.05694961,0.18137387,0.0,0.01284276,0.47140485,0.0008855,0.27654341,51716,6,0.01669944,1.4988126
205,1,32019821,0.98400701,0.01629452,0.0,0.00111915,0.00645328,0.19511652,0.0,0.78101653,32735,7,0.00281507,0.9994728
205,2,32019822,0.98402903,0.01635133,0.0,0.00111841,0.00636387,0.19671353,0.0,0.77945285,32735,7,0.00386125,0.9994728
205,3,32019823,0.98402172,0.01615079,0.0,0.00112036,0.00660461,0.18833482,0.0,0.78778941,32735,7,0.0034347,0.9994728
205,4,32019824,0.98402011,0.01623473,0.0,0.00112027,0.00645303,0.19299314,0.0,0.78319882,65503,7,0.00312103,0.9994728
205,5,32019825,0.98402698,0.01636758,0.0,0.00112059,0.00624596,0.19466707,0.0,0.78159881,45023,7,0.00316775,0.9994728
205,6,32019826,0.98402425,0.01611002,0.0,0.00111783,0.00655696,0.18088188,0.0,0.79533331,61407,7,0.00328302,0.9994728
205,7,32019827,0.98402088,0.01635595,0.0,0.00111834,0.00638878,0.19233167,0.0,0.78380524,45023,7,0.00355739,0.9994728
205,8,32019828,0.98399351,0.01626861,0.0,0.00112098,0.00641071,0.18837413,0.0,0.78782557,48991,7,0.00297248,0.9994728
205,9,32019829,0.98402032,0.01621322,0.0,0.00112063,0.0064001,0.18552415,0.0,0.79074189,32735,7,0.00347784,0.9994728
205,10,32019830,0.98402687,0.01629134,0.0,0.00111871,0.00636731,0.19800182,0.0,0.77822081,32735,7,0.00327954,0.9994728
206,1,32019851,0.98941636,0.05451412,0.01081778,0.0,0.00662676,0.76295655,0.0,0.16508479,53036,6,0.00938303,2.6534355
206,2,32019852,0.92815299,0.58789426,0.41011418,0.0,0.0010525,0.00093063,0.0,8.43e-06,47867,4,0.24797269,2.6532052
206,3,32019853,0.98938786,0.05484359,0.01018511,0.0,0.00633961,0.76062939,0.0,0.16800229,53036,6,0.01014407,2.6534355
206,4,32019854,0.92812817,0.58825027,0.40976058,0.0,0.00105012,0.00093063,0.0,8.4e-06,47867,4,0.2441659,2.6532052
206,5,32019855,0.92813926,0.58818657,0.40983643,0.0,0.00103478,0.00093392,0.0,8.3e-06,47867,4,0.25141598,2.6532052
206,6,32019856,0.92818213,0.58791578,0.40932029,0.0,0.00105487,0.00170067,0.0,8.39e-06,47867,4,0.24662581,2.6532052
206,7,32019857,0.92812369,0.58832439,0.40971559,0.0,0.0010215,0.00093009,0.0,8.42e-06,47867,4,0.24881685,2.6532052
206,8,32019858,0.92811141,0.58814725,0.4098621,0.0,0.00105456,0.0009277,0.0,8.39e-06,47867,4,0.24693589,2.6532052
206,9,32019859,0.92817776,0.58762806,0.41030131,0.0,0.0010338,0.00102849,0.0,8.34e-06,47867,4,0.24941595,2.6532052
206,10,32019860,0.92818374,0.58746871,0.41033158,0.0,0.00103035,0.00116096,0.0,8.39e-06,47867,4,0.24510064,2.6532052
207,1,32019881,0.95334564,0.0494167,0.28810089,0.01218844,0.00734587,0.62345284,0.01067,0.00882525,22927,6,0.01830444,0.9987789
207,2,32019882,0.96009407,0.04687755,0.29216736,0.00664013,0.00724684,0.63154601,0.0087503,0.00677182,22927,6,0.02033658,0.9987789
207,3,32019883,0.95773677,0.04930533,0.31366626,0.00959834,0.00790569,0.6012364,0.00920223,0.00908574,22927,6,0.03046929,0.9987789
207,4,32019884,0.94986625,0.05062968,0.28962556,0.0155691,0.00725717,0.61782774,0.01162581,0.00746493,22927,6,0.02020103,0.9987789
207,5,32019885,0.95853111,0.04703679,0.28712434,0.00803996,0.00721518,0.63365224,0.00949615,0.00743534,22927,6,0.0198059,0.9987789
207,6,32019886,0.9491975,0.05173984,0.28784153,0.01820125,0.00745497,0.6174577,0.01070472,0.00659999,22927,6,0.02022345,0.9987789
207,7,32019887,0.95785846,0.04708514,0.31047983,0.00903908,0.00738417,0.60876282,0.00970776,0.00754119,22927,6,0.0270673,0.9987789
207,8,32019888,0.95564284,0.0492348,0.29478263,0.0131322,0.00699107,0.61929335,0.00891266,0.00765329,22927,6,0.02381569,0.9987789
207,9,32019889,0.9561696,0.04830809,0.29134784,0.01169241,0.00719759,0.6245721,0.00976416,0.00711782,22927,6,0.02494266,0.9987789
207,10,32019890,0.95868818,0.04751192,0.30205049,0.0121326,0.00670462,0.61492424,0.00745856,0.00921756,22927,6,0.02499403,0.9987789
208,1,32019911,0.99204233,0.01976988,0.00647911,0.0,0.00978831,0.12721063,0.0,0.83675207,44543,7,0.00461666,0.9997727
208,2,32019912,0.9920419,0.0197791,0.00631722,0.0,0.00969408,0.13002234,0.0,0.83418726,65535,7,0.00475072,0.9997728
208,3,32019913,0.99205069,0.01967721,0.00621206,0.0,0.00989926,0.12474146,0.0,0.83947002,65535,7,0.00480104,0.9997728
208,4,32019914,0.99203409,0.01974662,0.00648721,0.0,0.00980294,0.12915245,0.0,0.83481078,63487,7,0.00470262,0.9997728
208,5,32019915,0.99204935,0.01972407,0.00635397,0.0,0.00976809,0.12269992,0.0,0.84145395,65535,7,0.00438316,0.9997728
208,6,32019916,0.99204391,0.01972051,0.00631991,0.0,0.00986793,0.12648375,0.0,0.83760789,60927,7,0.00472215,0.9997727
208,7,32019917,0.9920402,0.01978779,0.00621769,0.0,0.00978512,0.12661322,0.0,0.83759618,49023,7,0.00429876,0.9997728
208,8,32019918,0.99204721,0.01970952,0.00631357,0.0,0.0097918,0.12295791,0.0,0.8412272,63487,7,0.00482709,0.9997728
208,9,32019919,0.99205008,0.01967984,0.00623571,0.0,0.00980974,0.1254872,0.0,0.83878751,32255,7,0.00454952,0.9997727
208,10,32019920,0.99204291,0.01972397,0.00676708,0.0,0.00968962,0.13074628,0.0,0.83307305,57343,7,0.00507219,0.9997728
209,1,32019941,0.99046337,0.04635355,0.0134791,0.0,0.00548564,0.7877946,0.0,0.1468871,51978,6,0.03906113,2.4869982
209,2,32019942,0.98952175,0.04556672,0.00938179,0.0,0.00567058,0.84280358,0.0,0.09657732,52554,6,0.02683845,2.4869982
209,3,32019943,0.98797785,0.055169,0.000669,0.0,0.0046108,0.93883108,0.0,0.00072012,52316,6,0.04032844,2.4869982
209,4,32019944,0.98969953,0.04932893,0.01480253,0.0,0.00567709,0.78280041,0.0,0.14739104,51978,6,0.03639974,2.4869982
209,5,32019945,0.98863316,0.04169079,0.00093009,0.0,0.00562201,0.95174193,0.0,1.519e-05,52554,6,0.08617505,2.4869982
209,6,32019946,0.98801986,0.05529185,0.00229541,0.0,0.0045767,0.92800802,0.0,0.00982802,52316,6,0.04825927,2.4869982
209,7,32019947,0.98817738,0.05364237,0.0006842,0.0,0.00461805,0.94104115,0.0,1.423e-05,52316,6,0.03674979,2.4869982
209,8,32019948,0.98856598,0.05334057,0.00334096,0.0,0.00478232,0.91143524,0.0,0.02710091,56412,6,0.03437909,2.4870316
209,9,32019949,0.9904216,0.04637504,0.01382784,0.0,0.00555337,0.78904158,0.0,0.14520217,51978,6,0.04017079,2.4869982
209,10,32019950,0.99043363,0.04613296,0.0134693,0.0,0.00570288,0.78250725,0.0,0.15218761,51978,6,0.03897153,2.4869982
210,1,32019971,0.98153553,0.02044465,0.0,0.00124224,0.00054725,0.97767467,7.674e-05,1.445e-05,63695,6,0.00247982,0.9992397
210,2,32019972,0.98159012,0.02100865,0.0,0.00123539,0.0005456,0.97711889,7.833e-05,1.314e-05,57311,6,0.00230445,0.9994396
210,3,32019973,0.98187063,0.02176172,0.0,0.00122731,0.00053602,0.9763873,7.664e-05,1.102e-05,31711,6,0.00287781,0.9994397
210,4,32019974,0.98220763,0.02278811,0.0,0.00121746,0.00044525,0.97546543,7.672e-05,7.04e-06,40927,6,0.00334983,0.9994396
210,5,32019975,0.98125061,0.01946773,0.0,0.00124627,0.00064031,0.97855285,7.748e-05,1.536e-05,30923,6,0.00295995,0.9992396
210,6,32019976,0.98135623,0.01993382,0.0,0.00124522,0.00058899,0.97814333,7.675e-05,1.19e-05,30927,6,0.00301174,0.9992397
210,7,32019977,0.98182734,0.02151,0.0,0.00122939,0.00050889,0.97666417,7.664e-05,1.091e-05,39903,6,0.00275412,0.9994397
210,8,32019978,0.98208899,0.02270315,0.0,0.00121854,0.00046399,0.97552945,7.77e-05,7.17e-06,52191,6,0.00364224,0.9994396
210,9,32019979,0.98102575,0.01849203,0.0,0.001257,0.00065737,0.97949409,7.68e-05,2.271e-05,57487,6,0.00396348,0.9992396
210,10,32019980,0.98176955,0.02132656,0.0,0.00123186,0.00052766,0.97682133,7.734e-05,1.525e-05,57311,6,0.00279817,0.9994396
211,1,32020001,0.98625757,0.05654173,0.15535323,0.0,0.01302823,0.51334183,0.00222266,0.25951232,44972,6,0.01177523,1.9035049
211,2,32020002,0.9864034,0.05710797,0.15182208,0.0,0.01282831,0.51967287,0.0019256,0.25664317,44972,6,0.01190714,1.9035049
211,3,32020003,0.985999,0.05800918,0.14872315,0.0,0.01380751,0.51466859,0.00218409,0.26260748,44972,6,0.01200335,1.9035049
211,4,32020004,0.98603114,0.05793266,0.14788587,0.0,0.01355398,0.52562145,0.00203497,0.25297107,44972,6,0.0136128,1.9035049
211,5,32020005,0.98510955,0.06021843,0.16097578,0.0,0.01432555,0.50978376,0.00242785,0.25226864,44972,6,0.01111282,1.9035049
211,6,32020006,0.98623731,0.05817922,0.14956926,0.0,0.01271375,0.52927707,0.00197755,0.24828315,53164,6,0.01228239,1.9035049
211,7,32020007,0.9861827,0.0571963,0.15600403,0.0,0.01374247,0.506582,0.00214648,0.26432872,44972,6,0.01534643,1.9035049
211,8,32020008,0.98585579,0.0578315,0.15543361,0.0,0.01353266,0.50989081,0.00252423,0.26078719,44972,6,0.0124194,1.9035049
211,9,32020009,0.98575702,0.05929026,0.15161514,0.0,0.01308772,0.52250284,0.0022482,0.25125584,53164,6,0.0121741,1.9035049
211,10,32020010,0.98519922,0.05887661,0.15924964,0.0,0.01441965,0.51166213,0.00242972,0.25336226,44972,6,0.01329799,1.9035049
212,1,32020031,0.98602575,0.05837407,0.28871402,0.0,0.00797703,0.0,0.00032711,0.64460777,23175,7,0.1909542,0.99947
212,2,32020032,0.98576139,0.05891176,0.2839996,0.0,0.00819822,0.0,0.00024304,0.64864738,23175,7,0.1919498,0.99947
212,3,32020033,0.98573874,0.0587109,0.28275469,0.0,0.00834064,0.0,0.00031219,0.64988158,23175,7,0.18965968,0.99947
212,4,32020034,0.98529439,0.05949602,0.28604939,0.0,0.00864964,0.0,0.00042911,0.64537583,23175,7,0.18957129,0.99947
212,5,32020035,0.98554224,0.05903019,0.2873162,0.0,0.00861909,0.0,0.0004339,0.64460062,23175,7,0.18570146,0.99947
212,6,32020036,0.98520271,0.05906468,0.28316862,0.0,0.00939941,0.0,0.00037526,0.64799204,23175,7,0.18777592,0.99947
212,7,32020037,0.98531388,0.05929114,0.28393981,0.0,0.0087523,0.0,0.00050287,0.64751388,23175,7,0.17874223,0.99947
212,8,32020038,0.98581015,0.05852961,0.28780672,0.0,0.00822903,0.0,0.00042527,0.64500937,23175,7,0.18752472,0.99947
212,9,32020039,0.98616042,0.05814262,0.2828525,0.0,0.00802188,0.0,0.00015729,0.65082571,23175,7,0.1934941,0.99947
212,10,32020040,0.98560878,0.05876926,0.28612182,0.0,0.00857731,0.0,0.0002979,0.64623372,23175,7,0.18383194,0.99947
213,1,32020061,0.98574155,0.01630059,0.0,0.00061649,0.00859184,0.15142334,0.0,0.82306775,32255,7,0.00353461,0.9995456
213,2,32020062,0.98573833,0.01623508,0.0,0.0006164,0.00851838,0.14739521,0.0,0.82723493,40959,7,0.00354606,0.9995456
213,3,32020063,0.985739,0.0162935,0.0,0.00061879,0.00853385,0.1539308,0.0,0.82062306,65535,7,0.00380314,0.9995456
213,4,32020064,0.98572837,0.01641863,0.0,0.00061454,0.00842277,0.15586562,0.0,0.81867845,63487,7,0.0035668,0.9995456
213,5,32020065,0.98572629,0.01638195,0.0,0.00061589,0.00842446,0.15237514,0.0,0.82220257,65407,7,0.00367565,0.9995456
213,6,32020066,0.98576378,0.01633359,0.0,0.00061804,0.00853034,0.14363621,0.0,0.83088183,44927,7,0.00380054,0.9995456
213,7,32020067,0.98571721,0.01637862,0.0,0.00061815,0.00853744,0.15240383,0.0,0.82206197,24575,7,0.00390073,0.9995456
213,8,32020068,0.98573336,0.01638625,0.0,0.00062088,0.00851887,0.14797912,0.0,0.82649488,30719,7,0.00359145,0.9995456
213,9,32020069,0.98574074,0.01634383,0.0,0.00061686,0.00848056,0.14843192,0.0,0.82612683,30719,7,0.00364115,0.9995456
213,10,32020070,0.9857459,0.01613504,0.0,0.00061565,0.00859987,0.14775881,0.0,0.82689063,32767,7,0.00374842,0.9995456
214,1,32020091,0.98909429,0.05496776,0.01510718,0.0,0.00484365,0.79962926,0.0,0.12545214,56074,6,0.01100256,2.8804289
214,2,32020092,0.98931094,0.05625829,0.01275979,0.0,0.00476059,0.7977053,0.0,0.12851603,51980,6,0.01841293,2.8803955
214,3,32020093,0.98940194,0.05345667,0.01341778,0.0,0.00498305,0.78613547,0.0,0.14200702,51980,6,0.01279487,2.8803955
214,4,32020094,0.98923984,0.05955323,0.01391084,0.0,0.00470981,0.81039879,0.0,0.11142733,51980,6,0.01758138,2.8803955
214,5,32020095,0.98961825,0.04856802,0.01280979,0.0,0.0053441,0.79564188,0.0,0.13763619,51978,6,0.02047489,2.8803955
214,6,32020096,0.9892105,0.05972483,0.01338371,0.0,0.00455077,0.80439533,0.0,0.11794537,51980,6,0.0205229,2.8803955
214,7,32020097,0.98727335,0.07021834,0.01997845,0.0,0.00477628,0.78927086,0.0,0.11575609,51980,6,0.01181483,2.8803955
214,8,32020098,0.98961202,0.04860352,0.01347215,0.0,0.00534348,0.79466451,0.0,0.13791634,51978,6,0.02168152,2.8803955
214,9,32020099,0.98037812,0.10169364,0.0561455,0.0,0.00296407,0.78207368,0.0,0.05712312,8354,4,0.01717261,2.8797203
214,10,32020100,0.98755839,0.06972537,0.02123914,0.0,0.00445406,0.78721048,0.0,0.11737096,51980,6,0.01997234,2.8803955
215,1,32020121,0.97916397,0.01368617,0.0,0.00086887,0.00033499,0.98484263,0.00026581,1.53e-06,32845,6,0.01684623,0.9991523
215,2,32020122,0.97920406,0.01378858,0.0,0.00084767,0.00034582,0.98475756,0.00025715,3.23e-06,36941,6,0.01590036,0.9991523
215,3,32020123,0.97915767,0.01370244,0.0,0.00085522,0.00032897,0.98484537,0.00026575,2.25e-06,32781,6,0.01550269,0.9991523
215,4,32020124,0.97916146,0.01374067,0.0,0.00085808,0.00032743,0.98480798,0.00026433,1.51e-06,32841,6,0.01764839,0.9991523
215,5,32020125,0.97916326,0.01366418,0.0,0.00086773,0.00032625,0.98487649,0.00026361,1.74e-06,32841,6,0.01664978,0.9991523
215,6,32020126,0.97916132,0.01379974,0.0,0.00085869,0.00032958,0.98474831,0.00026117,2.51e-06,36875,6,0.01708435,0.9991523
215,7,32020127,0.97916006,0.0135975,0.0,0.00086793,0.00031857,0.98495096,0.00026341,1.63e-06,32777,6,0.0179242,0.9991523
215,8,32020128,0.97916976,0.013774,0.0,0.00085537,0.0003317,0.98477814,0.00025925,1.54e-06,32843,6,0.01625269,0.9991523
215,9,32020129,0.97918637,0.01373681,0.0,0.00086238,0.00032639,0.98481252,0.00025992,1.98e-06,32779,6,0.01588302,0.9991523
215,10,32020130,0.97919539,0.01379895,0.0,0.00085107,0.00033732,0.98475229,0.00025856,1.81e-06,32843,6,0.01611031,0.9991523
216,1,32020151,0.99670679,0.02332469,0.07228681,0.0,0.01276335,0.03166575,0.0,0.85995939,36863,7,0.00342934,0.999935
216,2,32020152,0.99670854,0.02346475,0.0730356,0.0,0.01280365,0.03228547,0.0,0.85841053,49151,7,0.00365717,0.9999351
216,3,32020153,0.99669793,0.02320946,0.07240083,0.0,0.01283472,0.03374396,0.0,0.85781104,63487,7,0.00369541,0.9999351
216,4,32020154,0.99669914,0.02314437,0.07267579,0.0,0.01304169,0.03277446,0.0,0.8583637,61439,7,0.00387934,0.999935
216,5,32020155,0.99669554,0.02313791,0.07261601,0.0,0.01305204,0.0342886,0.0,0.85690544,53247,7,0.00415855,0.999935
216,6,32020156,0.99669313,0.02335197,0.07357566,0.0,0.01290274,0.03400999,0.0,0.85615964,49151,7,0.00362027,0.9999351
216,7,32020157,0.99671166,0.02312637,0.07167297,0.0,0.01280989,0.03385624,0.0,0.85853453,61311,7,0.00408672,0.999935
216,8,32020158,0.99670981,0.023114,0.07197442,0.0,0.01288842,0.03427465,0.0,0.85774851,63487,7,0.00389926,0.9999351
216,9,32020159,0.99670864,0.02330504,0.07292818,0.0,0.01275235,0.03381304,0.0,0.85720139,55295,7,0.0038841,0.9999351
216,10,32020160,0.99671512,0.02333384,0.07256698,0.0,0.01279043,0.03256126,0.0,0.8587475,63487,7,0.00375898,0.9999351
217,1,32020181,0.98876202,0.05036561,0.07011677,0.0,0.00762234,0.68100456,0.00013658,0.19075414,51978,6,0.02268032,1.9930551
217,2,32020182,0.98937163,0.04817822,0.06723694,0.0,0.00733656,0.69129651,0.0001521,0.18579966,51978,6,0.02840005,1.9930551
217,3,32020183,0.98909599,0.04815273,0.06445085,0.0,0.00800731,0.6831981,0.00012891,0.19606209,51978,6,0.03422282,1.9930551
217,4,32020184,0.98898093,0.04923807,0.07162481,0.0,0.0080062,0.67448974,0.00017384,0.19646734,51978,6,0.02916972,1.9930551
217,5,32020185,0.98903433,0.04907792,0.07041196,0.0,0.00763625,0.68208092,0.00019666,0.1905963,51978,6,0.02607691,1.9930551
217,6,32020186,0.98888523,0.04965074,0.06927478,0.0,0.00749166,0.68851588,0.00016033,0.1849066,51978,6,0.02657749,1.9930551
217,7,32020187,0.98886976,0.04910592,0.06351591,0.0,0.00784882,0.69217717,0.00012149,0.1872307,51978,6,0.03041651,1.9930551
217,8,32020188,0.98925544,0.04837822,0.06206399,0.0,0.00759837,0.6904598,0.00013445,0.19136517,51978,6,0.02930584,1.9930551
217,9,32020189,0.98892245,0.04934833,0.07108316,0.0,0.00780495,0.67399357,0.00015709,0.19761289,51978,6,0.02810175,1.9930551
217,10,32020190,0.98879127,0.0500203,0.06960061,0.0,0.00764868,0.68350875,0.00015758,0.18906408,51978,6,0.0261299,1.9930551
218,1,32020211,0.98275014,0.02163728,0.0,0.00129973,0.00035727,0.97662399,7.627e-05,5.47e-06,32735,6,0.00375093,0.9994224
218,2,32020212,0.98275802,0.02176503,0.0,0.00130189,0.00035999,0.9764929,7.627e-05,3.91e-06,45023,6,0.00374346,0.9994223
218,3,32020213,0.98276153,0.02187526,0.0,0.00130069,0.00036053,0.97638313,7.618e-05,4.22e-06,57311,6,0.00366184,0.9994224
218,4,32020214,0.98275977,0.02178075,0.0,0.00130002,0.00035751,0.97648072,7.633e-05,4.67e-06,49119,6,0.00412346,0.9994224
218,5,32020215,0.982761,0.02188237,0.0,0.00129926,0.0003581,0.97637874,7.618e-05,5.36e-06,36831,6,0.00380475,0.9994223
218,6,32020216,0.98276094,0.02178533,0.0,0.00130093,0.00036425,0.97646784,7.657e-05,5.08e-06,49119,6,0.00346294,0.9994224
218,7,32020217,0.9827145,0.02188844,0.0,0.00129987,0.00035465,0.97637638,7.622e-05,4.44e-06,32735,6,0.00356964,0.9994224
218,8,32020218,0.98273209,0.02167585,0.0,0.001302,0.00036656,0.97657477,7.612e-05,4.71e-06,57311,6,0.00384514,0.9994224
218,9,32020219,0.9827329,0.0218075,0.0,0.00130026,0.00035541,0.97645622,7.618e-05,4.44e-06,45023,6,0.00345787,0.9994223
218,10,32020220,0.98274306,0.02180349,0.0,0.00130058,0.00035397,0.97646152,7.6e-05,4.44e-06,64479,6,0.00374622,0.9994224
219,1,32020241,0.98939411,0.05839899,0.01170894,0.0,0.0071612,0.76287639,0.0,0.15985448,52764,6,0.01916361,2.5294617
219,2,32020242,0.98977309,0.04945018,0.0089076,0.0,0.00752198,0.7347611,0.0,0.19935913,44972,6,0.01520185,2.5291062
219,3,32020243,0.98970728,0.05147816,0.00888883,0.0,0.00730141,0.73561039,0.0,0.19672121,44972,6,0.0118813,2.5291062
219,4,32020244,0.9897636,0.05101329,0.00887044,0.0,0.00723599,0.73630443,0.0,0.19657585,44972,6,0.01366478,2.5291062
219,5,32020245,0.98940576,0.05646616,0.01067623,0.0,0.00693741,0.75252514,0.0,0.17339507,53036,6,0.01322709,2.5294617
219,6,32020246,0.98962888,0.05150773,0.00910708,0.0,0.00713217,0.72530441,0.0,0.20694862,53036,6,0.01411031,2.5294617
219,7,32020247,0.98951033,0.052107,0.01009911,0.0,0.00703746,0.74517119,0.0,0.18558524,44972,6,0.00974106,2.5291062
219,8,32020248,0.98976273,0.04958738,0.00924322,0.0,0.00775427,0.72991963,0.0,0.20349549,44972,6,0.0157036,2.5291062
219,9,32020249,0.98969078,0.05183506,0.0091551,0.0,0.00705294,0.7381178,0.0,0.1938391,44972,6,0.01168112,2.5291062
219,10,32020250,0.98885962,0.05279516,0.008749,0.0,0.00686131,0.76370666,0.0,0.16788788,53036,6,0.00871762,2.5294617
220,1,32020271,0.96422385,0.06057408,0.24887964,0.0,0.01448807,0.65512129,0.00410636,0.01683056,22927,6,0.0373743,0.9990414
220,2,32020272,0.96699304,0.05902272,0.25555349,0.0,0.01374975,0.65150987,0.00347996,0.01668421,22927,6,0.04113386,0.9990414
220,3,32020273,0.96481068,0.05995067,0.24581903,0.0,0.01419386,0.65921517,0.00422888,0.01659239,22927,6,0.0357957,0.9990414
220,4,32020274,0.96086624,0.06184346,0.25078966,0.0,0.01602236,0.65109683,0.00487669,0.015371,22927,6,0.03830628,0.9990414
220,5,32020275,0.96017849,0.06198326,0.2548098,0.0,0.01701451,0.64616522,0.00502236,0.01500486,22927,6,0.04110455,0.9990414
220,6,32020276,0.96514059,0.06002872,0.25197534,0.0,0.0150052,0.6532381,0.00395064,0.015802,22927,6,0.03769022,0.9990414
220,7,32020277,0.96255976,0.06073591,0.25864306,0.0,0.01535742,0.64613674,0.00476116,0.01436572,22927,6,0.0354572,0.9990414
220,8,32020278,0.9658116,0.05915352,0.25716468,0.0,0.01384818,0.64830949,0.00397946,0.01754467,22927,6,0.0442535,0.9990414
220,9,32020279,0.95898071,0.06362159,0.2492618,0.0,0.01758016,0.64880165,0.00531655,0.01541825,22927,6,0.04046043,0.9990414
220,10,32020280,0.9642568,0.0601663,0.25201526,0.0,0.0147014,0.65049441,0.00432723,0.0182954,18831,6,0.03295205,0.9989915
221,1,32020301,0.98905262,0.01837944,0.0,0.0,0.00943935,0.15566925,0.0,0.81651195,65023,7,0.00539726,0.999668
221,2,32020302,0.98905536,0.01835548,0.0,0.0,0.00949171,0.15126971,0.0,0.8208831,49151,7,0.0050898,0.999668
221,3,32020303,0.98904968,0.01840483,0.0,0.0,0.00941689,0.15764156,0.0,0.81453671,53247,7,0.00533093,0.999668
221,4,32020304,0.98905944,0.01838171,0.0,0.0,0.00946625,0.15354805,0.0,0.81860399,63487,7,0.00524915,0.999668
221,5,32020305,0.98905308,0.01844666,0.0,0.0,0.0094624,0.15022008,0.0,0.82187086,65023,7,0.00484703,0.999668
221,6,32020306,0.98905923,0.01838533,0.0,0.0,0.00947423,0.14525114,0.0,0.8268893,45055,7,0.0053505,0.999668
221,7,32020307,0.98905464,0.01850352,0.0,0.0,0.00937622,0.1453491,0.0,0.82677115,59391,7,0.00507364,0.999668
221,8,32020308,0.98905696,0.01835331,0.0,0.0,0.00955736,0.14630318,0.0,0.82578616,49151,7,0.00493187,0.999668
221,9,32020309,0.98904887,0.01847353,0.0,0.0,0.00937542,0.15310841,0.0,0.81904264,65535,7,0.00546239,0.999668
221,10,32020310,0.98904617,0.01841125,0.0,0.0,0.00934001,0.15340908,0.0,0.81883966,60927,7,0.00496788,0.9996679
222,1,32020331,0.98975922,0.05297616,0.01087508,0.0,0.00532032,0.79384254,0.0,0.13698591,56074,6,0.01961652,2.8199062
222,2,32020332,0.98991883,0.04983353,0.01076294,0.0,0.00556867,0.78050677,0.0,0.15332809,51978,6,0.02621094,2.8198729
222,3,32020333,0.98930723,0.05800494,0.01160109,0.0,0.00503924,0.79253648,0.0,0.13281825,51980,6,0.02221271,2.8198729
222,4,32020334,0.98997821,0.04917637,0.01039149,0.0,0.00567521,0.77959544,0.0,0.15516149,51978,6,0.0293945,2.8198729
222,5,32020335,0.9894232,0.05866265,0.01226356,0.0,0.00517685,0.8012949,0.0,0.12260204,51084,6,0.0185206,2.8198729
222,6,32020336,0.98938401,0.05603969,0.01152217,0.0,0.00508186,0.79441661,0.0,0.13293967,51980,6,0.01607771,2.8198729
222,7,32020337,0.98757704,0.0570648,0.01195863,0.0,0.00562085,0.78494946,0.0,0.14040627,51978,6,0.02403491,2.8198729
222,8,32020338,0.99007522,0.04718352,0.01056286,0.0,0.00561704,0.78762809,0.0,0.14900849,56074,6,0.03541957,2.8199062
222,9,32020339,0.98936627,0.05846268,0.01262246,0.0,0.00522137,0.79620766,0.0,0.12748584,51980,6,0.01786072,2.8198729
222,10,32020340,0.98827071,0.06114879,0.01173926,0.0,0.00489234,0.83035997,0.0,0.09185963,51084,6,0.01843271,2.8198729
223,1,32020361,0.97934502,0.01522777,0.0,0.00132982,0.00077065,0.98255461,0.00010234,1.481e-05,39119,6,0.00471772,0.9990469
223,2,32020362,0.97936359,0.01562514,0.0,0.00132757,0.00069355,0.98223624,0.00010612,1.139e-05,35023,6,0.00429821,0.9990469
223,3,32020363,0.97901037,0.01414725,0.0,0.00133078,0.00059659,0.98379399,0.00011739,1.399e-05,39055,6,0.00856189,0.9990469
223,4,32020364,0.97943137,0.0166873,0.0,0.0013285,0.00060507,0.98126142,0.00010766,1.004e-05,34959,6,0.0060006,0.9990469
223,5,32020365,0.9793716,0.0152935,0.0,0.0013244,0.00075279,0.98251353,0.0001029,1.288e-05,39055,6,0.00561716,0.9990469
223,6,32020366,0.97857811,0.01292091,0.0,0.00134637,0.00048511,0.98510797,0.00013342,6.21e-06,39119,6,0.01164343,0.9990469
223,7,32020367,0.97941805,0.0158472,0.0,0.00133319,0.0007781,0.98193148,0.0001003,9.72e-06,63631,6,0.00433826,0.9992467
223,8,32020368,0.97918365,0.01493419,0.0,0.0013343,0.00073157,0.98288543,0.0001082,6.3e-06,35023,6,0.00670718,0.9990469
223,9,32020369,0.97893205,0.01409209,0.0,0.00133384,0.00056607,0.98387622,0.0001179,1.388e-05,35023,6,0.00810341,0.9990469
223,10,32020370,0.97864671,0.01375777,0.0,0.0013481,0.00044456,0.98430963,0.00013495,4.99e-06,39055,6,0.00874626,0.9990469
224,1,32020391,0.98696652,0.05129098,0.41323551,0.0,0.02069742,0.01620799,0.00219018,0.49637792,44845,7,0.03222553,1.5172712
224,2,32020392,0.98710589,0.05091585,0.41261401,0.0,0.02079209,0.01890682,0.00202039,0.49475085,44845,7,0.03285807,1.5172712
224,3,32020393,0.98714495,0.05200008,0.42216591,0.0,0.01966281,0.01529109,0.00163732,0.48924279,44845,7,0.02433137,1.5172712
224,4,32020394,0.98683292,0.0524838,0.41615239,0.0,0.02083673,0.01720045,0.00202216,0.49130448,44845,7,0.02965957,1.5172712
224,5,32020395,0.98711003,0.051662,0.41611243,0.0,0.02031157,0.01841319,0.00187693,0.49162388,44845,7,0.03015081,1.5172712
224,6,32020396,0.98707264,0.05140939,0.41475775,0.0,0.02035553,0.01582401,0.0019635,0.49568982,48941,7,0.0271842,1.5172712
224,7,32020397,0.9870793,0.05112082,0.41109717,0.0,0.02052356,0.01800455,0.00192538,0.49732853,44845,7,0.03006912,1.5172712
224,8,32020398,0.9873417,0.05010956,0.41229381,0.0,0.02073507,0.01667326,0.00187542,0.49831289,44845,7,0.03630607,1.5172712
224,9,32020399,0.98703277,0.05134362,0.41140197,0.0,0.0207619,0.01702786,0.00200064,0.49746401,44845,7,0.03212905,1.5172712
224,10,32020400,0.98694108,0.05133804,0.41130995,0.0,0.02132946,0.01824227,0.00202203,0.49575824,48941,7,0.03631812,1.5172712
225,1,32020421,0.98329083,0.05220633,0.4391745,0.0,0.01863583,0.0,0.00076618,0.48921716,19202,7,0.02162573,1.2783973
225,2,32020422,0.98276164,0.05340966,0.43897657,0.0,0.01926948,0.0,0.00081658,0.48752771,19210,7,0.0212401,1.2783973
225,3,32020423,0.98164498,0.05581309,0.43516255,0.0,0.02026789,0.0,0.00083483,0.48792164,19210,7,0.02020116,1.2783973
225,4,32020424,0.98306082,0.05268459,0.43663152,0.0,0.01935846,0.0,0.00065154,0.49067389,19202,7,0.0216658,1.2783973
225,5,32020425,0.98272116,0.05347023,0.44607629,0.0,0.01897427,0.0,0.00079802,0.48068119,19210,7,0.02088265,1.2783973
225,6,32020426,0.98290644,0.05159357,0.43838714,0.0,0.01922358,0.0,0.00079306,0.49000265,19210,7,0.0224907,1.2783973
225,7,32020427,0.98285202,0.05217992,0.43985056,0.0,0.01960055,0.0,0.00072046,0.4876485,19210,7,0.02578368,1.2783973
225,8,32020428,0.9834082,0.05078146,0.44812864,0.0,0.01898172,0.0,0.00066296,0.48144522,19210,7,0.02500565,1.2783973
225,9,32020429,0.98306396,0.05244621,0.43911167,0.0,0.01960747,0.0,0.00080436,0.48803029,19210,7,0.02400701,1.2783973
225,10,32020430,0.9827668,0.05280227,0.43949063,0.0,0.01980074,0.0,0.00082304,0.48708331,19210,7,0.02147176,1.2783973
226,1,32020451,0.98374917,0.01525361,0.0,0.00094453,0.00680833,0.15204598,0.0,0.82494755,49151,7,0.00350021,0.9994644
226,2,32020452,0.98373064,0.01535146,0.0,0.00094451,0.00688457,0.15925746,0.0,0.81756199,47103,7,0.00334786,0.9994644
226,3,32020453,0.98376353,0.0152144,0.0,0.00094345,0.00702597,0.1535573,0.0,0.82325889,49023,7,0.00332073,0.9994644
226,4,32020454,0.98375719,0.01521793,0.0,0.0009444,0.00699975,0.15682387,0.0,0.82001404,49151,7,0.00351991,0.9994644
226,5,32020455,0.98375347,0.01523008,0.0,0.00094294,0.00689281,0.15537813,0.0,0.82155603,65535,7,0.00346689,0.9994644
226,6,32020456,0.98371947,0.01523054,0.0,0.00094499,0.00683513,0.15929314,0.0,0.8176962,65527,7,0.00318521,0.9994394
226,7,32020457,0.98376916,0.01520823,0.0,0.00094433,0.00689549,0.15560318,0.0,0.82134877,61431,7,0.00321223,0.9994311
226,8,32020458,0.98376689,0.01526587,0.0,0.00094331,0.00684127,0.15898081,0.0,0.81796874,61439,7,0.00309425,0.9994644
226,9,32020459,0.98376227,0.01524289,0.0,0.00094298,0.00690097,0.15575955,0.0,0.8211536,40959,7,0.00316118,0.9994644
226,10,32020460,0.98376901,0.01530798,0.0,0.0009443,0.00695993,0.15670025,0.0,0.82008753,30719,7,0.00331758,0.9994644
227,1,32020481,0.98644567,0.0880302,0.05095557,0.0,0.00530956,0.71424127,0.0,0.1414634,47867,4,0.01486218,2.9386785
227,2,32020482,0.98295138,0.12669553,0.09512102,0.0,0.0046958,0.65504872,0.0,0.11843894,47588,4,0.02048059,2.9385286
227,3,32020483,0.96305743,0.39026709,0.30490843,0.0,0.00222098,0.26297756,0.0,0.03962594,47867,4,0.11111865,2.9386785
227,4,32020484,0.94645214,0.53969088,0.45905057,0.0,0.00072453,0.00052395,0.0,1.006e-05,47291,4,0.37584462,2.9386784
227,5,32020485,0.98144004,0.15386148,0.10750671,0.0,0.00487232,0.60505526,0.0,0.12870424,47867,4,0.03105687,2.9386785
227,6,32020486,0.94615753,0.53618422,0.46253554,0.0,0.0007187,0.00055175,0.0,9.79e-06,47291,4,0.42380617,2.9386784
227,7,32020487,0.97235254,0.2665478,0.20507279,0.0,0.00356974,0.44489587,0.0,0.07991379,47867,4,0.07331709,2.9386785
227,8,32020488,0.98923327,0.05851532,0.02032945,0.0,0.0056701,0.76840802,0.0,0.14707711,52012,6,0.01617489,2.9389659
227,9,32020489,0.98927685,0.05384348,0.02016521,0.0,0.0061807,0.75489344,0.0,0.16491717,43820,6,0.00987938,2.9389659
227,10,32020490,0.95095695,0.54366644,0.45496225,0.0,0.00103036,0.0003296,0.0,1.135e-05,47867,4,0.17704819,2.9386785
228,1,32020511,0.97851198,0.0168722,0.02090581,0.00030577,0.0003842,0.96090999,0.00062105,9.7e-07,32841,6,0.02647384,0.9992166
228,2,32020512,0.97855477,0.01678123,0.02012345,0.00032599,0.00037933,0.96178676,0.00060216,1.09e-06,32841,6,0.02575684,0.9992166
228,3,32020513,0.97838142,0.01684049,0.02053644,0.00031949,0.00037908,0.96120842,0.00071505,1.03e-06,32843,6,0.02532631,0.9992166
228,4,32020514,0.97853841,0.01679448,0.02068252,0.00031654,0.00038602,0.96122025,0.00059918,1.01e-06,32843,6,0.02596055,0.9992166
228,5,32020515,0.97722881,0.01764712,0.02087391,0.00146045,0.00042725,0.95865841,0.00093054,2.32e-06,32841,6,0.02421901,0.9992166
228,6,32020516,0.97847419,0.01684391,0.02076944,0.00032363,0.00040264,0.96102735,0.00063189,1.14e-06,32779,6,0.02407244,0.9992167
228,7,32020517,0.97852976,0.01688142,0.02043701,0.00032193,0.00037996,0.9613633,0.00060552,1.085e-05,32779,6,0.02536977,0.9992167
228,8,32020518,0.9781706,0.01709973,0.02107608,0.00070483,0.00040558,0.95999498,0.00070402,1.477e-05,32777,6,0.0246688,0.9992167
228,9,32020519,0.97830897,0.01681245,0.02067905,0.00032677,0.00040963,0.96099537,0.00077577,9.6e-07,32779,6,0.02493919,0.9992167
228,10,32020520,0.97826642,0.01694196,0.02032828,0.00033694,0.00040435,0.96113591,0.00081843,3.414e-05,32779,6,0.02508315,0.9992167
229,1,32020541,0.99360677,0.02060926,0.03906529,0.0,0.00996233,0.09835365,0.0,0.83200947,32767,7,0.00404227,0.9998278
229,2,32020542,0.99360684,0.02050679,0.03859521,0.0,0.00998913,0.10131334,0.0,0.82959554,60927,7,0.00399933,0.9998278
229,3,32020543,0.99361052,0.02053712,0.03899957,0.0,0.00990216,0.09900903,0.0,0.83155213,65535,7,0.0047263,0.9998278
229,4,32020544,0.99359959,0.02056473,0.04017742,0.0,0.00991376,0.10040967,0.0,0.82893441,57343,7,0.00410513,0.9998278
229,5,32020545,0.9936129,0.02050278,0.03844074,0.0,0.01000101,0.09687365,0.0,0.83418181,63487,7,0.00446403,0.9998278
229,6,32020546,0.99360152,0.0205069,0.03920711,0.0,0.01000742,0.10125734,0.0,0.82902123,65535,7,0.00432936,0.9998278
229,7,32020547,0.99360382,0.02053118,0.03940329,0.0,0.00996661,0.09849283,0.0,0.83160609,60927,7,0.00406175,0.9998278
229,8,32020548,0.9936075,0.02045017,0.03904041,0.0,0.01001178,0.10031689,0.0,0.83018074,49151,7,0.00436794,0.9998278
229,9,32020549,0.99360417,0.02060348,0.03907041,0.0,0.01007211,0.10008839,0.0,0.83016561,30719,7,0.00404075,0.9998278
229,10,32020550,0.99360286,0.02067394,0.03853125,0.0,0.00982558,0.10209136,0.0,0.82887786,61439,7,0.00410579,0.9998278
230,1,32020571,0.98856484,0.0442111,0.00095231,0.0,0.00570522,0.94911643,0.0,1.495e-05,52554,6,0.06746044,2.4621059
230,2,32020572,0.99054532,0.04623887,0.01272456,0.0,0.00562404,0.78999314,0.0,0.14541939,51978,6,0.03892412,2.4621058
230,3,32020573,0.98819686,0.0535082,0.00069375,0.0,0.00448507,0.94129878,0.0,1.419e-05,52316,6,0.04643611,2.4621059
230,4,32020574,0.990615,0.04554386,0.01250477,0.0,0.00585193,0.77834059,0.0,0.15775884,51978,6,0.03793913,2.4621058
230,5,32020575,0.98857635,0.0539595,0.0036352,0.0,0.00473443,0.90811393,0.0,0.02955694,52316,6,0.03935262,2.4621059
230,6,32020576,0.98944039,0.05065526,0.01196327,0.0,0.00543726,0.82001045,0.0,0.11193377,51978,6,0.02556272,2.4621058
230,7,32020577,0.988219,0.05560812,0.00415768,0.0,0.00467107,0.92277297,0.0,0.01279016,52316,6,0.04455534,2.4621059
230,8,32020578,0.98927112,0.04321769,0.00477392,0.0,0.00572813,0.90020184,0.0,0.04607842,52554,6,0.05910376,2.4621059
230,9,32020579,0.9884985,0.04563267,0.00092797,0.0,0.00555216,0.94787204,0.0,1.517e-05,52554,6,0.05668528,2.4621059
230,10,32020580,0.98860058,0.0435547,0.00091499,0.0,0.00561442,0.94990083,0.0,1.506e-05,52554,6,0.07207565,2.4621059
231,1,32020601,0.98166532,0.02107044,0.0,0.00131783,0.00039563,0.97713403,7.637e-05,5.71e-06,40927,6,0.00336393,0.9993915
231,2,32020602,0.98189204,0.02176219,0.0,0.00130482,0.0003618,0.97649017,7.623e-05,4.79e-06,45023,6,0.00371318,0.9993915
231,3,32020603,0.98179559,0.02148832,0.0,0.00131097,0.00037834,0.97674041,7.639e-05,5.57e-06,35807,6,0.00397989,0.9993915
231,4,32020604,0.9819806,0.02169137,0.0,0.0013058,0.00036687,0.97655431,7.622e-05,5.43e-06,57311,6,0.00481228,0.9993915
231,5,32020605,0.98185703,0.02148351,0.0,0.00130929,0.00037959,0.97674497,7.645e-05,6.2e-06,36831,6,0.00381399,0.9993915
231,6,32020606,0.98189529,0.02197455,0.0,0.00130666,0.0003729,0.9762642,7.637e-05,5.32e-06,36831,6,0.00419122,0.9993915
231,7,32020607,0.98186033,0.0216395,0.0,0.00130954,0.00038016,0.97658865,7.656e-05,5.59e-06,57311,6,0.00383677,0.9993915
231,8,32020608,0.98157481,0.02082116,0.0,0.00132044,0.00039525,0.97737628,7.622e-05,1.065e-05,65503,6,0.00315259,0.9993915
231,9,32020609,0.98174673,0.02140194,0.0,0.00131328,0.00037595,0.97682677,7.695e-05,5.1e-06,40927,6,0.00392089,0.9993915
231,10,32020610,0.98195934,0.02202052,0.0,0.00130293,0.00036739,0.97622829,7.634e-05,4.54e-06,32735,6,0.00400545,0.9993915
232,1,32020631,0.99027457,0.04740681,0.02448423,0.0,0.00879727,0.67902587,0.00011876,0.24016705,44972,6,0.02015317,2.2846239
232,2,32020632,0.9901009,0.04874557,0.02306786,0.0,0.00850647,0.69444663,0.00021257,0.2250209,44972,6,0.02166359,2.2846239
232,3,32020633,0.98959236,0.05008243,0.02817599,0.0,0.00873772,0.68551844,0.00030259,0.22718284,44972,6,0.01496043,2.2846239
232,4,32020634,0.98990102,0.04966971,0.02708078,0.0,0.00834872,0.69320812,0.00019028,0.22150238,44972,6,0.01745378,2.2846239
232,5,32020635,0.98957367,0.05093368,0.02863552,0.0,0.00825347,0.68825689,0.00032476,0.22359569,44972,6,0.01094981,2.2846239
232,6,32020636,0.98998129,0.05014696,0.02758549,0.0,0.00794918,0.69163357,0.00010872,0.22257608,44972,6,0.01255342,2.2846239
232,7,32020637,0.99012886,0.04831155,0.02053979,0.0,0.00874798,0.69256206,0.00016865,0.22966997,44972,6,0.02446158,2.2846239
232,8,32020638,0.99025578,0.04778208,0.02446864,0.0,0.0088169,0.68439821,0.00010306,0.23443111,44972,6,0.02102568,2.2846239
232,9,32020639,0.98970434,0.05018522,0.02654381,0.0,0.00844403,0.68759915,0.00029077,0.22693703,44972,6,0.01475495,2.2846239
232,10,32020640,0.99023732,0.04764535,0.02431488,0.0,0.00879139,0.68690327,0.00017633,0.23216877,44972,6,0.02211093,2.2846239
233,1,32020661,0.96807444,0.06134505,0.35883468,0.0,0.02183528,0.0,0.00123959,0.55674539,23175,7,0.14047412,0.9992768
233,2,32020662,0.96639828,0.06180981,0.35849755,0.0,0.02336429,0.0,0.00110971,0.55521865,23175,7,0.13835572,0.9992768
233,3,32020663,0.9688385,0.06085817,0.3609271,0.0,0.02065853,0.0,0.00110157,0.55645463,23175,7,0.14107756,0.9992768
233,4,32020664,0.9667383,0.06183856,0.35812817,0.0,0.02249552,0.0,0.00123239,0.55630536,23175,7,0.13938194,0.9992768
233,5,32020665,0.96351892,0.06378543,0.35348333,0.0,0.02641208,0.0,0.00132906,0.5549901,23175,7,0.13582678,0.9992768
233,6,32020666,0.9648763,0.06412888,0.35676077,0.0,0.02441331,0.0,0.00135273,0.55334431,23175,7,0.14033245,0.9992768
233,7,32020667,0.97097304,0.05835611,0.35932567,0.0,0.0190669,0.0,0.00093274,0.56231859,23175,7,0.14336789,0.9992768
233,8,32020668,0.96844386,0.06014285,0.35805517,0.0,0.02155433,0.0,0.0009886,0.55925905,23175,7,0.14231737,0.9992768
233,9,32020669,0.97608048,0.05496801,0.36661395,0.0,0.01389602,0.0,0.00059621,0.56392581,23175,7,0.14260838,0.9992768
233,10,32020670,0.96957558,0.05935657,0.35597282,0.0,0.02082327,0.0,0.00081646,0.56303088,23175,7,0.13763639,0.9992768
234,1,32020691,0.98623517,0.01676551,0.0,0.00021381,0.00894356,0.1519267,0.0,0.82215041,24575,7,0.00370335,0.9995642
234,2,32020692,0.98623848,0.01674923,0.0,0.00021381,0.0089785,0.15109991,0.0,0.82295855,53247,7,0.00354147,0.9995642
234,3,32020693,0.98626794,0.01656749,0.0,0.0002144,0.00893192,0.145245,0.0,0.82904117,16383,7,0.00367863,0.9995642
234,4,32020694,0.98625497,0.01662251,0.0,0.00021396,0.00890691,0.14936962,0.0,0.82488699,57343,7,0.00390291,0.9995642
234,5,32020695,0.98624839,0.01678447,0.0,0.00021395,0.00878847,0.15121846,0.0,0.82299465,65535,7,0.00391688,0.9995642
234,6,32020696,0.98624024,0.01678076,0.0,0.00021367,0.00894244,0.15572215,0.0,0.81834098,52735,7,0.00381872,0.9995641
234,7,32020697,0.9862387,0.01669396,0.0,0.00021421,0.00891867,0.14989774,0.0,0.82427542,63487,7,0.00392478,0.9995642
234,8,32020698,0.98625273,0.01669002,0.0,0.00021417,0.00903394,0.14864909,0.0,0.82541278,36863,7,0.00370996,0.9995642
234,9,32020699,0.98624576,0.01667102,0.0,0.00021404,0.00892257,0.15030217,0.0,0.82389019,49151,7,0.00359855,0.9995642
234,10,32020700,0.98623711,0.01678102,0.0,0.00021406,0.00884402,0.15740221,0.0,0.8167587,40447,7,0.00372051,0.9995642
235,1,32020721,0.97290128,0.12687698,0.04993133,0.0,0.00464462,0.69938077,0.0,0.1191663,8354,4,0.02238577,3.0666199
235,2,32020722,0.98951424,0.05295571,0.01300301,0.0,0.00501733,0.79639925,0.0,0.1326247,56074,6,0.01300444,3.0673658
235,3,32020723,0.91290177,0.40625286,0.18107035,0.0,0.00272176,0.34963451,0.0,0.06032052,8354,4,0.09733086,3.0666199
235,4,32020724,0.98967852,0.04905926,0.01226978,0.0,0.00540724,0.79276675,0.0,0.14049697,51978,6,0.01989059,3.0673325
235,5,32020725,0.9892427,0.06026697,0.01393832,0.0,0.0045935,0.80857085,0.0,0.11263036,51980,6,0.01976866,3.0673325
235,6,32020726,0.98951787,0.05270751,0.0129874,0.0,0.00521019,0.79157006,0.0,0.13752482,56074,6,0.01508126,3.0673658
235,7,32020727,0.86555247,0.6273569,0.28681431,0.0,0.00111463,0.07273181,0.0,0.01198235,8354,4,0.16045793,3.0666199
235,8,32020728,0.98945404,0.05329994,0.01317928,0.0,0.00506792,0.79901471,0.0,0.12943815,51978,6,0.01264177,3.0673325
235,9,32020729,0.98942005,0.05515214,0.01278502,0.0,0.00492971,0.79815771,0.0,0.12897541,51980,6,0.01577724,3.0673325
235,10,32020730,0.98933683,0.0551073,0.01352305,0.0,0.00474725,0.8033262,0.0,0.12329619,51980,6,0.01527798,3.0673325
236,1,32020751,0.97810455,0.01236202,0.0,0.00112472,0.00027337,0.98602018,0.00021814,1.57e-06,32845,6,0.01820892,0.9990783
236,2,32020752,0.97803897,0.01222518,0.0,0.00112741,0.00026656,0.98615232,0.00022276,5.78e-06,32777,6,0.01802198,0.9990783
236,3,32020753,0.97809438,0.01218106,0.0,0.00112311,0.00028024,0.98619858,0.00021514,1.86e-06,36939,6,0.01846643,0.9990783
236,4,32020754,0.97809454,0.01263628,0.0,0.00113593,0.00033301,0.98567957,0.00021119,4.02e-06,32777,6,0.01691017,0.9990783
236,5,32020755,0.97820554,0.01325789,0.0,0.00112892,0.00041288,0.98499899,0.00019793,3.39e-06,32779,6,0.01449969,0.9990783
236,6,32020756,0.97806373,0.01226936,0.0,0.0011218,0.00027253,0.9861176,0.00021715,1.56e-06,32843,6,0.0175316,0.9990783
236,7,32020757,0.97811547,0.01240284,0.0,0.00111656,0.00028721,0.98597619,0.00021554,1.66e-06,36873,6,0.01696945,0.9990783
236,8,32020758,0.97822598,0.01354595,0.0,0.00114445,0.00047918,0.98463946,0.00018625,4.71e-06,37003,6,0.01466692,0.9990781
236,9,32020759,0.97806645,0.01235504,0.0,0.00112254,0.00028252,0.98602033,0.00021815,1.42e-06,32783,6,0.0188873,0.9990783
236,10,32020760,0.97803547,0.01230657,0.0,0.00112688,0.00027633,0.98606678,0.00022159,1.86e-06,36875,6,0.01880719,0.9990783
237,1,32020781,0.99584926,0.03750381,0.13187917,3.41e-06,0.04842699,0.0,0.00063278,0.78155384,49069,7,0.07508132,1.0350352
237,2,32020782,0.99588632,0.03749056,0.13095372,4.01e-06,0.04872848,0.0,0.00062673,0.7821965,49069,7,0.07892029,1.0350352
237,3,32020783,0.99584325,0.03767963,0.13239715,3.45e-06,0.04858065,0.0,0.00066478,0.78067433,49069,7,0.07739477,1.0350352
237,4,32020784,0.99585535,0.03781869,0.13229456,2.58e-06,0.04850336,0.0,0.00064687,0.78073395,49069,7,0.07861822,1.0350352
237,5,32020785,0.99584853,0.03770806,0.13170013,2.49e-06,0.04858308,0.0,0.00067506,0.78133117,49069,7,0.07523135,1.0350352
237,6,32020786,0.99584184,0.03784551,0.13109957,2.76e-06,0.0483349,0.0,0.00065565,0.78206161,49069,7,0.07455545,1.0350352
237,7,32020787,0.99584884,0.03764901,0.1322041,3.62e-06,0.04875463,0.0,0.00066491,0.78072373,49069,7,0.07237523,1.0350352
237,8,32020788,0.99588084,0.03741481,0.13287223,4.87e-06,0.0486548,0.0,0.00066798,0.78038532,49069,7,0.08124338,1.0350352
237,9,32020789,0.99585156,0.03762527,0.13258138,2.98e-06,0.04865989,0.0,0.00067933,0.78045115,49069,7,0.07911259,1.0350352
237,10,32020790,0.9958554,0.03761859,0.13186739,3.22e-06,0.04876185,0.0,0.00064152,0.78110744,49069,7,0.07603877,1.0350352
238,1,32020811,0.98495368,0.05544868,0.20726242,0.0,0.01109515,0.48094844,0.00076374,0.24448158,51978,6,0.02249556,1.8329629
238,2,32020812,0.98456755,0.05585361,0.21655554,0.0,0.0117489,0.47829909,0.00069386,0.23684901,51978,6,0.02432443,1.8329629
238,3,32020813,0.98519327,0.05492297,0.21510618,0.0,0.01107631,0.48088703,0.00066666,0.23734085,51978,6,0.02350684,1.8329629
238,4,32020814,0.98454201,0.05545597,0.22032221,0.0,0.01152091,0.48320703,0.00082657,0.22866732,51978,6,0.02203889,1.8329629
238,5,32020815,0.98475482,0.05662334,0.21354326,0.0,0.01141426,0.47905242,0.00070802,0.23865871,51978,6,0.01925851,1.8329629
238,6,32020816,0.98542957,0.05474705,0.20831694,0.0,0.01092723,0.48242039,0.00068085,0.24290755,51978,6,0.01842381,1.8329629
238,7,32020817,0.98482952,0.05546,0.20925099,0.0,0.01118772,0.48972627,0.00083474,0.23354028,51978,6,0.02217729,1.8329629
238,8,32020818,0.98527078,0.05480109,0.21557983,0.0,0.01105316,0.48409674,0.00069844,0.23377075,51978,6,0.02100998,1.8329629
238,9,32020819,0.98474249,0.05575761,0.21282338,0.0,0.01128175,0.47962848,0.00071826,0.23979051,51978,6,0.01934667,1.8329629
238,10,32020820,0.98490564,0.05526014,0.21432504,0.0,0.01084512,0.49253924,0.00070596,0.2263245,51978,6,0.02049192,1.8329629
239,1,32020841,0.98229831,0.01519299,0.0,0.00117719,0.00576153,0.17486789,0.0,0.8030004,36831,7,0.00324932,0.9993971
239,2,32020842,0.98229226,0.01528147,0.0,0.00117458,0.00567748,0.1852116,0.0,0.79265487,32735,7,0.00313187,0.9993972
239,3,32020843,0.98230787,0.01522593,0.0,0.00117479,0.00581966,0.17759361,0.0,0.80018601,61407,7,0.00340925,0.9993971
239,4,32020844,0.98226963,0.01516197,0.0,0.00117433,0.00581941,0.17749501,0.0,0.80034929,49119,7,0.00323065,0.9993972
239,5,32020845,0.98225887,0.0150862,0.0,0.00117815,0.00587632,0.17256962,0.0,0.80528971,65375,7,0.00290716,0.9993972
239,6,32020846,0.98230075,0.01553659,0.0,0.00117532,0.00575511,0.18680546,0.0,0.79072752,45023,7,0.00325023,0.9993971
239,7,32020847,0.98228787,0.01526967,0.0,0.00117873,0.00573541,0.18592251,0.0,0.79189368,16351,7,0.00334925,0.9993972
239,8,32020848,0.98228089,0.0152447,0.0,0.00117593,0.00578939,0.17638873,0.0,0.80140124,63455,7,0.00323623,0.9993972
239,9,32020849,0.98230626,0.01534276,0.0,0.001177,0.00565708,0.19190247,0.0,0.78592069,16351,7,0.0034282,0.9993972
239,10,32020850,0.98228887,0.01528743,0.0,0.00117634,0.00573313,0.18249992,0.0,0.79530318,59359,7,0.00343177,0.9993971
240,1,32020871,0.98933515,0.05521853,0.0098813,0.0,0.00627039,0.75614653,0.0,0.17248327,53036,6,0.01661381,2.8769789
240,2,32020872,0.98829392,0.04722358,0.00020059,0.0,0.00613009,0.94643065,0.0,1.509e-05,44364,6,0.02064174,2.876979
240,3,32020873,0.9895247,0.05132131,0.00974856,0.0,0.00702203,0.73533861,0.0,0.19656949,53036,6,0.01068525,2.8769789
240,4,32020874,0.98634614,0.06524949,0.01566216,0.0,0.00596049,0.76124306,0.0,0.1518848,53036,6,0.01082224,2.8769789
240,5,32020875,0.98933169,0.05601565,0.0100442,0.0,0.00631989,0.75883543,0.0,0.16878483,53036,6,0.01444946,2.8769789
240,6,32020876,0.98929086,0.05568643,0.01039958,0.0,0.00612775,0.75632942,0.0,0.17145682,53036,6,0.02011404,2.8769789
240,7,32020877,0.98825998,0.04382235,0.0002153,0.0,0.00083899,0.95511322,0.0,1.015e-05,54490,6,0.03445991,2.8770123
240,8,32020878,0.98936858,0.055441,0.01095825,0.0,0.00682437,0.75226542,0.0,0.17451097,53036,6,0.01320643,2.8769789
240,9,32020879,0.98928204,0.055828,0.01048369,0.0,0.006223,0.75537992,0.0,0.17208539,53036,6,0.01955765,2.8769789
240,10,32020880,0.98929368,0.05688868,0.01145923,0.0,0.00636269,0.7552949,0.0,0.1699945,53036,6,0.01819775,2.8769789
241,1,32020901,0.96246434,0.04967806,0.2861673,0.00206587,0.00999625,0.63059308,0.00844745,0.01305198,22927,6,0.04799774,0.9988093
241,2,32020902,0.95911725,0.05102919,0.2642572,0.00328891,0.01013933,0.64936959,0.01037747,0.01153831,22927,6,0.03170858,0.9988093
241,3,32020903,0.96248327,0.04990574,0.27417498,0.00121437,0.00964453,0.64508418,0.00939529,0.01058092,22927,6,0.04134934,0.9988093
241,4,32020904,0.96233912,0.05095641,0.26778362,0.00135207,0.01002358,0.65078435,0.00893696,0.01016301,22927,6,0.03605293,0.9988093
241,5,32020905,0.9612067,0.05027044,0.27275865,0.00206715,0.0103603,0.64323614,0.00915343,0.01215389,22927,6,0.04036412,0.9988093
241,6,32020906,0.96440069,0.04950536,0.27897378,0.00182797,0.00953993,0.64020994,0.00809793,0.01184509,22927,6,0.04447775,0.9988093
241,7,32020907,0.96474608,0.04918418,0.277587,0.00207962,0.00987378,0.64155998,0.00709227,0.01262317,22927,6,0.0383627,0.9988093
241,8,32020908,0.9645161,0.04978695,0.27902623,0.00148346,0.00991881,0.63912534,0.00732774,0.01333147,22927,6,0.04446654,0.9988093
241,9,32020909,0.96212959,0.05017078,0.26536075,0.00159861,0.01011136,0.65236035,0.00894898,0.01144916,22927,6,0.03828487,0.9988093
241,10,32020910,0.95813458,0.05204707,0.26772145,0.00227007,0.0104103,0.64499422,0.01124728,0.01130961,22927,6,0.03462217,0.9988093
242,1,32020931,0.99045,0.01819187,0.00547659,0.0,0.00985013,0.11778148,0.0,0.84869992,63487,7,0.0048705,0.9997128
242,2,32020932,0.99045698,0.01803727,0.00525622,0.0,0.00989527,0.11170679,0.0,0.85510446,32759,7,0.00509257,0.9996878
242,3,32020933,0.99045309,0.01827622,0.00506646,0.0,0.00981078,0.11626914,0.0,0.85057739,65023,7,0.00511687,0.9997128
242,4,32020934,0.99045974,0.01807019,0.00519654,0.0,0.00992297,0.11682268,0.0,0.84998762,53247,7,0.00500603,0.9997128
242,5,32020935,0.99045634,0.01813239,0.00512851,0.0,0.00977846,0.11932369,0.0,0.84763694,65535,7,0.00525611,0.9997128
242,6,32020936,0.99045113,0.01820223,0.0052933,0.0,0.00976985,0.11830148,0.0,0.84843314,49151,7,0.00500487,0.9997128
242,7,32020937,0.99046024,0.01809889,0.00519845,0.0,0.00975342,0.11860117,0.0,0.84834807,53247,7,0.00487052,0.9997128
242,8,32020938,0.99045803,0.01817869,0.00514468,0.0,0.00974902,0.11946493,0.0,0.84746268,65535,7,0.00497466,0.9997128
242,9,32020939,0.99046327,0.01813976,0.00531118,0.0,0.0096389,0.12067012,0.0,0.84624004,65535,7,0.00487314,0.9997128
242,10,32020940,0.99045362,0.01803341,0.00516526,0.0,0.00991163,0.11775267,0.0,0.84913703,65535,7,0.00475767,0.9997128
243,1,32020961,0.99014,0.04631813,0.0103907,0.0,0.0057435,0.7857617,0.0,0.15178598,51978,6,0.03749025,2.8789313
243,2,32020962,0.98961981,0.05445393,0.01138893,0.0,0.00552709,0.78551725,0.0,0.1431128,51978,6,0.01693973,2.8789313
243,3,32020963,0.98946003,0.05050372,0.01123064,0.0,0.00521915,0.80297986,0.0,0.13006663,51978,6,0.02433773,2.8789313
243,4,32020964,0.98915684,0.0602477,0.01267692,0.0,0.00518478,0.79822197,0.0,0.12366863,51980,6,0.02162071,2.8789313
243,5,32020965,0.98943935,0.05539395,0.01151738,0.0,0.00525622,0.78946413,0.0,0.13836833,51980,6,0.01871806,2.8789313
243,6,32020966,0.99026773,0.04594553,0.01016758,0.0,0.00575871,0.78210474,0.0,0.15602344,51978,6,0.04276662,2.8789313
243,7,32020967,0.98929634,0.06095789,0.0134398,0.0,0.00533044,0.80536721,0.0,0.11490466,51084,6,0.02379595,2.8789313
243,8,32020968,0.98951719,0.05336678,0.01114715,0.0,0.00566223,0.78787552,0.0,0.14194832,51978,6,0.02020355,2.8789313
243,9,32020969,0.98916912,0.06118833,0.01291102,0.0,0.00521842,0.80297774,0.0,0.11770449,51084,6,0.02197232,2.8789313
243,10,32020970,0.98967046,0.0455197,0.01074594,0.0,0.00557208,0.7970678,0.0,0.14109447,51978,6,0.03847043,2.8789313
244,1,32020991,0.97918237,0.01710383,0.0,0.00127862,0.00063516,0.98088046,8.538e-05,1.655e-05,30863,6,0.00407679,0.9991842
244,2,32020992,0.97874209,0.01526668,0.0,0.00129952,0.00088194,0.98245947,7.662e-05,1.577e-05,30863,6,0.00599367,0.9991842
244,3,32020993,0.98094522,0.02228254,0.0,0.00121471,0.00041511,0.9760018,7.987e-05,5.97e-06,56287,6,0.0038623,0.9993841
244,4,32020994,0.98022171,0.02066784,0.0,0.00124235,0.00044225,0.97755368,8.725e-05,6.62e-06,35679,6,0.00312872,0.9993841
244,5,32020995,0.97939126,0.01787948,0.0,0.0012688,0.00059092,0.98015825,8.775e-05,1.48e-05,39119,6,0.00352221,0.9989844
244,6,32020996,0.97964944,0.01826415,0.0,0.00126401,0.00065652,0.97972107,7.787e-05,1.638e-05,30863,6,0.00369175,0.9991842
244,7,32020997,0.97872197,0.01511833,0.0,0.00129729,0.00086701,0.98262343,7.67e-05,1.724e-05,57487,6,0.00591274,0.9991841
244,8,32020998,0.97935318,0.01766702,0.0,0.00126767,0.00057211,0.98039584,8.713e-05,1.023e-05,35023,6,0.00364159,0.9989844
244,9,32020999,0.97946774,0.01764551,0.0,0.00127183,0.00076335,0.98022543,7.745e-05,1.642e-05,59535,6,0.00412876,0.9991842
244,10,32021000,0.97907632,0.01697712,0.0,0.0012801,0.00067354,0.98096962,8.592e-05,1.37e-05,63631,6,0.00389985,0.9991842
245,1,32021021,0.98533288,0.05694149,0.13238093,0.0,0.01468742,0.51409243,0.00238241,0.27951533,57260,6,0.01023764,1.9206345
245,2,32021022,0.98510888,0.05860073,0.12990938,0.0,0.01487915,0.51670709,0.00248147,0.27742218,57260,6,0.01303494,1.9206345
245,3,32021023,0.98481495,0.05898219,0.13183293,0.0,0.01586691,0.51654259,0.00266962,0.27410576,57260,6,0.00962609,1.9206345
245,4,32021024,0.98492237,0.0589287,0.13142258,0.0,0.01564584,0.51077435,0.00247344,0.28075509,44973,7,0.01313259,1.9207344
245,5,32021025,0.98513722,0.05849143,0.13118856,0.0,0.01520946,0.51381536,0.00260034,0.27869486,57260,6,0.01101334,1.9206345
245,6,32021026,0.9853967,0.05758923,0.13209741,0.0,0.01546229,0.50733456,0.00216718,0.28534932,44845,7,0.01269046,1.9209183
245,7,32021027,0.98498136,0.05720851,0.12933743,0.0,0.01536071,0.506169,0.00276416,0.28916018,49068,6,0.01294698,1.9206345
245,8,32021028,0.98481697,0.05757509,0.12990776,0.0,0.0156581,0.50132081,0.00273325,0.29280498,44844,6,0.01067509,1.9208184
245,9,32021029,0.9842753,0.06073051,0.13081836,0.0,0.01618062,0.51423145,0.00270865,0.27533041,57260,6,0.01021172,1.9206345
245,10,32021030,0.98522843,0.05821658,0.13288997,0.0,0.01536745,0.51362631,0.00237526,0.27752443,44973,7,0.01166344,1.9207344
246,1,32021051,0.99053415,0.08192509,0.14197436,0.0,0.04759026,0.0,0.00041202,0.72809826,23175,7,0.20758868,0.9996227
246,2,32021052,0.99054203,0.08232261,0.14295624,0.0,0.04810325,0.0,0.00038054,0.72623735,23175,7,0.20780579,0.9996227
246,3,32021053,0.99047137,0.08233998,0.14372868,0.0,0.04763805,0.0,0.0003786,0.7259147,23175,7,0.20456762,0.9996227
246,4,32021054,0.99046728,0.08214429,0.14245557,0.0,0.04766779,0.0,0.00038686,0.72734549,23175,7,0.19774874,0.9996227
246,5,32021055,0.99056141,0.08202788,0.14239662,0.0,0.04719677,0.0,0.00038606,0.72799266,23175,7,0.20689216,0.9996227
246,6,32021056,0.99059263,0.08178382,0.14093928,0.0,0.04740993,0.0,0.0003713,0.72949567,23175,7,0.20903611,0.9996227
246,7,32021057,0.99055351,0.08195714,0.14304725,0.0,0.04757145,0.0,0.00039675,0.7270274,23175,7,0.20662068,0.9996227
246,8,32021058,0.99052962,0.08202126,0.14283858,0.0,0.04798381,0.0,0.00040593,0.72675042,23175,7,0.20035073,0.9996227
246,9,32021059,0.99054511,0.08179335,0.14281775,0.0,0.04749787,0.0,0.00037348,0.72751755,23175,7,0.2134312,0.9996227
246,10,32021060,0.99053336,0.08211059,0.14181764,0.0,0.04760951,0.0,0.00039686,0.7280654,23175,7,0.21379335,0.9996227
247,1,32021081,0.98380378,0.0147946,0.0,0.00089072,0.007179,0.13971617,0.0,0.83741952,65535,7,0.0039712,0.9994668
247,2,32021082,0.98379265,0.01474027,0.0,0.00089129,0.00728197,0.13843133,0.0,0.83865515,60927,7,0.0036584,0.9994668
247,3,32021083,0.98382247,0.0147916,0.0,0.00089494,0.00716607,0.14097145,0.0,0.83617594,15871,7,0.00408565,0.9994668
247,4,32021084,0.98384026,0.01472353,0.0,0.00089589,0.00721159,0.13009172,0.0,0.84707727,53247,7,0.00375017,0.9994668
247,5,32021085,0.98382044,0.01475233,0.0,0.00089639,0.00727737,0.13903143,0.0,0.83804248,57343,7,0.00395759,0.9994668
247,6,32021086,0.98381928,0.01475005,0.0,0.000893,0.007153,0.14445021,0.0,0.83275375,60927,7,0.00385541,0.9994668
247,7,32021087,0.98381783,0.01475599,0.0,0.00089173,0.00736023,0.13462628,0.0,0.84236577,30719,7,0.00375531,0.9994668
247,8,32021088,0.98381575,0.01475501,0.0,0.00089159,0.00730613,0.13134904,0.0,0.84569823,63359,7,0.00378403,0.9994668
247,9,32021089,0.98381504,0.01483749,0.0,0.00089092,0.00725828,0.14046194,0.0,0.83655137,49151,7,0.00373817,0.9994668
247,10,32021090,0.98381431,0.01473862,0.0,0.00089358,0.00724376,0.139843,0.0,0.83728103,63487,7,0.00383715,0.9994668
248,1,32021111,0.98923438,0.05797017,0.01552951,0.0,0.00471801,0.80101105,0.0,0.12077126,51980,6,0.01560804,3.206437
248,2,32021112,0.96826896,0.26954076,0.18684756,0.0,0.00288689,0.47433934,0.0,0.06638544,8354,4,0.05499216,3.2056966
248,3,32021113,0.98924986,0.05618219,0.01457471,0.0,0.00459883,0.80266291,0.0,0.12198136,51980,6,0.01604465,3.206437
248,4,32021114,0.98920772,0.05902493,0.01570926,0.0,0.00465795,0.79493488,0.0,0.12567298,51980,6,0.02102292,3.206437
248,5,32021115,0.98941912,0.04830395,0.0153099,0.0,0.0051208,0.79940185,0.0,0.1318635,51978,6,0.02154718,3.206437
248,6,32021116,0.98932487,0.05310259,0.01562613,0.0,0.00492766,0.79840826,0.0,0.12793536,51978,6,0.01171005,3.206437
248,7,32021117,0.98931972,0.05353578,0.01515168,0.0,0.0047936,0.80288007,0.0,0.12363886,53002,6,0.01188312,3.2064371
248,8,32021118,0.9356286,0.51215932,0.43651919,0.0,0.00060334,0.05070685,0.0,1.13e-05,8930,4,0.31536434,3.2056965
248,9,32021119,0.98925116,0.05661601,0.0163788,0.0,0.00474401,0.80900977,0.0,0.11325141,51084,6,0.01238918,3.2064371
248,10,32021120,0.98933245,0.05311636,0.01563762,0.0,0.00480064,0.80310174,0.0,0.12334365,52010,6,0.01288292,3.2064371
249,1,32021141,0.97769206,0.01438039,0.02393987,0.00040182,0.0003312,0.96057217,0.00037336,1.18e-06,32843,6,0.02209088,0.9991351
249,2,32021142,0.97768922,0.01440833,0.02517443,0.00040595,0.00034124,0.95929384,0.00037497,1.23e-06,32843,6,0.02074327,0.9991351
249,3,32021143,0.9776914,0.01428381,0.02409819,0.00041695,0.00032759,0.9605011,0.0003713,1.07e-06,32777,6,0.0209263,0.9991351
249,4,32021144,0.97739619,0.01547962,0.02327449,0.00039017,0.00054875,0.95993563,0.00036889,2.44e-06,32777,6,0.01924939,0.9991351
249,5,32021145,0.97757521,0.01440231,0.02492984,0.0004311,0.00033805,0.95943934,0.00045813,1.23e-06,32841,6,0.02135673,0.9991351
249,6,32021146,0.97770774,0.01444141,0.02382162,0.00044067,0.00031257,0.96061125,0.00037137,1.11e-06,36873,6,0.02157714,0.9991352
249,7,32021147,0.97769061,0.01450539,0.02382766,0.00040825,0.00036404,0.96053058,0.00036296,1.13e-06,32843,6,0.01973757,0.9991351
249,8,32021148,0.97675911,0.01486155,0.02372433,0.00141145,0.00033103,0.95912993,0.00053998,1.75e-06,32779,6,0.02240626,0.9991351
249,9,32021149,0.97767541,0.01448464,0.02428018,0.00042749,0.00034002,0.96004727,0.00039487,2.554e-05,32777,6,0.02093305,0.9991351
249,10,32021150,0.97749481,0.01539401,0.02326108,0.00037618,0.00051525,0.96010821,0.00034409,1.2e-06,32777,6,0.01990532,0.9991351
250,1,32021171,0.99550591,0.02153674,0.06577445,0.0,0.01189774,0.03731768,0.0,0.86347338,63487,7,0.00394741,0.9998947
250,2,32021172,0.99551591,0.02168441,0.06616731,0.0,0.01184612,0.03478453,0.0,0.86551764,49151,7,0.00430864,0.9998947
250,3,32021173,0.99552923,0.02159871,0.06394405,0.0,0.01185337,0.03570466,0.0,0.86689921,32767,7,0.00389729,0.9998947
250,4,32021174,0.99550086,0.02167386,0.06571314,0.0,0.01196852,0.03462208,0.0,0.86602239,40959,7,0.00387409,0.9998947
250,5,32021175,0.99550275,0.02164177,0.0660126,0.0,0.01179469,0.03589581,0.0,0.86465512,61439,7,0.00401862,0.9998947
250,6,32021176,0.99551616,0.02160845,0.06506233,0.0,0.0119222,0.03624133,0.0,0.86516568,59391,7,0.00394072,0.9998947
250,7,32021177,0.9955093,0.02150984,0.06535792,0.0,0.01209602,0.03640619,0.0,0.86463004,63487,7,0.00397641,0.9998947
250,8,32021178,0.9955135,0.02153379,0.06478144,0.0,0.01179941,0.03827217,0.0,0.86361319,49151,7,0.00438257,0.9998947
250,9,32021179,0.99551367,0.0214877,0.06503522,0.0,0.01197486,0.03568962,0.0,0.8658126,49151,7,0.00439225,0.9998947
250,10,32021180,0.99551758,0.02161302,0.06481442,0.0,0.01190236,0.03565443,0.0,0.86601578,65535,7,0.00424533,0.9998947
251,1,32021201,0.98942817,0.04723279,0.05509219,0.0,0.00707005,0.71118077,8.768e-05,0.17933652,51978,6,0.03253252,2.3776669
251,2,32021202,0.98933459,0.04817718,0.06413325,0.0,0.00717919,0.69114803,0.0001216,0.18924076,51978,6,0.02673249,2.3776669
251,3,32021203,0.98966623,0.04658374,0.05524283,0.0,0.00723536,0.70390345,8.315e-05,0.18695148,51978,6,0.03381461,2.3776669
251,4,32021204,0.98957337,0.04687737,0.05694362,0.0,0.00696903,0.70988359,7.188e-05,0.17925451,51978,6,0.03533784,2.3776669
251,5,32021205,0.98941962,0.04739974,0.05983898,0.0,0.0071993,0.70132616,6.033e-05,0.18417549,51978,6,0.03149472,2.3776669
251,6,32021206,0.98970902,0.04685474,0.05925335,0.0,0.00688032,0.70320781,7.743e-05,0.18372635,51978,6,0.03343092,2.3776669
251,7,32021207,0.99002792,0.04631028,0.05511884,0.0,0.00672096,0.70843131,5.957e-05,0.18335904,51978,6,0.03454973,2.3776669
251,8,32021208,0.98970276,0.04657277,0.06031713,0.0,0.00701059,0.69947127,5.556e-05,0.18657268,51978,6,0.0348402,2.3776669
251,9,32021209,0.9901779,0.04597809,0.05352167,0.0,0.00648313,0.7195647,3.55e-05,0.17441691,51978,6,0.03189976,2.3776669
251,10,32021210,0.98930332,0.04856028,0.06002672,0.0,0.00698908,0.7058854,9.162e-05,0.1784469,51978,6,0.03016662,2.3776669
252,1,32021231,0.98119127,0.02065553,0.0,0.00130118,0.00035029,0.97761188,7.624e-05,4.87e-06,57311,6,0.00392092,0.9993491
252,2,32021232,0.98119493,0.02070592,0.0,0.00130203,0.00035645,0.9775546,7.64e-05,4.59e-06,36703,6,0.00357609,0.9993491
252,3,32021233,0.98124508,0.02057311,0.0,0.00130195,0.00035196,0.97769212,7.634e-05,4.53e-06,40927,6,0.00438384,0.9993491
252,4,32021234,0.98115592,0.02076964,0.0,0.00130231,0.00035245,0.97749538,7.621e-05,4.01e-06,40799,6,0.00385627,0.9993491
252,5,32021235,0.98111336,0.02045731,0.0,0.00130424,0.00035072,0.97780597,7.63e-05,5.46e-06,57311,6,0.00402765,0.9993491
252,6,32021236,0.98121473,0.02068355,0.0,0.00130013,0.00034767,0.97758838,7.621e-05,4.06e-06,49119,6,0.00389791,0.9993491
252,7,32021237,0.98121039,0.02070156,0.0,0.00130071,0.0003429,0.97757406,7.606e-05,4.7e-06,65375,6,0.00396954,0.9993491
252,8,32021238,0.98109803,0.02047679,0.0,0.00130359,0.00034657,0.97778869,7.661e-05,7.76e-06,57311,6,0.00369796,0.9993491
252,9,32021239,0.98119936,0.02073186,0.0,0.0013022,0.00035075,0.97753498,7.625e-05,3.96e-06,55263,6,0.0041342,0.9993491
252,10,32021240,0.98122939,0.02082107,0.0,0.00130242,0.00035001,0.97744514,7.628e-05,5.08e-06,24415,6,0.00387182,0.9993491
253,1,32021261,0.98979013,0.05069039,0.00927718,0.0,0.00763621,0.73206527,0.0,0.20033094,44972,6,0.01234101,2.6837985
253,2,32021262,0.98971746,0.05192238,0.00956244,0.0,0.00720711,0.73588468,0.0,0.1954234,53036,6,0.0109761,2.684185
253,3,32021263,0.98979439,0.05036252,0.00887557,0.0,0.00741216,0.72906907,0.0,0.20428068,44972,6,0.01062099,2.6837985
253,4,32021264,0.98970031,0.05293336,0.0103852,0.0,0.00736621,0.74172598,0.0,0.18758926,52764,6,0.00974813,2.684185
253,5,32021265,0.98929145,0.05341616,0.00982698,0.0,0.00778466,0.73059943,0.0,0.19837278,53036,6,0.01053398,2.684185
253,6,32021266,0.98956698,0.05268162,0.00895397,0.0,0.00689259,0.7381758,0.0,0.19329603,53036,6,0.01654119,2.684185
253,7,32021267,0.98940934,0.05436305,0.00987198,0.0,0.00717617,0.73992614,0.0,0.18866265,57132,6,0.01446048,2.6842183
253,8,32021268,0.98980007,0.05078488,0.00911179,0.0,0.00746442,0.73355181,0.0,0.19908709,44972,6,0.01190105,2.6837985
253,9,32021269,0.98970693,0.05101527,0.00942425,0.0,0.00770418,0.71781992,0.0,0.21403637,44972,6,0.00996923,2.6837985
253,10,32021270,0.98950773,0.05267538,0.00937266,0.0,0.00721708,0.72661997,0.0,0.2041149,53036,6,0.01704755,2.684185
254,1,32021291,0.96234623,0.06569729,0.22201993,0.0,0.02148781,0.66058459,0.00196726,0.02824313,22927,6,0.08760991,0.9991257
254,2,32021292,0.95957713,0.06899463,0.22163889,0.0,0.02236356,0.65618571,0.0020647,0.02875251,22927,6,0.09033357,0.9991257
254,3,32021293,0.96553037,0.06351909,0.21795647,0.0,0.01947025,0.67121935,0.00176411,0.02607074,22927,6,0.08456899,0.9991257
254,4,32021294,0.965414,0.064467,0.21980693,0.0,0.01934679,0.66859077,0.00150763,0.02628089,22927,6,0.08888128,0.9991257
254,5,32021295,0.96105234,0.06653405,0.22141962,0.0,0.02183377,0.65836341,0.00226927,0.02957988,22927,6,0.089825,0.9991257
254,6,32021296,0.9602149,0.06703682,0.21586736,0.0,0.02273288,0.66432452,0.00204228,0.02799615,22927,6,0.09532338,0.9991257
254,7,32021297,0.96788469,0.06236429,0.22124196,0.0,0.01776377,0.66759793,0.00142311,0.02960893,22927,6,0.0868153,0.9991257
254,8,32021298,0.9627337,0.06540579,0.22049095,0.0,0.02093429,0.66317526,0.00207738,0.02791632,22927,6,0.08731462,0.9991257
254,9,32021299,0.96215059,0.06653095,0.22477292,0.0,0.02130813,0.65735561,0.00187852,0.02815388,22927,6,0.08450473,0.9991257
254,10,32021300,0.96568766,0.06311806,0.22002464,0.0,0.01942206,0.66797247,0.00174209,0.02772069,22927,6,0.08654554,0.9991257
255,1,32021321,0.98713486,0.01707564,0.0,0.0,0.00932945,0.14957964,0.0,0.82401527,65535,7,0.00367769,0.9995954
255,2,32021322,0.98713053,0.01727892,0.0,0.0,0.00911448,0.15619433,0.0,0.81741227,61439,7,0.00323508,0.9995954
255,3,32021323,0.98713509,0.01721116,0.0,0.0,0.00921847,0.15582285,0.0,0.81774752,53247,7,0.00327933,0.9995954
255,4,32021324,0.98713242,0.01716641,0.0,0.0,0.00921642,0.15210584,0.0,0.82151133,63487,7,0.00387939,0.9995954
255,5,32021325,0.98714585,0.01715929,0.0,0.0,0.00916469,0.15154586,0.0,0.82213016,65535,7,0.00355157,0.9995954
255,6,32021326,0.98712888,0.0171323,0.0,0.0,0.00924701,0.15330146,0.0,0.82031924,32255,7,0.00351032,0.9995954
255,7,32021327,0.98711816,0.01725327,0.0,0.0,0.00906297,0.1642296,0.0,0.80945416,63359,7,0.00369637,0.9995954
255,8,32021328,0.98713383,0.01720037,0.0,0.0,0.00933732,0.15237427,0.0,0.82108805,61439,7,0.0034192,0.9995954
255,9,32021329,0.98712546,0.01731246,0.0,0.0,0.00914283,0.15726618,0.0,0.81627852,61439,7,0.00386161,0.9995954
255,10,32021330,0.9871423,0.01717851,0.0,0.0,0.00916651,0.15159436,0.0,0.82206062,65407,7,0.00347651,0.9995954
256,1,32021351,0.97960115,0.08219426,0.01503181,0.0,0.00542785,0.76374359,0.0,0.13360248,51978,6,0.01531951,3.2157106
256,2,32021352,0.97981522,0.07638623,0.01370897,0.0,0.00514822,0.78119391,0.0,0.12356267,51978,6,0.01412032,3.2157106
256,3,32021353,0.98996038,0.04625329,0.01086376,0.0,0.00564159,0.7886581,0.0,0.14858326,51978,6,0.02560068,3.2157106
256,4,32021354,0.9892623,0.05939277,0.01318573,0.0,0.00507999,0.79678085,0.0,0.12556066,51980,6,0.01969951,3.2157106
256,5,32021355,0.98672969,0.06012787,0.01349379,0.0,0.00523475,0.79388572,0.0,0.12725787,56074,6,0.01384456,3.215744
256,6,32021356,0.98641704,0.06698846,0.01422893,0.0,0.00500144,0.79535693,0.0,0.11842425,51980,6,0.02157295,3.2157106
256,7,32021357,0.98941689,0.05760973,0.01332518,0.0,0.00536907,0.79881281,0.0,0.1248832,51084,6,0.01925735,3.2157107
256,8,32021358,0.98865955,0.05329681,0.01233205,0.0,0.00535003,0.79035093,0.0,0.13867017,51978,6,0.01680082,3.2157106
256,9,32021359,0.98921964,0.06014893,0.01283256,0.0,0.00478466,0.81082868,0.0,0.11140517,51980,6,0.02052631,3.2157106
256,10,32021360,0.98827682,0.0441025,0.00018501,0.0,0.0030106,0.95268746,0.0,1.443e-05,52314,6,0.04925769,3.2157107
257,1,32021381,0.97666816,0.01121019,0.0,0.00139553,0.00033647,0.98689192,0.00016194,3.95e-06,32911,6,0.01167852,0.9990025
257,2,32021382,0.97679792,0.01156997,0.0,0.00139291,0.00038057,0.98649776,0.00015452,4.27e-06,32781,6,0.01054194,0.9990027
257,3,32021383,0.97759366,0.01375005,0.0,0.0013652,0.00072261,0.9840268,0.00011688,1.845e-05,32847,6,0.00589588,0.9990027
257,4,32021384,0.97693516,0.01215237,0.0,0.00139001,0.00040145,0.98589598,0.00015403,6.17e-06,36879,6,0.01105553,0.9990027
257,5,32021385,0.97726523,0.0130546,0.0,0.0013791,0.00055657,0.98486837,0.00013293,8.43e-06,36943,6,0.00787107,0.9990027
257,6,32021386,0.97675697,0.01158146,0.0,0.00139555,0.00035468,0.98650499,0.00015966,3.66e-06,37071,6,0.01189579,0.9990025
257,7,32021387,0.97665717,0.01131151,0.0,0.00139935,0.00030876,0.98681312,0.0001649,2.36e-06,32911,6,0.01239634,0.9990025
257,8,32021388,0.97739308,0.01333126,0.0,0.00137616,0.00060917,0.98454581,0.0001306,7e-06,36879,6,0.00692843,0.9990027
257,9,32021389,0.97698594,0.01239885,0.0,0.00139012,0.00042152,0.98563891,0.00014727,3.32e-06,32847,6,0.00916232,0.9990027
257,10,32021390,0.97678303,0.01182688,0.0,0.00139528,0.0003574,0.98625701,0.00015898,4.44e-06,37007,6,0.01129446,0.9990025
258,1,32021411,0.98967608,0.04217552,0.33221587,3.46e-06,0.02225776,0.0,0.00121928,0.60212811,48941,7,0.06092874,1.4440583
258,2,32021412,0.98949463,0.04300301,0.33365931,5.18e-06,0.02208114,0.0,0.00125576,0.5999956,48941,7,0.06065641,1.4440583
258,3,32021413,0.98921868,0.04428803,0.33776292,1.002e-05,0.02192173,0.0,0.00126193,0.59475537,44845,7,0.04883115,1.4440583
258,4,32021414,0.98954083,0.04252188,0.33082064,4.55e-06,0.02244654,0.0,0.00134611,0.6028603,48941,7,0.06099043,1.4440583
258,5,32021415,0.98956607,0.04225618,0.33353336,3.08e-06,0.02228057,0.0,0.00133289,0.60059391,48941,7,0.05793137,1.4440583
258,6,32021416,0.98959245,0.04281546,0.33172499,3.69e-06,0.02214936,0.0,0.0012763,0.60203019,44845,7,0.0582871,1.4440583
258,7,32021417,0.98951057,0.04265009,0.33334277,2.78e-06,0.02247297,0.0,0.00137345,0.60015794,44845,7,0.0586967,1.4440583
258,8,32021418,0.98928114,0.04343334,0.33736882,4.14e-06,0.02232925,0.0,0.00137474,0.59548971,44845,7,0.05529194,1.4440583
258,9,32021419,0.98906987,0.0443741,0.34433977,2.84e-06,0.02214622,0.0,0.00142273,0.58771434,48941,7,0.04892601,1.4440583
258,10,32021420,0.98890513,0.04525891,0.34671624,2.51e-06,0.02214949,0.0,0.00145197,0.58442088,44845,7,0.04884987,1.4440583
259,1,32021441,0.98533544,0.05181495,0.15737096,0.0,0.01314832,0.46801623,0.00080785,0.30884169,51970,6,0.02088928,1.607922
259,2,32021442,0.98556377,0.05213155,0.15633371,0.0,0.01337816,0.4706736,0.00079489,0.30668808,51970,6,0.02068491,1.607922
259,3,32021443,0.98533107,0.05163887,0.15488962,0.0,0.01329851,0.46404079,0.00086081,0.31527139,51970,6,0.02256871,1.607922
259,4,32021444,0.98521729,0.05278222,0.15441854,0.0,0.01349995,0.46394171,0.00074321,0.31461437,51970,6,0.01934138,1.607922
259,5,32021445,0.98545821,0.05115001,0.15187262,0.0,0.01344053,0.46932042,0.00077262,0.3134438,51970,6,0.02237918,1.607922
259,6,32021446,0.9857602,0.05226044,0.15818954,0.0,0.01283416,0.46407397,0.00071479,0.3119271,51970,6,0.01812367,1.607922
259,7,32021447,0.98557792,0.05153783,0.15407701,0.0,0.01330551,0.46932331,0.00079016,0.31096619,51970,6,0.02144459,1.607922
259,8,32021448,0.98513689,0.05344691,0.15440425,0.0,0.01357455,0.46115997,0.00070093,0.3167134,51970,6,0.01721528,1.607922
259,9,32021449,0.98569621,0.05170375,0.15733993,0.0,0.01284402,0.47298638,0.00072813,0.30439778,51970,6,0.02013204,1.607922
259,10,32021450,0.98526451,0.05280913,0.15549636,0.0,0.01314073,0.47574958,0.00073357,0.30207062,51970,6,0.01929472,1.607922
260,1,32021471,0.98193622,0.01468134,0.0,0.00112154,0.00585513,0.16869065,0.0,0.80965134,16223,7,0.00310473,0.9993815
260,2,32021472,0.98196759,0.01470155,0.0,0.00112401,0.00594917,0.15848083,0.0,0.81974444,32735,7,0.00342854,0.9993815
260,3,32021473,0.9819463,0.01463841,0.0,0.00112112,0.00595318,0.15798054,0.0,0.82030675,32735,7,0.00317794,0.9993815
260,4,32021474,0.98196653,0.01465339,0.0,0.00112072,0.00593132,0.16161004,0.0,0.81668452,57311,7,0.00314139,0.9993815
260,5,32021475,0.98194619,0.01458552,0.0,0.00112141,0.00591128,0.16692977,0.0,0.81145202,32735,7,0.00320205,0.9993815
260,6,32021476,0.98197391,0.01464918,0.0,0.00112364,0.00581731,0.16295662,0.0,0.81545325,65503,7,0.0033576,0.9993815
260,7,32021477,0.98198088,0.01464301,0.0,0.00111912,0.00591983,0.15674878,0.0,0.82156926,65503,7,0.0033003,0.9993815
260,8,32021478,0.98192423,0.01453329,0.0,0.0011224,0.00595115,0.16077705,0.0,0.81761611,49119,7,0.00313461,0.9993815
260,9,32021479,0.98198598,0.01462931,0.0,0.00112081,0.00585547,0.16054276,0.0,0.81785166,49119,7,0.00317774,0.9993815
260,10,32021480,0.98196054,0.01464944,0.0,0.00112051,0.00592367,0.16227625,0.0,0.81603014,32735,7,0.00340063,0.9993815
261,1,32021501,0.93058026,0.55247408,0.44573614,0.0,0.00101712,0.00076489,0.0,7.77e-06,47867,4,0.27704957,3.2197599
261,2,32021502,0.93360215,0.53550789,0.3876297,0.0,0.00100581,0.07584363,0.0,1.296e-05,47867,4,0.19847898,3.2197599
261,3,32021503,0.93058373,0.55225957,0.44573609,0.0,0.0010185,0.00097804,0.0,7.81e-06,47867,4,0.28341574,3.2197599
261,4,32021504,0.95144069,0.36905247,0.29301886,0.0,0.00159714,0.31597363,0.0,0.0203579,47867,4,0.17685293,3.2197599
261,5,32021505,0.93052196,0.55328408,0.44491858,0.0,0.00102878,0.00076065,0.0,7.9e-06,47867,4,0.27788055,3.2197599
261,6,32021506,0.98938208,0.05203986,0.01121855,0.0,0.0064159,0.75734494,0.0,0.17298074,53036,6,0.0117748,3.2201034
261,7,32021507,0.93059969,0.55179379,0.44639909,0.0,0.0010305,0.00076894,0.0,7.68e-06,47867,4,0.27728516,3.2197599
261,8,32021508,0.93059655,0.55188699,0.44630341,0.0,0.00103663,0.00076516,0.0,7.8e-06,47867,4,0.27882832,3.2197599
261,9,32021509,0.98925054,0.05706292,0.01217601,0.0,0.0060474,0.76129304,0.0,0.16342063,53036,6,0.01864878,3.2201034
261,10,32021510,0.93055607,0.55312323,0.44507655,0.0,0.00103214,0.0007603,0.0,7.77e-06,47867,4,0.27212704,3.2197599
262,1,32021531,0.9438554,0.04966526,0.31327244,0.01871794,0.00821829,0.58568472,0.01326425,0.01117711,22927,6,0.03979373,0.9985517
262,2,32021532,0.94795242,0.04806987,0.29765143,0.01599686,0.00751101,0.60818607,0.01223727,0.01034747,22927,6,0.03635571,0.9985517
262,3,32021533,0.94205306,0.05275089,0.28396622,0.02347767,0.00774202,0.61103577,0.01183997,0.00918747,22927,6,0.03264785,0.9985517
262,4,32021534,0.95038183,0.04514169,0.29650839,0.01395086,0.00738294,0.61580614,0.01205028,0.00915969,18831,6,0.03562485,0.9985018
262,5,32021535,0.95328726,0.04467278,0.30573737,0.00869136,0.00768873,0.61064235,0.01252959,0.01003782,22927,6,0.039441,0.9985517
262,6,32021536,0.94985432,0.04662649,0.30278848,0.01321764,0.00796207,0.60658249,0.01194491,0.01087792,18831,6,0.03844601,0.9985018
262,7,32021537,0.95405846,0.04534143,0.3060627,0.01274507,0.00709508,0.60745445,0.00984408,0.01145718,22927,6,0.04493782,0.9985517
262,8,32021538,0.94691073,0.04762141,0.29491364,0.01497179,0.00786563,0.60954042,0.01375432,0.01133277,22927,6,0.03098031,0.9985517
262,9,32021539,0.9544545,0.04421282,0.30041736,0.01132531,0.00717795,0.61494866,0.01094689,0.01097101,22927,6,0.04109087,0.9985517
262,10,32021540,0.95220713,0.04449083,0.29937512,0.0101923,0.00764251,0.61515791,0.01247888,0.01066245,22927,6,0.03547442,0.9985517
263,1,32021561,0.9920389,0.01899731,0.03606313,0.0,0.01009492,0.09492865,0.0,0.839916,57335,7,0.00439596,0.9997457
263,2,32021562,0.99202712,0.01922653,0.0368728,0.0,0.00994981,0.09973265,0.0,0.83421821,49151,7,0.00427738,0.9997707
263,3,32021563,0.99203493,0.01911796,0.03588012,0.0,0.00998533,0.09627799,0.0,0.8387386,30719,7,0.00430352,0.9997707
263,4,32021564,0.99202773,0.01924847,0.0361716,0.0,0.00996127,0.10071301,0.0,0.83390565,65535,7,0.00476014,0.9997707
263,5,32021565,0.99203778,0.01916983,0.03532059,0.0,0.01002397,0.096029,0.0,0.83945661,28671,7,0.0043878,0.9997207
263,6,32021566,0.992034,0.01914778,0.0381862,0.0,0.00991198,0.10128008,0.0,0.83147396,40959,7,0.00433513,0.9997707
263,7,32021567,0.99203629,0.01900008,0.03593267,0.0,0.01005688,0.09747775,0.0,0.83753263,16383,7,0.00435578,0.9997707
263,8,32021568,0.99204934,0.01909717,0.03513359,0.0,0.0099644,0.09323239,0.0,0.84257245,32255,7,0.00451891,0.9997707
263,9,32021569,0.99202637,0.01911804,0.03607631,0.0,0.00994661,0.10349775,0.0,0.83136128,45055,7,0.00428413,0.9997707
263,10,32021570,0.99204246,0.01905684,0.03560169,0.0,0.0100637,0.09540025,0.0,0.83987752,57343,7,0.00439999,0.9997707
264,1,32021591,0.99044419,0.04517784,0.01244648,0.0,0.00559124,0.78439888,0.0,0.15238556,51978,6,0.04308427,2.882836
264,2,32021592,0.98804264,0.05486775,0.00051104,0.0,0.00453861,0.94006891,0.0,1.37e-05,52316,6,0.04350998,2.882836
264,3,32021593,0.98805172,0.05505756,0.00055875,0.0,0.00451707,0.93985276,0.0,1.386e-05,52316,6,0.04464162,2.882836
264,4,32021594,0.98804425,0.05468445,0.00057563,0.0,0.0047071,0.94001929,0.0,1.352e-05,50636,6,0.04610141,2.882836
264,5,32021595,0.98853185,0.04190017,0.00090136,0.0,0.00555508,0.95162841,0.0,1.498e-05,52554,6,0.09014488,2.882836
264,6,32021596,0.98949135,0.04778563,0.01189637,0.0,0.00569874,0.8030229,0.0,0.13159636,51978,6,0.03583523,2.882836
264,7,32021597,0.98945527,0.04897215,0.00806643,0.0,0.00525603,0.84060908,0.0,0.09709631,51978,6,0.02456005,2.882836
264,8,32021598,0.9880511,0.05485777,0.00053616,0.0,0.00449007,0.94010212,0.0,1.388e-05,56412,6,0.04982571,2.8828693
264,9,32021599,0.98933502,0.05019176,0.00860869,0.0,0.00489724,0.85290647,0.0,0.08339584,51978,6,0.02537794,2.882836
264,10,32021600,0.98833208,0.05366805,0.00241466,0.0,0.00459256,0.92012401,0.0,0.01920072,52316,6,0.043447,2.882836
265,1,32021621,0.97936977,0.01895362,0.0,0.00134593,0.0004539,0.97915601,7.803e-05,1.251e-05,52191,6,0.00322391,0.9993245
265,2,32021622,0.97888792,0.0175536,0.0,0.00136884,0.0005359,0.98044855,7.619e-05,1.692e-05,30927,6,0.00345987,0.9991246
265,3,32021623,0.9798611,0.01985782,0.0,0.00132472,0.00039916,0.97832986,7.663e-05,1.181e-05,24535,6,0.00319056,0.9992995
265,4,32021624,0.97865036,0.01696007,0.0,0.00137216,0.000524,0.98104268,7.629e-05,2.48e-05,30415,6,0.00421445,0.9991244
265,5,32021625,0.97924558,0.01852251,0.0,0.00134738,0.00045454,0.97958718,7.72e-05,1.119e-05,57311,6,0.00267392,0.9993245
265,6,32021626,0.98005022,0.02066544,0.0,0.00131955,0.00038985,0.97754272,7.763e-05,4.81e-06,61407,6,0.003772,0.9993245
265,7,32021627,0.98033658,0.02133029,0.0,0.0013105,0.00036753,0.97691036,7.655e-05,4.77e-06,57311,6,0.00426475,0.9993245
265,8,32021628,0.98008207,0.02054817,0.0,0.00131781,0.00037079,0.97767836,7.867e-05,6.2e-06,40927,6,0.00377107,0.9993245
265,9,32021629,0.97890673,0.0176759,0.0,0.00135885,0.00049758,0.98037926,7.735e-05,1.105e-05,30415,6,0.00350622,0.9991244
265,10,32021630,0.97985149,0.01993934,0.0,0.00132724,0.00044616,0.97819816,7.672e-05,1.237e-05,40927,6,0.00334274,0.9993245
266,1,32021651,0.99003719,0.04791928,0.03007343,0.0,0.00870407,0.68168966,0.00020583,0.23140775,44844,6,0.0216188,2.3576554
266,2,32021652,0.989879,0.04840759,0.02806463,0.0,0.00892765,0.67385612,0.00018086,0.24056316,44844,6,0.01811991,2.3576554
266,3,32021653,0.98968853,0.04885767,0.02863034,0.0,0.00906141,0.66895061,0.00027768,0.24422228,44844,6,0.01550406,2.3576554
266,4,32021654,0.99005253,0.04715105,0.02893313,0.0,0.00926011,0.67067934,0.00018486,0.2437915,44844,6,0.02091004,2.3576554
266,5,32021655,0.99020019,0.04730973,0.02708341,0.0,0.00891342,0.67961804,0.00014912,0.23692628,44844,6,0.02032796,2.3576554
266,6,32021656,0.9900069,0.04815606,0.02844468,0.0,0.00864264,0.67215957,0.00022115,0.24237589,44844,6,0.01442934,2.3576554
266,7,32021657,0.98998803,0.048284,0.02688212,0.0,0.00863619,0.67647039,0.0001903,0.239537,44972,6,0.01575215,2.3573342
266,8,32021658,0.9902619,0.0469716,0.02525986,0.0,0.00862025,0.6836827,0.00013075,0.23533485,44844,6,0.01946734,2.3576554
266,9,32021659,0.99003707,0.04786844,0.02840612,0.0,0.0088368,0.67671559,0.00019472,0.23797832,48940,6,0.01859995,2.3576887
266,10,32021660,0.98991271,0.04905334,0.02816374,0.0,0.00850852,0.6728729,0.00017244,0.24122906,48940,6,0.01218339,2.3576887
267,1,32021681,0.98603919,0.05558154,0.26024053,0.0,0.00747732,0.0,0.00020008,0.67650053,23175,7,0.19508933,0.9994149
267,2,32021682,0.9859493,0.05563301,0.25809271,0.0,0.00769959,0.0,0.0002033,0.67837139,23175,7,0.19707084,0.9994149
267,3,32021683,0.98614678,0.05559973,0.25836736,0.0,0.00764804,0.0,0.00021279,0.67817208,23175,7,0.19469857,0.9994149
267,4,32021684,0.98608498,0.05562276,0.25974843,0.0,0.00755825,0.0,0.00018057,0.67689,23175,7,0.19577049,0.9994149
267,5,32021685,0.98623584,0.05543213,0.25786158,0.0,0.00743493,0.0,0.00018123,0.67909014,23175,7,0.1987434,0.9994149
267,6,32021686,0.98619421,0.05548166,0.26104169,0.0,0.007368,0.0,0.00018494,0.67592372,23175,7,0.19728912,0.9994149
267,7,32021687,0.98615991,0.05589958,0.25803023,0.0,0.00729554,0.0,0.00019058,0.67858406,23175,7,0.20878926,0.9994149
267,8,32021688,0.98591782,0.0556233,0.25896135,0.0,0.00788477,0.0,0.00020836,0.67732221,23175,7,0.19991925,0.9994149
267,9,32021689,0.98600578,0.05563803,0.25817624,0.0,0.00756604,0.0,0.00031769,0.678302,23175,7,0.19139312,0.9994149
267,10,32021690,0.98607234,0.05569482,0.26155226,0.0,0.0075048,0.0,0.00018003,0.67506808,23175,7,0.19771701,0.9994149
268,1,32021711,0.98420383,0.01489829,0.0,0.00061005,0.00755434,0.13297303,0.0,0.84396428,30207,7,0.00405451,0.9994812
268,2,32021712,0.98421617,0.01482252,0.0,0.00060908,0.00765275,0.12671146,0.0,0.8502042,65407,7,0.00404475,0.9994813
268,3,32021713,0.98421038,0.01477026,0.0,0.0006104,0.00769625,0.12677879,0.0,0.8501443,32767,7,0.00410604,0.9994813
268,4,32021714,0.9842156,0.0148889,0.0,0.00060924,0.00761006,0.13245227,0.0,0.84443953,49143,7,0.00398336,0.9994563
268,5,32021715,0.98422111,0.01485007,0.0,0.00061036,0.00773809,0.13099369,0.0,0.84580778,32767,7,0.00395293,0.9994813
268,6,32021716,0.9842178,0.01480978,0.0,0.00060823,0.00759777,0.12758162,0.0,0.8494026,57343,7,0.00364627,0.9994813
268,7,32021717,0.98421914,0.0147228,0.0,0.00060787,0.0077252,0.12825172,0.0,0.84869241,65535,7,0.00393693,0.9994813
268,8,32021718,0.98421056,0.01489034,0.0,0.00060776,0.00763472,0.12958113,0.0,0.84728604,61311,7,0.0037571,0.9994813
268,9,32021719,0.98420429,0.01484759,0.0,0.00060999,0.00759925,0.12906452,0.0,0.84787864,49151,7,0.00399298,0.9994813
268,10,32021720,0.9842055,0.01481178,0.0,0.0006108,0.00755498,0.12890442,0.0,0.84811802,65407,7,0.00411981,0.9994813
269,1,32021741,0.98939795,0.05287485,0.01335884,0.0,0.00500181,0.79989448,0.0,0.12887001,56074,6,0.01269704,3.4475848
269,2,32021742,0.97749307,0.12850316,0.05681914,0.0,0.00408231,0.7044814,0.0,0.10611398,8354,4,0.01923598,3.446763
269,3,32021743,0.98607887,0.06959163,0.02799163,0.0,0.00441242,0.78466698,0.0,0.11333732,51978,6,0.01330731,3.4475515
269,4,32021744,0.98939087,0.05334395,0.01356512,0.0,0.00496689,0.79985041,0.0,0.12827364,51978,6,0.01301068,3.4475515
269,5,32021745,0.98683304,0.07206713,0.02234444,0.0,0.00491237,0.78739283,0.0,0.11328323,55180,6,0.01301045,3.4475849
269,6,32021746,0.98923814,0.0578043,0.0131256,0.0,0.0045981,0.79765199,0.0,0.12682,51980,6,0.02433299,3.4475515
269,7,32021747,0.98920905,0.06025218,0.01363368,0.0,0.00477745,0.80535736,0.0,0.11597933,51980,6,0.02149404,3.4475515
269,8,32021748,0.98956396,0.04727275,0.01320369,0.0,0.00528959,0.79540686,0.0,0.1388271,51978,6,0.02460762,3.4475515
269,9,32021749,0.98920275,0.06020509,0.01422855,0.0,0.00464898,0.80688084,0.0,0.11403654,51980,6,0.0223069,3.4475515
269,10,32021750,0.98925363,0.0576555,0.01324107,0.0,0.00467283,0.80256015,0.0,0.12187046,51980,6,0.02167792,3.4475515
270,1,32021771,0.97635232,0.01225915,0.0,0.00103473,0.00027496,0.98618166,0.00024818,1.33e-06,32907,6,0.01948575,0.9990488
270,2,32021772,0.97637124,0.01219428,0.0,0.00102065,0.00028735,0.98625272,0.00024358,1.43e-06,37003,6,0.01821415,0.9990488
270,3,32021773,0.97637864,0.01212747,0.0,0.001027,0.00028431,0.98631631,0.00024322,1.68e-06,32907,6,0.01921418,0.9990488
270,4,32021774,0.97642996,0.01225395,0.0,0.00102536,0.00028132,0.98619638,0.00024163,1.37e-06,32777,6,0.01827793,0.999049
270,5,32021775,0.97641647,0.01244428,0.0,0.00102247,0.00031473,0.98597186,0.00024483,1.83e-06,32777,6,0.02008005,0.999049
270,6,32021776,0.97636625,0.01223193,0.0,0.00102484,0.00027003,0.98622505,0.00024662,1.53e-06,32971,6,0.01949437,0.9990487
270,7,32021777,0.97637552,0.01232775,0.0,0.00103305,0.00027801,0.98611526,0.00024429,1.64e-06,32841,6,0.01888365,0.999049
270,8,32021778,0.97642885,0.01217439,0.0,0.00101784,0.00029253,0.98627488,0.00023863,1.73e-06,32779,6,0.01721299,0.999049
270,9,32021779,0.97637709,0.01214781,0.0,0.00102323,0.00027477,0.98630733,0.00024571,1.15e-06,32843,6,0.01838376,0.999049
270,10,32021780,0.97641183,0.01224501,0.0,0.00102223,0.00028707,0.98620389,0.00024032,1.47e-06,32907,6,0.01883629,0.9990488
271,1,32021801,0.99808585,0.02396673,0.0864731,0.0,0.01518468,0.00339614,0.0,0.87097934,32767,7,0.00430293,0.9999736
271,2,32021802,0.99808193,0.02402299,0.08787111,0.0,0.01521665,0.00361357,0.0,0.86927569,65535,7,0.00458601,0.9999736
271,3,32021803,0.99807223,0.02406173,0.08849536,0.0,0.01510282,0.00343984,0.0,0.86890025,49151,7,0.00454312,0.9999736
271,4,32021804,0.99809288,0.02398433,0.08745072,0.0,0.01497822,0.00349701,0.0,0.87008971,49151,7,0.0044015,0.9999736
271,5,32021805,0.99808632,0.02369989,0.08626486,0.0,0.01533128,0.00349503,0.0,0.87120894,49151,7,0.00444169,0.9999736
271,6,32021806,0.99807992,0.02381678,0.08809868,0.0,0.01515977,0.00308496,0.0,0.8698398,32767,7,0.00452907,0.9999736
271,7,32021807,0.99807803,0.02412951,0.08788425,0.0,0.01510301,0.00310105,0.0,0.86978218,65535,7,0.0043081,0.9999736
271,8,32021808,0.99806564,0.02416158,0.08889802,0.0,0.01519502,0.00336228,0.0,0.8683831,65535,7,0.00432668,0.9999736
271,9,32021809,0.99808469,0.02386888,0.08799549,0.0,0.01545674,0.00330047,0.0,0.86937842,61439,7,0.00440916,0.9999736
271,10,32021810,0.99809128,0.02382209,0.08665806,0.0,0.01532718,0.00294997,0.0,0.8712427,65535,7,0.00441732,0.9999736
272,1,32021831,0.99014231,0.0451027,0.05156774,0.0,0.00755889,0.68724914,9.899e-05,0.20842254,51978,6,0.03556128,2.2278245
272,2,32021832,0.98959726,0.04662585,0.05548045,0.0,0.00745907,0.69450898,0.00017329,0.19575235,51978,6,0.03220858,2.2278245
272,3,32021833,0.98954935,0.0460491,0.05255912,0.0,0.00772219,0.69443473,0.00019006,0.19904481,51978,6,0.03423757,2.2278245
272,4,32021834,0.98941194,0.04692279,0.0564342,0.0,0.00771502,0.69081935,0.00019094,0.19791771,51978,6,0.03104228,2.2278245
272,5,32021835,0.99003773,0.04502406,0.04794795,0.0,0.00747072,0.69782593,0.00011338,0.20161798,51978,6,0.03485268,2.2278245
272,6,32021836,0.98983887,0.04579213,0.05040709,0.0,0.00756156,0.69404326,0.00012673,0.20206923,51978,6,0.03266188,2.2278245
272,7,32021837,0.99028103,0.04459221,0.04701158,0.0,0.00733737,0.6974612,9.331e-05,0.20350434,51978,6,0.03698783,2.2278245
272,8,32021838,0.9889708,0.049605,0.0615162,0.0,0.00784324,0.68236053,0.0001708,0.19850422,51978,6,0.0282154,2.2278245
272,9,32021839,0.98964133,0.04652508,0.05348096,0.0,0.00764369,0.68740203,0.00015659,0.20479164,51978,6,0.03466717,2.2278245
272,10,32021840,0.99020202,0.04475734,0.04629735,0.0,0.00732995,0.69734818,0.0001134,0.20415378,51978,6,0.03336373,2.2278245
273,1,32021861,0.9802523,0.01506085,0.0,0.00137981,0.00526239,0.22239661,0.0,0.75590034,61407,7,0.00343427,0.9993139
273,2,32021862,0.98036538,0.01502531,0.0,0.00137751,0.00529586,0.20719889,0.0,0.77110243,32727,7,0.00327273,0.999289
273,3,32021863,0.9802995,0.01493451,0.0,0.00137635,0.0054685,0.20503809,0.0,0.77318256,61407,7,0.00335212,0.9993139
273,4,32021864,0.98035658,0.01491026,0.0,0.00137811,0.00539656,0.19759107,0.0,0.780724,32735,7,0.00369383,0.999314
273,5,32021865,0.98028286,0.01497777,0.0,0.00137714,0.00541274,0.19841929,0.0,0.77981306,49119,7,0.0037908,0.999314
273,6,32021866,0.98029832,0.01508813,0.0,0.00137763,0.00537842,0.20740425,0.0,0.77075157,16351,7,0.00348825,0.999314
273,7,32021867,0.98038055,0.01515389,0.0,0.00137677,0.0052726,0.20593301,0.0,0.77226373,49119,7,0.00395321,0.999314
273,8,32021868,0.98036413,0.01517314,0.0,0.00137687,0.00527288,0.20187731,0.0,0.77629979,63455,7,0.00370436,0.999314
273,9,32021869,0.98033534,0.01508649,0.0,0.00137704,0.00532687,0.2048853,0.0,0.7733243,65503,7,0.00357981,0.999314
273,10,32021870,0.9803133,0.01513593,0.0,0.0013765,0.0052854,0.20644891,0.0,0.77175326,36831,7,0.00330494,0.9993139
274,1,32021891,0.98933112,0.05665175,0.01106143,0.0,0.00637962,0.75577057,0.0,0.17013662,53036,6,0.02081092,3.0946653
274,2,32021892,0.98934898,0.05599134,0.01096308,0.0,0.00658726,0.75143525,0.0,0.17502306,53036,6,0.01873543,3.0946653
274,3,32021893,0.98825305,0.04624966,0.00022299,0.0,0.00172941,0.95178809,0.0,9.85e-06,50394,6,0.05212315,3.0946654
274,4,32021894,0.98980515,0.04788561,0.00910173,0.0,0.00734704,0.72634734,0.0,0.20931827,44972,6,0.01488602,3.0941969
274,5,32021895,0.98925791,0.05173953,0.01031867,0.0,0.00706493,0.74669678,0.0,0.1841801,44972,6,0.01285136,3.0941969
274,6,32021896,0.98937569,0.05547371,0.01078156,0.0,0.00631631,0.75850829,0.0,0.16892013,53036,6,0.01941605,3.0946653
274,7,32021897,0.98937921,0.05600653,0.01074417,0.0,0.00644287,0.75938999,0.0,0.16741644,53036,6,0.01741556,3.0946653
274,8,32021898,0.98950923,0.05350742,0.01047602,0.0,0.0067805,0.74855814,0.0,0.18067791,53036,6,0.01324742,3.0946653
274,9,32021899,0.98941525,0.05328368,0.01034381,0.0,0.00664267,0.7516122,0.0,0.17811765,53036,6,0.0132048,3.0946653
274,10,32021900,0.98699403,0.06204729,0.01187695,0.0,0.00689283,0.73606963,0.0,0.18311331,53036,6,0.01236007,3.0946653
275,1,32021921,0.96894151,0.05439626,0.21686829,0.0,0.0124027,0.70123133,0.00450366,0.01059775,22927,6,0.05210519,0.998867
275,2,32021922,0.96749563,0.05659765,0.19831581,0.0,0.0130445,0.71775481,0.00516997,0.00911726,22927,6,0.02985367,0.998867
275,3,32021923,0.97094966,0.05490258,0.20506198,0.0,0.01247067,0.71611038,0.00340898,0.00804541,22927,6,0.04265322,0.998867
275,4,32021924,0.97160583,0.05380633,0.21158548,0.0,0.01145281,0.70982835,0.00389864,0.00942838,22927,6,0.04913907,0.998867
275,5,32021925,0.97018936,0.05374185,0.21942788,0.0,0.01209913,0.69890836,0.00436399,0.01145878,22927,6,0.0537081,0.998867
275,6,32021926,0.9707382,0.05498021,0.20489945,0.0,0.0121261,0.71626674,0.00375681,0.0079707,22927,6,0.03967425,0.998867
275,7,32021927,0.97156642,0.05308413,0.21445285,0.0,0.01191604,0.70633443,0.00305469,0.01115787,22927,6,0.04878897,0.998867
275,8,32021928,0.97197273,0.05414201,0.21724888,0.0,0.01169064,0.70270478,0.00322676,0.01098693,22927,6,0.04537884,0.998867
275,9,32021929,0.97007826,0.05340953,0.22495803,0.0,0.01240707,0.69351362,0.00394417,0.01176757,22927,6,0.05095981,0.998867
275,10,32021930,0.97215615,0.05428052,0.2035066,0.0,0.01180278,0.71749179,0.00302521,0.00989311,22927,6,0.0442174,0.998867
276,1,32021951,0.98852498,0.01659638,0.00452898,0.0,0.00944605,0.10647341,0.0,0.86295517,49151,7,0.00578706,0.9996405
276,2,32021952,0.98851333,0.01667815,0.0049024,0.0,0.00940375,0.1148806,0.0,0.85413511,65535,7,0.0057704,0.9996405
276,3,32021953,0.98851017,0.01661151,0.00476071,0.0,0.00943685,0.11484686,0.0,0.85434407,65023,7,0.00499671,0.9996404
276,4,32021954,0.98851506,0.01658563,0.00450298,0.0,0.0093825,0.10909787,0.0,0.86043101,65535,7,0.00631062,0.9996405
276,5,32021955,0.98852736,0.016621,0.00451311,0.0,0.00952074,0.10957624,0.0,0.85976892,49151,7,0.00525702,0.9996405
276,6,32021956,0.98851524,0.0166103,0.0048611,0.0,0.00951794,0.11398969,0.0,0.85502098,49151,7,0.0056199,0.9996405
276,7,32021957,0.988521,0.01664095,0.00460211,0.0,0.00942919,0.10903366,0.0,0.86029408,65535,7,0.00577144,0.9996405
276,8,32021958,0.98851475,0.01662685,0.00473758,0.0,0.00948264,0.11194404,0.0,0.8572089,63487,7,0.00551153,0.9996405
276,9,32021959,0.9885258,0.01662447,0.00476314,0.0,0.00934794,0.10894313,0.0,0.86032132,63487,7,0.00648537,0.9996405
276,10,32021960,0.988521,0.01661102,0.00463372,0.0,0.00953064,0.11369959,0.0,0.85552504,32255,7,0.00512871,0.9996404
277,1,32021981,0.99015894,0.04528155,0.00997626,0.0,0.00583137,0.77722806,0.0,0.16168276,51978,6,0.04262986,3.3177206
277,2,32021982,0.98951464,0.0551296,0.01209639,0.0,0.00524207,0.80230148,0.0,0.12523046,51978,6,0.01526821,3.3177206
277,3,32021983,0.98929793,0.05606558,0.01166641,0.0,0.00536429,0.77995284,0.0,0.14695088,51980,6,0.02327431,3.3177206
277,4,32021984,0.99014147,0.04527614,0.00936985,0.0,0.00588537,0.77714598,0.0,0.16232266,51978,6,0.04289117,3.3177206
277,5,32021985,0.98890828,0.05373916,0.01083467,0.0,0.00532451,0.79392412,0.0,0.13617754,51978,6,0.01814318,3.3177206
277,6,32021986,0.98912094,0.05027321,0.01169629,0.0,0.00523626,0.80176159,0.0,0.13103266,51978,6,0.02334094,3.3177206
277,7,32021987,0.99015012,0.0456378,0.00990158,0.0,0.00561635,0.78535372,0.0,0.15349055,51978,6,0.0425396,3.3177206
277,8,32021988,0.98918751,0.05948121,0.01269903,0.0,0.00510896,0.79514379,0.0,0.127567,51980,6,0.0237733,3.3177206
277,9,32021989,0.98993171,0.0493919,0.01062407,0.0,0.00562711,0.78996564,0.0,0.14439129,51978,6,0.03358167,3.3177206
277,10,32021990,0.9888499,0.05501791,0.01203675,0.0,0.00529947,0.79421559,0.0,0.13343027,51978,6,0.01900932,3.3177206
278,1,32022011,0.97694344,0.01535112,0.0,0.00130755,0.00068295,0.98255346,9.19e-05,1.302e-05,63695,6,0.00345391,0.999127
278,2,32022012,0.9763057,0.01438492,0.0,0.00132591,0.00043892,0.98372607,0.00011818,6e-06,34959,6,0.00802669,0.9989273
278,3,32022013,0.97607062,0.01330649,0.0,0.00134103,0.00061887,0.98461148,0.0001122,9.94e-06,39055,6,0.00562967,0.9989273
278,4,32022014,0.97590614,0.0132315,0.0,0.00134226,0.00054649,0.98475832,0.00011563,5.81e-06,35023,6,0.00700422,0.9989273
278,5,32022015,0.97708646,0.01557681,0.0,0.00130271,0.00067378,0.98234502,9.219e-05,9.49e-06,30863,6,0.00356112,0.9991271
278,6,32022016,0.97610585,0.01324944,0.0,0.00134079,0.00065647,0.98462629,0.00010587,2.114e-05,39055,6,0.00513587,0.9989273
278,7,32022017,0.97666233,0.01526966,0.0,0.00131256,0.00041288,0.98288692,0.00011147,6.5e-06,39119,6,0.00758055,0.9989273
278,8,32022018,0.97509994,0.01148172,0.0,0.00136299,0.0003573,0.98665483,0.0001399,3.26e-06,39055,6,0.01173545,0.9989273
278,9,32022019,0.97751688,0.01675147,0.0,0.0012956,0.00067219,0.98118552,8.462e-05,1.061e-05,59599,6,0.00415144,0.999127
278,10,32022020,0.97682946,0.01511559,0.0,0.00131913,0.00069419,0.98276827,9.409e-05,8.72e-06,39055,6,0.00420575,0.9989273
279,1,32022041,0.98109839,0.05981054,0.45535161,0.0,0.02227262,0.0171787,0.00255251,0.44283401,44845,7,0.02485201,1.9004187
279,2,32022042,0.98194935,0.05707874,0.4464408,0.0,0.02188593,0.01951124,0.00251531,0.45256797,44845,7,0.02773249,1.9004187
279,3,32022043,0.98113341,0.0589753,0.45634164,0.0,0.02235855,0.01612928,0.00270682,0.44348841,44845,7,0.02236065,1.9004187
279,4,32022044,0.98005994,0.06273798,0.45906013,0.0,0.02325946,0.01622287,0.00279646,0.43592309,44845,7,0.01838661,1.9004187
279,5,32022045,0.98108501,0.05886311,0.44767641,0.0,0.02283978,0.01875042,0.00272573,0.44914455,48941,7,0.02324083,1.9004187
279,6,32022046,0.98132206,0.05879424,0.45233825,0.0,0.02210303,0.01687138,0.0026876,0.4472055,44845,7,0.02629337,1.9004187
279,7,32022047,0.98140988,0.05863495,0.46259732,0.0,0.02175808,0.01582469,0.00249461,0.43869034,44845,7,0.02009688,1.9004187
279,8,32022048,0.98124391,0.0580115,0.45634856,0.0,0.02186454,0.01893431,0.00291986,0.44192123,48941,7,0.02465197,1.9004187
279,9,32022049,0.98090637,0.05990796,0.44702579,0.0,0.02271089,0.01847053,0.00293765,0.44894719,48941,7,0.01950666,1.9004187
279,10,32022050,0.98095621,0.06057027,0.45425978,0.0,0.02249543,0.0191245,0.00256329,0.44098673,44845,7,0.02326792,1.9004187
280,1,32022071,0.98604375,0.04551645,0.38586908,0.0,0.0186608,0.0,0.000466,0.54948768,19210,7,0.02886808,1.3130514
280,2,32022072,0.98656046,0.04549947,0.38481074,0.0,0.01856802,0.0,0.00036703,0.55075474,19210,7,0.028069,1.3130514
280,3,32022073,0.98594559,0.04613557,0.37063082,0.0,0.0190944,0.0,0.00051157,0.56362764,19210,7,0.03084092,1.3130514
280,4,32022074,0.98617119,0.04705444,0.37581883,0.0,0.01859213,0.0,0.0004553,0.55807931,19210,7,0.0256282,1.3130514
280,5,32022075,0.98558863,0.04756093,0.38307443,0.0,0.0185657,0.0,0.00047865,0.55032029,19210,7,0.02739883,1.3130514
280,6,32022076,0.98540094,0.04841249,0.37827475,0.0,0.01869418,0.0,0.00056818,0.55405039,19210,7,0.02397421,1.3130514
280,7,32022077,0.98605586,0.04572225,0.37988958,0.0,0.0186043,0.0,0.00040744,0.55537643,19210,7,0.02853296,1.3130514
280,8,32022078,0.98569023,0.04629633,0.37977034,0.0,0.01889983,0.0,0.00052073,0.55451277,19202,7,0.02790685,1.3130514
280,9,32022079,0.98657033,0.04524756,0.37758147,0.0,0.01860257,0.0,0.00039714,0.55817126,19210,7,0.03079059,1.3130514
280,10,32022080,0.98600508,0.04571106,0.38124016,0.0,0.01883346,0.0,0.00046222,0.55375311,19210,7,0.03165634,1.3130514
281,1,32022101,0.98162298,0.0138508,0.0,0.00094182,0.00638863,0.12908664,0.0,0.8497321,44927,7,0.00368319,0.9993767
281,2,32022102,0.98162554,0.01394247,0.0,0.00094324,0.00636888,0.13454506,0.0,0.84420034,65535,7,0.00373096,0.9993767
281,3,32022103,0.98160983,0.01399596,0.0,0.00094322,0.00633878,0.13873262,0.0,0.83998943,57343,7,0.00360683,0.9993767
281,4,32022104,0.98163575,0.01393628,0.0,0.00094336,0.00624993,0.13523454,0.0,0.84363589,65023,7,0.00389608,0.9993767
281,5,32022105,0.98162225,0.01400554,0.0,0.0009445,0.00643797,0.13818845,0.0,0.84042354,52735,7,0.00355819,0.9993766
281,6,32022106,0.98161432,0.01401039,0.0,0.00094107,0.00645711,0.13875534,0.0,0.83983609,49023,7,0.00334195,0.9993767
281,7,32022107,0.98158708,0.01396891,0.0,0.00094262,0.00641977,0.13962103,0.0,0.83904766,65535,7,0.00345984,0.9993767
281,8,32022108,0.98165208,0.01386342,0.0,0.0009433,0.00633507,0.1353791,0.0,0.84347911,61439,7,0.00438413,0.9993767
281,9,32022109,0.98162083,0.01393036,0.0,0.00094593,0.00633913,0.13854417,0.0,0.84024041,55295,7,0.00357787,0.9993767
281,10,32022110,0.98161002,0.01398151,0.0,0.00094492,0.00633751,0.13758639,0.0,0.84114967,49151,7,0.00439166,0.9993767
282,1,32022131,0.98925354,0.04609452,0.02500186,0.0,0.0064621,0.74110248,0.0,0.18133904,44812,6,0.02146556,3.552002
282,2,32022132,0.98921333,0.0546854,0.02449813,0.0,0.00587442,0.74937952,0.0,0.16556252,53036,6,0.01665069,3.5520019
282,3,32022133,0.94890033,0.53586331,0.46069297,0.0,0.00308559,0.00034506,0.0,1.306e-05,47867,4,0.15031419,3.5515921
282,4,32022134,0.98919127,0.0564934,0.02504454,0.0,0.00563884,0.75700485,0.0,0.15581836,53036,6,0.01762169,3.5520019
282,5,32022135,0.98416637,0.10787972,0.08240343,0.0,0.00539771,0.65284258,0.0,0.15147657,43788,6,0.0155334,3.5520019
282,6,32022136,0.97367956,0.23747031,0.18904056,0.0,0.00258411,0.52123993,0.0,0.0496651,47867,4,0.06162434,3.5515921
282,7,32022137,0.98600894,0.09970073,0.05855771,0.0,0.00515386,0.7150838,0.0,0.12150391,52764,6,0.01821498,3.552002
282,8,32022138,0.98920744,0.05478864,0.02463749,0.0,0.00573849,0.75814544,0.0,0.15668994,53036,6,0.01517047,3.5520019
282,9,32022139,0.98920943,0.05424373,0.0244467,0.0,0.00585662,0.74537289,0.0,0.17008007,53036,6,0.01757626,3.5520019
282,10,32022140,0.98333558,0.11977322,0.09810056,0.0,0.00553094,0.62514924,0.0,0.15144603,47867,4,0.03502509,3.5515921
283,1,32022161,0.97515971,0.01495457,0.01997179,0.00030942,0.00041021,0.96378647,0.00056644,1.1e-06,32777,6,0.02265183,0.9991234
283,2,32022162,0.9750258,0.01514916,0.02001652,0.00031154,0.00044043,0.96344968,0.00063082,1.85e-06,32841,6,0.02359888,0.9991234
283,3,32022163,0.97418314,0.0155676,0.01931849,0.00133718,0.0004564,0.96269945,0.00061914,1.73e-06,32841,6,0.02510384,0.9991234
283,4,32022164,0.97494073,0.01493879,0.02008572,0.0003633,0.00043215,0.9634907,0.00068821,1.14e-06,32777,6,0.02365518,0.9991234
283,5,32022165,0.97511267,0.0148979,0.01962932,0.00030784,0.0004092,0.96417732,0.00057734,1.08e-06,32841,6,0.02460274,0.9991234
283,6,32022166,0.97515062,0.01492458,0.01953539,0.0003102,0.00040664,0.9642482,0.00057356,1.43e-06,32777,6,0.02341579,0.9991234
283,7,32022167,0.97442201,0.01555755,0.01978102,0.00089881,0.00044686,0.96259298,0.00062441,9.838e-05,32779,6,0.02471431,0.9991234
283,8,32022168,0.97513144,0.01496738,0.01954048,0.00031927,0.00040693,0.96418855,0.00057583,1.56e-06,32777,6,0.02402998,0.9991234
283,9,32022169,0.9747938,0.01503544,0.01997991,0.00034948,0.00042542,0.96341532,0.00079308,1.35e-06,32777,6,0.02281614,0.9991234
283,10,32022170,0.97511806,0.01483303,0.01923762,0.00032312,0.00040099,0.96462443,0.00057972,1.09e-06,36875,6,0.02395837,0.9991234
284,1,32022191,0.9940351,0.01982315,0.06484476,0.0,0.01146451,0.03218215,0.0,0.87168542,65535,7,0.00438214,0.9998423
284,2,32022192,0.99403178,0.01990621,0.06411657,0.0,0.01149371,0.03248489,0.0,0.87199862,65535,7,0.00486255,0.9998423
284,3,32022193,0.9940243,0.01999534,0.0656791,0.0,0.01140132,0.03234086,0.0,0.87058338,45055,7,0.00421163,0.9998423
284,4,32022194,0.99402168,0.01996109,0.06562173,0.0,0.0115142,0.03165685,0.0,0.87124612,45055,7,0.00460217,0.9998423
284,5,32022195,0.99402334,0.01998135,0.06643875,0.0,0.01169962,0.03155207,0.0,0.87032821,63487,7,0.00436571,0.9998423
284,6,32022196,0.99402399,0.01996075,0.06519557,0.0,0.01162689,0.0311734,0.0,0.87204339,61439,7,0.00418889,0.9998423
284,7,32022197,0.9940282,0.01989835,0.0646285,0.0,0.01155798,0.0321459,0.0,0.87176927,40959,7,0.00451295,0.9998423
284,8,32022198,0.99401922,0.01994458,0.06566067,0.0,0.01161179,0.03268356,0.0,0.8700994,40959,7,0.00415646,0.9998423
284,9,32022199,0.99403643,0.01993739,0.06381291,0.0,0.01142685,0.03229625,0.0,0.87252661,57343,7,0.0044816,0.9998423
284,10,32022200,0.99403201,0.01991524,0.06466202,0.0,0.01146783,0.03154841,0.0,0.8724065,65535,7,0.00433768,0.9998423
285,1,32022221,0.99052204,0.04532052,0.01176197,0.0,0.00581216,0.78111215,0.0,0.15599321,51978,6,0.0401477,2.8247537
285,2,32022222,0.98852533,0.04180028,0.00099126,0.0,0.00585339,0.95134005,0.0,1.502e-05,52554,6,0.08515565,2.8247538
285,3,32022223,0.98852827,0.04178734,0.00096902,0.0,0.00572814,0.95150065,0.0,1.486e-05,52554,6,0.09168348,2.8247538
285,4,32022224,0.98817502,0.04980447,0.00073797,0.0,0.00511324,0.94432963,0.0,1.468e-05,52554,6,0.0349428,2.8247538
285,5,32022225,0.98852787,0.04181114,0.00105557,0.0,0.0057817,0.95133638,0.0,1.52e-05,52554,6,0.09066973,2.8247538
285,6,32022226,0.98990074,0.04616274,0.01201674,0.0,0.00596745,0.78473636,0.0,0.1511167,51978,6,0.04001773,2.8247537
285,7,32022227,0.99056885,0.04467398,0.01153851,0.0,0.00580095,0.78249977,0.0,0.1554868,51978,6,0.04103052,2.8247537
285,8,32022228,0.99047174,0.04556382,0.01182603,0.0,0.00574371,0.78366852,0.0,0.15319792,51978,6,0.04149869,2.8247537
285,9,32022229,0.99059644,0.04432598,0.01074032,0.0,0.00598303,0.77584255,0.0,0.16310812,51978,6,0.04644988,2.8247537
285,10,32022230,0.99018405,0.04534031,0.01200366,0.0,0.00607792,0.77807301,0.0,0.1585051,51978,6,0.0407972,2.8247537
286,1,32022251,0.97903543,0.01972017,0.0,0.00131279,0.00035797,0.97852419,7.629e-05,8.58e-06,40799,6,0.00342788,0.9992695
286,2,32022252,0.97922388,0.02009885,0.0,0.0013085,0.00034571,0.97816636,7.655e-05,4.03e-06,24543,6,0.00378172,0.9992695
286,3,32022253,0.97941104,0.02021529,0.0,0.00130505,0.00034701,0.97804991,7.62e-05,6.54e-06,24543,6,0.0044175,0.9992695
286,4,32022254,0.97911093,0.01974677,0.0,0.00131069,0.00035289,0.97850803,7.625e-05,5.37e-06,53215,6,0.00365814,0.9992695
286,5,32022255,0.97933511,0.02023292,0.0,0.00130508,0.00034618,0.97803553,7.651e-05,3.79e-06,24543,6,0.00428873,0.9992695
286,6,32022256,0.97933658,0.02022036,0.0,0.00130518,0.00034634,0.97804863,7.634e-05,3.15e-06,57175,6,0.00400657,0.9992445
286,7,32022257,0.97932472,0.02033819,0.0,0.00130601,0.00034755,0.97792753,7.634e-05,4.37e-06,24535,6,0.00371549,0.9992445
286,8,32022258,0.97935214,0.02015134,0.0,0.00130606,0.00034619,0.97811448,7.635e-05,5.58e-06,65375,6,0.00394424,0.9992695
286,9,32022259,0.97935175,0.02022128,0.0,0.00130493,0.00034249,0.97805111,7.615e-05,4.04e-06,24543,6,0.00452168,0.9992695
286,10,32022260,0.97936783,0.02024598,0.0,0.00130538,0.00034637,0.97802063,7.641e-05,5.23e-06,40919,6,0.00395407,0.9992445
287,1,32022281,0.9900324,0.04731656,0.00811801,0.0,0.0078087,0.71786806,0.0,0.21888867,44844,6,0.01562559,2.8228014
287,2,32022282,0.98949128,0.05236119,0.0088537,0.0,0.00696901,0.73127299,0.0,0.20054311,53036,6,0.01702454,2.8228014
287,3,32022283,0.98944955,0.05755988,0.01094764,0.0,0.00724707,0.74930825,0.0,0.17493717,52764,6,0.02111778,2.8228014
287,4,32022284,0.98939729,0.05538607,0.01040285,0.0,0.00705144,0.73920883,0.0,0.18795081,53036,6,0.0173998,2.8228014
287,5,32022285,0.98961146,0.05059496,0.00894968,0.0,0.00770379,0.7249448,0.0,0.20780677,57132,6,0.01070413,2.8228347
287,6,32022286,0.98960097,0.05455403,0.01051706,0.0,0.0071966,0.75148964,0.0,0.17624267,52764,6,0.01362488,2.8228014
287,7,32022287,0.98989025,0.04904987,0.00842291,0.0,0.00788357,0.7123116,0.0,0.22233205,44972,6,0.01325253,2.8223873
287,8,32022288,0.98991654,0.04979597,0.00850546,0.0,0.0077803,0.72682778,0.0,0.20709049,44972,6,0.01402247,2.8223873
287,9,32022289,0.98968155,0.05471698,0.01050484,0.0,0.00776109,0.74868166,0.0,0.17833543,52764,6,0.02157084,2.8228014
287,10,32022290,0.9896714,0.05130066,0.00865294,0.0,0.00726663,0.7248443,0.0,0.20793547,53036,6,0.01302114,2.8228014
288,1,32022311,0.96987041,0.05520856,0.35014261,0.0,0.01736278,0.0,0.00088039,0.57640566,23175,7,0.14606711,0.9991679
288,2,32022312,0.96401236,0.05894243,0.34425633,0.0,0.0218679,0.0,0.00117314,0.5737602,23175,7,0.14302371,0.9991679
288,3,32022313,0.97246594,0.05336656,0.35065161,0.0,0.01533875,0.0,0.00068988,0.5799532,23175,7,0.1441401,0.9991679
288,4,32022314,0.96576838,0.05750756,0.34417914,0.0,0.02076856,0.0,0.00101211,0.57653263,23175,7,0.13839165,0.9991679
288,5,32022315,0.97106866,0.0537441,0.34286646,0.0,0.0166071,0.0,0.00074689,0.58603545,23175,7,0.14779947,0.9991679
288,6,32022316,0.9643292,0.05852245,0.34513065,0.0,0.0219038,0.0,0.00094394,0.57349916,23175,7,0.145209,0.9991679
288,7,32022317,0.97154297,0.05384648,0.35142239,0.0,0.01570473,0.0,0.00090122,0.57812518,23175,7,0.14169645,0.9991679
288,8,32022318,0.97200604,0.05431102,0.35011758,0.0,0.01513899,0.0,0.00077067,0.57966174,23175,7,0.14248869,0.9991679
288,9,32022319,0.9632641,0.0590969,0.34684525,0.0,0.02276047,0.0,0.00124128,0.57005611,23175,7,0.13914298,0.9991679
288,10,32022320,0.96544549,0.05835969,0.34844976,0.0,0.02045719,0.0,0.0011872,0.57154617,23175,7,0.14929861,0.9991679
289,1,32022341,0.98491362,0.01577809,0.0,4.625e-05,0.00855195,0.13416363,0.0,0.84146008,49151,7,0.00410833,0.9995095
289,2,32022342,0.98489716,0.01580908,0.0,4.618e-05,0.00854932,0.13576317,0.0,0.83983225,61311,7,0.00384625,0.9995095
289,3,32022343,0.98491133,0.01578093,0.0,4.622e-05,0.00853427,0.13290003,0.0,0.84273855,49151,7,0.00367099,0.9995095
289,4,32022344,0.98492126,0.01584863,0.0,4.608e-05,0.00851396,0.13470389,0.0,0.84088745,53247,7,0.00400927,0.9995095
289,5,32022345,0.98492156,0.0156632,0.0,4.619e-05,0.00866695,0.12566722,0.0,0.84995644,56831,7,0.00419671,0.9995095
289,6,32022346,0.98491443,0.01571347,0.0,4.618e-05,0.00857838,0.1355765,0.0,0.84008546,63487,7,0.0040579,0.9995095
289,7,32022347,0.98491173,0.01582709,0.0,4.613e-05,0.00840223,0.13798177,0.0,0.83774277,63487,7,0.00385739,0.9995095
289,8,32022348,0.98490537,0.01576477,0.0,4.598e-05,0.00852486,0.13407259,0.0,0.8415918,62975,7,0.00388217,0.9995095
289,9,32022349,0.9849154,0.01577021,0.0,4.615e-05,0.00853481,0.13585816,0.0,0.83979067,63487,7,0.00382202,0.9995095
289,10,32022350,0.98492434,0.01575264,0.0,4.613e-05,0.00856429,0.13477152,0.0,0.84086541,57343,7,0.00384988,0.9995095
290,1,32022371,0.98920052,0.05979399,0.01356822,0.0,0.00492245,0.79777255,0.0,0.12394278,51980,6,0.0234863,3.6549881
290,2,32022372,0.98920749,0.05931848,0.0130988,0.0,0.00493718,0.80059769,0.0,0.12204784,51980,6,0.0231164,3.6549881
290,3,32022373,0.92494925,0.34768795,0.14658919,0.0,0.00300518,0.45296804,0.0,0.04974964,8354,4,0.0755941,3.6541581
290,4,32022374,0.98976976,0.04689503,0.01237632,0.0,0.0054301,0.7888785,0.0,0.14642005,51978,6,0.02653565,3.6549881
290,5,32022375,0.96735656,0.1515036,0.05883946,0.0,0.0045208,0.67130957,0.0,0.11382658,8354,4,0.02533264,3.6541581
290,6,32022376,0.9895929,0.05082283,0.01259331,0.0,0.00517273,0.79317811,0.0,0.13823303,51978,6,0.01740457,3.6549881
290,7,32022377,0.98953585,0.05326341,0.01336308,0.0,0.00522506,0.79762497,0.0,0.13052349,51978,6,0.01689157,3.6549881
290,8,32022378,0.92406796,0.34719,0.14818954,0.0,0.00304219,0.43156541,0.0,0.07001286,8354,4,0.07502586,3.6541581
290,9,32022379,0.98974717,0.04744317,0.01268444,0.0,0.0052193,0.79446511,0.0,0.14018798,56074,6,0.02321576,3.6550214
290,10,32022380,0.96197438,0.17787081,0.06640533,0.0,0.00479497,0.65320428,0.0,0.09772462,8354,4,0.03053394,3.6541581
291,1,32022401,0.97454303,0.01107088,0.0,0.00123594,0.00027322,0.98721595,0.00020246,1.56e-06,32907,6,0.01843352,0.9989591
291,2,32022402,0.97447206,0.0111452,0.0,0.00124576,0.00026438,0.98713102,0.00021193,1.71e-06,32971,6,0.01825311,0.9989591
291,3,32022403,0.97451449,0.01114803,0.0,0.0012431,0.00026044,0.98713846,0.00020723,2.74e-06,37003,6,0.01772921,0.9989591
291,4,32022404,0.97451615,0.01113811,0.0,0.00124272,0.00027123,0.98713905,0.00020745,1.43e-06,32843,6,0.01891192,0.9989593
291,5,32022405,0.97452628,0.01106134,0.0,0.00124132,0.00026497,0.98722224,0.00020833,1.81e-06,32907,6,0.01887404,0.9989591
291,6,32022406,0.97450489,0.01112233,0.0,0.00124196,0.00026278,0.98716281,0.0002086,1.51e-06,32783,6,0.0172032,0.9989594
291,7,32022407,0.97451106,0.01110452,0.0,0.00124389,0.0002748,0.98716673,0.00020864,1.43e-06,32779,6,0.01793888,0.9989594
291,8,32022408,0.97465116,0.01154076,0.0,0.00124263,0.00035358,0.98666453,0.00019645,2.05e-06,37071,6,0.01757025,0.9989591
291,9,32022409,0.97453316,0.01108268,0.0,0.00124225,0.00026566,0.98719859,0.00020955,1.28e-06,32971,6,0.01833254,0.9989591
291,10,32022410,0.9745128,0.01106434,0.0,0.001242,0.00027056,0.9872122,0.00020921,1.68e-06,36939,6,0.01869924,0.9989593
292,1,32022431,0.9914413,0.03853066,0.24133722,2.63e-06,0.0265322,0.0,0.00106332,0.69253396,48941,7,0.06416708,1.323013
292,2,32022432,0.9915278,0.03828474,0.23418155,2.84e-06,0.02695068,0.0,0.00108032,0.69949987,48941,7,0.06068924,1.323013
292,3,32022433,0.99142951,0.03846894,0.23748065,3.41e-06,0.02659836,0.0,0.00104644,0.69640219,48941,7,0.05791189,1.323013
292,4,32022434,0.99115856,0.03986964,0.24463352,5.23e-06,0.02625263,0.0,0.00099863,0.68824036,48941,7,0.05082943,1.323013
292,5,32022435,0.99148397,0.03826442,0.23407129,2.59e-06,0.02712033,0.0,0.0010248,0.69951657,48941,7,0.0634827,1.323013
292,6,32022436,0.99146666,0.03834032,0.23692981,3.86e-06,0.02670524,0.0,0.00108154,0.69693923,48941,7,0.06222149,1.323013
292,7,32022437,0.99114197,0.03988445,0.24419172,3.63e-06,0.02640434,0.0,0.00106563,0.68845024,48941,7,0.05110938,1.323013
292,8,32022438,0.99152137,0.03824502,0.23545121,5.56e-06,0.02659645,0.0,0.00102951,0.69867225,48941,7,0.06100152,1.323013
292,9,32022439,0.99143609,0.03848769,0.23827877,2.87e-06,0.0268749,0.0,0.00107428,0.6952815,48941,7,0.05725405,1.323013
292,10,32022440,0.991465,0.03849244,0.23696479,3.67e-06,0.02659463,0.0,0.00100331,0.69694116,48941,7,0.06035117,1.323013
293,1,32022461,0.98456276,0.05354951,0.17999529,0.0,0.01237254,0.48428459,0.00087882,0.26891924,51978,6,0.0209877,2.0067216
293,2,32022462,0.98496387,0.05297621,0.18951236,0.0,0.0118616,0.48650339,0.00085145,0.258295,51978,6,0.02402247,2.0067216
293,3,32022463,0.98436229,0.0533849,0.18360787,0.0,0.01258297,0.48060468,0.00085602,0.26896356,51970,6,0.02201381,2.0066882
293,4,32022464,0.98433907,0.05462185,0.18404053,0.0,0.01236497,0.48301196,0.00086288,0.26509781,51978,6,0.02268477,2.0067216
293,5,32022465,0.98456417,0.05465567,0.18343455,0.0,0.01214552,0.4817634,0.00080227,0.2671986,51970,6,0.02121478,2.0066882
293,6,32022466,0.98458904,0.05380892,0.18765416,0.0,0.0122167,0.47416481,0.0008769,0.27127852,51970,6,0.02032983,2.0066882
293,7,32022467,0.98441027,0.05478068,0.18596854,0.0,0.01201208,0.48276267,0.0008765,0.26359954,51970,6,0.02012504,2.0066882
293,8,32022468,0.98489749,0.05382391,0.18059262,0.0,0.01206534,0.48092275,0.00091165,0.27168373,51978,6,0.01762904,2.0067216
293,9,32022469,0.98470291,0.0541666,0.18230223,0.0,0.01219325,0.47920782,0.00082213,0.27130796,51978,6,0.02000038,2.0067216
293,10,32022470,0.98483851,0.05339929,0.18009478,0.0,0.01220199,0.47202168,0.00084482,0.28143743,51970,6,0.01987314,2.0066882
294,1,32022491,0.97950695,0.0142016,0.0,0.00117685,0.00584172,0.17030479,0.0,0.80847503,32735,7,0.0028515,0.9992878
294,2,32022492,0.97950397,0.01416416,0.0,0.00117929,0.00574826,0.17328502,0.0,0.80562327,65503,7,0.00298429,0.9992878
294,3,32022493,0.97944432,0.01416829,0.0,0.00117925,0.00577548,0.17532596,0.0,0.80355102,48991,7,0.00272549,0.9992878
294,4,32022494,0.97944768,0.01398026,0.0,0.00117716,0.00582666,0.17056299,0.0,0.80845294,32607,7,0.00277202,0.9992878
294,5,32022495,0.9795069,0.01405554,0.0,0.00117802,0.0057659,0.17152985,0.0,0.80747069,32607,7,0.0029701,0.9992878
294,6,32022496,0.97950151,0.01416087,0.0,0.00117617,0.00592794,0.16846536,0.0,0.81026966,44895,7,0.00298939,0.9992878
294,7,32022497,0.97950366,0.01411522,0.0,0.00117645,0.00586605,0.1669089,0.0,0.81193339,65375,7,0.0029315,0.9992878
294,8,32022498,0.97947721,0.01412505,0.0,0.00117833,0.00583779,0.17867969,0.0,0.80017914,16255,7,0.00277922,0.9992879
294,9,32022499,0.97944425,0.01396012,0.0,0.00117878,0.00588178,0.1689628,0.0,0.81001652,65535,7,0.00287166,0.9992879
294,10,32022500,0.97948952,0.0140197,0.0,0.0011805,0.00579206,0.16834843,0.0,0.81065931,48991,7,0.00284136,0.9992878
295,1,32022521,0.9892992,0.05556807,0.01202218,0.0,0.00651118,0.7584943,0.0,0.16740428,53036,6,0.01568736,3.5119789
295,2,32022522,0.98917304,0.06091299,0.01303822,0.0,0.00645114,0.78308549,0.0,0.13651216,52764,6,0.02825275,3.5119789
295,3,32022523,0.94840764,0.29587413,0.12814094,0.0,0.00457965,0.48367292,0.0,0.08773236,47867,4,0.06367572,3.511577
295,4,32022524,0.95757473,0.2351485,0.09976225,0.0,0.00451088,0.54642543,0.0,0.11415294,47867,4,0.04781047,3.511577
295,5,32022525,0.98942239,0.05191472,0.01128974,0.0,0.0064854,0.75051217,0.0,0.17979797,53036,6,0.01297439,3.5119789
295,6,32022526,0.8919195,0.62216332,0.28875048,0.0,0.00180497,0.08726658,0.0,1.466e-05,47867,4,0.15542806,3.511577
295,7,32022527,0.90513672,0.54384075,0.25217986,0.0,0.002117,0.1873194,0.0,0.01454299,47867,4,0.13545228,3.511577
295,8,32022528,0.92630924,0.41667713,0.19105313,0.0,0.00270415,0.35216241,0.0,0.03740318,47867,4,0.09575375,3.511577
295,9,32022529,0.98938522,0.05213925,0.01123344,0.0,0.00634097,0.74306144,0.0,0.18722491,57132,6,0.01502144,3.5120122
295,10,32022530,0.98964364,0.046623,0.01079808,0.0,0.00680388,0.75056907,0.0,0.18520596,44844,6,0.02143502,3.5119789
296,1,32022551,0.95764086,0.0449114,0.28014603,0.00794414,0.00908858,0.63699874,0.0099672,0.01094391,22927,6,0.05238934,0.9985757
296,2,32022552,0.95895652,0.04519811,0.27207801,0.00740943,0.00932849,0.64648041,0.00926845,0.01023709,22927,6,0.04708013,0.9985757
296,3,32022553,0.95649309,0.04490517,0.275771,0.01193138,0.00922459,0.63753584,0.00889363,0.01173838,22927,6,0.05357225,0.9985757
296,4,32022554,0.95605187,0.04560533,0.28097002,0.00908029,0.00919849,0.63355562,0.01063571,0.01095454,22927,6,0.05209744,0.9985757
296,5,32022555,0.95267806,0.0472617,0.28177275,0.01229474,0.00965569,0.62509793,0.01110949,0.0128077,18831,6,0.05347683,0.9985258
296,6,32022556,0.95990739,0.04408648,0.27814546,0.00551707,0.00932715,0.64247123,0.00906757,0.01138504,22927,6,0.05347141,0.9985757
296,7,32022557,0.96081432,0.04401017,0.28286495,0.00594018,0.00929966,0.63817374,0.00859523,0.01111607,22927,6,0.06078935,0.9985757
296,8,32022558,0.95413525,0.04626906,0.28199216,0.00965055,0.00916881,0.62965877,0.011684,0.01157666,22927,6,0.05944765,0.9985757
296,9,32022559,0.95768947,0.04516192,0.27901225,0.01007276,0.00916991,0.63574579,0.00892237,0.01191499,22927,6,0.05714859,0.9985757
296,10,32022560,0.96125468,0.04331822,0.27967314,0.00454635,0.00911664,0.64347637,0.00885366,0.01101561,22927,6,0.05614054,0.9985757
297,1,32022581,0.99011956,0.0175015,0.03275852,0.0,0.0099266,0.09120158,0.0,0.8486118,62975,7,0.00500414,0.9996999
297,2,32022582,0.99013336,0.01746561,0.03233415,0.0,0.00996999,0.08690878,0.0,0.85332147,65535,7,0.00515127,0.9996999
297,3,32022583,0.99012043,0.01745572,0.03212348,0.0,0.00993656,0.08871137,0.0,0.85177286,61439,7,0.00482596,0.9996999
297,4,32022584,0.99012158,0.01752275,0.0338953,0.0,0.00985186,0.09172244,0.0,0.84700765,63487,7,0.00475985,0.9996999
297,5,32022585,0.9901296,0.01746988,0.03258405,0.0,0.00992475,0.08752345,0.0,0.85249786,56831,7,0.00499262,0.9996999
297,6,32022586,0.99012038,0.01754961,0.03259631,0.0,0.00995235,0.08834405,0.0,0.85155767,52735,7,0.00473858,0.9996999
297,7,32022587,0.99013207,0.01742742,0.0331307,0.0,0.00991928,0.08877334,0.0,0.85074927,57343,7,0.00494716,0.9996999
297,8,32022588,0.99011856,0.01757604,0.03319027,0.0,0.01004596,0.08954794,0.0,0.84963978,63487,7,0.00475776,0.9996999
297,9,32022589,0.99012737,0.01745396,0.0325326,0.0,0.00998054,0.09098663,0.0,0.84904627,60927,7,0.00442964,0.9996999
297,10,32022590,0.99013449,0.01733726,0.03252331,0.0,0.00999288,0.08815543,0.0,0.85199111,53247,7,0.00454082,0.9996999
298,1,32022611,0.98849272,0.05233085,0.0116933,0.0,0.00514267,0.80533016,0.0,0.12550302,51978,6,0.01787155,3.3660411
298,2,32022612,0.99026816,0.04485112,0.00941284,0.0,0.00588881,0.77856848,0.0,0.16127875,51978,6,0.04441052,3.3660411
298,3,32022613,0.98919265,0.0545403,0.01135151,0.0,0.00534024,0.79808552,0.0,0.13068242,51978,6,0.01852505,3.3660411
298,4,32022614,0.99028093,0.04464625,0.0098167,0.0,0.00594541,0.77359911,0.0,0.16599252,51978,6,0.04269695,3.3660411
298,5,32022615,0.99007972,0.04372077,0.00974762,0.0,0.00570183,0.78575878,0.0,0.155071,51978,6,0.04549964,3.3660411
298,6,32022616,0.98982337,0.05115819,0.01100757,0.0,0.0056539,0.78508484,0.0,0.1470955,51978,6,0.03002382,3.3660411
298,7,32022617,0.98816038,0.0450443,0.00028781,0.0,0.00383673,0.95081663,0.0,1.453e-05,52314,6,0.03623569,3.3660412
298,8,32022618,0.99002521,0.04922406,0.01043379,0.0,0.00567125,0.78817274,0.0,0.14649816,51978,6,0.03731887,3.3660411
298,9,32022619,0.98899487,0.04663315,0.01005162,0.0,0.00576861,0.78658118,0.0,0.15096544,51978,6,0.0420754,3.3660411
298,10,32022620,0.98947023,0.05805634,0.01258802,0.0,0.00567441,0.79859022,0.0,0.12509102,51084,6,0.02631272,3.3660412
299,1,32022641,0.97731765,0.01803675,0.0,0.00135589,0.00049487,0.98002069,7.648e-05,1.533e-05,26319,6,0.00308414,0.9990023
299,2,32022642,0.97728088,0.01799254,0.0,0.00135684,0.00048524,0.98007432,7.798e-05,1.308e-05,38879,6,0.00306017,0.9992525
299,3,32022643,0.97858032,0.02083868,0.0,0.00131454,0.00037879,0.9773857,7.691e-05,5.37e-06,24543,6,0.00469729,0.9992525
299,4,32022644,0.97776123,0.01915983,0.0,0.00133368,0.00040087,0.97901443,8.004e-05,1.115e-05,36559,6,0.0039462,0.9988529
299,5,32022645,0.97673133,0.01688938,0.0,0.00137351,0.00051423,0.98113079,8.017e-05,1.193e-05,30927,6,0.00305828,0.9990526
299,6,32022646,0.97608626,0.01561178,0.0,0.00138964,0.00051387,0.98238881,8.463e-05,1.127e-05,40527,6,0.00256005,0.9988526
299,7,32022647,0.97730755,0.01800381,0.0,0.00135424,0.00045844,0.98008792,7.834e-05,1.724e-05,53215,6,0.00320465,0.9992525
299,8,32022648,0.97754753,0.01852858,0.0,0.00134297,0.00045203,0.97958878,7.795e-05,9.69e-06,35807,6,0.00332706,0.9992526
299,9,32022649,0.9777162,0.01904554,0.0,0.00133844,0.00040739,0.97911658,7.88e-05,1.326e-05,40799,6,0.00293148,0.9992525
299,10,32022650,0.976072,0.01538838,0.0,0.00139277,0.00057186,0.98254064,7.874e-05,2.761e-05,30415,6,0.00468358,0.9990524
300,1,32022671,0.98513224,0.05675616,0.16260484,0.0,0.01280117,0.52046035,0.00198076,0.24539672,44844,6,0.01200228,2.4025593
300,2,32022672,0.98501655,0.05622698,0.15824106,0.0,0.01311291,0.50429944,0.00209065,0.26602897,44844,6,0.01283133,2.4025593
300,3,32022673,0.98509896,0.05680545,0.15496713,0.0,0.01308559,0.51352811,0.00193028,0.25968344,44844,6,0.01217336,2.4025593
300,4,32022674,0.98488704,0.05754062,0.16034486,0.0,0.01338358,0.51122346,0.0018402,0.25566728,53164,6,0.01210512,2.4022292
300,5,32022675,0.98526056,0.05633495,0.16137921,0.0,0.01280267,0.51331491,0.00200286,0.25416541,44844,6,0.01363923,2.4025593
300,6,32022676,0.98497777,0.05668343,0.15749408,0.0,0.01382984,0.51567529,0.00199966,0.2543177,44844,6,0.01569382,2.4025593
300,7,32022677,0.98460514,0.05737121,0.16322111,0.0,0.0137677,0.50834768,0.00217272,0.25511958,44844,6,0.01153095,2.4025593
300,8,32022678,0.98501357,0.0565939,0.15740408,0.0,0.01319898,0.51460571,0.00208306,0.25611428,48940,6,0.01141936,2.4025926
300,9,32022679,0.98564236,0.0548256,0.1614034,0.0,0.0134807,0.49702674,0.00168034,0.27158321,44844,6,0.0140742,2.4025593
300,10,32022680,0.9853038,0.0560367,0.15484992,0.0,0.01285203,0.50950946,0.00185314,0.26489875,44844,6,0.01250131,2.4025593
301,1,32022701,0.98943401,0.05997219,0.20737752,0.0,0.0100086,0.0,0.00013552,0.72250618,23175,7,0.22856421,0.9995929
301,2,32022702,0.98937573,0.05981966,0.20821855,0.0,0.01016305,0.0,0.00012782,0.72167093,23175,7,0.23505961,0.9995929
301,3,32022703,0.98947536,0.05977671,0.20863177,0.0,0.0099753,0.0,0.00012347,0.72149275,23175,7,0.23395984,0.9995929
301,4,32022704,0.98945453,0.05933932,0.20861054,0.0,0.01009735,0.0,0.00012945,0.72182334,23175,7,0.22954645,0.9995929
301,5,32022705,0.98926895,0.05996432,0.20959932,0.0,0.01043623,0.0,0.00020294,0.71979719,23175,7,0.23212971,0.9995929
301,6,32022706,0.98945421,0.05948375,0.2091489,0.0,0.00996285,0.0,0.00012364,0.72128086,23175,7,0.23831913,0.9995929
301,7,32022707,0.98943964,0.05937215,0.20954661,0.0,0.01021916,0.0,0.00012567,0.72073641,23175,7,0.22380425,0.9995929
301,8,32022708,0.98939687,0.05974008,0.21038963,0.0,0.01000467,0.0,0.00013503,0.7197306,23175,7,0.23525346,0.9995929
301,9,32022709,0.98945267,0.05963777,0.20704443,0.0,0.01010476,0.0,0.00012931,0.72308372,23175,7,0.22859592,0.9995929
301,10,32022710,0.98874866,0.06160385,0.20917931,0.0,0.01591573,0.0,0.0001526,0.7131485,23175,7,0.232912,0.9995929
302,1,32022731,0.98175091,0.01371664,0.0,0.00070863,0.00667156,0.12269748,0.0,0.85620568,49151,7,0.00423498,0.9993845
302,2,32022732,0.98176776,0.0137361,0.0,0.00070936,0.00669893,0.11494645,0.0,0.86390917,65535,7,0.00431562,0.9993845
302,3,32022733,0.98174629,0.01371301,0.0,0.00071056,0.00660356,0.11761213,0.0,0.86136074,24575,7,0.00438018,0.9993845
302,4,32022734,0.98175442,0.01373417,0.0,0.0007102,0.00663283,0.11796513,0.0,0.86095768,61439,7,0.00447275,0.9993845
302,5,32022735,0.98174483,0.01368305,0.0,0.00070774,0.00667599,0.11879082,0.0,0.8601424,57343,7,0.00474649,0.9993845
302,6,32022736,0.98175826,0.01370575,0.0,0.00070925,0.00667233,0.11806044,0.0,0.86085223,65023,7,0.0041172,0.9993845
302,7,32022737,0.98176185,0.01384201,0.0,0.00070638,0.00651742,0.11646543,0.0,0.86246876,56831,7,0.00437626,0.9993845
302,8,32022738,0.98175921,0.01376931,0.0,0.00071274,0.00654535,0.12030382,0.0,0.85866878,60927,7,0.00489391,0.9993845
302,9,32022739,0.98175655,0.01372585,0.0,0.00071074,0.00659643,0.11826029,0.0,0.86070669,63487,7,0.00452082,0.9993845
302,10,32022740,0.9817201,0.01387747,0.0,0.00071088,0.00649444,0.12968421,0.0,0.849233,32767,7,0.00422954,0.9993845
303,1,32022761,0.98917997,0.05961731,0.01381637,0.0,0.0045613,0.80867132,0.0,0.11333371,51980,6,0.02384825,3.8668174
303,2,32022762,0.98925635,0.05534027,0.01418965,0.0,0.00468917,0.79883464,0.0,0.12694628,51980,6,0.01840206,3.8668174
303,3,32022763,0.97469271,0.18583419,0.13339171,0.0,0.00365679,0.58663116,0.0,0.09048614,8354,4,0.03948217,3.8659451
303,4,32022764,0.98918418,0.05966522,0.01417808,0.0,0.00451446,0.80470223,0.0,0.11694001,56076,6,0.02176332,3.8668507
303,5,32022765,0.98918844,0.05843892,0.01258566,0.0,0.00436309,0.80557474,0.0,0.11903759,51980,6,0.0227284,3.8668174
303,6,32022766,0.98916831,0.05964258,0.01456716,0.0,0.0044335,0.80985585,0.0,0.11150092,51980,6,0.02233779,3.8668174
303,7,32022767,0.98847558,0.06221135,0.02070348,0.0,0.00443757,0.79905277,0.0,0.11359484,51980,6,0.01436633,3.8668174
303,8,32022768,0.98769259,0.06495491,0.02840112,0.0,0.00398999,0.79894617,0.0,0.10370781,51980,6,0.01407521,3.8668174
303,9,32022769,0.98924795,0.05470943,0.01380188,0.0,0.00436862,0.80933752,0.0,0.11778256,51980,6,0.01514141,3.8668174
303,10,32022770,0.98919362,0.04581489,0.01628782,0.0,0.00374272,0.84219209,0.0,0.09196248,53002,6,0.01110063,3.8668175
304,1,32022791,0.97429545,0.01304372,0.02293901,0.00040641,0.00030602,0.96298426,0.00031956,1.03e-06,32777,6,0.02204132,0.9990226
304,2,32022792,0.97430128,0.01304665,0.02390938,0.00040729,0.00030628,0.96200981,0.0003191,1.5e-06,32779,6,0.0218354,0.9990226
304,3,32022793,0.97429622,0.01305707,0.0228222,0.000421,0.00029931,0.96307683,0.00032223,1.36e-06,36939,6,0.02124227,0.9990225
304,4,32022794,0.97431263,0.01308142,0.02358937,0.00041955,0.000302,0.9622899,0.00031672,1.04e-06,32779,6,0.02127027,0.9990226
304,5,32022795,0.97426984,0.01313348,0.02272154,0.00040259,0.00030721,0.96311073,0.00032353,9.3e-07,32841,6,0.02265158,0.9990225
304,6,32022796,0.9743015,0.01312847,0.02298267,0.00040709,0.0003094,0.9628509,0.00031984,1.63e-06,32777,6,0.02181777,0.9990226
304,7,32022797,0.97427442,0.0130822,0.02275004,0.00042022,0.00030057,0.96312349,0.00032243,1.04e-06,32777,6,0.02307396,0.9990226
304,8,32022798,0.97430961,0.01305515,0.0235133,0.00042517,0.00030142,0.96238536,0.00031853,1.08e-06,36875,6,0.02147242,0.9990226
304,9,32022799,0.97427047,0.01315721,0.02317455,0.00040415,0.00030484,0.9626387,0.00031885,1.69e-06,32779,6,0.02196168,0.9990226
304,10,32022800,0.97431523,0.0130082,0.02333541,0.00042267,0.00030269,0.96261184,0.00031811,1.09e-06,36873,6,0.0227502,0.9990226
305,1,32022821,0.99666756,0.02156737,0.07657707,0.0,0.01373992,0.01189684,0.0,0.87621881,65535,7,0.00441534,0.9999281
305,2,32022822,0.99664982,0.02166952,0.07771391,0.0,0.01380839,0.0119693,0.0,0.87483889,57343,7,0.00446757,0.9999281
305,3,32022823,0.9966513,0.02173302,0.07829299,0.0,0.01375094,0.01067341,0.0,0.87554964,49151,7,0.00419293,0.9999281
305,4,32022824,0.99665364,0.02193863,0.07809359,0.0,0.01372435,0.01176515,0.0,0.87447828,61439,7,0.00442759,0.9999281
305,5,32022825,0.99665733,0.02160281,0.07695849,0.0,0.01373821,0.01203555,0.0,0.87566493,63487,7,0.00466758,0.9999281
305,6,32022826,0.99665527,0.02165551,0.0784191,0.0,0.01368846,0.01291661,0.0,0.87332032,49151,7,0.00431133,0.9999281
305,7,32022827,0.99666174,0.0218054,0.07769151,0.0,0.01362787,0.01017528,0.0,0.87669993,57343,7,0.00526194,0.9999281
305,8,32022828,0.99665944,0.02170486,0.07828387,0.0,0.0136951,0.01101579,0.0,0.87530038,49151,7,0.00516388,0.9999281
305,9,32022829,0.99666022,0.02181097,0.0765736,0.0,0.01368939,0.01109097,0.0,0.87683508,65535,7,0.00478962,0.9999281
305,10,32022830,0.99665698,0.02167834,0.07860137,0.0,0.01371649,0.01211844,0.0,0.87388536,30719,7,0.00446878,0.9999281
306,1,32022851,0.99027858,0.04415216,0.04701376,0.0,0.00686776,0.70834921,7.496e-05,0.19354215,51978,6,0.0402835,2.6973633
306,2,32022852,0.99009747,0.04450157,0.04919754,0.0,0.00705725,0.70440375,7.324e-05,0.19476666,51978,6,0.03760255,2.6973633
306,3,32022853,0.9905523,0.04365167,0.04514707,0.0,0.00666396,0.71415063,4.273e-05,0.19034394,51978,6,0.04195721,2.6973633
306,4,32022854,0.99029928,0.04425574,0.04715488,0.0,0.00690081,0.70848872,4.495e-05,0.19315489,51978,6,0.04113292,2.6973633
306,5,32022855,0.98986929,0.04577697,0.05272289,0.0,0.00681294,0.70965321,8.442e-05,0.18494958,51978,6,0.03768753,2.6973633
306,6,32022856,0.98962312,0.04623414,0.05274369,0.0,0.00706932,0.70169085,0.00010147,0.19216053,51978,6,0.03829908,2.6973633
306,7,32022857,0.99004303,0.04502764,0.05004204,0.0,0.00709958,0.70195317,7.295e-05,0.19580461,51978,6,0.03792932,2.6973633
306,8,32022858,0.98980471,0.04502271,0.04943971,0.0,0.00742929,0.70063886,9.466e-05,0.19737478,51978,6,0.03973482,2.6973633
306,9,32022859,0.98973269,0.04548823,0.04859848,0.0,0.00699946,0.71118683,6.984e-05,0.18765717,51978,6,0.0412117,2.6973633
306,10,32022860,0.99022781,0.04403126,0.04553406,0.0,0.00688266,0.71048144,6.7e-05,0.19300356,51978,6,0.04114947,2.6973633
307,1,32022881,0.97806598,0.01962585,0.0,0.00130317,0.00033492,0.9786563,7.639e-05,3.37e-06,16351,6,0.00380014,0.9992205
307,2,32022882,0.97810107,0.01956017,0.0,0.00130496,0.00033557,0.9787194,7.615e-05,3.75e-06,61407,6,0.00383455,0.9992205
307,3,32022883,0.97804067,0.01964979,0.0,0.00130285,0.00033354,0.97863277,7.631e-05,4.75e-06,57183,6,0.00389709,0.9992205
307,4,32022884,0.97804934,0.01961482,0.0,0.00130206,0.00033121,0.97867191,7.633e-05,3.66e-06,49119,6,0.00385232,0.9992205
307,5,32022885,0.97806586,0.01945941,0.0,0.00130209,0.00033628,0.97882254,7.619e-05,3.49e-06,63455,6,0.00372511,0.9992205
307,6,32022886,0.97805574,0.01963709,0.0,0.00130291,0.00033191,0.97864826,7.613e-05,3.71e-06,65503,6,0.00369606,0.9992205
307,7,32022887,0.97808574,0.01957349,0.0,0.0013026,0.00033759,0.97870571,7.627e-05,4.34e-06,32735,6,0.00380849,0.9992205
307,8,32022888,0.97806015,0.01973595,0.0,0.00130345,0.00033203,0.97854783,7.65e-05,4.24e-06,24543,6,0.00393213,0.9992205
307,9,32022889,0.9780668,0.01957267,0.0,0.00130192,0.00033467,0.97871125,7.612e-05,3.37e-06,40927,6,0.00420687,0.9992205
307,10,32022890,0.97806834,0.01954009,0.0,0.00130123,0.00033825,0.97874011,7.645e-05,3.88e-06,57183,6,0.00364028,0.9992205
308,1,32022911,0.98824958,0.05298078,0.00036965,0.0,0.00643312,0.94020197,0.0,1.448e-05,52316,6,0.04401842,3.3128398
308,2,32022912,0.98967589,0.05037618,0.01007626,0.0,0.00709064,0.74002289,0.0,0.19243403,44844,6,0.01168153,3.3128398
308,3,32022913,0.98968747,0.05149412,0.01017039,0.0,0.0073882,0.74334083,0.0,0.18760646,44844,6,0.01338872,3.3128398
308,4,32022914,0.98918215,0.05921717,0.01179419,0.0,0.00676795,0.76826037,0.0,0.15396031,52764,6,0.02388247,3.3128398
308,5,32022915,0.9893316,0.05188225,0.00979176,0.0,0.00692422,0.73123917,0.0,0.2001626,53036,6,0.01775911,3.3128398
308,6,32022916,0.98932648,0.05219494,0.00983658,0.0,0.00700103,0.74333865,0.0,0.18762881,53036,6,0.01122712,3.3128398
308,7,32022917,0.989896,0.04745475,0.00932105,0.0,0.00735768,0.73519169,0.0,0.20067483,44844,6,0.01708583,3.3128398
308,8,32022918,0.98945844,0.05336089,0.01019405,0.0,0.00677753,0.74523117,0.0,0.18443636,53036,6,0.0181091,3.3128398
308,9,32022919,0.98825287,0.04869333,0.00032465,0.0,0.00570716,0.94525971,0.0,1.516e-05,52316,6,0.02354195,3.3128398
308,10,32022920,0.98926695,0.05820348,0.01121469,0.0,0.00673135,0.76453674,0.0,0.15931374,52764,6,0.02054472,3.3128398
309,1,32022941,0.95773961,0.06250044,0.20814842,0.0,0.02013773,0.6876804,0.00616058,0.01537243,22927,6,0.10715387,0.9989559
309,2,32022942,0.9570771,0.06351824,0.21265331,0.0,0.0200906,0.68220863,0.00626154,0.01526769,22927,6,0.10956904,0.9989559
309,3,32022943,0.95382803,0.06396412,0.20989089,0.0,0.0208209,0.68093182,0.0081161,0.01627616,22927,6,0.10766556,0.9989559
309,4,32022944,0.95701852,0.06255375,0.21341873,0.0,0.02001041,0.68046462,0.0062981,0.01725439,22927,6,0.10837968,0.9989559
309,5,32022945,0.96036996,0.06116256,0.21041781,0.0,0.01830711,0.68749739,0.00559879,0.01701634,22927,6,0.10295894,0.9989559
309,6,32022946,0.95718893,0.06285588,0.2076258,0.0,0.02025635,0.68401988,0.00623393,0.01900816,22927,6,0.10705765,0.9989559
309,7,32022947,0.95527854,0.06334634,0.2125695,0.0,0.02125122,0.67970655,0.00659745,0.01652893,22927,6,0.10900667,0.9989559
309,8,32022948,0.95417555,0.06585824,0.21181029,0.0,0.0208421,0.67836461,0.00685466,0.0162701,22927,6,0.10720267,0.9989559
309,9,32022949,0.96443553,0.05869604,0.20638429,0.0,0.01649318,0.69735064,0.00497436,0.01610149,22927,6,0.1157804,0.9989559
309,10,32022950,0.95604377,0.06322327,0.20743819,0.0,0.02027401,0.68313714,0.00695281,0.01897458,22927,6,0.10810057,0.9989559
310,1,32022971,0.98615957,0.01537108,0.00423037,0.0,0.00877292,0.10169911,0.0,0.86992652,65535,7,0.00684497,0.9995524
310,2,32022972,0.9861509,0.01542332,0.00432307,0.0,0.00867868,0.10713601,0.0,0.86443892,63487,7,0.00762904,0.9995524
310,3,32022973,0.98615618,0.01536426,0.00434289,0.0,0.00886425,0.10662374,0.0,0.86480486,63487,7,0.00718258,0.9995524
310,4,32022974,0.98616446,0.01537792,0.00424879,0.0,0.00869925,0.10362491,0.0,0.86804913,65535,7,0.0078588,0.9995524
310,5,32022975,0.9861539,0.01536343,0.00421146,0.0,0.00875305,0.10308515,0.0,0.8685869,65535,7,0.00699771,0.9995524
310,6,32022976,0.98615854,0.01535131,0.0043153,0.0,0.00883069,0.10238762,0.0,0.86911509,65535,7,0.00715252,0.9995524
310,7,32022977,0.98615664,0.0154305,0.00413604,0.0,0.00875401,0.10354406,0.0,0.86813539,49151,7,0.00732774,0.9995524
310,8,32022978,0.98614867,0.01541046,0.0043635,0.0,0.00875747,0.10726137,0.0,0.8642072,65535,7,0.00695592,0.9995524
310,9,32022979,0.98615407,0.0153814,0.00396843,0.0,0.00876582,0.09849196,0.0,0.87339239,63487,7,0.00762097,0.9995524
310,10,32022980,0.98615606,0.01537999,0.0041264,0.0,0.00878258,0.10186042,0.0,0.86985062,32767,7,0.00711624,0.9995524
311,1,32023001,0.98918224,0.0586243,0.01288175,0.0,0.00512862,0.78707466,0.0,0.13629067,51980,6,0.02473946,3.8204492
311,2,32023002,0.9881214,0.0511991,0.00019025,0.0,0.00337842,0.94521893,0.0,1.33e-05,52316,6,0.03834227,3.8204493
311,3,32023003,0.98916755,0.05963605,0.01283994,0.0,0.00503395,0.79823462,0.0,0.12425543,51980,6,0.0235298,3.8204492
311,4,32023004,0.98857737,0.06066962,0.01293353,0.0,0.00489094,0.80091867,0.0,0.12058724,51980,6,0.02323949,3.8204492
311,5,32023005,0.98776191,0.05267854,0.01173988,0.0,0.00535102,0.78522535,0.0,0.14500521,51978,6,0.02402313,3.8204492
311,6,32023006,0.98546987,0.05640739,0.01025688,0.0,0.00473816,0.80495564,0.0,0.12364193,51978,6,0.0257391,3.8204492
311,7,32023007,0.98996221,0.04537242,0.01152888,0.0,0.00527503,0.7952805,0.0,0.14254316,51978,6,0.02828191,3.8204492
311,8,32023008,0.98921647,0.06132312,0.0143179,0.0,0.00511594,0.81604249,0.0,0.10320055,51084,6,0.03104202,3.8204493
311,9,32023009,0.98950233,0.05417356,0.01283704,0.0,0.0051446,0.80246357,0.0,0.12538123,51980,6,0.01433223,3.8204492
311,10,32023010,0.98924951,0.05687229,0.01227958,0.0,0.00499047,0.79420527,0.0,0.13165239,51980,6,0.02200721,3.8204492
312,1,32023031,0.97318012,0.01121969,0.0,0.00138297,0.00033982,0.98691046,0.00014488,2.17e-06,37067,6,0.01149729,0.9988667
312,2,32023032,0.9728423,0.01048202,0.0,0.00139699,0.00031299,0.98765066,0.00015504,2.3e-06,32975,6,0.01076253,0.9988666
312,3,32023033,0.97278023,0.01034799,0.0,0.00139989,0.00032017,0.98777508,0.0001543,2.58e-06,35023,6,0.01179014,0.9988671
312,4,32023034,0.97280423,0.01052876,0.0,0.00139729,0.00031132,0.98760623,0.00015361,2.79e-06,32975,6,0.01100557,0.9988666
312,5,32023035,0.64072248,0.01345576,0.0,0.98514962,0.00026967,0.00090142,0.00022293,6.1e-07,36936,2,0.05122556,0.6658002
312,6,32023036,0.97292083,0.010826,0.0,0.00139516,0.00031121,0.98731221,0.00015249,2.93e-06,32907,6,0.01056995,0.9988667
312,7,32023037,0.97308052,0.01094872,0.0,0.00139052,0.00038755,0.98712526,0.00014495,2.99e-06,32975,6,0.01016743,0.9988666
312,8,32023038,0.9733907,0.01166715,0.0,0.00138178,0.00036909,0.98643431,0.00014283,4.85e-06,37071,6,0.00990682,0.9988667
312,9,32023039,0.97283072,0.01055754,0.0,0.00139692,0.00031622,0.9875741,0.00015159,3.62e-06,32975,6,0.01119108,0.9988666
312,10,32023040,0.97323373,0.0115832,0.0,0.00138877,0.00034545,0.98653002,0.0001495,3.07e-06,37007,6,0.00945196,0.9988667
313,1,32023061,0.98472382,0.05156108,0.44287612,0.0,0.01898764,0.0,0.00204446,0.4845307,57261,7,0.03095995,1.8387523
313,2,32023062,0.98576861,0.04840805,0.42258612,0.0,0.01987024,0.0,0.00166543,0.50747017,48941,7,0.03599036,1.8389199
313,3,32023063,0.98663491,0.04512566,0.42872908,0.0,0.01879023,0.0,0.00163195,0.50572308,44845,7,0.04384216,1.8389199
313,4,32023064,0.9857105,0.04796198,0.42546911,0.0,0.01939811,0.0,0.00182506,0.50534574,44845,7,0.03617244,1.8389199
313,5,32023065,0.98572587,0.0476916,0.42351955,0.0,0.01915648,0.0,0.00186715,0.50776521,44845,7,0.03629185,1.8389199
313,6,32023066,0.98597419,0.04759533,0.42140414,0.0,0.01901667,0.0,0.00170859,0.51027528,44845,7,0.03472555,1.8389199
313,7,32023067,0.98589236,0.04748542,0.42626051,0.0,0.01933103,0.0,0.00170664,0.50521639,44845,7,0.03971774,1.8389199
313,8,32023068,0.98527911,0.0501834,0.4334808,0.0,0.01937297,0.0,0.00188837,0.49507445,44845,7,0.03023125,1.8389199
313,9,32023069,0.98570706,0.0482316,0.4343778,0.0,0.01942599,0.0,0.00174398,0.49622063,48941,7,0.03535999,1.8389199
313,10,32023070,0.98586218,0.04798662,0.43098561,0.0,0.01911667,0.0,0.00166635,0.50024475,48941,7,0.03573603,1.8389199
314,1,32023091,0.97887319,0.05613102,0.46348351,0.0,0.0211947,0.0,0.00123316,0.45795761,19210,7,0.02260636,1.707913
314,2,32023092,0.97902034,0.05711148,0.46909059,0.0,0.02033749,0.0,0.00114088,0.45231956,19210,7,0.01840379,1.707913
314,3,32023093,0.97932897,0.05533893,0.46285255,0.0,0.02020447,0.0,0.00117934,0.46042471,19210,7,0.01797529,1.707913
314,4,32023094,0.97914522,0.05566629,0.46102131,0.0,0.02049567,0.0,0.0010326,0.46178413,19210,7,0.02160233,1.707913
314,5,32023095,0.97963836,0.05435929,0.46852619,0.0,0.01960713,0.0,0.00103597,0.45647142,19210,7,0.02022952,1.707913
314,6,32023096,0.97982393,0.05439604,0.46426216,0.0,0.0202381,0.0,0.00102623,0.46007746,19210,7,0.0217288,1.707913
314,7,32023097,0.97956357,0.05512891,0.4657451,0.0,0.02026067,0.0,0.00116808,0.45769724,19202,7,0.02046093,1.707913
314,8,32023098,0.97936593,0.05649071,0.46285483,0.0,0.0200175,0.0,0.00109364,0.45954333,19210,7,0.01800096,1.707913
314,9,32023099,0.97889972,0.05527337,0.46415583,0.0,0.02068243,0.0,0.00125856,0.45862982,19210,7,0.02015619,1.707913
314,10,32023100,0.97885667,0.05625908,0.46470779,0.0,0.02117917,0.0,0.00112096,0.456733,19210,7,0.020372,1.707913
315,1,32023121,0.97902595,0.01355553,0.0,0.00118148,0.00598074,0.15618211,0.0,0.82310013,48639,7,0.00307408,0.9992721
315,2,32023122,0.97907243,0.01355846,0.0,0.00117754,0.00599202,0.15140803,0.0,0.82786396,57343,7,0.00309373,0.9992721
315,3,32023123,0.97904813,0.01359281,0.0,0.00117621,0.00606121,0.15744122,0.0,0.82172854,63487,7,0.00297443,0.9992721
315,4,32023124,0.97907684,0.0134964,0.0,0.00117806,0.00611159,0.1484346,0.0,0.83077934,65407,7,0.00305724,0.9992721
315,5,32023125,0.97902409,0.01352515,0.0,0.0011774,0.00614816,0.1489682,0.0,0.8301811,24575,7,0.00342265,0.9992721
315,6,32023126,0.97905371,0.01346525,0.0,0.00117918,0.00616713,0.14827414,0.0,0.83091429,40959,7,0.00311,0.9992721
315,7,32023127,0.97904212,0.01344214,0.0,0.0011799,0.00604351,0.15215078,0.0,0.82718367,65503,7,0.00307716,0.9992721
315,8,32023128,0.97906187,0.01359179,0.0,0.0011778,0.00602192,0.15390126,0.0,0.82530723,24447,7,0.00314899,0.9992721
315,9,32023129,0.97900993,0.0135207,0.0,0.00117652,0.00610699,0.15158612,0.0,0.82760967,52735,7,0.00317547,0.9992721
315,10,32023130,0.97907824,0.01360786,0.0,0.00117924,0.00597797,0.15716823,0.0,0.8220667,55295,7,0.00328824,0.9992721
316,1,32023151,0.98916918,0.05689233,0.01185001,0.0,0.00568906,0.76886117,0.0,0.15670743,53036,6,0.02074286,3.9292924
316,2,32023152,0.98333499,0.09954477,0.06741625,0.0,0.00546859,0.68262187,0.0,0.1449485,47867,4,0.03351003,3.9288072
316,3,32023153,0.98927942,0.0517081,0.01128908,0.0,0.00604089,0.75791866,0.0,0.17304327,53036,6,0.01541124,3.9292924
316,4,32023154,0.97075972,0.22053097,0.18206789,0.0,0.00424036,0.49167642,0.0,0.10148436,47867,4,0.09965607,3.9288072
316,5,32023155,0.98939094,0.04687518,0.01185952,0.0,0.00648025,0.75036991,0.0,0.18441513,44844,6,0.02071566,3.9292924
316,6,32023156,0.98931043,0.05046961,0.01140755,0.0,0.00622044,0.75056354,0.0,0.18133887,53004,6,0.01295898,3.9292925
316,7,32023157,0.98918019,0.05705968,0.01205171,0.0,0.00566497,0.77283604,0.0,0.1523876,52012,6,0.02211353,3.9292925
316,8,32023158,0.98767853,0.05835068,0.02949401,0.0,0.00547244,0.75766237,0.0,0.14902049,44844,6,0.01982943,3.9292924
316,9,32023159,0.98919297,0.0562917,0.01227575,0.0,0.0057248,0.76337727,0.0,0.16233047,53036,6,0.02400454,3.9292924
316,10,32023160,0.98939445,0.04690672,0.01197458,0.0,0.00656578,0.74908276,0.0,0.18547015,44844,6,0.0202822,3.9292924
317,1,32023181,0.9168096,0.05986584,0.28391871,0.04491591,0.00681557,0.57772573,0.01848756,0.00827069,22927,6,0.02898975,0.9982526
317,2,32023182,0.94155962,0.04616983,0.29008262,0.01885871,0.00676989,0.61448312,0.01413755,0.00949828,22927,6,0.02801518,0.9982526
317,3,32023183,0.92307778,0.05634767,0.28748776,0.04182339,0.00642199,0.58271312,0.01471597,0.0104901,22927,6,0.03319147,0.9982526
317,4,32023184,0.91944142,0.05740717,0.27890899,0.03962258,0.00695956,0.58845726,0.01943861,0.00920583,22927,6,0.03002703,0.9982526
317,5,32023185,0.92187747,0.06005284,0.27454502,0.04466246,0.00663019,0.59114203,0.01370644,0.00926102,22927,6,0.02634841,0.9982526
317,6,32023186,0.91398137,0.06267761,0.28332577,0.04917548,0.00660876,0.56968334,0.017971,0.01055803,22919,6,0.03019308,0.9981778
317,7,32023187,0.9213607,0.05833213,0.27784695,0.04062799,0.0069412,0.5913228,0.01593703,0.00899191,22927,6,0.02521443,0.9982526
317,8,32023188,0.93221616,0.05080142,0.28737083,0.02675352,0.00700897,0.60128592,0.01683355,0.00994579,22927,6,0.03249015,0.9982526
317,9,32023189,0.93017874,0.0505927,0.27962695,0.02829926,0.0067101,0.60805153,0.01733979,0.00937966,22927,6,0.02972489,0.9982526
317,10,32023190,0.92300885,0.05672846,0.28782894,0.03673338,0.00692168,0.58474552,0.01735405,0.00968798,22927,6,0.03640677,0.9982526
318,1,32023211,0.99225695,0.01841857,0.0316156,0.0,0.01016894,0.09249446,0.0,0.84730242,48639,7,0.00477005,0.9997753
318,2,32023212,0.99227541,0.01818525,0.02982353,0.0,0.01040003,0.08908955,0.0,0.85250164,65023,7,0.00498171,0.9997753
318,3,32023213,0.99225954,0.0184258,0.03149561,0.0,0.01018908,0.09629328,0.0,0.84359623,65023,7,0.00512987,0.9997753
318,4,32023214,0.99226551,0.018198,0.03100434,0.0,0.01022831,0.08993034,0.0,0.850639,65535,7,0.00553455,0.9997753
318,5,32023215,0.9922689,0.0181558,0.03053018,0.0,0.01035148,0.09001771,0.0,0.85094482,40447,7,0.00479641,0.9997753
318,6,32023216,0.99226269,0.01836494,0.03208463,0.0,0.0100941,0.09641943,0.0,0.84303689,65535,7,0.00462905,0.9997753
318,7,32023217,0.99226343,0.01825882,0.03161018,0.0,0.01022076,0.08998716,0.0,0.84992308,61431,7,0.00484155,0.999742
318,8,32023218,0.99226634,0.01829619,0.03168426,0.0,0.01026895,0.09538812,0.0,0.84436248,61439,7,0.00494447,0.9997753
318,9,32023219,0.99226931,0.01819622,0.03148523,0.0,0.0102219,0.08967201,0.0,0.85042465,49151,7,0.0047179,0.9997753
318,10,32023220,0.99226293,0.01839268,0.03056685,0.0,0.01014456,0.094214,0.0,0.84668191,49151,7,0.00445265,0.9997753
319,1,32023241,0.99023271,0.04489321,0.01195704,0.0,0.00562584,0.78801736,0.0,0.14950654,51978,6,0.0440374,3.3523747
319,2,32023242,0.98849183,0.05440032,0.01001933,0.0,0.00555908,0.84017119,0.0,0.08985008,52316,6,0.01898132,3.3523748
319,3,32023243,0.98805228,0.05503928,0.00284126,0.0,0.00453865,0.92657332,0.0,0.01100749,52316,6,0.04727167,3.3523748
319,4,32023244,0.9900654,0.04677902,0.01367559,0.0,0.00587566,0.77168253,0.0,0.1619872,51978,6,0.03562672,3.3523747
319,5,32023245,0.98941862,0.04807623,0.00876583,0.0,0.00538707,0.83160793,0.0,0.10616295,51978,6,0.02667567,3.3523747
319,6,32023246,0.99039902,0.0441647,0.01143531,0.0,0.00571262,0.7819867,0.0,0.15670066,51978,6,0.0420446,3.3523747
319,7,32023247,0.99014829,0.04496157,0.01142203,0.0,0.00581788,0.78199584,0.0,0.15580268,51978,6,0.04715945,3.3523747
319,8,32023248,0.98796432,0.05478802,0.00051535,0.0,0.00437903,0.94030379,0.0,1.38e-05,52316,6,0.05370081,3.3523748
319,9,32023249,0.98991895,0.04603209,0.00957034,0.0,0.00549872,0.81297628,0.0,0.12592258,51978,6,0.03423711,3.3523747
319,10,32023250,0.99043161,0.04379123,0.01115803,0.0,0.0058217,0.77815408,0.0,0.16107497,51978,6,0.04771501,3.3523747
320,1,32023271,0.97720838,0.01976126,0.0,0.00130758,0.0003365,0.97851448,7.656e-05,3.62e-06,24535,6,0.00394325,0.9991556
320,2,32023272,0.97721082,0.01989355,0.0,0.00130538,0.00034205,0.97837858,7.634e-05,4.1e-06,65375,6,0.00404973,0.9991806
320,3,32023273,0.97589888,0.01678393,0.0,0.0013428,0.00038443,0.98139508,7.629e-05,1.746e-05,63183,6,0.00453373,0.9989804
320,4,32023274,0.97719157,0.01986575,0.0,0.00130705,0.00033709,0.9784103,7.629e-05,3.52e-06,36831,6,0.00424641,0.9991805
320,5,32023275,0.9768336,0.01915798,0.0,0.00131846,0.00034805,0.97909117,7.656e-05,7.78e-06,52191,6,0.00341328,0.9991805
320,6,32023276,0.97723513,0.01982713,0.0,0.00130896,0.00034515,0.9784378,7.637e-05,4.59e-06,40927,6,0.00480519,0.9991806
320,7,32023277,0.97716064,0.01970862,0.0,0.00130846,0.00034263,0.97855983,7.638e-05,4.08e-06,24543,6,0.00413045,0.9991806
320,8,32023278,0.97725017,0.01986131,0.0,0.00130913,0.00034,0.97840817,7.644e-05,4.96e-06,61407,6,0.00434496,0.9991805
320,9,32023279,0.97727961,0.01980208,0.0,0.00130805,0.00033998,0.97846964,7.626e-05,3.98e-06,24407,6,0.00439801,0.9991555
320,10,32023280,0.97721739,0.01989731,0.0,0.00130753,0.00034251,0.97837265,7.647e-05,3.53e-06,57311,6,0.00438997,0.9991806
321,1,32023301,0.98951977,0.04834882,0.03296523,0.0,0.00805953,0.67864718,0.00018361,0.23179564,44844,6,0.0213745,2.9487276
321,2,32023302,0.9898292,0.0459529,0.03010342,0.0,0.00872077,0.67103231,0.00017872,0.24401188,44844,6,0.02718616,2.9487276
321,3,32023303,0.98963433,0.04803383,0.03117983,0.0,0.00804086,0.67984165,0.00017121,0.23273263,44844,6,0.0181779,2.9487276
321,4,32023304,0.99001941,0.04652732,0.02912781,0.0,0.00808136,0.68799778,0.00011085,0.22815487,44844,6,0.02525283,2.9487276
321,5,32023305,0.98948272,0.04938292,0.03233195,0.0,0.0079688,0.67696667,0.00011844,0.23323122,53036,6,0.0146061,2.9487276
321,6,32023306,0.98999101,0.04682793,0.03047286,0.0,0.00808653,0.68252543,8.841e-05,0.23199885,44844,6,0.02355644,2.9487276
321,7,32023307,0.98998365,0.04624516,0.02805691,0.0,0.00807131,0.68710066,0.00013692,0.23038904,44844,6,0.02192232,2.9487276
321,8,32023308,0.99018808,0.04510278,0.02810143,0.0,0.00834099,0.67702761,9.316e-05,0.24133404,44844,6,0.03049628,2.9487276
321,9,32023309,0.98994457,0.04691067,0.02806964,0.0,0.00798415,0.6967191,0.00012883,0.22018762,44844,6,0.02709797,2.9487276
321,10,32023310,0.98971663,0.04846538,0.03109539,0.0,0.00805436,0.67945974,0.0001202,0.23280493,44844,6,0.01770655,2.9487276
322,1,32023331,0.98556758,0.05159964,0.24769255,0.0,0.00736823,0.0,0.00016058,0.693179,23175,7,0.19462874,0.9993254
322,2,32023332,0.98531746,0.05183973,0.24944463,0.0,0.00759231,0.0,0.0001702,0.69095312,23175,7,0.19970427,0.9993254
322,3,32023333,0.98429605,0.05273058,0.24623015,0.0,0.00908311,0.0,0.00017606,0.69178009,23175,7,0.19615415,0.9993254
322,4,32023334,0.98531594,0.05182242,0.24798455,0.0,0.00765296,0.0,0.00016636,0.6923737,23175,7,0.19941116,0.9993254
322,5,32023335,0.98574697,0.051528,0.24824907,0.0,0.00710315,0.0,0.00015259,0.69296719,23175,7,0.20107887,0.9993254
322,6,32023336,0.98585185,0.0515927,0.24513833,0.0,0.00706487,0.0,0.00013443,0.69606967,23175,7,0.20021762,0.9993254
322,7,32023337,0.985763,0.05163379,0.24501499,0.0,0.00702208,0.0,0.00014666,0.69618247,23175,7,0.19915493,0.9993254
322,8,32023338,0.98581648,0.05150046,0.24747696,0.0,0.00702949,0.0,0.00015287,0.69384023,23175,7,0.20662036,0.9993254
322,9,32023339,0.98584413,0.05185438,0.24706446,0.0,0.00698865,0.0,0.00013922,0.69395328,23175,7,0.20248551,0.9993254
322,10,32023340,0.98562148,0.05145528,0.24635484,0.0,0.00733876,0.0,0.0001462,0.69470491,23175,7,0.1992081,0.9993254
323,1,32023361,0.98228404,0.01411262,0.0,0.00026813,0.00706859,0.11875949,0.0,0.85979118,32767,7,0.00433945,0.9994062
323,2,32023362,0.98228743,0.01421595,0.0,0.00026845,0.00703798,0.112332,0.0,0.86614562,61439,7,0.0043914,0.9994062
323,3,32023363,0.98229239,0.01414444,0.0,0.00026807,0.00699101,0.11448307,0.0,0.86411341,48639,7,0.00483229,0.9994061
323,4,32023364,0.98228986,0.01425107,0.0,0.00026831,0.00689602,0.11922474,0.0,0.85935987,47103,7,0.00441057,0.9994062
323,5,32023365,0.982285,0.01423015,0.0,0.00026826,0.00701619,0.11816025,0.0,0.86032515,65535,7,0.00446967,0.9994062
323,6,32023366,0.98228318,0.01417515,0.0,0.00026811,0.00699138,0.11801445,0.0,0.86055091,40959,7,0.0044756,0.9994062
323,7,32023367,0.982277,0.01426807,0.0,0.00026838,0.00691094,0.11996511,0.0,0.85858751,32639,7,0.00416078,0.9994062
323,8,32023368,0.98228826,0.01417656,0.0,0.00026833,0.00702776,0.11312776,0.0,0.86539959,16383,7,0.00492768,0.9994062
323,9,32023369,0.98229077,0.01414835,0.0,0.00026853,0.00701389,0.11831405,0.0,0.86025517,57215,7,0.00470143,0.9994062
323,10,32023370,0.98229699,0.01418098,0.0,0.00026801,0.00700306,0.11623074,0.0,0.86231721,30207,7,0.0041867,0.9994061
324,1,32023391,0.93763649,0.33176845,0.20603493,0.0,0.00243927,0.41026497,0.0,0.04949239,8354,4,0.11376328,4.1548343
324,2,32023392,0.98938548,0.05271618,0.01362597,0.0,0.00502354,0.80152297,0.0,0.12711135,51978,6,0.01564159,4.1557643
324,3,32023393,0.97495204,0.12389527,0.06683387,0.0,0.00251139,0.76927925,0.0,0.03748021,8354,4,0.03282694,4.1548343
324,4,32023394,0.97676511,0.1238103,0.06028488,0.0,0.00386759,0.71652385,0.0,0.09551339,8354,4,0.02408602,4.1548343
324,5,32023395,0.9895339,0.0471956,0.01323604,0.0,0.00511705,0.79568248,0.0,0.13876883,51978,6,0.02453409,4.1557643
324,6,32023396,0.94419988,0.28848012,0.18212599,0.0,0.00141956,0.51182079,0.0,0.01615353,8354,4,0.10252345,4.1548343
324,7,32023397,0.98921202,0.05840076,0.013208,0.0,0.00464183,0.80100064,0.0,0.12274878,51980,6,0.02611616,4.1557643
324,8,32023398,0.98922966,0.058342,0.01388207,0.0,0.00465188,0.80895548,0.0,0.11416857,51980,6,0.01933233,4.1557643
324,9,32023399,0.9892458,0.05648947,0.01285455,0.0,0.00458581,0.79361306,0.0,0.13245711,51980,6,0.02615889,4.1557643
324,10,32023400,0.98957397,0.04584398,0.01378341,0.0,0.00517229,0.79799069,0.0,0.13720964,51978,6,0.02678886,4.1557643
325,1,32023421,0.97285441,0.01091716,0.0,0.00128463,0.0002614,0.98731163,0.00022413,1.05e-06,32779,6,0.02077731,0.9989151
325,2,32023422,0.64099776,0.01301232,0.0,0.9856043,0.0001694,0.00090139,0.00031197,6.1e-07,36874,2,0.07781919,0.6658483
325,3,32023423,0.97283163,0.01087608,0.0,0.00128171,0.00025565,0.98736005,0.00022528,1.23e-06,32843,6,0.02260282,0.998915
325,4,32023424,0.97284089,0.01086398,0.0,0.00128595,0.00025488,0.98736786,0.00022622,1.11e-06,36941,6,0.02038701,0.998915
325,5,32023425,0.9728284,0.01092918,0.0,0.00128783,0.00025821,0.98729651,0.00022638,1.88e-06,36875,6,0.02194759,0.9989151
325,6,32023426,0.97280367,0.01092935,0.0,0.00128823,0.00025299,0.98730095,0.00022738,1.1e-06,32843,6,0.02158909,0.998915
325,7,32023427,0.97284315,0.01089445,0.0,0.00128629,0.00025029,0.98733938,0.00022834,1.26e-06,32779,6,0.02013241,0.9989151
325,8,32023428,0.9728267,0.01085264,0.0,0.00128214,0.00025901,0.98738041,0.00022466,1.14e-06,32971,6,0.02120047,0.9989147
325,9,32023429,0.97285804,0.01088398,0.0,0.00128082,0.00025837,0.98734992,0.00022538,1.53e-06,32783,6,0.02209892,0.9989151
325,10,32023430,0.97283247,0.01086105,0.0,0.00128867,0.00025916,0.98736316,0.0002266,1.36e-06,32841,6,0.02103284,0.998915
326,1,32023451,0.99383831,0.03773601,0.19372486,2.44e-06,0.03024464,0.0,0.00059824,0.73769381,48941,7,0.04920175,1.1448616
326,2,32023452,0.99409879,0.0359525,0.18842785,2.46e-06,0.0306101,0.0,0.00057618,0.74443091,49069,7,0.06064605,1.1448326
326,3,32023453,0.99419846,0.03552251,0.18699586,4.03e-06,0.03059956,0.0,0.00058844,0.74628959,49069,7,0.05827985,1.1448326
326,4,32023454,0.99402746,0.03652949,0.18952291,3.37e-06,0.03060074,0.0,0.00061158,0.7427319,49069,7,0.05344232,1.1448326
326,5,32023455,0.99420162,0.03537658,0.18725645,2.27e-06,0.03083645,0.0,0.00059787,0.74593038,48941,7,0.05926023,1.1448616
326,6,32023456,0.99414351,0.03579251,0.18684267,3.35e-06,0.03074738,0.0,0.00060428,0.74600981,49069,7,0.06038452,1.1448326
326,7,32023457,0.99412094,0.0359722,0.1869856,1.9e-06,0.03042902,0.0,0.00058618,0.74602509,49069,7,0.05500008,1.1448326
326,8,32023458,0.99403464,0.03625753,0.19021691,3.91e-06,0.03034275,0.0,0.00059726,0.74258164,49069,7,0.05406703,1.1448326
326,9,32023459,0.99419993,0.03543689,0.18670144,3.42e-06,0.03051926,0.0,0.00061529,0.7467237,49069,7,0.0605096,1.1448326
326,10,32023460,0.99420107,0.03541666,0.1874262,2.6e-06,0.03079381,0.0,0.00058217,0.74577857,49069,7,0.05683137,1.1448326
327,1,32023481,0.98529048,0.05315329,0.19223749,0.0,0.01064221,0.49935459,0.00080174,0.24381068,51978,6,0.02491731,2.4938314
327,2,32023482,0.98566458,0.05221217,0.18999285,0.0,0.0104063,0.5007798,0.00067447,0.24593442,51978,6,0.02121647,2.4938314
327,3,32023483,0.98518862,0.05234339,0.19202128,0.0,0.0107737,0.50379844,0.00082419,0.240239,51978,6,0.02687657,2.4938314
327,4,32023484,0.9854463,0.05231058,0.19117062,0.0,0.01072709,0.49943698,0.00073504,0.24561968,51978,6,0.02469796,2.4938314
327,5,32023485,0.98450334,0.05623646,0.19584111,0.0,0.01108727,0.49024736,0.00074134,0.24584645,51978,6,0.01827132,2.4938314
327,6,32023486,0.98557826,0.05281472,0.19434448,0.0,0.01073435,0.49518516,0.00060972,0.24631158,51978,6,0.0218841,2.4938314
327,7,32023487,0.9850362,0.05444749,0.19247273,0.0,0.01082039,0.50296648,0.00072941,0.2385635,51978,6,0.0213859,2.4938314
327,8,32023488,0.98467815,0.05410484,0.19679185,0.0,0.01131512,0.5000956,0.00073328,0.23695931,51978,6,0.02445988,2.4938314
327,9,32023489,0.98503401,0.05285553,0.19487596,0.0,0.0107709,0.49291964,0.00090026,0.24767772,51978,6,0.02291149,2.4938314
327,10,32023490,0.98564048,0.05284591,0.19008459,0.0,0.01063209,0.50330638,0.00066845,0.24246259,51978,6,0.02088324,2.4938314
328,1,32023511,0.97694216,0.01384151,0.0,0.00138049,0.00543212,0.18197573,0.0,0.79737015,49119,7,0.00350968,0.9991791
328,2,32023512,0.97707415,0.01409521,0.0,0.00137909,0.00532066,0.18740691,0.0,0.79179813,36831,7,0.00409271,0.9991791
328,3,32023513,0.97701676,0.01378367,0.0,0.00137806,0.00543106,0.1809526,0.0,0.79845462,65503,7,0.00427415,0.9991791
328,4,32023514,0.97707365,0.0138198,0.0,0.0013786,0.00543678,0.17387951,0.0,0.80548531,57183,7,0.00385413,0.9991791
328,5,32023515,0.97689389,0.01390797,0.0,0.00137761,0.00556462,0.18154682,0.0,0.79760299,65503,7,0.00358433,0.9991791
328,6,32023516,0.97692553,0.01397396,0.0,0.00137861,0.00539808,0.19055702,0.0,0.78869233,61407,7,0.00373712,0.9991791
328,7,32023517,0.97701709,0.01375026,0.0,0.00138079,0.00547748,0.16903274,0.0,0.81035873,53215,7,0.00360122,0.9991791
328,8,32023518,0.97700075,0.01397691,0.0,0.00137943,0.00532924,0.1812168,0.0,0.79809763,61407,7,0.00399102,0.9991791
328,9,32023519,0.97693165,0.01390673,0.0,0.00137872,0.00546449,0.18322334,0.0,0.79602673,40927,7,0.00328141,0.9991791
328,10,32023520,0.97703275,0.01422302,0.0,0.00137948,0.00524708,0.18715705,0.0,0.79199336,32735,7,0.00361632,0.9991791
329,1,32023541,0.98929532,0.05558601,0.01163711,0.0,0.00648951,0.75521737,0.0,0.17106999,53036,6,0.01891822,3.8253301
329,2,32023542,0.98958726,0.04944496,0.0102265,0.0,0.00667173,0.75323806,0.0,0.18041875,44844,6,0.01731963,3.8253301
329,3,32023543,0.98977988,0.04458776,0.01031302,0.0,0.00700777,0.73732939,0.0,0.20076205,44844,6,0.0242194,3.8253301
329,4,32023544,0.98921968,0.05696551,0.01152871,0.0,0.00624918,0.7636552,0.0,0.16160139,53036,6,0.02235436,3.8253301
329,5,32023545,0.98969002,0.04711818,0.01038487,0.0,0.00703993,0.74403828,0.0,0.19141874,44844,6,0.0231778,3.8253301
329,6,32023546,0.98924117,0.05575166,0.01133852,0.0,0.00613694,0.75210546,0.0,0.17466743,53036,6,0.02337972,3.8253301
329,7,32023547,0.98924046,0.05553378,0.01106866,0.0,0.00625788,0.75274977,0.0,0.1743899,53036,6,0.02385892,3.8253301
329,8,32023548,0.98939037,0.05505388,0.01239669,0.0,0.00677626,0.76351892,0.0,0.16225426,52764,6,0.01973424,3.8253302
329,9,32023549,0.98825702,0.0426184,0.00018155,0.0,0.00459197,0.95259285,0.0,1.523e-05,42444,6,0.04312726,3.8253302
329,10,32023550,0.98927689,0.05408323,0.01087857,0.0,0.00613817,0.75116435,0.0,0.17773568,53036,6,0.02213937,3.8253301
330,1,32023571,0.96649836,0.04663156,0.2254144,0.00079247,0.01096709,0.70086898,0.00734406,0.00798144,22927,6,0.03792376,0.9986264
330,2,32023572,0.96460106,0.04732514,0.22268761,0.00149301,0.01140431,0.70152085,0.00789322,0.00767587,18831,6,0.04238994,0.9985765
330,3,32023573,0.96995671,0.04537414,0.22346855,0.00016388,0.01042474,0.7058844,0.00489588,0.00978841,22927,6,0.05173549,0.9986264
330,4,32023574,0.96669994,0.04613798,0.22504047,0.00036038,0.0113672,0.70108522,0.00622025,0.0097885,22927,6,0.05467856,0.9986264
330,5,32023575,0.96688187,0.04666148,0.22394895,0.00031238,0.01058356,0.70240775,0.00706314,0.00902274,18831,6,0.04036156,0.9985765
330,6,32023576,0.96606342,0.0470413,0.22276816,0.00037467,0.01100445,0.70262661,0.00758158,0.00860323,22927,6,0.03701395,0.9986264
330,7,32023577,0.96630329,0.04717544,0.22479725,0.00051194,0.01045414,0.70208479,0.00753007,0.00744638,22927,6,0.03262096,0.9986264
330,8,32023578,0.96710233,0.04553291,0.2288088,0.00010781,0.01072982,0.69747298,0.00644087,0.01090681,18831,6,0.04872526,0.9985765
330,9,32023579,0.964745,0.04628244,0.22428021,0.00024146,0.01091768,0.69941729,0.00836783,0.0104931,22927,6,0.05218151,0.9986264
330,10,32023580,0.9692969,0.0456257,0.2238222,8.405e-05,0.01049971,0.70681093,0.00558659,0.00757083,22927,6,0.04339029,0.9986264
331,1,32023601,0.98776435,0.01585668,0.02964572,0.0,0.00971307,0.07757892,0.0,0.86720562,60927,7,0.00551269,0.9996117
331,2,32023602,0.98776518,0.01580803,0.03025299,0.0,0.00965606,0.07542423,0.0,0.86885869,40959,7,0.00521582,0.9996117
331,3,32023603,0.987764,0.01580102,0.03018904,0.0,0.0097173,0.07711984,0.0,0.86717279,49151,7,0.00517764,0.9996117
331,4,32023604,0.98776296,0.01583875,0.0297977,0.0,0.00968604,0.07571747,0.0,0.86896004,49151,7,0.0045912,0.9996117
331,5,32023605,0.98776492,0.01589389,0.03053004,0.0,0.00959369,0.0758338,0.0,0.86814858,40959,7,0.00477718,0.9996117
331,6,32023606,0.98775647,0.01587995,0.03120386,0.0,0.00959374,0.07916573,0.0,0.86415673,32767,7,0.00491281,0.9996117
331,7,32023607,0.98776398,0.01589052,0.03131571,0.0,0.009625,0.07934175,0.0,0.86382701,65535,7,0.00498063,0.9996117
331,8,32023608,0.98777021,0.0158738,0.03071787,0.0,0.00953231,0.07775988,0.0,0.86611614,63487,7,0.00480751,0.9996117
331,9,32023609,0.98775691,0.01586086,0.03043249,0.0,0.00959589,0.07858618,0.0,0.86552458,32767,7,0.005174,0.9996117
331,10,32023610,0.98776022,0.01588992,0.03050883,0.0,0.00964405,0.07989488,0.0,0.86406231,48639,7,0.0055891,0.9996117
332,1,32023631,0.98908846,0.06280538,0.01437014,0.0,0.00533715,0.8118976,0.0,0.10558973,51084,6,0.03400194,3.9361257
332,2,32023632,0.98998471,0.04606761,0.00958978,0.0,0.00563015,0.77951596,0.0,0.1591965,51978,6,0.04070962,3.9361256
332,3,32023633,0.98962865,0.04804291,0.01169523,0.0,0.00536091,0.79394097,0.0,0.14095998,51978,6,0.03018819,3.9361256
332,4,32023634,0.98968135,0.05387263,0.01200117,0.0,0.00561722,0.80077558,0.0,0.12773339,51978,6,0.02680459,3.9361256
332,5,32023635,0.98935708,0.05265804,0.01122278,0.0,0.00554792,0.79381855,0.0,0.13675271,51978,6,0.02490199,3.9361256
332,6,32023636,0.99011634,0.04469941,0.00957606,0.0,0.00554347,0.78719773,0.0,0.15298333,51978,6,0.04899476,3.9361256
332,7,32023637,0.98910781,0.06137081,0.01375329,0.0,0.0049905,0.8108126,0.0,0.10907279,51084,6,0.02561918,3.9361257
332,8,32023638,0.98954685,0.05295258,0.01108752,0.0,0.00541643,0.78909906,0.0,0.14144441,51978,6,0.02099574,3.9361256
332,9,32023639,0.9901236,0.04398353,0.00904091,0.0,0.00586354,0.77672822,0.0,0.1643838,51978,6,0.04832636,3.9361256
332,10,32023640,0.98912424,0.05783731,0.01218813,0.0,0.00516309,0.78498509,0.0,0.13982639,51980,6,0.02983291,3.9361256
333,1,32023661,0.97299193,0.01317525,0.0,0.00141752,0.00062077,0.98468552,8.435e-05,1.659e-05,30927,6,0.00491721,0.9989726
333,2,32023662,0.97253222,0.01334333,0.0,0.0014136,0.00042964,0.98470084,0.00010399,8.6e-06,35023,6,0.00875855,0.9987729
333,3,32023663,0.97289666,0.01336731,0.0,0.00141807,0.00057342,0.98453061,9.02e-05,2.04e-05,35023,6,0.00477703,0.9987729
333,4,32023664,0.97251938,0.01286734,0.0,0.00142104,0.00053086,0.98507331,9.577e-05,1.168e-05,39631,6,0.00827932,0.998773
333,5,32023665,0.63867314,0.01399991,0.0,0.98454075,0.0004053,0.00090202,0.00015139,6.2e-07,36872,2,0.02759147,0.665706
333,6,32023666,0.97247292,0.01353156,0.0,0.00140443,0.00035303,0.98459245,0.00011325,5.29e-06,39631,6,0.01029917,0.998773
333,7,32023667,0.97524597,0.01767289,0.0,0.00136027,0.00050942,0.98036504,7.679e-05,1.561e-05,30415,6,0.00274218,0.9989723
333,8,32023668,0.9733063,0.01477532,0.0,0.00139222,0.00041781,0.98330788,9.837e-05,8.41e-06,39119,6,0.00673122,0.9987729
333,9,32023669,0.9734253,0.01467457,0.0,0.00139769,0.00047088,0.9833528,9.239e-05,1.167e-05,36559,6,0.00588387,0.9987729
333,10,32023670,0.97251471,0.01271677,0.0,0.00142732,0.00054854,0.98519496,9.441e-05,1.799e-05,35023,6,0.00512984,0.9987729
334,1,32023691,0.98157838,0.05999752,0.16612735,0.0,0.01766683,0.46679914,0.00315962,0.28624954,48940,6,0.01863293,2.4191876
334,2,32023692,0.98226385,0.05940018,0.16883325,0.0,0.01675715,0.46143671,0.00272995,0.29084276,44844,6,0.01737443,2.4191543
334,3,32023693,0.98123345,0.06061299,0.17115418,0.0,0.01783366,0.4648537,0.00321914,0.28232632,44844,6,0.01776845,2.4191543
334,4,32023694,0.98169688,0.0625092,0.17762149,0.0,0.01770541,0.46163328,0.00263984,0.27789077,44844,6,0.0131086,2.4191543
334,5,32023695,0.981509,0.06133113,0.17067806,0.0,0.01747532,0.46177496,0.00310976,0.28563078,44845,7,0.01666128,2.4192542
334,6,32023696,0.98137497,0.06141034,0.16974467,0.0,0.01806103,0.45972672,0.00307566,0.28798159,44844,6,0.01868007,2.4191543
334,7,32023697,0.9822909,0.05934943,0.16673995,0.0,0.01664435,0.470121,0.00286913,0.28427613,44844,6,0.01607212,2.4191543
334,8,32023698,0.9823058,0.05947753,0.16665193,0.0,0.01664358,0.46575002,0.00302867,0.28844827,44845,7,0.01723955,2.4192542
334,9,32023699,0.98090304,0.06248202,0.17133142,0.0,0.01765316,0.46530082,0.00336946,0.27986313,44844,6,0.01807242,2.4191543
334,10,32023700,0.98137218,0.06264115,0.17530129,0.0,0.01749989,0.4601465,0.00307431,0.28133685,44845,7,0.01443063,2.4192542
335,1,32023721,0.98865891,0.0396293,0.34590674,0.0,0.01828284,0.0,0.00025517,0.59592596,19210,7,0.03223147,1.3247655
335,2,32023722,0.98863065,0.0394178,0.35915747,0.0,0.01810882,0.0,0.00024767,0.58306824,19210,7,0.03239437,1.3247655
335,3,32023723,0.98894111,0.03858691,0.34891981,0.0,0.01826181,0.0,0.00020536,0.59402612,19210,7,0.03648229,1.3247655
335,4,32023724,0.98876896,0.03938965,0.34992972,0.0,0.01799731,0.0,0.00021084,0.59247247,19202,7,0.0313105,1.3247654
335,5,32023725,0.98900369,0.03838074,0.34796527,0.0,0.0181777,0.0,0.00021079,0.5952655,19202,7,0.03577196,1.3247654
335,6,32023726,0.98896079,0.0385631,0.35477212,0.0,0.01779512,0.0,0.00023564,0.58863403,19210,7,0.0338501,1.3247655
335,7,32023727,0.98872249,0.03949139,0.34913923,0.0,0.01797416,0.0,0.00024285,0.59315237,19210,7,0.02949373,1.3247655
335,8,32023728,0.98881859,0.04018414,0.35084315,0.0,0.01789083,0.0,0.00019485,0.59088703,19202,7,0.03030737,1.3247654
335,9,32023729,0.98856775,0.04050659,0.35651528,0.0,0.01790446,0.0,0.0002321,0.58484156,19202,7,0.03159506,1.3247654
335,10,32023730,0.9886668,0.04000723,0.35229919,0.0,0.01808595,0.0,0.00024242,0.5893652,19210,7,0.03300814,1.3247655
336,1,32023751,0.97868399,0.0129861,0.0,0.0009494,0.00649928,0.12439098,0.0,0.85517423,65535,7,0.00468698,0.9992684
336,2,32023752,0.97868148,0.01301052,0.0,0.00094625,0.0064714,0.13241857,0.0,0.84715326,32767,7,0.00434989,0.9992684
336,3,32023753,0.97867776,0.01303283,0.0,0.00094485,0.00633364,0.13530178,0.0,0.8443869,65535,7,0.00419675,0.9992684
336,4,32023754,0.97870378,0.01303467,0.0,0.00094402,0.00646722,0.12838679,0.0,0.8511673,63487,7,0.00397996,0.9992684
336,5,32023755,0.97873099,0.01303778,0.0,0.00094605,0.00639495,0.12775755,0.0,0.85186367,65535,7,0.00462258,0.9992684
336,6,32023756,0.97869214,0.01311785,0.0,0.00094767,0.00637211,0.1327979,0.0,0.84676447,32767,7,0.00402774,0.9992684
336,7,32023757,0.97869856,0.0129577,0.0,0.00094775,0.00642187,0.13050015,0.0,0.84917252,63487,7,0.00446886,0.9992684
336,8,32023758,0.97870568,0.01299791,0.0,0.00094673,0.00635972,0.13035695,0.0,0.84933869,49151,7,0.00425721,0.9992684
336,9,32023759,0.97868803,0.01305092,0.0,0.00094371,0.00649076,0.13105674,0.0,0.84845787,24447,7,0.0039234,0.9992684
336,10,32023760,0.97873188,0.01293351,0.0,0.00094526,0.00659073,0.11562527,0.0,0.86390523,16383,7,0.00417374,0.9992684
337,1,32023781,0.99016022,0.10474392,0.89389745,0.0,0.00113565,0.00021654,0.0,6.44e-06,8354,4,0.19935326,4.3427099
337,2,32023782,0.99015351,0.10489995,0.89377082,0.0,0.00110542,0.00021731,0.0,6.49e-06,8354,4,0.18890527,4.3427099
337,3,32023783,0.99016447,0.10452465,0.89412195,0.0,0.00112999,0.00021691,0.0,6.51e-06,8354,4,0.19507157,4.3427099
337,4,32023784,0.99015635,0.1048274,0.89382739,0.0,0.00112195,0.00021673,0.0,6.53e-06,8354,4,0.19962068,4.3427099
337,5,32023785,0.99015558,0.10476448,0.89390048,0.0,0.00111218,0.00021632,0.0,6.54e-06,8354,4,0.19942797,4.3427099
337,6,32023786,0.99000497,0.10114133,0.86445788,0.0,0.00130489,0.02842602,0.0,0.00466988,8354,4,0.14455983,4.3427099
337,7,32023787,0.99016509,0.10464368,0.89400032,0.0,0.00113274,0.00021675,0.0,6.51e-06,8354,4,0.19685573,4.3427099
337,8,32023788,0.99016397,0.10467547,0.89397414,0.0,0.00112801,0.00021589,0.0,6.49e-06,8354,4,0.19897052,4.3427099
337,9,32023789,0.99016623,0.10461112,0.8940249,0.0,0.00114051,0.00021703,0.0,6.45e-06,8354,4,0.20096641,4.3427099
337,10,32023790,0.99015945,0.10471996,0.89391593,0.0,0.00114077,0.00021686,0.0,6.47e-06,8354,4,0.20271778,4.3427099
338,1,32023811,0.97140079,0.01337545,0.015875,0.00051351,0.00037025,0.96934219,0.00052248,1.12e-06,32841,6,0.02665595,0.9989982
338,2,32023812,0.9714137,0.01332464,0.01567701,0.0005187,0.0003636,0.96958875,0.00052638,9.1e-07,32841,6,0.02632126,0.9989982
338,3,32023813,0.97141855,0.01331926,0.01615111,0.00051763,0.00036195,0.96912352,0.00052541,1.12e-06,32779,6,0.02670046,0.9989982
338,4,32023814,0.97119066,0.01334849,0.01635794,0.00052905,0.00038745,0.96866217,0.00067607,3.882e-05,32777,6,0.02598206,0.9989982
338,5,32023815,0.97125946,0.0133285,0.01643062,0.00055448,0.00039039,0.96870283,0.00059086,2.33e-06,32777,6,0.02495008,0.9989982
338,6,32023816,0.9712675,0.01355497,0.01621513,0.00049729,0.00043929,0.96871903,0.00057326,1.03e-06,32777,6,0.02498527,0.9989982
338,7,32023817,0.97141952,0.01332004,0.01624592,0.00050909,0.00037173,0.9690313,0.00052084,1.09e-06,32779,6,0.02619238,0.9989982
338,8,32023818,0.97139123,0.01333822,0.01605326,0.00051504,0.00037112,0.96920444,0.00051667,1.25e-06,32841,6,0.02506584,0.9989982
338,9,32023819,0.97139782,0.01334882,0.01588332,0.00050464,0.00036943,0.96937269,0.00052007,1.04e-06,32777,6,0.02626823,0.9989982
338,10,32023820,0.97140327,0.01327053,0.01657746,0.00050458,0.00038193,0.96875019,0.00051403,1.27e-06,32841,6,0.02450065,0.9989982
339,1,32023841,0.99485159,0.01958152,0.07692065,0.0,0.01272017,0.01136509,0.0,0.87941257,32767,7,0.00464693,0.9998678
339,2,32023842,0.99487183,0.01943396,0.07400395,0.0,0.01280973,0.01133146,0.0,0.8824209,61439,7,0.00576796,0.9998678
339,3,32023843,0.99486134,0.01965415,0.07515915,0.0,0.01274225,0.01113796,0.0,0.88130649,65535,7,0.00487628,0.9998678
339,4,32023844,0.99486545,0.0194545,0.07350998,0.0,0.01286585,0.01076091,0.0,0.88340876,62975,7,0.00467666,0.9998678
339,5,32023845,0.99486005,0.01958643,0.07439684,0.0,0.01280336,0.00967261,0.0,0.88354076,49151,7,0.0046503,0.9998678
339,6,32023846,0.99485694,0.01971626,0.07534173,0.0,0.01274614,0.01087385,0.0,0.88132202,65023,7,0.00491061,0.9998678
339,7,32023847,0.99486422,0.0196773,0.07391897,0.0,0.01270073,0.01065565,0.0,0.88304736,49151,7,0.00463266,0.9998678
339,8,32023848,0.99486306,0.0195478,0.07418523,0.0,0.01279863,0.01211683,0.0,0.88135151,61439,7,0.00466185,0.9998678
339,9,32023849,0.99486776,0.01968768,0.0753112,0.0,0.01275465,0.01121433,0.0,0.88103214,57343,7,0.0047627,0.9998678
339,10,32023850,0.99485225,0.01961024,0.07354749,0.0,0.0128839,0.01091391,0.0,0.88304446,36351,7,0.00448853,0.9998678
340,1,32023871,0.98980666,0.04620342,0.05127896,0.0,0.00631847,0.72515574,6.099e-05,0.17098242,51978,6,0.03478148,3.2684239
340,2,32023872,0.99004068,0.04486857,0.04604101,0.0,0.00631012,0.7292433,7.822e-05,0.17345879,51978,6,0.03981713,3.2684239
340,3,32023873,0.99034124,0.04349722,0.04265124,0.0,0.00625803,0.735558,5.207e-05,0.17198346,51978,6,0.04519982,3.2684239
340,4,32023874,0.98988817,0.04507224,0.04461299,0.0,0.0063962,0.72698962,0.00012792,0.17680103,51978,6,0.04032906,3.2684239
340,5,32023875,0.99018026,0.04379347,0.04226541,0.0,0.00637691,0.73269166,9.269e-05,0.17477986,51978,6,0.04345251,3.2684239
340,6,32023876,0.9904393,0.04344061,0.04131078,0.0,0.00616489,0.73495758,1.247e-05,0.17411367,51978,6,0.0440421,3.2684239
340,7,32023877,0.99032361,0.04363583,0.04347301,0.0,0.00634571,0.72755431,3.114e-05,0.17895999,51978,6,0.04171155,3.2684239
340,8,32023878,0.99029489,0.04433424,0.04369312,0.0,0.00606156,0.73914763,2.272e-05,0.16674072,51978,6,0.04013876,3.2684239
340,9,32023879,0.9904589,0.04344619,0.04292646,0.0,0.00632033,0.7307922,2.25e-05,0.17649233,51978,6,0.04603228,3.2684239
340,10,32023880,0.99034871,0.04329979,0.04245748,0.0,0.00632965,0.72912697,5.639e-05,0.17872972,51978,6,0.04151282,3.2684239
341,1,32023901,0.97562744,0.01907736,0.0,0.00130722,0.00032821,0.97920748,7.617e-05,3.57e-06,8159,6,0.0043719,0.999112
341,2,32023902,0.97562179,0.01931742,0.0,0.00130737,0.00032795,0.97896741,7.637e-05,3.47e-06,36831,6,0.00383675,0.999112
341,3,32023903,0.97559765,0.0192438,0.0,0.00130662,0.00032502,0.97904424,7.645e-05,3.88e-06,24543,6,0.00412192,0.999112
341,4,32023904,0.97557319,0.01921398,0.0,0.00130687,0.00032619,0.97907317,7.634e-05,3.45e-06,24543,6,0.00413415,0.999112
341,5,32023905,0.97549273,0.01934798,0.0,0.0013078,0.00032255,0.97894199,7.637e-05,3.31e-06,57311,6,0.00410128,0.999112
341,6,32023906,0.9755769,0.01902395,0.0,0.00130632,0.00033266,0.97925751,7.63e-05,3.26e-06,32735,6,0.00446249,0.999112
341,7,32023907,0.97559147,0.0192676,0.0,0.00130564,0.00032114,0.97902457,7.639e-05,4.67e-06,57183,6,0.00431347,0.999112
341,8,32023908,0.97559385,0.01921667,0.0,0.00130685,0.00032752,0.97906883,7.629e-05,3.84e-06,24407,6,0.00394873,0.999087
341,9,32023909,0.97565186,0.01918773,0.0,0.00130606,0.00032505,0.97910138,7.619e-05,3.59e-06,24543,6,0.00398188,0.999112
341,10,32023910,0.97560652,0.01913424,0.0,0.00130746,0.0003248,0.97915284,7.619e-05,4.46e-06,53215,6,0.004613,0.999112
342,1,32023931,0.98956607,0.05133374,0.00962765,0.0,0.00713059,0.73187984,0.0,0.20002818,53036,6,0.017981,3.5402879
342,2,32023932,0.98934629,0.05358052,0.01018271,0.0,0.0072867,0.73600667,0.0,0.1929434,53036,6,0.01824467,3.5402879
342,3,32023933,0.98946441,0.05298194,0.00938325,0.0,0.00683823,0.74169237,0.0,0.1891042,53036,6,0.01738521,3.5402879
342,4,32023934,0.98926999,0.05724797,0.0112112,0.0,0.00701299,0.7463409,0.0,0.17818694,53036,6,0.02474502,3.5402879
342,5,32023935,0.98941423,0.05505799,0.01101559,0.0,0.00695614,0.75030636,0.0,0.17666392,53036,6,0.01768406,3.5402879
342,6,32023936,0.98928184,0.05650173,0.01214905,0.0,0.00757777,0.76526299,0.0,0.15850846,52764,6,0.02526497,3.5402879
342,7,32023937,0.98939375,0.05561842,0.01115297,0.0,0.0071864,0.74453207,0.0,0.18151013,52764,6,0.01758092,3.5402879
342,8,32023938,0.98819408,0.05322572,0.00039825,0.0,0.00599623,0.94036513,0.0,1.467e-05,50636,6,0.05273554,3.5402879
342,9,32023939,0.98981241,0.04686493,0.00925409,0.0,0.00726196,0.72779447,0.0,0.20882455,44844,6,0.01944377,3.5402879
342,10,32023940,0.989542,0.05391727,0.01076973,0.0,0.00713993,0.74890409,0.0,0.17926898,53036,6,0.01462466,3.5402879
343,1,32023961,0.93286287,0.07151161,0.3401319,0.0,0.0337339,0.0,0.0078202,0.54680239,23175,7,0.151334,0.9990075
343,2,32023962,0.91305272,0.08272899,0.33571125,0.0,0.04461679,0.0,0.01133658,0.52560639,23175,7,0.14281683,0.9990075
343,3,32023963,0.93327032,0.07152744,0.3409765,0.0,0.03371776,0.0,0.00819155,0.54558674,23175,7,0.15478181,0.9990075
343,4,32023964,0.92992192,0.07465761,0.33891679,0.0,0.03514232,0.0,0.00805603,0.54322726,23175,7,0.15236138,0.9990075
343,5,32023965,0.92816898,0.07641765,0.33917219,0.0,0.03591797,0.0,0.00834467,0.54014752,23175,7,0.14725005,0.9990075
343,6,32023966,0.93248843,0.07228923,0.34366675,0.0,0.03363183,0.0,0.00800369,0.54240851,23175,7,0.15087071,0.9990075
343,7,32023967,0.92627298,0.07676671,0.34403808,0.0,0.0374144,0.0,0.00873687,0.53304394,23175,7,0.15027816,0.9990075
343,8,32023968,0.93071224,0.07376431,0.34304896,0.0,0.03509293,0.0,0.00769364,0.54040016,23175,7,0.14457892,0.9990075
343,9,32023969,0.92132036,0.0794781,0.33729114,0.0,0.04091467,0.0,0.00890681,0.53340928,23175,7,0.14204555,0.9990075
343,10,32023970,0.94153662,0.06851434,0.34331615,0.0,0.02895018,0.0,0.00628591,0.55293341,23175,7,0.15316578,0.9990075
344,1,32023991,0.9832829,0.0144052,0.0,0.0,0.00731414,0.11015163,0.0,0.86812902,57343,7,0.00649103,0.9994438
344,2,32023992,0.98327639,0.01445661,0.0,0.0,0.00724963,0.11644621,0.0,0.86184754,65535,7,0.00644708,0.9994438
344,3,32023993,0.98326975,0.01444151,0.0,0.0,0.00736815,0.1149077,0.0,0.86328263,65535,7,0.00706113,0.9994438
344,4,32023994,0.98328396,0.01445343,0.0,0.0,0.00733135,0.11261075,0.0,0.86560447,62975,7,0.00627934,0.9994437
344,5,32023995,0.98327714,0.01446563,0.0,0.0,0.00731469,0.11442802,0.0,0.86379167,53247,7,0.00636142,0.9994438
344,6,32023996,0.98327041,0.01444259,0.0,0.0,0.00742159,0.1147243,0.0,0.86341152,55295,7,0.00615333,0.9994438
344,7,32023997,0.98328345,0.01437851,0.0,0.0,0.00732324,0.11260524,0.0,0.86569301,56831,7,0.00673331,0.9994437
344,8,32023998,0.98326952,0.0145354,0.0,0.0,0.00728535,0.11594317,0.0,0.86223608,56831,7,0.0064528,0.9994437
344,9,32023999,0.98327573,0.01443213,0.0,0.0,0.00730211,0.1134603,0.0,0.86480547,52735,7,0.00659312,0.9994437
344,10,32024000,0.98327673,0.01446017,0.0,0.0,0.00736808,0.1133318,0.0,0.86483995,65023,7,0.006518,0.9994437
345,1,32024021,0.98921505,0.05806298,0.01286567,0.0,0.00485837,0.79874638,0.0,0.12546661,51980,6,0.02739554,4.4139618
345,2,32024022,0.84248919,0.65565649,0.2799001,0.0,0.0013789,0.06305556,0.0,8.95e-06,8354,4,0.14946434,4.4129803
345,3,32024023,0.86054932,0.58441901,0.24887179,0.0,0.00196167,0.14175556,0.0,0.02299198,8354,4,0.13022659,4.4129803
345,4,32024024,0.85307928,0.61081921,0.260409,0.0,0.00141435,0.12658788,0.0,0.00076956,8354,4,0.13705994,4.4129803
345,5,32024025,0.98879144,0.04513781,0.01422242,0.0,0.0040535,0.83304978,0.0,0.10353649,51978,6,0.01960516,4.4139618
345,6,32024026,0.95913793,0.17333891,0.06660608,0.0,0.00458159,0.63981519,0.0,0.11565823,8354,4,0.02996887,4.4129803
345,7,32024027,0.98968764,0.04790566,0.01190503,0.0,0.00502911,0.79460883,0.0,0.14055138,51978,6,0.02350009,4.4139618
345,8,32024028,0.98969493,0.04910165,0.01269493,0.0,0.00528302,0.80189626,0.0,0.13102415,51978,6,0.02603704,4.4139618
345,9,32024029,0.96656451,0.14094559,0.05375523,0.0,0.00464503,0.6781876,0.0,0.12246655,51978,6,0.02671221,4.4139618
345,10,32024030,0.98915025,0.06249021,0.01517262,0.0,0.0050806,0.81635904,0.0,0.10089754,51084,6,0.03073775,4.4139619
346,1,32024051,0.97041775,0.00994062,0.0,0.00140587,0.0002777,0.98819859,0.00017538,1.84e-06,37007,6,0.01410811,0.9988004
346,2,32024052,0.97042336,0.0100803,0.0,0.00140205,0.00028341,0.98805905,0.0001735,1.68e-06,32911,6,0.01508926,0.9988004
346,3,32024053,0.97041834,0.0099597,0.0,0.00140146,0.00028695,0.98817716,0.00017306,1.68e-06,32911,6,0.01486219,0.9988004
346,4,32024054,0.9705616,0.01002176,0.0,0.00139437,0.00030815,0.98810669,0.00016714,1.89e-06,32975,6,0.01616474,0.9988003
346,5,32024055,0.97050279,0.00989859,0.0,0.00140053,0.00028209,0.98824901,0.00016808,1.7e-06,37071,6,0.01371406,0.9988003
346,6,32024056,0.97038567,0.00976523,0.0,0.00140965,0.0002917,0.98835388,0.00017618,3.37e-06,32847,6,0.01425303,0.9988006
346,7,32024057,0.97043579,0.00995809,0.0,0.00140557,0.00027955,0.98818226,0.00017264,1.89e-06,32975,6,0.01527027,0.9988003
346,8,32024058,0.97112175,0.01111613,0.0,0.00138612,0.00048036,0.98686563,0.0001467,5.06e-06,32911,6,0.01048767,0.9988004
346,9,32024059,0.97047621,0.00989172,0.0,0.00140358,0.0002943,0.98823947,0.00016928,1.66e-06,32911,6,0.01536005,0.9988004
346,10,32024060,0.97046541,0.00998129,0.0,0.00140271,0.00029238,0.98814767,0.00017409,1.86e-06,32975,6,0.01417909,0.9988003
347,1,32024081,0.98920652,0.03960844,0.31925057,2.24e-06,0.02124565,0.0,0.0006842,0.6192089,48941,7,0.05875345,1.7305648
347,2,32024082,0.98876878,0.04161722,0.33277582,1.1e-06,0.02052717,0.0,0.00074208,0.6043366,44845,7,0.04803573,1.7305648
347,3,32024083,0.98858837,0.04192107,0.33028711,2.69e-06,0.02159464,0.0,0.00078503,0.60540945,44845,7,0.04974377,1.7305648
347,4,32024084,0.98910008,0.04054356,0.32746743,9.6e-07,0.02076057,0.0,0.00065954,0.61056794,44845,7,0.05436019,1.7305648
347,5,32024085,0.98930938,0.03913505,0.31871565,1.51e-06,0.02124186,0.0,0.00066141,0.62024454,48941,7,0.05737747,1.7305648
347,6,32024086,0.98917452,0.03975824,0.3226258,2.25e-06,0.02114683,0.0,0.00072025,0.61574663,44845,7,0.05876223,1.7305648
347,7,32024087,0.98911088,0.04042665,0.32678468,2.59e-06,0.02095505,0.0,0.00072013,0.6111109,44845,7,0.05463462,1.7305648
347,8,32024088,0.9889739,0.04065856,0.32972517,1.05e-06,0.02097182,0.0,0.00068899,0.60795442,48941,7,0.05590892,1.7305648
347,9,32024089,0.98881176,0.04152199,0.33011501,8.7e-07,0.02077605,0.0,0.00075127,0.60683481,48941,7,0.04919699,1.7305648
347,10,32024090,0.98931556,0.03935819,0.32553665,1.45e-06,0.02076939,0.0,0.00066785,0.61366647,48941,7,0.05714665,1.7305648
348,1,32024111,0.98534903,0.05115258,0.15581889,0.0,0.01224749,0.48462993,0.00075579,0.29539532,51970,6,0.02176924,2.2043631
348,2,32024112,0.98640508,0.04895756,0.15217177,0.0,0.01170495,0.49199928,0.00059794,0.2945685,51970,6,0.02800368,2.2043631
348,3,32024113,0.98597261,0.04966516,0.15385768,0.0,0.01223498,0.47939563,0.00065508,0.30419147,51970,6,0.02305924,2.2043631
348,4,32024114,0.98632121,0.0489836,0.15393354,0.0,0.01191803,0.48905827,0.00065223,0.29545434,51970,6,0.02369588,2.2043631
348,5,32024115,0.98600565,0.0506098,0.15422867,0.0,0.01192677,0.48646985,0.00065108,0.29611384,51970,6,0.02113973,2.2043631
348,6,32024116,0.98600138,0.05041047,0.15650553,0.0,0.01219841,0.47934844,0.0006587,0.30087844,51970,6,0.02260934,2.2043631
348,7,32024117,0.98629803,0.04876379,0.14637606,0.0,0.01197746,0.48681803,0.0006524,0.30541227,51978,6,0.02459007,2.2043964
348,8,32024118,0.98588796,0.04919238,0.15477221,0.0,0.01235135,0.48738778,0.00082725,0.29546903,51978,6,0.02448345,2.2043964
348,9,32024119,0.98585424,0.04984494,0.15035476,0.0,0.01250534,0.49430122,0.00070863,0.29228511,51970,6,0.02489771,2.2043631
348,10,32024120,0.98584784,0.05002288,0.15427485,0.0,0.01200157,0.49158144,0.00072756,0.2913917,51978,6,0.0224485,2.2043964
349,1,32024141,0.97605684,0.01319474,0.0,0.00138039,0.00573079,0.16417404,0.0,0.81552005,61407,7,0.00375468,0.9991465
349,2,32024142,0.97604979,0.01328486,0.0,0.0013787,0.005765,0.15958168,0.0,0.81998974,61407,7,0.00351329,0.9991465
349,3,32024143,0.97601428,0.01324478,0.0,0.00138083,0.00578218,0.16340754,0.0,0.81618467,40919,7,0.00349483,0.9991215
349,4,32024144,0.97606007,0.01327185,0.0,0.00137978,0.00572376,0.1666893,0.0,0.8129353,16351,7,0.00369887,0.9991465
349,5,32024145,0.97603523,0.01328031,0.0,0.00137814,0.0056834,0.16562682,0.0,0.81403132,63455,7,0.00341571,0.9991465
349,6,32024146,0.97612126,0.01327652,0.0,0.00137846,0.00572121,0.16625298,0.0,0.81337083,61407,7,0.00362205,0.9991465
349,7,32024147,0.97610616,0.01337802,0.0,0.0013791,0.00562722,0.16476892,0.0,0.81484674,30687,7,0.00336979,0.9991465
349,8,32024148,0.97600911,0.01315401,0.0,0.0013787,0.00583856,0.1561752,0.0,0.82345353,65503,7,0.00315903,0.9991465
349,9,32024149,0.97607732,0.01333838,0.0,0.00137805,0.00574241,0.16737914,0.0,0.81216201,32607,7,0.00330366,0.9991465
349,10,32024150,0.97606327,0.01332668,0.0,0.00137806,0.00576909,0.16668612,0.0,0.81284004,63455,7,0.00343205,0.9991465
350,1,32024171,0.98949443,0.04192878,0.01143781,0.0,0.00562748,0.78161793,0.0,0.159388,44844,6,0.02224633,4.3588081
350,2,32024172,0.88861894,0.66693183,0.32484077,0.0,0.00091394,0.00730655,0.0,6.91e-06,47867,4,0.18015347,4.3582371
350,3,32024173,0.98941866,0.05042247,0.01229238,0.0,0.00626633,0.76228098,0.0,0.16873784,43820,6,0.01484107,4.3588082
350,4,32024174,0.9509847,0.28746822,0.13053426,0.0,0.00404606,0.4639726,0.0,0.11397886,47867,4,0.06679506,4.3582371
350,5,32024175,0.98937169,0.05091946,0.01158138,0.0,0.00597728,0.75558232,0.0,0.17593957,53036,6,0.01661754,4.3588081
350,6,32024176,0.88905849,0.66473975,0.3254925,0.0,0.00091798,0.00884282,0.0,6.95e-06,47867,4,0.18398842,4.3582371
350,7,32024177,0.98922281,0.05613245,0.01225054,0.0,0.00597002,0.75525861,0.0,0.17038838,53036,6,0.02602906,4.3588081
350,8,32024178,0.95082731,0.28524752,0.13217693,0.0,0.00426231,0.46522383,0.0,0.11308942,47867,4,0.06836974,4.3582371
350,9,32024179,0.98887827,0.04852242,0.01265676,0.0,0.00658224,0.74787739,0.0,0.18436119,44844,6,0.02250841,4.3588081
350,10,32024180,0.98959152,0.04456554,0.01136047,0.0,0.00655618,0.74882547,0.0,0.18869234,44844,6,0.0269621,4.3588081
351,1,32024201,0.92662141,0.0552514,0.24647313,0.03914035,0.00776465,0.62765204,0.01495397,0.00876445,22927,6,0.04514068,0.9982511
351,2,32024202,0.93181793,0.05349007,0.25041949,0.03581129,0.0073539,0.63056669,0.01274744,0.00961111,22927,6,0.047808,0.9982511
351,3,32024203,0.93990894,0.0499645,0.24820649,0.02819527,0.00759514,0.64574217,0.01093792,0.00935852,22919,6,0.03703472,0.9981763
351,4,32024204,0.93232809,0.05420404,0.24096009,0.03552539,0.00779969,0.6400937,0.01242968,0.0089874,22927,6,0.03857627,0.9982511
351,5,32024205,0.92268841,0.05609717,0.24251003,0.04063258,0.00826988,0.6257153,0.01710981,0.00966523,22927,6,0.04632022,0.9982511
351,6,32024206,0.92093278,0.05841162,0.23625493,0.04785975,0.00783666,0.62634105,0.01416585,0.00913015,22927,6,0.04171554,0.9982511
351,7,32024207,0.92451118,0.05331003,0.25530352,0.03463812,0.00896949,0.61694298,0.01926182,0.01157403,22927,6,0.04734688,0.9982511
351,8,32024208,0.91651378,0.0583547,0.24144044,0.04637656,0.00856441,0.61698035,0.01823915,0.01004439,22919,6,0.03921173,0.9981763
351,9,32024209,0.92881538,0.05208426,0.25955899,0.033459,0.00841816,0.62095532,0.01502477,0.01049951,22927,6,0.04653619,0.9982511
351,10,32024210,0.92467978,0.05573688,0.24847698,0.03716928,0.00830731,0.62337279,0.01679984,0.01013691,22927,6,0.04377146,0.9982511
352,1,32024231,0.98991229,0.01666005,0.02807818,0.0,0.00987908,0.0875736,0.0,0.85780909,63487,7,0.00576871,0.9996892
352,2,32024232,0.9899236,0.016619,0.02838022,0.0,0.00981048,0.08793928,0.0,0.85725102,60927,7,0.00503626,0.9996891
352,3,32024233,0.98992194,0.01663248,0.02767605,0.0,0.00995446,0.08362844,0.0,0.86210857,61439,7,0.00497178,0.9996892
352,4,32024234,0.9899191,0.01653471,0.02925838,0.0,0.00995832,0.08553304,0.0,0.85871554,45055,7,0.0049096,0.9996892
352,5,32024235,0.98991509,0.01675909,0.02937755,0.0,0.00978799,0.08901854,0.0,0.85505682,57343,7,0.00515503,0.9996892
352,6,32024236,0.98992648,0.01653225,0.02843124,0.0,0.01001898,0.08253738,0.0,0.86248015,49151,7,0.00575471,0.9996892
352,7,32024237,0.98991759,0.01656904,0.02949245,0.0,0.0098847,0.08584353,0.0,0.85821027,56831,7,0.00522937,0.9996892
352,8,32024238,0.9899192,0.01669982,0.02874227,0.0,0.00986365,0.08487652,0.0,0.85981773,47103,7,0.00472296,0.9996892
352,9,32024239,0.98991544,0.01669017,0.02898838,0.0,0.00985497,0.08532416,0.0,0.85914231,65535,7,0.00510629,0.9996892
352,10,32024240,0.98990954,0.01672715,0.02861275,0.0,0.00983727,0.08605749,0.0,0.85876533,61439,7,0.00487615,0.9996892
353,1,32024261,0.99001263,0.04643288,0.00924618,0.0,0.00574962,0.77758224,0.0,0.16098906,51978,6,0.03875532,3.995184
353,2,32024262,0.99006898,0.04651083,0.00939172,0.0,0.00598752,0.77297222,0.0,0.16513771,51978,6,0.04174243,3.995184
353,3,32024263,0.98909624,0.0602902,0.01231595,0.0,0.00521636,0.79862199,0.0,0.1235555,51980,6,0.02828942,3.995184
353,4,32024264,0.98931862,0.06122471,0.01373512,0.0,0.00551853,0.81807762,0.0,0.10144403,51084,6,0.03864706,3.9951841
353,5,32024265,0.9892507,0.05742338,0.01198716,0.0,0.00549393,0.79344559,0.0,0.13164993,51980,6,0.02096579,3.995184
353,6,32024266,0.98908193,0.0635085,0.01395603,0.0,0.00553341,0.80992144,0.0,0.10708061,51084,6,0.03859472,3.9951841
353,7,32024267,0.98945399,0.05521631,0.01178797,0.0,0.0057769,0.79148465,0.0,0.13573418,51084,6,0.02044322,3.9951841
353,8,32024268,0.98974733,0.05280832,0.01168156,0.0,0.00586997,0.79094737,0.0,0.13869278,51978,6,0.0310383,3.995184
353,9,32024269,0.98973451,0.05342472,0.01167068,0.0,0.00589491,0.7899472,0.0,0.13906248,51978,6,0.02685964,3.995184
353,10,32024270,0.98945013,0.05018007,0.01069803,0.0,0.0058753,0.78659971,0.0,0.14664689,51978,6,0.03490022,3.995184
354,1,32024291,0.97458914,0.01962919,0.0,0.00131075,0.00033554,0.9786447,7.661e-05,3.22e-06,24543,6,0.00454705,0.9990768
354,2,32024292,0.97467989,0.01971476,0.0,0.00130906,0.00033703,0.97855932,7.633e-05,3.5e-06,24543,6,0.00488908,0.9990768
354,3,32024293,0.97458785,0.0196111,0.0,0.00131141,0.00033528,0.97866211,7.644e-05,3.66e-06,24415,6,0.00447356,0.9990768
354,4,32024294,0.97462993,0.01959127,0.0,0.00131133,0.00033965,0.97867755,7.645e-05,3.74e-06,24535,6,0.00438665,0.9990519
354,5,32024295,0.97464607,0.01943636,0.0,0.00131155,0.00034192,0.97883017,7.653e-05,3.48e-06,24543,6,0.00492177,0.9990768
354,6,32024296,0.97369035,0.01764868,0.0,0.0013364,0.00038527,0.98054284,7.664e-05,1.016e-05,24543,6,0.00385179,0.9990768
354,7,32024297,0.97381745,0.01822334,0.0,0.00132688,0.00035669,0.98000937,7.832e-05,5.4e-06,40927,6,0.00330122,0.9990768
354,8,32024298,0.97340016,0.01704675,0.0,0.00134533,0.00040451,0.98111706,7.642e-05,9.93e-06,40799,6,0.00317519,0.9990768
354,9,32024299,0.9746148,0.01938687,0.0,0.00131171,0.00034499,0.97887646,7.63e-05,3.67e-06,24415,6,0.00517929,0.9990768
354,10,32024300,0.97460347,0.01948223,0.0,0.00130965,0.00033775,0.97879018,7.652e-05,3.67e-06,24543,6,0.00455926,0.9990768
355,1,32024321,0.98650726,0.05224724,0.17823317,0.0,0.01114489,0.5065294,0.00111464,0.25073067,44844,6,0.02103458,3.0678206
355,2,32024322,0.98624168,0.05278516,0.18539125,0.0,0.01069789,0.49867796,0.00137943,0.25106832,44844,6,0.01730944,3.0678206
355,3,32024323,0.98632448,0.05239365,0.18693851,0.0,0.01080851,0.5067824,0.00129398,0.24178295,44844,6,0.01991476,3.0678206
355,4,32024324,0.98592608,0.05291349,0.18345614,0.0,0.01086082,0.50509009,0.00148336,0.2461961,44844,6,0.01907426,3.0678206
355,5,32024325,0.98639447,0.05376448,0.17767061,0.0,0.01027019,0.51330262,0.00125418,0.24373792,44844,6,0.01502709,3.0678206
355,6,32024326,0.98641731,0.05245527,0.17465574,0.0,0.0109264,0.51012924,0.00123849,0.25059486,44844,6,0.02116586,3.0678206
355,7,32024327,0.98633874,0.05272965,0.18465211,0.0,0.01080258,0.50343907,0.00113141,0.24724518,44844,6,0.02040203,3.0678206
355,8,32024328,0.98606546,0.05360774,0.18342189,0.0,0.01085382,0.51048239,0.00135383,0.24028033,44844,6,0.01783213,3.0678206
355,9,32024329,0.98611609,0.05268424,0.18102756,0.0,0.01118694,0.49830269,0.00122336,0.25557521,44844,6,0.02213839,3.0678206
355,10,32024330,0.98621523,0.05288601,0.17687046,0.0,0.01097264,0.50501347,0.00133958,0.25291783,44844,6,0.01673936,3.0678206
356,1,32024351,0.98861569,0.05414728,0.20259586,0.0,0.00894021,0.0,0.00012022,0.73419643,23175,7,0.23328436,0.9995338
356,2,32024352,0.98864193,0.0542989,0.20147481,0.0,0.00899951,0.0,0.00011091,0.73511587,23175,7,0.23064737,0.9995338
356,3,32024353,0.98860274,0.05455585,0.20240238,0.0,0.00870838,0.0,0.00014718,0.73418621,23175,7,0.24172658,0.9995338
356,4,32024354,0.98859347,0.05451147,0.20067582,0.0,0.00877716,0.0,0.00011559,0.73591996,23175,7,0.24566627,0.9995338
356,5,32024355,0.98862205,0.05436435,0.20270788,0.0,0.00879933,0.0,0.00011497,0.73401348,23175,7,0.24216451,0.9995338
356,6,32024356,0.98860175,0.05472065,0.20170819,0.0,0.0087825,0.0,0.00018612,0.73460255,23175,7,0.24079087,0.9995338
356,7,32024357,0.988602,0.05445054,0.20267231,0.0,0.00889078,0.0,0.00011176,0.73387462,23175,7,0.23614896,0.9995338
356,8,32024358,0.98863599,0.05424617,0.20180989,0.0,0.0089106,0.0,0.00010995,0.73492339,23175,7,0.23478471,0.9995338
356,9,32024359,0.98862173,0.05410746,0.20192923,0.0,0.00900035,0.0,0.00011352,0.73484945,23175,7,0.23129324,0.9995338
356,10,32024360,0.98859934,0.05430912,0.20206542,0.0,0.00887676,0.0,0.00011628,0.73463243,23175,7,0.24121655,0.9995338
357,1,32024381,0.97895443,0.01290666,0.0,0.00061858,0.00672728,0.10620302,0.0,0.87354445,65535,7,0.00441113,0.9992787
357,2,32024382,0.97896371,0.01296877,0.0,0.00062066,0.00671654,0.10620899,0.0,0.87348504,49151,7,0.00477453,0.9992787
357,3,32024383,0.97895574,0.01300731,0.0,0.00061521,0.00668919,0.10916727,0.0,0.87052101,65535,7,0.00467323,0.9992787
357,4,32024384,0.97897081,0.01288346,0.0,0.00061795,0.00667298,0.10703463,0.0,0.87279098,32767,7,0.00465145,0.9992787
357,5,32024385,0.97895874,0.01298777,0.0,0.00061551,0.00666906,0.10899764,0.0,0.87073001,45055,7,0.00446599,0.9992787
357,6,32024386,0.97894476,0.01292925,0.0,0.0006139,0.00666535,0.10344197,0.0,0.87634952,61311,7,0.00472267,0.9992787
357,7,32024387,0.97895973,0.01292541,0.0,0.0006163,0.00665247,0.10465697,0.0,0.87514885,63359,7,0.00442588,0.9992787
357,8,32024388,0.97893789,0.01295062,0.0,0.00061498,0.00662351,0.10847312,0.0,0.87133777,32255,7,0.00484603,0.9992786
357,9,32024389,0.97895994,0.01294905,0.0,0.00061894,0.00659922,0.10800647,0.0,0.87182632,65535,7,0.00474717,0.9992787
357,10,32024390,0.97896602,0.01290269,0.0,0.00061606,0.00659935,0.10457968,0.0,0.87530222,65535,7,0.00466135,0.9992787
358,1,32024411,0.98923071,0.05758897,0.01366112,0.0,0.00446226,0.80312576,0.0,0.1211619,53004,6,0.02797102,4.7502532
358,2,32024412,0.98941056,0.04575406,0.01406943,0.0,0.00497592,0.79986744,0.0,0.13533315,51978,6,0.02965401,4.7502531
358,3,32024413,0.98916192,0.06097222,0.01509499,0.0,0.00473206,0.81744786,0.0,0.10175287,51084,6,0.02669195,4.7502532
358,4,32024414,0.98920396,0.05860425,0.01409075,0.0,0.00449326,0.80794222,0.0,0.11486953,51980,6,0.02712635,4.7502531
358,5,32024415,0.9887974,0.05906314,0.0173743,0.0,0.00437232,0.80979048,0.0,0.10939975,52012,6,0.01644533,4.7502532
358,6,32024416,0.98934698,0.0495088,0.01375774,0.0,0.00469092,0.80278036,0.0,0.12926218,51978,6,0.01810199,4.7502531
358,7,32024417,0.98920938,0.05886811,0.01392941,0.0,0.00454342,0.80782306,0.0,0.11483599,51980,6,0.02719047,4.7502531
358,8,32024418,0.98907764,0.03641018,0.01589098,0.0,0.00258008,0.89196229,0.0,0.05315647,43786,6,0.01874976,4.7502531
358,9,32024419,0.98936967,0.04781344,0.01377135,0.0,0.00501622,0.79649432,0.0,0.13690467,51978,6,0.02450479,4.7502531
358,10,32024420,0.98940817,0.04567055,0.01421815,0.0,0.00488259,0.80356336,0.0,0.13166535,51978,6,0.03049346,4.7502531
359,1,32024441,0.97014628,0.01142697,0.0,0.00087825,0.00026801,0.98715733,0.00026797,1.47e-06,32843,6,0.02334634,0.9988672
359,2,32024442,0.97017109,0.0113817,0.0,0.00088433,0.00026886,0.98719269,0.00027141,1.02e-06,32779,6,0.02236783,0.9988673
359,3,32024443,0.97020665,0.01139747,0.0,0.00085755,0.0002744,0.98720589,0.00026301,1.67e-06,37007,6,0.02104332,0.998867
359,4,32024444,0.97014236,0.01136883,0.0,0.00089859,0.0002581,0.98719959,0.00027398,9.2e-07,32777,6,0.02272613,0.9988673
359,5,32024445,0.97017256,0.01141145,0.0,0.00088153,0.00026872,0.98716457,0.00027245,1.28e-06,32841,6,0.02444124,0.9988672
359,6,32024446,0.97012746,0.01136952,0.0,0.00086414,0.0002704,0.98722674,0.00026815,1.04e-06,32907,6,0.02284671,0.998867
359,7,32024447,0.97014545,0.01145398,0.0,0.00088569,0.00025865,0.9871289,0.00027177,1.01e-06,32781,6,0.02152543,0.9988673
359,8,32024448,0.97014652,0.01139487,0.0,0.00088433,0.000262,0.98718828,0.00026927,1.24e-06,36875,6,0.0219985,0.9988673
359,9,32024449,0.9701644,0.0114257,0.0,0.0008776,0.00026874,0.98715734,0.00026896,1.66e-06,32843,6,0.02225885,0.9988672
359,10,32024450,0.97014278,0.01134082,0.0,0.00088372,0.00026637,0.98723821,0.00026964,1.22e-06,32779,6,0.02209406,0.9988673
360,1,32024471,0.9983711,0.02216335,0.07775937,0.0,0.01554223,0.002441,0.0,0.88209406,65407,7,0.00419802,0.9999793
360,2,32024472,0.99838161,0.02219685,0.078803,0.0,0.01549104,0.00255825,0.0,0.88095086,65407,7,0.0042171,0.9999793
360,3,32024473,0.99837421,0.02213256,0.07903148,0.0,0.015664,0.00257462,0.0,0.88059733,65535,7,0.00466134,0.9999793
360,4,32024474,0.99837801,0.0220483,0.07789717,0.0,0.01584248,0.00240738,0.0,0.88180466,49023,7,0.00427966,0.9999793
360,5,32024475,0.99838459,0.02232719,0.07853975,0.0,0.01556854,0.0020474,0.0,0.88151712,63487,7,0.00481839,0.9999793
360,6,32024476,0.99838981,0.02226249,0.07812154,0.0,0.0155922,0.00236639,0.0,0.88165738,61439,7,0.00465941,0.9999793
360,7,32024477,0.99837449,0.02234768,0.07843078,0.0,0.0155704,0.0025131,0.0,0.88113804,61439,7,0.00455271,0.9999793
360,8,32024478,0.99838022,0.02203829,0.07717532,0.0,0.0158353,0.00260052,0.0,0.88235058,57343,7,0.00447657,0.9999793
360,9,32024479,0.9983787,0.02219784,0.07792975,0.0,0.01553823,0.00236974,0.0,0.88196444,53247,7,0.00450975,0.9999793
360,10,32024480,0.99838211,0.02215646,0.07910977,0.0,0.01560366,0.00246717,0.0,0.88066293,65407,7,0.00461548,0.9999793
361,1,32024501,0.99019401,0.04350847,0.04363877,0.0,0.00710986,0.70193971,7.407e-05,0.20372912,51978,6,0.04326089,3.1049151
361,2,32024502,0.99043641,0.04261124,0.0396867,0.0,0.00693634,0.70944723,5.644e-05,0.20126205,51978,6,0.04568909,3.1049151
361,3,32024503,0.99034043,0.04256423,0.04230365,0.0,0.00714612,0.7009812,6.235e-05,0.20694245,51978,6,0.04782093,3.1049151
361,4,32024504,0.99045941,0.04254708,0.03918715,0.0,0.00693226,0.71036213,5.995e-05,0.20091142,51978,6,0.04806443,3.1049151
361,5,32024505,0.9904431,0.04307367,0.04109051,0.0,0.00687795,0.70114552,4.57e-05,0.20776665,51978,6,0.04089501,3.1049151
361,6,32024506,0.99015262,0.04387626,0.04254683,0.0,0.00695865,0.70399707,9.129e-05,0.2025299,51978,6,0.03989303,3.1049151
361,7,32024507,0.99048878,0.04248255,0.03952947,0.0,0.00693354,0.70551095,7.036e-05,0.20547313,51978,6,0.04608764,3.1049151
361,8,32024508,0.99022708,0.04343603,0.04223522,0.0,0.00716626,0.69796892,5.866e-05,0.20913491,51978,6,0.04328773,3.1049151
361,9,32024509,0.99048587,0.04226803,0.03890273,0.0,0.0071174,0.70243523,4.78e-05,0.20922881,51978,6,0.04658438,3.1049151
361,10,32024510,0.99045483,0.04226695,0.04068425,0.0,0.00723284,0.695983,7.533e-05,0.21375763,51978,6,0.04685495,3.1049151
362,1,32024531,0.97391638,0.01394852,0.0,0.0013825,0.00502687,0.19353199,0.0,0.78611011,24543,7,0.00422155,0.9990478
362,2,32024532,0.97388395,0.01384717,0.0,0.0013829,0.00514136,0.18864957,0.0,0.79097901,24543,7,0.00409293,0.9990478
362,3,32024533,0.97390151,0.01383242,0.0,0.00138315,0.00517774,0.18219272,0.0,0.79741398,32735,7,0.00413513,0.9990478
362,4,32024534,0.97394827,0.01387667,0.0,0.00138159,0.0052084,0.17849695,0.0,0.80103639,24415,7,0.00419295,0.9990478
362,5,32024535,0.97389494,0.01399929,0.0,0.00138226,0.00506367,0.2061018,0.0,0.77345299,16351,7,0.0036463,0.9990478
362,6,32024536,0.97383964,0.01394548,0.0,0.00138287,0.00505191,0.1954246,0.0,0.78419514,40927,7,0.00385804,0.9990478
362,7,32024537,0.9739149,0.01380103,0.0,0.00138392,0.00519557,0.18933348,0.0,0.790286,57311,7,0.00456503,0.9990478
362,8,32024538,0.97376875,0.01385087,0.0,0.00138309,0.00528904,0.1874563,0.0,0.7920207,49119,7,0.00408351,0.9990478
362,9,32024539,0.97389142,0.01397635,0.0,0.00138379,0.00510068,0.19551603,0.0,0.78402315,20447,7,0.00415188,0.9989979
362,10,32024540,0.97396531,0.01393502,0.0,0.00138326,0.00515353,0.18162162,0.0,0.79790657,24543,7,0.00419195,0.9990478
363,1,32024561,0.98923942,0.05816065,0.01201886,0.0,0.00655492,0.76701451,0.0,0.15625107,53036,6,0.02314911,4.1811448
363,2,32024562,0.98928455,0.05481913,0.01093111,0.0,0.0062754,0.74404631,0.0,0.18392805,53036,6,0.0304611,4.1811448
363,3,32024563,0.98998118,0.04351958,0.00994372,0.0,0.00696645,0.73826899,0.0,0.20130126,44844,6,0.03166316,4.1811448
363,4,32024564,0.98918627,0.06347234,0.0139889,0.0,0.00679786,0.80178014,0.0,0.11396075,52764,6,0.04682112,4.1811449
363,5,32024565,0.98954821,0.05007464,0.01026888,0.0,0.00645496,0.74015336,0.0,0.19304816,53036,6,0.01845032,4.1811448
363,6,32024566,0.98919863,0.0630692,0.0137383,0.0,0.00688211,0.79785692,0.0,0.11845347,52764,6,0.04504824,4.1811449
363,7,32024567,0.98933318,0.05662436,0.01153887,0.0,0.00677167,0.75622299,0.0,0.16884212,53036,6,0.02204801,4.1811448
363,8,32024568,0.9896256,0.04984129,0.0104264,0.0,0.00673172,0.7452284,0.0,0.18777219,53036,6,0.01447347,4.1811448
363,9,32024569,0.98956796,0.05045541,0.01032062,0.0,0.00688471,0.7363979,0.0,0.19594136,53036,6,0.0136761,4.1811448
363,10,32024570,0.98939706,0.05390048,0.01126774,0.0,0.00671449,0.75764191,0.0,0.17047539,53036,6,0.01695547,4.1811448
364,1,32024591,0.96034552,0.05076171,0.18096288,2.687e-05,0.01406147,0.73450487,0.00942917,0.01025304,18823,6,0.05919205,0.9985581
364,2,32024592,0.95612474,0.05176963,0.18096065,6.511e-05,0.01514793,0.73171294,0.01186501,0.00847873,18823,6,0.06223,0.9985581
364,3,32024593,0.95945763,0.04940834,0.17946554,5.011e-05,0.01458036,0.73648615,0.01018008,0.00982941,18831,6,0.07581227,0.9986578
364,4,32024594,0.9618614,0.04973367,0.18319531,0.00011915,0.01411714,0.73376901,0.00803575,0.01102998,22927,6,0.07361929,0.9987077
364,5,32024595,0.96172677,0.04956263,0.18223227,1.439e-05,0.0134485,0.73519868,0.00920193,0.01034161,22927,6,0.06835408,0.9987077
364,6,32024596,0.95648978,0.05178088,0.18718556,4.395e-05,0.01469901,0.7254038,0.01167195,0.00921485,22927,6,0.05411085,0.9987077
364,7,32024597,0.96184588,0.05027562,0.18289844,7.867e-05,0.01417961,0.73491191,0.00788646,0.0097693,22927,6,0.06606735,0.9987077
364,8,32024598,0.96233297,0.05090953,0.18763217,5.004e-05,0.013861,0.72913105,0.00844395,0.00997226,18831,6,0.06244756,0.9986578
364,9,32024599,0.96112378,0.05077673,0.1823576,0.00010207,0.01433723,0.73587777,0.0082636,0.008285,22927,6,0.0589594,0.9987077
364,10,32024600,0.96386772,0.04976311,0.18064365,3.283e-05,0.0129773,0.73867823,0.00801767,0.00988722,18831,6,0.05669298,0.9986578
365,1,32024621,0.98484401,0.01440105,0.00355124,0.0,0.00835832,0.09534443,0.0,0.87834496,62975,7,0.00521859,0.999499
365,2,32024622,0.98482909,0.01433295,0.0035002,0.0,0.00844056,0.09011322,0.0,0.88361308,61431,7,0.0052074,0.9994657
365,3,32024623,0.98483208,0.01427898,0.00353186,0.0,0.00846071,0.09398186,0.0,0.8797466,32767,7,0.00552687,0.9994991
365,4,32024624,0.98482937,0.01426979,0.00344508,0.0,0.00850158,0.09060061,0.0,0.88318294,65535,7,0.00526015,0.9994991
365,5,32024625,0.98483624,0.01434657,0.00349952,0.0,0.00842692,0.09000711,0.0,0.88371988,63487,7,0.00516285,0.9994991
365,6,32024626,0.98483885,0.01432291,0.00337763,0.0,0.00853527,0.0899059,0.0,0.88385828,65535,7,0.00598143,0.9994991
365,7,32024627,0.98482835,0.0143282,0.00348192,0.0,0.00852748,0.09268567,0.0,0.88097673,49023,7,0.00502308,0.9994991
365,8,32024628,0.98483927,0.0142346,0.00347411,0.0,0.00850124,0.09137298,0.0,0.88241706,60927,7,0.00567091,0.999499
365,9,32024629,0.98483751,0.01433994,0.003481,0.0,0.00841984,0.08881174,0.0,0.88494748,63487,7,0.00534301,0.9994991
365,10,32024630,0.98483597,0.01432809,0.00347389,0.0,0.00840703,0.09113626,0.0,0.88265472,65535,7,0.00518148,0.9994991
366,1,32024651,0.98924124,0.05810603,0.01234017,0.0,0.00509292,0.79438707,0.0,0.13007381,51980,6,0.02970508,4.6350648
366,2,32024652,0.98911781,0.06611125,0.01527858,0.0,0.00521097,0.83373204,0.0,0.07966716,51084,6,0.05607515,4.6350649
366,3,32024653,0.98941874,0.05781759,0.01340105,0.0,0.00521367,0.81909131,0.0,0.10447637,51084,6,0.03224489,4.6350649
366,4,32024654,0.98951147,0.05305354,0.01169496,0.0,0.00515797,0.7940696,0.0,0.13602392,51980,6,0.01688687,4.6350648
366,5,32024655,0.98916571,0.06179933,0.01371189,0.0,0.00517093,0.80985662,0.0,0.10946121,51084,6,0.03001397,4.6350649
366,6,32024656,0.98999327,0.04414744,0.0108812,0.0,0.00531924,0.7936013,0.0,0.14605081,51978,6,0.03574832,4.6350648
366,7,32024657,0.98847814,0.05836358,0.00407492,0.0,0.00213333,0.88665148,0.0,0.04877669,42652,6,0.07104939,4.6350649
366,8,32024658,0.98983204,0.04739742,0.01130273,0.0,0.00529533,0.79273448,0.0,0.14327004,51978,6,0.0277547,4.6350648
366,9,32024659,0.98955643,0.05511716,0.01319427,0.0,0.00536686,0.8132713,0.0,0.11305042,51084,6,0.0285996,4.6350649
366,10,32024660,0.989343,0.05801686,0.01335987,0.0,0.00516727,0.8131097,0.0,0.1103463,51084,6,0.02659878,4.6350649
367,1,32024681,0.96907669,0.01159524,0.0,0.00144579,0.00046952,0.98636066,0.00011482,1.397e-05,32975,6,0.00689649,0.9986786
367,2,32024682,0.96853997,0.01123405,0.0,0.00144973,0.0003617,0.98681839,0.00013138,4.75e-06,39119,6,0.01152077,0.9986791
367,3,32024683,0.96773108,0.01001298,0.0,0.00146194,0.00032378,0.98805525,0.00014351,2.54e-06,39119,6,0.01108871,0.9986791
367,4,32024684,0.96770347,0.01003223,0.0,0.001463,0.00032763,0.98802827,0.00014565,3.23e-06,35023,6,0.01149043,0.9986791
367,5,32024685,0.96768409,0.00995993,0.0,0.00146424,0.00031615,0.98811243,0.00014494,2.3e-06,37007,6,0.0119936,0.9986787
367,6,32024686,0.96770733,0.01004309,0.0,0.00146164,0.00032045,0.98802963,0.0001425,2.7e-06,35023,6,0.01128731,0.9986791
367,7,32024687,0.96784565,0.01012941,0.0,0.00145937,0.00032442,0.98794374,0.00013974,3.34e-06,39119,6,0.01365058,0.9986791
367,8,32024688,0.96779856,0.01007579,0.0,0.00145575,0.00033083,0.9879961,0.0001375,4.02e-06,35023,6,0.01263045,0.9986791
367,9,32024689,0.96782394,0.01007173,0.0,0.00145946,0.00033658,0.98799204,0.0001372,3e-06,39119,6,0.01202803,0.9986791
367,10,32024690,0.96787583,0.01011971,0.0,0.00145353,0.00032802,0.98795898,0.00013701,2.75e-06,35023,6,0.01253175,0.9986791
368,1,32024711,0.9813709,0.05365783,0.4475894,0.0,0.02154838,0.01492087,0.00197959,0.46030393,44845,7,0.03334618,2.4075401
368,2,32024712,0.98060882,0.05596835,0.45431747,0.0,0.02196292,0.01440486,0.00207641,0.45127,44845,7,0.0260312,2.4075401
368,3,32024713,0.98054704,0.05600034,0.45411483,0.0,0.02187036,0.0151848,0.00218535,0.45064432,44845,7,0.02584787,2.4075401
368,4,32024714,0.98051935,0.05608894,0.45228769,0.0,0.02185332,0.01596672,0.00213436,0.45166896,44845,7,0.03373105,2.4075401
368,5,32024715,0.98109087,0.05524569,0.45742756,0.0,0.0211056,0.01505138,0.00198624,0.44918353,44845,7,0.02440606,2.4075401
368,6,32024716,0.98146944,0.05427082,0.46037531,0.0,0.02049477,0.01407401,0.00189776,0.44888734,44845,7,0.02488983,2.4075401
368,7,32024717,0.97993362,0.05744214,0.45244692,0.0,0.02266396,0.01573774,0.00228354,0.44942571,44845,7,0.02594149,2.4075401
368,8,32024718,0.9810754,0.0555299,0.45965023,0.0,0.02065256,0.01628073,0.00192403,0.44596256,44845,7,0.02554924,2.4075401
368,9,32024719,0.98083886,0.05558563,0.46166206,0.0,0.02102553,0.01546062,0.00215769,0.44410848,44845,7,0.02540661,2.4075401
368,10,32024720,0.98041275,0.05572667,0.45672193,0.0,0.02167602,0.01380278,0.00224611,0.44982648,44845,7,0.02792366,2.4075401
369,1,32024741,0.98514047,0.04503322,0.39421491,0.0,0.01810977,0.0,0.0005297,0.5421124,19210,7,0.02873822,1.8172443
369,2,32024742,0.98566282,0.04398476,0.38870934,0.0,0.01794547,0.0,0.00042849,0.54893194,19210,7,0.03111574,1.8172443
369,3,32024743,0.98534419,0.04431815,0.38846305,0.0,0.01833338,0.0,0.00042526,0.54846017,19210,7,0.02994611,1.8172443
369,4,32024744,0.98579999,0.04281667,0.38672432,0.0,0.01779874,0.0,0.00045115,0.55220911,19202,7,0.03256668,1.8172442
369,5,32024745,0.98515879,0.04382067,0.39931284,0.0,0.0178629,0.0,0.00056003,0.53844357,19210,7,0.03240709,1.8172443
369,6,32024746,0.98477403,0.04675578,0.38343931,0.0,0.01887489,0.0,0.00054339,0.55038663,19210,7,0.02746067,1.8172443
369,7,32024747,0.98525827,0.04442198,0.39098185,0.0,0.01834401,0.0,0.00054162,0.54571054,19210,7,0.03311774,1.8172443
369,8,32024748,0.98458963,0.04693227,0.38763795,0.0,0.01900589,0.0,0.00051538,0.54590851,19210,7,0.02627977,1.8172443
369,9,32024749,0.98497197,0.04429495,0.39310788,0.0,0.01881997,0.0,0.00049708,0.54328012,19210,7,0.03303333,1.8172443
369,10,32024750,0.98498651,0.04435677,0.38652207,0.0,0.0184087,0.0,0.00056477,0.55014769,19210,7,0.03163347,1.8172443
370,1,32024771,0.97509837,0.01259697,0.0,0.00117985,0.00626795,0.1293282,0.0,0.85062702,40959,7,0.00363105,0.9991244
370,2,32024772,0.97509143,0.01255935,0.0,0.00118124,0.00620213,0.14078581,0.0,0.83927147,57343,7,0.00400873,0.9991244
370,3,32024773,0.97509285,0.01248333,0.0,0.00118115,0.00621023,0.13506537,0.0,0.84505992,65535,7,0.00367111,0.9991244
370,4,32024774,0.975097,0.01261958,0.0,0.00118015,0.0062534,0.14203267,0.0,0.8379142,36863,7,0.00377361,0.9991244
370,5,32024775,0.97504633,0.0126109,0.0,0.00118105,0.00618867,0.14258039,0.0,0.837439,30207,7,0.00346723,0.9991243
370,6,32024776,0.97504357,0.01256185,0.0,0.0011811,0.00629642,0.13880478,0.0,0.84115584,57343,7,0.00400106,0.9991244
370,7,32024777,0.97511512,0.01258873,0.0,0.00118156,0.00617619,0.13566304,0.0,0.84439049,65535,7,0.00353696,0.9991244
370,8,32024778,0.97515414,0.01255327,0.0,0.00117697,0.00623907,0.13412114,0.0,0.84590955,24575,7,0.00328243,0.9991244
370,9,32024779,0.97508122,0.01251465,0.0,0.0011796,0.00626885,0.13498822,0.0,0.84504868,61439,7,0.00375336,0.9991244
370,10,32024780,0.97512763,0.01253599,0.0,0.00118358,0.00619775,0.13792426,0.0,0.84215842,57335,7,0.00387124,0.9990994
371,1,32024801,0.97964009,0.12713014,0.11322551,0.0,0.00210401,0.71835398,0.0,0.03918635,47867,4,0.05958228,4.9145441
371,2,32024802,0.98921576,0.05677948,0.0128519,0.0,0.00555741,0.77697514,0.0,0.14783607,53036,6,0.02376907,4.9152262
371,3,32024803,0.9892373,0.05543438,0.0128567,0.0,0.00558823,0.76019823,0.0,0.16592246,53036,6,0.02788615,4.9152262
371,4,32024804,0.98267134,0.10248311,0.07955284,0.0,0.00349751,0.73013081,0.0,0.08433573,47867,4,0.03730758,4.9145441
371,5,32024805,0.9891574,0.0584635,0.0112245,0.0,0.00508466,0.78251241,0.0,0.14271493,53036,6,0.02452651,4.9152262
371,6,32024806,0.98927599,0.05212093,0.01252812,0.0,0.00561307,0.76212564,0.0,0.16761224,53036,6,0.01842598,4.9152262
371,7,32024807,0.98921061,0.05669443,0.01207105,0.0,0.00530578,0.77593133,0.0,0.14999741,53036,6,0.02656327,4.9152262
371,8,32024808,0.98926621,0.04003352,0.0130822,0.0,0.00449902,0.82388926,0.0,0.11849599,43820,6,0.01781954,4.9152263
371,9,32024809,0.98934703,0.04780143,0.0124554,0.0,0.00592046,0.76016682,0.0,0.17365589,43820,6,0.01789053,4.9152263
371,10,32024810,0.98922077,0.05510112,0.01197169,0.0,0.00564021,0.75786881,0.0,0.16941817,53036,6,0.02842751,4.9152262
372,1,32024831,0.89405574,0.07077536,0.25422924,0.06525613,0.00696232,0.57777785,0.01905205,0.00594706,22927,6,0.02514668,0.9978244
372,2,32024832,0.88232251,0.07421589,0.25737235,0.07381466,0.00726168,0.55810646,0.02336555,0.00586341,22927,6,0.02437202,0.9978244
372,3,32024833,0.90687524,0.06058296,0.26121875,0.0502164,0.00650447,0.59603592,0.01924702,0.00619448,22663,6,0.02390194,0.9983742
372,4,32024834,0.91612019,0.05446039,0.26651689,0.03708401,0.0068527,0.60928056,0.019745,0.00606045,22927,6,0.02194936,0.9978244
372,5,32024835,0.90662508,0.05953719,0.26068166,0.04422097,0.00700014,0.60035445,0.02277596,0.00542963,22663,6,0.02298351,0.9983742
372,6,32024836,0.8797588,0.08156781,0.2428037,0.0778453,0.00733135,0.56467264,0.0214308,0.0043484,22927,6,0.01967357,0.9978244
372,7,32024837,0.90233037,0.06487013,0.26106911,0.05500613,0.0063301,0.58613361,0.02056265,0.00602827,22927,6,0.02804844,0.9978244
372,8,32024838,0.88131337,0.07804879,0.24411916,0.07706822,0.00682128,0.56778194,0.02138368,0.00477693,22927,6,0.01912135,0.9978244
372,9,32024839,0.84923866,0.10137659,0.23111761,0.11437157,0.00710853,0.51771952,0.02360208,0.0047041,22927,6,0.02365738,0.9978244
372,10,32024840,0.88948707,0.07128291,0.24680382,0.06545062,0.00688287,0.58144803,0.02370272,0.00442903,18831,6,0.01647501,0.9977745
373,1,32024861,0.99266946,0.01735652,0.06043376,0.0,0.011481,0.01915106,0.0,0.89157767,63359,7,0.00474007,0.9997873
373,2,32024862,0.9926584,0.01740289,0.06103809,0.0,0.01159393,0.01919757,0.0,0.89076753,65535,7,0.00522339,0.9997873
373,3,32024863,0.99265016,0.01751045,0.06223553,0.0,0.01142042,0.01976238,0.0,0.88907121,53247,7,0.00440974,0.9997873
373,4,32024864,0.99266569,0.01733356,0.06198292,0.0,0.01155564,0.01837097,0.0,0.89075691,65535,7,0.00564126,0.9997873
373,5,32024865,0.99265442,0.01741586,0.06165346,0.0,0.01149433,0.0208347,0.0,0.88860165,57343,7,0.00503599,0.9997873
373,6,32024866,0.9926624,0.01744057,0.06165904,0.0,0.01142827,0.01843242,0.0,0.8910397,49151,7,0.00529086,0.9997873
373,7,32024867,0.99264939,0.01735942,0.06233646,0.0,0.01168796,0.01921863,0.0,0.88939752,63487,7,0.00481697,0.9997873
373,8,32024868,0.99265907,0.01749938,0.06068136,0.0,0.01154516,0.0183477,0.0,0.8919264,65535,7,0.00533641,0.9997873
373,9,32024869,0.99264243,0.01749909,0.0624353,0.0,0.01156393,0.01981955,0.0,0.88868213,47103,7,0.00482984,0.9997873
373,10,32024870,0.99265005,0.01750066,0.06230922,0.0,0.01145558,0.01931403,0.0,0.88942051,63487,7,0.00502091,0.9997873
374,1,32024891,0.99016237,0.04376596,0.0104372,0.0,0.00592761,0.77656683,0.0,0.1633024,51978,6,0.04801921,3.9883508
374,2,32024892,0.98842046,0.04070246,0.00077814,0.0,0.00576848,0.95273672,0.0,1.419e-05,52554,6,0.10454944,3.9883509
374,3,32024893,0.98791029,0.05476905,0.00048507,0.0,0.00422933,0.94050281,0.0,1.374e-05,52316,6,0.06316636,3.9883509
374,4,32024894,0.99028103,0.04431051,0.01066013,0.0,0.00590709,0.77423406,0.0,0.16488821,51978,6,0.04448083,3.9883508
374,5,32024895,0.98796716,0.05480984,0.00217652,0.0,0.00447924,0.92689474,0.0,0.01163966,52316,6,0.05146721,3.9883509
374,6,32024896,0.99031274,0.04393132,0.01035118,0.0,0.00570403,0.77966809,0.0,0.16034539,51978,6,0.04897616,3.9883508
374,7,32024897,0.98938889,0.0477233,0.00776222,0.0,0.00521389,0.83443656,0.0,0.10486403,51978,6,0.02971941,3.9883508
374,8,32024898,0.98843279,0.0405095,0.00072557,0.0,0.00576873,0.95298219,0.0,1.401e-05,52554,6,0.10214381,3.9883509
374,9,32024899,0.99041453,0.04288689,0.00943616,0.0,0.00586485,0.77576497,0.0,0.16604713,51978,6,0.05054241,3.9883508
374,10,32024900,0.98989168,0.04501548,0.00897842,0.0,0.00574128,0.80122402,0.0,0.13904079,51978,6,0.04040039,3.9883508
375,1,32024921,0.9723984,0.01874521,0.0,0.00130888,0.00032567,0.97953949,7.66e-05,4.15e-06,8031,6,0.00461002,0.9989795
375,2,32024922,0.97221295,0.01862685,0.0,0.00130957,0.00032275,0.97966053,7.633e-05,3.97e-06,57183,6,0.00439752,0.9989795
375,3,32024923,0.97231179,0.01862316,0.0,0.00130981,0.00032009,0.97966682,7.66e-05,3.53e-06,65503,6,0.00435318,0.9989795
375,4,32024924,0.97230216,0.01865595,0.0,0.00131,0.00032434,0.97962938,7.648e-05,3.83e-06,65503,6,0.00454084,0.9989795
375,5,32024925,0.97230637,0.01864559,0.0,0.00131006,0.00032258,0.97964218,7.628e-05,3.31e-06,24543,6,0.00422623,0.9989795
375,6,32024926,0.9722962,0.01863496,0.0,0.0013097,0.00032078,0.97965467,7.633e-05,3.56e-06,61279,6,0.00407119,0.9989795
375,7,32024927,0.97237081,0.01864971,0.0,0.00130954,0.00031864,0.9796419,7.63e-05,3.92e-06,57311,6,0.00439028,0.9989795
375,8,32024928,0.97226003,0.01855419,0.0,0.00131023,0.00032686,0.97972914,7.627e-05,3.31e-06,24543,6,0.00463271,0.9989795
375,9,32024929,0.97236262,0.01868148,0.0,0.00130932,0.00032009,0.97960929,7.637e-05,3.45e-06,24543,6,0.00506584,0.9989795
375,10,32024930,0.97235766,0.01865347,0.0,0.00131073,0.00032706,0.97962816,7.646e-05,4.12e-06,24415,6,0.00510209,0.9989795
376,1,32024951,0.98991031,0.04874059,0.00929235,0.0,0.00784261,0.72608271,0.0,0.20804175,44844,6,0.0279933,3.7955568
376,2,32024952,0.98992426,0.04734426,0.00857925,0.0,0.00787899,0.72298865,0.0,0.21320885,44844,6,0.02943613,3.7955568
376,3,32024953,0.98925279,0.05808591,0.01149732,0.0,0.00721569,0.75688587,0.0,0.16631522,52764,6,0.02717721,3.7955569
376,4,32024954,0.98952131,0.05358706,0.01035542,0.0,0.00775782,0.74044347,0.0,0.18785623,52764,6,0.02327064,3.7955569
376,5,32024955,0.98982516,0.04776011,0.00874276,0.0,0.00725743,0.72726969,0.0,0.20897001,44844,6,0.02526866,3.7955568
376,6,32024956,0.99028122,0.04239456,0.00730273,0.0,0.00807129,0.7060358,0.0,0.23619562,44844,6,0.04219813,3.7955568
376,7,32024957,0.99029008,0.04239203,0.00745378,0.0,0.00781736,0.71283402,0.0,0.22950281,44844,6,0.04310617,3.7955568
376,8,32024958,0.98918471,0.05735332,0.01075539,0.0,0.00731127,0.74277296,0.0,0.18180706,53036,6,0.02383355,3.7955568
376,9,32024959,0.99028319,0.04239609,0.00746522,0.0,0.00789641,0.70970037,0.0,0.2325419,44844,6,0.04334623,3.7955568
376,10,32024960,0.98966401,0.04908935,0.00883159,0.0,0.00737568,0.7176163,0.0,0.21708709,44844,6,0.01569879,3.7955568
377,1,32024981,0.98500147,0.04726939,0.2396613,0.0,0.00676434,0.0,0.00011075,0.70619422,23175,7,0.20651477,0.9991828
377,2,32024982,0.98274892,0.04810992,0.23895053,0.0,0.00923193,0.0,0.00012433,0.70358328,23175,7,0.20122775,0.9991828
377,3,32024983,0.98506423,0.04685285,0.2399985,0.0,0.00693559,0.0,0.00010635,0.70610671,23175,7,0.19904507,0.9991828
377,4,32024984,0.98477539,0.04708483,0.2394343,0.0,0.00699905,0.0,0.000154,0.70632782,23175,7,0.19862036,0.9991828
377,5,32024985,0.98095199,0.04925103,0.23822792,0.0,0.01090508,0.0,0.0001629,0.70145308,23175,7,0.19356826,0.9991828
377,6,32024986,0.98477047,0.0473956,0.2380875,0.0,0.00701373,0.0,0.00010903,0.70739414,23175,7,0.19928353,0.9991828
377,7,32024987,0.98474424,0.04720638,0.24211375,0.0,0.00694622,0.0,0.00015065,0.703583,23175,7,0.19952464,0.9991828
377,8,32024988,0.98400701,0.04767582,0.24071245,0.0,0.00778834,0.0,0.00012447,0.70369892,23175,7,0.19947908,0.9991828
377,9,32024989,0.9847861,0.04738195,0.24144973,0.0,0.00695766,0.0,0.00013111,0.70407955,23175,7,0.19987657,0.9991828
377,10,32024990,0.98244408,0.04863895,0.23709812,0.0,0.0093032,0.0,0.00013247,0.70482724,23175,7,0.20689969,0.9991828
378,1,32025011,0.97963649,0.01349416,0.0,4.617e-05,0.00667282,0.11036278,0.0,0.86942406,61431,7,0.00445838,0.9992714
378,2,32025012,0.97965136,0.01347965,0.0,4.611e-05,0.00672969,0.10650797,0.0,0.87323658,7679,7,0.00448068,0.9993047
378,3,32025013,0.97965168,0.01355732,0.0,4.609e-05,0.00671637,0.11202085,0.0,0.86765937,32255,7,0.00444893,0.9993047
378,4,32025014,0.97965831,0.01341371,0.0,4.613e-05,0.0067232,0.10523586,0.0,0.87458109,65407,7,0.0052035,0.9993047
378,5,32025015,0.97963834,0.01349225,0.0,4.603e-05,0.00668411,0.11043247,0.0,0.86934514,30207,7,0.00437616,0.9993047
378,6,32025016,0.97965546,0.01349696,0.0,4.632e-05,0.00668886,0.10762349,0.0,0.87214437,53247,7,0.00513059,0.9993047
378,7,32025017,0.97966385,0.01339774,0.0,4.598e-05,0.00670677,0.10591333,0.0,0.87393618,57343,7,0.00481585,0.9993047
378,8,32025018,0.97965761,0.01348626,0.0,4.613e-05,0.00670102,0.11170907,0.0,0.86805752,16255,7,0.00431048,0.9993047
378,9,32025019,0.97964341,0.01343157,0.0,4.601e-05,0.00668365,0.10715741,0.0,0.87268136,30719,7,0.00473173,0.9993047
378,10,32025020,0.97964558,0.01344161,0.0,4.6e-05,0.00673974,0.109782,0.0,0.86999065,65023,7,0.00463909,0.9993047
379,1,32025041,0.86848263,0.65293395,0.34416493,0.0,0.00079088,0.0021039,0.0,6.35e-06,8354,4,0.20274347,5.148867
379,2,32025042,0.98033669,0.09598269,0.0379513,0.0,0.00446057,0.74369863,0.0,0.11790681,8354,4,0.01571194,5.148867
379,3,32025043,0.91126055,0.44132677,0.22436906,0.0,0.00221977,0.28096743,0.0,0.05111698,8354,4,0.12860105,5.148867
379,4,32025044,0.98969176,0.04437004,0.01285998,0.0,0.00512625,0.79485314,0.0,0.1427906,51978,6,0.03237675,5.1499956
379,5,32025045,0.98920479,0.05809098,0.01320471,0.0,0.00464938,0.80393868,0.0,0.12011625,51980,6,0.03016279,5.1499956
379,6,32025046,0.86861818,0.65211046,0.34429829,0.0,0.00076821,0.00281671,0.0,6.33e-06,8354,4,0.20267549,5.148867
379,7,32025047,0.86847892,0.65281199,0.34497588,0.0,0.00077288,0.00143288,0.0,6.36e-06,8354,4,0.19972531,5.148867
379,8,32025048,0.98921798,0.05719615,0.01295596,0.0,0.00475001,0.79441775,0.0,0.13068013,51980,6,0.0309763,5.1499956
379,9,32025049,0.8686281,0.65186477,0.34443781,0.0,0.00078319,0.0029079,0.0,6.33e-06,8354,4,0.20499751,5.148867
379,10,32025050,0.964353,0.17314974,0.08217085,0.0,0.00417623,0.63118874,0.0,0.10931444,8354,4,0.04366807,5.148867
380,1,32025071,0.96752121,0.00967796,0.0,0.00143627,0.00026922,0.98843007,0.00018483,1.65e-06,37071,6,0.01830233,0.9987222
380,2,32025072,0.96763544,0.00951749,0.0,0.00142944,0.00029524,0.98857477,0.00018176,1.31e-06,32975,6,0.01824112,0.9987222
380,3,32025073,0.96756747,0.00954391,0.0,0.00143535,0.00027839,0.98855568,0.00018537,1.3e-06,37071,6,0.01711017,0.9987222
380,4,32025074,0.9675929,0.00967309,0.0,0.00143283,0.00028056,0.98842642,0.00018567,1.44e-06,36943,6,0.01755043,0.9987225
380,5,32025075,0.96747404,0.00960666,0.0,0.00143512,0.00027687,0.98849394,0.00018569,1.72e-06,32975,6,0.01945494,0.9987222
380,6,32025076,0.96761405,0.0096231,0.0,0.00142936,0.00028382,0.98847794,0.00018443,1.35e-06,32911,6,0.01899342,0.9987222
380,7,32025077,0.96761316,0.00975803,0.0,0.00142896,0.00027922,0.98834502,0.00018652,2.24e-06,32975,6,0.01743251,0.9987222
380,8,32025078,0.96762891,0.00957917,0.0,0.00143048,0.00028509,0.98851928,0.00018445,1.52e-06,37007,6,0.0180234,0.9987223
380,9,32025079,0.96759192,0.00970309,0.0,0.00143082,0.00028387,0.98839655,0.00018412,1.55e-06,37071,6,0.01787164,0.9987222
380,10,32025080,0.96760926,0.00969424,0.0,0.00142934,0.00028883,0.98840012,0.00018569,1.78e-06,32911,6,0.01848587,0.9987222
381,1,32025101,0.99145079,0.03435546,0.22681001,7.1e-07,0.02521775,0.0,0.0003034,0.71331267,48941,7,0.06021518,1.5641275
381,2,32025102,0.99140093,0.03481962,0.22677547,8.8e-07,0.02493259,0.0,0.00029929,0.71317216,48941,7,0.05724199,1.5641275
381,3,32025103,0.99144202,0.03461679,0.22483224,6.9e-07,0.02507698,0.0,0.00029511,0.71517819,44845,7,0.05914781,1.5641275
381,4,32025104,0.99104504,0.03668605,0.2333238,8e-07,0.02445781,0.0,0.00030689,0.70522465,48941,7,0.04416492,1.5641275
381,5,32025105,0.99151969,0.03424533,0.2241909,6.1e-07,0.02536893,0.0,0.00029642,0.71589782,44845,7,0.06052777,1.5641275
381,6,32025106,0.99145405,0.03417398,0.22591534,9.1e-07,0.02519369,0.0,0.00031233,0.71440375,48941,7,0.06194025,1.5641275
381,7,32025107,0.99134835,0.03497298,0.22712692,1.5e-06,0.0249204,0.0,0.00029203,0.71268618,48941,7,0.05864654,1.5641275
381,8,32025108,0.99126756,0.03554432,0.23159584,6.4e-07,0.02475485,0.0,0.00029975,0.70780459,44845,7,0.05205649,1.5641275
381,9,32025109,0.99148974,0.03418897,0.22591851,6.2e-07,0.02522737,0.0,0.00031087,0.71435367,48941,7,0.05807034,1.5641275
381,10,32025110,0.99139575,0.03489018,0.22503661,5.1e-07,0.02501497,0.0,0.00029476,0.71476297,44845,7,0.05917357,1.5641275
382,1,32025131,0.98470096,0.05246524,0.17148681,0.0,0.01144519,0.50021686,0.00087648,0.26350941,51978,6,0.02441079,2.8486699
382,2,32025132,0.98396172,0.05411731,0.17635934,0.0,0.01172827,0.49805606,0.00095718,0.25878185,51978,6,0.02015441,2.8486699
382,3,32025133,0.98530052,0.05057787,0.17012376,0.0,0.01119432,0.50200764,0.00077688,0.26531954,51978,6,0.02522443,2.8486699
382,4,32025134,0.98525892,0.05199109,0.16792959,0.0,0.01109015,0.5113814,0.00080376,0.25680401,51978,6,0.02467118,2.8486699
382,5,32025135,0.98482305,0.0527962,0.17152305,0.0,0.01180882,0.49893303,0.00081658,0.26412233,51978,6,0.02328527,2.8486699
382,6,32025136,0.98527801,0.0508401,0.16441423,0.0,0.01151901,0.50420233,0.00077443,0.2682499,51970,6,0.02502689,2.8486366
382,7,32025137,0.98501242,0.0520993,0.16936393,0.0,0.011419,0.50577791,0.00080103,0.26053882,51978,6,0.02149397,2.8486699
382,8,32025138,0.9850046,0.05210296,0.17359283,0.0,0.01110751,0.50653964,0.00084041,0.25581665,51978,6,0.0248832,2.8486699
382,9,32025139,0.98476238,0.0517593,0.16930766,0.0,0.01170802,0.49985605,0.00083972,0.26652925,51978,6,0.02341114,2.8486699
382,10,32025140,0.98560598,0.05006987,0.16775856,0.0,0.01122878,0.5093196,0.00080939,0.26081379,51978,6,0.02756988,2.8486699
383,1,32025161,0.97225705,0.01317884,0.0,0.00138385,0.00529096,0.17032291,0.0,0.80982344,49119,7,0.00348086,0.9989885
383,2,32025162,0.97231856,0.01314803,0.0,0.00138318,0.00527648,0.16998682,0.0,0.81020549,61407,7,0.00404972,0.9989885
383,3,32025163,0.97231964,0.01296638,0.0,0.00138408,0.00538283,0.15674715,0.0,0.82351957,65503,7,0.00401437,0.9989885
383,4,32025164,0.97225559,0.01312449,0.0,0.0013829,0.00533778,0.16576869,0.0,0.81438613,32735,7,0.00378835,0.9989885
383,5,32025165,0.97229375,0.01323473,0.0,0.00138257,0.00525241,0.16533934,0.0,0.81479095,65503,7,0.00339523,0.9989885
383,6,32025166,0.97228877,0.01311722,0.0,0.00138165,0.0054695,0.16465651,0.0,0.81537511,16351,7,0.00406041,0.9989885
383,7,32025167,0.97233751,0.01309399,0.0,0.00138215,0.00539547,0.16132602,0.0,0.81880237,24543,7,0.00378929,0.9989885
383,8,32025168,0.97225088,0.01307538,0.0,0.00138407,0.00530472,0.17031057,0.0,0.80992525,32735,7,0.00396074,0.9989885
383,9,32025169,0.97222877,0.01305671,0.0,0.00138147,0.00538025,0.16745835,0.0,0.81272322,49119,7,0.0036205,0.9989885
383,10,32025170,0.9722705,0.01302615,0.0,0.00138313,0.00536935,0.16440107,0.0,0.8158203,61407,7,0.00383364,0.9989885
384,1,32025191,0.98958432,0.0468408,0.01081916,0.0,0.0063588,0.74447755,0.0,0.19150369,44844,6,0.02152782,4.880084
384,2,32025192,0.98922018,0.05611501,0.01135347,0.0,0.00604278,0.75790655,0.0,0.16858219,53036,6,0.02878885,4.880084
384,3,32025193,0.98757578,0.05564237,0.01223013,0.0,0.00614846,0.74274287,0.0,0.18323617,53036,6,0.01775709,4.880084
384,4,32025194,0.98937087,0.05377182,0.01171813,0.0,0.0061269,0.76523427,0.0,0.16314889,53036,6,0.01884852,4.880084
384,5,32025195,0.98975167,0.04309575,0.01047746,0.0,0.00681688,0.73753191,0.0,0.20207801,44844,6,0.03127169,4.880084
384,6,32025196,0.98822485,0.04239919,0.00017534,0.0,0.00318013,0.95423085,0.0,1.449e-05,42444,6,0.06429231,4.8800841
384,7,32025197,0.98922543,0.05614756,0.01128005,0.0,0.00608439,0.76019714,0.0,0.16629085,53036,6,0.02899765,4.880084
384,8,32025198,0.98931751,0.05796464,0.01321008,0.0,0.00644808,0.79333564,0.0,0.12904156,52764,6,0.03996247,4.8800841
384,9,32025199,0.98952117,0.04826033,0.01062534,0.0,0.00644485,0.73986421,0.0,0.19480528,44844,6,0.01671935,4.880084
384,10,32025200,0.98912585,0.05845475,0.01241789,0.0,0.00606778,0.77256692,0.0,0.15049265,53036,6,0.02492423,4.880084
385,1,32025221,0.95550491,0.04365243,0.21015282,0.01017509,0.00897097,0.70730666,0.0104758,0.00926622,22927,6,0.04331422,0.9982666
385,2,32025222,0.95869797,0.04326291,0.2104676,0.0068753,0.00937262,0.71171355,0.00965662,0.00865139,22927,6,0.02813433,0.9982666
385,3,32025223,0.96278458,0.04182727,0.21209259,0.00441655,0.0090227,0.71760767,0.00790998,0.00712326,22927,6,0.03624536,0.9982666
385,4,32025224,0.96021527,0.04284423,0.20868557,0.00704611,0.00902738,0.71680037,0.0088248,0.00677154,22927,6,0.03011954,0.9982666
385,5,32025225,0.96526215,0.03963128,0.21113106,0.00410701,0.00863515,0.72022623,0.0061235,0.01014577,22927,6,0.04452617,0.9982666
385,6,32025226,0.96612795,0.04138097,0.21137685,0.00560041,0.00827469,0.72093744,0.00475885,0.00767078,22927,6,0.03914283,0.9982666
385,7,32025227,0.95697334,0.04362958,0.21213623,0.01052968,0.00887921,0.70714323,0.00865337,0.00902871,22927,6,0.04254044,0.9982666
385,8,32025228,0.95523232,0.04460509,0.21189286,0.01182811,0.00947352,0.70493773,0.00946988,0.00779282,22927,6,0.03576414,0.9982666
385,9,32025229,0.96302404,0.04305704,0.21356615,0.00677654,0.00876698,0.71451179,0.00652191,0.00679959,22927,6,0.03260619,0.9982666
385,10,32025230,0.96128462,0.04342298,0.20926892,0.00736625,0.00889686,0.71634441,0.0073495,0.0073511,22927,6,0.0387053,0.9982666
386,1,32025251,0.98687172,0.01495294,0.02570944,0.0,0.00930627,0.07071779,0.0,0.87931357,63487,7,0.00538539,0.9995753
386,2,32025252,0.98686029,0.01497813,0.02546594,0.0,0.00922112,0.07460058,0.0,0.87573423,49151,7,0.00586213,0.9995753
386,3,32025253,0.98686768,0.01488605,0.02572471,0.0,0.00933727,0.06993938,0.0,0.8801126,63487,7,0.00506222,0.9995753
386,4,32025254,0.98686232,0.01495281,0.025378,0.0,0.00931468,0.06837234,0.0,0.88198217,65535,7,0.00558168,0.9995753
386,5,32025255,0.98687802,0.01476252,0.02459459,0.0,0.00932885,0.06854675,0.0,0.88276728,65023,7,0.00579414,0.9995753
386,6,32025256,0.98686171,0.01487127,0.02576615,0.0,0.00941209,0.07017235,0.0,0.87977814,48639,7,0.00567381,0.9995753
386,7,32025257,0.98686001,0.01502259,0.02558104,0.0,0.00919346,0.07270941,0.0,0.8774935,61439,7,0.00560014,0.9995753
386,8,32025258,0.9868703,0.01499378,0.02560558,0.0,0.0091464,0.07233637,0.0,0.87791787,63487,7,0.00585374,0.9995753
386,9,32025259,0.98686395,0.01488272,0.02582377,0.0,0.0092124,0.07288517,0.0,0.87719594,65023,7,0.00555421,0.9995753
386,10,32025260,0.98686961,0.01497063,0.02572544,0.0,0.00918037,0.07438482,0.0,0.87573873,61439,7,0.00553972,0.9995753
387,1,32025281,0.9889178,0.04540503,0.01469331,0.0,0.00376167,0.86104357,0.0,0.07509642,43786,6,0.01904103,4.8156566
387,2,32025282,0.99018497,0.04251275,0.00824432,0.0,0.00585201,0.77258961,0.0,0.17080131,51978,6,0.05529019,4.8156566
387,3,32025283,0.98961429,0.05010358,0.0103719,0.0,0.00540451,0.78609719,0.0,0.14802282,51978,6,0.02390709,4.8156566
387,4,32025284,0.99017167,0.04284973,0.00830734,0.0,0.00581577,0.77829048,0.0,0.16473668,51978,6,0.0557486,4.8156566
387,5,32025285,0.98987006,0.04731745,0.00924271,0.0,0.00574225,0.77906777,0.0,0.15862983,51978,6,0.03529215,4.8156566
387,6,32025286,0.98897819,0.06701573,0.01582009,0.0,0.00546949,0.83947079,0.0,0.07222391,51084,6,0.05920711,4.8156567
387,7,32025287,0.98912204,0.0599438,0.01263868,0.0,0.00541533,0.79636713,0.0,0.12563506,51980,6,0.02763346,4.8156566
387,8,32025288,0.98910642,0.0612578,0.01303154,0.0,0.00531564,0.80770062,0.0,0.1126944,51084,6,0.03308138,4.8156567
387,9,32025289,0.98912787,0.05999647,0.01234134,0.0,0.00535914,0.79656381,0.0,0.12573923,51980,6,0.02890138,4.8156566
387,10,32025290,0.98980159,0.04095602,0.01104847,0.0,0.00496802,0.80824246,0.0,0.13478504,51978,6,0.04867264,4.8156566
388,1,32025311,0.96998439,0.01696194,0.0,0.00133649,0.00034866,0.98126733,8.145e-05,4.13e-06,36559,6,0.00888631,0.9985485
388,2,32025312,0.97141355,0.01922672,0.0,0.0013156,0.00033916,0.97903758,7.674e-05,4.2e-06,24543,6,0.00458718,0.9989481
388,3,32025313,0.97146589,0.01909812,0.0,0.00131488,0.00033936,0.97916694,7.644e-05,4.26e-06,24543,6,0.00528947,0.9989481
388,4,32025314,0.96831307,0.01316999,0.0,0.00139262,0.00050299,0.98483448,7.645e-05,2.348e-05,63183,6,0.0087924,0.9987479
388,5,32025315,0.96899686,0.01494331,0.0,0.00136872,0.00044371,0.98315254,7.782e-05,1.391e-05,26319,6,0.00465067,0.9986978
388,6,32025316,0.96781708,0.01223398,0.0,0.00140618,0.00050818,0.98575188,7.648e-05,2.329e-05,59087,6,0.00833493,0.9987478
388,7,32025317,0.96721803,0.01188689,0.0,0.0013927,0.00045083,0.98616905,8.398e-05,1.656e-05,40655,6,0.01175048,0.9985485
388,8,32025318,0.96722711,0.01275812,0.0,0.00138078,0.00040433,0.98536141,8.849e-05,6.87e-06,36559,6,0.01729005,0.9985485
388,9,32025319,0.97149181,0.01918275,0.0,0.00131481,0.00033586,0.97908571,7.648e-05,4.4e-06,8031,6,0.00533008,0.9989481
388,10,32025320,0.97146883,0.01921877,0.0,0.00131512,0.00034628,0.97903983,7.668e-05,3.33e-06,32735,6,0.00430812,0.9989481
389,1,32025341,0.98419696,0.05428634,0.18261937,0.0,0.01292137,0.49100527,0.00193108,0.25723658,44844,6,0.02332727,3.1922825
389,2,32025342,0.98345848,0.05593778,0.17724801,0.0,0.01330606,0.49142934,0.00203445,0.26004437,48940,6,0.01977893,3.1923158
389,3,32025343,0.98391073,0.05527692,0.17873666,0.0,0.01321698,0.48692295,0.00184495,0.26400153,48940,6,0.02096611,3.1923158
389,4,32025344,0.9835493,0.05622697,0.17683598,0.0,0.01343049,0.48409126,0.00189412,0.26752118,44844,6,0.02385285,3.1922825
389,5,32025345,0.98300944,0.05655316,0.17851889,0.0,0.01403884,0.4844046,0.00222173,0.26426277,44844,6,0.02441865,3.1922825
389,6,32025346,0.98302189,0.05614389,0.18276867,0.0,0.01398,0.48844761,0.00208976,0.25657007,44844,6,0.02507705,3.1922825
389,7,32025347,0.98338785,0.05710005,0.1873765,0.0,0.01332118,0.48171366,0.00200172,0.25848688,48940,6,0.01775109,3.1923158
389,8,32025348,0.98317155,0.05694387,0.17872339,0.0,0.0140054,0.479823,0.00192882,0.26857552,44844,6,0.02163809,3.1922825
389,9,32025349,0.98314431,0.05569524,0.17714052,0.0,0.01388269,0.48478227,0.00216734,0.26633193,44844,6,0.02382853,3.1922825
389,10,32025350,0.98255374,0.05771449,0.17944757,0.0,0.01429862,0.49223078,0.00220728,0.25410125,44844,6,0.02547998,3.1922825
390,1,32025371,0.99020784,0.03440737,0.28932503,0.0,0.01943386,0.0,0.00011078,0.65672297,19202,7,0.0386262,1.3159799
390,2,32025372,0.99016954,0.03469315,0.28507367,0.0,0.01944889,0.0,0.00011526,0.66066903,19210,7,0.04212395,1.3159799
390,3,32025373,0.99012939,0.03482083,0.28054255,0.0,0.01970936,0.0,0.00012416,0.6648031,19210,7,0.03904479,1.3159799
390,4,32025374,0.99019681,0.0348512,0.2805775,0.0,0.01975473,0.0,0.00011401,0.66470255,19210,7,0.03939836,1.3159799
390,5,32025375,0.99025921,0.03365665,0.28613684,0.0,0.0195914,0.0,0.00010974,0.66050537,19210,7,0.04378078,1.3159799
390,6,32025376,0.99025521,0.03395099,0.28938886,0.0,0.01941129,0.0,0.00011401,0.65713484,19202,7,0.04245389,1.3159799
390,7,32025377,0.9901212,0.03563999,0.28136591,0.0,0.01935865,0.0,0.00011002,0.66352543,19210,7,0.03379937,1.3159799
390,8,32025378,0.99013047,0.03458813,0.28849355,0.0,0.01934281,0.0,0.00013,0.65744551,19202,7,0.03890873,1.3159799
390,9,32025379,0.99002219,0.03520531,0.28770913,0.0,0.019552,0.0,0.00012132,0.65741224,19210,7,0.03645941,1.3159799
390,10,32025380,0.99012882,0.03536011,0.28297267,0.0,0.01940214,0.0,0.00010998,0.6621551,19210,7,0.03777918,1.3159799
391,1,32025401,0.97458407,0.0121844,0.0,0.00094879,0.0063842,0.11391263,0.0,0.86656998,32767,7,0.00500875,0.9991136
391,2,32025402,0.97456382,0.01216269,0.0,0.00094771,0.00643192,0.11233178,0.0,0.8681259,61439,7,0.00476697,0.9991135
391,3,32025403,0.9745272,0.01212511,0.0,0.0009486,0.00658231,0.10965565,0.0,0.87068833,53247,7,0.00526496,0.9991135
391,4,32025404,0.97454593,0.01208028,0.0,0.00094883,0.00648912,0.11114535,0.0,0.86933642,45055,7,0.00470686,0.9991135
391,5,32025405,0.97451003,0.01213903,0.0,0.0009509,0.00642549,0.11778118,0.0,0.8627034,14335,7,0.00467256,0.9991136
391,6,32025406,0.97454484,0.01211843,0.0,0.00094734,0.00651953,0.10992123,0.0,0.87049347,57343,7,0.00487931,0.9991136
391,7,32025407,0.97454053,0.01210633,0.0,0.00094813,0.00647269,0.11356801,0.0,0.86690483,32767,7,0.00483615,0.9991136
391,8,32025408,0.97454366,0.01214078,0.0,0.00094663,0.00649693,0.10931954,0.0,0.87109612,63487,7,0.00446692,0.9991136
391,9,32025409,0.97453736,0.01203405,0.0,0.00095316,0.00648368,0.11563806,0.0,0.86489105,48639,7,0.00513663,0.9991135
391,10,32025410,0.97451496,0.01216203,0.0,0.000948,0.00646698,0.11358389,0.0,0.8668391,45055,7,0.00467134,0.9991135
392,1,32025431,0.98916298,0.05910272,0.02095293,0.0,0.004418,0.80454613,0.0,0.11098021,53036,6,0.02527751,5.5023937
392,2,32025432,0.97144872,0.22468668,0.18414267,0.0,0.00160669,0.56505494,0.0,0.02450902,8354,4,0.06132137,5.5011947
392,3,32025433,0.98919524,0.05743624,0.01882923,0.0,0.00428679,0.79728158,0.0,0.12216616,51980,6,0.02784311,5.5023937
392,4,32025434,0.98913727,0.06057897,0.01851502,0.0,0.00403256,0.82070794,0.0,0.09616551,53036,6,0.0231078,5.5023937
392,5,32025435,0.98922829,0.04489791,0.01951414,0.0,0.00470219,0.8004227,0.0,0.13046307,52010,6,0.02809566,5.5023938
392,6,32025436,0.98922954,0.04465784,0.02026869,0.0,0.00480632,0.79510799,0.0,0.13515916,53002,6,0.02952345,5.5023938
392,7,32025437,0.98923362,0.04502521,0.02024286,0.0,0.00463132,0.80245033,0.0,0.12765028,51978,6,0.02980548,5.5023937
392,8,32025438,0.93479084,0.54236431,0.45674247,0.0,0.00052072,0.00036362,0.0,8.88e-06,8930,4,0.29629915,5.5011945
392,9,32025439,0.97404647,0.19202699,0.15268062,0.0,0.00090046,0.65434731,0.0,4.462e-05,8354,4,0.04009542,5.5011947
392,10,32025440,0.98920576,0.05608143,0.02036812,0.0,0.00448441,0.79596116,0.0,0.12310489,51980,6,0.02501884,5.5023937
393,1,32025461,0.96609283,0.01219217,0.01451146,0.00044277,0.00031321,0.972114,0.00042547,9.3e-07,32843,6,0.02780517,0.9988111
393,2,32025462,0.96560089,0.01258065,0.01541835,0.00047777,0.00038255,0.97032372,0.00081555,1.41e-06,32843,6,0.02679437,0.9988111
393,3,32025463,0.96608869,0.01220316,0.01458578,0.00044786,0.00031951,0.97201734,0.00042533,1.03e-06,32777,6,0.02611139,0.9988112
393,4,32025464,0.96607778,0.01220854,0.01497111,0.00044563,0.0003221,0.97162457,0.00042678,1.27e-06,32779,6,0.02714154,0.9988112
393,5,32025465,0.96610844,0.01221441,0.0145157,0.00044807,0.00032862,0.97207155,0.00042061,1.05e-06,32777,6,0.02665203,0.9988112
393,6,32025466,0.96610165,0.0122396,0.01475536,0.00045173,0.00032515,0.97180669,0.0004206,8.7e-07,32843,6,0.02566076,0.9988111
393,7,32025467,0.96612699,0.01227739,0.01508721,0.00044609,0.00032525,0.97144304,0.00042017,8.6e-07,32841,6,0.02837784,0.9988111
393,8,32025468,0.96607398,0.01220194,0.01482199,0.00044826,0.00031967,0.97178381,0.00042332,1.01e-06,32843,6,0.02745874,0.9988111
393,9,32025469,0.96609092,0.01220761,0.01462839,0.00045417,0.00032099,0.97196041,0.00042744,1e-06,32841,6,0.0266162,0.9988111
393,10,32025470,0.96608809,0.01218085,0.01495523,0.00044977,0.00032418,0.97166756,0.0004213,1.11e-06,32777,6,0.02628885,0.9988112
394,1,32025491,0.99627138,0.01929366,0.07335681,0.0,0.0134219,0.00694246,0.0,0.88698517,65023,7,0.00501026,0.99991
394,2,32025492,0.99627666,0.01915565,0.07233953,0.0,0.01338192,0.00682191,0.0,0.88830098,16383,7,0.00462737,0.9999101
394,3,32025493,0.99628114,0.0191893,0.07138624,0.0,0.01335314,0.00595204,0.0,0.89011929,65535,7,0.00509959,0.9999101
394,4,32025494,0.99628498,0.0192144,0.07277538,0.0,0.01326469,0.00661507,0.0,0.88813045,65535,7,0.00478116,0.9999101
394,5,32025495,0.99627434,0.01917714,0.07178028,0.0,0.01340161,0.00649424,0.0,0.88914673,32767,7,0.00464144,0.9999101
394,6,32025496,0.99627693,0.01917135,0.07203518,0.0,0.01344005,0.00673349,0.0,0.88861992,49151,7,0.00489925,0.9999101
394,7,32025497,0.99626542,0.01928965,0.07271408,0.0,0.01343856,0.00648758,0.0,0.88807014,65407,7,0.00458737,0.9999101
394,8,32025498,0.99628184,0.01910258,0.07216175,0.0,0.01340679,0.00632386,0.0,0.88900503,63359,7,0.00472906,0.9999101
394,9,32025499,0.99628238,0.01896604,0.0716754,0.0,0.01337173,0.00676168,0.0,0.88922515,49151,7,0.00511023,0.9999101
394,10,32025500,0.99626867,0.01904241,0.0724067,0.0,0.01359302,0.00684304,0.0,0.88811483,57343,7,0.00477166,0.9999101
395,1,32025521,0.99031858,0.04264505,0.03727187,0.0,0.00660229,0.72152186,2.903e-05,0.1919299,51978,6,0.0453077,3.9068405
395,2,32025522,0.99019441,0.04303668,0.03829424,0.0,0.00667199,0.7168021,2.32e-05,0.1951718,51978,6,0.04125988,3.9068405
395,3,32025523,0.9900237,0.04365299,0.04053743,0.0,0.0067949,0.71462645,4.561e-05,0.19434263,51978,6,0.04021293,3.9068405
395,4,32025524,0.99009936,0.04356494,0.04004315,0.0,0.00661707,0.71482028,4.584e-05,0.19490871,51978,6,0.04122112,3.9068405
395,5,32025525,0.99045873,0.04174719,0.03419436,0.0,0.006459,0.730452,1.883e-05,0.18712861,51978,6,0.04914295,3.9068405
395,6,32025526,0.99021712,0.04205934,0.03600789,0.0,0.00673207,0.71837216,4.037e-05,0.19678817,51978,6,0.0469378,3.9068405
395,7,32025527,0.99049219,0.04171424,0.03416195,0.0,0.00660021,0.72134473,1.87e-05,0.19616017,51978,6,0.04417114,3.9068405
395,8,32025528,0.99016609,0.04376011,0.04027043,0.0,0.00657374,0.7174047,3.293e-05,0.19195809,51978,6,0.04108366,3.9068405
395,9,32025529,0.98999396,0.04337704,0.0383073,0.0,0.00686426,0.71468625,6.189e-05,0.19670325,51978,6,0.04422651,3.9068405
395,10,32025530,0.99043183,0.04186362,0.03610639,0.0,0.0064102,0.73087961,2.658e-05,0.18471361,51978,6,0.04819673,3.9068405
396,1,32025551,0.96982631,0.01808208,0.0,0.00131091,0.00031359,0.98021373,7.638e-05,3.3e-06,40927,6,0.00431205,0.9988793
396,2,32025552,0.96983501,0.01798237,0.0,0.00130922,0.00031244,0.98031646,7.621e-05,3.29e-06,40927,6,0.00444093,0.9988793
396,3,32025553,0.96976113,0.01806048,0.0,0.00130777,0.00031252,0.98023915,7.638e-05,3.7e-06,57175,6,0.00423965,0.9988543
396,4,32025554,0.96975629,0.01796508,0.0,0.00131079,0.00031489,0.98032947,7.652e-05,3.24e-06,24543,6,0.00430178,0.9988793
396,5,32025555,0.96994321,0.01804382,0.0,0.00131087,0.00031071,0.98025523,7.614e-05,3.23e-06,16351,6,0.00425336,0.9988793
396,6,32025556,0.9698699,0.01813712,0.0,0.00131024,0.00030974,0.980163,7.633e-05,3.56e-06,57311,6,0.00416479,0.9988793
396,7,32025557,0.9699184,0.0180047,0.0,0.00131059,0.00031155,0.98029418,7.608e-05,2.9e-06,57311,6,0.00502122,0.9988793
396,8,32025558,0.96980565,0.01818263,0.0,0.00131002,0.00030952,0.98011782,7.653e-05,3.48e-06,45023,6,0.00423968,0.9988793
396,9,32025559,0.96974682,0.01798817,0.0,0.00130998,0.00031163,0.98031056,7.62e-05,3.46e-06,65503,6,0.00391325,0.9988793
396,10,32025560,0.96980758,0.01799372,0.0,0.00130978,0.00030877,0.98030782,7.63e-05,3.62e-06,65503,6,0.00438863,0.9988793
397,1,32025581,0.98918151,0.06524077,0.01513861,0.0,0.0069825,0.81527526,0.0,0.09736286,52764,6,0.06118311,4.6209104
397,2,32025582,0.98990362,0.0447865,0.00895715,0.0,0.00711272,0.72297385,0.0,0.21616979,44844,6,0.02559492,4.6209103
397,3,32025583,0.98949404,0.05043236,0.00909916,0.0,0.00672236,0.72486585,0.0,0.20888025,53036,6,0.02445363,4.6209103
397,4,32025584,0.98922218,0.06238369,0.01312989,0.0,0.00678832,0.79715379,0.0,0.12054431,52764,6,0.04425101,4.6209104
397,5,32025585,0.98921931,0.05723234,0.01149691,0.0,0.00671937,0.75576401,0.0,0.16878737,53036,6,0.02768162,4.6209103
397,6,32025586,0.98987022,0.04420206,0.00928201,0.0,0.00706633,0.73047705,0.0,0.20897255,44844,6,0.02738296,4.6209103
397,7,32025587,0.98956528,0.05324867,0.0110127,0.0,0.0070363,0.75430654,0.0,0.17439578,52764,6,0.02227045,4.6209104
397,8,32025588,0.98923569,0.05914529,0.01238254,0.0,0.00681668,0.76990861,0.0,0.15174688,52764,6,0.03154411,4.6209104
397,9,32025589,0.9881229,0.04869569,0.00031662,0.0,0.00422918,0.946744,0.0,1.45e-05,42444,6,0.04128968,4.6209104
397,10,32025590,0.98945876,0.0510718,0.00932186,0.0,0.00667698,0.72835818,0.0,0.20457119,53036,6,0.02674902,4.6209103
398,1,32025611,0.87896813,0.07585407,0.3682337,0.0,0.04024955,0.0,0.04160895,0.47405373,23175,7,0.12369374,0.9987543
398,2,32025612,0.87662967,0.07617175,0.36554608,0.0,0.04210664,0.0,0.04251148,0.47366405,23175,7,0.12495952,0.9987543
398,3,32025613,0.89356904,0.06849991,0.367832,0.0,0.03688579,0.0,0.03428088,0.49250142,23175,7,0.12460117,0.9987543
398,4,32025614,0.88623689,0.0725299,0.36683015,0.0,0.03916798,0.0,0.03730346,0.48416852,23175,7,0.13151433,0.9987543
398,5,32025615,0.88844555,0.07119994,0.37109164,0.0,0.03742439,0.0,0.03803303,0.48225101,23175,7,0.12684036,0.9987543
398,6,32025616,0.87251848,0.08014441,0.36745825,0.0,0.04443051,0.0,0.04079215,0.46717468,23175,7,0.12465009,0.9987543
398,7,32025617,0.88195818,0.07395047,0.36988484,0.0,0.04089799,0.0,0.03906255,0.47620414,23175,7,0.1219924,0.9987543
398,8,32025618,0.87953945,0.07554045,0.37026479,0.0,0.04323756,0.0,0.03801537,0.47294183,23175,7,0.12410641,0.9987543
398,9,32025619,0.87786973,0.07550299,0.36407386,0.0,0.0406654,0.0,0.04177163,0.47798613,23175,7,0.12641225,0.9987543
398,10,32025620,0.88346396,0.07364638,0.36795541,0.0,0.03978584,0.0,0.03856287,0.4800495,23175,7,0.12497282,0.9987543
399,1,32025641,0.98091848,0.0130278,0.00282739,0.0,0.00674468,0.08503984,0.0,0.8923603,65535,7,0.0055871,0.9993492
399,2,32025642,0.98093117,0.0129408,0.00277676,0.0,0.0068541,0.08173497,0.0,0.89569336,65535,7,0.00552269,0.9993492
399,3,32025643,0.98091517,0.01304594,0.0027891,0.0,0.00672405,0.08400448,0.0,0.89343643,54783,7,0.00520467,0.9993491
399,4,32025644,0.9809404,0.01295532,0.00280432,0.0,0.00680959,0.08373005,0.0,0.89370072,24575,7,0.00534785,0.9993492
399,5,32025645,0.98091758,0.01298075,0.00288681,0.0,0.00668808,0.08515762,0.0,0.89228674,57343,7,0.00589608,0.9993492
399,6,32025646,0.98092058,0.0130374,0.00282933,0.0,0.00672909,0.08191872,0.0,0.89548546,65535,7,0.00558848,0.9993492
399,7,32025647,0.98091979,0.01298107,0.00280184,0.0,0.00682306,0.08326872,0.0,0.8941253,57343,7,0.00594241,0.9993492
399,8,32025648,0.98094012,0.01292798,0.00266757,0.0,0.00684162,0.07935143,0.0,0.8982114,57343,7,0.00605081,0.9993492
399,9,32025649,0.98092541,0.01297464,0.00280788,0.0,0.00680964,0.0830132,0.0,0.89439464,61439,7,0.00575634,0.9993492
399,10,32025650,0.98091617,0.01292746,0.00280064,0.0,0.00668155,0.0826645,0.0,0.89492586,65535,7,0.00569965,0.9993492
400,1,32025671,0.98986623,0.04322889,0.01099281,0.0,0.00523189,0.79369957,0.0,0.14684684,51978,6,0.03586121,5.5463214
400,2,32025672,0.98967484,0.04696816,0.01151814,0.0,0.00503304,0.79056703,0.0,0.14591362,51978,6,0.02544985,5.5463214
400,3,32025673,0.98912879,0.06165739,0.01391493,0.0,0.0048591,0.81761954,0.0,0.10194904,51084,6,0.03549776,5.5463215
400,4,32025674,0.98917834,0.05845381,0.0126261,0.0,0.0048738,0.80115925,0.0,0.12288704,51980,6,0.02877777,5.5463214
400,5,32025675,0.98914325,0.06072643,0.01363247,0.0,0.00505282,0.81382333,0.0,0.10676495,51084,6,0.03098362,5.5463215
400,6,32025676,0.98929396,0.05401177,0.01152529,0.0,0.00484832,0.78687811,0.0,0.14273651,51980,6,0.03011008,5.5463214
400,7,32025677,0.98913508,0.06128372,0.01359747,0.0,0.0048166,0.81956731,0.0,0.1007349,51084,6,0.03156493,5.5463215
400,8,32025678,0.98919095,0.05950561,0.01341822,0.0,0.00488214,0.81175439,0.0,0.11043964,51084,6,0.02741433,5.5463215
400,9,32025679,0.98968497,0.04903211,0.01251585,0.0,0.00535384,0.80698957,0.0,0.12610863,51978,6,0.02779978,5.5463214
400,10,32025680,0.98949388,0.05079064,0.01158345,0.0,0.00490148,0.79738899,0.0,0.13533543,51978,6,0.01733466,5.5463214
401,1,32025701,0.96389165,0.00948379,0.0,0.00147076,0.00033615,0.98855807,0.00014903,2.2e-06,32911,6,0.012908,0.9985596
401,2,32025702,0.96757664,0.01374631,0.0,0.00142319,0.00064152,0.98408625,8.392e-05,1.881e-05,30927,6,0.00575568,0.9987598
401,3,32025703,0.96391914,0.00952229,0.0,0.00147398,0.00031424,0.98853783,0.000149,2.66e-06,37071,6,0.01239644,0.9985595
401,4,32025704,0.9640687,0.0096362,0.0,0.00146565,0.00032749,0.9884211,0.00014683,2.74e-06,35023,6,0.01328074,0.9985601
401,5,32025705,0.96398005,0.00948901,0.0,0.00146609,0.00035522,0.9885396,0.00014769,2.38e-06,39119,6,0.01406517,0.9985601
401,6,32025706,0.96378237,0.00952301,0.0,0.00147622,0.00032918,0.98851695,0.00015267,1.97e-06,37007,6,0.01327987,0.9985596
401,7,32025707,0.96402284,0.00957071,0.0,0.00146659,0.00034896,0.98846288,0.00014804,2.81e-06,39055,6,0.01257177,0.9985602
401,8,32025708,0.96388801,0.00942498,0.0,0.00147241,0.00031436,0.98863496,0.00015104,2.25e-06,32975,6,0.01255599,0.9985595
401,9,32025709,0.96394253,0.00946057,0.0,0.00146985,0.00031715,0.9885981,0.00015163,2.7e-06,37007,6,0.01201023,0.9985596
401,10,32025710,0.9640267,0.00968544,0.0,0.00146496,0.00032831,0.98837182,0.00014693,2.55e-06,32911,6,0.01335726,0.9985596
402,1,32025731,0.98905262,0.03732205,0.41560249,0.0,0.01724075,0.0,0.00039796,0.52943675,44845,7,0.05597418,2.367029
402,2,32025732,0.98909867,0.0373641,0.4129466,0.0,0.01704657,0.0,0.0003254,0.53231732,44845,7,0.05987581,2.367029
402,3,32025733,0.98892713,0.03824926,0.41010339,0.0,0.0170239,0.0,0.00036088,0.53426257,48941,7,0.04925812,2.367029
402,4,32025734,0.98889668,0.03804506,0.41406027,0.0,0.01723655,0.0,0.00037798,0.53028014,44845,7,0.05307248,2.367029
402,5,32025735,0.98883438,0.03851528,0.41358155,0.0,0.01723532,0.0,0.00035404,0.5303138,48941,7,0.04953436,2.367029
402,6,32025736,0.98885917,0.03782695,0.41351253,0.0,0.0172278,0.0,0.00052027,0.53091245,44845,7,0.05256464,2.367029
402,7,32025737,0.98900252,0.03770305,0.40816632,0.0,0.01722842,0.0,0.00040848,0.53649372,44845,7,0.0536657,2.367029
402,8,32025738,0.98866917,0.03846818,0.41567492,0.0,0.01735699,0.0,0.00039574,0.52810417,44845,7,0.04735237,2.367029
402,9,32025739,0.9885561,0.03972533,0.41886415,0.0,0.01695949,0.0,0.00037193,0.5240791,44845,7,0.04114077,2.367029
402,10,32025740,0.98879197,0.03872182,0.41355501,0.0,0.01724497,0.0,0.00040499,0.53007322,44845,7,0.04846691,2.367029
403,1,32025761,0.97660501,0.05702289,0.47404918,0.0,0.02121802,0.0,0.00148999,0.44621991,19210,7,0.02284004,2.4839698
403,2,32025762,0.97704466,0.05644082,0.47220645,0.0,0.02065927,0.0,0.00141018,0.44928328,19202,7,0.02220357,2.4839698
403,3,32025763,0.9771159,0.05514693,0.4752504,0.0,0.02039752,0.0,0.00141999,0.44778516,19210,7,0.0221161,2.4839698
403,4,32025764,0.97733882,0.05659377,0.46581344,0.0,0.02124366,0.0,0.00126154,0.45508761,19210,7,0.02154885,2.4839698
403,5,32025765,0.97611584,0.05732993,0.47313862,0.0,0.02118973,0.0,0.0015437,0.44679801,19210,7,0.02341495,2.4839698
403,6,32025766,0.97686605,0.0570955,0.46740329,0.0,0.0211878,0.0,0.00141973,0.45289367,19210,7,0.02183815,2.4839698
403,7,32025767,0.97699353,0.05589379,0.47170211,0.0,0.0206115,0.0,0.00144285,0.45034975,19202,7,0.0225237,2.4839698
403,8,32025768,0.97749037,0.0553163,0.47677843,0.0,0.02017183,0.0,0.0013495,0.44638394,19210,7,0.02179841,2.4839698
403,9,32025769,0.97715937,0.05705306,0.46882001,0.0,0.02059983,0.0,0.00133275,0.45219435,19210,7,0.02018825,2.4839698
403,10,32025770,0.97736288,0.05573478,0.47645197,0.0,0.01998283,0.0,0.0014802,0.44635022,19210,7,0.02093194,2.4839698
404,1,32025791,0.97052352,0.01210497,0.0,0.00138175,0.00576008,0.13110746,0.0,0.84964573,61407,7,0.00345569,0.9989335
404,2,32025792,0.97043864,0.01214174,0.0,0.00138166,0.00579729,0.13954967,0.0,0.84112965,65535,7,0.00364986,0.9989336
404,3,32025793,0.97049289,0.01215027,0.0,0.00137965,0.0057391,0.14284154,0.0,0.83788944,63359,7,0.00354621,0.9989336
404,4,32025794,0.97045373,0.01225775,0.0,0.00138421,0.00571343,0.14522694,0.0,0.83541767,16351,7,0.00312727,0.9989335
404,5,32025795,0.97045955,0.01228585,0.0,0.0013815,0.00573423,0.14232406,0.0,0.83827436,40959,7,0.00312199,0.9989336
404,6,32025796,0.9704673,0.01222419,0.0,0.00138089,0.00567779,0.14556572,0.0,0.8351514,32639,7,0.00329611,0.9989336
404,7,32025797,0.97050663,0.01219498,0.0,0.00138065,0.00575704,0.14110495,0.0,0.83956239,32735,7,0.00324448,0.9989335
404,8,32025798,0.97044831,0.01215712,0.0,0.00138045,0.00580318,0.13547056,0.0,0.84518869,16383,7,0.00320481,0.9989336
404,9,32025799,0.97051045,0.01208468,0.0,0.0013809,0.00574626,0.13158722,0.0,0.84920095,30687,7,0.00324562,0.9989335
404,10,32025800,0.97053722,0.01221368,0.0,0.00138158,0.00562471,0.14384112,0.0,0.83693891,30591,7,0.00328615,0.9989336
405,1,32025821,0.89242263,0.63914234,0.35804499,0.0,0.00096904,0.00183691,0.0,6.73e-06,47867,4,0.21075283,5.6562867
405,2,32025822,0.89230492,0.63936102,0.35814796,0.0,0.00097215,0.00151213,0.0,6.73e-06,47867,4,0.21001272,5.6562867
405,3,32025823,0.9892165,0.05457652,0.01130023,0.0,0.00545582,0.75941084,0.0,0.16925659,53036,6,0.03097336,5.6571169
405,4,32025824,0.89236438,0.63905526,0.35809772,0.0,0.00097979,0.00186043,0.0,6.8e-06,47867,4,0.21516444,5.6562867
405,5,32025825,0.89248461,0.63862963,0.35837909,0.0,0.00097307,0.00201147,0.0,6.75e-06,47867,4,0.2125392,5.6562867
405,6,32025826,0.9892215,0.0583538,0.01259925,0.0,0.00551477,0.80132396,0.0,0.12220821,52764,6,0.02907029,5.657117
405,7,32025827,0.89226164,0.63916812,0.35751922,0.0,0.00098852,0.00231732,0.0,6.82e-06,47867,4,0.21152453,5.6562867
405,8,32025828,0.89221429,0.6400179,0.3573941,0.0,0.00098167,0.00159959,0.0,6.75e-06,47867,4,0.21310323,5.6562867
405,9,32025829,0.98955161,0.04326767,0.0115657,0.0,0.0061241,0.76050025,0.0,0.17854229,44844,6,0.03035016,5.6571169
405,10,32025830,0.98955485,0.04320215,0.01104003,0.0,0.00621121,0.75801188,0.0,0.18153472,44844,6,0.03577737,5.6571169
406,1,32025851,0.88107655,0.07881423,0.18394026,0.09272068,0.00813717,0.61770265,0.0162081,0.0024769,23104,2,0.02282212,0.498581
406,2,32025852,0.90013742,0.06995352,0.18654848,0.06610204,0.00823766,0.64790257,0.0190699,0.00218582,6095,6,0.01856836,0.9985947
406,3,32025853,0.90057254,0.06921998,0.18780856,0.07129318,0.00777793,0.64661742,0.01483591,0.00244702,22927,6,0.01907126,0.9977433
406,4,32025854,0.91443684,0.06174164,0.20184998,0.0547375,0.00793765,0.65703471,0.01315807,0.00354045,22927,6,0.02090643,0.9977433
406,5,32025855,0.88636834,0.07643209,0.18639645,0.08522311,0.00828605,0.62312784,0.01817034,0.00236413,23105,2,0.01919514,0.4985935
406,6,32025856,0.91156473,0.06168605,0.18870934,0.05298265,0.00810039,0.66953653,0.01663906,0.00234599,6095,6,0.0195901,0.9985947
406,7,32025857,0.91819016,0.06138454,0.19934836,0.05178055,0.00810334,0.6649394,0.01168943,0.00275438,6095,6,0.02251836,0.9985947
406,8,32025858,0.91103526,0.06140849,0.20604129,0.05224515,0.00817247,0.65200128,0.01616913,0.00396219,18823,6,0.0231181,0.9975937
406,9,32025859,0.89121764,0.07190689,0.19586004,0.07921118,0.00833334,0.62411115,0.01712489,0.00345251,22927,6,0.02084822,0.9977433
406,10,32025860,0.91965207,0.0578304,0.19633114,0.04286382,0.00812081,0.67525527,0.01616153,0.00343704,6095,6,0.01814472,0.9985947
407,1,32025881,0.98967844,0.01560937,0.03208212,0.0,0.01035458,0.05167943,0.0,0.8902745,63359,7,0.00553529,0.9996764
407,2,32025882,0.98967993,0.01552788,0.03104187,0.0,0.01041274,0.05104294,0.0,0.89197457,49151,7,0.00536552,0.9996764
407,3,32025883,0.98967206,0.01552034,0.03129174,0.0,0.01035659,0.0514716,0.0,0.89135975,32767,7,0.00531732,0.9996764
407,4,32025884,0.9896763,0.01560671,0.03165079,0.0,0.01030775,0.05150716,0.0,0.89092758,62975,7,0.00551092,0.9996764
407,5,32025885,0.98967774,0.01554565,0.03171945,0.0,0.0103267,0.05012406,0.0,0.89228414,63487,7,0.00543676,0.9996764
407,6,32025886,0.98968019,0.01551379,0.03157276,0.0,0.01026974,0.05139304,0.0,0.89125068,49151,7,0.00564367,0.9996764
407,7,32025887,0.98967804,0.01560812,0.0315889,0.0,0.01032197,0.05008655,0.0,0.89239447,65535,7,0.00557342,0.9996764
407,8,32025888,0.98967604,0.01563087,0.03160409,0.0,0.01025341,0.05269535,0.0,0.88981628,49151,7,0.00538865,0.9996764
407,9,32025889,0.98968071,0.01561025,0.03085438,0.0,0.01023031,0.05164034,0.0,0.89166473,65407,7,0.00578468,0.9996764
407,10,32025890,0.98967945,0.01547277,0.03170879,0.0,0.01044985,0.05027881,0.0,0.89208977,61439,7,0.00601683,0.9996764
408,1,32025911,0.98984434,0.04973538,0.0097346,0.0,0.00592612,0.78264742,0.0,0.15195648,51978,6,0.0378521,4.953785
408,2,32025912,0.99031788,0.04164594,0.00749655,0.0,0.00615468,0.76500886,0.0,0.17969397,51978,6,0.05896035,4.953785
408,3,32025913,0.98912581,0.06184192,0.01296748,0.0,0.00551503,0.80747853,0.0,0.11219704,51084,6,0.04075698,4.9537851
408,4,32025914,0.99031672,0.0418275,0.00745556,0.0,0.00606491,0.77096261,0.0,0.17368941,51978,6,0.06020148,4.953785
408,5,32025915,0.99031542,0.04185322,0.00748931,0.0,0.00601627,0.77215352,0.0,0.17248768,51978,6,0.05678194,4.953785
408,6,32025916,0.9903123,0.04213927,0.00769201,0.0,0.00586375,0.77589731,0.0,0.16840766,51978,6,0.05964205,4.953785
408,7,32025917,0.98966421,0.05129632,0.00991439,0.0,0.00588261,0.78178929,0.0,0.15111739,51978,6,0.02999474,4.953785
408,8,32025918,0.98914194,0.0572843,0.01069081,0.0,0.00547692,0.77787153,0.0,0.14867645,51980,6,0.0366257,4.953785
408,9,32025919,0.98907781,0.06420769,0.01404045,0.0,0.00562582,0.81880006,0.0,0.09732598,51084,6,0.05268305,4.9537851
408,10,32025920,0.99031693,0.04163244,0.0074752,0.0,0.00608714,0.76823452,0.0,0.17657071,51978,6,0.05893498,4.953785
409,1,32025941,0.96802897,0.01826458,0.0,0.00131307,0.00032193,0.9800198,7.666e-05,3.95e-06,24535,6,0.00463137,0.9987794
409,2,32025942,0.96807413,0.01816995,0.0,0.00131422,0.00031985,0.98011558,7.663e-05,3.78e-06,65503,6,0.00463241,0.9988044
409,3,32025943,0.96806831,0.01825866,0.0,0.00131279,0.00032183,0.98002658,7.645e-05,3.7e-06,40927,6,0.0042379,0.9988044
409,4,32025944,0.96794558,0.01805901,0.0,0.00131268,0.00031991,0.98022834,7.655e-05,3.51e-06,24543,6,0.0045962,0.9988044
409,5,32025945,0.96792,0.01820896,0.0,0.00131325,0.000323,0.98007465,7.652e-05,3.62e-06,40927,6,0.00449384,0.9988044
409,6,32025946,0.96808071,0.01812443,0.0,0.00131335,0.00031688,0.98016594,7.648e-05,2.91e-06,24543,6,0.00425308,0.9988044
409,7,32025947,0.96799074,0.01815733,0.0,0.00131308,0.00031823,0.98013123,7.659e-05,3.54e-06,40919,6,0.00409265,0.9987794
409,8,32025948,0.96798004,0.01823684,0.0,0.00131397,0.00031952,0.98004923,7.653e-05,3.91e-06,16351,6,0.00446024,0.9988044
409,9,32025949,0.96794097,0.01825977,0.0,0.00131253,0.00031725,0.9800302,7.671e-05,3.54e-06,24535,6,0.00438413,0.9987794
409,10,32025950,0.96676632,0.01681785,0.0,0.00132613,0.00033114,0.98144275,7.866e-05,3.46e-06,40655,6,0.00837851,0.9984048
410,1,32025971,0.99042253,0.0413641,0.02438605,0.0,0.00805759,0.68555023,5.505e-05,0.24058699,44844,6,0.04530486,4.1167175
410,2,32025972,0.99026475,0.04180138,0.02505993,0.0,0.00803933,0.68733266,0.0001091,0.23765759,44844,6,0.04426291,4.1167175
410,3,32025973,0.99019449,0.04210377,0.02560983,0.0,0.00806399,0.68356209,9.914e-05,0.24056118,44844,6,0.04387951,4.1167175
410,4,32025974,0.99037248,0.04133257,0.02458231,0.0,0.00817342,0.6808817,6.473e-05,0.24496527,44844,6,0.04434692,4.1167175
410,5,32025975,0.98999097,0.04405673,0.02839713,0.0,0.00788947,0.68337636,7.912e-05,0.23620119,44844,6,0.03484275,4.1167175
410,6,32025976,0.99043422,0.0409491,0.02459216,0.0,0.00833115,0.67263243,5.424e-05,0.25344091,44844,6,0.04427338,4.1167175
410,7,32025977,0.99002136,0.04431449,0.0278798,0.0,0.00786916,0.67896448,7.052e-05,0.24090155,44844,6,0.0336008,4.1167175
410,8,32025978,0.98933059,0.04865025,0.03131265,0.0,0.00786958,0.6764404,0.00011852,0.2356086,53036,6,0.02214025,4.1167175
410,9,32025979,0.98997221,0.04458401,0.02803237,0.0,0.00779377,0.68565531,9.33e-05,0.23384124,44844,6,0.03339656,4.1167175
410,10,32025980,0.98974502,0.04453715,0.02872003,0.0,0.00814228,0.67255787,0.000143,0.24589967,44844,6,0.03413302,4.1167175
411,1,32026001,0.98739544,0.04917331,0.18550287,0.0,0.00851994,0.0,0.00011308,0.75669079,23175,7,0.24035932,0.999431
411,2,32026002,0.98738763,0.04873104,0.18534171,0.0,0.00867795,0.0,0.00011692,0.75713238,23175,7,0.23489649,0.999431
411,3,32026003,0.98737577,0.04936909,0.18457798,0.0,0.00847586,0.0,0.00011312,0.75746396,23175,7,0.23465981,0.999431
411,4,32026004,0.98741362,0.04915095,0.18454748,0.0,0.00835408,0.0,0.00011666,0.75783083,23175,7,0.24840597,0.999431
411,5,32026005,0.98736943,0.04906644,0.18595253,0.0,0.0085521,0.0,0.00012206,0.75630687,23175,7,0.24266617,0.999431
411,6,32026006,0.9873807,0.04891655,0.18585165,0.0,0.00865962,0.0,0.00011014,0.75646204,23175,7,0.2382287,0.999431
411,7,32026007,0.98738327,0.0489218,0.18715099,0.0,0.0085432,0.0,0.0001178,0.75526621,23175,7,0.24061111,0.999431
411,8,32026008,0.98741016,0.0491797,0.18386925,0.0,0.0085836,0.0,0.00011411,0.75825334,23175,7,0.24401679,0.999431
411,9,32026009,0.98737961,0.04910999,0.18540759,0.0,0.00850568,0.0,0.00011607,0.75686066,23175,7,0.23777784,0.999431
411,10,32026010,0.98735585,0.04913559,0.18671726,0.0,0.00867893,0.0,0.00011689,0.75535134,23175,7,0.2361556,0.999431
412,1,32026031,0.97453589,0.01239919,0.0,0.00029036,0.00666349,0.09427882,0.0,0.88636815,57343,7,0.0049234,0.9991156
412,2,32026032,0.97455562,0.0124148,0.0,0.00029048,0.00668437,0.09528833,0.0,0.88532202,32767,7,0.00552931,0.9991156
412,3,32026033,0.97451757,0.01248934,0.0,0.00029058,0.00656807,0.09783996,0.0,0.88281204,32639,7,0.00506867,0.9991156
412,4,32026034,0.97452781,0.01242553,0.0,0.00029067,0.00656982,0.10004511,0.0,0.88066887,63487,7,0.00509694,0.9991156
412,5,32026035,0.97452151,0.01246441,0.0,0.00029042,0.00651824,0.09909189,0.0,0.88163505,49151,7,0.00518571,0.9991156
412,6,32026036,0.97454875,0.01238012,0.0,0.00029108,0.00657212,0.09531662,0.0,0.88544007,55295,7,0.00533367,0.9991156
412,7,32026037,0.9745127,0.01236887,0.0,0.00029067,0.00656343,0.10061496,0.0,0.88016208,56831,7,0.00520554,0.9991155
412,8,32026038,0.97452705,0.01235265,0.0,0.00029071,0.00662257,0.09547734,0.0,0.88525674,57343,7,0.00515207,0.9991156
412,9,32026039,0.97451085,0.01241443,0.0,0.00029073,0.00668761,0.09894759,0.0,0.88165962,65535,7,0.00560483,0.9991156
412,10,32026040,0.97452491,0.01243996,0.0,0.00029015,0.00658401,0.09624959,0.0,0.88443629,63487,7,0.00512481,0.9991156
413,1,32026061,0.98846029,0.03344012,0.01646255,0.0,0.00103835,0.94900003,0.0,5.895e-05,43786,6,0.03295792,6.1388578
413,2,32026062,0.98927787,0.05513777,0.01349911,0.0,0.00450243,0.79875463,0.0,0.12810606,51980,6,0.02806046,6.1388578
413,3,32026063,0.98884779,0.03006686,0.01411555,0.0,0.00102273,0.95473411,0.0,6.076e-05,43786,6,0.0341738,6.1388578
413,4,32026064,0.98926089,0.05622677,0.01302384,0.0,0.00441444,0.80051304,0.0,0.12582191,51980,6,0.03018662,6.1388578
413,5,32026065,0.98946042,0.04403381,0.01326361,0.0,0.00480553,0.80061889,0.0,0.13727816,51978,6,0.03467895,6.1388578
413,6,32026066,0.98941136,0.04650563,0.01321596,0.0,0.00464721,0.80808839,0.0,0.12754281,51978,6,0.02863799,6.1388578
413,7,32026067,0.9892731,0.05602058,0.01332354,0.0,0.00445109,0.79721187,0.0,0.12899293,51980,6,0.03243428,6.1388578
413,8,32026068,0.98944795,0.04445942,0.01347341,0.0,0.00473115,0.80825836,0.0,0.12907766,51978,6,0.03137728,6.1388578
413,9,32026069,0.98884323,0.03026191,0.01392825,0.0,0.00104574,0.9547018,0.0,6.23e-05,43786,6,0.03381651,6.1388578
413,10,32026070,0.98917612,0.06078097,0.01466112,0.0,0.00468635,0.82015545,0.0,0.09971611,51084,6,0.03369826,6.138858
414,1,32026091,0.96321914,0.0097514,0.0,0.0012946,0.00024218,0.98847857,0.00023228,9.9e-07,32907,6,0.02393885,0.9986198
414,2,32026092,0.96320735,0.00976541,0.0,0.0012939,0.00023949,0.9884697,0.00023047,1.03e-06,37067,6,0.02399106,0.9986197
414,3,32026093,0.9632051,0.00978004,0.0,0.00129226,0.00024589,0.98845012,0.00023049,1.21e-06,32907,6,0.0246503,0.9986198
414,4,32026094,0.96326283,0.00975486,0.0,0.00128795,0.00024638,0.98848242,0.00022739,1.01e-06,32971,6,0.02474754,0.9986197
414,5,32026095,0.96327702,0.00974046,0.0,0.0012876,0.0002513,0.98848952,0.0002301,1.03e-06,32911,6,0.02519425,0.9986198
414,6,32026096,0.96321168,0.00977057,0.0,0.00129448,0.00024253,0.98845917,0.00023224,1.01e-06,32969,6,0.02426029,0.9986197
414,7,32026097,0.96319943,0.00971253,0.0,0.00128527,0.00024934,0.9885258,0.00022604,1.02e-06,32907,6,0.0271284,0.9986198
414,8,32026098,0.96323706,0.00971679,0.0,0.00129696,0.0002407,0.98851139,0.00023319,9.8e-07,32975,6,0.02427254,0.9986197
414,9,32026099,0.96320293,0.00978679,0.0,0.00129409,0.00024245,0.98844263,0.00023299,1.05e-06,32971,6,0.02550079,0.9986197
414,10,32026100,0.96323657,0.00972601,0.0,0.0012906,0.0002477,0.98850318,0.00023147,1.04e-06,32971,6,0.02428323,0.9986197
415,1,32026121,0.99292128,0.03091975,0.16878925,0.0,0.02888634,0.0,0.00049056,0.77091411,49069,7,0.06039277,1.3185566
415,2,32026122,0.99293193,0.03083588,0.16858915,0.0,0.02903864,0.0,0.00049161,0.77104474,49069,7,0.06126029,1.3185566
415,3,32026123,0.99252816,0.03332347,0.1735241,0.0,0.0283892,0.0,0.00050109,0.76426215,48941,7,0.04452556,1.3186202
415,4,32026124,0.9928931,0.03089906,0.1690938,0.0,0.02885598,0.0,0.00049036,0.7706608,48941,7,0.05832858,1.3186202
415,5,32026125,0.99251536,0.03320114,0.17315274,0.0,0.02850515,0.0,0.00048382,0.76465715,48941,7,0.04437576,1.3186202
415,6,32026126,0.99282408,0.03144569,0.16994167,0.0,0.02888221,0.0,0.00049875,0.76923167,49069,7,0.05892341,1.3185566
415,7,32026127,0.9928538,0.03129726,0.16967301,0.0,0.02872847,0.0,0.00048491,0.76981636,49069,7,0.05519868,1.3185566
415,8,32026128,0.99267984,0.0323296,0.16987361,0.0,0.0287565,0.0,0.00048863,0.76855166,44845,7,0.04852545,1.3186202
415,9,32026129,0.99294687,0.03077768,0.16866131,0.0,0.02881346,0.0,0.00048615,0.77126139,48941,7,0.06040929,1.3186202
415,10,32026130,0.99271061,0.03217794,0.17050011,0.0,0.02861266,0.0,0.00048808,0.76822121,49069,7,0.05035895,1.3185566
416,1,32026151,0.98587709,0.05119884,0.18867275,0.0,0.01000832,0.50810103,0.00065404,0.24136503,51978,6,0.025635,3.7384508
416,2,32026152,0.98680269,0.04906976,0.18227296,0.0,0.00924066,0.51964395,0.00056944,0.23920323,51978,6,0.03102669,3.7384508
416,3,32026153,0.98584628,0.0515144,0.18289626,0.0,0.00977171,0.52202121,0.00069245,0.23310398,51978,6,0.0318329,3.7384508
416,4,32026154,0.98598114,0.05152929,0.18368102,0.0,0.00948066,0.51722099,0.00058835,0.23749969,51978,6,0.02777369,3.7384508
416,5,32026155,0.98552925,0.0518847,0.1868602,0.0,0.01006021,0.51612067,0.00071037,0.23436383,51978,6,0.0270155,3.7384508
416,6,32026156,0.98601072,0.05022692,0.18185911,0.0,0.00963716,0.51926158,0.00065895,0.23835628,51978,6,0.03274961,3.7384508
416,7,32026157,0.98596474,0.05131147,0.18628544,0.0,0.00991179,0.51851654,0.00064949,0.23332527,51978,6,0.02643804,3.7384508
416,8,32026158,0.98577874,0.05031275,0.1870773,0.0,0.00997763,0.51269535,0.00064888,0.2392881,51978,6,0.03247472,3.7384508
416,9,32026159,0.98576248,0.05110684,0.18360027,0.0,0.00995677,0.51795143,0.00063642,0.23674827,51978,6,0.03195945,3.7384508
416,10,32026160,0.98573666,0.05202892,0.18352799,0.0,0.01007242,0.5137982,0.00067212,0.23990035,51978,6,0.02198334,3.7384508
417,1,32026181,0.96717576,0.01277968,0.0,0.0013872,0.00471013,0.17093449,0.0,0.81018849,24543,7,0.00447485,0.9987727
417,2,32026182,0.96717431,0.01274696,0.0,0.00138568,0.00480365,0.16789649,0.0,0.81316723,65503,7,0.00415555,0.9987727
417,3,32026183,0.96726842,0.01275207,0.0,0.00138534,0.00482838,0.1564951,0.0,0.82453911,63455,7,0.00444046,0.9987727
417,4,32026184,0.96716043,0.01272571,0.0,0.00138577,0.00480248,0.15769095,0.0,0.82339509,65503,7,0.00446617,0.9987727
417,5,32026185,0.9671928,0.01278593,0.0,0.00138375,0.00489797,0.16083635,0.0,0.82009601,61407,7,0.00450803,0.9987727
417,6,32026186,0.96720033,0.01277887,0.0,0.00138725,0.00474132,0.17317164,0.0,0.80792092,65503,7,0.00480483,0.9987727
417,7,32026187,0.96703443,0.01277867,0.0,0.00138625,0.00486861,0.16423153,0.0,0.81673494,65503,7,0.00429391,0.9987727
417,8,32026188,0.96717129,0.01280682,0.0,0.00138592,0.0047832,0.16775021,0.0,0.81327384,8159,7,0.0041277,0.9987727
417,9,32026189,0.96719773,0.01270542,0.0,0.00138701,0.00483529,0.15413552,0.0,0.82693675,40927,7,0.0044185,0.9987727
417,10,32026190,0.96710193,0.01270688,0.0,0.00138597,0.00477529,0.16327447,0.0,0.81785739,30687,7,0.00376708,0.9987727
418,1,32026211,0.98973395,0.04583565,0.01036724,0.0,0.00627381,0.75110794,0.0,0.18641536,44844,6,0.02380113,5.5819517
418,2,32026212,0.98925831,0.05542101,0.01070549,0.0,0.00624253,0.74619955,0.0,0.18143143,53036,6,0.03250063,5.5819517
418,3,32026213,0.98926449,0.05393626,0.01027731,0.0,0.00606369,0.73706697,0.0,0.19265577,53036,6,0.03394081,5.5819517
418,4,32026214,0.98961272,0.04413922,0.00965232,0.0,0.00642908,0.74462823,0.0,0.19515115,44844,6,0.03053602,5.5819517
418,5,32026215,0.98924525,0.05717289,0.01188095,0.0,0.00620443,0.76273161,0.0,0.16201012,53036,6,0.02889368,5.5819517
418,6,32026216,0.98960628,0.04783596,0.00966621,0.0,0.00641259,0.74086762,0.0,0.19521763,44844,6,0.02046031,5.5819517
418,7,32026217,0.98924649,0.05721832,0.01158001,0.0,0.00616328,0.7665093,0.0,0.15852909,53036,6,0.02946731,5.5819517
418,8,32026218,0.98932079,0.05634639,0.01173784,0.0,0.00613724,0.77471951,0.0,0.15105903,53036,6,0.0260942,5.5819517
418,9,32026219,0.98927319,0.05371456,0.01023196,0.0,0.0059786,0.74542115,0.0,0.18465374,53036,6,0.0358552,5.5819517
418,10,32026220,0.98918604,0.06163255,0.01342987,0.0,0.00622682,0.80441335,0.0,0.11429741,52764,6,0.04505791,5.5819518
419,1,32026241,0.9333236,0.0496492,0.17306633,0.00062264,0.01525426,0.72782013,0.02617581,0.00741162,23111,6,0.03411434,0.9982243
419,2,32026242,0.94326514,0.04907455,0.17545391,0.00026921,0.01399442,0.73461344,0.01912467,0.0074698,23111,6,0.04016226,0.9982243
419,3,32026243,0.94054231,0.04844964,0.17438872,0.00023388,0.01371389,0.73272125,0.02180472,0.0086879,23111,6,0.0459926,0.9982243
419,4,32026244,0.94462513,0.04668891,0.1743606,0.00030591,0.01322129,0.7388268,0.01869304,0.00790346,23111,6,0.04969059,0.9982243
419,5,32026245,0.94560358,0.04697146,0.17107619,0.00018018,0.01288125,0.74229165,0.01836394,0.00823533,23111,6,0.04472783,0.9982243
419,6,32026246,0.94241964,0.04745919,0.16949259,0.00026419,0.01400809,0.74189569,0.01984563,0.00703462,23111,6,0.05716846,0.9982243
419,7,32026247,0.94692776,0.04730784,0.17148991,0.00015014,0.0141176,0.74421996,0.01603904,0.00667552,23111,6,0.04990047,0.9982243
419,8,32026248,0.9380682,0.04907041,0.17294402,0.00029801,0.01486134,0.73262026,0.0225529,0.00765307,23111,6,0.0439886,0.9982243
419,9,32026249,0.94138785,0.0480444,0.17230338,0.00023638,0.01410515,0.73611266,0.02018371,0.00901432,23111,6,0.04482648,0.9982243
419,10,32026250,0.9440341,0.04810148,0.17449835,0.00032966,0.01415686,0.73615456,0.01839261,0.00836648,23111,6,0.03723124,0.9982243
420,1,32026271,0.98267875,0.01333397,0.02153775,0.0,0.00735534,0.06339234,0.0,0.8943806,32767,7,0.00586716,0.9994157
420,2,32026272,0.98267641,0.01324004,0.02150584,0.0,0.00733479,0.06683228,0.0,0.89108706,65023,7,0.00596352,0.9994156
420,3,32026273,0.98267277,0.01331603,0.02149998,0.0,0.00739689,0.06704835,0.0,0.89073875,65023,7,0.0064538,0.9994156
420,4,32026274,0.98268481,0.01332668,0.02231353,0.0,0.00736185,0.06521892,0.0,0.89177901,65535,7,0.00564627,0.9994157
420,5,32026275,0.98266825,0.01340871,0.02249961,0.0,0.0072546,0.06638271,0.0,0.89045437,57343,7,0.00573511,0.9994157
420,6,32026276,0.98267123,0.01334471,0.0219773,0.0,0.00744592,0.06455019,0.0,0.89268188,60927,7,0.00575542,0.9994156
420,7,32026277,0.98267954,0.01329657,0.02132073,0.0,0.00732737,0.06428639,0.0,0.89376895,65535,7,0.00603649,0.9994157
420,8,32026278,0.98268981,0.01334315,0.02194885,0.0,0.00740023,0.06768145,0.0,0.88962631,65535,7,0.00562852,0.9994157
420,9,32026279,0.98267951,0.01325211,0.02171234,0.0,0.0073706,0.06476283,0.0,0.89290212,56831,7,0.00576543,0.9994156
420,10,32026280,0.98267577,0.01323829,0.02143533,0.0,0.0073711,0.06334842,0.0,0.89460686,16383,7,0.00629099,0.9994157
421,1,32026301,0.98914429,0.06297444,0.01369587,0.0,0.00508894,0.82531096,0.0,0.09292979,51084,6,0.04673276,5.9528972
421,2,32026302,0.98945143,0.05184157,0.01012811,0.0,0.00508718,0.78151914,0.0,0.151424,51980,6,0.02912309,5.9528971
421,3,32026303,0.98922178,0.05751426,0.01135359,0.0,0.00516969,0.7896651,0.0,0.13629735,51980,6,0.03651668,5.9528971
421,4,32026304,0.99003967,0.0421525,0.00962097,0.0,0.00549858,0.7847468,0.0,0.15798115,51978,6,0.04016374,5.9528971
421,5,32026305,0.9891651,0.06146019,0.01329692,0.0,0.00515414,0.81205716,0.0,0.10803159,51084,6,0.04023351,5.9528972
421,6,32026306,0.98916605,0.06143766,0.01314172,0.0,0.00518841,0.81156326,0.0,0.10866896,51084,6,0.03819413,5.9528972
421,7,32026307,0.99004985,0.04229682,0.00943726,0.0,0.00538969,0.78799288,0.0,0.15488334,51978,6,0.04053595,5.9528971
421,8,32026308,0.98922768,0.05721263,0.01118939,0.0,0.00511488,0.78989177,0.0,0.13659133,51980,6,0.03661617,5.9528971
421,9,32026309,0.98925498,0.055274,0.01033451,0.0,0.0050907,0.77821764,0.0,0.15108315,51980,6,0.04109261,5.9528971
421,10,32026310,0.98919127,0.05952625,0.01243872,0.0,0.00526649,0.79743915,0.0,0.1253294,51980,6,0.03180288,5.9528971
422,1,32026331,0.96071796,0.01050262,0.0,0.00140438,0.00037061,0.98761638,0.00010146,4.55e-06,40655,6,0.02326456,0.9983716
422,2,32026332,0.96340309,0.0134979,0.0,0.0013778,0.00041592,0.98461577,8.472e-05,7.89e-06,36559,6,0.00882988,0.9983716
422,3,32026333,0.96106586,0.01067589,0.0,0.00139899,0.00037353,0.98744949,9.778e-05,4.33e-06,40655,6,0.02103668,0.9983716
422,4,32026334,0.96710037,0.01847823,0.0,0.0013194,0.00032788,0.97979413,7.681e-05,3.55e-06,20447,6,0.00454831,0.9987212
422,5,32026335,0.96076935,0.01044621,0.0,0.00140257,0.00036535,0.98767912,0.00010271,4.03e-06,36559,6,0.01837938,0.9983716
422,6,32026336,0.62514227,0.01203101,0.0,0.9866736,0.00022074,0.00090352,0.00017052,6.2e-07,36872,2,0.03666956,0.6653047
422,7,32026337,0.96159354,0.01106576,0.0,0.00140965,0.00044326,0.9869798,9.207e-05,9.45e-06,36559,6,0.01372512,0.9983716
422,8,32026338,0.96706802,0.01851717,0.0,0.00132263,0.0003403,0.97973902,7.69e-05,3.97e-06,8159,6,0.00482045,0.9987712
422,9,32026339,0.96722208,0.0184967,0.0,0.00132026,0.0003348,0.97976802,7.667e-05,3.56e-06,24415,6,0.00535873,0.9987712
422,10,32026340,0.96106399,0.01069385,0.0,0.00139904,0.000367,0.98743527,9.993e-05,4.92e-06,36559,6,0.0228845,0.9983716
423,1,32026361,0.97511796,0.0619776,0.51705587,0.0,0.02180902,0.01437025,0.00332004,0.38146721,48941,7,0.02061835,3.3500342
423,2,32026362,0.97631602,0.06056786,0.51794967,0.0,0.02109127,0.01260662,0.00287415,0.38491043,44845,7,0.02380391,3.3500342
423,3,32026363,0.97623004,0.06092397,0.51214996,0.0,0.02142148,0.01370182,0.00276903,0.38903373,44845,7,0.02312131,3.3500342
423,4,32026364,0.97640202,0.06041534,0.51171528,0.0,0.02123558,0.0138961,0.00271081,0.39002689,44845,7,0.02333159,3.3500342
423,5,32026365,0.97625939,0.06093996,0.51350763,0.0,0.02077468,0.01417476,0.00295259,0.38765037,48941,7,0.02366808,3.3500342
423,6,32026366,0.97636677,0.06071423,0.51053084,0.0,0.0212076,0.01377727,0.00287273,0.39089734,44845,7,0.02483014,3.3500342
423,7,32026367,0.97642052,0.06080185,0.5099623,0.0,0.0208338,0.01562685,0.00272711,0.39004808,44845,7,0.02550302,3.3500342
423,8,32026368,0.97537957,0.06357618,0.51235318,0.0,0.02195671,0.01311656,0.00287054,0.38612684,44845,7,0.02390606,3.3500342
423,9,32026369,0.97566644,0.06152154,0.51588181,0.0,0.02176347,0.01198994,0.00288875,0.3859545,44845,7,0.02385313,3.3500342
423,10,32026370,0.97544146,0.06265902,0.51203838,0.0,0.02172621,0.01425584,0.00299376,0.38632679,44845,7,0.0208864,3.3500342
424,1,32026391,0.98797764,0.03952622,0.34823435,0.0,0.01733909,0.0,0.00022344,0.5946769,19210,7,0.03024264,1.9846578
424,2,32026392,0.98786781,0.0396653,0.35940592,0.0,0.01703229,0.0,0.00028204,0.58361444,19210,7,0.03237068,1.9846578
424,3,32026393,0.98790716,0.03996461,0.35115813,0.0,0.01720781,0.0,0.00026043,0.59140902,19210,7,0.0308011,1.9846578
424,4,32026394,0.98833726,0.03752874,0.34472786,0.0,0.01735744,0.0,0.00025988,0.60012609,19210,7,0.03641729,1.9846578
424,5,32026395,0.98789727,0.03989735,0.35297478,0.0,0.01709684,0.0,0.00028406,0.58974697,19202,7,0.02791741,1.9846577
424,6,32026396,0.9879904,0.03833792,0.35431712,0.0,0.01738794,0.0,0.00023121,0.58972582,19210,7,0.03258974,1.9846578
424,7,32026397,0.98851448,0.03691339,0.35148272,0.0,0.01735568,0.0,0.00020216,0.59404606,19210,7,0.0401728,1.9846578
424,8,32026398,0.98829912,0.03831094,0.3488737,0.0,0.01749177,0.0,0.00023037,0.59509323,19210,7,0.03246342,1.9846578
424,9,32026399,0.98769382,0.03927083,0.35685917,0.0,0.01776702,0.0,0.00027772,0.58582527,19210,7,0.03365711,1.9846578
424,10,32026400,0.98830795,0.0370334,0.35825191,0.0,0.01734465,0.0,0.00023806,0.58713197,19202,7,0.04036337,1.9846577
425,1,32026421,0.9685945,0.01148272,0.0,0.00118548,0.00590002,0.11272115,0.0,0.86871063,65407,7,0.00445289,0.9988813
425,2,32026422,0.9686373,0.01157699,0.0,0.00118543,0.005906,0.11999033,0.0,0.86134126,40959,7,0.00420127,0.9988813
425,3,32026423,0.96867847,0.01137887,0.0,0.00118476,0.00610818,0.10777486,0.0,0.87355334,63359,7,0.00407191,0.9988813
425,4,32026424,0.96864243,0.01146394,0.0,0.0011868,0.00597895,0.11648358,0.0,0.86488674,8191,7,0.00402406,0.9988812
425,5,32026425,0.96856445,0.01147802,0.0,0.00118284,0.00607395,0.11274717,0.0,0.86851802,32767,7,0.00430438,0.9988813
425,6,32026426,0.96858897,0.0114018,0.0,0.00118342,0.00606197,0.11537755,0.0,0.86597525,24063,7,0.00437475,0.9988811
425,7,32026427,0.96857608,0.01149976,0.0,0.00118422,0.00598274,0.11683881,0.0,0.86449447,65023,7,0.00425783,0.9988811
425,8,32026428,0.96866534,0.01144541,0.0,0.00118159,0.00606363,0.11061265,0.0,0.87069672,53119,7,0.00414463,0.9988812
425,9,32026429,0.96857235,0.01148326,0.0,0.00118229,0.00607631,0.11145753,0.0,0.86980061,15871,7,0.00423039,0.9988811
425,10,32026430,0.9686441,0.01150145,0.0,0.00118252,0.00604108,0.11216813,0.0,0.86910682,63487,7,0.00427944,0.9988813
426,1,32026451,0.98897286,0.03012979,0.0132028,0.0,0.00104787,0.95555818,0.0,6.135e-05,44810,6,0.03213272,6.5551954
426,2,32026452,0.98924496,0.05664741,0.01265762,0.0,0.00538726,0.77743157,0.0,0.14787614,53036,6,0.02902974,6.5551952
426,3,32026453,0.98920136,0.03756734,0.01327181,0.0,0.00357362,0.85239455,0.0,0.09319268,43788,6,0.0180113,6.5551952
426,4,32026454,0.98938222,0.04333275,0.01307684,0.0,0.00554999,0.77346723,0.0,0.16457319,44844,6,0.03216638,6.5551952
426,5,32026455,0.98922585,0.057414,0.01168487,0.0,0.00489367,0.79113786,0.0,0.13486959,53036,6,0.02607012,6.5551952
426,6,32026456,0.98937439,0.04317811,0.01300125,0.0,0.00562077,0.77400184,0.0,0.16419803,44844,6,0.03105677,6.5551952
426,7,32026457,0.98937033,0.04341436,0.01234877,0.0,0.00558825,0.77538669,0.0,0.16326192,44844,6,0.03261627,6.5551952
426,8,32026458,0.98937903,0.0432384,0.01231824,0.0,0.00562506,0.7717308,0.0,0.1670875,44812,6,0.03087347,6.5551954
426,9,32026459,0.98928344,0.05420161,0.01195204,0.0,0.0052181,0.76471461,0.0,0.16391364,53036,6,0.03219447,6.5551952
426,10,32026460,0.98900027,0.03074772,0.0127924,0.0,0.00134356,0.9441705,0.0,0.01094581,44810,6,0.03289146,6.5551954
427,1,32026481,0.86053104,0.07263701,0.248418,0.07228223,0.00817969,0.5595872,0.03584028,0.00305558,22919,6,0.01094169,0.9970296
427,2,32026482,0.87719296,0.06564039,0.25319479,0.05798907,0.00754735,0.58210696,0.03110409,0.00241736,22663,6,0.01085238,0.9978941
427,3,32026483,0.85134005,0.08249289,0.24968239,0.08493115,0.00775126,0.53812804,0.03442937,0.0025849,23105,2,0.01253645,0.4980609
427,4,32026484,0.85197399,0.07658552,0.24491037,0.07355428,0.00798097,0.55327382,0.04159121,0.00210382,18831,6,0.00930792,0.9970545
427,5,32026485,0.84720084,0.08297372,0.24782724,0.08499973,0.0080542,0.5354185,0.0373891,0.00333751,22663,6,0.01271694,0.9978941
427,6,32026486,0.86394597,0.0791441,0.25016069,0.07337378,0.00787538,0.55707683,0.02939976,0.00296946,22663,6,0.0105922,0.9978941
427,7,32026487,0.82132654,0.09678574,0.22746738,0.10745041,0.00811001,0.51436111,0.04332249,0.00250285,23105,2,0.01584638,0.4980609
427,8,32026488,0.84634886,0.08657152,0.24096587,0.09081279,0.0078642,0.53740573,0.03368769,0.00269219,23104,2,0.01427719,0.4980484
427,9,32026489,0.85206706,0.07838898,0.24381457,0.07451972,0.00875534,0.5524758,0.03939464,0.00265094,23105,2,0.01033243,0.4980609
427,10,32026490,0.82305373,0.09547928,0.23850411,0.10578809,0.00854372,0.50642153,0.04326456,0.00199871,23105,2,0.0119706,0.4980609
428,1,32026511,0.99339602,0.01684701,0.06493204,0.0,0.01225445,0.0084716,0.0,0.8974949,44927,7,0.00460301,0.9998096
428,2,32026512,0.99338998,0.0168303,0.06427218,0.0,0.0123556,0.00875506,0.0,0.89778686,63487,7,0.0059362,0.9998096
428,3,32026513,0.99339314,0.01683902,0.06412587,0.0,0.01233325,0.00795393,0.0,0.89874793,48639,7,0.00465494,0.9998096
428,4,32026514,0.99339328,0.01690819,0.06450163,0.0,0.01231223,0.00958554,0.0,0.89669241,40447,7,0.00474212,0.9998096
428,5,32026515,0.99338962,0.01698794,0.06549982,0.0,0.01225689,0.00875231,0.0,0.89650303,16383,7,0.00495875,0.9998096
428,6,32026516,0.99339405,0.01702266,0.06433011,0.0,0.01218737,0.00869589,0.0,0.89776396,65535,7,0.00514568,0.9998096
428,7,32026517,0.99338732,0.01688695,0.06401893,0.0,0.01240311,0.00897525,0.0,0.89771576,65535,7,0.00508778,0.9998096
428,8,32026518,0.99339038,0.01681338,0.06410159,0.0,0.01226776,0.00923941,0.0,0.89757786,63487,7,0.0049002,0.9998096
428,9,32026519,0.99339221,0.01678846,0.06376625,0.0,0.01244564,0.00845808,0.0,0.89854157,40959,7,0.00524647,0.9998096
428,10,32026520,0.9933959,0.01685753,0.06448685,0.0,0.01219241,0.00857804,0.0,0.89788517,65535,7,0.0058465,0.9998096
429,1,32026541,0.99040591,0.04149304,0.00774338,0.0,0.00584853,0.77753031,0.0,0.16738475,51978,6,0.05428776,5.0528664
429,2,32026542,0.99039924,0.04147426,0.00814341,0.0,0.00589009,0.77295361,0.0,0.17153862,51978,6,0.0533613,5.0528664
429,3,32026543,0.99040124,0.04121345,0.00794188,0.0,0.00597308,0.77193784,0.0,0.17293375,51978,6,0.05194937,5.0528664
429,4,32026544,0.9900082,0.04280285,0.00827552,0.0,0.00593378,0.77445378,0.0,0.16853407,51978,6,0.05233763,5.0528664
429,5,32026545,0.99037423,0.04124209,0.00775881,0.0,0.00597955,0.77114941,0.0,0.17387014,51978,6,0.05594661,5.0528664
429,6,32026546,0.98971598,0.05014043,0.0120283,0.0,0.00602717,0.78548234,0.0,0.14632175,51978,6,0.03579236,5.0528664
429,7,32026547,0.99041069,0.04143601,0.0080509,0.0,0.00595875,0.77062353,0.0,0.17393081,51978,6,0.05547147,5.0528664
429,8,32026548,0.99037716,0.04162675,0.00802902,0.0,0.00581741,0.77841107,0.0,0.16611575,51978,6,0.05516553,5.0528664
429,9,32026549,0.98894119,0.04846749,0.00435368,0.0,0.0052632,0.86692132,0.0,0.07499432,50636,6,0.03459236,5.0528665
429,10,32026550,0.99021838,0.04172777,0.00813969,0.0,0.005993,0.77422612,0.0,0.16991342,51978,6,0.05701495,5.0528664
430,1,32026571,0.96383643,0.01736353,0.0,0.0013135,0.00030674,0.98093586,7.664e-05,3.72e-06,24415,6,0.00452091,0.998639
430,2,32026572,0.96384077,0.01756112,0.0,0.00131298,0.00030639,0.98074,7.637e-05,3.15e-06,24543,6,0.00491239,0.998639
430,3,32026573,0.96378517,0.01744189,0.0,0.00131221,0.00030786,0.98085788,7.65e-05,3.66e-06,24535,6,0.00452244,0.998614
430,4,32026574,0.96378599,0.01746256,0.0,0.00131298,0.00030986,0.98083522,7.618e-05,3.19e-06,53215,6,0.00409913,0.9986389
430,5,32026575,0.96376379,0.01749752,0.0,0.00131367,0.00030446,0.980805,7.633e-05,3.02e-06,24543,6,0.00484617,0.998639
430,6,32026576,0.96387584,0.01749031,0.0,0.00131274,0.00031098,0.98080636,7.655e-05,3.06e-06,24415,6,0.00437461,0.998639
430,7,32026577,0.96393598,0.01746293,0.0,0.00130964,0.00030524,0.9808426,7.629e-05,3.3e-06,24543,6,0.00438909,0.998639
430,8,32026578,0.9639413,0.01749122,0.0,0.0013131,0.00030754,0.9808085,7.635e-05,3.28e-06,24543,6,0.00487087,0.998639
430,9,32026579,0.96384895,0.01741623,0.0,0.00131247,0.00030368,0.98088781,7.662e-05,3.18e-06,61407,6,0.00449782,0.9986389
430,10,32026580,0.96377227,0.01737172,0.0,0.00131291,0.00030551,0.9809299,7.657e-05,3.39e-06,24535,6,0.00497526,0.998614
431,1,32026601,0.98916735,0.06101178,0.0126396,0.0,0.00732561,0.77625474,0.0,0.14276827,52764,6,0.04340477,5.242732
431,2,32026602,0.98915397,0.05991108,0.01196741,0.0,0.00700731,0.77075786,0.0,0.15035633,52764,6,0.03879146,5.242732
431,3,32026603,0.99025471,0.04056914,0.00668177,0.0,0.00753304,0.71771822,0.0,0.22749783,44844,6,0.05557586,5.2427319
431,4,32026604,0.99014402,0.04276917,0.00747518,0.0,0.00731405,0.7274025,0.0,0.2150391,44844,6,0.04740661,5.2427319
431,5,32026605,0.9891101,0.06653674,0.01513599,0.0,0.00735787,0.82782805,0.0,0.08314135,52764,6,0.07660034,5.242732
431,6,32026606,0.98917023,0.05743492,0.01112775,0.0,0.00704863,0.74874342,0.0,0.17564527,53036,6,0.03029759,5.2427319
431,7,32026607,0.98942597,0.05447564,0.01061008,0.0,0.00701652,0.75041338,0.0,0.17748439,52764,6,0.02269624,5.242732
431,8,32026608,0.98985055,0.04880256,0.00927483,0.0,0.00714083,0.75576544,0.0,0.17901635,44844,6,0.0362953,5.2427319
431,9,32026609,0.98857191,0.05008818,0.00261234,0.0,0.00583479,0.87389129,0.0,0.0675734,50636,6,0.05440577,5.242732
431,10,32026610,0.98925057,0.05973085,0.01233987,0.0,0.00700559,0.78639202,0.0,0.13453168,52764,6,0.04235952,5.242732
432,1,32026631,0.97867739,0.04380267,0.23288262,0.0,0.00845892,0.0,0.00089653,0.71395926,23175,7,0.23356086,0.9989343
432,2,32026632,0.97984121,0.0435639,0.23292753,0.0,0.00741002,0.0,0.00080663,0.71529192,23175,7,0.23691602,0.9989343
432,3,32026633,0.97891095,0.04370225,0.2328399,0.0,0.00844375,0.0,0.00084962,0.71416449,23175,7,0.23039355,0.9989343
432,4,32026634,0.98066445,0.04285978,0.23351567,0.0,0.00721695,0.0,0.00058911,0.71581848,23175,7,0.23576338,0.9989343
432,5,32026635,0.98122302,0.04276683,0.23214348,0.0,0.00691573,0.0,0.00036289,0.71781107,23175,7,0.23474327,0.9989343
432,6,32026636,0.97629814,0.0446673,0.23245344,0.0,0.00980401,0.0,0.00150053,0.71157472,23175,7,0.22348878,0.9989343
432,7,32026637,0.98054119,0.04294067,0.23478588,0.0,0.0072433,0.0,0.00064275,0.7143874,23175,7,0.23631586,0.9989343
432,8,32026638,0.97984188,0.04331507,0.23443192,0.0,0.00753901,0.0,0.00065424,0.71405977,23175,7,0.23835372,0.9989343
432,9,32026639,0.98103976,0.043288,0.23447499,0.0,0.0070057,0.0,0.00031487,0.71491644,23175,7,0.23101722,0.9989343
432,10,32026640,0.97950891,0.04370293,0.23445862,0.0,0.00785478,0.0,0.00072031,0.71326336,23175,7,0.2276347,0.9989343
433,1,32026661,0.97496464,0.01216754,0.00238037,0.0,0.00608163,0.07546808,0.0,0.90390239,30719,7,0.00753979,0.9991315
433,2,32026662,0.97496792,0.0121447,0.00236129,0.0,0.00611845,0.07674575,0.0,0.90262981,65535,7,0.00770802,0.9991315
433,3,32026663,0.97495822,0.01217074,0.00239485,0.0,0.00612858,0.07870241,0.0,0.90060341,49151,7,0.00758924,0.9991315
433,4,32026664,0.97497218,0.01208271,0.00239332,0.0,0.00617594,0.0737532,0.0,0.90559484,49151,7,0.00766846,0.9991315
433,5,32026665,0.97497054,0.01214851,0.00248003,0.0,0.00614016,0.07872216,0.0,0.90050914,30719,7,0.00763438,0.9991315
433,6,32026666,0.97495818,0.01213405,0.00235627,0.0,0.00613264,0.0757591,0.0,0.90361793,49151,7,0.0087141,0.9991315
433,7,32026667,0.97495539,0.01215657,0.00237903,0.0,0.00613989,0.07787943,0.0,0.90144508,65535,7,0.00804181,0.9991315
433,8,32026668,0.97495471,0.01213735,0.00248913,0.0,0.00615159,0.07870688,0.0,0.90051506,65023,7,0.00734467,0.9991314
433,9,32026669,0.9749511,0.01214526,0.00240763,0.0,0.00612141,0.07655908,0.0,0.90276662,52735,7,0.00739866,0.9991314
433,10,32026670,0.97495647,0.01209416,0.00239207,0.0,0.00617573,0.07581414,0.0,0.9035239,65535,7,0.00846262,0.9991315
434,1,32026691,0.86064809,0.66629796,0.32856638,0.0,0.00074609,0.00438323,0.0,6.34e-06,8354,4,0.19094524,6.8656106
434,2,32026692,0.91665961,0.39543094,0.1903326,0.0,0.00252477,0.35248384,0.0,0.05922785,8354,4,0.10730673,6.8656106
434,3,32026693,0.9888734,0.02965002,0.01071412,0.0,0.00106367,0.9585149,0.0,5.729e-05,43786,6,0.0383648,6.8670822
434,4,32026694,0.86062492,0.66694567,0.32843728,0.0,0.00075444,0.00385626,0.0,6.35e-06,8354,4,0.18642811,6.8656106
434,5,32026695,0.98973237,0.04271076,0.01143384,0.0,0.00493459,0.79802688,0.0,0.14289393,51978,6,0.03825803,6.8670822
434,6,32026696,0.98922212,0.05386481,0.01252692,0.0,0.00410344,0.81157324,0.0,0.11793159,51980,6,0.03427157,6.8670822
434,7,32026697,0.98972973,0.04275835,0.01144324,0.0,0.00495154,0.79907349,0.0,0.14177338,51978,6,0.0386278,6.8670822
434,8,32026698,0.86005379,0.66847648,0.32819681,0.0,0.0007732,0.00254716,0.0,6.34e-06,8354,4,0.19075686,6.8656106
434,9,32026699,0.86017195,0.66885932,0.32817066,0.0,0.00075291,0.00221076,0.0,6.35e-06,8354,4,0.18603861,6.8656106
434,10,32026700,0.86015793,0.66836649,0.32841617,0.0,0.00075802,0.002453,0.0,6.32e-06,8354,4,0.18943737,6.8656106
435,1,32026721,0.95817606,0.00889771,0.0,0.00148831,0.00030863,0.98913772,0.00016549,2.14e-06,32975,6,0.01491766,0.998387
435,2,32026722,0.9583294,0.00893994,0.0,0.00148072,0.00032127,0.98909532,0.00016072,2.02e-06,32975,6,0.01627897,0.998387
435,3,32026723,0.95828758,0.00897025,0.0,0.00148241,0.00031351,0.98907283,0.00015923,1.77e-06,37071,6,0.01702692,0.998387
435,4,32026724,0.95828989,0.00886408,0.0,0.00148294,0.00032068,0.98916934,0.00016063,2.33e-06,37071,6,0.01737569,0.998387
435,5,32026725,0.95829636,0.00894557,0.0,0.00148404,0.00031961,0.98909085,0.00015766,2.28e-06,37071,6,0.01609554,0.998387
435,6,32026726,0.95822879,0.00889815,0.0,0.00148698,0.00030893,0.98914236,0.00016196,1.61e-06,32975,6,0.0177351,0.998387
435,7,32026727,0.95825562,0.00900247,0.0,0.00148406,0.00031933,0.98903298,0.00015927,1.88e-06,32975,6,0.01690803,0.998387
435,8,32026728,0.95828128,0.00894772,0.0,0.00148546,0.00031187,0.98909345,0.00015947,2.03e-06,32911,6,0.01550171,0.9983871
435,9,32026729,0.9582695,0.00883847,0.0,0.00148773,0.00032682,0.98918174,0.00016329,1.95e-06,32975,6,0.01565438,0.998387
435,10,32026730,0.95820101,0.00876011,0.0,0.00148819,0.0003023,0.98928215,0.00016532,1.93e-06,32911,6,0.01671102,0.9983871
436,1,32026751,0.99022585,0.03389755,0.30160886,0.0,0.01990101,0.0,0.00021003,0.64438255,48941,7,0.06813533,2.3016255
436,2,32026752,0.9903144,0.03366225,0.29645556,0.0,0.01975524,0.0,0.00018499,0.64994196,44845,7,0.06692986,2.3016254
436,3,32026753,0.99020227,0.0341806,0.29931919,0.0,0.01977039,0.0,0.00018406,0.64654575,48941,7,0.0634044,2.3016255
436,4,32026754,0.99029814,0.03376696,0.29851049,0.0,0.01964298,0.0,0.00017927,0.6479003,44845,7,0.07124869,2.3016254
436,5,32026755,0.99024484,0.03379639,0.29664023,0.0,0.01992029,0.0,0.00020909,0.64943399,48941,7,0.0678827,2.3016255
436,6,32026756,0.99023614,0.03424806,0.29682914,0.0,0.01969787,0.0,0.00018121,0.64904372,48941,7,0.06291316,2.3016255
436,7,32026757,0.99021361,0.0338556,0.30186482,0.0,0.01970131,0.0,0.0001981,0.64438016,44845,7,0.06699369,2.3016254
436,8,32026758,0.99026327,0.03389746,0.29717543,0.0,0.01986585,0.0,0.00017486,0.6488864,44845,7,0.06683854,2.3016254
436,9,32026759,0.99019137,0.03404778,0.29941157,0.0,0.01976076,0.0,0.00018801,0.64659188,48941,7,0.06563872,2.3016255
436,10,32026760,0.98995833,0.03533698,0.30038246,0.0,0.02002351,0.0,0.00020466,0.64405239,48941,7,0.05780577,2.3016255
437,1,32026781,0.98624951,0.0477755,0.14634069,0.0,0.01127033,0.5060838,0.00072945,0.28780022,51978,6,0.03191598,3.467563
437,2,32026782,0.98565211,0.04839012,0.1448639,0.0,0.01170363,0.50455808,0.00075247,0.28973181,51978,6,0.03225701,3.467563
437,3,32026783,0.98583572,0.04804723,0.14786342,0.0,0.01160534,0.50189957,0.00074767,0.28983677,51970,6,0.03178456,3.4675297
437,4,32026784,0.98604522,0.04867721,0.14167901,0.0,0.01117591,0.50904611,0.00069772,0.28872403,51978,6,0.02800646,3.467563
437,5,32026785,0.98615217,0.0468197,0.14206744,0.0,0.01138362,0.50924481,0.00077721,0.28970722,51978,6,0.0343585,3.467563
437,6,32026786,0.98644339,0.04701158,0.14317565,0.0,0.01122088,0.5094078,0.00061858,0.28856551,51978,6,0.03128881,3.467563
437,7,32026787,0.98604562,0.04823897,0.14647591,0.0,0.01136942,0.5170374,0.0006775,0.2762008,51978,6,0.03776437,3.467563
437,8,32026788,0.98539359,0.05006163,0.14508108,0.0,0.01171442,0.508043,0.00073224,0.28436762,51978,6,0.02955504,3.467563
437,9,32026789,0.98615566,0.04850057,0.14532011,0.0,0.01124021,0.51009253,0.00075866,0.28408793,51978,6,0.03225853,3.467563
437,10,32026790,0.98640339,0.0474964,0.14590678,0.0,0.01115641,0.50457182,0.00060164,0.29026695,51978,6,0.03101385,3.467563
438,1,32026811,0.96389958,0.01202216,0.0,0.00138505,0.00510313,0.14659945,0.0,0.83489022,8159,7,0.00406923,0.9986519
438,2,32026812,0.96382431,0.01198734,0.0,0.00138652,0.00509881,0.14887205,0.0,0.83265528,65375,7,0.00384797,0.9986519
438,3,32026813,0.96366608,0.01193455,0.0,0.00138473,0.00515935,0.14574326,0.0,0.83577811,32735,7,0.00379153,0.9986519
438,4,32026814,0.96381908,0.01199432,0.0,0.00138742,0.00508495,0.14499301,0.0,0.8365403,16343,7,0.0036496,0.998627
438,5,32026815,0.96379025,0.01204191,0.0,0.00138581,0.00515824,0.14873629,0.0,0.83267775,12255,7,0.00376859,0.998602
438,6,32026816,0.96402608,0.01205917,0.0,0.00138587,0.00504797,0.14259919,0.0,0.8389078,32607,7,0.00421897,0.9986519
438,7,32026817,0.96382851,0.01210144,0.0,0.00138631,0.00500565,0.14977773,0.0,0.83172888,24415,7,0.00379645,0.9986519
438,8,32026818,0.96391457,0.01199855,0.0,0.00138571,0.0050556,0.1455943,0.0,0.83596585,49119,7,0.00400978,0.9986519
438,9,32026819,0.96381096,0.01200833,0.0,0.00138496,0.00509099,0.1494611,0.0,0.83205463,32735,7,0.00421665,0.9986519
438,10,32026820,0.96379154,0.01206021,0.0,0.00138602,0.00507754,0.1515307,0.0,0.82994553,32735,7,0.0037186,0.9986519
439,1,32026841,0.98928121,0.05385966,0.01044218,0.0,0.00575042,0.74956133,0.0,0.18038641,53036,6,0.03865802,6.7557986
439,2,32026842,0.98848883,0.05605396,0.0002327,0.0,0.00058925,0.94311424,0.0,9.85e-06,50842,6,0.12738778,6.7557987
439,3,32026843,0.98936319,0.04526901,0.0100248,0.0,0.00503952,0.79053833,0.0,0.14912834,53036,6,0.01787767,6.7557986
439,4,32026844,0.98975379,0.04198475,0.01024336,0.0,0.00592091,0.76511971,0.0,0.17673127,44844,6,0.03756584,6.7557986
439,5,32026845,0.98974719,0.04179567,0.01000114,0.0,0.00602429,0.75863306,0.0,0.18354584,44844,6,0.03832429,6.7557986
439,6,32026846,0.98974671,0.04166325,0.01004012,0.0,0.00602742,0.75810691,0.0,0.18416231,44844,6,0.03638794,6.7557986
439,7,32026847,0.98974561,0.04192668,0.01017438,0.0,0.00600869,0.75987288,0.0,0.18201737,44844,6,0.03871393,6.7557986
439,8,32026848,0.98928214,0.05357343,0.01056232,0.0,0.00570855,0.7518627,0.0,0.17829299,53036,6,0.03830832,6.7557986
439,9,32026849,0.98974922,0.0419233,0.01015648,0.0,0.00608122,0.76085757,0.0,0.18098142,44844,6,0.03736789,6.7557986
439,10,32026850,0.98927798,0.05368994,0.01051228,0.0,0.00551935,0.75701002,0.0,0.17326841,53036,6,0.03528626,6.7557986
440,1,32026871,0.92808661,0.05409485,0.1654787,0.05037471,0.00816833,0.7117773,0.00842864,0.00167746,23119,6,0.05133628,0.9976233
440,2,32026872,0.9091789,0.06102076,0.16155327,0.07184832,0.00842688,0.68367803,0.01137154,0.00210121,23119,6,0.05111135,0.9976233
440,3,32026873,0.93910415,0.04917201,0.16669404,0.03561923,0.00820003,0.73086065,0.0077626,0.00169144,23119,6,0.05816433,0.9976233
440,4,32026874,0.90761937,0.05896412,0.16685429,0.07122608,0.00851872,0.67843392,0.01353951,0.00246336,23119,6,0.04561883,0.9976233
440,5,32026875,0.94348728,0.04635415,0.17462588,0.02739957,0.00814287,0.73350994,0.00793863,0.00202896,23119,6,0.04710367,0.9976233
440,6,32026876,0.95264478,0.04390762,0.17424884,0.01807229,0.00801046,0.74747576,0.00612507,0.00215995,23119,6,0.05011155,0.9976233
440,7,32026877,0.94542759,0.04555001,0.1726713,0.02593345,0.00794401,0.73800426,0.0076426,0.00225438,23119,6,0.05356151,0.9976233
440,8,32026878,0.91951106,0.05649984,0.16483906,0.06112789,0.0085367,0.69721012,0.00979532,0.00199108,23119,6,0.04381866,0.9976233
440,9,32026879,0.90469969,0.06187349,0.16557082,0.07851135,0.00827827,0.67167387,0.01173239,0.00235981,23119,6,0.04336088,0.9976233
440,10,32026880,0.93217453,0.05202176,0.17071818,0.04790871,0.00791719,0.71272226,0.00639654,0.00231536,23111,6,0.04664304,0.9975485
441,1,32026901,0.98525236,0.01360348,0.02717456,0.0,0.0085986,0.05733117,0.0,0.89329218,48639,7,0.00626567,0.9995102
441,2,32026902,0.98525597,0.01364298,0.02785786,0.0,0.0086193,0.05565727,0.0,0.89422259,57343,7,0.00579203,0.9995103
441,3,32026903,0.9852499,0.01359868,0.02773238,0.0,0.00862777,0.05806312,0.0,0.89197805,49023,7,0.00531772,0.9995103
441,4,32026904,0.98524896,0.01368859,0.02832165,0.0,0.00858285,0.05924665,0.0,0.89016026,36351,7,0.00522394,0.9995102
441,5,32026905,0.9852481,0.01366778,0.02818872,0.0,0.00850927,0.05630703,0.0,0.8933272,59391,7,0.00552583,0.9995103
441,6,32026906,0.98525423,0.01365563,0.02802997,0.0,0.0085897,0.05711498,0.0,0.8926097,65535,7,0.00532351,0.9995103
441,7,32026907,0.98525575,0.01371688,0.02919173,0.0,0.00853083,0.06065369,0.0,0.88790687,49151,7,0.00553065,0.9995103
441,8,32026908,0.98525478,0.01368149,0.02779989,0.0,0.00858583,0.05597472,0.0,0.89395807,53247,7,0.00536814,0.9995103
441,9,32026909,0.98524223,0.01369897,0.02770635,0.0,0.00847246,0.06047156,0.0,0.88965065,16383,7,0.00526232,0.9995103
441,10,32026910,0.9852549,0.01357416,0.02738384,0.0,0.00860615,0.05500921,0.0,0.89542665,57343,7,0.00572871,0.9995103
442,1,32026931,0.98920588,0.05446186,0.00943113,0.0,0.00522961,0.77430062,0.0,0.15657679,51980,6,0.04563456,6.4053528
442,2,32026932,0.9895828,0.05044132,0.00880673,0.0,0.00544436,0.78010848,0.0,0.15519911,51980,6,0.02705444,6.4053528
442,3,32026933,0.99021172,0.04072351,0.00667952,0.0,0.00587054,0.77223251,0.0,0.17449392,51978,6,0.06590602,6.4053528
442,4,32026934,0.98916923,0.05755686,0.01062675,0.0,0.0053844,0.78811486,0.0,0.13831712,51980,6,0.03879916,6.4053528
442,5,32026935,0.98915726,0.05888168,0.011505,0.0,0.00536219,0.79363009,0.0,0.13062105,51980,6,0.03676706,6.4053528
442,6,32026936,0.98974374,0.04762513,0.00807746,0.0,0.00551178,0.77788184,0.0,0.16090379,51978,6,0.03699848,6.4053528
442,7,32026937,0.98880347,0.0675265,0.01605432,0.0,0.00547828,0.85906455,0.0,0.05187635,51084,6,0.08471867,6.4053529
442,8,32026938,0.98978496,0.04897163,0.00900635,0.0,0.0056994,0.78501629,0.0,0.15130633,51978,6,0.03948178,6.4053528
442,9,32026939,0.98913127,0.0621051,0.01295649,0.0,0.00532267,0.82030506,0.0,0.09931068,51084,6,0.04869149,6.4053529
442,10,32026940,0.9890084,0.06253598,0.01342189,0.0,0.00550246,0.82277218,0.0,0.09576748,51084,6,0.049746,6.4053529
443,1,32026961,0.96163035,0.01766218,0.0,0.00131891,0.0003187,0.98062028,7.656e-05,3.36e-06,24535,6,0.00474118,0.9985147
443,2,32026962,0.96157959,0.01768766,0.0,0.00131887,0.00031425,0.98059861,7.667e-05,3.94e-06,8159,6,0.00504957,0.9985397
443,3,32026963,0.95886954,0.01366677,0.0,0.00136584,0.00040234,0.98446702,7.665e-05,2.138e-05,28367,6,0.00720305,0.9982899
443,4,32026964,0.96159493,0.01779232,0.0,0.00131723,0.00031565,0.98049429,7.687e-05,3.65e-06,40927,6,0.00415935,0.9985397
443,5,32026965,0.96174096,0.01776843,0.0,0.00131932,0.00031352,0.98051787,7.666e-05,4.2e-06,8159,6,0.00485895,0.9985397
443,6,32026966,0.95701288,0.01127463,0.0,0.00140294,0.00046741,0.98675597,7.643e-05,2.263e-05,63183,6,0.00968608,0.9983393
443,7,32026967,0.96166089,0.01770904,0.0,0.00131796,0.000314,0.9805789,7.633e-05,3.77e-06,20439,6,0.00472182,0.9984898
443,8,32026968,0.96176905,0.01776368,0.0,0.00131829,0.00031569,0.98052199,7.669e-05,3.65e-06,8159,6,0.00487353,0.9985397
443,9,32026969,0.96154703,0.01776494,0.0,0.00131837,0.00031322,0.98052245,7.674e-05,4.28e-06,24543,6,0.00519502,0.9985397
443,10,32026970,0.96171864,0.01791211,0.0,0.00131818,0.00031376,0.98037562,7.653e-05,3.8e-06,20439,6,0.00487157,0.9984898
444,1,32026991,0.98456452,0.05403494,0.18195867,0.0,0.0113344,0.5023878,0.00129908,0.24898511,44844,6,0.02418767,4.6072439
444,2,32026992,0.98534464,0.05334545,0.18086527,0.0,0.01052733,0.50787496,0.00103358,0.24635341,44844,6,0.02375806,4.6072439
444,3,32026993,0.98510375,0.05178568,0.18325555,0.0,0.01122825,0.49792287,0.00109407,0.25471358,44844,6,0.02571075,4.6072439
444,4,32026994,0.98565342,0.05121614,0.18215368,0.0,0.01050974,0.50553892,0.00111531,0.2494662,48940,6,0.02687225,4.6072772
444,5,32026995,0.98540392,0.05155275,0.18342953,0.0,0.01095708,0.5052861,0.00109727,0.24767727,44844,6,0.02701868,4.6072439
444,6,32026996,0.98516312,0.05276762,0.18165411,0.0,0.01137752,0.50069187,0.00116466,0.25234421,44844,6,0.0233498,4.6072439
444,7,32026997,0.98510797,0.05246497,0.19011368,0.0,0.01069573,0.50719077,0.00128488,0.23824997,44844,6,0.02771131,4.6072439
444,8,32026998,0.98506964,0.05253699,0.18382498,0.0,0.01109305,0.5034246,0.00105892,0.24806146,44844,6,0.02906363,4.6072439
444,9,32026999,0.98480603,0.05358934,0.18359875,0.0,0.01132666,0.49762335,0.00109586,0.25276603,44844,6,0.02498815,4.6072439
444,10,32027000,0.98524311,0.05368668,0.18636497,0.0,0.01060885,0.50244669,0.00112163,0.24577118,53036,6,0.02146269,4.6072439
445,1,32027021,0.99100351,0.02780172,0.20020446,0.0,0.02163942,0.0,0.00013688,0.75021752,19210,7,0.05853799,1.3028016
445,2,32027022,0.99083707,0.02877884,0.19963608,0.0,0.0216881,0.0,0.00013702,0.74975996,19210,7,0.04800335,1.3028016
445,3,32027023,0.99097633,0.02769848,0.20358621,0.0,0.02171982,0.0,0.00013783,0.74685766,19210,7,0.0528536,1.3028016
445,4,32027024,0.99098403,0.027817,0.20088039,0.0,0.02178326,0.0,0.00013618,0.74938317,19210,7,0.05244237,1.3028016
445,5,32027025,0.99076998,0.02948295,0.19868197,0.0,0.02175982,0.0,0.00013596,0.7499393,19210,7,0.0445365,1.3028016
445,6,32027026,0.99095591,0.02800124,0.19999428,0.0,0.02174069,0.0,0.00013257,0.75013122,19210,7,0.05669201,1.3028016
445,7,32027027,0.99086391,0.02914371,0.19816804,0.0,0.0216732,0.0,0.00013416,0.75088089,19210,7,0.04763567,1.3028016
445,8,32027028,0.99088213,0.02846545,0.1974559,0.0,0.02170086,0.0,0.00013913,0.75223867,19210,7,0.0492626,1.3028016
445,9,32027029,0.99075536,0.02967958,0.2005963,0.0,0.02161372,0.0,0.00014155,0.74796885,19210,7,0.04983996,1.3028016
445,10,32027030,0.99099517,0.0274743,0.20375671,0.0,0.0217294,0.0,0.00013716,0.74690242,19210,7,0.05268735,1.3028016
446,1,32027051,0.96680974,0.01108104,0.0,0.00094607,0.00595653,0.09042511,0.0,0.89159125,40831,7,0.00534022,0.9988261
446,2,32027052,0.96676651,0.01105346,0.0,0.00094632,0.00604315,0.0937407,0.0,0.88821637,49151,7,0.00601254,0.9988261
446,3,32027053,0.96678974,0.01095762,0.0,0.00094659,0.00607557,0.08728969,0.0,0.89473053,57343,7,0.00610568,0.9988261
446,4,32027054,0.96684017,0.01096403,0.0,0.00094553,0.00609424,0.08828798,0.0,0.89370821,65535,7,0.00525828,0.9988261
446,5,32027055,0.96679506,0.0110047,0.0,0.00094451,0.00611322,0.08840997,0.0,0.89352759,65535,7,0.00552376,0.9988261
446,6,32027056,0.96680941,0.01103593,0.0,0.00094505,0.00599774,0.09016153,0.0,0.89185975,32767,7,0.00612281,0.9988261
446,7,32027057,0.96681575,0.01100548,0.0,0.00094509,0.00603497,0.09106137,0.0,0.89095309,57343,7,0.00511008,0.9988261
446,8,32027058,0.96683568,0.01104191,0.0,0.00094592,0.00601387,0.08924223,0.0,0.89275607,24575,7,0.00537924,0.9988261
446,9,32027059,0.96681558,0.01104653,0.0,0.0009428,0.00609263,0.08933142,0.0,0.89258662,57215,7,0.00505628,0.9988261
446,10,32027060,0.96678668,0.01101104,0.0,0.00094357,0.00602055,0.09002163,0.0,0.8920032,54783,7,0.00500237,0.998826
447,1,32027081,0.98927821,0.05329597,0.01590429,0.0,0.00366724,0.82269653,0.0,0.10443598,51980,6,0.02823783,7.6651028
447,2,32027082,0.98927933,0.04361049,0.0139696,0.0,0.00441152,0.81167448,0.0,0.12633391,51978,6,0.03431986,7.6651028
447,3,32027083,0.98928794,0.04344143,0.01393502,0.0,0.00454209,0.80962311,0.0,0.12845835,51978,6,0.03500264,7.6651028
447,4,32027084,0.98925062,0.05683253,0.0106372,0.0,0.00361798,0.83267176,0.0,0.09624052,52764,6,0.02839722,7.665103
447,5,32027085,0.98921547,0.0599835,0.01520516,0.0,0.00431695,0.82890361,0.0,0.09159077,51084,6,0.03414017,7.665103
447,6,32027086,0.98924761,0.04477171,0.01472527,0.0,0.00460438,0.81830862,0.0,0.11759003,52010,6,0.03033607,7.665103
447,7,32027087,0.98888646,0.0297727,0.01390349,0.0,0.00097887,0.95529218,0.0,5.276e-05,43786,6,0.03637508,7.6651028
447,8,32027088,0.98928233,0.04358459,0.01393142,0.0,0.00442827,0.81241194,0.0,0.12564377,51978,6,0.033869,7.6651028
447,9,32027089,0.98889448,0.02976428,0.01457578,0.0,0.00098036,0.95462303,0.0,5.655e-05,43786,6,0.03747118,7.6651028
447,10,32027090,0.98927697,0.05606956,0.01202947,0.0,0.00389497,0.81980588,0.0,0.10820013,52012,6,0.03063267,7.665103
448,1,32027111,0.9556078,0.0101577,0.0,0.00094936,0.00028032,0.98832147,0.00029025,9e-07,32911,6,0.02429024,0.9984598
448,2,32027112,0.95554345,0.01024015,0.0,0.00094058,0.0002797,0.98825135,0.0002872,1.03e-06,32971,6,0.0268357,0.9984596
448,3,32027113,0.95557569,0.01015543,0.0,0.00095327,0.00027564,0.98832493,0.00028969,1.04e-06,32971,6,0.02413053,0.9984596
448,4,32027114,0.9555659,0.01023845,0.0,0.00094547,0.00028184,0.98824768,0.00028563,9.4e-07,32907,6,0.02537499,0.9984598
448,5,32027115,0.95558449,0.01012861,0.0,0.00096584,0.00026913,0.98834067,0.00029486,9e-07,32781,6,0.0244162,0.9984602
448,6,32027116,0.9555913,0.01019328,0.0,0.00095269,0.00027754,0.98828442,0.00029099,1.09e-06,32841,6,0.0243293,0.9984601
448,7,32027117,0.95557914,0.01019821,0.0,0.00094464,0.00028308,0.98828276,0.00029035,9.5e-07,32971,6,0.02745018,0.9984596
448,8,32027118,0.95552863,0.01022135,0.0,0.00094027,0.00027588,0.98827535,0.00028618,9.8e-07,32907,6,0.02787523,0.9984598
448,9,32027119,0.95558026,0.01016202,0.0,0.00093759,0.0002851,0.98832842,0.0002857,1.18e-06,37067,6,0.02524851,0.9984597
448,10,32027120,0.95556346,0.01015732,0.0,0.00095504,0.00028035,0.98831526,0.00029108,9.6e-07,32843,6,0.02524602,0.9984601
449,1,32027141,0.99879991,0.01914331,0.07088633,0.0,0.01639424,0.0,0.0,0.89357612,61439,7,0.00411917,0.9999889
449,2,32027142,0.99879639,0.01933975,0.07152227,0.0,0.01644361,0.0,0.0,0.89269437,30719,7,0.00451593,0.999989
449,3,32027143,0.99880497,0.01928285,0.07144364,0.0,0.01645889,0.0,0.0,0.89281462,49023,7,0.00520093,0.999989
449,4,32027144,0.9987903,0.01917895,0.07097116,0.0,0.01651561,0.0,0.0,0.89333429,16383,7,0.00430582,0.999989
449,5,32027145,0.99879014,0.01921792,0.07254308,0.0,0.0165574,0.0,0.0,0.8916816,65535,7,0.00398075,0.999989
449,6,32027146,0.99879025,0.01909706,0.07079502,0.0,0.0165996,0.0,0.0,0.89350832,65535,7,0.00485052,0.999989
449,7,32027147,0.99879591,0.01929594,0.07145731,0.0,0.01655683,0.0,0.0,0.89268992,63487,7,0.00438309,0.999989
449,8,32027148,0.99879779,0.01925234,0.07059931,0.0,0.01645543,0.0,0.0,0.89369292,61439,7,0.00444081,0.9999889
449,9,32027149,0.9988071,0.01922967,0.07184928,0.0,0.01653857,0.0,0.0,0.89238247,49151,7,0.00439326,0.999989
449,10,32027150,0.99879197,0.01917119,0.07265895,0.0,0.01646939,0.0,0.0,0.89170046,63359,7,0.00437057,0.999989
450,1,32027171,0.99037914,0.04064699,0.02836644,0.0,0.00686694,0.7114853,4.404e-05,0.21259029,51978,6,0.05533128,5.1265674
450,2,32027172,0.99056448,0.03928713,0.02663357,0.0,0.0068237,0.71665149,3.818e-05,0.21056594,51978,6,0.06066803,5.1265674
450,3,32027173,0.99056384,0.03928635,0.02618273,0.0,0.00679653,0.7155493,3.768e-05,0.21214741,51978,6,0.06038335,5.1265674
450,4,32027174,0.99056134,0.03930632,0.0261022,0.0,0.00698544,0.70986971,3.77e-05,0.21769863,51978,6,0.05819448,5.1265674
450,5,32027175,0.99057374,0.03930689,0.02593933,0.0,0.00689674,0.7135076,3.766e-05,0.21431178,51978,6,0.06098289,5.1265674
450,6,32027176,0.98983643,0.04588047,0.03710962,0.0,0.00691385,0.69147517,4.152e-05,0.21857937,51978,6,0.03211589,5.1265674
450,7,32027177,0.99047902,0.03948377,0.02674758,0.0,0.00691818,0.71428602,4.911e-05,0.21251533,51978,6,0.06015447,5.1265674
450,8,32027178,0.99056309,0.03933858,0.02626617,0.0,0.00678733,0.7174685,3.806e-05,0.21010136,51978,6,0.06285512,5.1265674
450,9,32027179,0.99054599,0.03954594,0.02555935,0.0,0.00689468,0.7165966,3.763e-05,0.2113658,51978,6,0.06154573,5.1265674
450,10,32027180,0.99055679,0.03939954,0.02624482,0.0,0.00687751,0.71310289,3.819e-05,0.21433705,51978,6,0.05938171,5.1265674
451,1,32027201,0.95858098,0.01237954,0.0,0.00139002,0.00460117,0.16630406,0.0,0.81532521,61407,7,0.00447771,0.9984325
451,2,32027202,0.9585342,0.01246762,0.0,0.00138894,0.00470324,0.17175331,0.0,0.80968689,8031,7,0.00469175,0.9984325
451,3,32027203,0.95855635,0.01250752,0.0,0.00138969,0.00465879,0.17201819,0.0,0.80942581,65503,7,0.00450475,0.9984325
451,4,32027204,0.95841432,0.01230455,0.0,0.00138997,0.00473324,0.16935931,0.0,0.81221292,61407,7,0.00395874,0.9984325
451,5,32027205,0.95858875,0.01252849,0.0,0.00138835,0.00460575,0.17546784,0.0,0.80600957,32735,7,0.00418408,0.9984325
451,6,32027206,0.95850436,0.01235128,0.0,0.0013896,0.0047199,0.168616,0.0,0.81292322,40927,7,0.00461925,0.9984325
451,7,32027207,0.9584339,0.01228051,0.0,0.00138987,0.0047964,0.16848763,0.0,0.81304558,24407,7,0.00422484,0.9984075
451,8,32027208,0.95839712,0.0125958,0.0,0.00138857,0.00473684,0.17416953,0.0,0.80710927,24415,7,0.00463509,0.9984325
451,9,32027209,0.95842633,0.01233686,0.0,0.00138931,0.00472264,0.1697307,0.0,0.8118205,24543,7,0.0046355,0.9984325
451,10,32027210,0.95856303,0.01241241,0.0,0.00138817,0.00470342,0.1691388,0.0,0.8123572,24543,7,0.00529903,0.9984325
452,1,32027231,0.98916936,0.07108543,0.01731339,0.0,0.00694305,0.88241462,0.0,0.02224351,52764,6,0.11554345,6.7035735
452,2,32027232,0.99001055,0.04201388,0.00792983,0.0,0.00657056,0.74162972,0.0,0.20185601,44844,6,0.03928175,6.7035734
452,3,32027233,0.98927384,0.06086996,0.01274024,0.0,0.00649294,0.79751751,0.0,0.12237935,52764,6,0.05205134,6.7035735
452,4,32027234,0.98939329,0.05376614,0.00953213,0.0,0.00628711,0.751062,0.0,0.17935262,53036,6,0.03529826,6.7035734
452,5,32027235,0.99010374,0.04026178,0.00801738,0.0,0.00658105,0.74093935,0.0,0.20420045,44844,6,0.04178149,6.7035734
452,6,32027236,0.98949869,0.05044428,0.0083953,0.0,0.00610195,0.74178777,0.0,0.1932707,53036,6,0.03523935,6.7035734
452,7,32027237,0.98929568,0.05794986,0.01141109,0.0,0.00631954,0.77756419,0.0,0.14675532,53036,6,0.03128235,6.7035734
452,8,32027238,0.98924938,0.06279434,0.01339564,0.0,0.00651303,0.8152334,0.0,0.10206358,52764,6,0.06435368,6.7035735
452,9,32027239,0.98960983,0.04875757,0.00860567,0.0,0.00621013,0.73966221,0.0,0.19676441,53036,6,0.02787632,6.7035734
452,10,32027240,0.98931122,0.05616012,0.01012764,0.0,0.00632623,0.75590592,0.0,0.17148009,53036,6,0.03632786,6.7035734
453,1,32027261,0.52506349,0.13476345,0.35235821,0.00184973,0.12646094,0.0,0.23712382,0.14744385,23175,7,0.03610942,0.998267
453,2,32027262,0.53494717,0.13640295,0.35604591,0.0016921,0.12856333,0.0,0.22615205,0.15114366,23175,7,0.03842495,0.998267
453,3,32027263,0.52530206,0.13775846,0.35615646,0.00194918,0.12971653,0.0,0.2326625,0.14175688,23175,7,0.03648159,0.998267
453,4,32027264,0.50379126,0.14138516,0.33890257,0.00221814,0.13719819,0.0,0.24296317,0.13733276,19079,7,0.03293319,0.9981922
453,5,32027265,0.5187066,0.13801628,0.34824046,0.00165879,0.12879567,0.0,0.24019199,0.1430968,23175,7,0.03584612,0.998267
453,6,32027266,0.51344297,0.14036784,0.34930644,0.00194441,0.13511752,0.0,0.23706705,0.13619675,23175,7,0.03224804,0.998267
453,7,32027267,0.53241031,0.1322879,0.35495658,0.001631,0.12600236,0.0,0.23448102,0.15064114,23175,7,0.03700794,0.998267
453,8,32027268,0.53635877,0.13666639,0.35927907,0.00182252,0.12974577,0.0,0.2237489,0.14873735,23175,7,0.03593721,0.998267
453,9,32027269,0.51875778,0.13738528,0.34816355,0.00180517,0.13368639,0.0,0.23411788,0.14484173,23175,7,0.03765328,0.998267
453,10,32027270,0.52931329,0.13821321,0.35495837,0.00206122,0.12916981,0.0,0.22917452,0.14642287,23175,7,0.03757327,0.998267
454,1,32027291,0.97585654,0.01202036,0.01816366,0.0,0.00643176,0.05562484,0.0,0.90775938,65535,7,0.00626457,0.999162
454,2,32027292,0.97586042,0.01198701,0.01855865,0.0,0.00640951,0.05889975,0.0,0.90414509,65023,7,0.00604123,0.9991619
454,3,32027293,0.97586908,0.01203205,0.0180256,0.0,0.00647975,0.05512779,0.0,0.90833481,65023,7,0.00689913,0.9991619
454,4,32027294,0.97587183,0.01203439,0.01845573,0.0,0.00638578,0.05652153,0.0,0.90660258,57215,7,0.00607187,0.999162
454,5,32027295,0.97587121,0.0119609,0.01741216,0.0,0.00656014,0.05511265,0.0,0.90895416,57343,7,0.00665477,0.999162
454,6,32027296,0.97586619,0.01205591,0.01861084,0.0,0.00641194,0.05461612,0.0,0.90830519,48639,7,0.00658797,0.9991619
454,7,32027297,0.97586583,0.01202124,0.01810387,0.0,0.00646549,0.05751668,0.0,0.90589271,52735,7,0.00622753,0.9991619
454,8,32027298,0.97584229,0.01204865,0.01840048,0.0,0.00639621,0.05752826,0.0,0.9056264,61439,7,0.00678039,0.999162
454,9,32027299,0.97586861,0.0119339,0.01786496,0.0,0.0064919,0.05302228,0.0,0.91068696,65535,7,0.00635582,0.999162
454,10,32027300,0.97586678,0.01200254,0.01875186,0.0,0.00645282,0.05989658,0.0,0.9028962,53247,7,0.00614809,0.999162
455,1,32027321,0.98993116,0.0414442,0.00929075,0.0,0.00506839,0.79287648,0.0,0.15132018,51978,6,0.04354109,7.7881005
455,2,32027322,0.98993112,0.04133652,0.00932127,0.0,0.0051335,0.7930773,0.0,0.15113143,51978,6,0.04290952,7.7881005
455,3,32027323,0.98993164,0.04142877,0.00920603,0.0,0.00516868,0.79069642,0.0,0.15350009,51978,6,0.04701393,7.7881005
455,4,32027324,0.98993487,0.04130019,0.00925107,0.0,0.00508264,0.79374085,0.0,0.15062526,51978,6,0.04269181,7.7881005
455,5,32027325,0.98909689,0.06886901,0.01610725,0.0,0.0050655,0.87450476,0.0,0.03545347,51084,6,0.10217042,7.7881007
455,6,32027326,0.98922931,0.03457155,0.00855865,0.0,0.00278671,0.89209835,0.0,0.06198473,43786,6,0.0275733,7.7881005
455,7,32027327,0.9892883,0.05554922,0.01070878,0.0,0.00492305,0.7894466,0.0,0.13937235,51980,6,0.04099868,7.7881005
455,8,32027328,0.98992734,0.04126882,0.00938788,0.0,0.00520781,0.79120414,0.0,0.15293135,51978,6,0.04446138,7.7881005
455,9,32027329,0.98920459,0.06187449,0.01336769,0.0,0.00501017,0.83238368,0.0,0.08736397,51084,6,0.05249676,7.7881007
455,10,32027330,0.98993526,0.04137332,0.00930752,0.0,0.00509339,0.79378708,0.0,0.15043869,51978,6,0.04490519,7.7881005
456,1,32027351,0.95260718,0.00994046,0.0,0.00140806,0.00035239,0.98819263,0.00010267,3.8e-06,36559,6,0.0254201,0.9980817
456,2,32027352,0.95212314,0.00982074,0.0,0.00141705,0.00034404,0.98830586,0.00010825,4.05e-06,36559,6,0.02091871,0.9980817
456,3,32027353,0.95257668,0.00993437,0.0,0.00141011,0.00034058,0.98820602,0.00010454,4.37e-06,36559,6,0.02575991,0.9980817
456,4,32027354,0.9574839,0.0152057,0.0,0.00135411,0.00033565,0.98301362,8.685e-05,4.07e-06,40655,6,0.01075642,0.9980817
456,5,32027355,0.95248334,0.00984487,0.0,0.00141518,0.00034393,0.98828415,0.00010852,3.35e-06,36559,6,0.02469437,0.9980817
456,6,32027356,0.96033151,0.01820443,0.0,0.00132699,0.00032916,0.9800588,7.695e-05,3.68e-06,24543,6,0.00540667,0.9984813
456,7,32027357,0.9588682,0.01664564,0.0,0.00134787,0.00039979,0.98152383,7.695e-05,5.91e-06,8159,6,0.00395909,0.9984813
456,8,32027358,0.95249621,0.00982079,0.0,0.00140941,0.00035569,0.98830663,0.00010448,3.01e-06,36559,6,0.02294482,0.9980817
456,9,32027359,0.95244871,0.00994743,0.0,0.00141615,0.00033026,0.98819594,0.00010604,4.19e-06,40655,6,0.02427744,0.9980817
456,10,32027360,0.96004748,0.01830876,0.0,0.00132601,0.0003342,0.97994997,7.7e-05,4.06e-06,40927,6,0.00453359,0.9984813
457,1,32027381,0.9870559,0.04090676,0.4588702,0.0,0.01567596,0.0,0.00036665,0.48418043,44845,7,0.04230377,3.6301956
457,2,32027382,0.98639653,0.04188773,0.45945007,0.0,0.01623272,0.0,0.00050027,0.48192921,44845,7,0.04422125,3.6301956
457,3,32027383,0.98695806,0.04031779,0.46621486,0.0,0.01572127,0.0,0.00041606,0.47733001,44845,7,0.04660747,3.6301956
457,4,32027384,0.98667324,0.04233228,0.46246743,0.0,0.01559627,0.0,0.00044938,0.47915465,44845,7,0.03978206,3.6301956
457,5,32027385,0.98651906,0.04227651,0.46126572,0.0,0.01585908,0.0,0.00045204,0.48014664,44845,7,0.03825332,3.6301956
457,6,32027386,0.98666937,0.04151953,0.46044696,0.0,0.01609893,0.0,0.00042129,0.48151329,44845,7,0.04362055,3.6301956
457,7,32027387,0.98687748,0.04016493,0.4595874,0.0,0.01601147,0.0,0.00042561,0.48381059,48941,7,0.04781174,3.6301956
457,8,32027388,0.98645058,0.04300955,0.45879284,0.0,0.01595175,0.0,0.00044082,0.48180503,44845,7,0.03282074,3.6301956
457,9,32027389,0.98682719,0.04060233,0.46685847,0.0,0.01557573,0.0,0.00037607,0.47658739,44845,7,0.04604946,3.6301956
457,10,32027390,0.98644386,0.04157316,0.45699615,0.0,0.01639808,0.0,0.00044722,0.48458539,44845,7,0.04534957,3.6301956
458,1,32027411,0.98018278,0.05005237,0.45271232,0.0,0.01906846,0.0,0.00105604,0.47711081,19210,7,0.02243207,3.0657683
458,2,32027412,0.98040563,0.04957588,0.45435675,0.0,0.01915204,0.0,0.00101928,0.47589606,19210,7,0.02417518,3.0657683
458,3,32027413,0.97999751,0.04970718,0.45551163,0.0,0.01938481,0.0,0.00102006,0.47437632,19210,7,0.02444011,3.0657683
458,4,32027414,0.98105375,0.04803803,0.45261123,0.0,0.01897586,0.0,0.00096696,0.47940792,19210,7,0.02841617,3.0657683
458,5,32027415,0.98102977,0.04857125,0.45411187,0.0,0.01852313,0.0,0.00096434,0.4778294,19210,7,0.02146964,3.0657683
458,6,32027416,0.98013881,0.04900635,0.44757314,0.0,0.01893963,0.0,0.00110009,0.48338079,19202,7,0.02490647,3.0657683
458,7,32027417,0.98003964,0.0499636,0.45194533,0.0,0.0193418,0.0,0.0010492,0.47770006,19210,7,0.02247688,3.0657683
458,8,32027418,0.97972238,0.05063566,0.45117977,0.0,0.01978932,0.0,0.00111072,0.47728453,19210,7,0.02413218,3.0657683
458,9,32027419,0.98018708,0.04850027,0.45257982,0.0,0.01934437,0.0,0.00108382,0.47849171,19210,7,0.02830955,3.0657683
458,10,32027420,0.98065077,0.04908431,0.44919359,0.0,0.01915123,0.0,0.0010043,0.48156657,19210,7,0.02418461,3.0657683
459,1,32027441,0.95936807,0.01106067,0.0,0.00138499,0.00539011,0.12318304,0.0,0.85898119,65503,7,0.00362074,0.9984971
459,2,32027442,0.9594152,0.01112667,0.0,0.00138599,0.00533281,0.12910394,0.0,0.85305058,16255,7,0.00373322,0.9984972
459,3,32027443,0.9593455,0.01112359,0.0,0.00138506,0.00540899,0.12702375,0.0,0.85505861,63327,7,0.00379102,0.9984971
459,4,32027444,0.95942142,0.01112303,0.0,0.00138549,0.00527442,0.12925879,0.0,0.85295827,16351,7,0.00352978,0.9984971
459,5,32027445,0.9592778,0.011094,0.0,0.0013862,0.00546772,0.13024861,0.0,0.85180347,32631,7,0.00326751,0.9984722
459,6,32027446,0.95936142,0.01115367,0.0,0.00138786,0.00535068,0.12594183,0.0,0.85616597,28639,7,0.00390694,0.9984471
459,7,32027447,0.9594537,0.01106451,0.0,0.00138621,0.00543228,0.12008627,0.0,0.86203074,61407,7,0.00337108,0.9984971
459,8,32027448,0.95940049,0.01102022,0.0,0.00138701,0.00551598,0.11581136,0.0,0.86626542,8063,7,0.00364789,0.9984972
459,9,32027449,0.95936978,0.01115727,0.0,0.00138611,0.00540979,0.12673138,0.0,0.85531545,48991,7,0.00327693,0.9984971
459,10,32027450,0.95931067,0.01107587,0.0,0.00138768,0.00546211,0.12723025,0.0,0.8548441,24447,7,0.00328804,0.9984972
460,1,32027471,0.98960951,0.04157795,0.01057621,0.0,0.00537529,0.77789327,0.0,0.16457728,44844,6,0.03928337,8.3259713
460,2,32027472,0.98960758,0.04168374,0.01075167,0.0,0.00542473,0.77628213,0.0,0.16585774,44844,6,0.03648446,8.3259713
460,3,32027473,0.90286405,0.58636896,0.41199915,0.0,0.00088647,0.00073891,0.0,6.51e-06,47867,4,0.240607,8.324608
460,4,32027474,0.98924831,0.05918022,0.01307221,0.0,0.00539509,0.80808343,0.0,0.11426904,52764,6,0.04389572,8.3259715
460,5,32027475,0.90284345,0.58605442,0.41230059,0.0,0.00089394,0.00074449,0.0,6.57e-06,47867,4,0.24952108,8.324608
460,6,32027476,0.98950835,0.0460341,0.01090276,0.0,0.005318,0.77527636,0.0,0.16246879,44844,6,0.02464466,8.3259713
460,7,32027477,0.90291136,0.58575254,0.41262254,0.0,0.00087378,0.00074468,0.0,6.46e-06,47867,4,0.24963809,8.324608
460,8,32027478,0.98897991,0.03310808,0.0122365,0.0,0.00106917,0.95353332,0.0,5.294e-05,44842,6,0.02860034,8.3259713
460,9,32027479,0.92372585,0.45105644,0.31407134,0.0,0.00092741,0.23392789,0.0,1.692e-05,47867,4,0.1877018,8.324608
460,10,32027480,0.90285858,0.58612356,0.41223452,0.0,0.00088765,0.00074765,0.0,6.61e-06,47867,4,0.24962114,8.324608
461,1,32027501,0.95540876,0.03772526,0.20361935,0.01125716,0.0065478,0.73686324,0.00240971,0.00157748,1991,6,0.02892084,0.9978481
461,2,32027502,0.9140547,0.05546928,0.1879043,0.0596084,0.00674401,0.68028848,0.00836566,0.00161987,23119,6,0.02705835,0.996699
461,3,32027503,0.9099403,0.06128577,0.18262955,0.07433187,0.00636337,0.67139076,0.00251344,0.00148524,23119,6,0.02609962,0.996699
461,4,32027504,0.9499058,0.03815681,0.20280599,0.01263485,0.00655901,0.73190122,0.00620157,0.00174055,23119,6,0.02966646,0.996699
461,5,32027505,0.95097298,0.04040718,0.19480838,0.01836174,0.00647248,0.73652007,0.00215716,0.00127301,23119,6,0.0308922,0.996699
461,6,32027506,0.91857814,0.05578302,0.1915664,0.05739647,0.00698416,0.68176095,0.00507351,0.00143548,1991,6,0.02953605,0.9978481
461,7,32027507,0.94412067,0.04280482,0.19614776,0.02653332,0.00647093,0.72283497,0.0038663,0.0013419,23119,6,0.02858751,0.996699
461,8,32027508,0.92234369,0.05316713,0.19030977,0.05380183,0.00667606,0.68959752,0.00494342,0.00150428,23119,6,0.02760488,0.996699
461,9,32027509,0.92643359,0.0506831,0.19548647,0.04320901,0.0068077,0.69542849,0.0069144,0.00147084,6087,6,0.02680712,0.9978731
461,10,32027510,0.94433279,0.04343449,0.19779315,0.02636356,0.00671323,0.72174247,0.00283102,0.00112208,6095,6,0.03035748,0.9978981
462,1,32027531,0.98892577,0.01414527,0.05815139,0.0,0.0105794,0.00579561,0.0,0.91132832,57343,7,0.0048307,0.9996452
462,2,32027532,0.98891465,0.01421906,0.05900303,0.0,0.0105919,0.00584828,0.0,0.91033773,16255,7,0.00527298,0.9996452
462,3,32027533,0.98892199,0.01422942,0.05860529,0.0,0.01054149,0.00615135,0.0,0.91047246,49151,7,0.00521879,0.9996452
462,4,32027534,0.98890493,0.01430498,0.05962304,0.0,0.01056036,0.00616974,0.0,0.90934188,49151,7,0.00491945,0.9996452
462,5,32027535,0.98890831,0.01428896,0.05874371,0.0,0.01046937,0.00636683,0.0,0.91013113,65535,7,0.00514454,0.9996452
462,6,32027536,0.98890929,0.01422813,0.05908552,0.0,0.01057986,0.00595327,0.0,0.91015322,52735,7,0.0048679,0.9996452
462,7,32027537,0.98893519,0.01414972,0.05646441,0.0,0.01060529,0.00610434,0.0,0.91267624,65535,7,0.00598256,0.9996452
462,8,32027538,0.98891068,0.01432996,0.05926931,0.0,0.01050638,0.00664217,0.0,0.90925218,64895,7,0.00465047,0.9996452
462,9,32027539,0.98890933,0.01438101,0.05907278,0.0,0.01057416,0.00658551,0.0,0.90938654,65407,7,0.00492512,0.9996452
462,10,32027540,0.9889194,0.01430993,0.05950539,0.0,0.01045617,0.0062337,0.0,0.9094948,55295,7,0.00496472,0.9996452
463,1,32027561,0.98913088,0.06352166,0.01326861,0.0,0.00568715,0.82562494,0.0,0.09189764,51084,6,0.05873763,6.9964251
463,2,32027562,0.98947302,0.05235563,0.00817226,0.0,0.0055758,0.78087171,0.0,0.1530246,51980,6,0.03390268,6.996425
463,3,32027563,0.99035492,0.03969702,0.0055385,0.0,0.00610615,0.76373888,0.0,0.18491944,51978,6,0.07202435,6.996425
463,4,32027564,0.98914223,0.06293038,0.01295926,0.0,0.00576248,0.82010512,0.0,0.09824277,51084,6,0.05394435,6.9964251
463,5,32027565,0.98916777,0.05969416,0.01117733,0.0,0.0054702,0.80131006,0.0,0.12234825,51980,6,0.03653803,6.996425
463,6,32027566,0.9892099,0.05387667,0.0083185,0.0,0.00555093,0.76210307,0.0,0.17015083,51980,6,0.04896429,6.996425
463,7,32027567,0.99003458,0.04822917,0.0088837,0.0,0.00610781,0.79749522,0.0,0.1392841,51978,6,0.05228281,6.996425
463,8,32027568,0.98923071,0.05386091,0.0080644,0.0,0.00550923,0.76449485,0.0,0.16807061,51980,6,0.05312654,6.996425
463,9,32027569,0.9891593,0.06057237,0.0114228,0.0,0.00561936,0.80353734,0.0,0.11884813,51084,6,0.04121081,6.9964251
463,10,32027570,0.99036168,0.0397647,0.00554489,0.0,0.00602542,0.76782406,0.0,0.18084093,51978,6,0.07170116,6.996425
464,1,32027591,0.95376681,0.01697577,0.0,0.00131743,0.00029978,0.98132788,7.636e-05,2.77e-06,24543,6,0.00468149,0.9982231
464,2,32027592,0.94921625,0.01042462,0.0,0.00138447,0.00038565,0.98770862,7.619e-05,2.045e-05,32463,6,0.0111228,0.9980233
464,3,32027593,0.95350563,0.0169656,0.0,0.00131743,0.0003005,0.98133668,7.635e-05,3.45e-06,8151,6,0.00408671,0.9981981
464,4,32027594,0.95375785,0.01689301,0.0,0.00131687,0.00029691,0.981414,7.629e-05,2.91e-06,40927,6,0.00461225,0.9982231
464,5,32027595,0.95362921,0.01692417,0.0,0.00131671,0.00030773,0.98137226,7.655e-05,2.59e-06,24535,6,0.0046742,0.9981981
464,6,32027596,0.95357306,0.01699794,0.0,0.00131895,0.00030448,0.98129911,7.65e-05,3.02e-06,40927,6,0.00535832,0.9982231
464,7,32027597,0.94967155,0.01031162,0.0,0.00137577,0.00034813,0.98786887,7.644e-05,1.916e-05,65231,6,0.01595301,0.9980233
464,8,32027598,0.95369488,0.0168564,0.0,0.00131804,0.00030182,0.98144413,7.66e-05,3.02e-06,24543,6,0.00501231,0.9982231
464,9,32027599,0.95345532,0.01706625,0.0,0.00131701,0.00030452,0.9812327,7.645e-05,3.07e-06,40919,6,0.00419017,0.9981981
464,10,32027600,0.95358392,0.01705251,0.0,0.00131813,0.00030236,0.98124733,7.67e-05,2.96e-06,24407,6,0.0046407,0.9981981
465,1,32027621,0.99040921,0.03880812,0.02109037,0.0,0.00749928,0.69769634,4.526e-05,0.23486063,44844,6,0.0636283,6.3570323
465,2,32027622,0.99000618,0.043339,0.02500623,0.0,0.0073003,0.69051601,4.601e-05,0.23379244,44844,6,0.04187652,6.3570323
465,3,32027623,0.98955473,0.04846968,0.0288103,0.0,0.00710055,0.68582238,4.626e-05,0.22975082,53036,6,0.03322311,6.3570323
465,4,32027624,0.99041085,0.03889038,0.02119835,0.0,0.00756188,0.69067487,4.532e-05,0.2416292,44844,6,0.0662408,6.3570323
465,5,32027625,0.99041206,0.0388056,0.02117774,0.0,0.007497,0.69277886,4.552e-05,0.23969528,44844,6,0.06202564,6.3570323
465,6,32027626,0.99016556,0.04151646,0.02324451,0.0,0.00729759,0.69317684,4.553e-05,0.23471907,44844,6,0.05024958,6.3570323
465,7,32027627,0.98982597,0.04502254,0.02646084,0.0,0.00721999,0.69016845,5.31e-05,0.23107508,44844,6,0.03352298,6.3570323
465,8,32027628,0.99004704,0.04263117,0.02410203,0.0,0.00728138,0.69139797,5.963e-05,0.23452783,44844,6,0.04602707,6.3570323
465,9,32027629,0.98988347,0.04487658,0.02603456,0.0,0.00708762,0.69157403,4.684e-05,0.23038037,44844,6,0.03497842,6.3570323
465,10,32027630,0.98961069,0.04746645,0.02881494,0.0,0.00726489,0.68214735,5.129e-05,0.23425507,53036,6,0.03139341,6.3570323
466,1,32027651,0.98595742,0.04358501,0.1789871,0.0,0.00777338,0.0,0.00010149,0.76955303,23175,7,0.25262297,0.9992244
466,2,32027652,0.98596823,0.0435329,0.17914716,0.0,0.00783743,0.0,9.637e-05,0.76938614,23175,7,0.24811925,0.9992244
466,3,32027653,0.98598471,0.04348492,0.1773352,0.0,0.00799159,0.0,9.403e-05,0.77109427,23175,7,0.24032906,0.9992244
466,4,32027654,0.98597097,0.0435647,0.17845839,0.0,0.00778406,0.0,9.738e-05,0.77009547,23175,7,0.25350758,0.9992244
466,5,32027655,0.98598018,0.04326453,0.17931404,0.0,0.00792562,0.0,9.637e-05,0.76939945,23175,7,0.24859492,0.9992244
466,6,32027656,0.98599218,0.04341577,0.17770121,0.0,0.00775789,0.0,9.813e-05,0.77102701,23175,7,0.26233019,0.9992244
466,7,32027657,0.98595036,0.04348171,0.17924964,0.0,0.00785644,0.0,9.619e-05,0.76931601,23175,7,0.25332426,0.9992244
466,8,32027658,0.98597188,0.04346953,0.17805608,0.0,0.00789974,0.0,9.565e-05,0.77047899,23175,7,0.25309254,0.9992244
466,9,32027659,0.98594957,0.04367645,0.17892509,0.0,0.00764233,0.0,9.683e-05,0.7696593,23175,7,0.25643223,0.9992244
466,10,32027660,0.98596882,0.04338355,0.17874109,0.0,0.00780698,0.0,9.9e-05,0.76996938,23175,7,0.25459735,0.9992244
467,1,32027681,0.96481324,0.01147464,0.0,0.0,0.0058834,0.08133219,0.0,0.90130977,49151,7,0.00568779,0.9987527
467,2,32027682,0.96480844,0.01156047,0.0,0.0,0.00585898,0.08095481,0.0,0.90162574,40447,7,0.00564784,0.9987525
467,3,32027683,0.96482307,0.01144958,0.0,0.0,0.0060117,0.07901358,0.0,0.90352515,32255,7,0.00593014,0.9987525
467,4,32027684,0.96484302,0.01150942,0.0,0.0,0.00594495,0.08049228,0.0,0.90205334,32639,7,0.00575224,0.9987527
467,5,32027685,0.96481433,0.01152744,0.0,0.0,0.00589806,0.08062309,0.0,0.90195141,57343,7,0.00537878,0.9987527
467,6,32027686,0.9648512,0.01144336,0.0,0.0,0.00599833,0.07538111,0.0,0.9071772,57343,7,0.00609093,0.9987527
467,7,32027687,0.96483154,0.01148239,0.0,0.0,0.00591996,0.08248075,0.0,0.90011689,65535,7,0.00557864,0.9987527
467,8,32027688,0.96482933,0.01149645,0.0,0.0,0.00594273,0.07988066,0.0,0.90268016,61311,7,0.00552436,0.9987526
467,9,32027689,0.96482446,0.01151069,0.0,0.0,0.00587686,0.08005868,0.0,0.90255377,65535,7,0.00571766,0.9987527
467,10,32027690,0.96483002,0.01147704,0.0,0.0,0.0059161,0.07836711,0.0,0.90423975,49023,7,0.00547136,0.9987527
468,1,32027711,0.98963508,0.04176097,0.01104416,0.0,0.00450545,0.81051898,0.0,0.13217045,51978,6,0.04131821,9.226002
468,2,32027712,0.98892934,0.03717101,0.01520756,0.0,0.00101051,0.94656347,0.0,4.745e-05,43788,6,0.02217983,9.226002
468,3,32027713,0.9896297,0.04174482,0.01059152,0.0,0.0046324,0.8073108,0.0,0.13572046,51978,6,0.04066062,9.226002
468,4,32027714,0.98964563,0.04164011,0.01049335,0.0,0.00457512,0.80774821,0.0,0.1355432,51978,6,0.04155057,9.226002
468,5,32027715,0.98897451,0.02931044,0.01060295,0.0,0.00099897,0.95903353,0.0,5.411e-05,43786,6,0.04037023,9.226002
468,6,32027716,0.98897399,0.02927619,0.01050942,0.0,0.00102751,0.95913498,0.0,5.19e-05,43786,6,0.03983927,9.226002
468,7,32027717,0.98963482,0.0417821,0.01132559,0.0,0.00454113,0.81053531,0.0,0.13181586,51978,6,0.03966754,9.226002
468,8,32027718,0.98963117,0.04201916,0.01108139,0.0,0.00460949,0.80862623,0.0,0.13366373,51978,6,0.03937564,9.226002
468,9,32027719,0.98963498,0.04172064,0.0106564,0.0,0.00454661,0.80782482,0.0,0.13525154,53002,6,0.03927525,9.2260021
468,10,32027720,0.98963219,0.04176273,0.01117309,0.0,0.00446494,0.80975307,0.0,0.13284618,51978,6,0.03943073,9.226002
469,1,32027741,0.9472923,0.00829859,0.0,0.00142464,0.00028582,0.98980156,0.00018822,1.18e-06,32975,6,0.0199621,0.998069
469,2,32027742,0.94716451,0.00834047,0.0,0.00142143,0.00027039,0.98977902,0.00018737,1.32e-06,32971,6,0.02329019,0.998069
469,3,32027743,0.94721515,0.00836333,0.0,0.00142373,0.00028081,0.98974146,0.00018905,1.61e-06,32971,6,0.02159077,0.998069
469,4,32027744,0.94733386,0.00837581,0.0,0.00142299,0.00027723,0.98973702,0.00018563,1.32e-06,32975,6,0.02052069,0.998069
469,5,32027745,0.94728638,0.00830491,0.0,0.00142498,0.00028097,0.98980194,0.00018569,1.52e-06,32907,6,0.02058433,0.9980691
469,6,32027746,0.94724103,0.00837544,0.0,0.00142178,0.00028321,0.98973286,0.00018536,1.34e-06,32907,6,0.02365271,0.9980691
469,7,32027747,0.94718494,0.00830831,0.0,0.00142919,0.00027655,0.98979377,0.00019064,1.55e-06,32907,6,0.02150784,0.9980691
469,8,32027748,0.94729069,0.00835854,0.0,0.00142122,0.00028152,0.98975108,0.00018604,1.6e-06,32907,6,0.02193796,0.9980691
469,9,32027749,0.94718144,0.00827522,0.0,0.00142651,0.00028787,0.98982144,0.00018753,1.43e-06,32971,6,0.0220575,0.998069
469,10,32027750,0.9473294,0.00831298,0.0,0.00142335,0.00028039,0.98979392,0.00018768,1.68e-06,32975,6,0.02039986,0.998069
470,1,32027771,0.99073356,0.03032151,0.22408132,0.0,0.02292838,0.0,0.00016882,0.72249998,44845,7,0.07056717,2.2381743
470,2,32027772,0.99076699,0.03005775,0.22247789,0.0,0.02279429,0.0,0.00017506,0.724495,44845,7,0.06747395,2.2381743
470,3,32027773,0.99054865,0.03148527,0.22281156,0.0,0.02304224,0.0,0.00016449,0.72249645,48941,7,0.06044219,2.2381743
470,4,32027774,0.99061872,0.03142203,0.22448723,0.0,0.02280887,0.0,0.00017291,0.72110895,44845,7,0.06435738,2.2381743
470,5,32027775,0.99058647,0.03151853,0.22309429,0.0,0.02271071,0.0,0.0001678,0.72250868,48941,7,0.06137406,2.2381743
470,6,32027776,0.99076517,0.03001681,0.22554719,0.0,0.02277671,0.0,0.0001702,0.72148909,48941,7,0.07061064,2.2381743
470,7,32027777,0.99060761,0.03114522,0.22663034,0.0,0.02273315,0.0,0.00017461,0.71931668,48941,7,0.06155723,2.2381743
470,8,32027778,0.9903971,0.03265987,0.22521361,0.0,0.02267245,0.0,0.0001668,0.71928727,44845,7,0.05743626,2.2381743
470,9,32027779,0.99063147,0.03078352,0.22561027,0.0,0.02289612,0.0,0.00017068,0.72053942,48941,7,0.06341872,2.2381743
470,10,32027780,0.9901608,0.03463765,0.22461296,0.0,0.02257292,0.0,0.00016675,0.71800971,44845,7,0.0433716,2.2381743
471,1,32027801,0.98739283,0.04725376,0.14966389,0.0,0.00942139,0.53555833,0.00048262,0.25762001,51978,6,0.03354472,5.2266251
471,2,32027802,0.98728695,0.04784966,0.14619802,0.0,0.00928427,0.54059215,0.00049283,0.25558306,51978,6,0.03102029,5.2266251
471,3,32027803,0.9874856,0.0472607,0.15165399,0.0,0.00925233,0.53967751,0.00048242,0.25167305,51978,6,0.03622003,5.2266251
471,4,32027804,0.98794488,0.04468072,0.14393406,0.0,0.0091301,0.54487011,0.00044148,0.25694353,51978,6,0.04524634,5.2266251
471,5,32027805,0.98735649,0.04725075,0.14837929,0.0,0.00914837,0.54050063,0.00046245,0.2542585,51978,6,0.03648214,5.2266251
471,6,32027806,0.98694904,0.04831338,0.15290526,0.0,0.00932673,0.54105399,0.00051278,0.24788785,51978,6,0.03310267,5.2266251
471,7,32027807,0.98740878,0.04708888,0.14454351,0.0,0.00936085,0.54380597,0.00046893,0.25473186,51978,6,0.03790795,5.2266251
471,8,32027808,0.98769051,0.04608124,0.14627293,0.0,0.0092492,0.54097571,0.00046174,0.25695918,51978,6,0.03707665,5.2266251
471,9,32027809,0.98714282,0.04944376,0.15287761,0.0,0.00938312,0.53019716,0.0004388,0.25765955,51980,6,0.03024231,5.2266251
471,10,32027810,0.98713977,0.04812767,0.14803506,0.0,0.00951705,0.53567757,0.00048456,0.2581581,51978,6,0.03317261,5.2266251
472,1,32027831,0.95057293,0.01142705,0.0,0.00138948,0.00485159,0.14922383,0.0,0.83310805,24543,7,0.00391,0.998132
472,2,32027832,0.9506311,0.01152572,0.0,0.00138978,0.00483321,0.14451312,0.0,0.83773816,24543,7,0.00457974,0.998132
472,3,32027833,0.95065168,0.01155929,0.0,0.00139037,0.00472689,0.15098937,0.0,0.83133408,53215,7,0.00422577,0.998132
472,4,32027834,0.95068447,0.01149602,0.0,0.0013903,0.00484718,0.14632482,0.0,0.83594168,8159,7,0.00389303,0.998132
472,5,32027835,0.95076104,0.01164574,0.0,0.00139005,0.00484282,0.14941368,0.0,0.8327077,8031,7,0.00481558,0.998132
472,6,32027836,0.9506861,0.01158475,0.0,0.00138942,0.00489905,0.14336496,0.0,0.83876182,49119,7,0.00392359,0.998132
472,7,32027837,0.95078401,0.0116295,0.0,0.00139102,0.00478785,0.15011835,0.0,0.83207328,40927,7,0.00452595,0.998132
472,8,32027838,0.95059402,0.01148165,0.0,0.00139064,0.00490624,0.1477767,0.0,0.83444477,8159,7,0.00419351,0.998132
472,9,32027839,0.95071285,0.0115136,0.0,0.00138941,0.00484363,0.1498601,0.0,0.83239327,24535,7,0.00444691,0.998107
472,10,32027840,0.95076054,0.01155788,0.0,0.00138983,0.00483804,0.15340906,0.0,0.82880519,32735,7,0.00400891,0.998132
473,1,32027861,0.98996284,0.03999311,0.00781931,0.0,0.00576025,0.76609521,0.0,0.18033212,44844,6,0.04589003,8.8491996
473,2,32027862,0.98934288,0.05239328,0.00863803,0.0,0.00575946,0.74740232,0.0,0.1858069,53036,6,0.04911068,8.8491996
473,3,32027863,0.98933268,0.05262303,0.00852702,0.0,0.0056097,0.75231251,0.0,0.18092773,53036,6,0.04744154,8.8491996
473,4,32027864,0.98997025,0.03987641,0.00772596,0.0,0.00595298,0.75724484,0.0,0.18919981,44844,6,0.04734149,8.8491996
473,5,32027865,0.98997102,0.03984325,0.00790135,0.0,0.00594015,0.75908355,0.0,0.1872317,44844,6,0.04798146,8.8491996
473,6,32027866,0.98997058,0.03978203,0.00769954,0.0,0.00598569,0.75829952,0.0,0.18823323,44844,6,0.04755139,8.8491996
473,7,32027867,0.98882344,0.02920114,0.00612276,0.0,0.00119324,0.96343405,0.0,4.88e-05,44842,6,0.04685059,8.8491996
473,8,32027868,0.98996933,0.03988303,0.00774444,0.0,0.00598064,0.75958986,0.0,0.18680203,44844,6,0.04657165,8.8491996
473,9,32027869,0.98933638,0.05242071,0.0086447,0.0,0.00575264,0.74671678,0.0,0.18646518,53036,6,0.04840922,8.8491996
473,10,32027870,0.98996701,0.03975745,0.00775879,0.0,0.00591116,0.76009572,0.0,0.18647687,44844,6,0.04628883,8.8491996
474,1,32027891,0.95705401,0.0405525,0.13676432,0.00732155,0.00859258,0.80085293,0.00431098,0.00160514,23111,6,0.12511976,0.9972809
474,2,32027892,0.95662161,0.03801954,0.13340931,0.00637539,0.00797588,0.80740806,0.00502509,0.00178673,23111,6,0.14905543,0.9972809
474,3,32027893,0.95926376,0.03995776,0.13379015,0.00859295,0.00802477,0.80615078,0.00232837,0.00115522,23111,6,0.13524056,0.9972809
474,4,32027894,0.96637702,0.03856874,0.13598935,0.00086748,0.00772884,0.81460897,0.00092242,0.00131421,23111,6,0.12824994,0.9972809
474,5,32027895,0.96471368,0.03828202,0.13745557,0.00135359,0.00776187,0.81188817,0.00210333,0.00115545,23111,6,0.13419933,0.9972809
474,6,32027896,0.95859892,0.03948457,0.13556999,0.00628592,0.0080293,0.80558401,0.00377996,0.00126625,23111,6,0.12949912,0.9972809
474,7,32027897,0.95527723,0.03842948,0.13674164,0.00425725,0.00875207,0.80380592,0.00610033,0.00191331,23111,6,0.14146909,0.9972809
474,8,32027898,0.95978771,0.03774175,0.13529243,0.00351596,0.00786701,0.80994337,0.00400028,0.0016392,23111,6,0.14534613,0.9972809
474,9,32027899,0.94775246,0.03996117,0.13251329,0.01243081,0.00845314,0.79648005,0.00851619,0.00164536,23111,6,0.14271848,0.9972809
474,10,32027900,0.94900499,0.04083402,0.13325029,0.01379689,0.00877681,0.79476045,0.00669388,0.00188766,23111,6,0.13660325,0.9972809
475,1,32027921,0.97715977,0.01169658,0.02288806,0.0,0.00672252,0.04610179,0.0,0.91259105,49023,7,0.00621724,0.9992053
475,2,32027922,0.97714204,0.01171349,0.0238302,0.0,0.00673162,0.04642771,0.0,0.91129699,65023,7,0.00638928,0.9992053
475,3,32027923,0.97714076,0.01168623,0.02352363,0.0,0.00656591,0.04799632,0.0,0.9102279,32767,7,0.00597656,0.9992053
475,4,32027924,0.97712552,0.01178607,0.02357649,0.0,0.00660415,0.04792492,0.0,0.91010837,52735,7,0.00599495,0.9992053
475,5,32027925,0.97716044,0.01171606,0.02364973,0.0,0.00667565,0.04601765,0.0,0.9119409,48639,7,0.00600658,0.9992053
475,6,32027926,0.97712068,0.01176674,0.02384215,0.0,0.00653255,0.05122645,0.0,0.90663212,55295,7,0.00600475,0.9992053
475,7,32027927,0.97713309,0.01167299,0.02346564,0.0,0.00660773,0.04495519,0.0,0.91329845,49151,7,0.00653535,0.9992053
475,8,32027928,0.97712949,0.01183368,0.02489579,0.0,0.00659852,0.04953078,0.0,0.90714123,63487,7,0.00566332,0.9992053
475,9,32027929,0.97715839,0.01169117,0.02380904,0.0,0.00667082,0.04685012,0.0,0.91097884,57343,7,0.0057082,0.9992053
475,10,32027930,0.97713893,0.011634,0.02237444,0.0,0.00668431,0.04847388,0.0,0.91083337,65023,7,0.0063161,0.9992053
476,1,32027951,0.98925161,0.05323829,0.00830499,0.0,0.00501868,0.77670414,0.0,0.15673391,51980,6,0.05006957,9.1884193
476,2,32027952,0.99009742,0.03958418,0.00703367,0.0,0.00538167,0.7814336,0.0,0.1665669,51978,6,0.05339496,9.1884193
476,3,32027953,0.99008732,0.03994123,0.0070035,0.0,0.00523432,0.79223552,0.0,0.15558543,51978,6,0.05290818,9.1884193
476,4,32027954,0.98920686,0.03874113,0.00880822,0.0,0.00464886,0.81733891,0.0,0.13046289,51978,6,0.0419985,9.1884193
476,5,32027955,0.98959796,0.04767858,0.00793232,0.0,0.00514837,0.78026355,0.0,0.15897719,51980,6,0.02854235,9.1884193
476,6,32027956,0.98923753,0.05330236,0.00836178,0.0,0.00495961,0.78049064,0.0,0.15288561,51980,6,0.04967272,9.1884193
476,7,32027957,0.9901071,0.03940613,0.00700014,0.0,0.00539032,0.78361813,0.0,0.16458529,51978,6,0.05426476,9.1884193
476,8,32027958,0.98939162,0.05113892,0.00827488,0.0,0.00511514,0.77761764,0.0,0.15785342,51980,6,0.04444315,9.1884193
476,9,32027959,0.98926164,0.05313532,0.00813516,0.0,0.00503943,0.776236,0.0,0.15745409,51980,6,0.05335664,9.1884193
476,10,32027960,0.98922749,0.05532791,0.00956257,0.0,0.00514075,0.7885793,0.0,0.14138947,51980,6,0.04782956,9.1884193
477,1,32027981,0.94854739,0.01726916,0.0,0.00132416,0.00031015,0.98101673,7.664e-05,3.16e-06,20439,6,0.00524887,0.997965
477,2,32027982,0.94877729,0.01710167,0.0,0.00132404,0.00031159,0.98118274,7.682e-05,3.14e-06,24415,6,0.00500358,0.998015
477,3,32027983,0.94298348,0.01059719,0.0,0.00139694,0.00043015,0.98748022,7.747e-05,1.802e-05,63183,6,0.01146572,0.9978144
477,4,32027984,0.94155664,0.01009416,0.0,0.00137732,0.00034838,0.98809015,8.601e-05,3.99e-06,40655,6,0.03681567,0.9976154
477,5,32027985,0.94865676,0.01709945,0.0,0.00132274,0.00031204,0.98118515,7.705e-05,3.57e-06,24543,6,0.0053195,0.998015
477,6,32027986,0.94848851,0.01715057,0.0,0.00132473,0.0003146,0.98113035,7.675e-05,3e-06,57311,6,0.00504634,0.998015
477,7,32027987,0.94324022,0.0103791,0.0,0.00139723,0.00041361,0.98771449,7.654e-05,1.902e-05,30415,6,0.01020178,0.9978144
477,8,32027988,0.9487181,0.01705896,0.0,0.00132263,0.00030888,0.98122957,7.673e-05,3.23e-06,23519,6,0.00544228,0.998015
477,9,32027989,0.94323595,0.0104865,0.0,0.00139669,0.00043529,0.98759073,7.657e-05,1.422e-05,61135,6,0.01092123,0.9978152
477,10,32027990,0.94866296,0.01718959,0.0,0.00132378,0.00030838,0.98109785,7.689e-05,3.51e-06,24415,6,0.00602337,0.998015
478,1,32028011,0.9879388,0.04668038,0.14350929,0.0,0.01070166,0.49360636,0.00038301,0.30511931,44844,6,0.02931806,5.6585812
478,2,32028012,0.98860707,0.04299044,0.13505845,0.0,0.01034737,0.49047326,0.00031188,0.3208186,44844,6,0.03702971,5.6585812
478,3,32028013,0.98859986,0.04423697,0.1293978,0.0,0.01021191,0.49304398,0.0003086,0.32280073,44844,6,0.03264261,5.6585812
478,4,32028014,0.98858074,0.04348715,0.13739377,0.0,0.01036262,0.49379237,0.00026824,0.31469584,44844,6,0.04013832,5.6585812
478,5,32028015,0.9884893,0.0441535,0.12969716,0.0,0.01061823,0.48452347,0.00030859,0.33069905,44844,6,0.03072782,5.6585812
478,6,32028016,0.98853441,0.04297905,0.13697556,0.0,0.01062801,0.49721537,0.00030924,0.31189277,44844,6,0.04030448,5.6585812
478,7,32028017,0.98872062,0.04335407,0.12775769,0.0,0.01030829,0.49339622,0.00034317,0.32484056,44844,6,0.03562803,5.6585812
478,8,32028018,0.98891797,0.04191524,0.12992533,0.0,0.01032248,0.49677139,0.0002401,0.32082547,44844,6,0.04404352,5.6585812
478,9,32028019,0.98821991,0.04345531,0.13826131,0.0,0.01087633,0.49240559,0.00042904,0.31457241,44844,6,0.04130977,5.6585812
478,10,32028020,0.98835077,0.04440693,0.13481807,0.0,0.01066357,0.49212098,0.00035338,0.31763708,48940,6,0.03241329,5.6586145
479,1,32028041,0.98967073,0.03100512,0.27994671,0.0,0.01839996,0.0,0.00012435,0.67052386,19210,7,0.05492416,2.4732319
479,2,32028042,0.9894869,0.0331816,0.27568059,0.0,0.01855508,0.0,0.00011582,0.67246692,19210,7,0.04624773,2.4732319
479,3,32028043,0.98942965,0.0330802,0.27724304,0.0,0.01847421,0.0,0.00011985,0.6710827,19210,7,0.04613463,2.4732319
479,4,32028044,0.98950336,0.03287111,0.27282912,0.0,0.01881056,0.0,0.00011582,0.6753734,19210,7,0.04387078,2.4732319
479,5,32028045,0.98936614,0.03313961,0.2788931,0.0,0.0186418,0.0,0.00013256,0.66919293,19210,7,0.04773345,2.4732319
479,6,32028046,0.98974081,0.0307106,0.27869785,0.0,0.01838972,0.0,0.0001243,0.67207753,19210,7,0.05667948,2.4732319
479,7,32028047,0.98977772,0.02994903,0.27965224,0.0,0.01864519,0.0,0.00014456,0.67160898,19210,7,0.0613131,2.4732319
479,8,32028048,0.98958809,0.03209812,0.27636497,0.0,0.01850638,0.0,0.00011982,0.6729107,19210,7,0.04854127,2.4732319
479,9,32028049,0.98935429,0.03354698,0.2742633,0.0,0.01859898,0.0,0.00012479,0.67346595,19210,7,0.0437753,2.4732319
479,10,32028050,0.98952726,0.03271515,0.27709894,0.0,0.0185718,0.0,0.00012237,0.67149173,19210,7,0.04587551,2.4732319
480,1,32028071,0.95200208,0.01005886,0.0,0.00138782,0.00559699,0.09931606,0.0,0.88364027,57215,7,0.00445091,0.9982473
480,2,32028072,0.95196015,0.01004606,0.0,0.00138653,0.00561348,0.09751574,0.0,0.8854382,36863,7,0.00479594,0.9982473
480,3,32028073,0.95197915,0.01004814,0.0,0.00138792,0.00567348,0.10146739,0.0,0.88142307,57215,7,0.00459716,0.9982473
480,4,32028074,0.95207645,0.01004552,0.0,0.00138775,0.00566061,0.09657315,0.0,0.88633297,57207,7,0.00444677,0.9982223
480,5,32028075,0.95206126,0.01003733,0.0,0.00138782,0.00557921,0.1022394,0.0,0.88075623,65527,7,0.00451934,0.9982223
480,6,32028076,0.9520476,0.01017146,0.0,0.00138838,0.00561257,0.1024127,0.0,0.88041489,32639,7,0.0044342,0.9982473
480,7,32028077,0.95196943,0.01000177,0.0,0.00138886,0.00572785,0.0958517,0.0,0.88702982,32639,7,0.00450564,0.9982473
480,8,32028078,0.95211285,0.01005884,0.0,0.00138993,0.00571092,0.10049075,0.0,0.88234957,24567,7,0.00445213,0.9982223
480,9,32028079,0.95194441,0.01010012,0.0,0.00138686,0.00563071,0.10104546,0.0,0.88183685,7671,7,0.00428055,0.9982221
480,10,32028080,0.95192679,0.01004409,0.0,0.00138742,0.0056884,0.09943903,0.0,0.88344105,57343,7,0.00474689,0.9982473
481,1,32028101,0.98944056,0.04101833,0.01091242,0.0,0.00480431,0.79299163,0.0,0.15027332,44844,6,0.0372891,10.8332692
481,2,32028102,0.98640025,0.07244891,0.04133837,0.0,0.00448832,0.74534827,0.0,0.13637612,43820,6,0.03370655,10.8332694
481,3,32028103,0.98903054,0.02914105,0.01049293,0.0,0.00100305,0.95931681,0.0,4.616e-05,44842,6,0.03986321,10.8332692
481,4,32028104,0.98939583,0.05260219,0.0108461,0.0,0.00446876,0.78989798,0.0,0.14218497,53036,6,0.03907978,10.8332692
481,5,32028105,0.98886789,0.02893597,0.00638327,0.0,0.00078433,0.96385759,0.0,3.884e-05,42890,6,0.06113705,10.8332694
481,6,32028106,0.98943742,0.04116218,0.01095692,0.0,0.00469186,0.80115519,0.0,0.14203384,43820,6,0.03724274,10.8332694
481,7,32028107,0.98902807,0.02918115,0.01062594,0.0,0.00098135,0.95916789,0.0,4.367e-05,44842,6,0.03898902,10.8332692
481,8,32028108,0.98903045,0.02910662,0.01064618,0.0,0.00099901,0.95920112,0.0,4.706e-05,44842,6,0.03929593,10.8332692
481,9,32028109,0.98903401,0.02915823,0.01046423,0.0,0.00098959,0.95934236,0.0,4.559e-05,43818,6,0.03916541,10.8332694
481,10,32028110,0.9892401,0.06221405,0.01406315,0.0,0.00505514,0.85487001,0.0,0.06379766,52764,6,0.0815547,10.8332694
482,1,32028131,0.92371445,0.01292676,0.01246293,0.00059277,0.00123449,0.96803508,0.00472062,2.734e-05,32907,6,0.03277212,0.9981072
482,2,32028132,0.92242156,0.01420055,0.01319534,0.00256419,0.00135218,0.96398933,0.00452196,0.00017645,32907,6,0.02799053,0.9981072
482,3,32028133,0.90834688,0.02292628,0.01601081,0.01499393,0.00180928,0.935509,0.00864432,0.00010637,32907,6,0.0272114,0.9981072
482,4,32028134,0.90331693,0.02740283,0.0130012,0.02308547,0.00147523,0.92774885,0.00720363,8.278e-05,32971,6,0.0284737,0.9981071
482,5,32028135,0.92102923,0.01579884,0.01315737,0.00418517,0.00131077,0.96037134,0.00499248,0.00018402,32907,6,0.02946458,0.9981072
482,6,32028136,0.91709851,0.01748492,0.01361836,0.00664025,0.00139403,0.95435539,0.00640233,0.00010472,32907,6,0.02969711,0.9981072
482,7,32028137,0.91970036,0.01628024,0.01608949,0.00434788,0.00163038,0.95516051,0.00620923,0.00028228,32907,6,0.02783664,0.9981072
482,8,32028138,0.91617532,0.01956718,0.01379489,0.00981383,0.00149301,0.95013989,0.00504892,0.00014228,32971,6,0.03150406,0.9981071
482,9,32028139,0.91700541,0.0172116,0.01253555,0.00657056,0.00148543,0.95546468,0.00665961,7.257e-05,32907,6,0.0274526,0.9981072
482,10,32028140,0.91702514,0.01674905,0.01417547,0.00514383,0.00157059,0.95461897,0.00751511,0.00022698,32841,6,0.02862759,0.9981077
483,1,32028161,0.99485742,0.01492451,0.06262852,0.0,0.01226843,0.0,0.0,0.91017854,65407,7,0.00515738,0.9998535
483,2,32028162,0.99485199,0.01506531,0.06187742,0.0,0.01212697,0.0,0.0,0.9109303,61311,7,0.00467877,0.9998535
483,3,32028163,0.99485399,0.01505103,0.06146135,0.0,0.01229844,0.0,0.0,0.91118918,16255,7,0.00476382,0.9998535
483,4,32028164,0.99485475,0.01497563,0.06198037,0.0,0.01229525,0.0,0.0,0.91074875,49151,7,0.0044219,0.9998535
483,5,32028165,0.99486687,0.01497227,0.06136178,0.0,0.01225103,0.0,0.0,0.91141492,63359,7,0.00538551,0.9998535
483,6,32028166,0.99485065,0.01501108,0.06205757,0.0,0.01225461,0.0,0.0,0.91067673,40831,7,0.00454082,0.9998535
483,7,32028167,0.99485824,0.01509372,0.06193386,0.0,0.01221638,0.0,0.0,0.91075604,65407,7,0.00542669,0.9998535
483,8,32028168,0.99486278,0.01500763,0.06216784,0.0,0.01211366,0.0,0.0,0.91071086,61311,7,0.00462745,0.9998535
483,9,32028169,0.99485991,0.01499323,0.06172027,0.0,0.01227152,0.0,0.0,0.91101498,65407,7,0.00470487,0.9998535
483,10,32028170,0.99484884,0.01503915,0.06340647,0.0,0.01216421,0.0,0.0,0.90939018,65535,7,0.00450844,0.9998535
484,1,32028191,0.99042509,0.03809881,0.01976025,0.0,0.00643256,0.73112237,1.747e-05,0.20456854,51978,6,0.06819978,8.0326316
484,2,32028192,0.99043854,0.03784146,0.01986135,0.0,0.00652392,0.72630825,1.749e-05,0.20944753,51978,6,0.06505515,8.0326316
484,3,32028193,0.99033939,0.0388535,0.02079152,0.0,0.00635589,0.73444865,1.781e-05,0.19953262,51978,6,0.06411008,8.0326316
484,4,32028194,0.98951076,0.04789055,0.03097501,0.0,0.00639215,0.71010076,1.791e-05,0.20462362,51980,6,0.03811926,8.0326316
484,5,32028195,0.99042644,0.03809552,0.01983389,0.0,0.00633894,0.73416949,1.758e-05,0.20154458,51978,6,0.0646868,8.0326316
484,6,32028196,0.98909432,0.05262538,0.03725563,0.0,0.00627021,0.69976917,1.808e-05,0.20406152,51980,6,0.05526487,8.0326316
484,7,32028197,0.99042748,0.03787612,0.01969805,0.0,0.00641145,0.73026883,1.757e-05,0.20572797,51978,6,0.06777073,8.0326316
484,8,32028198,0.99043609,0.03796131,0.01995134,0.0,0.00645469,0.72768993,1.757e-05,0.20792516,51978,6,0.06865178,8.0326316
484,9,32028199,0.99042316,0.03797561,0.01968213,0.0,0.00649744,0.73069196,1.733e-05,0.20513553,51978,6,0.06531222,8.0326316
484,10,32028200,0.98975544,0.04512288,0.02862447,0.0,0.00644453,0.715139,1.937e-05,0.20464974,51978,6,0.0329375,8.0326316
485,1,32028221,0.94040235,0.01199244,0.0,0.00139402,0.00440611,0.16715117,0.0,0.81505626,24543,7,0.00530788,0.9976882
485,2,32028222,0.94016976,0.01181989,0.0,0.00139313,0.00444423,0.16809961,0.0,0.81424314,24535,7,0.00478402,0.9976632
485,3,32028223,0.94012896,0.01175283,0.0,0.00139536,0.00456255,0.16214643,0.0,0.82014283,32735,7,0.00433411,0.9976882
485,4,32028224,0.94011252,0.01185954,0.0,0.00139623,0.00447695,0.16882602,0.0,0.81344124,24543,7,0.00540701,0.9976882
485,5,32028225,0.94001772,0.01178168,0.0,0.00139329,0.00438099,0.1843847,0.0,0.79805934,24543,7,0.00509588,0.9976882
485,6,32028226,0.94011117,0.0118072,0.0,0.00139419,0.00456567,0.16013466,0.0,0.82209828,8159,7,0.00499951,0.9976882
485,7,32028227,0.94022453,0.01180817,0.0,0.00139295,0.00450136,0.16089591,0.0,0.82140163,24543,7,0.00516669,0.9976882
485,8,32028228,0.94025567,0.01204073,0.0,0.00139526,0.0043159,0.18225435,0.0,0.79999376,24543,7,0.00539717,0.9976882
485,9,32028229,0.9401659,0.0118836,0.0,0.00139473,0.0043761,0.16708984,0.0,0.81525573,24543,7,0.00491875,0.9976882
485,10,32028230,0.94026518,0.01192468,0.0,0.00139458,0.00437772,0.16964074,0.0,0.81266228,57311,7,0.00489134,0.9976882
486,1,32028251,0.99031801,0.03773575,0.00462955,0.0,0.00679185,0.73035294,0.0,0.22048992,44844,6,0.07570324,9.2928698
486,2,32028252,0.99031848,0.0378608,0.00461738,0.0,0.0066601,0.73383101,0.0,0.21703072,44844,6,0.07557787,9.2928698
486,3,32028253,0.98934448,0.05164636,0.0066962,0.0,0.00630728,0.72588111,0.0,0.20946905,53036,6,0.05702861,9.2928698
486,4,32028254,0.99031946,0.0376346,0.00452182,0.0,0.00685612,0.72628796,0.0,0.22469951,44844,6,0.07384409,9.2928698
486,5,32028255,0.99006996,0.04137901,0.00521613,0.0,0.00666247,0.72932786,0.0,0.21741454,44844,6,0.05399173,9.2928698
486,6,32028256,0.98935007,0.05152153,0.0065803,0.0,0.00639086,0.7234928,0.0,0.2120145,53036,6,0.05459034,9.2928698
486,7,32028257,0.99032425,0.03760118,0.00455031,0.0,0.00678166,0.72787194,0.0,0.22319491,44844,6,0.07378708,9.2928698
486,8,32028258,0.99031849,0.03776724,0.00465894,0.0,0.00684298,0.72888916,0.0,0.22184168,44844,6,0.07281503,9.2928698
486,9,32028259,0.98934719,0.05155426,0.00683674,0.0,0.00628697,0.72755762,0.0,0.20776441,53036,6,0.05738878,9.2928698
486,10,32028260,0.9891418,0.0710706,0.01770588,0.0,0.00704007,0.90037485,0.0,0.0038086,52764,6,0.13755518,9.2928699
487,1,32028281,0.95023325,0.03646904,0.23667124,0.0,0.01473308,0.0,0.01100523,0.70112141,23175,7,0.27679907,0.9982749
487,2,32028282,0.95624037,0.03485583,0.24057748,0.0,0.01139796,0.0,0.00910603,0.7040627,23175,7,0.27860078,0.9982749
487,3,32028283,0.94441614,0.03659603,0.23733208,0.0,0.01420386,0.0,0.01616028,0.69570774,23175,7,0.26885287,0.9982749
487,4,32028284,0.95649081,0.03443961,0.24091873,0.0,0.01181196,0.0,0.00894702,0.70388269,23175,7,0.27286324,0.9982749
487,5,32028285,0.95266057,0.03531902,0.23937336,0.0,0.01176331,0.0,0.01162365,0.70192065,23175,7,0.27360018,0.9982749
487,6,32028286,0.94176983,0.03771253,0.23681394,0.0,0.01615536,0.0,0.01692153,0.69239664,23175,7,0.2659722,0.9982749
487,7,32028287,0.94647536,0.03681847,0.23649214,0.0,0.0151065,0.0,0.01361612,0.69796678,23175,7,0.27043489,0.9982749
487,8,32028288,0.94034809,0.03890407,0.23694446,0.0,0.01707609,0.0,0.01638973,0.69068565,23175,7,0.27131109,0.9982749
487,9,32028289,0.95007515,0.03634627,0.23825677,0.0,0.01336139,0.0,0.01250849,0.69952708,23175,7,0.27539693,0.9982749
487,10,32028290,0.95518516,0.03494983,0.23935278,0.0,0.01156675,0.0,0.01030365,0.70382698,23175,7,0.27040228,0.9982749
488,1,32028311,0.96073172,0.01067663,0.01767427,0.0,0.00556709,0.04305708,0.0,0.92302492,57343,7,0.00742892,0.9986034
488,2,32028312,0.96072822,0.01062772,0.01736448,0.0,0.00551877,0.04248662,0.0,0.92400241,57343,7,0.00751403,0.9986034
488,3,32028313,0.96070944,0.01062156,0.0175658,0.0,0.00548465,0.04505092,0.0,0.92127706,61439,7,0.00804006,0.9986033
488,4,32028314,0.96074586,0.01061107,0.01741904,0.0,0.00556377,0.04127791,0.0,0.9251282,65535,7,0.00725804,0.9986034
488,5,32028315,0.96072236,0.01066456,0.01796918,0.0,0.00552771,0.0441593,0.0,0.92167925,65023,7,0.00745032,0.9986032
488,6,32028316,0.96071701,0.01067487,0.01831829,0.0,0.00554146,0.04186872,0.0,0.92359666,65535,7,0.00714486,0.9986034
488,7,32028317,0.96072257,0.01066759,0.01755026,0.0,0.00551218,0.04448674,0.0,0.92178323,65023,7,0.0074657,0.9986032
488,8,32028318,0.96073686,0.01061697,0.01738968,0.0,0.00549033,0.04427777,0.0,0.92222526,49151,7,0.00765818,0.9986034
488,9,32028319,0.96072451,0.01059368,0.01695069,0.0,0.00551017,0.04535589,0.0,0.92158958,49151,7,0.00767008,0.9986034
488,10,32028320,0.96072763,0.01059296,0.01722756,0.0,0.00554008,0.04213138,0.0,0.92450801,57343,7,0.00714441,0.9986034
489,1,32028341,0.98983429,0.03958207,0.00680513,0.0,0.00425088,0.82447497,0.0,0.12488695,51978,6,0.04375784,12.0583652
489,2,32028342,0.98990163,0.03942984,0.00800983,0.0,0.00461179,0.80462441,0.0,0.14332413,51978,6,0.04749306,12.0583652
489,3,32028343,0.98990164,0.03933843,0.00770425,0.0,0.0047184,0.80143643,0.0,0.14680248,51978,6,0.05222008,12.0583652
489,4,32028344,0.9898918,0.03952688,0.00802938,0.0,0.004595,0.80518515,0.0,0.1426636,51978,6,0.04904279,12.0583652
489,5,32028345,0.84980082,0.68933729,0.30336297,0.0,0.00070783,0.00658565,0.0,6.25e-06,8354,4,0.16204322,12.0558567
489,6,32028346,0.94486156,0.2489408,0.10221312,0.0,0.00356772,0.55458161,0.0,0.09069675,8354,4,0.05177643,12.0558567
489,7,32028347,0.98943706,0.05189804,0.00897273,0.0,0.00441183,0.79660746,0.0,0.13810994,51980,6,0.04594526,12.0583652
489,8,32028348,0.84974978,0.68975926,0.30411904,0.0,0.00069324,0.00542215,0.0,6.32e-06,8354,4,0.16399034,12.0558567
489,9,32028349,0.84933611,0.69166421,0.30183972,0.0,0.00069751,0.00579222,0.0,6.35e-06,8354,4,0.16246548,12.0558567
489,10,32028350,0.98943939,0.05177941,0.00886435,0.0,0.00453192,0.7910899,0.0,0.14373442,51980,6,0.04709905,12.0583652
490,1,32028371,0.94275901,0.01767267,0.0,0.00133314,0.00032017,0.98059307,7.732e-05,3.64e-06,24535,6,0.0049565,0.9977448
490,2,32028372,0.94283503,0.01750677,0.0,0.00133322,0.0003266,0.9807528,7.717e-05,3.44e-06,23519,6,0.00525724,0.9977698
490,3,32028373,0.93236781,0.00902299,0.0,0.00141436,0.00034915,0.98910497,0.00010507,3.47e-06,36559,6,0.02926847,0.9973702
490,4,32028374,0.94276871,0.0175239,0.0,0.00133464,0.00032995,0.98073069,7.753e-05,3.29e-06,24543,6,0.0053082,0.9977698
490,5,32028375,0.93219976,0.00885102,0.0,0.00141202,0.00037542,0.98925332,0.00010498,3.25e-06,40655,6,0.02537748,0.9973702
490,6,32028376,0.93239248,0.0089935,0.0,0.00140958,0.000363,0.98912782,0.00010314,2.96e-06,36559,6,0.02543576,0.9973702
490,7,32028377,0.93982171,0.01502043,0.0,0.00136828,0.00042648,0.98309884,7.704e-05,8.93e-06,31887,6,0.00389103,0.9975699
490,8,32028378,0.93771281,0.01303273,0.0,0.00139437,0.00048524,0.98499849,7.73e-05,1.187e-05,30415,6,0.0058515,0.9975691
490,9,32028379,0.93235865,0.00900946,0.0,0.0014126,0.00035763,0.98911312,0.00010421,2.98e-06,40655,6,0.0283379,0.9973702
490,10,32028380,0.9427933,0.01747271,0.0,0.00133415,0.00032361,0.98078894,7.713e-05,3.47e-06,24543,6,0.00545549,0.9977698
491,1,32028401,0.98862668,0.03371671,0.42294816,0.0,0.01515666,0.0,0.00029766,0.52788081,44845,7,0.06166064,4.495084
491,2,32028402,0.9882966,0.03592868,0.42455063,0.0,0.01536882,0.0,0.00036715,0.52378471,44845,7,0.05009269,4.495084
491,3,32028403,0.98842815,0.03387416,0.42112418,0.0,0.01550254,0.0,0.00034143,0.52915769,48941,7,0.0597846,4.4950841
491,4,32028404,0.98835178,0.0353314,0.42007048,0.0,0.01538673,0.0,0.00032521,0.52888617,48941,7,0.05273653,4.4950841
491,5,32028405,0.98789048,0.03886662,0.42351225,0.0,0.01528959,0.0,0.00034672,0.52198482,44845,7,0.03427571,4.495084
491,6,32028406,0.98800522,0.03749535,0.4234051,0.0,0.01555436,0.0,0.00037661,0.52316858,48941,7,0.04284856,4.4950841
491,7,32028407,0.98824337,0.03573755,0.42212155,0.0,0.01544299,0.0,0.00036961,0.5263283,44845,7,0.05354624,4.495084
491,8,32028408,0.98846261,0.03366698,0.42400125,0.0,0.01548355,0.0,0.00031915,0.52652907,44845,7,0.05939357,4.495084
491,9,32028409,0.98840742,0.03409951,0.42421415,0.0,0.01547374,0.0,0.0003517,0.5258609,44845,7,0.05851396,4.495084
491,10,32028410,0.98832621,0.03469072,0.42448301,0.0,0.01540038,0.0,0.00036058,0.52506531,44845,7,0.05706372,4.495084
492,1,32028431,0.97102155,0.06113042,0.49088547,0.0,0.02274599,0.0,0.00247926,0.42275886,19210,7,0.02338248,5.5769709
492,2,32028432,0.97120301,0.06158313,0.49115386,0.0,0.02296451,0.0,0.00233408,0.42196442,19210,7,0.02346694,5.5769709
492,3,32028433,0.97082768,0.06138676,0.49187314,0.0,0.02299451,0.0,0.00240411,0.42134148,19210,7,0.02312746,5.5769709
492,4,32028434,0.97141382,0.06086886,0.49047217,0.0,0.02248199,0.0,0.00243673,0.42374025,23308,7,0.02242535,5.5770708
492,5,32028435,0.97207277,0.05960048,0.49544625,0.0,0.02191976,0.0,0.00241525,0.42061826,19210,7,0.02484928,5.5769709
492,6,32028436,0.97246335,0.05910398,0.48841969,0.0,0.02195017,0.0,0.00224195,0.4282842,19210,7,0.02480746,5.5769709
492,7,32028437,0.97282666,0.05886926,0.49458843,0.0,0.02176404,0.0,0.00220778,0.42257048,19202,7,0.0244618,5.5769709
492,8,32028438,0.97125424,0.06118414,0.49027293,0.0,0.02258232,0.0,0.00253589,0.42342472,19202,7,0.0221512,5.5769709
492,9,32028439,0.97028257,0.06270427,0.4918812,0.0,0.02316105,0.0,0.00247284,0.41978064,19210,7,0.0226743,5.5769709
492,10,32028440,0.97115049,0.0607377,0.49216037,0.0,0.02301121,0.0,0.00249752,0.4215932,19210,7,0.02757086,5.5769709
493,1,32028461,0.93486741,0.01040248,0.0,0.00139099,0.00495111,0.13437405,0.0,0.84888138,65375,7,0.00353484,0.9975348
493,2,32028462,0.93489205,0.01038537,0.0,0.00139291,0.0049931,0.13429874,0.0,0.84892987,32735,7,0.00362102,0.9975348
493,3,32028463,0.93516959,0.0104854,0.0,0.00139224,0.00498369,0.12712898,0.0,0.85600968,24543,7,0.00482689,0.9975348
493,4,32028464,0.9349776,0.01045089,0.0,0.00139094,0.00496965,0.12884411,0.0,0.85434441,49119,7,0.00365554,0.9975348
493,5,32028465,0.9346383,0.01034342,0.0,0.00139355,0.00501568,0.12546346,0.0,0.85778389,65503,7,0.00381429,0.9975348
493,6,32028466,0.93528083,0.01056297,0.0,0.00139058,0.00490607,0.12390673,0.0,0.85923365,8031,7,0.00406075,0.9975347
493,7,32028467,0.93526539,0.01053629,0.0,0.00138996,0.00491034,0.12960506,0.0,0.85355835,24543,7,0.00429443,0.9975348
493,8,32028468,0.93493184,0.01045934,0.0,0.00139292,0.00488466,0.13919438,0.0,0.8440687,57183,7,0.0037398,0.9975348
493,9,32028469,0.93480254,0.01047749,0.0,0.00139158,0.00495378,0.12817191,0.0,0.85500524,32735,7,0.00337662,0.9975348
493,10,32028470,0.93496418,0.01052184,0.0,0.00139139,0.00489848,0.12668548,0.0,0.85650281,24543,7,0.00410832,0.9975348
494,1,32028491,0.98945686,0.05078445,0.0079836,0.0,0.00498892,0.77233294,0.0,0.16391009,53036,6,0.05149115,13.0242874
494,2,32028492,0.9889499,0.02862729,0.00603214,0.0,0.0011215,0.96417615,0.0,4.293e-05,44842,6,0.05163742,13.0242874
494,3,32028493,0.98987988,0.03841176,0.00692014,0.0,0.00525443,0.77645867,0.0,0.172955,44844,6,0.05080129,13.0242874
494,4,32028494,0.98894387,0.02870926,0.00587671,0.0,0.00112662,0.96424299,0.0,4.442e-05,44842,6,0.05382538,13.0242874
494,5,32028495,0.90422395,0.4410665,0.1748446,0.0,0.00284136,0.31524703,0.0,0.06600051,47867,4,0.09003494,13.0219856
494,6,32028496,0.98854045,0.03039854,0.00677569,0.0,0.00111582,0.96166714,0.0,4.281e-05,44842,6,0.05190349,13.0242874
494,7,32028497,0.98987739,0.03870283,0.00719764,0.0,0.00516487,0.78027886,0.0,0.16865581,44844,6,0.05086747,13.0242874
494,8,32028498,0.98926776,0.06699647,0.01613994,0.0,0.00561674,0.90778063,0.0,0.00346622,52764,6,0.14526917,13.0242877
494,9,32028499,0.98894955,0.02862213,0.00585927,0.0,0.00112739,0.96434738,0.0,4.383e-05,44842,6,0.05359076,13.0242874
494,10,32028500,0.98988119,0.03855774,0.00693401,0.0,0.00517113,0.78074613,0.0,0.168591,44844,6,0.05086306,13.0242874
495,1,32028521,0.95360258,0.02912981,0.12922609,0.00034272,0.00641658,0.83381906,0.00017684,0.0008889,23119,6,0.15003351,0.995484
495,2,32028522,0.94272616,0.0338304,0.12830596,0.0139427,0.00671758,0.814135,0.00206086,0.00100751,23119,6,0.132025,0.995484
495,3,32028523,0.95289961,0.02951804,0.12756406,0.00037159,0.00648593,0.83430792,0.00083846,0.000914,23119,6,0.15119191,0.995484
495,4,32028524,0.91125348,0.0458202,0.11873436,0.06279389,0.00660665,0.76373457,0.00141579,0.00089454,23119,6,0.12919665,0.995484
495,5,32028525,0.91885825,0.04248136,0.11923535,0.05316218,0.0064212,0.77765008,0.00030213,0.00074769,23119,6,0.13666182,0.995484
495,6,32028526,0.90623182,0.04693839,0.11875393,0.06891035,0.0065194,0.75621509,0.0018272,0.00083564,23119,6,0.13054942,0.995484
495,7,32028527,0.92771305,0.03830947,0.12393513,0.03603487,0.0064881,0.79202038,0.00231074,0.00090131,23119,6,0.1337279,0.995484
495,8,32028528,0.92505378,0.03936189,0.12486223,0.03591823,0.00694647,0.78828068,0.00370126,0.00092925,23119,6,0.13514592,0.995484
495,9,32028529,0.91512187,0.04469768,0.12280463,0.05650977,0.00666864,0.76723449,0.00142208,0.00066271,23119,6,0.12481165,0.995484
495,10,32028530,0.94327632,0.0336698,0.12724773,0.01537469,0.00656638,0.81551996,0.00069498,0.00092646,23119,6,0.13678424,0.995484
496,1,32028551,0.97836831,0.01130086,0.0495924,0.0,0.00695736,0.00476104,0.0,0.92738834,65407,7,0.00567489,0.9992454
496,2,32028552,0.97836834,0.01124724,0.04899892,0.0,0.00698427,0.00435582,0.0,0.92841374,65535,7,0.0054808,0.9992454
496,3,32028553,0.97834209,0.0113735,0.04975719,0.0,0.00697992,0.00465552,0.0,0.92723387,65407,7,0.00529972,0.9992454
496,4,32028554,0.97836287,0.01133655,0.05050309,0.0,0.00693108,0.00429153,0.0,0.92693775,57343,7,0.00504455,0.9992454
496,5,32028555,0.97836662,0.01129489,0.05035794,0.0,0.00696121,0.00429648,0.0,0.92708948,32767,7,0.0059388,0.9992454
496,6,32028556,0.97836672,0.01131883,0.05030063,0.0,0.00688209,0.00450868,0.0,0.92698977,63487,7,0.00532902,0.9992454
496,7,32028557,0.97837458,0.01129361,0.05040931,0.0,0.00694502,0.00412931,0.0,0.92722276,65407,7,0.00568507,0.9992454
496,8,32028558,0.97835782,0.01130929,0.04979616,0.0,0.0069972,0.00439074,0.0,0.92750661,65535,7,0.00527126,0.9992454
496,9,32028559,0.97836083,0.01127164,0.05040438,0.0,0.00689334,0.00421976,0.0,0.92721088,49023,7,0.00604712,0.9992454
496,10,32028560,0.97833307,0.01134434,0.05097829,0.0,0.00697992,0.00440762,0.0,0.92628984,61439,7,0.00504403,0.9992454
497,1,32028581,0.99034951,0.03690851,0.00373969,0.0,0.00567379,0.76925849,0.0,0.18441952,51978,6,0.08432813,12.3214435
497,2,32028582,0.989381,0.05099434,0.00590852,0.0,0.00528969,0.76589854,0.0,0.1719089,51980,6,0.06672245,12.3214435
497,3,32028583,0.98938052,0.05076676,0.00565031,0.0,0.00529321,0.7675245,0.0,0.17076522,51980,6,0.06904265,12.3214435
497,4,32028584,0.99035601,0.03680873,0.00372043,0.0,0.00574611,0.76443969,0.0,0.18928504,51978,6,0.08562732,12.3214435
497,5,32028585,0.99035279,0.03679614,0.00357039,0.0,0.00575349,0.76438318,0.0,0.1894968,51978,6,0.08733969,12.3214435
497,6,32028586,0.98798823,0.04970364,0.00031617,0.0,0.00512981,0.94483846,0.0,1.192e-05,50636,6,0.1261227,12.3214438
497,7,32028587,0.98803205,0.05242939,0.00027763,0.0,0.00247645,0.94480359,0.0,1.295e-05,52316,6,0.14289401,12.3214438
497,8,32028588,0.9893874,0.05075743,0.00584437,0.0,0.0053579,0.76347208,0.0,0.17456822,51980,6,0.06601471,12.3214435
497,9,32028589,0.98938176,0.05082405,0.00564825,0.0,0.0053777,0.76277923,0.0,0.17537077,51980,6,0.06648102,12.3214435
497,10,32028590,0.99035265,0.03669074,0.00366565,0.0,0.00580731,0.7632006,0.0,0.19063571,51978,6,0.08304017,12.3214435
498,1,32028611,0.91707809,0.00943017,0.0,0.00138506,0.00035643,0.9887394,7.652e-05,1.241e-05,63183,6,0.01315969,0.9968051
498,2,32028612,0.9166443,0.00955467,0.0,0.0013931,0.00038412,0.9885794,7.657e-05,1.215e-05,65231,6,0.01179655,0.9968063
498,3,32028613,0.92343674,0.01584378,0.0,0.00132666,0.0002908,0.9824593,7.655e-05,2.91e-06,24543,6,0.00533709,0.9970061
498,4,32028614,0.92340359,0.01612712,0.0,0.00132419,0.00028838,0.98218079,7.667e-05,2.84e-06,24415,6,0.00532505,0.9970061
498,5,32028615,0.92302757,0.01587838,0.0,0.00132694,0.00028964,0.98242556,7.654e-05,2.93e-06,24543,6,0.00461071,0.9970061
498,6,32028616,0.92330566,0.01593907,0.0,0.00132577,0.00028996,0.98236538,7.66e-05,3.22e-06,24543,6,0.004944,0.9970061
498,7,32028617,0.92364312,0.0159709,0.0,0.0013231,0.00029013,0.98233651,7.669e-05,2.67e-06,24543,6,0.00543192,0.9970061
498,8,32028618,0.9155558,0.00945414,0.0,0.00136629,0.00030082,0.98879461,8.143e-05,2.72e-06,36559,6,0.04750847,0.9966065
498,9,32028619,0.92362475,0.01591123,0.0,0.00132565,0.00028937,0.9823944,7.654e-05,2.8e-06,57311,6,0.00539378,0.9970061
498,10,32028620,0.92324129,0.01596175,0.0,0.00132516,0.00028894,0.98234469,7.647e-05,3e-06,24543,6,0.0054076,0.9970061
499,1,32028641,0.98923248,0.05063175,0.02577688,0.0,0.0069371,0.68335563,4.684e-05,0.2332518,53036,6,0.06791472,9.9493455
499,2,32028642,0.99053797,0.03619283,0.01437111,0.0,0.00707552,0.70639724,4.652e-05,0.23591678,44844,6,0.07603912,9.9493455
499,3,32028643,0.98996831,0.04194944,0.01903087,0.0,0.00705881,0.69781883,6.89e-05,0.23407316,44844,6,0.04268537,9.9493455
499,4,32028644,0.99053519,0.03616762,0.01440995,0.0,0.00706537,0.70547396,4.628e-05,0.23683682,44844,6,0.07435312,9.9493455
499,5,32028645,0.99052862,0.03636947,0.01456764,0.0,0.00706673,0.7085856,4.699e-05,0.23336357,44844,6,0.07680802,9.9493455
499,6,32028646,0.99051858,0.03637026,0.01438876,0.0,0.00703353,0.70977454,4.7e-05,0.23238591,44844,6,0.07402129,9.9493455
499,7,32028647,0.98964589,0.04594851,0.02196373,0.0,0.0069922,0.68936127,4.711e-05,0.23568717,53036,6,0.0478949,9.9493455
499,8,32028648,0.990532,0.03616724,0.01487535,0.0,0.00705245,0.70861297,4.676e-05,0.23324524,44844,6,0.07584093,9.9493455
499,9,32028649,0.98924556,0.05049364,0.02583201,0.0,0.00703617,0.67941577,4.686e-05,0.23717556,53036,6,0.06842543,9.9493455
499,10,32028650,0.98993568,0.04269563,0.01928404,0.0,0.0070379,0.69612854,4.72e-05,0.23480669,44844,6,0.04071843,9.9493455
500,1,32028671,0.99083326,0.02422639,0.13707051,0.0,0.02331807,0.0,0.00011245,0.81527258,19210,7,0.05964704,1.4765602
500,2,32028672,0.99088779,0.02380697,0.13788317,0.0,0.02321083,0.0,0.00011304,0.81498599,19210,7,0.05839719,1.4765602
500,3,32028673,0.99095463,0.02345856,0.13814215,0.0,0.02322349,0.0,0.00010857,0.81506723,19210,7,0.06299847,1.4765602
500,4,32028674,0.99096684,0.02326049,0.13757435,0.0,0.02309107,0.0,0.00010965,0.81596445,19210,7,0.06458501,1.4765602
500,5,32028675,0.99092387,0.02370662,0.13583326,0.0,0.0233576,0.0,0.00010993,0.81699258,19210,7,0.05980819,1.4765602
500,6,32028676,0.99099548,0.02302495,0.13770193,0.0,0.02329798,0.0,0.00011252,0.81586261,19210,7,0.06204211,1.4765602
500,7,32028677,0.99099072,0.02312364,0.13835003,0.0,0.0231879,0.0,0.00011215,0.81522628,19210,7,0.06420457,1.4765602
500,8,32028678,0.9909377,0.02341133,0.13866855,0.0,0.02317073,0.0,0.00011051,0.81463888,19210,7,0.06363961,1.4765602
500,9,32028679,0.99090582,0.02362264,0.13854827,0.0,0.02321526,0.0,0.00011012,0.8145037,19210,7,0.05820792,1.4765602
500,10,32028680,0.99093427,0.02374931,0.13727828,0.0,0.02331682,0.0,0.00010601,0.81554958,19210,7,0.0608474,1.4765602
501,1,32028701,0.93349965,0.00928478,0.0,0.00071154,0.00537516,0.05791,0.0,0.92671852,8191,7,0.00622333,0.9975905
501,2,32028702,0.93344558,0.00930875,0.0,0.00071252,0.0053718,0.0606165,0.0,0.92399043,49151,7,0.00676902,0.9975905
501,3,32028703,0.93344838,0.00929264,0.0,0.0007127,0.00525593,0.06045251,0.0,0.92428623,49151,7,0.0073052,0.9975905
501,4,32028704,0.93347169,0.00935793,0.0,0.00071307,0.00537855,0.06154216,0.0,0.92300829,63487,7,0.0064003,0.9975905
501,5,32028705,0.93350768,0.0093433,0.0,0.00071621,0.00536088,0.05980494,0.0,0.92477468,57343,7,0.0064926,0.9975905
501,6,32028706,0.93345774,0.00936365,0.0,0.00071007,0.00526595,0.06189547,0.0,0.92276486,53247,7,0.00642355,0.9975905
501,7,32028707,0.9334377,0.00939211,0.0,0.00071332,0.0053063,0.06055794,0.0,0.92403032,24575,7,0.00718825,0.9975905
501,8,32028708,0.93344622,0.00932542,0.0,0.00071311,0.00526749,0.06087323,0.0,0.92382076,32767,7,0.00674211,0.9975905
501,9,32028709,0.93341342,0.00938878,0.0,0.0007139,0.00536757,0.06435296,0.0,0.9201768,63487,7,0.00649036,0.9975905
501,10,32028710,0.93345739,0.00936085,0.0,0.00071102,0.00533099,0.06082554,0.0,0.92377161,32255,7,0.00626811,0.9975902
502,1,32028731,0.98945208,0.03865032,0.00931118,0.0,0.0038737,0.82283095,0.0,0.12533384,51978,6,0.03959282,17.0705206
502,2,32028732,0.98924984,0.05171924,0.01515469,0.0,0.00422704,0.92491868,0.0,0.00398035,51082,6,0.14614478,17.0705209
502,3,32028733,0.98945284,0.03874103,0.00887701,0.0,0.00385004,0.82429779,0.0,0.12423413,51978,6,0.04198888,17.0705206
502,4,32028734,0.98953374,0.04966727,0.00922386,0.0,0.00366682,0.81994381,0.0,0.11749823,51980,6,0.04114548,17.0705206
502,5,32028735,0.98946076,0.03877621,0.0091155,0.0,0.00378643,0.82594108,0.0,0.12238079,51978,6,0.04139074,17.0705206
502,6,32028736,0.9888044,0.02830648,0.00023648,0.0,0.00048269,0.97094849,0.0,2.587e-05,44570,6,0.15006149,17.0705209
502,7,32028737,0.98924583,0.03918162,0.00024418,0.0,0.00146376,0.95212954,0.0,0.0069809,52762,6,0.14739262,17.0705209
502,8,32028738,0.98880001,0.02839157,0.00023644,0.0,0.00048542,0.97086114,0.0,2.543e-05,44570,6,0.15110642,17.0705209
502,9,32028739,0.9894572,0.0388354,0.0091244,0.0,0.00376837,0.82884795,0.0,0.11942389,51978,6,0.04130576,17.0705206
502,10,32028740,0.9895248,0.04980517,0.00914446,0.0,0.00366043,0.81860263,0.0,0.11878732,51980,6,0.0404649,17.0705206
503,1,32028761,0.90998329,0.0072727,0.0,0.00144675,0.0002811,0.99080331,0.00019485,1.28e-06,32971,6,0.02705535,0.9969067
503,2,32028762,0.57328685,0.00905072,0.0,0.98956192,0.00017357,0.00090118,0.000312,6.2e-07,36940,2,0.09496144,0.663841
503,3,32028763,0.91027109,0.00732959,0.0,0.00144571,0.0002788,0.99074964,0.0001948,1.47e-06,32971,6,0.02663292,0.9969067
503,4,32028764,0.91017595,0.00732688,0.0,0.00144389,0.00027129,0.99075864,0.00019796,1.34e-06,32971,6,0.02613837,0.9969067
503,5,32028765,0.91008311,0.0072813,0.0,0.00145408,0.00026393,0.99079855,0.00020099,1.15e-06,32907,6,0.02597924,0.996907
503,6,32028766,0.91016322,0.00731276,0.0,0.00144741,0.00027409,0.99076958,0.00019501,1.15e-06,32975,6,0.02609144,0.9969067
503,7,32028767,0.91006564,0.00725331,0.0,0.00144527,0.00027844,0.99082688,0.00019496,1.14e-06,32907,6,0.02642245,0.996907
503,8,32028768,0.91013272,0.00727847,0.0,0.00144352,0.00028337,0.99080034,0.00019308,1.23e-06,32971,6,0.02508632,0.9969067
503,9,32028769,0.91023378,0.00736893,0.0,0.00144194,0.00027743,0.99071694,0.00019358,1.17e-06,37071,6,0.02474351,0.9969067
503,10,32028770,0.91019432,0.00731854,0.0,0.00144187,0.00028283,0.99076369,0.00019183,1.24e-06,32971,6,0.02659048,0.9969067
504,1,32028791,0.99111986,0.02545643,0.13687903,0.0,0.02416866,0.0,0.0001575,0.81333838,44845,7,0.06912413,2.4988122
504,2,32028792,0.99150112,0.02292703,0.13494818,0.0,0.02390385,0.0,0.00015744,0.8180635,44845,7,0.0919696,2.4988122
504,3,32028793,0.99135226,0.02409739,0.1370535,0.0,0.02388549,0.0,0.00015854,0.81480509,44845,7,0.08451369,2.4988122
504,4,32028794,0.99092127,0.0273577,0.13523679,0.0,0.02402083,0.0,0.00015143,0.81323325,44845,7,0.0554885,2.4988122
504,5,32028795,0.9913846,0.02357374,0.13747661,0.0,0.02410382,0.0,0.00015985,0.81468598,44845,7,0.08433291,2.4988122
504,6,32028796,0.991361,0.02383706,0.13730068,0.0,0.02401263,0.0,0.00016007,0.81468955,44845,7,0.08150884,2.4988122
504,7,32028797,0.99122422,0.02469011,0.13695723,0.0,0.02410343,0.0,0.00016107,0.81408816,44845,7,0.07758847,2.4988122
504,8,32028798,0.99128522,0.02447372,0.13816273,0.0,0.02391703,0.0,0.00016099,0.81328552,44845,7,0.08140188,2.4988122
504,9,32028799,0.99131281,0.02414054,0.13786487,0.0,0.02408263,0.0,0.00016258,0.81374939,44845,7,0.07936317,2.4988122
504,10,32028800,0.991005,0.02651834,0.13625598,0.0,0.02406671,0.0,0.00015549,0.81300348,44845,7,0.06599411,2.4988122
505,1,32028821,0.98986507,0.03736305,0.10757612,0.0,0.00729899,0.61408553,0.00012252,0.23355379,51978,6,0.07995759,11.4794951
505,2,32028822,0.98936225,0.04101896,0.1081099,0.0,0.00728854,0.60540129,0.00016383,0.23801749,51978,6,0.05780603,11.4794951
505,3,32028823,0.98948996,0.04372826,0.10699359,0.0,0.00702777,0.60562651,0.00012988,0.236494,51980,6,0.04592654,11.4794951
505,4,32028824,0.98933583,0.04314561,0.10664979,0.0,0.00715659,0.60829173,0.00014739,0.23460889,51978,6,0.04428309,11.4794951
505,5,32028825,0.98972805,0.03928163,0.10583827,0.0,0.00719877,0.6153283,0.0001235,0.23222952,51978,6,0.06701536,11.4794951
505,6,32028826,0.98914109,0.04197945,0.10914259,0.0,0.00742117,0.60663846,0.00022093,0.23459739,51978,6,0.05543841,11.4794951
505,7,32028827,0.98928381,0.04389938,0.10951388,0.0,0.00706721,0.6045062,0.00017124,0.23484209,51980,6,0.04464211,11.4794951
505,8,32028828,0.98922642,0.04359181,0.11244235,0.0,0.00725208,0.60101923,0.00012419,0.23557033,51980,6,0.04156147,11.4794951
505,9,32028829,0.98896913,0.04657377,0.1120563,0.0,0.00723396,0.59880807,0.00012345,0.23520445,51980,6,0.05594585,11.4794951
505,10,32028830,0.98890755,0.04484144,0.11137844,0.0,0.00732714,0.60212612,0.00021194,0.23411493,51980,6,0.04417033,11.4794951
506,1,32028851,0.89909999,0.01024094,0.0,0.00139712,0.00443588,0.13908845,0.0,0.8448376,24543,7,0.00513081,0.9960709
506,2,32028852,0.89862711,0.01020997,0.0,0.00139755,0.00458987,0.13852218,0.0,0.84528044,57311,7,0.00451539,0.9960709
506,3,32028853,0.89357356,0.0084986,0.0,0.00144729,0.00043916,0.64940528,0.0,0.34020967,59087,7,0.01541129,0.9958694
506,4,32028854,0.89894737,0.01020599,0.0,0.00139736,0.00449939,0.12801756,0.0,0.8558797,8151,7,0.00469951,0.9960459
506,5,32028855,0.89872794,0.01015055,0.0,0.00139804,0.00448463,0.1381798,0.0,0.84578697,36831,7,0.00456068,0.9960709
506,6,32028856,0.89902068,0.01013757,0.0,0.00139924,0.00450349,0.12429975,0.0,0.85965995,24415,7,0.00506323,0.9960709
506,7,32028857,0.89876809,0.01014893,0.0,0.00139862,0.00450525,0.12741827,0.0,0.85652893,24543,7,0.00473801,0.9960709
506,8,32028858,0.89850286,0.01018567,0.0,0.00139727,0.00446014,0.13921809,0.0,0.84473882,65503,7,0.00528982,0.9960709
506,9,32028859,0.89869793,0.01009913,0.0,0.0013974,0.0045305,0.12998082,0.0,0.85399215,61407,7,0.00476076,0.9960709
506,10,32028860,0.8989106,0.01022432,0.0,0.00139816,0.00447654,0.13272937,0.0,0.85117162,24535,7,0.00444639,0.9960459
507,1,32028881,0.99028791,0.03486338,0.00327495,0.0,0.00564061,0.75599578,0.0,0.20022528,44844,6,0.07124518,18.0920846
507,2,32028882,0.99028496,0.03487603,0.0031761,0.0,0.00571008,0.75396375,0.0,0.20227404,44844,6,0.0705535,18.0920846
507,3,32028883,0.98955523,0.04720569,0.00429538,0.0,0.0054866,0.7463577,0.0,0.19665464,53036,6,0.06729566,18.0920846
507,4,32028884,0.99029293,0.03512531,0.00330253,0.0,0.00562001,0.75764963,0.0,0.19830251,44844,6,0.07429112,18.0920846
507,5,32028885,0.98956633,0.04722709,0.00410249,0.0,0.00553678,0.74357496,0.0,0.19955869,53036,6,0.07384925,18.0920846
507,6,32028886,0.98823353,0.04650008,0.00028267,0.0,0.00531656,0.94788968,0.0,1.102e-05,52316,6,0.15179329,18.092085
507,7,32028887,0.99029323,0.03495032,0.00323033,0.0,0.00564579,0.75626449,0.0,0.19990907,44844,6,0.07083117,18.0920846
507,8,32028888,0.99028932,0.03501657,0.00331798,0.0,0.00565337,0.75780658,0.0,0.1982055,44844,6,0.0711485,18.0920846
507,9,32028889,0.99029484,0.0350345,0.00323537,0.0,0.00562602,0.75657491,0.0,0.1995292,44844,6,0.07347918,18.0920846
507,10,32028890,0.98956712,0.04717261,0.00421776,0.0,0.0054913,0.7450084,0.0,0.19810993,53036,6,0.07326424,18.0920846
508,1,32028911,0.17873307,0.14914089,0.17886642,0.00354565,0.1544608,0.0,0.43801332,0.07597293,23175,7,0.02267624,0.9956375
508,2,32028912,0.18013784,0.14697968,0.17958783,0.00344404,0.15285849,0.0,0.44164352,0.07548644,23175,7,0.02262863,0.9956375
508,3,32028913,0.17881333,0.15026924,0.17791444,0.0032445,0.15591782,0.0,0.43526979,0.07738421,23175,7,0.02430439,0.9956375
508,4,32028914,0.17645396,0.15065997,0.17913677,0.00323481,0.15425828,0.0,0.43864357,0.0740666,23175,7,0.0222714,0.9956375
508,5,32028915,0.16846713,0.15183039,0.1746577,0.00332117,0.15901109,0.0,0.4411703,0.07000935,23175,7,0.01945489,0.9956375
508,6,32028916,0.16987828,0.15336225,0.17614389,0.00326847,0.15894364,0.0,0.43856833,0.06971342,23175,7,0.02015017,0.9956375
508,7,32028917,0.18533989,0.14583333,0.18241973,0.00320084,0.15281034,0.0,0.43748296,0.07825279,23175,7,0.02401768,0.9956375
508,8,32028918,0.19256122,0.14618376,0.18343426,0.00351483,0.14892465,0.0,0.43670855,0.08123395,23175,7,0.02385996,0.9956375
508,9,32028919,0.17514189,0.15201836,0.17769178,0.00314867,0.15700882,0.0,0.43631199,0.07382038,23175,7,0.02140947,0.9956375
508,10,32028920,0.18481767,0.14102392,0.17802529,0.00320845,0.15108366,0.0,0.44542257,0.08123611,23175,7,0.02539043,0.9956375
509,1,32028941,0.94114796,0.00938758,0.01561882,0.0,0.00493777,0.03993675,0.0,0.93011908,57343,7,0.00658927,0.9978695
509,2,32028942,0.94114194,0.00940441,0.01503685,0.0,0.00496116,0.04038366,0.0,0.93021392,49151,7,0.00619022,0.9978695
509,3,32028943,0.94121085,0.00937788,0.01507248,0.0,0.00505225,0.04157166,0.0,0.92892573,65407,7,0.00613852,0.9978695
509,4,32028944,0.94117782,0.00938051,0.01495724,0.0,0.005008,0.03991668,0.0,0.93073756,65407,7,0.00668309,0.9978695
509,5,32028945,0.94116189,0.00945574,0.01583623,0.0,0.00495774,0.04171476,0.0,0.92803553,16383,7,0.00607471,0.9978695
509,6,32028946,0.94115456,0.00942887,0.0152393,0.0,0.00503891,0.0419793,0.0,0.92831361,24063,7,0.00607599,0.9978693
509,7,32028947,0.94114039,0.00943411,0.01529971,0.0,0.0049402,0.04301691,0.0,0.92730907,49151,7,0.00630533,0.9978695
509,8,32028948,0.94117789,0.00940064,0.01535261,0.0,0.00499281,0.03999936,0.0,0.93025459,49023,7,0.006559,0.9978695
509,9,32028949,0.94116983,0.00936797,0.01505267,0.0,0.00500851,0.03750794,0.0,0.93306291,32767,7,0.00694703,0.9978695
509,10,32028950,0.94122278,0.00936455,0.01513379,0.0,0.00506308,0.0386015,0.0,0.93183709,49023,7,0.0066599,0.9978695
510,1,32028971,0.99030723,0.03409551,0.0031766,0.0,0.00465066,0.78826283,0.0,0.1698144,51978,6,0.07103807,23.6055043
510,2,32028972,0.98966028,0.04537208,0.00402698,0.0,0.00458793,0.77873707,0.0,0.16727595,51980,6,0.0711089,23.6055043
510,3,32028973,0.99030839,0.03402184,0.00319242,0.0,0.00472129,0.78788244,0.0,0.17018202,51978,6,0.07466469,23.6055043
510,4,32028974,0.99030807,0.03410088,0.00316524,0.0,0.00467247,0.78790674,0.0,0.17015467,51978,6,0.07341274,23.6055043
510,5,32028975,0.98977043,0.03657977,0.00020948,0.0,0.00153866,0.95363533,0.0,0.00803677,52762,6,0.1535371,23.6055048
510,6,32028976,0.98950446,0.06008339,0.01354202,0.0,0.00479302,0.9196216,0.0,0.00195998,51084,6,0.15379285,23.6055048
510,7,32028977,0.98931884,0.05395409,0.00048673,0.0,0.00146097,0.9392119,0.0,0.0048863,52764,6,0.14990283,23.6055048
510,8,32028978,0.99030697,0.0340811,0.00322174,0.0,0.00466765,0.78915964,0.0,0.16886987,51978,6,0.07097222,23.6055043
510,9,32028979,0.98966225,0.04533743,0.00386653,0.0,0.00456012,0.77915176,0.0,0.16708416,51980,6,0.07291138,23.6055043
510,10,32028980,0.99031458,0.03390949,0.00318575,0.0,0.00474669,0.78681497,0.0,0.1713431,51978,6,0.07148992,23.6055043
511,1,32029001,0.87216171,0.0155449,0.0,0.00133753,0.00028507,0.98275284,7.679e-05,2.87e-06,8159,6,0.00673429,0.9948626
511,2,32029002,0.85530407,0.0077223,0.0,0.00138727,0.00031881,0.99047883,9.042e-05,2.38e-06,36559,6,0.04380585,0.994463
511,3,32029003,0.87204646,0.01550545,0.0,0.00133699,0.0002854,0.98279219,7.7e-05,2.98e-06,20439,6,0.00583439,0.9948126
511,4,32029004,0.87198617,0.01542383,0.0,0.00133802,0.00027997,0.98287839,7.713e-05,2.66e-06,24535,6,0.00702662,0.9948376
511,5,32029005,0.87249038,0.01543568,0.0,0.00133719,0.00028121,0.98286617,7.728e-05,2.47e-06,8159,6,0.0066535,0.9948626
511,6,32029006,0.87241246,0.01543841,0.0,0.00133726,0.00028054,0.98286415,7.709e-05,2.55e-06,24543,6,0.00693889,0.9948626
511,7,32029007,0.85455776,0.00767133,0.0,0.00139014,0.00032433,0.99051807,9.399e-05,2.15e-06,40655,6,0.04602276,0.994463
511,8,32029008,0.87133648,0.0154702,0.0,0.00133899,0.00028208,0.98282878,7.721e-05,2.74e-06,57311,6,0.00533723,0.9948626
511,9,32029009,0.85188236,0.01112683,0.0,0.00168125,0.00018622,0.98692655,7.852e-05,6.4e-07,31001,6,0.02376753,0.9946622
511,10,32029010,0.87218079,0.01548622,0.0,0.00133734,0.00028368,0.98281356,7.681e-05,2.39e-06,53215,6,0.00675186,0.9948626
