# replicates_c3_e4.csv -- memory-two Wright-Fisher run c3_e4 (parameters: runs.csv), one row per (game, replicate),
# 5120 rows, ipt order 0..511, replicates 1..10 within a game.
# Reduced by provenance/robustness/reduce.py from the packed files c3_e4.{idx,win,rep} and atoms512.bin.
# Columns:
#   ipt      the game (data/games/games.csv)
#   rep      the replicate, 1..10
#   seed     the replicate's seed: seed_base + (isl - 1)*10 + rep, seed_base = 24000000 (runs.csv), isl from games_c3_e4.csv
#   E        the replicate's realised efficiency over its sampled second half (the .rep, 8 decimals)
#   R_abc    the share of the replicate's sampled population in the atom abc (the .rep, 8 decimals); the ten
#            replicates of a game average to the pooled S_abc of games_c3_e4.csv within 6.6e-09
#   top          the replicate's most abundant strategy over its sampled half (the .win 'rank1'): its integer code
#                0..65535 of the Methods (the genome read as a binary number; ALLD = 0, ALLC = 65535)
#   top_atom     its atom at this game as the integer code 4*efficient + 2*stable + competitive (0..7; 101 = 5 never
#                occurs); e.g. 7 = 111 (a friendly rival), 6 = 110, 4 = 100
#   top_share    its share of the replicate's sampled population (the .win 'abund')
#   top_selfpay  its per-round payoff against itself at this game (the .win 'selfpay')
ipt,rep,seed,E,R_000,R_100,R_010,R_001,R_110,R_011,R_111,top,top_atom,top_share,top_selfpay
0,1,24013671,0.95665947,0.02936531,0.01323852,0.08345965,0.00184061,0.87128366,0.00010949,0.00070276,35849,6,0.03715766,0.9994993
0,2,24013672,0.96255689,0.03055505,0.00969946,0.06619951,0.00109768,0.89244786,2.8e-07,1.6e-07,33483,6,0.04686459,0.9994993
0,3,24013673,0.98513999,0.02803934,0.00714321,0.00615363,0.00048245,0.95579863,4.297e-05,0.00233978,37129,6,0.04955361,0.9993988
0,4,24013674,0.98676677,0.02004986,0.01221748,0.00866227,0.0009257,0.95799979,0.00014474,1.7e-07,36137,6,0.05621709,0.9993988
0,5,24013675,0.95514002,0.01809485,0.00681234,0.10336135,0.00135007,0.86813318,0.00224754,6.7e-07,36970,2,0.08091604,0.6663986
0,6,24013676,0.95828073,0.02546896,0.01181024,0.0836418,0.00084527,0.87788438,0.00034932,3e-08,37130,2,0.06320107,0.6664099
0,7,24013677,0.96459555,0.02473382,0.01240517,0.06725666,0.00218444,0.89340649,1.338e-05,4e-08,37069,6,0.04103434,0.9994993
0,8,24013678,0.97561588,0.03096208,0.0108133,0.02671991,0.0015743,0.92865338,0.00127691,1.3e-07,38361,6,0.03557919,0.999498
0,9,24013679,0.98116938,0.03329255,0.01012477,0.0090266,0.00168451,0.93539874,2.4e-07,0.01047259,22663,6,0.07169107,0.9994238
0,10,24013680,0.98192123,0.02973851,0.01272888,0.00797114,0.00149832,0.9472074,0.00085567,8e-08,58377,6,0.04054859,0.9996993
1,1,24013701,0.99935117,0.00036069,0.0,2.93e-06,1.269e-05,0.99962365,1e-08,3e-08,60217,6,0.05066297,0.9991226
1,2,24013702,0.99939978,0.00040501,0.0,3.13e-06,1.479e-05,0.99684209,0.0,0.00273498,28087,6,0.02317703,0.9997304
1,3,24013703,0.99938468,0.00040644,0.0,3.18e-06,1.622e-05,0.999574,0.0,1.6e-07,52919,6,0.03556836,0.9996677
1,4,24013704,0.99938744,0.00038763,0.0,2.93e-06,1.376e-05,0.99959562,1e-08,5e-08,5881,6,0.03086944,0.999461
1,5,24013705,0.99933608,0.00036494,0.0,2.86e-06,1.489e-05,0.99467303,1e-08,0.00494427,22969,6,0.04545399,0.9996206
1,6,24013706,0.99937394,0.00037562,0.0,2.98e-06,1.334e-05,0.99960794,1e-08,1.2e-07,35465,6,0.07025229,0.9994208
1,7,24013707,0.99931319,0.00032311,0.0,2.8e-06,1.231e-05,0.99966173,0.0,3e-08,34153,6,0.03041568,0.9992419
1,8,24013708,0.99942425,0.00038988,0.0,2.97e-06,1.389e-05,0.9995932,0.0,6e-08,64811,6,0.02693748,0.9995609
1,9,24013709,0.99904773,0.00139998,0.0,3.1e-06,1.455e-05,0.9985821,1e-08,2.5e-07,61257,6,0.03213165,0.9993612
1,10,24013710,0.99923773,0.00074038,0.0,2.9e-06,2.572e-05,0.99923097,0.0,3e-08,38761,6,0.04559847,0.999561
2,1,24013731,0.98468648,0.03186248,0.00983689,0.01080975,0.0008696,0.94662116,8e-08,4e-08,33481,6,0.04424307,0.9995393
2,2,24013732,0.98744823,0.03238144,0.01038112,0.00172846,0.00247559,0.95303292,7e-08,4e-07,39881,6,0.03133498,0.9996785
2,3,24013733,0.96427943,0.03586072,0.01146443,0.07003081,0.00178554,0.87413055,8e-08,0.00672787,8869,2,0.0486099,0.6955336
2,4,24013734,0.96997797,0.04624721,0.01083106,0.04214955,0.0020451,0.89872685,7e-08,1.5e-07,52121,6,0.02885567,0.999509
2,5,24013735,0.97639603,0.04250211,0.01085199,0.02532605,0.00229262,0.91902713,7e-08,3e-08,36633,6,0.04582239,0.9993574
2,6,24013736,0.98614755,0.03561613,0.01276045,0.00128789,0.00280146,0.94388481,6e-08,0.00364919,37067,6,0.05407797,0.9995393
2,7,24013737,0.97317916,0.05209417,0.01220449,0.02101262,0.00238498,0.91145137,0.00085234,3e-08,35785,6,0.07220019,0.9994787
2,8,24013738,0.97591694,0.0395431,0.01491564,0.02590071,0.00364514,0.91599529,6e-08,6e-08,59785,6,0.02961703,0.9996784
2,9,24013739,0.98601017,0.02977201,0.00929932,0.00344088,0.00214293,0.95521799,0.00012678,1e-07,58313,6,0.0556097,0.9994788
2,10,24013740,0.96784211,0.04829791,0.0173765,0.04123034,0.0038172,0.88811103,0.00116696,6e-08,33071,6,0.05050171,0.9994483
3,1,24013761,0.98562767,0.00343796,0.0,0.03569999,1.519e-05,0.96084652,3e-07,3e-08,35257,6,0.02944782,0.9993929
3,2,24013762,0.99682633,0.00206142,0.0,0.0032342,1.688e-05,0.99468708,3.2e-07,9e-08,48807,6,0.0327516,0.9992609
3,3,24013763,0.99412125,0.00225159,0.0,0.01229959,8.38e-05,0.98531496,4.996e-05,1e-07,30999,6,0.03126575,0.9996118
3,4,24013764,0.99666775,0.00292753,0.0,0.00254478,0.00018524,0.99416678,0.00017502,6.4e-07,57355,6,0.04783775,0.9996618
3,5,24013765,0.99286309,0.00307336,0.0,0.0150151,0.00012541,0.98178575,3.3e-07,5e-08,37581,6,0.03084772,0.9994618
3,6,24013766,0.99084287,0.00130394,0.0,0.02403638,2.315e-05,0.97463611,3.7e-07,4e-08,32847,6,0.0617356,0.9994619
3,7,24013767,0.98556609,0.0070975,0.0,0.0323199,2.259e-05,0.9605595,3.9e-07,1.1e-07,53065,6,0.04124506,0.9993238
3,8,24013768,0.98047924,0.00316207,0.0,0.03884524,0.00040597,0.95758623,3.4e-07,1.5e-07,32811,6,0.03458092,0.9993928
3,9,24013769,0.99456271,0.00413635,0.0,0.00592617,5.494e-05,0.98988217,3.4e-07,3e-08,64873,6,0.0372898,0.9993857
3,10,24013770,0.98237637,0.00515725,0.0,0.03953144,0.00019722,0.95452704,9.641e-05,0.00049064,59385,6,0.03935776,0.9994619
4,1,24013791,0.99943219,0.0004085,0.0,2.14e-06,1.442e-05,0.99957489,1e-08,3e-08,56185,6,0.0483486,0.9996674
4,2,24013792,0.99945095,0.00039722,0.0,1.96e-06,1.365e-05,0.99958711,2e-08,4e-08,64073,6,0.04371697,0.9997116
4,3,24013793,0.99942526,0.00037584,0.0,1.96e-06,1.391e-05,0.99960814,2e-08,1.3e-07,44393,6,0.05021136,0.9993351
4,4,24013794,0.9994698,0.00038508,0.0,2.26e-06,1.46e-05,0.99959802,1e-08,3e-08,24569,6,0.07661553,0.9997116
4,5,24013795,0.99941248,0.00050846,0.0,1.98e-06,1.412e-05,0.99947515,2e-08,2.6e-07,47271,6,0.02583356,0.9994101
4,6,24013796,0.99946398,0.00041643,0.0,2.14e-06,1.469e-05,0.99098327,1e-08,0.00858345,36185,6,0.03542209,0.999247
4,7,24013797,0.9994305,0.00037989,0.0,2e-06,1.265e-05,0.99960528,1e-08,1.7e-07,16361,6,0.05020891,0.9996232
4,8,24013798,0.99946603,0.00040601,0.0,1.94e-06,1.482e-05,0.99957707,2e-08,1.4e-07,7001,6,0.02750185,0.9996116
4,9,24013799,0.99946156,0.00041542,0.0,2.07e-06,1.401e-05,0.99956746,1e-08,1.03e-06,14569,6,0.02739872,0.9991473
4,10,24013800,0.99948967,0.00042714,0.0,1.99e-06,1.555e-05,0.99688971,1e-08,0.00266561,45497,6,0.0264355,0.9993584
5,1,24013821,0.98529524,0.02783966,0.00496225,0.00192995,0.00238286,0.96217689,0.00070837,3e-08,37001,6,0.04158506,0.9995294
5,2,24013822,0.98787806,0.02762096,0.00710817,5.5e-07,0.00196778,0.9633022,3.1e-07,3e-08,43865,6,0.06672764,0.9995295
5,3,24013823,0.96862058,0.03846817,0.01907399,0.0329535,0.00376505,0.9048153,0.00092395,5e-08,38169,6,0.05409487,0.9997293
5,4,24013824,0.98128338,0.03460751,0.00484006,0.00653647,0.00275181,0.9483948,0.00286931,4e-08,38447,6,0.02621678,0.9994942
5,5,24013825,0.98349435,0.0348794,0.00555503,0.00225085,0.00326147,0.95339879,0.00065441,5e-08,34509,6,0.03391886,0.9995293
5,6,24013826,0.98558995,0.0231414,0.00655181,0.00834081,0.00238491,0.95923888,0.00034215,5e-08,37209,6,0.08324621,0.9997293
5,7,24013827,0.97784109,0.03813979,0.00805807,0.01009963,0.003022,0.93257056,0.00413319,0.00397676,32777,6,0.07882212,0.9995294
5,8,24013828,0.97791116,0.03617478,0.00705434,0.01189751,0.00247605,0.93954105,0.0028561,1.6e-07,33161,6,0.0267736,0.9994589
5,9,24013829,0.98177222,0.03637042,0.00731773,0.0073182,0.00291039,0.94606351,1.972e-05,4e-08,36909,6,0.0479821,0.9994942
5,10,24013830,0.98329463,0.0258414,0.00532098,0.00703389,0.00278292,0.95726388,0.00175691,3e-08,33097,6,0.06897116,0.9993884
6,1,24013851,0.99928976,0.00033805,0.0,7.55e-06,1.241e-05,0.99964178,1.5e-07,6e-08,55433,6,0.02049322,0.9992788
6,2,24013852,0.99929525,0.00032172,0.0,7.83e-06,1.2e-05,0.99965796,1.5e-07,3.5e-07,22505,6,0.03943479,0.9994785
6,3,24013853,0.99930506,0.00033682,0.0,7.91e-06,1.272e-05,0.99963762,1.5e-07,4.79e-06,15527,6,0.03007138,0.9993039
6,4,24013854,0.99931011,0.00036768,0.0,8.2e-06,1.243e-05,0.99961149,1.5e-07,4e-08,60697,6,0.02659187,0.9994394
6,5,24013855,0.99928784,0.00033244,0.0,7.54e-06,1.368e-05,0.99964615,1.6e-07,3e-08,33323,6,0.05424123,0.9992787
6,6,24013856,0.99929569,0.00032875,0.0,7.75e-06,1.133e-05,0.99057025,1.5e-07,0.00908177,38713,6,0.05785211,0.9995589
6,7,24013857,0.9993042,0.00033068,0.0,7.97e-06,1.133e-05,0.99964922,1.6e-07,6.4e-07,34745,6,0.04850729,0.999359
6,8,24013858,0.99929469,0.00035432,0.0,8.2e-06,1.329e-05,0.99962363,1.7e-07,3.8e-07,44025,6,0.02554195,0.9993591
6,9,24013859,0.99928196,0.00032564,0.0,7.73e-06,1.307e-05,0.99965339,1.4e-07,2e-08,22361,6,0.02639353,0.9993324
6,10,24013860,0.99934287,0.00035047,0.0,8.04e-06,1.344e-05,0.99962756,1.4e-07,3.5e-07,37897,6,0.03027662,0.9994393
7,1,24013881,0.981875,0.04965894,0.02521041,0.01839759,0.00107356,0.90565936,9e-08,5e-08,37593,6,0.03619494,0.9995247
7,2,24013882,0.98890028,0.03483415,0.01349119,0.01230935,0.00164,0.93772515,1.2e-07,4e-08,7769,6,0.04752332,0.9994871
7,3,24013883,0.97575675,0.04056627,0.01942429,0.0601709,0.00190176,0.87546067,0.00247608,4e-08,33163,6,0.05741766,0.9995247
7,4,24013884,0.98194974,0.03366888,0.01889368,0.03447619,0.00182386,0.9111372,1.6e-07,3e-08,35673,6,0.04848861,0.9995624
7,5,24013885,0.98586708,0.04275756,0.01542575,0.00707405,0.00112833,0.93361418,8e-08,6e-08,35481,6,0.0404663,0.9995059
7,6,24013886,0.98578297,0.05463734,0.01887802,0.00233104,0.00226429,0.90780098,0.00071178,0.01337655,37529,6,0.03167501,0.9995059
7,7,24013887,0.98401145,0.0475739,0.01620821,0.01947353,0.00186626,0.90561902,1.4e-07,0.00925894,24393,6,0.05720509,0.9997245
7,8,24013888,0.97078631,0.04295194,0.01768199,0.07734542,0.00317151,0.85670594,0.00214309,1.1e-07,8437,2,0.04164603,0.8108608
7,9,24013889,0.97425304,0.03491497,0.01386807,0.0775122,0.00098029,0.87272437,6e-08,4e-08,37145,6,0.03902904,0.9997622
7,10,24013890,0.96802652,0.04158986,0.01735613,0.10475716,0.00222437,0.81232269,7e-08,0.02174972,8357,2,0.04777493,0.8106988
8,1,24013911,0.96824228,0.02933108,0.00872509,0.03930713,0.00258931,0.9194954,0.00055195,3e-08,24669,6,0.03587472,0.9994942
8,2,24013912,0.9743945,0.02761481,0.00664124,0.02336825,0.00235231,0.93936487,0.00065807,4.6e-07,33433,6,0.04660946,0.9992804
8,3,24013913,0.98413717,0.02601137,0.00509828,0.00235276,0.00204101,0.96040422,0.00030622,0.00378615,36937,6,0.05878777,0.9994721
8,4,24013914,0.9627598,0.02566874,0.00605329,0.062529,0.00323936,0.90177264,0.00073694,4e-08,37129,6,0.06449246,0.9993444
8,5,24013915,0.95117042,0.02341669,0.00580394,0.09290554,0.00435408,0.87249759,0.00102214,3e-08,37930,2,0.06896296,0.6664054
8,6,24013916,0.97486556,0.0254743,0.00749643,0.03196544,0.00272784,0.93145661,0.00087932,6e-08,33163,6,0.07224378,0.9993443
8,7,24013917,0.9775636,0.03326656,0.00651695,0.00298654,0.00380086,0.95182933,0.00159972,5e-08,36249,6,0.04125432,0.9994722
8,8,24013918,0.96935431,0.02514482,0.00651691,0.03906714,0.00237404,0.92615111,0.00074595,3e-08,33293,6,0.0417573,0.9994082
8,9,24013919,0.92438421,0.03916537,0.0070005,0.15479895,0.00263083,0.79363937,0.00125675,0.00150823,36910,2,0.04818065,0.6663748
8,10,24013920,0.95451198,0.03154436,0.00607915,0.07048405,0.00194874,0.87941936,0.00258081,0.00794354,37161,6,0.04435872,0.9992805
9,1,24013941,0.99941035,0.00036062,0.0,5.73e-06,1.234e-05,0.99960604,0.0,1.527e-05,40249,6,0.05491607,0.9996736
9,2,24013942,0.9993977,0.0003641,0.0,5.85e-06,1.28e-05,0.99961688,0.0,3.7e-07,43175,6,0.02236655,0.9992547
9,3,24013943,0.99944028,0.00037912,0.0,5.89e-06,1.268e-05,0.99960225,0.0,6e-08,31823,6,0.01855425,0.9994211
9,4,24013944,0.999412,0.00035123,0.0,5.75e-06,1.254e-05,0.99963021,0.0,2.6e-07,62571,6,0.02706427,0.9996736
9,5,24013945,0.99936808,0.00031871,0.0,5.48e-06,1.075e-05,0.99914502,0.0,0.00052004,57337,6,0.07049652,0.9996736
9,6,24013946,0.99945451,0.00039023,0.0,5.94e-06,1.357e-05,0.99958993,0.0,3.3e-07,32845,6,0.02883251,0.9994737
9,7,24013947,0.99937778,0.00036599,0.0,5.92e-06,1.225e-05,0.99961579,0.0,5e-08,63865,6,0.05356749,0.9994211
9,8,24013948,0.99939073,0.00034872,0.0,5.63e-06,1.196e-05,0.99963285,0.0,8.3e-07,57177,6,0.05136805,0.9996736
9,9,24013949,0.99939335,0.0003551,0.0,5.61e-06,1.243e-05,0.99937537,0.0,0.0002515,40297,6,0.03010769,0.999421
9,10,24013950,0.99939913,0.00034725,0.0,5.64e-06,1.291e-05,0.99963088,0.0,3.32e-06,57321,6,0.05405725,0.9995473
10,1,24013971,0.95699568,0.08038948,0.02967891,0.09563376,0.0083355,0.77825012,0.0077122,3e-08,8877,2,0.0737839,0.8605736
10,2,24013972,0.97004244,0.0693361,0.02534158,0.01880567,0.00737402,0.86258095,0.00918177,0.0073799,35883,6,0.05133706,0.9995723
10,3,24013973,0.96537881,0.07191416,0.02056,0.05540411,0.00765949,0.84387605,0.00058615,4e-08,37657,6,0.04267869,0.9997583
10,4,24013974,0.96151343,0.07394191,0.02070367,0.09058451,0.00488901,0.80988078,1e-07,3e-08,8949,2,0.05690136,0.8606456
10,5,24013975,0.95892496,0.06057151,0.01259476,0.13018001,0.00794193,0.78702423,0.00168753,2e-08,33033,6,0.06289366,0.9995446
10,6,24013976,0.95757466,0.09678957,0.02578412,0.03117994,0.00796107,0.830389,0.00174364,0.00615266,36973,6,0.05477469,0.9995446
10,7,24013977,0.97040078,0.06886116,0.02480122,0.02049099,0.00980103,0.87001162,0.00603394,4e-08,36941,6,0.04544302,0.9995723
10,8,24013978,0.96445742,0.06788567,0.01969482,0.0962167,0.0045983,0.80497359,0.00045662,0.00617431,35113,6,0.05740742,0.9995307
10,9,24013979,0.96874996,0.08227373,0.02310656,0.01568026,0.0063068,0.86343415,0.00257196,0.00662653,33417,6,0.04766546,0.9995584
10,10,24013980,0.97283441,0.06677579,0.01810448,0.04271595,0.00416527,0.86783851,0.00039997,4e-08,23449,6,0.06181288,0.9997583
11,1,24014001,0.999211,0.00033334,0.0,5.02e-06,1.135e-05,0.99964956,6.7e-07,7e-08,34985,6,0.03845273,0.9993266
11,2,24014002,0.99923205,0.00033736,0.0,4.87e-06,1.276e-05,0.99887448,6.1e-07,0.00076993,62477,6,0.02612293,0.9996176
11,3,24014003,0.99737185,0.00101789,0.0,0.00316687,1.253e-05,0.98948057,6.1e-07,0.00632153,18631,6,0.04358219,0.9991857
11,4,24014004,0.99920181,0.00032306,0.0,4.89e-06,1.149e-05,0.99965978,5.7e-07,2e-07,61961,6,0.02353098,0.9995265
11,5,24014005,0.99925752,0.00036441,0.0,5.38e-06,1.39e-05,0.99961562,6.3e-07,6e-08,64749,6,0.01857881,0.9996176
11,6,24014006,0.99875948,0.00167273,0.0,4.69e-06,1.184e-05,0.99830968,6.3e-07,4.4e-07,34347,6,0.03218519,0.9993266
11,7,24014007,0.99921676,0.00034085,0.0,5.3e-06,1.191e-05,0.99964075,6.3e-07,5.6e-07,37257,6,0.0319782,0.9992356
11,8,24014008,0.99925439,0.00033455,0.0,5.57e-06,1.359e-05,0.99964558,6.4e-07,7e-08,47609,6,0.04832088,0.9994354
11,9,24014009,0.97260071,0.00193457,0.0,0.07836418,1.067e-05,0.9196899,5.9e-07,1e-07,38922,2,0.07835533,0.6663124
11,10,24014010,0.99855502,0.00053981,0.0,0.00116965,1.233e-05,0.99827751,6.7e-07,4e-08,22727,6,0.02708782,0.9992606
12,1,24014031,0.99956906,0.000443,0.0,6.1e-07,1.661e-05,0.99155947,1e-08,0.00798031,7353,6,0.02953287,0.9994965
12,2,24014032,0.99954785,0.00043216,0.0,5.6e-07,1.515e-05,0.98031693,1e-08,0.01923519,37583,6,0.04129345,0.9995482
12,3,24014033,0.99954776,0.00042487,0.0,5.9e-07,1.568e-05,0.99955659,2e-08,2.25e-06,47945,6,0.03564716,0.9996962
12,4,24014034,0.99954138,0.00041359,0.0,6.2e-07,1.475e-05,0.99957091,2e-08,1.2e-07,64649,6,0.03154849,0.9997481
12,5,24014035,0.99957738,0.00045487,0.0,6.4e-07,1.596e-05,0.999528,2e-08,5.1e-07,45529,6,0.02046465,0.9993437
12,6,24014036,0.99955288,0.00044434,0.0,5.9e-07,1.58e-05,0.99953575,2e-08,3.5e-06,60127,6,0.03311145,0.9996963
12,7,24014037,0.99955893,0.00043636,0.0,6.1e-07,1.594e-05,0.99954704,1e-08,4e-08,35961,6,0.04016364,0.9994964
12,8,24014038,0.99955063,0.00041694,0.0,5.5e-07,1.53e-05,0.99956711,2e-08,8e-08,56713,6,0.0335445,0.9994447
12,9,24014039,0.99956864,0.00044643,0.0,5.6e-07,1.481e-05,0.99953791,2e-08,2.7e-07,32011,6,0.0233276,0.9996962
12,10,24014040,0.99956133,0.00044334,0.0,6e-07,1.602e-05,0.99953994,1e-08,8e-08,52359,6,0.02650487,0.9995297
13,1,24014061,0.97322146,0.04411429,0.01151589,0.00212038,0.0061716,0.92952505,0.00162682,0.00492597,33737,6,0.06154684,0.9994322
13,2,24014062,0.98045246,0.03302334,0.00925488,2.3e-07,0.00454633,0.95191354,0.00126147,2e-07,55431,6,0.0444536,0.9995071
13,3,24014063,0.96553656,0.04859447,0.01317565,0.01621594,0.00571797,0.90839748,0.00436985,0.00352864,36877,6,0.0390292,0.9995161
13,4,24014064,0.96359027,0.02996206,0.00875398,0.05285956,0.00499133,0.90281339,0.00061964,3e-08,36876,2,0.05243048,0.6664493
13,5,24014065,0.97088888,0.03033084,0.00884631,0.03783439,0.00441162,0.91673491,0.00050689,0.00133506,22727,6,0.07246094,0.9994572
13,6,24014066,0.96515689,0.04651776,0.01183827,0.01764491,0.006112,0.91121065,0.00667638,3e-08,35289,6,0.03470893,0.9995161
13,7,24014067,0.97314526,0.03171786,0.00900882,0.02880821,0.00321352,0.92664799,0.00060343,1.6e-07,36953,6,0.06300905,0.9994322
13,8,24014068,0.96107218,0.04964349,0.01470699,0.02991662,0.0062266,0.89711489,0.00239135,5e-08,53193,6,0.06421626,0.9994322
13,9,24014069,0.97833417,0.03107241,0.00849775,0.0129231,0.00416003,0.94282534,0.00052047,9.1e-07,37721,6,0.0683646,0.999716
13,10,24014070,0.97901878,0.03304424,0.00785379,0.00214715,0.00541065,0.94994237,0.00160167,1.3e-07,33737,6,0.04110818,0.9994322
14,1,24014091,0.99931315,0.00028578,0.0,1.242e-05,1e-05,0.99969142,1.1e-07,2.7e-07,7673,6,0.03570794,0.999624
14,2,24014092,0.99931863,0.00032741,0.0,1.312e-05,1.21e-05,0.99714035,1.2e-07,0.00250689,59929,6,0.02443134,0.9991844
14,3,24014093,0.99930399,0.00031939,0.0,1.258e-05,1.097e-05,0.99965684,1.1e-07,1.1e-07,36905,6,0.03056276,0.9993362
14,4,24014094,0.99932348,0.00030051,0.0,1.249e-05,1.11e-05,0.99967542,1.2e-07,3.7e-07,61305,6,0.06322604,0.9994241
14,5,24014095,0.99929676,0.00031577,0.0,1.25e-05,1.129e-05,0.9960491,1.2e-07,0.00361122,58777,6,0.02288538,0.9994241
14,6,24014096,0.99932391,0.00032941,0.0,1.289e-05,1.198e-05,0.99964557,1.1e-07,4e-08,57177,6,0.0256579,0.999624
14,7,24014097,0.99929449,0.0003248,0.0,1.28e-05,1.196e-05,0.99964819,1.2e-07,2.14e-06,58633,6,0.02634737,0.9994481
14,8,24014098,0.99927101,0.00029771,0.0,1.238e-05,9.58e-06,0.9996795,1.1e-07,7.1e-07,33359,6,0.02781108,0.9994241
14,9,24014099,0.99934112,0.00032875,0.0,1.304e-05,1.142e-05,0.99964659,1.2e-07,7e-08,26639,6,0.02867887,0.999574
14,10,24014100,0.99930925,0.00031785,0.0,1.303e-05,1.088e-05,0.99965805,1.3e-07,7e-08,35769,6,0.04362128,0.9992483
15,1,24014121,0.9856317,0.14143778,0.02617199,0.11628427,0.01774549,0.69836027,9e-08,1.1e-07,8868,2,0.09148321,0.9951086
15,2,24014122,0.98639419,0.14369027,0.02658697,0.1624522,0.00934602,0.6429848,0.01445996,0.00047978,8364,2,0.07561238,0.9951086
15,3,24014123,0.97792272,0.15748055,0.02675539,0.08098676,0.00551488,0.72839075,1.4e-07,0.00087152,33069,6,0.03983732,0.9995981
15,4,24014124,0.98606781,0.16217612,0.02820161,0.01921516,0.01138402,0.75867885,0.01136616,0.00897809,32877,6,0.05158202,0.9995985
15,5,24014125,0.98117928,0.19388464,0.02670333,0.08997381,0.00501352,0.68411242,0.00031224,4e-08,8893,2,0.06025665,0.9954073
15,6,24014126,0.98403282,0.10719883,0.01573482,0.61648036,0.00218932,0.25839641,7e-08,1.9e-07,8373,2,0.15584707,0.9953573
15,7,24014127,0.98134696,0.18097704,0.0235122,0.10699614,0.00614156,0.68128702,0.00108599,5e-08,8380,2,0.0555587,0.9953074
15,8,24014128,0.98584446,0.14131934,0.02524275,0.02684438,0.0181842,0.78552534,0.00076302,0.00212097,35977,6,0.03031838,0.9995993
15,9,24014129,0.98706685,0.14143259,0.02047333,0.09403679,0.00361819,0.74020052,0.00023855,4e-08,8892,2,0.04954128,0.9953074
15,10,24014130,0.97711854,0.19318205,0.02476599,0.1635482,0.00418169,0.60571187,2.7e-07,0.00860993,8357,2,0.07329527,0.9951585
16,1,24014151,0.92424556,0.0414913,0.01428384,0.12464649,0.00354462,0.81290129,0.00313239,7e-08,32777,6,0.05843948,0.9994306
16,2,24014152,0.90694539,0.0243515,0.00884093,0.214356,0.00176566,0.74890177,0.00178412,2e-08,37192,2,0.1088715,0.666227
16,3,24014153,0.92598422,0.0278463,0.00932652,0.1534679,0.0019485,0.80635412,0.00105659,8e-08,37194,2,0.06332668,0.6662269
16,4,24014154,0.95995098,0.03596854,0.01319668,0.04143313,0.0034184,0.90393486,0.00204828,1.2e-07,37321,6,0.05621335,0.9990922
16,5,24014155,0.93269457,0.03285738,0.0101884,0.135558,0.00186014,0.81868995,0.0008461,2e-08,37162,2,0.06893914,0.666244
16,6,24014156,0.98093839,0.02296898,0.00700967,0.0097134,0.00233696,0.95703894,0.00093201,4e-08,57675,6,0.0560128,0.9992919
16,7,24014157,0.90432919,0.03509492,0.01007907,0.20514197,0.00229588,0.74609257,0.00129556,5e-08,36968,2,0.07686759,0.6662612
16,8,24014158,0.88162013,0.02632815,0.00866354,0.28526576,0.00143009,0.6772006,0.00111178,9e-08,36908,2,0.10514408,0.6663125
16,9,24014159,0.9247035,0.02144001,0.00837244,0.16567141,0.00369167,0.7994924,0.00133203,4e-08,37416,2,0.0698196,0.6662612
16,10,24014160,0.91051929,0.04045049,0.01015491,0.1715808,0.00292013,0.77460985,0.00028378,3e-08,36974,2,0.0716682,0.6662612
17,1,24014181,0.9994244,0.00032781,0.0,9.2e-07,2.201e-05,0.8466632,0.0,0.15298606,44537,6,0.03763864,0.9995004
17,2,24014182,0.99950092,0.00036734,0.0,9.5e-07,3.038e-05,0.69398774,0.0,0.30561359,40169,6,0.03043526,0.9995005
17,3,24014183,0.99949192,0.00037641,0.0,9.1e-07,2.978e-05,0.66848227,0.0,0.33111063,7543,7,0.02251397,0.9998752
17,4,24014184,0.9994231,0.00035669,0.0,9.7e-07,2.628e-05,0.78736985,0.0,0.2122462,33209,6,0.04108605,0.9992515
17,5,24014185,0.99945232,0.00035326,0.0,1.05e-06,2.504e-05,0.82987641,0.0,0.16974425,16121,6,0.03081074,0.9996006
17,6,24014186,0.99948856,0.00036976,0.0,9.8e-07,2.809e-05,0.68700117,0.0,0.31259999,32265,6,0.02519759,0.9995009
17,7,24014187,0.99944307,0.00034374,0.0,9.3e-07,2.722e-05,0.76530046,0.0,0.23432765,33897,6,0.05327421,0.9995003
17,8,24014188,0.99949851,0.00035892,0.0,9.6e-07,2.846e-05,0.77422858,0.0,0.22538308,24537,6,0.0309317,0.9997003
17,9,24014189,0.99951927,0.00037324,0.0,9.8e-07,2.991e-05,0.66709341,0.0,0.33250246,7897,6,0.0440516,0.9993013
17,10,24014190,0.99941477,0.00034149,0.0,9.6e-07,2.397e-05,0.74247318,0.0,0.25716041,32797,6,0.029948,0.9994007
18,1,24014211,0.96992076,0.07147445,0.01370487,0.00795407,0.01078187,0.88753108,0.00187324,0.00668042,33293,6,0.05504696,0.9995603
18,2,24014212,0.96194264,0.0898972,0.01835592,0.00713166,0.01242082,0.86322482,0.00894272,2.686e-05,37199,6,0.04093471,0.9995208
18,3,24014213,0.96195415,0.09075251,0.02000109,0.0016986,0.01568045,0.84621281,0.00748815,0.0181664,37195,6,0.05095389,0.9995207
18,4,24014214,0.96848676,0.07963416,0.01558794,0.0189272,0.0089976,0.8730293,0.00382376,3e-08,38987,6,0.0385686,0.9995736
18,5,24014215,0.96073019,0.09062978,0.02005312,0.01737182,0.0162704,0.84030316,0.00902053,0.00635119,33227,6,0.03500953,0.9995207
18,6,24014216,0.97609969,0.05902542,0.01409639,0.01294096,0.00656336,0.90455967,0.00281415,5e-08,53145,6,0.06583962,0.9995472
18,7,24014217,0.97249462,0.06634286,0.01414806,0.00288362,0.01009505,0.90150578,0.00502411,5.3e-07,32843,6,0.06623454,0.9995736
18,8,24014218,0.96530756,0.08817791,0.01716289,0.00156159,0.01094206,0.88017616,0.00197933,7e-08,34073,6,0.05413105,0.9995737
18,9,24014219,0.96603042,0.07194922,0.01671806,0.01013747,0.01289951,0.88132099,0.00697456,1.9e-07,55495,6,0.10211222,0.9996221
18,10,24014220,0.96827215,0.07689115,0.01541326,0.00174898,0.01192835,0.88147107,0.01254706,1.3e-07,33801,6,0.07092549,0.9995736
19,1,24014241,0.9991774,0.00029312,0.0,1.35e-05,9.86e-06,0.99968203,5.5e-07,9.3e-07,32793,6,0.04486793,0.9991773
19,2,24014242,0.99922544,0.00030157,0.0,1.36e-05,1.093e-05,0.9996721,5.3e-07,1.27e-06,54761,6,0.02903119,0.9991657
19,3,24014243,0.99920562,0.00027785,0.0,1.318e-05,9.45e-06,0.99877981,5.2e-07,0.0009192,60921,6,0.0586968,0.9993886
19,4,24014244,0.99920007,0.00031451,0.0,1.396e-05,1.051e-05,0.99966006,5.5e-07,4.2e-07,16215,6,0.02932982,0.9997634
19,5,24014245,0.99921588,0.00028504,0.0,1.36e-05,8.92e-06,0.99969182,5.3e-07,9e-08,56697,6,0.0588936,0.9995884
19,6,24014246,0.99923464,0.00031028,0.0,1.431e-05,1.024e-05,0.99966457,5.2e-07,9e-08,51017,6,0.0311204,0.998664
19,7,24014247,0.99920653,0.00029525,0.0,1.36e-05,1.007e-05,0.99968033,5.5e-07,2e-07,52665,6,0.03956995,0.9993886
19,8,24014248,0.99915825,0.00030152,0.0,1.397e-05,9.65e-06,0.99967416,5.3e-07,1.7e-07,38681,6,0.03435762,0.999377
19,9,24014249,0.99923321,0.00029733,0.0,1.366e-05,1.136e-05,0.99967703,5.6e-07,5e-08,58873,6,0.03626997,0.9993885
19,10,24014250,0.99916134,0.00027407,0.0,1.295e-05,9.94e-06,0.99970244,5.4e-07,6e-08,35161,6,0.04649848,0.9993884
20,1,24014271,0.98262164,0.10971822,0.07906746,0.06368727,0.00122062,0.74557471,0.00073168,4e-08,33433,6,0.04160652,0.9995788
20,2,24014272,0.98497055,0.11432637,0.09196445,0.02560469,0.00074157,0.76736282,8e-08,2e-08,36139,6,0.08403121,0.999583
20,3,24014273,0.98430327,0.1265307,0.09800758,0.02259811,0.00488469,0.74797786,1.1e-07,9.5e-07,29129,6,0.04443939,0.9997744
20,4,24014274,0.98559501,0.10196282,0.08837496,0.00888407,0.00236471,0.7976851,0.00072829,5e-08,33049,6,0.0447604,0.9995916
20,5,24014275,0.98614382,0.08720346,0.10511747,0.02046083,0.00080617,0.78626379,0.00014765,6.3e-07,37337,6,0.03488784,0.9997914
20,6,24014276,0.98749896,0.0989438,0.09315712,0.00932944,0.00172249,0.79684699,1.1e-07,5e-08,40075,6,0.03169278,0.9995916
20,7,24014277,0.98245889,0.12708726,0.10834017,0.03296849,0.00134976,0.73025308,7e-08,1.16e-06,56089,6,0.03642101,0.9997572
20,8,24014278,0.98507054,0.0802467,0.09278751,0.09471255,0.00233292,0.72701052,7e-08,0.00290973,8372,2,0.06342711,0.9567486
20,9,24014279,0.98258372,0.10816897,0.08565419,0.08404933,0.00104298,0.7179528,0.00313154,1.7e-07,35465,6,0.04172384,0.9995873
20,10,24014280,0.98508998,0.10731156,0.10484037,0.01475236,0.00098882,0.77210675,1e-07,3e-08,30489,6,0.04598212,0.9997829
21,1,24014301,0.95558741,0.04223072,0.00917911,0.03110252,0.00751526,0.9048543,0.00511798,1.2e-07,33437,6,0.02555087,0.9992984
21,2,24014302,0.96959941,0.02927495,0.00607855,0.01806759,0.00656692,0.93658916,0.0034228,3e-08,32781,6,0.03902705,0.9994794
21,3,24014303,0.94837305,0.03524837,0.00582544,0.08183838,0.00440944,0.86987096,0.00246759,0.00033981,32841,6,0.05178722,0.9994793
21,4,24014304,0.94676115,0.03227508,0.00532611,0.09295642,0.00363262,0.86266944,0.00314025,8e-08,37132,2,0.06035058,0.6663766
21,5,24014305,0.96573558,0.03739471,0.00680206,0.02562348,0.00373543,0.92399471,0.00244949,1.2e-07,38297,6,0.05058474,0.9996792
21,6,24014306,0.97296642,0.0318553,0.00571827,0.01462341,0.0050971,0.93641603,0.00237733,0.00391256,33817,6,0.06261551,0.9992383
21,7,24014307,0.97312863,0.02862156,0.00551264,0.02070511,0.00380322,0.92831472,0.00101417,0.01202859,33373,6,0.05880563,0.9993587
21,8,24014308,0.9706597,0.02606941,0.00564942,0.03280401,0.00266849,0.9308677,0.00194089,8e-08,37197,6,0.06042574,0.9992382
21,9,24014309,0.96430671,0.02820879,0.00557706,0.04729708,0.00374366,0.90143948,0.00226118,0.01147275,37417,6,0.04653061,0.9993588
21,10,24014310,0.96722,0.03534922,0.00526984,0.02684523,0.00379851,0.92689041,0.00184675,2e-08,33483,6,0.05472916,0.9994793
22,1,24014331,0.99933752,0.00030073,0.0,6.12e-06,2.308e-05,0.73066358,0.0,0.26900649,29529,6,0.02436039,0.9996356
22,2,24014332,0.99928968,0.0002672,0.0,5.96e-06,2.119e-05,0.83988953,0.0,0.15981612,5625,6,0.07499326,0.9996356
22,3,24014333,0.99925079,0.00027948,0.0,5.96e-06,2.092e-05,0.83908471,0.0,0.16060894,43993,6,0.05192774,0.9994357
22,4,24014334,0.99937491,0.00030643,0.0,6.1e-06,2.733e-05,0.72914345,0.0,0.27051668,24569,6,0.02439542,0.9996356
22,5,24014335,0.99933221,0.0002981,0.0,6.06e-06,2.596e-05,0.76154184,0.0,0.23812804,37481,6,0.04983066,0.9993536
22,6,24014336,0.99938222,0.00030907,0.0,6.06e-06,2.777e-05,0.74050637,0.0,0.25915073,64831,6,0.03492719,0.9998355
22,7,24014337,0.99936683,0.00030657,0.0,6.08e-06,2.537e-05,0.77605483,0.0,0.22360716,23369,6,0.05925064,0.9994713
22,8,24014338,0.99935691,0.00030404,0.0,5.99e-06,2.634e-05,0.76634744,0.0,0.2333162,34153,6,0.03966136,0.9991075
22,9,24014339,0.99931973,0.000309,0.0,5.91e-06,2.861e-05,0.64377965,0.0,0.35587683,33101,6,0.03335978,0.9991074
22,10,24014340,0.99934571,0.0003144,0.0,5.98e-06,2.637e-05,0.74009879,0.0,0.25955446,58665,6,0.02092272,0.9994713
23,1,24014361,0.99616749,0.0144331,0.0029608,0.00153468,0.00342694,0.87450858,0.0,0.1031359,52290,6,0.25248488,1.0947581
23,2,24014362,0.99344432,0.03408641,0.00217641,0.01277421,0.00141438,0.85930416,0.0,0.09024443,54485,6,0.09881626,1.0950019
23,3,24014363,0.99278303,0.01854296,0.00239063,0.00244953,0.00237224,0.95156901,0.0,0.02267564,56533,6,0.19954312,1.0949579
23,4,24014364,0.99508877,0.01675008,0.00154885,0.00581875,0.00158767,0.87461459,0.0,0.09968005,19917,6,0.22846302,1.094908
23,5,24014365,0.9945722,0.02512431,0.00215958,0.00207789,0.00241665,0.87662113,0.0,0.09160044,11333,6,0.21974739,1.0947082
23,6,24014366,0.99473321,0.02823,0.00596527,0.00500415,0.0009346,0.95986554,0.0,4.4e-07,52683,6,0.15203246,1.0950578
23,7,24014367,0.99523762,0.02311959,0.00474159,0.00226638,0.00223483,0.92531065,0.0,0.04232696,50371,6,0.21013509,1.0947914
23,8,24014368,0.99461745,0.0385496,0.00390867,0.00331613,0.00076317,0.78436075,0.0,0.16910169,56643,6,0.15115667,1.0950019
23,9,24014369,0.99028765,0.03579132,0.00283105,0.00327456,0.0011075,0.89960922,0.0,0.05738635,54469,6,0.18044993,1.094833
23,10,24014370,0.99301424,0.02998512,0.0038657,0.00662904,0.00109944,0.9154501,0.0,0.0429706,19787,6,0.25533473,1.0949769
24,1,24014391,0.97903183,0.00296694,0.0,0.05191533,2.404e-05,0.94509212,1.02e-06,5.5e-07,55705,6,0.04237602,0.9995879
24,2,24014392,0.97998519,0.00114069,0.0,0.05656058,1.13e-05,0.94228609,9.9e-07,3.6e-07,39112,2,0.03325276,0.6663879
24,3,24014393,0.99859795,0.00132128,0.0,5.49e-06,0.00013044,0.99854133,1.03e-06,4.4e-07,63501,6,0.05072611,0.9995879
24,4,24014394,0.9953109,0.00468668,0.0,0.00373922,1.245e-05,0.9915605,1.08e-06,6e-08,38297,6,0.03450337,0.9995878
24,5,24014395,0.94360958,0.00427649,0.0,0.14449922,0.00077369,0.85026211,0.00018846,3e-08,37198,2,0.07402209,0.6661277
24,6,24014396,0.98216264,0.00059975,0.0,0.05023408,0.00012148,0.94904103,1e-06,2.67e-06,26891,6,0.04402307,0.9993261
24,7,24014397,0.99489577,0.00079205,0.0,0.01194972,1.096e-05,0.98724622,1e-06,6e-08,37273,6,0.04529982,0.9995879
24,8,24014398,0.99795706,0.00161186,0.0,4.7e-06,0.00069794,0.99768456,8.8e-07,6e-08,33371,6,0.06429981,0.9991762
24,9,24014399,0.99282626,0.00268953,0.0,0.00944943,1.87e-05,0.98784117,1.11e-06,6e-08,30747,6,0.01906215,0.999376
24,10,24014400,0.99613913,0.00051732,0.0,0.00572118,7.89e-05,0.99368163,9.2e-07,6e-08,61453,6,0.03053294,0.999588
25,1,24014421,0.99957622,0.00040632,0.0,0.0,2.808e-05,0.73274839,0.0,0.26681721,63535,6,0.02963669,0.9997169
25,2,24014422,0.99962154,0.00041856,0.0,0.0,3.304e-05,0.70632218,0.0,0.29322622,44985,6,0.03625932,0.9995171
25,3,24014423,0.9995395,0.00038661,0.0,0.0,2.522e-05,0.76010221,0.0,0.23948597,36217,6,0.04392595,0.9995447
25,4,24014424,0.99956726,0.00039557,0.0,0.0,2.687e-05,0.79007276,0.0,0.2095048,34665,6,0.07512729,0.9994894
25,5,24014425,0.99954556,0.00039788,0.0,0.0,2.969e-05,0.68180156,0.0,0.31777087,32809,6,0.04614177,0.999517
25,6,24014426,0.99957729,0.00040624,0.0,0.0,2.716e-05,0.76966899,0.0,0.2298976,37257,6,0.0260757,0.9994894
25,7,24014427,0.99957814,0.00041522,0.0,0.0,2.53e-05,0.77014086,0.0,0.22941862,38377,6,0.04581951,0.9996339
25,8,24014428,0.99953102,0.00038725,0.0,0.0,2.324e-05,0.79006899,0.0,0.20952052,39929,6,0.04563741,0.9997169
25,9,24014429,0.99958804,0.00038527,0.0,0.0,2.516e-05,0.78071286,0.0,0.21887671,32761,6,0.03730257,0.9997446
25,10,24014430,0.99958649,0.00039483,0.0,0.0,2.725e-05,0.72195643,0.0,0.27762149,48313,6,0.0620847,0.9996892
26,1,24014451,0.97934411,0.03998011,0.00772075,0.00115451,0.00754444,0.92551596,0.00123053,0.0168537,36939,6,0.06335105,0.99955
26,2,24014452,0.9663735,0.05821384,0.01373695,0.00583407,0.00965437,0.90940858,0.00315201,1.8e-07,6553,6,0.0442504,0.99955
26,3,24014453,0.96637932,0.05443744,0.01178854,0.00165378,0.01403072,0.91300365,0.00285802,0.00222784,33103,6,0.05118421,0.99945
26,4,24014454,0.97374344,0.04223137,0.00824297,0.00384381,0.01080613,0.91764671,0.00114634,0.01608266,22663,6,0.05576436,0.9995249
26,5,24014455,0.96570702,0.05836962,0.01166529,0.00308819,0.01675373,0.90428477,0.0020665,0.00377191,32877,6,0.04433844,0.9994999
26,6,24014456,0.95615872,0.07369556,0.01316542,0.00605054,0.01516148,0.88969959,0.00222724,1.7e-07,24473,6,0.03007382,0.9996997
26,7,24014457,0.9601763,0.07173321,0.01405878,1.2e-07,0.01327695,0.89339959,0.00428578,0.00324557,38187,6,0.05720175,0.9994999
26,8,24014458,0.95813496,0.06791675,0.01111607,0.00150181,0.01703522,0.88964978,0.00256755,0.01021281,32843,6,0.06698015,0.9995499
26,9,24014459,0.95866277,0.06489845,0.01401877,0.00181427,0.01968622,0.8921928,0.00738943,6e-08,37161,6,0.04823408,0.9994749
26,10,24014460,0.95672939,0.07419431,0.01787247,0.00312104,0.01269502,0.82194289,0.01399811,0.05617616,36873,6,0.06657791,0.99955
27,1,24014481,0.99919335,0.00027053,0.0,1.22e-05,8.48e-06,0.99970853,2.2e-07,5e-08,60393,6,0.06671079,0.9990476
27,2,24014482,0.99927402,0.00029994,0.0,1.272e-05,1.07e-05,0.99967479,2.3e-07,1.63e-06,30553,6,0.02865919,0.9995788
27,3,24014483,0.99918409,0.00025436,0.0,1.226e-05,8.77e-06,0.99972429,2.1e-07,1e-07,60105,6,0.03943127,0.9995787
27,4,24014484,0.99920296,0.00028946,0.0,1.234e-05,1.134e-05,0.99968655,2.4e-07,7e-08,34991,6,0.03192889,0.9992685
27,5,24014485,0.99922299,0.00028362,0.0,1.245e-05,9.8e-06,0.99969385,2.2e-07,5e-08,47065,6,0.07675018,0.9995787
27,6,24014486,0.9992221,0.00029482,0.0,1.277e-05,9.32e-06,0.99369187,2.1e-07,0.005991,48503,6,0.04324117,0.9997537
27,7,24014487,0.99923067,0.00027958,0.0,1.244e-05,9.79e-06,0.99969782,2.3e-07,1.4e-07,56153,6,0.02863701,0.9995787
27,8,24014488,0.99920603,0.00028767,0.0,1.245e-05,9.78e-06,0.99968984,2.3e-07,2e-08,59081,6,0.0227408,0.9995786
27,9,24014489,0.99922923,0.00027936,0.0,1.232e-05,9.53e-06,0.99969851,2.2e-07,6e-08,33323,6,0.04083837,0.9991578
27,10,24014490,0.99923646,0.00030586,0.0,1.262e-05,1.028e-05,0.99967099,2.2e-07,3e-08,39209,6,0.02526816,0.9990474
28,1,24014511,0.99859184,0.00608561,0.00157055,0.00021238,0.00026874,0.98896684,0.0,0.00289588,15683,6,0.17886073,1.1520829
28,2,24014512,0.99621802,0.02006901,0.02189836,3.05e-06,0.00012416,0.94092103,0.0,0.01698441,16269,6,0.11937334,1.1521025
28,3,24014513,0.99355293,0.03620968,0.01992376,3.06e-06,0.00025487,0.88315229,0.0,0.06045633,47661,6,0.1136476,1.1520525
28,4,24014514,0.995397,0.02979729,0.01246843,0.0014246,0.0004344,0.95587349,0.0,1.78e-06,13957,6,0.29059168,1.1518778
28,5,24014515,0.99667628,0.01891086,0.00951028,0.00075482,0.00198106,0.89885205,0.0,0.06999093,11589,6,0.17976462,1.152033
28,6,24014516,0.99572244,0.03082094,0.01511716,3.17e-06,0.00043633,0.92853259,0.0,0.02508982,46541,6,0.29512826,1.1521829
28,7,24014517,0.99020172,0.06373895,0.01609859,0.00767988,0.00126518,0.89225922,0.0,0.01895818,23773,6,0.18670414,1.1521025
28,8,24014518,0.99951823,0.00230311,0.00017475,3.21e-06,1.288e-05,0.99750572,0.0,3.4e-07,54731,6,0.21653933,1.1521829
28,9,24014519,0.99269964,0.03660041,0.00918667,0.01184173,0.0005406,0.94182764,0.0,2.96e-06,21725,6,0.24999099,1.1521329
28,10,24014520,0.99881677,0.0055728,0.02417309,3.22e-06,2.074e-05,0.90931621,0.0,0.06091395,52293,6,0.12975077,1.1518861
29,1,24014541,0.87419582,0.02552851,0.00606762,0.30734316,0.00355188,0.65558612,0.00192267,3e-08,36876,2,0.1065127,0.6663634
29,2,24014542,0.91414345,0.01957965,0.0049208,0.2100041,0.00333088,0.76090389,0.00126064,3e-08,37160,2,0.09736834,0.666243
29,3,24014543,0.95630101,0.01732847,0.00440962,0.07937079,0.00196636,0.89369393,0.00323072,1.1e-07,34377,6,0.04189882,0.9994301
29,4,24014544,0.95269163,0.02153384,0.00516102,0.07355381,0.00238941,0.89519589,0.002166,3e-08,37161,6,0.06447454,0.9991756
29,5,24014545,0.92453623,0.0237065,0.00458008,0.15371466,0.0021631,0.81392987,0.00190576,3e-08,37934,2,0.0806622,0.6663634
29,6,24014546,0.93710013,0.01737695,0.00406863,0.14436799,0.00247604,0.8302604,0.00144997,3e-08,37384,2,0.06567703,0.6663118
29,7,24014547,0.93679529,0.01582206,0.00472065,0.14237633,0.00226645,0.83334414,0.00146888,1.48e-06,37192,2,0.09242048,0.6662258
29,8,24014548,0.94010769,0.03573084,0.00536116,0.0839804,0.00454332,0.86804581,0.00233842,6e-08,35081,6,0.05038927,0.9992604
29,9,24014549,0.91314051,0.02207764,0.00971934,0.20012758,0.0034664,0.76074741,0.00197867,0.00188297,37162,2,0.07344151,0.666243
29,10,24014550,0.97966323,0.01853778,0.00424139,0.01161981,0.00384513,0.96046864,0.00128723,2e-08,40203,6,0.043333,0.9992603
30,1,24014571,0.9993668,0.00032151,0.0,1.2e-06,2.552e-05,0.77805926,0.0,0.22159251,20295,7,0.02956908,0.9996899
30,2,24014572,0.99945099,0.0003474,0.0,1.13e-06,3.243e-05,0.66878806,0.0,0.33083099,48895,7,0.03037732,0.9997399
30,3,24014573,0.99941956,0.00032151,0.0,1.14e-06,2.772e-05,0.74976043,0.0,0.24988919,32057,6,0.03932223,0.99967
30,4,24014574,0.99941994,0.00033362,0.0,1.15e-06,2.897e-05,0.69421501,0.0,0.30542126,40809,6,0.02238832,0.9995401
30,5,24014575,0.99946811,0.0003381,0.0,1.13e-06,2.916e-05,0.63219716,0.0,0.36743445,44921,6,0.01840723,0.9994701
30,6,24014576,0.99941921,0.00032512,0.0,1.19e-06,2.655e-05,0.77300908,0.0,0.22663806,59257,6,0.03229746,0.9994702
30,7,24014577,0.99946021,0.00033152,0.0,1.2e-06,3.1e-05,0.68774718,0.0,0.31188911,33933,6,0.02928493,0.99947
30,8,24014578,0.99946043,0.00034544,0.0,1.15e-06,3.152e-05,0.65291531,0.0,0.34670657,11103,7,0.02465018,0.9998199
30,9,24014579,0.99944879,0.00034699,0.0,1.16e-06,2.962e-05,0.63296422,0.0,0.36665801,26895,6,0.01990749,0.9994901
30,10,24014580,0.99940612,0.00033063,0.0,1.16e-06,2.958e-05,0.73289779,0.0,0.26674085,57193,6,0.0308348,0.9995401
31,1,24014601,0.99653375,0.01276596,0.00131613,0.01242112,0.00074853,0.77393962,0.0,0.19880863,19779,6,0.30639947,1.0880937
31,2,24014602,0.99548731,0.01840938,0.00135057,0.0013129,0.00097625,0.91266023,0.0,0.06529067,56405,6,0.24634531,1.0881687
31,3,24014603,0.99695966,0.00859072,0.00126776,0.00317048,0.00113526,0.97696836,0.0,0.00886742,52549,6,0.21457099,1.0881437
31,4,24014604,0.98895604,0.03150483,0.00302639,0.00365942,0.00373651,0.85380758,0.0,0.10426528,15106,6,0.11204187,1.0881187
31,5,24014605,0.99857399,0.00526688,0.00091477,7.5e-07,0.00050862,0.97301551,0.0,0.02029347,52445,6,0.29634031,1.088226
31,6,24014606,0.99209866,0.02029929,0.00186833,0.00936407,0.00316238,0.93151366,0.0,0.03379228,56397,6,0.19074921,1.088126
31,7,24014607,0.99543148,0.02077404,0.00222336,0.00149837,0.00087259,0.875369,0.0,0.09926263,8876,6,0.11371817,1.0878265
31,8,24014608,0.99343755,0.02361942,0.00345358,0.00842851,0.00474288,0.87845284,0.0,0.08130276,23620,6,0.13277882,1.0879263
31,9,24014609,0.99089246,0.03238571,0.00276518,0.0152351,0.00309633,0.8173379,0.0,0.12917977,15436,6,0.12939179,1.0879596
31,10,24014610,0.99419689,0.02269258,0.00493987,0.00805261,0.00404861,0.85984677,0.0,0.10041957,8380,6,0.10776903,1.0880437
32,1,24014631,0.99913005,0.00028845,0.0,1.379e-05,9.46e-06,0.99968717,7.2e-07,4e-07,56503,6,0.02662622,0.9994845
32,2,24014632,0.99912839,0.00028222,0.0,1.322e-05,9.73e-06,0.99969395,6.7e-07,2.1e-07,37993,6,0.04751975,0.9993549
32,3,24014633,0.99917776,0.00028039,0.0,1.321e-05,9.25e-06,0.99882269,7e-07,0.00087376,35021,6,0.03208869,0.9993547
32,4,24014634,0.99909737,0.00025856,0.0,1.301e-05,9.36e-06,0.99971831,7.3e-07,4e-08,44729,6,0.02408196,0.9989875
32,5,24014635,0.99911946,0.00027277,0.0,1.339e-05,9.75e-06,0.99970326,7.1e-07,1.2e-07,34665,6,0.09117829,0.99911
32,6,24014636,0.99917337,0.00028636,0.0,1.376e-05,9.47e-06,0.99968957,7e-07,1.5e-07,38889,6,0.04120513,0.9993097
32,7,24014637,0.99913177,0.00027441,0.0,1.332e-05,8.42e-06,0.99970274,7.3e-07,3.8e-07,45017,6,0.06208931,0.9993549
32,8,24014638,0.99916286,0.00028827,0.0,1.326e-05,9.8e-06,0.99968788,7.3e-07,7e-08,30937,6,0.02876633,0.9993097
32,9,24014639,0.99908468,0.00026104,0.0,1.281e-05,8.44e-06,0.9961972,7.2e-07,0.00351979,37391,6,0.04942084,0.9992324
32,10,24014640,0.99911019,0.00026086,0.0,1.301e-05,9.26e-06,0.99971613,7e-07,4e-08,60793,6,0.06282221,0.9993547
33,1,24014661,0.99933531,0.01201973,0.14175472,0.0,0.00357172,0.28353361,0.0,0.55912022,32479,7,0.02356023,0.9999885
33,2,24014662,0.99939777,0.01027601,0.14562531,0.0,0.00379319,0.22759104,0.0,0.61271445,16199,7,0.01579493,0.9999674
33,3,24014663,0.99943466,0.00893894,0.14030495,0.0,0.00110596,0.2888218,0.0,0.56082836,5823,6,0.01997469,0.9998406
33,4,24014664,0.9993454,0.01055825,0.1353331,0.0,0.00086927,0.25717752,0.0,0.59606187,50559,7,0.024521,0.9999962
33,5,24014665,0.99939352,0.00868072,0.13583912,0.0,0.00073148,0.25947465,0.0,0.59527403,13303,7,0.01803773,0.9999664
33,6,24014666,0.99948055,0.00802003,0.18982415,0.0,0.00156302,0.25888035,0.0,0.54171244,44951,7,0.02187077,0.999959
33,7,24014667,0.99952622,0.00956875,0.16146718,0.0,0.00042693,0.26533232,0.0,0.56320482,36607,7,0.01948496,0.9999923
33,8,24014668,0.99953604,0.00872137,0.14847281,0.0,0.00066214,0.29719315,0.0,0.54495054,28375,6,0.01484534,0.9997389
33,9,24014669,0.99949226,0.0069043,0.13189847,0.0,0.00221154,0.26411881,0.0,0.59486687,58231,7,0.02174732,0.9997944
33,10,24014670,0.99938755,0.01144531,0.13780556,0.0,0.00136519,0.26857614,0.0,0.58080781,48631,7,0.02978052,0.9999712
34,1,24014691,0.97714912,0.02817265,0.00655999,0.0,0.00486958,0.95552192,0.00487582,5e-08,35913,6,0.03630645,0.9992242
34,2,24014692,0.9700295,0.03669536,0.00565317,0.0,0.00673114,0.93421219,0.00791966,0.00878847,32845,6,0.03862022,0.999506
34,3,24014693,0.97069609,0.03971229,0.0071316,0.0,0.00707177,0.88886588,0.00420462,0.05301383,37451,6,0.05594665,0.999506
34,4,24014694,0.96531075,0.04813961,0.00700076,0.0,0.01160663,0.93078293,0.00247004,3e-08,37145,6,0.04828797,0.9997059
34,5,24014695,0.96347599,0.04748952,0.0087053,0.0,0.00998055,0.92121237,0.00546719,0.00714507,32905,6,0.03933748,0.999506
34,6,24014696,0.96600724,0.04451087,0.00736647,0.0,0.0075436,0.93396715,0.00661186,5e-08,37465,6,0.03511777,0.9994121
34,7,24014697,0.97549915,0.03406565,0.00654401,0.0,0.00412727,0.9442281,0.00552851,0.00550646,39513,6,0.0538163,0.9994122
34,8,24014698,0.96854035,0.04050465,0.00683858,0.0,0.00747805,0.9383039,0.0068748,2e-08,36875,6,0.06969868,0.999506
34,9,24014699,0.97482691,0.03656512,0.00677824,0.0,0.00538156,0.94764101,0.00363316,9.2e-07,6553,6,0.05568456,0.999506
34,10,24014700,0.98409855,0.01745232,0.00308057,0.0,0.00419511,0.97187926,0.00339202,7.1e-07,37257,6,0.05736973,0.9994121
35,1,24014721,0.99926451,0.00028198,0.0,6.31e-06,2.769e-05,0.68704147,0.0,0.31264256,26765,6,0.02881976,0.9995419
35,2,24014722,0.99931734,0.00029198,0.0,6.2e-06,2.749e-05,0.60267238,0.0,0.39700194,62313,6,0.0410915,0.9992803
35,3,24014723,0.99924426,0.00027971,0.0,6.28e-06,2.657e-05,0.71947993,0.0,0.2802075,59549,6,0.0291718,0.999384
35,4,24014724,0.99923336,0.00026925,0.0,6.35e-06,2.5e-05,0.7755054,0.0,0.224194,60063,6,0.02694893,0.9992803
35,5,24014725,0.99931081,0.0002926,0.0,6.2e-06,2.659e-05,0.67956442,0.0,0.3201102,38775,7,0.02379778,0.9997419
35,6,24014726,0.99924614,0.00027565,0.0,6.25e-06,2.656e-05,0.70382882,0.0,0.29586272,36793,6,0.06646505,0.9992882
35,7,24014727,0.99923957,0.00028077,0.0,6.19e-06,2.752e-05,0.70937718,0.0,0.29030834,60537,6,0.0284544,0.9991842
35,8,24014728,0.99924871,0.00028829,0.0,6.24e-06,2.63e-05,0.66028625,0.0,0.33939292,43897,6,0.02166699,0.9992881
35,9,24014729,0.99927222,0.00028459,0.0,6.23e-06,2.853e-05,0.70913994,0.0,0.29054071,33503,6,0.05108165,0.9991843
35,10,24014730,0.99928041,0.00026537,0.0,6.33e-06,2.304e-05,0.71566991,0.0,0.28403535,43001,6,0.04165406,0.9993921
36,1,24014751,0.99870361,0.00194703,0.0011583,0.00313482,1.605e-05,0.99374336,0.0,4.4e-07,44109,6,0.155791,1.2779535
36,2,24014752,0.9995697,0.00028928,1.067e-05,1.21e-06,1.355e-05,0.99968496,0.0,3.4e-07,52547,6,0.2579753,1.2780091
36,3,24014753,0.99958841,0.00027346,8.42e-06,1.17e-06,9.4e-06,0.99970726,0.0,2.9e-07,11586,6,0.18226572,1.2779092
36,4,24014754,0.99762196,0.00845411,0.00486735,1.16e-06,0.00063988,0.9701938,0.0,0.01584372,24005,6,0.10399641,1.2779286
36,5,24014755,0.99955441,0.00028738,1.007e-05,1.25e-06,1.368e-05,0.99968733,0.0,3e-07,9428,6,0.16113318,1.2779092
36,6,24014756,0.99939488,0.00064785,0.00066085,1.21e-06,0.00019572,0.99849406,0.0,3.1e-07,21956,6,0.16325506,1.2779842
36,7,24014757,0.99828646,0.00541829,0.00205115,1.23e-06,9.945e-05,0.93785298,0.0,0.0545769,24005,6,0.2050081,1.2779286
36,8,24014758,0.9995309,0.00028454,8.85e-06,1.27e-06,1.033e-05,0.99969469,0.0,3.1e-07,56650,6,0.26640682,1.2780425
36,9,24014759,0.99529386,0.02084565,0.00765004,1.36e-06,0.00232581,0.95112616,0.0,0.01805097,48579,6,0.26233897,1.2779536
36,10,24014760,0.99822655,0.00282362,0.0003858,0.00369101,1.148e-05,0.95682908,0.0,0.03625901,11596,6,0.18322355,1.2779092
37,1,24014781,0.99362557,0.0049042,0.0,0.00667781,0.00066922,0.98734379,0.00040487,1e-07,37165,6,0.034936,0.9990464
37,2,24014782,0.9777265,0.00189823,0.0,0.038359,0.00019125,0.9583915,0.00116,2e-08,52041,6,0.03534669,0.999157
37,3,24014783,0.98734695,0.00179926,0.0,0.03194828,0.00029086,0.9659596,1.9e-06,1.1e-07,39307,6,0.02833534,0.999157
37,4,24014784,0.99144059,0.00327493,0.0,0.01122334,0.00059438,0.98474325,0.00016398,1.2e-07,32969,6,0.0325779,0.9993784
37,5,24014785,0.99271357,0.00357389,0.0,0.00948492,0.00015911,0.98653697,0.00024494,1.7e-07,8137,6,0.05137811,0.9992571
37,6,24014786,0.99235796,0.00458846,0.0,0.00653603,0.000285,0.98777698,0.00081345,8e-08,39179,6,0.03050876,0.999157
37,7,24014787,0.9766409,0.00550926,0.0,0.05735739,0.00031209,0.9364634,0.00035712,7.4e-07,36878,2,0.04859953,0.6663117
37,8,24014788,0.97912549,0.00341301,0.0,0.04431331,0.00016981,0.95164231,0.0004615,5e-08,32809,6,0.05182047,0.9992678
37,9,24014789,0.9880058,0.00230456,0.0,0.0198575,7.002e-05,0.97776577,1.95e-06,2e-07,53177,6,0.03292064,0.9992678
37,10,24014790,0.99811144,0.00236046,0.0,4.43e-06,8.465e-05,0.99754857,1.78e-06,1.1e-07,37583,6,0.08759993,0.9993784
38,1,24014811,0.99953243,0.00036429,0.0,0.0,2.794e-05,0.75908978,0.0,0.24051799,26667,6,0.02958191,0.9996328
38,2,24014812,0.9995186,0.00036096,0.0,0.0,2.637e-05,0.71670582,0.0,0.28290686,36697,6,0.09640826,0.999522
38,3,24014813,0.99957338,0.00038462,0.0,0.0,3.007e-05,0.69525655,0.0,0.30432877,58635,6,0.02407394,0.9996437
38,4,24014814,0.99950888,0.00037726,0.0,0.0,2.994e-05,0.69067726,0.0,0.30891554,52073,6,0.02940937,0.9994049
38,5,24014815,0.99950722,0.00035524,0.0,0.0,3.201e-05,0.73168175,0.0,0.267931,23369,6,0.04673203,0.9996437
38,6,24014816,0.99953294,0.00036497,0.0,0.0,2.899e-05,0.7477522,0.0,0.25185384,39753,6,0.02714884,0.9996437
38,7,24014817,0.99956536,0.00037433,0.0,0.0,3.201e-05,0.67728679,0.0,0.32230687,23385,6,0.02608981,0.9997218
38,8,24014818,0.99954984,0.00036992,0.0,0.0,3.126e-05,0.68962161,0.0,0.30997721,61439,7,0.02514205,0.9999218
38,9,24014819,0.99952738,0.00037294,0.0,0.0,2.93e-05,0.71120274,0.0,0.28839502,33835,6,0.02733756,0.9995219
38,10,24014820,0.99952016,0.0003677,0.0,0.0,2.931e-05,0.7279773,0.0,0.27162569,30329,6,0.03694508,0.9996438
39,1,24014841,0.89500845,0.2461479,0.04463935,0.03668667,0.06671077,0.55402358,0.01092206,0.04086967,12697,6,0.05567013,0.9991646
39,2,24014842,0.91484763,0.19489096,0.03456449,0.02819445,0.05022519,0.64379289,0.01371865,0.03461336,32779,6,0.04350092,0.9995927
39,3,24014843,0.91422828,0.19414776,0.03305311,0.03525863,0.04626655,0.685952,0.00394511,0.00137684,36879,6,0.05295795,0.9995927
39,4,24014844,0.92627169,0.17411497,0.02640621,0.03869492,0.04639007,0.68975955,0.02050551,0.00412876,37197,6,0.05873177,0.9995781
39,5,24014845,0.92870396,0.17950052,0.03131292,0.03852632,0.03831208,0.67758352,0.00700949,0.02775515,32873,6,0.05756205,0.9995854
39,6,24014846,0.91242892,0.1975387,0.03666837,0.02381744,0.04919333,0.66150447,0.02849898,0.00277871,37129,6,0.05009906,0.9995854
39,7,24014847,0.92156639,0.17178601,0.02970902,0.029331,0.04222892,0.70786109,0.01643986,0.00264409,35339,6,0.05970014,0.9995744
39,8,24014848,0.92305513,0.17521002,0.03305561,0.02101369,0.04991403,0.69119867,0.0099924,0.01961559,32841,6,0.05367666,0.9995927
39,9,24014849,0.9147653,0.19090699,0.03634339,0.019534,0.04690188,0.68801951,0.00667132,0.01162291,32811,6,0.0427212,0.9995891
39,10,24014850,0.91759791,0.19209565,0.03494883,0.02671752,0.04882798,0.6621398,0.02317826,0.01209196,33803,6,0.05977095,0.9995927
40,1,24014871,0.99915248,0.00027761,0.0,1.326e-05,1.038e-05,0.99969815,5.5e-07,6e-08,39897,6,0.0460725,0.9995393
40,2,24014872,0.99914699,0.00027408,0.0,1.343e-05,1.027e-05,0.99970155,5.4e-07,1.3e-07,54713,6,0.04017539,0.9995392
40,3,24014873,0.99917441,0.00029052,0.0,1.367e-05,1.096e-05,0.99968425,5.3e-07,6e-08,61273,6,0.02988233,0.9993393
40,4,24014874,0.99914944,0.00025081,0.0,1.303e-05,8.29e-06,0.99972713,5.5e-07,2e-07,39913,6,0.03447864,0.9991485
40,5,24014875,0.99907439,0.00024017,0.0,1.288e-05,8.76e-06,0.99973753,5.5e-07,1e-07,35897,6,0.05161735,0.9990789
40,6,24014876,0.99909173,0.00025989,0.0,1.299e-05,9.63e-06,0.99971657,5.4e-07,3.7e-07,33215,6,0.03979262,0.9996087
40,7,24014877,0.99912586,0.00026075,0.0,1.341e-05,8.69e-06,0.99971656,5.6e-07,3e-08,48567,6,0.05518752,0.9997141
40,8,24014878,0.99914644,0.00028457,0.0,1.349e-05,9.58e-06,0.99705614,5.4e-07,0.00263568,39833,6,0.027345,0.9994089
40,9,24014879,0.99911692,0.00026228,0.0,1.314e-05,9.42e-06,0.99971271,5.5e-07,1.9e-06,35961,6,0.0333716,0.9990788
40,10,24014880,0.99916291,0.00029464,0.0,1.36e-05,1.064e-05,0.99968051,5.5e-07,6e-08,24895,6,0.02579616,0.9995588
41,1,24014901,0.99957526,0.00028781,5.97e-06,0.0,1.116e-05,0.9996948,0.0,2.6e-07,56404,6,0.13498244,1.2257839
41,2,24014902,0.99188642,0.07625136,0.11902108,0.0,0.0012798,0.79192224,0.0,0.01152552,52891,6,0.13208077,1.2258387
41,3,24014903,0.99552499,0.05698676,0.02638676,0.0,3.316e-05,0.70170757,0.0,0.21488575,19986,6,0.17111737,1.225684
41,4,24014904,0.98806283,0.12141972,0.1084472,0.0,0.0031513,0.76266822,0.0,0.00431357,47883,6,0.11073145,1.2258838
41,5,24014905,0.9867143,0.12157138,0.18777067,0.0,0.00136972,0.68928774,0.0,4.9e-07,56531,6,0.10216562,1.2257389
41,6,24014906,0.99048931,0.14851413,0.00274104,0.0,3.773e-05,0.81054926,0.0,0.03815784,54932,6,0.19262009,1.2257839
41,7,24014907,0.99445784,0.04288546,0.06728819,0.0,0.001218,0.8496745,0.0,0.03893385,11333,6,0.14116472,1.2254891
41,8,24014908,0.99955764,0.0002908,6.1e-06,0.0,9.36e-06,0.9996935,0.0,2.3e-07,15435,6,0.22871807,1.2256389
41,9,24014909,0.98425338,0.14510009,0.15819547,0.0,0.00122147,0.69548196,0.0,1.01e-06,8884,6,0.2507041,1.225684
41,10,24014910,0.98553762,0.13510048,0.1921187,0.0,0.00059207,0.54444609,0.0,0.12774267,19981,7,0.08692595,1.225589
42,1,24014931,0.94456073,0.03648145,0.00795242,0.07023435,0.00689915,0.87200019,0.00643241,3e-08,40204,2,0.05975632,0.6662967
42,2,24014932,0.97196867,0.03073422,0.01007517,0.01332953,0.00395113,0.93821177,0.00369816,3e-08,32989,6,0.05029986,0.9992968
42,3,24014933,0.96002836,0.02597196,0.00731438,0.05274598,0.00360972,0.8935215,0.00413771,0.01269875,34089,6,0.06139333,0.9992969
42,4,24014934,0.94534596,0.03838644,0.01078472,0.06677917,0.00724929,0.86144253,0.00410388,0.01125397,39947,6,0.04435374,0.9994483
42,5,24014935,0.92620175,0.02468755,0.00584664,0.15773272,0.00434198,0.80382433,0.00356676,1e-08,38185,6,0.10132678,0.999297
42,6,24014936,0.9150853,0.02765926,0.00886,0.18289593,0.00474711,0.77151047,0.00432625,9.9e-07,37132,2,0.10887417,0.666325
42,7,24014937,0.94433483,0.04259547,0.01012101,0.06406858,0.00564717,0.87253088,0.00503683,6e-08,35465,6,0.06027713,0.9993726
42,8,24014938,0.96015245,0.02749933,0.00710955,0.04655919,0.00471224,0.86816663,0.00470384,0.04124923,34841,6,0.07621794,0.9992969
42,9,24014939,0.94632403,0.02412901,0.00614914,0.09333915,0.004632,0.82304681,0.00463239,0.04407149,36877,6,0.06010942,0.9994484
42,10,24014940,0.94212714,0.0383483,0.01114357,0.0732463,0.00853662,0.86121468,0.00468714,0.0028234,37962,2,0.04652879,0.6662967
43,1,24014961,0.99933099,0.00030081,0.0,2.84e-06,2.48e-05,0.68668054,0.0,0.31299101,29881,6,0.03385032,0.9994573
43,2,24014962,0.99929212,0.00027841,0.0,2.81e-06,2.33e-05,0.7738392,0.0,0.22585628,37131,6,0.04870269,0.9992575
43,3,24014963,0.99931189,0.00028784,0.0,2.77e-06,2.392e-05,0.74957737,0.0,0.25010811,53177,6,0.04100416,0.9993431
43,4,24014964,0.99927781,0.00026056,0.0,2.83e-06,2.067e-05,0.80416378,0.0,0.19555217,15721,6,0.03084089,0.999286
43,5,24014965,0.99932386,0.00030288,0.0,2.85e-06,2.658e-05,0.74287012,0.0,0.25679758,29943,6,0.02857458,0.9995822
43,6,24014966,0.99940293,0.00031414,0.0,2.77e-06,3.035e-05,0.61401735,0.0,0.38563539,8031,7,0.04021569,0.9998285
43,7,24014967,0.99932083,0.00029206,0.0,2.78e-06,2.655e-05,0.75816722,0.0,0.24151138,35097,6,0.04086828,0.9994287
43,8,24014968,0.99936212,0.00028846,0.0,2.78e-06,3.025e-05,0.68709003,0.0,0.31258847,57305,6,0.02430756,0.9996286
43,9,24014969,0.99933625,0.00029171,0.0,2.79e-06,2.398e-05,0.76866445,0.0,0.23101707,13753,6,0.03675625,0.9996285
43,10,24014970,0.99934197,0.00030726,0.0,2.8e-06,3.192e-05,0.7016146,0.0,0.29804341,24393,6,0.04414567,0.9994572
44,1,24014991,0.97732449,0.08322932,0.00738724,0.00103739,0.00313517,0.84521742,0.0,0.05999346,15915,6,0.12821302,1.2993251
44,2,24014992,0.99517404,0.0135621,0.0015439,0.00592076,0.00277284,0.9570338,0.0,0.01916659,44356,6,0.20669391,1.2994516
44,3,24014993,0.99388733,0.02993338,0.00514807,0.00012444,0.00145028,0.89321684,0.0,0.07012698,21706,6,0.12106355,1.2992586
44,4,24014994,0.99281099,0.01713202,0.00190756,2.6e-07,0.00082992,0.94572329,0.0,0.03440694,17602,6,0.14025625,1.2991255
44,5,24014995,0.98940889,0.03636237,0.00484021,0.00110953,0.00238188,0.91310934,0.0,0.04219667,8421,6,0.33987815,1.2991754
44,6,24014996,0.9916163,0.02298817,0.002657,0.00402502,0.00145208,0.94043872,0.0,0.02843901,54477,6,0.25933905,1.299425
44,7,24014997,0.99280283,0.02917265,0.00254894,2.1e-07,0.00108625,0.75905027,0.0,0.20814168,21965,6,0.2260171,1.2995349
44,8,24014998,0.96446839,0.10915429,0.00772286,0.00211091,0.00172637,0.78275936,0.0,0.0965262,52549,6,0.1793544,1.2994849
44,9,24014999,0.99183472,0.021648,0.00295949,0.0023936,0.00291661,0.95128397,0.0,0.01879832,56412,6,0.13425947,1.2995182
44,10,24015000,0.99343037,0.01950978,0.00424272,2.9e-07,0.00174019,0.8979873,0.0,0.07651971,56651,6,0.19395809,1.2995849
45,1,24015021,0.9990654,0.00026307,0.0,1.397e-05,8.48e-06,0.99971306,1.26e-06,1.6e-07,33481,6,0.05182902,0.9993345
45,2,24015022,0.99912939,0.00026999,0.0,1.415e-05,9.23e-06,0.99970523,1.28e-06,1.2e-07,34843,6,0.04360071,0.9990694
45,3,24015023,0.99902913,0.00027513,0.0,1.342e-05,9.03e-06,0.99969998,1.18e-06,1.25e-06,36121,6,0.0342176,0.9993346
45,4,24015024,0.99908268,0.00027174,0.0,1.401e-05,8.4e-06,0.99970407,1.26e-06,5.2e-07,37131,6,0.07996247,0.9990695
45,5,24015025,0.99907274,0.00028572,0.0,1.483e-05,9.61e-06,0.99968851,1.23e-06,9e-08,61401,6,0.0261598,0.9993347
45,6,24015026,0.9990768,0.00028198,0.0,1.444e-05,1.002e-05,0.99969039,1.28e-06,1.9e-06,56729,6,0.0420957,0.9995345
45,7,24015027,0.99908516,0.00027794,0.0,1.491e-05,9.08e-06,0.99969541,1.25e-06,1.42e-06,33417,6,0.07921645,0.9992019
45,8,24015028,0.99910752,0.00029853,0.0,1.538e-05,8.88e-06,0.99967406,1.29e-06,1.86e-06,39833,6,0.03573345,0.9994019
45,9,24015029,0.99911569,0.00028603,0.0,1.488e-05,9.95e-06,0.99968737,1.31e-06,4.5e-07,3935,6,0.03435152,0.9996844
45,10,24015030,0.99911553,0.00027783,0.0,1.432e-05,8.03e-06,0.99969845,1.28e-06,8e-08,29017,6,0.04737439,0.9995346
46,1,24015051,0.99902091,0.00745357,0.11891422,0.0,0.00065102,0.27009198,0.0,0.60288921,24511,7,0.03092143,0.9999746
46,2,24015052,0.9989611,0.00864946,0.11910902,0.0,0.00087358,0.30814253,0.0,0.56322541,8031,7,0.02285369,0.9999831
46,3,24015053,0.99903363,0.00763368,0.10921884,0.0,0.00122124,0.35015117,0.0,0.53177507,1751,6,0.01901846,0.9996995
46,4,24015054,0.99908302,0.00820091,0.13072637,0.0,0.00065496,0.25524452,0.0,0.60517324,46015,4,0.0155453,0.9999493
46,5,24015055,0.99911893,0.0061967,0.09479697,0.0,0.00190896,0.25324183,0.0,0.64385554,54983,6,0.01742342,0.9996079
46,6,24015056,0.99911177,0.00724601,0.09985973,0.0,0.0015223,0.26695535,0.0,0.62441661,47895,7,0.02260735,0.9999201
46,7,24015057,0.99906083,0.00817937,0.10596725,0.0,0.00149617,0.31931043,0.0,0.56504678,52727,7,0.0302092,0.9999498
46,8,24015058,0.99889301,0.00852411,0.15973321,0.0,0.00094422,0.32370653,0.0,0.50709193,49103,7,0.0189107,0.9999662
46,9,24015059,0.99912279,0.00720003,0.0915005,0.0,0.00161083,0.33258208,0.0,0.56710656,55255,7,0.02574097,0.9999581
46,10,24015060,0.99889831,0.00830736,0.10741851,0.0,0.00205675,0.26545662,0.0,0.61676075,44671,7,0.01842717,0.9999662
47,1,24015081,0.89478198,0.14077854,0.02915556,0.00748452,0.03187963,0.75633786,0.0280229,0.00634097,35145,6,0.07298237,0.9994367
47,2,24015082,0.9094652,0.12150998,0.02868095,0.0065001,0.03435765,0.77112121,0.01726186,0.02056826,33291,6,0.07048841,0.9995183
47,3,24015083,0.9081365,0.13491841,0.02845857,9.412e-05,0.03412089,0.74949503,0.01156348,0.04134949,33803,6,0.0497653,0.9995456
47,4,24015084,0.90218437,0.13985575,0.0344882,0.01243501,0.03189477,0.74276519,0.02396444,0.01459664,38153,6,0.05908874,0.9994911
47,5,24015085,0.90090565,0.14190726,0.03368061,0.00646127,0.03096944,0.74829331,0.02429199,0.01439611,32781,6,0.0648025,0.9995456
47,6,24015086,0.91963459,0.10926325,0.02625899,0.00314405,0.02888252,0.80727715,0.0194712,0.00570284,18567,6,0.07427943,0.9994412
47,7,24015087,0.89415871,0.1467882,0.03621252,0.00104234,0.03528727,0.75075043,0.02284127,0.00707797,37389,6,0.0721723,0.9995183
47,8,24015088,0.8659232,0.19312091,0.03596767,0.01500989,0.04384774,0.66529967,0.02357737,0.02317676,32843,6,0.04541266,0.9995456
47,9,24015089,0.89579748,0.14410339,0.03218382,0.01144565,0.03329868,0.74202168,0.02472781,0.01221897,37901,6,0.04064436,0.9995456
47,10,24015090,0.90928943,0.13825827,0.03726338,0.00570217,0.03240902,0.74594678,0.01217574,0.02824464,32811,6,0.06986762,0.9995183
48,1,24015111,0.99916453,0.00027739,0.0,1.18e-05,9.79e-06,0.99970072,2.4e-07,6e-08,40585,6,0.02907928,0.9990949
48,2,24015112,0.99913099,0.00026872,0.0,1.18e-05,9.4e-06,0.9997098,2.4e-07,4e-08,63819,6,0.02606588,0.9990421
48,3,24015113,0.9992184,0.00027903,0.0,1.193e-05,9.37e-06,0.99969939,2.4e-07,4e-08,62295,6,0.02268341,0.9995972
48,4,24015114,0.9991477,0.00026021,0.0,1.186e-05,7.9e-06,0.99971975,2.3e-07,5e-08,39225,6,0.05053032,0.9994209
48,5,24015115,0.99914745,0.00026906,0.0,1.185e-05,9.33e-06,0.99931068,2.4e-07,0.00039884,50617,6,0.03563677,0.9993472
48,6,24015116,0.99919025,0.00024757,0.0,1.173e-05,9.09e-06,0.99973131,2.5e-07,4e-08,57193,6,0.03866376,0.9992946
48,7,24015117,0.99915918,0.00028304,0.0,1.19e-05,9.31e-06,0.99969517,2.3e-07,3.5e-07,29739,6,0.03237685,0.9995472
48,8,24015118,0.99914992,0.00026505,0.0,1.18e-05,8.84e-06,0.99971405,2.3e-07,2e-08,36857,6,0.03424742,0.9993474
48,9,24015119,0.99920594,0.00027051,0.0,1.181e-05,8.73e-06,0.99970869,2.4e-07,2e-08,36959,6,0.03007822,0.9990949
48,10,24015120,0.99921723,0.0002751,0.0,1.189e-05,1.046e-05,0.99970186,2.4e-07,4.5e-07,46585,6,0.04639105,0.9995472
49,1,24015141,0.99953449,0.00029297,6.24e-06,0.0,1.261e-05,0.99968785,0.0,3.3e-07,46285,6,0.22068873,1.4067825
49,2,24015142,0.99955487,0.00026659,5.85e-06,0.0,1.07e-05,0.99971666,0.0,2.1e-07,13771,6,0.13730103,1.4069138
49,3,24015143,0.99949972,0.00028744,5.65e-06,0.0,1.274e-05,0.9996939,0.0,2.8e-07,15435,6,0.17681396,1.4066827
49,4,24015144,0.99954987,0.00028546,5.87e-06,0.0,1.18e-05,0.9996966,0.0,2.7e-07,15693,6,0.15974363,1.4069138
49,5,24015145,0.99836501,0.00567334,0.00218135,0.0,5.896e-05,0.94743472,0.0,0.04465162,15691,6,0.32132069,1.4069138
49,6,24015146,0.99953579,0.0002797,5.37e-06,0.0,1.005e-05,0.99970459,0.0,2.9e-07,23643,6,0.15472625,1.4069138
49,7,24015147,0.99954093,0.00030159,6.08e-06,0.0,1.305e-05,0.99967889,0.0,3.9e-07,52315,6,0.21968584,1.4069638
49,8,24015148,0.9936839,0.03134861,0.00606106,0.0,7.98e-05,0.83674708,0.0,0.12576344,15570,6,0.24794175,1.4067076
49,9,24015149,0.99427413,0.0282853,0.01263578,0.0,0.00176371,0.92991234,0.0,0.02740287,8868,6,0.17613626,1.406483
49,10,24015150,0.99954287,0.00027473,5.8e-06,0.0,1.046e-05,0.99970879,0.0,2.2e-07,50635,6,0.24605602,1.4069638
50,1,24015171,0.93208508,0.02869917,0.00774151,0.08235859,0.00385502,0.86480673,0.00976705,0.00277193,23111,6,0.05880314,0.9989832
50,2,24015172,0.93315681,0.03223861,0.00611741,0.09834824,0.00211289,0.85323077,0.00795204,5e-08,33483,6,0.05728868,0.9993858
50,3,24015173,0.85633225,0.02684549,0.00371364,0.33868431,0.0021738,0.62285745,0.0040092,0.00171611,36942,2,0.08173122,0.6663191
50,4,24015174,0.89771294,0.03368884,0.00752544,0.18098979,0.00563907,0.75845889,0.00467686,0.00902111,37388,2,0.03009484,0.6662454
50,5,24015175,0.94550082,0.02980528,0.00385112,0.07354824,0.00470571,0.87913508,0.00690555,0.00204902,47239,6,0.0834824,0.9992469
50,6,24015176,0.91587292,0.02543423,0.00767724,0.15348902,0.00433928,0.80197959,0.00708061,2e-08,36908,2,0.10420041,0.6662454
50,7,24015177,0.91946723,0.02183182,0.00526727,0.14908316,0.00251908,0.81435546,0.00694318,2e-08,36909,6,0.02982814,0.9992789
50,8,24015178,0.9186277,0.01921866,0.00595019,0.17990895,0.00143699,0.7879186,0.00556659,2e-08,36878,2,0.12636862,0.6663192
50,9,24015179,0.94776131,0.02846668,0.00602216,0.05558189,0.00404852,0.90028584,0.00559489,2e-08,34827,6,0.06391658,0.9993858
50,10,24015180,0.96854353,0.022782,0.00598634,0.03012964,0.00182988,0.93294624,0.00632588,2e-08,33161,6,0.07296154,0.9991719
51,1,24015201,0.99946854,0.00032282,0.0,0.0,2.719e-05,0.72161138,0.0,0.2780386,37721,6,0.03941957,0.999685
51,2,24015202,0.9994987,0.0003307,0.0,0.0,2.789e-05,0.70645222,0.0,0.2931892,31935,6,0.0238077,0.99977
51,3,24015203,0.99946981,0.00031658,0.0,0.0,2.934e-05,0.73757933,0.0,0.26207475,35833,6,0.04458781,0.9994278
51,4,24015204,0.99945959,0.00032997,0.0,0.0,3.17e-05,0.72099556,0.0,0.27864277,52921,6,0.03375843,0.9993129
51,5,24015205,0.99945796,0.00034194,0.0,0.0,2.926e-05,0.73330728,0.0,0.26632153,58937,6,0.03460486,0.9993131
51,6,24015206,0.99944645,0.00031889,0.0,0.0,2.862e-05,0.69605821,0.0,0.30359428,38393,6,0.0452728,0.999685
51,7,24015207,0.99946608,0.00032819,0.0,0.0,2.798e-05,0.74022617,0.0,0.25941766,55911,6,0.03283427,0.9992158
51,8,24015208,0.9994787,0.0003232,0.0,0.0,2.828e-05,0.70855841,0.0,0.29109011,5609,6,0.02449557,0.9992556
51,9,24015209,0.99948959,0.00034061,0.0,0.0,2.949e-05,0.70960192,0.0,0.29002798,42271,6,0.02019064,0.9995701
51,10,24015210,0.9994425,0.00033109,0.0,0.0,2.612e-05,0.7428205,0.0,0.25682229,53081,6,0.04929497,0.9994851
52,1,24015231,0.98399217,0.04219006,0.00393061,0.0026236,0.00502402,0.88658561,0.0,0.0596461,50818,6,0.09894502,1.1957718
52,2,24015232,0.98182609,0.04951538,0.00714044,0.01335037,0.00780745,0.72673059,0.0,0.19545577,50818,6,0.12625007,1.1957718
52,3,24015233,0.98788687,0.03425638,0.00413869,0.00276176,0.00570383,0.84396465,0.0,0.10917469,8876,6,0.22625203,1.1956719
52,4,24015234,0.99079338,0.02549926,0.00596761,0.00235599,0.00532317,0.87961108,0.0,0.08124288,56875,6,0.07126372,1.1959714
52,5,24015235,0.98835338,0.0305494,0.00851975,0.00104068,0.00446641,0.72028977,0.0,0.23513399,19202,7,0.12065994,1.1959107
52,6,24015236,0.9848158,0.04387106,0.00407945,0.00083116,0.00651412,0.82414232,0.0,0.1205619,22410,6,0.16605666,1.1960107
52,7,24015237,0.98508409,0.04281372,0.00255075,0.0054912,0.00456267,0.9024222,0.0,0.04215947,23882,6,0.11658525,1.1960107
52,8,24015238,0.98778983,0.03442644,0.00204992,0.00013908,0.00619038,0.75641729,0.0,0.20077689,56869,6,0.09008866,1.1958466
52,9,24015239,0.98950568,0.02620197,0.00206676,0.00663498,0.00546842,0.93663218,0.0,0.0229957,8436,6,0.12577115,1.1959108
52,10,24015240,0.99299008,0.01795536,0.0021819,0.00451317,0.00382335,0.93560899,0.0,0.03591723,8356,6,0.13705957,1.1956719
53,1,24015261,0.99906581,0.00026355,0.0,1.43e-05,9.29e-06,0.99961176,7e-07,0.0001004,33049,6,0.04992014,0.9993081
53,2,24015262,0.99905754,0.00026473,0.0,1.439e-05,9.04e-06,0.99971103,6.6e-07,1.4e-07,31743,6,0.03953048,0.9995618
53,3,24015263,0.99912891,0.00027029,0.0,1.45e-05,9.45e-06,0.99970409,6.9e-07,9.8e-07,16057,6,0.02415775,0.9990701
53,4,24015264,0.99903929,0.00023553,0.0,1.402e-05,7.69e-06,0.99974204,6.8e-07,3e-08,56761,6,0.07059726,0.9995079
53,5,24015265,0.99902181,0.00023573,0.0,1.402e-05,8.31e-06,0.99461189,6.7e-07,0.00512938,52185,6,0.07614715,0.999308
53,6,24015266,0.99906333,0.00025176,0.0,1.416e-05,8.76e-06,0.99294487,6.7e-07,0.00677978,37069,6,0.02847876,0.9993078
53,7,24015267,0.9991043,0.00026968,0.0,1.438e-05,8.47e-06,0.99970672,6.6e-07,9e-08,56727,6,0.05406346,0.9996827
53,8,24015268,0.9990718,0.00026036,0.0,1.421e-05,8.7e-06,0.999716,6.7e-07,6e-08,61641,6,0.04177521,0.9995078
53,9,24015269,0.99902599,0.00025576,0.0,1.423e-05,9.28e-06,0.99971989,6.7e-07,1.8e-07,31721,6,0.02410865,0.9990702
53,10,24015270,0.99906337,0.00026219,0.0,1.409e-05,9.24e-06,0.99971375,6.7e-07,5e-08,63481,6,0.03985422,0.9995079
54,1,24015291,0.9789964,0.18020918,0.02429836,0.0,0.00904424,0.65451482,0.0,0.1319334,15821,6,0.0900884,1.2204209
54,2,24015292,0.98884445,0.11165019,0.01554741,0.0,0.00488181,0.79887474,0.0,0.06904585,42884,6,0.10258939,1.2203817
54,3,24015293,0.98501469,0.12053004,0.03992676,0.0,0.02917517,0.80380328,0.0,0.00656474,18308,6,0.07426983,1.2203151
54,4,24015294,0.98928192,0.09197396,0.07537009,0.0,0.00499385,0.82766012,0.0,1.98e-06,54941,6,0.16660484,1.2205149
54,5,24015295,0.98733406,0.15141832,0.05513421,0.0,0.01083143,0.67471236,0.0,0.10790368,49403,6,0.13681273,1.2205149
54,6,24015296,0.98826989,0.10419443,0.01293768,0.0,0.00681814,0.84843614,0.0,0.02761361,15237,6,0.22580385,1.2203459
54,7,24015297,0.98956195,0.08860459,0.04280773,0.0,0.00652378,0.85306348,0.0,0.00900043,9869,6,0.16910198,1.2202211
54,8,24015298,0.98769695,0.12171085,0.02042575,0.0,0.00797716,0.82041556,0.0,0.02947068,56653,6,0.30958976,1.2205149
54,9,24015299,0.99301171,0.05630327,0.05736829,0.0,0.01390585,0.85994349,0.0,0.01247909,42180,6,0.27648154,1.2201712
54,10,24015300,0.9908052,0.07503189,0.03586004,0.0,0.01789219,0.79569295,0.0,0.07552293,11181,6,0.15400489,1.220321
55,1,24015321,0.97421758,0.03152723,0.0050209,0.0,0.00694415,0.95328973,0.00321783,1.6e-07,33609,6,0.10238797,0.9993634
55,2,24015322,0.97564232,0.02942526,0.00619391,0.0,0.00435072,0.94664271,0.00412664,0.00926076,32783,6,0.09996181,0.9994816
55,3,24015323,0.9759661,0.02577921,0.00520176,0.0,0.00545261,0.95506595,0.00516959,0.00333089,33323,6,0.05791952,0.9993632
55,4,24015324,0.96682367,0.04073333,0.0079371,0.0,0.00633481,0.93328374,0.00508716,0.00662385,37131,6,0.05219554,0.9993633
55,5,24015325,0.97681229,0.02771389,0.00461753,0.0,0.00549893,0.95780782,0.00370695,0.00065488,33035,6,0.05127834,0.9993633
55,6,24015326,0.96774028,0.03533876,0.00522262,0.0,0.00828853,0.94522161,0.00592843,5e-08,23369,6,0.03288421,0.999563
55,7,24015327,0.96610175,0.03768233,0.00726454,0.0,0.00739367,0.94020161,0.00745768,1.7e-07,33485,6,0.0628893,0.9994815
55,8,24015328,0.97373691,0.02739763,0.00492487,0.0,0.00555736,0.93516404,0.00507679,0.02187931,8153,6,0.0668862,0.9996815
55,9,24015329,0.96742961,0.03762227,0.00776231,0.0,0.00644391,0.94195913,0.00621232,7e-08,32809,6,0.07180516,0.9994224
55,10,24015330,0.96914524,0.0347686,0.00573167,0.0,0.00688842,0.94633046,0.00628077,8e-08,5849,6,0.07515843,0.999245
56,1,24015351,0.99929038,0.00027104,0.0,5.62e-06,2.844e-05,0.69570782,0.0,0.30398708,16377,6,0.07414632,0.9995807
56,2,24015352,0.99929298,0.0002884,0.0,5.49e-06,2.716e-05,0.66462468,0.0,0.33505427,52351,7,0.02359659,0.9995612
56,3,24015353,0.99922433,0.00028255,0.0,5.53e-06,2.849e-05,0.66174714,0.0,0.3379363,21977,6,0.02428533,0.9987044
56,4,24015354,0.99925188,0.00028173,0.0,5.58e-06,2.589e-05,0.74557238,0.0,0.25411442,46569,6,0.03870138,0.9991423
56,5,24015355,0.99921876,0.00027317,0.0,5.56e-06,2.426e-05,0.76978329,0.0,0.22991371,50343,6,0.02749687,0.998976
56,6,24015356,0.99926785,0.00025558,0.0,5.6e-06,2.467e-05,0.75688935,0.0,0.24282479,24057,6,0.06915727,0.9995806
56,7,24015357,0.9992477,0.00027529,0.0,5.55e-06,2.707e-05,0.65890898,0.0,0.34078312,6985,6,0.03712738,0.9991616
56,8,24015358,0.99926277,0.0002794,0.0,5.64e-06,2.536e-05,0.71543356,0.0,0.28425604,37595,6,0.0258011,0.9991615
56,9,24015359,0.99925997,0.00028493,0.0,5.49e-06,2.87e-05,0.65126097,0.0,0.34841992,18575,6,0.02685463,0.9992116
56,10,24015360,0.99925533,0.00025707,0.0,5.62e-06,2.058e-05,0.76101528,0.0,0.23870146,65433,6,0.0391398,0.9993615
57,1,24015381,0.99947742,0.00025626,8.68e-06,2.9e-07,1.112e-05,0.99972344,0.0,2e-07,13514,6,0.35571509,1.4832303
57,2,24015382,0.99666466,0.01167193,0.00115285,3.6e-07,0.00088208,0.98474862,0.0,0.00154416,11340,6,0.23625263,1.4830972
57,3,24015383,0.98820084,0.03703027,0.02302266,0.00080606,0.00126157,0.78121545,0.0,0.15666398,44116,6,0.12941649,1.48346
57,4,24015384,0.9953229,0.00792354,0.01057658,0.00646406,0.00074974,0.75999983,0.0,0.21428625,56781,6,0.14897508,1.4834967
57,5,24015385,0.9962113,0.01660298,0.00493983,3e-07,0.00078036,0.87376161,0.0,0.10391491,56771,6,0.12205797,1.4833968
57,6,24015386,0.9903389,0.031042,0.01096593,0.00404665,0.00189094,0.94315788,0.0,0.0088966,14221,6,0.15353191,1.4835433
57,7,24015387,0.98503598,0.03634574,0.0081722,0.00796179,0.00144725,0.94607255,0.0,4.7e-07,54731,6,0.38537218,1.4835933
57,8,24015388,0.9976284,0.00774476,0.0030709,2.4e-07,0.00073082,0.96059849,0.0,0.0278548,8372,6,0.23332133,1.4833934
57,9,24015389,0.99409204,0.02672604,0.00377879,2.6e-07,0.00094019,0.8494283,0.0,0.11912641,15810,6,0.16392201,1.4833218
57,10,24015390,0.99788694,0.00537801,0.00375858,0.00209548,0.00012865,0.92963095,0.0,0.05900834,19915,6,0.2892488,1.4833468
58,1,24015411,0.97816216,0.00308194,0.0,0.05426527,4.711e-05,0.94236823,0.00023742,4e-08,35529,6,0.04039039,0.9993289
58,2,24015412,0.99241717,0.0043154,0.0,0.00935721,9.05e-06,0.98631656,1.72e-06,7e-08,23801,6,0.04089313,0.9992578
58,3,24015413,0.99489389,0.00097247,0.0,0.00583483,8.55e-06,0.99227739,0.00090638,3.7e-07,34059,6,0.03785337,0.9990579
58,4,24015414,0.99230037,0.00365389,0.0,0.00849346,0.00013495,0.98694421,0.00077337,1.2e-07,44793,6,0.04683416,0.9990581
58,5,24015415,0.99142056,0.00186765,0.0,0.01135848,5.209e-05,0.94932235,0.00083183,0.03656761,19079,7,0.03656741,0.9987374
58,6,24015416,0.98369576,0.01037048,0.0,0.01928966,0.00017468,0.96400284,1.66e-06,0.00616067,61305,6,0.05940632,0.9993288
58,7,24015417,0.99730974,0.0051275,0.0,5.05e-06,9.8e-05,0.99476782,1.59e-06,4e-08,38025,6,0.03934352,0.9993286
58,8,24015418,0.96875692,0.00927973,0.0,0.04547052,0.00027364,0.94497422,1.59e-06,3e-07,35469,6,0.04711313,0.9991932
58,9,24015419,0.99658935,0.00121823,0.0,0.0059598,1.853e-05,0.99280163,1.78e-06,3e-08,43449,6,0.04600426,0.9991934
58,10,24015420,0.99657551,0.00117425,0.0,0.00050082,0.00016171,0.99666353,0.00149917,5.1e-07,33033,6,0.0402185,0.999058
59,1,24015441,0.99892014,0.004554,0.01117163,0.0,0.0007191,0.47759069,0.0,0.50596458,9399,6,0.02656506,0.9998588
59,2,24015442,0.99901795,0.00423782,0.0085387,0.0,0.00014612,0.5862616,0.0,0.40081575,64951,6,0.02565535,0.9998794
59,3,24015443,0.99886645,0.0043882,0.00779306,0.0,0.00069994,0.55451919,0.0,0.4325996,9855,6,0.01884141,0.9996862
59,4,24015444,0.99889239,0.00501114,0.00832334,0.0,0.00085621,0.48018892,0.0,0.5056204,26559,7,0.01794299,0.9998816
59,5,24015445,0.9989473,0.00446664,0.00816463,0.0,0.00085003,0.55910159,0.0,0.4274171,9983,6,0.03958686,0.9998588
59,6,24015446,0.99930903,0.00241095,0.00705434,0.0,0.00052705,0.48468882,0.0,0.50531884,62605,6,0.02062229,0.9997544
59,7,24015447,0.99868335,0.00550569,0.00805716,0.0,0.00084402,0.50824481,0.0,0.47734833,27895,6,0.0265237,0.9997589
59,8,24015448,0.99892357,0.00564231,0.00921719,0.0,0.00045798,0.51537972,0.0,0.46930279,31799,6,0.03790437,0.999659
59,9,24015449,0.99905646,0.00462536,0.00684724,0.0,0.00058641,0.46892346,0.0,0.51901754,42471,6,0.02289654,0.9998299
59,10,24015450,0.99922299,0.00325099,0.00568614,0.0,0.00015756,0.46585695,0.0,0.52504836,51127,6,0.02397509,0.9998983
60,1,24015471,0.88963944,0.2158422,0.03260682,0.0415436,0.05787499,0.61571338,0.01920145,0.01721756,36879,6,0.08319933,0.9995937
60,2,24015472,0.89032848,0.22838896,0.0345091,0.01210394,0.06153653,0.63396998,0.01192455,0.01756694,32779,6,0.06623865,0.9995937
60,3,24015473,0.86506163,0.26506318,0.04810966,0.0316616,0.07120365,0.51678253,0.06717933,4e-08,33035,6,0.09299757,0.9995873
60,4,24015474,0.88187122,0.22452412,0.03416577,0.02802064,0.07211754,0.59095114,0.03785381,0.01236698,36361,6,0.03987697,0.9995746
60,5,24015475,0.87292893,0.24761005,0.03936402,0.05426061,0.09325572,0.51644089,0.03129817,0.01777054,34057,6,0.05788498,0.9995873
60,6,24015476,0.8941074,0.1968162,0.03867091,0.01903335,0.05664049,0.6070996,0.02792858,0.05381086,37391,6,0.11844032,0.9995905
60,7,24015477,0.86792917,0.26791544,0.0432211,0.0513739,0.07029266,0.51375471,0.02994961,0.02349258,32783,6,0.05699706,0.9995937
60,8,24015478,0.85008672,0.28571756,0.05060686,0.07930666,0.08665002,0.46868941,0.0212344,0.0077951,32781,6,0.03390325,0.9995937
60,9,24015479,0.86836919,0.2738159,0.04864505,0.04456307,0.07932208,0.50429785,0.02205601,0.02730004,36943,6,0.03663998,0.9995937
60,10,24015480,0.86678288,0.26206427,0.04160656,0.04611109,0.07758209,0.50786936,0.04735138,0.01741526,37131,6,0.07303876,0.9995873
61,1,24015501,0.99909616,0.00026065,0.0,1.467e-05,9e-06,0.99971248,5.5e-07,2.65e-06,37257,6,0.0381313,0.9990111
61,2,24015502,0.99910912,0.00026935,0.0,1.459e-05,9.27e-06,0.99970618,5.5e-07,6e-08,59695,6,0.02840511,0.9990638
61,3,24015503,0.99909159,0.000259,0.0,1.47e-05,8.15e-06,0.99971742,5.5e-07,1.7e-07,33177,6,0.03133966,0.9993054
61,4,24015504,0.99907512,0.00025241,0.0,1.449e-05,8.97e-06,0.99972346,5.4e-07,1.4e-07,32057,6,0.03995262,0.9995053
61,5,24015505,0.99908033,0.00026076,0.0,1.449e-05,8.68e-06,0.99971523,5.5e-07,2.9e-07,37483,6,0.02369512,0.9991582
61,6,24015506,0.9990631,0.00021468,0.0,1.434e-05,6.96e-06,0.9997634,5.5e-07,8e-08,63305,6,0.07380824,0.999211
61,7,24015507,0.9991779,0.00027369,0.0,1.478e-05,9.46e-06,0.99970133,5.5e-07,1.9e-07,63695,6,0.02863047,0.9995054
61,8,24015508,0.99907424,0.00023883,0.0,1.428e-05,7.76e-06,0.99973847,5.4e-07,1.2e-07,32937,6,0.03774324,0.9985698
61,9,24015509,0.99910098,0.0002446,0.0,1.448e-05,8.44e-06,0.99973183,5.6e-07,8e-08,57337,6,0.04555017,0.9995054
61,10,24015510,0.99908988,0.00026786,0.0,1.478e-05,9.9e-06,0.99970686,5.5e-07,5e-08,55767,6,0.042325,0.9996802
62,1,24015531,0.99078636,0.06331266,0.11246158,0.0,0.00159557,0.79108954,0.0,0.03154066,10125,6,0.16753819,1.4717793
62,2,24015532,0.98062874,0.1338709,0.28156015,0.0,0.0016468,0.54254216,0.0,0.04037999,8932,6,0.11980402,1.4713853
62,3,24015533,0.99657392,0.02287042,0.02740391,0.0,0.00113006,0.90043785,0.0,0.04815776,8380,6,0.17183081,1.4716793
62,4,24015534,0.98755446,0.08388372,0.18376786,0.0,0.00180727,0.57644501,0.0,0.15409615,19995,6,0.06511887,1.4717793
62,5,24015535,0.99513733,0.03426405,0.0679502,0.0,0.00032412,0.85258155,0.0,0.04488008,50842,6,0.12576665,1.4717793
62,6,24015536,0.98552312,0.10592576,0.18113132,0.0,0.00172051,0.60380277,0.0,0.10741964,8364,6,0.33577573,1.4713854
62,7,24015537,0.99432905,0.03806141,0.07348699,0.0,0.00081091,0.81846298,0.0,0.06917771,50819,6,0.18059461,1.4715186
62,8,24015538,0.99472982,0.03612005,0.05933759,0.0,0.00031755,0.90421867,0.0,6.14e-06,24083,6,0.15966572,1.4717793
62,9,24015539,0.98238132,0.11864035,0.23445045,0.0,0.00192838,0.542528,0.0,0.10245282,24325,7,0.07210225,1.4717793
62,10,24015540,0.98443258,0.10626041,0.19652173,0.0,0.0029658,0.64440987,0.0,0.04984219,8372,6,0.14186237,1.4716793
63,1,24015561,0.95930371,0.02848833,0.00590443,0.0390662,0.00426181,0.91523058,0.00590671,0.00114194,23369,6,0.05975192,0.9994178
63,2,24015562,0.97295309,0.02550668,0.00360102,0.00888773,0.00378245,0.9506889,0.00426886,0.00326436,7577,6,0.06399844,0.999409
63,3,24015563,0.95375435,0.03821588,0.00477971,0.02365146,0.00836291,0.91372153,0.00857097,0.00269754,36905,6,0.07250311,0.9993135
63,4,24015564,0.94738784,0.02968846,0.00414033,0.07484269,0.00461803,0.88130894,0.00540139,1.7e-07,34187,6,0.06086377,0.9992179
63,5,24015565,0.95122764,0.03101228,0.00472505,0.0599241,0.00467895,0.89136165,0.00548256,0.0028154,37003,6,0.04849519,0.9994089
63,6,24015566,0.95759415,0.03923487,0.00697851,0.01529211,0.0053054,0.9233712,0.00784374,0.00197418,18567,6,0.06540646,0.9991682
63,7,24015567,0.86408965,0.02418256,0.0024777,0.34178613,0.00374082,0.6245002,0.00331231,2.7e-07,36936,2,0.16906191,0.6663422
63,8,24015568,0.94331289,0.02182178,0.00380098,0.11085255,0.00241641,0.85753418,0.00357409,2e-08,35785,6,0.0759279,0.9992181
63,9,24015569,0.95721624,0.02530665,0.00464012,0.05202792,0.00429044,0.90883393,0.00490038,5.7e-07,23111,6,0.04999447,0.9990523
63,10,24015570,0.94510395,0.03393155,0.00526783,0.06512917,0.00516196,0.88270454,0.00696503,0.00083991,35529,6,0.07671099,0.9994089
64,1,24015591,0.999368,0.00029697,0.0,0.0,2.452e-05,0.71329173,0.0,0.28638679,38249,6,0.02679199,0.9993133
64,2,24015592,0.99940538,0.00031021,0.0,0.0,2.854e-05,0.65311078,0.0,0.34655048,27947,6,0.02978553,0.9994254
64,3,24015593,0.99936791,0.00028819,0.0,0.0,2.413e-05,0.7991484,0.0,0.20053929,23001,6,0.04396333,0.9996376
64,4,24015594,0.99932567,0.00030202,0.0,0.0,2.371e-05,0.78295811,0.0,0.21671616,6521,6,0.02840248,0.9985903
64,5,24015595,0.99938882,0.00031318,0.0,0.0,2.978e-05,0.7245887,0.0,0.27506835,33849,6,0.02792353,0.9992757
64,6,24015596,0.99922619,0.00074434,0.0,0.0,2.786e-05,0.74455686,0.0,0.25467094,44777,6,0.05810124,0.9990762
64,7,24015597,0.99935673,0.00029545,0.0,0.0,3.065e-05,0.72198536,0.0,0.27768853,47239,6,0.04178298,0.9993506
64,8,24015598,0.99939459,0.00030168,0.0,0.0,2.665e-05,0.73455147,0.0,0.2651202,46585,6,0.04692552,0.9996377
64,9,24015599,0.99937526,0.00030524,0.0,0.0,2.705e-05,0.70841836,0.0,0.29124935,52073,6,0.04796533,0.9991945
64,10,24015600,0.99937195,0.0003058,0.0,0.0,3.033e-05,0.71374393,0.0,0.28591993,22663,6,0.02960266,0.9993006
65,1,24015621,0.98068683,0.0409619,0.00315572,0.00184069,0.00365226,0.79649322,0.0,0.15389622,43789,6,0.15957709,1.4274634
65,2,24015622,0.99130117,0.02682146,0.00143757,1.6e-07,0.0008033,0.97093453,0.0,2.98e-06,48213,6,0.15774415,1.4273885
65,3,24015623,0.9942581,0.01867153,0.00197183,0.00130631,0.00076631,0.9565102,0.0,0.02077382,19525,6,0.27568406,1.4270284
65,4,24015624,0.99337986,0.01534978,0.00364006,2.4e-07,0.00222422,0.93924011,0.0,0.03954559,23645,6,0.12663258,1.4274134
65,5,24015625,0.99619332,0.01010056,0.00184501,1.9e-07,0.00318282,0.90833117,0.0,0.07654025,54733,6,0.19627087,1.4274634
65,6,24015626,0.9922477,0.01804894,0.0026824,0.006121,0.0023548,0.94378735,0.0,0.02700551,15691,6,0.33951533,1.4274134
65,7,24015627,0.98520955,0.03900314,0.0121228,0.00019798,0.00626211,0.78628757,0.0,0.15612641,17866,6,0.1204861,1.4272635
65,8,24015628,0.98784033,0.04393619,0.00733286,1.6e-07,0.00410038,0.77327284,0.0,0.17135757,17859,6,0.11242699,1.4273135
65,9,24015629,0.99589617,0.01143482,0.00168878,0.00371831,0.0005514,0.97114757,0.0,0.01145913,44363,6,0.25676332,1.4274634
65,10,24015630,0.99419649,0.01395267,0.00318932,1.4e-07,0.0025614,0.9144586,0.0,0.06583787,8420,6,0.54122124,1.4269785
66,1,24015651,0.99900176,0.00023455,0.0,1.505e-05,7.11e-06,0.99240482,1.2e-06,0.00733727,59403,6,0.0567292,0.9994875
66,2,24015652,0.99910031,0.00024961,0.0,1.563e-05,8.24e-06,0.99972529,1.2e-06,3e-08,37209,6,0.05365412,0.9994875
66,3,24015653,0.99899821,0.00025654,0.0,1.551e-05,7.87e-06,0.99971884,1.2e-06,5e-08,32809,6,0.03301394,0.9991316
66,4,24015654,0.9990219,0.00025638,0.0,1.535e-05,8.64e-06,0.99971834,1.19e-06,1e-07,61467,6,0.04867064,0.9991754
66,5,24015655,0.99901389,0.00023386,0.0,1.545e-05,7.82e-06,0.99974154,1.21e-06,1.1e-07,35257,6,0.06210229,0.9991317
66,6,24015656,0.99897083,0.0002476,0.0,1.543e-05,7.32e-06,0.99972844,1.17e-06,4e-08,51145,6,0.0336855,0.9989753
66,7,24015657,0.99903967,0.00023965,0.0,1.505e-05,7.32e-06,0.99973562,1.16e-06,1.2e-06,59417,6,0.04446216,0.9991754
66,8,24015658,0.99897459,0.00024182,0.0,1.493e-05,7.47e-06,0.99973453,1.18e-06,7e-08,29017,6,0.05959554,0.9994876
66,9,24015659,0.99898948,0.00024913,0.0,1.502e-05,6.82e-06,0.99194822,1.14e-06,0.00777966,33113,6,0.02330046,0.9992877
66,10,24015660,0.9990378,0.00020659,0.0,1.465e-05,6.41e-06,0.99977105,1.17e-06,1.3e-07,6553,6,0.09173257,0.9992877
67,1,24015681,0.98063948,0.1072201,0.11277044,0.0078191,0.0694119,0.50086283,0.02627398,0.17564166,14221,6,0.20366229,1.1365142
67,2,24015682,0.97773086,0.13258709,0.1117667,0.0035224,0.08274369,0.33081283,0.03518085,0.30338643,22157,6,0.13674502,1.136337
67,3,24015683,0.98594279,0.09288399,0.15020806,0.00377657,0.05184774,0.36429954,0.01403338,0.32295072,13965,6,0.10437974,1.136337
67,4,24015684,0.98946288,0.06624059,0.03301237,0.00207994,0.04108332,0.43770477,0.01269833,0.40718068,14213,6,0.16350321,1.1364642
67,5,24015685,0.97892976,0.12784202,0.06879699,0.00252252,0.08953907,0.3215023,0.02995749,0.35983961,9869,6,0.0982632,1.1362871
67,6,24015686,0.98573841,0.08319815,0.10589567,0.00961878,0.04986858,0.40284595,0.01303713,0.33553574,12045,7,0.13645053,1.1364642
67,7,24015687,0.98695882,0.08129652,0.07897324,0.00112998,0.05652746,0.43580191,0.01291316,0.33335773,14245,6,0.1996481,1.136412
67,8,24015688,0.98296499,0.09144154,0.09655965,0.00492417,0.0755819,0.232213,0.02788973,0.47139001,44973,7,0.13166302,1.1365368
67,9,24015689,0.98040476,0.1214933,0.12042657,0.00370954,0.06065556,0.18603351,0.03500992,0.4726716,16141,7,0.07539229,1.1365142
67,10,24015690,0.98221582,0.09931311,0.15559503,0.00903285,0.06472568,0.35655606,0.02124637,0.2935309,10149,6,0.11542776,1.136337
68,1,24015711,0.87411059,0.15521873,0.0376345,0.0,0.0452894,0.7447265,0.01713084,2e-08,32815,6,0.04647245,0.9994905
68,2,24015712,0.87693456,0.14436898,0.02931931,0.0,0.04057131,0.76277054,0.0229697,1.6e-07,37163,6,0.03715307,0.9994175
68,3,24015713,0.89486527,0.12097756,0.02889096,0.0,0.03203421,0.76732426,0.02290442,0.0278686,34059,6,0.0555382,0.999454
68,4,24015714,0.8855176,0.13470852,0.03574418,0.0,0.04550346,0.71524516,0.01652548,0.0522732,32809,6,0.06035698,0.9994905
68,5,24015715,0.88170507,0.14849213,0.02941761,0.0,0.03900768,0.73396857,0.01897381,0.03014021,36941,6,0.08624534,0.999527
68,6,24015716,0.90701583,0.11078303,0.02645146,0.0,0.0309216,0.80468597,0.01419581,0.01296214,40459,6,0.06368955,0.9993081
68,7,24015717,0.8780602,0.14044236,0.03246754,0.0,0.04767772,0.74426347,0.01926045,0.01588845,33325,6,0.06510373,0.999454
68,8,24015718,0.89481899,0.126729,0.03109293,0.0,0.03630964,0.73903088,0.01537382,0.05146373,36873,6,0.05925123,0.999527
68,9,24015719,0.88515651,0.13918752,0.0282473,0.0,0.03728234,0.77367196,0.02139009,0.0002208,18567,6,0.05074451,0.9994042
68,10,24015720,0.85364598,0.18021344,0.03110171,0.0,0.04601375,0.69231865,0.03157951,0.01877294,37197,6,0.05214616,0.9993811
69,1,24015741,0.99917757,0.00023627,0.0,1.069e-05,2.18e-05,0.75022586,0.0,0.24950537,38265,6,0.03994576,0.9995307
69,2,24015742,0.99912651,0.00023518,0.0,1.065e-05,2.162e-05,0.74363047,0.0,0.25610208,46569,6,0.05016438,0.9989927
69,3,24015743,0.99916948,0.00024389,0.0,1.069e-05,2.534e-05,0.6967637,0.0,0.30295638,39177,6,0.0412559,0.9990618
69,4,24015744,0.99916881,0.00025453,0.0,1.072e-05,2.875e-05,0.69070535,0.0,0.30900065,30569,6,0.0337089,0.9992618
69,5,24015745,0.99915177,0.00024383,0.0,1.071e-05,2.453e-05,0.68286827,0.0,0.31685266,43625,6,0.02928157,0.998325
69,6,24015746,0.99919137,0.0002606,0.0,1.059e-05,2.869e-05,0.67629005,0.0,0.32341007,31307,6,0.02591796,0.9995306
69,7,24015747,0.99912425,0.00024738,0.0,1.064e-05,2.48e-05,0.75077158,0.0,0.2489456,33487,6,0.0396786,0.9993308
69,8,24015748,0.99919195,0.00024314,0.0,1.064e-05,2.206e-05,0.67763702,0.0,0.32208714,43001,6,0.07777871,0.9993308
69,9,24015749,0.99921198,0.00023433,0.0,1.084e-05,2.307e-05,0.73641534,0.0,0.26331642,15737,6,0.10023375,0.9995306
69,10,24015750,0.9991455,0.00025453,0.0,1.067e-05,2.756e-05,0.68790106,0.0,0.31180617,56297,6,0.01953978,0.9991272
70,1,24015771,0.9995428,0.00024869,5.58e-06,0.0,1.278e-05,0.99973271,0.0,2.5e-07,46531,6,0.46312378,1.6226229
70,2,24015772,0.99187082,0.03521785,0.00735568,0.0,0.00020618,0.71533671,0.0,0.24188358,11931,6,0.13072398,1.6224236
70,3,24015773,0.99952603,0.00026022,5.09e-06,0.0,1.431e-05,0.99972004,0.0,3.5e-07,42434,6,0.26264985,1.6225646
70,4,24015774,0.98680148,0.05159512,0.01925449,0.0,0.00072326,0.86338875,0.0,0.06503838,8940,6,0.14236038,1.6221738
70,5,24015775,0.99944725,0.00023794,4.67e-06,0.0,9.93e-06,0.99974724,0.0,2.2e-07,23618,6,0.24900496,1.6222737
70,6,24015776,0.99944507,0.00025063,4.76e-06,0.0,1.08e-05,0.99973357,0.0,2.4e-07,9426,6,0.13908894,1.622498
70,7,24015777,0.99948147,0.000257,5.13e-06,0.0,8.62e-06,0.99972904,0.0,2.2e-07,13507,6,0.17082285,1.6222987
70,8,24015778,0.9871894,0.06026721,0.01939829,0.0,0.00045356,0.86419192,0.0,0.05568902,8885,6,0.19867512,1.6225479
70,9,24015779,0.99952151,0.00027612,5.56e-06,0.0,1.028e-05,0.99970784,0.0,2e-07,44493,6,0.27944241,1.6225734
70,10,24015780,0.99947594,0.00026542,5.29e-06,0.0,1.027e-05,0.99971872,0.0,2.9e-07,19533,6,0.14560797,1.6223237
71,1,24015801,0.96731152,0.01373041,0.0,0.03793751,0.00255727,0.94210511,0.00366648,3.22e-06,24587,6,0.04534459,0.9994883
71,2,24015802,0.91444783,0.02037363,0.0,0.14198098,0.00217867,0.82989252,0.00557337,8.3e-07,63833,6,0.04152695,0.9995382
71,3,24015803,0.96745436,0.01480898,0.0,0.02693735,0.00130557,0.94647023,0.00775051,0.00272735,51673,6,0.05826916,0.9993383
71,4,24015804,0.89874775,0.02201139,0.0,0.18921381,0.00142444,0.78075903,0.00659131,3e-08,37418,2,0.08573494,0.6660766
71,5,24015805,0.92484015,0.01368304,0.0,0.14438264,0.00377595,0.83295946,0.00519888,3e-08,7641,6,0.06039333,0.9991768
71,6,24015806,0.91290387,0.02642477,0.0,0.12605097,0.00309156,0.83766651,0.00676616,2e-08,37581,6,0.04168814,0.9993382
71,7,24015807,0.95134874,0.01592492,0.0,0.07310814,0.00139633,0.90489612,0.00373622,0.00093828,47303,6,0.06539311,0.9991518
71,8,24015808,0.89027712,0.02816108,0.0,0.19308247,0.00265177,0.76499226,0.01111239,4e-08,39752,2,0.05144316,0.6662765
71,9,24015809,0.94339365,0.02005061,0.0,0.06752264,0.00184317,0.90161783,0.00896573,2e-08,35083,6,0.05865193,0.9990768
71,10,24015810,0.8745437,0.01550381,0.0,0.30881759,0.00081632,0.6706875,0.00417476,3e-08,37134,2,0.14005692,0.6661417
72,1,24015831,0.99896999,0.00278234,0.00396001,0.0,0.00054966,0.50450053,0.0,0.48820747,55807,7,0.02377555,0.9998245
72,2,24015832,0.99886361,0.00342419,0.00800151,0.0,0.00048654,0.50161297,0.0,0.48647479,63359,7,0.02383055,0.9999122
72,3,24015833,0.99892055,0.0033544,0.00610734,0.0,0.00048119,0.42028288,0.0,0.56977419,65527,7,0.04378299,0.9998872
72,4,24015834,0.99860026,0.00496828,0.01280929,0.0,0.00032903,0.54103607,0.0,0.44085734,45887,6,0.02440053,0.9996994
72,5,24015835,0.99891493,0.00316215,0.00996304,0.0,0.00059717,0.47809134,0.0,0.50818631,56191,7,0.02074901,0.9998683
72,6,24015836,0.99902826,0.00303745,0.00716798,0.0,7.562e-05,0.5074446,0.0,0.48227436,39423,7,0.01695238,0.9998245
72,7,24015837,0.9986762,0.00397471,0.00844432,0.0,0.00118971,0.37126654,0.0,0.61512472,44991,7,0.02230375,0.9998683
72,8,24015838,0.99901461,0.00279367,0.00727562,0.0,0.0004314,0.48190493,0.0,0.50759438,42167,6,0.02928756,0.9997911
72,9,24015839,0.99842909,0.0044292,0.00725409,0.0,0.00091039,0.47920694,0.0,0.50819937,32735,7,0.02876659,0.9999122
72,10,24015840,0.9988877,0.00297361,0.01135777,0.0,0.00025167,0.4885206,0.0,0.49689636,56959,7,0.02340325,0.9998245
73,1,24015861,0.98226854,0.0464514,0.00928595,0.01143874,0.01058399,0.63392113,0.00042112,0.28789766,19970,7,0.16027138,1.2303191
73,2,24015862,0.98257485,0.03642841,0.00745489,0.00669939,0.00787172,0.58433674,0.00077263,0.35643623,24068,7,0.08583988,1.2304189
73,3,24015863,0.9754109,0.04847953,0.00775406,0.01102421,0.01271895,0.48497355,0.00023068,0.43481902,24363,6,0.18238184,1.2307148
73,4,24015864,0.97222404,0.06087484,0.00914543,0.00262965,0.01467546,0.64855016,0.00098142,0.26314305,55810,6,0.13293741,1.2304688
73,5,24015865,0.9783767,0.05295892,0.00971955,0.00956969,0.00903973,0.64219986,0.00176983,0.27474242,24355,6,0.0804727,1.2306648
73,6,24015866,0.98193406,0.04349694,0.00906367,0.00811517,0.00947028,0.70007769,0.00034646,0.22942979,51747,6,0.10523641,1.2304522
73,7,24015867,0.97720765,0.04977151,0.00502769,0.00474405,0.01161262,0.6775854,0.0003263,0.25093243,56869,6,0.06670734,1.2304938
73,8,24015868,0.98852493,0.02252322,0.00317424,0.00227771,0.00522295,0.80486883,0.00121135,0.1607217,55813,6,0.23843106,1.2304938
73,9,24015869,0.98089742,0.04571643,0.00567043,0.00179287,0.00902305,0.76431897,0.00131596,0.17216229,53028,6,0.1156501,1.2306315
73,10,24015870,0.97909017,0.05211839,0.00656246,0.00026103,0.00988207,0.68954207,0.00054152,0.24109247,52771,6,0.11015817,1.2304522
74,1,24015891,0.9990004,0.00025192,0.0,1.52e-05,8.69e-06,0.99494709,7.2e-07,0.00477639,7673,6,0.03702045,0.9994703
74,2,24015892,0.99901012,0.00025191,0.0,1.499e-05,8.44e-06,0.99972288,6.7e-07,1.11e-06,58713,6,0.02446717,0.9989412
74,3,24015893,0.99903159,0.0002236,0.0,1.49e-05,7.89e-06,0.99975285,7.1e-07,5e-08,43513,6,0.08621438,0.998941
74,4,24015894,0.99907995,0.00026507,0.0,1.536e-05,9.03e-06,0.99970898,7e-07,8.7e-07,40521,6,0.02485833,0.9992704
74,5,24015895,0.99899617,0.00023712,0.0,1.497e-05,8.2e-06,0.99973897,6.8e-07,6e-08,64201,6,0.0278069,0.9994703
74,6,24015896,0.99903935,0.00025593,0.0,1.525e-05,8.73e-06,0.99971923,6.8e-07,1.9e-07,14983,6,0.0317026,0.998637
74,7,24015897,0.99904561,0.00025934,0.0,1.514e-05,8.84e-06,0.99971497,6.8e-07,1.03e-06,25229,6,0.02249336,0.9992555
74,8,24015898,0.99892553,0.00022813,0.0,1.484e-05,7.45e-06,0.99974876,6.8e-07,1.4e-07,45913,6,0.03000963,0.9989413
74,9,24015899,0.99902205,0.00022775,0.0,1.502e-05,7.57e-06,0.99974889,6.9e-07,8e-08,35867,6,0.03457425,0.9986117
74,10,24015900,0.99894199,0.00022126,0.0,1.498e-05,6.71e-06,0.99975633,6.9e-07,4e-08,37129,6,0.06520932,0.9989411
75,1,24015921,0.9947174,0.03778273,0.01708568,0.0,0.00381831,0.82537064,0.0,0.11594265,53499,6,0.14603794,1.4645579
75,2,24015922,0.99956098,0.00027813,5.6e-06,0.0,1.431e-05,0.99970162,0.0,3.4e-07,54491,6,0.1400132,1.4645579
75,3,24015923,0.99951501,0.00025189,5.12e-06,0.0,1.566e-05,0.99972705,0.0,2.7e-07,19538,6,0.24856121,1.4643581
75,4,24015924,0.99497128,0.03226492,0.02097162,0.0,0.00644225,0.86547678,0.0,0.07484443,9877,6,0.09935726,1.464408
75,5,24015925,0.99947475,0.00027134,5.38e-06,0.0,1.556e-05,0.99970743,0.0,3e-07,15427,6,0.18331498,1.4641904
75,6,24015926,0.99951696,0.00025768,5.22e-06,0.0,1.635e-05,0.99972047,0.0,2.8e-07,19538,6,0.54269426,1.4643581
75,7,24015927,0.99924102,0.00174901,0.00193127,0.0,0.00095248,0.9953665,0.0,7.3e-07,42643,6,0.68677964,1.464458
75,8,24015928,0.99159961,0.07082093,0.0305779,0.0,0.00115456,0.84620607,0.0,0.05124055,55995,6,0.20804596,1.4644652
75,9,24015929,0.99951421,0.00027636,5.42e-06,0.0,1.689e-05,0.999701,0.0,3.4e-07,52314,6,0.19684221,1.464458
75,10,24015930,0.99956695,0.0002817,5.41e-06,0.0,1.566e-05,0.99969691,0.0,3.4e-07,54490,6,0.22988017,1.4644913
76,1,24015951,0.96139777,0.04074942,0.00679959,0.0,0.00895455,0.93654215,0.00601683,0.00093747,6553,6,0.07710681,0.9994468
76,2,24015952,0.96684936,0.03685463,0.00638226,0.0,0.00612127,0.92991267,0.00532438,0.01540478,40235,6,0.05990403,0.9992935
76,3,24015953,0.96003788,0.03990301,0.0069625,0.0,0.00918527,0.9360631,0.00788576,3.6e-07,32907,6,0.04577704,0.9994467
76,4,24015954,0.96757301,0.03353699,0.00609082,0.0,0.00565271,0.94813584,0.00658361,2e-08,39945,6,0.06275932,0.9994467
76,5,24015955,0.96855672,0.03024476,0.00565244,0.0,0.0068615,0.94765975,0.0059682,0.00361335,34777,6,0.04686827,0.9994467
76,6,24015956,0.96328507,0.03701443,0.00614274,0.0,0.00893891,0.94080074,0.00710315,3e-08,32985,6,0.06885241,0.9992935
76,7,24015957,0.97279631,0.02801159,0.00560355,0.0,0.00419012,0.95592898,0.00626359,2.17e-06,32909,6,0.04586563,0.9994467
76,8,24015958,0.96719213,0.03465739,0.00727261,0.0,0.00686581,0.94545274,0.00575142,4e-08,18375,6,0.02604238,0.9996432
76,9,24015959,0.97003072,0.03036006,0.00625025,0.0,0.00584708,0.94678308,0.00627755,0.00448199,38281,6,0.06080469,0.9992935
76,10,24015960,0.96075356,0.03939546,0.00698033,0.0,0.00715154,0.93683481,0.00963771,1.4e-07,32969,6,0.05836688,0.9994467
77,1,24015981,0.99928685,0.00026947,0.0,2.72e-06,2.657e-05,0.68869934,0.0,0.3110019,61897,6,0.04811697,0.9991512
77,2,24015982,0.99928086,0.0002814,0.0,2.67e-06,2.576e-05,0.71703304,0.0,0.28265713,59225,6,0.0249781,0.9993838
77,3,24015983,0.99918926,0.00024144,0.0,2.7e-06,2.146e-05,0.7870395,0.0,0.21269491,42985,6,0.11007845,0.9991674
77,4,24015984,0.99927321,0.00027205,0.0,2.69e-06,2.443e-05,0.71010316,0.0,0.28959768,63583,6,0.02313778,0.9993673
77,5,24015985,0.99921161,0.00026343,0.0,2.74e-06,2.349e-05,0.78268088,0.0,0.21702945,34649,6,0.03674063,0.9993837
77,6,24015986,0.99925329,0.00026131,0.0,2.68e-06,2.428e-05,0.72295329,0.0,0.27675844,52041,6,0.05470808,0.9991674
77,7,24015987,0.99918475,0.00025455,0.0,2.7e-06,2.109e-05,0.78850221,0.0,0.21121944,33161,6,0.05063511,0.9991674
77,8,24015988,0.99927701,0.00027202,0.0,2.67e-06,2.525e-05,0.6928778,0.0,0.30682226,1791,6,0.0241405,0.9994173
77,9,24015989,0.99923031,0.00025676,0.0,2.7e-06,2.1e-05,0.75499902,0.0,0.24472052,8153,6,0.04953906,0.9995836
77,10,24015990,0.99919701,0.00026034,0.0,2.69e-06,2.272e-05,0.72675835,0.0,0.27295591,35785,6,0.0453463,0.9991676
78,1,24016011,0.98954623,0.02855996,0.00610755,9e-08,0.00117519,0.89520917,0.0,0.06894803,56067,6,0.10330261,1.6367773
78,2,24016012,0.99013371,0.03078961,0.01273312,9e-08,0.00200345,0.85542488,0.0,0.09904885,52677,6,0.14121806,1.6365919
78,3,24016013,0.99042143,0.02735194,0.00611937,8e-08,0.00136404,0.81243094,0.0,0.15273363,8380,6,0.21027718,1.6366524
78,4,24016014,0.98695262,0.02869951,0.01410061,0.00442673,0.002152,0.90497386,0.0,0.04564729,17860,6,0.13659358,1.6366524
78,5,24016015,0.99413004,0.02032186,0.01337133,9e-08,0.00192267,0.94222115,0.0,0.0221629,56405,6,0.16932496,1.6367774
78,6,24016016,0.99025335,0.0361472,0.01104166,0.00044429,0.00206467,0.91495292,0.0,0.03534925,15428,6,0.13878635,1.6364254
78,7,24016017,0.99279011,0.02209198,0.00395922,1.1e-07,0.00458601,0.96885477,0.0,0.00050792,17620,6,0.20511177,1.6366524
78,8,24016018,0.99197562,0.01927681,0.00240662,1.2e-07,0.00123685,0.86410313,0.0,0.11297647,54492,6,0.24857966,1.6367857
78,9,24016019,0.97688041,0.06092891,0.01354992,0.00296816,0.00163074,0.780796,0.0,0.14012627,18955,7,0.09666579,1.6364753
78,10,24016020,0.9848221,0.05375572,0.02651899,1.2e-07,0.00250089,0.85641262,0.0,0.06081166,56388,6,0.10166449,1.6364753
79,1,24016041,0.99891492,0.00023757,0.0,1.309e-05,6.35e-06,0.99974069,1.48e-06,8.1e-07,36957,6,0.03987673,0.9989613
79,2,24016042,0.99896535,0.00028067,0.0,1.455e-05,8.34e-06,0.99755953,1.62e-06,0.00213528,37531,6,0.03552162,0.9988016
79,3,24016043,0.99898347,0.00023411,0.0,1.344e-05,6.71e-06,0.99974419,1.49e-06,5e-08,44537,6,0.05555543,0.9992806
79,4,24016044,0.99895288,0.00024735,0.0,1.381e-05,7.1e-06,0.99973018,1.52e-06,4e-08,35481,6,0.05789784,0.9988018
79,5,24016045,0.99899415,0.00025942,0.0,1.452e-05,8.69e-06,0.99971552,1.51e-06,3.4e-07,51609,6,0.03020724,0.9992805
79,6,24016046,0.99894291,0.00026315,0.0,1.419e-05,8.29e-06,0.99971116,1.49e-06,1.72e-06,32971,6,0.03376043,0.9992804
79,7,24016047,0.99898575,0.0002459,0.0,1.339e-05,7.56e-06,0.99931311,1.5e-06,0.00041855,37343,6,0.04763247,0.9996803
79,8,24016048,0.99896796,0.00025501,0.0,1.391e-05,7.85e-06,0.9947849,1.48e-06,0.00493685,14297,6,0.03094339,0.9994803
79,9,24016049,0.99892325,0.00023688,0.0,1.374e-05,7.41e-06,0.99974031,1.58e-06,8e-08,34859,6,0.0409849,0.9991207
79,10,24016050,0.99902278,0.00027541,0.0,1.447e-05,8.67e-06,0.99969955,1.49e-06,4e-07,27661,6,0.03004496,0.9994304
80,1,24016071,0.99861172,0.01343528,0.03685847,0.0,0.00373809,0.23978956,0.0,0.7061786,21495,7,0.02472808,0.9999646
80,2,24016072,0.99848101,0.01202926,0.030585,0.0,0.00581537,0.22074211,0.0,0.73082826,27487,7,0.02635243,0.9999454
80,3,24016073,0.99867416,0.0132995,0.03683754,0.0,0.00335159,0.23756261,0.0,0.70894877,16055,6,0.0180501,0.9999635
80,4,24016074,0.99870873,0.01237395,0.0294491,0.0,0.0026917,0.25494937,0.0,0.70053588,24319,7,0.02334728,0.9999908
80,5,24016075,0.99890756,0.01026462,0.02838865,0.0,0.00172791,0.25992155,0.0,0.69969726,13879,6,0.01952004,0.9996517
80,6,24016076,0.99907957,0.00908148,0.02358277,0.0,0.00195791,0.31274706,0.0,0.65263078,63031,6,0.02339251,0.9997887
80,7,24016077,0.99860582,0.01193863,0.04044547,0.0,0.0030724,0.28162117,0.0,0.66292233,36447,7,0.02167372,0.9999861
80,8,24016078,0.99895912,0.0106817,0.02193648,0.0,0.00088041,0.26516572,0.0,0.70133569,38847,6,0.0277705,0.9999931
80,9,24016079,0.99869424,0.01126912,0.02552954,0.0,0.00196175,0.25307671,0.0,0.70816287,65111,6,0.01688587,0.9998613
80,10,24016080,0.9987946,0.01045963,0.03463935,0.0,0.00311637,0.21824269,0.0,0.73354196,53055,7,0.02654624,0.9999908
81,1,24016101,0.8498222,0.23603442,0.0423167,0.029187,0.07226349,0.58030262,0.03310975,0.00678601,33293,6,0.0478298,0.9995718
81,2,24016102,0.8620215,0.2207999,0.03876004,0.01690411,0.06163705,0.61790497,0.03305137,0.01094257,36875,6,0.10602802,0.9995812
81,3,24016103,0.85670505,0.22224794,0.03214934,0.03076694,0.07059386,0.59970347,0.03237044,0.01216802,34059,6,0.06196341,0.9995624
81,4,24016104,0.86427896,0.21816994,0.03249138,0.03952439,0.06161676,0.5679148,0.03132607,0.04895666,33035,6,0.067105,0.9995624
81,5,24016105,0.8198618,0.29729956,0.05167556,0.04195819,0.07684659,0.45157738,0.03253062,0.04811209,32841,6,0.04217622,0.9995812
81,6,24016106,0.86381626,0.21542394,0.03793944,0.02056921,0.06184732,0.57778209,0.03442943,0.05200857,36941,6,0.0839659,0.9995812
81,7,24016107,0.83057102,0.26242648,0.04708918,0.03808444,0.07328349,0.54695325,0.03216312,4e-08,33103,6,0.0743305,0.9995436
81,8,24016108,0.83713709,0.25427396,0.03766472,0.01460778,0.08186673,0.55299362,0.03898487,0.01960832,33033,6,0.07069359,0.9995624
81,9,24016109,0.83795563,0.25452503,0.04158049,0.02788726,0.07010128,0.53529013,0.04326477,0.02735104,33099,6,0.05929618,0.9995435
81,10,24016110,0.85520102,0.22487315,0.03746961,0.02488446,0.07100642,0.5744585,0.04337021,0.02393765,34313,6,0.04431239,0.9995623
82,1,24016131,0.9990556,0.00021899,0.0,1.429e-05,2.071e-05,0.77007545,0.0,0.22967056,34649,6,0.04868215,0.9992829
82,2,24016132,0.99905144,0.00020915,0.0,1.438e-05,2.184e-05,0.75196538,0.0,0.24778925,58729,6,0.0458617,0.9986497
82,3,24016133,0.99907511,0.00022542,0.0,1.441e-05,2.425e-05,0.70253436,0.0,0.29720156,29195,6,0.02575487,0.9993243
82,4,24016134,0.99902534,0.00020883,0.0,1.435e-05,2.039e-05,0.79038142,0.0,0.20937502,39977,6,0.04164578,0.9992828
82,5,24016135,0.99899168,0.00023257,0.0,1.424e-05,2.39e-05,0.72770844,0.0,0.27202084,33963,6,0.02131749,0.9992826
82,6,24016136,0.99904596,0.00019638,0.0,1.424e-05,1.847e-05,0.80695857,0.0,0.19281235,33355,6,0.12089123,0.9992829
82,7,24016137,0.99908256,0.0002368,0.0,1.452e-05,2.268e-05,0.69711982,0.0,0.30260618,64351,7,0.03284136,0.9996827
82,8,24016138,0.99907477,0.00022676,0.0,1.434e-05,1.825e-05,0.71516793,0.0,0.28457273,62537,6,0.03025038,0.9991658
82,9,24016139,0.99903125,0.00021978,0.0,1.442e-05,2.097e-05,0.74347586,0.0,0.25626897,35737,6,0.05521208,0.9991245
82,10,24016140,0.99910499,0.00023234,0.0,1.441e-05,2.071e-05,0.68993131,0.0,0.30980123,8025,6,0.02922996,0.9994827
83,1,24016161,0.99949864,0.00026689,5.16e-06,0.0,1.048e-05,0.99971722,0.0,2.5e-07,56781,6,0.25649331,1.7016276
83,2,24016162,0.9948414,0.0311727,0.0418468,0.0,0.00177122,0.90166441,0.0,0.02354486,43538,6,0.12737876,1.7013279
83,3,24016163,0.97047877,0.19293589,0.32539433,0.0,0.00068518,0.4809836,0.0,1e-06,14445,4,0.21994402,1.7014277
83,4,24016164,0.98389307,0.10263301,0.18392727,0.0,0.00059267,0.66200927,0.0,0.05083778,46722,6,0.14179944,1.7013778
83,5,24016165,0.99951157,0.00027355,5.62e-06,0.0,1.415e-05,0.99970645,0.0,2.3e-07,46292,6,0.2228783,1.7016678
83,6,24016166,0.99032468,0.05575559,0.09615127,0.0,0.00157455,0.77180066,0.0,0.07471793,22173,6,0.11326348,1.7017178
83,7,24016167,0.97579928,0.1441302,0.21219808,0.0,0.00526966,0.60046286,0.0,0.0379392,8869,6,0.08325835,1.701278
83,8,24016168,0.98907122,0.06904925,0.09938734,0.0,0.0016793,0.81543658,0.0,0.01444753,43524,6,0.13320846,1.7013278
83,9,24016169,0.999542,0.00023484,5.21e-06,0.0,6.51e-06,0.99975325,0.0,1.9e-07,9669,6,0.49128023,1.7016179
83,10,24016170,0.9995368,0.00025229,4.88e-06,0.0,8.41e-06,0.9997341,0.0,3.1e-07,21957,6,0.46656219,1.7016678
84,1,24016191,0.90606706,0.02124671,0.00292748,0.1926787,0.0067333,0.77096729,0.00544611,4e-07,37196,2,0.08984088,0.66607
84,2,24016192,0.91571114,0.02017255,0.00252617,0.16968455,0.00278581,0.80183055,0.00300035,2e-08,36975,6,0.06350244,0.9991269
84,3,24016193,0.95990978,0.02664568,0.00608729,0.01098577,0.00709178,0.93907491,0.01011454,2e-08,35083,6,0.06140838,0.9991268
84,4,24016194,0.92796633,0.0277613,0.00430496,0.10278296,0.00410748,0.84798696,0.01153342,0.00152291,38873,6,0.05443372,0.9995632
84,5,24016195,0.9314075,0.02779348,0.00478766,0.107329,0.00416311,0.84029818,0.00762916,0.00799941,32813,6,0.04050188,0.9992451
84,6,24016196,0.94264307,0.02751023,0.00391143,0.06857749,0.00269685,0.88749961,0.00980438,2e-08,35849,6,0.0432085,0.9993632
84,7,24016197,0.8972416,0.01671288,0.00302443,0.23302082,0.00313184,0.73777188,0.00633814,1e-08,37193,6,0.08315787,0.9988907
84,8,24016198,0.91808125,0.03285398,0.00516964,0.12051344,0.00702808,0.80217364,0.00736459,0.02489663,32971,6,0.03884112,0.9993632
84,9,24016199,0.93122851,0.02051875,0.00567594,0.0925177,0.00279611,0.86603402,0.01245745,4e-08,38985,6,0.0408846,0.9993631
84,10,24016200,0.94366277,0.03408995,0.00400151,0.06385589,0.00412333,0.88738761,0.00654171,2e-08,23497,6,0.07735064,0.9993267
85,1,24016221,0.99885717,0.0023825,0.00936902,0.0,0.00033043,0.46945013,0.0,0.51846792,18135,6,0.02263972,0.9995277
85,2,24016222,0.99831362,0.00382666,0.0118051,0.0,0.00025893,0.55694018,0.0,0.42716914,48695,6,0.02048185,0.9993771
85,3,24016223,0.99846542,0.0037576,0.0170046,0.0,0.0003247,0.43187223,0.0,0.54704087,61399,7,0.02691072,0.9998258
85,4,24016224,0.99846627,0.0034667,0.01264669,0.0,0.00037912,0.47995897,0.0,0.50354852,31695,6,0.0266314,0.9997185
85,5,24016225,0.99837792,0.00313112,0.00915115,0.0,0.00045104,0.50987866,0.0,0.47738804,60557,6,0.02092378,0.9996592
85,6,24016226,0.99805494,0.00510616,0.01113265,0.0,0.0007008,0.42180481,0.0,0.56125559,56183,7,0.02933584,0.9997638
85,7,24016227,0.9987264,0.0024636,0.00961665,0.0,0.000249,0.42890727,0.0,0.55876348,64415,7,0.02003192,0.9997888
85,8,24016228,0.99868314,0.0027922,0.00955356,0.0,0.00032456,0.46640122,0.0,0.52092846,50807,6,0.02717117,0.9994484
85,9,24016229,0.99889969,0.00219254,0.01494208,0.0,0.00015594,0.41268381,0.0,0.57002563,64287,7,0.02695146,0.9997888
85,10,24016230,0.99850479,0.00332005,0.0101611,0.0,0.00044497,0.4366807,0.0,0.54939318,44927,7,0.02064055,0.9998592
86,1,24016251,0.99732292,0.00568466,0.00100533,1.6e-07,0.00171386,0.94685989,0.0,0.0447361,8876,6,0.2621837,1.4957849
86,2,24016252,0.99280661,0.0161392,0.00448185,5.245e-05,0.00255677,0.75047171,0.0,0.22629802,47621,6,0.1767906,1.4959595
86,3,24016253,0.99663349,0.01000962,0.00200066,5.442e-05,0.00097089,0.96137147,0.0,0.02559294,48196,6,0.15728245,1.4959346
86,4,24016254,0.99756908,0.00693479,0.00136628,9.397e-05,0.00051844,0.96971099,0.0,0.02137553,15444,6,0.13037919,1.4961586
86,5,24016255,0.99300429,0.01601361,0.00242889,0.00065287,0.00226896,0.89372869,0.0,0.08490698,44100,6,0.1788526,1.4958847
86,6,24016256,0.98787853,0.01873891,0.00192886,0.01266097,0.00382209,0.9628487,0.0,4.7e-07,11338,6,0.13653778,1.4957849
86,7,24016257,0.99196366,0.02021103,0.00305948,1.7e-07,0.00225896,0.88199978,0.0,0.09247059,8876,6,0.20028215,1.4957849
86,8,24016258,0.99186808,0.01992071,0.00543299,7.97e-06,0.00415477,0.75650158,0.0,0.21398198,23075,6,0.09685558,1.4959097
86,9,24016259,0.98409536,0.04188858,0.00510715,0.0001489,0.00808251,0.85514126,0.0,0.08963161,8437,6,0.19266558,1.4961336
86,10,24016260,0.99488791,0.00876409,0.00082465,2e-07,0.00126423,0.93916324,0.0,0.04998358,8428,6,0.31232076,1.4957849
87,1,24016281,0.99896847,0.00022857,0.0,1.704e-05,8.4e-06,0.99974441,1.13e-06,4.5e-07,24649,6,0.03148311,0.9993955
87,2,24016282,0.99893702,0.000224,0.0,1.724e-05,7.85e-06,0.99974957,1.13e-06,2.1e-07,1471,6,0.02784713,0.9994954
87,3,24016283,0.9989412,0.00021551,0.0,1.708e-05,6.86e-06,0.99975933,1.13e-06,9e-08,36107,6,0.0249308,0.9988913
87,4,24016284,0.99893056,0.0002329,0.0,1.694e-05,7.26e-06,0.99974172,1.11e-06,6e-08,52729,6,0.04081729,0.9992456
87,5,24016285,0.99895136,0.0002326,0.0,1.716e-05,7.77e-06,0.99934083,1.14e-06,0.00040051,22361,6,0.02401567,0.9990096
87,6,24016286,0.99899657,0.00022185,0.0,1.717e-05,7.05e-06,0.99975262,1.15e-06,1.5e-07,30713,6,0.10819454,0.9994455
87,7,24016287,0.99893856,0.00022207,0.0,1.691e-05,6.98e-06,0.99975178,1.12e-06,1.15e-06,60137,6,0.03893092,0.9992683
87,8,24016288,0.99890148,0.00022977,0.0,1.682e-05,7.58e-06,0.99974439,1.13e-06,3.1e-07,61469,6,0.03405427,0.9990913
87,9,24016289,0.9989671,0.00024694,0.0,1.735e-05,7.46e-06,0.99972701,1.15e-06,8e-08,34169,6,0.03383136,0.9992456
87,10,24016290,0.99896548,0.00025495,0.0,1.721e-05,9.6e-06,0.99971413,1.16e-06,2.96e-06,15319,6,0.02106826,0.9996204
88,1,24016311,0.98952462,0.03695667,0.03280059,0.00114177,0.02051824,0.68751608,0.00486799,0.21619867,46749,6,0.21823391,1.3791429
88,2,24016312,0.98648071,0.0472952,0.0197645,0.00457038,0.02551294,0.68786915,0.00465045,0.2103374,14213,6,0.1181654,1.3790429
88,3,24016313,0.98972621,0.03363769,0.0172422,0.00056594,0.01580549,0.61582756,0.00902233,0.30789879,57261,7,0.12654866,1.3790671
88,4,24016314,0.99061702,0.0316643,0.02965234,0.00260715,0.00937619,0.49478054,0.00820993,0.42370955,57125,7,0.13298529,1.3790679
88,5,24016315,0.98627968,0.05250848,0.03287296,0.00283192,0.01192274,0.75682997,0.01273393,0.13030001,46741,6,0.09760313,1.3790679
88,6,24016316,0.98615625,0.05936942,0.02489657,0.00153613,0.01681535,0.71603596,0.01083201,0.17051455,12204,6,0.09654972,1.3787674
88,7,24016317,0.99393499,0.02463485,0.02809312,9.256e-05,0.00602353,0.71822126,0.00336945,0.21956522,10157,6,0.24327968,1.3789173
88,8,24016318,0.99360942,0.02130144,0.08275641,0.00014489,0.00998568,0.82621284,0.00539435,0.05420439,42925,6,0.12992164,1.3790671
88,9,24016319,0.98131418,0.06068192,0.06120241,0.00620993,0.02094072,0.54132723,0.0152165,0.29442129,11789,7,0.09113776,1.3788174
88,10,24016320,0.98706522,0.06035678,0.03725425,0.00123406,0.01719347,0.6136997,0.00675069,0.26351105,11141,6,0.1504599,1.3788672
89,1,24016341,0.85285792,0.14528314,0.03124291,0.0,0.03959045,0.70161431,0.03637463,0.04589455,22663,6,0.03484415,0.9994191
89,2,24016342,0.87206016,0.1344635,0.03120401,0.0,0.03369263,0.76435203,0.02626116,0.01002668,32781,6,0.04479432,0.999497
89,3,24016343,0.82642099,0.18094216,0.03965235,0.0,0.05004961,0.65604799,0.03549617,0.03781171,38411,6,0.04254972,0.9993941
89,4,24016344,0.89407558,0.11169497,0.02565745,0.0,0.02449829,0.7744852,0.02497612,0.03868796,37135,6,0.04372773,0.9993942
89,5,24016345,0.87244188,0.13414424,0.03102479,0.0,0.033408,0.77379994,0.027623,2e-08,38989,6,0.06868225,0.9994969
89,6,24016346,0.84272876,0.1729743,0.03798121,0.0,0.04127162,0.71052427,0.02758753,0.00966108,33321,6,0.04717949,0.9993941
89,7,24016347,0.90096874,0.10576869,0.02320035,0.0,0.02486675,0.81077062,0.02111615,0.01427744,33295,6,0.04702616,0.9994456
89,8,24016348,0.85209429,0.15770596,0.03524089,0.0,0.03802494,0.72185568,0.03183482,0.01533772,36907,6,0.06340738,0.9994455
89,9,24016349,0.8476892,0.16159483,0.03738165,0.0,0.04023633,0.73005795,0.03072914,1e-07,33097,6,0.04232935,0.9992913
89,10,24016350,0.84187717,0.16353287,0.03566407,0.0,0.0451261,0.71674066,0.03471864,0.00421765,36875,6,0.04207014,0.999497
90,1,24016371,0.99918681,0.00025627,0.0,5.87e-06,2.336e-05,0.67082208,0.0,0.32889242,33625,6,0.06539968,0.9993266
90,2,24016372,0.99918603,0.0002603,0.0,5.81e-06,2.85e-05,0.67327971,0.0,0.32642569,7289,6,0.04084719,0.999153
90,3,24016373,0.9991317,0.0002449,0.0,5.86e-06,2.463e-05,0.72661993,0.0,0.27310467,37001,6,0.03543318,0.9993264
90,4,24016374,0.99908998,0.00022263,0.0,5.91e-06,1.967e-05,0.77910297,0.0,0.22064881,40377,6,0.03641412,0.9995265
90,5,24016375,0.99920401,0.00025321,0.0,5.87e-06,2.593e-05,0.6939579,0.0,0.3057571,61433,6,0.03799769,0.9993266
90,6,24016376,0.99911896,0.00025703,0.0,5.86e-06,2.327e-05,0.70166672,0.0,0.29804712,32331,6,0.02333339,0.9995262
90,7,24016377,0.99915727,0.00025707,0.0,5.8e-06,2.652e-05,0.69648714,0.0,0.30322347,59085,6,0.02342243,0.9995262
90,8,24016378,0.99918759,0.00026279,0.0,5.92e-06,2.364e-05,0.63956839,0.0,0.36013927,35289,6,0.02486934,0.9993266
90,9,24016379,0.99918922,0.00025477,0.0,5.91e-06,2.367e-05,0.70670591,0.0,0.29300973,38329,6,0.02511843,0.9995264
90,10,24016380,0.99916084,0.00026308,0.0,5.83e-06,2.572e-05,0.65175568,0.0,0.34794969,31577,6,0.04046442,0.9995264
91,1,24016401,0.99946027,0.00042159,4.026e-05,0.0,1.26e-05,0.9899103,0.0,0.00961524,56412,6,0.16903553,1.8046873
91,2,24016402,0.99757895,0.00751844,0.00161775,0.0,0.00015671,0.97242752,0.0,0.01827958,8948,6,0.13759884,1.804554
91,3,24016403,0.99946623,0.00026179,4.84e-06,0.0,1.208e-05,0.99972106,0.0,2.3e-07,15692,6,0.22396665,1.804654
91,4,24016404,0.99241995,0.02665695,0.0050192,0.0,0.00054357,0.93570601,0.0,0.03207427,11139,6,0.08811847,1.8043932
91,5,24016405,0.99727304,0.00680837,0.00424114,0.0,0.00123227,0.9097355,0.0,0.07798272,42882,6,0.09562722,1.8046207
91,6,24016406,0.99944825,0.00024751,5.02e-06,0.0,9.78e-06,0.99973747,0.0,2.1e-07,13509,6,0.18610797,1.8043184
91,7,24016407,0.99950015,0.00024596,4.9e-06,0.0,1.274e-05,0.99973612,0.0,2.7e-07,48451,6,0.25425229,1.804679
91,8,24016408,0.99945202,0.00025859,4.86e-06,0.0,1.156e-05,0.99972475,0.0,2.4e-07,50629,6,0.19815368,1.804654
91,9,24016409,0.99950546,0.00026395,5.16e-06,0.0,1.106e-05,0.99971956,0.0,2.8e-07,17627,6,0.42670095,1.804654
91,10,24016410,0.99949249,0.00026229,4.99e-06,0.0,9.6e-06,0.99972288,0.0,2.3e-07,52554,6,0.2341443,1.804654
92,1,24016431,0.8781026,0.0045692,0.0,0.31482592,8.397e-05,0.68044349,7.742e-05,1e-08,37162,2,0.26967608,0.6659367
92,2,24016432,0.91668929,0.0167651,0.0,0.18225844,4.257e-05,0.80056662,0.00036724,4e-08,32815,6,0.0578808,0.9991332
92,3,24016433,0.96950948,0.00417503,0.0,0.07190459,0.00044934,0.92312025,0.00035054,2.5e-07,64328,2,0.02980459,0.6661774
92,4,24016434,0.98977736,0.00226004,0.0,0.01137548,0.0002403,0.98544386,0.00068024,8e-08,33177,6,0.07315663,0.9992887
92,5,24016435,0.93307114,0.00570019,0.0,0.14869015,9.497e-05,0.84222811,0.00328323,3.36e-06,37132,2,0.06194649,0.666059
92,6,24016436,0.96419185,0.00566014,0.0,0.0600544,2.678e-05,0.9334755,0.00078315,3e-08,35433,6,0.04593215,0.9991331
92,7,24016437,0.98538648,0.00386886,0.0,0.01560397,0.00017906,0.97908422,0.001263,8.9e-07,38297,6,0.03824024,0.9994885
92,8,24016438,0.97353392,0.0065712,0.0,0.04605429,8.536e-05,0.94501367,0.0022754,9e-08,39567,6,0.02919666,0.9991334
92,9,24016439,0.96557971,0.00241439,0.0,0.072809,0.00023489,0.92423971,0.00030196,6e-08,33483,6,0.08520087,0.9992886
92,10,24016440,0.97671384,0.00709836,0.0,0.0513186,9.562e-05,0.94028654,0.00120085,1e-08,8121,6,0.03579669,0.9992831
93,1,24016461,0.99813572,0.00744569,0.06087841,0.0,0.00115876,0.32137446,0.0,0.60914267,14007,6,0.02222636,0.9998486
93,2,24016462,0.99826782,0.00788534,0.06318885,0.0,0.00125057,0.27878892,0.0,0.64888632,28671,7,0.02166683,0.9998994
93,3,24016463,0.99799723,0.00859627,0.06489089,0.0,0.00103102,0.25554177,0.0,0.66994005,1783,6,0.02352439,0.9997489
93,4,24016464,0.99819603,0.00747238,0.06855545,0.0,0.00205746,0.27789108,0.0,0.64402362,52031,7,0.01954458,0.9998483
93,5,24016465,0.99846621,0.00594298,0.06369646,0.0,0.00085074,0.36136743,0.0,0.56814239,55031,6,0.02214064,0.9998738
93,6,24016466,0.99853001,0.0066501,0.05413926,0.0,0.00070206,0.31245412,0.0,0.62605446,50047,7,0.02278045,0.9998847
93,7,24016467,0.99840131,0.00705124,0.06104207,0.0,0.00098494,0.25341073,0.0,0.67751102,32599,7,0.02279209,0.9999244
93,8,24016468,0.99805236,0.00860696,0.0803332,0.0,0.00142786,0.31879815,0.0,0.59083384,58207,7,0.02251713,0.9999494
93,9,24016469,0.99849236,0.00638291,0.06983577,0.0,0.00076955,0.33446728,0.0,0.5885445,22471,6,0.01993014,0.9998738
93,10,24016470,0.99848446,0.00652769,0.05434489,0.0,0.00052917,0.34801045,0.0,0.5905878,57015,6,0.02283468,0.9998486
94,1,24016491,0.95133285,0.09480594,0.01282813,0.00461526,0.0288563,0.48085702,0.00227148,0.37576587,19978,7,0.09834937,1.2029918
94,2,24016492,0.97152339,0.05795691,0.01075914,0.00625273,0.01594028,0.36514318,0.00136228,0.54258549,23306,7,0.13684289,1.203332
94,3,24016493,0.96412616,0.0762927,0.0143672,0.00580203,0.0201979,0.62635567,0.0011707,0.25581379,24354,6,0.1259516,1.203307
94,4,24016494,0.96618083,0.06770506,0.01263094,0.02016496,0.01375211,0.70122774,0.00225464,0.18226455,55810,6,0.14144112,1.2031415
94,5,24016495,0.96504853,0.06250336,0.01076361,0.01475758,0.01831769,0.32776292,0.00170858,0.56418627,18946,7,0.19305551,1.2029917
94,6,24016496,0.95890769,0.06840165,0.01188826,0.02045152,0.02064884,0.58596401,0.00384425,0.28880146,24323,7,0.15800346,1.203332
94,7,24016497,0.96470827,0.06270378,0.02191492,0.00975729,0.01906611,0.49673918,0.00154513,0.38827359,57092,6,0.08916354,1.203332
94,8,24016498,0.97424223,0.05527121,0.00844234,0.00026093,0.01513779,0.5147448,0.00103373,0.4051092,23307,7,0.08412826,1.2033819
94,9,24016499,0.96919807,0.06308055,0.0099883,0.01558208,0.01472736,0.56089704,0.00121648,0.33450819,23301,7,0.10931709,1.203332
94,10,24016500,0.95455418,0.09039285,0.01378478,0.00882298,0.02245233,0.56557079,0.00404359,0.29493267,18949,7,0.0660066,1.2030416
95,1,24016521,0.99899916,0.00023047,0.0,1.478e-05,8.54e-06,0.99852427,6.9e-07,0.00122124,40313,6,0.034674,0.9994408
95,2,24016522,0.99899445,0.00023421,0.0,1.47e-05,8e-06,0.99974215,6.9e-07,2.4e-07,18903,6,0.03565573,0.9995907
95,3,24016523,0.99899545,0.00023364,0.0,1.469e-05,8.18e-06,0.99974266,7.1e-07,1.2e-07,37001,6,0.04335683,0.9992409
95,4,24016524,0.99902987,0.00024259,0.0,1.481e-05,8.27e-06,0.99973349,7e-07,1.4e-07,63725,6,0.02193535,0.9990819
95,5,24016525,0.99896981,0.00022976,0.0,1.476e-05,8.12e-06,0.99974654,6.8e-07,1.5e-07,62473,6,0.02881602,0.9994409
95,6,24016526,0.99894918,0.00023518,0.0,1.483e-05,8.5e-06,0.99974,6.9e-07,7.9e-07,8057,6,0.03815996,0.9994408
95,7,24016527,0.99901009,0.00024494,0.0,1.48e-05,8.29e-06,0.99973096,6.8e-07,3.3e-07,33503,6,0.03116824,0.9988823
95,8,24016528,0.99892609,0.00021611,0.0,1.47e-05,7.49e-06,0.99976093,6.8e-07,1e-07,35223,6,0.02361062,0.9994742
95,9,24016529,0.9989132,0.00020291,0.0,1.465e-05,7e-06,0.9997745,6.9e-07,2.4e-07,50617,6,0.05695044,0.9992408
95,10,24016530,0.99902343,0.00024036,0.0,1.477e-05,8.86e-06,0.99973511,6.9e-07,2.2e-07,37935,6,0.04089364,0.999241
96,1,24016551,0.97685821,0.19589667,0.36976998,0.0,0.01636795,0.40759047,0.0,0.01037494,51451,6,0.27393668,1.7089474
96,2,24016552,0.99431235,0.04246757,0.10095152,0.0,0.00500581,0.74886209,0.0,0.10271301,13980,6,0.2646312,1.7089891
96,3,24016553,0.98037955,0.17162269,0.31830571,0.0,0.0161084,0.39636646,0.0,0.09759673,47803,4,0.15198249,1.7089474
96,4,24016554,0.98687476,0.10353545,0.21093936,0.0,0.01217332,0.59677851,0.0,0.07657335,51085,6,0.10015804,1.709089
96,5,24016555,0.9856854,0.1261268,0.22012938,0.0,0.00725024,0.64649025,0.0,3.32e-06,55547,6,0.28415591,1.7089474
96,6,24016556,0.9761804,0.19488427,0.37370454,0.0,0.02129041,0.38220003,0.0,0.02792075,51684,4,0.10780876,1.7087476
96,7,24016557,0.97952495,0.20475457,0.33486322,0.0,0.01034767,0.44375387,0.0,0.00628068,43259,4,0.16712195,1.7089474
96,8,24016558,0.99296565,0.07231602,0.10039143,0.0,0.00406737,0.80514221,0.0,0.01808298,14211,6,0.17723201,1.7089891
96,9,24016559,0.99047474,0.08548524,0.12239034,0.0,0.00922453,0.65320582,0.0,0.12969408,54011,6,0.26917827,1.709089
96,10,24016560,0.98407288,0.14324989,0.25991038,0.0,0.01365152,0.57884652,0.0,0.00434169,49851,6,0.21152956,1.709089
97,1,24016581,0.96083164,0.03717099,0.00562346,1e-08,0.0073439,0.94177026,0.00809127,1.2e-07,23513,6,0.06176781,0.9996035
97,2,24016582,0.95959161,0.02843601,0.00509581,0.01867952,0.00708338,0.93156101,0.00913991,4.35e-06,24521,6,0.04718571,0.9994071
97,3,24016583,0.96357528,0.03768422,0.00772416,2e-08,0.00698079,0.9408937,0.00671708,3e-08,32783,6,0.05878609,0.9994036
97,4,24016584,0.96711938,0.03028171,0.00612097,1e-08,0.00624003,0.95035161,0.0070056,7e-08,36937,6,0.04528962,0.9994036
97,5,24016585,0.95812397,0.03909353,0.00758651,1e-08,0.00786607,0.93775529,0.00769854,4e-08,32783,6,0.04998032,0.9994036
97,6,24016586,0.95585094,0.04231031,0.00870723,0.00643685,0.0086079,0.926333,0.00760462,9e-08,22727,6,0.06693687,0.9992323
97,7,24016587,0.95478456,0.03725312,0.00846899,0.00553606,0.00826231,0.92904848,0.011431,4e-08,32845,6,0.05871565,0.9994036
97,8,24016588,0.96725274,0.0324811,0.00584053,1e-08,0.00757594,0.94495008,0.00513677,0.00401558,33291,6,0.05179974,0.9993054
97,9,24016589,0.96609908,0.03055334,0.00598015,1e-08,0.00744879,0.94257845,0.00655534,0.00688393,37209,6,0.04159954,0.9996034
97,10,24016590,0.9451074,0.03928621,0.0083865,0.02527575,0.00965801,0.90648953,0.01090384,1.6e-07,33801,6,0.05420106,0.9994036
98,1,24016611,0.99926318,0.00031142,0.0,0.0,2.842e-05,0.70810101,0.0,0.29155915,61289,6,0.06178286,0.9991974
98,2,24016612,0.99931909,0.00033281,0.0,0.0,5.081e-05,0.63714564,0.0,0.36247075,48071,6,0.02199702,0.999572
98,3,24016613,0.99926245,0.00033917,0.0,0.0,4.236e-05,0.67928368,0.0,0.32033478,46457,6,0.04217012,0.999398
98,4,24016614,0.99919072,0.00069367,0.0,0.0,0.00020582,0.62063565,0.0,0.37846487,40825,6,0.03872716,0.9995985
98,5,24016615,0.99900478,0.00104962,0.0,0.0,0.00010974,0.72575596,0.0,0.27308468,64169,6,0.03128701,0.9993972
98,6,24016616,0.9992871,0.00029095,0.0,0.0,3.015e-05,0.71344613,0.0,0.28623276,9399,6,0.03710128,0.9995469
98,7,24016617,0.99925433,0.00056285,0.0,0.0,3.113e-05,0.65227224,0.0,0.34713378,7929,6,0.03313571,0.9992974
98,8,24016618,0.99932644,0.00029509,0.0,0.0,2.993e-05,0.67821199,0.0,0.321463,42295,6,0.04076401,0.9993376
98,9,24016619,0.99929818,0.00036165,0.0,0.0,2.941e-05,0.61075801,0.0,0.38885093,62655,6,0.02307933,0.999597
98,10,24016620,0.99932262,0.00027927,0.0,0.0,3.464e-05,0.71151506,0.0,0.28817103,58667,6,0.0423758,0.9993971
99,1,24016641,0.99764624,0.00666185,0.00792534,1.1e-07,0.00032183,0.96895119,0.0,0.01613967,54725,6,0.19216698,1.742692
99,2,24016642,0.98306297,0.04803218,0.00982305,1.1e-07,0.003684,0.78414239,0.0,0.15431826,23882,6,0.12712621,1.742667
99,3,24016643,0.99271457,0.01779952,0.00115837,1.2e-07,0.0024404,0.95763592,0.0,0.02096567,52675,6,0.26533787,1.7424854
99,4,24016644,0.98847872,0.03185486,0.00388103,0.00026909,0.00262972,0.841215,0.0,0.12015031,14883,6,0.08022584,1.7423439
99,5,24016645,0.98361406,0.03741151,0.00754634,1.3e-07,0.00327035,0.93923758,0.0,0.0125341,17866,6,0.31713028,1.7425671
99,6,24016646,0.98801331,0.02671828,0.00058751,0.00023145,0.0023165,0.97014591,0.0,3.4e-07,23877,6,0.39687048,1.742667
99,7,24016647,0.99574765,0.01372219,0.00766792,1.1e-07,0.00156258,0.82938602,0.0,0.14766117,8884,6,0.20452076,1.7425671
99,8,24016648,0.9962628,0.01206267,0.00198886,1e-07,0.00078368,0.90452146,0.0,0.08064322,50388,6,0.26821683,1.7426337
99,9,24016649,0.99332967,0.02010198,0.00526522,1e-07,0.00191808,0.97271124,0.0,3.38e-06,11338,6,0.12587375,1.7422191
99,10,24016650,0.9903731,0.03050192,0.00608248,0.00074155,0.00208691,0.90883297,0.0,0.05175418,12035,6,0.1383335,1.7426171
100,1,24016671,0.91041054,0.00019861,0.0,0.26566301,6.22e-06,0.73413018,1.48e-06,5e-07,14334,2,0.09654902,0.666323
100,2,24016672,0.99887146,0.0002231,0.0,1.503e-05,6.92e-06,0.99975207,1.35e-06,1.53e-06,32845,6,0.07386466,0.999234
100,3,24016673,0.99890618,0.00023342,0.0,1.525e-05,8.14e-06,0.99974176,1.38e-06,5e-08,36553,6,0.04060627,0.999234
100,4,24016674,0.99884943,0.00020575,0.0,1.475e-05,6.14e-06,0.99977184,1.37e-06,1.5e-07,34473,6,0.05071969,0.999051
100,5,24016675,0.99890655,0.00021889,0.0,1.493e-05,7.53e-06,0.99975704,1.36e-06,2.5e-07,37483,6,0.05089556,0.9990511
100,6,24016676,0.99889492,0.00023443,0.0,1.497e-05,6.9e-06,0.99974217,1.38e-06,1.5e-07,34281,6,0.08894932,0.9985031
100,7,24016677,0.99891221,0.00021175,0.0,1.485e-05,6.22e-06,0.99976578,1.37e-06,3e-08,34377,6,0.05809719,0.999234
100,8,24016678,0.99883809,0.00022181,0.0,1.508e-05,6.88e-06,0.99975478,1.39e-06,5e-08,56153,6,0.0380848,0.9994338
100,9,24016679,0.99888046,0.0002521,0.0,1.62e-05,7.98e-06,0.99972231,1.39e-06,3e-08,30457,6,0.03461791,0.9990683
100,10,24016680,0.99888024,0.0002406,0.0,1.536e-05,7.25e-06,0.9997354,1.37e-06,2e-08,42969,6,0.02994009,0.9992338
101,1,24016701,0.97425028,0.10116352,0.02701579,0.01202865,0.05647644,0.37028763,0.03456485,0.39846312,14213,6,0.1231283,1.215046
101,2,24016702,0.98061034,0.07235111,0.0154292,0.00576851,0.04845145,0.31590638,0.02509584,0.51699751,52741,6,0.10526636,1.2148366
101,3,24016703,0.97093204,0.12164697,0.02091879,0.01613783,0.06035152,0.3542859,0.03636177,0.39029722,48933,7,0.14171432,1.215071
101,4,24016704,0.97735048,0.09445616,0.0246771,0.00965958,0.05147901,0.43392136,0.03093095,0.35487584,13957,6,0.1724752,1.2148283
101,5,24016705,0.97655727,0.09491467,0.04306802,0.01112264,0.05388324,0.17596813,0.02532695,0.59571636,12205,7,0.08334835,1.2149531
101,6,24016706,0.97947541,0.09146516,0.02556598,0.00677869,0.04896323,0.39913839,0.02216512,0.40592343,52773,6,0.09882988,1.2148365
101,7,24016707,0.98026796,0.07733282,0.02539669,0.00899718,0.06040026,0.46489559,0.01858505,0.34439241,14245,6,0.23192861,1.2149781
101,8,24016708,0.97293092,0.11412681,0.04235347,0.01244538,0.06118555,0.42286535,0.03367933,0.31334411,14221,6,0.26023647,1.215096
101,9,24016709,0.97338462,0.09760076,0.03326052,0.01593933,0.06313156,0.35257152,0.03326842,0.4042279,11821,7,0.13680351,1.2148532
101,10,24016710,0.97569013,0.10281468,0.0365824,0.0097773,0.0520596,0.30187308,0.02913438,0.46775857,20229,7,0.06234163,1.2149961
102,1,24016731,0.83902382,0.209267,0.03764002,0.0,0.06353655,0.63152425,0.03983481,0.01819738,33291,6,0.06651424,0.9995357
102,2,24016732,0.85218357,0.18690555,0.03084026,0.0,0.06044632,0.64875352,0.03591375,0.0371406,32843,6,0.09564716,0.9995572
102,3,24016733,0.84562018,0.19506455,0.02816338,0.0,0.0657712,0.52708154,0.0411886,0.14273073,23183,7,0.07623137,0.9995715
102,4,24016734,0.86057999,0.17195113,0.02648646,0.0,0.05754644,0.70683356,0.02997273,0.00720969,38921,6,0.14148187,0.9995572
102,5,24016735,0.83136469,0.21037159,0.03634439,0.0,0.06317976,0.62869997,0.04034976,0.02105453,33035,6,0.06813249,0.9995143
102,6,24016736,0.77253427,0.27442328,0.04277611,0.0,0.09032038,0.4465101,0.07092369,0.07504644,37193,6,0.03932496,0.9994716
102,7,24016737,0.85102356,0.18733362,0.03717973,0.0,0.06681604,0.64839047,0.03783489,0.02244525,37387,6,0.0424463,0.9995358
102,8,24016738,0.82290295,0.22220566,0.04044667,0.0,0.07058423,0.58642607,0.05543146,0.0249059,33289,6,0.04589214,0.9995357
102,9,24016739,0.82317208,0.22368324,0.04532935,0.0,0.06963541,0.59643317,0.04165806,0.02326076,37387,6,0.06665207,0.9995358
102,10,24016740,0.83376498,0.20685843,0.03449847,0.0,0.06674152,0.56126354,0.03594887,0.09468916,32779,6,0.09445399,0.9995572
103,1,24016761,0.99904533,0.00023238,0.0,1.158e-05,2.347e-05,0.68812106,0.0,0.3116115,34649,6,0.02706816,0.9992707
103,2,24016762,0.99906701,0.00021929,0.0,1.152e-05,2.018e-05,0.73464597,0.0,0.26510306,35801,6,0.10084251,0.9992708
103,3,24016763,0.99904986,0.00023595,0.0,1.154e-05,2.207e-05,0.64919337,0.0,0.35053707,56311,7,0.02854502,0.9994809
103,4,24016764,0.99897978,0.00022035,0.0,1.167e-05,1.891e-05,0.73939661,0.0,0.26035246,38153,6,0.0505139,0.9989417
103,5,24016765,0.99907589,0.00022437,0.0,1.153e-05,2.256e-05,0.64513439,0.0,0.35460715,7545,6,0.02612782,0.9994704
103,6,24016766,0.99903826,0.00021673,0.0,1.157e-05,2.157e-05,0.75743202,0.0,0.24231811,32971,6,0.04129552,0.9992705
103,7,24016767,0.99907947,0.00022526,0.0,1.16e-05,2.394e-05,0.67291134,0.0,0.32682785,50425,6,0.07106499,0.9989415
103,8,24016768,0.99901283,0.00021989,0.0,1.156e-05,2.021e-05,0.73937867,0.0,0.26036967,33305,6,0.02483729,0.9987772
103,9,24016769,0.99905358,0.00023171,0.0,1.152e-05,2.468e-05,0.66056759,0.0,0.33916451,35403,6,0.03080927,0.9992704
103,10,24016770,0.9989533,0.00021371,0.0,1.157e-05,1.888e-05,0.82082714,0.0,0.1789287,13561,6,0.02579743,0.9991413
104,1,24016791,0.98467629,0.07923097,0.07254519,0.0,0.00171573,0.84355153,0.0,0.00295658,8884,6,0.14456822,1.9129091
104,2,24016792,0.98638146,0.06609689,0.05260952,0.0,0.00216949,0.85154236,0.0,0.02758175,44546,6,0.08102809,1.9126269
104,3,24016793,0.99624406,0.01757697,0.01549544,0.0,0.00032842,0.95726039,0.0,0.00933878,15692,6,0.1986132,1.9130091
104,4,24016794,0.98248658,0.09014586,0.07196124,0.0,0.00298078,0.80350925,0.0,0.03140287,18069,6,0.10248202,1.9129591
104,5,24016795,0.99949122,0.00026149,5.05e-06,0.0,1.118e-05,0.99972197,0.0,3e-07,56541,6,0.18574102,1.9129266
104,6,24016796,0.99256421,0.03424855,0.03146781,0.0,0.00385084,0.92613261,0.0,0.0043002,16029,6,0.08582054,1.9128767
104,7,24016797,0.99532873,0.0220021,0.01408606,0.0,0.00017844,0.8437763,0.0,0.11995711,56859,6,0.18854753,1.913109
104,8,24016798,0.97330979,0.13812951,0.09862517,0.0,0.00040428,0.72933616,0.0,0.03350488,56107,6,0.10175128,1.913109
104,9,24016799,0.99546173,0.0218726,0.02201173,0.0,0.00126053,0.92335198,0.0,0.03150316,20012,6,0.09879617,1.912527
104,10,24016800,0.98325055,0.08907805,0.04957691,0.0,0.00246579,0.84196949,0.0,0.01690976,52884,6,0.0776016,1.9127268
105,1,24016821,0.89549819,0.02536663,0.00281639,0.21328861,0.00245641,0.74576987,0.01030208,1e-08,37192,2,0.08659684,0.6659526
105,2,24016822,0.9561165,0.01474764,0.00301492,0.0476291,0.00324412,0.92280303,0.00856111,7e-08,32777,6,0.05883068,0.999313
105,3,24016823,0.94407296,0.03437147,0.00439248,0.0453258,0.00963814,0.89632394,0.00994803,1.4e-07,33355,6,0.04284643,0.9993129
105,4,24016824,0.96025842,0.01767837,0.00453183,0.03065802,0.00271811,0.93191839,0.01084623,0.00164904,53209,6,0.08336002,0.999313
105,5,24016825,0.87885419,0.0571664,0.00496893,0.20779751,0.00442202,0.71312217,0.01252293,3e-08,37166,2,0.05335723,0.6659893
105,6,24016826,0.87806807,0.02369949,0.00465797,0.23419049,0.00454203,0.72500649,0.00790347,6e-08,38926,2,0.06007343,0.6661727
105,7,24016827,0.93389933,0.02112061,0.00448252,0.08104968,0.00343946,0.87961475,0.0102929,6e-08,32811,6,0.06460636,0.9991695
105,8,24016828,0.93671432,0.02251776,0.00551369,0.06690809,0.00269973,0.89148424,0.01087649,2e-08,32845,6,0.07130542,0.9993129
105,9,24016829,0.86937866,0.01830819,0.00248739,0.32980289,0.00234579,0.64061138,0.00644431,6e-08,36874,2,0.27722092,0.6662462
105,10,24016830,0.91413209,0.02393713,0.0046295,0.13687746,0.00388948,0.81801275,0.01265356,1.2e-07,37196,2,0.04622384,0.6659525
106,1,24016851,0.99880554,0.00273506,0.00899601,0.0,0.00067848,0.38680947,0.0,0.60078098,56887,6,0.02175492,0.9995147
106,2,24016852,0.99868908,0.00347236,0.00769426,0.0,0.00052928,0.41647814,0.0,0.57182596,31639,7,0.03445247,0.9997375
106,3,24016853,0.99869053,0.00326137,0.0080413,0.0,0.00028964,0.50817881,0.0,0.48022888,61047,6,0.02066268,0.9996834
106,4,24016854,0.9986634,0.00365647,0.00653184,0.0,0.0004227,0.39998516,0.0,0.58940383,15287,7,0.02616523,0.9997583
106,5,24016855,0.99873965,0.00281084,0.00583116,0.0,0.00066068,0.38380363,0.0,0.60689369,47607,7,0.02692178,0.9997583
106,6,24016856,0.99881711,0.00292978,0.00598453,0.0,0.00053387,0.47554537,0.0,0.51500646,59391,7,0.0209208,0.9998916
106,7,24016857,0.99877157,0.0031401,0.00822728,0.0,0.00026295,0.47909495,0.0,0.50927471,56759,6,0.0269889,0.9998666
106,8,24016858,0.99869575,0.00309024,0.00908866,0.0,0.00037211,0.43649605,0.0,0.55095294,25983,7,0.02604265,0.9998416
106,9,24016859,0.99878221,0.0031355,0.00600149,0.0,0.00026267,0.52575041,0.0,0.46484994,52479,7,0.04174039,0.9997832
106,10,24016860,0.99833823,0.00442172,0.01424616,0.0,0.00060183,0.47882588,0.0,0.50190441,45559,6,0.01917549,0.9996229
107,1,24016881,0.97223597,0.05561696,0.01853004,0.0,0.0142444,0.59358967,0.00125379,0.31676513,55853,6,0.0672995,1.5087721
107,2,24016882,0.97412769,0.06053272,0.01932132,0.0,0.01262301,0.40821536,0.00048302,0.49882457,23299,7,0.06193585,1.5088738
107,3,24016883,0.97278565,0.06088902,0.0172452,0.0,0.0152588,0.75597333,0.00049521,0.15013844,20005,6,0.06234931,1.5085224
107,4,24016884,0.97937413,0.04994124,0.02117731,0.0,0.0109183,0.5284316,0.00096849,0.38856306,23308,7,0.11173394,1.5088738
107,5,24016885,0.98136918,0.04638828,0.01453819,0.0,0.00901644,0.49827825,0.00041956,0.43135928,24069,7,0.09739007,1.5085974
107,6,24016886,0.97607316,0.04857124,0.01406886,0.0,0.01214651,0.69805253,0.00067654,0.22648431,51756,6,0.07451613,1.5086223
107,7,24016887,0.9794983,0.04993841,0.00924545,0.0,0.0062776,0.67105377,0.0011885,0.26229626,51747,6,0.08766867,1.5086057
107,8,24016888,0.97663065,0.05383602,0.01974835,0.0,0.01409076,0.80557375,0.00087548,0.10587565,19235,6,0.10781005,1.5088239
107,9,24016889,0.98630857,0.03204863,0.00796005,0.0,0.00504527,0.62053228,0.00071887,0.3336949,23307,7,0.10015957,1.5089238
107,10,24016890,0.97526059,0.06583618,0.01214778,0.0,0.01277155,0.70599161,0.00125455,0.20199833,57093,6,0.14701151,1.5088988
108,1,24016911,0.99897048,0.00022639,0.0,1.703e-05,7.53e-06,0.99974789,1.13e-06,3e-08,31755,6,0.03571975,0.9994089
108,2,24016912,0.99893718,0.0002082,0.0,1.699e-05,7.92e-06,0.9997657,1.12e-06,8e-08,57421,6,0.02960162,0.999409
108,3,24016913,0.99883128,0.000207,0.0,1.693e-05,7.17e-06,0.99976778,1.09e-06,2e-08,32905,6,0.03065044,0.999209
108,4,24016914,0.99888007,0.00021872,0.0,1.684e-05,7.4e-06,0.99975577,1.1e-06,1.6e-07,33087,6,0.03471159,0.9994136
108,5,24016915,0.99891857,0.00022369,0.0,1.712e-05,8.49e-06,0.99974945,1.12e-06,1.2e-07,39051,6,0.02921099,0.999209
108,6,24016916,0.99890091,0.00021411,0.0,1.705e-05,7.1e-06,0.99976052,1.14e-06,7e-08,33355,6,0.04426174,0.9992091
108,7,24016917,0.99893888,0.00020912,0.0,1.696e-05,6.92e-06,0.99976566,1.12e-06,2.2e-07,52185,6,0.02833273,0.9992092
108,8,24016918,0.99888205,0.00019132,0.0,1.688e-05,6.4e-06,0.99978422,1.11e-06,8e-08,32843,6,0.05669892,0.9992091
108,9,24016919,0.99891034,0.00021804,0.0,1.709e-05,8.2e-06,0.9997555,1.11e-06,6e-08,37419,6,0.03549051,0.9988185
108,10,24016920,0.66585543,0.00012243,0.0,0.99986059,3.99e-06,1.188e-05,1.1e-06,1e-08,32744,2,0.06584063,0.6661152
109,1,24016941,0.99674341,0.01310332,0.00791558,0.0,0.00084528,0.94283278,0.0,0.03530304,21956,6,0.14560125,1.6367274
109,2,24016942,0.98300707,0.07306732,0.02366525,0.0,0.00643649,0.83351223,0.0,0.06331871,23885,6,0.26932685,1.6368023
109,3,24016943,0.98943646,0.03976479,0.0158174,0.0,0.00769773,0.68458276,0.0,0.25213732,49851,6,0.16196624,1.6368523
109,4,24016944,0.99843719,0.00498138,0.00392044,0.0,0.00069959,0.99039799,0.0,6e-07,46539,6,0.15198741,1.6368523
109,5,24016945,0.99831943,0.00685374,0.00044375,0.0,0.00115466,0.99154748,0.0,3.7e-07,46541,6,0.21979087,1.6368523
109,6,24016946,0.98982996,0.04048507,0.03442737,0.0,0.0098447,0.90925371,0.0,0.00598915,15683,6,0.14906436,1.6367524
109,7,24016947,0.9837857,0.0617174,0.00662361,0.0,0.00553894,0.92611806,0.0,1.99e-06,52677,6,0.15162007,1.6365919
109,8,24016948,0.97055651,0.12378666,0.05083351,0.0,0.0086402,0.80977214,0.0,0.00696748,49339,6,0.08799832,1.6368523
109,9,24016949,0.99123214,0.03324453,0.00808871,0.0,0.00628097,0.86023598,0.0,0.09214981,23773,6,0.11943857,1.6366752
109,10,24016950,0.97576486,0.08931312,0.00582084,0.0,0.00333106,0.70698024,0.0,0.19455474,19779,6,0.17823458,1.6367024
110,1,24016971,0.89168066,0.09610756,0.02383952,0.0,0.02634956,0.82647187,0.0272314,1e-07,36879,6,0.0359454,0.9994573
110,2,24016972,0.88328662,0.10825672,0.02881552,0.0,0.0256934,0.80208725,0.02929077,0.00585635,37131,6,0.04786985,0.9993147
110,3,24016973,0.91134375,0.0872134,0.02178397,0.0,0.02285882,0.83431485,0.01798547,0.01584348,37193,6,0.05025372,0.9991722
110,4,24016974,0.91239305,0.08299072,0.01787834,0.0,0.02395488,0.85721001,0.017966,5e-08,36877,6,0.06908322,0.9994573
110,5,24016975,0.91128509,0.08177288,0.02049905,0.0,0.01902875,0.83148915,0.02152063,0.02568953,32779,6,0.06103053,0.9994573
110,6,24016976,0.87444168,0.11366165,0.03471752,0.0,0.0260452,0.7929183,0.03265709,2.4e-07,32783,6,0.06205871,0.9994573
110,7,24016977,0.87175032,0.1185552,0.030507,0.0,0.02689884,0.76579367,0.03046556,0.02777974,22727,6,0.08821007,0.9993397
110,8,24016978,0.89219818,0.09946815,0.02641019,0.0,0.02301409,0.79727867,0.02546855,0.02836035,36877,6,0.06604739,0.9994573
110,9,24016979,0.87362051,0.11837737,0.02853204,0.0,0.03066228,0.79615657,0.0262717,4e-08,32777,6,0.05924615,0.9994573
110,10,24016980,0.91337496,0.08381216,0.01910894,0.0,0.01700515,0.85854671,0.02152702,3e-08,36879,6,0.04318742,0.9994573
111,1,24017001,0.99910921,0.00023888,0.0,2.69e-06,2.102e-05,0.76150267,0.0,0.23823474,42953,6,0.03269562,0.9990675
111,2,24017002,0.99922171,0.00025534,0.0,2.61e-06,2.663e-05,0.70970225,0.0,0.29001318,40313,6,0.03938881,0.9995336
111,3,24017003,0.99927678,0.0002852,0.0,2.58e-06,3.013e-05,0.57355641,0.0,0.42612568,26219,6,0.04414102,0.9994836
111,4,24017004,0.99920269,0.00026645,0.0,2.6e-06,2.745e-05,0.65087031,0.0,0.34883319,15209,6,0.03435993,0.9991344
111,5,24017005,0.99921654,0.00027377,0.0,2.6e-06,2.882e-05,0.56607952,0.0,0.43361529,51407,6,0.02532324,0.9992675
111,6,24017006,0.9991441,0.00025922,0.0,2.65e-06,2.437e-05,0.70515207,0.0,0.2945617,43449,6,0.04100331,0.9992007
111,7,24017007,0.99916606,0.0002605,0.0,2.61e-06,2.775e-05,0.71573746,0.0,0.28397167,16345,6,0.06910439,0.9995337
111,8,24017008,0.99917139,0.00026342,0.0,2.7e-06,2.736e-05,0.69255853,0.0,0.30714798,42937,6,0.04402067,0.9992006
111,9,24017009,0.99913675,0.0002397,0.0,2.63e-06,2.058e-05,0.7713524,0.0,0.22838469,33657,6,0.04110215,0.9992008
111,10,24017010,0.99914271,0.0002452,0.0,2.64e-06,2.117e-05,0.78331266,0.0,0.21641833,14201,6,0.04349941,0.9991566
112,1,24017031,0.99947294,0.00024794,4.72e-06,0.0,8.94e-06,0.99973819,0.0,2.2e-07,9666,6,0.26658882,1.9500037
112,2,24017032,0.99810251,0.0062028,0.00026183,0.0,3.844e-05,0.97822979,0.0,0.01526714,19788,6,0.26391081,1.9500037
112,3,24017033,0.99943336,0.00025958,4.95e-06,0.0,1.181e-05,0.99972342,0.0,2.4e-07,52682,6,0.16181634,1.9498639
112,4,24017034,0.99945766,0.00025981,4.9e-06,0.0,1.019e-05,0.99972484,0.0,2.6e-07,11341,6,0.16728676,1.949764
112,5,24017035,0.99134926,0.02311525,0.00397505,0.0,0.00147108,0.88182318,0.0,0.08961544,8429,6,0.13056775,1.949764
112,6,24017036,0.999509,0.00026528,5e-06,0.0,1.394e-05,0.9997155,0.0,2.8e-07,52556,6,0.323637,1.9501036
112,7,24017037,0.9994678,0.00026003,5.21e-06,0.0,1.434e-05,0.99972015,0.0,2.7e-07,52682,6,0.19179355,1.9498639
112,8,24017038,0.99946133,0.00024656,4.46e-06,0.0,9.36e-06,0.99973937,0.0,2.5e-07,17604,6,0.19206772,1.9496142
112,9,24017039,0.99945647,0.00026225,4.57e-06,0.0,1.138e-05,0.99972149,0.0,3.1e-07,11346,6,0.17927398,1.9500037
112,10,24017040,0.99440605,0.01590804,0.00156895,0.0,0.00050912,0.97105427,0.0,0.01095962,50837,6,0.11268548,1.9501036
113,1,24017061,0.9988711,0.00024031,0.0,1.447e-05,7.15e-06,0.99973615,1.83e-06,8e-08,37785,6,0.06999089,0.999257
113,2,24017062,0.91432852,0.0006272,0.0,0.22984037,6.75e-06,0.76542436,1.92e-06,0.00409941,6105,6,0.06860365,0.9994378
113,3,24017063,0.99882504,0.00023111,0.0,1.427e-05,7.53e-06,0.99974502,1.79e-06,2.7e-07,61469,6,0.03502003,0.9990762
113,4,24017064,0.99887848,0.00025089,0.0,1.462e-05,7.84e-06,0.99348878,1.89e-06,0.00623597,39257,6,0.04248361,0.9994378
113,5,24017065,0.99894018,0.00025364,0.0,1.402e-05,7.7e-06,0.99972238,1.79e-06,4.6e-07,32329,6,0.04177641,0.9994379
113,6,24017066,0.99881641,0.00022741,0.0,1.398e-05,6.78e-06,0.99974999,1.8e-06,4e-08,33835,6,0.03296976,0.999238
113,7,24017067,0.99890654,0.00024096,0.0,1.431e-05,7.34e-06,0.99973505,1.82e-06,5.3e-07,35289,6,0.04278972,0.9992381
113,8,24017068,0.99890935,0.00024684,0.0,1.456e-05,7.44e-06,0.99972919,1.83e-06,1.3e-07,59471,6,0.05653678,0.9994378
113,9,24017069,0.99887927,0.00023322,0.0,1.425e-05,6.89e-06,0.99974355,1.84e-06,2.5e-07,36107,6,0.03933085,0.9988763
113,10,24017070,0.9988536,0.00025532,0.0,1.471e-05,8.31e-06,0.99971971,1.87e-06,8e-08,61549,6,0.03826919,0.9990762
114,1,24017091,0.99870738,0.01128141,0.02262983,0.0,0.00318316,0.27978149,0.0,0.68312411,25855,7,0.0250896,0.9999404
114,2,24017092,0.99870958,0.0106637,0.01745957,0.0,0.00200987,0.24698795,0.0,0.72287891,50175,7,0.03906626,0.9999904
114,3,24017093,0.99854006,0.01219202,0.02411799,0.0,0.0027662,0.28075551,0.0,0.68016829,46423,6,0.01999964,0.9997721
114,4,24017094,0.99852871,0.01275358,0.02041369,0.0,0.00234847,0.24827669,0.0,0.71620758,30255,7,0.02295119,0.9997929
114,5,24017095,0.99890871,0.00977412,0.02054732,0.0,0.00281659,0.25229577,0.0,0.71456619,50039,7,0.02674313,0.9998286
114,6,24017096,0.99884049,0.0092475,0.01956402,0.0,0.0021837,0.25908871,0.0,0.70991608,26583,6,0.0182153,0.9999452
114,7,24017097,0.99877,0.01120067,0.02140155,0.0,0.00276846,0.26322663,0.0,0.70140269,65383,7,0.0180413,0.9999155
114,8,24017098,0.99845418,0.01570343,0.03086214,0.0,0.00452626,0.26069721,0.0,0.68821096,11519,7,0.02992668,0.9999404
114,9,24017099,0.99881365,0.0115954,0.03166532,0.0,0.00268298,0.21485018,0.0,0.73920613,40959,7,0.01841255,0.9999952
114,10,24017100,0.99862705,0.01292544,0.02363859,0.0,0.00322895,0.21923511,0.0,0.74097191,31583,7,0.02439913,0.9999952
115,1,24017121,0.97564666,0.05656894,0.00602093,0.0,0.01083228,0.58743714,0.00283097,0.33630975,23298,7,0.10022037,1.1188681
115,2,24017122,0.96917133,0.05906586,0.00505845,0.0,0.01696025,0.27328128,0.00352073,0.64211343,23045,7,0.11645623,1.1186945
115,3,24017123,0.98142209,0.03794047,0.00972498,0.0,0.00975945,0.70083261,0.00235059,0.23939189,18979,6,0.2094198,1.1186196
115,4,24017124,0.96645683,0.06597561,0.00873769,0.0,0.01522615,0.51794736,0.00396223,0.38815095,19244,6,0.07708466,1.1187932
115,5,24017125,0.96187048,0.07834314,0.00919679,0.0,0.01925974,0.59012571,0.00509933,0.29797529,57098,6,0.06073563,1.1189264
115,6,24017126,0.9676191,0.05990041,0.00814026,0.0,0.01194141,0.49430266,0.00581625,0.419899,23083,6,0.11298157,1.1187694
115,7,24017127,0.96502124,0.06630852,0.00819327,0.0,0.0198807,0.54144979,0.00454762,0.3596201,19211,7,0.05798735,1.1188931
115,8,24017128,0.95500507,0.08760012,0.00982141,0.0,0.02544235,0.67556122,0.0060808,0.19549409,24100,6,0.08011724,1.1186695
115,9,24017129,0.96259803,0.06774968,0.00879404,0.0,0.01945184,0.61699862,0.00338323,0.28362259,18050,6,0.08745029,1.1185697
115,10,24017130,0.96694721,0.05838623,0.00781335,0.0,0.01520876,0.38895239,0.00578026,0.52385901,18947,7,0.07625657,1.1186196
116,1,24017151,0.99892561,0.00019356,0.0,1.529e-05,1.522e-05,0.81586466,0.0,0.18391127,63693,6,0.06510833,0.99942
116,2,24017152,0.99894046,0.00021548,0.0,1.535e-05,1.929e-05,0.71784903,0.0,0.28190086,6119,6,0.03087756,0.9991155
116,3,24017153,0.99893912,0.00020235,0.0,1.522e-05,1.845e-05,0.76002908,0.0,0.23973491,51673,6,0.03565985,0.9992201
116,4,24017154,0.99898611,0.00019932,0.0,1.531e-05,1.966e-05,0.7597681,0.0,0.2399976,23001,6,0.03945005,0.99942
116,5,24017155,0.99891076,0.00019784,0.0,1.521e-05,1.982e-05,0.7451488,0.0,0.25461833,34537,6,0.03811362,0.99922
116,6,24017156,0.99897196,0.00020018,0.0,1.527e-05,2.059e-05,0.76195945,0.0,0.23780451,18839,6,0.04609574,0.9995699
116,7,24017157,0.99904864,0.00020631,0.0,1.519e-05,1.996e-05,0.73490919,0.0,0.26484935,7001,6,0.03429293,0.99932
116,8,24017158,0.99894625,0.00020742,0.0,1.53e-05,2.16e-05,0.67746557,0.0,0.32229011,52041,6,0.03281415,0.9988405
116,9,24017159,0.99896204,0.00019702,0.0,1.527e-05,1.718e-05,0.73174707,0.0,0.26802345,23369,6,0.08280914,0.9990403
116,10,24017160,0.99893429,0.00020313,0.0,1.525e-05,1.888e-05,0.78514612,0.0,0.21461662,52089,6,0.08773815,0.9990303
117,1,24017181,0.99947173,0.00046845,0.29509093,0.0,2.414e-05,0.70441425,0.0,2.24e-06,44587,6,0.09218133,1.9489376
117,2,24017182,0.9994809,0.00047701,0.24376734,0.0,2.183e-05,0.6995431,0.0,0.05619071,48675,6,0.12927248,1.9488128
117,3,24017183,0.99948026,0.00050403,0.50953691,0.0,2.054e-05,0.48993696,0.0,1.56e-06,23227,6,0.1507658,1.9489878
117,4,24017184,0.99947669,0.00045261,0.22041046,0.0,2.139e-05,0.75626779,0.0,0.02284775,46988,6,0.07721568,1.9491608
117,5,24017185,0.9995145,0.00044097,0.31974836,0.0,2.251e-05,0.61427593,0.0,0.06551223,43771,4,0.15949289,1.9490377
117,6,24017186,0.99951007,0.00045689,0.9960211,0.0,1.251e-05,0.00350924,0.0,2.6e-07,18787,4,0.76419136,1.9490775
117,7,24017187,0.99946089,0.00054874,0.8091359,0.0,1.722e-05,0.17610715,0.0,0.01419099,14819,4,0.51956605,1.9489129
117,8,24017188,0.99948769,0.00054444,0.57681386,0.0,2.759e-05,0.42261199,0.0,2.12e-06,10722,4,0.08768222,1.948738
117,9,24017189,0.99949281,0.00056773,0.52701436,0.0,2.705e-05,0.42493257,0.0,0.04745829,51325,4,0.13588288,1.9492274
117,10,24017190,0.99946299,0.00024952,4.84e-06,0.0,1.268e-05,0.9997327,0.0,2.6e-07,23629,6,0.19056258,1.9488379
118,1,24017211,0.95317579,0.03236961,0.00699798,0.01624229,0.00651127,0.923831,0.0134811,0.00056674,34905,6,0.05168726,0.9991068
118,2,24017212,0.95642482,0.03101606,0.00604811,0.00855425,0.00554198,0.9272042,0.01437113,0.00726427,36939,6,0.05816924,0.9993534
118,3,24017213,0.95441793,0.02696228,0.00653848,0.02818548,0.00481323,0.9227609,0.01073903,5.9e-07,37579,6,0.03807213,0.9993533
118,4,24017214,0.9410922,0.03716076,0.00928514,0.01142749,0.00707085,0.88438651,0.02315398,0.02751527,33161,6,0.03761862,0.9991069
118,5,24017215,0.92979253,0.04504051,0.00966662,0.01847379,0.00958421,0.89518441,0.02204955,8.9e-07,32793,6,0.06103891,0.999107
118,6,24017216,0.93252898,0.03464343,0.00658287,0.04861532,0.00731404,0.87839064,0.0223783,0.0020754,23497,6,0.04944578,0.9993068
118,7,24017217,0.95615567,0.02936349,0.00650232,0.00633038,0.00674095,0.93549477,0.01556807,1e-08,34905,6,0.0786694,0.9991068
118,8,24017218,0.94074494,0.04009184,0.00741616,0.02612265,0.00440918,0.88116859,0.01754307,0.0232485,36873,6,0.09060847,0.9993534
118,9,24017219,0.9577155,0.02652169,0.00456584,0.01427415,0.00483285,0.93598561,0.01381977,9e-08,36969,6,0.05203937,0.9991069
118,10,24017220,0.95066219,0.03461035,0.00704796,0.02497782,0.00414706,0.9162501,0.01224964,0.00071706,37209,6,0.05446743,0.9995532
119,1,24017241,0.9982712,0.0033316,0.00830928,0.0,0.00067478,0.4155004,0.0,0.57218394,50431,7,0.01655362,0.9996493
119,2,24017242,0.99846611,0.00251168,0.00967258,0.0,0.00021352,0.48621723,0.0,0.50138497,52087,7,0.02551127,0.9997036
119,3,24017243,0.99836427,0.00344301,0.00925988,0.0,0.00047069,0.52942465,0.0,0.45740177,21687,6,0.02155101,0.9996243
119,4,24017244,0.99846499,0.00306986,0.00858508,0.0,0.00030181,0.41547259,0.0,0.57257066,30317,6,0.02545521,0.9996246
119,5,24017245,0.99839839,0.00276915,0.00560116,0.0,0.00063693,0.49365028,0.0,0.49734249,20215,6,0.02587932,0.9995994
119,6,24017246,0.99864233,0.00213679,0.0077332,0.0,0.00036949,0.44066261,0.0,0.5490979,40127,6,0.02714476,0.9996493
119,7,24017247,0.99864594,0.00233194,0.0062718,0.0,0.00036196,0.5077221,0.0,0.48331219,32063,6,0.02503007,0.9998246
119,8,24017248,0.99855501,0.00273513,0.01057619,0.0,0.0001193,0.42382232,0.0,0.56274706,63487,7,0.01705497,0.9998246
119,9,24017249,0.99825736,0.00369294,0.0074201,0.0,0.00061292,0.43116102,0.0,0.55711302,60223,7,0.02229792,0.9996493
119,10,24017250,0.99839713,0.00287173,0.01045616,0.0,0.00037345,0.40482492,0.0,0.58147374,44031,7,0.02888074,0.999737
120,1,24017271,0.99237041,0.01563236,0.00479957,0.0,0.00280092,0.83883871,0.0,0.13792844,24355,6,0.1346396,1.8002612
120,2,24017272,0.99286651,0.01412732,0.00240266,0.0,0.00299115,0.97000933,0.0,0.01046953,23885,6,0.14007305,1.8003112
120,3,24017273,0.99739948,0.00629438,0.00183656,0.0,0.00036473,0.99149959,0.0,4.74e-06,17859,6,0.17086483,1.8002112
120,4,24017274,0.98901489,0.02884806,0.00163971,0.0,0.00253614,0.88332619,0.0,0.08364989,23875,6,0.24678703,1.8002612
120,5,24017275,0.99789246,0.00448917,0.00083895,0.0,0.0008438,0.98989315,0.0,0.00393493,11331,6,0.28868281,1.7998517
120,6,24017276,0.99615341,0.01012496,0.00415242,0.0,0.0007853,0.85182181,0.0,0.1331155,56533,6,0.18479028,1.8001014
120,7,24017277,0.98972535,0.02095586,0.00311208,0.0,0.00486182,0.82438936,0.0,0.14668088,24012,6,0.18699281,1.800068
120,8,24017278,0.99330859,0.01468026,0.00297959,0.0,0.00228942,0.93382365,0.0,0.04622709,48197,6,0.1505694,1.7999764
120,9,24017279,0.98939078,0.02141992,0.00147357,0.0,0.00416945,0.92029203,0.0,0.05264502,17859,6,0.2137191,1.8002112
120,10,24017280,0.98541441,0.04331662,0.00424844,0.0,0.00430307,0.79078129,0.0,0.15735057,18306,6,0.0895481,1.8001613
121,1,24017301,0.99883553,0.00021339,0.0,1.794e-05,6.75e-06,0.99976053,1.33e-06,5e-08,63567,6,0.0224249,0.9993902
121,2,24017302,0.99882464,0.00019142,0.0,1.76e-05,6.63e-06,0.99978293,1.3e-06,1.2e-07,36875,6,0.06353876,0.9991905
121,3,24017303,0.99885978,0.00021093,0.0,1.787e-05,7.2e-06,0.99976261,1.32e-06,7e-08,50617,6,0.04998448,0.9991903
121,4,24017304,0.99886841,0.00021902,0.0,1.804e-05,6.88e-06,0.99975441,1.32e-06,3.4e-07,36075,6,0.04069452,0.9991902
121,5,24017305,0.99883461,0.00019896,0.0,1.772e-05,6.62e-06,0.99977526,1.32e-06,1.2e-07,29289,6,0.04548418,0.9991858
121,6,24017306,0.99881865,0.00021138,0.0,1.774e-05,8.05e-06,0.9997615,1.32e-06,2e-08,37085,6,0.0422526,0.9987812
121,7,24017307,0.99878217,0.00020775,0.0,1.776e-05,6.36e-06,0.99976676,1.32e-06,4e-08,38233,6,0.03680006,0.9989811
121,8,24017308,0.99886757,0.00018904,0.0,1.776e-05,6.47e-06,0.99978502,1.33e-06,3.8e-07,5561,6,0.08269907,0.9992903
121,9,24017309,0.9988491,0.00019128,0.0,1.759e-05,6.2e-06,0.99978356,1.32e-06,5e-08,22937,6,0.04374618,0.9993903
121,10,24017310,0.99880799,0.00020852,0.0,1.805e-05,7.74e-06,0.99910124,1.36e-06,0.00066309,33163,6,0.03621819,0.9987812
122,1,24017331,0.98108511,0.05451324,0.01926879,0.00083495,0.03493032,0.55198408,0.00974923,0.32871938,12037,7,0.13356353,1.4795387
122,2,24017332,0.99030877,0.04079947,0.00581925,1.7e-07,0.01382168,0.58952022,0.00418376,0.34585545,13973,6,0.17462051,1.4795887
122,3,24017333,0.9818507,0.06086316,0.00946984,0.00043658,0.02881431,0.71703565,0.00903772,0.17434274,42917,6,0.09630736,1.4794596
122,4,24017334,0.98243584,0.06003148,0.01132953,7e-08,0.02514513,0.80607704,0.00962787,0.08778889,54925,6,0.11751698,1.4794928
122,5,24017335,0.97968134,0.06806753,0.00709178,8.187e-05,0.02417055,0.73063409,0.01374773,0.15620644,49037,7,0.10953706,1.4795928
122,6,24017336,0.98332712,0.05830296,0.00886974,0.00110915,0.03011536,0.71576127,0.00562864,0.18021288,42893,6,0.07097498,1.4796886
122,7,24017337,0.98126087,0.05371232,0.01141169,0.00251089,0.03650524,0.63285666,0.00726548,0.25573772,24357,7,0.0601775,1.4795887
122,8,24017338,0.98147158,0.06272813,0.00929925,0.00080346,0.0247694,0.50835614,0.00647009,0.38757352,16173,7,0.15908126,1.4796386
122,9,24017339,0.98423447,0.04807452,0.00817744,0.00020657,0.01931099,0.69902988,0.01174713,0.21345347,24085,6,0.12970763,1.4795887
122,10,24017340,0.98235078,0.0568458,0.011423,0.00194161,0.02142855,0.66854787,0.00816907,0.23164411,11053,6,0.11863129,1.4795887
123,1,24017361,0.80151621,0.20984949,0.04582404,0.0,0.0643916,0.60922929,0.05234563,0.01835996,39177,6,0.05998388,0.9994451
123,2,24017362,0.80560303,0.2000504,0.03531754,0.0,0.0598431,0.64477081,0.04852313,0.01149502,38155,6,0.05463031,0.999445
123,3,24017363,0.83610817,0.1700556,0.03359931,0.0,0.05350372,0.6610435,0.03593988,0.045858,32779,6,0.08579266,0.9995225
123,4,24017364,0.80301567,0.19495773,0.03911244,0.0,0.0594864,0.61079493,0.05194618,0.04370231,32779,6,0.05605035,0.9995225
123,5,24017365,0.8120857,0.19943603,0.03649773,0.0,0.05402378,0.6299634,0.04895744,0.03112162,37387,6,0.10236819,0.9994838
123,6,24017366,0.81326916,0.19070526,0.04196956,0.0,0.05018273,0.65821082,0.05702981,0.00190182,33295,6,0.07480292,0.9994838
123,7,24017367,0.85817301,0.1487648,0.02740092,0.0,0.04394271,0.70391496,0.037803,0.0381736,36939,6,0.09415199,0.9995225
123,8,24017368,0.8214505,0.1954181,0.03675717,0.0,0.05852328,0.66600045,0.03760244,0.00569857,34057,6,0.05176622,0.999445
123,9,24017369,0.86439235,0.14414043,0.02653523,0.0,0.04131652,0.66745748,0.0333782,0.08717212,34827,6,0.07451236,0.9995225
123,10,24017370,0.81260991,0.19692648,0.03266133,0.0,0.05542331,0.65647632,0.05029547,0.0082171,37385,6,0.068475,0.9994838
124,1,24017391,0.99906707,0.00022101,0.0,1.057e-05,2.152e-05,0.75636346,0.0,0.24338343,64569,6,0.04923847,0.999138
124,2,24017392,0.99902091,0.00022041,0.0,1.058e-05,1.965e-05,0.72940651,0.0,0.27034286,48377,6,0.03437844,0.9991379
124,3,24017393,0.99906216,0.00022822,0.0,1.064e-05,2.106e-05,0.66213901,0.0,0.33760107,23033,6,0.06286474,0.9991379
124,4,24017394,0.99905195,0.0002122,0.0,1.063e-05,1.901e-05,0.72466077,0.0,0.27509739,40681,6,0.05373361,0.9992691
124,5,24017395,0.99896837,0.00021822,0.0,1.052e-05,1.967e-05,0.74358264,0.0,0.25616895,31737,6,0.06069394,0.9993034
124,6,24017396,0.99899744,0.00020939,0.0,1.059e-05,2.019e-05,0.80786641,0.0,0.19189341,8041,6,0.05066217,0.999038
124,7,24017397,0.99903442,0.00022789,0.0,1.063e-05,2.481e-05,0.68015644,0.0,0.31958023,60793,6,0.04453484,0.9992687
124,8,24017398,0.99904593,0.0002246,0.0,1.068e-05,2.143e-05,0.77177905,0.0,0.22796424,49145,6,0.04735832,0.9994689
124,9,24017399,0.99905158,0.00022083,0.0,1.064e-05,2.23e-05,0.64747156,0.0,0.35227467,7577,6,0.04640443,0.9992689
124,10,24017400,0.99909536,0.00024141,0.0,1.058e-05,2.457e-05,0.60584534,0.0,0.3938781,61033,6,0.03064389,0.9994687
125,1,24017421,0.99949267,0.00024205,4.75e-06,0.0,9.67e-06,0.9997433,0.0,2.3e-07,11586,6,0.15847773,2.0998461
125,2,24017422,0.99540673,0.0174876,0.01409656,0.0,0.00169338,0.92183048,0.0,0.04489199,47635,6,0.18420263,2.0996014
125,3,24017423,0.99938074,0.00023946,4.32e-06,0.0,9.72e-06,0.9997463,0.0,2e-07,9411,6,0.29844911,2.0994766
125,4,24017424,0.99952358,0.00024901,5.07e-06,0.0,1.168e-05,0.99973399,0.0,2.5e-07,50637,6,0.17086848,2.1000459
125,5,24017425,0.99785513,0.006789,0.00756532,0.0,0.00037923,0.93867625,0.0,0.0465902,11717,6,0.19645019,2.0996264
125,6,24017426,0.99950844,0.00023817,4.72e-06,0.0,1.064e-05,0.99974617,0.0,3e-07,56403,6,0.37661396,2.099971
125,7,24017427,0.99866483,0.00451156,0.00282198,0.0,6.57e-05,0.97830152,0.0,0.01429924,19541,6,0.17442396,2.0998961
125,8,24017428,0.99949883,0.00022707,4.66e-06,0.0,1.071e-05,0.99975732,0.0,2.4e-07,13762,6,0.23659675,2.099921
125,9,24017429,0.99221772,0.03259407,0.0123574,0.0,0.00029831,0.9121475,0.0,0.04260272,8421,6,0.16747047,2.0994766
125,10,24017430,0.99945983,0.00024561,4.74e-06,0.0,1.276e-05,0.99973669,0.0,1.9e-07,54484,6,0.21234754,2.099946
126,1,24017451,0.94932832,0.00465061,0.0,0.10229877,0.00020823,0.88778409,0.00427069,0.00078761,40072,2,0.05453092,0.6662589
126,2,24017452,0.97743777,0.00672647,0.0,0.01878048,0.00146394,0.96739938,0.00562941,3.3e-07,38441,6,0.03984614,0.9990887
126,3,24017453,0.98840967,0.00492822,0.0,0.01299058,0.00047634,0.97856087,0.00098091,0.00206308,35161,6,0.05570244,0.9992588
126,4,24017454,0.94136223,0.00555544,0.0,0.10744044,2.372e-05,0.88566281,0.00131757,2e-08,33032,2,0.0541448,0.4995385
126,5,24017455,0.94858864,0.00575275,0.0,0.10485515,0.00015362,0.88596248,0.00327596,5e-08,37704,2,0.05150169,0.6661428
126,6,24017456,0.96523861,0.00777168,0.0,0.04761297,0.00023115,0.93991657,0.00446761,2e-08,32905,6,0.03397552,0.9992589
126,7,24017457,0.96822402,0.00818552,0.0,0.0443176,0.00032336,0.94160501,0.00496872,0.0005998,42985,6,0.04096081,0.9989183
126,8,24017458,0.95774812,0.00501809,0.0,0.08033466,0.00044179,0.91263256,0.00157283,8e-08,36139,6,0.03676469,0.9989182
126,9,24017459,0.9698111,0.00329363,0.0,0.06127391,0.00033319,0.93503234,6.688e-05,5e-08,59993,6,0.03858265,0.9991181
126,10,24017460,0.91120235,0.00634791,0.0,0.17957099,0.00011089,0.80870374,0.00526645,2e-08,39112,2,0.06524495,0.6662589
127,1,24017481,0.99773176,0.00751086,0.03155248,0.0,0.00162367,0.28076938,0.0,0.67854361,34495,6,0.01929799,0.9998345
127,2,24017482,0.99810682,0.00716788,0.02535208,0.0,0.00139189,0.26467642,0.0,0.70141173,60343,7,0.023598,0.9997677
127,3,24017483,0.99836542,0.00569889,0.03181503,0.0,0.00093525,0.30649969,0.0,0.65505115,48511,7,0.02873279,0.9999338
127,4,24017484,0.9981214,0.0060176,0.04483921,0.0,0.00083052,0.30579299,0.0,0.64251968,27607,7,0.02337974,0.9997838
127,5,24017485,0.9983527,0.00562414,0.0382242,0.0,0.00108907,0.31347212,0.0,0.64159048,12087,7,0.01891355,0.9997845
127,6,24017486,0.9981195,0.00642672,0.04320865,0.0,0.00118216,0.25449379,0.0,0.69468868,42983,6,0.0184764,0.9998343
127,7,24017487,0.99821695,0.00556312,0.03979176,0.0,0.0015623,0.29818162,0.0,0.6549012,44535,7,0.02026953,0.9999005
127,8,24017488,0.99780348,0.00863679,0.02848751,0.0,0.00157433,0.30151138,0.0,0.65978999,48631,7,0.02245719,0.9999088
127,9,24017489,0.99804488,0.00668714,0.03305586,0.0,0.00185528,0.29213478,0.0,0.66626695,31695,6,0.02776399,0.9998676
127,10,24017490,0.99851711,0.00491761,0.03158614,0.0,0.00117026,0.29548559,0.0,0.6668404,6095,6,0.03863817,0.9997676
128,1,24017511,0.97164778,0.0622022,0.00698291,0.0,0.01899409,0.5747352,0.00226691,0.33481869,20363,7,0.13445074,1.4667552
128,2,24017512,0.97214088,0.05345397,0.00785971,0.0,0.01248804,0.85412167,0.0015358,0.07054082,20259,6,0.09138089,1.4668485
128,3,24017513,0.98860227,0.02825781,0.00374499,0.0,0.00519091,0.72165129,0.00063443,0.24052057,18978,6,0.12848106,1.4665056
128,4,24017514,0.9837761,0.02775737,0.00439094,0.0,0.00994483,0.54049327,0.00124359,0.41616999,24068,7,0.10103109,1.4666054
128,5,24017515,0.96872951,0.06567651,0.00977945,0.0,0.01537148,0.56570587,0.00158455,0.34188215,20229,7,0.08453896,1.4668485
128,6,24017516,0.97875303,0.04587451,0.00711109,0.0,0.01013014,0.72416872,0.00113243,0.21158311,19235,6,0.09217925,1.4668485
128,7,24017517,0.98131677,0.03499303,0.00787534,0.0,0.01064663,0.6206301,0.00058943,0.32526546,57098,6,0.07093395,1.4669317
128,8,24017518,0.97477358,0.04811702,0.0052156,0.0,0.01338066,0.67261707,0.00197383,0.25869582,18307,6,0.10956562,1.4668485
128,9,24017519,0.96653356,0.06794195,0.01004165,0.0,0.02069343,0.5490168,0.00129269,0.35101347,20364,7,0.08350169,1.4666053
128,10,24017520,0.97402617,0.06228723,0.00562245,0.0,0.01265206,0.66357038,0.00192109,0.2539468,23436,6,0.12047084,1.4667718
129,1,24017541,0.99881229,0.00017841,0.0,1.679e-05,6.32e-06,0.99979718,1.14e-06,1.4e-07,36009,6,0.06833198,0.9991792
129,2,24017542,0.99886845,0.00021995,0.0,1.684e-05,7.64e-06,0.99467984,1.15e-06,0.00507459,61849,6,0.02240366,0.9993791
129,3,24017543,0.99882595,0.00020879,0.0,1.694e-05,7.75e-06,0.99976536,1.11e-06,6e-08,22521,6,0.03245298,0.999379
129,4,24017544,0.99884649,0.00021009,0.0,1.692e-05,7.75e-06,0.99976398,1.12e-06,1.4e-07,38521,6,0.05143283,0.9989586
129,5,24017545,0.99882604,0.00020521,0.0,1.682e-05,7.01e-06,0.99976978,1.11e-06,8e-08,37849,6,0.03271506,0.999379
129,6,24017546,0.99885189,0.00019046,0.0,1.692e-05,6.1e-06,0.99978536,1.14e-06,2e-08,33961,6,0.05095281,0.999179
129,7,24017547,0.99883189,0.00020252,0.0,1.692e-05,6.99e-06,0.99977222,1.14e-06,2e-07,60727,6,0.03436146,0.9992792
129,8,24017548,0.99888656,0.00020528,0.0,1.694e-05,6.54e-06,0.99976935,1.11e-06,7.9e-07,61785,6,0.02692824,0.9993791
129,9,24017549,0.99885333,0.0002113,0.0,1.69e-05,7.27e-06,0.99976333,1.1e-06,1.1e-07,57039,6,0.0265639,0.9989587
129,10,24017550,0.99891617,0.00022044,0.0,1.691e-05,7.45e-06,0.99975401,1.13e-06,7e-08,58751,6,0.02281667,0.999579
130,1,24017571,0.98984468,0.05635412,0.03185541,0.0,0.0028984,0.81448688,0.0,0.09440518,55483,6,0.11567561,1.9007268
130,2,24017572,0.99696149,0.0112862,0.00727305,0.0,0.00381638,0.93853563,0.0,0.03908874,18067,6,0.20424297,1.900757
130,3,24017573,0.99946348,0.0002574,4.99e-06,0.0,1.608e-05,0.99972122,0.0,3.2e-07,17626,6,0.22054323,1.900707
130,4,24017574,0.999398,0.00081924,0.00041204,0.0,0.00010182,0.99866548,0.0,1.43e-06,23764,6,0.29590086,1.900552
130,5,24017575,0.99953482,0.00025175,4.88e-06,0.0,1.315e-05,0.99972994,0.0,2.7e-07,52557,6,0.20710707,1.9009068
130,6,24017576,0.99489649,0.02661287,0.01112837,0.0,0.00044224,0.90074862,0.0,0.06106789,18076,6,0.1439177,1.900707
130,7,24017577,0.99106836,0.04249691,0.01224596,0.0,0.0114128,0.88552878,0.0,0.04831555,19997,6,0.0969605,1.9008069
130,8,24017578,0.99952168,0.00025335,4.88e-06,0.0,1.441e-05,0.99972705,0.0,3.2e-07,54493,6,0.20325479,1.9009069
130,9,24017579,0.99152375,0.04223909,0.02420826,0.0,0.00600027,0.88681722,0.0,0.04073517,52882,6,0.07996547,1.900527
130,10,24017580,0.9979308,0.011684,0.00364384,0.0,0.00029249,0.95123756,0.0,0.03314211,42436,6,0.24608341,1.9007736
131,1,24017601,0.90500892,0.08464997,0.02105974,0.0,0.01841328,0.83573901,0.02232746,0.01781053,36873,6,0.08280893,0.9994089
131,2,24017602,0.86024457,0.10717364,0.02828587,0.0,0.03107398,0.75362762,0.03900157,0.04083732,12569,6,0.07506274,0.9976498
131,3,24017603,0.89577066,0.08754971,0.02109347,0.0,0.01942079,0.80124369,0.02678802,0.04390432,32779,6,0.05436022,0.9994089
131,4,24017604,0.87765509,0.10186811,0.02870075,0.0,0.02447201,0.80370078,0.03279596,0.00846239,36879,6,0.05785207,0.9994089
131,5,24017605,0.87639492,0.10763226,0.02723439,0.0,0.02506043,0.7910904,0.03011635,0.01886616,35081,6,0.05222682,0.9992178
131,6,24017606,0.90684104,0.07731989,0.01856907,0.0,0.01915113,0.85532588,0.02314226,0.00649177,36875,6,0.0679983,0.9994089
131,7,24017607,0.89162061,0.09169123,0.02321652,0.0,0.01979915,0.81643937,0.02922566,0.01962808,23369,6,0.05444659,0.9994176
131,8,24017608,0.88593211,0.09189271,0.01941513,0.0,0.02306056,0.77792387,0.0300501,0.05765763,6985,6,0.06013436,0.9992178
131,9,24017609,0.88536402,0.0975932,0.02460158,0.0,0.02485248,0.81995496,0.02900191,0.00399586,34889,6,0.06404741,0.9994087
131,10,24017610,0.87972587,0.09964916,0.02174907,0.0,0.02591161,0.81847836,0.03142533,0.00278646,32841,6,0.0637981,0.9994088
132,1,24017631,0.9991102,0.00047698,0.0,0.0,2.757e-05,0.62777561,0.0,0.37171984,13561,6,0.04778633,0.9993044
132,2,24017632,0.99924428,0.00027907,0.0,0.0,2.732e-05,0.62359763,0.0,0.37609598,65529,6,0.04495864,0.9995522
132,3,24017633,0.99916186,0.00046496,0.0,0.0,2.751e-05,0.61892658,0.0,0.38058095,11903,7,0.02080669,0.9994543
132,4,24017634,0.99930802,0.00028461,0.0,0.0,3.26e-05,0.54443364,0.0,0.45524915,30443,6,0.02103109,0.999552
132,5,24017635,0.9991292,0.00047232,0.0,0.0,2.443e-05,0.67884458,0.0,0.32065867,48713,6,0.02788948,0.9988574
132,6,24017636,0.99927779,0.00029708,0.0,0.0,3.012e-05,0.57622744,0.0,0.42344536,43455,6,0.02611525,0.9996281
132,7,24017637,0.99920287,0.00033201,0.0,0.0,2.467e-05,0.67748014,0.0,0.32216318,56633,6,0.02938083,0.999031
132,8,24017638,0.99911748,0.00051073,0.0,0.0,0.00010368,0.71777012,0.0,0.28161547,63145,6,0.02509886,0.9994282
132,9,24017639,0.99913541,0.00051083,0.0,0.0,2.759e-05,0.61761073,0.0,0.38185086,40345,6,0.05983736,0.9995521
132,10,24017640,0.99916958,0.00058706,0.0,0.0,3.095e-05,0.59790619,0.0,0.4014758,33759,6,0.02763195,0.999752
133,1,24017661,0.99014575,0.03086561,0.00783951,0.0,0.00196519,0.9538397,0.0,0.00548998,17613,6,0.15898158,2.0561455
133,2,24017662,0.99651344,0.01205258,0.05600238,0.0,0.0004944,0.90000246,0.0,0.03144818,11349,6,0.22789839,2.0564564
133,3,24017663,0.98671438,0.03586252,0.01188004,0.0,0.00393813,0.86010191,0.0,0.0882174,50381,6,0.14004639,2.0562952
133,4,24017664,0.98909293,0.02616735,0.01178453,0.0,0.00167923,0.95946245,0.0,0.00090643,52300,6,0.13257356,2.0561455
133,5,24017665,0.998751,0.00420934,0.00214247,0.0,0.00027997,0.99336791,0.0,3.1e-07,48452,6,0.26784894,2.0565064
133,6,24017666,0.99873559,0.00242539,0.00028364,0.0,0.00010807,0.8768776,0.0,0.1203053,19787,6,0.28510502,2.0565064
133,7,24017667,0.99118119,0.01846092,0.01227543,0.0,0.00340255,0.95403435,0.0,0.01182675,44117,6,0.19562094,2.0565064
133,8,24017668,0.98513534,0.03361197,0.04875205,0.0,0.00575172,0.76896067,0.0,0.14292358,8380,6,0.09486872,2.0564064
133,9,24017669,0.99418719,0.01811562,0.0616785,0.0,0.00094556,0.83891687,0.0,0.08034345,8444,6,0.30577233,2.0564064
133,10,24017670,0.99817294,0.00317216,0.08984696,0.0,1.455e-05,0.90696289,0.0,3.45e-06,24013,6,0.37560141,2.0563453
134,1,24017691,0.9987661,0.00018248,0.0,1.493e-05,5.86e-06,0.99979507,1.58e-06,8e-08,34825,6,0.05469737,0.9991879
134,2,24017692,0.99884737,0.00020886,0.0,1.556e-05,6.49e-06,0.9997672,1.68e-06,2.2e-07,33485,6,0.03537386,0.9991879
134,3,24017693,0.99882677,0.00024655,0.0,1.624e-05,7.92e-06,0.99972629,1.73e-06,1.27e-06,33839,6,0.02902856,0.9991881
134,4,24017694,0.9987872,0.00020359,0.0,1.527e-05,5.99e-06,0.99977346,1.65e-06,4e-08,6585,6,0.04648763,0.9990322
134,5,24017695,0.99882715,0.00021541,0.0,1.57e-05,6.79e-06,0.99975995,1.62e-06,5.2e-07,36009,6,0.0340456,0.9991881
134,6,24017696,0.99884338,0.00022435,0.0,1.592e-05,6.89e-06,0.99975116,1.67e-06,2e-08,33177,6,0.02572404,0.999188
134,7,24017697,0.99876515,0.00022012,0.0,1.559e-05,7.64e-06,0.99975414,1.68e-06,8.2e-07,33081,6,0.03286798,0.9989823
134,8,24017698,0.99881767,0.00023086,0.0,1.597e-05,7.77e-06,0.99974365,1.7e-06,5e-08,40523,6,0.02317105,0.9991876
134,9,24017699,0.9987966,0.00017662,0.0,1.467e-05,6.02e-06,0.99980103,1.63e-06,4e-08,38057,6,0.05356821,0.999188
134,10,24017700,0.99874346,0.0002001,0.0,1.522e-05,6.07e-06,0.99977666,1.64e-06,3e-07,61707,6,0.07633458,0.9989763
135,1,24017721,0.97738715,0.08615064,0.01064136,0.0006164,0.05230134,0.58431916,0.03175422,0.23421687,22413,6,0.17217551,1.2399884
135,2,24017722,0.96644209,0.10627384,0.01403928,0.00342618,0.08252014,0.30436736,0.05192191,0.43745128,48653,7,0.08254865,1.2398904
135,3,24017723,0.97513543,0.0823831,0.01281896,0.00017943,0.06721052,0.36645796,0.03850156,0.43244846,18309,6,0.09933721,1.2398885
135,4,24017724,0.97593826,0.08055456,0.01130476,0.00132103,0.05848755,0.15291123,0.03376027,0.6616606,16261,7,0.10821079,1.2398655
135,5,24017725,0.97396507,0.08993243,0.01392247,0.00124331,0.06824942,0.41229157,0.03716419,0.37719661,22149,6,0.21287135,1.2397157
135,6,24017726,0.97681567,0.08912496,0.00948077,0.0017319,0.05904123,0.27985378,0.02684736,0.53391998,14213,6,0.08527293,1.2399384
135,7,24017727,0.97478292,0.08753281,0.01020571,0.00173516,0.04348429,0.32719647,0.04144366,0.4884019,42637,6,0.11219417,1.2398904
135,8,24017728,0.97726081,0.07220615,0.00773616,0.00017589,0.05355822,0.34483914,0.04083905,0.48064538,20397,7,0.13557822,1.2398405
135,9,24017729,0.96818118,0.09111413,0.01577221,0.00088047,0.07029762,0.1716191,0.05807048,0.59224599,24333,7,0.06963296,1.2399884
135,10,24017730,0.98144217,0.06529501,0.00984707,1.6e-07,0.04653225,0.27008623,0.02446917,0.58377011,16301,7,0.19065374,1.2399405
136,1,24017751,0.67681171,0.47393519,0.05092336,0.0,0.20263895,0.0,0.15311034,0.11939216,19087,7,0.04111009,0.9996377
136,2,24017752,0.6707691,0.49310229,0.05311413,0.0,0.2126099,0.0,0.14361281,0.09756087,24207,7,0.02843074,0.9996836
136,3,24017753,0.66287584,0.47681848,0.05068102,0.0,0.1904863,0.0,0.15193131,0.13008289,23175,7,0.08912165,0.9996128
136,4,24017754,0.67931655,0.50178194,0.05287855,0.0,0.2059997,0.0,0.11852593,0.12081387,24207,7,0.0311994,0.9996836
136,5,24017755,0.63941943,0.53914275,0.05803531,0.0,0.22411529,0.0,0.12658842,0.05211824,19079,7,0.02520986,0.9995379
136,6,24017756,0.66812178,0.50309854,0.05602739,0.0,0.20366188,0.0,0.17784247,0.05936972,19079,7,0.01992419,0.9995379
136,7,24017757,0.67723359,0.48692216,0.04605033,0.0,0.19238223,0.0,0.11556309,0.15908219,23175,7,0.07370004,0.9996128
136,8,24017758,0.66376373,0.50794148,0.05617416,0.0,0.21226101,0.0,0.12521926,0.0984041,19087,7,0.02835834,0.9996377
136,9,24017759,0.65430243,0.49671582,0.05204715,0.0,0.2063861,0.0,0.14829451,0.09655642,19079,7,0.04089081,0.9995379
136,10,24017760,0.67322335,0.47956216,0.04697162,0.0,0.19175842,0.0,0.14652744,0.13518036,23183,7,0.04049111,0.9996877
137,1,24017781,0.99894885,0.00020025,0.0,1.415e-05,2e-05,0.70107988,0.0,0.29868571,63481,6,0.07455773,0.9994084
137,2,24017782,0.99900115,0.00021063,0.0,1.425e-05,2.317e-05,0.62840955,0.0,0.37134239,30283,6,0.02110249,0.9994084
137,3,24017783,0.9990018,0.00020475,0.0,1.423e-05,2.084e-05,0.71060278,0.0,0.2891574,28937,6,0.04242503,0.9990173
137,4,24017784,0.9988896,0.00020493,0.0,1.42e-05,1.829e-05,0.7250071,0.0,0.27475547,52697,6,0.03289316,0.9988174
137,5,24017785,0.99899231,0.00020979,0.0,1.406e-05,2.021e-05,0.65245363,0.0,0.34730232,32633,6,0.07179127,0.9994084
137,6,24017786,0.99888322,0.00020669,0.0,1.419e-05,1.951e-05,0.69190016,0.0,0.30785945,36681,6,0.05024238,0.9988174
137,7,24017787,0.99892317,0.00021875,0.0,1.416e-05,2.242e-05,0.62337622,0.0,0.37636845,60393,6,0.04091981,0.9986222
137,8,24017788,0.99897745,0.00021824,0.0,1.414e-05,2.26e-05,0.68283006,0.0,0.31691496,61439,7,0.02379967,0.9996084
137,9,24017789,0.99892671,0.00021565,0.0,1.425e-05,2.082e-05,0.68636401,0.0,0.31338527,60653,6,0.03462657,0.9994083
137,10,24017790,0.99893809,0.00020418,0.0,1.414e-05,2.1e-05,0.70455017,0.0,0.2952105,36809,6,0.05254925,0.9988176
138,1,24017811,0.98820405,0.0723007,0.13712653,0.0,0.00222305,0.70514773,0.0,0.08320199,8357,6,0.10596613,2.1756027
138,2,24017812,0.97481668,0.14671047,0.3606041,0.0,0.00548573,0.37014972,0.0,0.11704998,8354,4,0.29178642,2.1755528
138,3,24017813,0.98182422,0.10877782,0.23161954,0.0,0.00508745,0.58850457,0.0,0.06601063,8868,6,0.13795254,2.1755529
138,4,24017814,0.99141459,0.05085333,0.1098434,0.0,0.00164032,0.83288034,0.0,0.00478261,15899,6,0.08166304,2.1761374
138,5,24017815,0.97460178,0.16350291,0.3739419,0.0,0.00153538,0.281981,0.0,0.17903881,47469,4,0.22262251,2.1761874
138,6,24017816,0.98703487,0.07815063,0.16816412,0.0,0.00176072,0.7519192,0.0,5.33e-06,8444,6,0.14755091,2.1759875
138,7,24017817,0.99360447,0.03520703,0.08440401,0.0,0.00078199,0.85611101,0.0,0.02349596,13971,6,0.28380283,2.1760874
138,8,24017818,0.97358829,0.1677304,0.36275337,0.0,0.00365858,0.43226321,0.0,0.03359444,8884,6,0.18049825,2.1759875
138,9,24017819,0.95934791,0.24017401,0.58667804,0.0,0.00839797,0.07400456,0.0,0.09074542,8354,4,0.29846218,2.1755528
138,10,24017820,0.97218838,0.1658382,0.39311523,0.0,0.00648382,0.42315902,0.0,0.01140374,8354,4,0.2772677,2.1755528
139,1,24017841,0.918473,0.02372799,0.00293662,0.09068004,0.00241868,0.85603166,0.02420498,4e-08,38923,6,0.06544744,0.9992976
139,2,24017842,0.89885272,0.02225753,0.00325021,0.12498385,0.00570306,0.81904432,0.0224087,0.00235233,32911,6,0.04731967,0.9992976
139,3,24017843,0.90688445,0.02104088,0.00312012,0.10680504,0.00583611,0.82146483,0.02498347,0.01674955,37131,6,0.07083023,0.9989957
139,4,24017844,0.95483535,0.01930555,0.00287675,0.03296077,0.00253496,0.92746302,0.01485893,1e-08,33753,6,0.09788756,0.9992977
139,5,24017845,0.90601466,0.02287933,0.00399785,0.09610812,0.00337409,0.84552401,0.02811656,3e-08,36909,6,0.04159098,0.9991466
139,6,24017846,0.90300703,0.02867035,0.00530784,0.09429855,0.00420405,0.83695171,0.03056747,3e-08,35403,6,0.03945069,0.9992975
139,7,24017847,0.89373004,0.02445233,0.00254982,0.17290794,0.00413669,0.78296446,0.01298807,6.9e-07,36879,6,0.0740569,0.9992977
139,8,24017848,0.89535582,0.02465732,0.0041209,0.15849525,0.00382104,0.78271102,0.02001485,0.00617961,22937,6,0.11715328,0.9994975
139,9,24017849,0.90172373,0.02890242,0.00355538,0.0996517,0.00599904,0.83211195,0.02977949,3e-08,37198,2,0.05213484,0.6659171
139,10,24017850,0.92099624,0.02873666,0.00595361,0.06044784,0.00424777,0.87409571,0.02651816,2.4e-07,38297,6,0.04168006,0.9994974
140,1,24017871,0.99830442,0.00368513,0.0054212,0.0,0.00063882,0.48246996,0.0,0.5077849,36287,6,0.02015504,0.9998615
140,2,24017872,0.99873637,0.00232629,0.00651866,0.0,0.0003432,0.44294798,0.0,0.54786387,60223,7,0.02682467,0.9997231
140,3,24017873,0.99881679,0.00224903,0.00538783,0.0,0.0008682,0.41234413,0.0,0.57915081,32103,6,0.02939007,0.99946
140,4,24017874,0.99805149,0.00409396,0.00459663,0.0,0.0008126,0.52144037,0.0,0.46905643,27767,6,0.02070698,0.9995732
140,5,24017875,0.99858488,0.00330671,0.00479759,0.0,0.00041203,0.46052036,0.0,0.53096331,63319,7,0.03082199,0.9998115
140,6,24017876,0.99844393,0.00347698,0.00731983,0.0,0.00019351,0.46884748,0.0,0.52016222,40799,7,0.02703428,0.9998615
140,7,24017877,0.99849763,0.00384951,0.00417892,0.0,0.00025618,0.50686713,0.0,0.48484826,31807,6,0.02315742,0.9997231
140,8,24017878,0.99878071,0.00251414,0.00654442,0.0,0.00018947,0.41707714,0.0,0.57367483,56767,6,0.02771791,0.9998615
140,9,24017879,0.99819434,0.00425146,0.00988068,0.0,0.00100614,0.49809196,0.0,0.48676976,26359,6,0.03448029,0.9995733
140,10,24017880,0.99857095,0.002908,0.00686307,0.0,0.00023482,0.50927805,0.0,0.48071605,11447,6,0.02132667,0.9996731
141,1,24017901,0.99508963,0.01555899,0.00101775,0.0,0.00239805,0.96240995,0.0,0.01861526,52556,6,0.14119492,1.8075825
141,2,24017902,0.98808851,0.02847467,0.00341243,0.0,0.00552599,0.89537797,0.0,0.06720894,17629,6,0.17239553,1.8075825
141,3,24017903,0.99161418,0.01805203,0.00341474,0.0,0.00350329,0.81559788,0.0,0.15943206,56395,6,0.13280853,1.8074211
141,4,24017904,0.99561441,0.00651656,0.0027412,0.0,0.0029145,0.92773158,0.0,0.06009616,23772,6,0.11272931,1.8073879
141,5,24017905,0.98937384,0.02303854,0.00965907,0.0,0.00563132,0.8300262,0.0,0.13164487,8420,6,0.1145983,1.8071216
141,6,24017906,0.99332283,0.01533693,0.00141841,0.0,0.00351626,0.94290939,0.0,0.03681901,44117,6,0.18704605,1.8075825
141,7,24017907,0.99168561,0.0230921,0.00444941,0.0,0.00368103,0.92048034,0.0,0.04829712,48205,6,0.14045361,1.8074211
141,8,24017908,0.98971056,0.02121238,0.003994,0.0,0.00414723,0.90366968,0.0,0.06697672,48194,6,0.28416684,1.8072713
141,9,24017909,0.99326875,0.01681639,0.00418477,0.0,0.00360158,0.76072606,0.0,0.21467119,18050,6,0.10016569,1.8071216
141,10,24017910,0.99162084,0.01600258,0.00206199,0.0,0.00536165,0.8530885,0.0,0.12348528,56650,6,0.10992142,1.8076158
142,1,24017931,0.99882309,0.00019535,0.0,1.788e-05,7.19e-06,0.9997768,1.29e-06,1.49e-06,35529,6,0.05538727,0.9991515
142,2,24017932,0.99886004,0.00018648,0.0,1.787e-05,6.12e-06,0.99978736,1.3e-06,8.6e-07,38169,6,0.06774501,0.9993513
142,3,24017933,0.99877539,0.0002069,0.0,1.796e-05,7.07e-06,0.99913141,1.35e-06,0.00063529,54521,6,0.06730965,0.998903
142,4,24017934,0.99886459,0.00019999,0.0,1.801e-05,7.25e-06,0.99977343,1.29e-06,3e-08,54457,6,0.03508357,0.9989029
142,5,24017935,0.99884219,0.0002031,0.0,1.79e-05,7.82e-06,0.99976962,1.29e-06,2.8e-07,31757,6,0.04769616,0.9993512
142,6,24017936,0.99882762,0.00018827,0.0,1.791e-05,5.86e-06,0.99978659,1.32e-06,4e-08,36585,6,0.11970676,0.9991515
142,7,24017937,0.99877248,0.00018833,0.0,1.8e-05,6.57e-06,0.99978573,1.28e-06,9e-08,34889,6,0.03267164,0.9991511
142,8,24017938,0.99878694,0.00019945,0.0,1.791e-05,7.3e-06,0.99977375,1.3e-06,2.9e-07,38121,6,0.05279615,0.9991514
142,9,24017939,0.9988374,0.00019168,0.0,1.799e-05,6.47e-06,0.99978248,1.31e-06,7e-08,7673,6,0.07050765,0.9993513
142,10,24017940,0.66571757,0.00011412,0.0,0.99986893,3.76e-06,1.19e-05,1.28e-06,1e-08,31160,2,0.10225393,0.6660826
143,1,24017961,0.99681738,0.01035965,0.00066824,0.0,0.00245625,0.93922247,0.0,0.04729339,54723,6,0.21531644,1.7631916
143,2,24017962,0.99497034,0.01575627,0.00335124,0.0,0.00695891,0.70362425,0.0,0.27030933,24493,7,0.16132618,1.7630642
143,3,24017963,0.99601256,0.01345223,0.00216798,0.0,0.00481078,0.87078785,0.0,0.10878117,42445,6,0.20016796,1.7632666
143,4,24017964,0.99569235,0.01641892,0.00108099,0.0,0.00205686,0.84842959,0.0,0.13201364,23469,6,0.14959893,1.7630642
143,5,24017965,0.99431641,0.01332625,0.00211234,0.0,0.00837044,0.93997742,0.0,0.03621355,52445,6,0.1220818,1.7631141
143,6,24017966,0.99345599,0.02103547,0.00419777,0.0,0.00512128,0.86556364,0.0,0.10408185,17083,6,0.1029126,1.7631667
143,7,24017967,0.99048075,0.03233654,0.00550921,0.0,0.01054369,0.84641282,0.0,0.10519774,11780,6,0.11503783,1.7627146
143,8,24017968,0.99381998,0.0192621,0.00498516,0.0,0.00982371,0.89802192,0.0,0.06790711,23876,6,0.2037727,1.7631417
143,9,24017969,0.99651364,0.0135814,0.0027445,0.0,0.00146464,0.82410167,0.0,0.1581078,52445,6,0.20477614,1.7631141
143,10,24017970,0.99619417,0.01273193,0.00229873,0.0,0.00296043,0.95327248,0.0,0.02873643,52893,6,0.14606737,1.7631141
144,1,24017991,0.80015581,0.17809797,0.03726597,0.0,0.04409754,0.6690973,0.05562587,0.01581535,35081,6,0.06815376,0.9993558
144,2,24017992,0.82518484,0.15040261,0.03080528,0.0,0.03919324,0.68993912,0.05012118,0.03953857,36941,6,0.06113193,0.9994779
144,3,24017993,0.81052716,0.17482741,0.03841317,0.0,0.04618325,0.62026922,0.04524517,0.07506177,32847,6,0.0857928,0.9994779
144,4,24017994,0.83488566,0.15229279,0.03110173,0.0,0.03927361,0.69945552,0.04149878,0.03637758,32845,6,0.06689669,0.9994779
144,5,24017995,0.80877459,0.17510641,0.04003926,0.0,0.04802988,0.66733085,0.04367351,0.0258201,32783,6,0.11396978,0.9994779
144,6,24017996,0.81755484,0.15858185,0.03868037,0.0,0.0385175,0.67937946,0.05234624,0.03249459,18631,6,0.04748625,0.999306
144,7,24017997,0.84041143,0.14718724,0.03230953,0.0,0.03647714,0.70135807,0.04041643,0.04225159,32845,6,0.06034238,0.9994779
144,8,24017998,0.81848104,0.1682729,0.03492974,0.0,0.04332678,0.65798542,0.0419162,0.05356896,32843,6,0.0672655,0.9994779
144,9,24017999,0.77770619,0.20095027,0.04433338,0.0,0.06146541,0.62933193,0.05109041,0.0128286,37129,6,0.06593227,0.9993559
144,10,24018000,0.83845955,0.15156139,0.03155775,0.0,0.03818862,0.73848861,0.03910365,0.00109998,18567,6,0.05978378,0.999306
145,1,24018021,0.99907168,0.00021094,0.0,4.34e-06,1.791e-05,0.72208181,0.0,0.277685,62841,6,0.05549404,0.999478
145,2,24018022,0.9990663,0.00024053,0.0,4.28e-06,2.566e-05,0.66328482,0.0,0.33644471,42489,6,0.03538126,0.999278
145,3,24018023,0.99900586,0.00021515,0.0,4.33e-06,1.772e-05,0.76373561,0.0,0.2360272,55225,6,0.08145527,0.999317
145,4,24018024,0.99911528,0.00020076,0.0,4.33e-06,1.629e-05,0.79183714,0.0,0.20794148,32249,6,0.06211791,0.999478
145,5,24018025,0.99907207,0.00023624,0.0,4.27e-06,2.437e-05,0.61994548,0.0,0.37978964,53177,6,0.04531065,0.9991173
145,6,24018026,0.99903518,0.00023807,0.0,4.3e-06,2.333e-05,0.68331646,0.0,0.31641784,32729,6,0.03583947,0.999478
145,7,24018027,0.99903223,0.00022049,0.0,4.28e-06,2.35e-05,0.75771892,0.0,0.24203281,58217,6,0.06194447,0.9987959
145,8,24018028,0.9991098,0.00024501,0.0,4.28e-06,2.597e-05,0.60688034,0.0,0.39284439,6127,6,0.02557941,0.9992562
145,9,24018029,0.99911818,0.00024575,0.0,4.27e-06,2.647e-05,0.57639534,0.0,0.42332817,46393,6,0.03141409,0.9989567
145,10,24018030,0.99913089,0.00023993,0.0,4.27e-06,2.856e-05,0.57747006,0.0,0.42225719,7679,7,0.02401956,0.9996779
146,1,24018051,0.99945023,0.00022778,4.3e-06,0.0,1.044e-05,0.99975722,0.0,2.6e-07,19907,6,0.20372619,2.2572466
146,2,24018052,0.99949714,0.00026314,4.97e-06,0.0,1.137e-05,0.99972024,0.0,2.8e-07,56413,6,0.27909804,2.2576977
146,3,24018053,0.99941709,0.00024511,4.25e-06,0.0,1.076e-05,0.99973962,0.0,2.5e-07,50628,6,0.14919544,2.2575645
146,4,24018054,0.99945788,0.0002409,4.38e-06,0.0,9.87e-06,0.99974462,0.0,2.3e-07,21717,6,0.27028798,2.2575978
146,5,24018055,0.99946641,0.00024152,4.5e-06,0.0,1.01e-05,0.99974358,0.0,3e-07,15445,6,0.2608661,2.2575978
146,6,24018056,0.99584696,0.01140632,0.00341985,0.0,0.00060821,0.9439376,0.0,0.04062802,19532,6,0.10533693,2.257047
146,7,24018057,0.99946827,0.0002404,4.58e-06,0.0,1.034e-05,0.99974444,0.0,2.4e-07,23874,6,0.17414788,2.2575728
146,8,24018058,0.99949386,0.00023379,4.5e-06,0.0,8.9e-06,0.99975254,0.0,2.7e-07,11348,6,0.31767721,2.2574979
146,9,24018059,0.9994552,0.0002401,4.61e-06,0.0,1.166e-05,0.99974341,0.0,2.2e-07,9676,6,0.20682053,2.2574979
146,10,24018060,0.99951539,0.00022264,4.7e-06,0.0,5.4e-06,0.99976713,0.0,1.2e-07,15685,6,0.60102531,2.2575978
147,1,24018081,0.99790683,0.00061235,0.0,9.14e-06,5.929e-05,0.99877379,0.00054538,5e-08,39947,6,0.03836297,0.9992032
147,2,24018082,0.99860924,0.00043876,0.0,0.00012864,8.47e-06,0.99942144,1.94e-06,7.5e-07,34411,6,0.03396793,0.9992033
147,3,24018083,0.99021909,0.00325901,0.0,0.01633593,9.191e-05,0.97869022,0.00161772,5.22e-06,65017,6,0.04142498,0.9994033
147,4,24018084,0.99365334,0.00033327,0.0,0.01001142,4.113e-05,0.98961061,2.16e-06,1.41e-06,21945,6,0.05134521,0.9994032
147,5,24018085,0.94674347,0.00149982,0.0,0.14691902,6.56e-06,0.85157256,1.99e-06,5e-08,5817,6,0.05172824,0.998659
147,6,24018086,0.98687726,0.0014437,0.0,0.03297649,7.27e-06,0.96556731,2e-06,3.23e-06,34361,6,0.04443176,0.9986092
147,7,24018087,0.9869598,0.00032161,0.0,0.03300693,8.56e-06,0.96666088,1.96e-06,6e-08,26217,6,0.06394427,0.9991535
147,8,24018088,0.99874492,0.00022775,0.0,8.47e-06,6.37e-06,0.99975172,1.95e-06,3.75e-06,36265,6,0.04717055,0.9988072
147,9,24018089,0.99725036,0.00030569,0.0,0.00454967,6.63e-06,0.98819975,1.83e-06,0.00693643,30409,6,0.03850354,0.9994031
147,10,24018090,0.9971497,0.0010914,0.0,0.0007423,2.996e-05,0.99735324,0.00078299,1e-07,59785,6,0.03417377,0.9990069
148,1,24018111,0.99782869,0.01284739,0.06420378,0.0,0.00304011,0.09197758,0.0,0.82793114,44855,7,0.02154645,0.9999311
148,2,24018112,0.99764359,0.01588725,0.06408206,0.0,0.00283972,0.07625321,0.0,0.84093776,57343,7,0.02568045,0.9999848
148,3,24018113,0.99777162,0.01360226,0.0515883,0.0,0.00323855,0.05647024,0.0,0.87510066,20351,7,0.02385652,0.9999348
148,4,24018114,0.99806113,0.01288319,0.08485634,0.0,0.00281509,0.06342855,0.0,0.83601684,62935,7,0.03612573,0.999862
148,5,24018115,0.99746331,0.01560902,0.05970698,0.0,0.00313502,0.02450969,0.0,0.89703929,31607,7,0.02258554,0.9999272
148,6,24018116,0.99809152,0.01125066,0.06021884,0.0,0.00273007,0.10176079,0.0,0.82403963,39711,7,0.02573875,0.9999771
148,7,24018117,0.99811601,0.01157757,0.05203035,0.0,0.00203533,0.03159772,0.0,0.90275904,8031,7,0.0288501,0.9999847
148,8,24018118,0.99771654,0.01429685,0.06111862,0.0,0.00332623,0.11166991,0.0,0.80958839,3967,7,0.02405874,0.9999348
148,9,24018119,0.9974314,0.01606656,0.07327183,0.0,0.0030548,0.03310492,0.0,0.87450188,3959,7,0.01867454,0.9999348
148,10,24018120,0.99769557,0.01510489,0.06136904,0.0,0.00325838,0.06934587,0.0,0.85092182,44799,7,0.02332993,0.9999695
149,1,24018141,0.97406104,0.04492992,0.00558577,0.0,0.01335624,0.67885834,0.00374246,0.25352726,18306,6,0.17108371,1.3696694
149,2,24018142,0.96557991,0.05964532,0.01018145,0.0,0.01764225,0.5071451,0.00590854,0.39947734,20003,6,0.08479939,1.3694457
149,3,24018143,0.96698367,0.06212635,0.0096422,0.0,0.01564505,0.61466437,0.00366954,0.29425249,55811,6,0.08681704,1.3695705
149,4,24018144,0.9609327,0.06727596,0.01237266,0.0,0.02004965,0.4867278,0.00618241,0.40739151,20004,6,0.07744391,1.3693957
149,5,24018145,0.95484212,0.0967647,0.01576914,0.0,0.02305601,0.40730933,0.00368155,0.45341926,19203,7,0.13131019,1.3697193
149,6,24018146,0.96755068,0.05344335,0.0115563,0.0,0.01887721,0.74775905,0.00218024,0.16618386,20235,7,0.10409344,1.3697693
149,7,24018147,0.96000514,0.06799773,0.00853411,0.0,0.02131296,0.65768854,0.00440684,0.24005982,23339,6,0.07460544,1.3698193
149,8,24018148,0.95122634,0.0919844,0.01213428,0.0,0.0294171,0.59078346,0.00551775,0.270163,18053,6,0.18721278,1.3694458
149,9,24018149,0.964176,0.06684482,0.00706422,0.0,0.02083705,0.42016571,0.00416933,0.48091886,19970,7,0.08725266,1.3693958
149,10,24018150,0.97692768,0.03830555,0.00582422,0.0,0.01179556,0.47213142,0.00345915,0.4684841,20363,7,0.13051664,1.3696455
150,1,24018171,0.99889641,0.00019757,0.0,1.831e-05,1.956e-05,0.67808614,0.0,0.32167842,40825,6,0.06987383,0.9993567
150,2,24018172,0.99876043,0.00018287,0.0,1.821e-05,1.477e-05,0.75725514,0.0,0.24252901,37401,6,0.0234545,0.9984928
150,3,24018173,0.99879416,0.00018689,0.0,1.819e-05,1.767e-05,0.71554324,0.0,0.284234,60457,6,0.03893378,0.9993566
150,4,24018174,0.99879753,0.00018603,0.0,1.815e-05,1.648e-05,0.79283996,0.0,0.20693939,36233,6,0.03926453,0.9987141
150,5,24018175,0.99887092,0.00019522,0.0,1.825e-05,1.931e-05,0.63720196,0.0,0.36256525,3479,6,0.05469739,0.9993067
150,6,24018176,0.99883676,0.00019422,0.0,1.828e-05,1.891e-05,0.67729236,0.0,0.32247623,38027,6,0.03357479,0.9991564
150,7,24018177,0.99876801,0.00016953,0.0,1.822e-05,1.484e-05,0.85387293,0.0,0.14592448,33913,6,0.04189033,0.9987142
150,8,24018178,0.99892289,0.00019832,0.0,1.829e-05,1.951e-05,0.66066572,0.0,0.33909816,62975,7,0.04500188,0.9995566
150,9,24018179,0.99881502,0.00019244,0.0,1.821e-05,1.898e-05,0.68982226,0.0,0.30994811,58265,6,0.02845306,0.9989354
150,10,24018180,0.99877939,0.0001875,0.0,1.82e-05,1.814e-05,0.7051623,0.0,0.29461386,44889,6,0.04143626,0.9991567
151,1,24018201,0.99425441,0.03773471,0.03385164,0.0,0.00158796,0.83740337,0.0,0.08942232,42444,6,0.2749489,2.1653496
151,2,24018202,0.99736069,0.01535338,0.01673916,0.0,0.00017802,0.93449625,0.0,0.03323319,13531,6,0.37416572,2.1653995
151,3,24018203,0.96938797,0.22819056,0.27735025,0.0,0.00837367,0.46356911,0.0,0.02251641,49851,6,0.07794466,2.1654495
151,4,24018204,0.99223516,0.05088709,0.06022828,0.0,0.00397283,0.84950674,0.0,0.03540506,43941,6,0.06647778,2.1650835
151,5,24018205,0.99618829,0.02976597,0.02053382,0.0,8.788e-05,0.7930597,0.0,0.15655263,15277,6,0.15615185,2.1651667
151,6,24018206,0.99128233,0.05705899,0.07410719,0.0,0.00587038,0.61602846,0.0,0.24693498,57253,7,0.14093099,2.1651167
151,7,24018207,0.9916051,0.0550193,0.08555368,0.0,0.00403304,0.75709198,0.0,0.098302,54011,6,0.16688706,2.1654495
151,8,24018208,0.98775036,0.09535384,0.10100824,0.0,0.00170142,0.71136101,0.0,0.09057549,10123,6,0.12880157,2.1653496
151,9,24018209,0.98912738,0.07789138,0.09762344,0.0,0.00391455,0.72290922,0.0,0.09766141,14220,6,0.05995045,2.1653496
151,10,24018210,0.98261435,0.12939986,0.15115874,0.0,0.00759383,0.61912558,0.0,0.092722,16269,7,0.0868786,2.1651667
152,1,24018231,0.91572568,0.05668147,0.00811906,0.00197489,0.0111986,0.8833423,0.03321225,0.00547143,6985,6,0.04235432,0.9991066
152,2,24018232,0.92859895,0.04292406,0.00765569,0.01334155,0.00736314,0.88797009,0.02834667,0.01239879,33359,6,0.05805674,0.9993532
152,3,24018233,0.92523402,0.04675985,0.00800907,0.01052286,0.00987009,0.85764391,0.0286872,0.03850703,37449,6,0.07933387,0.9993532
152,4,24018234,0.94456621,0.03178711,0.00556243,0.00061147,0.00922655,0.92873591,0.02407645,7e-08,37449,6,0.09591126,0.9993532
152,5,24018235,0.92028786,0.05776458,0.00713259,0.00141725,0.01051103,0.89167135,0.03039335,0.00110985,33801,6,0.05157622,0.9993532
152,6,24018236,0.93951394,0.03455181,0.00590475,0.00217463,0.00870169,0.91939905,0.0292669,1.18e-06,37003,6,0.07938727,0.9993531
152,7,24018237,0.90494056,0.06755584,0.00932493,0.0009596,0.01417873,0.87124803,0.03673203,8.4e-07,32877,6,0.03674975,0.9991065
152,8,24018238,0.91886356,0.05547116,0.00853948,0.00280369,0.00919471,0.8906645,0.03332642,4e-08,23111,6,0.04668547,0.9988852
152,9,24018239,0.94719567,0.03687538,0.00589785,0.00099827,0.00710015,0.92204985,0.02064108,0.00643742,32809,6,0.05280319,0.9992298
152,10,24018240,0.92930632,0.04412192,0.00880634,0.00917477,0.01135434,0.88293975,0.02773323,0.01586965,32847,6,0.05660928,0.9993532
153,1,24018261,0.99845263,0.0023049,0.00584477,0.0,0.00016386,0.37574603,0.0,0.61594044,30319,7,0.0218862,0.9995816
153,2,24018262,0.99843984,0.00248626,0.00649307,0.0,0.00035276,0.43553847,0.0,0.55512943,23735,6,0.02825888,0.9995382
153,3,24018263,0.9985019,0.00206531,0.00790959,0.0,0.00020595,0.4961902,0.0,0.49362894,42967,6,0.02652547,0.9997482
153,4,24018264,0.99847557,0.00220119,0.00394466,0.0,0.00022432,0.46154969,0.0,0.53208014,46847,6,0.0339296,0.9995632
153,5,24018265,0.99829003,0.00256845,0.00638751,0.0,0.00031404,0.41933049,0.0,0.57139951,60919,7,0.0254281,0.9997482
153,6,24018266,0.99787294,0.00354582,0.01112529,0.0,0.00025903,0.50202486,0.0,0.483045,33663,7,0.03591024,0.9996724
153,7,24018267,0.99867231,0.00164116,0.0060823,0.0,0.00013578,0.34145511,0.0,0.65068565,38895,6,0.02148592,0.9995633
153,8,24018268,0.99811688,0.00300115,0.00725223,0.0,0.00038487,0.48635727,0.0,0.50300449,48023,7,0.02296337,0.9996473
153,9,24018269,0.99819693,0.0026178,0.00632421,0.0,0.00073192,0.48061458,0.0,0.50971149,2039,7,0.02125239,0.9997315
153,10,24018270,0.99835482,0.00249428,0.00740717,0.0,0.00028323,0.42805076,0.0,0.56176456,23935,7,0.02160201,0.9997815
154,1,24018291,0.98939601,0.02155529,0.00542181,0.0,0.00328359,0.96973538,0.0,3.93e-06,17613,6,0.18923088,2.11812
154,2,24018292,0.97946076,0.04555553,0.00891047,0.0,0.00334545,0.87571584,0.0,0.06647271,23644,6,0.13546704,2.1184933
154,3,24018293,0.98356329,0.04206847,0.01533497,0.0,0.00212953,0.76732501,0.0,0.17314202,20268,6,0.0769989,2.1183933
154,4,24018294,0.98580176,0.02595657,0.00186403,0.0,0.00202649,0.94829592,0.0,0.02185699,23644,6,0.16437065,2.1184933
154,5,24018295,0.99656315,0.00931969,0.01756192,0.0,0.00155272,0.88795916,0.0,0.08360651,54484,6,0.21152152,2.1184933
154,6,24018296,0.9877936,0.03040914,0.00558349,0.0,0.00405806,0.95718943,0.0,0.00275989,19524,6,0.11228293,2.1179703
154,7,24018297,0.92511221,0.21610244,0.01560995,0.0,0.00362782,0.72540389,0.0,0.03925589,933,0,0.1698731,1.4126721
154,8,24018298,0.94461491,0.15268767,0.00346596,0.0,0.00513201,0.81764413,0.0,0.02107023,48453,6,0.20765116,2.1185183
154,9,24018299,0.99196558,0.03055412,0.00708088,0.0,0.00421582,0.9292515,0.0,0.02889769,54730,6,0.16053162,2.1185266
154,10,24018300,0.99400163,0.01608882,0.009523,0.0,0.00418478,0.97019995,0.0,3.45e-06,8949,6,0.15497042,2.1184433
155,1,24018321,0.99871729,0.00019433,0.0,1.932e-05,6.34e-06,0.99977839,1.55e-06,7e-08,57355,6,0.04043588,0.9993398
155,2,24018322,0.99875967,0.00020771,0.0,1.982e-05,6.96e-06,0.99976387,1.58e-06,7e-08,29145,6,0.0285673,0.9993397
155,3,24018323,0.99874997,0.00021084,0.0,1.972e-05,8.26e-06,0.9997596,1.53e-06,5e-08,52601,6,0.03233808,0.9991396
155,4,24018324,0.99874951,0.00018913,0.0,1.964e-05,7.92e-06,0.99978168,1.58e-06,5e-08,37131,6,0.06399707,0.9986803
155,5,24018325,0.99868857,0.00020609,0.0,1.96e-05,7.32e-06,0.99976521,1.57e-06,2.1e-07,38411,6,0.02587583,0.9986801
155,6,24018326,0.99876374,0.0001845,0.0,1.952e-05,6.26e-06,0.9997876,1.54e-06,5.9e-07,38777,6,0.06192929,0.9993398
155,7,24018327,0.99880078,0.00020489,0.0,1.961e-05,7.43e-06,0.99976644,1.59e-06,5e-08,37929,6,0.04951536,0.99914
155,8,24018328,0.99867754,0.00018298,0.0,1.942e-05,5.8e-06,0.99979021,1.54e-06,5e-08,38473,6,0.05168699,0.9991399
155,9,24018329,0.99876721,0.00018883,0.0,1.954e-05,7.21e-06,0.99978268,1.56e-06,1.8e-07,33049,6,0.11195031,0.99914
155,10,24018330,0.99869941,0.00018461,0.0,1.943e-05,6.39e-06,0.99978801,1.55e-06,3e-08,39321,6,0.0370084,0.9993398
156,1,24018351,0.97546842,0.07623556,0.00553863,6e-08,0.05003409,0.5236465,0.00914533,0.33539985,44941,7,0.09258485,1.5337595
156,2,24018352,0.97571604,0.07313989,0.00839106,0.00041078,0.04151076,0.51333904,0.00812978,0.35507869,48909,7,0.09673214,1.5338662
156,3,24018353,0.97476346,0.06678657,0.00903469,0.0001393,0.04145844,0.64768738,0.01223751,0.22265612,24085,6,0.14799165,1.5337662
156,4,24018354,0.98081826,0.05114049,0.00699962,0.00120753,0.02580744,0.58941869,0.01005089,0.31537535,15893,6,0.11068237,1.5337662
156,5,24018355,0.98844661,0.02887078,0.00291817,0.00032263,0.01869057,0.62043458,0.00572502,0.32303826,11933,6,0.10420071,1.5336097
156,6,24018356,0.98543985,0.0505354,0.00586195,5e-08,0.02464087,0.73058456,0.004301,0.18407616,54933,6,0.14999178,1.5337912
156,7,24018357,0.96739697,0.10077647,0.0099787,0.00040151,0.06121322,0.58280916,0.00751025,0.23731068,10125,6,0.09436539,1.5337662
156,8,24018358,0.9725318,0.08292195,0.00677556,0.00157028,0.04188065,0.75378233,0.01164587,0.10142336,56853,6,0.10026678,1.5337912
156,9,24018359,0.975292,0.07160472,0.00744395,7e-08,0.0351095,0.46092414,0.00913178,0.41578585,11821,7,0.11791799,1.5335097
156,10,24018360,0.9780727,0.05620231,0.00997518,9.838e-05,0.03960406,0.58144824,0.00837581,0.30429603,43949,6,0.15565264,1.5337595
157,1,24018381,0.54494456,0.51684642,0.06236115,0.0,0.17305064,0.0,0.13393726,0.11380453,23183,7,0.03418714,0.9995718
157,2,24018382,0.56531075,0.498858,0.06446421,0.0,0.16924694,0.0,0.12907224,0.13835862,23175,7,0.04931053,0.9994969
157,3,24018383,0.55522641,0.5191749,0.06763006,0.0,0.17161412,0.0,0.12885852,0.11272241,19087,7,0.03459349,0.9995218
157,4,24018384,0.56161436,0.48630707,0.05823446,0.0,0.17321553,0.0,0.13841323,0.14382971,19079,7,0.04117989,0.999422
157,5,24018385,0.53691019,0.50888154,0.06130344,0.0,0.17970189,0.0,0.15717052,0.09294261,18946,3,0.03555036,0.7852735
157,6,24018386,0.53612473,0.53246131,0.06192143,0.0,0.17976727,0.0,0.13845806,0.08739194,24199,7,0.03405816,0.9994542
157,7,24018387,0.54955384,0.51265951,0.06840291,0.0,0.17959286,0.0,0.12616357,0.11318114,19079,7,0.02568387,0.999422
157,8,24018388,0.55717126,0.50284601,0.06047798,0.0,0.17752247,0.0,0.14636952,0.11278402,20111,7,0.04433674,0.9994792
157,9,24018389,0.57669315,0.46968518,0.05690862,0.0,0.17574978,0.0,0.10881121,0.18884521,19079,7,0.10399811,0.999422
157,10,24018390,0.52798179,0.51948497,0.06606813,0.0,0.18210214,0.0,0.16689761,0.06544715,24207,7,0.03340685,0.9995291
158,1,24018411,0.99898779,0.00021192,0.0,1.157e-05,2.134e-05,0.68041187,0.0,0.3193433,56281,6,0.08704898,0.9994067
158,2,24018412,0.99902042,0.00023151,0.0,1.155e-05,2.833e-05,0.49722802,0.0,0.50250059,52983,6,0.02341496,0.9991803
158,3,24018413,0.9988853,0.00019082,0.0,1.155e-05,1.816e-05,0.74718937,0.0,0.2525901,56169,6,0.04369126,0.9988172
158,4,24018414,0.9989872,0.00021082,0.0,1.16e-05,2.363e-05,0.65316074,0.0,0.34659321,43847,6,0.03177537,0.9991801
158,5,24018415,0.9988875,0.00020282,0.0,1.15e-05,1.872e-05,0.70991426,0.0,0.2898527,42953,6,0.0515199,0.9988136
158,6,24018416,0.99892725,0.00020814,0.0,1.152e-05,2.109e-05,0.68079349,0.0,0.31896576,36891,6,0.03605348,0.998814
158,7,24018417,0.9989215,0.00020547,0.0,1.15e-05,2.061e-05,0.64601251,0.0,0.35374992,39225,6,0.02915459,0.9992101
158,8,24018418,0.99895918,0.00022355,0.0,1.147e-05,2.257e-05,0.64840455,0.0,0.35133787,29805,6,0.02076764,0.9994066
158,9,24018419,0.99898701,0.00021573,0.0,1.156e-05,2.266e-05,0.60346679,0.0,0.39628326,49143,7,0.04217064,0.9995817
158,10,24018420,0.99896921,0.00021627,0.0,1.153e-05,2.229e-05,0.64967121,0.0,0.3500787,34079,6,0.02689643,0.9996065
159,1,24018441,0.99241746,0.03756946,0.04972136,0.0,0.00117781,0.84431766,0.0,0.06721371,19987,6,0.20449962,2.3839621
159,2,24018442,0.97673526,0.13134811,0.16425648,0.0,0.00156495,0.67818556,0.0,0.02464489,52011,6,0.06368745,2.384112
159,3,24018443,0.99944326,0.00024569,4.56e-06,0.0,8.75e-06,0.99974079,0.0,2.1e-07,56395,6,0.18182094,2.3837355
159,4,24018444,0.9994745,0.00025043,4.49e-06,0.0,1.123e-05,0.99973362,0.0,2.3e-07,52316,6,0.17660161,2.3840121
159,5,24018445,0.98344698,0.08803767,0.10492316,0.0,0.00189313,0.72698372,0.0,0.07816232,22404,6,0.1484367,2.3839871
159,6,24018446,0.98395447,0.08204823,0.09435414,0.0,0.00189337,0.71764162,0.0,0.10406264,24069,7,0.08970833,2.3835608
159,7,24018447,0.99946307,0.00022074,4.4e-06,0.0,7.31e-06,0.99976733,0.0,2.2e-07,9667,6,0.25377761,2.3839621
159,8,24018448,0.99497545,0.02604156,0.0275625,0.0,0.00071003,0.88200928,0.0,0.06367663,46740,6,0.11408862,2.3840121
159,9,24018449,0.98468942,0.07853393,0.08556079,0.0,0.00332887,0.76399479,0.0,0.06858162,8357,6,0.08515658,2.3834859
159,10,24018450,0.98345669,0.09176136,0.10363291,0.0,0.00112781,0.6231502,0.0,0.18032772,24330,7,0.06610504,2.3840121
160,1,24018471,0.90556487,0.01430807,0.00447199,0.15135381,0.00292189,0.81593846,0.01100564,1.5e-07,37128,2,0.08576423,0.6659741
160,2,24018472,0.88449028,0.02370774,0.00290016,0.17694178,0.00384701,0.77497808,0.01762522,2e-08,37896,2,0.05361064,0.666171
160,3,24018473,0.90120033,0.01910373,0.00547382,0.14023835,0.00330632,0.7947163,0.02096068,0.0162008,37128,2,0.04967113,0.6659741
160,4,24018474,0.88480183,0.02002884,0.00330851,0.18663939,0.00146036,0.76272789,0.02300065,0.00283437,55431,6,0.06377602,0.9989508
160,5,24018475,0.92668284,0.01571496,0.0036078,0.07843696,0.00203574,0.87876103,0.0214435,2e-08,24393,6,0.06815844,0.9990755
160,6,24018476,0.90527592,0.02343873,0.00438404,0.12049025,0.00278712,0.81313987,0.02715171,0.00860828,6617,6,0.0978103,0.9992378
160,7,24018477,0.90081442,0.02850181,0.00595653,0.08376745,0.00429177,0.84058588,0.0333354,0.00356116,32873,6,0.04372212,0.9988758
160,8,24018478,0.82454104,0.03415528,0.00565043,0.25890949,0.00478828,0.65612157,0.03066812,0.00970683,40234,2,0.09775915,0.6658755
160,9,24018479,0.86022666,0.01806466,0.00382214,0.252025,0.00417162,0.70361974,0.01829671,1.3e-07,37930,2,0.07317697,0.666171
160,10,24018480,0.93438648,0.01564338,0.00246611,0.11771259,0.00094623,0.85604607,0.00718547,1.6e-07,10375,6,0.27443156,0.998826
161,1,24018501,0.9981389,0.0048573,0.04920717,0.0,0.00082267,0.27648503,0.0,0.66862782,52991,7,0.01964432,0.9998168
161,2,24018502,0.9975274,0.00782306,0.07144695,0.0,0.00158245,0.29055878,0.0,0.62858876,35959,6,0.03264455,0.9997169
161,3,24018503,0.99821814,0.00458528,0.05781944,0.0,0.00082409,0.1974778,0.0,0.73929339,31703,7,0.02221875,0.9998334
161,4,24018504,0.99809487,0.00570859,0.05227164,0.0,0.0010534,0.29266969,0.0,0.64829669,40767,7,0.02676835,0.9998626
161,5,24018505,0.99809763,0.00564403,0.05302649,0.0,0.00082899,0.17014489,0.0,0.7703556,13815,7,0.02754131,0.9998834
161,6,24018506,0.99805924,0.00618318,0.06585988,0.0,0.00080965,0.23596863,0.0,0.69117866,18103,6,0.02215492,0.9997211
161,7,24018507,0.99755515,0.0076267,0.0768953,0.0,0.0015139,0.23049399,0.0,0.68347012,16375,7,0.02439422,0.9998834
161,8,24018508,0.99807582,0.00545283,0.0510162,0.0,0.0012986,0.19125826,0.0,0.75097411,42359,7,0.02268437,0.9998219
161,9,24018509,0.9978048,0.00598107,0.03726493,0.0,0.00082226,0.28059618,0.0,0.67533556,15191,7,0.02055353,0.9998834
161,10,24018510,0.99828268,0.00427623,0.04575986,0.0,0.00108496,0.28913927,0.0,0.65973968,12255,7,0.0231967,0.9998584
162,1,24018531,0.98027478,0.04301553,0.0102212,0.0,0.01203141,0.60180646,0.00061981,0.33230558,53003,6,0.12615649,1.7618023
162,2,24018532,0.97129895,0.05877858,0.01047978,0.0,0.01651995,0.50891637,0.00038013,0.40492519,20228,7,0.10915662,1.7616025
162,3,24018533,0.96603956,0.06889511,0.01052377,0.0,0.01984923,0.57070372,0.00075948,0.32926869,20236,7,0.0643714,1.7616025
162,4,24018534,0.97897441,0.05104538,0.00697371,0.0,0.01454077,0.58720657,0.00037191,0.33986167,23051,7,0.13935199,1.7614502
162,5,24018535,0.96107555,0.08055704,0.00979325,0.0,0.02320089,0.50361236,0.00021108,0.38262538,19203,7,0.08555101,1.7616524
162,6,24018536,0.97358886,0.04722123,0.01250929,0.0,0.01595434,0.63861851,0.00091548,0.28478115,19203,7,0.09590835,1.7616524
162,7,24018537,0.97803922,0.03994245,0.00916961,0.0,0.01564978,0.67557575,0.00055374,0.25910866,20226,7,0.11995543,1.7616025
162,8,24018538,0.97933371,0.04191921,0.00566001,0.0,0.01134842,0.66164101,0.00149869,0.27793266,23307,7,0.09960278,1.7617523
162,9,24018539,0.9748249,0.05789414,0.00936048,0.0,0.01502567,0.43518877,0.00078549,0.48174545,19341,7,0.13093227,1.7615002
162,10,24018540,0.95219809,0.09039349,0.01462716,0.0,0.02984828,0.56534145,0.00127674,0.29851288,23307,7,0.07326852,1.7617523
163,1,24018561,0.99877339,0.00021484,0.0,1.802e-05,8.19e-06,0.9956719,1.29e-06,0.00408576,36459,6,0.028679,0.9991174
163,2,24018562,0.99876728,0.00017548,0.0,1.816e-05,6.17e-06,0.99979875,1.29e-06,1.6e-07,22969,6,0.05256682,0.9990767
163,3,24018563,0.99872201,0.00019024,0.0,1.823e-05,7.36e-06,0.99978279,1.27e-06,1.1e-07,61719,6,0.03919321,0.9992678
163,4,24018564,0.99874852,0.00019785,0.0,1.796e-05,7.5e-06,0.99977521,1.3e-06,1.8e-07,39051,6,0.03102623,0.9991177
163,5,24018565,0.99868003,0.00020252,0.0,1.811e-05,6.83e-06,0.99977089,1.27e-06,3.9e-07,57503,6,0.02832812,0.9988359
163,6,24018566,0.99865212,0.00017537,0.0,1.814e-05,6.41e-06,0.99979877,1.3e-06,1e-08,49113,6,0.03779516,0.9993178
163,7,24018567,0.99877421,0.00021121,0.0,1.817e-05,7.44e-06,0.99976187,1.28e-06,3e-08,44159,6,0.03334433,0.9990356
163,8,24018568,0.99885432,0.00020042,0.0,1.818e-05,6.95e-06,0.99977252,1.29e-06,6.4e-07,26347,6,0.04508797,0.9992674
163,9,24018569,0.66569331,0.00011435,0.0,0.9998688,3.67e-06,1.19e-05,1.28e-06,1e-08,23688,2,0.0679921,0.6658297
163,10,24018570,0.99874435,0.0001942,0.0,1.811e-05,7.4e-06,0.99977894,1.31e-06,4e-08,47081,6,0.03566107,0.9988358
164,1,24018591,0.97443466,0.08632861,0.01243298,0.0,0.01079154,0.8555534,0.0,0.03489347,16028,6,0.10263017,2.057726
164,2,24018592,0.98689113,0.04723217,0.01322025,0.0,0.0055215,0.83888008,0.0,0.09514599,44116,6,0.17465914,2.0579373
164,3,24018593,0.99074086,0.02395698,0.00689612,0.0,0.01113588,0.87564372,0.0,0.0823673,42196,6,0.12455824,2.0579373
164,4,24018594,0.99109183,0.02742489,0.01003184,0.0,0.0067638,0.90877686,0.0,0.0470026,55995,6,0.0819476,2.0578592
164,5,24018595,0.9982894,0.00472138,0.00198889,0.0,1.164e-05,0.99327656,0.0,1.53e-06,50627,6,0.3818968,2.0579706
164,6,24018596,0.99126557,0.02383538,0.01226997,0.0,0.00938758,0.85623919,0.0,0.09826788,56980,6,0.10859616,2.0577093
164,7,24018597,0.99846061,0.00400097,0.00480159,0.0,0.00059851,0.83781623,0.0,0.1527827,15116,6,0.13919991,2.0579706
164,8,24018598,0.97052459,0.09690481,0.00932166,0.0,0.00902439,0.83776312,0.0,0.04698602,21243,6,0.26189048,2.0580206
164,9,24018599,0.99626942,0.01317251,0.00239521,0.0,0.00155546,0.91908375,0.0,0.06379307,21965,6,0.15792236,2.0580206
164,10,24018600,0.98411326,0.05453926,0.00132454,0.0,0.00410585,0.91898552,0.0,0.02104483,19915,6,0.20133567,2.0577093
165,1,24018621,0.88223441,0.09671298,0.02676711,0.0,0.02587617,0.8134019,0.03055129,0.00669055,34827,6,0.06352992,0.9994241
165,2,24018622,0.82621705,0.14292852,0.03532374,0.0,0.03741002,0.68618186,0.04337578,0.05478009,34313,6,0.07918394,0.9992484
165,3,24018623,0.82281593,0.14708247,0.03467896,0.0,0.03411302,0.69310995,0.04808317,0.04293244,38921,6,0.0750397,0.9994241
165,4,24018624,0.86466425,0.10475965,0.02653855,0.0,0.03054816,0.78650796,0.03744591,0.01419977,32781,6,0.08872144,0.9994242
165,5,24018625,0.83844257,0.13200357,0.03126996,0.0,0.03156909,0.75441397,0.04400307,0.00674033,33035,6,0.06491173,0.9992485
165,6,24018626,0.86727628,0.10832451,0.02967679,0.0,0.02596095,0.78328167,0.03607842,0.01667767,36873,6,0.06461707,0.9994242
165,7,24018627,0.8648121,0.10912075,0.02298037,0.0,0.02356153,0.76438909,0.040146,0.03980226,32845,6,0.0781975,0.9994242
165,8,24018628,0.8274293,0.14013955,0.04192008,0.0,0.03326126,0.70492566,0.04817598,0.03157747,36943,6,0.04465761,0.9994242
165,9,24018629,0.85857155,0.11556109,0.0247834,0.0,0.0298004,0.7827321,0.03793929,0.00918372,36943,6,0.05923973,0.9994242
165,10,24018630,0.8610419,0.11396473,0.02607116,0.0,0.02876018,0.79366958,0.03619028,0.00134408,36941,6,0.06167688,0.9994242
166,1,24018651,0.99919871,0.00025811,0.0,9.5e-07,2.815e-05,0.5080506,0.0,0.4916622,6617,6,0.03762672,0.9992982
166,2,24018652,0.99884345,0.00102206,0.0,9.4e-07,2.742e-05,0.60757395,0.0,0.39137564,40633,6,0.04017183,0.9990458
166,3,24018653,0.99914227,0.00028627,0.0,9.5e-07,2.543e-05,0.64045591,0.0,0.35923145,40217,6,0.04002955,0.999498
166,4,24018654,0.99917921,0.00025782,0.0,9.7e-07,2.61e-05,0.57340077,0.0,0.42631434,32247,7,0.02209352,0.999673
166,5,24018655,0.99912125,0.00023603,0.0,9.4e-07,2.356e-05,0.70570109,0.0,0.29403838,7609,6,0.05548473,0.9993982
166,6,24018656,0.99911296,0.00036134,0.0,9.6e-07,2.599e-05,0.60594659,0.0,0.39366513,34411,6,0.02000311,0.9992982
166,7,24018657,0.99902399,0.00034189,0.0,9.7e-07,2.524e-05,0.71203534,0.0,0.28759656,38985,6,0.03158461,0.999298
166,8,24018658,0.99912867,0.00025935,0.0,9.4e-07,2.764e-05,0.60542241,0.0,0.39428965,65385,6,0.03312507,0.9991965
166,9,24018659,0.99903506,0.00048333,0.0,9.8e-07,2.578e-05,0.65722796,0.0,0.34226195,13817,6,0.04551315,0.9994981
166,10,24018660,0.99914381,0.00024884,0.0,9.8e-07,2.54e-05,0.64926638,0.0,0.35045839,52697,6,0.0308881,0.9989966
167,1,24018681,0.9994517,0.00022304,4.34e-06,0.0,8.97e-06,0.99976341,0.0,2.3e-07,9437,6,0.2496029,2.3781551
167,2,24018682,0.99834048,0.00355365,0.00057818,0.0,0.00016084,0.90391498,0.0,0.09179235,13763,6,0.217232,2.3781551
167,3,24018683,0.9987599,0.00403898,0.00016354,0.0,4.578e-05,0.95246822,0.0,0.04328348,52546,6,0.29006427,2.3781217
167,4,24018684,0.99941661,0.00024076,4.4e-06,0.0,1.009e-05,0.99974452,0.0,2.2e-07,19669,6,0.27817546,2.3777798
167,5,24018685,0.99945489,0.00023833,4.2e-06,0.0,8.05e-06,0.9997492,0.0,2.2e-07,23643,6,0.29055229,2.378205
167,6,24018686,0.99942589,0.00024152,4.17e-06,0.0,9.65e-06,0.99974442,0.0,2.4e-07,19908,6,0.3116291,2.3776798
167,7,24018687,0.9898531,0.03194669,0.00639429,0.0,0.00242355,0.9104526,0.0,0.04878287,8373,6,0.31520809,2.378105
167,8,24018688,0.99162947,0.02682499,0.0065436,0.0,0.00135931,0.96527024,0.0,1.87e-06,15581,6,0.16611129,2.3779298
167,9,24018689,0.99947749,0.0002346,4.41e-06,0.0,1.038e-05,0.99975038,0.0,2.3e-07,9666,6,0.17435802,2.3780551
167,10,24018690,0.99941647,0.00024412,4.5e-06,0.0,9.97e-06,0.99974118,0.0,2.4e-07,44122,6,0.2672102,2.3781551
168,1,24018711,0.99874037,0.00020007,0.0,1.557e-05,6.55e-06,0.99977589,1.66e-06,2.5e-07,37689,6,0.05174434,0.9988947
168,2,24018712,0.99878993,0.00021395,0.0,1.572e-05,6.69e-06,0.99976186,1.7e-06,7e-08,36877,6,0.0528731,0.9991473
168,3,24018713,0.99872233,0.00021211,0.0,1.557e-05,6.92e-06,0.99976351,1.66e-06,2.2e-07,33481,6,0.04218947,0.9991471
168,4,24018714,0.99869131,0.00022337,0.0,1.568e-05,7.06e-06,0.9997502,1.7e-06,1.99e-06,64653,6,0.02675615,0.999347
168,5,24018715,0.99870333,0.00020957,0.0,1.604e-05,6.19e-06,0.99976635,1.65e-06,2e-07,60555,6,0.0419815,0.999347
168,6,24018716,0.99872502,0.00021372,0.0,1.539e-05,7.09e-06,0.99976207,1.66e-06,7e-08,37071,6,0.03669711,0.999147
168,7,24018717,0.99876934,0.00021583,0.0,1.641e-05,7.39e-06,0.99975863,1.67e-06,7e-08,7609,6,0.05321636,0.9992472
168,8,24018718,0.99877336,0.00022922,0.0,1.613e-05,7.21e-06,0.99974507,1.64e-06,7.3e-07,35223,6,0.03952795,0.9993805
168,9,24018719,0.99875681,0.00021733,0.0,1.593e-05,7.3e-06,0.99975768,1.66e-06,1e-07,33353,6,0.0518754,0.9991473
168,10,24018720,0.99868033,0.00019416,0.0,1.536e-05,5.93e-06,0.99978283,1.66e-06,6e-08,38601,6,0.08266016,0.999147
169,1,24018741,0.95464971,0.1387369,0.02893908,0.00294472,0.13828035,0.03048765,0.06918697,0.59142433,16133,7,0.07660729,1.2174865
169,2,24018742,0.95967792,0.12564974,0.01841343,0.00088203,0.11566542,0.12014178,0.06528817,0.55395943,57253,7,0.07609053,1.217443
169,3,24018743,0.96495623,0.11178591,0.02354655,0.00429705,0.09404904,0.08923522,0.05345647,0.62362976,44557,7,0.16855092,1.217443
169,4,24018744,0.95895747,0.12037715,0.02784411,0.00674698,0.10220221,0.08659683,0.06844949,0.58778323,20389,7,0.06609551,1.2173431
169,5,24018745,0.96397871,0.10397449,0.01941358,0.00851084,0.09167474,0.10656888,0.06146315,0.60839432,12165,7,0.08173401,1.2173431
169,6,24018746,0.9726199,0.0873619,0.01034315,0.0024818,0.07681439,0.12199105,0.04104351,0.6599642,15917,7,0.11802811,1.2173431
169,7,24018747,0.96646484,0.09928716,0.01104137,0.00214717,0.08187302,0.13979075,0.06429727,0.60156325,57221,7,0.12726062,1.217443
169,8,24018748,0.96762137,0.11917597,0.01371156,0.00223018,0.08769346,0.12542473,0.0429887,0.6087754,16133,7,0.08491013,1.2174865
169,9,24018749,0.96662475,0.10901903,0.01581433,0.00253437,0.09069625,0.12269913,0.05219462,0.60704226,12045,7,0.08188369,1.2174865
169,10,24018750,0.9581771,0.13088912,0.01542337,0.00390049,0.12058492,0.05661517,0.07102453,0.60156239,20261,7,0.10002546,1.2174365
170,1,24018771,0.94608399,0.08751934,0.00782663,0.0,0.02728758,0.58610852,0.00942549,0.28183243,18317,6,0.07804116,1.2160222
170,2,24018772,0.9501038,0.07995399,0.00932928,0.0,0.02365531,0.32983465,0.00838296,0.54884381,24067,7,0.13858223,1.2158042
170,3,24018773,0.95265715,0.07610185,0.00971979,0.0,0.02164849,0.38145604,0.00703775,0.50403609,20364,7,0.10167566,1.2157792
170,4,24018774,0.95387436,0.06659486,0.0112506,0.0,0.02147148,0.25339769,0.00798788,0.63929749,20229,7,0.11329686,1.2159722
170,5,24018775,0.95684364,0.06761587,0.00897396,0.0,0.02249326,0.35952961,0.00698369,0.5344036,23306,7,0.09901781,1.2160222
170,6,24018776,0.95023981,0.08362896,0.00959266,0.0,0.0285926,0.40063521,0.0081781,0.46937248,18947,7,0.08649103,1.2157293
170,7,24018777,0.95913707,0.06160353,0.00750508,0.0,0.01694637,0.19554259,0.00750396,0.71089847,19338,7,0.12305365,1.2157792
170,8,24018778,0.95684636,0.06198454,0.00522048,0.0,0.02105904,0.31780966,0.00773569,0.58619059,20364,7,0.14864258,1.2157792
170,9,24018779,0.95389102,0.07312831,0.00810219,0.0,0.02835735,0.22562282,0.00683168,0.65795766,24075,7,0.1281176,1.2158791
170,10,24018780,0.94799652,0.07506289,0.00807874,0.0,0.03055789,0.37788383,0.0088746,0.49954206,20226,7,0.09115567,1.2159223
171,1,24018801,0.99873786,0.00018031,0.0,1.513e-05,1.68e-05,0.73359197,0.0,0.26619579,7097,6,0.10060409,0.9987864
171,2,24018802,0.99882733,0.00019111,0.0,1.511e-05,1.729e-05,0.76470563,0.0,0.23507085,63257,6,0.05395171,0.9988863
171,3,24018803,0.99888579,0.00020523,0.0,1.517e-05,2.292e-05,0.51579583,0.0,0.48396085,32905,6,0.02604971,0.9991429
171,4,24018804,0.99883747,0.00018975,0.0,1.518e-05,1.984e-05,0.67048652,0.0,0.32928872,36729,6,0.03390494,0.999143
171,5,24018805,0.99883444,0.00019957,0.0,1.526e-05,2.051e-05,0.69857971,0.0,0.30118496,29929,6,0.02596866,0.9993428
171,6,24018806,0.99877632,0.00018682,0.0,1.521e-05,1.655e-05,0.74287826,0.0,0.25690316,39065,6,0.03964151,0.9986867
171,7,24018807,0.99880335,0.00018597,0.0,1.523e-05,1.644e-05,0.68710182,0.0,0.31268054,36345,6,0.06205916,0.9991431
171,8,24018808,0.99884303,0.00019764,0.0,1.532e-05,1.807e-05,0.69465309,0.0,0.30511589,61385,6,0.0568374,0.9986867
171,9,24018809,0.998841,0.0001967,0.0,1.52e-05,1.932e-05,0.67807615,0.0,0.32169262,1791,6,0.03183565,0.9989363
171,10,24018810,0.99867942,0.00017283,0.0,1.517e-05,1.401e-05,0.81100248,0.0,0.18879551,35097,6,0.05254077,0.999143
172,1,24018831,0.98747597,0.0822184,0.20878394,0.0,0.00897477,0.67879251,0.0,0.02123038,53499,6,0.24241877,2.4212066
172,2,24018832,0.97620302,0.17260243,0.42931869,0.0,0.00771131,0.37546461,0.0,0.01490296,47291,4,0.24893582,2.4209226
172,3,24018833,0.98890029,0.07718798,0.19607389,0.0,0.0045443,0.66737795,0.0,0.05481587,15877,6,0.17301053,2.4206479
172,4,24018834,0.98600626,0.10090148,0.25585594,0.0,0.00303084,0.61641433,0.0,0.0237974,49915,6,0.19227007,2.4212065
172,5,24018835,0.98033302,0.13163271,0.36021668,0.0,0.01048049,0.4976696,0.0,5.2e-07,55780,4,0.13103576,2.4207728
172,6,24018836,0.98716788,0.08406976,0.21648649,0.0,0.00938843,0.57924405,0.0,0.11081127,43786,6,0.08293124,2.4211066
172,7,24018837,0.98841097,0.07956356,0.20976507,0.0,0.00656291,0.63030672,0.0,0.07380174,50843,6,0.13963962,2.4212066
172,8,24018838,0.98863814,0.07505681,0.20354265,0.0,0.00704769,0.70982149,0.0,0.00453136,42891,6,0.23593001,2.4212066
172,9,24018839,0.96617376,0.25469518,0.73357135,0.0,0.01172712,6.18e-06,0.0,1.8e-07,47867,4,0.7335597,2.4209227
172,10,24018840,0.99427039,0.03936277,0.09470789,0.0,0.00239379,0.77293088,0.0,0.09060466,48043,6,0.12629047,2.4209227
173,1,24018861,0.90621317,0.03814837,0.01153257,0.03873571,0.0055993,0.85748316,0.0485006,2.9e-07,7001,6,0.067024,0.999391
173,2,24018862,0.90037133,0.04595251,0.00853305,0.02214646,0.01037569,0.86718794,0.04580431,3e-08,32907,6,0.08163005,0.999291
173,3,24018863,0.92291062,0.04649704,0.0074783,0.0011311,0.00519119,0.89866459,0.04083242,0.00020536,36107,6,0.05838177,0.9989823
173,4,24018864,0.92663395,0.02737997,0.00442039,0.0308549,0.00753397,0.89983333,0.02997743,2e-08,33487,6,0.0879463,0.999291
173,5,24018865,0.9206351,0.03599419,0.00779203,0.01217098,0.00764598,0.89000548,0.03983251,0.00655883,37449,6,0.07729213,0.9992911
173,6,24018866,0.93017154,0.03441904,0.00466139,0.02847347,0.00418099,0.89921643,0.02904759,1.08e-06,18567,6,0.09294217,0.9989326
173,7,24018867,0.90324359,0.04702478,0.00833681,0.02358413,0.00968595,0.86303927,0.04487985,0.00344921,51335,6,0.06225169,0.9990158
173,8,24018868,0.90083496,0.04707963,0.00766888,0.02798375,0.01142094,0.82730635,0.0440841,0.03445634,36873,6,0.06103719,0.9992911
173,9,24018869,0.92056118,0.03730019,0.00833251,0.01376903,0.00858905,0.89321069,0.03879851,3e-08,37449,6,0.07197225,0.9992911
173,10,24018870,0.86763938,0.05237896,0.00938369,0.07589197,0.0120231,0.79673206,0.05358999,2.3e-07,24398,2,0.04850143,0.6662375
174,1,24018891,0.99890063,0.00151923,0.00432327,0.0,0.00012887,0.37479844,0.0,0.6192302,32695,7,0.06160891,0.9996832
174,2,24018892,0.99873007,0.00200078,0.00352308,0.0,0.00025562,0.3835262,0.0,0.61069432,20415,7,0.02097297,0.9996832
174,3,24018893,0.99831517,0.00299472,0.00407103,0.0,0.00042373,0.52681979,0.0,0.46569072,23991,6,0.02212236,0.999797
174,4,24018894,0.998574,0.00242326,0.00656906,0.0,0.00047253,0.43158555,0.0,0.5589496,14847,7,0.04913069,0.9996442
174,5,24018895,0.99880143,0.00189284,0.00810469,0.0,0.00045761,0.48631462,0.0,0.50323023,32191,6,0.02213521,0.9998221
174,6,24018896,0.99865884,0.00215715,0.00638377,0.0,0.00041187,0.41838703,0.0,0.57266018,60383,7,0.02579413,0.999822
174,7,24018897,0.99867036,0.00200525,0.00725635,0.0,0.00038196,0.3833031,0.0,0.60705333,29751,6,0.03430487,0.9993945
174,8,24018898,0.9988343,0.00166476,0.00361767,0.0,6.605e-05,0.45453063,0.0,0.54012089,50343,6,0.0392721,0.9991004
174,9,24018899,0.99856301,0.00250566,0.00461896,0.0,0.00035235,0.42819369,0.0,0.56432934,38839,6,0.02787912,0.9996832
174,10,24018900,0.9987468,0.00175628,0.00583384,0.0,0.00066779,0.39684376,0.0,0.59489833,65359,7,0.03061959,0.9996443
175,1,24018921,0.99153916,0.01553957,0.00345606,0.0,0.00396252,0.88102183,0.0,0.09602002,8428,6,0.13789753,2.131634
175,2,24018922,0.98797832,0.02049102,0.00464158,0.0,0.00738262,0.93123561,0.0,0.03624917,52547,6,0.41171763,2.1321597
175,3,24018923,0.98349856,0.03474183,0.01065247,0.0,0.01026004,0.82474417,0.0,0.11960148,17621,6,0.10441264,2.1321097
175,4,24018924,0.99009738,0.02232805,0.00636569,0.0,0.00335921,0.79685126,0.0,0.17109579,24005,6,0.16776359,2.1319086
175,5,24018925,0.99110903,0.01776215,0.00334063,0.0,0.00388014,0.93464697,0.0,0.04037012,19676,6,0.21966468,2.1317337
175,6,24018926,0.99605354,0.00753941,0.00074193,0.0,0.00160528,0.91497022,0.0,0.07514316,21954,6,0.17748652,2.1321347
175,7,24018927,0.98774026,0.02561471,0.00682093,0.0,0.00476371,0.91075596,0.0,0.05204469,21708,6,0.13940899,2.131767
175,8,24018928,0.97285109,0.05042607,0.01207779,0.0,0.01049291,0.79705496,0.0,0.12994826,56413,6,0.22891611,2.1322596
175,9,24018929,0.99508789,0.01024319,0.00153727,0.0,0.00158139,0.95310845,0.0,0.0335297,15427,6,0.22354493,2.1317587
175,10,24018930,0.99130042,0.01569429,0.00200524,0.0,0.00133991,0.87298957,0.0,0.107971,44365,6,0.16137476,2.1322596
176,1,24018951,0.99867606,0.00020055,0.0,1.912e-05,7.07e-06,0.99550943,1.55e-06,0.00426228,40857,6,0.06535137,0.9987908
176,2,24018952,0.9986889,0.00019885,0.0,1.923e-05,7e-06,0.99977196,1.5e-06,1.45e-06,35225,6,0.031788,0.9990954
176,3,24018953,0.99870168,0.00019187,0.0,1.91e-05,6.18e-06,0.99978125,1.54e-06,7e-08,52169,6,0.04576764,0.9985911
176,4,24018954,0.99871155,0.00018862,0.0,1.904e-05,6.06e-06,0.99978444,1.51e-06,3.2e-07,37579,6,0.03233779,0.9990951
176,5,24018955,0.99876726,0.00020591,0.0,1.914e-05,7.45e-06,0.9997659,1.55e-06,6e-08,39983,6,0.03353059,0.9990952
176,6,24018956,0.99868144,0.00018591,0.0,1.906e-05,6.72e-06,0.99179345,1.51e-06,0.00799334,25611,6,0.06566316,0.9992452
176,7,24018957,0.99869309,0.00020511,0.0,1.912e-05,7.38e-06,0.9997668,1.54e-06,6e-08,52663,6,0.02987551,0.9994618
176,8,24018958,0.99869648,0.00020558,0.0,1.912e-05,7.06e-06,0.99976502,1.53e-06,1.7e-06,31437,6,0.02909862,0.9992951
176,9,24018959,0.9987065,0.00020892,0.0,1.911e-05,7.43e-06,0.99976291,1.56e-06,7e-08,10647,6,0.02306026,0.999445
176,10,24018960,0.99872249,0.0001791,0.0,1.897e-05,6.74e-06,0.99450694,1.54e-06,0.00528672,37931,6,0.05175749,0.9990953
177,1,24018981,0.98239266,0.04256796,0.02549309,0.00111974,0.02051776,0.792932,0.00282727,0.11454217,56853,6,0.1562412,1.8510471
177,2,24018982,0.98447431,0.04380803,0.01379419,4.351e-05,0.01400443,0.85528221,0.00359729,0.06947035,14253,6,0.19886724,1.8509021
177,3,24018983,0.98284668,0.04364792,0.01836968,5.229e-05,0.01883998,0.64235023,0.00515245,0.27158745,47877,6,0.10596627,1.8510471
177,4,24018984,0.98416196,0.04257285,0.01490071,0.00101078,0.01204065,0.68878347,0.00457526,0.23611628,15277,6,0.11840879,1.8509021
177,5,24018985,0.98235415,0.0472185,0.00496459,2.994e-05,0.01934011,0.69086335,0.00307297,0.23451054,24333,7,0.08989458,1.8510721
177,6,24018986,0.98051732,0.06061207,0.01057311,1e-07,0.02311747,0.84625496,0.00380816,0.05563413,14220,6,0.11226801,1.8510221
177,7,24018987,0.98295779,0.04936592,0.02643008,0.00055695,0.0123651,0.75163449,0.00665774,0.15298971,52885,6,0.09542628,1.8508188
177,8,24018988,0.99137496,0.02363229,0.00939283,6e-08,0.007636,0.71208701,0.00251396,0.24473784,16301,7,0.0979204,1.8509021
177,9,24018989,0.98758923,0.03071023,0.00789521,7e-08,0.01267668,0.75791847,0.00372494,0.1870744,20117,6,0.11105456,1.8507522
177,10,24018990,0.98648699,0.02929384,0.00454347,8e-08,0.01027995,0.75614595,0.00790224,0.19183448,50837,6,0.11657506,1.8510221
178,1,24019011,0.46869353,0.48240701,0.07802909,0.0,0.14564281,0.0,0.15168661,0.14223448,19079,7,0.05553019,0.9992745
178,2,24019012,0.46602327,0.48655043,0.07761532,0.0,0.14474126,0.0,0.1588602,0.13223279,23175,7,0.08230491,0.9993494
178,3,24019013,0.42142642,0.53351118,0.08085644,0.0,0.16161112,0.0,0.16143054,0.06259072,23175,7,0.02065299,0.9993494
178,4,24019014,0.4880222,0.46845796,0.07599303,0.0,0.13724743,0.0,0.15323354,0.16506803,19087,7,0.06285084,0.9993743
178,5,24019015,0.45146932,0.49868725,0.07797406,0.0,0.15310271,0.0,0.15557725,0.11465873,19079,7,0.03640737,0.9992745
178,6,24019016,0.45489321,0.50331393,0.08379494,0.0,0.15502469,0.0,0.15840605,0.09946039,23175,7,0.02921475,0.9993494
178,7,24019017,0.41646775,0.53010335,0.07267296,0.0,0.16827347,0.0,0.16283112,0.06611911,24207,7,0.02171809,0.9993325
178,8,24019018,0.4838005,0.47455602,0.07063373,0.0,0.14227819,0.0,0.13940166,0.1731304,23175,7,0.10281284,0.9993494
178,9,24019019,0.46303582,0.49149523,0.07688044,0.0,0.14305434,0.0,0.15459717,0.13397282,19079,7,0.05989276,0.9992745
178,10,24019020,0.41540122,0.52552204,0.07792505,0.0,0.16682435,0.0,0.1678785,0.06185006,19087,7,0.02476444,0.9993743
179,1,24019041,0.99898088,0.00020656,0.0,5.85e-06,2.006e-05,0.7391747,0.0,0.26059283,36857,6,0.07369208,0.9992158
179,2,24019042,0.99890705,0.00020714,0.0,5.78e-06,1.879e-05,0.71028351,0.0,0.28948478,65129,6,0.03824362,0.9994155
179,3,24019043,0.99899539,0.00020128,0.0,5.85e-06,1.778e-05,0.74306841,0.0,0.25670668,30201,6,0.05405565,0.9994155
179,4,24019044,0.99899818,0.00021699,0.0,5.79e-06,2.207e-05,0.68361824,0.0,0.31613691,32171,6,0.03647715,0.9990313
179,5,24019045,0.99901744,0.00022914,0.0,5.81e-06,2.392e-05,0.68618777,0.0,0.31355335,48567,6,0.04984618,0.9995905
179,6,24019046,0.99882731,0.00021013,0.0,5.84e-06,1.769e-05,0.75747347,0.0,0.24229287,43897,6,0.04031708,0.9990235
179,7,24019047,0.99895259,0.00023434,0.0,5.76e-06,2.306e-05,0.63079746,0.0,0.36893938,52729,6,0.02218,0.9992157
179,8,24019048,0.99892823,0.00020355,0.0,5.9e-06,1.683e-05,0.79040631,0.0,0.20936742,31737,6,0.07020098,0.9992236
179,9,24019049,0.99895402,0.00019983,0.0,5.9e-06,1.772e-05,0.73648335,0.0,0.2632932,57273,6,0.07350933,0.9992235
179,10,24019050,0.99894622,0.00022194,0.0,5.84e-06,2.084e-05,0.67869414,0.0,0.32105724,56793,6,0.06665727,0.9990315
180,1,24019071,0.98914372,0.04548835,0.02151915,0.0,0.00108389,0.88279212,0.0,0.0491165,19549,6,0.28159033,2.565092
180,2,24019072,0.9786036,0.09128884,0.05551553,0.0,0.00201945,0.75741906,0.0,0.09375712,11588,6,0.1104025,2.5649921
180,3,24019073,0.9986858,0.0024929,0.00412698,0.0,0.00193967,0.79704885,0.0,0.19439161,44362,6,0.17183481,2.565092
180,4,24019074,0.99315187,0.02827517,0.01519663,0.0,0.00101185,0.95551287,0.0,3.48e-06,13979,6,0.15547971,2.565142
180,5,24019075,0.9994288,0.00023331,4.2e-06,0.0,9.41e-06,0.99975284,0.0,2.4e-07,19674,6,0.16964146,2.5645794
180,6,24019076,0.99947817,0.00024246,4.64e-06,0.0,8.25e-06,0.99974443,0.0,2.2e-07,44364,6,0.43431263,2.565092
180,7,24019077,0.99647289,0.01292999,0.00278337,0.0,0.00015304,0.96828983,0.0,0.01584376,56403,6,0.19894951,2.565117
180,8,24019078,0.99945014,0.00024644,4.35e-06,0.0,1.155e-05,0.99973738,0.0,2.8e-07,17860,6,0.14698346,2.5649921
180,9,24019079,0.99946323,0.00022289,4.47e-06,0.0,7.02e-06,0.99976544,0.0,1.8e-07,17869,6,0.30489072,2.565092
180,10,24019080,0.99660108,0.013046,0.00688987,0.0,0.00083196,0.87837493,0.0,0.10085724,52996,6,0.08752727,2.5650587
181,1,24019101,0.99625219,0.00103777,0.0,0.00278924,0.00043597,0.99563074,0.00010624,3e-08,37579,6,0.05624559,0.9991749
181,2,24019102,0.97003083,0.01022553,0.0,0.03750223,0.00133786,0.95054026,0.00039405,7e-08,36553,6,0.03580544,0.999175
181,3,24019103,0.95152087,0.00635299,0.0,0.08371781,0.00031648,0.9052694,0.00434331,2e-08,37515,6,0.05338106,0.9989625
181,4,24019104,0.99618071,0.00242196,0.0,0.00124672,0.00015611,0.9928809,0.00012656,0.00316776,37007,6,0.05048063,0.9991749
181,5,24019105,0.92949777,0.00841211,0.0,0.15512953,0.00073964,0.82959304,0.00612543,2.5e-07,37832,2,0.10473929,0.6658835
181,6,24019106,0.98490695,0.01239106,0.0,0.00950825,0.00011795,0.97375993,0.00422274,7e-08,37579,6,0.05897104,0.9991749
181,7,24019107,0.95703581,0.0188073,0.0,0.07767671,0.00022743,0.90070632,0.00258206,1.8e-07,38953,6,0.03652504,0.9989626
181,8,24019108,0.99271012,0.00077186,0.0,0.00581868,0.00062684,0.99078722,0.0019953,1e-07,33035,6,0.05141439,0.9987505
181,9,24019109,0.98525385,0.0068713,0.0,0.01514745,9.63e-06,0.9741064,0.00386515,7e-08,59533,6,0.03576692,0.9993749
181,10,24019110,0.94676368,0.00498611,0.0,0.1372608,0.00039759,0.85278661,0.00343213,0.00113675,37128,2,0.12597365,0.6658697
182,1,24019131,0.99721714,0.01342478,0.05626499,0.0,0.00357923,0.03363238,0.0,0.89309863,64895,7,0.0226568,0.9999648
182,2,24019132,0.99742527,0.01180828,0.05642625,0.0,0.00292464,0.10254822,0.0,0.82629262,63463,7,0.0215861,0.9998547
182,3,24019133,0.9975547,0.0119759,0.05047275,0.0,0.00262554,0.02838943,0.0,0.90653638,25087,7,0.02915738,0.9998709
182,4,24019134,0.99741756,0.01100242,0.04912753,0.0,0.00284296,0.07086881,0.0,0.86615827,64407,7,0.02101578,0.9998473
182,5,24019135,0.99715879,0.01185522,0.06284778,0.0,0.00244273,0.08315623,0.0,0.83969804,17911,7,0.02009535,0.9999148
182,6,24019136,0.99671419,0.01467713,0.07389232,0.0,0.00319413,0.02788598,0.0,0.88035044,21503,7,0.01671407,0.9999297
182,7,24019137,0.99726314,0.01279309,0.05639675,0.0,0.00138199,0.08450492,0.0,0.84492325,63231,7,0.02381619,0.9999297
182,8,24019138,0.99769908,0.01108977,0.04786355,0.0,0.00237965,0.06772679,0.0,0.87094025,50431,7,0.02753706,0.9999297
182,9,24019139,0.99749957,0.01239925,0.05653429,0.0,0.00274021,0.08416994,0.0,0.84415631,61311,7,0.02479661,0.9999648
182,10,24019140,0.99748826,0.01203338,0.0533962,0.0,0.00242588,0.03683793,0.0,0.89530661,16375,7,0.02140755,0.9999398
183,1,24019161,0.98491734,0.02837813,0.00622206,0.0,0.00638145,0.64783364,0.00163099,0.30955372,51717,6,0.19732585,1.6593941
183,2,24019162,0.95958257,0.07077322,0.01074892,0.0,0.02173062,0.70257919,0.00360592,0.19056211,51978,6,0.10127727,1.6596924
183,3,24019163,0.9698299,0.05589726,0.01174175,0.0,0.01808439,0.60547163,0.00223304,0.30657192,23074,6,0.07183956,1.6593609
183,4,24019164,0.96702141,0.05690015,0.01591589,0.0,0.01445868,0.66497459,0.00474864,0.24300204,51723,6,0.10534856,1.6595605
183,5,24019165,0.96862472,0.06133016,0.0091117,0.0,0.01561768,0.45546604,0.00372312,0.45475131,23307,7,0.13913196,1.6597424
183,6,24019166,0.98048318,0.03291115,0.0040312,0.0,0.00769073,0.79917348,0.0028583,0.15333515,55818,6,0.13075329,1.6594607
183,7,24019167,0.97582439,0.04323192,0.00824491,0.0,0.01225192,0.55956101,0.00177114,0.37493911,19331,7,0.11139878,1.6594606
183,8,24019168,0.92747472,0.13006601,0.02008803,0.0,0.04296559,0.52119218,0.00529236,0.28039583,19202,7,0.04918293,1.6595925
183,9,24019169,0.97685889,0.03862108,0.01009964,0.0,0.01380591,0.64883096,0.00218381,0.28645859,19211,7,0.16126602,1.6596924
183,10,24019170,0.97027633,0.05242938,0.00970507,0.0,0.02061607,0.57475227,0.00207275,0.34042445,19203,7,0.13061247,1.6596424
184,1,24019191,0.99870304,0.00018691,0.0,1.932e-05,1.812e-05,0.72802688,0.0,0.27174877,48889,6,0.03409535,0.9987829
184,2,24019192,0.99874318,0.00019069,0.0,1.934e-05,1.834e-05,0.67528675,0.0,0.32448487,38303,6,0.02672746,0.999491
184,3,24019193,0.99868418,0.00017877,0.0,1.929e-05,1.65e-05,0.71732,0.0,0.28246544,40793,6,0.03870073,0.9992911
184,4,24019194,0.99877369,0.00018091,0.0,1.938e-05,1.589e-05,0.6977583,0.0,0.30202553,32633,6,0.0484534,0.9992911
184,5,24019195,0.99860369,0.00017569,0.0,1.93e-05,1.525e-05,0.68107259,0.0,0.31871716,32905,6,0.06547243,0.9990911
184,6,24019196,0.99865004,0.00016669,0.0,1.924e-05,1.26e-05,0.81125985,0.0,0.18854163,33689,6,0.05753897,0.998837
184,7,24019197,0.99871349,0.00017273,0.0,1.922e-05,1.783e-05,0.68506802,0.0,0.31472221,33803,6,0.03492954,0.9990913
184,8,24019198,0.99875724,0.00018501,0.0,1.924e-05,1.72e-05,0.64567542,0.0,0.35410313,47513,6,0.04857523,0.9992911
184,9,24019199,0.99873237,0.00018072,0.0,1.932e-05,1.687e-05,0.70961501,0.0,0.29016808,60857,6,0.03299462,0.9990914
184,10,24019200,0.99868973,0.00017515,0.0,1.934e-05,1.578e-05,0.75887888,0.0,0.24091085,38297,6,0.04418175,0.9992909
185,1,24019221,0.99946438,0.00037537,0.00046576,0.0,1.532e-05,0.99536658,0.0,0.00377696,46989,6,0.16901064,2.3572673
185,2,24019222,0.98828645,0.04975373,0.01862139,0.0,0.00733092,0.87812645,0.0,0.04616751,55483,6,0.08989912,2.3569961
185,3,24019223,0.9971448,0.01283392,0.01047619,0.0,0.00184582,0.95801561,0.0,0.01682846,14210,6,0.10507501,2.3571424
185,4,24019224,0.9994767,0.00022602,4.42e-06,0.0,1.355e-05,0.99975575,0.0,2.5e-07,11594,6,0.31348898,2.3570674
185,5,24019225,0.99946663,0.00023839,4.39e-06,0.0,1.13e-05,0.99974564,0.0,2.8e-07,21965,6,0.22867291,2.3572173
185,6,24019226,0.99948928,0.0002274,4.54e-06,0.0,1.31e-05,0.99975471,0.0,2.5e-07,44122,6,0.22671416,2.3571674
185,7,24019227,0.99640052,0.01611405,0.00707882,0.0,2.082e-05,0.847448,0.0,0.12933832,57253,7,0.11797205,2.3568962
185,8,24019228,0.99737543,0.00776402,0.00568922,0.0,0.00402662,0.89605812,0.0,0.08646202,52885,6,0.05811021,2.356863
185,9,24019229,0.99945546,0.0002436,4.71e-06,0.0,1.461e-05,0.99973682,0.0,2.5e-07,54490,6,0.1604342,2.3572007
185,10,24019230,0.98962344,0.04624741,0.01140528,0.0,0.00342727,0.93891793,0.0,2.1e-06,15693,6,0.17298633,2.3572173
186,1,24019251,0.80938891,0.11714614,0.02399151,0.00069455,0.03277801,0.72287704,0.07964684,0.02286591,33293,6,0.03788875,0.9992433
186,2,24019252,0.84650921,0.09627414,0.022321,1e-08,0.0250651,0.78960996,0.06077027,0.00595952,8009,6,0.05067447,0.9992244
186,3,24019253,0.82310834,0.10139282,0.02184651,1e-08,0.02662308,0.74491049,0.08037328,0.02485381,36873,6,0.04339886,0.9993622
186,4,24019254,0.83283764,0.10122047,0.02447997,0.00263032,0.02368951,0.74365081,0.07309413,0.03123479,36879,6,0.07292998,0.9993622
186,5,24019255,0.80943336,0.10787131,0.02537559,0.00110071,0.02911522,0.71073728,0.08997604,0.03582385,33355,6,0.0484956,0.9993622
186,6,24019256,0.807777,0.11543922,0.02956124,0.00210094,0.02859887,0.72451063,0.08311823,0.01667087,18567,6,0.06460937,0.9990747
186,7,24019257,0.82319965,0.10355774,0.02730885,0.00022238,0.02150235,0.76273547,0.08147038,0.00320282,36943,6,0.09947078,0.9993622
186,8,24019258,0.81663915,0.11968035,0.02107842,3e-08,0.0259989,0.73553608,0.07306163,0.02464459,36937,6,0.09951494,0.9993622
186,9,24019259,0.8535974,0.09124703,0.02189292,0.00640122,0.02320892,0.79647587,0.05667148,0.00410256,37385,6,0.06586796,0.9992433
186,10,24019260,0.77112889,0.13219674,0.02913313,1e-08,0.03880476,0.69009807,0.09755552,0.01221176,36937,6,0.0467793,0.9993622
187,1,24019281,0.99803309,0.00255417,0.00887728,0.0,0.0002648,0.43655369,0.0,0.55175005,23551,7,0.02096804,0.9995945
187,2,24019282,0.99779,0.00343705,0.01068445,0.0,0.00022564,0.51877179,0.0,0.46688108,46775,6,0.03118688,0.9992993
187,3,24019283,0.99841601,0.00195488,0.00635283,0.0,0.00015033,0.4104965,0.0,0.58104547,3071,7,0.03478017,0.9994945
187,4,24019284,0.99793942,0.00261246,0.00638787,0.0,0.00024068,0.4560829,0.0,0.53467609,7607,6,0.02435509,0.9996046
187,5,24019285,0.99863751,0.00133739,0.00797714,0.0,0.000344,0.45269036,0.0,0.53765112,35711,7,0.02586062,0.9995945
187,6,24019286,0.99841483,0.00177084,0.00636503,0.0,0.00025375,0.46430233,0.0,0.52730805,46199,6,0.0222185,0.999197
187,7,24019287,0.99852993,0.00184623,0.00707724,0.0,0.00025887,0.4164347,0.0,0.57438297,3935,7,0.02249154,0.9996796
187,8,24019288,0.99821278,0.00237076,0.00626799,0.0,6.631e-05,0.47703432,0.0,0.51426062,58615,6,0.0258727,0.9993595
187,9,24019289,0.99814239,0.00268575,0.00345538,0.0,0.00039263,0.41350109,0.0,0.57996516,48567,6,0.03334674,0.9997046
187,10,24019290,0.99823385,0.00236465,0.00763541,0.0,0.00010048,0.45503782,0.0,0.53486164,32127,7,0.03396787,0.9997296
188,1,24019311,0.99771935,0.00503679,0.00084022,0.0,0.00089961,0.94424643,0.0,0.04897694,44364,6,0.15657896,2.4567369
188,2,24019312,0.98867118,0.02158185,0.00109948,0.0,0.00124933,0.96974974,0.0,0.0063196,23619,6,0.12527528,2.4562711
188,3,24019313,0.97419277,0.06593253,0.00495748,0.0,0.0048118,0.84033183,0.0,0.08396637,18979,6,0.10734867,2.4561962
188,4,24019314,0.99919649,0.00164385,0.00010694,0.0,1.732e-05,0.91044439,0.0,0.0877875,44362,6,0.23367882,2.4567369
188,5,24019315,0.99525295,0.01247783,0.00172054,0.0,0.00137167,0.95342071,0.0,0.03100925,19789,6,0.22983673,2.4567369
188,6,24019316,0.9982439,0.00207657,0.0001183,0.0,0.00238395,0.99542099,0.0,1.9e-07,48459,6,0.34145527,2.4568368
188,7,24019317,0.99089227,0.02987061,0.00279142,0.0,0.00171449,0.94954749,0.0,0.01607598,19522,6,0.17275762,2.4561463
188,8,24019318,0.99687584,0.00826879,0.00259763,0.0,0.00127073,0.98786164,0.0,1.21e-06,8356,6,0.16608669,2.4561462
188,9,24019319,0.98966334,0.0279958,0.0019594,0.0,0.00375735,0.67219179,0.0,0.29409565,24331,7,0.12005768,2.4567869
188,10,24019320,0.98994497,0.02834311,0.00619165,0.0,0.00148026,0.86947981,0.0,0.09450518,48677,6,0.11687152,2.4563208
189,1,24019341,0.99869622,0.00019771,0.0,1.985e-05,7.61e-06,0.99977315,1.56e-06,1.3e-07,37067,6,0.03466179,0.999092
189,2,24019342,0.99862474,0.00018041,0.0,1.928e-05,6.06e-06,0.99979256,1.54e-06,1.4e-07,7113,6,0.05076086,0.9985852
189,3,24019343,0.99866934,0.00017547,0.0,1.931e-05,5.87e-06,0.99641432,1.56e-06,0.00338346,37145,6,0.11931291,0.9992922
189,4,24019344,0.99861911,0.00018475,0.0,1.968e-05,6.3e-06,0.99978699,1.58e-06,7.1e-07,31641,6,0.03629827,0.9990385
189,5,24019345,0.99872761,0.00019365,0.0,1.976e-05,6.31e-06,0.99977862,1.54e-06,1.2e-07,28747,6,0.03752546,0.9992921
189,6,24019346,0.99869079,0.00019003,0.0,1.952e-05,6.49e-06,0.99978195,1.56e-06,4.5e-07,35887,6,0.04511092,0.9990921
189,7,24019347,0.99865417,0.00019607,0.0,1.951e-05,6.65e-06,0.99977576,1.57e-06,4.4e-07,32365,6,0.03732834,0.9992919
189,8,24019348,0.99865348,0.00018781,0.0,1.954e-05,6.2e-06,0.9997846,1.55e-06,3.1e-07,22489,6,0.0718394,0.999292
189,9,24019349,0.99864794,0.00018711,0.0,1.941e-05,6.83e-06,0.99978501,1.56e-06,8e-08,32975,6,0.06240517,0.999092
189,10,24019350,0.99862204,0.00015003,0.0,1.933e-05,5.46e-06,0.99982355,1.58e-06,4e-08,35465,6,0.0677775,0.9988386
190,1,24019371,0.96740037,0.09101207,0.02281619,6e-08,0.05147455,0.36551745,0.01372341,0.45545627,12045,7,0.11955176,1.5464565
190,2,24019372,0.95947698,0.10927057,0.0396742,0.00078785,0.06086938,0.43126111,0.0180523,0.34008459,55213,6,0.08920403,1.5464472
190,3,24019373,0.95013747,0.13446438,0.04831348,1.81e-06,0.07126255,0.02944152,0.02516743,0.69134883,44813,7,0.1359311,1.5465564
190,4,24019374,0.95982748,0.0940313,0.03203179,0.00048699,0.06415428,0.33978426,0.0213558,0.44815558,42893,6,0.09681552,1.5465564
190,5,24019375,0.96245721,0.10836588,0.04091227,0.00044653,0.06166365,0.219232,0.01311976,0.55625992,48901,7,0.08161898,1.5464814
190,6,24019376,0.96630027,0.08880142,0.03440568,0.00094204,0.05247763,0.21579246,0.01543505,0.59214571,16261,7,0.11503054,1.5463223
190,7,24019377,0.95057564,0.13091313,0.02933177,0.00047641,0.0806205,0.20763437,0.02394118,0.52708265,16173,7,0.1180502,1.5465064
190,8,24019378,0.96928572,0.08143251,0.02427593,0.00056904,0.04635197,0.19671466,0.01740553,0.63325036,16301,7,0.11131701,1.5463973
190,9,24019379,0.9675984,0.08745136,0.02500558,9.849e-05,0.06129509,0.19793583,0.01441866,0.61379498,20365,7,0.08028184,1.5462974
190,10,24019380,0.95406663,0.13234627,0.03444867,0.00059717,0.07271735,0.49265127,0.02053547,0.2467038,47013,6,0.14172509,1.5463473
191,1,24019401,0.87276422,0.17722428,0.01651202,0.0,0.08905732,0.0,0.02709728,0.69010911,18947,7,0.11737156,1.0063822
191,2,24019402,0.88145343,0.16305541,0.019543,0.0,0.07425477,0.0,0.02392449,0.71922233,23043,7,0.13151303,1.0064571
191,3,24019403,0.89156786,0.15402626,0.01822042,0.0,0.09219385,0.0,0.02034229,0.71521718,20236,7,0.07805168,1.0065334
191,4,24019404,0.89723449,0.13609547,0.01261431,0.0,0.07100666,0.0,0.02132563,0.75895794,20354,7,0.08011379,1.0064322
191,5,24019405,0.8727228,0.17349279,0.01502281,0.0,0.10183061,0.0,0.02790507,0.68174872,20236,7,0.0570523,1.0065334
191,6,24019406,0.8865346,0.1436168,0.01456513,0.0,0.06898765,0.0,0.02627364,0.74655678,19331,7,0.10724622,1.006532
191,7,24019407,0.83655635,0.21704594,0.02334111,0.0,0.12623145,0.0,0.03653182,0.59684967,23053,7,0.08498389,1.006532
191,8,24019408,0.88911425,0.15601856,0.01740312,0.0,0.11325799,0.0,0.02269759,0.69062275,19338,7,0.12820764,1.0064321
191,9,24019409,0.90800712,0.11594081,0.01212637,0.0,0.05892752,0.0,0.02427543,0.78872987,18947,7,0.1252121,1.0063822
191,10,24019410,0.8805988,0.16293372,0.01610755,0.0,0.12907616,0.0,0.02517656,0.666706,19340,7,0.08766981,1.0064321
192,1,24019431,0.9987928,0.0001987,0.0,1.418e-05,1.784e-05,0.68924781,0.0,0.31052148,16215,7,0.0280737,0.9995139
192,2,24019432,0.99881491,0.00019039,0.0,1.416e-05,1.66e-05,0.6781711,0.0,0.32160775,43449,6,0.02237382,0.9989086
192,3,24019433,0.99877524,0.0001793,0.0,1.419e-05,1.541e-05,0.78464636,0.0,0.21514475,43417,6,0.04932646,0.999139
192,4,24019434,0.99885898,0.00020053,0.0,1.424e-05,1.974e-05,0.67286453,0.0,0.32690096,64345,6,0.06038588,0.9993389
192,5,24019435,0.99885498,0.00019184,0.0,1.415e-05,1.996e-05,0.62613031,0.0,0.37364375,35129,6,0.0910179,0.9989086
192,6,24019436,0.99886489,0.00020155,0.0,1.419e-05,2.035e-05,0.61474809,0.0,0.38501581,47577,6,0.03716239,0.9993388
192,7,24019437,0.99885356,0.000194,0.0,1.411e-05,1.762e-05,0.69099237,0.0,0.30878189,48633,6,0.06481004,0.999339
192,8,24019438,0.99877985,0.00018027,0.0,1.411e-05,1.758e-05,0.72885463,0.0,0.27093342,34777,6,0.06268971,0.9991387
192,9,24019439,0.99882329,0.00019244,0.0,1.407e-05,1.806e-05,0.66426079,0.0,0.33551463,28953,6,0.05578044,0.999339
192,10,24019440,0.9988007,0.00019705,0.0,1.415e-05,1.834e-05,0.62931225,0.0,0.37045821,14535,6,0.03197381,0.9987034
193,1,24019461,0.96170162,0.23307496,0.57879119,0.0,0.00363649,0.18449318,0.0,4.18e-06,8354,4,0.19147868,2.6615894
193,2,24019462,0.99184734,0.04602363,0.09540141,0.0,0.00149759,0.76541439,0.0,0.09166298,8948,6,0.11233735,2.6621212
193,3,24019463,0.96106642,0.22643159,0.67726375,0.0,0.01306209,0.08324218,0.0,3.9e-07,55396,4,0.67090276,2.6617392
193,4,24019464,0.96758804,0.1874008,0.48214995,0.0,0.00769932,0.27870178,0.0,0.04404815,8866,4,0.37075016,2.6615895
193,5,24019465,0.95228617,0.27423126,0.71492879,0.0,0.01083591,3.9e-06,0.0,1.4e-07,8354,4,0.52858595,2.6615894
193,6,24019466,0.99038039,0.05719653,0.12535163,0.0,0.00179999,0.670772,0.0,0.14487985,24092,6,0.14910439,2.6622211
193,7,24019467,0.99145871,0.04702874,0.11222675,0.0,0.00253434,0.81828284,0.0,0.01992733,8421,6,0.11652102,2.6616394
193,8,24019468,0.96513978,0.20768203,0.48998559,0.0,0.00534114,0.27523224,0.0,0.021759,8930,4,0.1262166,2.6615893
193,9,24019469,0.97930169,0.12142961,0.28155898,0.0,0.0054025,0.4722661,0.0,0.11934281,9860,6,0.11576332,2.6615895
193,10,24019470,0.98973179,0.0613989,0.13844218,0.0,0.00180331,0.71159839,0.0,0.08675721,8364,6,0.18595579,2.6615894
194,1,24019491,0.88004026,0.02549217,0.00452112,0.13500059,0.00326511,0.7999402,0.03178078,2e-08,23118,2,0.04461519,0.6657634
194,2,24019492,0.88180471,0.03439044,0.00407868,0.09632443,0.00757688,0.82958753,0.02804205,1e-08,37007,6,0.04359766,0.9992236
194,3,24019493,0.90040383,0.03233072,0.00383081,0.07061364,0.00663418,0.84832118,0.03708597,0.0011835,22727,6,0.04669369,0.9988727
194,4,24019494,0.93027089,0.02096233,0.00284984,0.06644621,0.00311673,0.88600428,0.02062059,2e-08,32989,6,0.08359705,0.9988476
194,5,24019495,0.89863243,0.02509284,0.00393755,0.09469995,0.0070926,0.83937531,0.02980171,4e-08,13273,6,0.02933309,0.9983725
194,6,24019496,0.91038174,0.02367968,0.00425083,0.08544414,0.00385482,0.85078894,0.03198157,2e-08,33753,6,0.06281832,0.9992236
194,7,24019497,0.9133079,0.01516225,0.003211,0.10993738,0.00284195,0.84608382,0.0227624,1.21e-06,37001,6,0.08316615,0.9992236
194,8,24019498,0.88680219,0.02135922,0.00347857,0.12461568,0.01022915,0.80441113,0.03392051,0.00198573,51609,6,0.05462426,0.9992237
194,9,24019499,0.91704111,0.02027553,0.00319853,0.0685844,0.00481227,0.86370559,0.02804896,0.01137472,34859,6,0.1298037,0.9990355
194,10,24019500,0.87323717,0.02879181,0.00887798,0.15354967,0.00568575,0.76326848,0.03832554,0.00150077,37448,2,0.040003,0.666157
195,1,24019521,0.99853816,0.00311184,0.02902721,0.0,0.00028589,0.28623674,0.0,0.68133832,26559,7,0.02921083,0.9997599
195,2,24019522,0.99818327,0.00416355,0.02620795,0.0,0.00122861,0.3789786,0.0,0.58942129,44279,6,0.01581138,0.9997132
195,3,24019523,0.9981253,0.00484696,0.02266408,0.0,0.00049681,0.33220366,0.0,0.63978849,65023,7,0.02375535,0.9998732
195,4,24019524,0.99786911,0.00485082,0.027774,0.0,0.00068282,0.36150572,0.0,0.60518665,40951,7,0.02964612,0.9998483
195,5,24019525,0.99822632,0.00386024,0.02033157,0.0,0.00094454,0.33201801,0.0,0.64284564,48567,6,0.02692327,0.9998482
195,6,24019526,0.9978707,0.00469016,0.03038044,0.0,0.00065525,0.2915257,0.0,0.67274845,48503,7,0.03100706,0.9998482
195,7,24019527,0.99829647,0.00387083,0.02585806,0.0,0.00053693,0.22012357,0.0,0.74961061,3583,7,0.02979103,0.9998232
195,8,24019528,0.99788224,0.00548543,0.01878428,0.0,0.00094142,0.33925304,0.0,0.63553583,36223,7,0.03382522,0.9998732
195,9,24019529,0.99787479,0.00522715,0.02875673,0.0,0.00065587,0.318881,0.0,0.64647925,34679,7,0.02168283,0.9997733
195,10,24019530,0.99774849,0.00530104,0.02506752,0.0,0.00101845,0.36685099,0.0,0.60176202,42815,6,0.02701094,0.9997542
196,1,24019551,0.97850784,0.04057882,0.00776125,0.0,0.01214277,0.72431579,0.0,0.21520137,16133,6,0.13226798,2.0911605
196,2,24019552,0.98439231,0.02599978,0.00480571,0.0,0.00974156,0.91663707,0.0,0.04281588,21957,6,0.17594942,2.0911605
196,3,24019553,0.98520494,0.03153983,0.00466562,0.0,0.00936283,0.83866597,0.0,0.11576575,21955,6,0.17306954,2.0911605
196,4,24019554,0.99037868,0.02440064,0.00628956,0.0,0.0068922,0.9278048,0.0,0.0346128,15426,6,0.1550998,2.0907427
196,5,24019555,0.97684498,0.04021247,0.00161033,0.0,0.01420583,0.88906204,0.0,0.05490932,8884,6,0.31800656,2.0910605
196,6,24019556,0.97895364,0.04537323,0.00679779,0.0,0.00982035,0.71645531,0.0,0.22155333,52005,6,0.08947282,2.0911605
196,7,24019557,0.9851172,0.0305529,0.00132459,0.0,0.00764459,0.75651655,0.0,0.20396136,8436,6,0.08719294,2.0910605
196,8,24019558,0.98441411,0.03368907,0.01071648,0.0,0.00722931,0.68281044,0.0,0.2655547,52546,6,0.11458412,2.0911272
196,9,24019559,0.98453793,0.03307839,0.00954147,0.0,0.00670728,0.93213492,0.0,0.01853793,56650,6,0.24532468,2.0911938
196,10,24019560,0.98777542,0.02374797,0.00702574,0.0,0.00810012,0.75755526,0.0,0.2035709,8421,6,0.12102219,2.0906928
197,1,24019581,0.99857234,0.00018323,0.0,2.081e-05,6.9e-06,0.99978741,1.53e-06,1.2e-07,55497,6,0.02877402,0.9985118
197,2,24019582,0.9986603,0.00018976,0.0,2.074e-05,6.66e-06,0.99978075,1.5e-06,6e-07,34111,6,0.04067903,0.9994555
197,3,24019583,0.99867637,0.00020883,0.0,2.08e-05,7.25e-06,0.99976152,1.51e-06,9e-08,32151,6,0.04344606,0.9993305
197,4,24019584,0.99867204,0.00018119,0.0,2.073e-05,6.46e-06,0.99971589,1.52e-06,7.421e-05,34793,6,0.06878341,0.9985118
197,5,24019585,0.99863233,0.00018734,0.0,2.079e-05,6.56e-06,0.99978375,1.52e-06,3e-08,7001,6,0.08105458,0.9991555
197,6,24019586,0.99871313,0.00019739,0.0,2.087e-05,7.23e-06,0.99977204,1.52e-06,9.5e-07,47583,6,0.02822044,0.9994553
197,7,24019587,0.99853406,0.00017158,0.0,2.079e-05,6.12e-06,0.99979926,1.51e-06,7.4e-07,40681,6,0.08110137,0.9990558
197,8,24019588,0.99859642,0.0001837,0.0,2.088e-05,7.04e-06,0.99978671,1.56e-06,1.1e-07,32907,6,0.03706639,0.9990554
197,9,24019589,0.99857932,0.00017155,0.0,2.077e-05,6.63e-06,0.99979934,1.52e-06,2e-07,37405,6,0.0336308,0.9982398
197,10,24019590,0.99858898,0.0001775,0.0,2.074e-05,5.85e-06,0.99979118,1.51e-06,3.22e-06,34827,6,0.09109351,0.9990554
198,1,24019611,0.99465374,0.01393625,0.00400544,0.0,0.00286045,0.95706171,0.0,0.02213616,14243,6,0.10806552,2.1850993
198,2,24019612,0.99529882,0.01598215,0.00231814,0.0,0.00424017,0.96884339,0.0,0.00861616,56540,6,0.22566223,2.1851243
198,3,24019613,0.99030731,0.02840947,0.00654662,0.0,0.00745342,0.85544027,0.0,0.10215021,14243,6,0.24198982,2.1850993
198,4,24019614,0.99019233,0.02624104,0.00774754,0.0,0.00756679,0.92408023,0.0,0.03436441,42653,6,0.16622184,2.185461
198,5,24019615,0.99521143,0.00907871,0.00212284,0.0,0.00759039,0.98120754,0.0,5e-07,50627,6,0.16002405,2.1853611
198,6,24019616,0.99420946,0.02149927,0.00287068,0.0,0.00217345,0.9728822,0.0,0.00057439,50373,6,0.175599,2.1849578
198,7,24019617,0.99224548,0.02194376,0.00621414,0.0,0.0069821,0.93128628,0.0,0.03357372,15437,6,0.11361676,2.1850243
198,8,24019618,0.9942635,0.01513635,0.00295355,0.0,0.00426358,0.89369817,0.0,0.08394835,14252,6,0.15837324,2.185091
198,9,24019619,0.99252401,0.02705345,0.00136765,0.0,0.0052946,0.88620111,0.0,0.08008319,56989,6,0.18030194,2.1852242
198,10,24019620,0.99633351,0.00914058,0.00267938,0.0,0.00276711,0.95824382,0.0,0.02716911,9861,6,0.1225078,2.1848746
199,1,24019641,0.57627898,0.34189326,0.05478781,0.0,0.08980322,0.3174245,0.12197072,0.0741205,22727,6,0.05394213,0.9993231
199,2,24019642,0.49930648,0.40281653,0.0734853,0.0,0.10738174,0.22064576,0.1413089,0.05436176,23183,7,0.02836863,0.9992472
199,3,24019643,0.61380123,0.3159816,0.05651112,0.0,0.08378586,0.40172633,0.10408863,0.03790647,19591,6,0.05297609,0.9992482
199,4,24019644,0.6154142,0.30716648,0.06235302,0.0,0.08272687,0.3518666,0.11028708,0.08559995,22671,6,0.04947068,0.999398
199,5,24019645,0.57840482,0.32785437,0.06069609,0.0,0.09090181,0.29149429,0.12362225,0.10543118,18823,6,0.04090654,0.9990974
199,6,24019646,0.53337458,0.38924111,0.07126064,0.0,0.10082059,0.26372052,0.12103717,0.05391997,22671,6,0.04571247,0.999398
199,7,24019647,0.58553803,0.33867667,0.06070771,0.0,0.09695548,0.32495657,0.10852292,0.07018066,19599,6,0.04497908,0.999348
199,8,24019648,0.51892406,0.37130241,0.06830517,0.0,0.1073584,0.26895625,0.14389936,0.04017842,18631,6,0.04549027,0.9992482
199,9,24019649,0.5768919,0.35615242,0.06716611,0.0,0.0886727,0.28691276,0.11205506,0.08904095,19591,6,0.08639573,0.9992482
199,10,24019650,0.57081847,0.34422504,0.06325202,0.0,0.09422347,0.32862134,0.12310459,0.04657354,18631,6,0.04826372,0.9992482
200,1,24019671,0.99900182,0.00023098,0.0,9.6e-07,2.211e-05,0.65016575,0.0,0.3495802,32585,6,0.0243407,0.9990719
200,2,24019672,0.99902589,0.00024349,0.0,9.7e-07,2.608e-05,0.597364,0.0,0.40236546,22521,6,0.03908387,0.9994358
200,3,24019673,0.99902076,0.00027237,0.0,9.6e-07,2.235e-05,0.63871286,0.0,0.36099146,26103,7,0.03274445,0.9995857
200,4,24019674,0.99894229,0.00023272,0.0,9.2e-07,2.209e-05,0.68823259,0.0,0.31151168,30537,6,0.03031348,0.999072
200,5,24019675,0.99904123,0.00024901,0.0,9.2e-07,2.491e-05,0.48248484,0.0,0.51724031,12263,7,0.02719976,0.9992218
200,6,24019676,0.99904563,0.00023214,0.0,9.5e-07,2.442e-05,0.61038392,0.0,0.38935857,58809,6,0.0370874,0.9992359
200,7,24019677,0.99905074,0.00023944,0.0,9e-07,2.349e-05,0.63475827,0.0,0.36497791,18103,6,0.03401109,0.9990398
200,8,24019678,0.99900201,0.0002335,0.0,8.9e-07,2.289e-05,0.59778278,0.0,0.40195994,44889,6,0.06288504,0.9992358
200,9,24019679,0.99900359,0.00028338,0.0,9.5e-07,2.906e-05,0.59478445,0.0,0.40490216,27591,6,0.02508397,0.9990221
200,10,24019680,0.99898426,0.00023753,0.0,9.7e-07,2.589e-05,0.62702418,0.0,0.37271143,59865,6,0.04753842,0.999236
201,1,24019701,0.99942965,0.00022835,4.02e-06,0.0,1.036e-05,0.99975706,0.0,2.2e-07,13523,6,0.2420524,2.7129821
201,2,24019702,0.99897182,0.0014831,0.00087204,0.0,0.00024499,0.98150214,0.0,0.01589772,8932,6,0.15949693,2.7123401
201,3,24019703,0.99941442,0.00021757,4.32e-06,0.0,8.41e-06,0.99976953,0.0,1.6e-07,13533,6,0.34163048,2.7130321
201,4,24019704,0.99943232,0.00023634,4.38e-06,0.0,1.067e-05,0.99974839,0.0,2.3e-07,19549,6,0.16391361,2.7129821
201,5,24019705,0.99946537,0.00024497,4.41e-06,0.0,1.183e-05,0.99973853,0.0,2.6e-07,54482,6,0.26232711,2.7129821
201,6,24019706,0.98638849,0.04664582,0.00312605,0.0,0.00120998,0.90534653,0.0,0.04367162,46748,6,0.21133272,2.7130154
201,7,24019707,0.99941692,0.00025222,4.7e-06,0.0,1.164e-05,0.9997312,0.0,2.4e-07,15572,6,0.1712205,2.7125649
201,8,24019708,0.99941182,0.00023148,4.57e-06,0.0,1.099e-05,0.99975277,0.0,1.9e-07,19787,6,0.18774794,2.7129821
201,9,24019709,0.99944494,0.00023896,4.32e-06,0.0,1.145e-05,0.99974504,0.0,2.3e-07,21957,6,0.09359131,2.7129821
201,10,24019710,0.99923894,0.00183072,0.00209898,0.0,9.93e-06,0.99606006,0.0,3.1e-07,13530,6,0.21590355,2.7129821
202,1,24019731,0.99863013,0.00020976,0.0,1.634e-05,6.76e-06,0.99976538,1.72e-06,3e-08,31305,6,0.04117776,0.9993107
202,2,24019732,0.99855634,0.00019696,0.0,1.583e-05,7.21e-06,0.99977662,1.67e-06,1.71e-06,40137,6,0.05787797,0.9986223
202,3,24019733,0.99859912,0.000188,0.0,1.581e-05,6.7e-06,0.99978773,1.72e-06,5e-08,55737,6,0.11512932,0.9990663
202,4,24019734,0.99868109,0.00019726,0.0,1.636e-05,6.84e-06,0.99977778,1.68e-06,9e-08,35113,6,0.06865412,0.9983779
202,5,24019735,0.99860538,0.00020671,0.0,1.655e-05,6.41e-06,0.99976855,1.73e-06,4e-08,34985,6,0.03333011,0.9988665
202,6,24019736,0.99859458,0.00018633,0.0,1.547e-05,5.76e-06,0.99979041,1.68e-06,3.6e-07,42985,6,0.04097383,0.9986222
202,7,24019737,0.9987233,0.00019917,0.0,1.611e-05,6.28e-06,0.9997767,1.72e-06,3e-08,36009,6,0.05418559,0.9991109
202,8,24019738,0.99870876,0.00018822,0.0,1.586e-05,6.11e-06,0.99978808,1.67e-06,5e-08,60281,6,0.10232376,0.9988664
202,9,24019739,0.9985796,0.00019986,0.0,1.59e-05,6.2e-06,0.99977603,1.68e-06,3.3e-07,38957,6,0.03751386,0.9988663
202,10,24019740,0.99862495,0.00020098,0.0,1.612e-05,6.57e-06,0.99977447,1.7e-06,1.6e-07,37583,6,0.04169402,0.9991108
203,1,24019761,0.97785247,0.08139159,0.00883588,0.00193456,0.07824404,0.0,0.05056991,0.77902402,16301,7,0.1503851,1.1501506
203,2,24019762,0.96642593,0.11223273,0.01435289,0.00527811,0.10672972,0.0,0.07984506,0.68156149,49069,7,0.11696889,1.1502005
203,3,24019763,0.97495475,0.0921774,0.00781831,0.00324955,0.08724854,0.0,0.05524972,0.75425648,24493,7,0.14460852,1.1501506
203,4,24019764,0.96052997,0.11753571,0.01358546,0.00272219,0.14830231,0.0,0.10099882,0.61685551,20397,7,0.07609752,1.1500507
203,5,24019765,0.96384659,0.11236152,0.00925356,0.00410659,0.11178365,0.0,0.099249,0.66324568,44965,7,0.10736082,1.1500673
203,6,24019766,0.97871846,0.06946102,0.00749604,0.0010482,0.09447864,0.0,0.04549726,0.78201884,24461,7,0.15473334,1.1501506
203,7,24019767,0.96926861,0.10044828,0.01643745,0.00682899,0.11531227,0.0,0.07085396,0.69011906,57101,7,0.09962367,1.1502305
203,8,24019768,0.97333366,0.07419019,0.00826134,0.00670393,0.08906213,0.0,0.07621852,0.7455639,15885,7,0.11345991,1.1500007
203,9,24019769,0.96789077,0.10649627,0.01172301,0.001521,0.11228235,0.0,0.08314098,0.68483639,44941,7,0.13549452,1.1502005
203,10,24019770,0.96255717,0.12527986,0.01904647,0.00174568,0.13811255,0.0,0.09543039,0.62038504,44805,7,0.08054291,1.1501306
204,1,24019791,0.95926756,0.066058,0.01126385,0.0,0.02097305,0.62760184,0.00560982,0.26849344,20267,6,0.21307294,1.4991121
204,2,24019792,0.95713677,0.06649855,0.00891617,0.0,0.0208244,0.46183852,0.00631978,0.43560258,18957,7,0.09858297,1.4988625
204,3,24019793,0.96588676,0.05488741,0.01010113,0.0,0.01638305,0.53101543,0.00556104,0.38205194,19331,7,0.09211464,1.4989124
204,4,24019794,0.97689717,0.04169339,0.00502829,0.0,0.01064152,0.53527163,0.00261092,0.40475425,57092,6,0.10576374,1.4991121
204,5,24019795,0.96401436,0.05292716,0.00881662,0.0,0.02182921,0.58677065,0.00466295,0.32499341,18980,6,0.18287611,1.4987128
204,6,24019796,0.94692645,0.08066359,0.01055264,0.0,0.0285281,0.5464497,0.00738553,0.32642044,20002,6,0.12250561,1.4987127
204,7,24019797,0.97454563,0.0407197,0.00704203,0.0,0.01376396,0.52652507,0.00344721,0.40850203,19340,7,0.10727889,1.4988125
204,8,24019798,0.96162979,0.06047303,0.00819808,0.0,0.02160072,0.61046185,0.00588917,0.29337716,18050,6,0.1112696,1.4987128
204,9,24019799,0.95421498,0.07428179,0.01339025,0.0,0.02405882,0.52010846,0.0069457,0.36121498,19211,7,0.0726296,1.4991121
204,10,24019800,0.96988054,0.0480819,0.00590533,0.0,0.01904982,0.67226849,0.00213746,0.252557,51725,6,0.08552399,1.4990123
205,1,24019821,0.99878048,0.00019107,0.0,1.818e-05,1.966e-05,0.62120727,0.0,0.37856382,38271,7,0.04010311,0.9994728
205,2,24019822,0.99867505,0.00017762,0.0,1.815e-05,1.671e-05,0.7413708,0.0,0.25841672,36073,6,0.04084243,0.999073
205,3,24019823,0.99871009,0.00019573,0.0,1.828e-05,2.035e-05,0.57930069,0.0,0.42046494,31199,6,0.03589855,0.9994728
205,4,24019824,0.99868843,0.00017892,0.0,1.809e-05,1.499e-05,0.76212807,0.0,0.23765993,27819,6,0.03302613,0.9992228
205,5,24019825,0.99867348,0.00018333,0.0,1.839e-05,1.658e-05,0.69469098,0.0,0.30509072,35897,6,0.05906512,0.9985465
205,6,24019826,0.99867638,0.00019894,0.0,1.817e-05,1.911e-05,0.66452581,0.0,0.33523796,65465,6,0.03291738,0.9990096
205,7,24019827,0.99866606,0.00018836,0.0,1.817e-05,1.816e-05,0.67372289,0.0,0.32605242,60811,6,0.02691542,0.998746
205,8,24019828,0.99860219,0.00016793,0.0,1.819e-05,1.466e-05,0.79940535,0.0,0.20039387,13817,6,0.05266278,0.9992728
205,9,24019829,0.99868006,0.00017257,0.0,1.831e-05,1.675e-05,0.75262045,0.0,0.24717192,38873,6,0.08935054,0.9992727
205,10,24019830,0.9986954,0.00018916,0.0,1.819e-05,1.933e-05,0.66681149,0.0,0.33296183,29259,6,0.03817937,0.9992729
206,1,24019851,0.97606034,0.16872618,0.15607262,0.0,0.00193647,0.48081136,0.0,0.19245337,47011,6,0.14121875,2.6531053
206,2,24019852,0.98429112,0.06938379,0.05953418,0.0,0.01931746,0.78988687,0.0,0.0618777,11147,6,0.06898173,2.6530552
206,3,24019853,0.99334607,0.04044796,0.05416632,0.0,0.00217434,0.77289144,0.0,0.13031994,17147,6,0.21184846,2.6534355
206,4,24019854,0.98348827,0.10017835,0.13986039,0.0,0.01170707,0.59309553,0.0,0.15515865,49915,6,0.12389988,2.6535355
206,5,24019855,0.99518341,0.0283894,0.02955963,0.0,0.00063161,0.92604102,0.0,0.01537834,50845,6,0.22342782,2.6535355
206,6,24019856,0.99642183,0.01797782,0.0302542,0.0,0.00220576,0.89551742,0.0,0.05404481,13981,6,0.21166439,2.6534856
206,7,24019857,0.99107796,0.0569059,0.05005273,0.0,0.00113897,0.72256763,0.0,0.16933477,55995,6,0.24782103,2.6532053
206,8,24019858,0.99424778,0.03436314,0.03824889,0.0,0.00135444,0.91408112,0.0,0.01195242,11931,6,0.30726302,2.6530553
206,9,24019859,0.97809542,0.1363294,0.17942408,0.0,0.0044006,0.63980902,0.0,0.0400369,49339,6,0.25933778,2.6535355
206,10,24019860,0.9936614,0.03904321,0.05499692,0.0,0.00044689,0.90550992,0.0,3.06e-06,14213,6,0.15396533,2.6534356
207,1,24019881,0.84787245,0.05264089,0.01492447,0.08276923,0.01276312,0.76970708,0.05993579,0.00725944,36873,6,0.06840954,0.9992928
207,2,24019882,0.71847071,0.07859704,0.01772643,0.21071274,0.01921769,0.5649557,0.10584717,0.00294323,23360,2,0.08391863,0.4996227
207,3,24019883,0.74414076,0.09366227,0.03083364,0.09263615,0.02267994,0.62228146,0.13055383,0.00735269,24136,2,0.0487335,0.6658809
207,4,24019884,0.77797182,0.07266488,0.02545613,0.10008791,0.01735081,0.63424546,0.10848397,0.04171083,37449,6,0.06725052,0.9992928
207,5,24019885,0.76983612,0.07383483,0.0260881,0.10999421,0.02486129,0.65444696,0.11077312,1.49e-06,6990,2,0.04984292,0.6661077
207,6,24019886,0.76486557,0.07569667,0.02598079,0.06299147,0.01933369,0.66948181,0.1311734,0.01534217,37391,6,0.04172645,0.9991392
207,7,24019887,0.77463554,0.08799851,0.03414144,0.07499666,0.02332601,0.66424449,0.10633017,0.00896271,37899,6,0.06252152,0.9992927
207,8,24019888,0.70295538,0.0949882,0.03386736,0.16451962,0.02137216,0.50747529,0.1361744,0.04160297,8009,6,0.06390149,0.9990856
207,9,24019889,0.77085905,0.07489739,0.0194386,0.0968032,0.020513,0.6618286,0.10809447,0.01842473,37129,6,0.05402724,0.9989858
207,10,24019890,0.78526343,0.07351048,0.03167333,0.0665929,0.01801335,0.68637346,0.10847326,0.01536323,36877,6,0.05895242,0.9992928
208,1,24019911,0.99844182,0.00240866,0.00442729,0.0,0.0001805,0.42702806,0.0,0.56595548,54391,6,0.02720582,0.9993012
208,2,24019912,0.99827761,0.00276888,0.00418243,0.0,0.00024277,0.41248917,0.0,0.58031675,45047,7,0.03293936,0.9997394
208,3,24019913,0.9982968,0.00258179,0.00401521,0.0,0.00015822,0.32293087,0.0,0.67031391,25983,7,0.02529109,0.9997228
208,4,24019914,0.99793001,0.00372078,0.00483764,0.0,0.00034806,0.45732353,0.0,0.53376998,53247,7,0.02799562,0.9997728
208,5,24019915,0.99811397,0.00323559,0.0061138,0.0,0.00033848,0.50130714,0.0,0.489005,48503,7,0.03021166,0.9997477
208,6,24019916,0.99872073,0.00157129,0.00402878,0.0,8.292e-05,0.4373865,0.0,0.55693051,17655,6,0.02479478,0.9994956
208,7,24019917,0.99824881,0.0030714,0.00676175,0.0,0.00047911,0.40290026,0.0,0.58678748,21879,7,0.03362938,0.99969
208,8,24019918,0.99846486,0.0018833,0.00372212,0.0,0.00058518,0.36106665,0.0,0.63274276,30655,7,0.02681102,0.9996592
208,9,24019919,0.99851111,0.00228575,0.00525265,0.0,0.00028034,0.36527916,0.0,0.6269021,16351,7,0.02698202,0.9997727
208,10,24019920,0.99816943,0.00294847,0.00443027,0.0,0.00035014,0.44402965,0.0,0.54824147,39423,7,0.02142306,0.9995457
209,1,24019941,0.98216712,0.05248454,0.01032754,0.0,0.00440721,0.64999642,0.0,0.28278429,23341,6,0.12870519,2.4870482
209,2,24019942,0.98394923,0.03235412,0.01080377,0.0,0.00349604,0.9153534,0.0,0.03799268,11594,6,0.16103013,2.4868983
209,3,24019943,0.99785339,0.00251852,0.0004761,0.0,0.00103998,0.9575582,0.0,0.0384072,48195,6,0.16724627,2.4865763
209,4,24019944,0.98596913,0.03004923,0.01687783,0.0,0.00547868,0.93321268,0.0,0.01438159,44101,6,0.12690828,2.4865347
209,5,24019945,0.99832893,0.0047321,0.00021485,0.0,0.00019606,0.96129623,0.0,0.03356075,23645,6,0.41954536,2.4870482
209,6,24019946,0.97724976,0.03995715,0.00492485,0.0,0.00125299,0.95386455,0.0,4.6e-07,8884,6,0.17720475,2.4868983
209,7,24019947,0.98672082,0.03567249,0.00695502,0.0,0.00302479,0.89735748,0.0,0.05699021,8428,6,0.1845921,2.4864017
209,8,24019948,0.96256819,0.0649987,0.00462895,0.0,0.00572933,0.80104402,0.0,0.123599,56540,6,0.22610682,2.4867012
209,9,24019949,0.99692369,0.00635721,0.00194019,0.0,0.00148818,0.86600618,0.0,0.12420824,21717,6,0.29466796,2.4869982
209,10,24019950,0.98565574,0.03123298,0.00994694,0.0,0.00647476,0.88670966,0.0,0.06563565,8884,6,0.23521898,2.4868983
210,1,24019971,0.99861943,0.00019391,0.0,1.919e-05,6.98e-06,0.99876171,1.54e-06,0.00101668,60107,6,0.02647016,0.9992396
210,2,24019972,0.99862228,0.00018529,0.0,1.914e-05,6.64e-06,0.99978733,1.56e-06,4e-08,34989,6,0.04722829,0.9987595
210,3,24019973,0.99862827,0.00019459,0.0,1.913e-05,7.44e-06,0.99977715,1.56e-06,1.3e-07,29663,6,0.0377036,0.9994397
210,4,24019974,0.66554763,0.00010317,0.0,0.99987996,3.5e-06,1.181e-05,1.54e-06,1e-08,38126,2,0.14527737,0.6658975
210,5,24019975,0.99859244,0.00017937,0.0,1.901e-05,6.18e-06,0.9997939,1.5e-06,5e-08,6105,6,0.05743758,0.9992394
210,6,24019976,0.99865017,0.00016354,0.0,1.92e-05,6.24e-06,0.99980946,1.53e-06,3e-08,23449,6,0.0813257,0.9989597
210,7,24019977,0.99861212,0.00018276,0.0,1.919e-05,6.42e-06,0.99979008,1.53e-06,2e-08,58473,6,0.05040497,0.9992396
210,8,24019978,0.99857276,0.0001776,0.0,1.904e-05,6.7e-06,0.9993968,1.54e-06,0.00039831,37481,6,0.05843701,0.99876
210,9,24019979,0.99854711,0.00018169,0.0,1.905e-05,6.62e-06,0.99979091,1.54e-06,2e-07,36427,6,0.04255937,0.9990392
210,10,24019980,0.99862092,0.00018384,0.0,1.92e-05,6.52e-06,0.99978857,1.52e-06,3.5e-07,35401,6,0.03449695,0.9990396
211,1,24020001,0.978531,0.04484637,0.01272036,0.0,0.02295474,0.84760057,0.01217484,0.05970312,15893,6,0.15339059,1.9037354
211,2,24020002,0.98560404,0.03658829,0.0095619,0.0,0.01237198,0.62157525,0.00686597,0.31303661,19365,6,0.17820469,1.903455
211,3,24020003,0.97142862,0.05875031,0.01476776,0.0,0.03228238,0.70494596,0.01181916,0.17743442,52893,6,0.10360615,1.9036548
211,4,24020004,0.98125231,0.04291945,0.00708655,0.0,0.02100415,0.76437359,0.0061303,0.15848596,48669,6,0.13486376,1.9038354
211,5,24020005,0.99174278,0.01940213,0.00327634,0.0,0.01065024,0.83947252,0.0026682,0.12453057,43789,6,0.15755353,1.9038353
211,6,24020006,0.98454112,0.03503879,0.00560232,0.0,0.01332248,0.74111704,0.00457524,0.20034412,57229,7,0.08511697,1.9036549
211,7,24020007,0.98203157,0.04145459,0.00515987,0.0,0.01985874,0.58421492,0.00543487,0.34387702,16173,7,0.09731574,1.9037854
211,8,24020008,0.98087739,0.05003392,0.00853892,0.0,0.02008909,0.67689421,0.0051666,0.23927726,47021,6,0.07859626,1.9036549
211,9,24020009,0.98783224,0.03424811,0.00576009,0.0,0.01247886,0.79971101,0.00468565,0.14311628,44573,6,0.29570607,1.9038354
211,10,24020010,0.98315551,0.03418837,0.00489982,0.0,0.02060559,0.53890508,0.00547602,0.39592511,14212,6,0.09870148,1.9037105
212,1,24020031,0.502642,0.48816242,0.05204192,0.0,0.16326598,0.0,0.17091732,0.12561236,23175,7,0.05628818,0.99947
212,2,24020032,0.55466917,0.456403,0.04949367,0.0,0.15461093,0.0,0.14896993,0.19052247,23175,7,0.07466941,0.99947
212,3,24020033,0.52582136,0.48460947,0.05376561,0.0,0.16795483,0.0,0.15016481,0.14350527,19079,7,0.05712373,0.9993951
212,4,24020034,0.54681813,0.46196144,0.05260757,0.0,0.15434613,0.0,0.16630518,0.16477968,23175,7,0.08485796,0.99947
212,5,24020035,0.53276383,0.47659995,0.05420874,0.0,0.15540613,0.0,0.15843857,0.15534661,23183,7,0.04323886,0.9995448
212,6,24020036,0.49690853,0.49851433,0.05222452,0.0,0.16894787,0.0,0.17586605,0.10444724,23183,7,0.02936908,0.9995448
212,7,24020037,0.54128687,0.45530471,0.051663,0.0,0.16412372,0.0,0.16247647,0.16643211,20103,7,0.06087007,0.9993435
212,8,24020038,0.55414201,0.45186024,0.05033685,0.0,0.15398539,0.0,0.15503178,0.18878574,23183,7,0.05867185,0.9995448
212,9,24020039,0.55908293,0.44122891,0.04890628,0.0,0.14414344,0.0,0.17920044,0.18652093,19079,7,0.06303538,0.9993951
212,10,24020040,0.53487637,0.46415455,0.05081164,0.0,0.15143229,0.0,0.16155268,0.17204884,23183,7,0.04088232,0.9995448
213,1,24020061,0.99890125,0.00021571,0.0,1.063e-05,2.331e-05,0.54679647,0.0,0.45295388,63051,6,0.02320916,0.9993456
213,2,24020062,0.99884453,0.00019349,0.0,1.071e-05,1.884e-05,0.75777615,0.0,0.24200082,30009,6,0.07552226,0.9993457
213,3,24020063,0.99878858,0.00020576,0.0,1.069e-05,1.987e-05,0.61005768,0.0,0.389706,64473,6,0.05371217,0.9993457
213,4,24020064,0.99884188,0.00019087,0.0,1.072e-05,1.757e-05,0.6312982,0.0,0.36848265,47081,6,0.05379854,0.9988917
213,5,24020065,0.99889037,0.00021058,0.0,1.07e-05,2.144e-05,0.58454652,0.0,0.41521077,63833,6,0.07144748,0.9993455
213,6,24020066,0.99883511,0.00020511,0.0,1.07e-05,2.155e-05,0.6178405,0.0,0.38192213,3263,6,0.03270936,0.9988419
213,7,24020067,0.99888884,0.00020518,0.0,1.076e-05,2.184e-05,0.64935557,0.0,0.35040665,16375,7,0.03103465,0.9995207
213,8,24020068,0.99875184,0.00018797,0.0,1.076e-05,1.603e-05,0.76601792,0.0,0.23376733,59865,6,0.05719502,0.9991459
213,9,24020069,0.99881445,0.00019233,0.0,1.064e-05,1.849e-05,0.68369909,0.0,0.31607945,55705,6,0.02862385,0.9993456
213,10,24020070,0.99880219,0.00019674,0.0,1.075e-05,2.012e-05,0.6746008,0.0,0.32517158,57305,6,0.04430589,0.9993457
214,1,24020091,0.99945669,0.00023236,4.56e-06,0.0,1.215e-05,0.99975071,0.0,2.2e-07,9677,6,0.11774017,2.8803956
214,2,24020092,0.99528859,0.02382121,0.02417241,0.0,0.00028979,0.94778851,0.0,0.00392808,50837,6,0.13964327,2.8803956
214,3,24020093,0.99024203,0.05009495,0.05313822,0.0,0.00044573,0.84530322,0.0,0.05101788,8372,6,0.27531781,2.8802956
214,4,24020094,0.9884289,0.06218701,0.07701189,0.0,0.00111502,0.78579871,0.0,0.07388737,13978,6,0.16539017,2.8803956
214,5,24020095,0.9821205,0.09536663,0.10791003,0.0,0.00098802,0.75684031,0.0,0.038895,56989,6,0.13067398,2.88012
214,6,24020096,0.9989174,0.00330166,0.00389695,0.0,3.285e-05,0.79231074,0.0,0.2004578,22165,6,0.20433294,2.8803956
214,7,24020097,0.9778374,0.10985516,0.12710896,0.0,0.01068118,0.71068322,0.0,0.04167148,8372,6,0.1302231,2.8802956
214,8,24020098,0.98882401,0.05649006,0.05652414,0.0,0.00133292,0.82761635,0.0,0.05803653,48453,6,0.14933694,2.8804206
214,9,24020099,0.99948604,0.00022577,4.49e-06,0.0,7.56e-06,0.99976195,0.0,2.3e-07,13530,6,0.46568081,2.8803956
214,10,24020100,0.98088535,0.1044898,0.13894907,0.0,0.00153848,0.62119147,0.0,0.13383118,20237,7,0.0793643,2.8803956
215,1,24020121,0.92050013,0.00621946,0.0,0.12462998,0.00043166,0.8607249,0.00799394,6e-08,35211,6,0.04555063,0.9987047
215,2,24020122,0.92334031,0.00907068,0.0,0.13039079,0.00070364,0.84555331,0.01428145,1.3e-07,34953,6,0.06886681,0.9991523
215,3,24020123,0.93095974,0.00813969,0.0,0.09919064,0.002319,0.88104768,0.00930294,4e-08,36011,6,0.05420857,0.9991521
215,4,24020124,0.96322673,0.00815316,0.0,0.06161009,0.00153828,0.92410995,0.00458842,1e-07,38984,2,0.04364117,0.6658315
215,5,24020125,0.97647483,0.00608279,0.0,0.02215418,0.00167905,0.96415615,0.00368681,0.00224102,37401,6,0.04044268,0.9984816
215,6,24020126,0.90985744,0.00803221,0.0,0.14059246,0.00094407,0.84471649,0.00571467,1e-07,33352,2,0.05376516,0.4995522
215,7,24020127,0.94838697,0.00665866,0.0,0.06647267,0.00045284,0.92148156,0.00493367,6e-07,36937,6,0.03574927,0.9991523
215,8,24020128,0.94772127,0.00348886,0.0,0.06252692,0.00112818,0.91711508,0.01574034,6.2e-07,25293,6,0.03935925,0.9993021
215,9,24020129,0.91305409,0.00550519,0.0,0.16395774,0.00099193,0.81261548,0.01692964,3e-08,33833,6,0.06054301,0.9991523
215,10,24020130,0.93513272,0.00565313,0.0,0.10949456,0.0002304,0.87631322,0.00830867,2e-08,36941,6,0.11095475,0.9991523
216,1,24020151,0.99679612,0.0105849,0.03457761,0.0,0.00248891,0.07132292,0.0,0.88102566,46967,7,0.02430905,0.9998797
216,2,24020152,0.99715665,0.00944325,0.02360771,0.0,0.00289681,0.07380088,0.0,0.89025136,49047,7,0.0278515,0.9998451
216,3,24020153,0.99717071,0.00939904,0.03631284,0.0,0.00288365,0.09373965,0.0,0.85766483,62847,7,0.02549629,0.999935
216,4,24020154,0.99711605,0.01055912,0.03679935,0.0,0.00252617,0.12326924,0.0,0.82684613,42367,7,0.02515455,0.999935
216,5,24020155,0.99769867,0.00780419,0.03513908,0.0,0.00110411,0.08873427,0.0,0.86721834,60799,7,0.02433715,0.999935
216,6,24020156,0.99747141,0.00825309,0.02993941,0.0,0.00218974,0.09603638,0.0,0.86358137,52095,7,0.02904925,0.9999026
216,7,24020157,0.99741936,0.00865048,0.03663698,0.0,0.00200117,0.09290907,0.0,0.8598023,65399,7,0.03021454,0.9999101
216,8,24020158,0.99702752,0.010428,0.03336302,0.0,0.0026934,0.10269038,0.0,0.8508252,11511,7,0.03622381,0.9998201
216,9,24020159,0.99713027,0.01036201,0.02813571,0.0,0.00168759,0.10916212,0.0,0.85065258,29631,7,0.0214101,0.9998701
216,10,24020160,0.99669953,0.01126825,0.03018716,0.0,0.00322741,0.09527045,0.0,0.86004672,40951,7,0.02889723,0.9999101
217,1,24020181,0.96599515,0.06199635,0.01026467,0.0,0.02013852,0.69528124,0.00143288,0.21088633,56077,6,0.06742749,1.9931551
217,2,24020182,0.96768727,0.06111265,0.01162352,0.0,0.01773176,0.57144963,0.00202598,0.33605646,57099,6,0.05927335,1.9931551
217,3,24020183,0.98245812,0.03830187,0.00516138,0.0,0.0089945,0.72734886,0.00036699,0.2198264,18979,6,0.18004611,1.9926071
217,4,24020184,0.97228382,0.05861051,0.0134523,0.0,0.0157672,0.72024121,0.00103671,0.19089207,24067,7,0.07514398,1.992682
217,5,24020185,0.97925204,0.03230755,0.0078971,0.0,0.01166555,0.67045844,0.00221641,0.27545496,23332,6,0.12436001,1.9930302
217,6,24020186,0.96867234,0.05134504,0.0107251,0.0,0.01264238,0.75131052,0.00328252,0.17069444,51980,6,0.09745781,1.9930551
217,7,24020187,0.97858169,0.04366224,0.00754108,0.0,0.01276774,0.77223338,0.00138442,0.16241114,20269,6,0.11226368,1.9930552
217,8,24020188,0.96655123,0.06040124,0.00702923,0.0,0.01921671,0.69163152,0.00218054,0.21954076,22405,6,0.07042815,1.9930552
217,9,24020189,0.97047599,0.06089298,0.00844191,0.0,0.01603894,0.55654104,0.00179911,0.35628603,19331,7,0.14195313,1.9927567
217,10,24020190,0.97360727,0.04733615,0.00659084,0.0,0.0097271,0.71655354,0.00263616,0.21715621,51971,6,0.16045807,1.9930551
218,1,24020211,0.99869075,0.00018644,0.0,2.074e-05,7.53e-06,0.99978261,1.53e-06,1.15e-06,50679,6,0.0294414,0.999389
218,2,24020212,0.99859172,0.00017955,0.0,2.081e-05,6.67e-06,0.99979135,1.52e-06,1e-07,35979,6,0.03221465,0.9990223
218,3,24020213,0.9986451,0.00019651,0.0,2.084e-05,8.14e-06,0.99977295,1.51e-06,6e-08,29975,6,0.05352419,0.9991725
218,4,24020214,0.99863403,0.00018668,0.0,2.075e-05,6.61e-06,0.99978435,1.53e-06,9e-08,15865,6,0.0521718,0.9992224
218,5,24020215,0.99861404,0.00018859,0.0,2.077e-05,6.53e-06,0.99978256,1.51e-06,4e-08,51399,6,0.02333908,0.9984789
218,6,24020216,0.99865396,0.00018317,0.0,2.073e-05,6.47e-06,0.99978799,1.54e-06,1.1e-07,22937,6,0.08780595,0.9992223
218,7,24020217,0.99866177,0.00018069,0.0,2.065e-05,5.94e-06,0.99979061,1.52e-06,5.8e-07,24057,6,0.05179682,0.9992224
218,8,24020218,0.99853485,0.00017692,0.0,2.07e-05,6.78e-06,0.99979372,1.55e-06,3.4e-07,34827,6,0.06108887,0.9990223
218,9,24020219,0.99865246,0.00019681,0.0,2.071e-05,6.58e-06,0.99977432,1.54e-06,4e-08,32489,6,0.03111826,0.9992225
218,10,24020220,0.99857914,0.00018486,0.0,2.081e-05,6.62e-06,0.99978606,1.49e-06,1.5e-07,62507,6,0.03291943,0.9992224
219,1,24020241,0.9826897,0.0563817,0.0057561,0.0,0.00748226,0.7186384,0.0,0.21174154,17147,6,0.1799788,2.5294617
219,2,24020242,0.99048145,0.0281171,0.00866832,0.0,0.00522052,0.93638085,0.0,0.02161321,24324,6,0.11003539,2.5294367
219,3,24020243,0.98604324,0.04162573,0.00685233,0.0,0.00610708,0.9454132,0.0,1.65e-06,11597,6,0.28306211,2.5294617
219,4,24020244,0.99511996,0.01184566,0.01082503,0.0,0.00423704,0.95468999,0.0,0.01840229,47013,6,0.12049251,2.5291562
219,5,24020245,0.98841665,0.03850252,0.0096868,0.0,0.00799051,0.92920871,0.0,0.01461146,49915,6,0.15931966,2.5295616
219,6,24020246,0.99634004,0.0112505,0.00321504,0.0,0.00289556,0.94250179,0.0,0.04013711,15819,6,0.13598546,2.5292062
219,7,24020247,0.99645234,0.00700539,0.00434025,0.0,0.00410236,0.94311388,0.0,0.04143812,46532,6,0.19980916,2.5294617
219,8,24020248,0.99480316,0.01932255,0.00278671,0.0,0.00171297,0.94266935,0.0,0.03350841,53499,6,0.29307956,2.5295617
219,9,24020249,0.98727547,0.04338835,0.00619223,0.0,0.00274891,0.82399532,0.0,0.12367518,56405,6,0.13059211,2.5294867
219,10,24020250,0.99445911,0.01920319,0.00328223,0.0,0.00210391,0.89134701,0.0,0.08406366,19213,6,0.13742083,2.5294617
220,1,24020271,0.81021701,0.1105174,0.02371855,0.0,0.02880365,0.73321148,0.08115697,0.02259195,18567,6,0.0795289,0.999111
220,2,24020272,0.77549829,0.13887284,0.03164754,0.0,0.03641657,0.68243745,0.08905509,0.02157051,57161,6,0.0469789,0.9993606
220,3,24020273,0.77609624,0.13298153,0.03093369,0.0,0.03856596,0.67979249,0.09477256,0.02295377,36875,6,0.05232751,0.9993803
220,4,24020274,0.81903919,0.10326438,0.02917916,0.0,0.03010244,0.7545372,0.08032556,0.00259127,22663,6,0.08869586,0.9991859
220,5,24020275,0.78973804,0.13243603,0.0343479,0.0,0.03402134,0.68001406,0.08306947,0.03611121,36877,6,0.05189864,0.9993803
220,6,24020276,0.80900445,0.1086211,0.02741382,0.0,0.02675194,0.72282302,0.08601907,0.02837105,34379,6,0.04801083,0.9993803
220,7,24020277,0.79929962,0.11726851,0.02758392,0.0,0.03135689,0.69838101,0.08744884,0.03796082,33035,6,0.0559605,0.9991608
220,8,24020278,0.8568549,0.08625912,0.01916703,0.0,0.02516673,0.79735782,0.05907753,0.01297177,33099,6,0.08668436,0.9989414
220,9,24020279,0.79351557,0.13093895,0.02722631,0.0,0.03462733,0.69654601,0.08259652,0.02806488,37453,6,0.03400146,0.9993803
220,10,24020280,0.81963889,0.10853569,0.02180627,0.0,0.02671905,0.74345847,0.07636664,0.02311388,36941,6,0.06811496,0.9993803
221,1,24020301,0.99773624,0.00293295,0.0,0.0,0.00017396,0.43385854,0.0,0.56303455,3959,7,0.02714284,0.999618
221,2,24020302,0.99806855,0.00249001,0.0,0.0,0.00023915,0.41575983,0.0,0.58151102,48447,6,0.02153772,0.9994521
221,3,24020303,0.9983462,0.00192367,0.0,0.0,0.00016447,0.3890318,0.0,0.60888007,57207,7,0.03256702,0.999643
221,4,24020304,0.99840202,0.00153464,0.0,0.0,0.00011443,0.4150224,0.0,0.58332852,40823,7,0.0266615,0.999643
221,5,24020305,0.99821009,0.00212702,0.0,0.0,0.00016357,0.45221831,0.0,0.5454911,34751,6,0.02360414,0.9995021
221,6,24020306,0.99810251,0.002505,0.0,0.0,0.00014279,0.43038704,0.0,0.56696517,50679,7,0.03007122,0.9996346
221,7,24020307,0.9983785,0.00159599,0.0,0.0,0.00028766,0.41242168,0.0,0.58569467,42879,7,0.03226076,0.9996679
221,8,24020308,0.99816609,0.00207856,0.0,0.0,0.00026012,0.43647294,0.0,0.56118838,64791,6,0.03449192,0.999418
221,9,24020309,0.99839806,0.00186275,0.0,0.0,0.00024709,0.37915689,0.0,0.61873327,22487,7,0.03097395,0.999643
221,10,24020310,0.99829232,0.00166846,0.0,0.0,0.00022936,0.48530782,0.0,0.51279436,14271,6,0.0230846,0.999502
222,1,24020331,0.99943641,0.00022335,4.39e-06,0.0,1.148e-05,0.99976059,0.0,1.9e-07,54467,6,0.15186293,2.8193845
222,2,24020332,0.9993466,0.00055831,0.00019828,0.0,1.096e-05,0.97804395,0.0,0.0211885,48347,6,0.17442184,2.8196094
222,3,24020333,0.99732332,0.00733195,0.00085847,0.0,3.998e-05,0.97216705,0.0,0.01960255,17620,6,0.1628974,2.819773
222,4,24020334,0.99385539,0.01463206,0.00318992,0.0,0.00127528,0.9784688,0.0,0.00243395,8356,6,0.34714091,2.8192097
222,5,24020335,0.99943368,0.00023777,4.81e-06,0.0,9.82e-06,0.99974739,0.0,2.2e-07,15819,6,0.1856094,2.8195594
222,6,24020336,0.99948849,0.00023007,4.14e-06,0.0,1.038e-05,0.99975514,0.0,2.7e-07,19781,6,0.21364894,2.819823
222,7,24020337,0.99945326,0.00024191,4.26e-06,0.0,1.139e-05,0.99974217,0.0,2.7e-07,56645,6,0.20825608,2.8198979
222,8,24020338,0.99387064,0.0154699,0.00542579,0.0,0.00049866,0.90325904,0.0,0.0753466,43562,6,0.09952193,2.8193595
222,9,24020339,0.992195,0.02034476,0.00704859,0.0,0.00239452,0.93410858,0.0,0.03610355,50387,6,0.18603896,2.8198729
222,10,24020340,0.99944494,0.00029598,1.039e-05,0.0,1.505e-05,0.97357534,0.0,0.02610324,9875,6,0.17742059,2.819823
223,1,24020361,0.99853136,0.00019392,0.0,1.908e-05,6.42e-06,0.99977814,1.55e-06,9e-07,15321,6,0.02623212,0.9992466
223,2,24020362,0.99856912,0.00018699,0.0,1.876e-05,6.59e-06,0.99978608,1.54e-06,4e-08,62425,6,0.0355875,0.9992466
223,3,24020363,0.99859796,0.00019318,0.0,1.898e-05,6.89e-06,0.99977934,1.55e-06,6e-08,59467,6,0.04535585,0.9992464
223,4,24020364,0.6656209,0.00011155,0.0,0.99987164,3.34e-06,1.189e-05,1.57e-06,1e-08,16344,2,0.07627326,0.6661688
223,5,24020365,0.99861957,0.00019358,0.0,1.904e-05,6.51e-06,0.99977917,1.59e-06,1.2e-07,27213,6,0.04072555,0.9991963
223,6,24020366,0.99854003,0.00017582,0.0,1.878e-05,5.68e-06,0.9997981,1.59e-06,2e-08,33485,6,0.05285364,0.9990465
223,7,24020367,0.99852055,0.00015978,0.0,1.844e-05,4.99e-06,0.99981521,1.56e-06,2e-08,32861,6,0.06174506,0.998494
223,8,24020368,0.99854858,0.00018321,0.0,1.861e-05,6.2e-06,0.99493763,1.59e-06,0.00485276,38985,6,0.04434215,0.9990463
223,9,24020369,0.99861098,0.00018169,0.0,1.895e-05,6.27e-06,0.99979129,1.56e-06,2.3e-07,33177,6,0.05294933,0.9990466
223,10,24020370,0.99854734,0.00019214,0.0,1.887e-05,6.2e-06,0.99978121,1.56e-06,2e-08,59471,6,0.03369674,0.9992464
224,1,24020391,0.96435294,0.09530553,0.0204186,0.0,0.05703386,0.00969411,0.0187941,0.7987538,11789,7,0.09577892,1.5169181
224,2,24020392,0.9452367,0.13608052,0.02853412,0.0,0.08928522,0.08376356,0.03198234,0.63035424,12069,7,0.10634706,1.5171213
224,3,24020393,0.95481471,0.11644787,0.02698933,0.0,0.0672394,0.06319001,0.02424949,0.7018839,57261,7,0.13011906,1.5171679
224,4,24020394,0.95115585,0.12042969,0.02209998,0.0,0.08152336,0.06695649,0.03171222,0.67727826,53005,7,0.0953239,1.5172712
224,5,24020395,0.96014664,0.09708055,0.01484261,0.0,0.07449248,0.22309668,0.02277652,0.56771116,15877,6,0.14431367,1.5168932
224,6,24020396,0.96550944,0.08398915,0.01532554,0.0,0.05461085,7.9e-07,0.02065024,0.82542344,49069,7,0.27406626,1.5171679
224,7,24020397,0.96787575,0.06595288,0.01436675,0.0,0.04919294,0.08416766,0.02556358,0.7607562,53165,7,0.10070465,1.5171679
224,8,24020398,0.9570231,0.08724084,0.01606934,0.0,0.07995833,0.13168994,0.0302713,0.65477025,49029,7,0.07666681,1.517068
224,9,24020399,0.93319719,0.15582512,0.03298818,0.0,0.11562364,0.10613405,0.04341091,0.5460181,48941,7,0.10755495,1.5172712
224,10,24020400,0.94511589,0.13389867,0.03159516,0.0,0.07557711,0.23564491,0.03761634,0.48566781,48645,6,0.11702823,1.5169431
225,1,24020421,0.89631318,0.14881777,0.02377704,0.0,0.06525851,0.0,0.0178449,0.74430178,18949,7,0.08938489,1.2781918
225,2,24020422,0.91424352,0.12109875,0.01963584,0.0,0.05118696,0.0,0.01349579,0.79458266,19978,7,0.11260269,1.278142
225,3,24020423,0.93915426,0.08170377,0.00699366,0.0,0.0323252,0.0,0.0112838,0.86769357,24322,7,0.12597739,1.2784722
225,4,24020424,0.9460727,0.08516959,0.01616622,0.0,0.02822897,0.0,0.00542468,0.86501054,19971,7,0.14465604,1.2781919
225,5,24020425,0.91872034,0.11496676,0.01840172,0.0,0.04477064,0.0,0.01229487,0.80956601,24068,7,0.14677165,1.2782418
225,6,24020426,0.92684442,0.10446658,0.01598401,0.0,0.04547367,0.0,0.00911206,0.82496368,19202,7,0.1646075,1.2783973
225,7,24020427,0.91003695,0.12178098,0.01629113,0.0,0.04337307,0.0,0.0166177,0.80193711,19210,7,0.14994764,1.2783973
225,8,24020428,0.91275121,0.12520054,0.02030785,0.0,0.04906894,0.0,0.01316747,0.7922552,23299,7,0.12290543,1.2784972
225,9,24020429,0.89535907,0.14017873,0.01827215,0.0,0.05648739,0.0,0.0178999,0.76716182,19202,7,0.08807992,1.2783973
225,10,24020430,0.9128067,0.11634672,0.01505375,0.0,0.04554266,0.0,0.01652542,0.80653145,24323,7,0.0866689,1.2784972
226,1,24020451,0.99879482,0.00019959,0.0,1.516e-05,2.11e-05,0.56083857,0.0,0.43892557,11103,7,0.03047837,0.9994143
226,2,24020452,0.99862999,0.00018906,0.0,1.509e-05,1.759e-05,0.6216889,0.0,0.37808936,63769,6,0.0335764,0.9992644
226,3,24020453,0.99865059,0.00020358,0.0,1.524e-05,2.153e-05,0.58538965,0.0,0.41437,63959,6,0.03098068,0.9993394
226,4,24020454,0.9986741,0.00018976,0.0,1.522e-05,1.735e-05,0.64526241,0.0,0.35451525,34889,6,0.03236308,0.9990641
226,5,24020455,0.99868425,0.00018023,0.0,1.516e-05,1.675e-05,0.73260109,0.0,0.26718677,59241,6,0.04408613,0.9985299
226,6,24020456,0.99852072,0.00016086,0.0,1.518e-05,1.417e-05,0.80178408,0.0,0.19802571,52073,6,0.07204607,0.9982619
226,7,24020457,0.99871832,0.00019125,0.0,1.512e-05,1.907e-05,0.66152148,0.0,0.33825308,34025,6,0.04295192,0.9990643
226,8,24020458,0.99876166,0.00018916,0.0,1.527e-05,2.004e-05,0.56480894,0.0,0.43496659,48535,6,0.06471583,0.9994392
226,9,24020459,0.99874994,0.00019154,0.0,1.512e-05,1.9e-05,0.60374451,0.0,0.39602982,56761,6,0.05339563,0.9992644
226,10,24020460,0.99868802,0.00016797,0.0,1.512e-05,1.557e-05,0.69274861,0.0,0.30705273,43881,6,0.07723228,0.9982619
227,1,24020481,0.95914383,0.28201824,0.68258583,0.0,0.00952628,0.02586936,0.0,2.9e-07,47803,4,0.4560623,2.9386786
227,2,24020482,0.99945621,0.00023587,4.26e-06,0.0,1.309e-05,0.9997465,0.0,2.8e-07,56642,6,0.21457122,2.9389659
227,3,24020483,0.99494171,0.03042537,0.08383974,0.0,0.00235088,0.84626683,0.0,0.03711718,53435,6,0.21926898,2.9390658
227,4,24020484,0.97607909,0.14606921,0.39107739,0.0,0.01672782,0.44612456,0.0,1.01e-06,55780,4,0.14033246,2.9385286
227,5,24020485,0.98398749,0.10348412,0.23339811,0.0,0.00689387,0.62832369,0.0,0.02790021,24484,6,0.11039791,2.9385035
227,6,24020486,0.95989073,0.27828372,0.7105846,0.0,0.0111255,6.02e-06,0.0,1.7e-07,47867,4,0.71057266,2.9386785
227,7,24020487,0.99610116,0.02144383,0.05099663,0.0,0.00254246,0.84187847,0.0,0.08313861,50837,6,0.36847705,2.9389659
227,8,24020488,0.95850729,0.2925588,0.70257569,0.0,0.0047741,9.119e-05,0.0,2.2e-07,10722,4,0.31077817,2.9383786
227,9,24020489,0.95996483,0.28196441,0.70739234,0.0,0.01063735,5.73e-06,0.0,1.8e-07,47867,4,0.69825669,2.9386785
227,10,24020490,0.97820417,0.14740209,0.35771539,0.0,0.0055448,0.41326377,0.0,0.07607395,47803,4,0.24653103,2.9386786
228,1,24020511,0.87099946,0.03776231,0.00683779,0.04483108,0.00937698,0.83957643,0.06150274,0.00011266,39629,6,0.03394186,0.9992165
228,2,24020512,0.83862036,0.0408731,0.00514303,0.13007171,0.00630356,0.75538416,0.05895049,0.00327395,37161,6,0.07896534,0.9986423
228,3,24020513,0.85656211,0.04027049,0.00720898,0.06424558,0.00770978,0.79172696,0.07107695,0.01776127,39949,6,0.05417467,0.9992165
228,4,24020514,0.85375797,0.04292208,0.00784216,0.05512011,0.00817941,0.82051447,0.06542169,7e-08,34953,6,0.08758743,0.9992167
228,5,24020515,0.83739292,0.03937146,0.00613431,0.05963217,0.00936575,0.80817609,0.07426809,0.00305214,35017,6,0.08839092,0.9992166
228,6,24020516,0.9011546,0.02227255,0.00379272,0.09979714,0.00504142,0.82355485,0.0335375,0.01200383,37387,6,0.16320987,0.9990251
228,7,24020517,0.86594535,0.0315495,0.00602865,0.12824441,0.00732224,0.78358229,0.04327289,2e-08,37145,6,0.06844562,0.9994166
228,8,24020518,0.88115726,0.02895352,0.0064318,0.02316173,0.00799961,0.86455601,0.06889715,1.8e-07,33929,6,0.0606383,0.9992163
228,9,24020519,0.87446662,0.03373377,0.00507527,0.08721997,0.0066959,0.81281056,0.04925531,0.00520921,33801,6,0.11302959,0.9992166
228,10,24020520,0.87120667,0.03355627,0.00549198,0.06468024,0.00682249,0.83003633,0.05941266,4e-08,36943,6,0.05324236,0.9992167
229,1,24020541,0.99784819,0.00406622,0.01505789,0.0,0.00081874,0.30382293,0.0,0.67623421,11095,7,0.03888455,0.9997778
229,2,24020542,0.99828491,0.00344813,0.02141937,0.0,0.00027719,0.3071549,0.0,0.66770041,33791,7,0.02082478,0.9997418
229,3,24020543,0.99776111,0.00470014,0.01674015,0.0,0.00064668,0.25984586,0.0,0.71806717,26591,7,0.0216731,0.9997778
229,4,24020544,0.9981404,0.00381632,0.01763004,0.0,0.00045424,0.37599952,0.0,0.60209987,6143,7,0.02001606,0.9998278
229,5,24020545,0.99765914,0.00442721,0.01806749,0.0,0.00107758,0.29624013,0.0,0.68018758,65535,7,0.02952185,0.9998278
229,6,24020546,0.99784537,0.00447793,0.02076224,0.0,0.00051873,0.27978712,0.0,0.69445399,63351,7,0.02506814,0.9997779
229,7,24020547,0.99692727,0.00645125,0.02814242,0.0,0.00167103,0.31689686,0.0,0.64683843,21879,7,0.03411959,0.9997506
229,8,24020548,0.99777613,0.00338004,0.0161985,0.0,0.0012902,0.31946469,0.0,0.65966656,43519,7,0.0264699,0.9996558
229,9,24020549,0.9974374,0.00483646,0.01637101,0.0,0.00098621,0.43406007,0.0,0.54374625,35895,6,0.02405795,0.9991564
229,10,24020550,0.99735419,0.00506151,0.02801412,0.0,0.00104922,0.3042126,0.0,0.66166255,11767,7,0.03228986,0.9997778
230,1,24020571,0.98465097,0.02447127,0.00364203,0.0,0.00851067,0.83244747,0.0,0.13092856,23876,6,0.17515583,2.4620809
230,2,24020572,0.9915418,0.01167447,0.0016086,0.0,0.00505532,0.95349282,0.0,0.02816879,23636,6,0.28140504,2.4620809
230,3,24020573,0.98145576,0.03660468,0.00829942,0.0,0.0092528,0.91294271,0.0,0.03290038,8364,6,0.25367282,2.4615141
230,4,24020574,0.99943337,0.00022636,1.345e-05,0.0,9.74e-06,0.99975024,0.0,2.1e-07,17611,6,0.27013268,2.4616639
230,5,24020575,0.99946613,0.00023622,1.162e-05,0.0,1.379e-05,0.99973809,0.0,2.9e-07,19779,6,0.23885628,2.4620559
230,6,24020576,0.99832484,0.00419322,0.00077557,0.0,0.00025139,0.99477959,0.0,2.4e-07,11597,6,0.44559871,2.4621059
230,7,24020577,0.98215135,0.0421719,0.01301507,0.0,0.0101682,0.73501622,0.0,0.19962861,19242,6,0.08664855,2.4620059
230,8,24020578,0.9877079,0.02932795,0.01492302,0.0,0.00620819,0.84686301,0.0,0.10267783,57123,6,0.08889195,2.4621308
230,9,24020579,0.99734898,0.00574337,0.00203793,0.0,0.00084008,0.88259061,0.0,0.10878801,8372,6,0.35017986,2.4620059
230,10,24020580,0.98358159,0.02825636,0.00610947,0.0,0.00837405,0.72654792,0.0,0.23071221,50381,6,0.20221551,2.4618136
231,1,24020601,0.99845288,0.00016988,0.0,2.063e-05,6.44e-06,0.99510599,1.52e-06,0.00469554,27341,6,0.03676179,0.9991414
231,2,24020602,0.99845814,0.00018353,0.0,2.073e-05,7.2e-06,0.99978702,1.48e-06,3e-08,43417,6,0.04926944,0.9989916
231,3,24020603,0.99850021,0.0001906,0.0,2.069e-05,7.13e-06,0.99977993,1.51e-06,1.4e-07,24191,6,0.03114354,0.9987835
231,4,24020604,0.99848318,0.00016179,0.0,2.078e-05,5.72e-06,0.99981012,1.51e-06,7e-08,14745,6,0.0557433,0.9991915
231,5,24020605,0.99852759,0.00017541,0.0,2.072e-05,6.65e-06,0.99138553,1.51e-06,0.00841019,60107,6,0.06231372,0.9991914
231,6,24020606,0.99851999,0.00017714,0.0,2.082e-05,7.08e-06,0.99979331,1.49e-06,1.6e-07,47239,6,0.03695406,0.9984589
231,7,24020607,0.99848245,0.0001783,0.0,2.081e-05,6.45e-06,0.99978928,1.54e-06,3.61e-06,35433,6,0.04821476,0.9986875
231,8,24020608,0.99853802,0.00018264,0.0,2.079e-05,6.97e-06,0.99978746,1.54e-06,6.1e-07,54591,6,0.04055588,0.9991222
231,9,24020609,0.99848713,0.00017042,0.0,2.078e-05,5.39e-06,0.99980184,1.52e-06,6e-08,34907,6,0.04938273,0.9983834
231,10,24020610,0.99850295,0.00018778,0.0,2.081e-05,7.15e-06,0.99978175,1.51e-06,9.9e-07,62155,6,0.04030188,0.9991914
232,1,24020631,0.98789849,0.02683587,0.00617595,0.0,0.01815441,0.90917748,0.003163,0.03649328,22157,6,0.11656021,2.284574
232,2,24020632,0.98257675,0.04597644,0.01785434,0.0,0.01547919,0.71417146,0.00269824,0.20382032,46981,6,0.09229919,2.2849556
232,3,24020633,0.99033342,0.02106965,0.03144776,0.0,0.00610303,0.80377336,0.00324139,0.13436482,12076,6,0.13969464,2.2848307
232,4,24020634,0.98276832,0.04965755,0.01204257,0.0,0.01186787,0.88058959,0.00337222,0.04247019,43917,6,0.09920728,2.2847738
232,5,24020635,0.9889991,0.02744081,0.02260082,0.0,0.00727199,0.65996547,0.00200751,0.28071341,24485,7,0.12902082,2.2846489
232,6,24020636,0.98313342,0.04135357,0.02590331,0.0,0.01321961,0.74052337,0.00313571,0.17586443,48789,6,0.06485484,2.284674
232,7,24020637,0.9818386,0.04231571,0.00712467,0.0,0.02049544,0.59924579,0.00356019,0.32725819,48677,6,0.10169292,2.2845489
232,8,24020638,0.97948906,0.05369589,0.01419187,0.0,0.016072,0.81496206,0.00359262,0.09748556,15108,6,0.07871675,2.2849056
232,9,24020639,0.98321315,0.0352384,0.00441099,0.0,0.01210321,0.79981511,0.00789937,0.14053292,43917,6,0.07844765,2.2847738
232,10,24020640,0.98619397,0.02928806,0.02134706,0.0,0.01510994,0.68740227,0.00232851,0.24452417,14221,6,0.2870039,2.2849806
233,1,24020661,0.39846841,0.5012831,0.06471397,0.0,0.13204007,0.0,0.1853959,0.11656696,23175,7,0.05095264,0.9992768
233,2,24020662,0.37721627,0.52579983,0.06731274,0.0,0.1310792,0.0,0.18721208,0.08859614,23183,7,0.029617,0.9993517
233,3,24020663,0.37868214,0.51422689,0.07326826,0.0,0.14191475,0.0,0.18559382,0.08499628,24199,7,0.02867504,0.9991608
233,4,24020664,0.37248134,0.51625634,0.0783243,0.0,0.15005056,0.0,0.18789726,0.06747153,23175,7,0.03258616,0.9992768
233,5,24020665,0.37072392,0.5237377,0.07151442,0.0,0.15205154,0.0,0.17673174,0.0759646,20103,7,0.03046421,0.999086
233,6,24020666,0.38955858,0.50691365,0.06964994,0.0,0.14086064,0.0,0.18269931,0.09987647,24199,7,0.03282787,0.9991608
233,7,24020667,0.4291756,0.47835544,0.06504811,0.0,0.13089465,0.0,0.16679207,0.15890972,23183,7,0.07282158,0.9993517
233,8,24020668,0.38980241,0.50125539,0.07353222,0.0,0.1428594,0.0,0.18404895,0.09830403,19087,7,0.03899055,0.9993017
233,9,24020669,0.38941818,0.50750987,0.07103938,0.0,0.13612507,0.0,0.19058609,0.09473958,24199,7,0.02783696,0.9991608
233,10,24020670,0.43918784,0.47012425,0.0653941,0.0,0.12472131,0.0,0.16657374,0.17318661,23183,7,0.05444489,0.9993517
234,1,24020691,0.99891073,0.0002177,0.0,4.28e-06,2.177e-05,0.51973133,0.0,0.48002493,42489,6,0.04962402,0.9991642
234,2,24020692,0.99895147,0.0002605,0.0,4.22e-06,2.036e-05,0.6281461,0.0,0.37156882,30457,6,0.05015637,0.9989289
234,3,24020693,0.99890182,0.00021454,0.0,4.27e-06,2.187e-05,0.64073506,0.0,0.35902425,7607,6,0.02860017,0.9994392
234,4,24020694,0.99887309,0.00020834,0.0,4.24e-06,2.1e-05,0.64796719,0.0,0.35179922,62475,6,0.03366713,0.9993642
234,5,24020695,0.99892685,0.00021329,0.0,4.27e-06,2.138e-05,0.58546789,0.0,0.41429317,55225,6,0.03767804,0.9991464
234,6,24020696,0.99898195,0.00022651,0.0,4.26e-06,2.441e-05,0.55226482,0.0,0.44747999,61311,7,0.04689357,0.9995642
234,7,24020697,0.99889162,0.00022072,0.0,4.23e-06,2.063e-05,0.54112411,0.0,0.45863031,34297,6,0.05087194,0.9991642
234,8,24020698,0.99895559,0.00021658,0.0,4.21e-06,2.268e-05,0.56629018,0.0,0.43346635,18391,6,0.02735881,0.9995141
234,9,24020699,0.99891944,0.00022572,0.0,4.24e-06,2.414e-05,0.51510082,0.0,0.48464507,43327,6,0.02368738,0.9987943
234,10,24020700,0.99883003,0.00020705,0.0,4.22e-06,1.936e-05,0.67382528,0.0,0.32594408,35563,6,0.04034513,0.9989463
235,1,24020721,0.9993838,0.00022251,4.19e-06,0.0,7e-06,0.99976613,0.0,1.7e-07,15428,6,0.20372911,3.0667198
235,2,24020722,0.998406,0.00509432,0.00171931,0.0,8.63e-06,0.99317757,0.0,1.8e-07,11715,6,0.23666318,3.0668196
235,3,24020723,0.99947972,0.00023396,4.27e-06,0.0,1.324e-05,0.99974829,0.0,2.5e-07,54493,6,0.22277325,3.0674325
235,4,24020724,0.99252146,0.02748601,0.01361624,0.0,0.00085408,0.95186151,0.0,0.00618215,47915,6,0.10655491,3.0674325
235,5,24020725,0.99941167,0.00023355,4.1e-06,0.0,1.039e-05,0.99975174,0.0,2.1e-07,44101,6,0.29031536,3.0667531
235,6,24020726,0.99946773,0.00020501,4.13e-06,0.0,8.65e-06,0.999782,0.0,2.1e-07,23875,6,0.31567496,3.0673325
235,7,24020727,0.999426,0.00023428,4.28e-06,0.0,1.028e-05,0.99975093,0.0,2.4e-07,13525,6,0.12448656,3.0673325
235,8,24020728,0.99946365,0.00022714,4.34e-06,0.0,1.013e-05,0.99975817,0.0,2.2e-07,11596,6,0.18472279,3.0672326
235,9,24020729,0.9951687,0.01745485,0.00635634,0.0,7.261e-05,0.90181088,0.0,0.07430532,48659,6,0.10878261,3.0673575
235,10,24020730,0.9935587,0.02385347,0.00827064,0.0,0.00176359,0.96101461,0.0,0.0050977,44117,6,0.14518348,3.0673325
236,1,24020751,0.96523824,0.00080763,0.0,0.09725658,6.01e-06,0.90192785,1.85e-06,8e-08,63534,2,0.04903829,0.6657658
236,2,24020752,0.98712516,0.0007107,0.0,0.01652861,5.92e-06,0.98275265,1.89e-06,2.3e-07,36937,6,0.06627486,0.9990783
236,3,24020753,0.99295508,0.00033255,0.0,0.01257479,7.36e-06,0.98708288,1.84e-06,5.8e-07,30857,6,0.03677623,0.9992782
236,4,24020754,0.92165562,0.00082705,0.0,0.20999861,6.17e-06,0.78844199,0.0007261,8e-08,10375,6,0.07492909,0.9985073
236,5,24020755,0.94425132,0.00096288,0.0,0.10066069,6.56e-06,0.89836789,1.93e-06,6e-08,37001,6,0.05326693,0.9990781
236,6,24020756,0.99836857,0.00039749,0.0,1.288e-05,6.29e-06,0.99958141,1.81e-06,1.3e-07,52217,6,0.03762539,0.9988176
236,7,24020757,0.93451031,0.00066969,0.0,0.12797932,6.55e-06,0.87134254,1.81e-06,9e-08,36552,2,0.09575328,0.4995282
236,8,24020758,0.99107659,0.00062032,0.0,0.01263199,7.06e-06,0.98673877,1.81e-06,3e-08,34841,6,0.05463347,0.998557
236,9,24020759,0.91790613,0.00023971,0.0,0.18955505,6.46e-06,0.81019671,1.79e-06,2.7e-07,32842,2,0.09604524,0.4994781
236,10,24020760,0.99280632,0.00022666,0.0,0.01110364,6.08e-06,0.98866003,3.5e-06,1e-07,38987,6,0.08689379,0.9990779
237,1,24020781,0.98873018,0.06023263,0.00846735,2.5e-07,0.1574264,0.0,0.09302978,0.68084359,12045,7,0.23075803,1.0349423
237,2,24020782,0.98414735,0.08961226,0.01170447,0.00039218,0.21789809,0.0,0.13567776,0.54471525,56877,7,0.06409221,1.0349353
237,3,24020783,0.9874322,0.06006019,0.00599078,9e-08,0.16742747,0.0,0.13263727,0.63388419,57261,7,0.10297097,1.0350352
237,4,24020784,0.98336137,0.10205073,0.01158667,3e-08,0.21324409,0.0,0.14841871,0.52469977,24357,7,0.10327492,1.0349423
237,5,24020785,0.99087363,0.04534662,0.0058348,0.004758,0.13163751,0.0,0.07285921,0.73956386,12173,7,0.10243767,1.0348854
237,6,24020786,0.98726032,0.07097894,0.0084858,0.00041978,0.17675862,0.0,0.10247641,0.64088045,57229,7,0.06750783,1.0350352
237,7,24020787,0.98624027,0.07470077,0.0092068,2e-08,0.17746704,0.0,0.12707207,0.6115533,16173,7,0.07390525,1.0349923
237,8,24020788,0.98752102,0.06651041,0.00763968,0.00144882,0.16097273,0.0,0.11786209,0.64556628,19981,7,0.10597291,1.0347855
237,9,24020789,0.9834257,0.10177795,0.00982595,0.00012173,0.20048481,0.0,0.14058092,0.54720863,53037,7,0.13367434,1.0350422
237,10,24020790,0.99204367,0.04532591,0.00454816,2e-08,0.11552382,0.0,0.05997139,0.77463071,16293,7,0.09946788,1.0349103
238,1,24020811,0.95390652,0.07986367,0.00994167,0.0,0.02272301,0.39357838,0.0038077,0.49008558,19971,7,0.0922004,1.8325469
238,2,24020812,0.96720905,0.04983312,0.01571124,0.0,0.01611117,0.55186045,0.00334628,0.36313774,24331,7,0.08562386,1.8330129
238,3,24020813,0.95989562,0.06588585,0.00987335,0.0,0.02052535,0.59646982,0.00337446,0.30387117,24067,7,0.07625347,1.8326218
238,4,24020814,0.96910177,0.04499644,0.01435679,0.0,0.01734632,0.61124045,0.00529147,0.30676853,57091,6,0.11036379,1.8329879
238,5,24020815,0.96902177,0.05255692,0.01112031,0.0,0.01639936,0.48665115,0.00282084,0.43045141,51715,6,0.09220118,1.83263
238,6,24020816,0.96388927,0.06464691,0.01517508,0.0,0.02104054,0.56510214,0.00291233,0.331123,23082,6,0.09950463,1.8326301
238,7,24020817,0.969962,0.04917835,0.00674855,0.0,0.01852189,0.57748969,0.00333744,0.34472408,23074,6,0.20980806,1.8325968
238,8,24020818,0.97457115,0.04416637,0.01953019,0.0,0.01519893,0.47389204,0.00171522,0.44549726,24325,7,0.15485067,1.832963
238,9,24020819,0.95248301,0.0862417,0.01441347,0.0,0.02702986,0.69781371,0.00476951,0.16973175,18306,6,0.09858544,1.832863
238,10,24020820,0.97638799,0.03837083,0.01164803,0.0,0.01493843,0.56410799,0.00183972,0.36909501,20226,7,0.08487398,1.832863
239,1,24020841,0.99859882,0.00018498,0.0,1.934e-05,1.821e-05,0.56659205,0.0,0.43318542,33561,6,0.03277774,0.9986963
239,2,24020842,0.99859934,0.00018925,0.0,1.941e-05,1.708e-05,0.57260494,0.0,0.42716931,38327,6,0.03297209,0.9993222
239,3,24020843,0.99859518,0.00016376,0.0,1.928e-05,1.261e-05,0.79171161,0.0,0.20809275,57337,6,0.06868511,0.9991973
239,4,24020844,0.66554137,0.00010207,0.0,0.99988432,1.75e-06,9.52e-06,0.0,2.33e-06,39198,2,0.12349754,0.6659297
239,5,24020845,0.99857243,0.00017568,0.0,1.922e-05,1.584e-05,0.69104372,0.0,0.30874554,40249,6,0.06950571,0.9991971
239,6,24020846,0.99854348,0.00017875,0.0,1.926e-05,1.554e-05,0.72208287,0.0,0.27770358,58539,6,0.03315556,0.999197
239,7,24020847,0.9985361,0.00018468,0.0,1.935e-05,1.73e-05,0.7163907,0.0,0.28338797,35897,6,0.02692767,0.9983952
239,8,24020848,0.998683,0.00018791,0.0,1.923e-05,1.73e-05,0.59539089,0.0,0.40438467,63181,6,0.0454964,0.9991967
239,9,24020849,0.99852675,0.00018431,0.0,1.933e-05,1.624e-05,0.6618243,0.0,0.33795582,22999,6,0.04647522,0.999372
239,10,24020850,0.99851043,0.00017312,0.0,1.936e-05,1.494e-05,0.70158764,0.0,0.29820495,53145,6,0.06701463,0.9983951
240,1,24020871,0.99944086,0.00022848,4.25e-06,0.0,1.128e-05,0.99975572,0.0,2.7e-07,21964,6,0.25727902,2.876979
240,2,24020872,0.99946675,0.00021986,4.5e-06,0.0,1e-05,0.99976539,0.0,2.5e-07,56403,6,0.32662502,2.877004
240,3,24020873,0.99895607,0.00170224,0.00334897,0.0,0.00087407,0.99407427,0.0,4.5e-07,44356,6,0.33882737,2.8769457
240,4,24020874,0.98862963,0.05004839,0.00740153,0.0,0.00025461,0.81076819,0.0,0.13152727,23333,6,0.11399841,2.876979
240,5,24020875,0.99943046,0.00022813,4.25e-06,0.0,1.194e-05,0.99975544,0.0,2.4e-07,46538,6,0.19567491,2.8770123
240,6,24020876,0.9989527,0.00336827,0.00150679,0.0,1.455e-05,0.98991059,0.0,0.00519979,21725,6,0.24602528,2.877029
240,7,24020877,0.99943694,0.00022322,3.93e-06,0.0,1.349e-05,0.99975911,0.0,2.5e-07,11354,6,0.13215752,2.8768791
240,8,24020878,0.99949017,0.00020908,4.36e-06,0.0,9.99e-06,0.99977638,0.0,1.8e-07,48219,6,0.44947601,2.8770789
240,9,24020879,0.97604192,0.10920175,0.01715015,0.0,0.00172888,0.86946839,0.0,0.00245083,15277,6,0.11559435,2.876654
240,10,24020880,0.99945348,0.00023028,4.49e-06,0.0,1.188e-05,0.99975312,0.0,2.3e-07,21715,6,0.18505701,2.876979
241,1,24020901,0.78287728,0.08824655,0.02354153,0.01952514,0.02837037,0.70332573,0.11598506,0.02100562,36875,6,0.06711663,0.9993029
241,2,24020902,0.79844191,0.08042806,0.02413808,0.02559461,0.02873596,0.71347005,0.10531451,0.02231873,18567,6,0.06683821,0.9989562
241,3,24020903,0.74098533,0.10538172,0.02233327,0.00425927,0.02730653,0.67546148,0.14646506,0.01879267,38921,6,0.04556037,0.9993028
241,4,24020904,0.72792127,0.09839081,0.02315573,0.03916358,0.0359228,0.65122356,0.14631452,0.005829,36877,6,0.09214943,0.9993029
241,5,24020905,0.81653048,0.07440078,0.01740721,0.03408625,0.0239078,0.75234779,0.09197948,0.00587068,18567,6,0.12760453,0.9989562
241,6,24020906,0.77412894,0.09191002,0.02162072,0.0052968,0.03415962,0.7054298,0.1220702,0.01951284,34831,6,0.08768916,0.9993028
241,7,24020907,0.73264745,0.103802,0.0248753,0.03937043,0.03784436,0.61210599,0.13714879,0.04485313,33803,6,0.07925929,0.9993029
241,8,24020908,0.72483617,0.11741246,0.02845835,0.0224275,0.03560514,0.6008899,0.14269754,0.05250911,32845,6,0.05582248,0.9993029
241,9,24020909,0.75412905,0.09401817,0.02687445,0.05644314,0.03013111,0.62079856,0.12367723,0.04805734,6984,2,0.05258913,0.6660613
241,10,24020910,0.75407211,0.09216454,0.02033884,0.05427907,0.03122597,0.65244746,0.12715423,0.02238989,19591,6,0.05846035,0.9989561
242,1,24020931,0.99848094,0.00186237,0.00634271,0.0,0.00017654,0.38562004,0.0,0.60599834,46943,7,0.03159761,0.9997127
242,2,24020932,0.99873072,0.00128156,0.00313662,0.0,0.00022361,0.40145154,0.0,0.59390666,62847,7,0.02489158,0.9997128
242,3,24020933,0.99867706,0.00128361,0.00393512,0.0,0.0002703,0.40731912,0.0,0.58719186,34295,7,0.04752736,0.9996794
242,4,24020934,0.99833958,0.00181147,0.00459071,0.0,0.00037823,0.36673993,0.0,0.62647965,24415,7,0.0269295,0.9997128
242,5,24020935,0.99779408,0.00295748,0.00718806,0.0,0.00036276,0.38013794,0.0,0.60935376,16351,7,0.03449119,0.9997128
242,6,24020936,0.99817408,0.002306,0.00664412,0.0,0.00022346,0.40584533,0.0,0.5849811,59255,7,0.03575876,0.9996129
242,7,24020937,0.99848214,0.00169511,0.00508497,0.0,6.457e-05,0.42462404,0.0,0.56853131,36727,7,0.02136826,0.9996795
242,8,24020938,0.99836832,0.00178008,0.00690509,0.0,0.00019387,0.3174141,0.0,0.67370686,36351,7,0.02823445,0.9997128
242,9,24020939,0.99791958,0.00298082,0.00665934,0.0,9.244e-05,0.38335736,0.0,0.60691006,42367,7,0.03006618,0.9997127
242,10,24020940,0.99749965,0.00365647,0.01115292,0.0,0.00046853,0.3750922,0.0,0.60962988,58871,7,0.03821377,0.9996794
243,1,24020961,0.98131272,0.03587021,0.00444205,0.0,0.0064723,0.93899337,0.0,0.01422207,52292,6,0.07876782,2.8783562
243,2,24020962,0.9957009,0.01085341,0.00076358,0.0,0.00199384,0.81314557,0.0,0.17324361,47644,6,0.13349843,2.878456
243,3,24020963,0.98953928,0.03583623,0.01719024,0.0,0.00213826,0.93631532,0.0,0.00851994,44355,6,0.17788618,2.8789313
243,4,24020964,0.99460956,0.01087771,0.00190401,0.0,0.00168843,0.91670058,0.0,0.06882926,15451,6,0.27068477,2.8789813
243,5,24020965,0.99931891,0.00062434,0.00023938,0.0,1.172e-05,0.94118445,0.0,0.05794011,56532,6,0.10636401,2.878506
243,6,24020966,0.99628989,0.01083452,0.00556686,0.0,0.00066184,0.90711487,0.0,0.07582191,11587,6,0.09055205,2.8788814
243,7,24020967,0.99463137,0.01146733,0.00186335,0.0,0.00374015,0.98292687,0.0,2.3e-06,8885,6,0.19968896,2.8788814
243,8,24020968,0.99136847,0.01682681,0.0025331,0.0,0.00328892,0.92206628,0.0,0.05528488,8420,6,0.17400075,2.8782564
243,9,24020969,0.99309309,0.0177367,0.00110369,0.0,0.00088143,0.95640576,0.0,0.02387242,21962,6,0.27659042,2.8789313
243,10,24020970,0.99704819,0.00658935,0.00075436,0.0,0.00128421,0.87871749,0.0,0.11265459,44123,6,0.12791049,2.8790313
244,1,24020991,0.99845633,0.00016998,0.0,1.906e-05,6.59e-06,0.99980276,1.54e-06,7e-08,56825,6,0.0506137,0.9991842
244,2,24020992,0.66534213,0.00010213,0.0,0.99988125,3.22e-06,1.183e-05,1.56e-06,1e-08,37406,2,0.09393214,0.6652775
244,3,24020993,0.99844339,0.00018036,0.0,1.921e-05,6.38e-06,0.99979244,1.52e-06,1e-07,36015,6,0.03390488,0.9989845
244,4,24020994,0.99841261,0.00017726,0.0,1.916e-05,6.62e-06,0.99979502,1.53e-06,4.2e-07,59593,6,0.05091701,0.9991841
244,5,24020995,0.99857333,0.00019071,0.0,1.931e-05,6.66e-06,0.99978158,1.5e-06,2.4e-07,56825,6,0.05091158,0.9991842
244,6,24020996,0.99845781,0.00016933,0.0,1.92e-05,5.82e-06,0.99980407,1.54e-06,4e-08,33421,6,0.03655208,0.9986763
244,7,24020997,0.99845347,0.0001669,0.0,1.903e-05,5.52e-06,0.99980701,1.52e-06,2e-08,39561,6,0.03786469,0.9986767
244,8,24020998,0.99838255,0.00017062,0.0,1.913e-05,5.85e-06,0.99980239,1.52e-06,5e-07,35401,6,0.03955492,0.998984
244,9,24020999,0.9985321,0.00018621,0.0,1.923e-05,7.35e-06,0.99978559,1.52e-06,1e-07,64557,6,0.02885223,0.999184
244,10,24021000,0.9984269,0.00018181,0.0,1.915e-05,7.03e-06,0.99979044,1.53e-06,4e-08,42745,6,0.03248311,0.9983689
245,1,24021021,0.97540915,0.05465735,0.01030204,0.0,0.02855832,0.76816552,0.00578997,0.1325268,14221,6,0.19313462,1.9208684
245,2,24021022,0.98465544,0.03202542,0.00873978,0.0,0.01721167,0.61933959,0.00481388,0.31786966,16133,7,0.20248266,1.9208184
245,3,24021023,0.98754367,0.02427412,0.00241757,0.0,0.01879001,0.66367272,0.00311301,0.28773257,10125,6,0.18233367,1.9208184
245,4,24021024,0.97264274,0.06293504,0.00697985,0.0,0.029034,0.76683607,0.01189571,0.12231933,22173,6,0.11677213,1.9208684
245,5,24021025,0.97679342,0.04421151,0.00549596,0.0,0.02982275,0.5642265,0.01082249,0.34542079,44941,7,0.07263085,1.9207344
245,6,24021026,0.98059175,0.03750168,0.00403046,0.0,0.02300858,0.84668802,0.00615711,0.08261414,22149,6,0.16260722,1.9204597
245,7,24021027,0.97978899,0.04171881,0.00587075,0.0,0.0265328,0.60501981,0.00763686,0.31322098,11933,6,0.12161511,1.9205846
245,8,24021028,0.9786259,0.0435213,0.00354621,0.0,0.03332782,0.58755401,0.0046336,0.32741705,11141,6,0.08641213,1.9205344
245,9,24021029,0.98788579,0.0275426,0.00344069,0.0,0.01402235,0.76502858,0.00324274,0.18672303,54933,6,0.30923003,1.9208434
245,10,24021030,0.96943336,0.06785832,0.0078462,0.0,0.04148093,0.58601475,0.00623732,0.29056248,15277,6,0.11990042,1.9206845
246,1,24021051,0.72504122,0.34340509,0.02891789,0.0,0.28922935,0.0,0.22736688,0.1110808,23175,7,0.03621472,0.9996227
246,2,24021052,0.68690248,0.38648618,0.02986112,0.0,0.29059462,0.0,0.22597549,0.06708259,20226,3,0.04843665,0.9953074
246,3,24021053,0.7418094,0.33282983,0.02634896,0.0,0.3509058,0.0,0.21137244,0.07854297,23043,1,0.03212707,0.9952334
246,4,24021054,0.70029898,0.38730887,0.03035024,0.0,0.29056361,0.0,0.23927102,0.05250625,23050,3,0.02784064,0.9952417
246,5,24021055,0.70800398,0.36089267,0.02926126,0.0,0.34350894,0.0,0.21594461,0.05039252,19079,7,0.04297524,0.9995479
246,6,24021056,0.71771339,0.35495629,0.02870694,0.0,0.26679241,0.0,0.27120924,0.07833513,19210,3,0.04630093,0.9953074
246,7,24021057,0.72135257,0.34607897,0.02687082,0.0,0.31921268,0.0,0.19542377,0.11241375,23183,7,0.03606096,0.9996976
246,8,24021058,0.7170214,0.3573659,0.02954252,0.0,0.30324586,0.0,0.23421764,0.07562808,18946,3,0.04429645,0.9951086
246,9,24021059,0.67328486,0.39170818,0.03018182,0.0,0.27139378,0.0,0.26565718,0.04105904,18954,3,0.02654301,0.9951086
246,10,24021060,0.69534499,0.38725268,0.03138957,0.0,0.34106648,0.0,0.2029971,0.03729416,19978,3,0.04025367,0.9951086
247,1,24021081,0.99878799,0.00019422,0.0,1.414e-05,1.952e-05,0.63055701,0.0,0.3692151,34809,6,0.03959644,0.9990669
247,2,24021082,0.99865523,0.00018134,0.0,1.42e-05,1.765e-05,0.64627425,0.0,0.35351256,61305,6,0.03063036,0.9990669
247,3,24021083,0.99861661,0.00017247,0.0,1.416e-05,1.514e-05,0.78067763,0.0,0.2191206,40441,6,0.04240625,0.9992669
247,4,24021084,0.99871945,0.00018439,0.0,1.42e-05,1.812e-05,0.65397263,0.0,0.34581066,23481,6,0.03552294,0.9987341
247,5,24021085,0.99871132,0.00017074,0.0,1.428e-05,1.707e-05,0.64454313,0.0,0.35525477,36217,6,0.14078294,0.9990666
247,6,24021086,0.99872735,0.00020013,0.0,1.412e-05,2.056e-05,0.62808821,0.0,0.37167698,23737,6,0.03020724,0.9987342
247,7,24021087,0.99868135,0.0001654,0.0,1.42e-05,1.382e-05,0.73743862,0.0,0.26236796,60793,6,0.05967919,0.9990666
247,8,24021088,0.99865508,0.00016239,0.0,1.418e-05,1.368e-05,0.78691387,0.0,0.21289589,36345,6,0.1362044,0.999067
247,9,24021089,0.99871706,0.00020056,0.0,1.419e-05,2.023e-05,0.66285102,0.0,0.336914,32457,6,0.03070566,0.9992668
247,10,24021090,0.99873584,0.00019706,0.0,1.411e-05,2.164e-05,0.56963236,0.0,0.43013483,55801,6,0.05377509,0.9987341
248,1,24021111,0.95403227,0.28138568,0.68655704,0.0,0.00092714,0.03112994,0.0,2.1e-07,43115,4,0.31358779,3.2059961
248,2,24021112,0.97847698,0.12655967,0.29793712,0.0,0.00211048,0.5733923,0.0,4.3e-07,47467,4,0.15990283,3.206537
248,3,24021113,0.96885074,0.18030563,0.43844966,0.0,0.0044315,0.33076806,0.0,0.04604516,8930,4,0.413043,3.2056965
248,4,24021114,0.96271331,0.22237354,0.52582128,0.0,0.00382119,0.2466469,0.0,0.00133709,47211,4,0.22699101,3.2059961
248,5,24021115,0.98487036,0.09012608,0.20169515,0.0,0.00136567,0.70680927,0.0,3.84e-06,52893,6,0.07997153,3.2060963
248,6,24021116,0.95660166,0.24262956,0.63546043,0.0,0.01151262,0.11039718,0.0,2.1e-07,8354,4,0.59200948,3.2056966
248,7,24021117,0.98347377,0.09218762,0.22657121,0.0,0.004031,0.64336886,0.0,0.03384132,11042,6,0.17810759,3.2063371
248,8,24021118,0.98599187,0.07904457,0.18159584,0.0,0.00375734,0.72871105,0.0,0.0068912,56067,6,0.08337819,3.206462
248,9,24021119,0.95885754,0.24144158,0.60432271,0.0,0.00773883,0.14649617,0.0,7e-07,8418,4,0.55414687,3.2056968
248,10,24021120,0.97925643,0.12534745,0.29161371,0.0,0.00412053,0.51454831,0.0,0.06437001,8418,4,0.20328799,3.2056968
249,1,24021141,0.82179852,0.03117831,0.00405227,0.24615015,0.01024439,0.64324221,0.04339445,0.02173822,32783,6,0.06088031,0.9991351
249,2,24021142,0.82989179,0.03046772,0.00438937,0.15798441,0.00575588,0.73979794,0.06160466,2e-08,37134,2,0.04597442,0.6658032
249,3,24021143,0.92460252,0.01615861,0.00306471,0.07129008,0.00208579,0.88711871,0.02028207,3e-08,37007,6,0.08714883,0.999135
249,4,24021144,0.85048184,0.02529717,0.00492223,0.16632592,0.00444982,0.75296226,0.04604254,6e-08,32847,6,0.06670537,0.9991351
249,5,24021145,0.8856035,0.01592666,0.00267469,0.1659179,0.00255816,0.7847593,0.02816324,4e-08,36875,6,0.10428662,0.9991352
249,6,24021146,0.86239702,0.02813152,0.00426227,0.10451601,0.00431285,0.80780599,0.05097069,6.7e-07,35467,6,0.06051889,0.9989025
249,7,24021147,0.86674986,0.02698262,0.00474693,0.08642433,0.00676743,0.82095841,0.05412025,3e-08,36879,6,0.05507875,0.9991352
249,8,24021148,0.88361471,0.02646366,0.00416786,0.07584521,0.00494938,0.81167867,0.04869952,0.0281957,36875,6,0.06913091,0.9991352
249,9,24021149,0.83504909,0.03061728,0.00347864,0.1970811,0.00780961,0.71648516,0.0445282,1e-08,37452,2,0.07553989,0.6660684
249,10,24021150,0.89299464,0.01528611,0.00290488,0.17894995,0.0021404,0.77924635,0.02147124,1.07e-06,37448,2,0.11508145,0.6660684
250,1,24021171,0.9969897,0.00729484,0.03106324,0.0,0.00138111,0.12168249,0.0,0.83857832,60927,7,0.02825249,0.9998947
250,2,24021172,0.99707661,0.00769611,0.03026019,0.0,0.0016214,0.12856093,0.0,0.83186136,8127,7,0.02882505,0.9997921
250,3,24021173,0.99686218,0.00794743,0.03319954,0.0,0.00231798,0.14585548,0.0,0.81067957,34687,7,0.02008118,0.9998947
250,4,24021174,0.99751535,0.00639402,0.02047888,0.0,0.00127798,0.13726507,0.0,0.83458405,30079,7,0.02172096,0.9998947
250,5,24021175,0.99680336,0.00862531,0.03091321,0.0,0.00172847,0.11397428,0.0,0.84475873,40447,7,0.02847553,0.9998947
250,6,24021176,0.99649186,0.00947652,0.03088241,0.0,0.00177927,0.10404339,0.0,0.85381842,59231,7,0.02588643,0.9998947
250,7,24021177,0.99739779,0.00666982,0.02350084,0.0,0.00087366,0.12397275,0.0,0.84498293,51711,7,0.02554432,0.9997895
250,8,24021178,0.99727436,0.00724989,0.02393293,0.0,0.00130548,0.13613877,0.0,0.83137294,29823,7,0.02583224,0.9997895
250,9,24021179,0.99712418,0.0074317,0.02630864,0.0,0.00191579,0.14544288,0.0,0.81890099,25983,7,0.04205451,0.9998447
250,10,24021180,0.99740789,0.00700848,0.02162561,0.0,0.00092647,0.13879665,0.0,0.83164279,23935,7,0.02940056,0.9998947
251,1,24021201,0.97423065,0.04747485,0.01358627,0.0,0.01454308,0.71866847,0.00104095,0.20468639,22404,6,0.07214637,2.377642
251,2,24021202,0.9762917,0.04179865,0.00840057,0.0,0.0126626,0.71778749,0.00125435,0.21809635,55811,6,0.10554837,2.3772668
251,3,24021203,0.97339121,0.05158013,0.01371709,0.0,0.01624001,0.69459833,0.00040269,0.22346174,20004,6,0.09247797,2.377092
251,4,24021204,0.97904728,0.04398092,0.01362917,0.0,0.01192589,0.72431135,0.00059807,0.2055546,19245,6,0.13854099,2.377667
251,5,24021205,0.98099536,0.03908002,0.01139385,0.0,0.01378372,0.6289498,0.00011099,0.30668163,20269,6,0.09585022,2.3776669
251,6,24021206,0.97241402,0.05272794,0.01094126,0.0,0.01488437,0.69962509,0.00099967,0.22082167,18052,6,0.09314792,2.3770922
251,7,24021207,0.98782534,0.02801033,0.00425197,0.0,0.00436467,0.76251261,0.00104224,0.19981818,23331,6,0.17516151,2.377667
251,8,24021208,0.97228461,0.05306746,0.01198371,0.0,0.0180309,0.73835159,0.00024746,0.17831887,52012,6,0.07146173,2.377667
251,9,24021209,0.97144881,0.0577829,0.0099562,0.0,0.01591898,0.64556093,0.00042789,0.2703531,53003,6,0.06401207,2.3777669
251,10,24021210,0.96200948,0.07297149,0.02415845,0.0,0.02404435,0.69101252,0.0009882,0.18682499,52005,6,0.05403662,2.377667
252,1,24021231,0.99844525,0.00016665,0.0,2.075e-05,6.58e-06,0.99980439,1.5e-06,1.3e-07,60249,6,0.04792186,0.9989492
252,2,24021232,0.99840443,0.00016835,0.0,2.077e-05,6.17e-06,0.99980252,1.54e-06,6.6e-07,26831,6,0.04307207,0.9990992
252,3,24021233,0.998402,0.00017814,0.0,2.074e-05,6.62e-06,0.9997929,1.53e-06,7e-08,62603,6,0.0297216,0.9991489
252,4,24021234,0.99837168,0.00015826,0.0,2.07e-05,5.73e-06,0.99981372,1.5e-06,8e-08,32633,6,0.05702261,0.9991491
252,5,24021235,0.9984375,0.00016908,0.0,2.086e-05,6.17e-06,0.99980222,1.48e-06,2e-07,30999,6,0.06215791,0.9990991
252,6,24021236,0.99845901,0.00018127,0.0,2.067e-05,6.6e-06,0.99978994,1.48e-06,3e-08,63083,6,0.02570266,0.9991491
252,7,24021237,0.99845154,0.00015867,0.0,2.067e-05,6.25e-06,0.99981127,1.54e-06,1.6e-06,23929,6,0.08752259,0.9991489
252,8,24021238,0.99845881,0.00018284,0.0,2.073e-05,6.71e-06,0.9997881,1.5e-06,1.2e-07,62745,6,0.03952222,0.9991492
252,9,24021239,0.99845617,0.0001517,0.0,2.065e-05,5.22e-06,0.99982075,1.49e-06,1.9e-07,37273,6,0.0860233,0.9991491
252,10,24021240,0.99852533,0.00016719,0.0,2.076e-05,6.2e-06,0.99980429,1.52e-06,3e-08,6137,6,0.07665895,0.9991491
253,1,24021261,0.9816678,0.04315041,0.00534088,0.0,0.00663978,0.90270902,0.0,0.0421599,54725,6,0.18648272,2.68421
253,2,24021262,0.99815765,0.005258,0.00217447,0.0,0.00034842,0.91947551,0.0,0.0727436,23877,6,0.10984729,2.684185
253,3,24021263,0.98396017,0.04519617,0.00584764,0.0,0.0052672,0.90130821,0.0,0.04238077,51963,6,0.13742418,2.6839485
253,4,24021264,0.99102749,0.02746558,0.00656264,0.0,0.00632921,0.89072594,0.0,0.06891663,13773,6,0.14965923,2.684235
253,5,24021265,0.98307971,0.03661154,0.00361718,0.0,0.00867851,0.88404489,0.0,0.06704788,15693,6,0.24925367,2.684235
253,6,24021266,0.99557317,0.01014025,0.00309321,0.0,0.00564907,0.98111644,0.0,1.03e-06,44364,6,0.25929769,2.684185
253,7,24021267,0.99328723,0.01866116,0.01034876,0.0,0.00532271,0.85354205,0.0,0.11212532,10149,6,0.07860027,2.6837486
253,8,24021268,0.99052966,0.02297803,0.00332699,0.0,0.00646538,0.71806726,0.0,0.24916234,21964,6,0.1314095,2.684185
253,9,24021269,0.99250865,0.01688906,0.00171155,0.0,0.00779726,0.86761768,0.0,0.10598444,23876,6,0.19789845,2.68416
253,10,24021270,0.98953652,0.02528384,0.00640615,0.0,0.00912407,0.92609964,0.0,0.03308632,46741,6,0.10662198,2.68421
254,1,24021291,0.49770243,0.36399512,0.05378234,0.0,0.11304979,0.2605832,0.13905237,0.06953719,23687,6,0.07488716,0.999242
254,2,24021292,0.43260491,0.42143366,0.06185055,0.0,0.118087,0.16483117,0.15938715,0.07441047,22663,6,0.03799731,0.9992421
254,3,24021293,0.43983531,0.3993511,0.0620039,0.0,0.12095644,0.16719571,0.16460623,0.08588663,18567,6,0.04322669,0.9991672
254,4,24021294,0.39163042,0.4327892,0.06760027,0.0,0.12511558,0.12297575,0.18133682,0.07018238,23175,7,0.04138547,0.9990508
254,5,24021295,0.45255454,0.3834332,0.05694178,0.0,0.11859276,0.19404611,0.16194285,0.0850433,23175,7,0.05589317,0.9990508
254,6,24021296,0.48688336,0.37040774,0.06062485,0.0,0.11307798,0.21575543,0.14611499,0.094019,19079,7,0.03540017,0.998976
254,7,24021297,0.46085108,0.38909527,0.05830037,0.0,0.11014198,0.21357804,0.16226646,0.06661789,19591,6,0.04448763,0.9991672
254,8,24021298,0.46770925,0.38117301,0.05783178,0.0,0.11575758,0.15487817,0.15271807,0.13764139,22663,6,0.03584338,0.9992421
254,9,24021299,0.40672859,0.43405265,0.06275687,0.0,0.12400288,0.14522628,0.1657632,0.06819812,22663,6,0.04662196,0.9992421
254,10,24021300,0.49870827,0.36034743,0.05575878,0.0,0.09949328,0.22586724,0.1487092,0.10982406,23687,6,0.03535903,0.999242
255,1,24021321,0.99878998,0.00073017,0.0,0.0,4.461e-05,0.52397636,0.0,0.47524886,13751,6,0.03303853,0.9995703
255,2,24021322,0.99855879,0.00118522,0.0,0.0,2.401e-05,0.53430053,0.0,0.46449024,22489,6,0.07792609,0.9993953
255,3,24021323,0.99871263,0.00085392,0.0,0.0,2.662e-05,0.57995205,0.0,0.41916741,23993,6,0.05469041,0.9993955
255,4,24021324,0.99887629,0.00039994,0.0,0.0,2.514e-05,0.53005651,0.0,0.46951841,50615,6,0.04296493,0.999562
255,5,24021325,0.99892378,0.00033374,0.0,0.0,2.486e-05,0.48265814,0.0,0.51698326,49111,7,0.02482344,0.9995704
255,6,24021326,0.99875598,0.00070412,0.0,0.0,2.674e-05,0.60916375,0.0,0.3901054,23401,6,0.02563834,0.9987891
255,7,24021327,0.99884585,0.00059253,0.0,0.0,2.715e-05,0.49073016,0.0,0.50865016,40311,7,0.02655863,0.9995704
255,8,24021328,0.99899045,0.00028939,0.0,0.0,2.629e-05,0.45996826,0.0,0.53971606,48639,7,0.02622773,0.9995954
255,9,24021329,0.99891876,0.00040999,0.0,0.0,2.377e-05,0.54208436,0.0,0.45748187,65401,6,0.02917829,0.9993955
255,10,24021330,0.99840555,0.00150741,0.0,0.0,0.00019366,0.51518356,0.0,0.48311537,63049,6,0.04303903,0.9993955
256,1,24021351,0.99942958,0.00022135,3.84e-06,0.0,8.62e-06,0.99976594,0.0,2.5e-07,23882,6,0.31244054,3.2157107
256,2,24021352,0.99948011,0.00022756,4.33e-06,0.0,1.064e-05,0.99975715,0.0,3.1e-07,52549,6,0.29632432,3.2157107
256,3,24021353,0.99894681,0.0019806,0.00113348,0.0,0.00018431,0.9967013,0.0,3.1e-07,52290,6,0.24341488,3.2150683
256,4,24021354,0.99943236,0.00023908,4.26e-06,0.0,1.102e-05,0.99974536,0.0,2.7e-07,52306,6,0.20508553,3.2156774
256,5,24021355,0.98117639,0.06262279,0.00588263,0.0,0.00103883,0.87903397,0.0,0.05142178,23330,6,0.08616445,3.2156857
256,6,24021356,0.99943947,0.00022335,4.28e-06,0.0,1.144e-05,0.99976073,0.0,2e-07,15691,6,0.1403066,3.2157607
256,7,24021357,0.99944687,0.00021679,4.19e-06,0.0,1.011e-05,0.99976871,0.0,1.9e-07,9426,6,0.26695401,3.2156108
256,8,24021358,0.99941483,0.00022943,4.14e-06,0.0,1.117e-05,0.999755,0.0,2.5e-07,52306,6,0.20260362,3.2156774
256,9,24021359,0.99940974,0.00022479,3.89e-06,0.0,9.62e-06,0.99976148,0.0,2.2e-07,11347,6,0.31449904,3.2156607
256,10,24021360,0.99941308,0.00024724,4.48e-06,0.0,1.277e-05,0.99973527,0.0,2.4e-07,56410,6,0.22447739,3.215744
257,1,24021381,0.99851086,0.00018403,0.0,1.935e-05,6.62e-06,0.9997873,1.65e-06,1.06e-06,64683,6,0.05911501,0.9992025
257,2,24021382,0.99849305,0.00017925,0.0,1.911e-05,5.55e-06,0.99971951,1.57e-06,7.5e-05,25161,6,0.058463,0.9990527
257,3,24021383,0.99849952,0.0001873,0.0,1.922e-05,6.77e-06,0.99978503,1.59e-06,9e-08,28687,6,0.03871832,0.9992026
257,4,24021384,0.99853953,0.00018481,0.0,1.909e-05,6.56e-06,0.99978778,1.58e-06,1.7e-07,33801,6,0.0465853,0.9990027
257,5,24021385,0.99849114,0.00018738,0.0,1.944e-05,6.35e-06,0.99938211,1.56e-06,0.00040317,59981,6,0.05075018,0.9992023
257,6,24021386,0.99851276,0.00016866,0.0,1.878e-05,6.66e-06,0.99980421,1.59e-06,1e-07,37849,6,0.06476455,0.9992025
257,7,24021387,0.99855526,0.00017516,0.0,1.905e-05,6.48e-06,0.99979764,1.59e-06,9e-08,37003,6,0.05681491,0.9990025
257,8,24021388,0.99846664,0.00018599,0.0,1.917e-05,6.45e-06,0.99978654,1.62e-06,2.2e-07,29295,6,0.04164878,0.9989042
257,9,24021389,0.99847727,0.00016153,0.0,1.855e-05,5.63e-06,0.99981227,1.57e-06,4.5e-07,37001,6,0.0737973,0.9990025
257,10,24021390,0.99843386,0.0001923,0.0,1.95e-05,7.5e-06,0.99977905,1.62e-06,4e-08,32777,6,0.04260501,0.9990027
258,1,24021411,0.95013887,0.10985758,0.01939405,2e-08,0.08750208,0.0,0.04658574,0.73666052,12069,7,0.10451705,1.4439084
258,2,24021412,0.93862161,0.14023038,0.01835471,2.9e-07,0.10403577,0.0,0.05592593,0.68145294,53165,7,0.14539109,1.4439696
258,3,24021413,0.95716617,0.10478115,0.0121134,2e-08,0.0815713,0.0,0.02881503,0.77271909,44941,7,0.10499273,1.4439696
258,4,24021414,0.96352193,0.07867195,0.01128569,2e-08,0.06458144,0.0,0.0333476,0.8121133,12205,7,0.28382778,1.4438197
258,5,24021415,0.942864,0.12628799,0.01732276,0.000383,0.10763621,0.0,0.04698835,0.70138169,24365,7,0.17098232,1.4440084
258,6,24021416,0.94324885,0.12718219,0.02285587,0.00027412,0.09736258,0.0,0.05036031,0.70196494,16141,7,0.10387196,1.4440084
258,7,24021417,0.97439357,0.05413501,0.00517342,1.8e-07,0.05748276,0.0,0.02262766,0.86058097,44941,7,0.15108672,1.4439696
258,8,24021418,0.9499375,0.10660235,0.01662771,0.00026152,0.10353497,0.0,0.04089545,0.73207799,44933,7,0.13154902,1.4438364
258,9,24021419,0.95297038,0.10390129,0.01309528,3e-08,0.09249797,0.0,0.04169562,0.74880982,15885,7,0.17330741,1.4437698
258,10,24021420,0.94968992,0.11023085,0.01689981,0.00013892,0.09428054,0.0,0.04097384,0.73747604,44973,7,0.1037956,1.4439696
259,1,24021441,0.95784844,0.06034468,0.00526474,0.0,0.02483949,0.43369983,0.00624952,0.46960174,19235,6,0.08081506,1.6079053
259,2,24021442,0.94609145,0.0786714,0.00876367,0.0,0.0291047,0.52858637,0.00889504,0.34597882,23051,7,0.07029783,1.6077339
259,3,24021443,0.95186543,0.06970532,0.01061527,0.0,0.03014147,0.51455774,0.00680435,0.36817584,18981,6,0.08449365,1.6075842
259,4,24021444,0.96616225,0.04841761,0.00820937,0.0,0.0195131,0.58048459,0.00439069,0.33898464,18957,7,0.074743,1.6076839
259,5,24021445,0.95995202,0.05907012,0.00588756,0.0,0.02256872,0.56376215,0.0053256,0.34338586,18052,6,0.21470671,1.6075342
259,6,24021446,0.96777978,0.04532007,0.00489085,0.0,0.01619062,0.44054503,0.00525561,0.48779782,23052,7,0.13465176,1.6076673
259,7,24021447,0.96547556,0.05588886,0.00696821,0.0,0.01839156,0.52779151,0.00475857,0.3862013,18314,6,0.13831954,1.6078554
259,8,24021448,0.97071923,0.04352587,0.00530309,0.0,0.01240715,0.47538915,0.00410377,0.45927098,23044,7,0.08170866,1.607634
259,9,24021449,0.94925706,0.07537522,0.0088182,0.0,0.02824801,0.44181609,0.00625583,0.43948665,19339,7,0.14187424,1.6077838
259,10,24021450,0.95867446,0.06165664,0.00565108,0.0,0.02313598,0.46781416,0.00593299,0.43580916,19971,7,0.0942741,1.6075842
260,1,24021471,0.99853253,0.00018502,0.0,1.812e-05,1.68e-05,0.61021672,0.0,0.38956335,48025,6,0.02175645,0.9988725
260,2,24021472,0.9985826,0.00018206,0.0,1.819e-05,1.609e-05,0.61742326,0.0,0.38236039,39225,6,0.06322433,0.9988725
260,3,24021473,0.99854992,0.0001833,0.0,1.826e-05,1.576e-05,0.69699858,0.0,0.3027841,61449,6,0.06067576,0.9991817
260,4,24021474,0.99853178,0.00017334,0.0,1.822e-05,1.516e-05,0.67726953,0.0,0.32252375,35403,6,0.07449284,0.9989812
260,5,24021475,0.99870268,0.00018714,0.0,1.835e-05,1.766e-05,0.61759654,0.0,0.3821803,26463,7,0.04712516,0.9993315
260,6,24021476,0.9986395,0.00019696,0.0,1.824e-05,2.115e-05,0.46555625,0.0,0.53420739,15327,7,0.0398665,0.9993815
260,7,24021477,0.99848344,0.00017569,0.0,1.824e-05,1.492e-05,0.59904468,0.0,0.40074646,33625,6,0.07134387,0.9989818
260,8,24021478,0.9984641,0.00018571,0.0,1.83e-05,1.685e-05,0.665625,0.0,0.33415414,38939,6,0.02552175,0.9983638
260,9,24021479,0.99852142,0.00018326,0.0,1.821e-05,1.646e-05,0.57053445,0.0,0.42924762,8169,6,0.02658007,0.9984641
260,10,24021480,0.99857062,0.0001898,0.0,1.831e-05,1.932e-05,0.56377197,0.0,0.43600059,34889,6,0.02228193,0.9989812
261,1,24021501,0.99105931,0.04867555,0.07190784,0.0,0.00477725,0.82158032,0.0,0.05305904,51899,6,0.15829851,3.21976
261,2,24021502,0.988778,0.0759238,0.0669893,0.0,0.00081427,0.85627048,0.0,2.15e-06,51899,6,0.12718623,3.21976
261,3,24021503,0.97852176,0.13489837,0.18057657,0.0,0.00874987,0.61054292,0.0,0.06523227,51451,6,0.13100812,3.21976
261,4,24021504,0.98266687,0.11246338,0.10693614,0.0,0.00211093,0.69704119,0.0,0.08144836,54723,6,0.15016138,3.2201285
261,5,24021505,0.98459469,0.0980277,0.10345446,0.0,0.00288865,0.74721665,0.0,0.04841254,20260,6,0.06948225,3.2200035
261,6,24021506,0.99456976,0.03024205,0.03226256,0.0,0.00245632,0.90861179,0.0,0.02642728,46746,6,0.15752589,3.2201368
261,7,24021507,0.99235486,0.03950598,0.06301227,0.0,0.0080645,0.70075313,0.0,0.18866412,54933,6,0.12080062,3.2201285
261,8,24021508,0.9829299,0.11833797,0.12394929,0.0,0.00139798,0.72528247,0.0,0.0310323,54011,6,0.39604553,3.2202034
261,9,24021509,0.99673835,0.01776284,0.01820264,0.0,0.00040275,0.96362765,0.0,4.12e-06,54932,6,0.16535696,3.2201035
261,10,24021510,0.98457582,0.09800106,0.16156032,0.0,0.00211941,0.65804708,0.0,0.08027213,9885,6,0.17816438,3.2201035
262,1,24021531,0.64570842,0.07650652,0.01970574,0.24218245,0.0302416,0.46350169,0.15322689,0.01463511,24390,2,0.10700716,0.4995712
262,2,24021532,0.75344249,0.06622998,0.01857393,0.06356112,0.02389392,0.68795806,0.13978296,4e-08,32841,6,0.0699894,0.9992169
262,3,24021533,0.68334925,0.06359704,0.01474975,0.20619605,0.01808983,0.4999749,0.15089931,0.04649312,6977,2,0.04321549,0.4993839
262,4,24021534,0.70996345,0.08008615,0.01536869,0.12644798,0.02834369,0.60568011,0.14239218,0.0016812,38959,6,0.04214216,0.9990254
262,5,24021535,0.70076802,0.07534346,0.01630403,0.1268601,0.01796949,0.57911398,0.1649054,0.01950356,37133,6,0.10418937,0.9988343
262,6,24021536,0.6743652,0.08553988,0.02200216,0.14711778,0.02985172,0.52078363,0.16926652,0.02543831,24392,2,0.08797796,0.6660227
262,7,24021537,0.65014329,0.09052905,0.02017519,0.14128536,0.02186795,0.53490941,0.19093388,0.00029916,37131,6,0.06020772,0.9988343
262,8,24021538,0.66608941,0.07475655,0.0141339,0.23348754,0.01860244,0.50405811,0.15496142,4e-08,24142,2,0.0731498,0.6657455
262,9,24021539,0.72306484,0.0828496,0.02712485,0.06837987,0.02099677,0.64526558,0.15377016,0.00161316,32843,6,0.06510377,0.9992169
262,10,24021540,0.73618111,0.06641867,0.01623498,0.11070443,0.02237545,0.62796702,0.1350073,0.02129214,33291,6,0.0798468,0.9990255
263,1,24021561,0.99829288,0.00247847,0.01591774,0.0,0.00025608,0.31917387,0.0,0.66217384,38271,7,0.03569908,0.9997707
263,2,24021562,0.99692741,0.00481787,0.01635905,0.0,0.00102514,0.28010855,0.0,0.69768938,44855,7,0.02248573,0.9994319
263,3,24021563,0.9974071,0.00396616,0.01402203,0.0,0.00076645,0.26500616,0.0,0.7162392,44407,7,0.02756463,0.9997374
263,4,24021564,0.99791867,0.00324406,0.01256759,0.0,0.0002016,0.29990056,0.0,0.68408619,26559,7,0.02837509,0.9996062
263,5,24021565,0.99782521,0.00340503,0.02188838,0.0,0.00031469,0.31137681,0.0,0.66301509,62335,7,0.02638602,0.9996561
263,6,24021566,0.99786629,0.00329336,0.01908921,0.0,0.00037011,0.32062596,0.0,0.65662135,57167,7,0.02216264,0.9995415
263,7,24021567,0.99772784,0.00331885,0.02249425,0.0,0.00078771,0.33965063,0.0,0.63374856,44407,7,0.02908471,0.9997374
263,8,24021568,0.99777919,0.00355504,0.01806527,0.0,0.00046937,0.37093858,0.0,0.60697175,34303,7,0.03017051,0.9997707
263,9,24021569,0.99748919,0.00363596,0.0218896,0.0,0.00107807,0.3038199,0.0,0.66957647,24567,7,0.02372463,0.9997457
263,10,24021570,0.99797107,0.00321217,0.01333223,0.0,0.0006613,0.32348069,0.0,0.65931361,12279,7,0.02128676,0.9997207
264,1,24021591,0.99147102,0.02374669,0.00282459,0.0,0.00187395,0.94777083,0.0,0.02378394,50397,6,0.27772779,2.8829359
264,2,24021592,0.99443305,0.00790163,0.00218482,0.0,0.00234653,0.97901174,0.0,0.00855528,56652,6,0.18813706,2.8828693
264,3,24021593,0.99365251,0.01422618,0.00473392,0.0,0.00117142,0.85225645,0.0,0.12761204,17868,6,0.12132818,2.8827361
264,4,24021594,0.99436645,0.00861014,0.00196934,0.0,0.00392045,0.98549972,0.0,3.6e-07,44363,6,0.21900272,2.8829359
264,5,24021595,0.99128484,0.01988935,0.00412262,0.0,0.0036813,0.96566582,0.0,0.00664091,56781,6,0.15513101,2.8825599
264,6,24021596,0.98022633,0.03482507,0.00461703,0.0,0.0088108,0.7896036,0.0,0.1621435,8421,6,0.15629807,2.8822102
264,7,24021597,0.9887283,0.03088036,0.0024183,0.0,0.00236692,0.87791683,0.0,0.0864176,52308,6,0.13773586,2.8828027
264,8,24021598,0.985182,0.02539796,0.00791584,0.0,0.00516993,0.94018136,0.0,0.02133491,8436,6,0.15969752,2.8827361
264,9,24021599,0.99794643,0.00893175,0.00076113,0.0,0.00084677,0.98946005,0.0,3e-07,21955,6,0.14229765,2.882836
264,10,24021600,0.99043324,0.02346445,0.01374429,0.0,0.00405049,0.86141087,0.0,0.09732991,23331,6,0.15277012,2.882836
265,1,24021621,0.99842301,0.00018248,0.0,2.074e-05,7e-06,0.99963091,1.55e-06,0.00015732,37323,6,0.02898534,0.9975753
265,2,24021622,0.99842736,0.00016916,0.0,2.082e-05,6.27e-06,0.99980219,1.54e-06,2e-08,34777,6,0.09550396,0.9989242
265,3,24021623,0.99836429,0.00017643,0.0,2.073e-05,6.96e-06,0.99979349,1.53e-06,8.5e-07,56281,6,0.04683905,0.9991246
265,4,24021624,0.99843669,0.00018896,0.0,2.074e-05,7.18e-06,0.99978148,1.54e-06,1e-07,12287,6,0.02515014,0.9992746
265,5,24021625,0.99831162,0.00015786,0.0,2.074e-05,5.68e-06,0.99981411,1.53e-06,8e-08,42969,6,0.07333322,0.9989242
265,6,24021626,0.99848407,0.0001935,0.0,2.085e-05,6.59e-06,0.99977746,1.5e-06,1e-07,25097,6,0.03832284,0.9986872
265,7,24021627,0.99837505,0.00017206,0.0,2.074e-05,6.02e-06,0.99979903,1.51e-06,6.5e-07,30137,6,0.04343233,0.9991245
265,8,24021628,0.99846919,0.00018034,0.0,2.089e-05,6.9e-06,0.99979017,1.55e-06,1.6e-07,24535,6,0.03189355,0.9992995
265,9,24021629,0.99834494,0.00017214,0.0,2.061e-05,6.41e-06,0.99473481,1.54e-06,0.0050645,52729,6,0.04223218,0.9989247
265,10,24021630,0.9984773,0.00016683,0.0,2.081e-05,5.85e-06,0.99980487,1.51e-06,1.2e-07,15865,6,0.13967333,0.9991246
266,1,24021651,0.98024739,0.04151408,0.00827804,0.0,0.01728503,0.74487226,0.00589153,0.18215906,54941,6,0.22967341,2.3577554
266,2,24021652,0.97991583,0.03925723,0.00354409,0.0,0.0253734,0.78193175,0.00447291,0.14542062,50845,6,0.15357449,2.3577554
266,3,24021653,0.9896072,0.02286404,0.00277804,0.0,0.00623757,0.52272674,0.00227775,0.44311585,44965,7,0.11042546,2.3573509
266,4,24021654,0.9849939,0.03174963,0.00994353,0.0,0.00890889,0.7157108,0.00356915,0.230118,22173,6,0.1524751,2.3577054
266,5,24021655,0.98865951,0.02825241,0.00508725,0.0,0.00837464,0.80060067,0.00124842,0.15643662,14244,6,0.18321171,2.3573093
266,6,24021656,0.99093363,0.01571315,0.00446108,0.0,0.00892086,0.63772616,0.00309636,0.33008238,14213,6,0.10097005,2.3576554
266,7,24021657,0.98434569,0.03361321,0.01088253,0.0,0.01339318,0.53012874,0.00281165,0.4091707,16140,6,0.10452114,2.3576554
266,8,24021658,0.97138887,0.06198762,0.01158365,0.0,0.02530348,0.69708772,0.00754507,0.19649245,14212,6,0.08676515,2.3576305
266,9,24021659,0.97876045,0.05078751,0.01454593,0.0,0.01688169,0.77257582,0.00564345,0.1395656,55173,6,0.08775392,2.3576804
266,10,24021660,0.97830359,0.03541518,0.01469574,0.0,0.01484439,0.7908342,0.00980789,0.1344026,10157,6,0.16871997,2.3573343
267,1,24021681,0.52268393,0.41767347,0.0447075,0.0,0.14425274,0.0,0.15581121,0.23755508,19079,7,0.10774375,0.9993401
267,2,24021682,0.49470161,0.44341759,0.04839789,0.0,0.14551218,0.0,0.17760168,0.18507066,23175,7,0.09945073,0.9994149
267,3,24021683,0.40802806,0.52058049,0.05471724,0.0,0.16618587,0.0,0.20673621,0.05178019,19087,7,0.0284718,0.9994399
267,4,24021684,0.41294105,0.51238495,0.05302063,0.0,0.17216367,0.0,0.1962346,0.06619615,19079,7,0.03937596,0.9993401
267,5,24021685,0.47615871,0.45813448,0.04719131,0.0,0.1514317,0.0,0.18098004,0.16226247,19087,7,0.08480448,0.9994399
267,6,24021686,0.42624779,0.5064498,0.05234466,0.0,0.15692512,0.0,0.19557585,0.08870457,24207,7,0.02676749,0.9994198
267,7,24021687,0.428105,0.50458096,0.05285606,0.0,0.16916659,0.0,0.18290541,0.09049097,24207,7,0.02742116,0.9994198
267,8,24021688,0.46042542,0.4704588,0.05001746,0.0,0.15192773,0.0,0.19490815,0.13268787,23175,7,0.03393711,0.9994149
267,9,24021689,0.43941934,0.50919283,0.05277731,0.0,0.1607074,0.0,0.176686,0.10063647,20103,7,0.0504085,0.9992701
267,10,24021690,0.46186342,0.47717979,0.04926554,0.0,0.14829131,0.0,0.19227727,0.13298609,23175,7,0.0288034,0.9994149
268,1,24021711,0.99878868,0.00018495,0.0,1.055e-05,1.761e-05,0.62746275,0.0,0.37232414,24569,6,0.05261488,0.9992814
268,2,24021712,0.99870927,0.00018289,0.0,1.061e-05,1.703e-05,0.65756699,0.0,0.34222248,24505,6,0.03496619,0.9990222
268,3,24021713,0.9986221,0.00016985,0.0,1.051e-05,1.497e-05,0.74342895,0.0,0.25637572,23033,6,0.06670205,0.998763
268,4,24021714,0.998744,0.00020261,0.0,1.057e-05,2.054e-05,0.57442296,0.0,0.42534333,62847,7,0.02271331,0.9994812
268,5,24021715,0.99859483,0.00015428,0.0,1.08e-05,1.158e-05,0.84035804,0.0,0.1594653,42969,6,0.07843005,0.9990811
268,6,24021716,0.9988322,0.0002041,0.0,1.051e-05,2.042e-05,0.51927655,0.0,0.48048842,35161,6,0.03014615,0.9990811
268,7,24021717,0.99880885,0.00020961,0.0,1.055e-05,2.242e-05,0.46053054,0.0,0.53922687,15735,7,0.02972127,0.9994562
268,8,24021718,0.99876726,0.00019962,0.0,1.058e-05,2e-05,0.5878187,0.0,0.4119511,16127,7,0.02479039,0.9989629
268,9,24021719,0.99874582,0.00018964,0.0,1.06e-05,1.774e-05,0.61405137,0.0,0.38573065,29497,6,0.06965975,0.9987631
268,10,24021720,0.99874231,0.00020135,0.0,1.055e-05,1.893e-05,0.61552688,0.0,0.38424229,30445,6,0.03763894,0.999281
269,1,24021741,0.99948663,0.00021056,4.45e-06,0.0,8.59e-06,0.9997762,0.0,2e-07,13773,6,0.33047636,3.4476015
269,2,24021742,0.9828124,0.08636933,0.06371371,0.0,0.00051072,0.75637583,0.0,0.0930304,8364,6,0.28964848,3.446763
269,3,24021743,0.96852141,0.15866122,0.119966,0.0,0.00046067,0.61914942,0.0,0.10176269,47875,6,0.09931832,3.4475765
269,4,24021744,0.98375645,0.08187876,0.0634868,0.0,0.00243215,0.80826954,0.0,0.04393275,46747,6,0.10753221,3.4476515
269,5,24021745,0.99938056,0.00023493,4.34e-06,0.0,1.121e-05,0.99974929,0.0,2.2e-07,23628,6,0.13922057,3.4468961
269,6,24021746,0.97316028,0.13149661,0.11655033,0.0,0.00199726,0.7499533,0.0,2.51e-06,8948,6,0.32905862,3.4474516
269,7,24021747,0.99293666,0.03495772,0.03799221,0.0,0.00093673,0.9208775,0.0,0.00523584,48661,6,0.2140561,3.4475766
269,8,24021748,0.98565143,0.07051485,0.05061536,0.0,6.715e-05,0.82634267,0.0,0.05245997,13972,6,0.22522768,3.4475266
269,9,24021749,0.99039928,0.04825924,0.03632875,0.0,0.00098893,0.79103044,0.0,0.12339263,24333,7,0.0809989,3.4476015
269,10,24021750,0.97275265,0.12901754,0.07571554,0.0,0.00093227,0.76091246,0.0,0.0334222,8892,6,0.12310735,3.4474516
270,1,24021771,0.96894129,0.00524898,0.0,0.0305715,0.00020189,0.95732926,0.00664826,1.1e-07,31757,6,0.02793328,0.9992488
270,2,24021772,0.96437321,0.00471612,0.0,0.03377464,0.00050227,0.95432604,0.00668085,8e-08,59403,6,0.04905651,0.9992488
270,3,24021773,0.91570846,0.00559728,0.0,0.18533736,0.00013988,0.79596009,0.01296485,5.4e-07,37420,2,0.12062555,0.6654982
270,4,24021774,0.98751631,0.00176862,0.0,0.02016006,2.234e-05,0.97510099,0.00135128,0.00159669,37135,6,0.05230622,0.9984987
270,5,24021775,0.93562198,0.0006581,0.0,0.11567116,0.0001415,0.87733733,0.00619187,4e-08,36877,6,0.06891931,0.999049
270,6,24021776,0.98059187,0.00393322,0.0,0.02888382,6.24e-06,0.96716773,8.89e-06,1e-07,35467,6,0.05586771,0.9987733
270,7,24021777,0.91804773,0.00234741,0.0,0.16312009,0.00034702,0.82968144,0.00450395,9e-08,33931,6,0.06563475,0.9990485
270,8,24021778,0.99086123,0.00178607,0.0,0.01544191,0.00052141,0.98212075,0.00012977,9e-08,37065,6,0.04757052,0.9990488
270,9,24021779,0.97909921,0.00068021,0.0,0.03548795,0.00053132,0.96329837,2.1e-06,6e-08,14535,6,0.02940384,0.9985235
270,10,24021780,0.95655878,0.00371207,0.0,0.0990021,1.036e-05,0.89571331,0.00156176,4e-07,37194,2,0.06842535,0.665337
271,1,24021801,0.99760813,0.01315002,0.03217408,0.0,0.00205517,0.01739099,0.0,0.93522974,43895,7,0.0378123,0.9999271
271,2,24021802,0.99751958,0.01177173,0.03752091,0.0,0.00343922,1.27e-06,0.0,0.94726686,32695,7,0.04013862,0.9999105
271,3,24021803,0.99728851,0.0143543,0.03491903,0.0,0.00389963,0.01522659,0.0,0.93160044,22007,7,0.02474566,0.9999486
271,4,24021804,0.99756989,0.0120822,0.04400259,0.0,0.00256843,0.00035885,0.0,0.94098792,65367,7,0.02220597,0.9999486
271,5,24021805,0.99712996,0.01369875,0.04891092,0.0,0.00369639,0.01404244,0.0,0.9196515,40823,7,0.02024667,0.9999486
271,6,24021806,0.99792659,0.01063296,0.03914409,0.0,0.00227796,0.0200394,0.0,0.92790558,42879,7,0.03199826,0.9999736
271,7,24021807,0.99764289,0.01138417,0.05269547,0.0,0.00217817,5.61e-06,0.0,0.93373658,12159,7,0.02007792,0.9999236
271,8,24021808,0.99783096,0.00948807,0.04063819,0.0,0.00239317,0.01136754,0.0,0.93611304,28151,7,0.02045665,0.9999236
271,9,24021809,0.99762487,0.01239791,0.04314274,0.0,0.00310516,0.00660301,0.0,0.93475119,60927,7,0.01906296,0.9999736
271,10,24021810,0.99759936,0.01200606,0.03326577,0.0,0.00384277,0.00224556,0.0,0.94863984,19839,7,0.02322883,0.9999236
272,1,24021831,0.97436601,0.04699246,0.00838514,0.0,0.01316604,0.54027676,0.00182372,0.38935588,57091,6,0.07922051,2.2278495
272,2,24021832,0.97582657,0.04892188,0.00565271,0.0,0.01378079,0.38388978,0.00139394,0.54636091,20227,7,0.09144239,2.2277746
272,3,24021833,0.97862537,0.03647164,0.00483569,0.0,0.00937015,0.61572988,0.00279102,0.33080162,19203,7,0.08897688,2.2277746
272,4,24021834,0.97045078,0.05826756,0.00985288,0.0,0.01898758,0.62650431,0.00208703,0.28430063,51978,6,0.10608701,2.2278245
272,5,24021835,0.96850266,0.04913171,0.00771491,0.0,0.0169547,0.60246597,0.00399654,0.31973617,23077,6,0.13215797,2.2274045
272,6,24021836,0.97189325,0.05132692,0.00739534,0.0,0.0171272,0.47858581,0.00227483,0.4432899,56069,6,0.09592438,2.2278495
272,7,24021837,0.95921688,0.07565252,0.01160587,0.0,0.02467607,0.58498725,0.00300945,0.30006884,24331,7,0.11369315,2.2278745
272,8,24021838,0.97844349,0.04298589,0.00682084,0.0,0.01179478,0.61646854,0.00182392,0.32010604,24362,6,0.08672935,2.2278245
272,9,24021839,0.9553293,0.07564164,0.01693047,0.0,0.02465418,0.6550791,0.00457886,0.22311575,23330,6,0.09995084,2.2277996
272,10,24021840,0.97175187,0.05079328,0.00660334,0.0,0.01864842,0.63105451,0.00305267,0.28984778,18978,6,0.11913906,2.2272797
273,1,24021861,0.99846093,0.0001796,0.0,2.221e-05,1.752e-05,0.60668286,0.0,0.39309782,58057,6,0.05955525,0.9991139
273,2,24021862,0.9985254,0.0001694,0.0,2.229e-05,1.545e-05,0.75024392,0.0,0.24954895,37721,6,0.05377019,0.9991141
273,3,24021863,0.99850591,0.00017133,0.0,2.239e-05,1.527e-05,0.63917411,0.0,0.3606169,60137,6,0.03765304,0.9987713
273,4,24021864,0.99847728,0.00016618,0.0,2.219e-05,1.477e-05,0.69825039,0.0,0.30154646,49145,6,0.04453885,0.9991141
273,5,24021865,0.99831909,0.0001654,0.0,2.235e-05,1.398e-05,0.74145132,0.0,0.25834695,62153,6,0.03844786,0.9991139
273,6,24021866,0.99835264,0.00015502,0.0,2.223e-05,1.336e-05,0.82588647,0.0,0.17392291,38745,6,0.05363867,0.999114
273,7,24021867,0.99854001,0.00018581,0.0,2.23e-05,2.06e-05,0.61585408,0.0,0.38391721,65133,6,0.03500002,0.9991137
273,8,24021868,0.99844808,0.0001543,0.0,2.219e-05,1.158e-05,0.8087501,0.0,0.19106183,49113,6,0.06764192,0.9991141
273,9,24021869,0.99842798,0.00015523,0.0,2.225e-05,1.262e-05,0.7170702,0.0,0.28273969,33049,6,0.12806767,0.9989143
273,10,24021870,0.99837725,0.00015949,0.0,2.234e-05,1.346e-05,0.72662559,0.0,0.27317911,22489,6,0.04804321,0.9991138
274,1,24021891,0.99799243,0.00559581,0.00113376,0.0,0.00110194,0.90400837,0.0,0.08816013,48458,6,0.11383412,3.0946987
274,2,24021892,0.99822484,0.00745071,0.00062537,0.0,1.365e-05,0.99191001,0.0,2.6e-07,56653,6,0.50001353,3.0947653
274,3,24021893,0.99785692,0.00418006,0.00039413,0.0,0.00154004,0.99388508,0.0,7e-07,23762,6,0.22635012,3.094172
274,4,24021894,0.98994877,0.03167321,0.00597289,0.0,0.00122976,0.92353022,0.0,0.03759392,19234,6,0.08782343,3.0945654
274,5,24021895,0.9994649,0.00022568,4.41e-06,0.0,1.243e-05,0.99975724,0.0,2.5e-07,15444,6,0.21786882,3.0946404
274,6,24021896,0.99310758,0.02232206,0.00619116,0.0,0.00315955,0.84737822,0.0,0.12094901,47915,6,0.12668631,3.0947653
274,7,24021897,0.99090259,0.03005478,0.00779318,0.0,0.00274194,0.81791797,0.0,0.14149213,22715,6,0.20301477,3.0942967
274,8,24021898,0.99937305,0.00021191,4.03e-06,0.0,8.43e-06,0.99977547,0.0,1.6e-07,11723,6,0.42861647,3.094197
274,9,24021899,0.99591715,0.01212849,0.00245355,0.0,0.00207886,0.95054343,0.0,0.03279566,54938,6,0.1112852,3.0946987
274,10,24021900,0.99945333,0.00023145,4.07e-06,0.0,1.294e-05,0.99975125,0.0,2.9e-07,48581,6,0.17657967,3.094247
275,1,24021921,0.63377368,0.15170283,0.02808855,0.0,0.05081399,0.53384735,0.19935571,0.03619158,18631,6,0.09372413,0.9989946
275,2,24021922,0.6031144,0.16547277,0.030741,0.0,0.05241857,0.42385884,0.21627246,0.11123637,23183,7,0.06692375,0.9988669
275,3,24021923,0.60544822,0.16424039,0.03000811,0.0,0.05035911,0.49785013,0.21925631,0.03828595,18631,6,0.14988674,0.9989946
275,4,24021924,0.66363243,0.15455441,0.0241258,0.0,0.05795703,0.5758736,0.15705765,0.03043151,6985,6,0.09202147,0.9990445
275,5,24021925,0.56539526,0.19485695,0.03570376,0.0,0.05909586,0.44407975,0.23204549,0.0342182,23111,6,0.04613785,0.9987921
275,6,24021926,0.57756773,0.18735591,0.0314272,0.0,0.06083812,0.41524942,0.22184884,0.08328052,23183,7,0.03906567,0.9988669
275,7,24021927,0.49715595,0.2341119,0.03972813,0.0,0.08281279,0.36367155,0.25311948,0.02655616,19591,6,0.04442081,0.9989946
275,8,24021928,0.48544316,0.22003975,0.03590523,0.0,0.06811364,0.37674169,0.28035572,0.01884397,23369,6,0.02329175,0.9992442
275,9,24021929,0.52869301,0.20310699,0.03653745,0.0,0.06058288,0.40486612,0.2553378,0.03956876,18567,6,0.03366768,0.9989946
275,10,24021930,0.52083269,0.219268,0.03732334,0.0,0.06694261,0.40730324,0.2518844,0.01727841,19591,6,0.03263197,0.9989946
276,1,24021951,0.99802621,0.00205776,0.00661775,0.0,9.946e-05,0.44336814,0.0,0.54785689,24183,6,0.02243766,0.9992561
276,2,24021952,0.99773827,0.00287918,0.00387969,0.0,0.0001259,0.47129695,0.0,0.52181828,46399,6,0.02564535,0.999454
276,3,24021953,0.9983174,0.0016509,0.00299821,0.0,9.248e-05,0.32052759,0.0,0.67473083,62975,7,0.05791854,0.9996404
276,4,24021954,0.99796116,0.00225345,0.00365279,0.0,0.00020346,0.4063689,0.0,0.58752141,13823,7,0.04223023,0.9996404
276,5,24021955,0.99787222,0.00237591,0.00816589,0.0,0.00013114,0.37868826,0.0,0.61063879,47991,7,0.03368634,0.9994358
276,6,24021956,0.99842859,0.00140551,0.00494832,0.0,0.00012937,0.41881887,0.0,0.57469793,16255,7,0.02222366,0.9996405
276,7,24021957,0.99840195,0.00140875,0.00384363,0.0,0.00010092,0.37458973,0.0,0.62005696,7551,7,0.04007344,0.9996404
276,8,24021958,0.99819606,0.00155116,0.00553633,0.0,0.00013098,0.37757019,0.0,0.61521134,8191,7,0.02482664,0.9996404
276,9,24021959,0.99839989,0.00143357,0.00403846,0.0,0.00010437,0.45230905,0.0,0.54211455,32255,7,0.04017966,0.9996404
276,10,24021960,0.9975621,0.00265015,0.00671795,0.0,7.135e-05,0.41333601,0.0,0.57722454,31743,7,0.0284133,0.9994608
277,1,24021981,0.98494766,0.03724616,0.00466598,0.0,0.00116055,0.95692594,0.0,1.37e-06,56402,6,0.26744052,3.3177207
277,2,24021982,0.99324232,0.01707513,0.00690991,0.0,0.00131453,0.92447361,0.0,0.05022682,52291,6,0.10000495,3.3170912
277,3,24021983,0.99738735,0.00794374,0.0029503,0.0,0.00056736,0.83296411,0.0,0.15557449,24210,6,0.12941124,3.3171827
277,4,24021984,0.9936779,0.01520915,0.00057456,0.0,0.00152939,0.81805622,0.0,0.16463068,44563,6,0.12880557,3.3177207
277,5,24021985,0.9910447,0.01914093,0.00216277,0.0,0.00392262,0.94533068,0.0,0.029443,8428,6,0.14494212,3.3169582
277,6,24021986,0.99254013,0.01748583,0.0042008,0.0,0.0008437,0.92803942,0.0,0.04943025,23885,6,0.31649584,3.3177706
277,7,24021987,0.99492106,0.01395609,0.0027553,0.0,0.000626,0.97657942,0.0,0.00608319,50636,6,0.140607,3.3177207
277,8,24021988,0.9992434,0.00092403,5.51e-06,0.0,1.168e-05,0.99905698,0.0,1.79e-06,11596,6,0.14052457,3.3176208
277,9,24021989,0.96527561,0.09411452,0.00232652,0.0,0.00242953,0.87975414,0.0,0.0213753,54722,6,0.21549333,3.3177207
277,10,24021990,0.99591492,0.01213539,0.0011089,0.0,0.0004868,0.98626586,0.0,3.05e-06,50389,6,0.2033462,3.3177207
278,1,24022011,0.998339,0.00018173,0.0,1.922e-05,6.73e-06,0.99979073,1.54e-06,5e-08,36879,6,0.04051199,0.9989272
278,2,24022012,0.99846012,0.00017536,0.0,1.927e-05,5.92e-06,0.9997979,1.55e-06,1e-08,57549,6,0.069392,0.9991269
278,3,24022013,0.99847145,0.00015869,0.0,1.918e-05,5.88e-06,0.99981468,1.51e-06,5e-08,28365,6,0.03663726,0.9990767
278,4,24022014,0.99846894,0.00016999,0.0,1.92e-05,5.98e-06,0.9998029,1.55e-06,3.9e-07,57549,6,0.05577023,0.9991269
278,5,24022015,0.99838893,0.00016179,0.0,1.907e-05,6.19e-06,0.99981129,1.56e-06,1e-07,33625,6,0.05350504,0.9989272
278,6,24022016,0.99836178,0.0001784,0.0,1.929e-05,6.86e-06,0.99979371,1.55e-06,1.9e-07,25709,6,0.05258871,0.9990769
278,7,24022017,0.99837844,0.00016553,0.0,1.908e-05,5.95e-06,0.99980781,1.58e-06,4e-08,33485,6,0.04265786,0.9989268
278,8,24022018,0.99838445,0.00017558,0.0,1.936e-05,5.69e-06,0.99979725,1.58e-06,5.4e-07,37067,6,0.04328901,0.9989268
278,9,24022019,0.99846583,0.00015469,0.0,1.911e-05,5.32e-06,0.99981932,1.53e-06,3e-08,14297,6,0.05934091,0.9991268
278,10,24022020,0.99838296,0.00016121,0.0,1.915e-05,6.2e-06,0.99981168,1.54e-06,2.2e-07,44441,6,0.04260877,0.998927
279,1,24022041,0.94079378,0.11860635,0.04428675,0.0,0.06422202,0.08228291,0.0245662,0.66603576,53029,7,0.12693428,1.9003188
279,2,24022042,0.93550353,0.1304971,0.04180185,0.0,0.09525564,0.00214587,0.0176572,0.71264234,44941,7,0.05547578,1.9002389
279,3,24022043,0.95027534,0.1026023,0.0219883,0.0,0.05361988,0.07363269,0.02026424,0.72789259,16301,7,0.16857111,1.9001889
279,4,24022044,0.90531901,0.18162993,0.05276103,0.0,0.12297298,0.04862905,0.03443161,0.55957539,12077,7,0.11632254,1.9003188
279,5,24022045,0.93418565,0.1335113,0.03701975,0.0,0.07728967,0.06644503,0.02625499,0.65947926,16301,7,0.13877223,1.9001889
279,6,24022046,0.92716066,0.1386915,0.04690827,0.0,0.09394207,0.10328444,0.02916914,0.58800458,24109,7,0.06672605,1.9000389
279,7,24022047,0.94939105,0.10157961,0.05512996,0.0,0.05510689,0.18681275,0.01574811,0.58562267,16301,7,0.09180036,1.9001889
279,8,24022048,0.90547736,0.19053772,0.05385114,0.0,0.12337529,0.12835503,0.02976885,0.47411197,15885,7,0.0785072,1.900039
279,9,24022049,0.93188276,0.14661272,0.03817961,0.0,0.0890697,0.11256758,0.02062977,0.59294062,57125,7,0.10186157,1.9003438
279,10,24022050,0.92939844,0.14107478,0.03156585,0.0,0.0940553,0.09544337,0.0240472,0.61381349,24365,7,0.09666192,1.9003688
280,1,24022071,0.93468987,0.08075411,0.01211016,0.0,0.03172769,0.0,0.01281892,0.86258912,24322,7,0.10291469,1.3131263
280,2,24022072,0.88062768,0.15719343,0.01937765,0.0,0.06064543,0.0,0.022919,0.73986449,18957,7,0.14469179,1.3129389
280,3,24022073,0.88382931,0.14411862,0.01911279,0.0,0.06336342,0.0,0.023699,0.74970617,19211,7,0.16682501,1.3131513
280,4,24022074,0.94172702,0.07266025,0.00919511,0.0,0.0341249,0.0,0.01197258,0.87204715,19971,7,0.20674716,1.3128391
280,5,24022075,0.96524159,0.04170141,0.00499523,0.0,0.01682692,0.0,0.0064862,0.92999024,19338,7,0.19232518,1.3128889
280,6,24022076,0.90706193,0.11593377,0.01670186,0.0,0.05228909,0.0,0.01965497,0.79542031,19338,7,0.19630733,1.3128889
280,7,24022077,0.89633502,0.12931406,0.01760624,0.0,0.05289242,0.0,0.02081337,0.77937391,19210,7,0.08603328,1.3130514
280,8,24022078,0.91142845,0.10823045,0.01436006,0.0,0.04827515,0.0,0.0160495,0.81308485,18947,7,0.13328389,1.312839
280,9,24022079,0.94699032,0.07069993,0.0085929,0.0,0.02676902,0.0,0.00791905,0.88601909,19211,7,0.12663489,1.3131513
280,10,24022080,0.90365675,0.11619579,0.01618992,0.0,0.05495899,0.0,0.0166272,0.79602809,24324,7,0.10385689,1.3131263
281,1,24022101,0.9986086,0.00019811,0.0,1.517e-05,1.932e-05,0.47099345,0.0,0.52877395,55431,6,0.04579722,0.9984292
281,2,24022102,0.99852893,0.00016598,0.0,1.518e-05,1.352e-05,0.76302004,0.0,0.23678526,64555,6,0.05788742,0.9991766
281,3,24022103,0.99863666,0.00019506,0.0,1.512e-05,1.926e-05,0.47328625,0.0,0.52648432,56287,7,0.03302309,0.9993766
281,4,24022104,0.99858159,0.0001849,0.0,1.518e-05,1.763e-05,0.6051049,0.0,0.39467738,6553,6,0.05089931,0.9989769
281,5,24022105,0.99865682,0.00017727,0.0,1.525e-05,1.675e-05,0.54379513,0.0,0.4559956,40217,6,0.04747906,0.9991765
281,6,24022106,0.99858555,0.00017968,0.0,1.516e-05,1.757e-05,0.61299674,0.0,0.38679085,34809,6,0.04797718,0.9989767
281,7,24022107,0.99859368,0.00019565,0.0,1.528e-05,1.723e-05,0.54723168,0.0,0.45254017,40653,6,0.0235946,0.9989764
281,8,24022108,0.99861759,0.00018529,0.0,1.528e-05,1.716e-05,0.60842564,0.0,0.39135662,15257,6,0.04471853,0.9988652
281,9,24022109,0.9985133,0.0001818,0.0,1.517e-05,1.627e-05,0.64181591,0.0,0.35797084,23007,6,0.0302928,0.9993765
281,10,24022110,0.9985389,0.00017902,0.0,1.521e-05,1.506e-05,0.63640886,0.0,0.36338185,16121,6,0.05109055,0.9985541
282,1,24022131,0.99063109,0.05525875,0.15019239,0.0,0.00415245,0.75305889,0.0,0.03733752,9874,6,0.3123345,3.551902
282,2,24022132,0.96382476,0.24323697,0.74647912,0.0,0.01027838,5.39e-06,0.0,1.5e-07,47867,4,0.74646545,3.5515921
282,3,24022133,0.96276001,0.2505282,0.73948674,0.0,0.00997947,5.45e-06,0.0,1.5e-07,47355,4,0.70282784,3.5515922
282,4,24022134,0.9647981,0.23532976,0.7020148,0.0,0.00781503,0.05484022,0.0,1.9e-07,47355,4,0.19569507,3.5515922
282,5,24022135,0.96459216,0.23004703,0.75638943,0.0,0.01355802,5.38e-06,0.0,1.4e-07,47867,4,0.75637838,3.5515921
282,6,24022136,0.98990473,0.06497984,0.18321625,0.0,0.00191892,0.73426592,0.0,0.01561908,14243,6,0.1376962,3.5514672
282,7,24022137,0.99229007,0.04604114,0.13390861,0.0,0.0028685,0.73121639,0.0,0.08596536,42891,6,0.14000568,3.5521019
282,8,24022138,0.96557688,0.22316317,0.61869005,0.0,0.00894833,0.14919793,0.0,5.2e-07,47291,4,0.60937032,3.551592
282,9,24022139,0.98390408,0.10210456,0.27903459,0.0,0.00520311,0.58949532,0.0,0.02416243,14218,6,0.09362946,3.552002
282,10,24022140,0.98312724,0.10804354,0.29495718,0.0,0.00315957,0.58428842,0.0,0.00955129,23011,4,0.12724946,3.5514672
283,1,24022161,0.78858293,0.04255328,0.00712252,0.14507695,0.0132734,0.70935831,0.08261552,3e-08,38985,6,0.08044509,0.999123
283,2,24022162,0.83742527,0.03577028,0.00461808,0.07462887,0.03057584,0.77644872,0.06695387,0.01100434,33355,6,0.07565745,0.9991234
283,3,24022163,0.80123558,0.04183975,0.00661159,0.10266461,0.0109863,0.75520297,0.07960004,0.00309473,32797,6,0.05823739,0.9986473
283,4,24022164,0.7998582,0.03558916,0.00541453,0.19179741,0.00471493,0.66690068,0.06872535,0.02685794,36873,6,0.05109963,0.9991234
283,5,24022165,0.81655727,0.0367837,0.00534803,0.10699305,0.0237835,0.75804839,0.06904323,1e-07,8016,2,0.05863455,0.4994475
283,6,24022166,0.81861035,0.03419192,0.00475895,0.13607132,0.00959057,0.74208697,0.07262303,0.00067723,34891,6,0.0552606,0.999123
283,7,24022167,0.77368873,0.04975684,0.00714587,0.06280662,0.0215204,0.73070839,0.11503348,0.0130284,37131,6,0.04826593,0.9986473
283,8,24022168,0.7510635,0.05095045,0.01023879,0.11655829,0.01592302,0.68516635,0.1211629,2.1e-07,38169,6,0.04108045,0.9993233
283,9,24022169,0.83711305,0.03340519,0.00454833,0.10594387,0.00653619,0.77692466,0.07264175,2e-08,6553,6,0.11122096,0.9991235
283,10,24022170,0.75480074,0.05094204,0.0090852,0.11633617,0.0181919,0.68521174,0.12023291,5e-08,32975,6,0.05793735,0.9991232
284,1,24022191,0.99748693,0.00542923,0.02306444,0.0,0.00065355,0.12343275,0.0,0.84742003,46975,7,0.0389637,0.9998423
284,2,24022192,0.99668452,0.00660225,0.02806797,0.0,0.00163192,0.13056343,0.0,0.83313443,64503,7,0.02152564,0.9997135
284,3,24022193,0.99646818,0.00766684,0.0305997,0.0,0.00170231,0.12780263,0.0,0.83222851,48767,7,0.02739398,0.9996847
284,4,24022194,0.9964256,0.00738078,0.02702315,0.0,0.0013861,0.20641484,0.0,0.75779513,36343,7,0.02664361,0.9998089
284,5,24022195,0.99722096,0.00534955,0.02828168,0.0,0.00117038,0.13748124,0.0,0.82771715,43903,7,0.02711286,0.9997635
284,6,24022196,0.99679421,0.00609101,0.02746923,0.0,0.00194709,0.13454224,0.0,0.82995042,23935,7,0.02228305,0.9998423
284,7,24022197,0.99668486,0.00652962,0.03355878,0.0,0.00185344,0.12702211,0.0,0.83103605,48503,7,0.0278694,0.9998173
284,8,24022198,0.99684812,0.00636027,0.0202454,0.0,0.00116813,0.17334878,0.0,0.79887741,3967,7,0.03296766,0.9997923
284,9,24022199,0.99662393,0.00684083,0.02400839,0.0,0.00193937,0.11739796,0.0,0.84981346,65495,7,0.0283612,0.9998173
284,10,24022200,0.99673289,0.00668762,0.03333533,0.0,0.00103256,0.11100338,0.0,0.8479411,20471,7,0.06259685,0.9997923
285,1,24022221,0.99688514,0.00413207,0.00056333,0.0,0.00201487,0.83843604,0.0,0.15485369,8884,6,0.29117691,2.8246539
285,2,24022222,0.99108826,0.01407415,0.00338996,0.0,0.00555292,0.84952241,0.0,0.12746056,15444,6,0.17308862,2.8247288
285,3,24022223,0.98281013,0.03019876,0.00951814,0.0,0.00818807,0.86296602,0.0,0.08912901,52291,6,0.11618849,2.8242228
285,4,24022224,0.98312725,0.03916217,0.00841868,0.0,0.00923882,0.81757016,0.0,0.12561017,52436,6,0.07815215,2.8242893
285,5,24022225,0.9882412,0.02597113,0.00783014,0.0,0.00474273,0.89276494,0.0,0.06869107,8436,6,0.22756054,2.8246539
285,6,24022226,0.99376373,0.0087396,0.00131429,0.0,0.00373944,0.96757903,0.0,0.01862763,19524,6,0.29126427,2.8240897
285,7,24022227,0.99141553,0.01670867,0.0073102,0.0,0.00404749,0.69999116,0.0,0.27194247,51083,6,0.10136965,2.8248537
285,8,24022228,0.98579947,0.0331068,0.00537399,0.0,0.00669344,0.78444137,0.0,0.17038439,8421,6,0.30171426,2.8241396
285,9,24022229,0.99547804,0.0079552,0.00078478,0.0,0.00190607,0.98399148,0.0,0.00536248,8885,6,0.40413116,2.8247038
285,10,24022230,0.98803704,0.02933295,0.00754375,0.0,0.00655246,0.65976314,0.0,0.2968077,8436,6,0.2687663,2.8246539
286,1,24022251,0.9982864,0.00016462,0.0,2.073e-05,5.77e-06,0.99980727,1.53e-06,7e-08,15865,6,0.04875263,0.9990696
286,2,24022252,0.9982885,0.00018121,0.0,2.071e-05,6.86e-06,0.99978938,1.55e-06,2.8e-07,62477,6,0.05171339,0.9990696
286,3,24022253,0.99836299,0.00017746,0.0,2.082e-05,6.94e-06,0.99300359,1.51e-06,0.00678969,40953,6,0.05302893,0.9990697
286,4,24022254,0.99840148,0.00014923,0.0,2.072e-05,5.61e-06,0.99982293,1.5e-06,2e-08,30201,6,0.10976817,0.9990695
286,5,24022255,0.99840098,0.00018429,0.0,2.085e-05,7.08e-06,0.99558554,1.51e-06,0.00420074,32025,6,0.03693445,0.9990695
286,6,24022256,0.99837354,0.00019003,0.0,2.084e-05,6.94e-06,0.99978056,1.55e-06,8e-08,24781,6,0.04246367,0.9990194
286,7,24022257,0.99831071,0.00015735,0.0,2.084e-05,5.33e-06,0.9998149,1.52e-06,7e-08,37271,6,0.06346301,0.9990194
286,8,24022258,0.99831638,0.00015884,0.0,2.079e-05,5.68e-06,0.99981314,1.5e-06,5e-08,62507,6,0.06106253,0.9990696
286,9,24022259,0.99831898,0.00017443,0.0,2.076e-05,5.84e-06,0.99979743,1.51e-06,4e-08,62763,6,0.03255825,0.9983397
286,10,24022260,0.99843666,0.00017022,0.0,2.07e-05,6.75e-06,0.99980018,1.5e-06,6.5e-07,25705,6,0.0846483,0.9988198
287,1,24022281,0.99944454,0.00022431,1.224e-05,0.0,1.142e-05,0.9997518,0.0,2.3e-07,11715,6,0.18756713,2.8223374
287,2,24022282,0.99489306,0.01226259,0.00281523,0.0,0.00376441,0.86851973,0.0,0.11263804,24005,6,0.08222723,2.8224123
287,3,24022283,0.9977106,0.00411048,0.00044089,0.0,0.00105559,0.93254282,0.0,0.06185021,54011,6,0.4403644,2.8229013
287,4,24022284,0.99406879,0.01461075,0.00208506,0.0,0.0024711,0.9808283,0.0,4.8e-06,11714,6,0.25169752,2.8222374
287,5,24022285,0.99704178,0.00478768,0.00266221,0.0,0.00317076,0.88894089,0.0,0.10043846,55547,6,0.46230163,2.8225373
287,6,24022286,0.99894565,0.00231382,4.627e-05,0.0,0.00055231,0.99708729,0.0,3.1e-07,23637,6,0.17408807,2.8228014
287,7,24022287,0.99445802,0.01254097,0.00407174,0.0,0.00370331,0.8892987,0.0,0.09038528,56771,6,0.09809962,2.8224373
287,8,24022288,0.9991255,0.00191192,0.00027122,0.0,8.875e-05,0.99772783,0.0,2.8e-07,15684,6,0.42760648,2.8227765
287,9,24022289,0.9911709,0.01726451,0.00480175,0.0,0.0069189,0.90363952,0.0,0.06737532,51077,6,0.10011565,2.8228014
287,10,24022290,0.99182424,0.0196151,0.00535026,0.0,0.00613804,0.86042258,0.0,0.10847403,46749,6,0.16590344,2.8229014
288,1,24022311,0.34660385,0.49381413,0.06423749,0.0,0.13790535,0.0,0.1960213,0.10802173,23183,7,0.08378244,0.9992428
288,2,24022312,0.37408644,0.4677233,0.06613649,0.0,0.13025277,0.0,0.19226496,0.14362248,23175,7,0.09462846,0.9991679
288,3,24022313,0.35724943,0.47810308,0.06631414,0.0,0.13692907,0.0,0.19281739,0.12583631,19087,7,0.04020817,0.9991929
288,4,24022314,0.35527828,0.48536479,0.06734736,0.0,0.13294552,0.0,0.19640115,0.11794118,24207,7,0.0259377,0.9990906
288,5,24022315,0.30830124,0.51987503,0.07135722,0.0,0.14803512,0.0,0.2073781,0.05335455,19079,7,0.01251629,0.999093
288,6,24022316,0.31235403,0.51822057,0.07025899,0.0,0.14894388,0.0,0.2075278,0.05504877,19087,7,0.01910295,0.9991929
288,7,24022317,0.34274442,0.47254195,0.06608952,0.0,0.12909313,0.0,0.2214576,0.1108178,19087,7,0.04870567,0.9991929
288,8,24022318,0.36329241,0.47988628,0.06485441,0.0,0.13348865,0.0,0.19566888,0.12610178,19079,7,0.06173682,0.999093
288,9,24022319,0.42085858,0.4247697,0.05518994,0.0,0.12106612,0.0,0.18244562,0.21652862,24199,7,0.07351509,0.9990157
288,10,24022320,0.36087095,0.47153903,0.06459364,0.0,0.13105571,0.0,0.20060767,0.13220394,23175,7,0.07015571,0.9991679
289,1,24022341,0.99886046,0.00021711,0.0,9.5e-07,2.216e-05,0.56662642,0.0,0.43313337,44927,7,0.04058354,0.9995095
289,2,24022342,0.99885956,0.00021686,0.0,9.4e-07,2.316e-05,0.55368845,0.0,0.44607059,39799,7,0.02220639,0.9992144
289,3,24022343,0.99885133,0.00022489,0.0,9.2e-07,2.492e-05,0.46971219,0.0,0.53003708,32759,7,0.03926325,0.9994845
289,4,24022344,0.99878559,0.00032246,0.0,9.4e-07,2.202e-05,0.45315973,0.0,0.54649486,58553,6,0.02823449,0.9986198
289,5,24022345,0.99877687,0.00021258,0.0,9.2e-07,2.033e-05,0.56110723,0.0,0.43865894,64825,6,0.03288785,0.9993095
289,6,24022346,0.99868456,0.00058695,0.0,9.3e-07,2.281e-05,0.48979615,0.0,0.50959316,24575,7,0.04376448,0.9995095
289,7,24022347,0.99881269,0.0002677,0.0,9.5e-07,2.03e-05,0.59911052,0.0,0.40060054,15807,6,0.0317233,0.9995094
289,8,24022348,0.99887163,0.00022479,0.0,9.2e-07,2.515e-05,0.4935419,0.0,0.50620724,36343,7,0.03129526,0.9994761
289,9,24022349,0.99881941,0.00020898,0.0,9.6e-07,2.055e-05,0.58201401,0.0,0.4177555,13689,6,0.09235736,0.9987832
289,10,24022350,0.9988315,0.00035986,0.0,9.4e-07,2.407e-05,0.39685912,0.0,0.602756,47095,7,0.04410614,0.9994845
290,1,24022371,0.99943884,0.00023277,4.05e-06,0.0,1.003e-05,0.99975288,0.0,2.7e-07,19548,6,0.24237075,3.6548882
290,2,24022372,0.99555095,0.01560479,0.00734983,0.0,0.00075919,0.89939735,0.0,0.07688884,42197,6,0.10864108,3.6549881
290,3,24022373,0.98515655,0.0513003,0.01652288,0.0,0.00104431,0.87659026,0.0,0.05454225,8884,6,0.12898924,3.6548882
290,4,24022374,0.98992855,0.04008504,0.01767298,0.0,0.00052545,0.94100898,0.0,0.00070755,22413,6,0.12966261,3.6550381
290,5,24022375,0.99899554,0.00165293,0.00062887,0.0,1.308e-05,0.99770468,0.0,4.5e-07,21963,6,0.14689061,3.6550381
290,6,24022376,0.9994241,0.00022209,4.04e-06,0.0,1.071e-05,0.9997629,0.0,2.6e-07,46277,6,0.184983,3.6543328
290,7,24022377,0.9994405,0.00021128,4.07e-06,0.0,8.75e-06,0.99977575,0.0,1.5e-07,9666,6,0.35570737,3.6548882
290,8,24022378,0.99942553,0.00021503,3.99e-06,0.0,1.037e-05,0.99977039,0.0,2.3e-07,17860,6,0.23275118,3.6548882
290,9,24022379,0.99945965,0.00020518,4.25e-06,0.0,9.95e-06,0.99978043,0.0,2e-07,42443,6,0.41055241,3.6550881
290,10,24022380,0.99944173,0.00021677,3.95e-06,0.0,1.075e-05,0.99976832,0.0,2.1e-07,17867,6,0.1625703,3.6549881
291,1,24022401,0.99834216,0.00017688,0.0,1.477e-05,6.28e-06,0.99980013,1.66e-06,2.9e-07,37849,6,0.0471059,0.9991591
291,2,24022402,0.99577751,0.00018178,0.0,0.00528025,6.65e-06,0.99452916,1.63e-06,5.3e-07,32847,6,0.07654233,0.9989593
291,3,24022403,0.99832404,0.00017105,0.0,1.447e-05,6.19e-06,0.99980648,1.61e-06,2.1e-07,10375,6,0.1235894,0.9982695
291,4,24022404,0.998237,0.00018329,0.0,1.527e-05,6.84e-06,0.99979221,1.7e-06,6.9e-07,40345,6,0.03986146,0.9991592
291,5,24022405,0.99836706,0.00017933,0.0,1.476e-05,6.23e-06,0.99979787,1.63e-06,1.7e-07,10375,6,0.06696007,0.9982695
291,6,24022406,0.99830344,0.00017196,0.0,1.472e-05,5.09e-06,0.99980658,1.6e-06,6e-08,52057,6,0.04128708,0.9989591
291,7,24022407,0.99838632,0.00018414,0.0,1.493e-05,6.14e-06,0.99875828,1.66e-06,0.00103484,37273,6,0.07608403,0.9991591
291,8,24022408,0.86231398,0.00021844,0.0,0.38182659,6.43e-06,0.61794671,1.62e-06,2.1e-07,29880,2,0.05418384,0.6655078
291,9,24022409,0.99833159,0.00016288,0.0,1.474e-05,5.33e-06,0.99981538,1.62e-06,5e-08,39049,6,0.09358183,0.9989595
291,10,24022410,0.99835586,0.00018404,0.0,1.491e-05,5.96e-06,0.99979332,1.63e-06,1.4e-07,33801,6,0.09295547,0.9989593
292,1,24022431,0.96101812,0.08356443,0.01083845,0.00076239,0.08917519,0.0,0.05202602,0.76363352,12205,7,0.09986481,1.3227986
292,2,24022432,0.96846815,0.06375319,0.00651253,1.1e-07,0.0624099,0.0,0.0462645,0.82105978,53165,7,0.15294384,1.3229484
292,3,24022433,0.96545704,0.07483823,0.00750084,0.00035602,0.06488363,0.0,0.0465073,0.80591399,16301,7,0.19124054,1.3228985
292,4,24022434,0.95549376,0.09105643,0.01179778,0.00066526,0.09724017,0.0,0.06072854,0.73851183,15917,7,0.14172019,1.3227486
292,5,24022435,0.94674399,0.1206977,0.01214663,0.0004295,0.11951412,0.0,0.06703874,0.68017332,16165,7,0.09815861,1.322913
292,6,24022436,0.96368258,0.07867265,0.0069351,0.00020519,0.06329534,0.0,0.04950461,0.80138711,53165,7,0.14679452,1.3229484
292,7,24022437,0.96428986,0.08088591,0.00596803,0.00034952,0.0830432,0.0,0.04389996,0.78585338,44813,7,0.118134,1.323013
292,8,24022438,0.95585426,0.09851121,0.00855529,8e-08,0.08730047,0.0,0.05883333,0.74679962,20261,7,0.08121274,1.3228631
292,9,24022439,0.95398307,0.10373091,0.01056928,7e-08,0.09914,0.0,0.05391769,0.73264206,12173,7,0.11961861,1.3227986
292,10,24022440,0.9562855,0.10241799,0.00797294,0.00021531,0.10534954,0.0,0.04948879,0.73455543,24357,7,0.12078708,1.322913
293,1,24022461,0.95110446,0.07576283,0.0127864,0.0,0.03090352,0.41492526,0.00504686,0.46057513,20228,7,0.07822433,2.0066217
293,2,24022462,0.94902387,0.07982707,0.0139636,0.0,0.03016496,0.59344021,0.00750981,0.27509435,24322,7,0.07094962,2.0066966
293,3,24022463,0.97235432,0.041836,0.0077551,0.0,0.01476265,0.60112214,0.00298633,0.33153778,24355,6,0.12538832,2.0067216
293,4,24022464,0.95522936,0.06313433,0.01018405,0.0,0.02488777,0.47306171,0.00719631,0.42153583,23044,7,0.11178836,2.0063206
293,5,24022465,0.96791613,0.05080891,0.01128696,0.0,0.02143712,0.44264682,0.00413875,0.46968144,19203,7,0.12232543,2.0066716
293,6,24022466,0.95922773,0.06496542,0.0143939,0.0,0.02035342,0.64066255,0.00558249,0.25404223,20003,6,0.16140604,2.0062707
293,7,24022467,0.95420823,0.06655471,0.01174649,0.0,0.02542494,0.24505987,0.00632558,0.6448884,24323,7,0.13212529,2.0067216
293,8,24022468,0.95933373,0.05935044,0.00896791,0.0,0.02145918,0.45050371,0.00698603,0.45273274,19979,7,0.08645623,2.0063706
293,9,24022469,0.95632948,0.07069982,0.008733,0.0,0.02289163,0.60017678,0.00665469,0.29084408,23042,7,0.09533931,2.0063206
293,10,24022470,0.94758105,0.07603397,0.01441889,0.0,0.02955786,0.66131217,0.01010627,0.20857084,18053,6,0.10271048,2.0062708
294,1,24022491,0.99844212,0.00018,0.0,1.936e-05,1.74e-05,0.59750149,0.0,0.40228175,64825,6,0.03906148,0.9990878
294,2,24022492,0.9984098,0.00017577,0.0,1.93e-05,1.575e-05,0.61874815,0.0,0.38104103,59673,6,0.04472801,0.9988879
294,3,24022493,0.99835019,0.00016825,0.0,1.928e-05,1.569e-05,0.72932794,0.0,0.27046884,32121,6,0.04343968,0.9990876
294,4,24022494,0.99844746,0.00018018,0.0,1.926e-05,1.858e-05,0.65210691,0.0,0.34767507,62329,6,0.03419007,0.9987321
294,5,24022495,0.99842664,0.00018543,0.0,1.923e-05,1.735e-05,0.58147658,0.0,0.41830141,31191,6,0.02981083,0.9991628
294,6,24022496,0.9983393,0.00017096,0.0,1.922e-05,1.391e-05,0.69475999,0.0,0.30503593,20471,7,0.05057166,0.9992379
294,7,24022497,0.99842234,0.0001852,0.0,1.936e-05,1.743e-05,0.56663715,0.0,0.43314087,62777,6,0.03016296,0.999088
294,8,24022498,0.9983756,0.00017653,0.0,1.93e-05,1.639e-05,0.67837429,0.0,0.32141349,63693,6,0.03808444,0.9990877
294,9,24022499,0.99845561,0.00017476,0.0,1.923e-05,1.785e-05,0.65893122,0.0,0.34085695,62025,6,0.02738784,0.9990879
294,10,24022500,0.99835232,0.00016423,0.0,1.936e-05,1.53e-05,0.73838699,0.0,0.26141412,31161,6,0.05096014,0.9987321
295,1,24022521,0.99946719,0.00020437,3.99e-06,0.0,6.98e-06,0.99978453,0.0,1.3e-07,23883,6,0.54340635,3.5120289
295,2,24022522,0.99754703,0.0103716,0.00184119,0.0,1.225e-05,0.95580458,0.0,0.03197038,13530,6,0.39208537,3.5119789
295,3,24022523,0.99937307,0.00023323,4.26e-06,0.0,1.278e-05,0.99974951,0.0,2.2e-07,52309,6,0.17382707,3.5119789
295,4,24022524,0.99879976,0.00352349,0.00483051,0.0,7.277e-05,0.93365407,0.0,0.05791916,22164,6,0.14857394,3.5119539
295,5,24022525,0.99829397,0.00495821,0.0015794,0.0,0.0001212,0.99334069,0.0,4.9e-07,54474,6,0.23031145,3.5113771
295,6,24022526,0.98962548,0.04546999,0.02432976,0.0,0.0019068,0.76318069,0.0,0.16511276,56845,7,0.0786363,3.5114769
295,7,24022527,0.99943535,0.00022278,4.11e-06,0.0,1.15e-05,0.99976142,0.0,1.9e-07,56651,6,0.34922738,3.5120789
295,8,24022528,0.99942166,0.00021258,4.23e-06,0.0,1.207e-05,0.99977091,0.0,2.1e-07,9675,6,0.20969587,3.5119789
295,9,24022529,0.9901993,0.0334798,0.01522782,0.0,0.00969339,0.92910486,0.0,0.01249413,47012,6,0.11492945,3.5114271
295,10,24022530,0.99942992,0.00022698,4.1e-06,0.0,1.218e-05,0.99975653,0.0,2.1e-07,15692,6,0.12950348,3.5119789
296,1,24022551,0.6739821,0.08083739,0.0182497,0.17823814,0.02775391,0.50480486,0.16480697,0.02530903,32777,6,0.0881773,0.999225
296,2,24022552,0.61120241,0.08605293,0.01775573,0.1150642,0.03245778,0.50259757,0.23162083,0.01445097,36877,6,0.0531761,0.999225
296,3,24022553,0.63446021,0.09231228,0.02410604,0.07524014,0.02353329,0.544043,0.2302022,0.01056305,8479,6,0.06401199,0.9978901
296,4,24022554,0.56450535,0.09787366,0.02398641,0.14110495,0.03353066,0.44579113,0.25043335,0.00727984,32845,6,0.05667123,0.9992249
296,5,24022555,0.6465473,0.08328031,0.01930938,0.1960377,0.03814352,0.48091184,0.1601308,0.02218645,23377,2,0.04843427,0.4996372
296,6,24022556,0.6645215,0.08931318,0.01722441,0.0862512,0.02372197,0.56281774,0.196107,0.02456451,34893,6,0.05065171,0.9992246
296,7,24022557,0.66251749,0.07727872,0.01794746,0.11741968,0.02613062,0.5276669,0.19123657,0.04232004,36943,6,0.08532062,0.999225
296,8,24022558,0.57826594,0.08908695,0.01550227,0.21775313,0.02814844,0.4183495,0.21448791,0.0166718,18567,6,0.03770079,0.9988004
296,9,24022559,0.66028964,0.08769919,0.01595192,0.07397286,0.02435946,0.56734649,0.20716616,0.02350392,33033,6,0.09088708,0.9988504
296,10,24022560,0.6221267,0.08215371,0.01782016,0.23270312,0.02452166,0.44049717,0.1941689,0.00813528,24398,2,0.05119012,0.6661053
297,1,24022581,0.99788047,0.00295829,0.01117775,0.0,0.00020874,0.38066785,0.0,0.60498736,30711,7,0.03130316,0.9996749
297,2,24022582,0.99766264,0.00301278,0.01545973,0.0,0.00026933,0.23683606,0.0,0.7444221,3967,7,0.02252536,0.9996499
297,3,24022583,0.9975811,0.0031339,0.02089018,0.0,0.00031177,0.25482949,0.0,0.72083466,38263,7,0.02715986,0.9996499
297,4,24022584,0.99746653,0.00288386,0.02091327,0.0,0.00092339,0.36175787,0.0,0.61352162,60823,6,0.01654812,0.9995333
297,5,24022585,0.99791036,0.00240553,0.02443733,0.0,0.00030604,0.35028842,0.0,0.62256268,16375,7,0.02964496,0.9996749
297,6,24022586,0.99751836,0.00302846,0.01434788,0.0,0.00033067,0.29513767,0.0,0.68715532,30015,6,0.02374789,0.9996999
297,7,24022587,0.9975757,0.00316068,0.02374829,0.0,0.00043114,0.31697681,0.0,0.65568308,64831,6,0.02682404,0.9996999
297,8,24022588,0.99794068,0.00208644,0.02329138,0.0,0.00047643,0.3461571,0.0,0.62798865,7575,6,0.03028313,0.999475
297,9,24022589,0.99710399,0.00387344,0.01773913,0.0,0.00070006,0.29333495,0.0,0.68435243,36727,7,0.03498162,0.9996666
297,10,24022590,0.99677088,0.00427336,0.02257001,0.0,0.00056351,0.246654,0.0,0.72593913,65375,7,0.02452156,0.9996999
298,1,24022611,0.9911931,0.02062147,0.00322234,0.0,0.00400313,0.85491674,0.0,0.11723631,11779,6,0.07654954,3.3653189
298,2,24022612,0.99634057,0.00730233,0.00161212,0.0,0.00167476,0.96696196,0.0,0.02244883,11586,6,0.17574051,3.3659413
298,3,24022613,0.99833683,0.00196921,0.00052403,0.0,0.00075963,0.98677249,0.0,0.00997464,56403,6,0.21906256,3.3660662
298,4,24022614,0.9982393,0.00357452,4.583e-05,0.0,0.00031312,0.99606624,0.0,3e-07,19547,6,0.23752087,3.3660412
298,5,24022615,0.99321816,0.01243286,0.00198838,0.0,0.00152064,0.96145067,0.0,0.02260745,23642,6,0.28854286,3.3660412
298,6,24022616,0.9970994,0.00618668,0.00086969,0.0,0.00063059,0.78457675,0.0,0.20773629,24355,6,0.10997865,3.3660411
298,7,24022617,0.99048633,0.02226265,0.00217233,0.0,0.00384771,0.77313972,0.0,0.1985776,18949,7,0.11146733,3.3653188
298,8,24022618,0.9936986,0.01253656,0.00183136,0.0,0.00445345,0.95760692,0.0,0.02357171,8429,6,0.20977139,3.3654187
298,9,24022619,0.99925385,0.00082517,5.464e-05,0.0,1.266e-05,0.99910658,0.0,9.6e-07,19669,6,0.11456671,3.3654686
298,10,24022620,0.99494092,0.00894393,0.00358338,0.0,0.00268991,0.88920504,0.0,0.09557774,19780,6,0.08890183,3.3659413
299,1,24022641,0.9981925,0.00017981,0.0,2.089e-05,7.03e-06,0.99979062,1.55e-06,9e-08,39337,6,0.03140274,0.9977332
299,2,24022642,0.9983166,0.00016873,0.0,2.094e-05,5.7e-06,0.99980306,1.54e-06,3e-08,58475,6,0.04041866,0.9990524
299,3,24022643,0.99830441,0.00019169,0.0,2.091e-05,7.21e-06,0.99977857,1.52e-06,9e-08,25867,6,0.02962679,0.9982559
299,4,24022644,0.665034,9.934e-05,0.0,0.99988391,3.45e-06,1.176e-05,1.52e-06,1e-08,62026,2,0.07971884,0.6659192
299,5,24022645,0.99819216,0.00015666,0.0,2.079e-05,5.37e-06,0.99981562,1.52e-06,3e-08,14329,6,0.04268315,0.9990525
299,6,24022646,0.99815985,0.00014657,0.0,2.076e-05,5.33e-06,0.99982572,1.51e-06,1.2e-07,35883,6,0.07804325,0.9988524
299,7,24022647,0.99837294,0.0001774,0.0,2.09e-05,7.16e-06,0.99979293,1.52e-06,9e-08,28685,6,0.03291846,0.9990527
299,8,24022648,0.99825046,0.00014276,0.0,2.093e-05,5.21e-06,0.99982786,1.52e-06,1.71e-06,36345,6,0.06971446,0.9988528
299,9,24022649,0.66512655,9.467e-05,0.0,0.99988892,3.15e-06,1.17e-05,1.54e-06,1e-08,29258,2,0.15143406,0.6659081
299,10,24022650,0.9982613,0.00015807,0.0,2.078e-05,5.42e-06,0.99981231,1.55e-06,1.87e-06,58873,6,0.11102497,0.9988525
300,1,24022671,0.97889693,0.04979044,0.00519073,0.0,0.0207961,0.43994052,0.00538007,0.47890215,48901,7,0.17887542,2.4025844
300,2,24022672,0.97893681,0.04534404,0.00717662,0.0,0.0227151,0.66325899,0.00500215,0.25650311,53037,7,0.06707012,2.4026593
300,3,24022673,0.98490687,0.02956417,0.00542402,0.0,0.02105839,0.71595434,0.00250527,0.22549382,54933,6,0.14467231,2.4025844
300,4,24022674,0.98037222,0.03626294,0.00523113,0.0,0.01677566,0.43963409,0.00601425,0.49608194,44845,7,0.08973441,2.4026593
300,5,24022675,0.98763512,0.02078711,0.0019171,0.0,0.01054148,0.51602546,0.00465073,0.44607812,56237,6,0.15419512,2.4023792
300,6,24022676,0.98767977,0.02621354,0.00312023,0.0,0.01076455,0.75536585,0.00348858,0.20104725,56853,6,0.10543335,2.4025844
300,7,24022677,0.95917823,0.09349801,0.01238116,0.0,0.03605943,0.50532776,0.0127233,0.34001034,24333,7,0.12307726,2.4026093
300,8,24022678,0.98655667,0.02804562,0.00674898,0.0,0.01200298,0.87617288,0.00209984,0.07492969,56861,6,0.17542814,2.4026593
300,9,24022679,0.98575705,0.03235588,0.00535243,0.0,0.01808367,0.68361471,0.00232382,0.25826948,48013,6,0.10044282,2.402379
300,10,24022680,0.98466886,0.02788178,0.00495972,0.0,0.02181794,0.60631823,0.00554569,0.33347664,16293,7,0.16220922,2.4022542
301,1,24022701,0.58715993,0.43627124,0.03286782,0.0,0.1933633,0.0,0.19391504,0.1435826,19079,7,0.04893797,0.999518
301,2,24022702,0.57408354,0.45266088,0.03556979,0.0,0.18184777,0.0,0.2090415,0.12088007,23175,7,0.05139714,0.9995929
301,3,24022703,0.63836273,0.39341518,0.02997555,0.0,0.16084011,0.0,0.2024221,0.21334706,19079,7,0.0965424,0.999518
301,4,24022704,0.61969089,0.39897992,0.0295283,0.0,0.17193215,0.0,0.21152589,0.18803374,19079,7,0.06314496,0.999518
301,5,24022705,0.58128659,0.45595669,0.03479832,0.0,0.17858467,0.0,0.17563482,0.1550255,24207,7,0.0587998,0.999657
301,6,24022706,0.6010021,0.44384542,0.03380637,0.0,0.178265,0.0,0.18991372,0.15416949,24199,7,0.06467122,0.9995822
301,7,24022707,0.573849,0.44652679,0.03291577,0.0,0.18218647,0.0,0.19653638,0.14183458,19079,7,0.0604847,0.999518
301,8,24022708,0.56840407,0.47768078,0.03691503,0.0,0.20417721,0.0,0.18210584,0.09912114,23175,7,0.0278923,0.9995929
301,9,24022709,0.61028544,0.42011835,0.03172414,0.0,0.16834832,0.0,0.20305451,0.17675468,20103,7,0.06442438,0.9995073
301,10,24022710,0.58378782,0.43642513,0.03378211,0.0,0.18589144,0.0,0.20289801,0.14100332,19079,7,0.05766856,0.999518
302,1,24022731,0.99850855,0.00018005,0.0,1.252e-05,1.543e-05,0.67181842,0.0,0.32797359,7609,6,0.07689387,0.9990847
302,2,24022732,0.9986061,0.00019155,0.0,1.244e-05,1.796e-05,0.62632077,0.0,0.37345728,62297,6,0.06643961,0.9991846
302,3,24022733,0.99849486,0.00016759,0.0,1.246e-05,1.339e-05,0.75155272,0.0,0.24825384,24569,6,0.05620109,0.9991846
302,4,24022734,0.99849768,0.00018853,0.0,1.239e-05,1.735e-05,0.70217991,0.0,0.29760181,39385,6,0.04932612,0.9991845
302,5,24022735,0.99861,0.00019542,0.0,1.251e-05,1.902e-05,0.53699706,0.0,0.46277599,6111,6,0.04058481,0.9993844
302,6,24022736,0.99862211,0.00019715,0.0,1.243e-05,1.994e-05,0.45304187,0.0,0.54672862,31743,7,0.02558871,0.999077
302,7,24022737,0.99855622,0.0001671,0.0,1.25e-05,1.373e-05,0.71984949,0.0,0.27995719,7673,6,0.05780834,0.9991845
302,8,24022738,0.99854821,0.00016624,0.0,1.253e-05,1.379e-05,0.76508387,0.0,0.23472358,16249,6,0.06025181,0.9991845
302,9,24022739,0.99863881,0.00019315,0.0,1.254e-05,1.978e-05,0.5246293,0.0,0.47514523,63455,7,0.04030054,0.9993845
302,10,24022740,0.99856752,0.00016647,0.0,1.247e-05,1.451e-05,0.73299228,0.0,0.26681427,62969,6,0.12956649,0.9991844
303,1,24022761,0.98341734,0.09524728,0.2227707,0.0,0.00320538,0.6787748,0.0,1.84e-06,8354,4,0.15725621,3.8659451
303,2,24022762,0.97727304,0.13293002,0.31651395,0.0,0.00038688,0.4628409,0.0,0.08732825,13979,6,0.23520383,3.8668674
303,3,24022763,0.98416157,0.08729233,0.19769766,0.0,0.00670092,0.70412858,0.0,0.0041805,8364,6,0.36702432,3.8659451
303,4,24022764,0.96836613,0.17860444,0.4405879,0.0,0.00779628,0.34752968,0.0,0.0254817,8362,4,0.30033122,3.8659451
303,5,24022765,0.97531877,0.13856723,0.33739041,0.0,0.00467109,0.47320807,0.0,0.04616321,8362,4,0.12769552,3.8659451
303,6,24022766,0.97944902,0.12356755,0.27260082,0.0,0.00154047,0.59213646,0.0,0.0101547,8437,6,0.09641939,3.8667675
303,7,24022767,0.99747047,0.01253538,0.02487077,0.0,0.00010765,0.9271651,0.0,0.0353211,46738,6,0.29747301,3.8668175
303,8,24022768,0.98962416,0.06203487,0.13616648,0.0,0.00071001,0.73783029,0.0,0.06325836,54939,6,0.15271518,3.8669174
303,9,24022769,0.99120204,0.04990232,0.10432119,0.0,0.00131578,0.70292123,0.0,0.14153948,46980,6,0.10979656,3.8668175
303,10,24022770,0.98853167,0.06493652,0.13411639,0.0,0.00174344,0.78154175,0.0,0.0176619,8372,6,0.12337911,3.8667175
304,1,24022791,0.85244142,0.02787186,0.00765382,0.12283768,0.00594896,0.7829841,0.05270355,3e-08,39049,6,0.07706223,0.9990227
304,2,24022792,0.77560891,0.03654663,0.01001225,0.31956579,0.0106569,0.56436855,0.05365277,0.00519712,38952,2,0.09578987,0.6655303
304,3,24022793,0.8948552,0.01411861,0.00535983,0.12395616,0.00449459,0.81308347,0.03864245,0.00034488,36879,6,0.09279276,0.9990226
304,4,24022794,0.84863243,0.03054343,0.00613523,0.17510145,0.00970844,0.74495582,0.03355561,1e-08,61129,6,0.05215924,0.9992223
304,5,24022795,0.78432671,0.03122547,0.01016091,0.30489871,0.00471053,0.60027991,0.04872303,1.43e-06,8014,2,0.07210179,0.6656341
304,6,24022796,0.89307366,0.0175298,0.00787453,0.11302289,0.00351403,0.82382761,0.02718949,0.00704164,32971,6,0.05165702,0.9990223
304,7,24022797,0.89996078,0.02488977,0.00824753,0.05411938,0.00374801,0.82823464,0.03216147,0.04859921,57391,6,0.05995334,0.9989339
304,8,24022798,0.89660013,0.02764789,0.00941156,0.09833746,0.00311863,0.8318845,0.02456165,0.0050383,7577,6,0.14716657,0.9990226
304,9,24022799,0.83371196,0.02489922,0.0064407,0.1984933,0.01053683,0.72338024,0.03624968,2e-08,35855,6,0.07495523,0.9990223
304,10,24022800,0.80038755,0.02518915,0.01189049,0.24493716,0.0137019,0.65198866,0.04786845,0.00442419,37452,2,0.06246793,0.6659558
305,1,24022821,0.99617394,0.01193956,0.03405653,0.0,0.00349459,0.03674594,0.0,0.91376339,53191,7,0.02976613,0.999823
305,2,24022822,0.99601858,0.01250041,0.03799333,0.0,0.00282429,0.02913828,0.0,0.91754369,30671,7,0.02144459,0.9998563
305,3,24022823,0.99626212,0.01145981,0.02698064,0.0,0.0033291,0.02448481,0.0,0.93374564,11647,7,0.03181421,0.9998781
305,4,24022824,0.9964877,0.01044778,0.03479009,0.0,0.00230586,0.01057556,0.0,0.94188072,52863,7,0.03455593,0.9998563
305,5,24022825,0.99695204,0.01039347,0.03922594,0.0,0.00188443,0.03792115,0.0,0.91057501,28415,7,0.02283867,0.9998063
305,6,24022826,0.99743157,0.00815754,0.02425621,0.0,0.00167199,0.0254853,0.0,0.94042896,40951,7,0.03157223,0.9999031
305,7,24022827,0.99648846,0.01204806,0.02504149,0.0,0.00208484,0.03332104,0.0,0.92750457,40927,7,0.03482476,0.9999281
305,8,24022828,0.99693204,0.01007956,0.02569595,0.0,0.00314288,0.01911668,0.0,0.94196493,32127,7,0.03203809,0.9999281
305,9,24022829,0.99714417,0.00843578,0.02742358,0.0,0.00222942,0.01139435,0.0,0.95051687,3967,7,0.02269308,0.9998781
305,10,24022830,0.99586513,0.01233114,0.03481516,0.0,0.00434881,0.01841871,0.0,0.93008617,25983,7,0.02199793,0.9998781
306,1,24022851,0.98437392,0.02746,0.00360715,0.0,0.01147891,0.64332413,0.00041605,0.31371376,23299,7,0.14884442,2.6973633
306,2,24022852,0.98523786,0.03069563,0.00588113,0.0,0.0100832,0.77774816,0.00045427,0.17513761,22403,6,0.15203558,2.6973633
306,3,24022853,0.98354648,0.02898344,0.00865924,0.0,0.00751317,0.71281307,0.00082998,0.2412011,19981,7,0.12568261,2.6968744
306,4,24022854,0.97026565,0.05200892,0.01071062,0.0,0.01607037,0.676873,0.00156851,0.24276857,23428,6,0.080718,2.6969491
306,5,24022855,0.96836689,0.05829709,0.0099294,0.0,0.01498095,0.53685684,0.00110605,0.37882966,24323,7,0.14946531,2.6973633
306,6,24022856,0.97006215,0.05729469,0.02139147,0.0,0.01257671,0.80287593,0.00231795,0.10354324,20002,6,0.07239916,2.6967245
306,7,24022857,0.97888297,0.04384345,0.00675734,0.0,0.01213257,0.62680332,0.00079527,0.30966805,23043,7,0.09424185,2.6968493
306,8,24022858,0.96616995,0.0544276,0.01134413,0.0,0.01926653,0.5185546,0.00155363,0.39485351,18053,6,0.1114818,2.6967746
306,9,24022859,0.96175464,0.07197187,0.01309844,0.0,0.02960356,0.61310887,0.00140375,0.27081351,20266,6,0.06941219,2.6972634
306,10,24022860,0.97437799,0.04454159,0.01151903,0.0,0.01209282,0.7823492,0.00061748,0.14887988,55845,6,0.1113614,2.6968993
307,1,24022881,0.66520095,9.612e-05,0.0,0.99988725,3.36e-06,1.175e-05,1.52e-06,1e-08,38328,2,0.15368347,0.6657165
307,2,24022882,0.99832447,0.00017625,0.0,2.079e-05,6.73e-06,0.99979466,1.5e-06,7e-08,59117,6,0.04584739,0.9990202
307,3,24022883,0.99825132,0.00017859,0.0,2.062e-05,6.83e-06,0.99979232,1.52e-06,1.2e-07,25641,6,0.04276638,0.9988707
307,4,24022884,0.99829826,0.00018299,0.0,2.074e-05,6.98e-06,0.99978767,1.51e-06,1.1e-07,35945,6,0.05581149,0.99882
307,5,24022885,0.99827144,0.00018242,0.0,2.075e-05,7.08e-06,0.99978814,1.52e-06,1e-07,14009,6,0.04970589,0.9978523
307,6,24022886,0.99827252,0.00018963,0.0,2.071e-05,7.73e-06,0.9997803,1.53e-06,1.1e-07,30137,6,0.02984332,0.9990205
307,7,24022887,0.99832505,0.00017621,0.0,2.068e-05,7.07e-06,0.99979441,1.55e-06,8e-08,22489,6,0.12032441,0.9990203
307,8,24022888,0.9982964,0.00017153,0.0,2.052e-05,6.24e-06,0.99980012,1.52e-06,6e-08,32633,6,0.05678879,0.9990205
307,9,24022889,0.99829268,0.00017917,0.0,2.084e-05,7.1e-06,0.99979131,1.54e-06,5e-08,39497,6,0.06448581,0.9988205
307,10,24022890,0.99830189,0.0001891,0.0,2.069e-05,7.67e-06,0.99978086,1.53e-06,1.5e-07,56575,6,0.02825285,0.9984416
308,1,24022911,0.99645797,0.00679679,0.00155405,0.0,0.00109438,0.97414334,0.0,0.01641144,52547,6,0.1502704,3.3128398
308,2,24022912,0.98963713,0.02405201,0.0056508,0.0,0.00588689,0.87497408,0.0,0.08943623,14220,6,0.12250245,3.3128398
308,3,24022913,0.99101502,0.02549817,0.01001671,0.0,0.00360081,0.91915491,0.0,0.04172941,21954,6,0.10228338,3.3128148
308,4,24022914,0.99893608,0.00280941,0.00664717,0.0,0.00048303,0.96955609,0.0,0.0205043,9429,6,0.19274891,3.3127899
308,5,24022915,0.99653941,0.00751371,0.00432067,0.0,0.00194153,0.84399116,0.0,0.14223294,46741,6,0.23666789,3.3128648
308,6,24022916,0.9773446,0.07652166,0.0086246,0.0,0.00269493,0.86485269,0.0,0.04730611,23636,6,0.08745325,3.3128148
308,7,24022917,0.98140427,0.05252872,0.00063167,0.0,0.00119771,0.84256149,0.0,0.10308041,49403,6,0.22652974,3.3129397
308,8,24022918,0.99088099,0.01868806,0.00018111,0.0,0.00345052,0.85086279,0.0,0.12681752,49403,6,0.3232953,3.3129397
308,9,24022919,0.99842445,0.00359281,0.00075481,0.0,0.00041244,0.99478917,0.0,0.00045078,44117,6,0.25787591,3.3128398
308,10,24022920,0.99411615,0.01490802,0.00129834,0.0,0.00278953,0.83876032,0.0,0.14224379,55173,6,0.09911087,3.3128648
309,1,24022941,0.38685849,0.28724158,0.04398564,0.0,0.10179302,0.24197605,0.29664243,0.02836128,22727,6,0.06835953,0.9991288
309,2,24022942,0.39526931,0.27944361,0.03795751,0.0,0.0922984,0.25471782,0.30408969,0.03149297,23951,6,0.06658136,0.9989559
309,3,24022943,0.37051193,0.29899811,0.0442218,0.0,0.10520685,0.18420308,0.31044399,0.05692617,18631,6,0.06274882,0.9990539
309,4,24022944,0.30440651,0.33969098,0.0505282,0.0,0.12349307,0.10055014,0.31997118,0.06576643,23175,7,0.02134321,0.9988811
309,5,24022945,0.3942686,0.29200822,0.04401488,0.0,0.09576027,0.21430319,0.28899551,0.06491792,23687,6,0.03661239,0.9991288
309,6,24022946,0.40283941,0.27711241,0.0417419,0.0,0.09282917,0.12632027,0.29655582,0.16544043,23175,7,0.13736818,0.9988811
309,7,24022947,0.40109808,0.27419769,0.04187553,0.0,0.10685251,0.21793968,0.28797488,0.07115971,22919,6,0.03988245,0.9988811
309,8,24022948,0.38732361,0.28606693,0.04112145,0.0,0.09632665,0.22026166,0.30356924,0.05265407,23687,6,0.05141074,0.9991288
309,9,24022949,0.40100056,0.28587571,0.04178966,0.0,0.10026806,0.22391823,0.28308421,0.06506414,22663,6,0.05529301,0.9991289
309,10,24022950,0.35358336,0.30658588,0.04584299,0.0,0.10289683,0.19743809,0.31637105,0.03086516,22671,6,0.0281505,0.9992038
310,1,24022971,0.99821342,0.00136479,0.00550447,0.0,7.577e-05,0.42421265,0.0,0.56884232,9719,7,0.02565322,0.9995023
310,2,24022972,0.9975047,0.00294852,0.00717144,0.0,6.507e-05,0.34511402,0.0,0.64470095,48095,7,0.02920921,0.9995523
310,3,24022973,0.99793392,0.001943,0.00363799,0.0,7.361e-05,0.28999014,0.0,0.70435526,19967,7,0.04092031,0.9995024
310,4,24022974,0.99815189,0.00138785,0.00806512,0.0,0.00020244,0.40361933,0.0,0.58672526,60791,7,0.0376873,0.999519
310,5,24022975,0.99791031,0.0018697,0.0067901,0.0,4.493e-05,0.25457628,0.0,0.73671899,54783,7,0.03778506,0.9995523
310,6,24022976,0.99804104,0.00177058,0.00795386,0.0,7.602e-05,0.24500345,0.0,0.74519609,32767,7,0.02570381,0.9995524
310,7,24022977,0.99784289,0.00190846,0.00600049,0.0,0.00013179,0.34202157,0.0,0.6499377,32127,7,0.03303503,0.9995523
310,8,24022978,0.99822026,0.00159939,0.00340305,0.0,6.14e-05,0.3594657,0.0,0.63547045,38783,7,0.03453356,0.9995524
310,9,24022979,0.99760764,0.00201396,0.00605201,0.0,0.00032532,0.39543832,0.0,0.5961704,54391,6,0.01825343,0.9987689
310,10,24022980,0.99840429,0.00108589,0.00646324,0.0,6.931e-05,0.3115932,0.0,0.68078836,58871,7,0.04216826,0.999519
311,1,24023001,0.99857436,0.00282307,0.00152136,0.0,1.028e-05,0.94136238,0.0,0.05428291,23637,6,0.15972153,3.8204493
311,2,24023002,0.99824249,0.00339084,0.00063546,0.0,0.00033113,0.99564087,0.0,1.7e-06,11333,6,0.16833357,3.8196362
311,3,24023003,0.99756611,0.00720557,0.00924368,0.0,0.00054482,0.97133387,0.0,0.01167205,16130,6,0.09485279,3.8204243
311,4,24023004,0.99911682,0.00066578,0.00078793,0.0,0.00045815,0.99808782,0.0,3.2e-07,42436,6,0.21068571,3.820416
311,5,24023005,0.99920916,0.00091944,0.00036581,0.0,1.261e-05,0.99870175,0.0,3.9e-07,56651,6,0.12075728,3.8205492
311,6,24023006,0.99943999,0.00021517,3.77e-06,0.0,1.079e-05,0.99977004,0.0,2.3e-07,19539,6,0.32787363,3.8203993
311,7,24023007,0.99945066,0.00020166,3.95e-06,0.0,1.159e-05,0.99978259,0.0,2.2e-07,42435,6,0.24165431,3.8204493
311,8,24023008,0.99942533,0.00022614,4.31e-06,0.0,1.296e-05,0.99975638,0.0,2.1e-07,42435,6,0.19623016,3.8204493
311,9,24023009,0.99658114,0.00979591,0.00456568,0.0,0.00091962,0.82447816,0.0,0.16024063,14221,6,0.06878843,3.8204993
311,10,24023010,0.99944652,0.00022897,4.14e-06,0.0,1.178e-05,0.99975484,0.0,2.7e-07,19780,6,0.15613127,3.8203494
312,1,24023031,0.99828294,0.00016833,0.0,1.938e-05,6.51e-06,0.99980409,1.55e-06,1.4e-07,22489,6,0.04396471,0.9990666
312,2,24023032,0.99828004,0.00016934,0.0,1.925e-05,5.85e-06,0.99980397,1.53e-06,6e-08,34953,6,0.06452297,0.998867
312,3,24023033,0.99822866,0.00016257,0.0,1.924e-05,5.95e-06,0.99980933,1.54e-06,1.37e-06,44167,6,0.04030969,0.9981679
312,4,24023034,0.99831115,0.00017023,0.0,1.932e-05,6.68e-06,0.99980185,1.55e-06,3.7e-07,37897,6,0.04579627,0.9988669
312,5,24023035,0.9982662,0.00013969,0.0,1.909e-05,5.08e-06,0.99983456,1.54e-06,4e-08,37145,6,0.12494684,0.9990669
312,6,24023036,0.99821324,0.00017972,0.0,1.943e-05,6.47e-06,0.9997928,1.53e-06,6e-08,34893,6,0.05230697,0.9988664
312,7,24023037,0.99826701,0.0001638,0.0,1.914e-05,5.65e-06,0.99980973,1.56e-06,1.2e-07,32975,6,0.05519306,0.9988666
312,8,24023038,0.99817947,0.00015712,0.0,1.921e-05,6.3e-06,0.99626853,1.57e-06,0.00354727,57961,6,0.06418773,0.9987006
312,9,24023039,0.99828392,0.00017249,0.0,1.917e-05,6.18e-06,0.99980042,1.57e-06,1.7e-07,31785,6,0.04986398,0.9990668
312,10,24023040,0.99832456,0.00015214,0.0,1.899e-05,5.29e-06,0.99982194,1.54e-06,1e-07,34537,6,0.13359168,0.9988667
313,1,24023061,0.93101904,0.13339695,0.029629,0.0,0.0856314,0.0,0.03557279,0.71576986,48653,7,0.1163235,1.8386523
313,2,24023062,0.92809452,0.13264653,0.0335988,0.0,0.09456216,0.0,0.0377644,0.70142811,24365,7,0.09456995,1.8388699
313,3,24023063,0.91466634,0.15216042,0.03877031,0.0,0.1063312,0.0,0.04724573,0.65549234,44965,7,0.07207615,1.8386191
313,4,24023064,0.94382371,0.10449748,0.02681414,0.0,0.06461338,0.0,0.03592955,0.76814545,48909,7,0.12202625,1.8389199
313,5,24023065,0.9529351,0.09179926,0.02298764,0.0,0.06157599,0.0,0.0247369,0.79890021,57261,7,0.09762804,1.8387523
313,6,24023066,0.93952676,0.11709235,0.02316197,0.0,0.07344248,0.0,0.03505039,0.7512528,48909,7,0.13556917,1.8389199
313,7,24023067,0.95141181,0.08474696,0.01656714,0.0,0.06433258,0.0,0.02369792,0.8106554,24485,7,0.11478113,1.8386274
313,8,24023068,0.94010337,0.11615697,0.01705349,0.0,0.06511647,0.0,0.03412103,0.76755204,48941,7,0.12444167,1.8389199
313,9,24023069,0.92494476,0.13040365,0.03215683,0.0,0.10723816,0.0,0.03928352,0.69091783,53037,7,0.10140052,1.8389199
313,10,24023070,0.92785578,0.13264759,0.0421168,0.0,0.08124858,0.0,0.04539364,0.69859339,48901,7,0.10511132,1.838845
314,1,24023091,0.91685463,0.10688945,0.01857762,0.0,0.04588423,0.0,0.01452845,0.81412025,23299,7,0.13521938,1.7080129
314,2,24023092,0.88695413,0.14884044,0.02651915,0.0,0.06369903,0.0,0.01971078,0.74123061,19971,7,0.13133183,1.7076218
314,3,24023093,0.91073236,0.11520552,0.01828147,0.0,0.0524475,0.0,0.01406265,0.80000286,18955,7,0.10729346,1.7077216
314,4,24023094,0.88822666,0.14389902,0.01814659,0.0,0.07136862,0.0,0.01582328,0.7507625,18946,7,0.11690061,1.7075718
314,5,24023095,0.89938587,0.1345041,0.01733854,0.0,0.06420917,0.0,0.01596507,0.76798312,18949,7,0.10953845,1.7076217
314,6,24023096,0.94275135,0.07416455,0.01515757,0.0,0.03531834,0.0,0.00783809,0.86752145,18947,7,0.17667918,1.7076217
314,7,24023097,0.8810531,0.1580134,0.03185678,0.0,0.0676379,0.0,0.01910808,0.72338385,19979,7,0.0751667,1.7077216
314,8,24023098,0.86950688,0.17444839,0.02763511,0.0,0.07459262,0.0,0.01904201,0.70428186,20235,7,0.07657112,1.7080129
314,9,24023099,0.87550702,0.16688949,0.02744797,0.0,0.07170034,0.0,0.0205155,0.71344669,23300,7,0.10367897,1.7079879
314,10,24023100,0.90271738,0.11863821,0.01774857,0.0,0.05681766,0.0,0.01512461,0.79167095,24333,7,0.07742533,1.7080629
315,1,24023121,0.99831356,0.0001706,0.0,1.937e-05,1.622e-05,0.63694409,0.0,0.36284972,55289,6,0.0975262,0.9990721
315,2,24023122,0.99838639,0.00015878,0.0,1.923e-05,1.416e-05,0.70414208,0.0,0.29566576,27913,6,0.04902807,0.998195
315,3,24023123,0.99844487,0.00018435,0.0,1.916e-05,1.744e-05,0.60233952,0.0,0.39743953,31193,6,0.02920014,0.9990722
315,4,24023124,0.99824298,0.00016328,0.0,1.932e-05,1.465e-05,0.64647658,0.0,0.35332617,35785,6,0.08457598,0.9981455
315,5,24023125,0.99835757,0.0001588,0.0,1.922e-05,1.309e-05,0.7346573,0.0,0.26515159,40953,6,0.09622148,0.9990722
315,6,24023126,0.9984614,0.0001758,0.0,1.927e-05,1.81e-05,0.59105298,0.0,0.40873386,25739,6,0.04428247,0.9990218
315,7,24023127,0.99840174,0.00017277,0.0,1.924e-05,1.455e-05,0.66315881,0.0,0.33663463,44473,6,0.10503674,0.9988723
315,8,24023128,0.99839183,0.00017571,0.0,1.93e-05,1.668e-05,0.61716603,0.0,0.38262228,44889,6,0.05270702,0.998872
315,9,24023129,0.99846698,0.0001702,0.0,1.922e-05,1.467e-05,0.65474369,0.0,0.34505222,30105,6,0.04923748,0.9990719
315,10,24023130,0.99835357,0.00016465,0.0,1.933e-05,1.579e-05,0.69591453,0.0,0.3038857,7097,6,0.03136369,0.9982451
316,1,24023151,0.98213858,0.11101665,0.21326027,0.0,0.00455922,0.62324124,0.0,0.04792261,13970,6,0.15848348,3.9292675
316,2,24023152,0.99557393,0.02497802,0.03282061,0.0,0.00069726,0.82963352,0.0,0.11187059,10115,6,0.09146111,3.9292425
316,3,24023153,0.9851343,0.09527048,0.17274572,0.0,0.00336594,0.64721605,0.0,0.08140181,51963,6,0.0991382,3.9288072
316,4,24023154,0.97153215,0.18356916,0.31546218,0.0,0.00416424,0.46009616,0.0,0.03670827,10723,4,0.09628958,3.9286073
316,5,24023155,0.98624359,0.08933772,0.16906508,0.0,0.00431484,0.68610406,0.0,0.0511783,49339,6,0.07294992,3.9293923
316,6,24023156,0.98770654,0.07740553,0.14003209,0.0,0.00264151,0.74417816,0.0,0.03574272,22402,6,0.14614169,3.9292675
316,7,24023157,0.99756911,0.01057098,0.00491957,0.0,8.77e-06,0.98450045,0.0,2.3e-07,15691,6,0.24185735,3.9293425
316,8,24023158,0.99473026,0.0268867,0.06190895,0.0,0.00378992,0.82885923,0.0,0.0785552,55483,6,0.08599318,3.9288071
316,9,24023159,0.99137156,0.05544995,0.09118532,0.0,0.00240126,0.84974457,0.0,0.00121889,10125,6,0.17015527,3.9292925
316,10,24023160,0.99049823,0.05177798,0.06790706,0.0,0.00158851,0.82718394,0.0,0.0515425,54933,6,0.14209008,3.9293175
317,1,24023181,0.60556631,0.07251854,0.01477742,0.14193214,0.03356861,0.51608782,0.20855599,0.01255949,19591,6,0.04290859,0.9985848
317,2,24023182,0.61903684,0.08699857,0.01713364,0.11956768,0.03562945,0.51291821,0.19025386,0.03749859,36971,6,0.09217814,0.9986346
317,3,24023183,0.60904748,0.06378251,0.01443487,0.2110996,0.01808943,0.47928786,0.20665356,0.00665218,36909,6,0.06188097,0.9988759
317,4,24023184,0.65634147,0.07207956,0.01563285,0.14611187,0.02239286,0.53601571,0.16475194,0.0430152,38989,6,0.12945041,0.9991168
317,5,24023185,0.62358477,0.0652631,0.00976331,0.19986776,0.01920104,0.52380946,0.17756941,0.00452591,32777,6,0.07094874,0.9991172
317,6,24023186,0.60671133,0.06929242,0.01358207,0.17308576,0.01726991,0.5098614,0.20107869,0.01582975,6982,2,0.05966897,0.4992718
317,7,24023187,0.59063405,0.07458327,0.01492421,0.13753552,0.0192043,0.50240104,0.23400508,0.01734657,34889,6,0.08217068,0.9991167
317,8,24023188,0.72498571,0.06148193,0.01084359,0.15321778,0.01506618,0.63463843,0.12094017,0.00381192,55879,6,0.10849971,0.9982276
317,9,24023189,0.54435485,0.07027719,0.01397841,0.2887748,0.02448201,0.38538411,0.20929247,0.00781101,24390,2,0.07129265,0.4993717
317,10,24023190,0.70495061,0.0520298,0.01375081,0.1416529,0.01728788,0.60111146,0.14905161,0.02511554,22663,6,0.07813405,0.9986598
318,1,24023211,0.9979206,0.00336507,0.02049371,0.0,0.00058847,0.31636511,0.0,0.65918763,58879,7,0.0287565,0.9997753
318,2,24023212,0.99802202,0.00295537,0.01057631,0.0,0.00044016,0.32792058,0.0,0.65810758,59191,6,0.03040529,0.9994632
318,3,24023213,0.99764116,0.00375913,0.01289274,0.0,0.0010254,0.2522603,0.0,0.73006242,24343,7,0.01994769,0.9992452
318,4,24023214,0.9975848,0.00381479,0.01479827,0.0,0.00053032,0.26067101,0.0,0.72018561,30047,7,0.02680101,0.9995508
318,5,24023215,0.99826182,0.00252389,0.0054542,0.0,0.00037564,0.30097471,0.0,0.69067156,55167,7,0.04273081,0.9997753
318,6,24023216,0.99756968,0.0036085,0.01207367,0.0,0.00050976,0.28224085,0.0,0.70156722,60927,7,0.01819361,0.9997753
318,7,24023217,0.99751163,0.00387025,0.01594244,0.0,0.00076462,0.33093954,0.0,0.64848315,22015,7,0.02654338,0.9997753
318,8,24023218,0.99742803,0.00402557,0.01416986,0.0,0.00051049,0.22938806,0.0,0.75190603,62431,7,0.02678153,0.9997753
318,9,24023219,0.9976206,0.0032374,0.01380221,0.0,0.00080084,0.36247596,0.0,0.61968359,51191,7,0.024979,0.999742
318,10,24023220,0.99792472,0.00313304,0.0098013,0.0,0.00074653,0.26321566,0.0,0.72310347,27519,7,0.02657387,0.999613
319,1,24023241,0.9897654,0.02041625,0.00341631,0.0,0.00482649,0.8104265,0.0,0.16091445,52308,6,0.23775776,3.3523415
319,2,24023242,0.97503044,0.04754028,0.01489361,0.0,0.01253283,0.84662656,0.0,0.07840672,15693,6,0.26419687,3.3524248
319,3,24023243,0.98457622,0.02766263,0.01216345,0.0,0.00896169,0.72551681,0.0,0.22569543,56388,6,0.1130983,3.351755
319,4,24023244,0.98112211,0.02410752,0.00308407,0.0,0.0102253,0.96258195,0.0,1.17e-06,8932,6,0.22111841,3.3516051
319,5,24023245,0.9925076,0.01592488,0.0089933,0.0,0.00355428,0.88046886,0.0,0.09105869,17867,6,0.10839784,3.3523748
319,6,24023246,0.99396104,0.01315366,0.00284944,0.0,0.00148358,0.87953392,0.0,0.10297941,50389,6,0.28244616,3.3523748
319,7,24023247,0.99258387,0.01226778,0.00575299,0.0,0.00638877,0.76408498,0.0,0.21150548,8372,6,0.12470633,3.3522748
319,8,24023248,0.99144042,0.01592109,0.00361429,0.0,0.00377746,0.75062036,0.0,0.22606681,17621,6,0.24582712,3.3523248
319,9,24023249,0.98471068,0.02962055,0.0054976,0.0,0.00652325,0.92675062,0.0,0.03160797,22403,6,0.20037049,3.3523748
319,10,24023250,0.98449418,0.03114136,0.01979268,0.0,0.00643974,0.7025252,0.0,0.24010102,19202,7,0.083376,3.3522748
320,1,24023271,0.99813005,0.00016607,0.0,2.079e-05,6.18e-06,0.9998053,1.55e-06,1.1e-07,40653,6,0.05249299,0.9987802
320,2,24023272,0.99821302,0.0001705,0.0,2.078e-05,7.16e-06,0.99979818,1.52e-06,1.85e-06,60651,6,0.05878953,0.9989803
320,3,24023273,0.99809525,0.00015369,0.0,2.081e-05,6e-06,0.99981796,1.52e-06,2e-08,34617,6,0.04903753,0.9983715
320,4,24023274,0.99827221,0.00016703,0.0,2.077e-05,6.53e-06,0.99980312,1.52e-06,1.03e-06,24537,6,0.07907381,0.9989806
320,5,24023275,0.9981232,0.00014561,0.0,2.082e-05,5.33e-06,0.99982642,1.53e-06,2.9e-07,33485,6,0.14782559,0.9987804
320,6,24023276,0.99810095,0.00016688,0.0,2.082e-05,5.8e-06,0.99979913,1.53e-06,5.84e-06,39981,6,0.04992066,0.9987804
320,7,24023277,0.99815541,0.00016437,0.0,2.077e-05,6.02e-06,0.9998072,1.5e-06,1.5e-07,22473,6,0.07490397,0.9981616
320,8,24023278,0.99815103,0.000166,0.0,2.075e-05,6.14e-06,0.99980549,1.52e-06,1e-07,37997,6,0.07871999,0.9987806
320,9,24023279,0.99792947,0.00015199,0.0,2.073e-05,5.62e-06,0.99981994,1.52e-06,1.9e-07,36959,6,0.07427474,0.9979625
320,10,24023280,0.99817693,0.0001652,0.0,2.081e-05,5.88e-06,0.99980633,1.54e-06,2.4e-07,43423,6,0.04173829,0.9991804
321,1,24023301,0.98694507,0.02947889,0.00692626,0.0,0.01285324,0.77546607,0.00341877,0.17185677,43821,6,0.15334697,2.9488276
321,2,24023302,0.98372363,0.03993838,0.01300563,0.0,0.01140016,0.56358925,0.000499,0.37156759,43781,6,0.12860288,2.9487276
321,3,24023303,0.98273572,0.03261993,0.00835546,0.0,0.01019599,0.6817966,0.00584803,0.26118398,47021,6,0.22964146,2.9484383
321,4,24023304,0.99133052,0.02278278,0.00365347,0.0,0.00820549,0.88193604,0.00083053,0.08259169,22445,6,0.10358246,2.9483884
321,5,24023305,0.97906625,0.03998002,0.0148304,0.0,0.01348496,0.75946067,0.00388249,0.16836146,23461,6,0.13390268,2.9483134
321,6,24023306,0.97906973,0.04135231,0.00769293,0.0,0.01120106,0.68976012,0.00627491,0.24371867,20125,6,0.09581651,2.9482884
321,7,24023307,0.98303153,0.02785353,0.00678171,0.0,0.01845256,0.78580198,0.00361738,0.15749283,47013,6,0.07827804,2.9483384
321,8,24023308,0.97606339,0.04940648,0.00642254,0.0,0.02063445,0.58133672,0.00629084,0.33590898,43813,6,0.10418752,2.9487276
321,9,24023309,0.98254848,0.03989116,0.00861366,0.0,0.01155477,0.68826216,0.00297407,0.24870418,11053,6,0.12355967,2.9487276
321,10,24023310,0.98027265,0.03674124,0.01078782,0.0,0.02181099,0.78104047,0.00123015,0.14838934,16029,6,0.11833596,2.9483884
322,1,24023331,0.37370884,0.47842335,0.04947806,0.0,0.16017594,0.0,0.2112814,0.10064125,23175,7,0.03436543,0.9993254
322,2,24023332,0.38479019,0.4839294,0.04840536,0.0,0.1664177,0.0,0.19600585,0.10524169,20103,7,0.04146137,0.9991508
322,3,24023333,0.42591101,0.43695686,0.04408164,0.0,0.1523824,0.0,0.19606795,0.17051116,24199,7,0.0781791,0.9992256
322,4,24023334,0.42027689,0.44819735,0.04384569,0.0,0.15853432,0.0,0.18699878,0.16242385,23183,7,0.09015232,0.9994002
322,5,24023335,0.4201468,0.46304026,0.04496373,0.0,0.14690431,0.0,0.18683323,0.15825846,23175,7,0.04293878,0.9993254
322,6,24023336,0.41384887,0.46713826,0.04990617,0.0,0.14911253,0.0,0.18299399,0.15084905,19079,7,0.11066887,0.9992505
322,7,24023337,0.37090148,0.49823673,0.04941307,0.0,0.15951796,0.0,0.20416959,0.08866265,24199,7,0.02952686,0.9992256
322,8,24023338,0.36257476,0.48166635,0.05118694,0.0,0.17028398,0.0,0.21639415,0.08046858,23175,7,0.03036786,0.9993254
322,9,24023339,0.39273182,0.46485273,0.04658955,0.0,0.14708919,0.0,0.21013919,0.13132934,23175,7,0.0524106,0.9993254
322,10,24023340,0.43676527,0.44246111,0.04585375,0.0,0.14762415,0.0,0.18154568,0.18251531,19087,7,0.10883738,0.9993503
323,1,24023361,0.99857297,0.00019205,0.0,5.45e-06,1.715e-05,0.62554127,0.0,0.37424407,52201,6,0.05681351,0.9981168
323,2,24023362,0.99863299,0.00034187,0.0,5.37e-06,2.1e-05,0.49142648,0.0,0.50820528,8183,7,0.03777738,0.9993812
323,3,24023363,0.99869545,0.00020357,0.0,5.41e-06,2.073e-05,0.51156961,0.0,0.48820069,54647,7,0.02882681,0.9993066
323,4,24023364,0.99861292,0.00017774,0.0,5.44e-06,1.391e-05,0.7361334,0.0,0.2636695,52057,6,0.12147784,0.9990061
323,5,24023365,0.99876084,0.00021188,0.0,5.37e-06,2.344e-05,0.37246481,0.0,0.6272945,30551,7,0.03979772,0.9993561
323,6,24023366,0.99870114,0.00021637,0.0,5.29e-06,2.302e-05,0.46422113,0.0,0.53553419,64927,6,0.04391673,0.9994061
323,7,24023367,0.99870812,0.00020539,0.0,5.37e-06,2.191e-05,0.49328338,0.0,0.50648397,42431,6,0.03499693,0.9994061
323,8,24023368,0.99869163,0.00019937,0.0,5.37e-06,2.196e-05,0.51774235,0.0,0.48203095,22015,7,0.03411156,0.9994061
323,9,24023369,0.9986906,0.00019556,0.0,5.34e-06,1.996e-05,0.56262955,0.0,0.43714959,55287,7,0.05322132,0.9993812
323,10,24023370,0.99866492,0.00020212,0.0,5.31e-06,1.905e-05,0.50287084,0.0,0.49690269,38335,6,0.02254792,0.9994062
324,1,24023391,0.97474749,0.12277868,0.09541638,0.0,0.00064892,0.67286485,0.0,0.10829117,53034,6,0.09922151,4.1557643
324,2,24023392,0.98301307,0.07762866,0.06701234,0.0,0.00199771,0.81320222,0.0,0.04015907,18314,6,0.13517965,4.1556645
324,3,24023393,0.99722709,0.01007205,0.0175762,0.0,0.00076042,0.93814176,0.0,0.03344957,16170,6,0.10128116,4.1557643
324,4,24023394,0.99942723,0.00022459,4.02e-06,0.0,1.148e-05,0.99975969,0.0,2.1e-07,9435,6,0.15224517,4.1557644
324,5,24023395,0.98871672,0.04531263,0.03031813,0.0,0.00632721,0.91803799,0.0,4.04e-06,11804,6,0.09971453,4.1556645
324,6,24023396,0.99946636,0.00022624,4.12e-06,0.0,8.97e-06,0.99976041,0.0,2.6e-07,15692,6,0.1890957,4.1557644
324,7,24023397,0.99945343,0.0002185,3.88e-06,0.0,9.4e-06,0.99976804,0.0,1.9e-07,17629,6,0.1751309,4.1557644
324,8,24023398,0.99939157,0.00023196,3.96e-06,0.0,1.289e-05,0.999751,0.0,2e-07,42186,6,0.26052929,4.1549841
324,9,24023399,0.99941893,0.00021963,3.97e-06,0.0,1.034e-05,0.99976586,0.0,2e-07,48212,6,0.1655378,4.1557644
324,10,24023400,0.99424693,0.02445762,0.02286817,0.0,0.00044475,0.7965802,0.0,0.15564925,48931,6,0.11785754,4.1557893
325,1,24023421,0.9129982,0.00095826,0.0,0.23690377,5.44e-06,0.75744456,0.00468794,4e-08,37384,2,0.20393588,0.6655393
325,2,24023422,0.93953066,0.00017594,0.0,0.17269717,6.28e-06,0.82711831,1.79e-06,5e-07,35883,6,0.07112511,0.9989147
325,3,24023423,0.99822212,0.00016302,0.0,1.578e-05,4.52e-06,0.99981491,1.64e-06,1.3e-07,32841,6,0.09281822,0.998915
325,4,24023424,0.9777219,0.00032225,0.0,0.04193949,6.1e-06,0.95772815,1.74e-06,2.27e-06,34201,6,0.05198719,0.9989145
325,5,24023425,0.95368777,0.00018268,0.0,0.13371334,5.67e-06,0.86609642,1.78e-06,1.1e-07,38186,2,0.07318581,0.6654363
325,6,24023426,0.99818964,0.00018623,0.0,1.615e-05,6.06e-06,0.99978978,1.75e-06,2e-08,35465,6,0.12125848,0.9985728
325,7,24023427,0.99824969,0.00031352,0.0,1.561e-05,5.68e-06,0.9964065,1.72e-06,0.00325697,39193,6,0.12286617,0.9991148
325,8,24023428,0.95022634,0.0003329,0.0,0.11046813,5.86e-06,0.88795905,0.00123372,3.5e-07,32971,6,0.06206069,0.9989147
325,9,24023429,0.99020694,0.00043375,0.0,0.0227689,5.32e-06,0.97678982,1.69e-06,5.3e-07,33111,6,0.0962133,0.9988151
325,10,24023430,0.97933668,0.00026815,0.0,0.03673048,5.11e-06,0.96299432,1.72e-06,2.2e-07,59865,6,0.0810648,0.9989151
326,1,24023451,0.97903873,0.05709916,0.00451545,8e-08,0.07705322,0.0,0.06232528,0.79900681,16141,7,0.10774787,1.1448116
326,2,24023452,0.98120401,0.05470911,0.00418865,4e-08,0.07880975,0.0,0.04764691,0.81464554,57253,7,0.09202534,1.1447327
326,3,24023453,0.97740992,0.06135687,0.00471068,2e-08,0.09555285,0.0,0.0608861,0.77749348,49069,7,0.15581033,1.1448326
326,4,24023454,0.97678989,0.06150809,0.00476247,0.00011146,0.08649945,0.0,0.06956383,0.77755471,57229,7,0.10886928,1.1448327
326,5,24023455,0.97553082,0.06585383,0.00560533,2e-08,0.0897219,0.0,0.07506967,0.76374924,53037,7,0.09781778,1.1448616
326,6,24023456,0.97537678,0.0699046,0.00566763,0.00062033,0.07801524,0.0,0.07287636,0.77291584,44813,7,0.13777323,1.1448616
326,7,24023457,0.98017832,0.05311478,0.00339514,7e-08,0.06667175,0.0,0.06356406,0.81325421,16293,7,0.15842484,1.1447078
326,8,24023458,0.97477326,0.074441,0.00383301,0.00161627,0.11749605,0.0,0.06396503,0.73864864,12037,7,0.10366514,1.1447117
326,9,24023459,0.97527839,0.07188537,0.00487355,6e-08,0.09659067,0.0,0.06796308,0.75868727,44813,7,0.1945945,1.1448616
326,10,24023460,0.97641055,0.05698893,0.00466561,0.00039584,0.08131066,0.0,0.07588471,0.78075426,44845,7,0.16092756,1.1448616
327,1,24023481,0.97203988,0.04412031,0.0089629,0.0,0.01985864,0.35956873,0.00285497,0.56463444,23298,7,0.13023567,2.4938064
327,2,24023482,0.96125541,0.0692879,0.01167516,0.0,0.01899008,0.53650088,0.00460045,0.35894553,23076,6,0.13440159,2.4933333
327,3,24023483,0.96640042,0.05949605,0.00895083,0.0,0.01823599,0.6754009,0.00322155,0.23469467,51971,6,0.08430376,2.4938314
327,4,24023484,0.96388143,0.05539544,0.00863207,0.0,0.02150425,0.55012592,0.00435182,0.35999049,18989,6,0.09420285,2.4933832
327,5,24023485,0.9626165,0.05932933,0.00994204,0.0,0.02330368,0.62199505,0.00520846,0.28022144,20267,6,0.07817201,2.4938314
327,6,24023486,0.97053603,0.04034703,0.00932372,0.0,0.01636031,0.48554133,0.00427911,0.4441485,23042,7,0.06903219,2.4933332
327,7,24023487,0.9574776,0.06825885,0.00976487,0.0,0.02168095,0.74682413,0.00505931,0.1484119,18052,6,0.11461678,2.4932335
327,8,24023488,0.96700278,0.05206745,0.01128821,0.0,0.01629901,0.53743702,0.00366838,0.37923993,24331,7,0.08043171,2.4938814
327,9,24023489,0.96163101,0.05821397,0.01008922,0.0,0.02132447,0.6483245,0.00601741,0.25603044,22146,6,0.0574357,2.4933333
327,10,24023490,0.95619779,0.07403074,0.01108948,0.0,0.02582808,0.42638046,0.00336187,0.45930937,19331,7,0.09953053,2.4934329
328,1,24023511,0.99817747,0.00013182,0.0,2.216e-05,8.9e-06,0.86297795,0.0,0.13685917,49017,6,0.0782967,0.9989791
328,2,24023512,0.99826805,0.00016909,0.0,2.226e-05,1.609e-05,0.60147202,0.0,0.39832055,30999,6,0.05438967,0.9989291
328,3,24023513,0.99813062,0.00016327,0.0,2.212e-05,1.405e-05,0.73753849,0.0,0.26226206,34761,6,0.0486498,0.9979589
328,4,24023514,0.99810442,0.00015407,0.0,2.21e-05,1.099e-05,0.82520747,0.0,0.17460537,32761,6,0.05722451,0.9989793
328,5,24023515,0.99822894,0.00016179,0.0,2.232e-05,1.477e-05,0.62863527,0.0,0.37116585,37581,6,0.06587067,0.9987789
328,6,24023516,0.99816581,0.00017025,0.0,2.216e-05,1.532e-05,0.55973886,0.0,0.44005341,49151,7,0.03064073,0.9991792
328,7,24023517,0.99820561,0.00015267,0.0,2.212e-05,1.277e-05,0.75300688,0.0,0.24680555,40953,6,0.09879888,0.9989793
328,8,24023518,0.99828448,0.00016418,0.0,2.225e-05,1.58e-05,0.57672062,0.0,0.42307715,4023,7,0.0496889,0.9986691
328,9,24023519,0.99826876,0.00016662,0.0,2.234e-05,1.56e-05,0.62580007,0.0,0.37399537,39627,6,0.03650682,0.9987789
328,10,24023520,0.99820113,0.00014536,0.0,2.216e-05,1.237e-05,0.73875721,0.0,0.2610629,60921,6,0.07562984,0.9987793
329,1,24023541,0.99941487,0.00029205,9.97e-06,0.0,1.194e-05,0.97489184,0.0,0.0247942,10123,6,0.17074521,3.8253302
329,2,24023542,0.99752512,0.00489721,0.00336064,0.0,0.00287033,0.91993414,0.0,0.06893768,23634,6,0.25052987,3.8253052
329,3,24023543,0.98452927,0.05603992,0.01758693,0.0,0.00417259,0.92055922,0.0,0.00164133,11339,6,0.16595487,3.8246159
329,4,24023544,0.99417655,0.02020858,0.00691412,0.0,0.00336398,0.96951219,0.0,1.13e-06,42444,6,0.24996656,3.8253302
329,5,24023545,0.99943919,0.00020807,4.08e-06,0.0,1.13e-05,0.99977639,0.0,1.6e-07,13523,6,0.27570604,3.8253302
329,6,24023546,0.99889274,0.00158702,0.00056218,0.0,0.00076771,0.99708085,0.0,2.25e-06,13971,6,0.24933689,3.8253302
329,7,24023547,0.99278523,0.02499657,0.00417159,0.0,0.00168814,0.82716495,0.0,0.14197874,50835,6,0.16720074,3.8253302
329,8,24023548,0.9994449,0.00022683,3.92e-06,0.0,1.402e-05,0.99975502,0.0,2e-07,54491,6,0.29807662,3.8254301
329,9,24023549,0.9994357,0.000321,1.998e-05,0.0,1.699e-05,0.87463262,0.0,0.12500941,55205,6,0.14790356,3.8247658
329,10,24023550,0.99941625,0.00022215,3.93e-06,0.0,9.99e-06,0.99976375,0.0,1.9e-07,56779,6,0.20303737,3.8248658
330,1,24023571,0.43751772,0.15956896,0.0212298,0.01186437,0.05685855,0.36451395,0.37232181,0.01364256,23111,6,0.02670735,0.9985515
330,2,24023572,0.43507456,0.13607824,0.01918928,0.04164317,0.04421336,0.34610139,0.38914468,0.02362987,19847,6,0.0375764,0.9984766
330,3,24023573,0.49486138,0.10803064,0.01746284,0.11253992,0.04250949,0.35308002,0.33078801,0.03558907,23112,2,0.09865778,0.6657452
330,4,24023574,0.49578591,0.13828799,0.02395041,0.01057355,0.05203282,0.43844136,0.3286577,0.00805617,23943,6,0.07871921,0.9985515
330,5,24023575,0.44849449,0.14695682,0.02104895,0.02818111,0.04106557,0.35677925,0.37845079,0.02751752,23369,6,0.03183391,0.9990837
330,6,24023576,0.49941114,0.12204884,0.02106416,0.06705111,0.03913902,0.40468972,0.32675943,0.01924773,19599,6,0.05576331,0.998934
330,7,24023577,0.56088328,0.11066,0.0210621,0.02454634,0.04200197,0.48304117,0.29285105,0.02583737,19599,6,0.05040367,0.998934
330,8,24023578,0.51977857,0.12363429,0.01958376,0.03728402,0.04215212,0.36151399,0.31721024,0.09862158,19079,7,0.07425613,0.9984766
330,9,24023579,0.53612089,0.12336267,0.01794616,0.02355015,0.04341748,0.4822013,0.30538449,0.00413774,22663,6,0.0441829,0.9989091
330,10,24023580,0.47519045,0.13339459,0.02177292,0.04762218,0.05627911,0.38518599,0.34239055,0.01335467,18375,6,0.03840263,0.9992336
331,1,24023601,0.99773562,0.00209459,0.01833949,0.0,0.00034725,0.24338698,0.0,0.73583169,19711,7,0.02361745,0.9991738
331,2,24023602,0.99770047,0.0024705,0.01538095,0.0,0.00021277,0.25327939,0.0,0.72865639,52599,7,0.03321277,0.9995784
331,3,24023603,0.99698148,0.00353727,0.02254913,0.0,0.0003243,0.24143686,0.0,0.73215242,42879,7,0.033821,0.9996117
331,4,24023604,0.99761618,0.00239986,0.02255287,0.0,0.00047248,0.25498103,0.0,0.71959376,32191,6,0.02863907,0.9996117
331,5,24023605,0.99751452,0.0025477,0.01957925,0.0,0.00027774,0.21842298,0.0,0.75917232,61311,7,0.03720461,0.9996117
331,6,24023606,0.99746295,0.00247738,0.01949091,0.0,0.00046183,0.21368181,0.0,0.76388806,40319,7,0.0275639,0.9996117
331,7,24023607,0.9967993,0.00388061,0.01952429,0.0,0.00056568,0.31121732,0.0,0.6648121,65343,7,0.03754455,0.9994177
331,8,24023608,0.99730036,0.00274713,0.026584,0.0,0.00045269,0.31587231,0.0,0.65434387,55167,7,0.03700321,0.9996117
331,9,24023609,0.99746964,0.00274874,0.01656632,0.0,0.00030808,0.25423524,0.0,0.72614162,27479,7,0.03551078,0.9994617
331,10,24023610,0.99775928,0.00200688,0.01323976,0.0,0.00033139,0.26134715,0.0,0.72307482,19319,7,0.03260178,0.9993677
332,1,24023631,0.99826173,0.00296476,0.00051473,0.0,0.00068944,0.98455359,0.0,0.01127748,15683,6,0.51436273,3.9361257
332,2,24023632,0.98914941,0.02122457,0.00328008,0.0,0.00504873,0.78124961,0.0,0.18919701,11797,6,0.0725664,3.9360757
332,3,24023633,0.99443292,0.01081389,0.00325995,0.0,0.00085042,0.90299778,0.0,0.08207796,44117,6,0.13634058,3.9361257
332,4,24023634,0.99535574,0.01005029,0.00172802,0.0,0.00158687,0.78928794,0.0,0.19734689,50394,6,0.14119759,3.9361257
332,5,24023635,0.99634839,0.00832924,0.00097217,0.0,0.00133965,0.94918976,0.0,0.04016918,57131,6,0.10305497,3.9362256
332,6,24023636,0.98627563,0.03267738,0.0091589,0.0,0.00292943,0.92971301,0.0,0.02552129,52548,6,0.08941243,3.9360924
332,7,24023637,0.99549544,0.00907522,0.00149951,0.0,0.00241966,0.98081363,0.0,0.00619199,23875,6,0.17747485,3.9361257
332,8,24023638,0.99758212,0.00579571,0.00133708,0.0,0.00059698,0.85443145,0.0,0.13783877,11348,6,0.1555392,3.9360258
332,9,24023639,0.9911529,0.02046816,0.00278528,0.0,0.00364543,0.96592707,0.0,0.00717406,15434,6,0.31451003,3.9353726
332,10,24023640,0.9942809,0.01357199,0.0054859,0.0,0.00079393,0.75449318,0.0,0.225655,18979,6,0.10960679,3.9352895
333,1,24023661,0.99801286,0.0001621,0.0,2.08e-05,6.14e-06,0.99980941,1.53e-06,2e-08,37901,6,0.02970112,0.9987727
333,2,24023662,0.99802372,0.00015465,0.0,2.08e-05,5.32e-06,0.99981752,1.55e-06,1.7e-07,36971,6,0.05386657,0.997946
333,3,24023663,0.99804886,0.0001668,0.0,2.096e-05,6.39e-06,0.99980413,1.54e-06,1.9e-07,31325,6,0.04659861,0.9981454
333,4,24023664,0.99819447,0.00017732,0.0,2.095e-05,6.67e-06,0.99979349,1.52e-06,6e-08,48569,6,0.05595756,0.9989726
333,5,24023665,0.99817722,0.00016638,0.0,2.088e-05,6.17e-06,0.99980498,1.55e-06,3e-08,57353,6,0.03328755,0.9989727
333,6,24023666,0.99820377,0.00015942,0.0,2.089e-05,5.95e-06,0.99981212,1.55e-06,8e-08,57355,6,0.07542806,0.9989727
333,7,24023667,0.99805832,0.0001669,0.0,2.072e-05,5.71e-06,0.99980509,1.55e-06,3e-08,52121,6,0.04987117,0.9983593
333,8,24023668,0.99811518,0.00015738,0.0,2.092e-05,5.97e-06,0.99981373,1.52e-06,4.8e-07,19871,6,0.03995756,0.9991223
333,9,24023669,0.99809403,0.00014795,0.0,2.082e-05,5.18e-06,0.99982445,1.57e-06,3e-08,23961,6,0.10956093,0.9989724
333,10,24023670,0.99807841,0.00014284,0.0,2.084e-05,6.34e-06,0.99982828,1.55e-06,1.4e-07,32971,6,0.11139311,0.9987724
334,1,24023691,0.95626211,0.08382165,0.01136044,0.0,0.0435046,0.25233997,0.01413122,0.59484212,11821,7,0.11114163,2.4187208
334,2,24023692,0.95922856,0.08222411,0.01153636,0.0,0.04405358,0.23528898,0.01024027,0.6166567,57101,7,0.10109796,2.4192542
334,3,24023693,0.96479616,0.06356047,0.00854068,0.0,0.03015537,0.40291342,0.01356824,0.48126182,15269,6,0.16939292,2.4188458
334,4,24023694,0.97426117,0.03985637,0.00464104,0.0,0.02345912,0.35688303,0.00986131,0.56529913,56237,6,0.11747366,2.4189708
334,5,24023695,0.95947954,0.0727299,0.00864257,0.0,0.05290595,0.25798466,0.01083116,0.59690577,44557,7,0.11815793,2.4188706
334,6,24023696,0.95542925,0.09218271,0.01116304,0.0,0.0397783,0.26124239,0.01277645,0.58285712,16141,7,0.08687633,2.4192043
334,7,24023697,0.96133637,0.07008462,0.01280236,0.0,0.04038002,0.42305049,0.01045709,0.44322542,48909,7,0.17875442,2.4192542
334,8,24023698,0.96051299,0.07339545,0.01136209,0.0,0.04482147,0.38640315,0.00921728,0.47480056,12077,7,0.08606834,2.4191543
334,9,24023699,0.95466632,0.07222869,0.01713074,0.0,0.04142618,0.42516246,0.0158847,0.42816724,24085,6,0.09569677,2.4191543
334,10,24023700,0.9601869,0.07058266,0.00697818,0.0,0.03519493,0.25755794,0.01892675,0.61075956,16133,7,0.10409925,2.4191543
335,1,24023721,0.93662952,0.07481083,0.00903798,0.0,0.02718467,0.0,0.01665102,0.8723155,18955,7,0.23913113,1.3246506
335,2,24023722,0.90349735,0.11574626,0.01179515,0.0,0.0456662,0.0,0.02333232,0.80346007,20354,7,0.12305762,1.3246007
335,3,24023723,0.91099781,0.10432969,0.01012264,0.0,0.04209862,0.0,0.0213996,0.82204946,19340,7,0.12058238,1.3246006
335,4,24023724,0.87746621,0.14282697,0.01179297,0.0,0.06324533,0.0,0.03055204,0.7515827,24069,7,0.18492525,1.3246257
335,5,24023725,0.92355754,0.08684564,0.00904814,0.0,0.03527562,0.0,0.02034216,0.84848844,24066,7,0.19841102,1.3246007
335,6,24023726,0.92439158,0.09322701,0.0114991,0.0,0.03212975,0.0,0.01684871,0.84629543,19979,7,0.09870606,1.3246507
335,7,24023727,0.94929353,0.05931585,0.00515747,0.0,0.02453885,0.0,0.01179997,0.89918787,23052,7,0.08241992,1.324634
335,8,24023728,0.95595137,0.04985757,0.00473218,0.0,0.022431,0.0,0.01176553,0.91121372,24067,7,0.13183005,1.3246257
335,9,24023729,0.87002923,0.14765118,0.01504202,0.0,0.0582726,0.0,0.03841256,0.74062164,23300,7,0.11665922,1.3248404
335,10,24023730,0.9466785,0.06374365,0.00777976,0.0,0.02820702,0.0,0.01331174,0.88695783,23300,7,0.11199088,1.3248404
336,1,24023751,0.99842397,0.00018292,0.0,1.526e-05,1.855e-05,0.53960341,0.0,0.46017986,32121,6,0.03144669,0.9990681
336,2,24023752,0.99844808,0.00018494,0.0,1.52e-05,1.917e-05,0.54246911,0.0,0.45731158,36215,7,0.03417068,0.999235
336,3,24023753,0.99842429,0.00016465,0.0,1.514e-05,1.476e-05,0.64110245,0.0,0.358703,45017,6,0.12456615,0.9988686
336,4,24023754,0.99839693,0.00016876,0.0,1.515e-05,1.621e-05,0.58745731,0.0,0.41234257,32975,6,0.0588986,0.9988682
336,5,24023755,0.99837238,0.00016119,0.0,1.517e-05,1.58e-05,0.6766055,0.0,0.32320234,64921,6,0.05385522,0.9990684
336,6,24023756,0.99843717,0.00018661,0.0,1.516e-05,1.939e-05,0.59751412,0.0,0.40226471,7017,6,0.02726186,0.9978223
336,7,24023757,0.9984219,0.00015662,0.0,1.518e-05,1.285e-05,0.70939499,0.0,0.29042036,40553,6,0.05333543,0.9988684
336,8,24023758,0.99845801,0.00017904,0.0,1.515e-05,1.702e-05,0.60979816,0.0,0.38999062,27211,6,0.03823512,0.999018
336,9,24023759,0.99837749,0.0001677,0.0,1.526e-05,1.492e-05,0.68274715,0.0,0.31705496,37721,6,0.07705606,0.9990685
336,10,24023760,0.9984012,0.00017682,0.0,1.523e-05,1.763e-05,0.53123457,0.0,0.46855575,56185,6,0.03927763,0.9987027
337,1,24023781,0.99930884,0.00052772,0.99944963,0.0,1.814e-05,4.24e-06,0.0,2.7e-07,55394,4,0.67616294,4.3428597
337,2,24023782,0.99939865,0.00040191,0.33387149,0.0,1.467e-05,0.561505,0.0,0.10420693,14434,4,0.12668735,4.3428098
337,3,24023783,0.99939993,0.00040622,0.32247257,0.0,1.415e-05,0.67710302,0.0,4.04e-06,18067,6,0.28162502,4.3436276
337,4,24023784,0.99936919,0.00045614,0.3801959,0.0,1.926e-05,0.57332962,0.0,0.04599908,47203,4,0.10835596,4.3428846
337,5,24023785,0.99944185,0.00037971,0.20945389,0.0,1.413e-05,0.72233882,0.0,0.06781345,42652,6,0.14814739,4.3436775
337,6,24023786,0.99942637,0.00052502,0.88592522,0.0,1.687e-05,0.09752415,0.0,0.01600874,20971,4,0.26076138,4.3437275
337,7,24023787,0.99940464,0.00053149,0.86062481,0.0,1.623e-05,0.13882708,0.0,3.8e-07,47469,4,0.32636159,4.3437775
337,8,24023788,0.9993857,0.00043252,0.46697609,0.0,1.642e-05,0.48391826,0.0,0.04865671,8930,4,0.11411614,4.3427098
337,9,24023789,0.99941121,0.00032428,0.01476067,0.0,1.38e-05,0.98107425,0.0,0.003827,19995,6,0.24605865,4.3436775
337,10,24023790,0.99946379,0.00037795,0.1538187,0.0,1.781e-05,0.7592189,0.0,0.08656664,8371,4,0.11096928,4.3436275
338,1,24023811,0.83021581,0.02209983,0.00178868,0.15400415,0.00475615,0.75571493,0.06163618,7e-08,34825,6,0.08156016,0.998998
338,2,24023812,0.78913683,0.04231755,0.00411672,0.14605652,0.0126354,0.71193617,0.08293746,1.9e-07,36943,6,0.04167997,0.9989982
338,3,24023813,0.77015874,0.02671669,0.00259734,0.19476705,0.00710237,0.66162406,0.0953873,0.01180519,34953,6,0.09363329,0.9989982
338,4,24023814,0.85259653,0.02507279,0.00331288,0.05786838,0.00452158,0.80127026,0.08262382,0.02533028,19015,6,0.06444242,0.9977464
338,5,24023815,0.80229367,0.03422238,0.00381547,0.08353601,0.01638926,0.75986349,0.09538433,0.00678906,36875,6,0.0795869,0.9989983
338,6,24023816,0.89265989,0.02577473,0.00296496,0.04077161,0.00823547,0.83988707,0.04831493,0.03405123,18631,6,0.13685191,0.9983471
338,7,24023817,0.85295127,0.03588564,0.00322142,0.08634396,0.00794561,0.80867016,0.05793317,6e-08,36879,6,0.1242813,0.9989983
338,8,24023818,0.86952533,0.03155028,0.00239101,0.03395762,0.00316149,0.84814099,0.07982733,0.00097127,7577,6,0.07218425,0.9989982
338,9,24023819,0.8123424,0.03676528,0.00379099,0.15773428,0.00872523,0.71963364,0.06588751,0.00746307,23449,6,0.04825591,0.9988973
338,10,24023820,0.78959122,0.04510973,0.00515668,0.10698175,0.00800261,0.72697407,0.10432594,0.00344921,33753,6,0.04442735,0.9989981
339,1,24023841,0.99422545,0.01352147,0.0450435,0.0,0.0025445,0.00901599,0.0,0.92987454,6655,7,0.03773722,0.9996357
339,2,24023842,0.99663453,0.00708156,0.0325471,0.0,0.00161837,0.02990875,0.0,0.92884423,40767,7,0.03088765,0.9998017
339,3,24023843,0.99581579,0.00941174,0.04541005,0.0,0.00219311,0.01640691,0.0,0.92657818,8183,7,0.03360802,0.9998428
339,4,24023844,0.99648641,0.00784629,0.02705308,0.0,0.00140684,0.03085136,0.0,0.93284243,42359,7,0.02426084,0.9997762
339,5,24023845,0.99677836,0.00758889,0.02057199,0.0,0.00155765,0.00891209,0.0,0.96136938,57207,7,0.04269901,0.9998428
339,6,24023846,0.99690412,0.00691046,0.0232461,0.0,0.00214813,0.00781074,0.0,0.95988458,40447,7,0.03350349,0.9998678
339,7,24023847,0.99576169,0.00883045,0.02492349,0.0,0.00303324,0.01429264,0.0,0.94892018,65351,7,0.03391852,0.9996607
339,8,24023848,0.99561594,0.00899056,0.05189408,0.0,0.00283655,0.00131187,0.0,0.93496695,32703,7,0.02076391,0.9998017
339,9,24023849,0.99616173,0.0086665,0.04257824,0.0,0.00159833,0.02201443,0.0,0.9251425,43903,7,0.03400427,0.9998017
339,10,24023850,0.99688766,0.00670043,0.02013507,0.0,0.00150103,0.01657308,0.0,0.95509039,12255,7,0.04277276,0.9998178
340,1,24023871,0.96549217,0.06369233,0.0355604,0.0,0.01729528,0.77292423,0.00170575,0.10882201,56867,6,0.09683872,3.2678457
340,2,24023872,0.98943889,0.02190851,0.0143433,0.0,0.00408167,0.71176918,6.427e-05,0.24783307,24331,7,0.13397693,3.268474
340,3,24023873,0.95696067,0.07981724,0.03029346,0.0,0.02261598,0.51748497,0.00135849,0.34842986,22155,6,0.11657072,3.2678709
340,4,24023874,0.98188735,0.03413729,0.01191489,0.0,0.00909722,0.68087666,0.00071515,0.2632588,56108,6,0.07322776,3.2684573
340,5,24023875,0.97654769,0.05297173,0.03188941,0.0,0.01269563,0.86962652,0.0006232,0.03219351,51971,6,0.19008383,3.2684239
340,6,24023876,0.98075068,0.0371423,0.02946825,0.0,0.01004212,0.60265599,5.825e-05,0.3206331,18051,6,0.12743181,3.2677212
340,7,24023877,0.98158153,0.0407808,0.01635118,0.0,0.01008016,0.65275748,0.00086523,0.27916514,51978,6,0.07789469,3.2684239
340,8,24023878,0.98055644,0.03793933,0.02503762,0.0,0.00868278,0.68131983,0.00067129,0.24634916,51979,6,0.1447472,3.2685239
340,9,24023879,0.97279017,0.05391119,0.03319787,0.0,0.01431368,0.70492119,0.00138366,0.19227241,20010,6,0.11453177,3.2676711
340,10,24023880,0.98163943,0.03591103,0.02274066,0.0,0.01279475,0.65212964,0.0006455,0.27577841,23301,7,0.08918318,3.2684239
341,1,24023901,0.99803284,0.00014383,0.0,2.076e-05,5.16e-06,0.99982819,1.49e-06,5.7e-07,37993,6,0.08304096,0.9987122
341,2,24023902,0.99808218,0.00017689,0.0,2.074e-05,7.16e-06,0.99979354,1.5e-06,1.8e-07,45055,6,0.02943374,0.9991121
341,3,24023903,0.99812605,0.00015558,0.0,2.07e-05,6.59e-06,0.99981553,1.5e-06,1e-07,30681,6,0.06183567,0.9989117
341,4,24023904,0.99810741,0.00017688,0.0,2.066e-05,7.22e-06,0.99979367,1.51e-06,6e-08,30135,6,0.02863165,0.999037
341,5,24023905,0.99813287,0.00015243,0.0,2.075e-05,6.16e-06,0.99981894,1.52e-06,2e-07,32057,6,0.06339163,0.998912
341,6,24023906,0.99803042,0.00017521,0.0,2.074e-05,6.73e-06,0.9997945,1.52e-06,1.3e-06,62745,6,0.04418048,0.9989121
341,7,24023907,0.99809314,0.00016982,0.0,2.075e-05,6.38e-06,0.99980146,1.57e-06,3e-08,62775,6,0.03797322,0.9989621
341,8,24023908,0.99810038,0.00017119,0.0,2.077e-05,6.23e-06,0.99979997,1.53e-06,3.1e-07,8153,6,0.05055553,0.9989121
341,9,24023909,0.99809465,0.00017411,0.0,2.08e-05,7.09e-06,0.99979639,1.56e-06,5e-08,33897,6,0.03655975,0.9987122
341,10,24023910,0.99810035,0.00016433,0.0,2.064e-05,6.54e-06,0.99943694,1.54e-06,0.00037002,63767,6,0.05550205,0.998862
342,1,24023931,0.98946159,0.01813242,0.002786,0.0,0.00614801,0.97293016,0.0,3.41e-06,52317,6,0.18667436,3.5403878
342,2,24023932,0.9966855,0.00671235,0.00286504,0.0,0.00165626,0.96240151,0.0,0.02636485,19789,6,0.27727826,3.5402879
342,3,24023933,0.99847723,0.00259909,0.00063914,0.0,0.00047916,0.99628239,0.0,2.2e-07,23885,6,0.14912754,3.5403379
342,4,24023934,0.98968911,0.01523612,0.00265854,0.0,0.00710397,0.92208002,0.0,0.05292135,56059,6,0.17023413,3.5398804
342,5,24023935,0.99947366,0.00021061,7.1e-06,0.0,8.93e-06,0.99977313,0.0,2.3e-07,13773,6,0.40413847,3.5403379
342,6,24023936,0.99465966,0.01079194,0.00110195,0.0,0.0025199,0.9664681,0.0,0.01911811,53435,6,0.30979197,3.5403878
342,7,24023937,0.98889124,0.02867984,0.00475875,0.0,0.00689,0.91857587,0.0,0.04109555,56109,6,0.1050302,3.5403878
342,8,24023938,0.99634228,0.00756549,0.00273948,0.0,0.00232736,0.98736717,0.0,5.1e-07,9669,6,0.41639589,3.5402379
342,9,24023939,0.99567496,0.00962692,0.00255793,0.0,0.0024656,0.96139483,0.0,0.02395471,52445,6,0.15676925,3.5398805
342,10,24023940,0.99417751,0.00818546,0.00109557,0.0,0.00685298,0.93200543,0.0,0.05186056,51387,6,0.19868064,3.5398802
343,1,24023961,0.19569585,0.41440379,0.05412731,0.0,0.13962212,0.0,0.36344198,0.02840481,23175,7,0.01092613,0.9990075
343,2,24023962,0.21107681,0.40326432,0.05265921,0.0,0.12482557,0.0,0.36720909,0.05204182,19079,7,0.0289454,0.9989326
343,3,24023963,0.24108021,0.40710029,0.04876343,0.0,0.12073603,0.0,0.33948099,0.08391927,24199,7,0.04150764,0.9988019
343,4,24023964,0.2212829,0.40201519,0.05270951,0.0,0.1213451,0.0,0.36468022,0.05924997,19079,7,0.02039628,0.9989326
343,5,24023965,0.24396428,0.40045422,0.05029245,0.0,0.1206551,0.0,0.33966678,0.08893147,19079,7,0.03003742,0.9989326
343,6,24023966,0.30470777,0.36832287,0.04966631,0.0,0.10791008,0.0,0.3164455,0.15765524,23175,7,0.03702846,0.9990075
343,7,24023967,0.22719158,0.40622413,0.05465722,0.0,0.12164195,0.0,0.35145481,0.06602189,19079,7,0.02667515,0.9989326
343,8,24023968,0.29363872,0.38430486,0.05082484,0.0,0.11875088,0.0,0.3116515,0.13446792,19087,7,0.06454692,0.9990325
343,9,24023969,0.2774702,0.37553673,0.04713951,0.0,0.11938212,0.0,0.33083719,0.12710445,24199,7,0.06893972,0.9988019
343,10,24023970,0.29278038,0.36793305,0.04462092,0.0,0.11619566,0.0,0.32527074,0.14597963,24199,7,0.04680903,0.9988019
344,1,24023991,0.99801878,0.00151054,0.0,0.0,7.43e-05,0.28853398,0.0,0.70988118,28535,7,0.03149232,0.9993938
344,2,24023992,0.99812791,0.00115934,0.0,0.0,2.841e-05,0.36902447,0.0,0.62978777,16247,7,0.03273593,0.9994188
344,3,24023993,0.99785148,0.0014865,0.0,0.0,6.364e-05,0.44488605,0.0,0.55356381,34815,7,0.03089186,0.9994438
344,4,24023994,0.99756573,0.00190209,0.0,0.0,2.401e-05,0.40182542,0.0,0.59624848,52607,7,0.03524741,0.9994437
344,5,24023995,0.99744424,0.00207186,0.0,0.0,5.74e-05,0.27119902,0.0,0.72667173,60791,7,0.03607375,0.9994104
344,6,24023996,0.99780604,0.00152249,0.0,0.0,0.00017903,0.49005205,0.0,0.50824644,26463,7,0.03303417,0.9993938
344,7,24023997,0.99812627,0.00106219,0.0,0.0,2.413e-05,0.37915796,0.0,0.61975572,48087,7,0.0275362,0.9994187
344,8,24023998,0.99774836,0.00165628,0.0,0.0,6.559e-05,0.37386434,0.0,0.62441379,56287,7,0.0341997,0.9994437
344,9,24023999,0.998015,0.00126723,0.0,0.0,0.00028459,0.40093544,0.0,0.59751273,53239,7,0.0383149,0.9994105
344,10,24024000,0.99802191,0.00105628,0.0,0.0,4.138e-05,0.38777075,0.0,0.61113159,62751,6,0.03611485,0.9994437
345,1,24024021,0.99943112,0.00022134,4.15e-06,0.0,9.75e-06,0.99976459,0.0,1.7e-07,11357,6,0.22412823,4.4139619
345,2,24024022,0.98013184,0.08068033,0.02688135,0.0,0.00025048,0.87996621,0.0,0.01222164,50387,6,0.15153804,4.4139619
345,3,24024023,0.99944851,0.0002232,3.82e-06,0.0,1.016e-05,0.99976262,0.0,2e-07,17620,6,0.5062149,4.413862
345,4,24024024,0.99944061,0.00023673,4.24e-06,0.0,1.297e-05,0.99974583,0.0,2.3e-07,54484,6,0.33631274,4.4139619
345,5,24024025,0.95893322,0.16529403,0.06890306,0.0,0.00173346,0.49464073,0.0,0.26942872,20235,7,0.12755256,4.4139619
345,6,24024026,0.99446261,0.01946012,0.010733,0.0,0.00024765,0.96955733,0.0,1.9e-06,9885,6,0.32908301,4.4139619
345,7,24024027,0.99945791,0.00020423,3.74e-06,0.0,5.99e-06,0.9997859,0.0,1.4e-07,15445,6,0.58752787,4.4139619
345,8,24024028,0.99219692,0.0284464,0.01185054,0.0,0.00091241,0.90193217,0.0,0.05685848,8884,6,0.35332493,4.413862
345,9,24024029,0.99825188,0.00476917,0.00313365,0.0,0.00018875,0.9013672,0.0,0.09054122,46540,6,0.12598361,4.4139952
345,10,24024030,0.99945309,0.0002146,3.82e-06,0.0,1.139e-05,0.99976997,0.0,2.2e-07,21963,6,0.46673892,4.4140119
346,1,24024051,0.99807993,0.00015874,0.0,1.904e-05,5.57e-06,0.99981508,1.55e-06,2e-08,37451,6,0.05430024,0.9988006
346,2,24024052,0.99815175,0.00017313,0.0,1.928e-05,5.94e-06,0.99980007,1.56e-06,1e-08,36555,6,0.05915826,0.9988001
346,3,24024053,0.99811379,0.00013771,0.0,1.882e-05,4.92e-06,0.99983687,1.53e-06,1.4e-07,33385,6,0.1117497,0.9984013
346,4,24024054,0.99820251,0.00016136,0.0,1.914e-05,6.52e-06,0.99981139,1.55e-06,3e-08,25289,6,0.04718483,0.9988504
346,5,24024055,0.99804183,0.00016903,0.0,1.926e-05,6.22e-06,0.99788694,1.56e-06,0.001917,32873,6,0.03407469,0.998002
346,6,24024056,0.99810951,0.00014826,0.0,1.899e-05,4.84e-06,0.99982621,1.54e-06,1.6e-07,62633,6,0.06572947,0.9990005
346,7,24024057,0.99818138,0.00016568,0.0,1.913e-05,5.66e-06,0.99980788,1.57e-06,8e-08,32847,6,0.06631385,0.9988006
346,8,24024058,0.99804024,0.00015895,0.0,1.889e-05,5.88e-06,0.99981468,1.55e-06,5e-08,56463,6,0.04233666,0.9982017
346,9,24024059,0.99815853,0.00015936,0.0,1.907e-05,5.7e-06,0.99981385,1.57e-06,4.4e-07,28511,6,0.04917578,0.9991505
346,10,24024060,0.99811877,0.0001795,0.0,1.924e-05,6.58e-06,0.99979302,1.6e-06,6e-08,26703,6,0.05308677,0.9989502
347,1,24024081,0.94432199,0.09442457,0.01111986,0.00035303,0.07457049,0.0,0.03389463,0.78563742,49037,7,0.17868615,1.7304189
347,2,24024082,0.92880834,0.11982111,0.01269435,0.0,0.09799127,0.0,0.0447381,0.72475516,53125,7,0.13754616,1.7302857
347,3,24024083,0.9424812,0.09292984,0.01065365,1e-08,0.07747684,0.0,0.03884344,0.78009621,24453,7,0.08962939,1.730294
347,4,24024084,0.94210685,0.10532625,0.01304008,1e-08,0.08878374,0.0,0.02853378,0.76431614,12069,7,0.1259493,1.7304149
347,5,24024085,0.95464475,0.07877687,0.01142775,1e-08,0.06420207,0.0,0.02608882,0.81950448,48933,7,0.09865017,1.7304899
347,6,24024086,0.94153142,0.10872807,0.01270313,2e-08,0.07907666,0.0,0.03050455,0.76898756,24325,7,0.13798236,1.7304649
347,7,24024087,0.94134538,0.10589028,0.01094322,2e-08,0.08766905,0.0,0.03452797,0.76096946,57093,7,0.08173023,1.7304899
347,8,24024088,0.9383608,0.10603178,0.01155355,0.00016066,0.08954287,0.0,0.03637539,0.75633575,49029,7,0.07966519,1.730319
347,9,24024089,0.94675797,0.08898083,0.00991747,1e-08,0.07840117,0.0,0.03304754,0.78965299,12037,7,0.1418289,1.7304149
347,10,24024090,0.94048289,0.10263209,0.01018837,1e-08,0.08633745,0.0,0.03339959,0.76744249,16165,7,0.2027622,1.7304649
348,1,24024111,0.94114853,0.07947957,0.01277282,0.0,0.03646496,0.55935502,0.00671222,0.30521542,20237,7,0.07249712,2.2043964
348,2,24024112,0.96403262,0.0461155,0.00876793,0.0,0.02036571,0.71361223,0.00627189,0.20486673,18052,6,0.2164045,2.2038563
348,3,24024113,0.95532148,0.06507481,0.0086452,0.0,0.02633721,0.53729959,0.00579667,0.35684652,24330,7,0.08136906,2.2043964
348,4,24024114,0.96554406,0.05503071,0.0057004,0.0,0.02859291,0.55212923,0.00253514,0.35601162,18053,6,0.1156566,2.2039062
348,5,24024115,0.97968074,0.03706316,0.00718675,0.0,0.01463447,0.46513514,0.00172922,0.47425126,24066,7,0.10722766,2.2039561
348,6,24024116,0.96602878,0.05073953,0.00727397,0.0,0.01979394,0.58222446,0.00375522,0.33621288,24325,7,0.07834886,2.2043964
348,7,24024117,0.94905883,0.06958426,0.00804309,0.0,0.03019947,0.4790334,0.00854992,0.40458987,18955,7,0.11395053,2.2040059
348,8,24024118,0.96485919,0.05139057,0.00848111,0.0,0.0250379,0.5451857,0.00268109,0.36722362,24363,6,0.11157398,2.2044464
348,9,24024119,0.95777235,0.06364781,0.00634931,0.0,0.01945921,0.45063094,0.00612921,0.45378351,23043,7,0.07657812,2.2039809
348,10,24024120,0.9707089,0.04253358,0.0050365,0.0,0.02006975,0.55495608,0.00320432,0.37419977,20260,6,0.08099047,2.2042965
349,1,24024141,0.99816872,0.00015985,0.0,2.219e-05,1.38e-05,0.69892182,0.0,0.30088234,40383,6,0.03469443,0.9991465
349,2,24024142,0.99826563,0.00016635,0.0,2.218e-05,1.672e-05,0.59422218,0.0,0.40557256,60649,6,0.06341165,0.9989464
349,3,24024143,0.99818235,0.00017232,0.0,2.227e-05,1.568e-05,0.58650201,0.0,0.41328772,28631,7,0.04156756,0.9990965
349,4,24024144,0.99823357,0.00017603,0.0,2.227e-05,1.929e-05,0.48175433,0.0,0.51802807,35817,6,0.02833848,0.9974683
349,5,24024145,0.9982071,0.00017508,0.0,2.227e-05,1.804e-05,0.50103368,0.0,0.49875093,7679,7,0.03913381,0.9991465
349,6,24024146,0.99831399,0.00017159,0.0,2.223e-05,1.82e-05,0.51097717,0.0,0.48881082,48503,7,0.03312986,0.9991214
349,7,24024147,0.99823115,0.00017327,0.0,2.209e-05,1.774e-05,0.56566321,0.0,0.43412368,7551,7,0.03203529,0.9991465
349,8,24024148,0.9982994,0.00017205,0.0,2.224e-05,1.85e-05,0.41974242,0.0,0.58004479,30711,7,0.03848679,0.9991215
349,9,24024149,0.99823196,0.00015193,0.0,2.236e-05,1.496e-05,0.66086005,0.0,0.3389507,7609,6,0.08118474,0.9988467
349,10,24024150,0.99817752,0.00017097,0.0,2.219e-05,1.721e-05,0.61530213,0.0,0.38448749,23743,6,0.04684496,0.9982936
350,1,24024171,0.99948377,0.00019957,3.67e-06,0.0,8.52e-06,0.99978804,0.0,2e-07,13525,6,0.40549922,4.3588082
350,2,24024172,0.99464804,0.0244217,0.01166076,0.0,0.00013567,0.96377922,0.0,2.64e-06,54924,6,0.11582024,4.3580372
350,3,24024173,0.99942468,0.00022634,3.96e-06,0.0,1.235e-05,0.99975713,0.0,2.3e-07,56773,6,0.15789987,4.3581373
350,4,24024174,0.99337917,0.02868934,0.01787864,0.0,0.00185225,0.93166529,0.0,0.01991447,14210,6,0.09754216,4.3587832
350,5,24024175,0.99947692,0.00018899,3.86e-06,0.0,9.45e-06,0.99979752,0.0,1.8e-07,15451,6,0.49601549,4.3588582
350,6,24024176,0.99943246,0.00022131,4.16e-06,0.0,1.127e-05,0.99976308,0.0,1.8e-07,52315,6,0.19942721,4.3589081
350,7,24024177,0.99303631,0.03276198,0.02437553,0.0,3.124e-05,0.87314618,0.0,0.06968507,56850,6,0.13996889,4.3588082
350,8,24024178,0.98682938,0.05710442,0.02853879,0.0,0.00278799,0.88254848,0.0,0.02902032,54011,6,0.22062571,4.3589081
350,9,24024179,0.99942782,0.00021806,4.06e-06,0.0,1.049e-05,0.99976714,0.0,2.5e-07,21962,6,0.32228184,4.3588082
350,10,24024180,0.98933055,0.05366425,0.02976773,0.0,1.852e-05,0.91654427,0.0,5.23e-06,56410,6,0.12759774,4.3588415
351,1,24024201,0.50993608,0.08122606,0.01357808,0.29645517,0.03489306,0.33365471,0.24019278,1.4e-07,23112,2,0.10865386,0.6654116
351,2,24024202,0.62103606,0.06896292,0.01324886,0.12451067,0.02947131,0.55642216,0.20738397,1.1e-07,22671,6,0.07738774,0.9987337
351,3,24024203,0.55158142,0.07954362,0.01513009,0.16015785,0.03498903,0.46154187,0.24863695,6e-07,18823,6,0.07281397,0.9981015
351,4,24024204,0.50665862,0.09068207,0.01369562,0.25590148,0.03190925,0.37028375,0.2312929,0.00623493,8000,2,0.03787284,0.4992209
351,5,24024205,0.56315502,0.07094407,0.01429372,0.1988478,0.02541821,0.44419295,0.22124713,0.02505611,23361,2,0.03654816,0.4992832
351,6,24024206,0.54463634,0.07682881,0.00981522,0.1918196,0.02445226,0.45067626,0.24640784,2e-08,32781,6,0.10528059,0.9991167
351,7,24024207,0.5623621,0.07435225,0.01515023,0.14049203,0.02479044,0.47510144,0.26329424,0.00681936,23368,2,0.06831763,0.6658221
351,8,24024208,0.48846305,0.09286304,0.01518844,0.18514568,0.0251836,0.36318994,0.29238382,0.02604548,24384,2,0.03171697,0.4992707
351,9,24024209,0.54057432,0.07108252,0.01195417,0.22544195,0.0360479,0.41352557,0.22643531,0.01551257,6982,2,0.05957593,0.4992708
351,10,24024210,0.56891977,0.07136967,0.01125902,0.3049993,0.02228862,0.36209036,0.20279992,0.02519312,24136,2,0.09135063,0.6654117
352,1,24024231,0.99725548,0.00338027,0.01859658,0.0,0.00063862,0.25680988,0.0,0.72057465,61391,7,0.03934495,0.9993786
352,2,24024232,0.99754313,0.00299012,0.01105637,0.0,0.00071905,0.28089235,0.0,0.7043421,47615,7,0.02901733,0.9993785
352,3,24024233,0.997905,0.00240542,0.01045531,0.0,0.00024585,0.22848772,0.0,0.7584057,43967,7,0.02771719,0.9993785
352,4,24024234,0.99746023,0.00347971,0.00878163,0.0,0.00065954,0.26954382,0.0,0.71753529,3447,7,0.03783855,0.9996391
352,5,24024235,0.99771565,0.00244172,0.01767915,0.0,0.00047505,0.26822242,0.0,0.71118166,40311,7,0.05906918,0.9996641
352,6,24024236,0.9975313,0.00275687,0.01073599,0.0,0.00057875,0.23062099,0.0,0.7553074,32759,7,0.03751627,0.9996642
352,7,24024237,0.99746804,0.00290775,0.01399384,0.0,0.00053211,0.22385203,0.0,0.75871428,61303,7,0.02650687,0.9996558
352,8,24024238,0.99780131,0.00255184,0.00724044,0.0,0.00040313,0.26771171,0.0,0.72209288,30007,6,0.03173415,0.9995392
352,9,24024239,0.99822365,0.00178687,0.01054209,0.0,0.00029952,0.27818913,0.0,0.70918239,57271,7,0.03118563,0.9995089
352,10,24024240,0.99801294,0.00200094,0.01338974,0.0,0.00050783,0.20379662,0.0,0.78030487,3959,7,0.0363295,0.9996392
353,1,24024261,0.99474218,0.01078033,0.0020539,0.0,0.00279743,0.96130565,0.0,0.02306269,48458,6,0.27163278,3.9952174
353,2,24024262,0.98663222,0.03107539,0.00351359,0.0,0.00294372,0.76461382,0.0,0.19785348,15114,6,0.08268924,3.995184
353,3,24024263,0.99840077,0.00214315,0.00058746,0.0,0.0001705,0.99709704,0.0,1.84e-06,52307,6,0.20450443,3.9951841
353,4,24024264,0.9956897,0.01289281,0.00265862,0.0,0.00165022,0.94863462,0.0,0.03416373,8429,6,0.13822963,3.9944359
353,5,24024265,0.98661525,0.02674274,0.00179006,0.0,0.00276576,0.94732814,0.0,0.0213733,44355,6,0.1431366,3.9951841
353,6,24024266,0.99873811,0.00237067,0.00062682,0.0,0.00052067,0.98968526,0.0,0.00679658,11356,6,0.27175907,3.9950842
353,7,24024267,0.99192323,0.01333005,0.00463574,0.0,0.00149895,0.96964506,0.0,0.01089019,15683,6,0.19846996,3.9951841
353,8,24024268,0.96744505,0.05727284,0.00440311,0.0,0.0056186,0.82981612,0.0,0.10288933,8444,6,0.28463617,3.9950842
353,9,24024269,0.98449632,0.03122012,0.0036787,0.0,0.00493319,0.79044833,0.0,0.16971966,17860,6,0.15658535,3.9950842
353,10,24024270,0.99947632,0.00022252,1.175e-05,0.0,9.59e-06,0.99975593,0.0,2.1e-07,44355,6,0.33299733,3.9951841
354,1,24024291,0.9980516,0.00015953,0.0,2.088e-05,6.18e-06,0.99981185,1.52e-06,3e-08,64623,6,0.04739865,0.9988766
354,2,24024292,0.99800864,0.00015467,0.0,2.084e-05,5.24e-06,0.98935376,1.51e-06,0.01046397,32779,6,0.0754052,0.9986771
354,3,24024293,0.99805193,0.00016329,0.0,2.083e-05,6.42e-06,0.99980699,1.53e-06,9.5e-07,57753,6,0.04401374,0.9986769
354,4,24024294,0.9979783,0.00013529,0.0,2.076e-05,4.43e-06,0.99983798,1.5e-06,3e-08,36875,6,0.06348422,0.9986771
354,5,24024295,0.99803203,0.00017414,0.0,2.087e-05,6.13e-06,0.9997972,1.55e-06,1.1e-07,31885,6,0.03909581,0.9988767
354,6,24024296,0.99801157,0.00015066,0.0,2.075e-05,5.68e-06,0.99982098,1.52e-06,4.1e-07,34379,6,0.08237562,0.9986768
354,7,24024297,0.66471064,9.666e-05,0.0,0.99988662,3.35e-06,1.183e-05,1.52e-06,1e-08,39352,2,0.08787518,0.6653823
354,8,24024298,0.66493942,9.428e-05,0.0,0.99988901,3.42e-06,1.174e-05,1.54e-06,1e-08,29256,2,0.15552855,0.6657325
354,9,24024299,0.99796538,0.00016452,0.0,2.078e-05,6.61e-06,0.99980621,1.5e-06,3.7e-07,37065,6,0.10477343,0.9986766
354,10,24024300,0.99801219,0.00013752,0.0,2.079e-05,5e-06,0.99983515,1.53e-06,2e-08,36121,6,0.0625172,0.9986767
355,1,24024321,0.98009918,0.04266488,0.00808989,0.0,0.01577229,0.5702793,0.00484853,0.35834511,44813,7,0.13826455,3.0679206
355,2,24024322,0.97776798,0.03849463,0.00722784,0.0,0.01822912,0.8079775,0.00430591,0.12376502,48908,6,0.14298626,3.0678539
355,3,24024323,0.97343694,0.0446659,0.00602449,0.0,0.02421737,0.80607478,0.00586308,0.11315439,47909,6,0.12572913,3.0678456
355,4,24024324,0.96739254,0.06558075,0.01093157,0.0,0.02726851,0.65147128,0.00681351,0.23793438,24213,6,0.11687331,3.0673826
355,5,24024325,0.98541885,0.02718758,0.01167553,0.0,0.00987034,0.73531529,0.00256089,0.21339038,54941,6,0.16589732,3.0679206
355,6,24024326,0.98490736,0.02737317,0.00733143,0.0,0.00998381,0.85285593,0.00285944,0.09959623,50845,6,0.12631553,3.0679206
355,7,24024327,0.97895612,0.04127624,0.01252792,0.0,0.03123924,0.48888503,0.00168306,0.42438851,53133,7,0.10230571,3.0675075
355,8,24024328,0.9745894,0.04362735,0.01587328,0.0,0.02027235,0.75006645,0.00739251,0.16276805,22413,6,0.14139957,3.0678706
355,9,24024329,0.97892678,0.04539046,0.00653598,0.0,0.01093861,0.70290719,0.00480524,0.2294225,46989,6,0.2320677,3.0679206
355,10,24024330,0.9728914,0.05282775,0.01429159,0.0,0.01950554,0.73633676,0.0063148,0.17072356,57261,7,0.07276394,3.0675075
356,1,24024351,0.49143155,0.46592868,0.03476622,0.0,0.17765442,0.0,0.21958856,0.10206213,20103,7,0.04166336,0.9994285
356,2,24024352,0.54339354,0.40526166,0.03164524,0.0,0.16018795,0.0,0.22918301,0.17372214,24207,7,0.054601,0.9995782
356,3,24024353,0.52134236,0.44661173,0.03267872,0.0,0.17794253,0.0,0.19221507,0.15055194,19079,7,0.04614565,0.9994589
356,4,24024354,0.53511402,0.41984507,0.03151874,0.0,0.15616033,0.0,0.25005667,0.14241919,24199,7,0.03468458,0.9995034
356,5,24024355,0.54447789,0.41337042,0.03074199,0.0,0.1580792,0.0,0.19462513,0.20318327,19079,7,0.08184363,0.9994589
356,6,24024356,0.53131602,0.42293758,0.03188866,0.0,0.17457147,0.0,0.21435407,0.15624822,20111,7,0.06274608,0.9995283
356,7,24024357,0.51987343,0.44263228,0.03101763,0.0,0.17287262,0.0,0.22062287,0.1328546,23175,7,0.08626518,0.9995338
356,8,24024358,0.51712863,0.44382344,0.03303539,0.0,0.16806896,0.0,0.21107582,0.14399638,23175,7,0.05436557,0.9995338
356,9,24024359,0.52397724,0.42329882,0.03081456,0.0,0.16856775,0.0,0.23762221,0.13969666,23175,7,0.06109101,0.9995338
356,10,24024360,0.55540796,0.41152197,0.03052488,0.0,0.14797492,0.0,0.20558214,0.2043961,23183,7,0.08421829,0.9996086
357,1,24024381,0.99851982,0.00018831,0.0,1.073e-05,1.68e-05,0.42864146,0.0,0.5711427,53113,6,0.08921083,0.9988786
357,2,24024382,0.99853626,0.00018753,0.0,1.07e-05,1.76e-05,0.62089644,0.0,0.37888773,60927,7,0.06123322,0.9992786
357,3,24024383,0.99846789,0.00019129,0.0,1.07e-05,1.874e-05,0.49042444,0.0,0.50935483,36127,6,0.0297942,0.9992785
357,4,24024384,0.99842726,0.00016099,0.0,1.068e-05,1.269e-05,0.69696421,0.0,0.30285143,49145,6,0.12981541,0.9990788
357,5,24024385,0.99852241,0.00018629,0.0,1.067e-05,1.934e-05,0.55391484,0.0,0.44586886,24569,6,0.03557065,0.9990788
357,6,24024386,0.99853962,0.00017554,0.0,1.075e-05,1.67e-05,0.53975445,0.0,0.46004257,31193,6,0.08600257,0.9990787
357,7,24024387,0.99863029,0.00019904,0.0,1.062e-05,2.087e-05,0.37887335,0.0,0.62089612,63179,6,0.0394508,0.9990781
357,8,24024388,0.99845878,0.00018956,0.0,1.073e-05,1.787e-05,0.48973494,0.0,0.5100469,49049,6,0.0313054,0.9983579
357,9,24024389,0.99845262,0.00019387,0.0,1.068e-05,1.92e-05,0.43308497,0.0,0.56669129,9719,7,0.04708437,0.9992286
357,10,24024390,0.99850935,0.0001918,0.0,1.064e-05,2.009e-05,0.5063318,0.0,0.49344567,32055,6,0.05787963,0.9991286
358,1,24024411,0.9970774,0.0140242,0.01956692,0.0,0.00027613,0.94765548,0.0,0.01847728,22173,6,0.147299,4.7503032
358,2,24024412,0.9707414,0.16870529,0.3805775,0.0,0.00266308,0.36516482,0.0,0.08288931,8436,6,0.13080197,4.7501533
358,3,24024413,0.97119766,0.16374734,0.38493636,0.0,0.00677802,0.44453767,0.0,6.1e-07,8354,4,0.27684389,4.7492044
358,4,24024414,0.97689403,0.12846032,0.29066927,0.0,0.00514891,0.48394122,0.0,0.09178027,8418,4,0.2127008,4.7492046
358,5,24024415,0.96078245,0.22560586,0.48691245,0.0,0.0071132,0.28036774,0.0,7.6e-07,8418,4,0.36775213,4.7492046
358,6,24024416,0.99191773,0.04499046,0.09342619,0.0,0.00131677,0.69842021,0.0,0.16184636,19997,6,0.13963803,4.7502532
358,7,24024417,0.99295428,0.03870919,0.06135309,0.0,0.00144814,0.80093661,0.0,0.09755297,54933,6,0.23414938,4.7502782
358,8,24024418,0.97269688,0.15400518,0.35030074,0.0,0.00594387,0.48974995,0.0,2.6e-07,10115,6,0.29174178,4.7502032
358,9,24024419,0.98995797,0.05892801,0.09045821,0.0,0.00266837,0.54833559,0.0,0.29960982,19211,7,0.17302685,4.7502531
358,10,24024420,0.99109526,0.04486522,0.09483537,0.0,0.00313355,0.78025986,0.0,0.076906,55827,6,0.19153719,4.7493791
359,1,24024441,0.97902759,0.00643116,0.0,0.00954128,0.00052661,0.96990593,0.01014188,0.00345314,39977,6,0.07913605,0.998867
359,2,24024442,0.9562479,0.00342098,0.0,0.07262667,9.3e-05,0.9211193,0.00273997,7e-08,64523,6,0.07159128,0.999067
359,3,24024443,0.98839868,0.00584706,0.0,0.00071644,0.00051534,0.98814633,0.00477454,2.9e-07,61577,6,0.04744344,0.9990671
359,4,24024444,0.97826343,0.00255032,0.0,0.03257565,0.00099031,0.96185253,0.00203116,4e-08,57487,6,0.06431519,0.9990671
359,5,24024445,0.98798773,0.00214939,0.0,0.01820099,0.00016317,0.97736261,0.00212338,4.5e-07,35087,6,0.0519847,0.9981352
359,6,24024446,0.95899815,0.00513835,0.0,0.06217228,0.00089634,0.92849051,0.00330245,8e-08,32841,6,0.07662428,0.9988672
359,7,24024447,0.96986839,0.00295135,0.0,0.0261456,0.0016146,0.96032333,0.00896496,1.4e-07,59407,6,0.06182959,0.9990671
359,8,24024448,0.88322615,0.00658387,0.0,0.20326453,0.00144722,0.77516561,0.01353852,2.5e-07,36879,6,0.06907713,0.9988673
359,9,24024449,0.94543663,0.00906711,0.0,0.0785129,0.00024306,0.90174885,0.01042804,4e-08,36909,6,0.06950846,0.9985011
359,10,24024450,0.97216068,0.00145936,0.0,0.02993327,0.00022317,0.95642493,0.00848164,0.00347764,59469,6,0.05735256,0.9990668
360,1,24024471,0.99781479,0.00996414,0.0248824,0.0,0.00256198,0.00363867,0.0,0.95895281,64503,7,0.0255486,0.999919
360,2,24024472,0.99731381,0.01299208,0.03290986,0.0,0.00349696,0.00258806,0.0,0.94801305,60791,7,0.02824361,0.9999459
360,3,24024473,0.99783161,0.01136035,0.02798451,0.0,0.00287361,5.02e-06,0.0,0.95777651,58751,7,0.02804905,0.9999793
360,4,24024474,0.99794193,0.01104372,0.02778476,0.0,0.00231726,0.00224084,0.0,0.95661341,30071,7,0.02137495,0.9999293
360,5,24024475,0.99816963,0.00848633,0.02773807,0.0,0.00289785,0.00036553,0.0,0.96051222,44543,7,0.02166242,0.9999793
360,6,24024476,0.99809696,0.0088244,0.03320189,0.0,0.00274071,0.0098262,0.0,0.94540681,56255,7,0.03510345,0.9999586
360,7,24024477,0.99772428,0.01112831,0.03121234,0.0,0.00205145,0.00013227,0.0,0.95547564,3959,7,0.03600857,0.9999293
360,8,24024478,0.99784728,0.00997141,0.0305096,0.0,0.00234204,0.00877759,0.0,0.94839935,12215,7,0.02302798,0.9999189
360,9,24024479,0.99818053,0.00821949,0.01874212,0.0,0.00206761,0.00124093,0.0,0.96972984,29687,7,0.03446841,0.9998954
360,10,24024480,0.99801475,0.00906784,0.03359773,0.0,0.00370838,0.00722184,0.0,0.94640421,47959,7,0.03039969,0.9999543
361,1,24024501,0.97216243,0.04635496,0.00967407,0.0,0.01306663,0.5916356,0.00443446,0.33483427,22403,6,0.08679792,3.1049152
361,2,24024502,0.97727445,0.03988596,0.0083469,0.0,0.01147437,0.61758603,0.00156126,0.32114547,19981,7,0.1531537,3.1043448
361,3,24024503,0.98184615,0.02959412,0.00729126,0.0,0.0118321,0.59642357,0.00191217,0.35294678,19203,7,0.08917359,3.1048651
361,4,24024504,0.98520692,0.02552036,0.0043129,0.0,0.01219907,0.48603695,0.0005503,0.47138043,19211,7,0.2008789,3.1049151
361,5,24024505,0.96916697,0.05537876,0.01434139,0.0,0.01583376,0.67371147,0.00174244,0.23899217,20259,6,0.08060704,3.1048652
361,6,24024506,0.96922874,0.05346098,0.01204104,0.0,0.01643175,0.59779553,0.00158409,0.3186866,23043,7,0.11079741,3.1043197
361,7,24024507,0.98318902,0.02970099,0.00662198,0.0,0.0084087,0.56841891,0.00088608,0.38596334,20237,7,0.10078034,3.1049152
361,8,24024508,0.98346649,0.02798921,0.00656745,0.0,0.00916933,0.89892005,0.00250472,0.05484924,23339,6,0.14783555,3.1049651
361,9,24024509,0.98438868,0.02677792,0.004592,0.0,0.0089311,0.79848835,0.0019045,0.15930613,52739,6,0.10133413,3.1043282
361,10,24024510,0.97668973,0.04853025,0.00453569,0.0,0.01249718,0.64332621,0.00076501,0.29034566,20237,7,0.07434208,3.1049152
362,1,24024531,0.99799595,0.00014503,0.0,2.223e-05,1.226e-05,0.70660297,0.0,0.29321751,44025,6,0.05730223,0.9981724
362,2,24024532,0.99803642,0.00014415,0.0,2.234e-05,1.133e-05,0.77397415,0.0,0.22584803,8057,6,0.07489295,0.9988478
362,3,24024533,0.99805921,0.00015233,0.0,2.236e-05,1.375e-05,0.69827807,0.0,0.30153349,61515,6,0.05826431,0.9988479
362,4,24024534,0.99784749,0.00014226,0.0,2.226e-05,1.068e-05,0.80300347,0.0,0.19682132,37721,6,0.09214708,0.998848
362,5,24024535,0.99806311,0.00016012,0.0,2.224e-05,1.459e-05,0.63491165,0.0,0.3648914,7001,6,0.05928006,0.9987478
362,6,24024536,0.99810823,0.00016579,0.0,2.227e-05,1.406e-05,0.65535229,0.0,0.34444559,62409,6,0.04334234,0.9978968
362,7,24024537,0.99796526,0.00015044,0.0,2.237e-05,1.17e-05,0.75533739,0.0,0.2444781,61785,6,0.06489008,0.9988479
362,8,24024538,0.99793755,0.00016082,0.0,2.227e-05,1.625e-05,0.59040077,0.0,0.40939989,37385,6,0.03867444,0.9981724
362,9,24024539,0.99802995,0.00014936,0.0,2.219e-05,1.268e-05,0.71554636,0.0,0.28426941,32633,6,0.0398093,0.9988478
362,10,24024540,0.99799372,0.00015617,0.0,2.218e-05,1.432e-05,0.68258585,0.0,0.31722149,40075,6,0.05701805,0.9986476
363,1,24024561,0.98439529,0.04043233,0.01114421,0.0,0.00458444,0.8558272,0.0,0.08801183,10117,6,0.14205907,4.1810949
363,2,24024562,0.9994176,0.00022336,9.08e-06,0.0,1.196e-05,0.99975532,0.0,2.8e-07,15821,6,0.20268768,4.1805594
363,3,24024563,0.98521556,0.02991277,0.00293353,0.0,0.00799856,0.92509646,0.0,0.03405869,46987,6,0.18609309,4.1812448
363,4,24024564,0.99683439,0.00707974,0.00403483,0.0,0.00172978,0.98715373,0.0,1.93e-06,48588,6,0.09133157,4.1805094
363,5,24024565,0.99522852,0.01010608,0.00096413,0.0,0.00114948,0.98777968,0.0,6.3e-07,51963,6,0.39107364,4.1806093
363,6,24024566,0.99159402,0.02705609,0.0024888,0.0,0.00270751,0.96619291,0.0,0.00155469,44362,6,0.11692503,4.1811449
363,7,24024567,0.99550538,0.01343526,0.00400558,0.0,0.00303733,0.85032672,0.0,0.12919511,16635,6,0.13331675,4.1811449
363,8,24024568,0.994427,0.01496863,0.00190715,0.0,0.00119431,0.7772978,0.0,0.2046321,53003,6,0.17367217,4.1812448
363,9,24024569,0.99087374,0.02569579,0.00379746,0.0,0.00473892,0.89824035,0.0,0.06752747,11714,6,0.15062305,4.1803093
363,10,24024570,0.99576891,0.009655,0.00517363,0.0,0.00356158,0.89584407,0.0,0.08576573,14210,6,0.17096066,4.1811199
364,1,24024591,0.47047908,0.13294703,0.01662937,0.00478431,0.04797656,0.3160001,0.36437681,0.11728582,22663,6,0.04398888,0.9989633
364,2,24024592,0.38989955,0.16128999,0.01721871,0.0039378,0.06222278,0.3434897,0.40926222,0.0025788,22927,6,0.05664407,0.9987077
364,3,24024593,0.4920605,0.13759152,0.0185823,0.00281369,0.05213129,0.39798521,0.34007275,0.05082323,23687,6,0.09059735,0.9989633
364,4,24024594,0.51923379,0.12938934,0.01784093,0.0014906,0.05173659,0.40584285,0.32113118,0.07256849,19591,6,0.08651992,0.9988884
364,5,24024595,0.4738713,0.14386269,0.01772899,0.00370829,0.04955636,0.37226732,0.34980047,0.06307588,19591,6,0.08801209,0.9988884
364,6,24024596,0.39836648,0.16093926,0.02030858,0.00481326,0.05200391,0.32218886,0.40955481,0.03019131,23687,6,0.02986459,0.9989633
364,7,24024597,0.32798247,0.17816017,0.02339111,0.00316376,0.06932674,0.24518786,0.45394668,0.02682368,19591,6,0.06185926,0.9988884
364,8,24024598,0.43987663,0.14046806,0.01821427,0.00276304,0.05908826,0.37640213,0.3824656,0.02059865,22663,6,0.05751309,0.9989633
364,9,24024599,0.39517575,0.15160381,0.01704654,0.01078265,0.06193194,0.3133715,0.40502873,0.04023482,22927,6,0.03863537,0.9987077
364,10,24024600,0.41601459,0.15150249,0.01794814,0.00266145,0.05982585,0.26520268,0.401351,0.10150839,19079,7,0.06276074,0.998558
365,1,24024621,0.99764647,0.00220092,0.00177928,0.0,6.504e-05,0.29956688,0.0,0.69638788,30719,7,0.04160356,0.9994991
365,2,24024622,0.99700643,0.00283047,0.0034475,0.0,0.00022089,0.35130141,0.0,0.64219973,31583,7,0.04988429,0.999499
365,3,24024623,0.99806889,0.0013104,0.00220803,0.0,0.00012791,0.38172855,0.0,0.6146251,26623,7,0.02903736,0.9994491
365,4,24024624,0.9978852,0.00165879,0.00369225,0.0,0.00011189,0.35449499,0.0,0.64004208,61367,7,0.05982913,0.9991821
365,5,24024625,0.99758088,0.00168611,0.00499249,0.0,0.00022449,0.38918162,0.0,0.60391529,23519,7,0.04227401,0.999499
365,6,24024626,0.9973506,0.00229551,0.00521491,0.0,0.00026179,0.33763749,0.0,0.6545903,25983,7,0.03298817,0.999449
365,7,24024627,0.99775739,0.00176354,0.00393574,0.0,4.854e-05,0.3934401,0.0,0.60081208,51191,7,0.03070301,0.9994657
365,8,24024628,0.99785821,0.00180754,0.0036195,0.0,0.00018575,0.28929342,0.0,0.70509379,22455,6,0.02622915,0.9992237
365,9,24024629,0.99775577,0.00176349,0.00475114,0.0,9.362e-05,0.36144255,0.0,0.6319492,7679,7,0.03666953,0.999499
365,10,24024630,0.9974196,0.00234166,0.00596841,0.0,4.298e-05,0.3536103,0.0,0.63803666,61399,7,0.02261381,0.9994657
366,1,24024651,0.99649913,0.00849974,0.00209991,0.0,0.00033302,0.91801493,0.0,0.07105239,9428,6,0.25230363,4.634965
366,2,24024652,0.99843544,0.00343181,0.00218989,0.0,0.00044343,0.99393182,0.0,3.05e-06,8956,6,0.2958616,4.6349649
366,3,24024653,0.9994093,0.00022424,3.84e-06,0.0,1.192e-05,0.99975975,0.0,2.5e-07,17866,6,0.17081042,4.634965
366,4,24024654,0.97869463,0.05376677,0.00685982,0.0,0.00299464,0.82860054,0.0,0.10777823,24083,6,0.22087605,4.6350649
366,5,24024655,0.99947722,0.00020536,3.84e-06,0.0,1.113e-05,0.99977951,0.0,1.5e-07,21717,6,0.52912072,4.6350649
366,6,24024656,0.99935675,0.00021599,3.85e-06,0.0,9.08e-06,0.99977089,0.0,2e-07,19532,6,0.22013192,4.6340393
366,7,24024657,0.99751034,0.0068198,0.00156196,0.0,0.00014688,0.95746101,0.0,0.03401035,13771,6,0.21197291,4.6351149
366,8,24024658,0.99345812,0.01552449,0.00843859,0.0,0.00043308,0.90778418,0.0,0.06781967,13972,6,0.18290472,4.6350399
366,9,24024659,0.99477309,0.01413656,0.00300375,0.0,0.00100801,0.88237137,0.0,0.09948031,48459,6,0.27740132,4.6351648
366,10,24024660,0.9762738,0.06425385,0.00888564,0.0,0.00016736,0.86288111,0.0,0.06381204,10123,6,0.11762343,4.6350649
367,1,24024681,0.9980868,0.00015758,0.0,2.097e-05,5.6e-06,0.99981427,1.51e-06,6e-08,38477,6,0.05591935,0.9986788
367,2,24024682,0.99798251,0.0001702,0.0,2.097e-05,5.61e-06,0.99980161,1.54e-06,7e-08,60523,6,0.04223728,0.9988781
367,3,24024683,0.99792088,0.0001354,0.0,2.079e-05,4.4e-06,0.99983779,1.57e-06,6e-08,36937,6,0.14157539,0.998679
367,4,24024684,0.99790662,0.00016105,0.0,2.102e-05,5.94e-06,0.99981037,1.54e-06,8e-08,28991,6,0.04374656,0.9986186
367,5,24024685,0.99793362,0.00015464,0.0,2.079e-05,5.45e-06,0.99981755,1.54e-06,2e-08,38923,6,0.04845812,0.9986787
367,6,24024686,0.99800785,0.00017157,0.0,2.101e-05,6.93e-06,0.99979872,1.53e-06,2.4e-07,57417,6,0.04280438,0.9988788
367,7,24024687,0.99794976,0.00013371,0.0,2.087e-05,4.59e-06,0.99983928,1.53e-06,3e-08,32783,6,0.08772036,0.998679
367,8,24024688,0.99797585,0.00016202,0.0,2.087e-05,5.75e-06,0.98940519,1.52e-06,0.01040465,32973,6,0.05260638,0.9986786
367,9,24024689,0.99804208,0.00014638,0.0,2.097e-05,5.07e-06,0.99982569,1.54e-06,3.5e-07,59401,6,0.04657449,0.9988788
367,10,24024690,0.99807031,0.00016012,0.0,2.089e-05,6.45e-06,0.99981086,1.51e-06,1.7e-07,28877,6,0.08398054,0.9988787
368,1,24024711,0.93364567,0.11351945,0.02368503,0.0,0.08208694,0.06468058,0.01643094,0.69959706,16261,7,0.16642577,2.4071341
368,2,24024712,0.95627349,0.07129885,0.01993805,0.0,0.05034233,0.21506515,0.01285329,0.63050233,24069,6,0.17001554,2.4069843
368,3,24024713,0.93014682,0.11249047,0.03691211,0.0,0.06954646,0.13306065,0.02341588,0.62457442,12077,7,0.09093374,2.4074402
368,4,24024714,0.90123592,0.17181684,0.04853825,0.0,0.10554152,0.05898227,0.03104855,0.58407257,16269,7,0.08817354,2.4072091
368,5,24024715,0.93934294,0.10644528,0.02782958,0.0,0.06201692,0.06048087,0.01607501,0.72715233,20365,7,0.08371013,2.4071091
368,6,24024716,0.96217055,0.05812596,0.0118636,0.0,0.04118014,0.01064215,0.01051007,0.86767809,44813,7,0.20583793,2.4075401
368,7,24024717,0.94878684,0.0895575,0.0359824,0.0,0.04522854,0.24940162,0.01881668,0.56101325,52741,6,0.15513857,2.4069926
368,8,24024718,0.93839457,0.10514171,0.0273042,0.0,0.08315466,0.09141641,0.01757914,0.67540388,16293,7,0.12034842,2.407134
368,9,24024719,0.93024956,0.11921716,0.02320431,0.0,0.08043373,0.06713276,0.021541,0.68847104,49037,7,0.10164636,2.407259
368,10,24024720,0.94125642,0.09904101,0.03076316,0.0,0.05838243,0.11171247,0.01748714,0.68261379,20269,7,0.12951056,2.4074402
369,1,24024741,0.92780313,0.08137392,0.01435032,0.0,0.03801968,0.0,0.01695622,0.84929986,23298,7,0.16759802,1.8173192
369,2,24024742,0.94560063,0.06263418,0.01042493,0.0,0.02969139,0.0,0.0106376,0.8866119,19202,7,0.14996475,1.8172442
369,3,24024743,0.93817176,0.07417975,0.01074574,0.0,0.03450274,0.0,0.01194037,0.86863141,19979,7,0.11969482,1.8170311
369,4,24024744,0.91175086,0.10556265,0.0160013,0.0,0.05030276,0.0,0.0153724,0.81276089,18955,7,0.20425965,1.817031
369,5,24024745,0.89556676,0.12088234,0.01798089,0.0,0.05716103,0.0,0.02329315,0.78068258,18954,7,0.10855975,1.8168813
369,6,24024746,0.92269596,0.09552635,0.01447634,0.0,0.04414566,0.0,0.01422001,0.83163165,18948,7,0.15830181,1.8168813
369,7,24024747,0.89171015,0.13608412,0.01683788,0.0,0.0698788,0.0,0.02154216,0.75565705,23306,7,0.13246421,1.8173442
369,8,24024748,0.88860091,0.12948168,0.01783567,0.0,0.06625225,0.0,0.02082987,0.76560053,24322,7,0.10993387,1.8173192
369,9,24024749,0.89745716,0.12180093,0.01658373,0.0,0.06798037,0.0,0.01912155,0.77451342,20365,7,0.0896572,1.817131
369,10,24024750,0.87698602,0.15145863,0.02141643,0.0,0.07172139,0.0,0.02251882,0.73288473,19971,7,0.13295557,1.8169312
370,1,24024771,0.99821501,0.00017548,0.0,1.938e-05,1.866e-05,0.42114303,0.0,0.57864345,32599,7,0.05155378,0.9990993
370,2,24024772,0.99822691,0.00017937,0.0,1.919e-05,1.931e-05,0.51638942,0.0,0.48339271,14175,7,0.04162684,0.9991242
370,3,24024773,0.99813848,0.00017108,0.0,1.929e-05,1.616e-05,0.54341731,0.0,0.45637617,40809,6,0.0373803,0.9980496
370,4,24024774,0.99818458,0.0001523,0.0,1.929e-05,1.225e-05,0.64004269,0.0,0.35977347,14329,6,0.05162482,0.9989243
370,5,24024775,0.99828874,0.00017953,0.0,1.936e-05,1.816e-05,0.41038353,0.0,0.58939943,38175,6,0.05260564,0.9991242
370,6,24024776,0.99819481,0.00016684,0.0,1.934e-05,1.687e-05,0.56935884,0.0,0.43043811,17847,6,0.05565816,0.9990742
370,7,24024777,0.9981719,0.00017385,0.0,1.934e-05,1.806e-05,0.42712031,0.0,0.57266844,36681,6,0.04997949,0.9978497
370,8,24024778,0.9982419,0.00016874,0.0,1.918e-05,1.652e-05,0.48221817,0.0,0.51757738,56793,6,0.04265738,0.9980494
370,9,24024779,0.99813519,0.00016671,0.0,1.933e-05,1.607e-05,0.54961968,0.0,0.45017821,58679,6,0.04224548,0.9988246
370,10,24024780,0.99822458,0.0001675,0.0,1.925e-05,1.648e-05,0.56491337,0.0,0.4348834,60729,6,0.09446048,0.9987244
371,1,24024801,0.98336246,0.10070363,0.22395323,0.0,0.00459664,0.66519925,0.0,0.00554726,10123,6,0.12072743,4.9152263
371,2,24024802,0.99386922,0.03678397,0.06935426,0.0,0.00152742,0.89233009,0.0,4.25e-06,55995,6,0.28854612,4.9145442
371,3,24024803,0.97961092,0.13728487,0.26123398,0.0,0.00433451,0.54077621,0.0,0.05637042,47803,4,0.15822166,4.9145442
371,4,24024804,0.95166264,0.32228809,0.66905233,0.0,0.00865496,4.49e-06,0.0,1.3e-07,47867,4,0.6690407,4.9145441
371,5,24024805,0.99389775,0.03925415,0.07226913,0.0,0.00097183,0.8675009,0.0,0.02000399,51963,6,0.14103517,4.9145441
371,6,24024806,0.95123487,0.32935214,0.66189178,0.0,0.00875128,4.66e-06,0.0,1.3e-07,47867,4,0.66187964,4.9145441
371,7,24024807,0.97214258,0.16568244,0.34969824,0.0,0.00513057,0.35282292,0.0,0.12666583,53947,6,0.09766325,4.9153262
371,8,24024808,0.98871641,0.06223499,0.15269134,0.0,0.00753983,0.77058643,0.0,0.00694741,22413,6,0.12712285,4.9152762
371,9,24024809,0.97301228,0.17040583,0.35895416,0.0,0.00318568,0.4130845,0.0,0.05436983,47867,4,0.26360098,4.9145441
371,10,24024810,0.95094393,0.3305486,0.66175759,0.0,0.0076891,4.57e-06,0.0,1.4e-07,47355,4,0.66174552,4.9145442
372,1,24024831,0.57330987,0.06470837,0.01577052,0.17998766,0.02023494,0.4615707,0.22231153,0.03541628,23239,6,0.04761448,0.9983744
372,2,24024832,0.51753045,0.0736261,0.01637156,0.24312204,0.03142696,0.40624837,0.22415457,0.00505041,37451,6,0.09688797,0.9989743
372,3,24024833,0.43118883,0.09927933,0.01926739,0.28961867,0.02794789,0.26338475,0.28921813,0.01128384,8014,2,0.07563627,0.6655376
372,4,24024834,0.54581391,0.05976356,0.01189294,0.19794449,0.02673544,0.44061848,0.24325056,0.01979453,19591,6,0.04164944,0.9982993
372,5,24024835,0.61976487,0.05761381,0.01681621,0.23451427,0.02231116,0.48738356,0.17249877,0.00886221,18631,6,0.10560675,0.9982993
372,6,24024836,0.50988624,0.07369712,0.01311771,0.27429619,0.02457089,0.36286573,0.23738157,0.0140708,19591,6,0.05539076,0.9982993
372,7,24024837,0.58119264,0.07839765,0.01752488,0.19634915,0.01934339,0.48114315,0.2033403,0.00390149,33353,6,0.05054338,0.9989743
372,8,24024838,0.46768361,0.08176539,0.02053996,0.30475176,0.04562951,0.3140477,0.23094528,0.0023204,24392,2,0.04576388,0.6655375
372,9,24024839,0.62840715,0.05216178,0.0081837,0.28897392,0.01567428,0.46138883,0.1534107,0.02020679,8014,2,0.09294887,0.6655376
372,10,24024840,0.50207507,0.07770125,0.0145493,0.30163959,0.02077734,0.2908302,0.2338543,0.06064802,23374,2,0.08912019,0.6656041
373,1,24024861,0.996712,0.00537824,0.02167726,0.0,0.00104488,0.07752342,0.0,0.8943762,47999,7,0.02672945,0.999681
373,2,24024862,0.99680818,0.0052356,0.02334262,0.0,0.00085963,0.08952705,0.0,0.88103509,4087,7,0.0328167,0.9997373
373,3,24024863,0.99664977,0.0052332,0.02653817,0.0,0.00134966,0.08617838,0.0,0.8807006,28151,7,0.0360957,0.9997373
373,4,24024864,0.99646127,0.00560295,0.02351409,0.0,0.00117252,0.07273133,0.0,0.89697912,56159,7,0.04138494,0.9997873
373,5,24024865,0.99639243,0.00651291,0.02595194,0.0,0.00137233,0.10421353,0.0,0.86194928,58743,7,0.04552552,0.9996873
373,6,24024866,0.99594148,0.00707463,0.02390838,0.0,0.00103317,0.09690543,0.0,0.87107839,46967,7,0.02410091,0.9997196
373,7,24024867,0.9964443,0.00655269,0.02246346,0.0,0.00119723,0.12239473,0.0,0.84739189,51167,7,0.0362842,0.9997873
373,8,24024868,0.99691798,0.00500466,0.02616885,0.0,0.00152073,0.07976051,0.0,0.88754525,38783,7,0.04257072,0.9997873
373,9,24024869,0.99651802,0.00619656,0.02204475,0.0,0.00100082,0.06366388,0.0,0.90709399,13823,7,0.03014354,0.9997873
373,10,24024870,0.99611664,0.00654184,0.02697158,0.0,0.00093966,0.08878096,0.0,0.87676597,39903,7,0.03198476,0.9997873
374,1,24024891,0.98105855,0.03191201,0.00983838,0.0,0.01164164,0.70095014,0.0,0.24565783,17861,6,0.09036064,3.9883009
374,2,24024892,0.9913697,0.01557074,0.00308337,0.0,0.00508686,0.92087623,0.0,0.05538281,8372,6,0.34844207,3.9882509
374,3,24024893,0.99364146,0.00923484,0.00619512,0.0,0.00314887,0.98047085,0.0,0.00095032,8884,6,0.33764158,3.988251
374,4,24024894,0.98930056,0.02459133,0.003411,0.0,0.00389649,0.92452757,0.0,0.04357361,15690,6,0.33369183,3.9883509
374,5,24024895,0.98618781,0.02349603,0.01249174,0.0,0.00576714,0.89720266,0.0,0.06104243,8892,6,0.20357601,3.988251
374,6,24024896,0.98022584,0.04146512,0.00987705,0.0,0.00952727,0.76646802,0.0,0.17266254,15690,6,0.10338917,3.9883509
374,7,24024897,0.99346144,0.01331129,0.00287733,0.0,0.00347303,0.76315002,0.0,0.21718834,11594,6,0.24745739,3.988251
374,8,24024898,0.99131071,0.01616581,0.00306122,0.0,0.00507294,0.94464827,0.0,0.03105175,8380,6,0.22903761,3.9882509
374,9,24024899,0.99382599,0.00769012,0.00055804,0.0,0.00438494,0.87043432,0.0,0.11693258,15693,6,0.46483171,3.9884009
374,10,24024900,0.98773551,0.0265857,0.00860973,0.0,0.00484421,0.84179276,0.0,0.1181676,23427,6,0.10797654,3.9877287
375,1,24024921,0.9979421,0.00015644,0.0,2.084e-05,6.29e-06,0.99981474,1.54e-06,1.6e-07,29389,6,0.0466724,0.9987793
375,2,24024922,0.99787546,0.00016263,0.0,2.069e-05,6.48e-06,0.99980865,1.51e-06,4e-08,33387,6,0.04173069,0.9980697
375,3,24024923,0.99790197,0.00014354,0.0,2.08e-05,5.62e-06,0.99982847,1.51e-06,6e-08,33241,6,0.11124918,0.9985793
375,4,24024924,0.99778724,0.00015472,0.0,2.073e-05,5.92e-06,0.99981546,1.52e-06,1.65e-06,31851,6,0.05215692,0.9987787
375,5,24024925,0.99793342,0.00014384,0.0,2.074e-05,5.22e-06,0.99982866,1.51e-06,3e-08,40825,6,0.14550779,0.9987795
375,6,24024926,0.99781393,0.00014658,0.0,2.073e-05,4.97e-06,0.9998261,1.52e-06,1.1e-07,29145,6,0.05475334,0.9987794
375,7,24024927,0.99791011,0.00016087,0.0,2.067e-05,6.82e-06,0.99981003,1.54e-06,7e-08,51609,6,0.04370808,0.9985796
375,8,24024928,0.99775086,0.00015082,0.0,2.086e-05,5.66e-06,0.99982104,1.54e-06,8e-08,39951,6,0.05991133,0.9985792
375,9,24024929,0.9979001,0.00014145,0.0,2.089e-05,5.82e-06,0.99983031,1.48e-06,4e-08,36249,6,0.09743316,0.9985797
375,10,24024930,0.99783237,0.00016558,0.0,2.072e-05,6.75e-06,0.99980527,1.5e-06,1.7e-07,33373,6,0.07884967,0.9975602
376,1,24024951,0.98643267,0.03288829,0.00607649,0.0,0.00777088,0.81730142,0.0,0.13596292,48661,6,0.08226684,3.7955819
376,2,24024952,0.9924041,0.01848724,0.00666059,0.0,0.00485715,0.95298288,0.0,0.01701213,44573,6,0.13862291,3.7956568
376,3,24024953,0.9906822,0.01934835,0.00245921,0.0,0.00687923,0.8871839,0.0,0.08412931,47916,6,0.06361274,3.7955902
376,4,24024954,0.98449205,0.03911106,0.0052683,0.0,0.01640802,0.68218453,0.0,0.2570281,11821,7,0.13071629,3.7948483
376,5,24024955,0.99616989,0.01002106,0.00575532,0.0,0.0032038,0.91798991,0.0,0.06302991,48453,6,0.09618179,3.7955819
376,6,24024956,0.99388912,0.01170021,0.00167168,0.0,0.00441601,0.78353255,0.0,0.19867955,50636,6,0.30163994,3.7955569
376,7,24024957,0.99712314,0.00352938,0.00123306,0.0,0.00151104,0.97971418,0.0,0.01401234,21179,6,0.14279049,3.7956069
376,8,24024958,0.98636589,0.0437616,0.00470828,0.0,0.00515182,0.8941026,0.0,0.0522757,57131,6,0.09915288,3.7956568
376,9,24024959,0.99420789,0.01296469,0.00636359,0.0,0.00343483,0.9275183,0.0,0.04971859,21965,6,0.17604251,3.7956069
376,10,24024960,0.99452016,0.01411435,0.00223718,0.0,0.00496215,0.978684,0.0,2.32e-06,22172,6,0.18487139,3.7955569
377,1,24024981,0.38382043,0.42823611,0.04060111,0.0,0.1286579,0.0,0.20673584,0.19576904,23175,7,0.09195481,0.9991828
377,2,24024982,0.34235959,0.44396362,0.04248411,0.0,0.13904378,0.0,0.23061472,0.14389378,19079,7,0.08746834,0.999108
377,3,24024983,0.28785287,0.49109621,0.0452601,0.0,0.14289119,0.0,0.24335736,0.07739513,19079,7,0.03193479,0.999108
377,4,24024984,0.38110428,0.41999118,0.04004025,0.0,0.13502185,0.0,0.21634724,0.18859949,19087,7,0.05329947,0.9992078
377,5,24024985,0.4025721,0.41045426,0.03997076,0.0,0.12797397,0.0,0.20207192,0.21952909,19079,7,0.09951206,0.999108
377,6,24024986,0.42736067,0.3930212,0.03809414,0.0,0.11670626,0.0,0.1962556,0.25592279,19079,7,0.07825897,0.999108
377,7,24024987,0.36428918,0.43662028,0.0441503,0.0,0.13174658,0.0,0.21918491,0.16829792,23183,7,0.07002536,0.9992577
377,8,24024988,0.41607248,0.4048337,0.03782052,0.0,0.11696665,0.0,0.20209046,0.23828868,23183,7,0.09156359,0.9992577
377,9,24024989,0.37035308,0.42810205,0.04245719,0.0,0.13007493,0.0,0.21998657,0.17937926,24199,7,0.05882458,0.9990356
377,10,24024990,0.30481385,0.48200328,0.04957329,0.0,0.14144901,0.0,0.23488962,0.0920848,20103,7,0.03260248,0.9989608
378,1,24025011,0.99842224,0.00029615,0.0,9.4e-07,2.007e-05,0.37122204,0.0,0.6284608,40063,7,0.03343246,0.99861
378,2,24025012,0.99857296,0.00023047,0.0,9.2e-07,2.165e-05,0.41678987,0.0,0.58295708,32119,7,0.04032344,0.9992796
378,3,24025013,0.99849797,0.00024173,0.0,9.2e-07,2.045e-05,0.44368727,0.0,0.55604962,38879,6,0.031163,0.9993047
378,4,24025014,0.99855381,0.00021472,0.0,9.4e-07,2.07e-05,0.4578554,0.0,0.54190824,30207,7,0.03797449,0.9993047
378,5,24025015,0.99855125,0.00020453,0.0,9.3e-07,2.112e-05,0.51887986,0.0,0.48089355,62903,6,0.05806435,0.9992297
378,6,24025016,0.99852494,0.00020942,0.0,9.1e-07,2.227e-05,0.40441073,0.0,0.59535667,63479,7,0.05304272,0.9992797
378,7,24025017,0.99859228,0.00021186,0.0,9.6e-07,2.133e-05,0.31379729,0.0,0.68596856,26615,7,0.04069217,0.9992547
378,8,24025018,0.99846688,0.00024776,0.0,9.4e-07,1.955e-05,0.47662492,0.0,0.52310683,55223,6,0.04068986,0.9989322
378,9,24025019,0.99845935,0.00022824,0.0,9.6e-07,1.947e-05,0.40922397,0.0,0.59052736,52599,7,0.05861387,0.9992713
378,10,24025020,0.99844021,0.00034432,0.0,9.4e-07,1.913e-05,0.42740058,0.0,0.57223503,29017,6,0.05019133,0.9991048
379,1,24025041,0.97181088,0.12509827,0.07128311,0.0,0.00245419,0.750864,0.0,0.05030044,8372,6,0.09230041,5.1498956
379,2,24025042,0.99944249,0.0002278,3.94e-06,0.0,8.67e-06,0.99975937,0.0,2.1e-07,52308,6,0.29219438,5.1499623
379,3,24025043,0.97655982,0.09811773,0.06954938,0.0,0.00101219,0.60258715,0.0,0.22873355,19341,7,0.09340555,5.1491163
379,4,24025044,0.98737671,0.05618666,0.04286732,0.0,0.00109939,0.89984045,0.0,6.17e-06,47874,6,0.13508411,5.1499956
379,5,24025045,0.99098708,0.03975609,0.02610445,0.0,0.00017071,0.84735014,0.0,0.08661862,9859,6,0.11446206,5.148917
379,6,24025046,0.99942275,0.00021704,3.64e-06,0.0,8.44e-06,0.99977067,0.0,2.1e-07,48213,6,0.12657825,5.1500206
379,7,24025047,0.99943064,0.00021733,3.83e-06,0.0,7.52e-06,0.99977109,0.0,2.2e-07,11354,6,0.16012046,5.1498957
379,8,24025048,0.98732927,0.05804685,0.02972178,0.0,0.00012677,0.8605927,0.0,0.0515119,50842,6,0.1842388,5.1499957
379,9,24025049,0.9871193,0.05447647,0.05680244,0.0,0.00131863,0.73367554,0.0,0.15372693,52762,6,0.07112477,5.1499957
379,10,24025050,0.99939805,0.00022683,3.98e-06,0.0,1.167e-05,0.99975724,0.0,2.8e-07,50389,6,0.16075928,5.1499957
380,1,24025071,0.99804601,0.00016594,0.0,1.932e-05,6.04e-06,0.99980689,1.61e-06,2.1e-07,34425,6,0.04954769,0.9978463
380,2,24025072,0.99796369,0.00014082,0.0,1.841e-05,4.9e-06,0.99983422,1.58e-06,7e-08,37579,6,0.08747659,0.9987222
380,3,24025073,0.99799001,0.00016921,0.0,1.927e-05,6.22e-06,0.9998036,1.61e-06,1e-07,36943,6,0.06831795,0.9987225
380,4,24025074,0.99788919,0.00014821,0.0,1.893e-05,6e-06,0.99982488,1.61e-06,3.7e-07,37071,6,0.08663346,0.9987222
380,5,24025075,0.99798428,0.00015704,0.0,1.858e-05,5.81e-06,0.99981694,1.57e-06,6e-08,57929,6,0.06307704,0.9989225
380,6,24025076,0.99798028,0.00013845,0.0,1.867e-05,4.3e-06,0.99983694,1.62e-06,1e-08,34105,6,0.10141974,0.9987227
380,7,24025077,0.99800012,0.00015275,0.0,1.882e-05,5.17e-06,0.9998215,1.58e-06,1.9e-07,39561,6,0.07587403,0.9982842
380,8,24025078,0.99796638,0.00015471,0.0,1.886e-05,5.1e-06,0.99981961,1.57e-06,1.5e-07,34959,6,0.0405797,0.9987228
380,9,24025079,0.99794238,0.00014813,0.0,1.857e-05,5e-06,0.99982652,1.6e-06,1.8e-07,35887,6,0.04434203,0.9987223
380,10,24025080,0.99808424,0.00015638,0.0,1.887e-05,5.88e-06,0.99981723,1.59e-06,5e-08,62027,6,0.07860047,0.9989224
381,1,24025101,0.94962661,0.0843156,0.00766438,0.00074398,0.06834559,0.0,0.03651337,0.80241708,16165,7,0.10944782,1.5640275
381,2,24025102,0.93822754,0.10510847,0.01097891,1e-08,0.09993975,0.0,0.05447494,0.72949792,53133,7,0.13125851,1.5640148
381,3,24025103,0.97084707,0.04409926,0.0038079,1e-08,0.04232609,0.0,0.02799203,0.88177472,44837,7,0.2459503,1.5640275
381,4,24025104,0.95392862,0.07721238,0.00741722,0.0002411,0.0674356,0.0,0.03896399,0.80872971,57221,7,0.13417302,1.5639149
381,5,24025105,0.94759463,0.0913864,0.00956374,1e-08,0.0734597,0.0,0.04135369,0.78423646,44941,7,0.11528409,1.5640148
381,6,24025106,0.9289019,0.12080517,0.00873123,3e-08,0.11870162,0.0,0.05517084,0.69659111,44845,7,0.06716673,1.5641275
381,7,24025107,0.96098473,0.06317197,0.00406654,0.00025127,0.06148915,0.0,0.02973209,0.84128898,11789,7,0.12185877,1.563765
381,8,24025108,0.94114271,0.10044174,0.00846434,0.00016044,0.09031456,0.0,0.04600323,0.75461569,16261,7,0.15102465,1.5638899
381,9,24025109,0.93228734,0.11404027,0.00832133,0.00043788,0.09800976,0.0,0.05692458,0.72226618,57101,7,0.11799971,1.5641275
381,10,24025110,0.97463162,0.04501355,0.00321349,0.00035104,0.03737721,0.0,0.01882641,0.8952183,44813,7,0.18596169,1.5641275
382,1,24025131,0.96937409,0.04229415,0.0058368,0.0,0.01775289,0.44330521,0.00401111,0.48679984,56075,6,0.11895971,2.8487699
382,2,24025132,0.97820398,0.03404048,0.00536235,0.0,0.00903558,0.59824182,0.00310947,0.3502103,24322,7,0.07619924,2.848645
382,3,24025133,0.98210864,0.02767683,0.00442598,0.0,0.01104926,0.69479089,0.00196139,0.26009566,51717,6,0.09910946,2.8481341
382,4,24025134,0.96663379,0.04665095,0.00686303,0.0,0.02061147,0.55620619,0.00472844,0.36493992,20234,7,0.12423572,2.8485701
382,5,24025135,0.9787544,0.03460844,0.00611685,0.0,0.00911199,0.779789,0.00247219,0.16790153,22405,6,0.13025336,2.84867
382,6,24025136,0.97850311,0.03589292,0.00658782,0.0,0.01130778,0.62777679,0.00282836,0.31560633,19213,7,0.15288672,2.8486699
382,7,24025137,0.96362329,0.05488326,0.00968815,0.0,0.0212867,0.63536903,0.00494907,0.27382379,23331,6,0.08734133,2.84867
382,8,24025138,0.96062678,0.05205756,0.0103936,0.0,0.0248098,0.31066408,0.00693045,0.59514451,23309,7,0.11127583,2.8487199
382,9,24025139,0.97346146,0.04171138,0.00522755,0.0,0.01806455,0.47611959,0.00346907,0.45540786,18947,7,0.09415497,2.8480509
382,10,24025140,0.98134798,0.02579715,0.00676553,0.0,0.01063359,0.69336374,0.003196,0.26024399,18315,6,0.14087688,2.84867
383,1,24025161,0.99796288,0.00015156,0.0,2.228e-05,1.311e-05,0.63736836,0.0,0.36244468,30793,6,0.05580185,0.9987881
383,2,24025162,0.99797771,0.00014047,0.0,2.237e-05,1.091e-05,0.77537364,0.0,0.22445262,37273,6,0.14187522,0.9987884
383,3,24025163,0.99803777,0.00016471,0.0,2.234e-05,1.616e-05,0.56137193,0.0,0.43842485,15225,6,0.06168755,0.998283
383,4,24025164,0.99797314,0.00016297,0.0,2.239e-05,1.587e-05,0.47485444,0.0,0.52494434,11223,7,0.05593769,0.9989384
383,5,24025165,0.99793926,0.00016057,0.0,2.227e-05,1.517e-05,0.62687688,0.0,0.37292511,36459,6,0.04779458,0.9985877
383,6,24025166,0.99782635,0.00015462,0.0,2.227e-05,1.315e-05,0.68273489,0.0,0.31707507,34025,6,0.05259141,0.9985882
383,7,24025167,0.99799698,0.00016907,0.0,2.236e-05,1.681e-05,0.55575263,0.0,0.44403914,63629,6,0.03887792,0.9987884
383,8,24025168,0.99797157,0.00016156,0.0,2.218e-05,1.554e-05,0.59789508,0.0,0.40190563,47993,6,0.0805767,0.998283
383,9,24025169,0.99795864,0.00016512,0.0,2.226e-05,1.547e-05,0.64358184,0.0,0.35621532,57817,6,0.04741568,0.9985884
383,10,24025170,0.99788868,0.00016253,0.0,2.22e-05,1.513e-05,0.69925588,0.0,0.30054426,30015,6,0.03096668,0.9989885
384,1,24025191,0.99751477,0.0079506,0.00682093,0.0,0.00059303,0.78473815,0.0,0.1998973,22437,6,0.06115219,4.879284
384,2,24025192,0.99945207,0.00021484,3.63e-06,0.0,1.043e-05,0.99977084,0.0,2.6e-07,46530,6,0.19230548,4.8800841
384,3,24025193,0.99520645,0.01547988,0.00623127,0.0,0.00063713,0.97765121,0.0,5.1e-07,50397,6,0.25115364,4.880184
384,4,24025194,0.99079404,0.03058256,0.01123866,0.0,0.00313248,0.91702513,0.0,0.03802118,16163,6,0.11126841,4.880084
384,5,24025195,0.99668009,0.01067693,0.00620793,0.0,0.00022378,0.72894932,0.0,0.25394203,42893,6,0.12999127,4.880184
384,6,24025196,0.99942532,0.00022289,4.17e-06,0.0,7.77e-06,0.99976497,0.0,2e-07,52547,6,0.22285248,4.8800841
384,7,24025197,0.9963652,0.01173288,0.00205697,0.0,0.00475484,0.98145397,0.0,1.34e-06,54730,6,0.14618825,4.8801174
384,8,24025198,0.99942876,0.00019996,3.81e-06,0.0,1.035e-05,0.99978563,0.0,2.5e-07,13762,6,0.48109919,4.8800591
384,9,24025199,0.9924245,0.02487999,0.00373098,0.0,0.00375879,0.91605856,0.0,0.05157167,48220,6,0.20943487,4.8801174
384,10,24025200,0.99947396,0.00019388,3.63e-06,0.0,6.86e-06,0.99979544,0.0,1.9e-07,42443,6,0.3460916,4.880184
385,1,24025221,0.40522945,0.10560716,0.01433645,0.23306128,0.0395466,0.22611352,0.36449048,0.01684452,6984,2,0.07084678,0.6656994
385,2,24025222,0.51916347,0.08747662,0.01337711,0.21683437,0.04012209,0.33509581,0.27406898,0.03302503,23369,6,0.06028587,0.9988437
385,3,24025223,0.45874398,0.10784398,0.01281803,0.14091608,0.04577288,0.30870556,0.32999865,0.05394483,22671,6,0.04868856,0.9987441
385,4,24025224,0.42838945,0.07396131,0.01219096,0.34920033,0.03156604,0.19527154,0.32329484,0.01451499,23118,2,0.09872104,0.665492
385,5,24025225,0.44364537,0.0832919,0.01366389,0.25431107,0.03814592,0.2743653,0.32803382,0.00818809,23374,2,0.06838059,0.6658991
385,6,24025226,0.43610729,0.08561386,0.01185437,0.2146406,0.03030193,0.24449712,0.34448547,0.06860665,23175,7,0.06860648,0.9981918
385,7,24025227,0.47519072,0.07320061,0.01198311,0.27974964,0.03035511,0.25802481,0.31371194,0.03297477,23118,2,0.14627574,0.665492
385,8,24025228,0.47815675,0.07601052,0.01037185,0.23322387,0.03130065,0.25674823,0.32106143,0.07128344,23118,2,0.07531356,0.665492
385,9,24025229,0.52355967,0.09103896,0.01083578,0.11416731,0.03842082,0.38959596,0.30916439,0.04677677,18631,6,0.05264832,0.9985942
385,10,24025230,0.36171359,0.10820528,0.01300016,0.18518243,0.03504766,0.242335,0.4056654,0.01056407,6984,2,0.03881506,0.6656994
386,1,24025251,0.99778745,0.00175789,0.00562871,0.0,0.00061344,0.24671859,0.0,0.74528137,32183,6,0.03792557,0.9995003
386,2,24025252,0.99675859,0.0034871,0.01544973,0.0,0.00013838,0.29074586,0.0,0.69017893,30015,6,0.03872252,0.9995753
386,3,24025253,0.99761975,0.00210559,0.01136779,0.0,0.00020318,0.25247937,0.0,0.73384407,44415,7,0.04489627,0.9995753
386,4,24025254,0.99723182,0.00213095,0.00985997,0.0,0.00083684,0.31360077,0.0,0.67357147,16215,7,0.03718996,0.9995503
386,5,24025255,0.99744368,0.00239656,0.00860421,0.0,0.00011759,0.18196925,0.0,0.80691239,22007,7,0.0339903,0.9995503
386,6,24025256,0.99730693,0.00251132,0.01254049,0.0,0.00040285,0.15888871,0.0,0.82565664,61431,7,0.04183993,0.999542
386,7,24025257,0.99692341,0.00317304,0.01077964,0.0,0.00024943,0.27729349,0.0,0.7085044,3967,7,0.02800449,0.9995253
386,8,24025258,0.99648696,0.00343555,0.01531601,0.0,0.00054401,0.22561969,0.0,0.75508474,21887,7,0.05262937,0.9995752
386,9,24025259,0.99808013,0.00141919,0.00740213,0.0,0.00019772,0.26624352,0.0,0.72473743,55231,6,0.0363689,0.9993631
386,10,24025260,0.99733476,0.00228898,0.01389341,0.0,0.00035097,0.26967582,0.0,0.71379082,12151,7,0.03308441,0.9995253
387,1,24025281,0.99598453,0.00890689,0.00133813,0.0,0.0002704,0.7993985,0.0,0.19008608,23642,6,0.13692957,4.8156567
387,2,24025282,0.99943242,0.00022334,1.298e-05,0.0,8.74e-06,0.9997547,0.0,2.5e-07,19549,6,0.25890159,4.8156567
387,3,24025283,0.999081,0.00106152,0.00045578,0.0,1.366e-05,0.91659093,0.0,0.0818781,54484,6,0.21903913,4.8156567
387,4,24025284,0.9936382,0.01310632,0.00320392,0.0,0.00278943,0.97123309,0.0,0.00966724,8421,6,0.12280846,4.8146449
387,5,24025285,0.98511971,0.03181402,0.00440434,0.0,0.00593417,0.90975637,0.0,0.04809111,11587,6,0.1521434,4.8156068
387,6,24025286,0.99855812,0.0027092,0.00078371,0.0,0.00056257,0.99594427,0.0,2.5e-07,52316,6,0.16505708,4.8156567
387,7,24025287,0.99939472,0.00035254,5.063e-05,0.0,3.587e-05,0.9995558,0.0,5.16e-06,14891,6,0.12761506,4.8147944
387,8,24025288,0.99259861,0.01755816,0.00402509,0.0,0.00202392,0.91648382,0.0,0.059909,15899,6,0.10909868,4.8157067
387,9,24025289,0.98517165,0.03140682,0.00519613,0.0,0.0055705,0.8930643,0.0,0.06476225,23634,6,0.15905495,4.8156317
387,10,24025290,0.98930519,0.02075567,0.00219173,0.0,0.0066404,0.86544241,0.0,0.10496979,19203,7,0.08877228,4.8156067
388,1,24025311,0.66450942,9.722e-05,0.0,0.99988601,3.49e-06,1.173e-05,1.54e-06,1e-08,62152,2,0.09022097,0.6652867
388,2,24025312,0.99769456,0.00016074,0.0,2.076e-05,6.05e-06,0.99981078,1.53e-06,1.4e-07,40521,6,0.04622622,0.998548
388,3,24025313,0.66445511,9.244e-05,0.0,0.99989086,3.35e-06,1.182e-05,1.51e-06,1e-08,37996,2,0.09022548,0.6654814
388,4,24025314,0.99782893,0.00015371,0.0,2.064e-05,6.55e-06,0.99981751,1.53e-06,6e-08,26217,6,0.04651349,0.9984985
388,5,24025315,0.99775952,0.00014087,0.0,2.072e-05,5.06e-06,0.99983177,1.55e-06,2e-08,39945,6,0.0597793,0.9985479
388,6,24025316,0.99781218,0.00014914,0.0,2.075e-05,6.39e-06,0.9998221,1.55e-06,6e-08,24713,6,0.07277285,0.998698
388,7,24025317,0.99778325,0.00014415,0.0,2.094e-05,5.5e-06,0.99982782,1.51e-06,8e-08,35851,6,0.04957084,0.9985479
388,8,24025318,0.6644614,9.274e-05,0.0,0.99989061,3.28e-06,1.181e-05,1.54e-06,1e-08,36940,2,0.14022146,0.6654815
388,9,24025319,0.99781718,0.00013895,0.0,2.07e-05,5.73e-06,0.99983293,1.55e-06,1.4e-07,32911,6,0.09569404,0.998548
388,10,24025320,0.99787092,0.00015798,0.0,2.084e-05,6.09e-06,0.99981336,1.53e-06,1.9e-07,65257,6,0.04488701,0.9987483
389,1,24025341,0.96147516,0.06189872,0.01720849,0.0,0.03424521,0.54941381,0.0072803,0.32995348,20125,6,0.10381702,3.1917947
389,2,24025342,0.96862836,0.05223439,0.0110678,0.0,0.02893802,0.64309403,0.00664945,0.25801631,15877,6,0.08586724,3.1916698
389,3,24025343,0.97504752,0.04293355,0.00776123,0.0,0.01867748,0.73144468,0.00679946,0.1923836,57124,6,0.10821005,3.1922825
389,4,24025344,0.96832855,0.05273786,0.01338259,0.0,0.02524211,0.56274548,0.00747897,0.338413,15917,7,0.07860914,3.1917444
389,5,24025345,0.96242229,0.05934811,0.01103746,0.0,0.03181678,0.54262513,0.00809396,0.34707855,43813,6,0.10483711,3.1922826
389,6,24025346,0.96315398,0.06680142,0.01665666,0.0,0.03226837,0.60739318,0.00851859,0.26836178,47917,6,0.07002305,3.1923825
389,7,24025347,0.97399089,0.04623621,0.0090854,0.0,0.02382041,0.68761097,0.00573087,0.22751613,52765,6,0.13252775,3.1923825
389,8,24025348,0.95892357,0.07796265,0.01347385,0.0,0.04913034,0.47364634,0.00660194,0.37918487,48685,7,0.09281206,3.1918442
389,9,24025349,0.97601113,0.03571326,0.00975762,0.0,0.01892933,0.77857639,0.00610666,0.15091674,56989,6,0.18497126,3.1919446
389,10,24025350,0.97972645,0.03806935,0.00719841,0.0,0.01718017,0.59829447,0.00321999,0.33603762,19997,6,0.15067436,3.1922826
390,1,24025371,0.9207244,0.08414808,0.00697348,0.0,0.03067187,0.0,0.02331383,0.85489274,24066,7,0.17560663,1.3158169
390,2,24025372,0.91644487,0.083136,0.00553628,0.0,0.03992488,0.0,0.0289889,0.84241393,19211,7,0.11213771,1.3160798
390,3,24025373,0.95102869,0.05194574,0.00376514,0.0,0.02233069,0.0,0.01512097,0.90683745,23044,7,0.14910983,1.3158169
390,4,24025374,0.89827273,0.1064236,0.0088311,0.0,0.04510589,0.0,0.03119954,0.80843988,23301,7,0.16968058,1.3160798
390,5,24025375,0.92345011,0.08506669,0.0067827,0.0,0.04147013,0.0,0.01837141,0.84830907,19211,7,0.15178142,1.3160798
390,6,24025376,0.92988128,0.07369107,0.00546559,0.0,0.03372382,0.0,0.02201206,0.86510746,18948,7,0.21009559,1.315717
390,7,24025377,0.90494251,0.09585298,0.00628839,0.0,0.03883818,0.0,0.03332232,0.82569814,18957,7,0.08354549,1.3158668
390,8,24025378,0.92132708,0.08678333,0.00717659,0.0,0.03595997,0.0,0.02077102,0.84930909,18946,7,0.21354945,1.315717
390,9,24025379,0.92832203,0.0794475,0.00676032,0.0,0.03472659,0.0,0.02129361,0.85777198,20234,7,0.15153092,1.3159799
390,10,24025380,0.90121114,0.10983653,0.00755425,0.0,0.04662346,0.0,0.02917545,0.8068103,20228,7,0.07981348,1.3159799
391,1,24025401,0.99818327,0.00016774,0.0,1.52e-05,1.627e-05,0.53516026,0.0,0.46464052,15353,6,0.05548924,0.9984707
391,2,24025402,0.99820363,0.00014243,0.0,1.527e-05,1.143e-05,0.73525127,0.0,0.26457961,36729,6,0.33911549,0.9987134
391,3,24025403,0.99812291,0.0001602,0.0,1.524e-05,1.381e-05,0.54733384,0.0,0.45247691,47993,6,0.04898155,0.9984704
391,4,24025404,0.99804059,0.0001511,0.0,1.524e-05,1.341e-05,0.68364538,0.0,0.31617487,40377,6,0.21456909,0.9989136
391,5,24025405,0.99836077,0.00015891,0.0,1.515e-05,1.368e-05,0.66487661,0.0,0.33493565,62911,6,0.07098895,0.9991135
391,6,24025406,0.99812437,0.00015909,0.0,1.513e-05,1.444e-05,0.62524513,0.0,0.37456621,36281,6,0.09380696,0.9987138
391,7,24025407,0.99820047,0.0001794,0.0,1.523e-05,1.772e-05,0.49947378,0.0,0.50031387,32023,6,0.05571399,0.9988634
391,8,24025408,0.99825156,0.0001704,0.0,1.51e-05,1.805e-05,0.52548285,0.0,0.4743136,6105,6,0.08670871,0.9989131
391,9,24025409,0.99827528,0.0001623,0.0,1.514e-05,1.507e-05,0.51470409,0.0,0.4851034,45017,6,0.089191,0.9987137
391,10,24025410,0.99814696,0.00016209,0.0,1.52e-05,1.459e-05,0.56231167,0.0,0.43749645,64953,6,0.07268803,0.9989137
392,1,24025431,0.96967552,0.17162263,0.42931036,0.0,0.00630197,0.36460833,0.0,0.02815671,8418,4,0.15683548,5.5011949
392,2,24025432,0.95313814,0.26357686,0.72509997,0.0,0.01131911,3.92e-06,0.0,1.4e-07,8354,4,0.61621268,5.5011947
392,3,24025433,0.95301379,0.26100252,0.72591351,0.0,0.01308008,3.77e-06,0.0,1.2e-07,8354,4,0.72590232,5.5011947
392,4,24025434,0.97177426,0.16489927,0.42230413,0.0,0.00052366,0.31870468,0.0,0.09356825,10349,4,0.27755096,5.5013444
392,5,24025435,0.98247714,0.10259577,0.2474794,0.0,0.00155166,0.64836906,0.0,4.11e-06,8445,6,0.12075945,5.5023938
392,6,24025436,0.97229339,0.14811434,0.40505491,0.0,0.00858164,0.43824844,0.0,6.7e-07,55394,4,0.25813038,5.5013444
392,7,24025437,0.98421978,0.08769053,0.21638825,0.0,0.00377375,0.65126235,0.0,0.04088511,24091,6,0.08292139,5.5024437
392,8,24025438,0.99245562,0.04160791,0.08613966,0.0,0.00080756,0.86832902,0.0,0.00311585,8420,6,0.15305834,5.5011949
392,9,24025439,0.95224924,0.26499368,0.71689249,0.0,0.01304397,0.00506972,0.0,1.3e-07,8354,4,0.69119213,5.5011947
392,10,24025440,0.98282219,0.09448577,0.25197051,0.0,0.00411563,0.64942782,0.0,2.8e-07,8948,6,0.35819713,5.5022937
393,1,24025461,0.87648499,0.02010114,0.0031916,0.08727563,0.00457884,0.81608801,0.05251131,0.01625346,55431,6,0.06323513,0.998098
393,2,24025462,0.81392546,0.02196284,0.00291581,0.18719715,0.0036231,0.68601464,0.07824943,0.02003702,23112,2,0.06057128,0.6645974
393,3,24025463,0.86476607,0.02739613,0.0032857,0.07138408,0.0097974,0.83917573,0.04896093,4e-08,32779,6,0.08714942,0.9988112
393,4,24025464,0.77777218,0.02473081,0.00332161,0.27164217,0.00692913,0.63790918,0.05546675,3.6e-07,22937,6,0.07715835,0.9990109
393,5,24025465,0.84976956,0.02861034,0.00270045,0.1644876,0.00748934,0.75181399,0.04489819,1e-07,36875,6,0.0694852,0.9988112
393,6,24025466,0.81753576,0.02424453,0.00361704,0.11699685,0.00672366,0.76493893,0.08347898,2e-08,34973,6,0.05013832,0.9980224
393,7,24025467,0.86319243,0.01844957,0.00306336,0.10728473,0.00748745,0.79537014,0.05768075,0.010664,37451,6,0.09125814,0.9988111
393,8,24025468,0.83078495,0.03224421,0.00342021,0.14773458,0.00881304,0.73766848,0.06154358,0.00857589,32841,6,0.07558616,0.9988111
393,9,24025469,0.85482284,0.01749415,0.0019524,0.13771978,0.004804,0.79084029,0.04718931,6e-08,39051,6,0.09318341,0.9988109
393,10,24025470,0.85403028,0.02138483,0.00359399,0.05399294,0.00678706,0.83016795,0.0840732,4e-08,33833,6,0.09345352,0.9988112
394,1,24025491,0.99642864,0.00931581,0.02968535,0.0,0.00273513,0.00314899,0.0,0.95511472,28503,7,0.02459753,0.99986
394,2,24025492,0.9970076,0.00774616,0.03580733,0.0,0.00182514,0.00146003,0.0,0.95316134,53111,7,0.0323215,0.9998767
394,3,24025493,0.99719382,0.00748574,0.02150199,0.0,0.00140972,0.01284387,0.0,0.95675868,30591,7,0.04601127,0.9999101
394,4,24025494,0.99718751,0.00720042,0.02141536,0.0,0.00229904,0.01648816,0.0,0.95259704,36215,7,0.03825473,0.9998767
394,5,24025495,0.99741635,0.00700326,0.02526717,0.0,0.00119412,0.01736078,0.0,0.94917468,11775,7,0.03879085,0.9998601
394,6,24025496,0.99787054,0.00512842,0.01584292,0.0,0.00162324,0.02802678,0.0,0.94937863,36351,7,0.03568531,0.99991
394,7,24025497,0.99794262,0.00534041,0.02503094,0.0,0.00135362,3.11e-06,0.0,0.96827191,7679,7,0.03276045,0.99991
394,8,24025498,0.99688028,0.00847719,0.02477907,0.0,0.00220816,0.00821382,0.0,0.95632176,44919,7,0.02970694,0.9998767
394,9,24025499,0.99620733,0.01057943,0.02482472,0.0,0.00224517,0.01417326,0.0,0.94817742,47095,7,0.02542964,0.9998851
394,10,24025500,0.99640695,0.00966574,0.03070388,0.0,0.00198583,0.03542472,0.0,0.92221983,23551,7,0.02369294,0.9998651
395,1,24025521,0.98043226,0.03253791,0.00870682,0.0,0.01202784,0.64597167,0.0014351,0.29932066,23306,7,0.11561918,3.9068405
395,2,24025522,0.96654449,0.05661202,0.01126512,0.0,0.01883822,0.56890436,0.00198819,0.3423921,20228,7,0.11123677,3.9067406
395,3,24025523,0.96528998,0.07401145,0.01943409,0.0,0.01516857,0.81230642,0.00126604,0.07781343,18981,6,0.09875665,3.9060102
395,4,24025524,0.9646672,0.0629199,0.01972783,0.0,0.01842589,0.62490367,0.00178006,0.27224265,18314,6,0.14574448,3.9067406
395,5,24025525,0.9758575,0.04250298,0.00871375,0.0,0.01394796,0.56761792,0.00117519,0.3660422,19205,7,0.11069229,3.9067905
395,6,24025526,0.96713927,0.05925713,0.01541253,0.0,0.01653483,0.65829755,0.00223973,0.24825824,20259,6,0.07382304,3.9067905
395,7,24025527,0.97560798,0.04433283,0.010165,0.0,0.01346028,0.64814644,0.00137837,0.28251708,20260,6,0.06612393,3.9067405
395,8,24025528,0.96870887,0.05843286,0.01008154,0.0,0.01585491,0.84142281,0.00067328,0.0735346,18316,6,0.0959922,3.9067406
395,9,24025529,0.97492977,0.04224931,0.01779924,0.0,0.01242978,0.64468244,0.00143031,0.28140892,20258,6,0.09434967,3.9067405
395,10,24025530,0.98015115,0.03935244,0.00964548,0.0,0.01123428,0.76367084,0.00080454,0.17529242,18308,6,0.10162301,3.9067406
396,1,24025551,0.9977707,0.00015712,0.0,2.072e-05,5.97e-06,0.99981416,1.51e-06,5.3e-07,37145,6,0.07943186,0.9986794
396,2,24025552,0.99770205,0.00015843,0.0,2.072e-05,5.8e-06,0.99981353,1.49e-06,4e-08,33049,6,0.04979037,0.9984796
396,3,24025553,0.99763616,0.00013955,0.0,2.062e-05,5.55e-06,0.99983274,1.51e-06,3e-08,62425,6,0.07907103,0.9986793
396,4,24025554,0.99783689,0.00016523,0.0,2.068e-05,6.3e-06,0.99980165,1.54e-06,4.59e-06,29193,6,0.0373032,0.9981195
396,5,24025555,0.9978946,0.0001784,0.0,2.07e-05,7.54e-06,0.99979181,1.52e-06,4e-08,63081,6,0.05128135,0.9986795
396,6,24025556,0.99764699,0.00015978,0.0,2.079e-05,6.48e-06,0.99981141,1.49e-06,5e-08,59711,6,0.05150405,0.9983194
396,7,24025557,0.9977567,0.00015855,0.0,2.065e-05,6.44e-06,0.99981278,1.54e-06,3e-08,48505,6,0.07479564,0.9986789
396,8,24025558,0.99766134,0.00015818,0.0,2.062e-05,6.23e-06,0.99981308,1.52e-06,3.8e-07,63689,6,0.03167254,0.9986793
396,9,24025559,0.99771003,0.00016558,0.0,2.071e-05,6.32e-06,0.99980507,1.51e-06,8e-07,11775,6,0.0430736,0.9988293
396,10,24025560,0.99795946,0.00018301,0.0,2.07e-05,7.61e-06,0.99978653,1.51e-06,6.5e-07,34655,6,0.03987079,0.9988793
397,1,24025581,0.99049951,0.02108005,0.00317083,0.0,0.00546909,0.82946496,0.0,0.14081507,11597,6,0.26996753,4.6209104
397,2,24025582,0.99630825,0.00604679,0.0011441,0.0,0.00323489,0.96416844,0.0,0.02540578,21717,6,0.31143591,4.6209104
397,3,24025583,0.98494216,0.02558617,0.00428672,0.0,0.01216575,0.8019404,0.0,0.15602096,53435,6,0.20578001,4.6210102
397,4,24025584,0.98754489,0.02881727,0.00436096,0.0,0.00616429,0.82517015,0.0,0.13548734,48907,6,0.13262539,4.6210103
397,5,24025585,0.99948661,0.00019582,5.84e-06,0.0,7.13e-06,0.99979106,0.0,1.5e-07,44363,6,0.86424054,4.6210103
397,6,24025586,0.99671831,0.00463309,0.00226673,0.0,0.00074118,0.97175051,0.0,0.02060848,54484,6,0.21098923,4.6209104
397,7,24025587,0.98788688,0.0198411,0.00239933,0.0,0.00954333,0.87314098,0.0,0.09507526,54940,6,0.19952202,4.6209437
397,8,24025588,0.99219424,0.02015853,0.00324572,0.0,0.00282327,0.92077019,0.0,0.05300229,21725,6,0.23179933,4.6209604
397,9,24025589,0.98440775,0.03224596,0.004055,0.0,0.00765078,0.76693101,0.0,0.18911726,42204,6,0.14363722,4.6209104
397,10,24025590,0.99063274,0.01685574,0.00184876,0.0,0.00661182,0.73319508,0.0,0.2414886,16571,6,0.18610896,4.6209103
398,1,24025611,0.21526548,0.25934678,0.03174024,0.0,0.09849288,0.0,0.47238589,0.13803421,23175,7,0.08094478,0.9987543
398,2,24025612,0.2390687,0.25161487,0.02971482,0.0,0.09667376,0.0,0.45748272,0.16451382,19079,7,0.0667311,0.9986795
398,3,24025613,0.13809591,0.28597315,0.03367588,0.0,0.11477927,0.0,0.51804616,0.04752554,23183,7,0.04409788,0.9988292
398,4,24025614,0.14119038,0.27390472,0.03106887,0.0,0.10168347,0.0,0.52772666,0.06561628,24207,7,0.02038078,0.9985393
398,5,24025615,0.14639609,0.26986432,0.0329435,0.0,0.11195761,0.0,0.51968775,0.06554682,23175,7,0.04001007,0.9987543
398,6,24025616,0.15040053,0.26062193,0.03447925,0.0,0.10517663,0.0,0.53350016,0.06622203,24199,7,0.02249514,0.9984645
398,7,24025617,0.14482983,0.26940289,0.03214462,0.0,0.11246248,0.0,0.52109101,0.06489899,23175,7,0.03155509,0.9987543
398,8,24025618,0.20790197,0.25733502,0.03209731,0.0,0.10163085,0.0,0.47968642,0.1292504,24199,7,0.03294769,0.9984645
398,9,24025619,0.1878543,0.26545765,0.03293694,0.0,0.1015849,0.0,0.49099193,0.10902859,19087,7,0.05703099,0.9987793
398,10,24025620,0.12627359,0.2887799,0.03417107,0.0,0.11559966,0.0,0.52131682,0.04013255,23175,7,0.02082771,0.9987543
399,1,24025641,0.99752362,0.00138402,0.0031684,0.0,9.313e-05,0.28064717,0.0,0.71470728,11775,7,0.03560202,0.9992991
399,2,24025642,0.99758205,0.00130379,0.00293378,0.0,7.76e-05,0.32657368,0.0,0.66911115,24439,7,0.04422675,0.9993242
399,3,24025643,0.99770334,0.00117664,0.00485202,0.0,0.00012629,0.31970273,0.0,0.67414232,46975,7,0.03691547,0.9993491
399,4,24025644,0.99788927,0.00097353,0.00230744,0.0,0.00010794,0.31157897,0.0,0.68503212,32127,7,0.06715741,0.9993491
399,5,24025645,0.9974031,0.0014414,0.00587967,0.0,9.787e-05,0.28280758,0.0,0.70977348,40311,7,0.04142495,0.9993241
399,6,24025646,0.99729618,0.00150916,0.003435,0.0,0.0002142,0.3419732,0.0,0.65286845,18431,7,0.04385791,0.9992992
399,7,24025647,0.99772825,0.00102669,0.00310605,0.0,7.809e-05,0.29885976,0.0,0.69692941,7615,6,0.03023197,0.9992492
399,8,24025648,0.99800803,0.00102402,0.0029189,0.0,0.00012928,0.29187678,0.0,0.70405101,65527,7,0.05033807,0.9993242
399,9,24025649,0.99787134,0.00105617,0.0031104,0.0,0.00015537,0.29583514,0.0,0.69984291,32631,7,0.02848678,0.9993242
399,10,24025650,0.99781809,0.00106558,0.00339017,0.0,6.848e-05,0.30869537,0.0,0.6867804,18431,7,0.03545247,0.9992992
400,1,24025671,0.99613298,0.01236743,0.00361717,0.0,0.00048161,0.98353307,0.0,7.2e-07,9412,6,0.17986624,5.5451139
400,2,24025672,0.99310709,0.02002002,0.0107177,0.0,0.00021182,0.9690466,0.0,3.87e-06,46725,6,0.12597124,5.5452883
400,3,24025673,0.9994504,0.00019702,4.12e-06,0.0,9.6e-06,0.9997891,0.0,1.6e-07,9676,6,0.47508316,5.5462216
400,4,24025674,0.99939954,0.00021067,4.21e-06,0.0,9.58e-06,0.99977533,0.0,2.2e-07,42445,6,0.14413441,5.5464214
400,5,24025675,0.99942434,0.00020388,4.18e-06,0.0,9.33e-06,0.99978245,0.0,1.5e-07,13765,6,0.35417498,5.5463215
400,6,24025676,0.97419399,0.07413458,0.02677313,0.0,0.00234074,0.8376333,0.0,0.05911825,48899,6,0.1109814,5.5463465
400,7,24025677,0.99318564,0.01855792,0.0057404,0.0,0.00059084,0.85563926,0.0,0.11947159,42443,6,0.10279387,5.5464214
400,8,24025678,0.9888937,0.0310087,0.00816302,0.0,0.00151194,0.88945818,0.0,0.06985817,24091,6,0.15644072,5.5463715
400,9,24025679,0.99622802,0.01189044,0.00015925,0.0,9.327e-05,0.98785682,0.0,2.3e-07,13770,6,0.14944809,5.5463215
400,10,24025680,0.99939749,0.0002185,3.96e-06,0.0,1.053e-05,0.99976677,0.0,2.4e-07,23637,6,0.25334799,5.5463215
401,1,24025701,0.99758808,0.00015473,0.0,2.107e-05,6.23e-06,0.99981603,1.59e-06,3.5e-07,34987,6,0.05908391,0.9980396
401,2,24025702,0.66460954,9.121e-05,0.0,0.99989196,3.41e-06,1.182e-05,1.59e-06,2e-08,6552,2,0.11552889,0.6655488
401,3,24025703,0.99782516,0.0001363,0.0,2.094e-05,4.89e-06,0.9998344,1.57e-06,1.91e-06,37897,6,0.06929135,0.9985599
401,4,24025704,0.9977938,0.00014242,0.0,2.086e-05,5.61e-06,0.99982943,1.53e-06,1.4e-07,36249,6,0.08553191,0.99856
401,5,24025705,0.99779034,0.00015002,0.0,2.098e-05,5.68e-06,0.99890864,1.53e-06,0.00091315,29739,6,0.05257965,0.9987598
401,6,24025706,0.99756404,0.00015098,0.0,2.088e-05,6.23e-06,0.99981864,1.54e-06,1.73e-06,24991,6,0.05272575,0.9989098
401,7,24025707,0.99771183,0.00015988,0.0,2.114e-05,7.18e-06,0.99981016,1.56e-06,8e-08,37001,6,0.09666218,0.9985596
401,8,24025708,0.99781655,0.0001561,0.0,2.1e-05,6.17e-06,0.99981501,1.55e-06,1.7e-07,38923,6,0.06552603,0.9985596
401,9,24025709,0.99776193,0.00014134,0.0,2.101e-05,5.11e-06,0.99983095,1.55e-06,4e-08,36249,6,0.08016068,0.99856
401,10,24025710,0.99778588,0.00015824,0.0,2.095e-05,5.82e-06,0.99981339,1.55e-06,6e-08,40079,6,0.04634456,0.9985601
402,1,24025731,0.94817577,0.07554449,0.01063991,0.0,0.05699393,0.0,0.02182305,0.83499862,53133,7,0.13472163,2.366756
402,2,24025732,0.94072277,0.08675248,0.01324719,0.0,0.05633424,0.0,0.02559865,0.81806744,44813,7,0.14225941,2.367029
402,3,24025733,0.92107884,0.12382967,0.02315637,0.0,0.08701591,0.0,0.03382796,0.73217008,57125,7,0.11525623,2.366954
402,4,24025734,0.93820836,0.09144885,0.01412417,0.0,0.06376071,0.0,0.02860259,0.80206368,16301,7,0.11566622,2.366706
402,5,24025735,0.94623019,0.07884522,0.01298763,0.0,0.05234625,0.0,0.02446858,0.83135233,57133,7,0.12912962,2.367029
402,6,24025736,0.94256563,0.08303575,0.01411441,0.0,0.05525746,0.0,0.02661609,0.82097629,48909,7,0.1457701,2.367029
402,7,24025737,0.96383782,0.04904107,0.00638453,0.0,0.0410873,0.0,0.01595067,0.88753643,16165,7,0.18361098,2.3669291
402,8,24025738,0.94384145,0.08214884,0.01234118,0.0,0.05912696,0.0,0.02214529,0.82423772,24461,7,0.09733694,2.366706
402,9,24025739,0.93237647,0.0992859,0.01181189,0.0,0.06207388,0.0,0.03039941,0.79642892,24461,7,0.1122945,2.366706
402,10,24025740,0.93231611,0.09795466,0.00949311,0.0,0.06750575,0.0,0.03195218,0.79309431,16269,7,0.1803144,2.366706
403,1,24025761,0.94716053,0.06353237,0.01150051,0.0,0.03470321,0.0,0.00730805,0.88295585,18946,7,0.11903357,2.4834736
403,2,24025762,0.93947205,0.08088506,0.01918768,0.0,0.0345141,0.0,0.01096627,0.85444689,24323,7,0.16719031,2.4840697
403,3,24025763,0.91873254,0.10543859,0.01810118,0.0,0.04736515,0.0,0.01445915,0.81463594,20355,7,0.14900554,2.4836733
403,4,24025764,0.90344843,0.12392154,0.0210398,0.0,0.06563519,0.0,0.01370379,0.77569968,24323,7,0.08019317,2.4840697
403,5,24025765,0.92074624,0.09463963,0.01853482,0.0,0.05034292,0.0,0.0154591,0.82102353,20227,7,0.09582796,2.4840198
403,6,24025766,0.89442734,0.13651858,0.02198842,0.0,0.0581518,0.0,0.01514364,0.76819755,24331,7,0.15932781,2.4841197
403,7,24025767,0.87794552,0.15734701,0.03079116,0.0,0.07371973,0.0,0.01643745,0.72170465,19210,7,0.11558387,2.4839698
403,8,24025768,0.92574156,0.09347528,0.01663039,0.0,0.04647541,0.0,0.01056618,0.83285273,19211,7,0.14335394,2.4840697
403,9,24025769,0.91333285,0.11458751,0.02078137,0.0,0.05510026,0.0,0.01181899,0.79771188,19210,7,0.10813125,2.4839698
403,10,24025770,0.929422,0.0934919,0.02861797,0.0,0.04378125,0.0,0.01160792,0.82250096,23300,7,0.17475779,2.4840447
404,1,24025791,0.99794753,0.00016528,0.0,2.225e-05,1.618e-05,0.52416329,0.0,0.475633,29017,6,0.03471605,0.9987336
404,2,24025792,0.99788161,0.00015411,0.0,2.222e-05,1.584e-05,0.59585128,0.0,0.40395655,61035,6,0.06093904,0.998733
404,3,24025793,0.997972,0.00015652,0.0,2.227e-05,1.606e-05,0.52870803,0.0,0.47109712,38635,6,0.07316744,0.9985327
404,4,24025794,0.99795899,0.00015982,0.0,2.218e-05,1.586e-05,0.57182155,0.0,0.42798058,28395,6,0.04522316,0.9986831
404,5,24025795,0.99783138,0.00015419,0.0,2.218e-05,1.355e-05,0.67422314,0.0,0.32558694,30073,6,0.05461636,0.9987336
404,6,24025796,0.99801969,0.00016287,0.0,2.221e-05,1.768e-05,0.49387542,0.0,0.50592181,23929,6,0.04908944,0.9987331
404,7,24025797,0.99798215,0.00016092,0.0,2.231e-05,1.695e-05,0.56797341,0.0,0.43182641,59735,6,0.04483212,0.9984331
404,8,24025798,0.99796057,0.00016945,0.0,2.224e-05,1.86e-05,0.4918099,0.0,0.50797981,24567,7,0.03712838,0.9989086
404,9,24025799,0.9979285,0.00015967,0.0,2.225e-05,1.565e-05,0.54829634,0.0,0.45150611,38605,6,0.06714243,0.9985322
404,10,24025800,0.99797508,0.00016582,0.0,2.228e-05,1.724e-05,0.53383505,0.0,0.46595961,30079,7,0.03802453,0.9989335
405,1,24025821,0.99563337,0.01793451,0.01080752,0.0,0.00087053,0.84835462,0.0,0.12203282,14252,6,0.12620518,5.6561534
405,2,24025822,0.99942984,0.00022655,3.87e-06,0.0,1.218e-05,0.99975717,0.0,2.3e-07,56404,6,0.25655999,5.657117
405,3,24025823,0.99646742,0.0163251,0.01318799,0.0,0.00013152,0.96436893,0.0,0.00598646,42195,6,0.40062984,5.657117
405,4,24025824,0.9994425,0.00020838,3.65e-06,0.0,1.156e-05,0.9997762,0.0,2.1e-07,44357,6,0.16971354,5.657117
405,5,24025825,0.99945903,0.00019709,3.69e-06,0.0,7.76e-06,0.9997913,0.0,1.6e-07,44363,6,0.57823227,5.657217
405,6,24025826,0.98765166,0.05829099,0.04970992,0.0,0.0012534,0.89073999,0.0,5.69e-06,55995,6,0.15835379,5.6562868
405,7,24025827,0.99945909,0.00020333,3.9e-06,0.0,1.001e-05,0.99978258,0.0,1.8e-07,15691,6,0.26699893,5.657167
405,8,24025828,0.9994719,0.00020677,3.6e-06,0.0,8.42e-06,0.99978102,0.0,2e-07,46539,6,0.17243017,5.657217
405,9,24025829,0.9965731,0.01508669,0.00932364,0.0,0.00024514,0.95491085,0.0,0.02043368,44124,6,0.12769493,5.657117
405,10,24025830,0.98505637,0.07471531,0.07479894,0.0,0.00212142,0.82816065,0.0,0.02020369,42650,6,0.09714119,5.657117
406,1,24025851,0.44747749,0.07920476,0.01402307,0.16502351,0.0366894,0.32693435,0.32860381,0.04952111,19407,6,0.05207704,0.9986447
406,2,24025852,0.44983434,0.07139028,0.01386011,0.33624772,0.02280107,0.2557364,0.26642332,0.0335411,23374,2,0.0872316,0.66555
406,3,24025853,0.50139751,0.05749032,0.01216186,0.15051633,0.02399556,0.44134994,0.30033911,0.01414687,23113,6,0.08744888,0.9975437
406,4,24025854,0.45018948,0.06262305,0.00825636,0.2842261,0.02347803,0.29323936,0.30894423,0.01923287,8006,2,0.07784001,0.4989821
406,5,24025855,0.43555772,0.06048037,0.01065827,0.34748864,0.02588477,0.24591898,0.30376638,0.0058026,24392,2,0.05375633,0.6654834
406,6,24025856,0.43165152,0.07602572,0.01126709,0.28548296,0.02171861,0.29940874,0.3043979,0.00169898,8014,2,0.0377675,0.6654836
406,7,24025857,0.46179185,0.06908282,0.0118044,0.25580065,0.02728399,0.32274352,0.29198665,0.02129797,22727,6,0.07579382,0.99832
406,8,24025858,0.39189579,0.0807548,0.01204569,0.21775103,0.03212217,0.22645006,0.35241642,0.07845983,23376,2,0.04341287,0.4992082
406,9,24025859,0.40849138,0.06932767,0.01261844,0.29148113,0.0287549,0.27331202,0.32450575,8e-08,24392,2,0.04618886,0.6654834
406,10,24025860,0.41613403,0.07966593,0.01173943,0.22306066,0.03021772,0.31671448,0.32867186,0.00992993,22727,6,0.05498546,0.99832
407,1,24025881,0.99725685,0.00313184,0.01109954,0.0,0.00057832,0.10395922,0.0,0.88123107,52735,7,0.02416232,0.9996763
407,2,24025882,0.99579365,0.00534332,0.01356584,0.0,0.00076396,0.13720768,0.0,0.8431192,56287,7,0.03184107,0.9996763
407,3,24025883,0.99650015,0.00465268,0.00875688,0.0,0.00036545,0.1478016,0.0,0.83842339,22015,7,0.02728214,0.9996764
407,4,24025884,0.99727841,0.00349978,0.01125198,0.0,0.00034602,0.09340366,0.0,0.89149856,7551,7,0.04579108,0.9996763
407,5,24025885,0.99609151,0.00476624,0.01451634,0.0,0.00065353,0.12899656,0.0,0.85106733,62847,7,0.04685019,0.9996764
407,6,24025886,0.99637184,0.00420712,0.01492714,0.0,0.0007189,0.1639494,0.0,0.81619743,24407,7,0.02996719,0.9996514
407,7,24025887,0.99671282,0.00404717,0.01331624,0.0,0.00079813,0.09643196,0.0,0.8854065,40319,7,0.03732708,0.9996764
407,8,24025888,0.99631427,0.00451533,0.01286175,0.0,0.00075485,0.12449108,0.0,0.85737699,15199,7,0.03126576,0.9996763
407,9,24025889,0.99713758,0.00328945,0.00914525,0.0,0.00067889,0.14153183,0.0,0.84535457,22007,7,0.04386074,0.9996514
407,10,24025890,0.99666949,0.00419224,0.01242168,0.0,0.00047184,0.11139378,0.0,0.87152046,20479,7,0.05219208,0.9996264
408,1,24025911,0.99796607,0.00513124,0.00310366,0.0,0.00069623,0.96756261,0.0,0.02350626,19549,6,0.16490422,4.9537851
408,2,24025912,0.9877945,0.01997523,0.00639525,0.0,0.00448458,0.89132641,0.0,0.07781853,8356,6,0.18294538,4.9526956
408,3,24025913,0.992336,0.01191187,0.00401794,0.0,0.00366251,0.85691699,0.0,0.1234907,20259,6,0.10048758,4.953735
408,4,24025914,0.98874201,0.02293048,0.00247611,0.0,0.00400167,0.61269429,0.0,0.35789745,23298,7,0.17900962,4.95376
408,5,24025915,0.99143511,0.01809195,0.00184989,0.0,0.00177802,0.80299092,0.0,0.17528922,8445,6,0.11718849,4.9537851
408,6,24025916,0.99850741,0.00226475,0.00109542,0.0,0.00124322,0.98584208,0.0,0.00955453,19778,6,0.39161426,4.9536851
408,7,24025917,0.99511109,0.0114198,0.00339393,0.0,0.00219146,0.87669566,0.0,0.10629914,20235,7,0.1061539,4.9537851
408,8,24025918,0.98818047,0.0213681,0.00445375,0.0,0.01009902,0.72313936,0.0,0.24093977,19781,6,0.1697066,4.9537351
408,9,24025919,0.99041658,0.01654101,0.00104796,0.0,0.00421709,0.91078477,0.0,0.06740916,48218,6,0.11146615,4.9538184
408,10,24025920,0.9976016,0.00406699,0.00208952,0.0,0.00057772,0.90579592,0.0,0.08746985,23634,6,0.13842649,4.9537601
409,1,24025941,0.99736358,0.00013813,0.0,2.077e-05,5.12e-06,0.99983443,1.52e-06,2e-08,37449,6,0.12199821,0.9984047
409,2,24025942,0.66419722,9.226e-05,0.0,0.99989111,3.36e-06,1.174e-05,1.52e-06,1e-08,31032,2,0.09212865,0.6645645
409,3,24025943,0.99760195,0.00014398,0.0,2.094e-05,5.59e-06,0.99982765,1.51e-06,3.3e-07,35529,6,0.08274767,0.9984047
409,4,24025944,0.99761471,0.00016041,0.0,2.077e-05,6.12e-06,0.99981115,1.52e-06,3e-08,8025,6,0.06427985,0.9986042
409,5,24025945,0.99758236,0.000146,0.0,2.092e-05,5.43e-06,0.999826,1.48e-06,1.6e-07,38063,6,0.06562217,0.9984044
409,6,24025946,0.99757139,0.00015044,0.0,2.072e-05,5.18e-06,0.99982209,1.52e-06,4e-08,36939,6,0.08601495,0.9984045
409,7,24025947,0.99772751,0.00015697,0.0,2.073e-05,5.77e-06,0.99981489,1.52e-06,1.2e-07,64621,6,0.05681898,0.9986035
409,8,24025948,0.9976415,0.00013815,0.0,2.072e-05,5.84e-06,0.99983362,1.51e-06,1.6e-07,37721,6,0.19856192,0.9986045
409,9,24025949,0.99767799,0.00014357,0.0,2.078e-05,5.79e-06,0.99982731,1.54e-06,1.02e-06,35883,6,0.05344754,0.9984041
409,10,24025950,0.66448244,9.153e-05,0.0,0.99989194,3.25e-06,1.175e-05,1.53e-06,1e-08,28748,2,0.1647861,0.66546
410,1,24025971,0.98418669,0.03216749,0.0040422,0.0,0.00866323,0.84068504,0.00220832,0.11223372,19237,6,0.10336707,4.1166676
410,2,24025972,0.98423111,0.03414276,0.00785423,0.0,0.01398861,0.73608231,0.00213073,0.20580137,10117,6,0.09594539,4.1166676
410,3,24025973,0.98188403,0.03400988,0.01023799,0.0,0.01124218,0.50468721,0.00335721,0.43646552,12077,7,0.10758135,4.1167175
410,4,24025974,0.98703029,0.0274027,0.01082845,0.0,0.00663553,0.81679945,0.001741,0.13659286,51085,6,0.18295713,4.1168174
410,5,24025975,0.98766593,0.02678715,0.00729892,0.0,0.00739318,0.68486985,0.00145612,0.27219477,54933,6,0.09318425,4.1167425
410,6,24025976,0.98973928,0.02275369,0.00284625,0.0,0.00489268,0.73144281,0.00221615,0.23584843,48045,6,0.14512288,4.116195
410,7,24025977,0.97464485,0.04924981,0.00973113,0.0,0.01615446,0.63005526,0.00442024,0.2903891,11805,6,0.15634319,4.1167175
410,8,24025978,0.97963268,0.03817343,0.00652076,0.0,0.01746399,0.68828616,0.00313859,0.24641708,15141,6,0.15497079,4.1167175
410,9,24025979,0.98671216,0.02878515,0.01127674,0.0,0.01054843,0.7173242,0.00127244,0.23079304,11053,6,0.1270942,4.1167175
410,10,24025980,0.98461683,0.03023004,0.00532817,0.0,0.0115047,0.67036584,0.00320284,0.2793684,54941,6,0.10500989,4.1168175
411,1,24026001,0.42608442,0.42500986,0.02923229,0.0,0.15584811,0.0,0.27718926,0.11272048,23183,7,0.02407022,0.9995059
411,2,24026002,0.39271393,0.43854246,0.03292133,0.0,0.16879226,0.0,0.26916739,0.09057657,23175,7,0.02579388,0.999431
411,3,24026003,0.42964729,0.41704527,0.02927949,0.0,0.15449822,0.0,0.27374392,0.1254331,19087,7,0.04430908,0.999456
411,4,24026004,0.46876407,0.39895003,0.02617107,0.0,0.14868486,0.0,0.23449326,0.19170079,23183,7,0.05891935,0.9995059
411,5,24026005,0.42846265,0.42393189,0.03055307,0.0,0.15085451,0.0,0.25924876,0.13541177,19079,7,0.05933294,0.9993561
411,6,24026006,0.52746367,0.35972428,0.02545253,0.0,0.14166162,0.0,0.18844415,0.28471742,23175,7,0.12486853,0.999431
411,7,24026007,0.50953374,0.36891665,0.02593338,0.0,0.14772735,0.0,0.21375471,0.24366791,23183,7,0.12041645,0.9995059
411,8,24026008,0.50456249,0.38979509,0.02770327,0.0,0.13444867,0.0,0.20525857,0.2427944,23175,7,0.09488555,0.999431
411,9,24026009,0.52185706,0.36493665,0.02469301,0.0,0.13228868,0.0,0.21247405,0.26560762,23175,7,0.08670595,0.999431
411,10,24026010,0.51788955,0.3648809,0.02554307,0.0,0.13499621,0.0,0.20220017,0.27237966,23175,7,0.14638232,0.999431
412,1,24026031,0.99817782,0.00016633,0.0,5.99e-06,1.41e-05,0.60261662,0.0,0.39719696,36857,6,0.23129855,0.9987158
412,2,24026032,0.99816107,0.00018808,0.0,5.81e-06,1.793e-05,0.47280948,0.0,0.5269787,28599,7,0.03538476,0.9985737
412,3,24026033,0.99823307,0.00019279,0.0,5.73e-06,2.023e-05,0.43054871,0.0,0.56923254,28095,6,0.05622978,0.9990656
412,4,24026034,0.99827347,0.00019345,0.0,5.85e-06,2.023e-05,0.41506889,0.0,0.58471158,62777,6,0.04011025,0.9989157
412,5,24026035,0.9981265,0.00033261,0.0,5.83e-06,1.652e-05,0.61374294,0.0,0.3859021,48567,6,0.06281501,0.9990905
412,6,24026036,0.99834221,0.00019036,0.0,5.79e-06,1.983e-05,0.31422642,0.0,0.6855576,23935,7,0.05432224,0.9991155
412,7,24026037,0.99833225,0.00018944,0.0,5.79e-06,1.931e-05,0.39227651,0.0,0.60750895,12279,7,0.05169327,0.9990656
412,8,24026038,0.9981637,0.00018536,0.0,5.81e-06,1.706e-05,0.43303439,0.0,0.56675739,31609,6,0.04747224,0.9984736
412,9,24026039,0.99831945,0.00021055,0.0,5.8e-06,1.892e-05,0.38828302,0.0,0.6114817,65465,6,0.06731021,0.9984738
412,10,24026040,0.99822694,0.00017213,0.0,5.88e-06,1.513e-05,0.61507962,0.0,0.38472724,24537,6,0.07686418,0.9989156
413,1,24026061,0.99001047,0.04990717,0.07025301,0.0,0.0025027,0.7942305,0.0,0.08310663,19995,6,0.28940737,6.138858
413,2,24026062,0.98104423,0.10488952,0.19826009,0.0,0.00304501,0.69380434,0.0,1.04e-06,8436,6,0.15508632,6.138758
413,3,24026063,0.9829627,0.09432415,0.17159661,0.0,0.00324067,0.7205197,0.0,0.01031887,18963,6,0.16871317,6.1375818
413,4,24026064,0.98676941,0.07301771,0.094779,0.0,0.00188207,0.80649118,0.0,0.02383004,8444,6,0.16290961,6.138758
413,5,24026065,0.99355359,0.03089902,0.05539198,0.0,0.00286873,0.72384703,0.0,0.18699325,51981,6,0.11361502,6.1389578
413,6,24026066,0.98574397,0.08149169,0.13649792,0.0,0.00171164,0.73619086,0.0,0.04410788,12074,6,0.25169266,6.1387579
413,7,24026067,0.99079152,0.04842828,0.0651526,0.0,0.00077881,0.79176741,0.0,0.0938729,48931,6,0.12398758,6.1388828
413,8,24026068,0.99938659,0.00022039,3.89e-06,0.0,9.37e-06,0.99976611,0.0,2.3e-07,19548,6,0.18935848,6.138758
413,9,24026069,0.97728283,0.12779902,0.2421736,0.0,0.00315983,0.54159615,0.0,0.0852714,8930,4,0.11919436,6.1375315
413,10,24026070,0.99537298,0.02138064,0.03360104,0.0,0.00149355,0.8604045,0.0,0.08312027,20267,6,0.12831953,6.1388579
414,1,24026091,0.9963897,0.00039391,0.0,0.00275753,4.53e-06,0.99684225,1.6e-06,1.8e-07,37453,6,0.1297618,0.9986201
414,2,24026092,0.9975212,0.00037737,0.0,0.00041608,1.367e-05,0.99919124,1.64e-06,2e-08,59465,6,0.07146739,0.9988196
414,3,24026093,0.99678998,0.00015039,0.0,0.00161623,4.64e-06,0.99822709,1.63e-06,2e-08,36943,6,0.16894423,0.9986201
414,4,24026094,0.99783775,0.00014843,0.0,1.486e-05,5.22e-06,0.99982975,1.63e-06,1.1e-07,39503,6,0.08262108,0.99862
414,5,24026095,0.96468204,0.00013825,0.0,0.09942323,4.82e-06,0.90043206,1.59e-06,6e-08,28875,6,0.08595497,0.9988198
414,6,24026096,0.99689358,0.00025695,0.0,1.482e-05,4.08e-06,0.99882389,0.00090025,1e-08,33753,6,0.17227054,0.9986198
414,7,24026097,0.96730857,0.00107159,0.0,0.0572969,0.00019336,0.94018317,0.00125147,3.51e-06,32975,6,0.15152089,0.9986197
414,8,24026098,0.99784019,0.00014678,0.0,1.451e-05,4.49e-06,0.99983242,1.64e-06,1.6e-07,39499,6,0.07279147,0.9986193
414,9,24026099,0.99264976,0.00015899,0.0,0.0089179,5.71e-06,0.99091551,1.62e-06,2.8e-07,39051,6,0.07721929,0.9986198
414,10,24026100,0.97430416,0.00147563,0.0,0.03218962,5.47e-06,0.9628315,0.00349765,1.3e-07,31789,6,0.05673712,0.9988198
415,1,24026121,0.95646751,0.07016594,0.0043444,0.0,0.07834331,0.0,0.07581125,0.7713351,48909,7,0.10840429,1.3186202
415,2,24026122,0.97455323,0.04897493,0.00237267,0.0,0.06298565,0.0,0.03530953,0.85035723,49037,7,0.10587663,1.3185566
415,3,24026123,0.9724848,0.05125378,0.00384768,0.0,0.06545953,0.0,0.03692799,0.84251101,24325,7,0.12088934,1.3185203
415,4,24026124,0.95244946,0.09051632,0.00506925,0.0,0.10277528,0.0,0.07110542,0.73053372,12077,7,0.13952585,1.3185203
415,5,24026125,0.95649819,0.07099005,0.00443699,0.0,0.08835494,0.0,0.0711816,0.76503643,16141,7,0.09887111,1.3185702
415,6,24026126,0.9568488,0.07927692,0.00444276,0.0,0.10118948,0.0,0.06124413,0.75384671,44941,7,0.12113266,1.3185566
415,7,24026127,0.96773069,0.04866778,0.00386936,0.0,0.05644847,0.0,0.06224031,0.82877408,49061,7,0.10366023,1.3184567
415,8,24026128,0.97123833,0.05222222,0.00329198,0.0,0.06147626,0.0,0.0404698,0.84253973,12077,7,0.10985067,1.3185203
415,9,24026129,0.96424115,0.05054176,0.00345298,0.0,0.05549117,0.0,0.07311484,0.81739925,44973,7,0.11430393,1.3185565
415,10,24026130,0.96471233,0.06509409,0.00453323,0.0,0.06818831,0.0,0.05230904,0.80987533,16173,7,0.13163627,1.3185702
416,1,24026151,0.97771689,0.03422,0.0042449,0.0,0.01197851,0.55626253,0.0027579,0.39053615,23339,6,0.24453642,3.7385008
416,2,24026152,0.96201967,0.06053296,0.01057127,0.0,0.02584941,0.47978133,0.00294567,0.42031937,24067,7,0.09661769,3.737729
416,3,24026153,0.96724874,0.05327944,0.01037994,0.0,0.01554033,0.54492229,0.00288986,0.37298814,20228,7,0.11355436,3.7383509
416,4,24026154,0.95252418,0.0696754,0.0121868,0.0,0.02508427,0.46407209,0.00839209,0.42058935,18053,6,0.06844768,3.7376542
416,5,24026155,0.98126218,0.02865143,0.00616194,0.0,0.01366171,0.55552839,0.00291392,0.3930826,18309,6,0.34023259,3.7384009
416,6,24026156,0.96727064,0.05263019,0.01021302,0.0,0.01998991,0.65120157,0.00350857,0.26245674,55819,6,0.06071288,3.7379034
416,7,24026157,0.95765875,0.06611034,0.01247449,0.0,0.03012446,0.56171196,0.00605297,0.32352578,19213,7,0.07021049,3.7384508
416,8,24026158,0.98813492,0.01861015,0.00491142,0.0,0.00706003,0.60561763,0.00104806,0.36275271,19212,7,0.25176406,3.7383508
416,9,24026159,0.95184296,0.08272576,0.01413215,0.0,0.03370343,0.67021559,0.00410025,0.19512282,23330,6,0.08953728,3.7384259
416,10,24026160,0.97815628,0.03537129,0.00584645,0.0,0.01312932,0.29626255,0.00146966,0.64792072,19203,7,0.24880905,3.7384008
417,1,24026181,0.99769,0.00013759,0.0,2.232e-05,1.257e-05,0.73126355,0.0,0.26856397,42489,6,0.11390572,0.9983725
417,2,24026182,0.99769729,0.00016134,0.0,2.237e-05,1.657e-05,0.6038328,0.0,0.39596692,17911,7,0.02665676,0.9987227
417,3,24026183,0.99771541,0.00016109,0.0,2.236e-05,1.703e-05,0.43477006,0.0,0.56502946,30201,6,0.08393523,0.9985726
417,4,24026184,0.99764837,0.00015055,0.0,2.229e-05,1.261e-05,0.68993103,0.0,0.30988351,59743,6,0.04491765,0.9987727
417,5,24026185,0.99764573,0.00015355,0.0,2.23e-05,1.32e-05,0.58496749,0.0,0.41484347,62697,6,0.08219394,0.9985726
417,6,24026186,0.99769806,0.00014249,0.0,2.221e-05,1.306e-05,0.71759917,0.0,0.28222308,14329,6,0.0498724,0.9985727
417,7,24026187,0.99766484,0.00013971,0.0,2.23e-05,1.237e-05,0.76332542,0.0,0.23650021,23993,6,0.07159477,0.9985728
417,8,24026188,0.9977215,0.00016066,0.0,2.229e-05,1.902e-05,0.51037616,0.0,0.48942187,40651,6,0.04832696,0.9983722
417,9,24026189,0.99773844,0.00016207,0.0,2.23e-05,1.686e-05,0.50671179,0.0,0.49308697,48087,7,0.04345869,0.9987477
417,10,24026190,0.99763845,0.00015912,0.0,2.231e-05,1.524e-05,0.59250131,0.0,0.40730201,35407,6,0.05887109,0.9983727
418,1,24026211,0.98369233,0.04336833,0.0126836,0.0,0.00682448,0.93427484,0.0,0.00284876,14221,6,0.28055647,5.5820018
418,2,24026212,0.98767115,0.03105899,0.00705659,0.0,0.00431529,0.9548496,0.0,0.00271952,55547,6,0.18084395,5.5811366
418,3,24026213,0.96594741,0.10000609,0.00789821,0.0,0.0054467,0.81193954,0.0,0.07470945,50396,6,0.0869364,5.5819518
418,4,24026214,0.97359785,0.06340817,0.00372318,0.0,0.00473712,0.89357656,0.0,0.03455497,19908,6,0.09784462,5.5808363
418,5,24026215,0.99407363,0.01841973,0.00165638,0.0,0.0011219,0.97879981,0.0,2.18e-06,19788,6,0.22337989,5.5818519
418,6,24026216,0.98520643,0.03683726,0.00557359,0.0,0.00607068,0.90235377,0.0,0.0491647,46539,6,0.31764444,5.5820517
418,7,24026217,0.99741525,0.00530819,0.00253129,0.0,0.00054961,0.96640004,0.0,0.02521088,9437,6,0.20625853,5.5819518
418,8,24026218,0.98332229,0.04052361,0.0040319,0.0,0.00788995,0.86915639,0.0,0.07839815,46539,6,0.24536398,5.5820517
418,9,24026219,0.99899237,0.00129583,0.00233555,0.0,0.00017146,0.99619687,0.0,3e-07,9429,6,0.23807795,5.5819018
418,10,24026220,0.99845721,0.00277373,0.00181095,0.0,0.00024162,0.9951706,0.0,3.1e-06,17861,6,0.18050826,5.5819018
419,1,24026241,0.3482677,0.11819397,0.01325362,0.01054292,0.05769951,0.30084135,0.47693382,0.02253482,18567,6,0.05023055,0.998616
419,2,24026242,0.40830638,0.08626549,0.01022406,0.01660946,0.04515665,0.36830281,0.45209895,0.02134259,18575,6,0.10539765,0.9987158
419,3,24026243,0.40001623,0.09532457,0.01272628,0.02135928,0.04886738,0.37409959,0.44292099,0.0047019,8009,6,0.05842684,0.9987656
419,4,24026244,0.3974114,0.11045434,0.01017684,0.02432243,0.0456296,0.32823132,0.43456244,0.04662303,19087,7,0.04662293,0.9982492
419,5,24026245,0.47976055,0.08751417,0.00878179,0.01586573,0.036191,0.42358781,0.38819167,0.03986783,18567,6,0.1714442,0.998616
419,6,24026246,0.31106715,0.11268756,0.01044222,0.02297357,0.05373153,0.20621046,0.51549413,0.07846053,19079,7,0.04579071,0.9981494
419,7,24026247,0.43728754,0.10249107,0.00858876,0.0108862,0.08068469,0.40553113,0.38246546,0.00935268,23687,6,0.06783328,0.9986908
419,8,24026248,0.37556819,0.09435724,0.00993398,0.01413968,0.0472325,0.33874933,0.47717964,0.01840764,23113,6,0.03699535,0.9980995
419,9,24026249,0.39856988,0.10427727,0.01091843,0.01327968,0.0741047,0.3749649,0.4218137,0.00064133,19143,6,0.05103008,0.9986162
419,10,24026250,0.37422432,0.10036468,0.01060125,0.0080872,0.03884131,0.31649711,0.48630217,0.03930627,23113,6,0.06080311,0.9980995
420,1,24026271,0.99716408,0.00207806,0.0060843,0.0,9.945e-05,0.21954898,0.0,0.77218921,61431,7,0.03789336,0.9993823
420,2,24026272,0.99665671,0.00228304,0.00982886,0.0,0.00022137,0.179484,0.0,0.80818274,54783,7,0.04027589,0.9994156
420,3,24026273,0.99655983,0.00311121,0.01285244,0.0,0.0002913,0.25146194,0.0,0.73228311,58871,7,0.03985822,0.9993823
420,4,24026274,0.99798732,0.00108682,0.00627862,0.0,0.0001193,0.18464588,0.0,0.80786938,34687,7,0.06486892,0.9994157
420,5,24026275,0.99783371,0.00133301,0.00591156,0.0,0.00012532,0.19741313,0.0,0.79521698,46463,7,0.05329851,0.9994156
420,6,24026276,0.99727166,0.00200949,0.00741011,0.0,0.00019317,0.26524258,0.0,0.72514465,32631,7,0.03434759,0.9993907
420,7,24026277,0.9959334,0.00327001,0.01696282,0.0,0.0004375,0.22086205,0.0,0.75846762,60863,6,0.03054509,0.9994156
420,8,24026278,0.99746368,0.00163759,0.00939551,0.0,0.00015176,0.21006973,0.0,0.7787454,38271,7,0.04574998,0.9994156
420,9,24026279,0.99743186,0.00149707,0.00740852,0.0,0.00012831,0.25998982,0.0,0.73097628,40799,7,0.03622309,0.9994156
420,10,24026280,0.99719599,0.00199312,0.00981181,0.0,0.00014748,0.2540475,0.0,0.73400008,64951,6,0.04475908,0.9993407
421,1,24026301,0.99944583,0.00020886,3.68e-06,0.0,7.21e-06,0.99978007,0.0,1.8e-07,23876,6,0.30862607,5.9528722
421,2,24026302,0.99941936,0.00019872,3.87e-06,0.0,1.081e-05,0.99978642,0.0,1.8e-07,9675,6,0.37103438,5.9528972
421,3,24026303,0.99886703,0.00269263,0.00645324,0.0,0.00023932,0.89816668,0.0,0.09244812,13980,6,0.19143566,5.9528972
421,4,24026304,0.99945212,0.00021657,3.67e-06,0.0,1.146e-05,0.99976806,0.0,2.4e-07,54493,6,0.31925317,5.9529971
421,5,24026305,0.98732958,0.03321674,0.00313738,0.0,0.00155667,0.74078688,0.0,0.22130234,52763,6,0.19408489,5.9529971
421,6,24026306,0.99807125,0.00335165,0.00140986,0.0,0.00081083,0.88543163,0.0,0.10899603,15435,6,0.24979978,5.9518077
421,7,24026307,0.98606054,0.03424777,0.00551314,0.0,0.00072135,0.8199607,0.0,0.13955704,18308,6,0.12640046,5.9527973
421,8,24026308,0.99753396,0.00475389,0.000374,0.0,0.00151695,0.83981134,0.0,0.15354382,46746,6,0.20348971,5.9529305
421,9,24026309,0.99843796,0.00236937,0.00124901,0.0,0.00037728,0.92254137,0.0,0.07346297,55827,6,0.12739326,5.9517828
421,10,24026310,0.99791662,0.00451269,0.00446535,0.0,0.00085463,0.96049916,0.0,0.02966816,52754,6,0.12316081,5.9528639
422,1,24026331,0.99745446,0.00014817,0.0,2.092e-05,6.15e-06,0.99982301,1.54e-06,2.1e-07,37067,6,0.0746619,0.9983709
422,2,24026332,0.66415934,9.402e-05,0.0,0.99988925,3.34e-06,1.18e-05,1.57e-06,1e-08,28686,2,0.06143377,0.6654269
422,3,24026333,0.99741493,0.00015182,0.0,2.088e-05,5.4e-06,0.99982004,1.55e-06,3.2e-07,36153,6,0.06613317,0.998371
422,4,24026334,0.99750769,0.00015432,0.0,2.087e-05,5.68e-06,0.99981753,1.55e-06,5e-08,25163,6,0.07236752,0.9985213
422,5,24026335,0.99748001,0.00015464,0.0,2.085e-05,5.97e-06,0.99981672,1.55e-06,2.7e-07,57421,6,0.06310734,0.9985712
422,6,24026336,0.99767123,0.00015738,0.0,2.084e-05,6.49e-06,0.99981367,1.52e-06,1e-07,61035,6,0.05078312,0.9985706
422,7,24026337,0.99747457,0.00014569,0.0,2.104e-05,5.79e-06,0.99982468,1.54e-06,1.25e-06,27339,6,0.06201877,0.9985209
422,8,24026338,0.99752002,0.00016279,0.0,2.106e-05,6.52e-06,0.99941527,1.55e-06,0.00039282,33055,6,0.07217124,0.9987712
422,9,24026339,0.99741692,0.00013122,0.0,2.077e-05,4.19e-06,0.99984227,1.54e-06,2e-08,39193,6,0.12012948,0.9985711
422,10,24026340,0.66412008,9.729e-05,0.0,0.99988593,3.5e-06,1.173e-05,1.54e-06,1e-08,40520,2,0.0780423,0.6649841
423,1,24026361,0.91520846,0.12471541,0.06681713,0.0,0.06794794,0.03098651,0.02490681,0.6846262,12077,7,0.14958336,3.3499343
423,2,24026362,0.90332709,0.15127858,0.06267502,0.0,0.10467169,0.01501672,0.0198513,0.64650669,16165,7,0.0850411,3.3499343
423,3,24026363,0.90666646,0.15518815,0.07470793,0.0,0.08304171,0.06338942,0.0210563,0.6026165,48941,7,0.12725254,3.3500342
423,4,24026364,0.92895347,0.11086896,0.04488553,0.0,0.07189307,0.02242937,0.0163879,0.73353516,44845,7,0.10581262,3.3500342
423,5,24026365,0.9049286,0.16461883,0.08374603,0.0,0.08859917,0.10539678,0.0230536,0.5345856,44589,7,0.06185254,3.3494645
423,6,24026366,0.93793662,0.09449004,0.06645449,0.0,0.06072262,0.02708768,0.01403553,0.73720964,12077,7,0.08427582,3.3499343
423,7,24026367,0.97397041,0.03880984,0.02971773,0.0,0.02073514,0.00396899,0.00625797,0.90051032,48941,7,0.27489073,3.3500342
423,8,24026368,0.92681715,0.11308299,0.05694121,0.0,0.06962953,0.06326148,0.01896402,0.67812077,12045,7,0.08868429,3.3499344
423,9,24026369,0.9476679,0.08266677,0.02448645,0.0,0.05411719,0.13486523,0.01214921,0.69171515,57261,7,0.09082444,3.3495648
423,10,24026370,0.92918641,0.11055356,0.04765483,0.0,0.06242185,0.08520123,0.01657589,0.67759264,57101,7,0.09258593,3.3500343
424,1,24026391,0.92022268,0.07952397,0.00641196,0.0,0.03984764,0.0,0.02237667,0.85183976,18954,7,0.13782878,1.9842614
424,2,24026392,0.92100268,0.0865648,0.0081834,0.0,0.04442885,0.0,0.01996574,0.84085722,24067,7,0.127961,1.9843862
424,3,24026393,0.93108212,0.08267141,0.00893552,0.0,0.04688644,0.0,0.01386208,0.84764455,24331,7,0.19522184,1.9848077
424,4,24026394,0.91375029,0.09907205,0.01093579,0.0,0.0459674,0.0,0.02025625,0.82376849,20226,7,0.11627778,1.9846578
424,5,24026395,0.90997708,0.1002131,0.01173525,0.0,0.05341314,0.0,0.02169704,0.81294146,23300,7,0.08025049,1.9847327
424,6,24026396,0.91633588,0.09242751,0.01057891,0.0,0.04735124,0.0,0.02005892,0.82958342,18949,7,0.15655884,1.9843112
424,7,24026397,0.89121496,0.11915732,0.01052165,0.0,0.05327097,0.0,0.03079645,0.78625362,24066,7,0.11846159,1.9843612
424,8,24026398,0.93171354,0.07288286,0.00629783,0.0,0.03535056,0.0,0.02014691,0.86532184,19211,7,0.12480596,1.9847577
424,9,24026399,0.90352408,0.1029734,0.01107401,0.0,0.05881929,0.0,0.02532762,0.80180567,19971,7,0.08580074,1.9843113
424,10,24026400,0.91658914,0.08962715,0.01128406,0.0,0.04829911,0.0,0.02203981,0.82874986,19970,7,0.10124055,1.9842614
425,1,24026421,0.9979073,0.00016216,0.0,1.938e-05,1.535e-05,0.50112321,0.0,0.4986799,47513,6,0.10691695,0.9986811
425,2,24026422,0.99791415,0.0001658,0.0,1.926e-05,1.726e-05,0.47834017,0.0,0.5214575,30553,6,0.09353688,0.9986812
425,3,24026423,0.99801019,0.00016735,0.0,1.943e-05,1.888e-05,0.40439275,0.0,0.59540159,31191,6,0.05283355,0.9987562
425,4,24026424,0.99786469,0.00016756,0.0,1.926e-05,1.745e-05,0.47583949,0.0,0.52395623,51063,7,0.03755613,0.9986665
425,5,24026425,0.99795347,0.00016561,0.0,1.933e-05,1.706e-05,0.49780707,0.0,0.50199093,30553,6,0.05578898,0.9986812
425,6,24026426,0.99782459,0.00016364,0.0,1.926e-05,1.696e-05,0.51325076,0.0,0.48654938,63449,6,0.05452242,0.9986808
425,7,24026427,0.99789315,0.00015979,0.0,1.928e-05,1.64e-05,0.49819615,0.0,0.50160839,49001,6,0.05314836,0.9975633
425,8,24026428,0.99761979,0.00015624,0.0,1.934e-05,1.466e-05,0.5998926,0.0,0.39991716,54775,7,0.08754629,0.9988561
425,9,24026429,0.9978262,0.00015368,0.0,1.929e-05,1.618e-05,0.65071035,0.0,0.3491005,36585,6,0.04734119,0.9984814
425,10,24026430,0.99793225,0.00017018,0.0,1.935e-05,1.785e-05,0.54712332,0.0,0.4526693,29655,6,0.05303598,0.9987312
426,1,24026451,0.99297416,0.0420751,0.08903438,0.0,0.00163185,0.78096557,0.0,0.08629311,48669,6,0.12501753,6.5552953
426,2,24026452,0.95322958,0.2844805,0.70306333,0.0,0.01245169,4.36e-06,0.0,1.2e-07,47867,4,0.7030526,6.5541856
426,3,24026453,0.97509003,0.15131117,0.34841085,0.0,0.0017,0.46928369,0.0,0.02929429,14818,4,0.20437068,6.5540106
426,4,24026454,0.95297528,0.28930835,0.70196289,0.0,0.00872417,4.45e-06,0.0,1.4e-07,47355,4,0.70195191,6.5541858
426,5,24026455,0.95257686,0.28957156,0.70085253,0.0,0.0095713,4.47e-06,0.0,1.4e-07,47867,4,0.62138066,6.5541856
426,6,24026456,0.99671489,0.01425763,0.03348657,0.0,0.00164915,0.75427793,0.0,0.19632872,24109,7,0.07857819,6.553985
426,7,24026457,0.9518658,0.2969178,0.69491085,0.0,0.00816684,4.36e-06,0.0,1.5e-07,47355,4,0.69489957,6.5541858
426,8,24026458,0.99942585,0.00021679,3.79e-06,0.0,9.21e-06,0.99977,0.0,2e-07,50636,6,0.25091182,6.5551954
426,9,24026459,0.9928478,0.03741251,0.09270285,0.0,0.00213854,0.86438106,0.0,0.00336504,22163,6,0.23952212,6.5551954
426,10,24026460,0.9938482,0.03235259,0.07700292,0.0,0.00190168,0.82523988,0.0,0.06350293,15139,6,0.23283257,6.5551954
427,1,24026481,0.54162249,0.06083034,0.02036961,0.28293679,0.02469622,0.31520679,0.23208092,0.06387934,24398,2,0.0947607,0.6651238
427,2,24026482,0.53125064,0.066882,0.01833824,0.19938374,0.02642662,0.38951838,0.25030705,0.04914397,33359,6,0.09423546,0.9987342
427,3,24026483,0.53847858,0.06933065,0.01947335,0.15843419,0.02960848,0.41747979,0.23706558,0.06860797,36941,6,0.1037745,0.998734
427,4,24026484,0.46629399,0.0729257,0.01799644,0.28752179,0.02506044,0.30172644,0.29476915,5e-08,8008,2,0.0803003,0.6649907
427,5,24026485,0.43762169,0.08708704,0.03180025,0.26863565,0.03125555,0.30870605,0.26414552,0.00836994,23366,2,0.09300691,0.4986056
427,6,24026486,0.44907622,0.08145496,0.02305136,0.27828553,0.02578961,0.31887846,0.2702413,0.00229879,24392,2,0.06749687,0.6650572
427,7,24026487,0.56495742,0.05821995,0.02208177,0.14100287,0.02371645,0.51471325,0.23824086,0.00202484,22663,6,0.10661141,0.9978941
427,8,24026488,0.5456008,0.06400604,0.01021277,0.31591119,0.01968552,0.33773094,0.21697,0.03548353,6984,2,0.13122446,0.6649242
427,9,24026489,0.51623136,0.06543758,0.02154843,0.21789159,0.02315445,0.40333736,0.25979927,0.00883132,33357,6,0.0663335,0.998734
427,10,24026490,0.61652855,0.05499,0.01851594,0.2144754,0.01541707,0.49403366,0.20256787,6e-08,24393,6,0.09593886,0.9980685
428,1,24026511,0.99656328,0.00553605,0.0183062,0.0,0.00168129,0.01651876,0.0,0.9579577,20343,7,0.05054227,0.9997596
428,2,24026512,0.99621092,0.00640784,0.02447896,0.0,0.00197204,0.01180895,0.0,0.9553322,64407,7,0.03320804,0.9996145
428,3,24026513,0.99667534,0.00552492,0.02000357,0.0,0.00116483,0.02769959,0.0,0.94560709,65407,7,0.05047068,0.9998096
428,4,24026514,0.99625787,0.0065927,0.02203023,0.0,0.0015627,0.01672897,0.0,0.95308539,30711,7,0.02984436,0.9997846
428,5,24026515,0.99551423,0.00783985,0.02616808,0.0,0.00184851,0.02476732,0.0,0.93937624,17911,7,0.0361145,0.9997596
428,6,24026516,0.99572331,0.00769247,0.03185511,0.0,0.00169702,0.02104848,0.0,0.93770691,12287,7,0.02977758,0.9997596
428,7,24026517,0.99612658,0.00619138,0.02604168,0.0,0.00163744,0.01870898,0.0,0.94742052,35671,7,0.02877925,0.9997096
428,8,24026518,0.99515596,0.00895792,0.02534105,0.0,0.00201555,0.03890346,0.0,0.92478201,3967,7,0.02722041,0.9997596
428,9,24026519,0.99657266,0.00618138,0.02055613,0.0,0.00133828,0.01240691,0.0,0.9595173,28663,7,0.03228341,0.9997596
428,10,24026520,0.99556279,0.00781222,0.01667025,0.0,0.0013851,0.01569977,0.0,0.95843266,24439,7,0.05863619,0.9997846
429,1,24026541,0.98697149,0.02077386,0.00493818,0.0,0.00592471,0.88561806,0.0,0.08274519,15683,6,0.32559744,5.0528665
429,2,24026542,0.99265392,0.01605277,0.00293725,0.0,0.00579342,0.96426476,0.0,0.0109518,23874,6,0.20302508,5.0528415
429,3,24026543,0.99568024,0.00649812,0.00108177,0.0,0.00122871,0.93953317,0.0,0.05165822,8380,6,0.2840542,5.0527665
429,4,24026544,0.98800163,0.01785154,0.00232198,0.0,0.00684449,0.96508492,0.0,0.00789708,8884,6,0.38784417,5.0527666
429,5,24026545,0.99402688,0.01287992,0.00472893,0.0,0.00220193,0.71584328,0.0,0.26434594,20227,7,0.15825226,5.0528166
429,6,24026546,0.98224311,0.0360148,0.01135214,0.0,0.00827362,0.7527403,0.0,0.19161914,56781,6,0.12585184,5.052157
429,7,24026547,0.99786399,0.00403681,0.00014665,0.0,0.00050547,0.95597792,0.0,0.03933315,23637,6,0.16999599,5.0528665
429,8,24026548,0.98586288,0.02096442,0.00683299,0.0,0.00606416,0.73791353,0.0,0.22822489,56645,6,0.20597564,5.0528915
429,9,24026549,0.98624326,0.01476701,0.00451282,0.0,0.00865325,0.77855253,0.0,0.19351438,18316,6,0.13056347,5.0527666
429,10,24026550,0.99066421,0.01012152,0.00198048,0.0,0.00764247,0.93384663,0.0,0.0464089,54722,6,0.22473513,5.0528665
430,1,24026571,0.99750637,0.00015125,0.0,2.073e-05,5.97e-06,0.99982018,1.52e-06,3.5e-07,62425,6,0.07020753,0.9984389
430,2,24026572,0.99752429,0.00013454,0.0,2.074e-05,5.47e-06,0.99983769,1.52e-06,5e-08,36825,6,0.21184864,0.9982392
430,3,24026573,0.99748756,0.00015773,0.0,2.079e-05,5.84e-06,0.99981362,1.51e-06,5.1e-07,63769,6,0.04238574,0.9984389
430,4,24026574,0.99738421,0.00016043,0.0,2.08e-05,6.1e-06,0.99981068,1.53e-06,4.6e-07,38927,6,0.08092967,0.9982387
430,5,24026575,0.99750356,0.00014484,0.0,2.064e-05,5.7e-06,0.99982715,1.56e-06,1e-07,38329,6,0.06801913,0.9984389
430,6,24026576,0.99750561,0.00015057,0.0,2.072e-05,5.79e-06,0.99982136,1.52e-06,5e-08,32905,6,0.08638438,0.9982387
430,7,24026577,0.99733547,0.00014407,0.0,2.066e-05,5.84e-06,0.9998278,1.53e-06,1e-07,37577,6,0.0688967,0.9982387
430,8,24026578,0.99723343,0.00014641,0.0,2.073e-05,5.01e-06,0.99982598,1.52e-06,3.5e-07,58601,6,0.05790542,0.9984387
430,9,24026579,0.99737112,0.00015722,0.0,2.074e-05,6.46e-06,0.99981402,1.53e-06,3e-08,34509,6,0.0351215,0.9982372
430,10,24026580,0.99748847,0.00016256,0.0,2.069e-05,6.21e-06,0.99980892,1.5e-06,1.1e-07,61129,6,0.06959825,0.9984389
431,1,24026601,0.99795298,0.00350203,0.00040129,0.0,0.00074616,0.99529202,0.0,5.85e-05,42205,6,0.16959006,5.2428319
431,2,24026602,0.99018483,0.02161823,0.00247637,0.0,0.00475245,0.85150341,0.0,0.11964954,21963,6,0.14420193,5.242782
431,3,24026603,0.99626455,0.00812632,0.00107315,0.0,0.0036686,0.96693729,0.0,0.02019465,49403,6,0.32072957,5.2428319
431,4,24026604,0.99180353,0.01554214,0.00168724,0.0,0.00523191,0.93339821,0.0,0.04414049,54493,6,0.34500197,5.2428319
431,5,24026605,0.99210402,0.01306235,0.00457304,0.0,0.00620118,0.94016409,0.0,0.03599934,50637,6,0.13517095,5.2428319
431,6,24026606,0.99846834,0.00264008,0.00076698,0.0,0.00104153,0.98453811,0.0,0.0110133,14220,6,0.17753737,5.242732
431,7,24026607,0.99463874,0.00557932,0.00074339,0.0,0.00407281,0.98960333,0.0,1.15e-06,21965,6,0.19078451,5.242782
431,8,24026608,0.99687957,0.00435301,0.00091586,0.0,0.00182812,0.91434883,0.0,0.07855418,46987,6,0.14924157,5.2428319
431,9,24026609,0.99331,0.01195709,0.00118177,0.0,0.00538405,0.93329977,0.0,0.04817732,46530,6,0.27824816,5.242732
431,10,24026610,0.99110091,0.01408294,0.00178623,0.0,0.00364871,0.93982106,0.0,0.04066107,46540,6,0.31007065,5.2427653
432,1,24026631,0.20210217,0.33485908,0.0306568,0.0,0.12573399,0.0,0.41298684,0.09576329,20103,7,0.06552778,0.9986296
432,2,24026632,0.20129248,0.33918987,0.02917291,0.0,0.12217698,0.0,0.41403689,0.09542334,23175,7,0.03454976,0.9989343
432,3,24026633,0.19793495,0.34990495,0.02738446,0.0,0.11981862,0.0,0.41633825,0.08655371,24207,7,0.02958502,0.9987792
432,4,24026634,0.13162352,0.35190047,0.03142692,0.0,0.12310841,0.0,0.47059012,0.02297409,24207,7,0.01200641,0.9987792
432,5,24026635,0.28876437,0.29934249,0.02546086,0.0,0.10256512,0.0,0.37603095,0.19660058,23175,7,0.06485032,0.9989343
432,6,24026636,0.24290842,0.30865495,0.02798374,0.0,0.11486844,0.0,0.40314605,0.14534682,23183,7,0.06418235,0.9990092
432,7,24026637,0.1913196,0.33967524,0.02965453,0.0,0.12057368,0.0,0.42278479,0.08731176,20111,7,0.04368282,0.9987293
432,8,24026638,0.18767323,0.3356927,0.02837823,0.0,0.12000583,0.0,0.43208336,0.08383989,24199,7,0.06007275,0.9987044
432,9,24026639,0.23511521,0.3269958,0.02693736,0.0,0.11677278,0.0,0.39650081,0.13279325,20103,7,0.03835808,0.9986296
432,10,24026640,0.18322126,0.34681289,0.0293759,0.0,0.12564057,0.0,0.42378454,0.0743861,24199,7,0.03998004,0.9987044
433,1,24026661,0.99700433,0.00156863,0.00381515,0.0,7.568e-05,0.33939004,0.0,0.65515049,59263,7,0.04008431,0.9991315
433,2,24026662,0.9972543,0.00126106,0.00338991,0.0,4.032e-05,0.17351356,0.0,0.82179515,56703,7,0.03773699,0.9991314
433,3,24026663,0.99696753,0.00133204,0.00453629,0.0,4.801e-05,0.3164793,0.0,0.67760437,36223,7,0.04857833,0.9991314
433,4,24026664,0.9976094,0.00098304,0.00201134,0.0,3.934e-05,0.31454412,0.0,0.68242217,30559,7,0.04415158,0.9991314
433,5,24026665,0.99747023,0.0008937,0.00228542,0.0,3.272e-05,0.31974066,0.0,0.67704749,14303,7,0.05744365,0.9991314
433,6,24026666,0.99790075,0.00080488,0.00141367,0.0,4.477e-05,0.18774485,0.0,0.80999183,32631,7,0.03983947,0.9991065
433,7,24026667,0.99705608,0.00137598,0.00194026,0.0,0.00023236,0.26145924,0.0,0.73499216,14207,7,0.05934344,0.9991314
433,8,24026668,0.99738628,0.00122798,0.00197036,0.0,3.826e-05,0.19535678,0.0,0.80140662,40311,7,0.04478984,0.9991064
433,9,24026669,0.99756079,0.00123589,0.00257124,0.0,2.519e-05,0.26675586,0.0,0.72941182,31607,7,0.04945674,0.9986475
433,10,24026670,0.99745212,0.00102049,0.00484432,0.0,3.957e-05,0.32990372,0.0,0.6641919,52607,7,0.03043993,0.9991314
434,1,24026691,0.99095357,0.03014139,0.03709458,0.0,0.00508446,0.9111349,0.0,0.01654467,8948,6,0.23925007,6.8669823
434,2,24026692,0.993616,0.02364117,0.0136552,0.0,0.00173788,0.85010126,0.0,0.11086449,18074,6,0.16629354,6.8669824
434,3,24026693,0.97963038,0.08440278,0.03770412,0.0,9.189e-05,0.77203115,0.0,0.10577006,22412,6,0.09427412,6.8670823
434,4,24026694,0.97987598,0.08864278,0.04011139,0.0,0.00056515,0.65042895,0.0,0.22025173,8436,6,0.29783673,6.8669824
434,5,24026695,0.99888172,0.00269059,0.00627269,0.0,1.647e-05,0.79525804,0.0,0.19576222,19987,6,0.16423852,6.8670324
434,6,24026696,0.99445971,0.02032116,0.01180931,0.0,0.00079785,0.9361667,0.0,0.03090499,11794,6,0.1217083,6.8669824
434,7,24026697,0.98876274,0.04507721,0.0176973,0.0,0.00108253,0.87684661,0.0,0.05929635,19995,6,0.11347724,6.8670823
434,8,24026698,0.99939106,0.00022213,3.94e-06,0.0,1.129e-05,0.99976245,0.0,2e-07,46538,6,0.2166136,6.8671156
434,9,24026699,0.99102438,0.03326185,0.01921047,0.0,0.00069895,0.83435569,0.0,0.11247304,54930,6,0.27792638,6.8670823
434,10,24026700,0.99945104,0.00021815,3.98e-06,0.0,1.203e-05,0.99976559,0.0,2.4e-07,17618,6,0.17235271,6.8669824
435,1,24026721,0.66437992,9.147e-05,0.0,0.99989203,3.04e-06,1.186e-05,1.59e-06,1e-08,38506,2,0.18479492,0.6653206
435,2,24026722,0.99744033,0.00013228,0.0,2.095e-05,5.66e-06,0.99983937,1.56e-06,1.8e-07,32911,6,0.08184994,0.9983871
435,3,24026723,0.99754475,0.00013708,0.0,2.095e-05,5.75e-06,0.99983462,1.56e-06,5e-08,35017,6,0.0864378,0.9983874
435,4,24026724,0.99733665,0.00012353,0.0,2.099e-05,4.27e-06,0.9998496,1.59e-06,3e-08,36943,6,0.07517281,0.9983875
435,5,24026725,0.99749179,0.00013033,0.0,2.103e-05,4.7e-06,0.99984233,1.56e-06,5e-08,37451,6,0.11894096,0.9983875
435,6,24026726,0.66421827,9.581e-05,0.0,0.99988701,3.85e-06,1.175e-05,1.56e-06,1e-08,61578,2,0.11536793,0.6650723
435,7,24026727,0.66429516,9.529e-05,0.0,0.999888,3.34e-06,1.182e-05,1.54e-06,1e-08,38776,2,0.10882278,0.6654541
435,8,24026728,0.99743844,0.00012449,0.0,2.107e-05,4.48e-06,0.99984837,1.56e-06,3e-08,36875,6,0.07922894,0.9983876
435,9,24026729,0.99753977,0.00015372,0.0,2.108e-05,6.49e-06,0.99981596,1.56e-06,1.2e-06,36873,6,0.06869615,0.9983876
435,10,24026730,0.99768363,0.0001397,0.0,2.097e-05,4.41e-06,0.99983314,1.56e-06,2.2e-07,18847,6,0.09906536,0.9987371
436,1,24026751,0.92713225,0.09822641,0.01055756,0.0,0.08126462,0.0,0.0355341,0.77441732,12197,7,0.12462183,2.3011656
436,2,24026752,0.95463387,0.06560888,0.00685141,0.0,0.05127938,0.0,0.01796633,0.858294,49037,7,0.49250148,2.3013655
436,3,24026753,0.92907649,0.09570072,0.01217282,0.0,0.07568167,0.0,0.03388446,0.78256033,20261,7,0.13249709,2.3014756
436,4,24026754,0.96405377,0.05336544,0.00349841,0.0,0.03186871,0.0,0.016635,0.89463243,16141,7,0.21604215,2.3015755
436,5,24026755,0.92078008,0.11385698,0.01008427,0.0,0.10392055,0.0,0.03075744,0.74138076,16165,7,0.10888041,2.3015255
436,6,24026756,0.93838835,0.07950158,0.00770017,0.0,0.06737017,0.0,0.03308217,0.81234591,16261,7,0.13215027,2.3012406
436,7,24026757,0.93731144,0.07936127,0.00853835,0.0,0.06959051,0.0,0.03155033,0.81095954,48909,7,0.16398728,2.3016255
436,8,24026758,0.92429523,0.09842536,0.01059491,0.0,0.07522101,0.0,0.03844033,0.7773184,48909,7,0.10468148,2.3016255
436,9,24026759,0.94584538,0.07212244,0.00637725,0.0,0.06135195,0.0,0.02626694,0.83388141,44941,7,0.14812111,2.3013655
436,10,24026760,0.9406783,0.07308438,0.00915068,0.0,0.05710842,0.0,0.03296302,0.8276935,16269,7,0.17807451,2.3013156
437,1,24026781,0.95168216,0.07252636,0.01151498,0.0,0.02768423,0.55426382,0.00680678,0.32720383,19203,7,0.09286291,3.4675131
437,2,24026782,0.9652509,0.04805787,0.00648301,0.0,0.01914072,0.40446882,0.00373697,0.51811262,19205,7,0.08430245,3.4675131
437,3,24026783,0.95402314,0.06946491,0.00660661,0.0,0.02902272,0.43839706,0.00819013,0.44831856,19212,7,0.12199602,3.4674631
437,4,24026784,0.95072949,0.06528405,0.00963669,0.0,0.02578798,0.34977268,0.01148857,0.53803004,18946,7,0.11322821,3.4667705
437,5,24026785,0.96596524,0.04918599,0.01137283,0.0,0.02149497,0.42225453,0.00348166,0.49221003,19213,7,0.1393056,3.467563
437,6,24026786,0.96591727,0.0481646,0.00860278,0.0,0.01901977,0.51196836,0.00480809,0.40743639,18314,6,0.10300186,3.4674632
437,7,24026787,0.96444769,0.04976747,0.00982062,0.0,0.02178788,0.45555356,0.00252123,0.46054924,23301,7,0.13453873,3.467563
437,8,24026788,0.96104454,0.05592226,0.01103497,0.0,0.02202442,0.41957557,0.00663458,0.48480819,24323,7,0.10579206,3.4675631
437,9,24026789,0.95596303,0.06067944,0.0088797,0.0,0.03088543,0.39979321,0.00537344,0.49438878,23308,7,0.09993644,3.467563
437,10,24026790,0.97718748,0.0322212,0.00458539,0.0,0.01572219,0.61020797,0.00259493,0.33466834,18308,6,0.1784308,3.4674632
438,1,24026811,0.99753116,0.0001579,0.0,2.22e-05,1.528e-05,0.57611954,0.0,0.42368507,65375,7,0.04141325,0.9986519
438,2,24026812,0.99727114,0.0001505,0.0,2.223e-05,1.48e-05,0.58674142,0.0,0.41307104,35321,6,0.05456034,0.9969056
438,3,24026813,0.99761713,0.00016966,0.0,2.221e-05,1.742e-05,0.36063292,0.0,0.63915779,44023,7,0.04484642,0.9979451
438,4,24026814,0.99749552,0.00015133,0.0,2.232e-05,1.554e-05,0.51679978,0.0,0.48301103,46591,7,0.04609065,0.9986519
438,5,24026815,0.9974813,0.00013978,0.0,2.234e-05,1.356e-05,0.64704198,0.0,0.35278234,62905,6,0.09749521,0.9984519
438,6,24026816,0.99753784,0.000145,0.0,2.238e-05,1.428e-05,0.67875794,0.0,0.3210604,44409,6,0.1564166,0.9982511
438,7,24026817,0.99745657,0.00013594,0.0,2.222e-05,1.099e-05,0.62276779,0.0,0.37706306,36697,6,0.15176675,0.9982516
438,8,24026818,0.99756866,0.00016228,0.0,2.226e-05,1.685e-05,0.5217461,0.0,0.4780525,58655,6,0.03275829,0.9986519
438,9,24026819,0.99743768,9.838e-05,0.0,2.23e-05,4.54e-06,0.99299131,0.0,0.00688347,36281,6,0.23297855,0.9982523
438,10,24026820,0.99744377,0.00015176,0.0,2.228e-05,1.409e-05,0.62395122,0.0,0.37586065,33501,6,0.044325,0.9969049
439,1,24026841,0.99347144,0.02215394,0.00648076,0.0,0.00057998,0.91080326,0.0,0.05998207,14213,6,0.14749559,6.7557987
439,2,24026842,0.99686409,0.00936954,0.00365759,0.0,0.00044182,0.97465987,0.0,0.01187118,46299,6,0.25421903,6.7558986
439,3,24026843,0.9994728,0.00019923,3.44e-06,0.0,8.34e-06,0.99978871,0.0,2.7e-07,46533,6,0.82037946,6.7558237
439,4,24026844,0.99945934,0.00021687,3.8e-06,0.0,9.37e-06,0.99976979,0.0,1.7e-07,50389,6,0.45537625,6.7557987
439,5,24026845,0.99941047,0.00020919,3.83e-06,0.0,8.57e-06,0.99977825,0.0,1.6e-07,56643,6,0.35700775,6.7558237
439,6,24026846,0.99938731,0.00044504,0.00075618,0.0,1.12e-05,0.99061611,0.0,0.00817147,56651,6,0.23192349,6.7558986
439,7,24026847,0.98300905,0.05856942,0.01612586,0.0,0.00603581,0.88680909,0.0,0.03245982,54941,6,0.17973816,6.7558986
439,8,24026848,0.99941642,0.00033836,0.00040581,0.0,1.652e-05,0.99923651,0.0,2.8e-06,50389,6,0.17870475,6.7557987
439,9,24026849,0.99944662,0.00022656,3.97e-06,0.0,1.108e-05,0.99975817,0.0,2.1e-07,54730,6,0.24435021,6.755832
439,10,24026850,0.99431362,0.01897215,0.00333495,0.0,0.00177014,0.9320566,0.0,0.04386617,13762,6,0.16572932,6.7557737
440,1,24026871,0.33389953,0.06924583,0.00692427,0.30514064,0.03688276,0.19568008,0.38171662,0.00440979,8008,2,0.0865789,0.6653369
440,2,24026872,0.29510103,0.07567663,0.00787598,0.31076204,0.03154161,0.14709203,0.41748079,0.00957091,23377,2,0.07419998,0.4991607
440,3,24026873,0.37917947,0.05965348,0.00536398,0.3525988,0.02749243,0.22148669,0.33160181,0.00180281,24393,6,0.0954841,0.9984146
440,4,24026874,0.4273613,0.05344915,0.00712039,0.3368758,0.02314381,0.25393871,0.32199794,0.0034742,8014,2,0.11863947,0.6654035
440,5,24026875,0.43911401,0.06404244,0.00598105,0.27817024,0.02838418,0.30615566,0.31112288,0.00614356,23113,6,0.09807844,0.9974237
440,6,24026876,0.33040236,0.07163323,0.00781222,0.25820219,0.03168973,0.20646521,0.40593825,0.01825917,18575,6,0.03998407,0.9982651
440,7,24026877,0.36625019,0.06996516,0.00801387,0.25467621,0.0336558,0.24890059,0.36844746,0.01634091,18567,6,0.06373574,0.9981653
440,8,24026878,0.27607405,0.07390572,0.00704761,0.27251491,0.03436545,0.14459434,0.45883726,0.00873471,8008,2,0.03186182,0.6653369
440,9,24026879,0.40518483,0.06444529,0.00702648,0.27767738,0.02859233,0.26164295,0.36061333,2.24e-06,23118,2,0.12718952,0.66492
440,10,24026880,0.48316832,0.06294208,0.00654639,0.24817987,0.0272088,0.36675599,0.27903704,0.00932984,23687,6,0.08256293,0.99824
441,1,24026901,0.99743479,0.00224728,0.00557607,0.0,0.00022142,0.20384331,0.0,0.78811192,32127,7,0.05000262,0.9995102
441,2,24026902,0.99725487,0.00211567,0.00803572,0.0,0.00015947,0.29227463,0.0,0.69741452,56703,7,0.05824295,0.9995102
441,3,24026903,0.99760704,0.00168237,0.0099599,0.0,0.00014792,0.22796158,0.0,0.76024822,24063,7,0.03077571,0.9995102
441,4,24026904,0.99653354,0.00329094,0.01139564,0.0,0.00030174,0.22805173,0.0,0.75695995,52055,7,0.04197544,0.9994768
441,5,24026905,0.99710891,0.0025085,0.01000314,0.0,0.00013637,0.17473141,0.0,0.81262057,11647,7,0.05231333,0.9994602
441,6,24026906,0.99722677,0.00191043,0.01770128,0.0,0.00035202,0.16625952,0.0,0.81377675,61431,7,0.05698318,0.999477
441,7,24026907,0.99711217,0.00223524,0.01565278,0.0,0.00026337,0.18938829,0.0,0.79246031,42495,7,0.03352171,0.9995102
441,8,24026908,0.99758927,0.00163686,0.00598172,0.0,0.0001791,0.18423107,0.0,0.80797125,32575,7,0.04807427,0.9992655
441,9,24026909,0.99786392,0.00179657,0.00714614,0.0,0.00014344,0.1797399,0.0,0.81117395,62335,7,0.02489207,0.9992656
441,10,24026910,0.99693249,0.00298203,0.01775917,0.0,0.00016732,0.15839714,0.0,0.82069434,14327,7,0.03499451,0.9994853
442,1,24026931,0.99305358,0.01765648,0.00211569,0.0,0.00302045,0.90581313,0.0,0.07139425,43780,6,0.08258228,6.4053195
442,2,24026932,0.991973,0.01806786,0.00309023,0.0,0.00144856,0.97637621,0.0,0.00101713,11053,6,0.13226203,6.4053529
442,3,24026933,0.99940281,0.0002412,0.00013388,0.0,8.29e-06,0.99813812,0.0,0.00147852,56402,6,0.20619054,6.4053529
442,4,24026934,0.99507122,0.00950738,0.00471845,0.0,0.00363229,0.7445746,0.0,0.23756729,20229,7,0.10638458,6.405303
442,5,24026935,0.99166584,0.01846232,0.00414152,0.0,0.0031921,0.91233431,0.0,0.06186975,48451,6,0.20285082,6.4053779
442,6,24026936,0.99482585,0.00993506,0.0012418,0.0,0.00175701,0.94385685,0.0,0.04320928,17629,6,0.26885472,6.4053529
442,7,24026937,0.98748472,0.02782239,0.00269908,0.0,0.00260659,0.9413146,0.0,0.02555734,54933,6,0.11381037,6.4053779
442,8,24026938,0.99483647,0.01039948,0.00150473,0.0,0.00102337,0.82872175,0.0,0.15835067,16139,6,0.08962907,6.4054029
442,9,24026939,0.98648382,0.02565053,0.0013992,0.0,0.00615167,0.92238203,0.0,0.04441657,8444,6,0.16196963,6.405253
442,10,24026940,0.99090674,0.0171881,0.00224162,0.0,0.00259468,0.91312976,0.0,0.06484584,11796,6,0.22097626,6.405253
443,1,24026961,0.99727339,0.0001588,0.0,2.085e-05,6.31e-06,0.99981242,1.54e-06,8e-08,40079,6,0.06688231,0.9981401
443,2,24026962,0.66388875,9.329e-05,0.0,0.99989007,3.25e-06,1.184e-05,1.53e-06,1e-08,56728,2,0.11049811,0.6652728
443,3,24026963,0.99735596,0.00012339,0.0,2.081e-05,4.23e-06,0.99984866,1.49e-06,1.42e-06,62905,6,0.10221744,0.9983397
443,4,24026964,0.99726998,0.00015309,0.0,2.073e-05,5.99e-06,0.99981834,1.53e-06,3.3e-07,62425,6,0.10916474,0.9983397
443,5,24026965,0.99694168,0.00012835,0.0,2.088e-05,4.72e-06,0.99984328,1.55e-06,1.22e-06,37241,6,0.07846432,0.996881
443,6,24026966,0.99726074,0.00015051,0.0,2.078e-05,5.71e-06,0.99982113,1.54e-06,3.2e-07,29259,6,0.0651232,0.9983398
443,7,24026967,0.9971337,0.00012931,0.0,2.074e-05,5.13e-06,0.99984324,1.54e-06,5e-08,55737,6,0.09398696,0.9976101
443,8,24026968,0.99716748,0.00014466,0.0,2.088e-05,5.83e-06,0.99982678,1.51e-06,3.4e-07,60233,6,0.05014284,0.9966813
443,9,24026969,0.99712858,0.00014704,0.0,2.077e-05,6.01e-06,0.99982411,1.56e-06,5.1e-07,24715,6,0.05621355,0.9982896
443,10,24026970,0.99726203,0.0001398,0.0,2.068e-05,5.37e-06,0.99983258,1.51e-06,6e-08,33177,6,0.12349921,0.9981395
444,1,24026991,0.97737229,0.04125943,0.00655463,0.0,0.02133312,0.472326,0.00205022,0.4564766,24365,7,0.11944944,4.6072939
444,2,24026992,0.96207521,0.06651007,0.016121,0.0,0.02922377,0.50086264,0.00602243,0.3812601,24333,7,0.09549927,4.607294
444,3,24026993,0.97551212,0.04315825,0.01506769,0.0,0.02041511,0.62548206,0.00395683,0.29192006,12044,6,0.11318895,4.6071441
444,4,24026994,0.96524565,0.05858989,0.01065392,0.0,0.02686723,0.39700526,0.00470688,0.50217682,12077,7,0.09081198,4.6072439
444,5,24026995,0.97780388,0.04222823,0.00619461,0.0,0.02311789,0.41607844,0.00166579,0.51071505,44845,7,0.19635356,4.6073438
444,6,24026996,0.94595486,0.10073246,0.01945643,0.0,0.03831961,0.51890823,0.0101692,0.31241407,52109,6,0.10702526,4.6066231
444,7,24026997,0.97741466,0.03901754,0.01304526,0.0,0.01286797,0.65722885,0.00443799,0.27340238,43789,6,0.07516786,4.6073438
444,8,24026998,0.97160011,0.04399902,0.01262435,0.0,0.01794138,0.42319806,0.00397334,0.49826386,20397,7,0.10352423,4.6064732
444,9,24026999,0.95823066,0.06987039,0.01717051,0.0,0.03316483,0.48408772,0.00494172,0.39076482,43821,6,0.11490194,4.6073439
444,10,24027000,0.97919142,0.03185553,0.01262619,0.0,0.01904139,0.37539962,0.00438961,0.55668766,57133,7,0.20084568,4.6073438
445,1,24027021,0.94706787,0.04953254,0.00354868,0.0,0.02207404,0.0,0.01916905,0.90567568,24069,7,0.14156719,1.3026662
445,2,24027022,0.95269104,0.04398821,0.00257462,0.0,0.02214947,0.0,0.01480553,0.91648217,19979,7,0.12085531,1.3026912
445,3,24027023,0.89911425,0.08771531,0.00627116,0.0,0.04026416,0.0,0.03829553,0.82745384,24325,7,0.09943727,1.3029015
445,4,24027024,0.90847309,0.08080884,0.00548213,0.0,0.0387975,0.0,0.03512162,0.8397899,20226,7,0.17756128,1.3028016
445,5,24027025,0.94403866,0.05329244,0.00364643,0.0,0.02094072,0.0,0.0198757,0.90224471,20236,7,0.11608905,1.3028016
445,6,24027026,0.94171611,0.05509336,0.00318825,0.0,0.02354435,0.0,0.02017897,0.89799507,18955,7,0.13380303,1.3026911
445,7,24027027,0.91566678,0.07190883,0.0046392,0.0,0.03610789,0.0,0.03200598,0.8553381,18954,7,0.15170192,1.3025414
445,8,24027028,0.95357374,0.04367653,0.0028176,0.0,0.02012126,0.0,0.0165083,0.91687631,23299,7,0.11219113,1.3029015
445,9,24027029,0.91039237,0.08557932,0.00529958,0.0,0.047705,0.0,0.03027559,0.83114051,20226,7,0.11364964,1.3028016
445,10,24027030,0.92870847,0.06833586,0.0033864,0.0,0.0359047,0.0,0.02259634,0.86977671,24330,7,0.11319487,1.3029015
446,1,24027051,0.99789154,0.00015459,0.0,1.488e-05,1.456e-05,0.5812446,0.0,0.41857138,64825,6,0.1265114,0.9986259
446,2,24027052,0.9978604,0.00016203,0.0,1.494e-05,1.625e-05,0.376761,0.0,0.62304578,48985,6,0.15914768,0.9986258
446,3,24027053,0.99763285,0.00015433,0.0,1.509e-05,1.27e-05,0.65132857,0.0,0.34848931,55287,7,0.0448699,0.9988011
446,4,24027054,0.99791683,0.00016874,0.0,1.502e-05,1.789e-05,0.46925222,0.0,0.53054614,63769,6,0.0690267,0.9986259
446,5,24027055,0.99789126,0.0001689,0.0,1.497e-05,1.929e-05,0.39250082,0.0,0.60729602,53111,7,0.05420106,0.9987927
446,6,24027056,0.99776112,0.00017314,0.0,1.501e-05,1.873e-05,0.42309518,0.0,0.57669795,44471,6,0.05240759,0.9987926
446,7,24027057,0.99801504,0.00017181,0.0,1.504e-05,1.853e-05,0.40253991,0.0,0.5972547,64351,7,0.04051156,0.9988261
446,8,24027058,0.99785176,0.00016973,0.0,1.503e-05,1.832e-05,0.43525998,0.0,0.56453694,60863,6,0.06131124,0.9988261
446,9,24027059,0.9978921,0.00017214,0.0,1.5e-05,1.872e-05,0.35625369,0.0,0.64354045,51191,7,0.04533479,0.9987927
446,10,24027060,0.99758611,0.00014636,0.0,1.507e-05,1.323e-05,0.60820356,0.0,0.39162179,52121,6,0.07514969,0.9978395
447,1,24027081,0.95123011,0.2633214,0.72377615,0.0,0.01289862,3.7e-06,0.0,1.4e-07,8354,4,0.72376531,7.6634719
447,2,24027082,0.95949758,0.22434677,0.60375076,0.0,0.00964105,0.16034689,0.0,0.00191453,8354,4,0.49253798,7.6634719
447,3,24027083,0.97253783,0.14968687,0.40521707,0.0,0.0068656,0.40941194,0.0,0.02881852,8354,4,0.31251715,7.6634719
447,4,24027084,0.95192444,0.27037852,0.71797465,0.0,0.011643,3.71e-06,0.0,1.2e-07,8418,4,0.37643276,7.6634722
447,5,24027085,0.97822217,0.11858573,0.30093179,0.0,0.00607184,0.57440455,0.0,6.09e-06,22626,4,0.15326168,7.6635718
447,6,24027086,0.99912619,0.00193402,0.00412653,0.0,0.00018157,0.96778162,0.0,0.02597627,15899,6,0.31188277,7.665153
447,7,24027087,0.96265201,0.1946156,0.58451299,0.0,0.01808013,0.16610077,0.0,0.0366905,55394,4,0.56747816,7.6636216
447,8,24027088,0.9915128,0.04533813,0.09925093,0.0,0.00197982,0.82654715,0.0,0.02688398,8436,6,0.21953388,7.6650031
447,9,24027089,0.98658203,0.07454109,0.17624918,0.0,0.00184819,0.68988997,0.0,0.05747157,44845,6,0.14123445,7.6652028
447,10,24027090,0.95532251,0.24582257,0.6581186,0.0,0.01078232,0.07934464,0.0,0.00593187,8354,4,0.51215894,7.6634719
448,1,24027111,0.96691666,0.00081927,0.0,0.06218863,6.5e-06,0.93603441,0.00095106,1.2e-07,33487,6,0.18077588,0.9984598
448,2,24027112,0.98716229,0.00194479,0.0,0.01986617,0.00168939,0.97595622,2.03e-06,0.00054139,34863,6,0.21898004,0.9978902
448,3,24027113,0.94923731,0.00450463,0.0,0.08788538,0.0007155,0.90181447,0.00507988,1.4e-07,61519,6,0.11649237,0.99866
448,4,24027114,0.95769371,0.00299427,0.0,0.08281766,0.00013521,0.90938578,0.00466702,6e-08,36879,6,0.08546551,0.9984602
448,5,24027115,0.95766491,0.00190086,0.0,0.07171991,5.993e-05,0.92262929,0.00368999,2e-08,34953,6,0.13877522,0.9984602
448,6,24027116,0.84949178,0.01812133,0.0,0.19767557,0.00119198,0.7424835,0.04052758,4e-08,39627,6,0.10288589,0.9984597
448,7,24027117,0.99344683,0.00242587,0.0,0.00614491,6.338e-05,0.99113035,0.00023544,4e-08,36941,6,0.08337882,0.9984601
448,8,24027118,0.99093626,0.00098894,0.0,0.01359395,0.00012894,0.98475081,0.00053266,4.7e-06,34889,6,0.17370002,0.9984592
448,9,24027119,0.94053219,0.00207904,0.0,0.11500869,0.00050425,0.87909118,0.00331675,9e-08,36873,6,0.07748539,0.9984602
448,10,24027120,0.9498456,0.00420835,0.0,0.10192231,0.00161882,0.88490595,0.00734442,1.4e-07,37003,6,0.21682655,0.9984598
449,1,24027141,0.99812767,0.00944348,0.01956771,0.0,0.00246349,0.0,0.0,0.96852533,7999,7,0.05225882,0.999878
449,2,24027142,0.99853371,0.00709525,0.02173629,0.0,0.00244009,0.0,0.0,0.96872837,48767,7,0.03684158,0.9999779
449,3,24027143,0.99801056,0.00981113,0.02524874,0.0,0.00303005,0.0,0.0,0.96191007,40311,7,0.05179823,0.999964
449,4,24027144,0.99881838,0.00649729,0.01309039,0.0,0.00222265,0.0,0.0,0.97818967,15743,7,0.03548637,0.999989
449,5,24027145,0.99843411,0.0075704,0.01883681,0.0,0.00215244,0.0,0.0,0.97144035,44927,7,0.0480209,0.9999889
449,6,24027146,0.99840471,0.00810821,0.01866053,0.0,0.00240853,0.0,0.0,0.97082273,54647,7,0.05723614,0.999938
449,7,24027147,0.99824356,0.00870329,0.0268234,0.0,0.0024212,0.0,0.0,0.96205211,57335,7,0.03134183,0.999964
449,8,24027148,0.99879891,0.00622561,0.01776644,0.0,0.0023025,0.0,0.0,0.97370546,60279,7,0.05401861,0.9999168
449,9,24027149,0.99883544,0.00608907,0.01939998,0.0,0.00216338,0.0,0.0,0.97234757,29687,7,0.02812347,0.9999131
449,10,24027150,0.99828301,0.00848313,0.01439713,0.0,0.00212313,0.0,0.0,0.97499661,49151,7,0.06346626,0.999989
450,1,24027171,0.97839353,0.03634154,0.00823133,0.0,0.00976143,0.49281652,0.00134162,0.45150756,23299,7,0.08327083,5.1265674
450,2,24027172,0.96692255,0.05310261,0.0114269,0.0,0.01785955,0.53505999,0.00216503,0.38038592,19244,6,0.08527934,5.1264676
450,3,24027173,0.98519605,0.02622726,0.00406936,0.0,0.00885013,0.51059258,0.00163616,0.4486245,23043,7,0.13028061,5.1255682
450,4,24027174,0.9765248,0.03145385,0.00853636,0.0,0.01256646,0.70328373,0.00315897,0.24100064,57130,6,0.11598656,5.1266008
450,5,24027175,0.98145645,0.03715526,0.01074613,0.0,0.00700662,0.56198707,0.00162664,0.38147829,23332,6,0.06596012,5.1265425
450,6,24027176,0.97559489,0.04624414,0.01152266,0.0,0.00962246,0.43245494,0.00301742,0.49713838,20227,7,0.15250365,5.1265176
450,7,24027177,0.975785,0.04127967,0.01642155,0.0,0.01024689,0.53931986,0.00217388,0.39055816,19203,7,0.08176393,5.1265175
450,8,24027178,0.97851851,0.03562782,0.0049909,0.0,0.01140397,0.46226245,0.00195611,0.48375874,19203,7,0.24382228,5.1265175
450,9,24027179,0.9886408,0.02088187,0.0048669,0.0,0.00506208,0.78900475,0.00128752,0.17889689,20002,6,0.08368798,5.1254433
450,10,24027180,0.96758897,0.04971473,0.01469843,0.0,0.02066651,0.73069106,0.00195654,0.18227273,20267,6,0.09118418,5.1265674
451,1,24027201,0.99714885,0.00014157,0.0,2.23e-05,1.244e-05,0.70836891,0.0,0.29145478,29977,6,0.05894454,0.9982326
451,2,24027202,0.99730021,0.00012885,0.0,2.219e-05,9.56e-06,0.76914943,0.0,0.23068997,32121,6,0.2065273,0.998232
451,3,24027203,0.99716652,0.00014213,0.0,2.233e-05,1.029e-05,0.72355627,0.0,0.27626897,25611,6,0.06560757,0.9981826
451,4,24027204,0.99737247,0.00015241,0.0,2.234e-05,1.471e-05,0.58055078,0.0,0.41925976,60249,6,0.15481336,0.9980323
451,5,24027205,0.99730895,0.00014887,0.0,2.221e-05,1.455e-05,0.49704639,0.0,0.50276798,37335,6,0.0667504,0.9981822
451,6,24027206,0.99717253,0.00012599,0.0,2.224e-05,1.071e-05,0.78251626,0.0,0.2173248,30137,6,0.16589232,0.9982324
451,7,24027207,0.99731879,0.00015948,0.0,2.223e-05,1.701e-05,0.46733503,0.0,0.53246624,23967,6,0.04099547,0.9984321
451,8,24027208,0.99724509,0.00014691,0.0,2.237e-05,1.455e-05,0.68167798,0.0,0.31813819,64681,6,0.08898838,0.9982327
451,9,24027209,0.99717802,0.00012661,0.0,2.214e-05,8.51e-06,0.83305237,0.0,0.16679037,6553,6,0.17679067,0.9980329
451,10,24027210,0.9970945,0.00014962,0.0,2.224e-05,1.371e-05,0.66229217,0.0,0.33752226,48567,6,0.05796575,0.9984075
452,1,24027231,0.99907542,0.00131002,0.00060495,0.0,0.00095582,0.99712901,0.0,2e-07,53499,6,0.8121472,6.7036734
452,2,24027232,0.99733301,0.0044938,0.00174943,0.0,0.00085539,0.66232796,0.0,0.33057342,16173,7,0.1672444,6.7036234
452,3,24027233,0.99374597,0.01660488,0.00270125,0.0,0.00209458,0.91545175,0.0,0.06314754,14210,6,0.10438471,6.7035485
452,4,24027234,0.99248695,0.01448393,0.00330873,0.0,0.00359122,0.96417628,0.0,0.01443985,53499,6,0.37710293,6.7036734
452,5,24027235,0.98626117,0.0409948,0.00530217,0.0,0.00252403,0.94123127,0.0,0.00994773,48221,6,0.17594276,6.7036734
452,6,24027236,0.99572562,0.00757984,0.00130939,0.0,0.00287784,0.77948343,0.0,0.2087495,23883,6,0.37216483,6.7036235
452,7,24027237,0.99002152,0.01773417,0.00149451,0.0,0.00526713,0.91770509,0.0,0.0577991,51963,6,0.18475219,6.702534
452,8,24027238,0.99683509,0.00667259,0.00285032,0.0,0.00106091,0.73281907,0.0,0.2565971,50836,6,0.10496408,6.7035402
452,9,24027239,0.99665752,0.00783862,0.00060943,0.0,0.00070578,0.97615493,0.0,0.01469125,23773,6,0.25868135,6.7024842
452,10,24027240,0.99921009,0.00132722,5.786e-05,0.0,1.704e-05,0.97380148,0.0,0.02479641,52317,6,0.32454689,6.7036734
453,1,24027261,0.08486124,0.12971847,0.01755683,0.01198475,0.0731191,0.0,0.71144202,0.05617883,23183,7,0.0519876,0.9983418
453,2,24027262,0.04510149,0.14030182,0.01736399,0.0210444,0.08992819,0.0,0.71394602,0.01741559,4433,3,0.01957832,-0.0002032
453,3,24027263,0.03979516,0.1160225,0.01535805,0.01750525,0.06682568,0.0,0.77050818,0.01378033,23183,7,0.01378028,0.9983418
453,4,24027264,0.06788554,0.1400225,0.01897523,0.01678473,0.08313738,0.0,0.70722472,0.03385543,19079,7,0.02630081,0.9981922
453,5,24027265,0.02539332,0.13253885,0.01460907,0.0119352,0.07751173,0.0,0.76340508,7e-08,809,3,0.01446728,-0.0005194
453,6,24027266,0.08409056,0.13950703,0.0160204,0.00954141,0.06837178,0.0,0.71069952,0.05585986,23175,7,0.02804389,0.998267
453,7,24027267,0.05171282,0.12696215,0.0166436,0.01555831,0.06247587,0.0,0.75402288,0.02433719,19087,7,0.02177331,0.9982919
453,8,24027268,0.0589679,0.13825408,0.01694914,0.00438289,0.07456274,0.0,0.73278549,0.03306566,19087,7,0.0192283,0.9982919
453,9,24027269,0.07731968,0.13492246,0.01696468,0.01747695,0.07415715,0.0,0.70816905,0.04830972,19079,7,0.02927435,0.9981922
453,10,24027270,0.07220622,0.12604967,0.01549676,0.01466698,0.05544584,0.0,0.73898542,0.04935533,19079,7,0.01747436,0.9981922
454,1,24027291,0.99632813,0.00179933,0.00677857,0.0,6.673e-05,0.12542084,0.0,0.86593454,28535,7,0.05210371,0.9991119
454,2,24027292,0.99680426,0.00157245,0.00383733,0.0,0.00018305,0.14508278,0.0,0.8493244,19967,7,0.0389316,0.9991119
454,3,24027293,0.9967525,0.00164035,0.0053181,0.0,8.288e-05,0.20998486,0.0,0.78297381,44983,7,0.06016791,0.9987099
454,4,24027294,0.99680002,0.00147673,0.00505686,0.0,0.00021363,0.20450036,0.0,0.78875242,63287,7,0.04228651,0.9986433
454,5,24027295,0.99677654,0.0013951,0.00518246,0.0,0.0001412,0.22706477,0.0,0.76621647,61279,7,0.0600504,0.9991619
454,6,24027296,0.99635761,0.00198559,0.0076263,0.0,8.889e-05,0.12466854,0.0,0.86563069,6015,7,0.03861999,0.999082
454,7,24027297,0.99591701,0.00238949,0.00986457,0.0,0.000111,0.20383915,0.0,0.78379579,51191,7,0.04283963,0.9991286
454,8,24027298,0.99582177,0.0026624,0.00760274,0.0,0.00045588,0.21150678,0.0,0.7777722,52607,7,0.05222571,0.9991619
454,9,24027299,0.99652733,0.00171073,0.00952076,0.0,6.246e-05,0.19479782,0.0,0.79390822,16247,7,0.03595836,0.999137
454,10,24027300,0.99637144,0.00204792,0.01182906,0.0,0.00014709,0.18928264,0.0,0.7966933,6143,7,0.0601823,0.999162
455,1,24027321,0.99938598,0.00022529,3.98e-06,0.0,9.89e-06,0.99976068,0.0,1.6e-07,48212,6,0.12947726,7.7881007
455,2,24027322,0.98253255,0.04146753,0.00543377,0.0,0.00208049,0.81586349,0.0,0.13515473,11796,6,0.08888411,7.7880007
455,3,24027323,0.99941301,0.00020837,3.76e-06,0.0,1.084e-05,0.9997768,0.0,2.3e-07,21963,6,0.1854739,7.7881506
455,4,24027324,0.9976125,0.00467003,0.00137149,0.0,0.00033132,0.97443933,0.0,0.01918783,9426,6,0.36526469,7.7880007
455,5,24027325,0.99941263,0.00021228,3.82e-06,0.0,9.06e-06,0.99977464,0.0,2e-07,48211,6,0.293758,7.7881257
455,6,24027326,0.99382689,0.01981973,0.00215527,0.0,0.00116744,0.80867429,0.0,0.16818327,48659,6,0.12036439,7.7881257
455,7,24027327,0.99944712,0.00021156,3.99e-06,0.0,1.17e-05,0.99977249,0.0,2.7e-07,42444,6,0.15584442,7.7881007
455,8,24027328,0.9994054,0.0002164,3.78e-06,0.0,9.62e-06,0.99976996,0.0,2.4e-07,44365,6,0.18111198,7.7882006
455,9,24027329,0.98751443,0.03601042,0.01065522,0.0,0.00138566,0.94153958,0.0,0.01040912,11052,6,0.11878237,7.7880008
455,10,24027330,0.99573455,0.01176244,0.00174681,0.0,0.00124913,0.91745603,0.0,0.06778559,52306,6,0.48858842,7.7880674
456,1,24027351,0.99721435,0.00013083,0.0,2.084e-05,5.2e-06,0.99984155,1.54e-06,4e-08,33357,6,0.10098652,0.9980815
456,2,24027352,0.99715842,0.00014164,0.0,2.092e-05,5.92e-06,0.99982972,1.52e-06,2.8e-07,33047,6,0.08489385,0.9979818
456,3,24027353,0.99693868,0.00013046,0.0,2.105e-05,4.77e-06,0.99460366,1.56e-06,0.00523849,33481,6,0.07499278,0.998081
456,4,24027354,0.9972699,0.00014169,0.0,2.092e-05,5.52e-06,0.99983016,1.56e-06,1.5e-07,58477,6,0.09436251,0.9982811
456,5,24027355,0.66364265,9.182e-05,0.0,0.99989165,3.18e-06,1.177e-05,1.56e-06,1e-08,39946,2,0.10847223,0.6645308
456,6,24027356,0.99719017,0.00013982,0.0,2.098e-05,4.89e-06,0.99983273,1.55e-06,3e-08,30287,6,0.05349467,0.9982814
456,7,24027357,0.99712016,0.00011784,0.0,2.08e-05,4.2e-06,0.99985562,1.52e-06,1e-08,39497,6,0.09477419,0.9980811
456,8,24027358,0.99717616,0.00013771,0.0,2.088e-05,6.13e-06,0.99983365,1.55e-06,8e-08,36011,6,0.15744059,0.9980809
456,9,24027359,0.99719204,0.00012218,0.0,2.086e-05,4.28e-06,0.99984996,1.51e-06,1.21e-06,57359,6,0.10027131,0.9982815
456,10,24027360,0.99713842,0.0001139,0.0,2.077e-05,4.02e-06,0.99985959,1.58e-06,1.4e-07,38169,6,0.14808389,0.9982814
457,1,24027381,0.94216235,0.0910458,0.02952553,0.0,0.05815314,0.0,0.01001313,0.8112624,16165,7,0.1173481,3.6300957
457,2,24027382,0.93014496,0.09699128,0.02406837,0.0,0.0689507,0.0,0.01733363,0.79265602,48933,7,0.07848328,3.6301207
457,3,24027383,0.93493521,0.08905459,0.01323062,0.0,0.0529582,0.0,0.01716692,0.82758967,16173,7,0.22144706,3.6301457
457,4,24027384,0.91461629,0.12805477,0.03048865,0.0,0.08953322,0.0,0.0174126,0.73451076,48941,7,0.10037914,3.6301956
457,5,24027385,0.90307506,0.14078981,0.04267612,0.0,0.09594989,0.0,0.02357244,0.69701174,44845,7,0.20039052,3.6301956
457,6,24027386,0.92098153,0.10882364,0.03676252,0.0,0.0665015,0.0,0.02447033,0.76344202,20269,7,0.15230303,3.6300957
457,7,24027387,0.91744859,0.11240809,0.0318933,0.0,0.06589171,0.0,0.02750474,0.76230216,48909,7,0.11400882,3.6301957
457,8,24027388,0.91634971,0.11464466,0.02453137,0.0,0.07482738,0.0,0.02091345,0.76508313,57261,7,0.12198043,3.6296703
457,9,24027389,0.94049091,0.08305266,0.02459331,0.0,0.06144516,0.0,0.01178353,0.81912534,16165,7,0.15205151,3.6300957
457,10,24027390,0.93027,0.09709067,0.02208616,0.0,0.05855788,0.0,0.01858618,0.80367911,53005,7,0.14866421,3.6301957
458,1,24027411,0.92584492,0.08771654,0.01393051,0.0,0.04566883,0.0,0.01431845,0.83836567,18957,7,0.13629185,3.0653056
458,2,24027412,0.90134555,0.11325549,0.02024616,0.0,0.05872587,0.0,0.02057183,0.78720066,20226,7,0.09866357,3.0657684
458,3,24027413,0.90852676,0.11136395,0.01713227,0.0,0.06060793,0.0,0.01538364,0.79551221,18949,7,0.06885097,3.0652058
458,4,24027414,0.93655761,0.07672931,0.01193767,0.0,0.04486135,0.0,0.01088394,0.85558773,19211,7,0.22033901,3.0658682
458,5,24027415,0.87990465,0.13060887,0.02246421,0.0,0.06432988,0.0,0.02795727,0.75463977,18956,7,0.09524845,3.065156
458,6,24027416,0.92226865,0.0905782,0.01428235,0.0,0.0510958,0.0,0.01403556,0.83000809,23308,7,0.10171135,3.0658682
458,7,24027417,0.90183031,0.10581559,0.0175782,0.0,0.05436374,0.0,0.02408439,0.79815809,18949,7,0.069773,3.0652058
458,8,24027418,0.89595757,0.10993486,0.02281085,0.0,0.05941553,0.0,0.02502943,0.78280933,20356,7,0.07606738,3.0652556
458,9,24027419,0.91190791,0.09785897,0.02011055,0.0,0.04785732,0.0,0.02167713,0.81249602,24323,7,0.18442334,3.0658683
458,10,24027420,0.911672,0.10267822,0.02157265,0.0,0.04715165,0.0,0.0206803,0.80791718,19980,7,0.09328065,3.0651561
459,1,24027441,0.99730713,0.0001293,0.0,2.238e-05,1.096e-05,0.72662303,0.0,0.27321432,64473,6,0.20655371,0.9982973
459,2,24027442,0.99740911,0.00016211,0.0,2.231e-05,1.823e-05,0.41111636,0.0,0.58868099,2007,6,0.05706232,0.9984469
459,3,24027443,0.99748474,0.00014752,0.0,2.226e-05,1.465e-05,0.48553414,0.0,0.51428143,15769,6,0.07771522,0.9982968
459,4,24027444,0.99735399,0.00014692,0.0,2.233e-05,1.472e-05,0.47567144,0.0,0.52414459,40953,6,0.15601802,0.9982973
459,5,24027445,0.99740446,0.00015385,0.0,2.238e-05,1.59e-05,0.41317739,0.0,0.58663048,30071,7,0.04339277,0.9984471
459,6,24027446,0.9973891,0.0001618,0.0,2.232e-05,1.768e-05,0.39240053,0.0,0.60739767,49111,7,0.04883921,0.9984721
459,7,24027447,0.99746532,0.00016097,0.0,2.229e-05,1.855e-05,0.33881608,0.0,0.66098212,24447,7,0.05308378,0.9984972
459,8,24027448,0.99747011,0.00016253,0.0,2.224e-05,1.798e-05,0.30670806,0.0,0.69308918,36127,6,0.04182704,0.998497
459,9,24027449,0.99743677,0.00014807,0.0,2.222e-05,1.524e-05,0.42366576,0.0,0.57614871,32761,6,0.20801248,0.9982973
459,10,24027450,0.9971883,0.00015213,0.0,2.238e-05,1.592e-05,0.42780691,0.0,0.57200264,57551,6,0.0602748,0.9982968
460,1,24027471,0.98588587,0.07458864,0.05550326,0.0,0.00035581,0.60138203,0.0,0.26817026,9885,6,0.11558912,8.3259715
460,2,24027472,0.99771326,0.00962572,0.01452146,0.0,2.873e-05,0.96967116,0.0,0.00615293,46747,6,0.18569818,8.3260714
460,3,24027473,0.99942238,0.00041179,0.00047495,0.0,8.96e-06,0.97477445,0.0,0.02432985,22171,6,0.4237335,8.3260215
460,4,24027474,0.9961154,0.01767375,0.01552691,0.0,0.00051672,0.96627939,0.0,3.23e-06,9885,6,0.18390081,8.3259715
460,5,24027475,0.99800873,0.00728121,0.00795394,0.0,0.00038995,0.98436935,0.0,5.55e-06,13973,6,0.24824508,8.3259715
460,6,24027476,0.99901369,0.00241169,0.00120081,0.0,7.38e-06,0.99637993,0.0,1.8e-07,15691,6,0.40201187,8.3260215
460,7,24027477,0.99582091,0.01412147,0.01280892,0.0,0.00502945,0.89643836,0.0,0.0716018,50845,6,0.28113299,8.3260714
460,8,24027478,0.99572402,0.01865411,0.02570785,0.0,0.00041971,0.85789669,0.0,0.09732164,51075,6,0.0706777,8.3259715
460,9,24027479,0.99414976,0.02836932,0.01692019,0.0,0.00102167,0.84250169,0.0,0.11118713,44571,6,0.23464851,8.3260714
460,10,24027480,0.99141387,0.04135818,0.03677054,0.0,0.00132505,0.91579442,0.0,0.00475181,24364,6,0.0813352,8.3259713
461,1,24027501,0.31783723,0.0799075,0.00849378,0.24685025,0.02652661,0.2268035,0.38289818,0.02852019,23111,6,0.06946921,0.9966241
461,2,24027502,0.35568718,0.06891124,0.00855378,0.1936406,0.03298604,0.27161577,0.38725847,0.0370341,22671,6,0.09793756,0.9976985
461,3,24027503,0.49460439,0.05659223,0.00438447,0.10910301,0.02154265,0.45252597,0.32660548,0.02924619,22663,6,0.21231447,0.9976237
461,4,24027504,0.28893251,0.08700021,0.00530349,0.30713378,0.02950336,0.1434252,0.41901029,0.00862366,23112,2,0.06662937,0.6640316
461,5,24027505,0.22226234,0.1099437,0.00781272,0.22240603,0.05106765,0.14617924,0.45043035,0.01216031,6977,2,0.05775965,0.4981482
461,6,24027506,0.31688146,0.07152908,0.00695458,0.28467956,0.02562463,0.22311163,0.38810045,7e-08,8016,2,0.05723563,0.4986608
461,7,24027507,0.33950824,0.07523823,0.00706298,0.29601427,0.02704268,0.20316053,0.39148124,6e-08,23374,2,0.09910781,0.6648533
461,8,24027508,0.28026198,0.10605292,0.00671658,0.22990664,0.02389601,0.19733442,0.42980695,0.00628647,23360,2,0.03628688,0.4982353
461,9,24027509,0.3661863,0.07093107,0.00683483,0.16941843,0.03474528,0.30067559,0.41739477,2e-08,23369,6,0.06113116,0.9977979
461,10,24027510,0.28876309,0.07472407,0.00829141,0.23849269,0.02652682,0.20279414,0.44917077,1.1e-07,23368,2,0.05130527,0.6647867
462,1,24027531,0.99651928,0.00378563,0.01577025,0.0,0.00060899,0.05593375,0.0,0.92390138,26591,7,0.0267065,0.9995952
462,2,24027532,0.99553544,0.0052342,0.0175126,0.0,0.00114753,0.05284695,0.0,0.92325872,44983,7,0.05615869,0.9994346
462,3,24027533,0.99657867,0.00381682,0.0148524,0.0,0.00060101,0.04376087,0.0,0.9369689,16247,7,0.06211328,0.9996202
462,4,24027534,0.99761557,0.00245047,0.01169492,0.0,0.00036492,0.03673543,0.0,0.94875426,57335,7,0.04764852,0.9996203
462,5,24027535,0.99579935,0.00501906,0.02256732,0.0,0.00021216,0.01935793,0.0,0.95284354,3455,7,0.04708681,0.9995952
462,6,24027536,0.99568215,0.0049504,0.01992934,0.0,0.00059097,0.03160331,0.0,0.94292598,56695,7,0.06467843,0.9996202
462,7,24027537,0.99637332,0.0040625,0.01853668,0.0,0.00063623,0.03164905,0.0,0.94511555,16375,7,0.06304713,0.9996203
462,8,24027538,0.99616427,0.00442714,0.02075634,0.0,0.00063338,0.0465221,0.0,0.92766103,52607,7,0.05237045,0.9996452
462,9,24027539,0.99734379,0.00286261,0.01555869,0.0,0.00032446,0.04434616,0.0,0.93690808,40311,7,0.11311982,0.9996202
462,10,24027540,0.99495378,0.00622912,0.03260538,0.0,0.00095092,0.06083963,0.0,0.89937495,36855,7,0.04430021,0.9996119
463,1,24027561,0.99801197,0.00219024,6.398e-05,0.0,0.00079787,0.99694765,0.0,2.6e-07,52546,6,0.19350261,6.9963918
463,2,24027562,0.98490103,0.01830393,0.00316053,0.0,0.00741619,0.9183747,0.0,0.05274465,11332,6,0.18196836,6.9949279
463,3,24027563,0.99799811,0.00643353,0.000414,0.0,0.00017774,0.96555792,0.0,0.02741682,56402,6,0.47791839,6.9964251
463,4,24027564,0.99234649,0.01189503,0.00083694,0.0,0.00397834,0.88633256,0.0,0.09695713,54484,6,0.23781735,6.9964251
463,5,24027565,0.99823575,0.00286056,0.00012486,0.0,6.815e-05,0.92482325,0.0,0.07212319,15443,6,0.24007223,6.9964251
463,6,24027566,0.99657883,0.00542819,0.00026926,0.0,0.00264329,0.91941306,0.0,0.07224621,56106,6,0.13955351,6.9964584
463,7,24027567,0.99262374,0.01357336,0.00076595,0.0,0.00306505,0.91522558,0.0,0.06737006,56412,6,0.12463646,6.9964584
463,8,24027568,0.98279531,0.02829604,0.00531872,0.0,0.01029772,0.91322121,0.0,0.04286631,8948,6,0.11198667,6.9963251
463,9,24027569,0.9941933,0.01216576,0.0013954,0.0,0.00274057,0.84523326,0.0,0.138465,56642,6,0.16641309,6.9964251
463,10,24027570,0.99380732,0.01246466,0.00163669,0.0,0.00422397,0.70153863,0.0,0.28013605,23300,7,0.12548444,6.9964
464,1,24027591,0.99690539,0.00013805,0.0,2.077e-05,4.85e-06,0.99983451,1.52e-06,3e-07,38927,6,0.11705946,0.9978228
464,2,24027592,0.99669132,0.00012856,0.0,2.077e-05,4.8e-06,0.9998443,1.53e-06,3e-08,57417,6,0.1077717,0.9980232
464,3,24027593,0.99652357,0.00011469,0.0,2.072e-05,3.73e-06,0.99985932,1.52e-06,2e-08,32783,6,0.14596538,0.9978235
464,4,24027594,0.99682474,0.00013616,0.0,2.069e-05,5.15e-06,0.99983517,1.5e-06,1.32e-06,61643,6,0.05740556,0.9980228
464,5,24027595,0.9966524,0.00013359,0.0,2.083e-05,5.19e-06,0.99983885,1.51e-06,3e-08,33737,6,0.09786396,0.9960484
464,6,24027596,0.99680737,0.00013798,0.0,2.068e-05,4.93e-06,0.99983485,1.52e-06,4e-08,30105,6,0.05274193,0.9980225
464,7,24027597,0.99690122,0.00015612,0.0,2.074e-05,6.05e-06,0.99981549,1.51e-06,9e-08,65529,6,0.10803114,0.9980234
464,8,24027598,0.99687492,0.00016021,0.0,2.088e-05,6.51e-06,0.99671157,1.55e-06,0.00309928,61719,6,0.04235275,0.9979734
464,9,24027599,0.99688132,0.00015113,0.0,2.076e-05,6.38e-06,0.99982016,1.54e-06,4e-08,28543,6,0.05774959,0.9981732
464,10,24027600,0.99677849,0.00013428,0.0,2.086e-05,5.14e-06,0.99983795,1.53e-06,2.5e-07,36427,6,0.11416189,0.9978215
465,1,24027621,0.98082646,0.04349897,0.00718604,0.0,0.01038631,0.65792211,0.00156403,0.27944253,42892,6,0.09638259,6.3570324
465,2,24027622,0.98907216,0.0166664,0.0092992,0.0,0.00695494,0.77092749,0.001265,0.19488697,24093,6,0.21317398,6.3570824
465,3,24027623,0.98975398,0.01842612,0.00348456,0.0,0.01131247,0.5074192,0.00133222,0.45802543,44837,7,0.15101385,6.3570323
465,4,24027624,0.97679286,0.03731528,0.01971937,0.0,0.01001967,0.595447,0.00559168,0.331907,12077,7,0.09596983,6.3570323
465,5,24027625,0.98744584,0.02952356,0.0043018,0.0,0.00512387,0.60185122,0.00106813,0.35813142,44845,7,0.10950899,6.3571322
465,6,24027626,0.98409149,0.02999148,0.00815233,0.0,0.00862718,0.64455275,0.00251964,0.30615662,23309,6,0.14168248,6.3570823
465,7,24027627,0.97789996,0.0421547,0.0066569,0.0,0.01705071,0.64925187,0.00320444,0.28168138,48941,7,0.08879982,6.3571322
465,8,24027628,0.98424439,0.03194305,0.02550743,0.0,0.00993428,0.66774052,0.00181862,0.2630561,12077,7,0.12181169,6.3570323
465,9,24027629,0.981251,0.03511656,0.00708003,0.0,0.00926286,0.6941183,0.00222429,0.25219796,22165,6,0.16708866,6.3570324
465,10,24027630,0.98948236,0.01990125,0.00335762,0.0,0.00625836,0.66396479,0.0008029,0.30571509,44845,7,0.08315659,6.3571322
466,1,24027651,0.38441728,0.35207223,0.02332083,0.0,0.11294401,0.0,0.27536438,0.23629855,19079,7,0.14735521,0.9991495
466,2,24027652,0.34008039,0.3793361,0.02502767,0.0,0.12171741,0.0,0.29552951,0.17838931,19079,7,0.06376237,0.9991495
466,3,24027653,0.33721439,0.39204773,0.02572947,0.0,0.11834524,0.0,0.28996321,0.17391435,23175,7,0.0545498,0.9992244
466,4,24027654,0.31624204,0.39432125,0.02680662,0.0,0.12567716,0.0,0.30581713,0.14737783,19079,7,0.08594591,0.9991495
466,5,24027655,0.31818897,0.4029384,0.02696608,0.0,0.12834594,0.0,0.29357114,0.14817845,19087,7,0.04526853,0.9992493
466,6,24027656,0.3079752,0.40999891,0.02783962,0.0,0.1461403,0.0,0.28080344,0.13521773,19087,7,0.05667921,0.9992493
466,7,24027657,0.38567302,0.35636671,0.02344193,0.0,0.12077269,0.0,0.26444462,0.23497404,19079,7,0.07951293,0.9991495
466,8,24027658,0.36757956,0.36273213,0.02457157,0.0,0.11523747,0.0,0.28456237,0.21289646,19079,7,0.13565219,0.9991495
466,9,24027659,0.37558471,0.36939446,0.02523674,0.0,0.11911199,0.0,0.26758664,0.21867018,23175,7,0.08483007,0.9992244
466,10,24027660,0.39948775,0.35220359,0.02355331,0.0,0.11168924,0.0,0.25815817,0.25439569,19079,7,0.12124851,0.9991495
467,1,24027681,0.9977882,0.00018204,0.0,0.0,1.874e-05,0.35119036,0.0,0.64860886,44415,7,0.05691648,0.9987525
467,2,24027682,0.99760526,0.00034164,0.0,0.0,1.946e-05,0.27402095,0.0,0.72561795,36863,7,0.05300213,0.9987526
467,3,24027683,0.99780231,0.00018249,0.0,0.0,1.998e-05,0.25817378,0.0,0.74162374,52727,7,0.06693189,0.9987192
467,4,24027684,0.99745378,0.00051258,0.0,0.0,0.00014025,0.31323624,0.0,0.68611093,55167,7,0.04395175,0.9987526
467,5,24027685,0.99789096,0.00018501,0.0,0.0,1.841e-05,0.26714758,0.0,0.732649,51199,7,0.05013531,0.9987526
467,6,24027686,0.99772537,0.00026617,0.0,0.0,1.909e-05,0.30080722,0.0,0.69890752,34815,7,0.06847016,0.9987526
467,7,24027687,0.99758457,0.00034375,0.0,0.0,1.73e-05,0.39718383,0.0,0.60245512,3575,7,0.05727576,0.9987025
467,8,24027688,0.99758969,0.00042019,0.0,0.0,1.746e-05,0.38760541,0.0,0.61195694,4087,7,0.0382085,0.9987027
467,9,24027689,0.99779368,0.00024375,0.0,0.0,1.857e-05,0.34042363,0.0,0.65931406,32031,6,0.06602506,0.9987525
467,10,24027690,0.99781259,0.00018197,0.0,0.0,1.975e-05,0.3641406,0.0,0.63565768,62839,7,0.05453189,0.9987025
468,1,24027711,0.98690745,0.06226807,0.10890085,0.0,0.00444073,0.70961425,0.0,0.11477609,23332,6,0.14518037,9.2259772
468,2,24027712,0.9932155,0.02712432,0.00961683,0.0,0.00010685,0.96315176,0.0,2.4e-07,48219,6,0.29612179,9.2261021
468,3,24027713,0.98808524,0.06112034,0.08458148,0.0,0.00314281,0.85115186,0.0,3.5e-06,44571,6,0.20444988,9.2261021
468,4,24027714,0.98795433,0.05936627,0.10746246,0.0,0.00281566,0.73479719,0.0,0.09555842,19997,6,0.08762284,9.2260021
468,5,24027715,0.97042145,0.15815614,0.25661562,0.0,0.00522126,0.57613657,0.0,0.00387042,18074,6,0.10948083,9.2259022
468,6,24027716,0.98634762,0.06711282,0.11298514,0.0,0.00315323,0.61285845,0.0,0.20389035,20227,7,0.19312934,9.2259522
468,7,24027717,0.97822554,0.11549161,0.13666605,0.0,0.00132861,0.73879768,0.0,0.00771604,12036,6,0.0894669,9.2259022
468,8,24027718,0.99417429,0.02811329,0.04185441,0.0,0.0013005,0.90527151,0.0,0.02346029,48659,6,0.17020028,9.2260271
468,9,24027719,0.99167448,0.04031984,0.06680051,0.0,0.00277315,0.82670568,0.0,0.06340082,9877,6,0.12012107,9.2259522
468,10,24027720,0.99770232,0.00916996,0.01051823,0.0,3.406e-05,0.91841601,0.0,0.06186174,15901,6,0.15271714,9.2260521
469,1,24027741,0.99699418,0.00011413,0.0,1.887e-05,3.7e-06,0.99986159,1.55e-06,1.5e-07,34825,6,0.16414227,0.9980691
469,2,24027742,0.99700896,0.00012231,0.0,1.896e-05,4.51e-06,0.99985264,1.58e-06,1e-08,32783,6,0.12751146,0.9980697
469,3,24027743,0.99701484,0.00012983,0.0,1.909e-05,4.87e-06,0.99984457,1.58e-06,6e-08,39113,6,0.0999833,0.9980697
469,4,24027744,0.99698259,0.00011389,0.0,1.901e-05,3.57e-06,0.99986163,1.56e-06,3.4e-07,34379,6,0.14745039,0.9980693
469,5,24027745,0.99685698,0.00012098,0.0,1.914e-05,4.11e-06,0.99985357,1.58e-06,6.3e-07,33385,6,0.11411827,0.9973051
469,6,24027746,0.99706435,0.00010978,0.0,1.895e-05,4.12e-06,0.99986553,1.56e-06,6e-08,37071,6,0.13886403,0.998069
469,7,24027747,0.99699222,0.0001225,0.0,1.9e-05,4.74e-06,0.99985201,1.59e-06,1.5e-07,37003,6,0.11136797,0.9980691
469,8,24027748,0.99699727,0.00013211,0.0,1.903e-05,5.66e-06,0.99984156,1.56e-06,8e-08,35979,6,0.17054632,0.998069
469,9,24027749,0.99701184,0.00011275,0.0,1.909e-05,4.28e-06,0.99986225,1.56e-06,7e-08,63561,6,0.14015827,0.9982689
469,10,24027750,0.99693649,0.00012961,0.0,1.909e-05,4.62e-06,0.99984504,1.59e-06,5e-08,35403,6,0.0657697,0.9980684
470,1,24027771,0.92986731,0.07862033,0.00524959,0.0,0.08116356,0.0,0.04028278,0.79468374,24493,7,0.12254053,2.237877
470,2,24027772,0.95175364,0.05623952,0.00517426,0.0,0.05360059,0.0,0.02318256,0.86180306,20389,7,0.10630109,2.237727
470,3,24027773,0.92250639,0.09008265,0.00810399,0.0,0.08990283,0.0,0.03792679,0.77398374,16173,7,0.09816117,2.2381243
470,4,24027774,0.95079171,0.05552648,0.00492655,0.0,0.0538672,0.0,0.02564922,0.86003055,16141,7,0.27647373,2.2381243
470,5,24027775,0.95093265,0.05520463,0.00526422,0.0,0.04879054,0.0,0.03057877,0.86016184,49037,7,0.14625859,2.237927
470,6,24027776,0.97460853,0.03062029,0.00161035,0.0,0.03361929,0.0,0.01188331,0.92226676,48909,7,0.36015305,2.2381743
470,7,24027777,0.93688732,0.07276182,0.0057929,0.0,0.08357494,0.0,0.03007885,0.8077915,16173,7,0.1788088,2.2381243
470,8,24027778,0.96564642,0.04035814,0.00410861,0.0,0.04467313,0.0,0.01725373,0.89360639,44845,7,0.16279929,2.2381743
470,9,24027779,0.93250389,0.07280501,0.00505115,0.0,0.07971013,0.0,0.04079186,0.80164185,56877,7,0.19275226,2.2378268
470,10,24027780,0.93917287,0.07827876,0.00610027,0.0,0.08553784,0.0,0.02416164,0.80592149,16141,7,0.13026522,2.2381243
471,1,24027801,0.97449224,0.03313221,0.00518276,0.0,0.01361878,0.71632684,0.00417895,0.22756046,18309,6,0.13688735,5.2265752
471,2,24027802,0.9704448,0.04084223,0.00811304,0.0,0.01507501,0.66635408,0.00581588,0.26379976,18309,6,0.13154427,5.2265752
471,3,24027803,0.97667164,0.03518773,0.00383533,0.0,0.01264903,0.60032698,0.00188321,0.3461177,18307,6,0.19770276,5.2265752
471,4,24027804,0.96946421,0.03776431,0.0067604,0.0,0.01454969,0.3412709,0.00416744,0.59548725,19203,7,0.0983211,5.2265751
471,5,24027805,0.95756694,0.05769684,0.01128114,0.0,0.0209929,0.74838245,0.00652591,0.15512075,19242,6,0.14004476,5.2265252
471,6,24027806,0.96572671,0.05163586,0.01125108,0.0,0.01924166,0.57499745,0.00424958,0.33862438,18053,6,0.14298912,5.2255312
471,7,24027807,0.96783219,0.04666677,0.01041576,0.0,0.01801847,0.3588982,0.00390917,0.56209163,20234,7,0.11929732,5.2265252
471,8,24027808,0.97831405,0.03585082,0.00603444,0.0,0.01231613,0.43120659,0.00280941,0.51178262,19204,7,0.19538723,5.2265251
471,9,24027809,0.98806123,0.01727912,0.00205428,0.0,0.00465712,0.46922874,0.00197064,0.5048101,24365,6,0.11531012,5.226675
471,10,24027810,0.97318782,0.04093119,0.00779456,0.0,0.01792225,0.68404749,0.00306797,0.24623654,18052,6,0.15576125,5.2254814
472,1,24027831,0.99688214,0.00016134,0.0,2.227e-05,1.745e-05,0.37475784,0.0,0.62504109,62431,7,0.05786483,0.9981322
472,2,24027832,0.99687869,0.000152,0.0,2.215e-05,1.529e-05,0.36118522,0.0,0.63862534,11703,6,0.09688665,0.998082
472,3,24027833,0.99685501,0.0001431,0.0,2.238e-05,1.277e-05,0.57437343,0.0,0.42544831,49145,6,0.09263045,0.9979323
472,4,24027834,0.99693061,0.00015437,0.0,2.22e-05,1.67e-05,0.39445549,0.0,0.60535124,58605,6,0.08375715,0.997931
472,5,24027835,0.99688923,0.00015531,0.0,2.233e-05,1.565e-05,0.60298676,0.0,0.39681996,46583,7,0.06538442,0.998107
472,6,24027836,0.99696722,0.00015054,0.0,2.239e-05,1.607e-05,0.56225352,0.0,0.43755749,32607,7,0.07140427,0.998132
472,7,24027837,0.99687232,0.00015192,0.0,2.23e-05,1.563e-05,0.51003578,0.0,0.48977437,3583,7,0.06215154,0.998082
472,8,24027838,0.99698137,0.00016138,0.0,2.227e-05,1.78e-05,0.40987151,0.0,0.58992703,64951,6,0.05609835,0.9980572
472,9,24027839,0.99690662,0.00015264,0.0,2.232e-05,1.795e-05,0.47119772,0.0,0.52860937,33119,6,0.04346569,0.9981319
472,10,24027840,0.99679002,9.534e-05,0.0,2.221e-05,4.73e-06,0.99987168,0.0,6.04e-06,64953,6,0.18426942,0.9979323
473,1,24027861,0.99942951,0.00020711,3.89e-06,0.0,1.164e-05,0.99977715,0.0,2.1e-07,48213,6,0.31666625,8.8492247
473,2,24027862,0.99789963,0.00458634,0.00442382,0.0,0.00087761,0.98769522,0.0,0.002417,18075,6,0.5668174,8.8491997
473,3,24027863,0.99945411,0.00020292,3.81e-06,0.0,9.48e-06,0.99978362,0.0,1.7e-07,44363,6,0.20025402,8.8492996
473,4,24027864,0.99944355,0.00019433,3.66e-06,0.0,7.11e-06,0.99979472,0.0,1.8e-07,15683,6,0.64914741,8.8491997
473,5,24027865,0.99943908,0.00021962,4.09e-06,0.0,9.33e-06,0.99976675,0.0,2.1e-07,56642,6,0.26392697,8.8491997
473,6,24027866,0.99944415,0.00022096,1.774e-05,0.0,1.121e-05,0.94974002,0.0,0.05001007,56642,6,0.23326337,8.8491997
473,7,24027867,0.99942479,0.00020794,3.91e-06,0.0,9.87e-06,0.99977808,0.0,2e-07,19549,6,0.15803119,8.8491997
473,8,24027868,0.99938955,0.00020835,4.03e-06,0.0,9.81e-06,0.99977764,0.0,1.7e-07,17869,6,0.18612377,8.8491997
473,9,24027869,0.99624448,0.00904728,0.00221401,0.0,0.000601,0.81090734,0.0,0.17723037,54011,6,0.22714802,8.8492995
473,10,24027870,0.99750133,0.00716957,0.00315716,0.0,0.00154024,0.98506792,0.0,0.00306511,22173,6,0.15016861,8.8492497
474,1,24027891,0.2684897,0.07858597,0.00587322,0.14899539,0.03760804,0.18666843,0.52997624,0.01229272,22671,6,0.05350432,0.9981366
474,2,24027892,0.39021001,0.05882066,0.00438599,0.20509952,0.05152259,0.23488473,0.40203212,0.04325439,7761,2,0.05055217,0.4982706
474,3,24027893,0.2966744,0.06654255,0.0055382,0.10997162,0.02756225,0.18374943,0.55954055,0.0470954,8008,2,0.05996983,0.6651584
474,4,24027894,0.2283562,0.08793626,0.00606978,0.11198318,0.04623495,0.15211932,0.56130849,0.034348,18831,6,0.02992551,0.9973059
474,5,24027895,0.37034048,0.07163129,0.00389099,0.10629889,0.09683549,0.29065135,0.41063438,0.02005761,18567,6,0.15686873,0.9979869
474,6,24027896,0.36333483,0.06449167,0.00473824,0.12715784,0.03644815,0.29614542,0.47101858,1.2e-07,6095,6,0.09563387,0.9983362
474,7,24027897,0.30383264,0.0895683,0.00575828,0.19111562,0.03845043,0.18319001,0.47010064,0.02181673,6990,2,0.03316506,0.6651585
474,8,24027898,0.30116438,0.07630957,0.00582749,0.17598841,0.03822646,0.20116943,0.50175758,0.00072106,23368,2,0.10644406,0.6652248
474,9,24027899,0.35499258,0.06983771,0.00500285,0.18399541,0.03151087,0.22519258,0.46677711,0.01768346,23112,2,0.09845399,0.6646156
474,10,24027900,0.44833465,0.05367436,0.00446368,0.09858513,0.02684957,0.28915261,0.42355027,0.10372438,23175,7,0.08620664,0.9972809
475,1,24027921,0.99712933,0.0014314,0.0056482,0.0,0.00023558,0.10463932,0.0,0.8880455,36863,7,0.04964959,0.9992053
475,2,24027922,0.99639995,0.00173607,0.00685641,0.0,0.00025067,0.21316222,0.0,0.77799463,19959,7,0.03600153,0.9991553
475,3,24027923,0.99644002,0.00224735,0.00742787,0.0,0.00026134,0.15004083,0.0,0.8400226,3959,7,0.03992754,0.9991553
475,4,24027924,0.99679156,0.00190607,0.00451577,0.0,0.0001815,0.17221771,0.0,0.82117895,61431,7,0.05381269,0.999172
475,5,24027925,0.9971382,0.00125553,0.01208336,0.0,0.00012159,0.16102943,0.0,0.82551009,65023,7,0.05165313,0.9992053
475,6,24027926,0.99687518,0.00164026,0.00652411,0.0,0.00035978,0.1048039,0.0,0.88667195,23927,7,0.05498903,0.9991802
475,7,24027927,0.99659127,0.00149542,0.01536778,0.0,0.00026965,0.19378374,0.0,0.78908341,20479,7,0.05266541,0.9991554
475,8,24027928,0.99668495,0.00160297,0.00760307,0.0,0.00017797,0.18155221,0.0,0.80906377,51063,7,0.0761656,0.9990311
475,9,24027929,0.99659798,0.00168656,0.00431691,0.0,0.00023139,0.16260936,0.0,0.83115578,10239,7,0.04934751,0.9991553
475,10,24027930,0.99660204,0.0016706,0.00461507,0.0,0.00036411,0.16736586,0.0,0.82598435,57183,7,0.06477092,0.9992053
476,1,24027951,0.99576195,0.01151554,0.00229177,0.0,0.00072268,0.80633918,0.0,0.17913083,24082,6,0.12781439,9.1883945
476,2,24027952,0.99892208,0.00155436,8.081e-05,0.0,0.00053998,0.99782365,0.0,1.19e-06,48458,6,0.13796044,9.1884528
476,3,24027953,0.99899839,0.00068589,0.00011848,0.0,0.00080757,0.99838644,0.0,1.62e-06,17621,6,0.14741232,9.1883695
476,4,24027954,0.99140799,0.01659532,0.00627598,0.0,0.00343162,0.92582654,0.0,0.04787053,50635,6,0.22234011,9.1885194
476,5,24027955,0.99499186,0.01436839,0.00206579,0.0,0.00067224,0.97430399,0.0,0.00858959,23340,6,0.12267658,9.1884195
476,6,24027956,0.99283779,0.01416274,0.00103237,0.0,0.00566731,0.91477989,0.0,0.06435769,8380,6,0.18042273,9.1883194
476,7,24027957,0.99763288,0.00361095,0.00067763,0.0,0.0004169,0.77916299,0.0,0.21613153,23299,7,0.17679679,9.1884193
476,8,24027958,0.98241041,0.03652503,0.00240548,0.0,0.00057396,0.95965104,0.0,0.00084449,19995,6,0.18211288,9.1884195
476,9,24027959,0.9986549,0.00148476,0.00016583,0.0,0.00048208,0.99786684,0.0,4.9e-07,56650,6,0.40746232,9.1884528
476,10,24027960,0.99143262,0.02402141,0.0059752,0.0,0.00396073,0.93471405,0.0,0.03132861,22164,6,0.13702164,9.1883945
477,1,24027981,0.99657168,0.00013074,0.0,2.072e-05,4.46e-06,0.99984221,1.54e-06,3.5e-07,37273,6,0.16722245,0.9978149
477,2,24027982,0.99653838,0.00014615,0.0,2.081e-05,5.21e-06,0.99982627,1.55e-06,2e-08,28367,6,0.06527354,0.9977652
477,3,24027983,0.99645378,0.00013656,0.0,2.074e-05,5.01e-06,0.99983606,1.52e-06,1e-07,38175,6,0.07333995,0.9980149
477,4,24027984,0.99652358,0.00014505,0.0,2.079e-05,5.73e-06,0.99982681,1.53e-06,1e-07,39053,6,0.07992502,0.9976146
477,5,24027985,0.99649053,0.0001393,0.0,2.08e-05,5.4e-06,0.9998329,1.54e-06,6e-08,62605,6,0.07263149,0.9978143
477,6,24027986,0.99644142,0.00013012,0.0,2.08e-05,4.79e-06,0.9998427,1.51e-06,9e-08,34955,6,0.14192638,0.9976146
477,7,24027987,0.99659727,0.00013707,0.0,2.092e-05,5.53e-06,0.99983484,1.53e-06,1e-07,32911,6,0.0887813,0.9976146
477,8,24027988,0.99653824,0.00012246,0.0,2.09e-05,4.64e-06,0.9998504,1.55e-06,5e-08,34825,6,0.18414228,0.9976146
477,9,24027989,0.99653512,0.00012697,0.0,2.081e-05,5.31e-06,0.99984531,1.57e-06,3e-08,39053,6,0.09292711,0.9976146
477,10,24027990,0.99645434,0.00013481,0.0,2.073e-05,5.05e-06,0.99983771,1.54e-06,1.5e-07,25165,6,0.15071912,0.9977651
478,1,24028011,0.97262873,0.04023905,0.00694513,0.0,0.02213229,0.53391286,0.00436003,0.39241064,20117,6,0.10415879,5.6575506
478,2,24028012,0.97325228,0.04730158,0.00784787,0.0,0.02065928,0.59125224,0.00252145,0.33041759,44573,6,0.13350469,5.6586812
478,3,24028013,0.96863202,0.05709245,0.00704643,0.0,0.0232875,0.61287194,0.00355735,0.29614434,49069,7,0.11544117,5.6577506
478,4,24028014,0.97228717,0.04455001,0.00846419,0.0,0.02144543,0.60861269,0.00452852,0.31239916,23341,6,0.17184508,5.6586313
478,5,24028015,0.99239758,0.01343546,0.00175961,0.0,0.00547865,0.74525276,0.00183224,0.23224128,48669,6,0.12975187,5.6586812
478,6,24028016,0.9673454,0.0497352,0.00985882,0.0,0.02386294,0.53898406,0.0062764,0.37128258,16165,7,0.22689803,5.6585812
478,7,24028017,0.9734678,0.03090686,0.00323927,0.0,0.02325683,0.71217976,0.0049044,0.22551288,15109,6,0.17158936,5.6585812
478,8,24028018,0.97349139,0.03684446,0.00980243,0.0,0.01960657,0.49624366,0.00548557,0.43201731,24365,7,0.12385655,5.6586312
478,9,24028019,0.96646035,0.05642007,0.0071067,0.0,0.03007248,0.56309848,0.004271,0.33903126,52765,6,0.08082451,5.6586812
478,10,24028020,0.94782147,0.08141513,0.00702025,0.0,0.0501275,0.28534312,0.00940239,0.56669162,12069,7,0.10044048,5.6585312
479,1,24028041,0.95512318,0.03821673,0.00344755,0.0,0.01999001,0.0,0.01748024,0.92086547,20226,7,0.18890032,2.4732319
479,2,24028042,0.9388904,0.04945095,0.00402341,0.0,0.02975602,0.0,0.02326553,0.8935041,19971,7,0.09747866,2.4727879
479,3,24028043,0.95287212,0.03899268,0.00395709,0.0,0.0226454,0.0,0.01593971,0.91846511,20227,7,0.21685208,2.4732819
479,4,24028044,0.94253802,0.0500467,0.00361368,0.0,0.028222,0.0,0.01932623,0.89879138,24325,7,0.11064905,2.4733318
479,5,24028045,0.91114633,0.07002937,0.00495184,0.0,0.04395807,0.0,0.03621854,0.84484217,20228,7,0.13413819,2.4732319
479,6,24028046,0.92376825,0.06628784,0.00449953,0.0,0.03765349,0.0,0.02790818,0.86365095,19333,7,0.11787149,2.4729374
479,7,24028047,0.93172466,0.0580954,0.00462248,0.0,0.03380911,0.0,0.02383168,0.87964132,19211,7,0.24695637,2.4733318
479,8,24028048,0.88040008,0.10286548,0.0095604,0.0,0.06940732,0.0,0.03980064,0.77836616,20234,7,0.11252187,2.4732319
479,9,24028049,0.91928825,0.06608649,0.00551678,0.0,0.03857994,0.0,0.03020567,0.85961112,19213,7,0.13831793,2.4733318
479,10,24028050,0.93580454,0.05925867,0.00417913,0.0,0.03691018,0.0,0.01996582,0.8796862,18946,7,0.08093754,2.4727379
480,1,24028071,0.99693337,0.00014485,0.0,2.216e-05,1.368e-05,0.48562918,0.0,0.51419013,60457,6,0.07332793,0.998047
480,2,24028072,0.997175,0.00015816,0.0,2.232e-05,1.783e-05,0.33469818,0.0,0.66510351,28367,7,0.04128678,0.9979973
480,3,24028073,0.99700993,0.00014601,0.0,2.224e-05,1.388e-05,0.50874063,0.0,0.49107724,63897,6,0.07800905,0.9980474
480,4,24028074,0.99714613,0.00014038,0.0,2.213e-05,1.424e-05,0.57125225,0.0,0.428571,64793,6,0.08819954,0.9980469
480,5,24028075,0.99717209,0.00015539,0.0,2.208e-05,1.837e-05,0.26971013,0.0,0.73009403,59263,7,0.05823443,0.9982473
480,6,24028076,0.99700014,0.00010959,0.0,2.234e-05,8.13e-06,0.82574158,0.0,0.17411835,38745,6,0.15777258,0.9980472
480,7,24028077,0.99710961,0.00015467,0.0,2.223e-05,1.763e-05,0.43887672,0.0,0.56092875,32639,7,0.05624607,0.9982473
480,8,24028078,0.99701111,0.0001436,0.0,2.225e-05,1.562e-05,0.36139773,0.0,0.6384208,60697,6,0.10102901,0.9978468
480,9,24028079,0.99721527,0.00015374,0.0,2.227e-05,1.95e-05,0.27345004,0.0,0.72635444,38263,7,0.11975658,0.9981972
480,10,24028080,0.99682373,0.000138,0.0,2.23e-05,1.419e-05,0.50728028,0.0,0.49254523,34239,6,0.08674412,0.9982473
481,1,24028101,0.99680299,0.01420031,0.03542196,0.0,0.00135328,0.91639951,0.0,0.03262493,48661,6,0.1635653,10.8332944
481,2,24028102,0.9758823,0.14193435,0.35117191,0.0,0.00203833,0.43559179,0.0,0.06926361,18786,4,0.32240114,10.8331695
481,3,24028103,0.9863533,0.07537483,0.17847393,0.0,0.00484278,0.74130695,0.0,1.51e-06,44803,6,0.14211508,10.8332694
481,4,24028104,0.98112976,0.10415242,0.2451125,0.0,0.00503345,0.6152076,0.0,0.03049403,21243,6,0.213575,10.8333192
481,5,24028105,0.9851523,0.08235772,0.19543972,0.0,0.00411632,0.69479684,0.0,0.02328941,55178,6,0.09675183,10.8333028
481,6,24028106,0.977065,0.12311162,0.32720553,0.0,0.00561846,0.53977921,0.0,0.00428518,53499,6,0.23875849,10.8333694
481,7,24028107,0.99300858,0.03665521,0.08189368,0.0,0.00182348,0.76709495,0.0,0.11253268,51083,6,0.13129672,10.8333694
481,8,24028108,0.98496627,0.08652699,0.21189708,0.0,0.0028495,0.50572858,0.0,0.19299786,43259,4,0.13588413,10.8314054
481,9,24028109,0.95171631,0.27565602,0.71176812,0.0,0.01257148,4.25e-06,0.0,1.3e-07,47867,4,0.64486178,10.8314051
481,10,24028110,0.95969391,0.23171355,0.58631944,0.0,0.00883536,0.13409246,0.0,0.03903918,47355,4,0.55148146,10.8314055
482,1,24028131,0.32530105,0.06789193,0.00608816,0.2673384,0.01533034,0.23727973,0.40396781,0.00210363,6984,2,0.05339331,0.6636721
482,2,24028132,0.42231242,0.06483837,0.00374161,0.23359609,0.01709429,0.34446101,0.32837777,0.00789086,34893,6,0.04757456,0.9981065
482,3,24028133,0.439766,0.08369705,0.00582964,0.1870027,0.01784407,0.38710759,0.31851865,3e-07,6990,2,0.06060883,0.6637387
482,4,24028134,0.47688393,0.06159389,0.00513101,0.18230187,0.02313339,0.4207551,0.30708455,1.9e-07,22663,6,0.10196326,0.9966421
482,5,24028135,0.33661351,0.08099257,0.00408889,0.17207432,0.02731948,0.30169524,0.41217379,0.00165572,18567,6,0.08654425,0.9965673
482,6,24028136,0.39417791,0.07222772,0.00414179,0.09912291,0.02272979,0.3955555,0.4060178,0.00020449,35849,6,0.04078387,0.9981071
482,7,24028137,0.32375125,0.07707865,0.00514503,0.17225153,0.02841665,0.32073242,0.39637482,9e-07,36937,6,0.06161124,0.9981077
482,8,24028138,0.39248936,0.06146049,0.00417223,0.21207799,0.02457933,0.32794605,0.36976387,4e-08,33359,6,0.03441099,0.9981078
482,9,24028139,0.32554434,0.06946623,0.00545132,0.12936777,0.02759007,0.29972314,0.46009165,0.00830983,8479,6,0.06524637,0.9939856
482,10,24028140,0.37226855,0.0643261,0.00450748,0.17793357,0.02363681,0.32754555,0.40179351,0.00025698,18567,6,0.06650377,0.9965673
483,1,24028161,0.9976243,0.00424611,0.0106619,0.0,0.00129811,0.0,0.0,0.98379388,38783,7,0.0431234,0.9998535
483,2,24028162,0.99746306,0.00471771,0.01482565,0.0,0.00134965,0.0,0.0,0.97910699,61247,7,0.04191831,0.9997803
483,3,24028163,0.9959579,0.00817308,0.01851184,0.0,0.00168565,0.0,0.0,0.97162943,65407,7,0.05605739,0.9998535
483,4,24028164,0.99651807,0.00670938,0.01482603,0.0,0.00209862,0.0,0.0,0.97636597,19839,7,0.04256912,0.9998035
483,5,24028165,0.99696291,0.00580686,0.01045054,0.0,0.00093274,0.0,0.0,0.98280987,38911,7,0.03998373,0.9998535
483,6,24028166,0.99749602,0.00482795,0.01027146,0.0,0.00111649,0.0,0.0,0.9837841,8127,7,0.04534874,0.9997303
483,7,24028167,0.99746633,0.0045974,0.01453847,0.0,0.00144625,0.0,0.0,0.97941788,32735,7,0.03955953,0.9998535
483,8,24028168,0.99696557,0.00555926,0.01406935,0.0,0.00140509,0.0,0.0,0.9789663,28503,7,0.05977781,0.9998035
483,9,24028169,0.99758087,0.00458768,0.01281456,0.0,0.00079535,0.0,0.0,0.9818024,3583,7,0.04093173,0.9998035
483,10,24028170,0.99740126,0.00539025,0.01397409,0.0,0.00074181,0.0,0.0,0.97989386,47103,7,0.03733356,0.9998535
484,1,24028191,0.96836018,0.05920089,0.01310686,0.0,0.01806135,0.6533525,0.00084614,0.25543226,56067,6,0.13502958,8.0326566
484,2,24028192,0.98314915,0.03094322,0.00522757,0.0,0.00731725,0.61074116,0.00032162,0.34544918,19235,6,0.30591313,8.0325818
484,3,24028193,0.97598203,0.03973732,0.00986228,0.0,0.01075361,0.5752796,0.0016656,0.3627016,24356,6,0.09330123,8.0326066
484,4,24028194,0.96957559,0.05469989,0.01677639,0.0,0.01578536,0.73489366,0.00391608,0.17392861,23332,6,0.16069121,8.0326068
484,5,24028195,0.97695479,0.04247431,0.00809539,0.0,0.01250825,0.75093519,0.00143194,0.18455491,52994,6,0.07946831,8.0325985
484,6,24028196,0.97339195,0.05050359,0.01336427,0.0,0.01827303,0.75259049,0.0011231,0.16414552,18308,6,0.3326462,8.0325318
484,7,24028197,0.99131206,0.01461363,0.00297757,0.0,0.00316986,0.50927529,0.00123711,0.46872653,23299,7,0.24710664,8.0326316
484,8,24028198,0.96009656,0.06799015,0.01824963,0.0,0.02027796,0.66817905,0.00229216,0.22301105,22404,6,0.08788082,8.0326068
484,9,24028199,0.95266499,0.08395356,0.03058854,0.0,0.03092281,0.73827385,0.00281788,0.11344335,53027,6,0.06507253,8.0326316
484,10,24028200,0.97262588,0.0501003,0.01710009,0.0,0.01343013,0.67303885,0.0017176,0.24461303,18307,6,0.0941303,8.0325818
485,1,24028221,0.99607512,0.00013143,0.0,2.232e-05,1.145e-05,0.65520305,0.0,0.34463175,35161,6,0.18999906,0.9972866
485,2,24028222,0.9962628,0.00014381,0.0,2.235e-05,1.468e-05,0.54715482,0.0,0.45266434,31577,6,0.08152846,0.997488
485,3,24028223,0.99627276,0.00014451,0.0,2.229e-05,1.301e-05,0.62314421,0.0,0.37667598,64655,6,0.06479473,0.9974883
485,4,24028224,0.99637997,0.00014185,0.0,2.227e-05,1.216e-05,0.78217872,0.0,0.217645,21945,6,0.12761625,0.9974875
485,5,24028225,0.99603135,0.0001022,0.0,2.229e-05,5.73e-06,0.88655486,0.0,0.11331491,34537,6,0.20294947,0.9972876
485,6,24028226,0.99623649,0.00014809,0.0,2.24e-05,1.482e-05,0.49854291,0.0,0.50127179,35021,6,0.05874184,0.9972874
485,7,24028227,0.99595321,8.611e-05,0.0,2.229e-05,3.89e-06,0.98310096,0.0,0.01678674,44537,6,0.62512549,0.9972884
485,8,24028228,0.99604223,9.962e-05,0.0,2.217e-05,4.74e-06,0.98085602,0.0,0.01901745,39321,6,0.20908688,0.9974885
485,9,24028229,0.99633958,0.00015149,0.0,2.229e-05,1.605e-05,0.5042752,0.0,0.49553498,27787,6,0.07484465,0.9974377
485,10,24028230,0.99636187,0.00014436,0.0,2.231e-05,1.48e-05,0.5004619,0.0,0.49935663,58057,6,0.15784405,0.997488
486,1,24028251,0.99118012,0.01342067,0.00172882,0.0,0.00693831,0.90670134,0.0,0.07121086,20667,6,0.11369957,9.2929197
486,2,24028252,0.99924653,0.00064429,0.00016773,0.0,1.207e-05,0.99917563,0.0,2.8e-07,44364,6,0.14122646,9.2928699
486,3,24028253,0.99116765,0.01723197,0.00212962,0.0,0.00454843,0.68499245,0.0,0.29109752,13771,6,0.11170448,9.2929199
486,4,24028254,0.99025926,0.01397053,0.00233342,0.0,0.00776142,0.72788558,0.0,0.24804906,52997,7,0.12790117,9.2928699
486,5,24028255,0.9882031,0.02484824,0.00105285,0.0,0.00297475,0.97111746,0.0,6.7e-06,42442,6,0.20395462,9.2928699
486,6,24028256,0.99851197,0.00092605,0.00018329,0.0,0.00078225,0.99810815,0.0,2.7e-07,15690,6,0.27525316,9.2928699
486,7,24028257,0.99899697,0.00094828,0.00024195,0.0,5.79e-05,0.99875175,0.0,1.3e-07,56651,6,0.4162526,9.2929699
486,8,24028258,0.99415032,0.00630337,0.00341282,0.0,0.00456625,0.90498267,0.0,0.0807349,53499,6,0.42109575,9.2929699
486,9,24028259,0.99673219,0.00437415,0.00049698,0.0,0.00147557,0.95164783,0.0,0.04200547,11588,6,0.30511719,9.29277
486,10,24028260,0.9962757,0.00692281,0.00063352,0.0,0.004511,0.98399398,0.0,0.00393868,48458,6,0.33641231,9.2929032
487,1,24028281,0.10700115,0.09972213,0.0066782,0.0,0.05658879,0.0,0.74350536,0.09350553,24199,7,0.03041743,0.9978255
487,2,24028282,0.011372,0.09337275,0.00581801,0.0,0.06322248,0.0,0.83546056,0.0021262,4099,3,0.01454748,-0.0002256
487,3,24028283,0.02461321,0.10860577,0.00622739,0.0,0.07945498,0.0,0.79441277,0.01129909,74,3,0.02215215,-0.0002506
487,4,24028284,0.0325087,0.09567831,0.00658227,0.0,0.051963,0.0,0.82279628,0.02298014,19079,7,0.02298005,0.9982001
487,5,24028285,0.03385398,0.10116414,0.00705244,0.0,0.07470029,0.0,0.79707303,0.0200101,263,3,0.02221405,-0.0002505
487,6,24028286,0.07399484,0.1036589,0.00710399,0.0,0.06025804,0.0,0.76641926,0.06255981,19087,7,0.03894693,0.9982998
487,7,24028287,0.02799015,0.09334668,0.00687012,0.0,0.05602043,0.0,0.82504257,0.01872019,65,3,0.01600926,-0.0002506
487,8,24028288,0.03951063,0.10738716,0.00704807,0.0,0.06154032,0.0,0.80125996,0.02276449,85,3,0.02179609,-0.0002506
487,9,24028289,0.04949435,0.09976695,0.00561389,0.0,0.06284759,0.0,0.79439184,0.03737972,19087,7,0.02805795,0.9982998
487,10,24028290,0.03082351,0.10502743,0.00745166,0.0,0.06386078,0.0,0.80668044,0.01697969,78,3,0.01470142,-0.0002506
488,1,24028311,0.99627138,0.0010386,0.00501841,0.0,9.158e-05,0.14474753,0.0,0.84910387,8159,7,0.05872533,0.9986032
488,2,24028312,0.99554389,0.00108138,0.00745929,0.0,0.00013054,0.17304014,0.0,0.81828865,38399,7,0.0437591,0.9986032
488,3,24028313,0.99566661,0.00127155,0.0178136,0.0,0.0002145,0.16298978,0.0,0.81771057,12279,7,0.05105959,0.9985534
488,4,24028314,0.99516436,0.00181943,0.01279612,0.0,5.947e-05,0.17411236,0.0,0.81121262,60799,7,0.04637167,0.9986032
488,5,24028315,0.9962201,0.00107105,0.00680451,0.0,0.00010001,0.11747085,0.0,0.87455358,5503,7,0.05015408,0.9984832
488,6,24028316,0.99509817,0.00183723,0.01466885,0.0,0.00020268,0.09691927,0.0,0.88637197,19959,7,0.03950156,0.9985532
488,7,24028317,0.99594209,0.00097288,0.01138227,0.0,0.00013067,0.12372129,0.0,0.86379289,47103,7,0.05188711,0.9986034
488,8,24028318,0.99645785,0.00107518,0.00835571,0.0,5.371e-05,0.1607519,0.0,0.8297635,22519,7,0.09623815,0.9985783
488,9,24028319,0.99648311,0.00095266,0.01142686,0.0,2.808e-05,0.12517808,0.0,0.86241432,62847,7,0.08603813,0.9986032
488,10,24028320,0.99632587,0.00087884,0.00535031,0.0,0.00015444,0.18892864,0.0,0.80468776,30591,7,0.07111558,0.9986034
489,1,24028341,0.9952637,0.01889478,0.00338391,0.0,1.397e-05,0.91996794,0.0,0.0577394,22403,6,0.18963057,12.0583654
489,2,24028342,0.98530977,0.05176823,0.03182637,0.0,0.00132753,0.91448672,0.0,0.00059115,10114,6,0.39643504,12.0582655
489,3,24028343,0.98064132,0.0783353,0.0352694,0.0,0.00129976,0.87299394,0.0,0.0121016,8380,6,0.32458059,12.0582652
489,4,24028344,0.99943418,0.0002987,2.567e-05,0.0,1.563e-05,0.99965495,0.0,5.04e-06,24084,6,0.13125751,12.0583404
489,5,24028345,0.99944445,0.00021124,3.81e-06,0.0,1.126e-05,0.99977347,0.0,2.1e-07,48451,6,0.36434448,12.0583904
489,6,24028346,0.9932812,0.02306117,0.00980879,0.0,0.00069536,0.9167225,0.0,0.04971217,48669,6,0.11721583,12.0584653
489,7,24028347,0.98510926,0.05922814,0.02637121,0.0,0.00119505,0.91040099,0.0,0.00280461,8892,6,0.23921397,12.0582655
489,8,24028348,0.99711229,0.0090483,0.00537642,0.0,0.00152838,0.93263081,0.0,0.05141609,8444,6,0.30993076,12.0582655
489,9,24028349,0.99943953,0.00020413,3.65e-06,0.0,1.034e-05,0.99978167,0.0,2.2e-07,54485,6,0.20663609,12.0583904
489,10,24028350,0.99944988,0.00020083,3.57e-06,0.0,9.71e-06,0.99978564,0.0,2.6e-07,23874,6,0.23303651,12.0583404
490,1,24028371,0.99610553,0.00013076,0.0,2.107e-05,4.92e-06,0.99984163,1.57e-06,5e-08,33359,6,0.19010265,0.9973702
490,2,24028372,0.99604062,0.00011226,0.0,2.092e-05,4.32e-06,0.99986092,1.55e-06,3e-08,38025,6,0.16834241,0.9973682
490,3,24028373,0.66245825,8.107e-05,0.0,0.99990286,2.68e-06,1.181e-05,1.57e-06,1e-08,37930,2,0.18192272,0.6643032
490,4,24028374,0.99609359,0.00010325,0.0,2.085e-05,3.5e-06,0.99987079,1.57e-06,3e-08,36873,6,0.13914218,0.9973702
490,5,24028375,0.99567705,9.727e-05,0.0,2.08e-05,3.04e-06,0.99987707,1.57e-06,2.5e-07,35401,6,0.12761497,0.9973693
490,6,24028376,0.99606009,0.0001194,0.0,2.096e-05,5.53e-06,0.99985251,1.56e-06,5e-08,32911,6,0.1841435,0.9973693
490,7,24028377,0.99600535,0.0001124,0.0,2.093e-05,4.19e-06,0.99986081,1.55e-06,1.1e-07,35407,6,0.15142379,0.9973695
490,8,24028378,0.99609022,0.00011006,0.0,2.091e-05,4.45e-06,0.99986297,1.55e-06,6e-08,37071,6,0.17725806,0.9973691
490,9,24028379,0.99604452,0.00011574,0.0,2.074e-05,4.3e-06,0.9998576,1.57e-06,5e-08,37577,6,0.10823932,0.9973693
490,10,24028380,0.99616494,0.00011957,0.0,2.096e-05,4.63e-06,0.99985306,1.55e-06,2.5e-07,33481,6,0.1566275,0.9973693
491,1,24028401,0.92396229,0.09555372,0.01223238,0.0,0.06093827,0.0,0.02552095,0.80575467,49069,7,0.20677408,4.4943859
491,2,24028402,0.92716773,0.0816267,0.01079558,0.0,0.06273113,0.0,0.0239718,0.82087479,57261,7,0.16755506,4.4943859
491,3,24028403,0.93343201,0.08166734,0.01394072,0.0,0.06502482,0.0,0.02033122,0.8190359,44973,7,0.09481685,4.4943859
491,4,24028404,0.93341642,0.07820527,0.01433381,0.0,0.04623144,0.0,0.02368404,0.83754544,56877,7,0.11663372,4.4942854
491,5,24028405,0.93602151,0.07701194,0.01029903,0.0,0.05077964,0.0,0.02340368,0.8385057,49069,7,0.224324,4.4943859
491,6,24028406,0.94216546,0.06724684,0.01135488,0.0,0.04458072,0.0,0.01956682,0.85725074,49037,7,0.16174008,4.4943861
491,7,24028407,0.91519298,0.10291292,0.01404267,0.0,0.0667219,0.0,0.02674088,0.78958163,53037,7,0.1108488,4.495084
491,8,24028408,0.9418716,0.06948559,0.00912696,0.0,0.05386805,0.0,0.0164281,0.85109129,57253,7,0.13318527,4.4942859
491,9,24028409,0.9487541,0.06442555,0.00570776,0.0,0.04012964,0.0,0.01578135,0.8739557,16133,7,0.15634709,4.4949842
491,10,24028410,0.92860168,0.08997665,0.0091129,0.0,0.05840316,0.0,0.02422573,0.81828157,48941,7,0.3142567,4.4950841
492,1,24028431,0.92514146,0.08440866,0.02215383,0.0,0.04199935,0.0,0.01745136,0.8339868,23299,7,0.17940014,5.5770708
492,2,24028432,0.872734,0.1354499,0.03057229,0.0,0.0769251,0.0,0.02924779,0.72780492,24322,7,0.10780281,5.577046
492,3,24028433,0.91446675,0.09975534,0.0233941,0.0,0.0494526,0.0,0.01807417,0.80932379,19204,7,0.08855216,5.5769709
492,4,24028434,0.93185488,0.08893358,0.02119853,0.0,0.03717952,0.0,0.01199675,0.84069162,23298,7,0.10679258,5.5770458
492,5,24028435,0.90263181,0.12504183,0.02904879,0.0,0.0528374,0.0,0.01739885,0.77567314,24323,7,0.10726497,5.5770709
492,6,24028436,0.86645218,0.14358657,0.04158028,0.0,0.08153834,0.0,0.03320619,0.70008861,23308,7,0.0843396,5.5770708
492,7,24028437,0.89327035,0.12513828,0.05170517,0.0,0.06121383,0.0,0.02523428,0.73670844,19972,7,0.08817378,5.5758572
492,8,24028438,0.91633575,0.08816041,0.01846167,0.0,0.04690282,0.0,0.02101717,0.82545794,19331,7,0.07455426,5.5760561
492,9,24028439,0.91671839,0.09618033,0.01961622,0.0,0.05981519,0.0,0.0161115,0.80827676,19210,7,0.14729385,5.5769709
492,10,24028440,0.89878814,0.1157736,0.0280047,0.0,0.06542529,0.0,0.02225819,0.76853821,20234,7,0.13897435,5.576971
493,1,24028461,0.99624797,0.00014457,0.0,2.232e-05,1.583e-05,0.47554087,0.0,0.52427641,3447,7,0.04934175,0.9974845
493,2,24028462,0.99610511,0.00014757,0.0,2.24e-05,1.708e-05,0.23272396,0.0,0.76708899,34687,7,0.10047509,0.997535
493,3,24028463,0.99618707,0.00014247,0.0,2.234e-05,1.565e-05,0.43626453,0.0,0.563555,14335,7,0.0704949,0.997535
493,4,24028464,0.99621626,0.00013939,0.0,2.227e-05,1.496e-05,0.55820763,0.0,0.44161575,64831,6,0.16173236,0.997535
493,5,24028465,0.99624419,0.00015081,0.0,2.227e-05,1.758e-05,0.29727653,0.0,0.70253281,58879,7,0.08044786,0.9975347
493,6,24028466,0.99604967,0.00014797,0.0,2.228e-05,1.689e-05,0.36521405,0.0,0.6345988,32767,7,0.07557341,0.997535
493,7,24028467,0.99600927,0.00014606,0.0,2.223e-05,1.714e-05,0.36473998,0.0,0.63507459,28159,7,0.06421371,0.9974848
493,8,24028468,0.99621516,0.00014843,0.0,2.237e-05,1.729e-05,0.41870177,0.0,0.58111013,30111,6,0.0710628,0.9975347
493,9,24028469,0.99590848,0.0001364,0.0,2.231e-05,1.41e-05,0.46158883,0.0,0.53823836,37577,6,0.11730346,0.9971342
493,10,24028470,0.99591678,9.702e-05,0.0,2.237e-05,4.54e-06,0.99987233,0.0,3.75e-06,48505,6,0.32974715,0.9973339
494,1,24028491,0.99725803,0.00913969,0.00243015,0.0,0.00073471,0.97089857,0.0,0.01679689,46987,6,0.35172964,13.0243876
494,2,24028492,0.99943717,0.00021924,3.82e-06,0.0,1.149e-05,0.9997652,0.0,2.5e-07,17858,6,0.24499243,13.0241877
494,3,24028493,0.99942496,0.00019564,3.71e-06,0.0,8.09e-06,0.99979241,0.0,1.6e-07,54491,6,0.41346413,13.0243876
494,4,24028494,0.99804713,0.00540322,0.00317232,0.0,0.00072723,0.95003517,0.0,0.04066206,54939,6,0.14692636,13.0243876
494,5,24028495,0.99730264,0.00857046,0.00168404,0.0,0.00051065,0.82850788,0.0,0.16072697,22172,6,0.13442656,13.0242877
494,6,24028496,0.99324684,0.02797527,0.00988368,0.0,0.00012232,0.7799303,0.0,0.18208844,24357,7,0.17648708,13.0242874
494,7,24028497,0.99873299,0.00470432,3.5e-06,0.0,8.79e-06,0.99528312,0.0,2.7e-07,13764,6,0.31088372,13.0242627
494,8,24028498,0.99943125,0.00020392,3.67e-06,0.0,1.076e-05,0.99978144,0.0,2e-07,11594,6,0.42887461,13.0241877
494,9,24028499,0.9910026,0.03096733,0.02155748,0.0,0.00028423,0.87442153,0.0,0.07276943,19989,6,0.20379999,13.0242377
494,10,24028500,0.99943728,0.00020988,4.09e-06,0.0,1.496e-05,0.99977086,0.0,2.1e-07,15682,6,0.18556211,13.0242627
495,1,24028521,0.21910713,0.07052549,0.0038053,0.25149794,0.01395304,0.12793668,0.53227909,2.47e-06,23112,2,0.08288149,0.6629514
495,2,24028522,0.23421634,0.04668658,0.0037252,0.16794689,0.02072505,0.18934127,0.56043548,0.01113953,18575,6,0.10025059,0.9968384
495,3,24028523,0.40834113,0.04363055,0.00286095,0.31564985,0.01676264,0.26641732,0.35157647,0.00310221,23695,6,0.23914972,0.996888
495,4,24028524,0.31792897,0.04144331,0.00383596,0.12339468,0.01511378,0.27121958,0.51827241,0.02672029,19599,6,0.1099265,0.9968381
495,5,24028525,0.20916109,0.06032766,0.0037938,0.20098699,0.02767511,0.12336592,0.56253915,0.02131136,23374,2,0.04567663,0.6640428
495,6,24028526,0.22732929,0.05764066,0.00361113,0.16845884,0.02396951,0.18331272,0.5630071,4e-08,18567,6,0.07764943,0.9967386
495,7,24028527,0.12595719,0.05554438,0.00400943,0.22237468,0.02032495,0.08266574,0.61404133,0.00103949,4428,3,0.05787803,-0.0011735
495,8,24028528,0.32537341,0.07119384,0.00260757,0.19070659,0.03517312,0.26268763,0.43763118,6e-08,22727,6,0.12743243,0.9968132
495,9,24028529,0.25948616,0.04473465,0.0034978,0.2069837,0.02319535,0.15715051,0.52025775,0.04418024,19599,6,0.08124237,0.9968381
495,10,24028530,0.2301861,0.04789581,0.00320986,0.18969887,0.02404697,0.17381484,0.56133183,1.83e-06,23239,6,0.05550181,0.9968138
496,1,24028551,0.9951752,0.00269693,0.01155394,0.0,0.00032194,0.00786249,0.0,0.97756471,57207,7,0.05463981,0.9992204
496,2,24028552,0.99560273,0.00274459,0.01017812,0.0,0.00027101,0.04569167,0.0,0.9411146,56823,7,0.05090859,0.9992203
496,3,24028553,0.99543814,0.00252547,0.0089069,0.0,0.00033792,0.0124975,0.0,0.9757322,21879,7,0.06457713,0.9991098
496,4,24028554,0.99569378,0.00249311,0.01152428,0.0,0.00025234,0.00771671,0.0,0.97801356,59383,7,0.09123972,0.999212
496,5,24028555,0.99412274,0.00354232,0.01875147,0.0,0.00050912,0.02352686,0.0,0.95367022,22391,7,0.04518932,0.9991099
496,6,24028556,0.99670143,0.0015858,0.00633626,0.0,0.00029323,0.02926256,0.0,0.96252215,32255,7,0.06410309,0.9992453
496,7,24028557,0.99699775,0.0013312,0.01011256,0.0,0.00020371,0.01220885,0.0,0.97614367,30711,7,0.04961375,0.9992204
496,8,24028558,0.99496396,0.00314362,0.0158403,0.0,0.00026628,0.01038839,0.0,0.97036141,28663,7,0.08529087,0.9991954
496,9,24028559,0.99480925,0.00355394,0.01800527,0.0,0.00035832,0.01736002,0.0,0.96072246,16375,7,0.07533064,0.9992204
496,10,24028560,0.99339531,0.00409844,0.0177762,0.0,0.00067545,0.01907592,0.0,0.95837399,6135,7,0.05138612,0.9992204
497,1,24028581,0.98342974,0.02755156,0.00568626,0.0,0.00764585,0.85862002,0.0,0.10049632,19987,6,0.14514297,12.3213938
497,2,24028582,0.99480543,0.00766112,0.00072879,0.0,0.0024964,0.9805582,0.0,0.00855549,21955,6,0.44242047,12.3214438
497,3,24028583,0.99941648,0.00020442,1.051e-05,0.0,8.6e-06,0.99977626,0.0,2.1e-07,23877,6,0.20459235,12.3214438
497,4,24028584,0.9753996,0.04780987,0.00294822,0.0,0.00654156,0.91442757,0.0,0.02827278,15453,6,0.19082367,12.3214937
497,5,24028585,0.99044365,0.01272682,0.00276449,0.0,0.00657976,0.97516709,0.0,0.00276185,56402,6,0.22131654,12.3214438
497,6,24028586,0.98092482,0.04745668,0.00344366,0.0,0.00428665,0.89560916,0.0,0.04920385,8956,6,0.1557123,12.3213436
497,7,24028587,0.9994286,0.00021736,7.42e-06,0.0,1.009e-05,0.99976485,0.0,2.9e-07,52314,6,0.35425714,12.3214438
497,8,24028588,0.98877843,0.0215152,0.00233252,0.0,0.00358,0.94237197,0.0,0.03020032,11586,6,0.17165689,12.3213438
497,9,24028589,0.98129304,0.03024874,0.0022253,0.0,0.00993506,0.76465952,0.0,0.19293137,8949,6,0.17584389,12.3213936
497,10,24028590,0.99427271,0.00853254,0.00313469,0.0,0.00417003,0.87239591,0.0,0.11176683,8373,6,0.15552071,12.3213936
498,1,24028611,0.99516183,0.00011109,0.0,2.076e-05,4.09e-06,0.99986248,1.52e-06,7e-08,33175,6,0.08256487,0.9965053
498,2,24028612,0.99496412,9.74e-05,0.0,2.066e-05,2.91e-06,0.99987748,1.53e-06,3e-08,36941,6,0.23038692,0.9966063
498,3,24028613,0.99521955,0.00012273,0.0,2.087e-05,4.45e-06,0.99985038,1.52e-06,5e-08,32909,6,0.20088895,0.9966054
498,4,24028614,0.99530129,0.00013989,0.0,2.085e-05,5.37e-06,0.99983227,1.52e-06,9e-08,6103,6,0.11709993,0.996981
498,5,24028615,0.99504378,0.00013053,0.0,2.086e-05,4.68e-06,0.99984236,1.54e-06,4e-08,58601,6,0.08014355,0.9968055
498,6,24028616,0.99492799,0.0001263,0.0,2.072e-05,4.54e-06,0.99984669,1.55e-06,1.8e-07,36077,6,0.14837407,0.9966045
498,7,24028617,0.99486061,9.616e-05,0.0,2.066e-05,3.41e-06,0.99987819,1.53e-06,5e-08,34953,6,0.12627269,0.9966066
498,8,24028618,0.99500478,0.00010962,0.0,2.082e-05,3.93e-06,0.99986408,1.53e-06,3e-08,36585,6,0.20397845,0.9966066
498,9,24028619,0.99508401,0.00011701,0.0,2.075e-05,3.65e-06,0.99985707,1.51e-06,1e-08,33899,6,0.11702437,0.9966057
498,10,24028620,0.99495915,0.00011523,0.0,2.069e-05,4.16e-06,0.99985832,1.56e-06,4e-08,33353,6,0.20380262,0.9966066
499,1,24028641,0.97843577,0.03614763,0.00752965,0.0,0.01268675,0.63560549,0.00203288,0.30599759,56861,6,0.35562941,9.9494456
499,2,24028642,0.98173139,0.02816038,0.00398629,0.0,0.00934328,0.48896171,0.00237965,0.46716869,48909,7,0.41913615,9.9494456
499,3,24028643,0.98296901,0.02459693,0.00778876,0.0,0.01804715,0.48535659,0.00136809,0.46284248,44813,7,0.14757732,9.9494456
499,4,24028644,0.98106699,0.03222233,0.00644936,0.0,0.012071,0.55162479,0.00230628,0.39532623,16141,7,0.19846329,9.9493956
499,5,24028645,0.97247439,0.04185871,0.00591058,0.0,0.0177613,0.65345204,0.00604852,0.27496886,44805,7,0.11161699,9.9493456
499,6,24028646,0.98651719,0.01667249,0.00779488,0.0,0.00608038,0.70622581,0.00321264,0.26001381,52765,6,0.14085783,9.9494456
499,7,24028647,0.95167407,0.07601344,0.02002373,0.0,0.03285665,0.54277683,0.008289,0.32004035,57133,7,0.1124773,9.9494454
499,8,24028648,0.97377766,0.04120091,0.00942668,0.0,0.01932398,0.51647848,0.00311651,0.41045345,16141,7,0.29749482,9.9493956
499,9,24028649,0.99470932,0.01001865,0.00360146,0.0,0.00268585,0.8643743,0.0003041,0.11901564,24093,6,0.60204259,9.9493956
499,10,24028650,0.98803503,0.01959434,0.0052869,0.0,0.00850619,0.49619871,0.00088607,0.46952779,48909,7,0.12918835,9.9494456
500,1,24028671,0.87892542,0.0687737,0.00371717,0.0,0.03175853,0.0,0.07111583,0.82463476,19202,7,0.13603191,1.4765602
500,2,24028672,0.89567427,0.06414832,0.00336536,0.0,0.03813334,0.0,0.05430385,0.84004914,18947,7,0.26419459,1.4763152
500,3,24028673,0.93082229,0.03651393,0.00199356,0.0,0.02013632,0.0,0.03927171,0.90208449,18955,7,0.20950452,1.476415
500,4,24028674,0.9030056,0.05892405,0.00293517,0.0,0.03324314,0.0,0.05195735,0.85294028,19211,7,0.18092403,1.4766601
500,5,24028675,0.97439298,0.01538117,0.00093329,0.0,0.00687039,0.0,0.01403704,0.96277812,19211,7,0.17622134,1.4766601
500,6,24028676,0.91206498,0.04832553,0.00240545,0.0,0.02635601,0.0,0.04956352,0.8733495,18955,7,0.22313105,1.476415
500,7,24028677,0.92181526,0.0433576,0.00292377,0.0,0.01918751,0.0,0.04459463,0.88993648,19210,7,0.17824346,1.4765602
500,8,24028678,0.89653844,0.05349842,0.00295888,0.0,0.02355674,0.0,0.06228214,0.85770382,19212,7,0.20201762,1.4765602
500,9,24028679,0.86713393,0.07147429,0.00392801,0.0,0.03741586,0.0,0.07808429,0.80909756,20235,7,0.06917093,1.4766602
500,10,24028680,0.91050918,0.05436824,0.00369758,0.0,0.03336402,0.0,0.04578449,0.86278568,23298,7,0.09914335,1.4766351
501,1,24028701,0.99625804,0.00015181,0.0,1.246e-05,1.635e-05,0.21176287,0.0,0.7880565,28671,7,0.07343532,0.9975405
501,2,24028702,0.99621697,0.00015189,0.0,1.239e-05,1.715e-05,0.24491806,0.0,0.75490051,62975,7,0.08003619,0.9975902
501,3,24028703,0.99632319,0.00015357,0.0,1.241e-05,1.707e-05,0.2227613,0.0,0.77705564,42871,7,0.08183779,0.9972144
501,4,24028704,0.9963814,0.00014869,0.0,1.253e-05,1.589e-05,0.23781343,0.0,0.76200945,16215,7,0.10254302,0.9975652
501,5,24028705,0.99617847,0.00015081,0.0,1.251e-05,1.684e-05,0.21549198,0.0,0.78432787,3583,7,0.07401958,0.9975402
501,6,24028706,0.99631254,0.00015683,0.0,1.247e-05,1.703e-05,0.33802824,0.0,0.66178544,59351,6,0.12367043,0.9975567
501,7,24028707,0.99626915,0.00015018,0.0,1.244e-05,1.57e-05,0.29324056,0.0,0.70658111,64831,6,0.09231261,0.9975904
501,8,24028708,0.99624653,0.0001522,0.0,1.25e-05,1.65e-05,0.31981847,0.0,0.68000033,55263,7,0.07989374,0.9975902
501,9,24028709,0.99605885,0.00015039,0.0,1.255e-05,1.507e-05,0.31015835,0.0,0.68966364,65367,7,0.06101976,0.9975652
501,10,24028710,0.99616373,0.0001508,0.0,1.246e-05,1.621e-05,0.27550979,0.0,0.72431074,30007,6,0.06681426,0.9974405
502,1,24028731,0.99879253,0.00453513,0.0089079,0.0,1.376e-05,0.98654225,0.0,9.6e-07,18077,6,0.21927284,17.0705209
502,2,24028732,0.97659566,0.12584445,0.3150911,0.0,0.00671519,0.53217518,0.0,0.02017408,19244,6,0.11373555,17.070421
502,3,24028733,0.97904433,0.11523567,0.28443738,0.0,0.00443061,0.52981065,0.0,0.0660857,57122,6,0.14416648,17.0705206
502,4,24028734,0.99944501,0.00027973,2.184e-05,0.0,1.417e-05,0.99967577,0.0,8.49e-06,55178,6,0.16806164,17.0705542
502,5,24028735,0.99944617,0.00022329,4.2e-06,0.0,9.93e-06,0.99976206,0.0,5.2e-07,13972,6,0.48927092,17.0704959
502,6,24028736,0.99579503,0.02159678,0.05245835,0.0,0.00048158,0.78321503,0.0,0.14224826,18315,6,0.12788187,17.0705209
502,7,24028737,0.97949526,0.1031468,0.30259217,0.0,0.0062243,0.55884773,0.0,0.02918901,22628,4,0.23105611,17.0671109
502,8,24028738,0.96781696,0.17235612,0.45242858,0.0,0.00804735,0.32143427,0.0,0.04573368,8866,4,0.27893893,17.0670117
502,9,24028739,0.98436961,0.07991578,0.2466292,0.0,0.00475316,0.57513293,0.0,0.09356894,48658,6,0.21463831,17.0705209
502,10,24028740,0.99922662,0.00125133,0.00341687,0.0,2.008e-05,0.90970586,0.0,0.08560587,56858,6,0.14052505,17.0705542
503,1,24028761,0.99541732,9.753e-05,0.0,1.902e-05,4.14e-06,0.99987758,1.58e-06,1.5e-07,32783,6,0.2094619,0.996908
503,2,24028762,0.99534779,0.00010313,0.0,1.899e-05,3.9e-06,0.99987227,1.58e-06,1.3e-07,37005,6,0.34771964,0.996907
503,3,24028763,0.99529818,0.00010734,0.0,1.899e-05,3.64e-06,0.99986808,1.58e-06,3.9e-07,39631,6,0.12246281,0.9969082
503,4,24028764,0.99510002,9.74e-05,0.0,1.896e-05,3e-06,0.99987904,1.58e-06,3e-08,39947,6,0.14515215,0.9969067
503,5,24028765,0.66245588,9.094e-05,0.0,0.99989242,3.3e-06,1.178e-05,1.54e-06,1e-08,28750,2,0.55706938,0.6639632
503,6,24028766,0.99540893,9.182e-05,0.0,1.895e-05,3.23e-06,0.99988441,1.57e-06,2e-08,40521,6,0.21166164,0.9969068
503,7,24028767,0.99496579,0.00011403,0.0,1.915e-05,5.01e-06,0.99986016,1.59e-06,6e-08,38603,6,0.15076343,0.996904
503,8,24028768,0.99539069,9.745e-05,0.0,1.895e-05,4.03e-06,0.99987794,1.6e-06,3e-08,33487,6,0.2100951,0.996907
503,9,24028769,0.99536574,0.00011174,0.0,1.913e-05,4.1e-06,0.99986342,1.57e-06,4e-08,34953,6,0.13560587,0.996908
503,10,24028770,0.66205436,7.857e-05,0.0,0.99990543,2.66e-06,1.178e-05,1.55e-06,1e-08,36872,2,0.60913788,0.6638413
504,1,24028791,0.9432013,0.04995488,0.00376474,0.0,0.05078152,0.0,0.03358502,0.86191384,16173,7,0.21144133,2.4987623
504,2,24028792,0.96552061,0.03120402,0.00220985,0.0,0.03009496,0.0,0.02160987,0.9148813,44845,7,0.21175141,2.4988122
504,3,24028793,0.92803357,0.07072157,0.00434039,0.0,0.09235413,0.0,0.03920165,0.79338227,44933,7,0.12365042,2.4983796
504,4,24028794,0.95677951,0.04125739,0.00255752,0.0,0.04441088,0.0,0.02421777,0.88755644,53029,7,0.13916976,2.4987123
504,5,24028795,0.97893551,0.01947699,0.00095762,0.0,0.02327925,0.0,0.01105319,0.94523294,48941,7,0.26557833,2.4988122
504,6,24028796,0.91422504,0.06683269,0.00385893,0.0,0.07810417,0.0,0.06319356,0.78801065,12205,7,0.11690592,2.4983629
504,7,24028797,0.97195008,0.02500661,0.00136704,0.0,0.02526611,0.0,0.01652542,0.93183482,48941,7,0.48568704,2.4988122
504,8,24028798,0.95837441,0.03927472,0.00219827,0.0,0.05109488,0.0,0.02288404,0.88454809,44973,7,0.19010996,2.4985128
504,9,24028799,0.94845003,0.04292643,0.00333763,0.0,0.04816277,0.0,0.03702641,0.86854676,16301,7,0.31511168,2.4984629
504,10,24028800,0.91173496,0.06928007,0.00334177,0.0,0.07375619,0.0,0.06627879,0.78734318,48941,7,0.13227221,2.4988122
505,1,24028821,0.96152303,0.05355079,0.00963558,0.0,0.02079107,0.63427886,0.00527995,0.27646376,19204,7,0.13652539,11.4793952
505,2,24028822,0.97445632,0.03798794,0.00822938,0.0,0.01238259,0.38491363,0.0050945,0.55139196,23298,7,0.19001942,11.4794701
505,3,24028823,0.97394425,0.04032809,0.00578449,0.0,0.01276892,0.37310684,0.00548581,0.56252586,24323,7,0.18166194,11.4794954
505,4,24028824,0.96060746,0.05798522,0.00823737,0.0,0.01959421,0.73207529,0.00609245,0.17601546,52994,6,0.14520308,11.479462
505,5,24028825,0.97020335,0.04570741,0.00908229,0.0,0.01800125,0.53609168,0.00587394,0.38524343,19204,7,0.11434468,11.4793952
505,6,24028826,0.93753237,0.08250759,0.01799973,0.0,0.0322597,0.47923045,0.0103437,0.37765883,19204,7,0.08453319,11.4793952
505,7,24028827,0.96901911,0.03946936,0.00837559,0.0,0.01620817,0.59947566,0.00478219,0.33168904,24354,6,0.09398056,11.4794702
505,8,24028828,0.98310715,0.02038353,0.00966638,0.0,0.00739749,0.45097083,0.00397252,0.50760925,19210,7,0.23146663,11.4793952
505,9,24028829,0.97457605,0.03273981,0.00868689,0.0,0.01531117,0.67054981,0.00439034,0.26832198,19204,7,0.10067521,11.4793952
505,10,24028830,0.97562871,0.03542917,0.0088072,0.0,0.01102616,0.67501743,0.00405177,0.26566827,24323,7,0.12246967,11.4794954
506,1,24028851,0.99414151,0.00013843,0.0,2.233e-05,1.677e-05,0.40288666,0.0,0.59693581,64927,6,0.0789797,0.9960708
506,2,24028852,0.99413507,0.00013361,0.0,2.235e-05,1.506e-05,0.47180171,0.0,0.52802727,59083,6,0.06704097,0.9958678
506,3,24028853,0.99413405,0.00013187,0.0,2.231e-05,1.497e-05,0.58824042,0.0,0.41159043,19903,6,0.18214658,0.9960209
506,4,24028854,0.99408001,0.00013346,0.0,2.229e-05,1.579e-05,0.44370526,0.0,0.5561232,52663,6,0.11192414,0.9960375
506,5,24028855,0.99410953,0.00013476,0.0,2.223e-05,1.553e-05,0.53658336,0.0,0.46324412,11647,7,0.10361833,0.9960205
506,6,24028856,0.9941996,0.00013601,0.0,2.244e-05,1.594e-05,0.3716934,0.0,0.62813221,23927,7,0.11279882,0.9960457
506,7,24028857,0.9937842,9.039e-05,0.0,2.231e-05,4.35e-06,0.99987967,0.0,3.27e-06,63897,6,0.3790534,0.9958714
506,8,24028858,0.99400535,0.00013172,0.0,2.218e-05,1.516e-05,0.442037,0.0,0.55779394,62903,6,0.1175867,0.995996
506,9,24028859,0.99420121,0.00013396,0.0,2.221e-05,1.584e-05,0.31545464,0.0,0.68437336,36343,7,0.08513981,0.9960376
506,10,24028860,0.99410197,0.00013973,0.0,2.219e-05,1.694e-05,0.16755309,0.0,0.83226806,65399,7,0.09600909,0.9960462
507,1,24028881,0.99943706,0.00020387,1.019e-05,0.0,9.84e-06,0.99977586,0.0,2.5e-07,54730,6,0.34265526,18.0921183
507,2,24028882,0.99943977,0.00019081,9.47e-06,0.0,8.4e-06,0.99979108,0.0,2.4e-07,46530,6,0.31390082,18.092085
507,3,24028883,0.99942443,0.00020375,7.31e-06,0.0,9.84e-06,0.99977888,0.0,2.2e-07,46530,6,0.43014621,18.092085
507,4,24028884,0.9952011,0.01418964,0.00069397,0.0,0.00019124,0.82172874,0.0,0.16319641,53036,6,0.10633859,18.0920846
507,5,24028885,0.97655388,0.05252455,0.00177422,0.0,0.00355406,0.94214041,0.0,6.76e-06,13763,6,0.19425825,18.092085
507,6,24028886,0.99864199,0.00232175,5.679e-05,0.0,0.00053787,0.99708334,0.0,2.4e-07,44365,6,0.28794751,18.0921849
507,7,24028887,0.99036931,0.02502669,0.00384565,0.0,0.00143458,0.96969259,0.0,5e-07,15685,6,0.64824537,18.092085
507,8,24028888,0.99304148,0.01189035,0.0014247,0.0,0.00214815,0.90417264,0.0,0.08036416,21243,6,0.39210537,18.0921346
507,9,24028889,0.9994319,0.00021165,7.72e-06,0.0,9.61e-06,0.99977072,0.0,3.1e-07,42436,6,0.43642202,18.0920517
507,10,24028890,0.98528789,0.02540592,0.00470787,0.0,0.00603098,0.93123256,0.0,0.03262267,15690,6,0.17074914,18.092085
508,1,24028911,-0.0118215,0.03178397,0.00228096,0.00791514,0.02114957,0.0,0.9368703,5e-08,4424,3,0.06292885,-0.0010973
508,2,24028912,-0.00255285,0.04666113,0.00253802,0.01244612,0.03025368,0.0,0.89411527,0.01398579,281,3,0.05235119,-0.0010805
508,3,24028913,-0.01630175,0.04664381,0.00303573,0.00745941,0.03651581,0.0,0.90634518,6e-08,345,3,0.04402028,-0.0010806
508,4,24028914,-0.01538536,0.05073068,0.00307693,0.01440407,0.04164078,0.0,0.89014749,5e-08,4354,3,0.05457439,-0.0011055
508,5,24028915,-0.01258049,0.03306426,0.00245476,0.00405888,0.02129967,0.0,0.93912239,4e-08,329,3,0.03801605,-0.0010807
508,6,24028916,-0.00868337,0.03853412,0.00238501,0.00545856,0.03495688,0.0,0.91510963,0.0035558,4119,3,0.04962953,-0.0011055
508,7,24028917,-0.01411938,0.04128365,0.00221409,0.00263293,0.04454519,0.0,0.90932407,7e-08,258,3,0.03932704,-0.0011304
508,8,24028918,-0.01786256,0.05024714,0.00332213,0.02060285,0.03023817,0.0,0.89395517,0.00163453,329,3,0.0433886,-0.0010807
508,9,24028919,-0.01990036,0.05141901,0.00279168,0.02064992,0.04188639,0.0,0.88325295,4e-08,4353,3,0.05273707,-0.0011055
508,10,24028920,-0.01715537,0.0555472,0.00349396,0.00575017,0.02653851,0.0,0.90867009,7e-08,4417,3,0.02841396,-0.0011056
509,1,24028941,0.99480299,0.00067338,0.00937026,0.0,6.603e-05,0.22402548,0.0,0.76586485,54655,7,0.07099705,0.9978692
509,2,24028942,0.99472982,0.00085465,0.00232556,0.0,1.933e-05,0.120058,0.0,0.87674247,49151,7,0.10706761,0.9978695
509,3,24028943,0.99580495,0.00057617,0.00175284,0.0,5.806e-05,0.11690425,0.0,0.88070869,61439,7,0.07739488,0.9978695
509,4,24028944,0.99386891,0.00094013,0.00202168,0.0,0.00013316,0.12944296,0.0,0.86746208,60735,6,0.07289819,0.9978695
509,5,24028945,0.99516458,0.00088576,0.00694005,0.0,4.765e-05,0.09140273,0.0,0.90072381,22399,7,0.09506273,0.9978694
509,6,24028946,0.9950191,0.00075718,0.00687895,0.0,0.00012057,0.04339906,0.0,0.94884424,20343,7,0.09898182,0.9978194
509,7,24028947,0.99568144,0.00047395,0.00639608,0.0,7.672e-05,0.09334952,0.0,0.89970373,46583,7,0.08500637,0.9978443
509,8,24028948,0.99532356,0.0007491,0.00150345,0.0,7.079e-05,0.23676034,0.0,0.76091632,40447,7,0.15104401,0.9978693
509,9,24028949,0.99375496,0.00162308,0.00417153,0.0,4.08e-05,0.05819124,0.0,0.93597335,61279,7,0.06204479,0.9978693
509,10,24028950,0.99408717,0.0008802,0.00461216,0.0,0.00012443,0.11439413,0.0,0.87998908,23935,7,0.08949307,0.9978693
510,1,24028971,0.99940955,0.00029912,7.796e-05,0.0,1.663e-05,0.99960301,0.0,3.29e-06,50627,6,0.29692706,23.6055048
510,2,24028972,0.99206055,0.02196971,0.01228067,0.0,0.00475426,0.51210426,0.0,0.44889111,24324,7,0.17141993,23.6054798
510,3,24028973,0.99912838,0.00105927,3.962e-05,0.0,8.72e-06,0.99889221,0.0,1.8e-07,44355,6,0.5145136,23.6055048
510,4,24028974,0.99948427,0.00015415,4.748e-05,0.0,6.5e-06,0.99979174,0.0,1.3e-07,8437,6,0.54568944,23.6054548
510,5,24028975,0.99927174,0.00099515,0.00182982,0.0,3.419e-05,0.96182188,0.0,0.03531895,52309,6,0.4782478,23.6055048
510,6,24028976,0.99856576,0.00345278,0.00016252,0.0,4.014e-05,0.98164429,0.0,0.01470027,17867,6,0.22938515,23.6055048
510,7,24028977,0.99943845,0.00018603,3.81e-06,0.0,8.69e-06,0.99980133,0.0,1.4e-07,13771,6,0.33967726,23.6055548
510,8,24028978,0.99853941,0.00321169,0.00078738,0.0,0.00018719,0.99581352,0.0,2.2e-07,48210,6,0.16392181,23.6055048
510,9,24028979,0.99943884,0.0001939,3.74e-06,0.0,9.05e-06,0.9997931,0.0,2e-07,19787,6,0.20496059,23.6055048
510,10,24028980,0.9990608,0.00073063,0.00019376,0.0,0.00039797,0.92774977,0.0,0.07092787,48212,6,0.29315659,23.6055048
511,1,24029001,0.99170356,9.827e-05,0.0,2.091e-05,3.22e-06,0.99987596,1.55e-06,8e-08,40525,6,0.25867902,0.9944576
511,2,24029002,0.99169586,9.191e-05,0.0,2.078e-05,3.77e-06,0.99988195,1.54e-06,6e-08,32911,6,0.25359579,0.9944612
511,3,24029003,0.99176393,9.136e-05,0.0,2.065e-05,3.29e-06,0.99988312,1.56e-06,2e-08,38923,6,0.27708913,0.9944612
511,4,24029004,0.99182196,9.564e-05,0.0,2.074e-05,2.86e-06,0.99987917,1.54e-06,6e-08,38509,6,0.19742854,0.9944622
511,5,24029005,0.99183133,9.995e-05,0.0,2.085e-05,3.19e-06,0.99987445,1.54e-06,2e-08,36461,6,0.3501633,0.9944581
511,6,24029006,0.99192602,0.00011279,0.0,2.1e-05,4.29e-06,0.9998603,1.56e-06,5e-08,38989,6,0.13238711,0.9944586
511,7,24029007,0.65854706,8.198e-05,0.0,0.99990144,3.16e-06,1.186e-05,1.54e-06,1e-08,61454,2,0.47723966,0.6615298
511,8,24029008,0.99148921,8.109e-05,0.0,2.081e-05,3.46e-06,0.99989301,1.56e-06,7e-08,37067,6,0.27466208,0.9944607
511,9,24029009,0.99188927,9.992e-05,0.0,2.076e-05,3.57e-06,0.99987418,1.53e-06,4e-08,34953,6,0.22243355,0.9944633
511,10,24029010,0.99200436,0.00011097,0.0,2.084e-05,3.96e-06,0.99986256,1.55e-06,1.1e-07,33801,6,0.15729998,0.9944627
